Ticker,Nombre,Mercado,Rules_Version,Model_Version,Config_Version,Evaluation_Timestamp,Score,Score_Cuantitativo,Score_Fundamental,Score_Valoracion,Score_Causal,Score_Recuperacion,Score_Tecnico,Score_Tecnico_Base,Score_Tecnico_Bonus,Vol_Medio_Diario,Net_Debt_EBITDA,Variacion_Deuda_Trimestral_%,Variacion_Margen_pp,EV_EBITDA,Caida_Max_Multianual_%,MACD_Semanal,MACD_Semanal_Giro,Estocastico_K,Estocastico_D,Estocastico_Giro,MA40_Semanal,Dist_MA40_Semanal_%,Base_Pattern_Detected,Trendline_Break,Paso_Filtro,hard_rules_applied,Capa1_Status,Base_Classification,Causal_Classification,Causal_Confidence,Problem_Type,Causal_Justification,Recovery_Status,Recovery_Signals,Technical_Status,Final_Classification,Entry_Zone_Min,Entry_Zone_Max,Entry_Zone,Exit_Zone_Min,Exit_Zone_Max,Exit_Zone,Invalidation_Conditions,Estimated_Horizon_Months,Short_Explanation,Summary_Explanation,Estado,Error
RI.PA,PERNOD RICARD,EUROSTOXX,1.0,script-v2.0,1.0,2026-09-07T13:19:44.398915+02:00,82.8,83.7,80.0,87.0,0.0,7.0,80.0,57.0,23.0,696532.0,3.91,0.7,,9.97,51.5,-1.2464,False,9.6,5.5,True,66.77,-8.8,True,False,True,,pass,seguimiento,pendiente,0.0,desconocido,Pendiente de implementar,parcial,"eps_stabilization (media): EPS 6.45 vs 5.83 (annual_eps_fallback) | dividend_maintained (baja): Dividendo actual 7.72% con caída del 36.8% | analyst_upgrade (media): Target 81.71 vs precio 60.92 (+34%), recMean 2.50, recKey buy",fuerte,seguimiento,60.14,60.92,60.14 - 60.92,67.21,81.92,67.21 - 81.92,Pérdida del soporte en 60.14 | ROE negativo durante 2 trimestres consecutivos | Ampliación de capital dilutiva | Recorte de rating a bono basura,12-18,"PERNOD RICARD está un 36.8% por debajo de su máximo 52s. Fundamentalmente sólida con ROE 7.6%, deuda neta/EBITDA 3.9x. Técnicamente 🔵 RSI en sobreventa, 🟢 Bajo SMA200 con SMA50 girando. Clasificación: seguimiento.","PERNOD RICARD está un 36.8% por debajo de su máximo 52s. Fundamentalmente sólida con ROE 7.6%, deuda neta/EBITDA 3.9x. Técnicamente 🔵 RSI en sobreventa, 🟢 Bajo SMA200 con SMA50 girando. Clasificación: seguimiento.",OK,
0700.HK,TENCENT,ASIA,1.0,script-v2.0,1.0,2026-09-07T13:21:17.133340+02:00,82.2,86.6,93.0,81.0,0.0,7.0,69.0,57.0,12.0,29275897.0,0.04,14.4,-0.7,13.75,35.1,-17.2984,False,18.5,17.4,False,498.49,-12.1,True,False,True,,pass,seguimiento,pendiente,0.0,desconocido,Pendiente de implementar,parcial,"margin_stabilization (media): Margen gross 57.8% vs 56.9% (+0.9 pp) | dividend_maintained (baja): Dividendo actual 1.21% con caída del 35.8% | analyst_upgrade (media): Target 665.62 vs precio 438.40 (+52%), recMean 1.34, recKey strong_buy",razonable,seguimiento,416.48,438.4,416.48 - 438.40,511.92,580.55,511.92 - 580.55,Pérdida del soporte en 416.48 | ROE negativo durante 2 trimestres consecutivos | Ampliación de capital dilutiva | Recorte de rating a bono basura,12-18,"TENCENT está un 35.8% por debajo de su máximo 52s. Fundamentalmente sólida con ROE 19.9%, deuda neta/EBITDA 0.0x. Técnicamente 🔵 RSI recuperándose de sobreventa, 🟡 MACD convergiendo. Clasificación: seguimiento.","TENCENT está un 35.8% por debajo de su máximo 52s. Fundamentalmente sólida con ROE 19.9%, deuda neta/EBITDA 0.0x. Técnicamente 🔵 RSI recuperándose de sobreventa, 🟡 MACD convergiendo. Clasificación: seguimiento.",OK,
AD.AS,KONINKLIJKE AHOLD DELHAIZE N.V.,EUROSTOXX,1.0,script-v2.0,1.0,2026-09-07T13:19:52.867434+02:00,79.3,76.1,83.0,70.0,0.0,7.0,89.0,77.0,12.0,2617057.0,2.98,256.9,-0.0,8.11,23.9,-1.3705,False,67.2,63.8,False,35.58,-11.8,True,False,True,,pass,seguimiento,pendiente,0.0,desconocido,Pendiente de implementar,parcial,"margin_stabilization (media): Margen gross 26.4% vs 26.8% (-0.4 pp) | dividend_maintained (baja): Dividendo actual 3.95% con caída del 26.2% | analyst_upgrade (media): Target 38.58 vs precio 31.38 (+23%), recMean 2.47, recKey buy",fuerte,seguimiento,30.96,31.38,30.96 - 31.38,35.56,36.16,35.56 - 36.16,Pérdida del soporte en 30.96 | ROE negativo durante 2 trimestres consecutivos | Ampliación de capital dilutiva | Recorte de rating a bono basura,12-18,"KONINKLIJKE AHOLD DELHAIZE N.V. está un 26.2% por debajo de su máximo 52s. Fundamentalmente sólida con ROE 15.7%, deuda neta/EBITDA 3.0x. Técnicamente 🔵 RSI recuperándose de sobreventa, 🟢 Divergencia alcista RSI. Clasificación: seguimiento.","KONINKLIJKE AHOLD DELHAIZE N.V. está un 26.2% por debajo de su máximo 52s. Fundamentalmente sólida con ROE 15.7%, deuda neta/EBITDA 3.0x. Técnicamente 🔵 RSI recuperándose de sobreventa, 🟢 Divergencia alcista RSI. Clasificación: seguimiento.",OK,
FMG.AX,FORTESCUE FPO [FMG],ASX,1.0,script-v2.0,1.0,2026-09-07T13:20:54.423770+02:00,77.5,74.7,96.0,56.0,0.0,1.0,86.0,59.0,27.0,6491683.0,0.1,9.0,,6.59,21.1,-0.6135,True,91.6,57.0,False,19.51,-8.9,True,False,True,Sin señales de recuperación,pass,seguimiento,pendiente,0.0,desconocido,Pendiente de implementar,ausente,dividend_maintained (baja): Dividendo actual 6.08% con caída del 24.0%,fuerte,seguimiento,16.88,17.77,16.88 - 17.77,19.63,19.87,19.63 - 19.87,Pérdida del soporte en 16.88 | ROE negativo durante 2 trimestres consecutivos | Ampliación de capital dilutiva | Recorte de rating a bono basura,6-12,"FORTESCUE FPO [FMG] está un 24.0% por debajo de su máximo 52s. Fundamentalmente sólida con ROE 14.2%, deuda neta/EBITDA 0.1x. Técnicamente 🟢 Divergencia alcista RSI, 🟢 Cruce alcista MACD. Clasificación: seguimiento.","FORTESCUE FPO [FMG] está un 24.0% por debajo de su máximo 52s. Fundamentalmente sólida con ROE 14.2%, deuda neta/EBITDA 0.1x. Técnicamente 🟢 Divergencia alcista RSI, 🟢 Cruce alcista MACD. Clasificación: seguimiento.",OK,
LOW,"Lowe's Companies, Inc.",SP500,1.0,script-v2.0,1.0,2026-09-07T13:20:21.711755+02:00,77.2,79.3,74.0,84.0,0.0,15.0,71.0,59.0,12.0,3049495.0,3.05,-1.2,-0.1,12.06,29.5,-7.4859,False,19.3,10.3,False,234.55,-12.8,True,False,True,,pass,entrada_directa,pendiente,0.0,desconocido,Pendiente de implementar,confirmada,"margin_stabilization (media): Margen gross 33.0% vs 32.7% (+0.4 pp) | eps_stabilization (media): EPS 4.27 vs 2.90 (Diluted EPS) | debt_reduction (alta): Deuda 42031.0M vs 42540.0M | dividend_maintained (baja): Dividendo actual 2.45% con caída del 30.2% | analyst_upgrade (media): Target 253.76 vs precio 204.45 (+24%), recMean 1.80, recKey buy",fuerte,entrada_directa,194.23,204.45,194.23 - 204.45,234.14,249.1,234.14 - 249.10,Pérdida del soporte en 194.23 | ROE negativo durante 2 trimestres consecutivos | Ampliación de capital dilutiva | Recorte de rating a bono basura,12-18,"Lowe's Companies, Inc. está un 30.2% por debajo de su máximo 52s. Fundamentalmente sólida con deuda neta/EBITDA 3.0x, dividendo 2.5%. Técnicamente 🔵 RSI recuperándose de sobreventa, 🟢 Divergencia alcista RSI. Clasificación: entrada_directa.","Lowe's Companies, Inc. está un 30.2% por debajo de su máximo 52s. Fundamentalmente sólida con deuda neta/EBITDA 3.0x, dividendo 2.5%. Técnicamente 🔵 RSI recuperándose de sobreventa, 🟢 Divergencia alcista RSI. Clasificación: entrada_directa.",OK,
MC.PA,LVMH,EUROSTOXX,1.0,script-v2.0,1.0,2026-09-07T13:19:42.736796+02:00,76.0,78.7,100.0,60.0,0.0,4.0,68.0,50.0,18.0,530018.0,1.24,1.1,,11.87,41.5,-17.6637,False,13.3,13.2,True,503.84,-14.9,True,False,True,Sin señales de recuperación,pass,seguimiento,pendiente,0.0,desconocido,Pendiente de implementar,ausente,"dividend_maintained (baja): Dividendo actual 3.03% con caída del 34.5% | analyst_upgrade (media): Target 566.00 vs precio 428.75 (+32%), recMean 1.88, recKey buy",razonable,seguimiento,407.31,428.75,407.31 - 428.75,510.62,556.5,510.62 - 556.50,Pérdida del soporte en 407.31 | ROE negativo durante 2 trimestres consecutivos | Ampliación de capital dilutiva | Recorte de rating a bono basura,12-18,"LVMH está un 34.5% por debajo de su máximo 52s. Fundamentalmente sólida con ROE 16.6%, deuda neta/EBITDA 1.2x. Técnicamente 🔵 RSI en sobreventa, 🟢 Divergencia alcista RSI. Clasificación: seguimiento.","LVMH está un 34.5% por debajo de su máximo 52s. Fundamentalmente sólida con ROE 16.6%, deuda neta/EBITDA 1.2x. Técnicamente 🔵 RSI en sobreventa, 🟢 Divergencia alcista RSI. Clasificación: seguimiento.",OK,
DG.PA,VINCI,EUROSTOXX,1.0,script-v2.0,1.0,2026-09-07T13:19:39.490476+02:00,75.8,75.7,89.0,64.0,0.0,7.0,76.0,59.0,17.0,886151.0,2.02,9.7,,7.24,18.4,-2.1968,False,18.3,19.3,False,123.25,-8.0,True,False,True,,pass,seguimiento,pendiente,0.0,desconocido,Pendiente de implementar,parcial,"eps_stabilization (media): EPS 8.65 vs 8.43 (annual_eps_fallback) | dividend_maintained (baja): Dividendo actual 4.45% con caída del 20.8% | analyst_upgrade (media): Target 143.10 vs precio 113.40 (+26%), recMean 2.00, recKey buy",fuerte,seguimiento,111.6,113.4,111.60 - 113.40,121.68,123.2,121.68 - 123.20,Pérdida del soporte en 111.60 | ROE negativo durante 2 trimestres consecutivos | Ampliación de capital dilutiva | Recorte de rating a bono basura,6-12,"VINCI está un 20.8% por debajo de su máximo 52s. Fundamentalmente sólida con ROE 16.3%, deuda neta/EBITDA 2.0x. Técnicamente 🔵 RSI recuperándose de sobreventa, 🟡 MACD convergiendo. Clasificación: seguimiento.","VINCI está un 20.8% por debajo de su máximo 52s. Fundamentalmente sólida con ROE 16.3%, deuda neta/EBITDA 2.0x. Técnicamente 🔵 RSI recuperándose de sobreventa, 🟡 MACD convergiendo. Clasificación: seguimiento.",OK,
ORA.PA,ORANGE,EUROSTOXX,1.0,script-v2.0,1.0,2026-09-07T13:19:44.266726+02:00,75.5,72.3,83.0,63.0,0.0,4.0,85.0,68.0,17.0,4834550.0,3.74,654.5,,7.38,15.6,-0.1257,False,45.9,39.0,False,16.24,-4.7,True,False,True,Sin señales de recuperación,pass,seguimiento,pendiente,0.0,desconocido,Pendiente de implementar,ausente,"dividend_maintained (baja): Dividendo actual 4.85% con caída del 17.7% | analyst_upgrade (media): Target 19.14 vs precio 15.47 (+24%), recMean 2.00, recKey buy",fuerte,seguimiento,14.8,15.47,14.80 - 15.47,15.98,16.14,15.98 - 16.14,Pérdida del soporte en 14.80 | ROE negativo durante 2 trimestres consecutivos | Ampliación de capital dilutiva | Recorte de rating a bono basura,6-12,"ORANGE está un 17.7% por debajo de su máximo 52s. Fundamentalmente sólida con ROE 14.2%, deuda neta/EBITDA 3.7x. Técnicamente 🔵 RSI recuperándose de sobreventa, 🟢 Divergencia alcista RSI. Clasificación: seguimiento.","ORANGE está un 17.7% por debajo de su máximo 52s. Fundamentalmente sólida con ROE 14.2%, deuda neta/EBITDA 3.7x. Técnicamente 🔵 RSI recuperándose de sobreventa, 🟢 Divergencia alcista RSI. Clasificación: seguimiento.",OK,
CAP.PA,CAPGEMINI,EUROSTOXX,1.0,script-v2.0,1.0,2026-09-07T13:19:39.166660+02:00,75.2,84.9,95.0,76.0,0.0,4.0,46.0,23.0,23.0,655629.0,2.56,7.7,,8.38,44.7,-0.4615,False,12.7,40.6,False,107.63,-2.7,True,True,True,Sin señales de recuperación,pass,seguimiento,pendiente,0.0,desconocido,Pendiente de implementar,ausente,"dividend_maintained (baja): Dividendo actual 3.25% con caída del 31.6% | analyst_upgrade (media): Target 140.51 vs precio 104.75 (+34%), recMean 1.76, recKey buy",razonable,seguimiento,94.94,100.79,94.94 - 100.79,108.88,130.09,108.88 - 130.09,Pérdida del soporte en 94.94 | ROE negativo durante 2 trimestres consecutivos | Ampliación de capital dilutiva | Recorte de rating a bono basura,12-18,"CAPGEMINI está un 31.6% por debajo de su máximo 52s. Fundamentalmente sólida con ROE 12.2%, deuda neta/EBITDA 2.6x. Técnicamente 🟡 Apoyo en MA40 semanal, 🟢 base_pattern_detected. Clasificación: seguimiento.","CAPGEMINI está un 31.6% por debajo de su máximo 52s. Fundamentalmente sólida con ROE 12.2%, deuda neta/EBITDA 2.6x. Técnicamente 🟡 Apoyo en MA40 semanal, 🟢 base_pattern_detected. Clasificación: seguimiento.",OK,
HEI.DE,Heidelberg Materials AG       I,EUROSTOXX,1.0,script-v2.0,1.0,2026-09-07T13:19:35.864813+02:00,75.0,76.6,91.0,64.0,0.0,4.0,70.0,48.0,22.0,379995.0,1.91,46.9,,9.37,30.0,-6.3873,True,60.5,57.5,False,185.92,-10.7,True,False,True,Sin señales de recuperación,pass,seguimiento,pendiente,0.0,desconocido,Pendiente de implementar,ausente,"dividend_maintained (baja): Dividendo actual 2.17% con caída del 31.4% | analyst_upgrade (media): Target 214.70 vs precio 165.95 (+29%), recKey none",fuerte,seguimiento,163.36,165.95,163.36 - 165.95,187.55,205.53,187.55 - 205.53,Pérdida del soporte en 163.36 | ROE negativo durante 2 trimestres consecutivos | Ampliación de capital dilutiva | Recorte de rating a bono basura,12-18,"Heidelberg Materials AG       I está un 31.4% por debajo de su máximo 52s. Fundamentalmente sólida con ROE 11.7%, deuda neta/EBITDA 1.9x. Técnicamente 🟢 Divergencia alcista RSI, 🟢 Cerca de soporte. Clasificación: seguimiento.","Heidelberg Materials AG       I está un 31.4% por debajo de su máximo 52s. Fundamentalmente sólida con ROE 11.7%, deuda neta/EBITDA 1.9x. Técnicamente 🟢 Divergencia alcista RSI, 🟢 Cerca de soporte. Clasificación: seguimiento.",OK,
EN.PA,BOUYGUES,EUROSTOXX,1.0,script-v2.0,1.0,2026-09-07T13:19:41.097698+02:00,74.9,71.5,87.0,58.0,0.0,15.0,85.0,68.0,17.0,749514.0,2.15,-2.7,0.5,6.26,16.3,-0.3166,False,31.1,25.3,False,47.24,-5.7,True,False,True,,pass,entrada_directa,pendiente,0.0,desconocido,Pendiente de implementar,confirmada,"margin_stabilization (media): Margen gross 57.6% vs 57.8% (-0.2 pp) | eps_stabilization (media): EPS 0.98 vs -0.24 (Diluted EPS) | debt_reduction (alta): Deuda 14707.0M vs 15110.0M | dividend_maintained (baja): Dividendo actual 4.71% con caída del 16.7% | analyst_upgrade (media): Target 60.00 vs precio 44.54 (+35%), recMean 2.00, recKey buy",fuerte,entrada_directa,43.5,44.54,43.50 - 44.54,45.46,47.02,45.46 - 47.02,Pérdida del soporte en 43.50 | ROE negativo durante 2 trimestres consecutivos | Ampliación de capital dilutiva | Recorte de rating a bono basura,6-12,"BOUYGUES está un 16.7% por debajo de su máximo 52s. Fundamentalmente sólida con ROE 9.7%, deuda neta/EBITDA 2.1x. Técnicamente 🔵 RSI recuperándose de sobreventa, 🟢 Divergencia alcista RSI. Clasificación: entrada_directa.","BOUYGUES está un 16.7% por debajo de su máximo 52s. Fundamentalmente sólida con ROE 9.7%, deuda neta/EBITDA 2.1x. Técnicamente 🔵 RSI recuperándose de sobreventa, 🟢 Divergencia alcista RSI. Clasificación: entrada_directa.",OK,
9022.T,CENTRAL JAPAN RAILWAY CO,ASIA,1.0,script-v2.0,1.0,2026-09-07T13:21:11.186168+02:00,74.8,79.1,77.0,81.0,0.0,4.0,62.0,45.0,17.0,2964149.0,4.28,11.6,,7.89,21.1,-20.8041,False,6.8,29.6,False,4001.46,-5.2,True,False,True,Sin señales de recuperación,pass,seguimiento,pendiente,0.0,desconocido,Pendiente de implementar,ausente,eps_stabilization (media): EPS 149.59 vs 147.88 (Diluted EPS) | dividend_maintained (baja): Dividendo actual 0.84% con caída del 21.4%,razonable,seguimiento,3766.0,3795.0,3766.00 - 3795.00,4028.25,4105.5,4028.25 - 4105.50,Pérdida del soporte en 3766.00 | ROE negativo durante 2 trimestres consecutivos | Ampliación de capital dilutiva | Recorte de rating a bono basura,6-12,"CENTRAL JAPAN RAILWAY CO está un 21.4% por debajo de su máximo 52s. Fundamentalmente sólida con ROE 11.2%, deuda neta/EBITDA 4.3x. Técnicamente 🟢 Bajo SMA200 con SMA50 girando, 🟢 Cerca de soporte. Clasificación: seguimiento.","CENTRAL JAPAN RAILWAY CO está un 21.4% por debajo de su máximo 52s. Fundamentalmente sólida con ROE 11.2%, deuda neta/EBITDA 4.3x. Técnicamente 🟢 Bajo SMA200 con SMA50 girando, 🟢 Cerca de soporte. Clasificación: seguimiento.",OK,
EL.PA,ESSILORLUXOTTICA,EUROSTOXX,1.0,script-v2.0,1.0,2026-09-07T13:19:40.842070+02:00,74.8,75.3,78.0,73.0,0.0,4.0,73.0,55.0,18.0,711259.0,2.29,6.4,,14.17,52.8,-15.8138,False,14.6,8.2,True,199.9,-25.3,True,False,True,Sin señales de recuperación,pass,seguimiento,pendiente,0.0,desconocido,Pendiente de implementar,ausente,"dividend_maintained (baja): Dividendo actual 2.68% con caída del 53.9% | analyst_upgrade (media): Target 242.70 vs precio 149.25 (+63%), recMean 1.65, recKey buy",fuerte,seguimiento,141.79,149.25,141.79 - 149.25,206.4,275.23,206.40 - 275.23,Pérdida del soporte en 141.79 | ROE negativo durante 2 trimestres consecutivos | Ampliación de capital dilutiva | Recorte de rating a bono basura,18-24,"ESSILORLUXOTTICA está un 53.9% por debajo de su máximo 52s. Fundamentalmente sólida con ROE 6.7%, deuda neta/EBITDA 2.3x. Técnicamente 🔵 RSI en sobreventa, 🟢 Divergencia alcista RSI. Clasificación: seguimiento.","ESSILORLUXOTTICA está un 53.9% por debajo de su máximo 52s. Fundamentalmente sólida con ROE 6.7%, deuda neta/EBITDA 2.3x. Técnicamente 🔵 RSI en sobreventa, 🟢 Divergencia alcista RSI. Clasificación: seguimiento.",OK,
IP,International Paper Company,SP500,1.0,script-v2.0,1.0,2026-09-07T13:20:46.532011+02:00,74.5,72.4,66.0,78.0,0.0,4.0,81.0,64.0,17.0,5238695.0,2.33,3.8,-0.1,7.35,33.4,0.6269,False,25.7,14.1,False,37.7,-1.2,True,False,True,Sin señales de recuperación,pass,seguimiento,pendiente,0.0,desconocido,Pendiente de implementar,ausente,"dividend_maintained (baja): Dividendo actual 4.97% con caída del 25.9% | analyst_upgrade (media): Target 48.00 vs precio 37.24 (+29%), recMean 1.75, recKey buy",fuerte,seguimiento,37.0,37.24,37.00 - 37.24,37.5,42.71,37.50 - 42.71,Pérdida del soporte en 37.00 | ROE negativo durante 2 trimestres consecutivos | Ampliación de capital dilutiva | Recorte de rating a bono basura,12-18,"International Paper Company está un 25.9% por debajo de su máximo 52s. Fundamentalmente sólida con ROE -16.5%, deuda neta/EBITDA 2.3x. Técnicamente 🔵 RSI recuperándose de sobreventa, 🟡 MACD convergiendo. Clasificación: seguimiento.","International Paper Company está un 25.9% por debajo de su máximo 52s. Fundamentalmente sólida con ROE -16.5%, deuda neta/EBITDA 2.3x. Técnicamente 🔵 RSI recuperándose de sobreventa, 🟡 MACD convergiendo. Clasificación: seguimiento.",OK,
035420.KS,NAVER,ASIA,1.0,script-v2.0,1.0,2026-09-07T13:21:20.125748+02:00,74.3,75.1,74.0,76.0,0.0,10.0,72.0,45.0,27.0,1455334.0,-1.11,15.6,0.0,9.96,28.3,-2721.3308,True,46.9,31.3,False,224721.53,-3.0,True,False,True,,pass,seguimiento,pendiente,0.0,desconocido,Pendiente de implementar,parcial,"margin_stabilization (media): Margen gross 100.0% vs 100.0% (+0.0 pp) | eps_stabilization (media): EPS 4635.00 vs 1864.00 (Diluted EPS) | dividend_maintained (baja): Dividendo actual 1.21% con caída del 28.3% | analyst_upgrade (media): Target 302703.72 vs precio 218000.00 (+39%), recMean 1.56, recKey buy",fuerte,seguimiento,200040.0,207800.0,200040.00 - 207800.00,226479.21,258400.0,226479.21 - 258400.00,Pérdida del soporte en 200040.00 | ROE negativo durante 2 trimestres consecutivos | Ampliación de capital dilutiva | Recorte de rating a bono basura,12-18,"NAVER está un 28.3% por debajo de su máximo 52s. Fundamentalmente sólida con ROE 6.4%, deuda neta/EBITDA -1.1x. Técnicamente 🟢 Divergencia alcista RSI, 🟡 MACD convergiendo. Clasificación: seguimiento.","NAVER está un 28.3% por debajo de su máximo 52s. Fundamentalmente sólida con ROE 6.4%, deuda neta/EBITDA -1.1x. Técnicamente 🟢 Divergencia alcista RSI, 🟡 MACD convergiendo. Clasificación: seguimiento.",OK,
3382.T,SEVEN & I HOLDINGS CO LTD,ASIA,1.0,script-v2.0,1.0,2026-09-07T13:21:11.823095+02:00,74.0,75.1,82.0,69.0,0.0,4.0,71.0,48.0,23.0,8592915.0,3.32,,,8.25,20.9,9.1044,False,67.8,79.2,False,2041.74,-0.1,True,True,True,Sin señales de recuperación,pass,seguimiento,pendiente,0.0,desconocido,Pendiente de implementar,ausente,eps_stabilization (media): EPS 26.21 vs 18.96 (Diluted EPS) | dividend_maintained (baja): Dividendo actual 2.94% con caída del 15.6%,fuerte,seguimiento,1958.71,2022.82,1958.71 - 2022.82,2038.28,2054.45,2038.28 - 2054.45,Pérdida del soporte en 1958.71 | ROE negativo durante 2 trimestres consecutivos | Ampliación de capital dilutiva | Recorte de rating a bono basura,6-12,"SEVEN & I HOLDINGS CO LTD está un 15.6% por debajo de su máximo 52s. Fundamentalmente sólida con ROE 8.0%, deuda neta/EBITDA 3.3x. Técnicamente 🟢 Cruce alcista MACD, 🟢 Cerca de soporte. Clasificación: seguimiento.","SEVEN & I HOLDINGS CO LTD está un 15.6% por debajo de su máximo 52s. Fundamentalmente sólida con ROE 8.0%, deuda neta/EBITDA 3.3x. Técnicamente 🟢 Cruce alcista MACD, 🟢 Cerca de soporte. Clasificación: seguimiento.",OK,
ADS.DE,adidas AG                     N,EUROSTOXX,1.0,script-v2.0,1.0,2026-09-07T13:19:34.214080+02:00,73.4,73.5,97.0,53.0,0.0,7.0,73.0,68.0,5.0,728731.0,1.66,0.4,0.0,11.61,42.4,-0.9045,False,9.8,17.1,False,155.42,-4.9,False,False,True,,pass,seguimiento,pendiente,0.0,desconocido,Pendiente de implementar,parcial,"margin_stabilization (media): Margen gross 52.5% vs 51.1% (+1.4 pp) | dividend_maintained (baja): Dividendo actual 1.89% con caída del 24.7% | analyst_upgrade (media): Target 201.59 vs precio 147.80 (+36%), recMean 1.73, recKey buy",fuerte,seguimiento,138.88,147.8,138.88 - 147.80,155.6,166.94,155.60 - 166.94,Pérdida del soporte en 138.88 | ROE negativo durante 2 trimestres consecutivos | Ampliación de capital dilutiva | Recorte de rating a bono basura,6-12,"adidas AG                     N está un 24.7% por debajo de su máximo 52s. Fundamentalmente sólida con ROE 24.3%, deuda neta/EBITDA 1.7x. Técnicamente 🔵 RSI recuperándose de sobreventa, 🟢 Divergencia alcista RSI. Clasificación: seguimiento.","adidas AG                     N está un 24.7% por debajo de su máximo 52s. Fundamentalmente sólida con ROE 24.3%, deuda neta/EBITDA 1.7x. Técnicamente 🔵 RSI recuperándose de sobreventa, 🟢 Divergencia alcista RSI. Clasificación: seguimiento.",OK,
SGO.PA,SAINT GOBAIN,EUROSTOXX,1.0,script-v2.0,1.0,2026-09-07T13:19:44.612088+02:00,72.8,78.0,94.0,64.0,0.0,12.0,57.0,52.0,5.0,1032930.0,1.75,-2.6,,7.48,26.2,-0.0119,False,4.2,9.2,False,78.19,-4.1,False,False,True,,pass,entrada_escalada,pendiente,0.0,desconocido,Pendiente de implementar,confirmada,"eps_stabilization (media): EPS 5.78 vs 5.64 (annual_eps_fallback) | debt_reduction (alta): Deuda 17270.0M vs 17729.0M | dividend_maintained (baja): Dividendo actual 3.07% con caída del 21.8% | analyst_upgrade (media): Target 97.72 vs precio 74.98 (+30%), recMean 1.94, recKey buy",razonable,entrada_escalada,74.08,74.98,74.08 - 74.98,78.3,81.48,78.30 - 81.48,Pérdida del soporte en 74.08 | ROE negativo durante 2 trimestres consecutivos | Ampliación de capital dilutiva | Recorte de rating a bono basura,6-12,"SAINT GOBAIN está un 21.8% por debajo de su máximo 52s. Fundamentalmente sólida con ROE 11.0%, deuda neta/EBITDA 1.8x. Técnicamente 🟡 MACD convergiendo, 🟢 Cerca de soporte. Clasificación: entrada_escalada.","SAINT GOBAIN está un 21.8% por debajo de su máximo 52s. Fundamentalmente sólida con ROE 11.0%, deuda neta/EBITDA 1.8x. Técnicamente 🟡 MACD convergiendo, 🟢 Cerca de soporte. Clasificación: entrada_escalada.",OK,
BEI.DE,BEIERSDORF AG                 I,EUROSTOXX,1.0,script-v2.0,1.0,2026-09-07T13:19:35.996543+02:00,72.8,76.4,86.0,68.0,0.0,6.0,62.0,45.0,17.0,391724.0,-1.73,-3.5,,8.83,43.8,-1.3751,False,5.8,13.3,False,82.04,-7.7,True,False,True,,pass,seguimiento,pendiente,0.0,desconocido,Pendiente de implementar,parcial,debt_reduction (alta): Deuda 110.0M vs 114.0M | dividend_maintained (baja): Dividendo actual 1.32% con caída del 31.3%,razonable,seguimiento,72.86,75.72,72.86 - 75.72,82.36,93.63,82.36 - 93.63,Pérdida del soporte en 72.86 | ROE negativo durante 2 trimestres consecutivos | Ampliación de capital dilutiva | Recorte de rating a bono basura,12-18,"BEIERSDORF AG                 I está un 31.3% por debajo de su máximo 52s. Fundamentalmente sólida con ROE 10.9%, deuda neta/EBITDA -1.7x. Técnicamente 🟢 Bajo SMA200 con SMA50 girando, 🟢 Cerca de soporte. Clasificación: seguimiento.","BEIERSDORF AG                 I está un 31.3% por debajo de su máximo 52s. Fundamentalmente sólida con ROE 10.9%, deuda neta/EBITDA -1.7x. Técnicamente 🟢 Bajo SMA200 con SMA50 girando, 🟢 Cerca de soporte. Clasificación: seguimiento.",OK,
4503.T,ASTELLAS PHARMA,ASIA,1.0,script-v2.0,1.0,2026-09-07T13:21:06.123904+02:00,71.4,79.2,100.0,61.0,0.0,9.0,48.0,25.0,23.0,6503925.0,0.52,-29.1,,6.83,15.2,35.8372,False,7.3,46.7,False,2289.27,0.6,True,True,True,,pass,seguimiento,pendiente,0.0,desconocido,Pendiente de implementar,parcial,eps_stabilization (media): EPS 78.96 vs 38.11 (Diluted EPS) | debt_reduction (alta): Deuda 589870.0M vs 831426.0M | dividend_maintained (baja): Dividendo actual 3.47% con caída del 15.2%,razonable,seguimiento,2257.16,2290.58,2257.16 - 2290.58,2253.66,2309.45,2253.66 - 2309.45,Pérdida del soporte en 2290.58 | ROE negativo durante 2 trimestres consecutivos | Ampliación de capital dilutiva | Recorte de rating a bono basura,6-12,"ASTELLAS PHARMA está un 15.2% por debajo de su máximo 52s. Fundamentalmente sólida con ROE 21.3%, deuda neta/EBITDA 0.5x. Técnicamente 🟢 Cerca de soporte, 🟡 Apoyo en MA40 semanal. Clasificación: seguimiento.","ASTELLAS PHARMA está un 15.2% por debajo de su máximo 52s. Fundamentalmente sólida con ROE 21.3%, deuda neta/EBITDA 0.5x. Técnicamente 🟢 Cerca de soporte, 🟡 Apoyo en MA40 semanal. Clasificación: seguimiento.",OK,
IMB.L,IMPERIAL BRANDS PLC ORD 10P,EUROSTOXX,1.0,script-v2.0,1.0,2026-09-07T13:20:10.698179+02:00,71.2,66.5,66.0,67.0,0.0,4.0,85.0,73.0,12.0,2970375.0,2.67,12.4,,7.73,31.5,-118.1981,False,21.1,21.9,False,2911.92,-14.6,True,False,True,Sin señales de recuperación,pass,seguimiento,pendiente,0.0,desconocido,Pendiente de implementar,ausente,"dividend_maintained (baja): Dividendo actual 0.07% con caída del 31.5% | analyst_upgrade (media): Target 3290.91 vs precio 2488.00 (+32%), recKey none",fuerte,seguimiento,2476.0,2488.0,2476.00 - 2488.00,2942.21,3087.23,2942.21 - 3087.23,Pérdida del soporte en 2476.00 | ROE negativo durante 2 trimestres consecutivos | Ampliación de capital dilutiva | Recorte de rating a bono basura,12-18,"IMPERIAL BRANDS PLC ORD 10P está un 31.5% por debajo de su máximo 52s. Fundamentalmente sólida con ROE 37.2%, deuda neta/EBITDA 2.7x. Técnicamente 🔵 RSI en sobreventa, 🟢 Cruce alcista MACD. Clasificación: seguimiento.","IMPERIAL BRANDS PLC ORD 10P está un 31.5% por debajo de su máximo 52s. Fundamentalmente sólida con ROE 37.2%, deuda neta/EBITDA 2.7x. Técnicamente 🔵 RSI en sobreventa, 🟢 Cruce alcista MACD. Clasificación: seguimiento.",OK,
0016.HK,SHK PPT,ASIA,1.0,script-v2.0,1.0,2026-09-07T13:21:13.656229+02:00,70.8,69.0,85.0,55.0,0.0,1.0,76.0,59.0,17.0,5521023.0,2.84,,,14.78,19.4,-0.2611,False,47.2,40.6,False,123.12,-3.2,True,False,True,Sin señales de recuperación,pass,seguimiento,pendiente,0.0,desconocido,Pendiente de implementar,ausente,dividend_maintained (baja): Dividendo actual 3.17% con caída del 19.9%,fuerte,seguimiento,119.1,119.2,119.10 - 119.20,120.64,126.48,120.64 - 126.48,Pérdida del soporte en 119.10 | ROE negativo durante 2 trimestres consecutivos | Ampliación de capital dilutiva | Recorte de rating a bono basura,6-12,"SHK PPT está un 19.9% por debajo de su máximo 52s. Fundamentalmente sólida con ROE 3.7%, deuda neta/EBITDA 2.8x. Técnicamente 🟢 Divergencia alcista RSI, 🟡 MACD convergiendo. Clasificación: seguimiento.","SHK PPT está un 19.9% por debajo de su máximo 52s. Fundamentalmente sólida con ROE 3.7%, deuda neta/EBITDA 2.8x. Técnicamente 🟢 Divergencia alcista RSI, 🟡 MACD convergiendo. Clasificación: seguimiento.",OK,
4568.T,DAIICHI SANKYO COMPANY LIMITED,ASIA,1.0,script-v2.0,1.0,2026-09-07T13:21:06.457787+02:00,70.3,75.1,97.0,56.0,0.0,4.0,56.0,39.0,17.0,6550587.0,-0.44,148.8,,15.91,51.2,-35.649,False,15.1,41.5,False,2837.52,-3.6,True,False,True,Sin señales de recuperación,pass,seguimiento,pendiente,0.0,desconocido,Pendiente de implementar,ausente,"dividend_maintained (baja): Dividendo actual 3.66% con caída del 34.5% | analyst_upgrade (media): Target 4096.25 vs precio 2735.50 (+50%), recMean 1.50, recKey strong_buy",razonable,seguimiento,2693.2,2735.5,2693.20 - 2735.50,2915.34,3551.3,2915.34 - 3551.30,Pérdida del soporte en 2693.20 | ROE negativo durante 2 trimestres consecutivos | Ampliación de capital dilutiva | Recorte de rating a bono basura,12-18,"DAIICHI SANKYO COMPANY LIMITED está un 34.5% por debajo de su máximo 52s. Fundamentalmente sólida con ROE 14.8%, deuda neta/EBITDA -0.4x. Técnicamente 🟢 Bajo SMA200 con SMA50 girando, 🟢 Cerca de soporte. Clasificación: seguimiento.","DAIICHI SANKYO COMPANY LIMITED está un 34.5% por debajo de su máximo 52s. Fundamentalmente sólida con ROE 14.8%, deuda neta/EBITDA -0.4x. Técnicamente 🟢 Bajo SMA200 con SMA50 girando, 🟢 Cerca de soporte. Clasificación: seguimiento.",OK,
9021.T,WEST JAPAN RAILWAY CO,ASIA,1.0,script-v2.0,1.0,2026-09-07T13:21:10.126917+02:00,70.0,77.7,82.0,74.0,0.0,1.0,47.0,24.0,23.0,2756001.0,3.67,6.6,,7.73,13.9,1.7219,False,70.3,78.5,False,2984.71,0.2,True,True,True,Sin señales de recuperación,pass,seguimiento,pendiente,0.0,desconocido,Pendiente de implementar,ausente,dividend_maintained (baja): Dividendo actual 3.26% con caída del 15.2%,razonable,seguimiento,2823.19,2932.67,2823.19 - 2932.67,2985.22,2998.8,2985.22 - 2998.80,Pérdida del soporte en 2823.19 | ROE negativo durante 2 trimestres consecutivos | Ampliación de capital dilutiva | Recorte de rating a bono basura,6-12,"WEST JAPAN RAILWAY CO está un 15.2% por debajo de su máximo 52s. Fundamentalmente sólida con ROE 9.3%, deuda neta/EBITDA 3.7x. Técnicamente 🟡 Apoyo en MA40 semanal, 🟢 base_pattern_detected. Clasificación: seguimiento.","WEST JAPAN RAILWAY CO está un 15.2% por debajo de su máximo 52s. Fundamentalmente sólida con ROE 9.3%, deuda neta/EBITDA 3.7x. Técnicamente 🟡 Apoyo en MA40 semanal, 🟢 base_pattern_detected. Clasificación: seguimiento.",OK,
FRE.DE,Fresenius SE & Co. KGaA       N,EUROSTOXX,1.0,script-v2.0,1.0,2026-09-07T13:19:30.935080+02:00,69.2,72.2,85.0,61.0,0.0,12.0,60.0,55.0,5.0,1015997.0,3.34,-4.1,-0.4,11.65,17.3,0.4979,False,1.3,6.0,False,43.82,-2.8,False,False,True,,pass,entrada_escalada,pendiente,0.0,desconocido,Pendiente de implementar,confirmada,"margin_stabilization (media): Margen gross 26.1% vs 26.4% (-0.3 pp) | debt_reduction (alta): Deuda 11419.0M vs 11905.0M | dividend_maintained (baja): Dividendo actual 2.47% con caída del 19.6% | analyst_upgrade (media): Target 55.59 vs precio 42.59 (+31%), recMean 1.50, recKey strong_buy",razonable,entrada_escalada,41.69,42.59,41.69 - 42.59,43.99,45.02,43.99 - 45.02,Pérdida del soporte en 41.69 | ROE negativo durante 2 trimestres consecutivos | Ampliación de capital dilutiva | Recorte de rating a bono basura,6-12,"Fresenius SE & Co. KGaA       N está un 19.6% por debajo de su máximo 52s. Fundamentalmente sólida con ROE 8.3%, deuda neta/EBITDA 3.3x. Técnicamente 🔵 RSI en sobreventa, 🟢 Cerca de soporte. Clasificación: entrada_escalada.","Fresenius SE & Co. KGaA       N está un 19.6% por debajo de su máximo 52s. Fundamentalmente sólida con ROE 8.3%, deuda neta/EBITDA 3.3x. Técnicamente 🔵 RSI en sobreventa, 🟢 Cerca de soporte. Clasificación: entrada_escalada.",OK,
7203.T,TOYOTA MOTOR CORP,ASIA,1.0,script-v2.0,1.0,2026-09-07T13:21:01.825342+02:00,69.2,73.9,75.0,73.0,0.0,7.0,55.0,32.0,23.0,28947595.0,5.46,1.7,0.1,12.14,21.4,-16.5239,False,49.4,50.0,False,3188.34,-2.9,True,True,True,,pass,seguimiento,pendiente,0.0,desconocido,Pendiente de implementar,parcial,margin_stabilization (media): Margen gross 18.0% vs 15.1% (+2.9 pp) | eps_stabilization (media): EPS 120.69 vs 64.56 (Diluted EPS) | dividend_maintained (baja): Dividendo actual 3.23% con caída del 22.6%,razonable,seguimiento,2822.94,2973.62,2822.94 - 2973.62,3167.22,3400.0,3167.22 - 3400.00,Pérdida del soporte en 2822.94 | ROE negativo durante 2 trimestres consecutivos | Ampliación de capital dilutiva | Recorte de rating a bono basura,6-12,"TOYOTA MOTOR CORP está un 22.6% por debajo de su máximo 52s. Fundamentalmente sólida con ROE 12.4%, deuda neta/EBITDA 5.5x. Técnicamente 🟢 Divergencia alcista RSI, 🟡 Apoyo en MA40 semanal. Clasificación: seguimiento.","TOYOTA MOTOR CORP está un 22.6% por debajo de su máximo 52s. Fundamentalmente sólida con ROE 12.4%, deuda neta/EBITDA 5.5x. Técnicamente 🟢 Divergencia alcista RSI, 🟡 Apoyo en MA40 semanal. Clasificación: seguimiento.",OK,
SCG.AX,SCENTRE STAPLED [SCG],ASX,1.0,script-v2.0,1.0,2026-09-07T13:20:59.859203+02:00,68.9,75.9,86.0,67.0,0.0,9.0,48.0,43.0,5.0,11926475.0,5.58,-16.4,,13.14,12.6,-0.0142,False,22.2,21.3,False,3.71,-4.0,False,False,True,,pass,seguimiento,pendiente,0.0,desconocido,Pendiente de implementar,parcial,eps_stabilization (media): EPS 0.34 vs 0.20 (annual_eps_fallback) | debt_reduction (alta): Deuda 14029.0M vs 16774.4M | dividend_maintained (baja): Dividendo actual 5.06% con caída del 16.6%,razonable,seguimiento,3.2,3.56,3.20 - 3.56,3.63,3.72,3.63 - 3.72,Pérdida del soporte en 3.20 | ROE negativo durante 2 trimestres consecutivos | Ampliación de capital dilutiva | Recorte de rating a bono basura,6-12,"SCENTRE STAPLED [SCG] está un 16.6% por debajo de su máximo 52s. Fundamentalmente sólida con ROE 10.4%, deuda neta/EBITDA 5.6x. Técnicamente 🟡 MACD convergiendo, 🟡 Apoyo en MA40 semanal. Clasificación: seguimiento.","SCENTRE STAPLED [SCG] está un 16.6% por debajo de su máximo 52s. Fundamentalmente sólida con ROE 10.4%, deuda neta/EBITDA 5.6x. Técnicamente 🟡 MACD convergiendo, 🟡 Apoyo en MA40 semanal. Clasificación: seguimiento.",OK,
AZN.L,ASTRAZENECA PLC ORD SHS $0.25,EUROSTOXX,1.0,script-v2.0,1.0,2026-09-07T13:20:05.603834+02:00,68.8,71.3,98.0,48.0,0.0,12.0,61.0,39.0,22.0,3134423.0,1.38,-4.6,-0.2,10.73,22.5,-488.6879,True,69.2,63.6,False,13663.96,-10.8,True,False,True,,pass,entrada_escalada,pendiente,0.0,desconocido,Pendiente de implementar,confirmada,"margin_stabilization (media): Margen gross 83.6% vs 82.5% (+1.1 pp) | debt_reduction (alta): Deuda 32350.0M vs 33918.0M | dividend_maintained (baja): Dividendo actual 0.02% con caída del 22.5% | analyst_upgrade (media): Target 15731.08 vs precio 12190.00 (+29%), recMean 1.79, recKey buy",razonable,entrada_escalada,11496.49,12190.0,11496.49 - 12190.00,13372.2,13703.1,13372.20 - 13703.10,Pérdida del soporte en 11496.49 | ROE negativo durante 2 trimestres consecutivos | Ampliación de capital dilutiva | Recorte de rating a bono basura,6-12,"ASTRAZENECA PLC ORD SHS $0.25 está un 22.5% por debajo de su máximo 52s. Fundamentalmente sólida con ROE 22.0%, deuda neta/EBITDA 1.4x. Técnicamente 🟢 Divergencia alcista RSI, 🟢 MACD semanal girando al alza. Clasificación: entrada_escalada.","ASTRAZENECA PLC ORD SHS $0.25 está un 22.5% por debajo de su máximo 52s. Fundamentalmente sólida con ROE 22.0%, deuda neta/EBITDA 1.4x. Técnicamente 🟢 Divergencia alcista RSI, 🟢 MACD semanal girando al alza. Clasificación: entrada_escalada.",OK,
1299.HK,AIA,ASIA,1.0,script-v2.0,1.0,2026-09-07T13:21:18.531235+02:00,68.8,68.0,92.0,47.0,0.0,4.0,71.0,44.0,27.0,32945642.0,1.64,45.4,,91.67,14.3,-0.9561,True,79.0,85.3,False,79.33,-2.8,True,False,True,Sin señales de recuperación,pass,seguimiento,pendiente,0.0,desconocido,Pendiente de implementar,ausente,"dividend_maintained (baja): Dividendo actual 2.57% con caída del 16.3% | analyst_upgrade (media): Target 102.48 vs precio 77.10 (+33%), recMean 1.30, recKey strong_buy",fuerte,seguimiento,74.57,75.72,74.57 - 75.72,78.33,79.33,78.33 - 79.33,Pérdida del soporte en 75.72 | ROE negativo durante 2 trimestres consecutivos | Ampliación de capital dilutiva | Recorte de rating a bono basura,6-12,"AIA está un 16.3% por debajo de su máximo 52s. Fundamentalmente sólida con ROE 19.6%, deuda neta/EBITDA 1.6x. Técnicamente 🟢 Divergencia alcista RSI, 🟢 Cerca de soporte. Clasificación: seguimiento.","AIA está un 16.3% por debajo de su máximo 52s. Fundamentalmente sólida con ROE 19.6%, deuda neta/EBITDA 1.6x. Técnicamente 🟢 Divergencia alcista RSI, 🟢 Cerca de soporte. Clasificación: seguimiento.",OK,
BATS.L,BRITISH AMERICAN TOBACCO PLC OR,EUROSTOXX,1.0,script-v2.0,1.0,2026-09-07T13:20:11.236158+02:00,68.8,74.1,88.0,62.0,0.0,12.0,53.0,36.0,17.0,3446845.0,2.9,-0.0,,10.9,23.6,-52.1829,False,26.7,38.1,False,4395.78,-6.8,True,False,True,,pass,entrada_escalada,pendiente,0.0,desconocido,Pendiente de implementar,confirmada,"eps_stabilization (media): EPS 3.49 vs 1.36 (annual_eps_fallback) | debt_reduction (alta): Deuda 35063.0M vs 35070.0M | dividend_maintained (baja): Dividendo actual 0.06% con caída del 23.6% | analyst_upgrade (media): Target 5146.15 vs precio 4098.71 (+26%), recMean 1.69, recKey buy",razonable,entrada_escalada,3893.77,4098.71,3893.77 - 4098.71,4397.1,4562.8,4397.10 - 4562.80,Pérdida del soporte en 3893.77 | ROE negativo durante 2 trimestres consecutivos | Ampliación de capital dilutiva | Recorte de rating a bono basura,6-12,"BRITISH AMERICAN TOBACCO PLC OR está un 23.6% por debajo de su máximo 52s. Fundamentalmente sólida con ROE 13.4%, deuda neta/EBITDA 2.9x. Técnicamente 🟡 Apoyo en MA40 semanal, 🟢 base_pattern_detected. Clasificación: entrada_escalada.","BRITISH AMERICAN TOBACCO PLC OR está un 23.6% por debajo de su máximo 52s. Fundamentalmente sólida con ROE 13.4%, deuda neta/EBITDA 2.9x. Técnicamente 🟡 Apoyo en MA40 semanal, 🟢 base_pattern_detected. Clasificación: entrada_escalada.",OK,
000660.KS,SK hynix,ASIA,1.0,script-v2.0,1.0,2026-09-07T13:21:19.162417+02:00,68.7,79.2,100.0,61.0,0.0,15.0,37.0,37.0,0.0,5396027.0,-0.03,-85.4,4.1,1.03,40.3,124418.5434,False,97.2,62.0,False,1395545.14,27.8,False,False,True,,pass,pendiente_confirmacion,pendiente,0.0,desconocido,Pendiente de implementar,confirmada,"margin_stabilization (media): Margen gross 83.2% vs 79.3% (+3.9 pp) | eps_stabilization (media): EPS 131478.00 vs 56670.00 (Diluted EPS) | debt_reduction (alta): Deuda 3194454.0M vs 21832416.0M | dividend_maintained (baja): Dividendo actual 0.08% con caída del 40.3% | analyst_upgrade (media): Target 3197603.80 vs precio 1783000.00 (+79%), recMean 1.34, recKey strong_buy",incompleto,pendiente_confirmacion,1719732.06,1783000.0,1719732.06 - 1783000.00,1311386.89,2538950.0,1311386.89 - 2538950.00,Pérdida del soporte en 1719732.06 | ROE negativo durante 2 trimestres consecutivos | Ampliación de capital dilutiva | Recorte de rating a bono basura,18-24,"SK hynix está un 40.3% por debajo de su máximo 52s. Fundamentalmente sólida con ROE 354.1%, deuda neta/EBITDA -0.0x. Técnicamente 🟢 Divergencia alcista RSI, 🟢 Cerca de soporte. Clasificación: pendiente_confirmacion.","SK hynix está un 40.3% por debajo de su máximo 52s. Fundamentalmente sólida con ROE 354.1%, deuda neta/EBITDA -0.0x. Técnicamente 🟢 Divergencia alcista RSI, 🟢 Cerca de soporte. Clasificación: pendiente_confirmacion.",OK,
BN.PA,DANONE,EUROSTOXX,1.0,script-v2.0,1.0,2026-09-07T13:19:37.637851+02:00,68.5,68.3,87.0,52.0,0.0,4.0,69.0,64.0,5.0,1366436.0,2.01,20.9,,11.12,18.0,-0.7632,False,9.8,10.0,False,67.84,-6.4,False,False,True,Sin señales de recuperación,pass,seguimiento,pendiente,0.0,desconocido,Pendiente de implementar,ausente,"dividend_maintained (baja): Dividendo actual 3.54% con caída del 20.8% | analyst_upgrade (media): Target 80.02 vs precio 63.50 (+26%), recMean 2.27, recKey buy",razonable,seguimiento,60.92,63.5,60.92 - 63.50,68.12,68.29,68.12 - 68.29,Pérdida del soporte en 60.92 | ROE negativo durante 2 trimestres consecutivos | Ampliación de capital dilutiva | Recorte de rating a bono basura,6-12,"DANONE está un 20.8% por debajo de su máximo 52s. Fundamentalmente sólida con ROE 12.2%, deuda neta/EBITDA 2.0x. Técnicamente 🔵 RSI en sobreventa, 🟡 MACD convergiendo. Clasificación: seguimiento.","DANONE está un 20.8% por debajo de su máximo 52s. Fundamentalmente sólida con ROE 12.2%, deuda neta/EBITDA 2.0x. Técnicamente 🔵 RSI en sobreventa, 🟡 MACD convergiendo. Clasificación: seguimiento.",OK,
MGR.AX,MIRVAC GRP STAPLED [MGR],ASX,1.0,script-v2.0,1.0,2026-09-07T13:21:00.068398+02:00,68.4,71.9,82.0,63.0,0.0,9.0,58.0,35.0,23.0,11973315.0,4.12,-13.4,,12.39,21.1,0.0017,False,40.0,53.2,False,1.8,2.6,True,True,True,,pass,seguimiento,pendiente,0.0,desconocido,Pendiente de implementar,parcial,eps_stabilization (media): EPS 0.02 vs -0.20 (annual_eps_fallback) | debt_reduction (alta): Deuda 3934.0M vs 4544.0M | dividend_maintained (baja): Dividendo actual 5.42% con caída del 25.0%,razonable,seguimiento,1.77,1.78,1.77 - 1.78,1.81,2.09,1.81 - 2.09,Pérdida del soporte en 1.78 | ROE negativo durante 2 trimestres consecutivos | Ampliación de capital dilutiva | Recorte de rating a bono basura,12-18,"MIRVAC GRP STAPLED [MGR] está un 25.0% por debajo de su máximo 52s. Fundamentalmente sólida con ROE 7.4%, deuda neta/EBITDA 4.1x. Técnicamente 🟡 MACD convergiendo, 🟢 Cerca de soporte. Clasificación: seguimiento.","MIRVAC GRP STAPLED [MGR] está un 25.0% por debajo de su máximo 52s. Fundamentalmente sólida con ROE 7.4%, deuda neta/EBITDA 4.1x. Técnicamente 🟡 MACD convergiendo, 🟢 Cerca de soporte. Clasificación: seguimiento.",OK,
NG.L,NATIONAL GRID PLC ORD 12 204/47,EUROSTOXX,1.0,script-v2.0,1.0,2026-09-07T13:20:08.994553+02:00,68.0,63.7,69.0,59.0,0.0,4.0,81.0,64.0,17.0,10495730.0,6.39,0.3,,14.54,18.8,-18.085,False,33.5,25.3,False,1237.76,-6.4,True,False,True,Sin señales de recuperación,pass,seguimiento,pendiente,0.0,desconocido,Pendiente de implementar,ausente,eps_stabilization (media): EPS 0.66 vs 0.61 (annual_eps_fallback) | dividend_maintained (baja): Dividendo actual 0.04% con caída del 18.9%,fuerte,seguimiento,1101.05,1159.0,1101.05 - 1159.00,1214.22,1233.68,1214.22 - 1233.68,Pérdida del soporte en 1101.05 | ROE negativo durante 2 trimestres consecutivos | Ampliación de capital dilutiva | Recorte de rating a bono basura,6-12,"NATIONAL GRID PLC ORD 12 204/47 está un 18.9% por debajo de su máximo 52s. Fundamentalmente sólida con ROE 8.4%, deuda neta/EBITDA 6.4x. Técnicamente 🔵 RSI recuperándose de sobreventa, 🟢 Divergencia alcista RSI. Clasificación: seguimiento.","NATIONAL GRID PLC ORD 12 204/47 está un 18.9% por debajo de su máximo 52s. Fundamentalmente sólida con ROE 8.4%, deuda neta/EBITDA 6.4x. Técnicamente 🔵 RSI recuperándose de sobreventa, 🟢 Divergencia alcista RSI. Clasificación: seguimiento.",OK,
9020.T,EAST JAPAN RAILWAY CO,ASIA,1.0,script-v2.0,1.0,2026-09-07T13:21:10.303530+02:00,67.7,69.5,61.0,77.0,0.0,1.0,62.0,45.0,17.0,3150609.0,5.68,7.6,,10.32,16.5,-29.3204,False,31.4,45.9,False,3666.91,-5.2,True,False,True,Sin señales de recuperación,pass,seguimiento,pendiente,0.0,desconocido,Pendiente de implementar,ausente,dividend_maintained (baja): Dividendo actual 2.42% con caída del 17.4%,razonable,seguimiento,3443.66,3478.0,3443.66 - 3478.00,3579.35,3679.86,3579.35 - 3679.86,Pérdida del soporte en 3443.66 | ROE negativo durante 2 trimestres consecutivos | Ampliación de capital dilutiva | Recorte de rating a bono basura,6-12,"EAST JAPAN RAILWAY CO está un 17.4% por debajo de su máximo 52s. Fundamentalmente sólida con ROE 7.9%, deuda neta/EBITDA 5.7x. Técnicamente 🟢 Bajo SMA200 con SMA50 girando, 🟢 Cerca de soporte. Clasificación: seguimiento.","EAST JAPAN RAILWAY CO está un 17.4% por debajo de su máximo 52s. Fundamentalmente sólida con ROE 7.9%, deuda neta/EBITDA 5.7x. Técnicamente 🟢 Bajo SMA200 con SMA50 girando, 🟢 Cerca de soporte. Clasificación: seguimiento.",OK,
GSK.L,GSK PLC ORD 31 1/4P,EUROSTOXX,1.0,script-v2.0,1.0,2026-09-07T13:20:05.749560+02:00,67.6,71.8,91.0,55.0,0.0,6.0,55.0,38.0,17.0,7383688.0,1.4,-4.0,0.7,8.2,19.1,-15.8949,False,17.5,27.0,False,1955.01,-5.6,True,False,True,,pass,seguimiento,pendiente,0.0,desconocido,Pendiente de implementar,parcial,debt_reduction (alta): Deuda 18293.0M vs 19056.0M | dividend_maintained (baja): Dividendo actual 0.04% con caída del 19.1%,razonable,seguimiento,1689.85,1845.0,1689.85 - 1845.00,1939.7,1949.19,1939.70 - 1949.19,Pérdida del soporte en 1689.85 | ROE negativo durante 2 trimestres consecutivos | Ampliación de capital dilutiva | Recorte de rating a bono basura,6-12,"GSK PLC ORD 31 1/4P está un 19.1% por debajo de su máximo 52s. Fundamentalmente sólida con ROE 33.4%, deuda neta/EBITDA 1.4x. Técnicamente 🟢 Divergencia alcista RSI, 🟡 Apoyo en MA40 semanal. Clasificación: seguimiento.","GSK PLC ORD 31 1/4P está un 19.1% por debajo de su máximo 52s. Fundamentalmente sólida con ROE 33.4%, deuda neta/EBITDA 1.4x. Técnicamente 🟢 Divergencia alcista RSI, 🟡 Apoyo en MA40 semanal. Clasificación: seguimiento.",OK,
BMW.DE,BAYERISCHE MOTOREN WERKE AG   S,EUROSTOXX,1.0,script-v2.0,1.0,2026-09-07T13:19:29.117964+02:00,67.4,70.9,57.0,83.0,0.0,1.0,57.0,35.0,22.0,1622744.0,7.33,36.6,-2.4,10.21,32.0,-4.1254,True,88.3,85.5,False,73.24,-14.1,True,False,True,Sin señales de recuperación,pass,seguimiento,pendiente,0.0,desconocido,Pendiente de implementar,ausente,dividend_maintained (baja): Dividendo actual 6.99% con caída del 35.7%,razonable,seguimiento,57.77,59.22,57.77 - 59.22,73.77,83.23,73.77 - 83.23,Pérdida del soporte en 57.77 | ROE negativo durante 2 trimestres consecutivos | Ampliación de capital dilutiva | Recorte de rating a bono basura,12-18,"BAYERISCHE MOTOREN WERKE AG   S está un 35.7% por debajo de su máximo 52s. Fundamentalmente sólida con ROE 6.6%, deuda neta/EBITDA 7.3x. Técnicamente 🟢 Divergencia alcista RSI, 🟢 MACD semanal girando al alza. Clasificación: seguimiento.","BAYERISCHE MOTOREN WERKE AG   S está un 35.7% por debajo de su máximo 52s. Fundamentalmente sólida con ROE 6.6%, deuda neta/EBITDA 7.3x. Técnicamente 🟢 Divergencia alcista RSI, 🟢 MACD semanal girando al alza. Clasificación: seguimiento.",OK,
WKL.AS,WOLTERS KLUWER,EUROSTOXX,1.0,script-v2.0,1.0,2026-09-07T13:19:52.645686+02:00,67.3,71.5,72.0,71.0,0.0,7.0,55.0,32.0,23.0,1150126.0,2.08,12.5,,9.98,60.3,-0.9996,False,28.1,49.2,False,67.23,1.0,True,True,True,,pass,seguimiento,pendiente,0.0,desconocido,Pendiente de implementar,parcial,"eps_stabilization (media): EPS 5.64 vs 4.52 (annual_eps_fallback) | dividend_maintained (baja): Dividendo actual 3.83% con caída del 42.1% | analyst_upgrade (media): Target 89.43 vs precio 67.90 (+32%), recMean 1.73, recKey buy",razonable,seguimiento,65.33,66.67,65.33 - 66.67,68.11,99.75,68.11 - 99.75,Pérdida del soporte en 66.67 | ROE negativo durante 2 trimestres consecutivos | Ampliación de capital dilutiva | Recorte de rating a bono basura,18-24,"WOLTERS KLUWER está un 42.1% por debajo de su máximo 52s. Fundamentalmente sólida con ROE 146.1%, deuda neta/EBITDA 2.1x. Técnicamente 🟢 Cerca de soporte, 🟡 Apoyo en MA40 semanal. Clasificación: seguimiento.","WOLTERS KLUWER está un 42.1% por debajo de su máximo 52s. Fundamentalmente sólida con ROE 146.1%, deuda neta/EBITDA 2.1x. Técnicamente 🟢 Cerca de soporte, 🟡 Apoyo en MA40 semanal. Clasificación: seguimiento.",OK,
CPB,The Campbell's Company,SP500,1.0,script-v2.0,1.0,2026-09-07T13:20:44.628323+02:00,67.0,68.1,67.0,69.0,0.0,4.0,64.0,47.0,17.0,8396293.0,4.15,0.9,-0.3,8.27,55.2,-0.3678,False,10.8,37.4,False,23.32,-8.3,True,False,True,Sin señales de recuperación,pass,seguimiento,pendiente,0.0,desconocido,Pendiente de implementar,ausente,margin_stabilization (media): Margen gross 27.5% vs 28.0% (-0.5 pp) | dividend_maintained (baja): Dividendo actual 4.68% con caída del 37.4%,razonable,seguimiento,19.85,21.38,19.85 - 21.38,23.51,29.04,23.51 - 29.04,Pérdida del soporte en 19.85 | ROE negativo durante 2 trimestres consecutivos | Ampliación de capital dilutiva | Recorte de rating a bono basura,12-18,"The Campbell's Company está un 37.4% por debajo de su máximo 52s. Fundamentalmente sólida con ROE 10.1%, deuda neta/EBITDA 4.2x. Técnicamente 🟢 Bajo SMA200 con SMA50 girando, 🟢 Volumen creciente. Clasificación: seguimiento.","The Campbell's Company está un 37.4% por debajo de su máximo 52s. Fundamentalmente sólida con ROE 10.1%, deuda neta/EBITDA 4.2x. Técnicamente 🟢 Bajo SMA200 con SMA50 girando, 🟢 Volumen creciente. Clasificación: seguimiento.",OK,
HEIA.AS,HEINEKEN,EUROSTOXX,1.0,script-v2.0,1.0,2026-09-07T13:19:49.627728+02:00,66.7,69.5,93.0,49.0,0.0,7.0,58.0,53.0,5.0,828491.0,3.22,7.1,,10.92,10.4,1.182,False,55.4,63.1,False,70.57,2.9,False,False,True,,pass,seguimiento,pendiente,0.0,desconocido,Pendiente de implementar,parcial,"eps_stabilization (media): EPS 3.38 vs 1.74 (annual_eps_fallback) | dividend_maintained (baja): Dividendo actual 2.65% con caída del 9.8% | analyst_upgrade (media): Target 89.09 vs precio 72.58 (+23%), recKey none",razonable,seguimiento,65.08,72.58,65.08 - 72.58,68.37,70.37,68.37 - 70.37,Pérdida del soporte en 65.08 | ROE negativo durante 2 trimestres consecutivos | Ampliación de capital dilutiva | Recorte de rating a bono basura,6-12,"HEINEKEN está un 9.8% por debajo de su máximo 52s. Fundamentalmente sólida con ROE 12.1%, deuda neta/EBITDA 3.2x. Técnicamente 🔵 RSI recuperándose de sobreventa, 🟢 Cruce alcista MACD. Clasificación: seguimiento.","HEINEKEN está un 9.8% por debajo de su máximo 52s. Fundamentalmente sólida con ROE 12.1%, deuda neta/EBITDA 3.2x. Técnicamente 🔵 RSI recuperándose de sobreventa, 🟢 Cruce alcista MACD. Clasificación: seguimiento.",OK,
NEE,"NextEra Energy, Inc.",SP500,1.0,script-v2.0,1.0,2026-09-07T13:20:37.950830+02:00,66.5,61.6,84.0,42.0,0.0,7.0,81.0,64.0,17.0,11029006.0,7.35,5.5,0.2,20.04,14.3,-0.707,False,43.8,45.4,False,86.74,-3.8,True,False,True,,pass,seguimiento,pendiente,0.0,desconocido,Pendiente de implementar,parcial,margin_stabilization (media): Margen gross 62.4% vs 58.9% (+3.5 pp) | eps_stabilization (media): EPS 1.50 vs 1.04 (Diluted EPS) | dividend_maintained (baja): Dividendo actual 2.98% con caída del 15.5%,fuerte,seguimiento,79.26,83.43,79.26 - 83.43,83.94,86.54,83.94 - 86.54,Pérdida del soporte en 79.26 | ROE negativo durante 2 trimestres consecutivos | Ampliación de capital dilutiva | Recorte de rating a bono basura,6-12,"NextEra Energy, Inc. está un 15.5% por debajo de su máximo 52s. Fundamentalmente sólida con ROE 11.7%, deuda neta/EBITDA 7.3x. Técnicamente 🔵 RSI recuperándose de sobreventa, 🟢 Cruce alcista MACD. Clasificación: seguimiento.","NextEra Energy, Inc. está un 15.5% por debajo de su máximo 52s. Fundamentalmente sólida con ROE 11.7%, deuda neta/EBITDA 7.3x. Técnicamente 🔵 RSI recuperándose de sobreventa, 🟢 Cruce alcista MACD. Clasificación: seguimiento.",OK,
DTE.DE,DEUTSCHE TELEKOM AG           N,EUROSTOXX,1.0,script-v2.0,1.0,2026-09-07T13:19:30.882965+02:00,66.0,69.7,82.0,59.0,0.0,10.0,55.0,32.0,23.0,6408253.0,3.31,2.8,-16.2,7.19,16.7,-0.0903,False,24.8,42.5,False,28.39,-0.8,True,True,True,,pass,seguimiento,pendiente,0.0,desconocido,Pendiente de implementar,parcial,"margin_stabilization (media): Margen gross 63.2% vs 62.1% (+1.1 pp) | eps_stabilization (media): EPS 0.51 vs 0.42 (Diluted EPS) | dividend_maintained (baja): Dividendo actual 3.55% con caída del 18.0% | analyst_upgrade (media): Target 36.93 vs precio 28.16 (+31%), recMean 1.44, recKey strong_buy",razonable,seguimiento,27.09,27.43,27.09 - 27.43,28.25,29.21,28.25 - 29.21,Pérdida del soporte en 27.09 | ROE negativo durante 2 trimestres consecutivos | Ampliación de capital dilutiva | Recorte de rating a bono basura,6-12,"DEUTSCHE TELEKOM AG           N está un 18.0% por debajo de su máximo 52s. Fundamentalmente sólida con ROE 15.1%, deuda neta/EBITDA 3.3x. Técnicamente 🟢 Cerca de soporte, 🟡 Apoyo en MA40 semanal. Clasificación: seguimiento.","DEUTSCHE TELEKOM AG           N está un 18.0% por debajo de su máximo 52s. Fundamentalmente sólida con ROE 15.1%, deuda neta/EBITDA 3.3x. Técnicamente 🟢 Cerca de soporte, 🟡 Apoyo en MA40 semanal. Clasificación: seguimiento.",OK,
005380.KS,HyundaiMtr,ASIA,1.0,script-v2.0,1.0,2026-09-07T13:21:20.238762+02:00,66.0,63.6,62.0,65.0,0.0,10.0,73.0,61.0,12.0,887651.0,7.79,3.3,0.0,16.43,49.5,-24170.1766,False,32.6,18.2,False,481385.41,-18.4,True,False,True,,pass,seguimiento,pendiente,0.0,desconocido,Pendiente de implementar,parcial,"margin_stabilization (media): Margen gross 17.8% vs 17.5% (+0.3 pp) | eps_stabilization (media): EPS 9621.00 vs 8897.00 (Diluted EPS) | dividend_maintained (baja): Dividendo actual 2.54% con caída del 49.8% | analyst_upgrade (media): Target 655691.50 vs precio 393000.00 (+67%), recMean 1.66, recKey buy",fuerte,seguimiento,379225.29,393000.0,379225.29 - 393000.00,460480.46,665550.0,460480.46 - 665550.00,Pérdida del soporte en 379225.29 | ROE negativo durante 2 trimestres consecutivos | Ampliación de capital dilutiva | Recorte de rating a bono basura,18-24,"HyundaiMtr está un 49.8% por debajo de su máximo 52s. Fundamentalmente sólida con ROE 7.2%, deuda neta/EBITDA 7.8x. Técnicamente 🟢 Divergencia alcista RSI, 🟡 MACD convergiendo. Clasificación: seguimiento.","HyundaiMtr está un 49.8% por debajo de su máximo 52s. Fundamentalmente sólida con ROE 7.2%, deuda neta/EBITDA 7.8x. Técnicamente 🟢 Divergencia alcista RSI, 🟡 MACD convergiendo. Clasificación: seguimiento.",OK,
BA.L,BAE SYSTEMS PLC ORD 2.5P,EUROSTOXX,1.0,script-v2.0,1.0,2026-09-07T13:20:09.779536+02:00,65.8,60.7,97.0,29.0,0.0,4.0,81.0,64.0,17.0,6456296.0,1.32,1.1,,16.97,17.0,15.5027,False,2.1,3.1,False,2010.55,-2.6,True,False,True,Sin señales de recuperación,pass,seguimiento,pendiente,0.0,desconocido,Pendiente de implementar,ausente,eps_stabilization (media): EPS 0.68 vs 0.64 (annual_eps_fallback) | dividend_maintained (baja): Dividendo actual 0.02% con caída del 17.0%,fuerte,seguimiento,1883.5,1959.0,1883.50 - 1959.00,1991.06,2006.0,1991.06 - 2006.00,Pérdida del soporte en 1883.50 | ROE negativo durante 2 trimestres consecutivos | Ampliación de capital dilutiva | Recorte de rating a bono basura,6-12,"BAE SYSTEMS PLC ORD 2.5P está un 17.0% por debajo de su máximo 52s. Fundamentalmente sólida con ROE 18.6%, deuda neta/EBITDA 1.3x. Técnicamente 🔵 RSI en sobreventa, 🟡 MACD convergiendo. Clasificación: seguimiento.","BAE SYSTEMS PLC ORD 2.5P está un 17.0% por debajo de su máximo 52s. Fundamentalmente sólida con ROE 18.6%, deuda neta/EBITDA 1.3x. Técnicamente 🔵 RSI en sobreventa, 🟡 MACD convergiendo. Clasificación: seguimiento.",OK,
MCD,McDonald's Corporation,SP500,1.0,script-v2.0,1.0,2026-09-07T13:20:22.961362+02:00,65.8,69.5,78.0,62.0,0.0,15.0,55.0,43.0,12.0,4592779.0,3.6,-0.5,0.0,15.72,23.7,-9.1258,False,1.2,14.4,False,291.68,-12.3,True,False,True,,pass,entrada_escalada,pendiente,0.0,desconocido,Pendiente de implementar,confirmada,"margin_stabilization (media): Margen gross 58.0% vs 55.9% (+2.1 pp) | eps_stabilization (media): EPS 3.32 vs 2.78 (Diluted EPS) | debt_reduction (alta): Deuda 54604.0M vs 54881.0M | dividend_maintained (baja): Dividendo actual 2.91% con caída del 25.2% | analyst_upgrade (media): Target 315.39 vs precio 255.69 (+23%), recMean 2.06, recKey buy",razonable,entrada_escalada,242.91,255.69,242.91 - 255.69,290.49,291.84,290.49 - 291.84,Pérdida del soporte en 242.91 | ROE negativo durante 2 trimestres consecutivos | Ampliación de capital dilutiva | Recorte de rating a bono basura,12-18,"McDonald's Corporation está un 25.2% por debajo de su máximo 52s. Fundamentalmente sólida con deuda neta/EBITDA 3.6x, dividendo 2.9%. Técnicamente 🟢 Divergencia alcista RSI, 🟢 base_pattern_detected. Clasificación: entrada_escalada.","McDonald's Corporation está un 25.2% por debajo de su máximo 52s. Fundamentalmente sólida con deuda neta/EBITDA 3.6x, dividendo 2.9%. Técnicamente 🟢 Divergencia alcista RSI, 🟢 base_pattern_detected. Clasificación: entrada_escalada.",OK,
MUV2.DE,MUENCHENER RUECKVERS.-GES. AG N,EUROSTOXX,1.0,script-v2.0,1.0,2026-09-07T13:19:32.694421+02:00,65.6,63.8,99.0,33.0,0.0,7.0,71.0,48.0,23.0,274898.0,,9.4,2.4,,11.5,4.9911,False,38.3,68.3,False,504.98,2.4,True,True,True,,pass,seguimiento,pendiente,0.0,desconocido,Pendiente de implementar,parcial,margin_stabilization (media): Margen operating 15.6% vs 13.7% (+1.9 pp) | eps_stabilization (media): EPS 17.50 vs 13.41 (Diluted EPS) | dividend_maintained (baja): Dividendo actual 4.64% con caída del 10.2%,fuerte,seguimiento,504.1,513.42,504.10 - 513.42,489.26,504.65,489.26 - 504.65,Pérdida del soporte en 504.10 | ROE negativo durante 2 trimestres consecutivos | Ampliación de capital dilutiva | Recorte de rating a bono basura,6-12,"MUENCHENER RUECKVERS.-GES. AG N está un 10.2% por debajo de su máximo 52s. Fundamentalmente sólida con ROE 21.3%, D/E 0.24. Técnicamente 🟢 Cruce alcista MACD, 🟢 Cerca de soporte. Clasificación: seguimiento.","MUENCHENER RUECKVERS.-GES. AG N está un 10.2% por debajo de su máximo 52s. Fundamentalmente sólida con ROE 21.3%, D/E 0.24. Técnicamente 🟢 Cruce alcista MACD, 🟢 Cerca de soporte. Clasificación: seguimiento.",OK,
PHIA.AS,KON.PHILIPS N.V.,EUROSTOXX,1.0,script-v2.0,1.0,2026-09-07T13:19:51.247249+02:00,65.2,67.7,81.0,56.0,0.0,15.0,58.0,41.0,17.0,1818636.0,2.35,-7.8,-0.0,11.4,21.1,-0.1072,False,6.9,14.7,False,23.27,-5.2,True,False,True,,pass,entrada_escalada,pendiente,0.0,desconocido,Pendiente de implementar,confirmada,"margin_stabilization (media): Margen gross 49.3% vs 45.2% (+4.1 pp) | eps_stabilization (media): EPS 0.40 vs 0.16 (Diluted EPS) | debt_reduction (alta): Deuda 7465.0M vs 8097.0M | dividend_maintained (baja): Dividendo actual 3.85% con caída del 20.3% | analyst_upgrade (media): Target 27.00 vs precio 22.07 (+22%), recKey none",razonable,entrada_escalada,20.97,22.07,20.97 - 22.07,23.32,23.54,23.32 - 23.54,Pérdida del soporte en 20.97 | ROE negativo durante 2 trimestres consecutivos | Ampliación de capital dilutiva | Recorte de rating a bono basura,6-12,"KON.PHILIPS N.V. está un 20.3% por debajo de su máximo 52s. Fundamentalmente sólida con ROE 10.2%, deuda neta/EBITDA 2.4x. Técnicamente 🔵 RSI en sobreventa, 🟡 Apoyo en MA40 semanal. Clasificación: entrada_escalada.","KON.PHILIPS N.V. está un 20.3% por debajo de su máximo 52s. Fundamentalmente sólida con ROE 10.2%, deuda neta/EBITDA 2.4x. Técnicamente 🔵 RSI en sobreventa, 🟡 Apoyo en MA40 semanal. Clasificación: entrada_escalada.",OK,
SAN.PA,SANOFI,EUROSTOXX,1.0,script-v2.0,1.0,2026-09-07T13:19:44.581325+02:00,65.0,66.4,76.0,58.0,0.0,7.0,61.0,38.0,23.0,2211008.0,1.27,17.8,0.7,8.04,24.5,-0.0661,False,17.1,15.9,True,76.07,-0.2,True,False,True,,pass,seguimiento,pendiente,0.0,desconocido,Pendiente de implementar,parcial,"margin_stabilization (media): Margen gross 75.5% vs 72.1% (+3.4 pp) | dividend_maintained (baja): Dividendo actual 5.43% con caída del 16.7% | analyst_upgrade (media): Target 94.28 vs precio 75.93 (+24%), recMean 2.08, recKey buy",razonable,seguimiento,73.75,75.93,73.75 - 75.93,76.18,77.48,76.18 - 77.48,Pérdida del soporte en 73.75 | ROE negativo durante 2 trimestres consecutivos | Ampliación de capital dilutiva | Recorte de rating a bono basura,6-12,"SANOFI está un 16.7% por debajo de su máximo 52s. Fundamentalmente sólida con ROE 5.7%, deuda neta/EBITDA 1.3x. Técnicamente 🟢 Cerca de soporte, 🟢 Estocástico sale de sobreventa. Clasificación: seguimiento.","SANOFI está un 16.7% por debajo de su máximo 52s. Fundamentalmente sólida con ROE 5.7%, deuda neta/EBITDA 1.3x. Técnicamente 🟢 Cerca de soporte, 🟢 Estocástico sale de sobreventa. Clasificación: seguimiento.",OK,
GPT.AX,GPT STAPLED [GPT],ASX,1.0,script-v2.0,1.0,2026-09-07T13:20:58.970172+02:00,64.7,66.3,78.0,56.0,0.0,4.0,60.0,55.0,5.0,5600426.0,9.11,17.2,,23.52,16.6,-0.0237,False,12.9,11.1,False,4.87,-5.9,False,False,True,Sin señales de recuperación,pass,seguimiento,pendiente,0.0,desconocido,Pendiente de implementar,ausente,eps_stabilization (media): EPS 0.51 vs -0.10 (annual_eps_fallback) | dividend_maintained (baja): Dividendo actual 5.24% con caída del 20.3%,razonable,seguimiento,4.35,4.58,4.35 - 4.58,4.89,4.89,4.89,Pérdida del soporte en 4.35 | ROE negativo durante 2 trimestres consecutivos | Ampliación de capital dilutiva | Recorte de rating a bono basura,6-12,"GPT STAPLED [GPT] está un 20.3% por debajo de su máximo 52s. Fundamentalmente sólida con ROE 10.0%, deuda neta/EBITDA 9.1x. Técnicamente 🔵 RSI en sobreventa, 🟡 MACD convergiendo. Clasificación: seguimiento.","GPT STAPLED [GPT] está un 20.3% por debajo de su máximo 52s. Fundamentalmente sólida con ROE 10.0%, deuda neta/EBITDA 9.1x. Técnicamente 🔵 RSI en sobreventa, 🟡 MACD convergiendo. Clasificación: seguimiento.",OK,
UCB.BR,UCB,EUROSTOXX,1.0,script-v2.0,1.0,2026-09-07T13:19:58.237445+02:00,64.4,66.9,93.0,44.0,0.0,7.0,57.0,45.0,12.0,221163.0,0.84,24.7,,12.86,26.3,-8.3111,False,16.0,25.6,False,244.97,-13.5,True,False,True,,pass,seguimiento,pendiente,0.0,desconocido,Pendiente de implementar,parcial,"eps_stabilization (media): EPS 8.03 vs 1.76 (annual_eps_fallback) | dividend_maintained (baja): Dividendo actual 0.68% con caída del 26.8% | analyst_upgrade (media): Target 285.00 vs precio 212.00 (+34%), recMean 1.60, recKey buy",razonable,seguimiento,201.4,212.0,201.40 - 212.00,246.07,246.1,246.07 - 246.10,Pérdida del soporte en 201.40 | ROE negativo durante 2 trimestres consecutivos | Ampliación de capital dilutiva | Recorte de rating a bono basura,12-18,"UCB está un 26.8% por debajo de su máximo 52s. Fundamentalmente sólida con ROE 20.6%, deuda neta/EBITDA 0.8x. Técnicamente 🟢 Divergencia alcista RSI, 🟢 base_pattern_detected. Clasificación: seguimiento.","UCB está un 26.8% por debajo de su máximo 52s. Fundamentalmente sólida con ROE 20.6%, deuda neta/EBITDA 0.8x. Técnicamente 🟢 Divergencia alcista RSI, 🟢 base_pattern_detected. Clasificación: seguimiento.",OK,
8031.T,MITSUI & CO,ASIA,1.0,script-v2.0,1.0,2026-09-07T13:21:08.470407+02:00,64.4,59.9,78.0,44.0,0.0,4.0,78.0,45.0,33.0,6460144.0,6.44,21.5,,25.12,23.6,-47.1983,True,60.9,65.0,False,5241.87,-2.7,True,True,False,Sin señales de recuperación,pass,descarte,pendiente,0.0,desconocido,Pendiente de implementar,ausente,eps_stabilization (media): EPS 103.65 vs 66.63 (Diluted EPS) | dividend_maintained (baja): Dividendo actual 2.75% con caída del 23.6%,fuerte,descarte,4695.54,4823.96,4695.54 - 4823.96,5124.76,5673.75,5124.76 - 5673.75,Pérdida del soporte en 4695.54 | ROE negativo durante 2 trimestres consecutivos | Ampliación de capital dilutiva | Recorte de rating a bono basura,6-12,"MITSUI & CO está un 23.6% por debajo de su máximo 52s. Fundamentalmente aceptable con ROE 11.4%, deuda neta/EBITDA 6.4x. Técnicamente 🟢 Divergencia alcista RSI, 🟢 Volumen creciente. Clasificación: descarte.","MITSUI & CO está un 23.6% por debajo de su máximo 52s. Fundamentalmente aceptable con ROE 11.4%, deuda neta/EBITDA 6.4x. Técnicamente 🟢 Divergencia alcista RSI, 🟢 Volumen creciente. Clasificación: descarte.",OK,
0083.HK,SINO LAND,ASIA,1.0,script-v2.0,1.0,2026-09-07T13:21:16.073185+02:00,64.2,55.3,59.0,52.0,0.0,7.0,91.0,64.0,27.0,8148177.0,-17.65,107.0,,16.64,20.4,-0.202,True,56.2,44.9,False,11.29,-6.3,True,False,False,,pass,descarte,pendiente,0.0,desconocido,Pendiente de implementar,parcial,"eps_stabilization (media): EPS 0.49 vs 0.45 (annual_eps_fallback) | dividend_maintained (baja): Dividendo actual 5.49% con caída del 20.5% | analyst_upgrade (media): Target 12.94 vs precio 10.57 (+22%), recMean 1.60, recKey buy",fuerte,descarte,10.22,10.51,10.22 - 10.51,11.2,11.3,11.20 - 11.30,Pérdida del soporte en 10.22 | ROE negativo durante 2 trimestres consecutivos | Ampliación de capital dilutiva | Recorte de rating a bono basura,6-12,"SINO LAND está un 20.5% por debajo de su máximo 52s. Fundamentalmente aceptable con ROE 2.7%, deuda neta/EBITDA -17.6x. Técnicamente 🟢 Divergencia alcista RSI, 🟢 Cruce alcista MACD. Clasificación: descarte.","SINO LAND está un 20.5% por debajo de su máximo 52s. Fundamentalmente aceptable con ROE 2.7%, deuda neta/EBITDA -17.6x. Técnicamente 🟢 Divergencia alcista RSI, 🟢 Cruce alcista MACD. Clasificación: descarte.",OK,
8002.T,MARUBENI CORP,ASIA,1.0,script-v2.0,1.0,2026-09-07T13:21:12.893573+02:00,64.2,63.5,95.0,36.0,0.0,1.0,66.0,33.0,33.0,4489401.0,3.96,0.5,,20.17,17.9,-7.2062,True,77.7,76.6,False,5214.36,-1.3,True,True,True,Sin señales de recuperación,pass,seguimiento,pendiente,0.0,desconocido,Pendiente de implementar,ausente,dividend_maintained (baja): Dividendo actual 2.23% con caída del 18.7%,razonable,seguimiento,4798.26,5004.98,4798.26 - 5004.98,5096.87,5378.8,5096.87 - 5378.80,Pérdida del soporte en 4798.26 | ROE negativo durante 2 trimestres consecutivos | Ampliación de capital dilutiva | Recorte de rating a bono basura,6-12,"MARUBENI CORP está un 18.7% por debajo de su máximo 52s. Fundamentalmente sólida con ROE 14.2%, deuda neta/EBITDA 4.0x. Técnicamente 🟢 Divergencia alcista RSI, 🟢 MACD semanal girando al alza. Clasificación: seguimiento.","MARUBENI CORP está un 18.7% por debajo de su máximo 52s. Fundamentalmente sólida con ROE 14.2%, deuda neta/EBITDA 4.0x. Técnicamente 🟢 Divergencia alcista RSI, 🟢 MACD semanal girando al alza. Clasificación: seguimiento.",OK,
0066.HK,MTR CORPORATION,ASIA,1.0,script-v2.0,1.0,2026-09-07T13:21:15.966298+02:00,64.1,71.1,93.0,52.0,0.0,1.0,43.0,25.0,18.0,5725571.0,1.6,119.5,,7.44,9.0,0.4727,False,81.4,62.6,False,31.96,3.6,True,True,True,Sin señales de recuperación,pass,seguimiento,pendiente,0.0,desconocido,Pendiente de implementar,ausente,dividend_maintained (baja): Dividendo actual 3.96% con caída del 12.6%,incompleto,seguimiento,31.07,32.01,31.07 - 32.01,31.67,32.2,31.67 - 32.20,Pérdida del soporte en 31.07 | ROE negativo durante 2 trimestres consecutivos | Ampliación de capital dilutiva | Recorte de rating a bono basura,6-12,"MTR CORPORATION está un 12.6% por debajo de su máximo 52s. Fundamentalmente sólida con ROE 11.1%, deuda neta/EBITDA 1.6x. Técnicamente 🟡 MACD convergiendo, 🟢 base_pattern_detected. Clasificación: seguimiento.","MTR CORPORATION está un 12.6% por debajo de su máximo 52s. Fundamentalmente sólida con ROE 11.1%, deuda neta/EBITDA 1.6x. Técnicamente 🟡 MACD convergiendo, 🟢 base_pattern_detected. Clasificación: seguimiento.",OK,
C6L.SI,SIA,ASIA,1.0,script-v2.0,1.0,2026-09-07T13:21:23.577978+02:00,64.1,65.5,74.0,58.0,0.0,1.0,60.0,55.0,5.0,7974050.0,0.09,0.0,4.7,5.1,15.0,0.071,False,13.5,16.7,False,6.82,-1.4,False,False,True,Sin señales de recuperación,pass,seguimiento,pendiente,0.0,desconocido,Pendiente de implementar,ausente,dividend_maintained (baja): Dividendo actual 6.54% con caída del 15.0%,razonable,seguimiento,6.25,6.73,6.25 - 6.73,6.73,6.79,6.73 - 6.79,Pérdida del soporte en 6.25 | ROE negativo durante 2 trimestres consecutivos | Ampliación de capital dilutiva | Recorte de rating a bono basura,6-12,"SIA está un 15.0% por debajo de su máximo 52s. Fundamentalmente sólida con ROE 7.2%, deuda neta/EBITDA 0.1x. Técnicamente 🔵 RSI en sobreventa, 🟡 MACD convergiendo. Clasificación: seguimiento.","SIA está un 15.0% por debajo de su máximo 52s. Fundamentalmente sólida con ROE 7.2%, deuda neta/EBITDA 0.1x. Técnicamente 🔵 RSI en sobreventa, 🟡 MACD convergiendo. Clasificación: seguimiento.",OK,
AVGO,Broadcom Inc.,SP500,1.0,script-v2.0,1.0,2026-09-07T13:20:48.159779+02:00,64.0,61.6,100.0,28.0,0.0,15.0,71.0,54.0,17.0,24575866.0,0.68,-10.0,7.3,33.45,27.6,4.3301,False,35.8,29.8,False,367.44,-2.6,True,False,True,,pass,entrada_directa,pendiente,0.0,desconocido,Pendiente de implementar,confirmada,"margin_stabilization (media): Margen gross 69.5% vs 68.1% (+1.3 pp) | eps_stabilization (media): EPS 2.68 vs 1.91 (Diluted EPS) | debt_reduction (alta): Deuda 59419.0M vs 66057.0M | dividend_maintained (baja): Dividendo actual 0.73% con caída del 27.7% | analyst_upgrade (media): Target 533.41 vs precio 357.89 (+49%), recMean 1.27, recKey strong_buy",fuerte,entrada_directa,307.38,357.9,307.38 - 357.90,369.03,420.75,369.03 - 420.75,Pérdida del soporte en 307.38 | ROE negativo durante 2 trimestres consecutivos | Ampliación de capital dilutiva | Recorte de rating a bono basura,12-18,"Broadcom Inc. está un 27.7% por debajo de su máximo 52s. Fundamentalmente sólida con ROE 44.2%, deuda neta/EBITDA 0.7x. Técnicamente 🟡 MACD convergiendo, 🟢 Volumen creciente. Clasificación: entrada_directa.","Broadcom Inc. está un 27.7% por debajo de su máximo 52s. Fundamentalmente sólida con ROE 44.2%, deuda neta/EBITDA 0.7x. Técnicamente 🟡 MACD convergiendo, 🟢 Volumen creciente. Clasificación: entrada_directa.",OK,
7751.T,CANON INC,ASIA,1.0,script-v2.0,1.0,2026-09-07T13:21:08.485362+02:00,63.9,68.5,92.0,48.0,0.0,1.0,50.0,27.0,23.0,3950428.0,0.72,34.2,,6.4,9.1,77.0417,False,15.6,46.4,False,4418.44,1.9,True,True,True,Sin señales de recuperación,pass,seguimiento,pendiente,0.0,desconocido,Pendiente de implementar,ausente,dividend_maintained (baja): Dividendo actual 3.55% con caída del 10.6%,razonable,seguimiento,4242.96,4484.8,4242.96 - 4484.80,4278.05,4414.49,4278.05 - 4414.49,Pérdida del soporte en 4242.96 | ROE negativo durante 2 trimestres consecutivos | Ampliación de capital dilutiva | Recorte de rating a bono basura,6-12,"CANON INC está un 10.6% por debajo de su máximo 52s. Fundamentalmente sólida con ROE 10.4%, deuda neta/EBITDA 0.7x. Técnicamente 🟡 Apoyo en MA40 semanal, 🟢 base_pattern_detected. Clasificación: seguimiento.","CANON INC está un 10.6% por debajo de su máximo 52s. Fundamentalmente sólida con ROE 10.4%, deuda neta/EBITDA 0.7x. Técnicamente 🟡 Apoyo en MA40 semanal, 🟢 base_pattern_detected. Clasificación: seguimiento.",OK,
WMT,Walmart Inc.,SP500,1.0,script-v2.0,1.0,2026-09-07T13:20:28.415182+02:00,63.9,58.2,95.0,26.0,0.0,7.0,81.0,64.0,17.0,24355206.0,1.44,1.2,-0.4,20.88,20.5,-3.222,False,34.6,35.1,False,118.61,-9.7,True,False,False,,pass,descarte,pendiente,0.0,desconocido,Pendiente de implementar,parcial,margin_stabilization (media): Margen gross 26.1% vs 25.1% (+1.0 pp) | eps_stabilization (media): EPS 0.80 vs 0.67 (Diluted EPS) | dividend_maintained (baja): Dividendo actual 0.92% con caída del 20.7%,fuerte,descarte,102.21,107.14,102.21 - 107.14,114.89,118.15,114.89 - 118.15,Pérdida del soporte en 102.21 | ROE negativo durante 2 trimestres consecutivos | Ampliación de capital dilutiva | Recorte de rating a bono basura,6-12,"Walmart Inc. está un 20.7% por debajo de su máximo 52s. Fundamentalmente aceptable con ROE 22.3%, deuda neta/EBITDA 1.4x. Técnicamente 🟢 Divergencia alcista RSI, 🟢 Cruce alcista MACD. Clasificación: descarte.","Walmart Inc. está un 20.7% por debajo de su máximo 52s. Fundamentalmente aceptable con ROE 22.3%, deuda neta/EBITDA 1.4x. Técnicamente 🟢 Divergencia alcista RSI, 🟢 Cruce alcista MACD. Clasificación: descarte.",OK,
0012.HK,HENDERSON LAND,ASIA,1.0,script-v2.0,1.0,2026-09-07T13:21:15.366319+02:00,63.5,53.9,55.0,53.0,0.0,1.0,92.0,75.0,17.0,8906980.0,20.38,90.3,,42.41,22.1,-0.3879,False,23.6,21.4,False,28.62,-7.2,True,False,False,Sin señales de recuperación,pass,descarte,pendiente,0.0,desconocido,Pendiente de implementar,ausente,dividend_maintained (baja): Dividendo actual 4.74% con caída del 25.5%,fuerte,descarte,26.41,26.56,26.41 - 26.56,28.67,30.31,28.67 - 30.31,Pérdida del soporte en 26.41 | ROE negativo durante 2 trimestres consecutivos | Ampliación de capital dilutiva | Recorte de rating a bono basura,12-18,"HENDERSON LAND está un 25.5% por debajo de su máximo 52s. Fundamentalmente aceptable con ROE 2.5%, deuda neta/EBITDA 20.4x. Técnicamente 🔵 RSI recuperándose de sobreventa, 🟢 Divergencia alcista RSI. Clasificación: descarte.","HENDERSON LAND está un 25.5% por debajo de su máximo 52s. Fundamentalmente aceptable con ROE 2.5%, deuda neta/EBITDA 20.4x. Técnicamente 🔵 RSI recuperándose de sobreventa, 🟢 Divergencia alcista RSI. Clasificación: descarte.",OK,
SRE,DBA Sempra,SP500,1.0,script-v2.0,1.0,2026-09-07T13:20:39.468796+02:00,63.4,51.5,67.0,38.0,0.0,7.0,99.0,82.0,17.0,3943711.0,6.23,0.6,-5.8,17.4,16.2,-1.5227,False,52.0,53.1,False,90.3,-6.9,True,False,False,,pass,descarte,pendiente,0.0,desconocido,Pendiente de implementar,parcial,"margin_stabilization (media): Margen gross 54.7% vs 52.6% (+2.1 pp) | dividend_maintained (baja): Dividendo actual 3.13% con caída del 16.8% | analyst_upgrade (media): Target 101.82 vs precio 84.04 (+21%), recMean 1.58, recKey buy",fuerte,descarte,83.16,84.04,83.16 - 84.04,85.88,90.21,85.88 - 90.21,Pérdida del soporte en 83.16 | ROE negativo durante 2 trimestres consecutivos | Ampliación de capital dilutiva | Recorte de rating a bono basura,6-12,"DBA Sempra está un 16.8% por debajo de su máximo 52s. Fundamentalmente aceptable con ROE 6.7%, deuda neta/EBITDA 6.2x. Técnicamente 🔵 RSI recuperándose de sobreventa, 🟢 Divergencia alcista RSI. Clasificación: descarte.","DBA Sempra está un 16.8% por debajo de su máximo 52s. Fundamentalmente aceptable con ROE 6.7%, deuda neta/EBITDA 6.2x. Técnicamente 🔵 RSI recuperándose de sobreventa, 🟢 Divergencia alcista RSI. Clasificación: descarte.",OK,
GIS,"General Mills, Inc.",SP500,1.0,script-v2.0,1.0,2026-09-07T13:20:44.547044+02:00,63.1,64.5,64.0,65.0,0.0,9.0,59.0,36.0,23.0,9704182.0,-0.12,-100.0,0.1,6.79,44.2,-0.0619,False,13.5,37.5,False,38.73,-1.1,True,True,True,,pass,seguimiento,pendiente,0.0,desconocido,Pendiente de implementar,parcial,margin_stabilization (media): Margen gross 34.8% vs 30.8% (+4.0 pp) | debt_reduction (alta): Deuda 0.0M vs 13967.7M | dividend_maintained (baja): Dividendo actual 6.37% con caída del 25.4%,razonable,seguimiento,37.68,37.69,37.68 - 37.69,38.9,43.63,38.90 - 43.63,Pérdida del soporte en 37.68 | ROE negativo durante 2 trimestres consecutivos | Ampliación de capital dilutiva | Recorte de rating a bono basura,12-18,"General Mills, Inc. está un 25.4% por debajo de su máximo 52s. Fundamentalmente sólida con ROE -1.0%, deuda neta/EBITDA -0.1x. Técnicamente 🟢 Cerca de soporte, 🟡 Apoyo en MA40 semanal. Clasificación: seguimiento.","General Mills, Inc. está un 25.4% por debajo de su máximo 52s. Fundamentalmente sólida con ROE -1.0%, deuda neta/EBITDA -0.1x. Técnicamente 🟢 Cerca de soporte, 🟡 Apoyo en MA40 semanal. Clasificación: seguimiento.",OK,
SHEL.L,SHELL PLC ORD EUR0.07,EUROSTOXX,1.0,script-v2.0,1.0,2026-09-07T13:20:04.115398+02:00,62.9,64.9,98.0,36.0,0.0,12.0,57.0,39.0,18.0,9570951.0,0.72,-3.4,9.3,4.07,7.2,99.3678,False,98.1,84.9,False,3115.62,11.9,True,True,True,,pass,entrada_escalada,pendiente,0.0,desconocido,Pendiente de implementar,confirmada,margin_stabilization (media): Margen gross 19.5% vs 19.3% (+0.2 pp) | eps_stabilization (media): EPS 1.92 vs 1.00 (Diluted EPS) | debt_reduction (alta): Deuda 73076.0M vs 75644.0M | dividend_maintained (baja): Dividendo actual 0.03% con caída del 7.2%,razonable,entrada_escalada,3250.28,3431.29,3250.28 - 3431.29,3087.13,3194.72,3087.13 - 3194.72,Pérdida del soporte en 3431.29 | ROE negativo durante 2 trimestres consecutivos | Ampliación de capital dilutiva | Recorte de rating a bono basura,6-12,"SHELL PLC ORD EUR0.07 está un 7.2% por debajo de su máximo 52s. Fundamentalmente sólida con ROE 14.3%, deuda neta/EBITDA 0.7x. Técnicamente 🟢 Cruce alcista MACD, 🟢 Cerca de soporte. Clasificación: entrada_escalada.","SHELL PLC ORD EUR0.07 está un 7.2% por debajo de su máximo 52s. Fundamentalmente sólida con ROE 14.3%, deuda neta/EBITDA 0.7x. Técnicamente 🟢 Cruce alcista MACD, 🟢 Cerca de soporte. Clasificación: entrada_escalada.",OK,
IBM,International Business Machines,SP500,1.0,script-v2.0,1.0,2026-09-07T13:20:30.440287+02:00,62.9,58.8,94.0,28.0,0.0,12.0,75.0,48.0,27.0,8910565.0,3.47,-6.5,0.1,16.91,28.8,-7.2857,True,50.0,45.5,False,257.96,-8.9,True,False,False,,pass,descarte,pendiente,0.0,desconocido,Pendiente de implementar,confirmada,margin_stabilization (media): Margen gross 57.7% vs 56.2% (+1.5 pp) | eps_stabilization (media): EPS 2.27 vs 1.28 (Diluted EPS) | debt_reduction (alta): Deuda 65272.0M vs 69802.0M | dividend_maintained (baja): Dividendo actual 2.88% con caída del 29.3%,fuerte,descarte,223.98,234.89,223.98 - 234.89,259.0,282.59,259.00 - 282.59,Pérdida del soporte en 223.98 | ROE negativo durante 2 trimestres consecutivos | Ampliación de capital dilutiva | Recorte de rating a bono basura,12-18,"International Business Machines está un 29.3% por debajo de su máximo 52s. Fundamentalmente aceptable con ROE 34.5%, deuda neta/EBITDA 3.5x. Técnicamente 🟢 Divergencia alcista RSI, 🟢 Cerca de soporte. Clasificación: descarte.","International Business Machines está un 29.3% por debajo de su máximo 52s. Fundamentalmente aceptable con ROE 34.5%, deuda neta/EBITDA 3.5x. Técnicamente 🟢 Divergencia alcista RSI, 🟢 Cerca de soporte. Clasificación: descarte.",OK,
VOW3.DE,VOLKSWAGEN AG                 V,EUROSTOXX,1.0,script-v2.0,1.0,2026-09-07T13:19:32.760637+02:00,62.8,56.3,51.0,61.0,0.0,10.0,82.0,55.0,27.0,1054623.0,11.1,43.9,-2.5,13.98,20.7,-2.2072,True,78.7,76.3,False,84.85,-4.4,True,False,False,,pass,descarte,pendiente,0.0,desconocido,Pendiente de implementar,parcial,"margin_stabilization (media): Margen gross 15.1% vs 15.5% (-0.4 pp) | eps_stabilization (media): EPS 2.56 vs 2.55 (Diluted EPS) | dividend_maintained (baja): Dividendo actual 6.48% con caída del 25.6% | analyst_upgrade (media): Target 104.50 vs precio 81.16 (+29%), recMean 2.10, recKey buy",fuerte,descarte,74.27,79.79,74.27 - 79.79,85.02,92.78,85.02 - 92.78,Pérdida del soporte en 79.79 | ROE negativo durante 2 trimestres consecutivos | Ampliación de capital dilutiva | Recorte de rating a bono basura,12-18,"VOLKSWAGEN AG                 V está un 25.6% por debajo de su máximo 52s. Fundamentalmente aceptable con ROE 2.8%, deuda neta/EBITDA 11.1x. Técnicamente 🟢 Divergencia alcista RSI, 🟢 Volumen creciente. Clasificación: descarte.","VOLKSWAGEN AG                 V está un 25.6% por debajo de su máximo 52s. Fundamentalmente aceptable con ROE 2.8%, deuda neta/EBITDA 11.1x. Técnicamente 🟢 Divergencia alcista RSI, 🟢 Volumen creciente. Clasificación: descarte.",OK,
PG,Procter & Gamble Company (The),SP500,1.0,script-v2.0,1.0,2026-09-07T13:20:12.849634+02:00,62.8,55.7,100.0,17.0,0.0,6.0,84.0,57.0,27.0,8941566.0,1.01,-5.4,0.7,14.8,15.1,-0.4772,True,69.1,78.1,False,146.16,0.2,True,False,False,,pass,descarte,pendiente,0.0,desconocido,Pendiente de implementar,parcial,debt_reduction (alta): Deuda 35025.0M vs 37026.0M | dividend_maintained (baja): Dividendo actual 2.97% con caída del 12.4%,fuerte,descarte,141.85,146.3,141.85 - 146.30,142.16,145.83,142.16 - 145.83,Pérdida del soporte en 141.85 | ROE negativo durante 2 trimestres consecutivos | Ampliación de capital dilutiva | Recorte de rating a bono basura,6-12,"Procter & Gamble Company (The) está un 12.4% por debajo de su máximo 52s. Fundamentalmente aceptable con ROE 30.3%, deuda neta/EBITDA 1.0x. Técnicamente 🟢 Divergencia alcista RSI, 🟢 Cruce alcista MACD. Clasificación: descarte.","Procter & Gamble Company (The) está un 12.4% por debajo de su máximo 52s. Fundamentalmente aceptable con ROE 30.3%, deuda neta/EBITDA 1.0x. Técnicamente 🟢 Divergencia alcista RSI, 🟢 Cruce alcista MACD. Clasificación: descarte.",OK,
051910.KS,LGCHEM,ASIA,1.0,script-v2.0,1.0,2026-09-07T13:21:19.381529+02:00,62.4,58.2,47.0,68.0,0.0,10.0,75.0,53.0,22.0,222018.0,5.53,13.1,-1.5,12.64,36.1,-17870.8891,True,57.7,64.6,False,322076.27,-13.2,True,False,False,,pass,descarte,pendiente,0.0,desconocido,Pendiente de implementar,parcial,"margin_stabilization (media): Margen gross 21.1% vs 18.9% (+2.2 pp) | eps_stabilization (media): EPS 1445.00 vs -4449.00 (Diluted EPS) | dividend_maintained (baja): Dividendo actual 0.72% con caída del 36.1% | analyst_upgrade (media): Target 404200.00 vs precio 279500.00 (+45%), recKey none",fuerte,descarte,266000.0,266810.0,266000.00 - 266810.00,326696.68,371875.0,326696.68 - 371875.00,Pérdida del soporte en 266000.00 | ROE negativo durante 2 trimestres consecutivos | Ampliación de capital dilutiva | Recorte de rating a bono basura,12-18,"LGCHEM está un 36.1% por debajo de su máximo 52s. Fundamentalmente aceptable con ROE -5.7%, deuda neta/EBITDA 5.5x. Técnicamente 🟢 Divergencia alcista RSI, 🟢 Cerca de soporte. Clasificación: descarte.","LGCHEM está un 36.1% por debajo de su máximo 52s. Fundamentalmente aceptable con ROE -5.7%, deuda neta/EBITDA 5.5x. Técnicamente 🟢 Divergencia alcista RSI, 🟢 Cerca de soporte. Clasificación: descarte.",OK,
005930.KS,SamsungElec,ASIA,1.0,script-v2.0,1.0,2026-09-07T13:21:18.719848+02:00,62.3,66.8,78.0,57.0,0.0,15.0,49.0,37.0,12.0,27912493.0,-0.74,-20.4,3.3,6.71,27.8,15960.9883,False,64.3,35.9,False,225447.45,19.8,True,False,True,,pass,entrada_escalada,pendiente,0.0,desconocido,Pendiente de implementar,confirmada,"margin_stabilization (media): Margen gross 69.6% vs 61.2% (+8.4 pp) | eps_stabilization (media): EPS 10733.00 vs 7056.00 (Diluted EPS) | debt_reduction (alta): Deuda 22408721.3M vs 28138794.0M | dividend_maintained (baja): Dividendo actual 0.55% con caída del 27.9% | analyst_upgrade (media): Target 472178.47 vs precio 270000.00 (+75%), recMean 1.35, recKey strong_buy",razonable,entrada_escalada,261711.38,264322.52,261711.38 - 264322.52,212209.6,318325.0,212209.60 - 318325.00,Pérdida del soporte en 261711.38 | ROE negativo durante 2 trimestres consecutivos | Ampliación de capital dilutiva | Recorte de rating a bono basura,12-18,"SamsungElec está un 27.9% por debajo de su máximo 52s. Fundamentalmente sólida con ROE 30.8%, deuda neta/EBITDA -0.7x. Técnicamente 🟢 Divergencia alcista RSI, 🟢 Cerca de soporte. Clasificación: entrada_escalada.","SamsungElec está un 27.9% por debajo de su máximo 52s. Fundamentalmente sólida con ROE 30.8%, deuda neta/EBITDA -0.7x. Técnicamente 🟢 Divergencia alcista RSI, 🟢 Cerca de soporte. Clasificación: entrada_escalada.",OK,
6758.T,SONY GROUP CORPORATION,ASIA,1.0,script-v2.0,1.0,2026-09-07T13:21:06.509258+02:00,61.9,68.2,89.0,50.0,0.0,10.0,43.0,25.0,18.0,17793093.0,-0.14,12.0,0.2,11.02,20.5,80.2459,False,30.1,47.8,False,3547.63,6.6,True,True,True,,pass,pendiente_confirmacion,pendiente,0.0,desconocido,Pendiente de implementar,parcial,"margin_stabilization (media): Margen gross 36.7% vs 30.8% (+5.9 pp) | eps_stabilization (media): EPS 57.82 vs 13.89 (Diluted EPS) | dividend_maintained (baja): Dividendo actual 0.93% con caída del 20.9% | analyst_upgrade (media): Target 4847.73 vs precio 3780.00 (+28%), recMean 1.35, recKey strong_buy",incompleto,pendiente_confirmacion,3622.86,3655.0,3622.86 - 3655.00,3626.03,4059.6,3626.03 - 4059.60,Pérdida del soporte en 3655.00 | ROE negativo durante 2 trimestres consecutivos | Ampliación de capital dilutiva | Recorte de rating a bono basura,6-12,"SONY GROUP CORPORATION está un 20.9% por debajo de su máximo 52s. Fundamentalmente sólida con ROE 13.2%, deuda neta/EBITDA -0.1x. Técnicamente 🟢 Cerca de soporte, 🟢 base_pattern_detected. Clasificación: pendiente_confirmacion.","SONY GROUP CORPORATION está un 20.9% por debajo de su máximo 52s. Fundamentalmente sólida con ROE 13.2%, deuda neta/EBITDA -0.1x. Técnicamente 🟢 Cerca de soporte, 🟢 base_pattern_detected. Clasificación: pendiente_confirmacion.",OK,
0006.HK,POWER ASSETS,ASIA,1.0,script-v2.0,1.0,2026-09-07T13:21:14.417059+02:00,61.9,64.9,98.0,36.0,0.0,9.0,53.0,30.0,23.0,3106201.0,-111.13,-16.6,,224.83,6.7,0.7205,False,47.2,39.8,False,58.94,2.7,True,True,True,,pass,seguimiento,pendiente,0.0,desconocido,Pendiente de implementar,parcial,eps_stabilization (media): EPS 2.93 vs 2.82 (annual_eps_fallback) | debt_reduction (alta): Deuda 2770.0M vs 3320.0M | dividend_maintained (baja): Dividendo actual 4.66% con caída del 9.7%,razonable,seguimiento,56.82,58.93,56.82 - 58.93,56.99,57.95,56.99 - 57.95,Pérdida del soporte en 56.82 | ROE negativo durante 2 trimestres consecutivos | Ampliación de capital dilutiva | Recorte de rating a bono basura,6-12,"POWER ASSETS está un 9.7% por debajo de su máximo 52s. Fundamentalmente sólida con ROE 18.6%, deuda neta/EBITDA -111.1x. Técnicamente 🟡 MACD convergiendo, 🟡 Apoyo en MA40 semanal. Clasificación: seguimiento.","POWER ASSETS está un 9.7% por debajo de su máximo 52s. Fundamentalmente sólida con ROE 18.6%, deuda neta/EBITDA -111.1x. Técnicamente 🟡 MACD convergiendo, 🟡 Apoyo en MA40 semanal. Clasificación: seguimiento.",OK,
RIO.L,RIO TINTO PLC ORD 10P,EUROSTOXX,1.0,script-v2.0,1.0,2026-09-07T13:20:07.525745+02:00,61.6,72.8,100.0,49.0,0.0,6.0,28.0,16.0,12.0,3008686.0,0.58,-2.8,,6.28,16.1,217.5993,False,79.1,77.5,False,7032.62,8.7,True,False,True,,pass,pendiente_confirmacion,pendiente,0.0,desconocido,Pendiente de implementar,parcial,debt_reduction (alta): Deuda 22852.0M vs 23517.0M | dividend_maintained (baja): Dividendo actual 0.05% con caída del 16.1%,incompleto,pendiente_confirmacion,7183.4,7209.74,7183.40 - 7209.74,6940.39,7749.45,6940.39 - 7749.45,Pérdida del soporte en 7209.74 | ROE negativo durante 2 trimestres consecutivos | Ampliación de capital dilutiva | Recorte de rating a bono basura,6-12,"RIO TINTO PLC ORD 10P está un 16.1% por debajo de su máximo 52s. Fundamentalmente sólida con ROE 19.3%, deuda neta/EBITDA 0.6x. Técnicamente 🟢 Divergencia alcista RSI, 🟢 base_pattern_detected. Clasificación: pendiente_confirmacion.","RIO TINTO PLC ORD 10P está un 16.1% por debajo de su máximo 52s. Fundamentalmente sólida con ROE 19.3%, deuda neta/EBITDA 0.6x. Técnicamente 🟢 Divergencia alcista RSI, 🟢 base_pattern_detected. Clasificación: pendiente_confirmacion.",OK,
WY,Weyerhaeuser Company,SP500,1.0,script-v2.0,1.0,2026-09-07T13:20:46.582894+02:00,61.1,52.5,69.0,38.0,0.0,12.0,87.0,64.0,23.0,5417192.0,7.15,-0.0,0.2,31.27,27.8,-0.0305,False,16.0,10.2,True,24.01,-4.1,True,False,False,,pass,descarte,pendiente,0.0,desconocido,Pendiente de implementar,confirmada,"eps_stabilization (media): EPS 0.23 vs 0.22 (Diluted EPS) | debt_reduction (alta): Deuda 5449.0M vs 5449.0M | dividend_maintained (baja): Dividendo actual 3.65% con caída del 17.0% | analyst_upgrade (media): Target 31.00 vs precio 23.02 (+35%), recMean 1.67, recKey buy",fuerte,descarte,22.1,23.02,22.10 - 23.02,23.59,23.83,23.59 - 23.83,Pérdida del soporte en 22.10 | ROE negativo durante 2 trimestres consecutivos | Ampliación de capital dilutiva | Recorte de rating a bono basura,6-12,"Weyerhaeuser Company está un 17.0% por debajo de su máximo 52s. Fundamentalmente aceptable con ROE 5.0%, deuda neta/EBITDA 7.2x. Técnicamente 🔵 RSI recuperándose de sobreventa, 🟡 MACD convergiendo. Clasificación: descarte.","Weyerhaeuser Company está un 17.0% por debajo de su máximo 52s. Fundamentalmente aceptable con ROE 5.0%, deuda neta/EBITDA 7.2x. Técnicamente 🔵 RSI recuperándose de sobreventa, 🟡 MACD convergiendo. Clasificación: descarte.",OK,
DUK,Duke Energy Corporation (Holdin,SP500,1.0,script-v2.0,1.0,2026-09-07T13:20:37.577380+02:00,60.8,63.5,88.0,42.0,0.0,1.0,53.0,36.0,17.0,4009284.0,5.51,1.5,1.6,11.34,9.0,-0.2758,False,17.8,25.5,False,122.54,-1.9,True,False,True,Sin señales de recuperación,pass,seguimiento,pendiente,0.0,desconocido,Pendiente de implementar,ausente,dividend_maintained (baja): Dividendo actual 3.61% con caída del 10.6%,razonable,seguimiento,114.21,120.22,114.21 - 120.22,114.32,122.34,114.32 - 122.34,Pérdida del soporte en 114.21 | ROE negativo durante 2 trimestres consecutivos | Ampliación de capital dilutiva | Recorte de rating a bono basura,6-12,"Duke Energy Corporation (Holdin está un 10.6% por debajo de su máximo 52s. Fundamentalmente sólida con ROE 9.9%, deuda neta/EBITDA 5.5x. Técnicamente 🔵 RSI recuperándose de sobreventa, 🟡 Apoyo en MA40 semanal. Clasificación: seguimiento.","Duke Energy Corporation (Holdin está un 10.6% por debajo de su máximo 52s. Fundamentalmente sólida con ROE 9.9%, deuda neta/EBITDA 5.5x. Técnicamente 🔵 RSI recuperándose de sobreventa, 🟡 Apoyo en MA40 semanal. Clasificación: seguimiento.",OK,
DSY.PA,DASSAULT SYSTEMES,EUROSTOXX,1.0,script-v2.0,1.0,2026-09-07T13:19:47.983850+02:00,60.4,67.9,94.0,45.0,0.0,7.0,38.0,32.0,6.0,2025457.0,-1.36,36.2,0.0,15.18,48.8,0.2815,False,5.9,22.6,False,19.99,3.3,False,True,True,,pass,pendiente_confirmacion,pendiente,0.0,desconocido,Pendiente de implementar,parcial,margin_stabilization (media): Margen gross 84.1% vs 84.0% (+0.1 pp) | eps_stabilization (media): EPS 0.22 vs 0.22 (Diluted EPS) | dividend_maintained (baja): Dividendo actual 1.31% con caída del 32.0%,incompleto,pendiente_confirmacion,19.69,20.45,19.69 - 20.45,20.14,25.81,20.14 - 25.81,Pérdida del soporte en 19.69 | ROE negativo durante 2 trimestres consecutivos | Ampliación de capital dilutiva | Recorte de rating a bono basura,12-18,"DASSAULT SYSTEMES está un 32.0% por debajo de su máximo 52s. Fundamentalmente sólida con ROE 15.1%, deuda neta/EBITDA -1.4x. Técnicamente 🟢 Cerca de soporte, 🟡 trendline_break. Clasificación: pendiente_confirmacion.","DASSAULT SYSTEMES está un 32.0% por debajo de su máximo 52s. Fundamentalmente sólida con ROE 15.1%, deuda neta/EBITDA -1.4x. Técnicamente 🟢 Cerca de soporte, 🟡 trendline_break. Clasificación: pendiente_confirmacion.",OK,
VIE.PA,VEOLIA ENVIRON.,EUROSTOXX,1.0,script-v2.0,1.0,2026-09-07T13:19:46.471902+02:00,60.4,56.1,62.0,51.0,0.0,4.0,73.0,68.0,5.0,1643918.0,4.21,67.3,,8.71,15.3,0.2015,False,12.1,10.9,False,32.85,-2.9,False,False,False,Sin señales de recuperación,pass,descarte,pendiente,0.0,desconocido,Pendiente de implementar,ausente,"dividend_maintained (baja): Dividendo actual 4.70% con caída del 15.3% | analyst_upgrade (media): Target 39.35 vs precio 31.91 (+23%), recMean 1.72, recKey buy",fuerte,descarte,30.32,31.91,30.32 - 31.91,32.01,32.64,32.01 - 32.64,Pérdida del soporte en 30.32 | ROE negativo durante 2 trimestres consecutivos | Ampliación de capital dilutiva | Recorte de rating a bono basura,6-12,"VEOLIA ENVIRON. está un 15.3% por debajo de su máximo 52s. Fundamentalmente aceptable con ROE 13.4%, deuda neta/EBITDA 4.2x. Técnicamente 🔵 RSI en sobreventa, 🟡 MACD convergiendo. Clasificación: descarte.","VEOLIA ENVIRON. está un 15.3% por debajo de su máximo 52s. Fundamentalmente aceptable con ROE 13.4%, deuda neta/EBITDA 4.2x. Técnicamente 🔵 RSI en sobreventa, 🟡 MACD convergiendo. Clasificación: descarte.",OK,
HRL,Hormel Foods Corporation,SP500,1.0,script-v2.0,1.0,2026-09-07T13:20:42.929983+02:00,60.3,57.4,59.0,56.0,0.0,9.0,69.0,64.0,5.0,4410630.0,-0.26,-91.2,0.0,9.12,31.0,0.0641,False,10.8,16.7,False,23.09,-6.7,False,False,False,,pass,descarte,pendiente,0.0,desconocido,Pendiente de implementar,parcial,"debt_reduction (alta): Deuda 250.0M vs 2856.3M | dividend_maintained (baja): Dividendo actual 5.43% con caída del 19.0% | analyst_upgrade (media): Target 26.12 vs precio 21.54 (+21%), recMean 2.60, recKey hold",razonable,descarte,20.69,21.54,20.69 - 21.54,22.61,23.0,22.61 - 23.00,Pérdida del soporte en 20.69 | ROE negativo durante 2 trimestres consecutivos | Ampliación de capital dilutiva | Recorte de rating a bono basura,6-12,"Hormel Foods Corporation está un 19.0% por debajo de su máximo 52s. Fundamentalmente aceptable con ROE 4.3%, deuda neta/EBITDA -0.3x. Técnicamente 🔵 RSI en sobreventa, 🟡 MACD convergiendo. Clasificación: descarte.","Hormel Foods Corporation está un 19.0% por debajo de su máximo 52s. Fundamentalmente aceptable con ROE 4.3%, deuda neta/EBITDA -0.3x. Técnicamente 🔵 RSI en sobreventa, 🟡 MACD convergiendo. Clasificación: descarte.",OK,
1038.HK,CKI HOLDINGS,ASIA,1.0,script-v2.0,1.0,2026-09-07T13:21:17.757276+02:00,59.9,62.1,100.0,29.0,0.0,4.0,53.0,35.0,18.0,1634497.0,-38.56,3.7,,149.49,1.4,1.4976,False,68.3,50.0,False,61.51,7.1,True,True,True,Sin señales de recuperación,pass,seguimiento,pendiente,0.0,desconocido,Pendiente de implementar,ausente,eps_stabilization (media): EPS 3.28 vs 3.22 (annual_eps_fallback) | dividend_maintained (baja): Dividendo actual 3.99% con caída del 3.0%,razonable,seguimiento,60.5,62.62,60.50 - 62.62,57.72,60.44,57.72 - 60.44,Pérdida del soporte en 60.50 | ROE negativo durante 2 trimestres consecutivos | Ampliación de capital dilutiva | Recorte de rating a bono basura,6-12,"CKI HOLDINGS está un 3.0% por debajo de su máximo 52s. Fundamentalmente sólida con ROE 17.2%, deuda neta/EBITDA -38.6x. Técnicamente 🟢 Divergencia alcista RSI, 🟡 MACD convergiendo. Clasificación: seguimiento.","CKI HOLDINGS está un 3.0% por debajo de su máximo 52s. Fundamentalmente sólida con ROE 17.2%, deuda neta/EBITDA -38.6x. Técnicamente 🟢 Divergencia alcista RSI, 🟡 MACD convergiendo. Clasificación: seguimiento.",OK,
ED,"Consolidated Edison, Inc.",SP500,1.0,script-v2.0,1.0,2026-09-07T13:20:21.040572+02:00,59.4,62.6,93.0,36.0,0.0,1.0,50.0,33.0,17.0,2274771.0,4.36,4.2,0.2,10.8,6.2,0.689,False,41.6,55.9,False,106.24,1.0,True,False,True,Sin señales de recuperación,pass,seguimiento,pendiente,0.0,desconocido,Pendiente de implementar,ausente,dividend_maintained (baja): Dividendo actual 3.27% con caída del 7.7%,razonable,seguimiento,106.08,107.29,106.08 - 107.29,98.8,105.7,98.80 - 105.70,Pérdida del soporte en 106.08 | ROE negativo durante 2 trimestres consecutivos | Ampliación de capital dilutiva | Recorte de rating a bono basura,6-12,"Consolidated Edison, Inc. está un 7.7% por debajo de su máximo 52s. Fundamentalmente sólida con ROE 9.0%, deuda neta/EBITDA 4.4x. Técnicamente 🟢 Cerca de soporte, 🟡 Apoyo en MA40 semanal. Clasificación: seguimiento.","Consolidated Edison, Inc. está un 7.7% por debajo de su máximo 52s. Fundamentalmente sólida con ROE 9.0%, deuda neta/EBITDA 4.4x. Técnicamente 🟢 Cerca de soporte, 🟡 Apoyo en MA40 semanal. Clasificación: seguimiento.",OK,
GOOG,Alphabet Inc.,SP500,1.0,script-v2.0,1.0,2026-09-07T13:20:47.862917+02:00,59.4,55.9,74.0,40.0,0.0,7.0,70.0,53.0,17.0,20123034.0,-0.7,435.1,0.0,23.08,17.0,5.7192,False,33.2,36.4,False,335.15,0.0,True,False,False,,pass,descarte,pendiente,0.0,desconocido,Pendiente de implementar,parcial,"eps_stabilization (media): EPS 9.11 vs 5.11 (Diluted EPS) | dividend_maintained (baja): Dividendo actual 0.26% con caída del 17.1% | analyst_upgrade (media): Target 422.34 vs precio 335.31 (+26%), recMean 1.37, recKey strong_buy",fuerte,descarte,314.69,335.31,314.69 - 335.31,334.34,343.8,334.34 - 343.80,Pérdida del soporte en 314.69 | ROE negativo durante 2 trimestres consecutivos | Ampliación de capital dilutiva | Recorte de rating a bono basura,6-12,"Alphabet Inc. está un 17.1% por debajo de su máximo 52s. Fundamentalmente aceptable con ROE 48.7%, deuda neta/EBITDA -0.7x. Técnicamente 🔵 RSI recuperándose de sobreventa, 🟢 Divergencia alcista RSI. Clasificación: descarte.","Alphabet Inc. está un 17.1% por debajo de su máximo 52s. Fundamentalmente aceptable con ROE 48.7%, deuda neta/EBITDA -0.7x. Técnicamente 🔵 RSI recuperándose de sobreventa, 🟢 Divergencia alcista RSI. Clasificación: descarte.",OK,
T,AT&T Inc.,SP500,1.0,script-v2.0,1.0,2026-09-07T13:20:15.645821+02:00,59.0,62.3,89.0,39.0,0.0,7.0,49.0,21.0,28.0,60013739.0,3.3,5.4,-0.1,7.61,10.7,-0.0459,True,52.2,70.7,False,24.74,3.8,True,True,True,,pass,seguimiento,pendiente,0.0,desconocido,Pendiente de implementar,parcial,margin_stabilization (media): Margen gross 61.8% vs 60.1% (+1.7 pp) | eps_stabilization (media): EPS 0.66 vs 0.54 (Diluted EPS) | dividend_maintained (baja): Dividendo actual 4.32% con caída del 13.8%,razonable,seguimiento,23.48,24.8,23.48 - 24.80,24.7,25.32,24.70 - 25.32,Pérdida del soporte en 24.80 | ROE negativo durante 2 trimestres consecutivos | Ampliación de capital dilutiva | Recorte de rating a bono basura,6-12,"AT&T Inc. está un 13.8% por debajo de su máximo 52s. Fundamentalmente sólida con ROE 18.3%, deuda neta/EBITDA 3.3x. Técnicamente 🟢 Cerca de soporte, 🟢 MACD semanal girando al alza. Clasificación: seguimiento.","AT&T Inc. está un 13.8% por debajo de su máximo 52s. Fundamentalmente sólida con ROE 18.3%, deuda neta/EBITDA 3.3x. Técnicamente 🟢 Cerca de soporte, 🟢 MACD semanal girando al alza. Clasificación: seguimiento.",OK,
WBC.AX,WESTPAC FPO [WBC],ASX,1.0,script-v2.0,1.0,2026-09-07T13:20:51.521847+02:00,58.8,54.5,71.0,40.0,0.0,1.0,72.0,55.0,17.0,4574024.0,,21.4,,,17.5,-0.7213,False,87.2,80.0,False,37.57,-6.8,True,False,False,Sin señales de recuperación,pass,descarte,pendiente,0.0,desconocido,Pendiente de implementar,ausente,dividend_maintained (baja): Dividendo actual 4.40% con caída del 19.2%,fuerte,descarte,33.27,35.02,33.27 - 35.02,36.82,37.54,36.82 - 37.54,Pérdida del soporte en 33.27 | ROE negativo durante 2 trimestres consecutivos | Ampliación de capital dilutiva | Recorte de rating a bono basura,6-12,"WESTPAC FPO [WBC] está un 19.2% por debajo de su máximo 52s. Fundamentalmente aceptable con ROE 9.8%, dividendo 4.4%. Técnicamente 🟢 Divergencia alcista RSI, 🟢 Cruce alcista MACD. Clasificación: descarte.","WESTPAC FPO [WBC] está un 19.2% por debajo de su máximo 52s. Fundamentalmente aceptable con ROE 9.8%, dividendo 4.4%. Técnicamente 🟢 Divergencia alcista RSI, 🟢 Cruce alcista MACD. Clasificación: descarte.",OK,
TTE.PA,TOTALENERGIES,EUROSTOXX,1.0,script-v2.0,1.0,2026-09-07T13:19:46.130973+02:00,58.5,58.9,100.0,23.0,0.0,6.0,57.0,39.0,18.0,3869012.0,0.79,-1.7,7.0,5.12,3.6,2.4965,False,68.7,64.5,False,69.36,11.5,True,True,False,,pass,descarte,pendiente,0.0,desconocido,Pendiente de implementar,parcial,debt_reduction (alta): Deuda 62917.0M vs 64008.0M | dividend_maintained (baja): Dividendo actual 4.65% con caída del 4.9%,razonable,descarte,72.39,73.7,72.39 - 73.70,68.46,69.14,68.46 - 69.14,Pérdida del soporte en 72.39 | ROE negativo durante 2 trimestres consecutivos | Ampliación de capital dilutiva | Recorte de rating a bono basura,6-12,"TOTALENERGIES está un 4.9% por debajo de su máximo 52s. Fundamentalmente aceptable con ROE 14.5%, deuda neta/EBITDA 0.8x. Técnicamente 🟢 Divergencia alcista RSI, 🟢 Cruce alcista MACD. Clasificación: descarte.","TOTALENERGIES está un 4.9% por debajo de su máximo 52s. Fundamentalmente aceptable con ROE 14.5%, deuda neta/EBITDA 0.8x. Técnicamente 🟢 Divergencia alcista RSI, 🟢 Cruce alcista MACD. Clasificación: descarte.",OK,
VIV.PA,VIVENDI SE,EUROSTOXX,1.0,script-v2.0,1.0,2026-09-07T13:19:46.517346+02:00,58.5,57.6,48.0,66.0,0.0,7.0,61.0,61.0,0.0,2431165.0,9.68,10.0,,-49.21,85.7,-0.191,False,11.1,12.9,False,2.04,-26.7,False,False,False,,pass,descarte,pendiente,0.0,desconocido,Pendiente de implementar,parcial,"eps_stabilization (media): EPS 0.94 vs 0.75 (annual_eps_fallback) | dividend_maintained (baja): Dividendo actual 2.67% con caída del 53.3% | analyst_upgrade (media): Target 2.46 vs precio 1.50 (+64%), recMean 2.43, recKey buy",razonable,descarte,1.42,1.5,1.42 - 1.50,2.08,2.73,2.08 - 2.73,Pérdida del soporte en 1.42 | ROE negativo durante 2 trimestres consecutivos | Ampliación de capital dilutiva | Recorte de rating a bono basura,18-24,"VIVENDI SE está un 53.3% por debajo de su máximo 52s. Fundamentalmente aceptable con ROE 0.3%, deuda neta/EBITDA 9.7x. Técnicamente 🔵 RSI en sobreventa, 🟢 Divergencia alcista RSI. Clasificación: descarte.","VIVENDI SE está un 53.3% por debajo de su máximo 52s. Fundamentalmente aceptable con ROE 0.3%, deuda neta/EBITDA 9.7x. Técnicamente 🔵 RSI en sobreventa, 🟢 Divergencia alcista RSI. Clasificación: descarte.",OK,
AMT,American Tower Corporation (REI,SP500,1.0,script-v2.0,1.0,2026-09-07T13:20:41.058514+02:00,58.3,48.1,63.0,35.0,0.0,12.0,89.0,62.0,27.0,2919685.0,6.14,-0.3,-0.0,18.69,22.6,-1.2632,True,44.5,46.8,False,175.9,-0.0,True,False,False,,pass,descarte,pendiente,0.0,desconocido,Pendiente de implementar,confirmada,"eps_stabilization (media): EPS 1.86 vs 1.84 (Diluted EPS) | debt_reduction (alta): Deuda 44979.9M vs 45131.2M | dividend_maintained (baja): Dividendo actual 3.97% con caída del 11.7% | analyst_upgrade (media): Target 215.70 vs precio 175.85 (+23%), recMean 1.52, recKey buy",fuerte,descarte,168.4,171.12,168.40 - 171.12,169.26,175.35,169.26 - 175.35,Pérdida del soporte en 168.40 | ROE negativo durante 2 trimestres consecutivos | Ampliación de capital dilutiva | Recorte de rating a bono basura,6-12,"American Tower Corporation (REI está un 11.7% por debajo de su máximo 52s. Fundamentalmente aceptable con ROE 33.9%, deuda neta/EBITDA 6.1x. Técnicamente 🟢 Divergencia alcista RSI, 🟢 Cruce alcista MACD. Clasificación: descarte.","American Tower Corporation (REI está un 11.7% por debajo de su máximo 52s. Fundamentalmente aceptable con ROE 33.9%, deuda neta/EBITDA 6.1x. Técnicamente 🟢 Divergencia alcista RSI, 🟢 Cruce alcista MACD. Clasificación: descarte.",OK,
LMT,Lockheed Martin Corporation,SP500,1.0,script-v2.0,1.0,2026-09-07T13:20:33.840600+02:00,58.2,58.3,86.0,34.0,0.0,15.0,58.0,41.0,17.0,1188980.0,1.73,-0.8,0.0,14.25,23.1,4.1663,False,1.5,3.4,False,555.95,-5.5,True,False,False,,pass,descarte,pendiente,0.0,desconocido,Pendiente de implementar,confirmada,"margin_stabilization (media): Margen gross 12.2% vs 11.5% (+0.7 pp) | eps_stabilization (media): EPS 7.94 vs 6.44 (Diluted EPS) | debt_reduction (alta): Deuda 20538.0M vs 20697.0M | dividend_maintained (baja): Dividendo actual 2.63% con caída del 24.1% | analyst_upgrade (media): Target 632.95 vs precio 525.28 (+20%), recMean 2.52, recKey hold",razonable,descarte,497.33,525.28,497.33 - 525.28,549.99,588.2,549.99 - 588.20,Pérdida del soporte en 497.33 | ROE negativo durante 2 trimestres consecutivos | Ampliación de capital dilutiva | Recorte de rating a bono basura,6-12,"Lockheed Martin Corporation está un 24.1% por debajo de su máximo 52s. Fundamentalmente aceptable con ROE 89.2%, deuda neta/EBITDA 1.7x. Técnicamente 🔵 RSI en sobreventa, 🟡 Apoyo en MA40 semanal. Clasificación: descarte.","Lockheed Martin Corporation está un 24.1% por debajo de su máximo 52s. Fundamentalmente aceptable con ROE 89.2%, deuda neta/EBITDA 1.7x. Técnicamente 🔵 RSI en sobreventa, 🟡 Apoyo en MA40 semanal. Clasificación: descarte.",OK,
SO,Southern Company (The),SP500,1.0,script-v2.0,1.0,2026-09-07T13:20:37.637626+02:00,58.0,52.1,75.0,32.0,0.0,4.0,76.0,59.0,17.0,5870266.0,5.2,1.4,0.1,12.5,10.5,-0.4391,False,15.4,19.9,False,91.23,-3.4,True,False,False,Sin señales de recuperación,pass,descarte,pendiente,0.0,desconocido,Pendiente de implementar,ausente,margin_stabilization (media): Margen gross 51.3% vs 46.5% (+4.8 pp) | dividend_maintained (baja): Dividendo actual 3.45% con caída del 12.6%,fuerte,descarte,83.7,88.11,83.70 - 88.11,85.71,91.04,85.71 - 91.04,Pérdida del soporte en 83.70 | ROE negativo durante 2 trimestres consecutivos | Ampliación de capital dilutiva | Recorte de rating a bono basura,6-12,"Southern Company (The) está un 12.6% por debajo de su máximo 52s. Fundamentalmente aceptable con ROE 11.5%, deuda neta/EBITDA 5.2x. Técnicamente 🔵 RSI en sobreventa, 🟡 MACD convergiendo. Clasificación: descarte.","Southern Company (The) está un 12.6% por debajo de su máximo 52s. Fundamentalmente aceptable con ROE 11.5%, deuda neta/EBITDA 5.2x. Técnicamente 🔵 RSI en sobreventa, 🟡 MACD convergiendo. Clasificación: descarte.",OK,
UPS,"United Parcel Service, Inc.",SP500,1.0,script-v2.0,1.0,2026-09-07T13:20:31.898288+02:00,57.8,62.4,88.0,40.0,0.0,1.0,44.0,39.0,5.0,4934382.0,1.99,0.0,5.9,9.19,20.1,1.2271,False,16.5,27.6,False,102.66,-0.4,False,False,True,Sin señales de recuperación,pass,seguimiento,pendiente,0.0,desconocido,Pendiente de implementar,ausente,dividend_maintained (baja): Dividendo actual 6.41% con caída del 16.4%,incompleto,seguimiento,97.23,102.29,97.23 - 102.29,101.91,104.05,101.91 - 104.05,Pérdida del soporte en 97.23 | ROE negativo durante 2 trimestres consecutivos | Ampliación de capital dilutiva | Recorte de rating a bono basura,6-12,"United Parcel Service, Inc. está un 16.4% por debajo de su máximo 52s. Fundamentalmente sólida con ROE 29.6%, deuda neta/EBITDA 2.0x. Técnicamente 🟢 Cerca de soporte, 🟡 Apoyo en MA40 semanal. Clasificación: seguimiento.","United Parcel Service, Inc. está un 16.4% por debajo de su máximo 52s. Fundamentalmente sólida con ROE 29.6%, deuda neta/EBITDA 2.0x. Técnicamente 🟢 Cerca de soporte, 🟡 Apoyo en MA40 semanal. Clasificación: seguimiento.",OK,
EOAN.DE,E.ON SE                       N,EUROSTOXX,1.0,script-v2.0,1.0,2026-09-07T13:19:31.043499+02:00,57.6,60.1,98.0,27.0,0.0,4.0,50.0,33.0,17.0,4260588.0,3.87,,-2.4,9.14,10.2,0.0672,False,70.5,43.8,False,17.9,-0.7,True,False,True,Sin señales de recuperación,pass,seguimiento,pendiente,0.0,desconocido,Pendiente de implementar,ausente,margin_stabilization (media): Margen gross 26.6% vs 24.8% (+1.8 pp) | dividend_maintained (baja): Dividendo actual 3.21% con caída del 12.8%,razonable,seguimiento,16.88,17.77,16.88 - 17.77,17.33,17.75,17.33 - 17.75,Pérdida del soporte en 16.88 | ROE negativo durante 2 trimestres consecutivos | Ampliación de capital dilutiva | Recorte de rating a bono basura,6-12,"E.ON SE                       N está un 12.8% por debajo de su máximo 52s. Fundamentalmente sólida con ROE 15.5%, deuda neta/EBITDA 3.9x. Técnicamente 🟢 Divergencia alcista RSI, 🟡 Apoyo en MA40 semanal. Clasificación: seguimiento.","E.ON SE                       N está un 12.8% por debajo de su máximo 52s. Fundamentalmente sólida con ROE 15.5%, deuda neta/EBITDA 3.9x. Técnicamente 🟢 Divergencia alcista RSI, 🟡 Apoyo en MA40 semanal. Clasificación: seguimiento.",OK,
BEN.AX,BEN ADE BK FPO [BEN],ASX,1.0,script-v2.0,1.0,2026-09-07T13:21:01.491161+02:00,57.5,56.0,56.0,56.0,0.0,4.0,62.0,39.0,23.0,1588430.0,,13.3,,,16.9,0.0384,False,75.9,78.7,False,10.29,2.0,True,True,False,Sin señales de recuperación,pass,descarte,pendiente,0.0,desconocido,Pendiente de implementar,ausente,eps_stabilization (media): EPS 0.63 vs -0.17 (annual_eps_fallback) | dividend_maintained (baja): Dividendo actual 6.29% con caída del 21.2%,razonable,descarte,9.93,10.49,9.93 - 10.49,10.25,11.32,10.25 - 11.32,Pérdida del soporte en 9.93 | ROE negativo durante 2 trimestres consecutivos | Ampliación de capital dilutiva | Recorte de rating a bono basura,6-12,"BEN ADE BK FPO [BEN] está un 21.2% por debajo de su máximo 52s. Fundamentalmente aceptable con ROE 5.6%, dividendo 6.3%. Técnicamente 🟢 Cruce alcista MACD, 🟡 Apoyo en MA40 semanal. Clasificación: descarte.","BEN ADE BK FPO [BEN] está un 21.2% por debajo de su máximo 52s. Fundamentalmente aceptable con ROE 5.6%, dividendo 6.3%. Técnicamente 🟢 Cruce alcista MACD, 🟡 Apoyo en MA40 semanal. Clasificación: descarte.",OK,
PEP,"Pepsico, Inc.",SP500,1.0,script-v2.0,1.0,2026-09-07T13:20:13.690768+02:00,57.3,58.8,78.0,42.0,0.0,4.0,53.0,36.0,17.0,8367534.0,2.25,0.9,0.1,12.21,17.3,-2.4081,False,7.1,23.5,False,145.94,-5.7,True,False,False,Sin señales de recuperación,pass,descarte,pendiente,0.0,desconocido,Pendiente de implementar,ausente,eps_stabilization (media): EPS 2.18 vs 1.70 (Diluted EPS) | dividend_maintained (baja): Dividendo actual 4.30% con caída del 19.7%,razonable,descarte,130.75,137.63,130.75 - 137.63,145.58,145.76,145.58 - 145.76,Pérdida del soporte en 130.75 | ROE negativo durante 2 trimestres consecutivos | Ampliación de capital dilutiva | Recorte de rating a bono basura,6-12,"Pepsico, Inc. está un 19.7% por debajo de su máximo 52s. Fundamentalmente aceptable con ROE 51.5%, deuda neta/EBITDA 2.2x. Técnicamente 🟢 Divergencia alcista RSI, 🟡 Apoyo en MA40 semanal. Clasificación: descarte.","Pepsico, Inc. está un 19.7% por debajo de su máximo 52s. Fundamentalmente aceptable con ROE 51.5%, deuda neta/EBITDA 2.2x. Técnicamente 🟢 Divergencia alcista RSI, 🟡 Apoyo en MA40 semanal. Clasificación: descarte.",OK,
HD,"Home Depot, Inc. (The)",SP500,1.0,script-v2.0,1.0,2026-09-07T13:20:28.291626+02:00,57.2,53.3,73.0,36.0,0.0,7.0,69.0,52.0,17.0,4200590.0,2.48,0.0,-0.4,15.47,23.1,-2.8441,False,17.9,9.7,False,339.23,-5.4,True,False,False,,pass,descarte,pendiente,0.0,desconocido,Pendiente de implementar,parcial,margin_stabilization (media): Margen gross 33.7% vs 33.0% (+0.7 pp) | eps_stabilization (media): EPS 4.79 vs 3.30 (Diluted EPS) | dividend_maintained (baja): Dividendo actual 2.90% con caída del 24.8%,razonable,descarte,317.83,321.05,317.83 - 321.05,338.64,362.74,338.64 - 362.74,Pérdida del soporte en 317.83 | ROE negativo durante 2 trimestres consecutivos | Ampliación de capital dilutiva | Recorte de rating a bono basura,6-12,"Home Depot, Inc. (The) está un 24.8% por debajo de su máximo 52s. Fundamentalmente aceptable con ROE 104.3%, deuda neta/EBITDA 2.5x. Técnicamente 🟡 MACD convergiendo, 🟢 Cerca de soporte. Clasificación: descarte.","Home Depot, Inc. (The) está un 24.8% por debajo de su máximo 52s. Fundamentalmente aceptable con ROE 104.3%, deuda neta/EBITDA 2.5x. Técnicamente 🟡 MACD convergiendo, 🟢 Cerca de soporte. Clasificación: descarte.",OK,
QBE.AX,QBE INSUR. FPO [QBE],ASX,1.0,script-v2.0,1.0,2026-09-07T13:20:56.755335+02:00,57.1,61.5,94.0,33.0,0.0,4.0,44.0,44.0,0.0,3502629.0,-0.51,51.6,,10.03,11.3,0.4062,False,76.0,79.6,False,21.61,4.5,False,False,True,Sin señales de recuperación,pass,seguimiento,pendiente,0.0,desconocido,Pendiente de implementar,ausente,eps_stabilization (media): EPS 1.40 vs 1.19 (annual_eps_fallback) | dividend_maintained (baja): Dividendo actual 4.92% con caída del 12.6%,incompleto,seguimiento,21.62,22.57,21.62 - 22.57,21.42,21.96,21.42 - 21.96,Pérdida del soporte en 21.62 | ROE negativo durante 2 trimestres consecutivos | Ampliación de capital dilutiva | Recorte de rating a bono basura,6-12,"QBE INSUR. FPO [QBE] está un 12.6% por debajo de su máximo 52s. Fundamentalmente sólida con ROE 19.3%, deuda neta/EBITDA -0.5x. Técnicamente 🟢 Cruce alcista MACD, 🟢 Cerca de soporte. Clasificación: seguimiento.","QBE INSUR. FPO [QBE] está un 12.6% por debajo de su máximo 52s. Fundamentalmente sólida con ROE 19.3%, deuda neta/EBITDA -0.5x. Técnicamente 🟢 Cruce alcista MACD, 🟢 Cerca de soporte. Clasificación: seguimiento.",OK,
RNO.PA,RENAULT,EUROSTOXX,1.0,script-v2.0,1.0,2026-09-07T13:19:48.269342+02:00,57.1,60.1,35.0,82.0,0.0,4.0,48.0,25.0,23.0,1439844.0,8.23,5.0,,9.83,38.4,-0.1311,False,68.2,66.3,False,28.77,1.1,True,True,True,Sin señales de recuperación,pass,seguimiento,pendiente,0.0,desconocido,Pendiente de implementar,ausente,"dividend_maintained (baja): Dividendo actual 7.57% con caída del 23.4% | analyst_upgrade (media): Target 38.54 vs precio 29.08 (+33%), recMean 2.35, recKey buy",razonable,seguimiento,26.61,27.47,26.61 - 27.47,28.85,32.27,28.85 - 32.27,Pérdida del soporte en 26.61 | ROE negativo durante 2 trimestres consecutivos | Ampliación de capital dilutiva | Recorte de rating a bono basura,6-12,"RENAULT está un 23.4% por debajo de su máximo 52s. Fundamentalmente sólida con ROE 5.0%, deuda neta/EBITDA 8.2x. Técnicamente 🟡 MACD convergiendo, 🟡 Apoyo en MA40 semanal. Clasificación: seguimiento.","RENAULT está un 23.4% por debajo de su máximo 52s. Fundamentalmente sólida con ROE 5.0%, deuda neta/EBITDA 8.2x. Técnicamente 🟡 MACD convergiendo, 🟡 Apoyo en MA40 semanal. Clasificación: seguimiento.",OK,
META,"Meta Platforms, Inc.",SP500,1.0,script-v2.0,1.0,2026-09-07T13:20:47.955680+02:00,56.8,50.7,71.0,33.0,0.0,7.0,75.0,48.0,27.0,17851201.0,0.2,29.4,-0.0,14.53,22.3,-12.2126,True,96.7,90.7,False,620.08,-0.5,True,False,False,,pass,descarte,pendiente,0.0,desconocido,Pendiente de implementar,parcial,"margin_stabilization (media): Margen gross 81.4% vs 81.9% (-0.5 pp) | dividend_maintained (baja): Dividendo actual 0.34% con caída del 22.0% | analyst_upgrade (media): Target 754.77 vs precio 616.77 (+22%), recMean 1.35, recKey strong_buy",fuerte,descarte,590.18,595.49,590.18 - 595.49,621.61,672.18,621.61 - 672.18,Pérdida del soporte en 590.18 | ROE negativo durante 2 trimestres consecutivos | Ampliación de capital dilutiva | Recorte de rating a bono basura,6-12,"Meta Platforms, Inc. está un 22.0% por debajo de su máximo 52s. Fundamentalmente aceptable con ROE 29.8%, deuda neta/EBITDA 0.2x. Técnicamente 🟢 Divergencia alcista RSI, 🟢 Cerca de soporte. Clasificación: descarte.","Meta Platforms, Inc. está un 22.0% por debajo de su máximo 52s. Fundamentalmente aceptable con ROE 29.8%, deuda neta/EBITDA 0.2x. Técnicamente 🟢 Divergencia alcista RSI, 🟢 Cerca de soporte. Clasificación: descarte.",OK,
COST,Costco Wholesale Corporation,SP500,1.0,script-v2.0,1.0,2026-09-07T13:20:28.751658+02:00,56.8,55.8,91.0,25.0,0.0,7.0,60.0,43.0,17.0,2167758.0,-0.07,25.3,-0.0,29.33,16.4,-9.2886,False,1.9,10.6,False,960.34,-4.6,True,False,False,,pass,descarte,pendiente,0.0,desconocido,Pendiente de implementar,parcial,margin_stabilization (media): Margen gross 12.8% vs 12.8% (+0.0 pp) | eps_stabilization (media): EPS 4.93 vs 4.58 (Diluted EPS) | dividend_maintained (baja): Dividendo actual 0.64% con caída del 16.5%,razonable,descarte,869.95,915.74,869.95 - 915.74,932.02,957.9,932.02 - 957.90,Pérdida del soporte en 869.95 | ROE negativo durante 2 trimestres consecutivos | Ampliación de capital dilutiva | Recorte de rating a bono basura,6-12,"Costco Wholesale Corporation está un 16.5% por debajo de su máximo 52s. Fundamentalmente aceptable con ROE 29.2%, deuda neta/EBITDA -0.1x. Técnicamente 🟢 Divergencia alcista RSI, 🟡 Apoyo en MA40 semanal. Clasificación: descarte.","Costco Wholesale Corporation está un 16.5% por debajo de su máximo 52s. Fundamentalmente aceptable con ROE 29.2%, deuda neta/EBITDA -0.1x. Técnicamente 🟢 Divergencia alcista RSI, 🟡 Apoyo en MA40 semanal. Clasificación: descarte.",OK,
ENI.MI,ENI,EUROSTOXX,1.0,script-v2.0,1.0,2026-09-07T13:19:53.490623+02:00,56.6,61.1,99.0,28.0,0.0,7.0,43.0,25.0,18.0,9071190.0,1.65,8.2,15.3,7.11,5.4,0.918,False,37.9,40.4,False,20.89,12.0,True,True,True,,pass,pendiente_confirmacion,pendiente,0.0,desconocido,Pendiente de implementar,parcial,margin_stabilization (media): Margen gross 6.5% vs 5.9% (+0.5 pp) | eps_stabilization (media): EPS 1.09 vs 0.34 (Diluted EPS) | dividend_maintained (baja): Dividendo actual 4.57% con caída del 6.5%,incompleto,pendiente_confirmacion,21.94,22.66,21.94 - 22.66,20.56,21.27,20.56 - 21.27,Pérdida del soporte en 21.94 | ROE negativo durante 2 trimestres consecutivos | Ampliación de capital dilutiva | Recorte de rating a bono basura,6-12,"ENI está un 6.5% por debajo de su máximo 52s. Fundamentalmente sólida con ROE 10.9%, deuda neta/EBITDA 1.6x. Técnicamente 🟡 MACD convergiendo, 🟢 base_pattern_detected. Clasificación: pendiente_confirmacion.","ENI está un 6.5% por debajo de su máximo 52s. Fundamentalmente sólida con ROE 10.9%, deuda neta/EBITDA 1.6x. Técnicamente 🟡 MACD convergiendo, 🟢 base_pattern_detected. Clasificación: pendiente_confirmacion.",OK,
WES.AX,WESFARMER FPO [WES],ASX,1.0,script-v2.0,1.0,2026-09-07T13:20:52.936962+02:00,56.0,51.6,82.0,25.0,0.0,1.0,69.0,64.0,5.0,1699733.0,2.53,13.9,,20.88,16.1,0.582,False,19.7,18.7,False,79.65,-2.9,False,False,False,Sin señales de recuperación,pass,descarte,pendiente,0.0,desconocido,Pendiente de implementar,ausente,dividend_maintained (baja): Dividendo actual 2.87% con caída del 18.4%,razonable,descarte,76.44,77.3,76.44 - 77.30,79.79,80.5,79.79 - 80.50,Pérdida del soporte en 76.44 | ROE negativo durante 2 trimestres consecutivos | Ampliación de capital dilutiva | Recorte de rating a bono basura,6-12,"WESFARMER FPO [WES] está un 18.4% por debajo de su máximo 52s. Fundamentalmente aceptable con ROE 33.5%, deuda neta/EBITDA 2.5x. Técnicamente 🔵 RSI en sobreventa, 🟡 MACD convergiendo. Clasificación: descarte.","WESFARMER FPO [WES] está un 18.4% por debajo de su máximo 52s. Fundamentalmente aceptable con ROE 33.5%, deuda neta/EBITDA 2.5x. Técnicamente 🔵 RSI en sobreventa, 🟡 MACD convergiendo. Clasificación: descarte.",OK,
AFL,AFLAC Incorporated,SP500,1.0,script-v2.0,1.0,2026-09-07T13:20:22.990765+02:00,56.0,54.1,85.0,27.0,0.0,1.0,62.0,62.0,0.0,2277146.0,1.19,104.6,-6.9,10.88,9.5,2.2399,False,32.1,37.5,False,113.71,3.1,False,False,False,Sin señales de recuperación,pass,descarte,pendiente,0.0,desconocido,Pendiente de implementar,ausente,dividend_maintained (baja): Dividendo actual 2.08% con caída del 10.0%,razonable,descarte,114.38,117.21,114.38 - 117.21,110.69,113.5,110.69 - 113.50,Pérdida del soporte en 114.38 | ROE negativo durante 2 trimestres consecutivos | Ampliación de capital dilutiva | Recorte de rating a bono basura,6-12,"AFLAC Incorporated está un 10.0% por debajo de su máximo 52s. Fundamentalmente aceptable con ROE 16.9%, deuda neta/EBITDA 1.2x. Técnicamente 🔵 RSI recuperándose de sobreventa, 🟢 Cruce alcista MACD. Clasificación: descarte.","AFLAC Incorporated está un 10.0% por debajo de su máximo 52s. Fundamentalmente aceptable con ROE 16.9%, deuda neta/EBITDA 1.2x. Técnicamente 🔵 RSI recuperándose de sobreventa, 🟢 Cruce alcista MACD. Clasificación: descarte.",OK,
PRY.MI,PRYSMIAN,EUROSTOXX,1.0,script-v2.0,1.0,2026-09-07T13:19:56.691310+02:00,55.8,52.7,98.0,13.0,0.0,10.0,65.0,53.0,12.0,1157905.0,1.59,1.3,0.9,15.39,20.8,2.8993,False,82.9,50.8,False,117.22,6.3,True,False,False,,pass,descarte,pendiente,0.0,desconocido,Pendiente de implementar,parcial,"margin_stabilization (media): Margen gross 35.7% vs 35.5% (+0.3 pp) | eps_stabilization (media): EPS 0.80 vs 0.52 (Diluted EPS) | dividend_maintained (baja): Dividendo actual 0.72% con caída del 20.8% | analyst_upgrade (media): Target 155.12 vs precio 124.60 (+24%), recMean 1.82, recKey buy",razonable,descarte,123.2,124.6,123.20 - 124.60,115.25,133.66,115.25 - 133.66,Pérdida del soporte en 123.20 | ROE negativo durante 2 trimestres consecutivos | Ampliación de capital dilutiva | Recorte de rating a bono basura,6-12,"PRYSMIAN está un 20.8% por debajo de su máximo 52s. Fundamentalmente aceptable con ROE 22.4%, deuda neta/EBITDA 1.6x. Técnicamente 🟢 Divergencia alcista RSI, 🟢 Cruce alcista MACD. Clasificación: descarte.","PRYSMIAN está un 20.8% por debajo de su máximo 52s. Fundamentalmente aceptable con ROE 22.4%, deuda neta/EBITDA 1.6x. Técnicamente 🟢 Divergencia alcista RSI, 🟢 Cruce alcista MACD. Clasificación: descarte.",OK,
SSE.L,SSE PLC ORD 50P,EUROSTOXX,1.0,script-v2.0,1.0,2026-09-07T13:20:09.127014+02:00,55.7,50.6,89.0,17.0,0.0,6.0,71.0,48.0,23.0,3110342.0,3.17,-2.8,,14.08,12.0,8.6869,False,82.0,58.4,False,2446.06,-0.5,True,True,False,,pass,descarte,pendiente,0.0,desconocido,Pendiente de implementar,parcial,debt_reduction (alta): Deuda 10170.4M vs 10467.9M | dividend_maintained (baja): Dividendo actual 0.03% con caída del 12.0%,fuerte,descarte,2349.99,2414.33,2349.99 - 2414.33,2352.38,2428.74,2352.38 - 2428.74,Pérdida del soporte en 2349.99 | ROE negativo durante 2 trimestres consecutivos | Ampliación de capital dilutiva | Recorte de rating a bono basura,6-12,"SSE PLC ORD 50P está un 12.0% por debajo de su máximo 52s. Fundamentalmente aceptable con ROE 9.7%, deuda neta/EBITDA 3.2x. Técnicamente 🟢 Cruce alcista MACD, 🟢 Cerca de soporte. Clasificación: descarte.","SSE PLC ORD 50P está un 12.0% por debajo de su máximo 52s. Fundamentalmente aceptable con ROE 9.7%, deuda neta/EBITDA 3.2x. Técnicamente 🟢 Cruce alcista MACD, 🟢 Cerca de soporte. Clasificación: descarte.",OK,
QCOM,QUALCOMM Incorporated,SP500,1.0,script-v2.0,1.0,2026-09-07T13:20:49.653999+02:00,55.7,61.6,100.0,28.0,0.0,6.0,38.0,33.0,5.0,14639307.0,0.58,-0.0,0.0,15.35,34.5,-0.9105,False,87.6,88.6,False,167.28,0.9,False,False,True,,pass,pendiente_confirmacion,pendiente,0.0,desconocido,Pendiente de implementar,parcial,debt_reduction (alta): Deuda 15270.0M vs 15270.0M | dividend_maintained (baja): Dividendo actual 2.18% con caída del 35.1%,incompleto,pendiente_confirmacion,158.84,168.43,158.84 - 168.43,166.12,220.93,166.12 - 220.93,Pérdida del soporte en 158.84 | ROE negativo durante 2 trimestres consecutivos | Ampliación de capital dilutiva | Recorte de rating a bono basura,12-18,"QUALCOMM Incorporated está un 35.1% por debajo de su máximo 52s. Fundamentalmente sólida con ROE 33.8%, deuda neta/EBITDA 0.6x. Técnicamente 🟢 Divergencia alcista RSI, 🟡 Apoyo en MA40 semanal. Clasificación: pendiente_confirmacion.","QUALCOMM Incorporated está un 35.1% por debajo de su máximo 52s. Fundamentalmente sólida con ROE 33.8%, deuda neta/EBITDA 0.6x. Técnicamente 🟢 Divergencia alcista RSI, 🟡 Apoyo en MA40 semanal. Clasificación: pendiente_confirmacion.",OK,
VCX.AX,VICINITY STAPLED [VCX],ASX,1.0,script-v2.0,1.0,2026-09-07T13:20:59.815637+02:00,55.6,60.5,84.0,40.0,0.0,4.0,41.0,36.0,5.0,10280850.0,5.64,2.3,,19.37,7.3,0.0307,False,21.1,44.1,False,2.46,0.4,False,False,True,Sin señales de recuperación,pass,seguimiento,pendiente,0.0,desconocido,Pendiente de implementar,ausente,eps_stabilization (media): EPS 0.30 vs 0.22 (annual_eps_fallback) | dividend_maintained (baja): Dividendo actual 4.86% con caída del 9.5%,incompleto,seguimiento,2.47,2.47,2.47,2.32,2.45,2.32 - 2.45,Pérdida del soporte en 2.47 | ROE negativo durante 2 trimestres consecutivos | Ampliación de capital dilutiva | Recorte de rating a bono basura,6-12,"VICINITY STAPLED [VCX] está un 9.5% por debajo de su máximo 52s. Fundamentalmente sólida con ROE 12.0%, deuda neta/EBITDA 5.6x. Técnicamente 🟢 Cerca de soporte, 🟡 Apoyo en MA40 semanal. Clasificación: seguimiento.","VICINITY STAPLED [VCX] está un 9.5% por debajo de su máximo 52s. Fundamentalmente sólida con ROE 12.0%, deuda neta/EBITDA 5.6x. Técnicamente 🟢 Cerca de soporte, 🟡 Apoyo en MA40 semanal. Clasificación: seguimiento.",OK,
NESTE.HE,Neste Corporation,EUROSTOXX,1.0,script-v2.0,1.0,2026-09-07T13:20:01.945903+02:00,55.6,55.2,100.0,16.0,0.0,12.0,57.0,39.0,18.0,1130548.0,1.33,-9.8,5.0,10.35,5.4,2.1597,False,59.0,45.5,False,26.06,23.6,True,True,False,,pass,descarte,pendiente,0.0,desconocido,Pendiente de implementar,confirmada,margin_stabilization (media): Margen gross 21.4% vs 19.4% (+2.0 pp) | eps_stabilization (media): EPS 0.99 vs 0.69 (Diluted EPS) | debt_reduction (alta): Deuda 4698.0M vs 5207.0M | dividend_maintained (baja): Dividendo actual 0.62% con caída del 5.4%,razonable,descarte,30.57,30.77,30.57 - 30.77,25.35,28.95,25.35 - 28.95,Pérdida del soporte en 30.77 | ROE negativo durante 2 trimestres consecutivos | Ampliación de capital dilutiva | Recorte de rating a bono basura,6-12,"Neste Corporation está un 5.4% por debajo de su máximo 52s. Fundamentalmente aceptable con ROE 19.4%, deuda neta/EBITDA 1.3x. Técnicamente 🟢 Cruce alcista MACD, 🟢 Cerca de soporte. Clasificación: descarte.","Neste Corporation está un 5.4% por debajo de su máximo 52s. Fundamentalmente aceptable con ROE 19.4%, deuda neta/EBITDA 1.3x. Técnicamente 🟢 Cruce alcista MACD, 🟢 Cerca de soporte. Clasificación: descarte.",OK,
REN.AS,RELX,EUROSTOXX,1.0,script-v2.0,1.0,2026-09-07T13:19:51.623185+02:00,55.6,53.5,70.0,39.0,0.0,7.0,62.0,39.0,23.0,1145574.0,2.64,22.6,,18.91,37.9,-0.0468,False,36.2,58.3,False,29.73,1.4,True,True,False,,pass,descarte,pendiente,0.0,desconocido,Pendiente de implementar,parcial,"eps_stabilization (media): EPS 1.12 vs 1.03 (annual_eps_fallback) | dividend_maintained (baja): Dividendo actual 2.65% con caída del 26.8% | analyst_upgrade (media): Target 47.15 vs precio 30.16 (+56%), recKey none",razonable,descarte,28.3,29.9,28.30 - 29.90,29.9,35.02,29.90 - 35.02,Pérdida del soporte en 28.30 | ROE negativo durante 2 trimestres consecutivos | Ampliación de capital dilutiva | Recorte de rating a bono basura,12-18,"RELX está un 26.8% por debajo de su máximo 52s. Fundamentalmente aceptable con ROE 131.9%, deuda neta/EBITDA 2.6x. Técnicamente 🟢 Cruce alcista MACD, 🟡 Apoyo en MA40 semanal. Clasificación: descarte.","RELX está un 26.8% por debajo de su máximo 52s. Fundamentalmente aceptable con ROE 131.9%, deuda neta/EBITDA 2.6x. Técnicamente 🟢 Cruce alcista MACD, 🟡 Apoyo en MA40 semanal. Clasificación: descarte.",OK,
8058.T,MITSUBISHI CORP,ASIA,1.0,script-v2.0,1.0,2026-09-07T13:21:09.357485+02:00,55.2,48.0,80.0,20.0,0.0,4.0,77.0,59.0,18.0,8274612.0,5.99,9.6,,30.07,17.0,64.2279,False,73.1,71.9,False,4734.43,5.4,True,True,False,Sin señales de recuperación,pass,descarte,pendiente,0.0,desconocido,Pendiente de implementar,ausente,eps_stabilization (media): EPS 200.58 vs 176.11 (annual_eps_fallback) | dividend_maintained (baja): Dividendo actual 2.51% con caída del 17.0%,fuerte,descarte,4692.06,4862.0,4692.06 - 4862.00,4623.36,5110.2,4623.36 - 5110.20,Pérdida del soporte en 4862.00 | ROE negativo durante 2 trimestres consecutivos | Ampliación de capital dilutiva | Recorte de rating a bono basura,6-12,"MITSUBISHI CORP está un 17.0% por debajo de su máximo 52s. Fundamentalmente aceptable con ROE 10.1%, deuda neta/EBITDA 6.0x. Técnicamente 🟢 Divergencia alcista RSI, 🟢 Cruce alcista MACD. Clasificación: descarte.","MITSUBISHI CORP está un 17.0% por debajo de su máximo 52s. Fundamentalmente aceptable con ROE 10.1%, deuda neta/EBITDA 6.0x. Técnicamente 🟢 Divergencia alcista RSI, 🟢 Cruce alcista MACD. Clasificación: descarte.",OK,
BRK-B,Berkshire Hathaway Inc. New,SP500,1.0,script-v2.0,1.0,2026-09-07T13:20:26.985788+02:00,55.2,52.9,54.0,52.0,0.0,11.0,62.0,39.0,23.0,4543355.0,-1.81,-0.2,12.0,-1.79,6.6,4.8554,False,78.0,80.9,False,492.08,2.8,True,True,False,,pass,descarte,pendiente,0.0,desconocido,Pendiente de implementar,parcial,margin_stabilization (media): Margen operating 28.3% vs 14.8% (+13.5 pp) | eps_stabilization (media): EPS 11.91 vs 4.68 (Diluted EPS) | debt_reduction (alta): Deuda 128599.0M vs 128886.0M,razonable,descarte,481.51,503.15,481.51 - 503.15,457.08,492.41,457.08 - 492.41,Pérdida del soporte en 481.51 | ROE negativo durante 2 trimestres consecutivos | Ampliación de capital dilutiva | Recorte de rating a bono basura,6-12,"Berkshire Hathaway Inc. New está un 5.9% por debajo de su máximo 52s. Fundamentalmente aceptable con ROE 12.1%, deuda neta/EBITDA -1.8x. Técnicamente 🟡 MACD convergiendo, 🟢 Cerca de soporte. Clasificación: descarte.","Berkshire Hathaway Inc. New está un 5.9% por debajo de su máximo 52s. Fundamentalmente aceptable con ROE 12.1%, deuda neta/EBITDA -1.8x. Técnicamente 🟡 MACD convergiendo, 🟢 Cerca de soporte. Clasificación: descarte.",OK,
RACE.MI,FERRARI,EUROSTOXX,1.0,script-v2.0,1.0,2026-09-07T13:19:56.787640+02:00,55.2,60.0,100.0,25.0,0.0,7.0,41.0,35.0,6.0,483310.0,0.7,8.1,0.0,25.85,26.5,12.6601,False,21.6,21.1,False,312.32,13.8,False,True,True,,pass,pendiente_confirmacion,pendiente,0.0,desconocido,Pendiente de implementar,parcial,margin_stabilization (media): Margen gross 52.6% vs 51.8% (+0.8 pp) | eps_stabilization (media): EPS 2.62 vs 2.33 (Diluted EPS) | dividend_maintained (baja): Dividendo actual 1.02% con caída del 17.6%,incompleto,pendiente_confirmacion,344.57,351.98,344.57 - 351.98,312.51,366.52,312.51 - 366.52,Pérdida del soporte en 351.98 | ROE negativo durante 2 trimestres consecutivos | Ampliación de capital dilutiva | Recorte de rating a bono basura,6-12,"FERRARI está un 17.6% por debajo de su máximo 52s. Fundamentalmente aceptable con ROE 45.4%, deuda neta/EBITDA 0.7x. Técnicamente 🟡 MACD convergiendo, 🟢 Cerca de soporte. Clasificación: pendiente_confirmacion.","FERRARI está un 17.6% por debajo de su máximo 52s. Fundamentalmente aceptable con ROE 45.4%, deuda neta/EBITDA 0.7x. Técnicamente 🟡 MACD convergiendo, 🟢 Cerca de soporte. Clasificación: pendiente_confirmacion.",OK,
9433.T,KDDI CORPORATION,ASIA,1.0,script-v2.0,1.0,2026-09-07T13:21:04.590480+02:00,55.1,59.5,99.0,25.0,0.0,9.0,42.0,24.0,18.0,8997717.0,2.48,-1.9,,9.06,5.1,89.3999,False,72.0,78.4,False,2717.25,9.0,True,True,True,,pass,pendiente_confirmacion,pendiente,0.0,desconocido,Pendiente de implementar,parcial,eps_stabilization (media): EPS 51.33 vs 43.00 (Diluted EPS) | debt_reduction (alta): Deuda 5296146.1M vs 5397863.0M | dividend_maintained (baja): Dividendo actual 2.84% con caída del 5.1%,incompleto,pendiente_confirmacion,2821.92,2869.63,2821.92 - 2869.63,2652.85,2703.4,2652.85 - 2703.40,Pérdida del soporte en 2821.92 | ROE negativo durante 2 trimestres consecutivos | Ampliación de capital dilutiva | Recorte de rating a bono basura,6-12,"KDDI CORPORATION está un 5.1% por debajo de su máximo 52s. Fundamentalmente aceptable con ROE 14.6%, deuda neta/EBITDA 2.5x. Técnicamente 🟢 Cerca de soporte, 🟢 base_pattern_detected. Clasificación: pendiente_confirmacion.","KDDI CORPORATION está un 5.1% por debajo de su máximo 52s. Fundamentalmente aceptable con ROE 14.6%, deuda neta/EBITDA 2.5x. Técnicamente 🟢 Cerca de soporte, 🟢 base_pattern_detected. Clasificación: pendiente_confirmacion.",OK,
HEN3.DE,Henkel AG & Co. KGaA          I,EUROSTOXX,1.0,script-v2.0,1.0,2026-09-07T13:19:32.293017+02:00,54.9,59.6,90.0,33.0,0.0,1.0,41.0,35.0,6.0,396167.0,0.73,81.1,,10.62,8.4,2.1996,False,67.5,65.5,False,70.79,7.6,False,True,False,Sin señales de recuperación,pass,descarte,pendiente,0.0,desconocido,Pendiente de implementar,ausente,dividend_maintained (baja): Dividendo actual 2.72% con caída del 9.6%,incompleto,descarte,74.08,75.69,74.08 - 75.69,70.41,71.57,70.41 - 71.57,Pérdida del soporte en 74.08 | ROE negativo durante 2 trimestres consecutivos | Ampliación de capital dilutiva | Recorte de rating a bono basura,6-12,"Henkel AG & Co. KGaA          I está un 9.6% por debajo de su máximo 52s. Fundamentalmente aceptable con ROE 9.4%, deuda neta/EBITDA 0.7x. Técnicamente 🟡 MACD convergiendo, 🟢 Cerca de soporte. Clasificación: descarte.","Henkel AG & Co. KGaA          I está un 9.6% por debajo de su máximo 52s. Fundamentalmente aceptable con ROE 9.4%, deuda neta/EBITDA 0.7x. Técnicamente 🟡 MACD convergiendo, 🟢 Cerca de soporte. Clasificación: descarte.",OK,
0388.HK,HKEX,ASIA,1.0,script-v2.0,1.0,2026-09-07T13:21:17.007667+02:00,54.9,53.9,96.0,17.0,0.0,10.0,58.0,35.0,23.0,4392585.0,-6.9,8.0,15.4,14.51,9.2,3.2148,False,37.2,44.4,False,396.99,1.8,True,True,False,,pass,descarte,pendiente,0.0,desconocido,Pendiente de implementar,parcial,"margin_stabilization (media): Margen gross 85.3% vs 80.1% (+5.2 pp) | eps_stabilization (media): EPS 4.09 vs 3.22 (Diluted EPS) | dividend_maintained (baja): Dividendo actual 3.68% con caída del 12.2% | analyst_upgrade (media): Target 517.06 vs precio 404.00 (+28%), recMean 1.42, recKey strong_buy",razonable,descarte,395.18,397.27,395.18 - 397.27,391.17,397.89,391.17 - 397.89,Pérdida del soporte en 397.27 | ROE negativo durante 2 trimestres consecutivos | Ampliación de capital dilutiva | Recorte de rating a bono basura,6-12,"HKEX está un 12.2% por debajo de su máximo 52s. Fundamentalmente aceptable con ROE 33.6%, deuda neta/EBITDA -6.9x. Técnicamente 🟢 Divergencia alcista RSI, 🟢 Cerca de soporte. Clasificación: descarte.","HKEX está un 12.2% por debajo de su máximo 52s. Fundamentalmente aceptable con ROE 33.6%, deuda neta/EBITDA -6.9x. Técnicamente 🟢 Divergencia alcista RSI, 🟢 Cerca de soporte. Clasificación: descarte.",OK,
Z74.SI,Singtel,ASIA,1.0,script-v2.0,1.0,2026-09-07T13:21:22.389129+02:00,54.6,50.2,87.0,18.0,0.0,1.0,68.0,35.0,33.0,29261917.0,2.32,2.5,,23.88,11.5,-0.0023,True,87.0,63.8,False,4.53,0.6,True,True,False,Sin señales de recuperación,pass,descarte,pendiente,0.0,desconocido,Pendiente de implementar,ausente,dividend_maintained (baja): Dividendo actual 2.85% con caída del 13.5%,razonable,descarte,4.28,4.39,4.28 - 4.39,4.48,4.54,4.48 - 4.54,Pérdida del soporte en 4.28 | ROE negativo durante 2 trimestres consecutivos | Ampliación de capital dilutiva | Recorte de rating a bono basura,6-12,"Singtel está un 13.5% por debajo de su máximo 52s. Fundamentalmente aceptable con deuda neta/EBITDA 2.3x, dividendo 2.9%. Técnicamente 🟢 Cruce alcista MACD, 🟢 MACD semanal girando al alza. Clasificación: descarte.","Singtel está un 13.5% por debajo de su máximo 52s. Fundamentalmente aceptable con deuda neta/EBITDA 2.3x, dividendo 2.9%. Técnicamente 🟢 Cruce alcista MACD, 🟢 MACD semanal girando al alza. Clasificación: descarte.",OK,
TLS.AX,TELSTRA FPO [TLS],ASX,1.0,script-v2.0,1.0,2026-09-07T13:20:53.212571+02:00,54.5,48.0,80.0,20.0,0.0,4.0,74.0,59.0,15.0,27152611.0,2.49,5.2,,10.33,12.2,-0.0612,True,88.5,92.8,False,4.92,-2.6,False,False,False,Sin señales de recuperación,pass,descarte,pendiente,0.0,desconocido,Pendiente de implementar,ausente,eps_stabilization (media): EPS 0.20 vs 0.19 (annual_eps_fallback) | dividend_maintained (baja): Dividendo actual 4.38% con caída del 14.2%,fuerte,descarte,4.76,4.79,4.76 - 4.79,4.74,4.91,4.74 - 4.91,Pérdida del soporte en 4.76 | ROE negativo durante 2 trimestres consecutivos | Ampliación de capital dilutiva | Recorte de rating a bono basura,6-12,"TELSTRA FPO [TLS] está un 14.2% por debajo de su máximo 52s. Fundamentalmente aceptable con ROE 15.4%, deuda neta/EBITDA 2.5x. Técnicamente 🟢 Divergencia alcista RSI, 🟢 Cruce alcista MACD. Clasificación: descarte.","TELSTRA FPO [TLS] está un 14.2% por debajo de su máximo 52s. Fundamentalmente aceptable con ROE 15.4%, deuda neta/EBITDA 2.5x. Técnicamente 🟢 Divergencia alcista RSI, 🟢 Cruce alcista MACD. Clasificación: descarte.",OK,
GALP.LS,GALP ENERGIA-NOM,EUROSTOXX,1.0,script-v2.0,1.0,2026-09-07T13:20:00.194253+02:00,54.2,54.7,100.0,15.0,0.0,7.0,53.0,35.0,18.0,1657692.0,0.68,5.4,15.5,5.44,4.3,0.8224,False,34.5,25.6,False,18.24,15.0,True,True,False,,pass,descarte,pendiente,0.0,desconocido,Pendiente de implementar,parcial,margin_stabilization (media): Margen gross 19.6% vs 15.6% (+4.0 pp) | eps_stabilization (media): EPS 0.98 vs -0.15 (Diluted EPS) | dividend_maintained (baja): Dividendo actual 3.24% con caída del 5.8%,razonable,descarte,19.92,20.7,19.92 - 20.70,18.17,18.92,18.17 - 18.92,Pérdida del soporte en 20.70 | ROE negativo durante 2 trimestres consecutivos | Ampliación de capital dilutiva | Recorte de rating a bono basura,6-12,"GALP ENERGIA-NOM está un 5.8% por debajo de su máximo 52s. Fundamentalmente aceptable con ROE 24.9%, deuda neta/EBITDA 0.7x. Técnicamente 🟡 MACD convergiendo, 🟢 Cerca de soporte. Clasificación: descarte.","GALP ENERGIA-NOM está un 5.8% por debajo de su máximo 52s. Fundamentalmente aceptable con ROE 24.9%, deuda neta/EBITDA 0.7x. Técnicamente 🟡 MACD convergiendo, 🟢 Cerca de soporte. Clasificación: descarte.",OK,
SRG.MI,SNAM,EUROSTOXX,1.0,script-v2.0,1.0,2026-09-07T13:19:55.186686+02:00,53.8,52.5,61.0,45.0,0.0,4.0,58.0,41.0,17.0,6139235.0,6.2,17.9,-29.3,12.46,15.9,-0.0685,False,18.5,19.5,False,6.02,-6.6,True,False,False,Sin señales de recuperación,pass,descarte,pendiente,0.0,desconocido,Pendiente de implementar,ausente,margin_stabilization (media): Margen gross 110.4% vs 77.6% (+32.8 pp) | dividend_maintained (baja): Dividendo actual 5.34% con caída del 18.2%,razonable,descarte,5.34,5.62,5.34 - 5.62,5.84,5.98,5.84 - 5.98,Pérdida del soporte en 5.34 | ROE negativo durante 2 trimestres consecutivos | Ampliación de capital dilutiva | Recorte de rating a bono basura,6-12,"SNAM está un 18.2% por debajo de su máximo 52s. Fundamentalmente aceptable con ROE 12.4%, deuda neta/EBITDA 6.2x. Técnicamente 🔵 RSI en sobreventa, 🟡 Apoyo en MA40 semanal. Clasificación: descarte.","SNAM está un 18.2% por debajo de su máximo 52s. Fundamentalmente aceptable con ROE 12.4%, deuda neta/EBITDA 6.2x. Técnicamente 🔵 RSI en sobreventa, 🟡 Apoyo en MA40 semanal. Clasificación: descarte.",OK,
TWE.AX,TREA WINE FPO [TWE],ASX,1.0,script-v2.0,1.0,2026-09-07T13:21:00.397135+02:00,53.4,59.2,56.0,62.0,0.0,8.0,36.0,30.0,6.0,3697748.0,,-9.2,,-7.04,52.6,0.1782,False,60.9,45.3,False,4.79,16.4,False,True,True,,pass,pendiente_confirmacion,pendiente,0.0,desconocido,Pendiente de implementar,parcial,eps_stabilization (media): EPS 0.54 vs 0.13 (annual_eps_fallback) | debt_reduction (alta): Deuda 1996.7M vs 2198.6M,incompleto,pendiente_confirmacion,5.13,5.38,5.13 - 5.38,4.82,6.68,4.82 - 6.68,Pérdida del soporte en 5.38 | ROE negativo durante 2 trimestres consecutivos | Ampliación de capital dilutiva | Recorte de rating a bono basura,12-18,"TREA WINE FPO [TWE] está un 29.0% por debajo de su máximo 52s. Fundamentalmente aceptable con ROE -26.5%, D/E 0.60. Técnicamente 🟡 MACD convergiendo, 🟢 Cerca de soporte. Clasificación: pendiente_confirmacion.","TREA WINE FPO [TWE] está un 29.0% por debajo de su máximo 52s. Fundamentalmente aceptable con ROE -26.5%, D/E 0.60. Técnicamente 🟡 MACD convergiendo, 🟢 Cerca de soporte. Clasificación: pendiente_confirmacion.",OK,
ENEL.MI,ENEL,EUROSTOXX,1.0,script-v2.0,1.0,2026-09-07T13:19:53.571838+02:00,53.3,51.1,81.0,25.0,0.0,1.0,60.0,55.0,5.0,18542561.0,3.33,4.3,-10.1,8.41,10.8,0.0663,False,14.8,17.7,False,9.31,-3.2,False,False,False,Sin señales de recuperación,pass,descarte,pendiente,0.0,desconocido,Pendiente de implementar,ausente,dividend_maintained (baja): Dividendo actual 5.77% con caída del 12.6%,razonable,descarte,8.56,9.01,8.56 - 9.01,8.76,9.28,8.76 - 9.28,Pérdida del soporte en 8.56 | ROE negativo durante 2 trimestres consecutivos | Ampliación de capital dilutiva | Recorte de rating a bono basura,6-12,"ENEL está un 12.6% por debajo de su máximo 52s. Fundamentalmente aceptable con ROE 12.3%, deuda neta/EBITDA 3.3x. Técnicamente 🔵 RSI en sobreventa, 🟡 MACD convergiendo. Clasificación: descarte.","ENEL está un 12.6% por debajo de su máximo 52s. Fundamentalmente aceptable con ROE 12.3%, deuda neta/EBITDA 3.3x. Técnicamente 🔵 RSI en sobreventa, 🟡 MACD convergiendo. Clasificación: descarte.",OK,
NAB.AX,NAT. BANK FPO [NAB],ASX,1.0,script-v2.0,1.0,2026-09-07T13:20:51.339457+02:00,53.2,46.9,64.0,32.0,0.0,1.0,72.0,55.0,17.0,4886904.0,,38.0,,,18.5,-0.2995,False,92.6,79.1,False,40.84,-3.4,True,False,False,Sin señales de recuperación,pass,descarte,pendiente,0.0,desconocido,Pendiente de implementar,ausente,dividend_maintained (baja): Dividendo actual 4.31% con caída del 20.2%,fuerte,descarte,38.1,39.44,38.10 - 39.44,40.75,42.03,40.75 - 42.03,Pérdida del soporte en 38.10 | ROE negativo durante 2 trimestres consecutivos | Ampliación de capital dilutiva | Recorte de rating a bono basura,6-12,"NAT. BANK FPO [NAB] está un 20.2% por debajo de su máximo 52s. Fundamentalmente aceptable con dividendo 4.3%. Técnicamente 🟢 Cruce alcista MACD, 🟢 Cerca de soporte. Clasificación: descarte.","NAT. BANK FPO [NAB] está un 20.2% por debajo de su máximo 52s. Fundamentalmente aceptable con dividendo 4.3%. Técnicamente 🟢 Cruce alcista MACD, 🟢 Cerca de soporte. Clasificación: descarte.",OK,
0002.HK,CLP HOLDINGS,ASIA,1.0,script-v2.0,1.0,2026-09-07T13:21:13.695694+02:00,53.0,57.0,89.0,29.0,0.0,1.0,41.0,35.0,6.0,3369820.0,2.63,9.8,,11.26,2.5,1.7703,False,39.3,34.8,False,73.44,5.0,False,True,False,Sin señales de recuperación,pass,descarte,pendiente,0.0,desconocido,Pendiente de implementar,ausente,dividend_maintained (baja): Dividendo actual 4.15% con caída del 3.3%,incompleto,descarte,73.52,76.66,73.52 - 76.66,67.83,72.56,67.83 - 72.56,Pérdida del soporte en 73.52 | ROE negativo durante 2 trimestres consecutivos | Ampliación de capital dilutiva | Recorte de rating a bono basura,6-12,"CLP HOLDINGS está un 3.3% por debajo de su máximo 52s. Fundamentalmente aceptable con ROE 10.1%, deuda neta/EBITDA 2.6x. Técnicamente 🟡 MACD convergiendo, 🟢 Cerca de soporte. Clasificación: descarte.","CLP HOLDINGS está un 3.3% por debajo de su máximo 52s. Fundamentalmente aceptable con ROE 10.1%, deuda neta/EBITDA 2.6x. Técnicamente 🟡 MACD convergiendo, 🟢 Cerca de soporte. Clasificación: descarte.",OK,
AEP,American Electric Power Company,SP500,1.0,script-v2.0,1.0,2026-09-07T13:20:38.503285+02:00,52.9,49.9,76.0,27.0,0.0,4.0,62.0,45.0,17.0,4495353.0,5.86,3.4,-14.2,13.5,10.8,0.0532,False,51.9,49.1,False,125.59,-0.9,True,False,False,Sin señales de recuperación,pass,descarte,pendiente,0.0,desconocido,Pendiente de implementar,ausente,margin_stabilization (media): Margen gross 62.4% vs 58.0% (+4.4 pp) | dividend_maintained (baja): Dividendo actual 3.05% con caída del 11.4%,razonable,descarte,118.27,124.5,118.27 - 124.50,119.49,125.25,119.49 - 125.25,Pérdida del soporte en 118.27 | ROE negativo durante 2 trimestres consecutivos | Ampliación de capital dilutiva | Recorte de rating a bono basura,6-12,"American Electric Power Company está un 11.4% por debajo de su máximo 52s. Fundamentalmente aceptable con ROE 10.1%, deuda neta/EBITDA 5.9x. Técnicamente 🟢 Cruce alcista MACD, 🟡 Apoyo en MA40 semanal. Clasificación: descarte.","American Electric Power Company está un 11.4% por debajo de su máximo 52s. Fundamentalmente aceptable con ROE 10.1%, deuda neta/EBITDA 5.9x. Técnicamente 🟢 Cruce alcista MACD, 🟡 Apoyo en MA40 semanal. Clasificación: descarte.",OK,
0003.HK,HK & CHINA GAS,ASIA,1.0,script-v2.0,1.0,2026-09-07T13:21:14.381157+02:00,52.5,52.4,86.0,23.0,0.0,4.0,53.0,35.0,18.0,32342934.0,4.59,2.0,,17.07,3.9,0.0715,False,51.8,55.0,False,6.9,4.0,True,True,False,Sin señales de recuperación,pass,descarte,pendiente,0.0,desconocido,Pendiente de implementar,ausente,eps_stabilization (media): EPS 0.30 vs 0.30 (annual_eps_fallback) | dividend_maintained (baja): Dividendo actual 4.87% con caída del 7.5%,razonable,descarte,6.77,6.82,6.77 - 6.82,6.6,6.89,6.60 - 6.89,Pérdida del soporte en 6.77 | ROE negativo durante 2 trimestres consecutivos | Ampliación de capital dilutiva | Recorte de rating a bono basura,6-12,"HK & CHINA GAS está un 7.5% por debajo de su máximo 52s. Fundamentalmente aceptable con ROE 10.5%, deuda neta/EBITDA 4.6x. Técnicamente 🟢 Divergencia alcista RSI, 🟡 MACD convergiendo. Clasificación: descarte.","HK & CHINA GAS está un 7.5% por debajo de su máximo 52s. Fundamentalmente aceptable con ROE 10.5%, deuda neta/EBITDA 4.6x. Técnicamente 🟢 Divergencia alcista RSI, 🟡 MACD convergiendo. Clasificación: descarte.",OK,
TXN,Texas Instruments Incorporated,SP500,1.0,script-v2.0,1.0,2026-09-07T13:20:48.593867+02:00,52.2,52.7,98.0,13.0,0.0,10.0,51.0,39.0,12.0,7885901.0,0.74,0.0,0.2,25.53,22.2,10.6449,False,33.4,20.2,False,240.99,7.2,True,False,False,,pass,descarte,pendiente,0.0,desconocido,Pendiente de implementar,parcial,"margin_stabilization (media): Margen gross 61.4% vs 58.0% (+3.3 pp) | eps_stabilization (media): EPS 2.14 vs 1.68 (Diluted EPS) | dividend_maintained (baja): Dividendo actual 2.20% con caída del 22.6% | analyst_upgrade (media): Target 324.71 vs precio 258.44 (+26%), recMean 2.08, recKey buy",razonable,descarte,209.56,258.44,209.56 - 258.44,237.48,283.93,237.48 - 283.93,Pérdida del soporte en 209.56 | ROE negativo durante 2 trimestres consecutivos | Ampliación de capital dilutiva | Recorte de rating a bono basura,6-12,"Texas Instruments Incorporated está un 22.6% por debajo de su máximo 52s. Fundamentalmente aceptable con ROE 35.2%, deuda neta/EBITDA 0.7x. Técnicamente 🔵 RSI recuperándose de sobreventa, 🟡 MACD convergiendo. Clasificación: descarte.","Texas Instruments Incorporated está un 22.6% por debajo de su máximo 52s. Fundamentalmente aceptable con ROE 35.2%, deuda neta/EBITDA 0.7x. Técnicamente 🔵 RSI recuperándose de sobreventa, 🟡 MACD convergiendo. Clasificación: descarte.",OK,
CVX,Chevron Corporation,SP500,1.0,script-v2.0,1.0,2026-09-07T13:20:17.325273+02:00,51.8,53.1,100.0,12.0,0.0,12.0,48.0,30.0,18.0,8454115.0,0.56,-18.4,12.3,8.75,2.2,7.4387,False,70.1,83.9,False,179.68,16.1,True,True,False,,pass,descarte,pendiente,0.0,desconocido,Pendiente de implementar,confirmada,margin_stabilization (media): Margen gross 36.5% vs 28.4% (+8.1 pp) | eps_stabilization (media): EPS 6.11 vs 1.11 (Diluted EPS) | debt_reduction (alta): Deuda 37075.0M vs 45428.0M | dividend_maintained (baja): Dividendo actual 3.41% con caída del 2.8%,razonable,descarte,189.96,193.81,189.96 - 193.81,178.23,182.5,178.23 - 182.50,Pérdida del soporte en 193.81 | ROE negativo durante 2 trimestres consecutivos | Ampliación de capital dilutiva | Recorte de rating a bono basura,6-12,"Chevron Corporation está un 2.8% por debajo de su máximo 52s. Fundamentalmente aceptable con ROE 12.2%, deuda neta/EBITDA 0.6x. Técnicamente 🟢 Cruce alcista MACD, 🟢 base_pattern_detected. Clasificación: descarte.","Chevron Corporation está un 2.8% por debajo de su máximo 52s. Fundamentalmente aceptable con ROE 12.2%, deuda neta/EBITDA 0.6x. Técnicamente 🟢 Cruce alcista MACD, 🟢 base_pattern_detected. Clasificación: descarte.",OK,
PUB.PA,PUBLICIS GROUPE SA,EUROSTOXX,1.0,script-v2.0,1.0,2026-09-07T13:19:48.182012+02:00,51.8,60.0,100.0,25.0,0.0,6.0,27.0,21.0,6.0,647051.0,1.14,-3.7,,9.76,4.2,6.3194,False,41.3,58.7,False,82.5,21.8,False,True,True,,pass,pendiente_confirmacion,pendiente,0.0,desconocido,Pendiente de implementar,parcial,debt_reduction (alta): Deuda 5450.0M vs 5661.0M | dividend_maintained (baja): Dividendo actual 3.73% con caída del 4.2%,incompleto,pendiente_confirmacion,94.46,100.45,94.46 - 100.45,81.91,89.12,81.91 - 89.12,Pérdida del soporte en 100.45 | ROE negativo durante 2 trimestres consecutivos | Ampliación de capital dilutiva | Recorte de rating a bono basura,6-12,"PUBLICIS GROUPE SA está un 4.2% por debajo de su máximo 52s. Fundamentalmente aceptable con ROE 16.2%, deuda neta/EBITDA 1.1x. Técnicamente 🟢 Cerca de soporte, 🟡 trendline_break. Clasificación: pendiente_confirmacion.","PUBLICIS GROUPE SA está un 4.2% por debajo de su máximo 52s. Fundamentalmente aceptable con ROE 16.2%, deuda neta/EBITDA 1.1x. Técnicamente 🟢 Cerca de soporte, 🟡 trendline_break. Clasificación: pendiente_confirmacion.",OK,
KPN.AS,KPN KON,EUROSTOXX,1.0,script-v2.0,1.0,2026-09-07T13:19:49.966259+02:00,51.7,51.3,71.0,34.0,0.0,4.0,53.0,48.0,5.0,10425940.0,2.85,3.9,-15.1,9.31,13.0,-0.0503,False,58.0,48.0,False,4.23,-3.3,False,False,False,Sin señales de recuperación,pass,descarte,pendiente,0.0,desconocido,Pendiente de implementar,ausente,margin_stabilization (media): Margen gross 67.9% vs 68.1% (-0.2 pp) | dividend_maintained (baja): Dividendo actual 4.64% con caída del 16.5%,razonable,descarte,4.07,4.1,4.07 - 4.10,4.17,4.21,4.17 - 4.21,Pérdida del soporte en 4.07 | ROE negativo durante 2 trimestres consecutivos | Ampliación de capital dilutiva | Recorte de rating a bono basura,6-12,"KPN KON está un 16.5% por debajo de su máximo 52s. Fundamentalmente aceptable con ROE 26.1%, deuda neta/EBITDA 2.9x. Técnicamente 🟢 Divergencia alcista RSI, 🟢 Cerca de soporte. Clasificación: descarte.","KPN KON está un 16.5% por debajo de su máximo 52s. Fundamentalmente aceptable con ROE 26.1%, deuda neta/EBITDA 2.9x. Técnicamente 🟢 Divergencia alcista RSI, 🟢 Cerca de soporte. Clasificación: descarte.",OK,
BP.L,BP PLC $0.25,EUROSTOXX,1.0,script-v2.0,1.0,2026-09-07T13:20:04.300354+02:00,51.6,49.8,85.0,19.0,0.0,9.0,57.0,39.0,18.0,43071358.0,0.9,-2.0,8.5,3.5,9.8,9.4084,False,85.1,70.2,False,509.64,7.8,True,True,False,,pass,descarte,pendiente,0.0,desconocido,Pendiente de implementar,parcial,eps_stabilization (media): EPS 0.25 vs 0.25 (Diluted EPS) | debt_reduction (alta): Deuda 72693.0M vs 74178.0M | dividend_maintained (baja): Dividendo actual 0.05% con caída del 9.9%,razonable,descarte,513.53,519.19,513.53 - 519.19,505.09,517.99,505.09 - 517.99,Pérdida del soporte en 513.53 | ROE negativo durante 2 trimestres consecutivos | Ampliación de capital dilutiva | Recorte de rating a bono basura,6-12,"BP PLC $0.25 está un 9.9% por debajo de su máximo 52s. Fundamentalmente aceptable con ROE 8.9%, deuda neta/EBITDA 0.9x. Técnicamente 🟢 Divergencia alcista RSI, 🟢 Cruce alcista MACD. Clasificación: descarte.","BP PLC $0.25 está un 9.9% por debajo de su máximo 52s. Fundamentalmente aceptable con ROE 8.9%, deuda neta/EBITDA 0.9x. Técnicamente 🟢 Divergencia alcista RSI, 🟢 Cruce alcista MACD. Clasificación: descarte.",OK,
ORG.AX,ORIGIN ENE FPO [ORG],ASX,1.0,script-v2.0,1.0,2026-09-07T13:20:58.300238+02:00,51.6,59.9,94.0,30.0,0.0,4.0,27.0,16.0,11.0,4373111.0,2.41,3.4,,13.78,10.3,0.0165,False,1.4,12.2,False,11.11,1.0,False,True,False,Sin señales de recuperación,pass,descarte,pendiente,0.0,desconocido,Pendiente de implementar,ausente,eps_stabilization (media): EPS 0.91 vs 0.86 (annual_eps_fallback) | dividend_maintained (baja): Dividendo actual 5.35% con caída del 13.6%,incompleto,descarte,10.2,10.78,10.20 - 10.78,11.04,11.07,11.04 - 11.07,Pérdida del soporte en 10.20 | ROE negativo durante 2 trimestres consecutivos | Ampliación de capital dilutiva | Recorte de rating a bono basura,6-12,"ORIGIN ENE FPO [ORG] está un 13.6% por debajo de su máximo 52s. Fundamentalmente aceptable con ROE 15.7%, deuda neta/EBITDA 2.4x. Técnicamente 🟡 Apoyo en MA40 semanal, 🟡 trendline_break. Clasificación: descarte.","ORIGIN ENE FPO [ORG] está un 13.6% por debajo de su máximo 52s. Fundamentalmente aceptable con ROE 15.7%, deuda neta/EBITDA 2.4x. Técnicamente 🟡 Apoyo en MA40 semanal, 🟡 trendline_break. Clasificación: descarte.",OK,
MO,"Altria Group, Inc.",SP500,1.0,script-v2.0,1.0,2026-09-07T13:20:42.674726+02:00,51.5,52.3,79.0,29.0,0.0,9.0,49.0,37.0,12.0,8650788.0,1.41,-0.1,14.9,8.71,10.6,0.9955,False,72.1,80.6,False,65.73,4.8,True,False,False,,pass,descarte,pendiente,0.0,desconocido,Pendiente de implementar,parcial,eps_stabilization (media): EPS 1.37 vs 1.30 (Diluted EPS) | debt_reduction (alta): Deuda 24577.0M vs 24602.0M | dividend_maintained (baja): Dividendo actual 6.45% con caída del 10.6%,razonable,descarte,68.71,68.88,68.71 - 68.88,65.14,65.5,65.14 - 65.50,Pérdida del soporte en 68.71 | ROE negativo durante 2 trimestres consecutivos | Ampliación de capital dilutiva | Recorte de rating a bono basura,6-12,"Altria Group, Inc. está un 10.6% por debajo de su máximo 52s. Fundamentalmente aceptable con deuda neta/EBITDA 1.4x, dividendo 6.5%. Técnicamente 🟢 Divergencia alcista RSI, 🟢 Cerca de soporte. Clasificación: descarte.","Altria Group, Inc. está un 10.6% por debajo de su máximo 52s. Fundamentalmente aceptable con deuda neta/EBITDA 1.4x, dividendo 6.5%. Técnicamente 🟢 Divergencia alcista RSI, 🟢 Cerca de soporte. Clasificación: descarte.",OK,
DGE.L,DIAGEO PLC ORD 28 101/108P,EUROSTOXX,1.0,script-v2.0,1.0,2026-09-07T13:20:10.714941+02:00,51.3,53.1,76.0,33.0,0.0,9.0,46.0,23.0,23.0,5020601.0,3.18,-5.6,,9.23,39.0,21.6493,False,9.4,5.6,True,1594.49,2.4,True,False,False,,pass,descarte,pendiente,0.0,desconocido,Pendiente de implementar,parcial,"debt_reduction (alta): Deuda 22196.0M vs 23512.0M | dividend_maintained (baja): Dividendo actual 0.03% con caída del 19.8% | analyst_upgrade (media): Target 1992.41 vs precio 1633.00 (+22%), recMean 2.00, recKey buy",razonable,descarte,1471.65,1633.0,1471.65 - 1633.00,1597.23,1730.74,1597.23 - 1730.74,Pérdida del soporte en 1471.65 | ROE negativo durante 2 trimestres consecutivos | Ampliación de capital dilutiva | Recorte de rating a bono basura,6-12,"DIAGEO PLC ORD 28 101/108P está un 19.8% por debajo de su máximo 52s. Fundamentalmente aceptable con ROE 15.0%, deuda neta/EBITDA 3.2x. Técnicamente 🟢 Estocástico sale de sobreventa, 🟡 Apoyo en MA40 semanal. Clasificación: descarte.","DIAGEO PLC ORD 28 101/108P está un 19.8% por debajo de su máximo 52s. Fundamentalmente aceptable con ROE 15.0%, deuda neta/EBITDA 3.2x. Técnicamente 🟢 Estocástico sale de sobreventa, 🟡 Apoyo en MA40 semanal. Clasificación: descarte.",OK,
BA,Boeing Company (The),SP500,1.0,script-v2.0,1.0,2026-09-07T13:20:34.437860+02:00,51.2,44.3,48.0,41.0,0.0,11.0,72.0,55.0,17.0,5648339.0,3.95,-11.2,-0.2,-67.88,16.6,-0.9819,False,32.8,21.4,False,222.18,-4.5,True,False,False,,pass,descarte,pendiente,0.0,desconocido,Pendiente de implementar,parcial,"margin_stabilization (media): Margen gross 11.5% vs 7.6% (+3.9 pp) | debt_reduction (alta): Deuda 48362.0M vs 54433.0M | analyst_upgrade (media): Target 274.85 vs precio 212.25 (+29%), recMean 1.54, recKey buy",fuerte,descarte,190.13,212.25,190.13 - 212.25,216.2,220.25,216.20 - 220.25,Pérdida del soporte en 190.13 | ROE negativo durante 2 trimestres consecutivos | Ampliación de capital dilutiva | Recorte de rating a bono basura,6-12,"Boeing Company (The) está un 16.6% por debajo de su máximo 52s. Fundamentalmente aceptable con ROE 173.5%, deuda neta/EBITDA 4.0x. Técnicamente 🔵 RSI recuperándose de sobreventa, 🟡 MACD convergiendo. Clasificación: descarte.","Boeing Company (The) está un 16.6% por debajo de su máximo 52s. Fundamentalmente aceptable con ROE 173.5%, deuda neta/EBITDA 4.0x. Técnicamente 🔵 RSI recuperándose de sobreventa, 🟡 MACD convergiendo. Clasificación: descarte.",OK,
ABT,Abbott Laboratories,SP500,1.0,script-v2.0,1.0,2026-09-07T13:20:14.879080+02:00,51.1,56.8,84.0,33.0,0.0,1.0,34.0,16.0,18.0,11230274.0,2.32,136.1,0.6,18.43,20.8,1.6994,False,9.7,12.8,False,104.18,4.0,True,True,False,Sin señales de recuperación,pass,descarte,pendiente,0.0,desconocido,Pendiente de implementar,ausente,dividend_maintained (baja): Dividendo actual 2.33% con caída del 21.2%,incompleto,descarte,100.79,104.21,100.79 - 104.21,105.22,116.87,105.22 - 116.87,Pérdida del soporte en 100.79 | ROE negativo durante 2 trimestres consecutivos | Ampliación de capital dilutiva | Recorte de rating a bono basura,6-12,"Abbott Laboratories está un 21.2% por debajo de su máximo 52s. Fundamentalmente aceptable con ROE 10.6%, deuda neta/EBITDA 2.3x. Técnicamente 🟢 base_pattern_detected, 🟡 trendline_break. Clasificación: descarte.","Abbott Laboratories está un 21.2% por debajo de su máximo 52s. Fundamentalmente aceptable con ROE 10.6%, deuda neta/EBITDA 2.3x. Técnicamente 🟢 base_pattern_detected, 🟡 trendline_break. Clasificación: descarte.",OK,
ABI.BR,AB INBEV,EUROSTOXX,1.0,script-v2.0,1.0,2026-09-07T13:19:58.009862+02:00,51.1,59.8,95.0,29.0,0.0,12.0,25.0,25.0,0.0,1826413.0,3.28,-0.4,0.0,10.57,10.6,1.7228,False,55.1,74.4,False,65.01,4.7,False,False,True,,pass,pendiente_confirmacion,pendiente,0.0,desconocido,Pendiente de implementar,confirmada,margin_stabilization (media): Margen gross 57.5% vs 56.6% (+0.9 pp) | eps_stabilization (media): EPS 1.90 vs 1.30 (Diluted EPS) | debt_reduction (alta): Deuda 72732.0M vs 73027.0M | dividend_maintained (baja): Dividendo actual 1.69% con caída del 10.6%,incompleto,pendiente_confirmacion,60.51,68.1,60.51 - 68.10,64.27,64.75,64.27 - 64.75,Pérdida del soporte en 60.51 | ROE negativo durante 2 trimestres consecutivos | Ampliación de capital dilutiva | Recorte de rating a bono basura,6-12,"AB INBEV está un 10.6% por debajo de su máximo 52s. Fundamentalmente aceptable con ROE 11.4%, deuda neta/EBITDA 3.3x. Técnicamente con señales incipientes pero confirmación incompleta. Clasificación: pendiente_confirmacion.","AB INBEV está un 10.6% por debajo de su máximo 52s. Fundamentalmente aceptable con ROE 11.4%, deuda neta/EBITDA 3.3x. Técnicamente con señales incipientes pero confirmación incompleta. Clasificación: pendiente_confirmacion.",OK,
GD,General Dynamics Corporation,SP500,1.0,script-v2.0,1.0,2026-09-07T13:20:33.959350+02:00,50.9,47.2,100.0,1.0,0.0,12.0,62.0,45.0,17.0,1160753.0,0.78,-3.6,-0.0,15.41,10.2,10.6323,False,3.5,8.6,False,353.2,1.8,True,False,False,,pass,descarte,pendiente,0.0,desconocido,Pendiente de implementar,confirmada,margin_stabilization (media): Margen gross 15.5% vs 15.9% (-0.4 pp) | eps_stabilization (media): EPS 4.24 vs 4.10 (Diluted EPS) | debt_reduction (alta): Deuda 9479.0M vs 9832.0M | dividend_maintained (baja): Dividendo actual 1.77% con caída del 10.2%,razonable,descarte,335.77,359.39,335.77 - 359.39,340.0,352.3,340.00 - 352.30,Pérdida del soporte en 335.77 | ROE negativo durante 2 trimestres consecutivos | Ampliación de capital dilutiva | Recorte de rating a bono basura,6-12,"General Dynamics Corporation está un 10.2% por debajo de su máximo 52s. Fundamentalmente aceptable con ROE 17.8%, deuda neta/EBITDA 0.8x. Técnicamente 🔵 RSI en sobreventa, 🟢 Volumen creciente. Clasificación: descarte.","General Dynamics Corporation está un 10.2% por debajo de su máximo 52s. Fundamentalmente aceptable con ROE 17.8%, deuda neta/EBITDA 0.8x. Técnicamente 🔵 RSI en sobreventa, 🟢 Volumen creciente. Clasificación: descarte.",OK,
0941.HK,CHINA MOBILE,ASIA,1.0,script-v2.0,1.0,2026-09-07T13:21:17.557499+02:00,50.6,50.9,69.0,35.0,0.0,12.0,50.0,39.0,11.0,15248785.0,-0.86,-2.3,,5.81,4.9,0.6215,False,22.7,32.6,False,77.13,2.6,False,True,False,,pass,descarte,pendiente,0.0,desconocido,Pendiente de implementar,confirmada,"eps_stabilization (media): EPS 6.42 vs 6.15 (annual_eps_fallback) | debt_reduction (alta): Deuda 98828.0M vs 101197.0M | dividend_maintained (baja): Dividendo actual 6.85% con caída del 11.0% | analyst_upgrade (media): Target 96.71 vs precio 79.10 (+22%), recMean 1.73, recKey buy",razonable,descarte,78.21,78.29,78.21 - 78.29,75.56,77.48,75.56 - 77.48,Pérdida del soporte en 78.21 | ROE negativo durante 2 trimestres consecutivos | Ampliación de capital dilutiva | Recorte de rating a bono basura,6-12,"CHINA MOBILE está un 11.0% por debajo de su máximo 52s. Fundamentalmente aceptable con ROE 9.3%, deuda neta/EBITDA -0.9x. Técnicamente 🟢 Divergencia alcista RSI, 🟢 Cerca de soporte. Clasificación: descarte.","CHINA MOBILE está un 11.0% por debajo de su máximo 52s. Fundamentalmente aceptable con ROE 9.3%, deuda neta/EBITDA -0.9x. Técnicamente 🟢 Divergencia alcista RSI, 🟢 Cerca de soporte. Clasificación: descarte.",OK,
CSCO,"Cisco Systems, Inc.",SP500,1.0,script-v2.0,1.0,2026-09-07T13:20:29.650517+02:00,50.4,52.5,100.0,11.0,0.0,15.0,44.0,32.0,12.0,21787588.0,0.82,-0.4,-0.0,23.91,15.9,6.5819,False,29.9,21.8,False,95.14,14.8,True,False,True,,pass,pendiente_confirmacion,pendiente,0.0,desconocido,Pendiente de implementar,confirmada,"margin_stabilization (media): Margen gross 64.1% vs 63.6% (+0.5 pp) | eps_stabilization (media): EPS 0.97 vs 0.85 (Diluted EPS) | debt_reduction (alta): Deuda 31185.0M vs 31303.0M | dividend_maintained (baja): Dividendo actual 1.54% con caída del 16.2% | analyst_upgrade (media): Target 137.62 vs precio 109.20 (+26%), recMean 1.82, recKey buy",incompleto,pendiente_confirmacion,90.66,109.2,90.66 - 109.20,94.24,110.81,94.24 - 110.81,Pérdida del soporte en 90.66 | ROE negativo durante 2 trimestres consecutivos | Ampliación de capital dilutiva | Recorte de rating a bono basura,6-12,"Cisco Systems, Inc. está un 16.2% por debajo de su máximo 52s. Fundamentalmente aceptable con ROE 27.3%, deuda neta/EBITDA 0.8x. Técnicamente 🟡 MACD convergiendo, 🟢 base_pattern_detected. Clasificación: pendiente_confirmacion.","Cisco Systems, Inc. está un 16.2% por debajo de su máximo 52s. Fundamentalmente aceptable con ROE 27.3%, deuda neta/EBITDA 0.8x. Técnicamente 🟡 MACD convergiendo, 🟢 base_pattern_detected. Clasificación: pendiente_confirmacion.",OK,
CA.PA,CARREFOUR,EUROSTOXX,1.0,script-v2.0,1.0,2026-09-07T13:19:39.152457+02:00,50.4,53.1,67.0,41.0,0.0,1.0,42.0,30.0,12.0,2120114.0,4.63,316.0,,8.07,2.2,0.4323,False,85.3,90.3,False,15.01,8.8,True,False,False,Sin señales de recuperación,pass,descarte,pendiente,0.0,desconocido,Pendiente de implementar,ausente,dividend_maintained (baja): Dividendo actual 5.94% con caída del 6.9%,incompleto,descarte,15.49,15.99,15.49 - 15.99,14.85,14.91,14.85 - 14.91,Pérdida del soporte en 15.49 | ROE negativo durante 2 trimestres consecutivos | Ampliación de capital dilutiva | Recorte de rating a bono basura,6-12,"CARREFOUR está un 6.9% por debajo de su máximo 52s. Fundamentalmente aceptable con ROE 8.4%, deuda neta/EBITDA 4.6x. Técnicamente 🟢 Cruce alcista MACD, 🟢 base_pattern_detected. Clasificación: descarte.","CARREFOUR está un 6.9% por debajo de su máximo 52s. Fundamentalmente aceptable con ROE 8.4%, deuda neta/EBITDA 4.6x. Técnicamente 🟢 Cruce alcista MACD, 🟢 base_pattern_detected. Clasificación: descarte.",OK,
KER.PA,KERING,EUROSTOXX,1.0,script-v2.0,1.0,2026-09-07T13:19:41.234062+02:00,50.1,48.5,56.0,42.0,0.0,9.0,55.0,38.0,17.0,311623.0,3.75,-1.3,,16.04,31.0,-1.7378,False,3.3,11.8,False,262.43,-8.2,True,False,False,,pass,descarte,pendiente,0.0,desconocido,Pendiente de implementar,parcial,"debt_reduction (alta): Deuda 17907.0M vs 18149.0M | dividend_maintained (baja): Dividendo actual 1.25% con caída del 32.0% | analyst_upgrade (media): Target 289.71 vs precio 240.80 (+20%), recMean 2.79, recKey hold",razonable,descarte,240.26,240.8,240.26 - 240.80,263.9,301.07,263.90 - 301.07,Pérdida del soporte en 240.26 | ROE negativo durante 2 trimestres consecutivos | Ampliación de capital dilutiva | Recorte de rating a bono basura,12-18,"KERING está un 32.0% por debajo de su máximo 52s. Fundamentalmente aceptable con ROE -1.6%, deuda neta/EBITDA 3.8x. Técnicamente 🟢 Cerca de soporte, 🟡 Apoyo en MA40 semanal. Clasificación: descarte.","KERING está un 32.0% por debajo de su máximo 52s. Fundamentalmente aceptable con ROE -1.6%, deuda neta/EBITDA 3.8x. Técnicamente 🟢 Cerca de soporte, 🟡 Apoyo en MA40 semanal. Clasificación: descarte.",OK,
VZ,Verizon Communications Inc.,SP500,1.0,script-v2.0,1.0,2026-09-07T13:20:17.101653+02:00,50.1,53.8,89.0,23.0,0.0,9.0,39.0,21.0,18.0,26321165.0,3.76,-1.1,0.1,7.86,1.6,1.2802,False,68.7,77.6,False,45.07,11.2,True,True,True,,pass,pendiente_confirmacion,pendiente,0.0,desconocido,Pendiente de implementar,parcial,margin_stabilization (media): Margen gross 61.8% vs 60.3% (+1.5 pp) | debt_reduction (alta): Deuda 193646.0M vs 195872.0M | dividend_maintained (baja): Dividendo actual 5.64% con caída del 3.0%,incompleto,pendiente_confirmacion,46.28,49.12,46.28 - 49.12,43.93,44.68,43.93 - 44.68,Pérdida del soporte en 49.12 | ROE negativo durante 2 trimestres consecutivos | Ampliación de capital dilutiva | Recorte de rating a bono basura,6-12,"Verizon Communications Inc. está un 3.0% por debajo de su máximo 52s. Fundamentalmente aceptable con ROE 15.8%, deuda neta/EBITDA 3.8x. Técnicamente 🟢 Cerca de soporte, 🟢 base_pattern_detected. Clasificación: pendiente_confirmacion.","Verizon Communications Inc. está un 3.0% por debajo de su máximo 52s. Fundamentalmente aceptable con ROE 15.8%, deuda neta/EBITDA 3.8x. Técnicamente 🟢 Cerca de soporte, 🟢 base_pattern_detected. Clasificación: pendiente_confirmacion.",OK,
CB,Chubb Limited,SP500,1.0,script-v2.0,1.0,2026-09-07T13:20:23.694417+02:00,50.1,50.8,86.0,20.0,0.0,7.0,48.0,48.0,0.0,1787630.0,1.15,43.2,-0.7,10.37,6.6,7.7875,False,40.0,52.2,False,326.83,4.5,False,False,False,,pass,descarte,pendiente,0.0,desconocido,Pendiente de implementar,parcial,margin_stabilization (media): Margen operating 24.0% vs 21.5% (+2.4 pp) | eps_stabilization (media): EPS 7.30 vs 5.88 (Diluted EPS) | dividend_maintained (baja): Dividendo actual 1.19% con caída del 6.6%,razonable,descarte,338.86,341.59,338.86 - 341.59,311.02,325.29,311.02 - 325.29,Pérdida del soporte en 338.86 | ROE negativo durante 2 trimestres consecutivos | Ampliación de capital dilutiva | Recorte de rating a bono basura,6-12,"Chubb Limited está un 6.6% por debajo de su máximo 52s. Fundamentalmente aceptable con ROE 14.8%, deuda neta/EBITDA 1.1x. Técnicamente 🟢 Cruce alcista MACD, 🟢 Cerca de soporte. Clasificación: descarte.","Chubb Limited está un 6.6% por debajo de su máximo 52s. Fundamentalmente aceptable con ROE 14.8%, deuda neta/EBITDA 1.1x. Técnicamente 🟢 Cruce alcista MACD, 🟢 Cerca de soporte. Clasificación: descarte.",OK,
SAP.DE,SAP SE                        I,EUROSTOXX,1.0,script-v2.0,1.0,2026-09-07T13:19:33.881520+02:00,49.6,54.9,97.0,18.0,0.0,7.0,34.0,16.0,18.0,2753512.0,-0.14,26.4,0.9,18.12,34.0,4.1147,False,36.2,50.5,False,164.9,10.6,True,True,True,,pass,pendiente_confirmacion,pendiente,0.0,desconocido,Pendiente de implementar,parcial,margin_stabilization (media): Margen gross 73.2% vs 73.0% (+0.2 pp) | eps_stabilization (media): EPS 1.88 vs 1.65 (Diluted EPS) | dividend_maintained (baja): Dividendo actual 1.37% con caída del 25.4%,incompleto,pendiente_confirmacion,162.25,177.45,162.25 - 177.45,166.41,207.66,166.41 - 207.66,Pérdida del soporte en 177.45 | ROE negativo durante 2 trimestres consecutivos | Ampliación de capital dilutiva | Recorte de rating a bono basura,12-18,"SAP SE                        I está un 25.4% por debajo de su máximo 52s. Fundamentalmente aceptable con ROE 18.3%, deuda neta/EBITDA -0.1x. Técnicamente 🟢 Cerca de soporte, 🟢 base_pattern_detected. Clasificación: pendiente_confirmacion.","SAP SE                        I está un 25.4% por debajo de su máximo 52s. Fundamentalmente aceptable con ROE 18.3%, deuda neta/EBITDA -0.1x. Técnicamente 🟢 Cerca de soporte, 🟢 base_pattern_detected. Clasificación: pendiente_confirmacion.",OK,
TEN.MI,TENARIS,EUROSTOXX,1.0,script-v2.0,1.0,2026-09-07T13:19:56.410466+02:00,49.5,51.0,83.0,23.0,0.0,6.0,45.0,33.0,12.0,1396092.0,-0.85,-5.6,4.6,8.14,12.1,0.4392,False,91.6,90.7,False,22.75,7.5,True,False,False,,pass,descarte,pendiente,0.0,desconocido,Pendiente de implementar,parcial,debt_reduction (alta): Deuda 447.0M vs 473.5M | dividend_maintained (baja): Dividendo actual 4.21% con caída del 12.1%,razonable,descarte,23.57,23.96,23.57 - 23.96,22.49,23.65,22.49 - 23.65,Pérdida del soporte en 23.57 | ROE negativo durante 2 trimestres consecutivos | Ampliación de capital dilutiva | Recorte de rating a bono basura,6-12,"TENARIS está un 12.1% por debajo de su máximo 52s. Fundamentalmente aceptable con ROE 11.6%, deuda neta/EBITDA -0.8x. Técnicamente 🟢 Divergencia alcista RSI, 🟢 Cerca de soporte. Clasificación: descarte.","TENARIS está un 12.1% por debajo de su máximo 52s. Fundamentalmente aceptable con ROE 11.6%, deuda neta/EBITDA -0.8x. Técnicamente 🟢 Divergencia alcista RSI, 🟢 Cerca de soporte. Clasificación: descarte.",OK,
RIO.AX,RIO TINTO FPO [RIO],ASX,1.0,script-v2.0,1.0,2026-09-07T13:20:53.606025+02:00,49.5,52.0,100.0,10.0,0.0,6.0,42.0,30.0,12.0,1244467.0,0.58,-3.3,,13.34,7.9,5.1597,False,66.7,63.8,False,162.34,9.3,True,False,True,,pass,pendiente_confirmacion,pendiente,0.0,desconocido,Pendiente de implementar,parcial,debt_reduction (alta): Deuda 22852.0M vs 23640.0M | dividend_maintained (baja): Dividendo actual 3.78% con caída del 9.4%,incompleto,pendiente_confirmacion,168.08,168.49,168.08 - 168.49,160.36,166.46,160.36 - 166.46,Pérdida del soporte en 168.08 | ROE negativo durante 2 trimestres consecutivos | Ampliación de capital dilutiva | Recorte de rating a bono basura,6-12,"RIO TINTO FPO [RIO] está un 9.4% por debajo de su máximo 52s. Fundamentalmente aceptable con ROE 19.3%, deuda neta/EBITDA 0.6x. Técnicamente 🟢 Divergencia alcista RSI, 🟡 MACD convergiendo. Clasificación: pendiente_confirmacion.","RIO TINTO FPO [RIO] está un 9.4% por debajo de su máximo 52s. Fundamentalmente aceptable con ROE 19.3%, deuda neta/EBITDA 0.6x. Técnicamente 🟢 Divergencia alcista RSI, 🟡 MACD convergiendo. Clasificación: pendiente_confirmacion.",OK,
UNH,UnitedHealth Group Incorporated,SP500,1.0,script-v2.0,1.0,2026-09-07T13:20:27.512736+02:00,49.1,52.5,100.0,11.0,0.0,6.0,39.0,39.0,0.0,5349722.0,1.57,-5.9,0.2,15.21,34.4,17.541,False,59.4,68.8,False,351.6,13.0,False,False,True,,pass,pendiente_confirmacion,pendiente,0.0,desconocido,Pendiente de implementar,parcial,debt_reduction (alta): Deuda 73328.0M vs 77917.0M | dividend_maintained (baja): Dividendo actual 2.34% con caída del 14.0%,incompleto,pendiente_confirmacion,351.59,397.14,351.59 - 397.14,349.14,392.38,349.14 - 392.38,Pérdida del soporte en 351.59 | ROE negativo durante 2 trimestres consecutivos | Ampliación de capital dilutiva | Recorte de rating a bono basura,6-12,"UnitedHealth Group Incorporated está un 14.0% por debajo de su máximo 52s. Fundamentalmente aceptable con ROE 14.2%, deuda neta/EBITDA 1.6x. Técnicamente 🟢 Cruce alcista MACD. Clasificación: pendiente_confirmacion.","UnitedHealth Group Incorporated está un 14.0% por debajo de su máximo 52s. Fundamentalmente aceptable con ROE 14.2%, deuda neta/EBITDA 1.6x. Técnicamente 🟢 Cruce alcista MACD. Clasificación: pendiente_confirmacion.",OK,
CBA.AX,CWLTH BANK FPO [CBA],ASX,1.0,script-v2.0,1.0,2026-09-07T13:20:49.809193+02:00,49.1,41.5,74.0,13.0,0.0,4.0,72.0,55.0,17.0,2041042.0,,67.1,,,12.0,-0.5576,False,86.5,71.4,False,163.48,-1.2,True,False,False,Sin señales de recuperación,pass,descarte,pendiente,0.0,desconocido,Pendiente de implementar,ausente,eps_stabilization (media): EPS 6.49 vs 6.04 (annual_eps_fallback) | dividend_maintained (baja): Dividendo actual 3.13% con caída del 13.0%,fuerte,descarte,156.47,161.54,156.47 - 161.54,157.75,162.57,157.75 - 162.57,Pérdida del soporte en 156.47 | ROE negativo durante 2 trimestres consecutivos | Ampliación de capital dilutiva | Recorte de rating a bono basura,6-12,"CWLTH BANK FPO [CBA] está un 13.0% por debajo de su máximo 52s. Fundamentalmente aceptable con ROE 13.9%, dividendo 3.1%. Técnicamente 🟢 Cruce alcista MACD, 🟢 Cerca de soporte. Clasificación: descarte.","CWLTH BANK FPO [CBA] está un 13.0% por debajo de su máximo 52s. Fundamentalmente aceptable con ROE 13.9%, dividendo 3.1%. Técnicamente 🟢 Cruce alcista MACD, 🟢 Cerca de soporte. Clasificación: descarte.",OK,
EDP.LS,"EDP, SA",EUROSTOXX,1.0,script-v2.0,1.0,2026-09-07T13:20:00.109987+02:00,49.1,52.5,84.0,25.0,0.0,7.0,39.0,21.0,18.0,8142562.0,5.51,3.7,3.5,11.6,2.6,0.132,False,46.6,39.6,False,4.29,9.4,True,True,True,,pass,pendiente_confirmacion,pendiente,0.0,desconocido,Pendiente de implementar,parcial,margin_stabilization (media): Margen gross 39.7% vs 40.0% (-0.3 pp) | eps_stabilization (media): EPS 0.09 vs 0.09 (Diluted EPS) | dividend_maintained (baja): Dividendo actual 4.48% con caída del 2.6%,incompleto,pendiente_confirmacion,4.4,4.57,4.40 - 4.57,4.1,4.25,4.10 - 4.25,Pérdida del soporte en 4.40 | ROE negativo durante 2 trimestres consecutivos | Ampliación de capital dilutiva | Recorte de rating a bono basura,6-12,"EDP, SA está un 2.6% por debajo de su máximo 52s. Fundamentalmente aceptable con ROE 8.9%, deuda neta/EBITDA 5.5x. Técnicamente 🟡 MACD convergiendo, 🟢 base_pattern_detected. Clasificación: pendiente_confirmacion.","EDP, SA está un 2.6% por debajo de su máximo 52s. Fundamentalmente aceptable con ROE 8.9%, deuda neta/EBITDA 5.5x. Técnicamente 🟡 MACD convergiendo, 🟢 base_pattern_detected. Clasificación: pendiente_confirmacion.",OK,
9432.T,NTT INC,ASIA,1.0,script-v2.0,1.0,2026-09-07T13:21:03.900123+02:00,48.8,51.1,73.0,32.0,0.0,4.0,42.0,24.0,18.0,244524782.0,4.03,11.8,,7.92,4.1,4.4057,False,57.9,73.9,False,153.8,9.8,True,True,False,Sin señales de recuperación,pass,descarte,pendiente,0.0,desconocido,Pendiente de implementar,ausente,eps_stabilization (media): EPS 3.38 vs 3.14 (Diluted EPS) | dividend_maintained (baja): Dividendo actual 3.20% con caída del 4.1%,incompleto,descarte,156.94,167.3,156.94 - 167.30,149.6,153.17,149.60 - 153.17,Pérdida del soporte en 167.30 | ROE negativo durante 2 trimestres consecutivos | Ampliación de capital dilutiva | Recorte de rating a bono basura,6-12,"NTT INC está un 4.1% por debajo de su máximo 52s. Fundamentalmente aceptable con ROE 10.7%, deuda neta/EBITDA 4.0x. Técnicamente 🟢 Cerca de soporte, 🟢 base_pattern_detected. Clasificación: descarte.","NTT INC está un 4.1% por debajo de su máximo 52s. Fundamentalmente aceptable con ROE 10.7%, deuda neta/EBITDA 4.0x. Técnicamente 🟢 Cerca de soporte, 🟢 base_pattern_detected. Clasificación: descarte.",OK,
BNP.PA,BNP PARIBAS ACT.A,EUROSTOXX,1.0,script-v2.0,1.0,2026-09-07T13:19:38.001853+02:00,48.5,48.7,70.0,30.0,0.0,4.0,48.0,48.0,0.0,1805659.0,,140.4,,,8.8,5.5879,False,40.4,38.7,False,92.28,12.5,False,False,False,Sin señales de recuperación,pass,descarte,pendiente,0.0,desconocido,Pendiente de implementar,ausente,eps_stabilization (media): EPS 3.96 vs 2.92 (Diluted EPS) | dividend_maintained (baja): Dividendo actual 5.59% con caída del 8.8%,razonable,descarte,99.41,103.84,99.41 - 103.84,91.1,96.75,91.10 - 96.75,Pérdida del soporte en 99.41 | ROE negativo durante 2 trimestres consecutivos | Ampliación de capital dilutiva | Recorte de rating a bono basura,6-12,"BNP PARIBAS ACT.A está un 8.8% por debajo de su máximo 52s. Fundamentalmente aceptable con ROE 10.5%, dividendo 5.6%. Técnicamente 🔵 RSI recuperándose de sobreventa, 🟡 MACD convergiendo. Clasificación: descarte.","BNP PARIBAS ACT.A está un 8.8% por debajo de su máximo 52s. Fundamentalmente aceptable con ROE 10.5%, dividendo 5.6%. Técnicamente 🔵 RSI recuperándose de sobreventa, 🟡 MACD convergiendo. Clasificación: descarte.",OK,
ZURN.SW,ZURICH INSURANCE N,EUROSTOXX,1.0,script-v2.0,1.0,2026-09-07T13:20:03.851003+02:00,48.5,55.4,97.0,19.0,0.0,9.0,28.0,28.0,0.0,238419.0,-1.5,-2.1,,6.43,4.8,13.8434,False,66.4,84.8,False,562.11,6.1,False,False,True,,pass,pendiente_confirmacion,pendiente,0.0,desconocido,Pendiente de implementar,parcial,eps_stabilization (media): EPS 47.20 vs 40.15 (annual_eps_fallback) | debt_reduction (alta): Deuda 15358.0M vs 15681.0M | dividend_maintained (baja): Dividendo actual 5.03% con caída del 4.8%,incompleto,pendiente_confirmacion,594.22,596.2,594.22 - 596.20,532.1,559.46,532.10 - 559.46,Pérdida del soporte en 594.22 | ROE negativo durante 2 trimestres consecutivos | Ampliación de capital dilutiva | Recorte de rating a bono basura,6-12,"ZURICH INSURANCE N está un 4.8% por debajo de su máximo 52s. Fundamentalmente aceptable con ROE 25.7%, deuda neta/EBITDA -1.5x. Técnicamente 🟢 Cerca de soporte. Clasificación: pendiente_confirmacion.","ZURICH INSURANCE N está un 4.8% por debajo de su máximo 52s. Fundamentalmente aceptable con ROE 25.7%, deuda neta/EBITDA -1.5x. Técnicamente 🟢 Cerca de soporte. Clasificación: pendiente_confirmacion.",OK,
CS.PA,AXA,EUROSTOXX,1.0,script-v2.0,1.0,2026-09-07T13:19:39.263495+02:00,48.5,50.1,97.0,9.0,0.0,4.0,44.0,44.0,0.0,2791829.0,,1.0,,,3.8,1.5968,False,67.0,76.7,False,40.02,9.8,False,False,False,Sin señales de recuperación,pass,descarte,pendiente,0.0,desconocido,Pendiente de implementar,ausente,eps_stabilization (media): EPS 4.77 vs 3.63 (annual_eps_fallback) | dividend_maintained (baja): Dividendo actual 5.28% con caída del 3.8%,incompleto,descarte,43.71,43.93,43.71 - 43.93,38.81,39.73,38.81 - 39.73,Pérdida del soporte en 43.71 | ROE negativo durante 2 trimestres consecutivos | Ampliación de capital dilutiva | Recorte de rating a bono basura,6-12,"AXA está un 3.8% por debajo de su máximo 52s. Fundamentalmente aceptable con ROE 14.9%, D/E 1.19. Técnicamente 🟢 Cruce alcista MACD, 🟢 Cerca de soporte. Clasificación: descarte.","AXA está un 3.8% por debajo de su máximo 52s. Fundamentalmente aceptable con ROE 14.9%, D/E 1.19. Técnicamente 🟢 Cruce alcista MACD, 🟢 Cerca de soporte. Clasificación: descarte.",OK,
ACA.PA,CREDIT AGRICOLE,EUROSTOXX,1.0,script-v2.0,1.0,2026-09-07T13:19:47.688821+02:00,48.4,50.9,69.0,35.0,0.0,4.0,41.0,35.0,6.0,4637874.0,,101.4,,,7.8,0.791,False,41.8,35.4,False,16.98,10.8,False,True,False,Sin señales de recuperación,pass,descarte,pendiente,0.0,desconocido,Pendiente de implementar,ausente,eps_stabilization (media): EPS 0.59 vs 0.52 (Diluted EPS) | dividend_maintained (baja): Dividendo actual 9.04% con caída del 7.8%,incompleto,descarte,18.25,18.64,18.25 - 18.64,16.88,17.34,16.88 - 17.34,Pérdida del soporte en 18.25 | ROE negativo durante 2 trimestres consecutivos | Ampliación de capital dilutiva | Recorte de rating a bono basura,6-12,"CREDIT AGRICOLE está un 7.8% por debajo de su máximo 52s. Fundamentalmente aceptable con ROE 8.6%, dividendo 9.0%. Técnicamente 🟡 MACD convergiendo, 🟢 Cerca de soporte. Clasificación: descarte.","CREDIT AGRICOLE está un 7.8% por debajo de su máximo 52s. Fundamentalmente aceptable con ROE 8.6%, dividendo 9.0%. Técnicamente 🟡 MACD convergiendo, 🟢 Cerca de soporte. Clasificación: descarte.",OK,
PSA,Public Storage,SP500,1.0,script-v2.0,1.0,2026-09-07T13:20:41.174832+02:00,48.1,46.5,94.0,5.0,0.0,4.0,53.0,48.0,5.0,1020842.0,2.89,1.5,1.9,19.61,12.5,7.0621,False,16.0,19.1,False,296.55,1.8,False,False,False,Sin señales de recuperación,pass,descarte,pendiente,0.0,desconocido,Pendiente de implementar,ausente,margin_stabilization (media): Margen gross 72.1% vs 72.1% (+0.0 pp) | dividend_maintained (baja): Dividendo actual 3.97% con caída del 10.0%,razonable,descarte,261.41,302.01,261.41 - 302.01,285.22,294.49,285.22 - 294.49,Pérdida del soporte en 261.41 | ROE negativo durante 2 trimestres consecutivos | Ampliación de capital dilutiva | Recorte de rating a bono basura,6-12,"Public Storage está un 10.0% por debajo de su máximo 52s. Fundamentalmente aceptable con ROE 21.9%, deuda neta/EBITDA 2.9x. Técnicamente 🔵 RSI en sobreventa, 🟡 MACD convergiendo. Clasificación: descarte.","Public Storage está un 10.0% por debajo de su máximo 52s. Fundamentalmente aceptable con ROE 21.9%, deuda neta/EBITDA 2.9x. Técnicamente 🔵 RSI en sobreventa, 🟡 MACD convergiendo. Clasificación: descarte.",OK,
SWK,"Stanley Black & Decker, Inc.",SP500,1.0,script-v2.0,1.0,2026-09-07T13:20:19.159473+02:00,48.0,50.3,85.0,20.0,0.0,12.0,41.0,35.0,6.0,1775271.0,2.58,-19.8,0.3,10.79,7.0,6.3006,False,46.0,37.8,False,82.13,18.5,False,True,True,,pass,pendiente_confirmacion,pendiente,0.0,desconocido,Pendiente de implementar,confirmada,margin_stabilization (media): Margen gross 33.0% vs 30.1% (+2.9 pp) | eps_stabilization (media): EPS 2.33 vs 0.39 (Diluted EPS) | debt_reduction (alta): Deuda 5211.5M vs 6501.2M | dividend_maintained (baja): Dividendo actual 3.45% con caída del 7.0%,incompleto,pendiente_confirmacion,95.18,97.25,95.18 - 97.25,81.05,88.98,81.05 - 88.98,Pérdida del soporte en 97.25 | ROE negativo durante 2 trimestres consecutivos | Ampliación de capital dilutiva | Recorte de rating a bono basura,6-12,"Stanley Black & Decker, Inc. está un 7.0% por debajo de su máximo 52s. Fundamentalmente aceptable con ROE 6.9%, deuda neta/EBITDA 2.6x. Técnicamente 🟡 MACD convergiendo, 🟢 Cerca de soporte. Clasificación: pendiente_confirmacion.","Stanley Black & Decker, Inc. está un 7.0% por debajo de su máximo 52s. Fundamentalmente aceptable con ROE 6.9%, deuda neta/EBITDA 2.6x. Técnicamente 🟡 MACD convergiendo, 🟢 Cerca de soporte. Clasificación: pendiente_confirmacion.",OK,
KMB,Kimberly-Clark Corporation,SP500,1.0,script-v2.0,1.0,2026-09-07T13:20:42.799112+02:00,47.8,54.7,75.0,37.0,0.0,9.0,27.0,27.0,0.0,3911134.0,1.6,-7.7,0.9,11.67,25.2,1.8085,False,1.8,22.7,False,100.87,4.1,False,False,True,,pass,pendiente_confirmacion,pendiente,0.0,desconocido,Pendiente de implementar,parcial,margin_stabilization (media): Margen gross 38.3% vs 36.8% (+1.4 pp) | debt_reduction (alta): Deuda 6539.0M vs 7084.0M | dividend_maintained (baja): Dividendo actual 4.88% con caída del 20.2%,incompleto,pendiente_confirmacion,99.22,104.96,99.22 - 104.96,100.58,111.8,100.58 - 111.80,Pérdida del soporte en 99.22 | ROE negativo durante 2 trimestres consecutivos | Ampliación de capital dilutiva | Recorte de rating a bono basura,6-12,"Kimberly-Clark Corporation está un 20.2% por debajo de su máximo 52s. Fundamentalmente aceptable con ROE 104.9%, deuda neta/EBITDA 1.6x. Técnicamente con señales incipientes pero confirmación incompleta. Clasificación: pendiente_confirmacion.","Kimberly-Clark Corporation está un 20.2% por debajo de su máximo 52s. Fundamentalmente aceptable con ROE 104.9%, deuda neta/EBITDA 1.6x. Técnicamente con señales incipientes pero confirmación incompleta. Clasificación: pendiente_confirmacion.",OK,
GLE.PA,SOCIETE GENERALE,EUROSTOXX,1.0,script-v2.0,1.0,2026-09-07T13:19:40.997245+02:00,47.5,47.3,67.0,30.0,0.0,4.0,48.0,48.0,0.0,1686331.0,,117.1,,,12.2,2.6266,False,42.4,35.2,False,71.01,4.9,False,False,False,Sin señales de recuperación,pass,descarte,pendiente,0.0,desconocido,Pendiente de implementar,ausente,eps_stabilization (media): EPS 2.05 vs 1.88 (Diluted EPS) | dividend_maintained (baja): Dividendo actual 2.35% con caída del 12.2%,razonable,descarte,71.22,74.5,71.22 - 74.50,70.6,72.1,70.60 - 72.10,Pérdida del soporte en 71.22 | ROE negativo durante 2 trimestres consecutivos | Ampliación de capital dilutiva | Recorte de rating a bono basura,6-12,"SOCIETE GENERALE está un 12.2% por debajo de su máximo 52s. Fundamentalmente aceptable con ROE 9.5%, dividendo 2.4%. Técnicamente 🔵 RSI recuperándose de sobreventa, 🟡 MACD convergiendo. Clasificación: descarte.","SOCIETE GENERALE está un 12.2% por debajo de su máximo 52s. Fundamentalmente aceptable con ROE 9.5%, dividendo 2.4%. Técnicamente 🔵 RSI recuperándose de sobreventa, 🟡 MACD convergiendo. Clasificación: descarte.",OK,
MS,Morgan Stanley,SP500,1.0,script-v2.0,1.0,2026-09-07T13:20:26.512202+02:00,47.5,42.6,81.0,9.0,0.0,4.0,62.0,44.0,18.0,5312431.0,,54.1,,,5.7,10.5177,False,90.8,66.4,False,190.54,14.3,True,True,False,Sin señales de recuperación,pass,descarte,pendiente,0.0,desconocido,Pendiente de implementar,ausente,eps_stabilization (media): EPS 3.46 vs 3.43 (Diluted EPS) | dividend_maintained (baja): Dividendo actual 2.11% con caída del 6.3%,razonable,descarte,209.07,215.02,209.07 - 215.02,189.28,197.41,189.28 - 197.41,Pérdida del soporte en 209.07 | ROE negativo durante 2 trimestres consecutivos | Ampliación de capital dilutiva | Recorte de rating a bono basura,6-12,"Morgan Stanley está un 6.3% por debajo de su máximo 52s. Fundamentalmente aceptable con ROE 18.0%, D/E 5.17. Técnicamente 🟢 Cruce alcista MACD, 🟢 Cerca de soporte. Clasificación: descarte.","Morgan Stanley está un 6.3% por debajo de su máximo 52s. Fundamentalmente aceptable con ROE 18.0%, D/E 5.17. Técnicamente 🟢 Cruce alcista MACD, 🟢 Cerca de soporte. Clasificación: descarte.",OK,
IAG.AX,INSUR.AUST FPO [IAG],ASX,1.0,script-v2.0,1.0,2026-09-07T13:20:58.449250+02:00,47.3,48.4,90.0,12.0,0.0,4.0,44.0,44.0,0.0,4910091.0,0.6,128641.6,,10.32,7.2,0.1662,False,65.0,70.4,False,7.5,6.9,False,False,False,Sin señales de recuperación,pass,descarte,pendiente,0.0,desconocido,Pendiente de implementar,ausente,eps_stabilization (media): EPS 0.43 vs 0.39 (annual_eps_fallback) | dividend_maintained (baja): Dividendo actual 3.99% con caída del 8.4%,incompleto,descarte,7.72,8.02,7.72 - 8.02,7.45,7.47,7.45 - 7.47,Pérdida del soporte en 7.72 | ROE negativo durante 2 trimestres consecutivos | Ampliación de capital dilutiva | Recorte de rating a bono basura,6-12,"INSUR.AUST FPO [IAG] está un 8.4% por debajo de su máximo 52s. Fundamentalmente aceptable con ROE 15.6%, deuda neta/EBITDA 0.6x. Técnicamente 🟢 Cruce alcista MACD, 🟢 Cerca de soporte. Clasificación: descarte.","INSUR.AUST FPO [IAG] está un 8.4% por debajo de su máximo 52s. Fundamentalmente aceptable con ROE 15.6%, deuda neta/EBITDA 0.6x. Técnicamente 🟢 Cruce alcista MACD, 🟢 Cerca de soporte. Clasificación: descarte.",OK,
BMY,Bristol-Myers Squibb Company,SP500,1.0,script-v2.0,1.0,2026-09-07T13:20:35.842346+02:00,47.3,51.7,88.0,20.0,0.0,12.0,34.0,16.0,18.0,11393904.0,1.8,-3.0,1.5,9.01,2.7,3.0281,False,50.0,73.7,False,58.03,15.1,True,True,True,,pass,pendiente_confirmacion,pendiente,0.0,desconocido,Pendiente de implementar,confirmada,margin_stabilization (media): Margen gross 71.3% vs 70.2% (+1.1 pp) | eps_stabilization (media): EPS 1.62 vs 1.31 (Diluted EPS) | debt_reduction (alta): Deuda 45053.0M vs 46428.0M | dividend_maintained (baja): Dividendo actual 3.77% con caída del 2.7%,incompleto,pendiente_confirmacion,62.85,65.52,62.85 - 65.52,57.3,58.34,57.30 - 58.34,Pérdida del soporte en 65.52 | ROE negativo durante 2 trimestres consecutivos | Ampliación de capital dilutiva | Recorte de rating a bono basura,6-12,"Bristol-Myers Squibb Company está un 2.7% por debajo de su máximo 52s. Fundamentalmente aceptable con ROE 46.6%, deuda neta/EBITDA 1.8x. Técnicamente 🟢 Cerca de soporte, 🟢 base_pattern_detected. Clasificación: pendiente_confirmacion.","Bristol-Myers Squibb Company está un 2.7% por debajo de su máximo 52s. Fundamentalmente aceptable con ROE 46.6%, deuda neta/EBITDA 1.8x. Técnicamente 🟢 Cerca de soporte, 🟢 base_pattern_detected. Clasificación: pendiente_confirmacion.",OK,
XOM,ExxonMobil Holdings Corporation,SP500,1.0,script-v2.0,1.0,2026-09-07T13:20:17.054395+02:00,47.3,53.1,100.0,12.0,0.0,12.0,30.0,12.0,18.0,15579228.0,0.47,-11.1,9.3,10.22,8.4,5.3202,False,31.2,49.7,False,144.02,10.7,True,True,True,,pass,pendiente_confirmacion,pendiente,0.0,desconocido,Pendiente de implementar,confirmada,margin_stabilization (media): Margen gross 22.5% vs 16.7% (+5.8 pp) | eps_stabilization (media): EPS 3.48 vs 1.00 (Diluted EPS) | debt_reduction (alta): Deuda 42368.0M vs 47661.0M | dividend_maintained (baja): Dividendo actual 2.58% con caída del 9.6%,incompleto,pendiente_confirmacion,144.06,152.29,144.06 - 152.29,143.07,149.95,143.07 - 149.95,Pérdida del soporte en 144.06 | ROE negativo durante 2 trimestres consecutivos | Ampliación de capital dilutiva | Recorte de rating a bono basura,6-12,"ExxonMobil Holdings Corporation está un 9.6% por debajo de su máximo 52s. Fundamentalmente aceptable con ROE 12.6%, deuda neta/EBITDA 0.5x. Técnicamente 🟢 base_pattern_detected, 🟡 trendline_break. Clasificación: pendiente_confirmacion.","ExxonMobil Holdings Corporation está un 9.6% por debajo de su máximo 52s. Fundamentalmente aceptable con ROE 12.6%, deuda neta/EBITDA 0.5x. Técnicamente 🟢 base_pattern_detected, 🟡 trendline_break. Clasificación: pendiente_confirmacion.",OK,
BDX,"Becton, Dickinson and Company",SP500,1.0,script-v2.0,1.0,2026-09-07T13:20:20.887939+02:00,47.2,51.6,82.0,25.0,0.0,12.0,34.0,16.0,18.0,2109853.0,2.63,-2.7,0.5,10.85,4.3,8.4508,False,32.6,47.8,False,159.4,15.9,True,True,True,,pass,pendiente_confirmacion,pendiente,0.0,desconocido,Pendiente de implementar,confirmada,margin_stabilization (media): Margen gross 46.5% vs 45.7% (+0.8 pp) | eps_stabilization (media): EPS 1.37 vs -1.11 (Diluted EPS) | debt_reduction (alta): Deuda 16808.0M vs 17279.0M | dividend_maintained (baja): Dividendo actual 2.27% con caída del 4.3%,incompleto,pendiente_confirmacion,170.0,180.72,170.00 - 180.72,158.61,164.11,158.61 - 164.11,Pérdida del soporte en 180.72 | ROE negativo durante 2 trimestres consecutivos | Ampliación de capital dilutiva | Recorte de rating a bono basura,6-12,"Becton, Dickinson and Company está un 4.3% por debajo de su máximo 52s. Fundamentalmente aceptable con ROE 6.6%, deuda neta/EBITDA 2.6x. Técnicamente 🟢 Cerca de soporte, 🟢 base_pattern_detected. Clasificación: pendiente_confirmacion.","Becton, Dickinson and Company está un 4.3% por debajo de su máximo 52s. Fundamentalmente aceptable con ROE 6.6%, deuda neta/EBITDA 2.6x. Técnicamente 🟢 Cerca de soporte, 🟢 base_pattern_detected. Clasificación: pendiente_confirmacion.",OK,
CAT,"Caterpillar, Inc.",SP500,1.0,script-v2.0,1.0,2026-09-07T13:20:30.744397+02:00,47.0,41.1,72.0,14.0,0.0,7.0,65.0,53.0,12.0,3172692.0,2.41,4.8,-2.7,25.43,24.0,26.4212,False,46.0,29.5,False,779.55,4.4,True,False,False,,pass,descarte,pendiente,0.0,desconocido,Pendiente de implementar,parcial,margin_stabilization (media): Margen gross 36.0% vs 33.1% (+2.9 pp) | eps_stabilization (media): EPS 5.47 vs 5.12 (Diluted EPS) | dividend_maintained (baja): Dividendo actual 0.80% con caída del 24.2%,razonable,descarte,802.25,813.94,802.25 - 813.94,771.12,912.44,771.12 - 912.44,Pérdida del soporte en 802.25 | ROE negativo durante 2 trimestres consecutivos | Ampliación de capital dilutiva | Recorte de rating a bono basura,6-12,"Caterpillar, Inc. está un 24.2% por debajo de su máximo 52s. Fundamentalmente aceptable con ROE 57.0%, deuda neta/EBITDA 2.4x. Técnicamente 🟢 Divergencia alcista RSI, 🟢 Cruce alcista MACD. Clasificación: descarte.","Caterpillar, Inc. está un 24.2% por debajo de su máximo 52s. Fundamentalmente aceptable con ROE 57.0%, deuda neta/EBITDA 2.4x. Técnicamente 🟢 Divergencia alcista RSI, 🟢 Cruce alcista MACD. Clasificación: descarte.",OK,
JNJ,Johnson & Johnson,SP500,1.0,script-v2.0,1.0,2026-09-07T13:20:12.939276+02:00,47.0,46.7,100.0,0.0,0.0,12.0,48.0,30.0,18.0,7791449.0,0.81,-10.8,0.2,19.83,2.1,12.8866,False,66.1,77.1,False,235.2,17.0,True,True,False,,pass,descarte,pendiente,0.0,desconocido,Pendiente de implementar,confirmada,margin_stabilization (media): Margen gross 68.2% vs 66.3% (+1.9 pp) | eps_stabilization (media): EPS 2.27 vs 2.14 (Diluted EPS) | debt_reduction (alta): Deuda 49036.0M vs 54987.0M | dividend_maintained (baja): Dividendo actual 1.95% con caída del 2.1%,razonable,descarte,253.56,260.72,253.56 - 260.72,233.5,238.91,233.50 - 238.91,Pérdida del soporte en 253.56 | ROE negativo durante 2 trimestres consecutivos | Ampliación de capital dilutiva | Recorte de rating a bono basura,6-12,"Johnson & Johnson está un 2.1% por debajo de su máximo 52s. Fundamentalmente aceptable con ROE 25.7%, deuda neta/EBITDA 0.8x. Técnicamente 🟢 Cruce alcista MACD, 🟢 base_pattern_detected. Clasificación: descarte.","Johnson & Johnson está un 2.1% por debajo de su máximo 52s. Fundamentalmente aceptable con ROE 25.7%, deuda neta/EBITDA 0.8x. Técnicamente 🟢 Cruce alcista MACD, 🟢 base_pattern_detected. Clasificación: descarte.",OK,
OR.PA,L'OREAL,EUROSTOXX,1.0,script-v2.0,1.0,2026-09-07T13:19:42.884639+02:00,46.9,50.6,97.0,10.0,0.0,1.0,36.0,30.0,6.0,353363.0,1.22,40.3,,20.98,4.1,4.9335,False,54.2,52.9,False,372.21,3.3,False,True,False,Sin señales de recuperación,pass,descarte,pendiente,0.0,desconocido,Pendiente de implementar,ausente,dividend_maintained (baja): Dividendo actual 1.87% con caída del 5.2%,incompleto,descarte,360.18,382.92,360.18 - 382.92,344.93,371.18,344.93 - 371.18,Pérdida del soporte en 360.18 | ROE negativo durante 2 trimestres consecutivos | Ampliación de capital dilutiva | Recorte de rating a bono basura,6-12,"L'OREAL está un 5.2% por debajo de su máximo 52s. Fundamentalmente aceptable con ROE 19.4%, deuda neta/EBITDA 1.2x. Técnicamente 🟡 MACD convergiendo, 🟡 trendline_break. Clasificación: descarte.","L'OREAL está un 5.2% por debajo de su máximo 52s. Fundamentalmente aceptable con ROE 19.4%, deuda neta/EBITDA 1.2x. Técnicamente 🟡 MACD convergiendo, 🟡 trendline_break. Clasificación: descarte.",OK,
2914.T,JAPAN TOBACCO INC,ASIA,1.0,script-v2.0,1.0,2026-09-07T13:21:11.297663+02:00,46.7,52.6,99.0,12.0,0.0,6.0,29.0,23.0,6.0,4505431.0,0.71,-0.1,,10.86,6.7,345.257,False,2.6,15.6,False,6021.8,11.9,False,True,True,,pass,pendiente_confirmacion,pendiente,0.0,desconocido,Pendiente de implementar,parcial,debt_reduction (alta): Deuda 1676772.0M vs 1678688.0M | dividend_maintained (baja): Dividendo actual 4.04% con caída del 6.7%,incompleto,pendiente_confirmacion,5760.0,6630.5,5760.00 - 6630.50,5959.48,6135.3,5959.48 - 6135.30,Pérdida del soporte en 5760.00 | ROE negativo durante 2 trimestres consecutivos | Ampliación de capital dilutiva | Recorte de rating a bono basura,6-12,"JAPAN TOBACCO INC está un 6.7% por debajo de su máximo 52s. Fundamentalmente aceptable con ROE 14.3%, deuda neta/EBITDA 0.7x. Técnicamente 🟡 trendline_break. Clasificación: pendiente_confirmacion.","JAPAN TOBACCO INC está un 6.7% por debajo de su máximo 52s. Fundamentalmente aceptable con ROE 14.3%, deuda neta/EBITDA 0.7x. Técnicamente 🟡 trendline_break. Clasificación: pendiente_confirmacion.",OK,
ALV.DE,Allianz SE                    v,EUROSTOXX,1.0,script-v2.0,1.0,2026-09-07T13:19:29.072951+02:00,46.5,54.7,100.0,15.0,0.0,12.0,22.0,16.0,6.0,516875.0,-4.77,-4.4,1.0,3.34,1.5,22.9451,False,63.3,78.4,False,384.98,16.3,False,True,False,Sin suelo técnico identificado,pass,descarte,pendiente,0.0,desconocido,Pendiente de implementar,confirmada,margin_stabilization (media): Margen operating 17.1% vs 10.5% (+6.6 pp) | eps_stabilization (media): EPS 9.56 vs 6.98 (Diluted EPS) | debt_reduction (alta): Deuda 33706.0M vs 35275.0M | dividend_maintained (baja): Dividendo actual 3.82% con caída del 1.5%,sin_suelo,descarte,433.38,437.5,433.38 - 437.50,381.9,386.41,381.90 - 386.41,Pérdida del soporte en 437.50 | ROE negativo durante 2 trimestres consecutivos | Ampliación de capital dilutiva | Recorte de rating a bono basura,6-12,"Allianz SE                    v está un 1.5% por debajo de su máximo 52s. Fundamentalmente aceptable con ROE 19.6%, deuda neta/EBITDA -4.8x. Técnicamente 🟢 Cerca de soporte, 🟡 trendline_break. Clasificación: descarte.","Allianz SE                    v está un 1.5% por debajo de su máximo 52s. Fundamentalmente aceptable con ROE 19.6%, deuda neta/EBITDA -4.8x. Técnicamente 🟢 Cerca de soporte, 🟡 trendline_break. Clasificación: descarte.",OK,
BHP.L,BHP GROUP LIMITED ORD NPV (DI),EUROSTOXX,1.0,script-v2.0,1.0,2026-09-07T13:20:08.102248+02:00,46.3,48.7,93.0,10.0,0.0,4.0,39.0,21.0,18.0,829781.0,0.33,1.4,,6.19,7.0,180.4692,False,28.9,34.5,False,2893.72,15.4,True,True,False,Sin señales de recuperación,pass,descarte,pendiente,0.0,desconocido,Pendiente de implementar,ausente,eps_stabilization (media): EPS 1.93 vs 1.77 (annual_eps_fallback) | dividend_maintained (baja): Dividendo actual 0.04% con caída del 7.0%,incompleto,descarte,3195.09,3230.39,3195.09 - 3230.39,2847.76,3053.2,2847.76 - 3053.20,Pérdida del soporte en 3195.09 | ROE negativo durante 2 trimestres consecutivos | Ampliación de capital dilutiva | Recorte de rating a bono basura,6-12,"BHP GROUP LIMITED ORD NPV (DI) está un 7.0% por debajo de su máximo 52s. Fundamentalmente aceptable con ROE 24.0%, deuda neta/EBITDA 0.3x. Técnicamente 🟢 Cerca de soporte, 🟢 base_pattern_detected. Clasificación: descarte.","BHP GROUP LIMITED ORD NPV (DI) está un 7.0% por debajo de su máximo 52s. Fundamentalmente aceptable con ROE 24.0%, deuda neta/EBITDA 0.3x. Técnicamente 🟢 Cerca de soporte, 🟢 base_pattern_detected. Clasificación: descarte.",OK,
0005.HK,HSBC HOLDINGS,ASIA,1.0,script-v2.0,1.0,2026-09-07T13:21:12.755533+02:00,46.3,43.1,73.0,17.0,0.0,4.0,56.0,50.0,6.0,13794500.0,,227.0,,,1.2,9.8098,False,96.7,87.9,False,140.31,19.4,False,True,False,Sin señales de recuperación,pass,descarte,pendiente,0.0,desconocido,Pendiente de implementar,ausente,eps_stabilization (media): EPS 0.40 vs 0.39 (Diluted EPS) | dividend_maintained (baja): Dividendo actual 3.50% con caída del 1.2%,razonable,descarte,159.3,159.6,159.30 - 159.60,136.77,144.24,136.77 - 144.24,Pérdida del soporte en 159.30 | ROE negativo durante 2 trimestres consecutivos | Ampliación de capital dilutiva | Recorte de rating a bono basura,6-12,"HSBC HOLDINGS está un 1.2% por debajo de su máximo 52s. Fundamentalmente aceptable con ROE 13.1%, dividendo 3.5%. Técnicamente 🟢 Cruce alcista MACD, 🟢 Volumen creciente. Clasificación: descarte.","HSBC HOLDINGS está un 1.2% por debajo de su máximo 52s. Fundamentalmente aceptable con ROE 13.1%, dividendo 3.5%. Técnicamente 🟢 Cruce alcista MACD, 🟢 Volumen creciente. Clasificación: descarte.",OK,
NESN.SW,NESTLE N,EUROSTOXX,1.0,script-v2.0,1.0,2026-09-07T13:20:02.183891+02:00,46.3,39.4,73.0,10.0,0.0,1.0,67.0,62.0,5.0,3339561.0,3.45,8.6,,15.7,9.7,0.6324,False,37.7,26.3,False,77.75,1.2,False,False,False,Sin señales de recuperación,pass,descarte,pendiente,0.0,desconocido,Pendiente de implementar,ausente,dividend_maintained (baja): Dividendo actual 3.94% con caída del 9.7%,razonable,descarte,77.75,78.66,77.75 - 78.66,74.03,77.62,74.03 - 77.62,Pérdida del soporte en 77.75 | ROE negativo durante 2 trimestres consecutivos | Ampliación de capital dilutiva | Recorte de rating a bono basura,6-12,"NESTLE N está un 9.7% por debajo de su máximo 52s. Fundamentalmente débil con ROE 26.2%, deuda neta/EBITDA 3.5x. Técnicamente 🔵 RSI recuperándose de sobreventa, 🟢 Divergencia alcista RSI. Clasificación: descarte.","NESTLE N está un 9.7% por debajo de su máximo 52s. Fundamentalmente débil con ROE 26.2%, deuda neta/EBITDA 3.5x. Técnicamente 🔵 RSI recuperándose de sobreventa, 🟢 Divergencia alcista RSI. Clasificación: descarte.",OK,
LSEG.L,LONDON STOCK EXCHANGE GROUP PLC,EUROSTOXX,1.0,script-v2.0,1.0,2026-09-07T13:20:11.659621+02:00,46.2,41.7,79.0,9.0,0.0,7.0,60.0,33.0,27.0,1436312.0,2.96,35.9,,17.67,27.7,-47.1659,True,62.3,67.9,False,8778.74,0.3,True,False,False,,pass,descarte,pendiente,0.0,desconocido,Pendiente de implementar,parcial,"eps_stabilization (media): EPS 2.37 vs 1.28 (annual_eps_fallback) | dividend_maintained (baja): Dividendo actual 0.02% con caída del 13.2% | analyst_upgrade (media): Target 11804.00 vs precio 8804.00 (+34%), recMean 1.47, recKey strong_buy",razonable,descarte,8249.34,8736.76,8249.34 - 8736.76,8619.0,8741.38,8619.00 - 8741.38,Pérdida del soporte en 8249.34 | ROE negativo durante 2 trimestres consecutivos | Ampliación de capital dilutiva | Recorte de rating a bono basura,6-12,"LONDON STOCK EXCHANGE GROUP PLC está un 13.2% por debajo de su máximo 52s. Fundamentalmente aceptable con ROE 7.7%, deuda neta/EBITDA 3.0x. Técnicamente 🟢 Divergencia alcista RSI, 🟢 MACD semanal girando al alza. Clasificación: descarte.","LONDON STOCK EXCHANGE GROUP PLC está un 13.2% por debajo de su máximo 52s. Fundamentalmente aceptable con ROE 7.7%, deuda neta/EBITDA 3.0x. Técnicamente 🟢 Divergencia alcista RSI, 🟢 MACD semanal girando al alza. Clasificación: descarte.",OK,
INTC,Intel Corporation,SP500,1.0,script-v2.0,1.0,2026-09-07T13:20:30.198311+02:00,46.2,39.9,57.0,25.0,0.0,6.0,65.0,53.0,12.0,113772338.0,1.24,12.2,0.3,30.86,32.7,7.347,False,75.2,43.1,False,76.1,25.9,True,False,False,,pass,descarte,pendiente,0.0,desconocido,Pendiente de implementar,parcial,"margin_stabilization (media): Margen gross 40.4% vs 39.4% (+1.0 pp) | analyst_upgrade (media): Target 115.78 vs precio 95.80 (+21%), recMean 2.50, recKey buy",razonable,descarte,95.35,95.8,95.35 - 95.80,74.15,121.0,74.15 - 121.00,Pérdida del soporte en 95.35 | ROE negativo durante 2 trimestres consecutivos | Ampliación de capital dilutiva | Recorte de rating a bono basura,12-18,"Intel Corporation está un 32.7% por debajo de su máximo 52s. Fundamentalmente débil con ROE -10.7%, deuda neta/EBITDA 1.2x. Técnicamente 🟢 Divergencia alcista RSI, 🟢 Cruce alcista MACD. Clasificación: descarte.","Intel Corporation está un 32.7% por debajo de su máximo 52s. Fundamentalmente débil con ROE -10.7%, deuda neta/EBITDA 1.2x. Técnicamente 🟢 Divergencia alcista RSI, 🟢 Cruce alcista MACD. Clasificación: descarte.",OK,
WDS.AX,WOODSIDE FPO [WDS],ASX,1.0,script-v2.0,1.0,2026-09-07T13:20:56.246902+02:00,46.2,48.7,86.0,16.0,0.0,6.0,39.0,21.0,18.0,4958479.0,1.15,-0.4,,9.43,7.5,1.102,False,56.0,49.1,False,28.76,12.4,True,True,True,,pass,pendiente_confirmacion,pendiente,0.0,desconocido,Pendiente de implementar,parcial,debt_reduction (alta): Deuda 13668.0M vs 13722.0M | dividend_maintained (baja): Dividendo actual 5.04% con caída del 9.7%,incompleto,pendiente_confirmacion,29.61,30.75,29.61 - 30.75,28.39,30.45,28.39 - 30.45,Pérdida del soporte en 29.61 | ROE negativo durante 2 trimestres consecutivos | Ampliación de capital dilutiva | Recorte de rating a bono basura,6-12,"WOODSIDE FPO [WDS] está un 9.7% por debajo de su máximo 52s. Fundamentalmente aceptable con ROE 7.7%, deuda neta/EBITDA 1.1x. Técnicamente 🟡 MACD convergiendo, 🟢 base_pattern_detected. Clasificación: pendiente_confirmacion.","WOODSIDE FPO [WDS] está un 9.7% por debajo de su máximo 52s. Fundamentalmente aceptable con ROE 7.7%, deuda neta/EBITDA 1.1x. Técnicamente 🟡 MACD convergiendo, 🟢 base_pattern_detected. Clasificación: pendiente_confirmacion.",OK,
U11.SI,UOB,ASIA,1.0,script-v2.0,1.0,2026-09-07T13:21:22.462624+02:00,46.0,46.3,74.0,22.0,0.0,1.0,45.0,39.0,6.0,3456243.0,,21.5,,,5.5,1.5871,False,74.1,82.9,False,37.49,11.4,False,True,False,Sin señales de recuperación,pass,descarte,pendiente,0.0,desconocido,Pendiente de implementar,ausente,dividend_maintained (baja): Dividendo actual 4.22% con caída del 7.5%,razonable,descarte,40.11,41.54,40.11 - 41.54,37.08,38.38,37.08 - 38.38,Pérdida del soporte en 40.11 | ROE negativo durante 2 trimestres consecutivos | Ampliación de capital dilutiva | Recorte de rating a bono basura,6-12,"UOB está un 7.5% por debajo de su máximo 52s. Fundamentalmente aceptable con ROE 9.2%, dividendo 4.2%. Técnicamente 🟢 Cruce alcista MACD, 🟢 Cerca de soporte. Clasificación: descarte.","UOB está un 7.5% por debajo de su máximo 52s. Fundamentalmente aceptable con ROE 9.2%, dividendo 4.2%. Técnicamente 🟢 Cruce alcista MACD, 🟢 Cerca de soporte. Clasificación: descarte.",OK,
GS,"Goldman Sachs Group, Inc. (The)",SP500,1.0,script-v2.0,1.0,2026-09-07T13:20:26.180882+02:00,46.0,42.6,81.0,9.0,0.0,4.0,56.0,44.0,12.0,2048182.0,,132.4,,,9.6,41.0475,False,67.9,49.1,False,944.7,9.9,True,False,False,Sin señales de recuperación,pass,descarte,pendiente,0.0,desconocido,Pendiente de implementar,ausente,eps_stabilization (media): EPS 20.98 vs 17.55 (Diluted EPS) | dividend_maintained (baja): Dividendo actual 1.93% con caída del 10.0%,razonable,descarte,1002.84,1038.61,1002.84 - 1038.61,939.2,980.89,939.20 - 980.89,Pérdida del soporte en 1002.84 | ROE negativo durante 2 trimestres consecutivos | Ampliación de capital dilutiva | Recorte de rating a bono basura,6-12,"Goldman Sachs Group, Inc. (The) está un 10.0% por debajo de su máximo 52s. Fundamentalmente aceptable con ROE 16.9%, D/E 7.25. Técnicamente 🟢 Cruce alcista MACD, 🟢 Cerca de soporte. Clasificación: descarte.","Goldman Sachs Group, Inc. (The) está un 10.0% por debajo de su máximo 52s. Fundamentalmente aceptable con ROE 16.9%, D/E 7.25. Técnicamente 🟢 Cruce alcista MACD, 🟢 Cerca de soporte. Clasificación: descarte.",OK,
ULVR.L,UNILEVER PLC ORD 3.5P,EUROSTOXX,1.0,script-v2.0,1.0,2026-09-07T13:20:05.917702+02:00,45.8,46.4,80.0,17.0,0.0,1.0,44.0,33.0,11.0,3812784.0,2.41,4.7,,12.03,15.0,26.6667,False,59.6,67.6,False,4659.94,1.1,False,True,False,Sin señales de recuperación,pass,descarte,pendiente,0.0,desconocido,Pendiente de implementar,ausente,dividend_maintained (baja): Dividendo actual 0.04% con caída del 15.0%,incompleto,descarte,4669.88,4690.5,4669.88 - 4690.50,4665.44,4710.79,4665.44 - 4710.79,Pérdida del soporte en 4690.50 | ROE negativo durante 2 trimestres consecutivos | Ampliación de capital dilutiva | Recorte de rating a bono basura,6-12,"UNILEVER PLC ORD 3.5P está un 15.0% por debajo de su máximo 52s. Fundamentalmente aceptable con ROE 31.9%, deuda neta/EBITDA 2.4x. Técnicamente 🟢 Cerca de soporte, 🟡 Apoyo en MA40 semanal. Clasificación: descarte.","UNILEVER PLC ORD 3.5P está un 15.0% por debajo de su máximo 52s. Fundamentalmente aceptable con ROE 31.9%, deuda neta/EBITDA 2.4x. Técnicamente 🟢 Cerca de soporte, 🟡 Apoyo en MA40 semanal. Clasificación: descarte.",OK,
SOLB.BR,SOLVAY,EUROSTOXX,1.0,script-v2.0,1.0,2026-09-07T13:19:58.136044+02:00,45.7,36.3,48.0,26.0,0.0,4.0,74.0,57.0,17.0,321130.0,3.17,1.8,-0.0,7.95,21.1,0.1453,False,80.5,79.1,False,25.61,1.9,True,False,False,Sin señales de recuperación,pass,descarte,pendiente,0.0,desconocido,Pendiente de implementar,ausente,eps_stabilization (media): EPS 0.36 vs 0.24 (Diluted EPS) | dividend_maintained (baja): Dividendo actual 9.32% con caída del 12.7%,fuerte,descarte,25.47,26.08,25.47 - 26.08,25.38,25.59,25.38 - 25.59,Pérdida del soporte en 25.47 | ROE negativo durante 2 trimestres consecutivos | Ampliación de capital dilutiva | Recorte de rating a bono basura,6-12,"SOLVAY está un 12.7% por debajo de su máximo 52s. Fundamentalmente débil con ROE 0.8%, deuda neta/EBITDA 3.2x. Técnicamente 🟢 Divergencia alcista RSI, 🟢 Cruce alcista MACD. Clasificación: descarte.","SOLVAY está un 12.7% por debajo de su máximo 52s. Fundamentalmente débil con ROE 0.8%, deuda neta/EBITDA 3.2x. Técnicamente 🟢 Divergencia alcista RSI, 🟢 Cruce alcista MACD. Clasificación: descarte.",OK,
RTX,RTX Corporation,SP500,1.0,script-v2.0,1.0,2026-09-07T13:20:32.868776+02:00,45.6,44.9,95.0,1.0,0.0,12.0,48.0,36.0,12.0,4881207.0,1.92,-0.2,-0.0,19.06,11.3,7.7089,False,6.4,5.3,False,193.02,4.0,True,False,False,,pass,descarte,pendiente,0.0,desconocido,Pendiente de implementar,confirmada,margin_stabilization (media): Margen gross 20.8% vs 20.8% (-0.0 pp) | eps_stabilization (media): EPS 1.57 vs 1.51 (Diluted EPS) | debt_reduction (alta): Deuda 38856.0M vs 38935.0M | dividend_maintained (baja): Dividendo actual 1.45% con caída del 11.5%,razonable,descarte,182.1,200.79,182.10 - 200.79,191.81,192.85,191.81 - 192.85,Pérdida del soporte en 182.10 | ROE negativo durante 2 trimestres consecutivos | Ampliación de capital dilutiva | Recorte de rating a bono basura,6-12,"RTX Corporation está un 11.5% por debajo de su máximo 52s. Fundamentalmente aceptable con ROE 12.3%, deuda neta/EBITDA 1.9x. Técnicamente 🟡 MACD convergiendo, 🟢 base_pattern_detected. Clasificación: descarte.","RTX Corporation está un 11.5% por debajo de su máximo 52s. Fundamentalmente aceptable con ROE 12.3%, deuda neta/EBITDA 1.9x. Técnicamente 🟡 MACD convergiendo, 🟢 base_pattern_detected. Clasificación: descarte.",OK,
SHW,Sherwin-Williams Company (The),SP500,1.0,script-v2.0,1.0,2026-09-07T13:20:24.099574+02:00,45.6,40.1,70.0,14.0,0.0,7.0,62.0,45.0,17.0,2173661.0,3.13,9.0,0.0,20.23,15.3,4.0521,False,21.0,14.7,False,332.91,0.2,True,False,False,,pass,descarte,pendiente,0.0,desconocido,Pendiente de implementar,parcial,margin_stabilization (media): Margen gross 49.2% vs 49.1% (+0.1 pp) | eps_stabilization (media): EPS 3.43 vs 2.15 (Diluted EPS) | dividend_maintained (baja): Dividendo actual 0.96% con caída del 11.7%,razonable,descarte,330.78,333.71,330.78 - 333.71,321.1,332.62,321.10 - 332.62,Pérdida del soporte en 330.78 | ROE negativo durante 2 trimestres consecutivos | Ampliación de capital dilutiva | Recorte de rating a bono basura,6-12,"Sherwin-Williams Company (The) está un 11.7% por debajo de su máximo 52s. Fundamentalmente aceptable con ROE 65.1%, deuda neta/EBITDA 3.1x. Técnicamente 🟡 MACD convergiendo, 🟢 Cerca de soporte. Clasificación: descarte.","Sherwin-Williams Company (The) está un 11.7% por debajo de su máximo 52s. Fundamentalmente aceptable con ROE 65.1%, deuda neta/EBITDA 3.1x. Técnicamente 🟡 MACD convergiendo, 🟢 Cerca de soporte. Clasificación: descarte.",OK,
RWE.DE,RWE AG                        I,EUROSTOXX,1.0,script-v2.0,1.0,2026-09-07T13:19:35.821962+02:00,45.6,49.9,84.0,20.0,0.0,4.0,33.0,15.0,18.0,1539024.0,4.68,51.8,1.2,25.47,1.7,1.9043,False,85.9,58.5,False,54.29,10.1,True,True,False,Sin señales de recuperación,pass,descarte,pendiente,0.0,desconocido,Pendiente de implementar,ausente,eps_stabilization (media): EPS 2.16 vs 0.03 (Diluted EPS) | dividend_maintained (baja): Dividendo actual 2.01% con caída del 3.6%,incompleto,descarte,55.3,57.37,55.30 - 57.37,52.7,53.65,52.70 - 53.65,Pérdida del soporte en 55.30 | ROE negativo durante 2 trimestres consecutivos | Ampliación de capital dilutiva | Recorte de rating a bono basura,6-12,"RWE AG                        I está un 3.6% por debajo de su máximo 52s. Fundamentalmente aceptable con ROE 8.5%, deuda neta/EBITDA 4.7x. Técnicamente 🟢 base_pattern_detected, 🟡 trendline_break. Clasificación: descarte.","RWE AG                        I está un 3.6% por debajo de su máximo 52s. Fundamentalmente aceptable con ROE 8.5%, deuda neta/EBITDA 4.7x. Técnicamente 🟢 base_pattern_detected, 🟡 trendline_break. Clasificación: descarte.",OK,
EMR,Emerson Electric Company,SP500,1.0,script-v2.0,1.0,2026-09-07T13:20:18.887068+02:00,45.4,46.2,99.0,0.0,0.0,12.0,43.0,25.0,18.0,2714411.0,1.92,-0.8,0.5,15.99,7.8,4.8817,False,42.7,26.1,False,142.32,7.4,True,True,True,,pass,pendiente_confirmacion,pendiente,0.0,desconocido,Pendiente de implementar,confirmada,margin_stabilization (media): Margen gross 53.1% vs 53.2% (-0.1 pp) | eps_stabilization (media): EPS 1.28 vs 1.10 (Diluted EPS) | debt_reduction (alta): Deuda 13802.0M vs 13920.0M | dividend_maintained (baja): Dividendo actual 1.45% con caída del 8.1%,incompleto,pendiente_confirmacion,137.59,149.09,137.59 - 149.09,141.4,141.77,141.40 - 141.77,Pérdida del soporte en 137.59 | ROE negativo durante 2 trimestres consecutivos | Ampliación de capital dilutiva | Recorte de rating a bono basura,6-12,"Emerson Electric Company está un 8.1% por debajo de su máximo 52s. Fundamentalmente aceptable con ROE 12.8%, deuda neta/EBITDA 1.9x. Técnicamente 🟡 MACD convergiendo, 🟢 base_pattern_detected. Clasificación: pendiente_confirmacion.","Emerson Electric Company está un 8.1% por debajo de su máximo 52s. Fundamentalmente aceptable con ROE 12.8%, deuda neta/EBITDA 1.9x. Técnicamente 🟡 MACD convergiendo, 🟢 base_pattern_detected. Clasificación: pendiente_confirmacion.",OK,
0019.HK,SWIRE PACIFIC A,ASIA,1.0,script-v2.0,1.0,2026-09-07T13:21:15.655141+02:00,45.3,48.5,81.0,20.0,0.0,6.0,36.0,30.0,6.0,1050933.0,4.95,-8.4,,18.54,0.6,7.2913,False,90.8,79.3,False,83.89,27.2,False,True,True,,pass,pendiente_confirmacion,pendiente,0.0,desconocido,Pendiente de implementar,parcial,debt_reduction (alta): Deuda 95141.0M vs 103840.0M | dividend_maintained (baja): Dividendo actual 3.75% con caída del 0.6%,incompleto,pendiente_confirmacion,96.16,101.73,96.16 - 101.73,81.68,91.2,81.68 - 91.20,Pérdida del soporte en 101.73 | ROE negativo durante 2 trimestres consecutivos | Ampliación de capital dilutiva | Recorte de rating a bono basura,6-12,"SWIRE PACIFIC A está un 0.6% por debajo de su máximo 52s. Fundamentalmente aceptable con ROE 3.2%, deuda neta/EBITDA 5.0x. Técnicamente 🟡 MACD convergiendo, 🟢 Cerca de soporte. Clasificación: pendiente_confirmacion.","SWIRE PACIFIC A está un 0.6% por debajo de su máximo 52s. Fundamentalmente aceptable con ROE 3.2%, deuda neta/EBITDA 5.0x. Técnicamente 🟡 MACD convergiendo, 🟢 Cerca de soporte. Clasificación: pendiente_confirmacion.",OK,
FORTUM.HE,Fortum Corporation,EUROSTOXX,1.0,script-v2.0,1.0,2026-09-07T13:20:00.842230+02:00,45.3,46.4,96.0,3.0,0.0,6.0,42.0,24.0,18.0,858143.0,1.36,-1.0,0.2,16.15,7.9,0.313,False,86.0,71.8,False,19.89,6.1,True,True,True,,pass,pendiente_confirmacion,pendiente,0.0,desconocido,Pendiente de implementar,parcial,debt_reduction (alta): Deuda 3906.0M vs 3947.0M | dividend_maintained (baja): Dividendo actual 3.51% con caída del 7.9%,incompleto,pendiente_confirmacion,19.8,20.02,19.80 - 20.02,19.48,19.69,19.48 - 19.69,Pérdida del soporte en 19.80 | ROE negativo durante 2 trimestres consecutivos | Ampliación de capital dilutiva | Recorte de rating a bono basura,6-12,"Fortum Corporation está un 7.9% por debajo de su máximo 52s. Fundamentalmente aceptable con ROE 10.0%, deuda neta/EBITDA 1.4x. Técnicamente 🟢 Divergencia alcista RSI, 🟢 base_pattern_detected. Clasificación: pendiente_confirmacion.","Fortum Corporation está un 7.9% por debajo de su máximo 52s. Fundamentalmente aceptable con ROE 10.0%, deuda neta/EBITDA 1.4x. Técnicamente 🟢 Divergencia alcista RSI, 🟢 base_pattern_detected. Clasificación: pendiente_confirmacion.",OK,
CSL.AX,CSL FPO [CSL],ASX,1.0,script-v2.0,1.0,2026-09-07T13:20:50.395864+02:00,45.2,52.9,78.0,31.0,0.0,6.0,22.0,16.0,6.0,1615515.0,1.85,-8.9,-1.0,18.6,41.3,5.1733,False,76.8,88.6,False,141.7,22.2,False,True,False,Sin suelo técnico identificado,pass,descarte,pendiente,0.0,desconocido,Pendiente de implementar,parcial,debt_reduction (alta): Deuda 10896.0M vs 11964.0M | dividend_maintained (baja): Dividendo actual 2.36% con caída del 22.2%,sin_suelo,descarte,138.92,170.75,138.92 - 170.75,142.62,189.1,142.62 - 189.10,Pérdida del soporte en 170.75 | ROE negativo durante 2 trimestres consecutivos | Ampliación de capital dilutiva | Recorte de rating a bono basura,6-12,"CSL FPO [CSL] está un 22.2% por debajo de su máximo 52s. Fundamentalmente aceptable con ROE -15.8%, deuda neta/EBITDA 1.9x. Técnicamente 🟢 Cerca de soporte, 🟡 trendline_break. Clasificación: descarte.","CSL FPO [CSL] está un 22.2% por debajo de su máximo 52s. Fundamentalmente aceptable con ROE -15.8%, deuda neta/EBITDA 1.9x. Técnicamente 🟢 Cerca de soporte, 🟡 trendline_break. Clasificación: descarte.",OK,
C,"Citigroup, Inc.",SP500,1.0,script-v2.0,1.0,2026-09-07T13:20:25.810601+02:00,45.0,44.4,70.0,22.0,0.0,4.0,47.0,35.0,12.0,11566663.0,,132.2,,,6.4,5.27,False,90.7,69.5,False,123.22,11.8,True,False,False,Sin señales de recuperación,pass,descarte,pendiente,0.0,desconocido,Pendiente de implementar,ausente,eps_stabilization (media): EPS 3.15 vs 3.06 (Diluted EPS) | dividend_maintained (baja): Dividendo actual 1.95% con caída del 6.9%,razonable,descarte,127.74,134.94,127.74 - 134.94,122.19,125.77,122.19 - 125.77,Pérdida del soporte en 127.74 | ROE negativo durante 2 trimestres consecutivos | Ampliación de capital dilutiva | Recorte de rating a bono basura,6-12,"Citigroup, Inc. está un 6.9% por debajo de su máximo 52s. Fundamentalmente aceptable con ROE 8.5%, dividendo 1.9%. Técnicamente 🟢 Cruce alcista MACD, 🟢 base_pattern_detected. Clasificación: descarte.","Citigroup, Inc. está un 6.9% por debajo de su máximo 52s. Fundamentalmente aceptable con ROE 8.5%, dividendo 1.9%. Técnicamente 🟢 Cruce alcista MACD, 🟢 base_pattern_detected. Clasificación: descarte.",OK,
ITW,Illinois Tool Works Inc.,SP500,1.0,script-v2.0,1.0,2026-09-07T13:20:19.709490+02:00,45.0,41.7,78.0,10.0,0.0,7.0,55.0,50.0,5.0,1323953.0,1.84,6.0,0.0,17.85,10.5,6.139,False,17.6,17.8,False,265.81,1.6,False,False,False,,pass,descarte,pendiente,0.0,desconocido,Pendiente de implementar,parcial,margin_stabilization (media): Margen gross 44.1% vs 43.8% (+0.3 pp) | eps_stabilization (media): EPS 2.84 vs 2.66 (Diluted EPS) | dividend_maintained (baja): Dividendo actual 2.55% con caída del 10.9%,razonable,descarte,257.2,270.12,257.20 - 270.12,257.69,264.72,257.69 - 264.72,Pérdida del soporte en 257.20 | ROE negativo durante 2 trimestres consecutivos | Ampliación de capital dilutiva | Recorte de rating a bono basura,6-12,"Illinois Tool Works Inc. está un 10.9% por debajo de su máximo 52s. Fundamentalmente aceptable con ROE 104.6%, deuda neta/EBITDA 1.8x. Técnicamente 🟡 MACD convergiendo, 🟢 Cerca de soporte. Clasificación: descarte.","Illinois Tool Works Inc. está un 10.9% por debajo de su máximo 52s. Fundamentalmente aceptable con ROE 104.6%, deuda neta/EBITDA 1.8x. Técnicamente 🟡 MACD convergiendo, 🟢 Cerca de soporte. Clasificación: descarte.",OK,
NOKIA.HE,Nokia Corporation,EUROSTOXX,1.0,script-v2.0,1.0,2026-09-07T13:20:02.129548+02:00,45.0,46.6,69.0,27.0,0.0,4.0,40.0,28.0,12.0,14975535.0,-0.68,1.0,1.1,17.96,39.8,0.1591,False,68.7,39.4,False,8.4,6.9,True,False,False,Sin señales de recuperación,pass,descarte,pendiente,0.0,desconocido,Pendiente de implementar,ausente,margin_stabilization (media): Margen gross 44.6% vs 44.2% (+0.4 pp) | dividend_maintained (baja): Dividendo actual 1.56% con caída del 40.1%,incompleto,descarte,8.38,8.98,8.38 - 8.98,8.21,12.74,8.21 - 12.74,Pérdida del soporte en 8.38 | ROE negativo durante 2 trimestres consecutivos | Ampliación de capital dilutiva | Recorte de rating a bono basura,18-24,"Nokia Corporation está un 40.1% por debajo de su máximo 52s. Fundamentalmente aceptable con ROE 3.5%, deuda neta/EBITDA -0.7x. Técnicamente 🟢 Divergencia alcista RSI, 🟢 base_pattern_detected. Clasificación: descarte.","Nokia Corporation está un 40.1% por debajo de su máximo 52s. Fundamentalmente aceptable con ROE 3.5%, deuda neta/EBITDA -0.7x. Técnicamente 🟢 Divergencia alcista RSI, 🟢 base_pattern_detected. Clasificación: descarte.",OK,
LR.PA,LEGRAND,EUROSTOXX,1.0,script-v2.0,1.0,2026-09-07T13:19:42.439441+02:00,45.0,38.3,81.0,1.0,0.0,7.0,65.0,48.0,17.0,599006.0,2.59,16.8,-0.2,19.26,13.1,0.2767,False,91.4,73.2,False,138.71,2.9,True,False,False,,pass,descarte,pendiente,0.0,desconocido,Pendiente de implementar,parcial,margin_stabilization (media): Margen gross 50.5% vs 50.5% (-0.1 pp) | eps_stabilization (media): EPS 1.26 vs 1.12 (Diluted EPS) | dividend_maintained (baja): Dividendo actual 1.67% con caída del 14.5%,razonable,descarte,133.79,137.88,133.79 - 137.88,137.95,141.91,137.95 - 141.91,Pérdida del soporte en 133.79 | ROE negativo durante 2 trimestres consecutivos | Ampliación de capital dilutiva | Recorte de rating a bono basura,6-12,"LEGRAND está un 14.5% por debajo de su máximo 52s. Fundamentalmente débil con ROE 18.2%, deuda neta/EBITDA 2.6x. Técnicamente 🟢 Divergencia alcista RSI, 🟢 Cruce alcista MACD. Clasificación: descarte.","LEGRAND está un 14.5% por debajo de su máximo 52s. Fundamentalmente débil con ROE 18.2%, deuda neta/EBITDA 2.6x. Técnicamente 🟢 Divergencia alcista RSI, 🟢 Cruce alcista MACD. Clasificación: descarte.",OK,
AMC.AX,AMCOR PLC CDI 1:1 [AMC],ASX,1.0,script-v2.0,1.0,2026-09-07T13:20:56.636968+02:00,44.8,46.0,78.0,18.0,0.0,12.0,41.0,41.0,0.0,595448.0,3.97,-9.4,0.0,12.22,16.7,1.6063,False,10.1,16.4,False,59.58,5.8,False,False,True,,pass,pendiente_confirmacion,pendiente,0.0,desconocido,Pendiente de implementar,confirmada,margin_stabilization (media): Margen gross 20.9% vs 20.1% (+0.8 pp) | eps_stabilization (media): EPS 0.83 vs 0.60 (Diluted EPS) | debt_reduction (alta): Deuda 15140.0M vs 16706.0M | dividend_maintained (baja): Dividendo actual 5.84% con caída del 11.3%,incompleto,pendiente_confirmacion,61.23,63.04,61.23 - 63.04,59.63,60.43,59.63 - 60.43,Pérdida del soporte en 61.23 | ROE negativo durante 2 trimestres consecutivos | Ampliación de capital dilutiva | Recorte de rating a bono basura,6-12,"AMCOR PLC CDI 1:1 [AMC] está un 11.3% por debajo de su máximo 52s. Fundamentalmente aceptable con ROE 9.4%, deuda neta/EBITDA 4.0x. Técnicamente 🟡 MACD convergiendo, 🟢 Cerca de soporte. Clasificación: pendiente_confirmacion.","AMCOR PLC CDI 1:1 [AMC] está un 11.3% por debajo de su máximo 52s. Fundamentalmente aceptable con ROE 9.4%, deuda neta/EBITDA 4.0x. Técnicamente 🟡 MACD convergiendo, 🟢 Cerca de soporte. Clasificación: pendiente_confirmacion.",OK,
BOQ.AX,BANK QLD FPO [BOQ],ASX,1.0,script-v2.0,1.0,2026-09-07T13:21:02.997093+02:00,44.8,42.1,57.0,29.0,0.0,9.0,53.0,35.0,18.0,1783793.0,,-1.7,,,11.8,0.041,False,85.4,90.8,False,6.37,4.1,True,True,False,,pass,descarte,pendiente,0.0,desconocido,Pendiente de implementar,parcial,eps_stabilization (media): EPS 0.41 vs 0.18 (annual_eps_fallback) | debt_reduction (alta): Deuda 16714.0M vs 17008.0M | dividend_maintained (baja): Dividendo actual 6.03% con caída del 11.4%,razonable,descarte,6.13,6.35,6.13 - 6.35,6.33,6.36,6.33 - 6.36,Pérdida del soporte en 6.13 | ROE negativo durante 2 trimestres consecutivos | Ampliación de capital dilutiva | Recorte de rating a bono basura,6-12,"BANK QLD FPO [BOQ] está un 11.4% por debajo de su máximo 52s. Fundamentalmente aceptable con ROE 1.6%, dividendo 6.0%. Técnicamente 🟢 Cruce alcista MACD, 🟢 base_pattern_detected. Clasificación: descarte.","BANK QLD FPO [BOQ] está un 11.4% por debajo de su máximo 52s. Fundamentalmente aceptable con ROE 1.6%, dividendo 6.0%. Técnicamente 🟢 Cruce alcista MACD, 🟢 base_pattern_detected. Clasificación: descarte.",OK,
BARC.L,BARCLAYS PLC ORD 25P,EUROSTOXX,1.0,script-v2.0,1.0,2026-09-07T13:20:07.442860+02:00,44.8,48.1,63.0,35.0,0.0,4.0,35.0,35.0,0.0,40064335.0,,471.7,,,7.5,17.8568,False,56.6,45.9,False,466.8,6.6,False,False,False,Sin señales de recuperación,pass,descarte,pendiente,0.0,desconocido,Pendiente de implementar,ausente,eps_stabilization (media): EPS 0.17 vs 0.14 (Diluted EPS) | dividend_maintained (baja): Dividendo actual 0.02% con caída del 7.5%,incompleto,descarte,495.81,497.75,495.81 - 497.75,457.55,463.94,457.55 - 463.94,Pérdida del soporte en 495.81 | ROE negativo durante 2 trimestres consecutivos | Ampliación de capital dilutiva | Recorte de rating a bono basura,6-12,"BARCLAYS PLC ORD 25P está un 7.5% por debajo de su máximo 52s. Fundamentalmente aceptable con ROE 10.1%, dividendo 0.0%. Técnicamente 🟡 MACD convergiendo, 🟢 Cerca de soporte. Clasificación: descarte.","BARCLAYS PLC ORD 25P está un 7.5% por debajo de su máximo 52s. Fundamentalmente aceptable con ROE 10.1%, dividendo 0.0%. Técnicamente 🟡 MACD convergiendo, 🟢 Cerca de soporte. Clasificación: descarte.",OK,
DB1.DE,DEUTSCHE BOERSE AG            N,EUROSTOXX,1.0,script-v2.0,1.0,2026-09-07T13:19:34.279120+02:00,44.8,46.7,100.0,0.0,0.0,9.0,39.0,21.0,18.0,316646.0,1.32,-35.4,29.6,16.58,4.1,11.9706,False,32.4,45.0,False,242.91,15.2,True,True,True,,pass,pendiente_confirmacion,pendiente,0.0,desconocido,Pendiente de implementar,parcial,eps_stabilization (media): EPS 3.21 vs 2.68 (Diluted EPS) | debt_reduction (alta): Deuda 6187.0M vs 9583.0M | dividend_maintained (baja): Dividendo actual 1.50% con caída del 4.1%,incompleto,pendiente_confirmacion,267.5,277.8,267.50 - 277.80,240.67,248.03,240.67 - 248.03,Pérdida del soporte en 277.80 | ROE negativo durante 2 trimestres consecutivos | Ampliación de capital dilutiva | Recorte de rating a bono basura,6-12,"DEUTSCHE BOERSE AG            N está un 4.1% por debajo de su máximo 52s. Fundamentalmente aceptable con ROE 20.4%, deuda neta/EBITDA 1.3x. Técnicamente 🟢 Cerca de soporte, 🟢 base_pattern_detected. Clasificación: pendiente_confirmacion.","DEUTSCHE BOERSE AG            N está un 4.1% por debajo de su máximo 52s. Fundamentalmente aceptable con ROE 20.4%, deuda neta/EBITDA 1.3x. Técnicamente 🟢 Cerca de soporte, 🟢 base_pattern_detected. Clasificación: pendiente_confirmacion.",OK,
8001.T,ITOCHU CORP,ASIA,1.0,script-v2.0,1.0,2026-09-07T13:21:11.960746+02:00,44.5,45.1,84.0,11.0,0.0,1.0,43.0,25.0,18.0,13566130.0,4.72,15.3,,21.75,0.5,61.8367,False,96.0,90.2,False,2007.72,12.8,True,True,False,Sin señales de recuperación,pass,descarte,pendiente,0.0,desconocido,Pendiente de implementar,ausente,dividend_maintained (baja): Dividendo actual 1.94% con caída del 1.0%,incompleto,descarte,2003.91,2095.5,2003.91 - 2095.50,1943.52,1978.2,1943.52 - 1978.20,Pérdida del soporte en 2095.50 | ROE negativo durante 2 trimestres consecutivos | Ampliación de capital dilutiva | Recorte de rating a bono basura,6-12,"ITOCHU CORP está un 1.0% por debajo de su máximo 52s. Fundamentalmente aceptable con ROE 14.1%, deuda neta/EBITDA 4.7x. Técnicamente 🟢 Volumen creciente, 🟢 base_pattern_detected. Clasificación: descarte.","ITOCHU CORP está un 1.0% por debajo de su máximo 52s. Fundamentalmente aceptable con ROE 14.1%, deuda neta/EBITDA 4.7x. Técnicamente 🟢 Volumen creciente, 🟢 base_pattern_detected. Clasificación: descarte.",OK,
SU.PA,SCHNEIDER ELECTRIC SE,EUROSTOXX,1.0,script-v2.0,1.0,2026-09-07T13:19:45.975655+02:00,44.3,44.8,96.0,0.0,0.0,1.0,43.0,25.0,18.0,849702.0,1.91,16.4,,20.95,6.8,11.7521,False,37.7,24.4,False,261.84,11.1,True,True,False,Sin señales de recuperación,pass,descarte,pendiente,0.0,desconocido,Pendiente de implementar,ausente,dividend_maintained (baja): Dividendo actual 1.44% con caída del 6.8%,incompleto,descarte,266.33,284.82,266.33 - 284.82,259.56,265.45,259.56 - 265.45,Pérdida del soporte en 266.33 | ROE negativo durante 2 trimestres consecutivos | Ampliación de capital dilutiva | Recorte de rating a bono basura,6-12,"SCHNEIDER ELECTRIC SE está un 6.8% por debajo de su máximo 52s. Fundamentalmente aceptable con ROE 18.6%, deuda neta/EBITDA 1.9x. Técnicamente 🟡 MACD convergiendo, 🟢 base_pattern_detected. Clasificación: descarte.","SCHNEIDER ELECTRIC SE está un 6.8% por debajo de su máximo 52s. Fundamentalmente aceptable con ROE 18.6%, deuda neta/EBITDA 1.9x. Técnicamente 🟡 MACD convergiendo, 🟢 base_pattern_detected. Clasificación: descarte.",OK,
O,Realty Income Corporation,SP500,1.0,script-v2.0,1.0,2026-09-07T13:20:39.606829+02:00,44.3,40.4,66.0,18.0,0.0,7.0,56.0,39.0,17.0,5618036.0,5.74,3.8,0.2,17.0,8.0,0.6211,False,15.9,26.2,False,60.9,0.6,True,False,False,,pass,descarte,pendiente,0.0,desconocido,Pendiente de implementar,parcial,margin_stabilization (media): Margen gross 92.1% vs 91.9% (+0.2 pp) | eps_stabilization (media): EPS 0.37 vs 0.33 (Diluted EPS) | dividend_maintained (baja): Dividendo actual 5.31% con caída del 9.8%,razonable,descarte,60.94,61.25,60.94 - 61.25,57.75,60.54,57.75 - 60.54,Pérdida del soporte en 60.94 | ROE negativo durante 2 trimestres consecutivos | Ampliación de capital dilutiva | Recorte de rating a bono basura,6-12,"Realty Income Corporation está un 9.8% por debajo de su máximo 52s. Fundamentalmente aceptable con ROE 3.2%, deuda neta/EBITDA 5.7x. Técnicamente 🔵 RSI recuperándose de sobreventa, 🟢 Cerca de soporte. Clasificación: descarte.","Realty Income Corporation está un 9.8% por debajo de su máximo 52s. Fundamentalmente aceptable con ROE 3.2%, deuda neta/EBITDA 5.7x. Técnicamente 🔵 RSI recuperándose de sobreventa, 🟢 Cerca de soporte. Clasificación: descarte.",OK,
TGT,Target Corporation,SP500,1.0,script-v2.0,1.0,2026-09-07T13:20:22.399156+02:00,43.8,51.0,91.0,16.0,0.0,7.0,22.0,16.0,6.0,4399771.0,1.6,1.9,-1.0,10.3,3.7,12.5765,False,74.3,72.2,False,123.09,33.6,False,True,False,Sin suelo técnico identificado,pass,descarte,pendiente,0.0,desconocido,Pendiente de implementar,parcial,margin_stabilization (media): Margen gross 33.7% vs 29.0% (+4.7 pp) | eps_stabilization (media): EPS 4.11 vs 1.71 (Diluted EPS) | dividend_maintained (baja): Dividendo actual 2.82% con caída del 3.7%,sin_suelo,descarte,146.36,160.18,146.36 - 160.18,120.78,145.14,120.78 - 145.14,Pérdida del soporte en 160.18 | ROE negativo durante 2 trimestres consecutivos | Ampliación de capital dilutiva | Recorte de rating a bono basura,6-12,"Target Corporation está un 3.7% por debajo de su máximo 52s. Fundamentalmente aceptable con ROE 26.4%, deuda neta/EBITDA 1.6x. Técnicamente 🟢 Cerca de soporte, 🟡 trendline_break. Clasificación: descarte.","Target Corporation está un 3.7% por debajo de su máximo 52s. Fundamentalmente aceptable con ROE 26.4%, deuda neta/EBITDA 1.6x. Técnicamente 🟢 Cerca de soporte, 🟡 trendline_break. Clasificación: descarte.",OK,
BHP.AX,BHP GROUP FPO [BHP],ASX,1.0,script-v2.0,1.0,2026-09-07T13:20:49.943518+02:00,43.7,48.3,100.0,3.0,0.0,4.0,30.0,12.0,18.0,8041534.0,0.33,1.4,,11.09,6.5,3.2132,False,26.8,31.1,False,54.2,16.1,True,True,False,Sin señales de recuperación,pass,descarte,pendiente,0.0,desconocido,Pendiente de implementar,ausente,eps_stabilization (media): EPS 1.93 vs 1.77 (annual_eps_fallback) | dividend_maintained (baja): Dividendo actual 3.86% con caída del 8.5%,incompleto,descarte,55.84,60.51,55.84 - 60.51,53.46,58.45,53.46 - 58.45,Pérdida del soporte en 55.84 | ROE negativo durante 2 trimestres consecutivos | Ampliación de capital dilutiva | Recorte de rating a bono basura,6-12,"BHP GROUP FPO [BHP] está un 8.5% por debajo de su máximo 52s. Fundamentalmente aceptable con ROE 24.0%, deuda neta/EBITDA 0.3x. Técnicamente 🟢 base_pattern_detected, 🟡 trendline_break. Clasificación: descarte.","BHP GROUP FPO [BHP] está un 8.5% por debajo de su máximo 52s. Fundamentalmente aceptable con ROE 24.0%, deuda neta/EBITDA 0.3x. Técnicamente 🟢 base_pattern_detected, 🟡 trendline_break. Clasificación: descarte.",OK,
105560.KS,KBFinancialGroup,ASIA,1.0,script-v2.0,1.0,2026-09-07T13:21:20.933666+02:00,43.6,45.8,73.0,22.0,0.0,7.0,37.0,19.0,18.0,1363953.0,,35.0,,,8.9,7457.185,False,77.4,74.4,False,154021.01,14.2,True,True,True,,pass,pendiente_confirmacion,pendiente,0.0,desconocido,Pendiente de implementar,parcial,"eps_stabilization (media): EPS 5508.00 vs 5120.00 (Diluted EPS) | dividend_maintained (baja): Dividendo actual 2.63% con caída del 9.6% | analyst_upgrade (media): Target 213395.00 vs precio 175900.00 (+21%), recKey none",incompleto,pendiente_confirmacion,160012.03,169085.32,160012.03 - 169085.32,149458.65,165325.0,149458.65 - 165325.00,Pérdida del soporte en 160012.03 | ROE negativo durante 2 trimestres consecutivos | Ampliación de capital dilutiva | Recorte de rating a bono basura,6-12,"KBFinancialGroup está un 9.6% por debajo de su máximo 52s. Fundamentalmente aceptable con ROE 10.2%, dividendo 2.6%. Técnicamente 🟢 base_pattern_detected, 🟡 trendline_break. Clasificación: pendiente_confirmacion.","KBFinancialGroup está un 9.6% por debajo de su máximo 52s. Fundamentalmente aceptable con ROE 10.2%, dividendo 2.6%. Técnicamente 🟢 base_pattern_detected, 🟡 trendline_break. Clasificación: pendiente_confirmacion.",OK,
D,"Dominion Energy, Inc.",SP500,1.0,script-v2.0,1.0,2026-09-07T13:20:39.420642+02:00,43.6,39.9,66.0,17.0,0.0,1.0,55.0,55.0,0.0,4882200.0,6.43,10.2,-1.2,14.05,8.9,1.4294,False,35.7,34.6,False,63.09,4.4,False,False,False,Sin señales de recuperación,pass,descarte,pendiente,0.0,desconocido,Pendiente de implementar,ausente,dividend_maintained (baja): Dividendo actual 4.06% con caída del 9.8%,razonable,descarte,59.61,65.84,59.61 - 65.84,62.04,62.83,62.04 - 62.83,Pérdida del soporte en 59.61 | ROE negativo durante 2 trimestres consecutivos | Ampliación de capital dilutiva | Recorte de rating a bono basura,6-12,"Dominion Energy, Inc. está un 9.8% por debajo de su máximo 52s. Fundamentalmente débil con ROE 8.3%, deuda neta/EBITDA 6.4x. Técnicamente 🔵 RSI recuperándose de sobreventa, 🟡 MACD convergiendo. Clasificación: descarte.","Dominion Energy, Inc. está un 9.8% por debajo de su máximo 52s. Fundamentalmente débil con ROE 8.3%, deuda neta/EBITDA 6.4x. Técnicamente 🔵 RSI recuperándose de sobreventa, 🟡 MACD convergiendo. Clasificación: descarte.",OK,
SON.LS,SONAE,EUROSTOXX,1.0,script-v2.0,1.0,2026-09-07T13:20:00.067911+02:00,43.6,45.9,80.0,16.0,0.0,9.0,37.0,37.0,0.0,1429063.0,4.5,-5.4,-7.2,10.25,5.8,0.07,False,78.3,68.6,False,1.88,7.9,False,False,True,,pass,pendiente_confirmacion,pendiente,0.0,desconocido,Pendiente de implementar,parcial,eps_stabilization (media): EPS 0.04 vs 0.02 (Diluted EPS) | debt_reduction (alta): Deuda 3592.0M vs 3795.3M | dividend_maintained (baja): Dividendo actual 2.96% con caída del 5.8%,incompleto,pendiente_confirmacion,1.94,2.03,1.94 - 2.03,1.83,1.86,1.83 - 1.86,Pérdida del soporte en 1.94 | ROE negativo durante 2 trimestres consecutivos | Ampliación de capital dilutiva | Recorte de rating a bono basura,6-12,"SONAE está un 5.8% por debajo de su máximo 52s. Fundamentalmente aceptable con ROE 8.7%, deuda neta/EBITDA 4.5x. Técnicamente 🟢 Divergencia alcista RSI, 🟢 Cerca de soporte. Clasificación: pendiente_confirmacion.","SONAE está un 5.8% por debajo de su máximo 52s. Fundamentalmente aceptable con ROE 8.7%, deuda neta/EBITDA 4.5x. Técnicamente 🟢 Divergencia alcista RSI, 🟢 Cerca de soporte. Clasificación: pendiente_confirmacion.",OK,
ADP,"Automatic Data Processing, Inc.",SP500,1.0,script-v2.0,1.0,2026-09-07T13:20:20.484019+02:00,43.6,47.8,99.0,3.0,0.0,1.0,31.0,25.0,6.0,2480844.0,0.2,28.4,2.3,17.4,13.1,13.4623,False,45.0,64.7,False,234.87,18.2,False,True,False,Sin señales de recuperación,pass,descarte,pendiente,0.0,desconocido,Pendiente de implementar,ausente,dividend_maintained (baja): Dividendo actual 2.45% con caída del 7.2%,incompleto,descarte,262.0,265.86,262.00 - 265.86,234.91,254.34,234.91 - 254.34,Pérdida del soporte en 265.86 | ROE negativo durante 2 trimestres consecutivos | Ampliación de capital dilutiva | Recorte de rating a bono basura,6-12,"Automatic Data Processing, Inc. está un 7.2% por debajo de su máximo 52s. Fundamentalmente aceptable con ROE 72.2%, deuda neta/EBITDA 0.2x. Técnicamente 🟢 Cerca de soporte, 🟡 trendline_break. Clasificación: descarte.","Automatic Data Processing, Inc. está un 7.2% por debajo de su máximo 52s. Fundamentalmente aceptable con ROE 72.2%, deuda neta/EBITDA 0.2x. Técnicamente 🟢 Cerca de soporte, 🟡 trendline_break. Clasificación: descarte.",OK,
AIR.PA,AIRBUS SE,EUROSTOXX,1.0,script-v2.0,1.0,2026-09-07T13:19:37.442673+02:00,43.5,42.0,90.0,0.0,0.0,7.0,48.0,48.0,0.0,1011313.0,0.13,30.4,0.9,17.63,9.1,6.0778,False,23.7,22.5,False,187.75,5.2,False,False,False,,pass,descarte,pendiente,0.0,desconocido,Pendiente de implementar,parcial,margin_stabilization (media): Margen gross 18.4% vs 12.3% (+6.1 pp) | eps_stabilization (media): EPS 2.10 vs 0.74 (Diluted EPS) | dividend_maintained (baja): Dividendo actual 1.62% con caída del 10.7%,razonable,descarte,190.41,197.58,190.41 - 197.58,188.11,188.13,188.11 - 188.13,Pérdida del soporte en 190.41 | ROE negativo durante 2 trimestres consecutivos | Ampliación de capital dilutiva | Recorte de rating a bono basura,6-12,"AIRBUS SE está un 10.7% por debajo de su máximo 52s. Fundamentalmente aceptable con ROE 23.2%, deuda neta/EBITDA 0.1x. Técnicamente 🔵 RSI recuperándose de sobreventa, 🟡 MACD convergiendo. Clasificación: descarte.","AIRBUS SE está un 10.7% por debajo de su máximo 52s. Fundamentalmente aceptable con ROE 23.2%, deuda neta/EBITDA 0.1x. Técnicamente 🔵 RSI recuperándose de sobreventa, 🟡 MACD convergiendo. Clasificación: descarte.",OK,
SIE.DE,SIEMENS AG                    N,EUROSTOXX,1.0,script-v2.0,1.0,2026-09-07T13:19:32.570785+02:00,42.3,43.4,93.0,0.0,0.0,12.0,39.0,27.0,12.0,979461.0,3.12,-7.8,-0.0,20.52,7.2,9.4298,False,14.0,16.4,False,253.92,6.6,True,False,True,,pass,pendiente_confirmacion,pendiente,0.0,desconocido,Pendiente de implementar,confirmada,margin_stabilization (media): Margen gross 40.9% vs 38.9% (+2.0 pp) | eps_stabilization (media): EPS 2.91 vs 2.58 (Diluted EPS) | debt_reduction (alta): Deuda 49924.0M vs 54161.0M | dividend_maintained (baja): Dividendo actual 1.98% con caída del 7.2%,incompleto,pendiente_confirmacion,264.55,270.75,264.55 - 270.75,247.94,252.14,247.94 - 252.14,Pérdida del soporte en 264.55 | ROE negativo durante 2 trimestres consecutivos | Ampliación de capital dilutiva | Recorte de rating a bono basura,6-12,"SIEMENS AG                    N está un 7.2% por debajo de su máximo 52s. Fundamentalmente aceptable con ROE 12.5%, deuda neta/EBITDA 3.1x. Técnicamente 🟢 Cerca de soporte, 🟢 base_pattern_detected. Clasificación: pendiente_confirmacion.","SIEMENS AG                    N está un 7.2% por debajo de su máximo 52s. Fundamentalmente aceptable con ROE 12.5%, deuda neta/EBITDA 3.1x. Técnicamente 🟢 Cerca de soporte, 🟢 base_pattern_detected. Clasificación: pendiente_confirmacion.",OK,
055550.KS,ShinhanGroup,ASIA,1.0,script-v2.0,1.0,2026-09-07T13:21:20.862786+02:00,42.2,45.3,72.0,22.0,0.0,4.0,33.0,15.0,18.0,1320760.0,,61.9,,,1.7,5593.1875,False,86.6,79.9,False,95475.52,19.3,True,True,False,Sin señales de recuperación,pass,descarte,pendiente,0.0,desconocido,Pendiente de implementar,ausente,eps_stabilization (media): EPS 3750.00 vs 3327.00 (Diluted EPS) | dividend_maintained (baja): Dividendo actual 2.60% con caída del 1.7%,incompleto,descarte,102645.75,104845.14,102645.75 - 104845.14,92669.55,98515.0,92669.55 - 98515.00,Pérdida del soporte en 102645.75 | ROE negativo durante 2 trimestres consecutivos | Ampliación de capital dilutiva | Recorte de rating a bono basura,6-12,"ShinhanGroup está un 1.7% por debajo de su máximo 52s. Fundamentalmente aceptable con ROE 8.9%, dividendo 2.6%. Técnicamente 🟢 base_pattern_detected, 🟡 trendline_break. Clasificación: descarte.","ShinhanGroup está un 1.7% por debajo de su máximo 52s. Fundamentalmente aceptable con ROE 8.9%, dividendo 2.6%. Técnicamente 🟢 base_pattern_detected, 🟡 trendline_break. Clasificación: descarte.",OK,
FDX,FedEx Corporation,SP500,1.0,script-v2.0,1.0,2026-09-07T13:20:32.352453+02:00,42.1,50.8,86.0,20.0,0.0,7.0,16.0,16.0,0.0,1797306.0,2.48,2.2,5.6,8.92,6.3,12.7176,False,28.2,22.0,False,294.57,9.5,False,False,False,Sin suelo técnico identificado,pass,descarte,pendiente,0.0,desconocido,Pendiente de implementar,parcial,margin_stabilization (media): Margen gross 22.7% vs 21.3% (+1.3 pp) | eps_stabilization (media): EPS 6.60 vs 4.41 (Diluted EPS) | dividend_maintained (baja): Dividendo actual 1.51% con caída del 6.6%,sin_suelo,descarte,301.55,319.44,301.55 - 319.44,290.4,293.56,290.40 - 293.56,Pérdida del soporte en 301.55 | ROE negativo durante 2 trimestres consecutivos | Ampliación de capital dilutiva | Recorte de rating a bono basura,6-12,"FedEx Corporation está un 6.6% por debajo de su máximo 52s. Fundamentalmente aceptable con ROE 14.8%, deuda neta/EBITDA 2.5x. Técnicamente sin suelo técnico identificado. Clasificación: descarte.","FedEx Corporation está un 6.6% por debajo de su máximo 52s. Fundamentalmente aceptable con ROE 14.8%, deuda neta/EBITDA 2.5x. Técnicamente sin suelo técnico identificado. Clasificación: descarte.",OK,
9434.T,SOFTBANK CORP.,ASIA,1.0,script-v2.0,1.0,2026-09-07T13:21:04.503704+02:00,42.0,37.1,76.0,3.0,0.0,1.0,57.0,39.0,18.0,79083947.0,3.18,14.7,,10.45,1.6,6.1621,False,66.7,65.6,False,217.07,9.9,True,True,False,Sin señales de recuperación,pass,descarte,pendiente,0.0,desconocido,Pendiente de implementar,ausente,dividend_maintained (baja): Dividendo actual 3.69% con caída del 1.6%,razonable,descarte,225.78,233.0,225.78 - 233.00,206.21,216.89,206.21 - 216.89,Pérdida del soporte en 233.00 | ROE negativo durante 2 trimestres consecutivos | Ampliación de capital dilutiva | Recorte de rating a bono basura,6-12,"SOFTBANK CORP. está un 1.6% por debajo de su máximo 52s. Fundamentalmente débil con ROE 16.7%, deuda neta/EBITDA 3.2x. Técnicamente 🟢 Cruce alcista MACD, 🟢 Cerca de soporte. Clasificación: descarte.","SOFTBANK CORP. está un 1.6% por debajo de su máximo 52s. Fundamentalmente débil con ROE 16.7%, deuda neta/EBITDA 3.2x. Técnicamente 🟢 Cruce alcista MACD, 🟢 Cerca de soporte. Clasificación: descarte.",OK,
STO.AX,SANTOS FPO [STO],ASX,1.0,script-v2.0,1.0,2026-09-07T13:20:55.261258+02:00,41.9,39.9,74.0,10.0,0.0,1.0,48.0,30.0,18.0,11421090.0,2.36,9.9,,12.44,1.5,0.2777,False,78.8,67.6,False,7.25,15.2,True,True,False,Sin señales de recuperación,pass,descarte,pendiente,0.0,desconocido,Pendiente de implementar,ausente,dividend_maintained (baja): Dividendo actual 3.71% con caída del 3.4%,razonable,descarte,7.46,7.72,7.46 - 7.72,7.15,7.34,7.15 - 7.34,Pérdida del soporte en 7.46 | ROE negativo durante 2 trimestres consecutivos | Ampliación de capital dilutiva | Recorte de rating a bono basura,6-12,"SANTOS FPO [STO] está un 3.4% por debajo de su máximo 52s. Fundamentalmente débil con ROE 4.7%, deuda neta/EBITDA 2.4x. Técnicamente 🟢 Cruce alcista MACD, 🟢 base_pattern_detected. Clasificación: descarte.","SANTOS FPO [STO] está un 3.4% por debajo de su máximo 52s. Fundamentalmente débil con ROE 4.7%, deuda neta/EBITDA 2.4x. Técnicamente 🟢 Cruce alcista MACD, 🟢 base_pattern_detected. Clasificación: descarte.",OK,
LLOY.L,LLOYDS BANKING GROUP PLC ORD 10,EUROSTOXX,1.0,script-v2.0,1.0,2026-09-07T13:20:07.403875+02:00,41.7,38.9,64.0,17.0,0.0,4.0,50.0,44.0,6.0,140068679.0,,66.3,,,4.1,4.1965,False,74.6,61.8,False,103.46,9.2,False,True,False,Sin señales de recuperación,pass,descarte,pendiente,0.0,desconocido,Pendiente de implementar,ausente,eps_stabilization (media): EPS 0.02 vs 0.02 (Diluted EPS) | dividend_maintained (baja): Dividendo actual 0.04% con caída del 4.2%,razonable,descarte,109.82,112.91,109.82 - 112.91,100.22,102.79,100.22 - 102.79,Pérdida del soporte en 109.82 | ROE negativo durante 2 trimestres consecutivos | Ampliación de capital dilutiva | Recorte de rating a bono basura,6-12,"LLOYDS BANKING GROUP PLC ORD 10 está un 4.2% por debajo de su máximo 52s. Fundamentalmente débil con ROE 11.3%, dividendo 0.0%. Técnicamente 🟢 Cruce alcista MACD, 🟢 Cerca de soporte. Clasificación: descarte.","LLOYDS BANKING GROUP PLC ORD 10 está un 4.2% por debajo de su máximo 52s. Fundamentalmente débil con ROE 11.3%, dividendo 0.0%. Técnicamente 🟢 Cruce alcista MACD, 🟢 Cerca de soporte. Clasificación: descarte.",OK,
WFC,Wells Fargo & Company,SP500,1.0,script-v2.0,1.0,2026-09-07T13:20:25.539585+02:00,41.7,41.9,75.0,13.0,0.0,4.0,41.0,35.0,6.0,14523093.0,,121.3,,,6.5,1.6916,False,94.6,88.5,False,84.21,6.8,False,True,False,Sin señales de recuperación,pass,descarte,pendiente,0.0,desconocido,Pendiente de implementar,ausente,eps_stabilization (media): EPS 2.00 vs 1.60 (Diluted EPS) | dividend_maintained (baja): Dividendo actual 2.22% con caída del 8.0%,incompleto,descarte,82.53,86.36,82.53 - 86.36,83.1,84.16,83.10 - 84.16,Pérdida del soporte en 82.53 | ROE negativo durante 2 trimestres consecutivos | Ampliación de capital dilutiva | Recorte de rating a bono basura,6-12,"Wells Fargo & Company está un 8.0% por debajo de su máximo 52s. Fundamentalmente aceptable con ROE 12.6%, dividendo 2.2%. Técnicamente 🟢 Cruce alcista MACD, 🟡 trendline_break. Clasificación: descarte.","Wells Fargo & Company está un 8.0% por debajo de su máximo 52s. Fundamentalmente aceptable con ROE 12.6%, dividendo 2.2%. Técnicamente 🟢 Cruce alcista MACD, 🟡 trendline_break. Clasificación: descarte.",OK,
G.MI,GENERALI,EUROSTOXX,1.0,script-v2.0,1.0,2026-09-07T13:19:54.528001+02:00,41.6,48.5,97.0,6.0,0.0,4.0,21.0,15.0,6.0,2311947.0,4.18,4.8,,12.93,1.4,2.5117,False,93.9,95.6,False,37.65,19.1,False,True,False,Sin señales de recuperación | Sin suelo técnico identificado,pass,descarte,pendiente,0.0,desconocido,Pendiente de implementar,ausente,eps_stabilization (media): EPS 1.49 vs 0.70 (Diluted EPS) | dividend_maintained (baja): Dividendo actual 3.66% con caída del 1.4%,sin_suelo,descarte,41.86,43.4,41.86 - 43.40,37.21,38.66,37.21 - 38.66,Pérdida del soporte en 41.86 | ROE negativo durante 2 trimestres consecutivos | Ampliación de capital dilutiva | Recorte de rating a bono basura,6-12,"GENERALI está un 1.4% por debajo de su máximo 52s. Fundamentalmente aceptable con ROE 15.1%, deuda neta/EBITDA 4.2x. Técnicamente 🟡 trendline_break. Clasificación: descarte.","GENERALI está un 1.4% por debajo de su máximo 52s. Fundamentalmente aceptable con ROE 15.1%, deuda neta/EBITDA 4.2x. Técnicamente 🟡 trendline_break. Clasificación: descarte.",OK,
PFE,"Pfizer, Inc.",SP500,1.0,script-v2.0,1.0,2026-09-07T13:20:34.947375+02:00,41.5,48.0,80.0,20.0,0.0,6.0,22.0,16.0,6.0,42320944.0,2.04,-0.4,1.4,8.44,2.6,0.6451,False,64.0,82.1,False,25.56,11.3,False,True,False,Sin suelo técnico identificado,pass,descarte,pendiente,0.0,desconocido,Pendiente de implementar,parcial,debt_reduction (alta): Deuda 63480.0M vs 63730.0M | dividend_maintained (baja): Dividendo actual 6.05% con caída del 2.6%,sin_suelo,descarte,25.82,27.64,25.82 - 27.64,24.83,25.45,24.83 - 25.45,Pérdida del soporte en 27.64 | ROE negativo durante 2 trimestres consecutivos | Ampliación de capital dilutiva | Recorte de rating a bono basura,6-12,"Pfizer, Inc. está un 2.6% por debajo de su máximo 52s. Fundamentalmente aceptable con ROE 5.0%, deuda neta/EBITDA 2.0x. Técnicamente 🟢 Cerca de soporte, 🟡 trendline_break. Clasificación: descarte.","Pfizer, Inc. está un 2.6% por debajo de su máximo 52s. Fundamentalmente aceptable con ROE 5.0%, deuda neta/EBITDA 2.0x. Técnicamente 🟢 Cerca de soporte, 🟡 trendline_break. Clasificación: descarte.",OK,
BAS.DE,BASF SE                       N,EUROSTOXX,1.0,script-v2.0,1.0,2026-09-07T13:19:28.965443+02:00,41.4,41.2,70.0,16.0,0.0,4.0,42.0,24.0,18.0,1963277.0,2.86,12.7,-1.0,10.07,2.2,1.3946,False,73.9,81.1,False,48.33,9.9,True,True,False,Sin señales de recuperación,pass,descarte,pendiente,0.0,desconocido,Pendiente de implementar,ausente,eps_stabilization (media): EPS 4.78 vs 1.06 (Diluted EPS) | dividend_maintained (baja): Dividendo actual 4.23% con caída del 3.5%,incompleto,descarte,49.02,50.16,49.02 - 50.16,46.79,47.89,46.79 - 47.89,Pérdida del soporte en 49.02 | ROE negativo durante 2 trimestres consecutivos | Ampliación de capital dilutiva | Recorte de rating a bono basura,6-12,"BASF SE                       N está un 3.5% por debajo de su máximo 52s. Fundamentalmente aceptable con ROE 6.1%, deuda neta/EBITDA 2.9x. Técnicamente 🟢 Divergencia alcista RSI, 🟢 base_pattern_detected. Clasificación: descarte.","BASF SE                       N está un 3.5% por debajo de su máximo 52s. Fundamentalmente aceptable con ROE 6.1%, deuda neta/EBITDA 2.9x. Técnicamente 🟢 Divergencia alcista RSI, 🟢 base_pattern_detected. Clasificación: descarte.",OK,
VOD.L,VODAFONE GROUP PLC ORD USD0.20 ,EUROSTOXX,1.0,script-v2.0,1.0,2026-09-07T13:20:09.045911+02:00,41.2,39.0,47.0,32.0,0.0,4.0,48.0,30.0,18.0,89273780.0,4.46,5.8,,8.11,4.4,4.3185,False,84.0,83.6,False,111.3,12.5,True,True,False,Sin señales de recuperación,pass,descarte,pendiente,0.0,desconocido,Pendiente de implementar,ausente,eps_stabilization (media): EPS -0.02 vs -0.16 (annual_eps_fallback) | dividend_maintained (baja): Dividendo actual 0.03% con caída del 4.5%,razonable,descarte,111.24,114.53,111.24 - 114.53,109.46,111.43,109.46 - 111.43,Pérdida del soporte en 111.24 | ROE negativo durante 2 trimestres consecutivos | Ampliación de capital dilutiva | Recorte de rating a bono basura,6-12,"VODAFONE GROUP PLC ORD USD0.20  está un 4.5% por debajo de su máximo 52s. Fundamentalmente débil con ROE 0.1%, deuda neta/EBITDA 4.5x. Técnicamente 🟢 Cruce alcista MACD, 🟢 base_pattern_detected. Clasificación: descarte.","VODAFONE GROUP PLC ORD USD0.20  está un 4.5% por debajo de su máximo 52s. Fundamentalmente débil con ROE 0.1%, deuda neta/EBITDA 4.5x. Técnicamente 🟢 Cruce alcista MACD, 🟢 base_pattern_detected. Clasificación: descarte.",OK,
SPG,"Simon Property Group, Inc.",SP500,1.0,script-v2.0,1.0,2026-09-07T13:20:40.495185+02:00,41.2,40.3,68.0,16.0,0.0,7.0,44.0,44.0,0.0,1787161.0,5.54,1.6,-0.5,19.05,12.2,7.0376,False,1.0,7.6,False,200.54,4.4,False,False,True,,pass,pendiente_confirmacion,pendiente,0.0,desconocido,Pendiente de implementar,parcial,margin_stabilization (media): Margen gross 83.1% vs 80.3% (+2.8 pp) | eps_stabilization (media): EPS 1.49 vs 1.48 (Diluted EPS) | dividend_maintained (baja): Dividendo actual 4.25% con caída del 12.2%,incompleto,pendiente_confirmacion,197.48,209.44,197.48 - 209.44,199.38,202.72,199.38 - 202.72,Pérdida del soporte en 197.48 | ROE negativo durante 2 trimestres consecutivos | Ampliación de capital dilutiva | Recorte de rating a bono basura,6-12,"Simon Property Group, Inc. está un 12.2% por debajo de su máximo 52s. Fundamentalmente aceptable con ROE 120.5%, deuda neta/EBITDA 5.5x. Técnicamente 🔵 RSI en sobreventa, 🟡 MACD convergiendo. Clasificación: pendiente_confirmacion.","Simon Property Group, Inc. está un 12.2% por debajo de su máximo 52s. Fundamentalmente aceptable con ROE 120.5%, deuda neta/EBITDA 5.5x. Técnicamente 🔵 RSI en sobreventa, 🟡 MACD convergiendo. Clasificación: pendiente_confirmacion.",OK,
NOVN.SW,NOVARTIS N,EUROSTOXX,1.0,script-v2.0,1.0,2026-09-07T13:20:02.613027+02:00,41.2,42.0,90.0,0.0,0.0,7.0,39.0,39.0,0.0,2530257.0,1.79,4.3,0.2,12.47,5.0,3.2724,False,33.5,63.3,False,119.03,5.9,False,False,True,,pass,pendiente_confirmacion,pendiente,0.0,desconocido,Pendiente de implementar,parcial,margin_stabilization (media): Margen gross 75.2% vs 74.4% (+0.8 pp) | eps_stabilization (media): EPS 1.71 vs 1.65 (Diluted EPS) | dividend_maintained (baja): Dividendo actual 2.94% con caída del 5.0%,incompleto,pendiente_confirmacion,118.37,126.0,118.37 - 126.00,112.78,117.73,112.78 - 117.73,Pérdida del soporte en 118.37 | ROE negativo durante 2 trimestres consecutivos | Ampliación de capital dilutiva | Recorte de rating a bono basura,6-12,"NOVARTIS N está un 5.0% por debajo de su máximo 52s. Fundamentalmente aceptable con ROE 30.3%, deuda neta/EBITDA 1.8x. Técnicamente 🟢 Cruce alcista MACD. Clasificación: pendiente_confirmacion.","NOVARTIS N está un 5.0% por debajo de su máximo 52s. Fundamentalmente aceptable con ROE 30.3%, deuda neta/EBITDA 1.8x. Técnicamente 🟢 Cruce alcista MACD. Clasificación: pendiente_confirmacion.",OK,
MQG.AX,MACQ GROUP FPO [MQG],ASX,1.0,script-v2.0,1.0,2026-09-07T13:20:51.944837+02:00,40.8,38.5,79.0,3.0,0.0,9.0,48.0,48.0,0.0,623732.0,4.49,-41.2,,8.83,6.7,9.18,False,50.6,44.2,False,227.4,9.9,False,False,False,,pass,descarte,pendiente,0.0,desconocido,Pendiente de implementar,parcial,eps_stabilization (media): EPS 12.67 vs 9.76 (annual_eps_fallback) | debt_reduction (alta): Deuda 194256.0M vs 330185.0M | dividend_maintained (baja): Dividendo actual 2.68% con caída del 6.7%,razonable,descarte,246.95,249.83,246.95 - 249.83,224.75,227.71,224.75 - 227.71,Pérdida del soporte en 246.95 | ROE negativo durante 2 trimestres consecutivos | Ampliación de capital dilutiva | Recorte de rating a bono basura,6-12,"MACQ GROUP FPO [MQG] está un 6.7% por debajo de su máximo 52s. Fundamentalmente débil con ROE 11.2%, deuda neta/EBITDA 4.5x. Técnicamente 🔵 RSI recuperándose de sobreventa, 🟡 MACD convergiendo. Clasificación: descarte.","MACQ GROUP FPO [MQG] está un 6.7% por debajo de su máximo 52s. Fundamentalmente débil con ROE 11.2%, deuda neta/EBITDA 4.5x. Técnicamente 🔵 RSI recuperándose de sobreventa, 🟡 MACD convergiendo. Clasificación: descarte.",OK,
AAPL,Apple Inc.,SP500,1.0,script-v2.0,1.0,2026-09-07T13:20:46.275633+02:00,40.5,45.7,98.0,0.0,0.0,12.0,25.0,19.0,6.0,54154936.0,0.13,-0.4,-0.0,27.93,7.1,12.7491,False,56.8,78.0,False,283.7,12.8,False,True,True,,pass,pendiente_confirmacion,pendiente,0.0,desconocido,Pendiente de implementar,confirmada,margin_stabilization (media): Margen gross 50.1% vs 49.3% (+0.8 pp) | eps_stabilization (media): EPS 2.02 vs 2.01 (Diluted EPS) | debt_reduction (alta): Deuda 84344.0M vs 84711.0M | dividend_maintained (baja): Dividendo actual 0.34% con caída del 7.1%,incompleto,pendiente_confirmacion,303.07,314.99,303.07 - 314.99,283.44,292.88,283.44 - 292.88,Pérdida del soporte en 303.07 | ROE negativo durante 2 trimestres consecutivos | Ampliación de capital dilutiva | Recorte de rating a bono basura,6-12,"Apple Inc. está un 7.1% por debajo de su máximo 52s. Fundamentalmente aceptable con ROE 148.8%, deuda neta/EBITDA 0.1x. Técnicamente 🟡 trendline_break. Clasificación: pendiente_confirmacion.","Apple Inc. está un 7.1% por debajo de su máximo 52s. Fundamentalmente aceptable con ROE 148.8%, deuda neta/EBITDA 0.1x. Técnicamente 🟡 trendline_break. Clasificación: pendiente_confirmacion.",OK,
MSFT,Microsoft Corporation,SP500,1.0,script-v2.0,1.0,2026-09-07T13:20:46.639973+02:00,40.3,42.5,91.0,0.0,0.0,7.0,34.0,16.0,18.0,36783650.0,0.27,126.1,-0.0,19.37,9.1,18.4612,False,56.5,62.5,False,427.39,16.9,True,True,True,,pass,pendiente_confirmacion,pendiente,0.0,desconocido,Pendiente de implementar,parcial,margin_stabilization (media): Margen gross 67.2% vs 67.6% (-0.4 pp) | eps_stabilization (media): EPS 4.81 vs 4.27 (Diluted EPS) | dividend_maintained (baja): Dividendo actual 0.73% con caída del 9.8%,incompleto,pendiente_confirmacion,443.56,492.2,443.56 - 492.20,429.37,470.66,429.37 - 470.66,Pérdida del soporte en 492.20 | ROE negativo durante 2 trimestres consecutivos | Ampliación de capital dilutiva | Recorte de rating a bono basura,6-12,"Microsoft Corporation está un 9.8% por debajo de su máximo 52s. Fundamentalmente aceptable con ROE 34.0%, deuda neta/EBITDA 0.3x. Técnicamente 🟢 Cerca de soporte, 🟢 base_pattern_detected. Clasificación: pendiente_confirmacion.","Microsoft Corporation está un 9.8% por debajo de su máximo 52s. Fundamentalmente aceptable con ROE 34.0%, deuda neta/EBITDA 0.3x. Técnicamente 🟢 Cerca de soporte, 🟢 base_pattern_detected. Clasificación: pendiente_confirmacion.",OK,
KO,Coca-Cola Company (The),SP500,1.0,script-v2.0,1.0,2026-09-07T13:20:13.371290+02:00,40.3,43.4,93.0,0.0,0.0,7.0,31.0,25.0,6.0,17417539.0,1.64,0.8,0.0,24.06,4.8,3.6627,False,7.1,22.2,False,78.33,12.4,False,True,True,,pass,pendiente_confirmacion,pendiente,0.0,desconocido,Pendiente de implementar,parcial,margin_stabilization (media): Margen gross 62.9% vs 63.0% (-0.1 pp) | eps_stabilization (media): EPS 1.03 vs 0.91 (Diluted EPS) | dividend_maintained (baja): Dividendo actual 2.41% con caída del 4.8%,incompleto,pendiente_confirmacion,86.07,86.35,86.07 - 86.35,77.89,78.62,77.89 - 78.62,Pérdida del soporte en 86.35 | ROE negativo durante 2 trimestres consecutivos | Ampliación de capital dilutiva | Recorte de rating a bono basura,6-12,"Coca-Cola Company (The) está un 4.8% por debajo de su máximo 52s. Fundamentalmente aceptable con ROE 42.1%, deuda neta/EBITDA 1.6x. Técnicamente 🟢 Cerca de soporte, 🟡 trendline_break. Clasificación: pendiente_confirmacion.","Coca-Cola Company (The) está un 4.8% por debajo de su máximo 52s. Fundamentalmente aceptable con ROE 42.1%, deuda neta/EBITDA 1.6x. Técnicamente 🟢 Cerca de soporte, 🟡 trendline_break. Clasificación: pendiente_confirmacion.",OK,
BAYN.DE,Bayer AG                      N,EUROSTOXX,1.0,script-v2.0,1.0,2026-09-07T13:19:29.058038+02:00,40.2,40.6,55.0,28.0,0.0,6.0,39.0,21.0,18.0,2743081.0,3.29,-5.6,1.6,8.04,9.1,3.0212,False,57.4,59.7,False,42.13,16.3,True,True,True,,pass,pendiente_confirmacion,pendiente,0.0,desconocido,Pendiente de implementar,parcial,debt_reduction (alta): Deuda 38431.0M vs 40697.0M | dividend_maintained (baja): Dividendo actual 0.22% con caída del 9.1%,incompleto,pendiente_confirmacion,47.14,48.77,47.14 - 48.77,41.41,45.83,41.41 - 45.83,Pérdida del soporte en 47.14 | ROE negativo durante 2 trimestres consecutivos | Ampliación de capital dilutiva | Recorte de rating a bono basura,6-12,"Bayer AG                      N está un 9.1% por debajo de su máximo 52s. Fundamentalmente aceptable con ROE -5.7%, deuda neta/EBITDA 3.3x. Técnicamente 🟢 Cerca de soporte, 🟢 base_pattern_detected. Clasificación: pendiente_confirmacion.","Bayer AG                      N está un 9.1% por debajo de su máximo 52s. Fundamentalmente aceptable con ROE -5.7%, deuda neta/EBITDA 3.3x. Técnicamente 🟢 Cerca de soporte, 🟢 base_pattern_detected. Clasificación: pendiente_confirmacion.",OK,
F,Ford Motor Company,SP500,1.0,script-v2.0,1.0,2026-09-07T13:20:44.826341+02:00,40.0,37.7,42.0,34.0,0.0,1.0,47.0,35.0,12.0,49206795.0,18.47,2.4,5.0,26.1,16.9,0.4188,False,97.8,76.9,False,13.33,9.6,True,False,False,Sin señales de recuperación,pass,descarte,pendiente,0.0,desconocido,Pendiente de implementar,ausente,dividend_maintained (baja): Dividendo actual 4.10% con caída del 17.8%,razonable,descarte,13.72,14.02,13.72 - 14.02,13.23,15.11,13.23 - 15.11,Pérdida del soporte en 13.72 | ROE negativo durante 2 trimestres consecutivos | Ampliación de capital dilutiva | Recorte de rating a bono basura,6-12,"Ford Motor Company está un 17.8% por debajo de su máximo 52s. Fundamentalmente débil con ROE -18.3%, deuda neta/EBITDA 18.5x. Técnicamente 🟢 Cruce alcista MACD, 🟢 base_pattern_detected. Clasificación: descarte.","Ford Motor Company está un 17.8% por debajo de su máximo 52s. Fundamentalmente débil con ROE -18.3%, deuda neta/EBITDA 18.5x. Técnicamente 🟢 Cruce alcista MACD, 🟢 base_pattern_detected. Clasificación: descarte.",OK,
DBK.DE,DEUTSCHE BANK AG              N,EUROSTOXX,1.0,script-v2.0,1.0,2026-09-07T13:19:34.499743+02:00,39.6,45.9,64.0,30.0,0.0,1.0,21.0,15.0,6.0,4794783.0,,296.4,,,0.5,1.8293,False,95.6,96.8,False,29.69,19.8,False,True,False,Sin señales de recuperación | Sin suelo técnico identificado,pass,descarte,pendiente,0.0,desconocido,Pendiente de implementar,ausente,dividend_maintained (baja): Dividendo actual 2.81% con caída del 0.5%,sin_suelo,descarte,32.42,33.65,32.42 - 33.65,29.55,30.36,29.55 - 30.36,Pérdida del soporte en 33.65 | ROE negativo durante 2 trimestres consecutivos | Ampliación de capital dilutiva | Recorte de rating a bono basura,6-12,"DEUTSCHE BANK AG              N está un 0.5% por debajo de su máximo 52s. Fundamentalmente aceptable con ROE 8.9%, dividendo 2.8%. Técnicamente 🟡 trendline_break. Clasificación: descarte.","DEUTSCHE BANK AG              N está un 0.5% por debajo de su máximo 52s. Fundamentalmente aceptable con ROE 8.9%, dividendo 2.8%. Técnicamente 🟡 trendline_break. Clasificación: descarte.",OK,
AI.PA,AIR LIQUIDE,EUROSTOXX,1.0,script-v2.0,1.0,2026-09-07T13:19:37.409813+02:00,39.5,43.4,93.0,0.0,0.0,4.0,28.0,28.0,0.0,847188.0,1.99,36.4,,16.32,6.7,3.5222,False,42.0,50.9,False,159.53,6.6,False,False,False,Sin señales de recuperación,pass,descarte,pendiente,0.0,desconocido,Pendiente de implementar,ausente,eps_stabilization (media): EPS 6.08 vs 5.20 (annual_eps_fallback) | dividend_maintained (baja): Dividendo actual 1.98% con caída del 6.7%,incompleto,descarte,164.15,170.1,164.15 - 170.10,154.92,158.5,154.92 - 158.50,Pérdida del soporte en 164.15 | ROE negativo durante 2 trimestres consecutivos | Ampliación de capital dilutiva | Recorte de rating a bono basura,6-12,"AIR LIQUIDE está un 6.7% por debajo de su máximo 52s. Fundamentalmente aceptable con ROE 14.0%, deuda neta/EBITDA 2.0x. Técnicamente 🟢 Cerca de soporte. Clasificación: descarte.","AIR LIQUIDE está un 6.7% por debajo de su máximo 52s. Fundamentalmente aceptable con ROE 14.0%, deuda neta/EBITDA 2.0x. Técnicamente 🟢 Cerca de soporte. Clasificación: descarte.",OK,
JPM,JP Morgan Chase & Co.,SP500,1.0,script-v2.0,1.0,2026-09-07T13:20:24.857031+02:00,39.5,40.7,77.0,9.0,0.0,4.0,36.0,30.0,6.0,8158058.0,,159.9,,,2.1,15.2217,False,62.7,58.8,False,317.08,13.1,False,True,False,Sin señales de recuperación,pass,descarte,pendiente,0.0,desconocido,Pendiente de implementar,ausente,eps_stabilization (media): EPS 7.70 vs 5.94 (Diluted EPS) | dividend_maintained (baja): Dividendo actual 1.67% con caída del 2.1%,incompleto,descarte,340.89,349.63,340.89 - 349.63,311.52,316.32,311.52 - 316.32,Pérdida del soporte en 340.89 | ROE negativo durante 2 trimestres consecutivos | Ampliación de capital dilutiva | Recorte de rating a bono basura,6-12,"JP Morgan Chase & Co. está un 2.1% por debajo de su máximo 52s. Fundamentalmente aceptable con ROE 17.8%, dividendo 1.7%. Técnicamente 🟡 MACD convergiendo, 🟢 Cerca de soporte. Clasificación: descarte.","JP Morgan Chase & Co. está un 2.1% por debajo de su máximo 52s. Fundamentalmente aceptable con ROE 17.8%, dividendo 1.7%. Técnicamente 🟡 MACD convergiendo, 🟢 Cerca de soporte. Clasificación: descarte.",OK,
7267.T,HONDA MOTOR CO,ASIA,1.0,script-v2.0,1.0,2026-09-07T13:21:07.871217+02:00,39.4,43.5,52.0,36.0,0.0,7.0,27.0,21.0,6.0,17626938.0,6.92,225.1,0.1,12.28,3.8,75.4532,False,40.5,47.7,False,1486.57,14.0,False,True,True,,pass,pendiente_confirmacion,pendiente,0.0,desconocido,Pendiente de implementar,parcial,margin_stabilization (media): Margen gross 22.2% vs 6.4% (+15.8 pp) | eps_stabilization (media): EPS 115.84 vs 46.80 (Diluted EPS) | dividend_maintained (baja): Dividendo actual 4.13% con caída del 3.8%,incompleto,pendiente_confirmacion,1614.01,1655.0,1614.01 - 1655.00,1479.75,1498.12,1479.75 - 1498.12,Pérdida del soporte en 1655.00 | ROE negativo durante 2 trimestres consecutivos | Ampliación de capital dilutiva | Recorte de rating a bono basura,6-12,"HONDA MOTOR CO está un 3.8% por debajo de su máximo 52s. Fundamentalmente aceptable con ROE -0.8%, deuda neta/EBITDA 6.9x. Técnicamente 🟢 Cerca de soporte, 🟡 trendline_break. Clasificación: pendiente_confirmacion.","HONDA MOTOR CO está un 3.8% por debajo de su máximo 52s. Fundamentalmente aceptable con ROE -0.8%, deuda neta/EBITDA 6.9x. Técnicamente 🟢 Cerca de soporte, 🟡 trendline_break. Clasificación: pendiente_confirmacion.",OK,
INGA.AS,ING GROEP N.V.,EUROSTOXX,1.0,script-v2.0,1.0,2026-09-07T13:19:49.904104+02:00,39.2,40.3,76.0,9.0,0.0,4.0,36.0,30.0,6.0,6057700.0,,43.3,,,0.2,2.1416,False,96.9,97.8,False,25.49,25.5,False,True,False,Sin señales de recuperación,pass,descarte,pendiente,0.0,desconocido,Pendiente de implementar,ausente,eps_stabilization (media): EPS 0.54 vs 0.48 (Diluted EPS) | dividend_maintained (baja): Dividendo actual 3.56% con caída del 0.2%,incompleto,descarte,29.55,30.15,29.55 - 30.15,25.16,27.24,25.16 - 27.24,Pérdida del soporte en 30.15 | ROE negativo durante 2 trimestres consecutivos | Ampliación de capital dilutiva | Recorte de rating a bono basura,6-12,"ING GROEP N.V. está un 0.2% por debajo de su máximo 52s. Fundamentalmente aceptable con ROE 17.1%, dividendo 3.6%. Técnicamente 🟢 Cruce alcista MACD, 🟡 trendline_break. Clasificación: descarte.","ING GROEP N.V. está un 0.2% por debajo de su máximo 52s. Fundamentalmente aceptable con ROE 17.1%, dividendo 3.6%. Técnicamente 🟢 Cruce alcista MACD, 🟡 trendline_break. Clasificación: descarte.",OK,
CL,Colgate-Palmolive Company,SP500,1.0,script-v2.0,1.0,2026-09-07T13:20:17.657938+02:00,39.2,38.6,77.0,5.0,0.0,12.0,41.0,36.0,5.0,4715144.0,1.29,-1.5,0.0,15.55,14.9,1.2754,False,2.6,16.8,False,87.58,1.4,False,False,False,,pass,descarte,pendiente,0.0,desconocido,Pendiente de implementar,confirmada,margin_stabilization (media): Margen gross 61.5% vs 60.6% (+0.9 pp) | eps_stabilization (media): EPS 0.86 vs 0.80 (Diluted EPS) | debt_reduction (alta): Deuda 7857.0M vs 7973.0M | dividend_maintained (baja): Dividendo actual 2.39% con caída del 10.6%,incompleto,descarte,86.41,88.77,86.41 - 88.77,84.43,86.94,84.43 - 86.94,Pérdida del soporte en 86.41 | ROE negativo durante 2 trimestres consecutivos | Ampliación de capital dilutiva | Recorte de rating a bono basura,6-12,"Colgate-Palmolive Company está un 10.6% por debajo de su máximo 52s. Fundamentalmente débil con ROE 267.4%, deuda neta/EBITDA 1.3x. Técnicamente 🟢 Cerca de soporte, 🟡 Apoyo en MA40 semanal. Clasificación: descarte.","Colgate-Palmolive Company está un 10.6% por debajo de su máximo 52s. Fundamentalmente débil con ROE 267.4%, deuda neta/EBITDA 1.3x. Técnicamente 🟢 Cerca de soporte, 🟡 Apoyo en MA40 semanal. Clasificación: descarte.",OK,
HSBA.L,HSBC HOLDINGS PLC ORD $0.50 (UK,EUROSTOXX,1.0,script-v2.0,1.0,2026-09-07T13:20:06.396987+02:00,38.9,39.9,66.0,17.0,0.0,4.0,36.0,30.0,6.0,23204158.0,,227.0,,,2.0,82.9636,False,91.3,94.3,False,1350.88,16.8,False,True,False,Sin señales de recuperación,pass,descarte,pendiente,0.0,desconocido,Pendiente de implementar,ausente,eps_stabilization (media): EPS 0.40 vs 0.39 (Diluted EPS) | dividend_maintained (baja): Dividendo actual 0.04% con caída del 2.0%,incompleto,descarte,1463.9,1513.53,1463.90 - 1513.53,1326.0,1368.5,1326.00 - 1368.50,Pérdida del soporte en 1463.90 | ROE negativo durante 2 trimestres consecutivos | Ampliación de capital dilutiva | Recorte de rating a bono basura,6-12,"HSBC HOLDINGS PLC ORD $0.50 (UK está un 2.0% por debajo de su máximo 52s. Fundamentalmente débil con ROE 13.1%, dividendo 0.0%. Técnicamente 🟢 Cruce alcista MACD, 🟡 trendline_break. Clasificación: descarte.","HSBC HOLDINGS PLC ORD $0.50 (UK está un 2.0% por debajo de su máximo 52s. Fundamentalmente débil con ROE 13.1%, dividendo 0.0%. Técnicamente 🟢 Cruce alcista MACD, 🟡 trendline_break. Clasificación: descarte.",OK,
KBC.BR,KBC,EUROSTOXX,1.0,script-v2.0,1.0,2026-09-07T13:19:58.831732+02:00,38.5,39.3,74.0,9.0,0.0,4.0,36.0,30.0,6.0,354260.0,,99.5,,,0.5,6.6914,False,87.8,87.8,False,114.71,16.3,False,True,False,Sin señales de recuperación,pass,descarte,pendiente,0.0,desconocido,Pendiente de implementar,ausente,eps_stabilization (media): EPS 2.83 vs 1.32 (Diluted EPS) | dividend_maintained (baja): Dividendo actual 3.82% con caída del 0.5%,incompleto,descarte,125.88,127.45,125.88 - 127.45,113.72,113.98,113.72 - 113.98,Pérdida del soporte en 127.45 | ROE negativo durante 2 trimestres consecutivos | Ampliación de capital dilutiva | Recorte de rating a bono basura,6-12,"KBC está un 0.5% por debajo de su máximo 52s. Fundamentalmente débil con ROE 13.7%, dividendo 3.8%. Técnicamente 🟡 MACD convergiendo, 🟢 Cerca de soporte. Clasificación: descarte.","KBC está un 0.5% por debajo de su máximo 52s. Fundamentalmente débil con ROE 13.7%, dividendo 3.8%. Técnicamente 🟡 MACD convergiendo, 🟢 Cerca de soporte. Clasificación: descarte.",OK,
ISP.MI,INTESA SANPAOLO,EUROSTOXX,1.0,script-v2.0,1.0,2026-09-07T13:19:54.734470+02:00,38.4,37.5,70.0,9.0,0.0,1.0,41.0,35.0,6.0,53382241.0,,182.8,,,3.1,0.3531,False,31.9,34.4,False,5.85,14.9,False,True,False,Sin señales de recuperación,pass,descarte,pendiente,0.0,desconocido,Pendiente de implementar,ausente,dividend_maintained (baja): Dividendo actual 5.66% con caída del 3.1%,incompleto,descarte,6.56,6.7,6.56 - 6.70,5.81,5.9,5.81 - 5.90,Pérdida del soporte en 6.70 | ROE negativo durante 2 trimestres consecutivos | Ampliación de capital dilutiva | Recorte de rating a bono basura,6-12,"INTESA SANPAOLO está un 3.1% por debajo de su máximo 52s. Fundamentalmente débil con ROE 14.3%, dividendo 5.7%. Técnicamente 🟡 MACD convergiendo, 🟢 Cerca de soporte. Clasificación: descarte.","INTESA SANPAOLO está un 3.1% por debajo de su máximo 52s. Fundamentalmente débil con ROE 14.3%, dividendo 5.7%. Técnicamente 🟡 MACD convergiendo, 🟢 Cerca de soporte. Clasificación: descarte.",OK,
CON.DE,CONTINENTAL AG                I,EUROSTOXX,1.0,script-v2.0,1.0,2026-09-07T13:19:30.709185+02:00,37.5,37.7,59.0,19.0,0.0,7.0,37.0,37.0,0.0,418292.0,2.23,4.0,-1.0,7.55,7.3,1.6919,False,80.8,73.4,False,67.11,7.0,False,False,False,,pass,descarte,pendiente,0.0,desconocido,Pendiente de implementar,parcial,margin_stabilization (media): Margen gross 33.0% vs 29.4% (+3.7 pp) | eps_stabilization (media): EPS 1.37 vs 1.00 (Diluted EPS) | dividend_maintained (baja): Dividendo actual 3.76% con caída del 7.3%,incompleto,descarte,68.8,70.78,68.80 - 70.78,65.88,66.59,65.88 - 66.59,Pérdida del soporte en 68.80 | ROE negativo durante 2 trimestres consecutivos | Ampliación de capital dilutiva | Recorte de rating a bono basura,6-12,"CONTINENTAL AG                I está un 7.3% por debajo de su máximo 52s. Fundamentalmente débil con ROE -8.3%, deuda neta/EBITDA 2.2x. Técnicamente 🟢 Divergencia alcista RSI, 🟢 Cerca de soporte. Clasificación: descarte.","CONTINENTAL AG                I está un 7.3% por debajo de su máximo 52s. Fundamentalmente débil con ROE -8.3%, deuda neta/EBITDA 2.2x. Técnicamente 🟢 Divergencia alcista RSI, 🟢 Cerca de soporte. Clasificación: descarte.",OK,
SUN.AX,SUNCORP FPO [SUN],ASX,1.0,script-v2.0,1.0,2026-09-07T13:20:57.172342+02:00,37.4,41.6,88.0,1.0,0.0,1.0,25.0,19.0,6.0,2911152.0,0.96,5.2,,13.63,16.5,0.5911,False,72.2,79.4,False,16.91,13.0,False,True,False,Sin señales de recuperación,pass,descarte,pendiente,0.0,desconocido,Pendiente de implementar,ausente,dividend_maintained (baja): Dividendo actual 3.61% con caída del 10.8%,incompleto,descarte,18.01,18.61,18.01 - 18.61,16.84,18.22,16.84 - 18.22,Pérdida del soporte en 18.01 | ROE negativo durante 2 trimestres consecutivos | Ampliación de capital dilutiva | Recorte de rating a bono basura,6-12,"SUNCORP FPO [SUN] está un 10.8% por debajo de su máximo 52s. Fundamentalmente aceptable con ROE 10.1%, deuda neta/EBITDA 1.0x. Técnicamente 🟡 trendline_break. Clasificación: descarte.","SUNCORP FPO [SUN] está un 10.8% por debajo de su máximo 52s. Fundamentalmente aceptable con ROE 10.1%, deuda neta/EBITDA 1.0x. Técnicamente 🟡 trendline_break. Clasificación: descarte.",OK,
4502.T,TAKEDA PHARMACEUTICAL CO LTD,ASIA,1.0,script-v2.0,1.0,2026-09-07T13:21:05.703886+02:00,37.3,36.8,56.0,20.0,0.0,4.0,39.0,21.0,18.0,3987906.0,4.06,13.4,-1.0,11.34,4.2,169.2756,False,48.1,68.8,False,5339.12,8.2,True,True,False,Sin señales de recuperación,pass,descarte,pendiente,0.0,desconocido,Pendiente de implementar,ausente,margin_stabilization (media): Margen gross 66.7% vs 62.9% (+3.7 pp) | dividend_maintained (baja): Dividendo actual 3.53% con caída del 4.2%,incompleto,descarte,5554.98,5570.27,5554.98 - 5570.27,5128.05,5236.76,5128.05 - 5236.76,Pérdida del soporte en 5570.27 | ROE negativo durante 2 trimestres consecutivos | Ampliación de capital dilutiva | Recorte de rating a bono basura,6-12,"TAKEDA PHARMACEUTICAL CO LTD está un 4.2% por debajo de su máximo 52s. Fundamentalmente débil con ROE -2.3%, deuda neta/EBITDA 4.1x. Técnicamente 🟢 Cerca de soporte, 🟢 base_pattern_detected. Clasificación: descarte.","TAKEDA PHARMACEUTICAL CO LTD está un 4.2% por debajo de su máximo 52s. Fundamentalmente débil con ROE -2.3%, deuda neta/EBITDA 4.1x. Técnicamente 🟢 Cerca de soporte, 🟢 base_pattern_detected. Clasificación: descarte.",OK,
MMM,3M Company,SP500,1.0,script-v2.0,1.0,2026-09-07T13:20:14.983291+02:00,37.2,35.9,77.0,0.0,0.0,7.0,41.0,41.0,0.0,3442880.0,1.21,4.8,0.1,14.62,8.4,5.9393,False,16.4,11.9,False,159.18,5.9,False,False,False,,pass,descarte,pendiente,0.0,desconocido,Pendiente de implementar,parcial,margin_stabilization (media): Margen gross 41.3% vs 40.7% (+0.5 pp) | eps_stabilization (media): EPS 1.78 vs 1.23 (Diluted EPS) | dividend_maintained (baja): Dividendo actual 1.85% con caída del 8.8%,incompleto,descarte,167.59,168.56,167.59 - 168.56,157.16,159.49,157.16 - 159.49,Pérdida del soporte en 167.59 | ROE negativo durante 2 trimestres consecutivos | Ampliación de capital dilutiva | Recorte de rating a bono basura,6-12,"3M Company está un 8.8% por debajo de su máximo 52s. Fundamentalmente débil con ROE 81.9%, deuda neta/EBITDA 1.2x. Técnicamente 🟡 MACD convergiendo, 🟢 Cerca de soporte. Clasificación: descarte.","3M Company está un 8.8% por debajo de su máximo 52s. Fundamentalmente débil con ROE 81.9%, deuda neta/EBITDA 1.2x. Técnicamente 🟡 MACD convergiendo, 🟢 Cerca de soporte. Clasificación: descarte.",OK,
8306.T,MITSUBISHI UFJ FINANCIAL GROUP ,ASIA,1.0,script-v2.0,1.0,2026-09-07T13:21:02.055204+02:00,36.9,38.9,73.0,9.0,0.0,4.0,31.0,25.0,6.0,40309912.0,,321.1,,,2.7,252.7881,False,77.9,88.3,False,3032.74,22.4,False,True,False,Sin señales de recuperación,pass,descarte,pendiente,0.0,desconocido,Pendiente de implementar,ausente,eps_stabilization (media): EPS 71.59 vs 47.45 (Diluted EPS) | dividend_maintained (baja): Dividendo actual 2.59% con caída del 2.7%,incompleto,descarte,3422.4,3554.54,3422.40 - 3554.54,2962.26,3241.05,2962.26 - 3241.05,Pérdida del soporte en 3422.40 | ROE negativo durante 2 trimestres consecutivos | Ampliación de capital dilutiva | Recorte de rating a bono basura,6-12,"MITSUBISHI UFJ FINANCIAL GROUP  está un 2.7% por debajo de su máximo 52s. Fundamentalmente débil con ROE 9.5%, dividendo 2.6%. Técnicamente 🟢 Volumen creciente, 🟡 trendline_break. Clasificación: descarte.","MITSUBISHI UFJ FINANCIAL GROUP  está un 2.7% por debajo de su máximo 52s. Fundamentalmente débil con ROE 9.5%, dividendo 2.6%. Técnicamente 🟢 Volumen creciente, 🟡 trendline_break. Clasificación: descarte.",OK,
PM,Philip Morris International Inc,SP500,1.0,script-v2.0,1.0,2026-09-07T13:20:41.375454+02:00,36.8,39.0,71.0,11.0,0.0,12.0,30.0,18.0,12.0,4931733.0,2.39,-5.4,-0.0,18.29,12.1,5.6408,False,2.1,15.6,False,173.8,5.0,True,False,False,,pass,descarte,pendiente,0.0,desconocido,Pendiente de implementar,confirmada,margin_stabilization (media): Margen gross 68.4% vs 68.1% (+0.4 pp) | eps_stabilization (media): EPS 1.80 vs 1.56 (Diluted EPS) | debt_reduction (alta): Deuda 49139.0M vs 51948.0M | dividend_maintained (baja): Dividendo actual 3.22% con caída del 12.1%,incompleto,descarte,172.54,182.53,172.54 - 182.53,172.58,176.6,172.58 - 176.60,Pérdida del soporte en 172.54 | ROE negativo durante 2 trimestres consecutivos | Ampliación de capital dilutiva | Recorte de rating a bono basura,6-12,"Philip Morris International Inc está un 12.1% por debajo de su máximo 52s. Fundamentalmente débil con deuda neta/EBITDA 2.4x, dividendo 3.2%. Técnicamente 🟢 base_pattern_detected. Clasificación: descarte.","Philip Morris International Inc está un 12.1% por debajo de su máximo 52s. Fundamentalmente débil con deuda neta/EBITDA 2.4x, dividendo 3.2%. Técnicamente 🟢 base_pattern_detected. Clasificación: descarte.",OK,
UCG.MI,UNICREDIT,EUROSTOXX,1.0,script-v2.0,1.0,2026-09-07T13:19:55.119254+02:00,36.2,39.3,74.0,9.0,0.0,1.0,27.0,21.0,6.0,4680334.0,,93.0,,,3.8,4.427,False,21.6,37.6,False,72.82,14.2,False,True,False,Sin señales de recuperación,pass,descarte,pendiente,0.0,desconocido,Pendiente de implementar,ausente,dividend_maintained (baja): Dividendo actual 3.79% con caída del 3.8%,incompleto,descarte,82.83,82.99,82.83 - 82.99,72.25,73.46,72.25 - 73.46,Pérdida del soporte en 82.99 | ROE negativo durante 2 trimestres consecutivos | Ampliación de capital dilutiva | Recorte de rating a bono basura,6-12,"UNICREDIT está un 3.8% por debajo de su máximo 52s. Fundamentalmente débil con ROE 15.8%, dividendo 3.8%. Técnicamente 🟢 Cerca de soporte, 🟡 trendline_break. Clasificación: descarte.","UNICREDIT está un 3.8% por debajo de su máximo 52s. Fundamentalmente débil con ROE 15.8%, dividendo 3.8%. Técnicamente 🟢 Cerca de soporte, 🟡 trendline_break. Clasificación: descarte.",OK,
ANZ.AX,ANZ GROUP FPO [ANZ],ASX,1.0,script-v2.0,1.0,2026-09-07T13:20:51.575003+02:00,36.1,32.2,69.0,0.0,0.0,1.0,48.0,30.0,18.0,4292211.0,,23.8,,,5.4,0.6402,False,73.5,73.9,False,36.31,4.5,True,True,False,Sin señales de recuperación,pass,descarte,pendiente,0.0,desconocido,Pendiente de implementar,ausente,dividend_maintained (baja): Dividendo actual 4.38% con caída del 7.5%,razonable,descarte,35.04,36.78,35.04 - 36.78,34.85,36.07,34.85 - 36.07,Pérdida del soporte en 35.04 | ROE negativo durante 2 trimestres consecutivos | Ampliación de capital dilutiva | Recorte de rating a bono basura,6-12,"ANZ GROUP FPO [ANZ] está un 7.5% por debajo de su máximo 52s. Fundamentalmente débil con ROE 8.2%, dividendo 4.4%. Técnicamente 🟢 Cruce alcista MACD, 🟢 base_pattern_detected. Clasificación: descarte.","ANZ GROUP FPO [ANZ] está un 7.5% por debajo de su máximo 52s. Fundamentalmente débil con ROE 8.2%, dividendo 4.4%. Técnicamente 🟢 Cruce alcista MACD, 🟢 base_pattern_detected. Clasificación: descarte.",OK,
D05.SI,DBS,ASIA,1.0,script-v2.0,1.0,2026-09-07T13:21:21.805098+02:00,36.0,35.9,77.0,0.0,0.0,4.0,36.0,30.0,6.0,4587733.0,,184.1,,,0.7,5.7648,False,85.4,85.3,False,61.71,27.2,False,True,False,Sin señales de recuperación,pass,descarte,pendiente,0.0,desconocido,Pendiente de implementar,ausente,eps_stabilization (media): EPS 1.03 vs 1.02 (Diluted EPS) | dividend_maintained (baja): Dividendo actual 4.05% con caída del 0.7%,incompleto,descarte,72.82,73.08,72.82 - 73.08,60.67,67.19,60.67 - 67.19,Pérdida del soporte en 72.82 | ROE negativo durante 2 trimestres consecutivos | Ampliación de capital dilutiva | Recorte de rating a bono basura,6-12,"DBS está un 0.7% por debajo de su máximo 52s. Fundamentalmente débil con ROE 16.2%, dividendo 4.0%. Técnicamente 🟢 Cruce alcista MACD, 🟡 trendline_break. Clasificación: descarte.","DBS está un 0.7% por debajo de su máximo 52s. Fundamentalmente débil con ROE 16.2%, dividendo 4.0%. Técnicamente 🟢 Cruce alcista MACD, 🟡 trendline_break. Clasificación: descarte.",OK,
BAC,Bank of America Corporation,SP500,1.0,script-v2.0,1.0,2026-09-07T13:20:24.660523+02:00,35.9,38.9,73.0,9.0,0.0,4.0,27.0,21.0,6.0,32433371.0,,115.6,,,3.4,3.1153,False,57.1,46.8,False,54.44,15.1,False,True,False,Sin señales de recuperación,pass,descarte,pendiente,0.0,desconocido,Pendiente de implementar,ausente,eps_stabilization (media): EPS 1.21 vs 1.11 (Diluted EPS) | dividend_maintained (baja): Dividendo actual 2.04% con caída del 3.9%,incompleto,descarte,59.23,61.31,59.23 - 61.31,54.29,55.45,54.29 - 55.45,Pérdida del soporte en 59.23 | ROE negativo durante 2 trimestres consecutivos | Ampliación de capital dilutiva | Recorte de rating a bono basura,6-12,"Bank of America Corporation está un 3.9% por debajo de su máximo 52s. Fundamentalmente débil con ROE 11.2%, dividendo 2.0%. Técnicamente 🟡 MACD convergiendo, 🟡 trendline_break. Clasificación: descarte.","Bank of America Corporation está un 3.9% por debajo de su máximo 52s. Fundamentalmente débil con ROE 11.2%, dividendo 2.0%. Técnicamente 🟡 MACD convergiendo, 🟡 trendline_break. Clasificación: descarte.",OK,
8411.T,MIZUHO FINANCIAL GROUP,ASIA,1.0,script-v2.0,1.0,2026-09-07T13:21:04.747121+02:00,35.8,39.3,74.0,9.0,0.0,4.0,25.0,19.0,6.0,9453695.0,,187.6,,,2.1,566.9019,False,80.2,83.2,False,7184.69,21.2,False,True,False,Sin señales de recuperación,pass,descarte,pendiente,0.0,desconocido,Pendiente de implementar,ausente,eps_stabilization (media): EPS 173.53 vs 115.90 (Diluted EPS) | dividend_maintained (baja): Dividendo actual 1.72% con caída del 2.1%,incompleto,descarte,7762.89,8322.6,7762.89 - 8322.60,6981.46,7559.9,6981.46 - 7559.90,Pérdida del soporte en 7762.89 | ROE negativo durante 2 trimestres consecutivos | Ampliación de capital dilutiva | Recorte de rating a bono basura,6-12,"MIZUHO FINANCIAL GROUP está un 2.1% por debajo de su máximo 52s. Fundamentalmente débil con ROE 12.5%, dividendo 1.7%. Técnicamente 🟡 trendline_break. Clasificación: descarte.","MIZUHO FINANCIAL GROUP está un 2.1% por debajo de su máximo 52s. Fundamentalmente débil con ROE 12.5%, dividendo 1.7%. Técnicamente 🟡 trendline_break. Clasificación: descarte.",OK,
AMGN,Amgen Inc.,SP500,1.0,script-v2.0,1.0,2026-09-07T13:20:36.225603+02:00,35.8,36.4,78.0,0.0,0.0,12.0,34.0,16.0,18.0,2657507.0,2.51,-0.0,2.4,16.2,2.2,24.7407,False,65.9,82.6,False,355.82,22.9,True,True,False,,pass,descarte,pendiente,0.0,desconocido,Pendiente de implementar,confirmada,margin_stabilization (media): Margen gross 72.0% vs 68.2% (+3.9 pp) | eps_stabilization (media): EPS 4.37 vs 3.34 (Diluted EPS) | debt_reduction (alta): Deuda 57304.0M vs 57323.0M | dividend_maintained (baja): Dividendo actual 2.31% con caída del 2.2%,incompleto,descarte,395.32,426.0,395.32 - 426.00,354.22,379.98,354.22 - 379.98,Pérdida del soporte en 426.00 | ROE negativo durante 2 trimestres consecutivos | Ampliación de capital dilutiva | Recorte de rating a bono basura,6-12,"Amgen Inc. está un 2.2% por debajo de su máximo 52s. Fundamentalmente débil con ROE 91.5%, deuda neta/EBITDA 2.5x. Técnicamente 🟢 Cerca de soporte, 🟢 base_pattern_detected. Clasificación: descarte.","Amgen Inc. está un 2.2% por debajo de su máximo 52s. Fundamentalmente débil con ROE 91.5%, deuda neta/EBITDA 2.5x. Técnicamente 🟢 Cerca de soporte, 🟢 base_pattern_detected. Clasificación: descarte.",OK,
6861.T,KEYENCE CORP,ASIA,1.0,script-v2.0,1.0,2026-09-07T13:21:07.489457+02:00,35.8,37.8,73.0,7.0,0.0,4.0,30.0,30.0,0.0,638468.0,-2.33,,,28.89,10.3,4109.393,False,27.9,14.6,False,68869.29,14.6,False,False,False,Sin señales de recuperación,pass,descarte,pendiente,0.0,desconocido,Pendiente de implementar,ausente,"dividend_maintained (baja): Dividendo actual 0.70% con caída del 10.3% | analyst_upgrade (media): Target 97366.66 vs precio 78890.00 (+23%), recMean 1.60, recKey buy",incompleto,descarte,73615.0,78890.0,73615.00 - 78890.00,67157.14,74732.0,67157.14 - 74732.00,Pérdida del soporte en 73615.00 | ROE negativo durante 2 trimestres consecutivos | Ampliación de capital dilutiva | Recorte de rating a bono basura,6-12,"KEYENCE CORP está un 10.3% por debajo de su máximo 52s. Fundamentalmente débil con deuda neta/EBITDA -2.3x, dividendo 0.7%. Técnicamente 🟡 MACD convergiendo. Clasificación: descarte.","KEYENCE CORP está un 10.3% por debajo de su máximo 52s. Fundamentalmente débil con deuda neta/EBITDA -2.3x, dividendo 0.7%. Técnicamente 🟡 MACD convergiendo. Clasificación: descarte.",OK,
ABBV,AbbVie Inc.,SP500,1.0,script-v2.0,1.0,2026-09-07T13:20:15.192504+02:00,35.3,38.1,69.0,11.0,0.0,12.0,27.0,21.0,6.0,6380811.0,2.09,-2.7,1.4,16.82,4.1,11.5639,False,28.2,54.9,False,226.0,13.5,False,True,False,,pass,descarte,pendiente,0.0,desconocido,Pendiente de implementar,confirmada,margin_stabilization (media): Margen gross 74.7% vs 71.9% (+2.9 pp) | eps_stabilization (media): EPS 2.03 vs 0.39 (Diluted EPS) | debt_reduction (alta): Deuda 70885.0M vs 72858.0M | dividend_maintained (baja): Dividendo actual 2.70% con caída del 4.1%,incompleto,descarte,246.61,254.05,246.61 - 254.05,225.8,227.35,225.80 - 227.35,Pérdida del soporte en 246.61 | ROE negativo durante 2 trimestres consecutivos | Ampliación de capital dilutiva | Recorte de rating a bono basura,6-12,"AbbVie Inc. está un 4.1% por debajo de su máximo 52s. Fundamentalmente débil con deuda neta/EBITDA 2.1x, dividendo 2.7%. Técnicamente 🟢 Cerca de soporte, 🟡 trendline_break. Clasificación: descarte.","AbbVie Inc. está un 4.1% por debajo de su máximo 52s. Fundamentalmente débil con deuda neta/EBITDA 2.1x, dividendo 2.7%. Técnicamente 🟢 Cerca de soporte, 🟡 trendline_break. Clasificación: descarte.",OK,
UNA.AS,UNILEVER PLC,EUROSTOXX,1.0,script-v2.0,1.0,2026-09-07T13:19:51.620064+02:00,35.2,36.7,74.0,4.0,0.0,4.0,31.0,25.0,6.0,1123483.0,2.41,4.7,,13.59,11.1,0.8884,False,48.3,61.0,False,53.18,3.2,False,True,False,Sin señales de recuperación,pass,descarte,pendiente,0.0,desconocido,Pendiente de implementar,ausente,eps_stabilization (media): EPS 4.32 vs 2.58 (annual_eps_fallback) | dividend_maintained (baja): Dividendo actual 3.48% con caída del 13.4%,incompleto,descarte,53.12,54.47,53.12 - 54.47,53.04,53.88,53.04 - 53.88,Pérdida del soporte en 53.12 | ROE negativo durante 2 trimestres consecutivos | Ampliación de capital dilutiva | Recorte de rating a bono basura,6-12,"UNILEVER PLC está un 13.4% por debajo de su máximo 52s. Fundamentalmente débil con ROE 31.9%, deuda neta/EBITDA 2.4x. Técnicamente 🟢 Cerca de soporte, 🟡 trendline_break. Clasificación: descarte.","UNILEVER PLC está un 13.4% por debajo de su máximo 52s. Fundamentalmente débil con ROE 31.9%, deuda neta/EBITDA 2.4x. Técnicamente 🟢 Cerca de soporte, 🟡 trendline_break. Clasificación: descarte.",OK,
TIT.MI,TELECOM ITALIA,EUROSTOXX,1.0,script-v2.0,1.0,2026-09-07T13:19:56.557296+02:00,34.9,28.1,34.0,23.0,0.0,8.0,55.0,55.0,0.0,10125277.0,2.98,-7.6,5.8,7.75,9.3,0.3773,False,10.3,54.8,False,6.71,10.8,False,False,False,,pass,descarte,pendiente,0.0,desconocido,Pendiente de implementar,parcial,margin_stabilization (media): Margen gross 44.3% vs 43.2% (+1.1 pp) | debt_reduction (alta): Deuda 13523.0M vs 14636.0M,razonable,descarte,7.39,7.43,7.39 - 7.43,6.61,6.96,6.61 - 6.96,Pérdida del soporte en 7.39 | ROE negativo durante 2 trimestres consecutivos | Ampliación de capital dilutiva | Recorte de rating a bono basura,6-12,"TELECOM ITALIA está un 9.3% por debajo de su máximo 52s. Fundamentalmente débil con ROE 3.9%, deuda neta/EBITDA 3.0x. Técnicamente 🟢 Cruce alcista MACD, 🟢 Cerca de soporte. Clasificación: descarte.","TELECOM ITALIA está un 9.3% por debajo de su máximo 52s. Fundamentalmente débil con ROE 3.9%, deuda neta/EBITDA 3.0x. Técnicamente 🟢 Cruce alcista MACD, 🟢 Cerca de soporte. Clasificación: descarte.",OK,
8316.T,SUMITOMO MITSUI FINANCIAL GROUP,ASIA,1.0,script-v2.0,1.0,2026-09-07T13:21:03.178868+02:00,34.4,37.5,70.0,9.0,0.0,4.0,25.0,19.0,6.0,12783909.0,,81.7,,,3.9,422.7464,False,71.3,81.8,False,5926.51,17.7,False,True,False,Sin señales de recuperación,pass,descarte,pendiente,0.0,desconocido,Pendiente de implementar,ausente,eps_stabilization (media): EPS 131.59 vs 97.44 (Diluted EPS) | dividend_maintained (baja): Dividendo actual 1.94% con caída del 3.9%,incompleto,descarte,6507.83,6810.16,6507.83 - 6810.16,5773.92,6171.0,5773.92 - 6171.00,Pérdida del soporte en 6507.83 | ROE negativo durante 2 trimestres consecutivos | Ampliación de capital dilutiva | Recorte de rating a bono basura,6-12,"SUMITOMO MITSUI FINANCIAL GROUP está un 3.9% por debajo de su máximo 52s. Fundamentalmente débil con ROE 8.6%, dividendo 1.9%. Técnicamente 🟡 trendline_break. Clasificación: descarte.","SUMITOMO MITSUI FINANCIAL GROUP está un 3.9% por debajo de su máximo 52s. Fundamentalmente débil con ROE 8.6%, dividendo 1.9%. Técnicamente 🟡 trendline_break. Clasificación: descarte.",OK,
SJM,The J.M. Smucker Company,SP500,1.0,script-v2.0,1.0,2026-09-07T13:20:43.009410+02:00,34.4,39.8,67.0,16.0,0.0,9.0,18.0,12.0,6.0,1519565.0,3.05,-2.1,-0.8,9.0,7.2,6.5952,False,43.8,59.8,False,105.6,19.4,False,True,False,Sin suelo técnico identificado,pass,descarte,pendiente,0.0,desconocido,Pendiente de implementar,parcial,margin_stabilization (media): Margen gross 44.1% vs 38.0% (+6.1 pp) | debt_reduction (alta): Deuda 6940.2M vs 7089.0M | dividend_maintained (baja): Dividendo actual 3.55% con caída del 7.2%,sin_suelo,descarte,113.63,118.75,113.63 - 118.75,104.96,115.51,104.96 - 115.51,Pérdida del soporte en 113.63 | ROE negativo durante 2 trimestres consecutivos | Ampliación de capital dilutiva | Recorte de rating a bono basura,6-12,"The J.M. Smucker Company está un 7.2% por debajo de su máximo 52s. Fundamentalmente débil con ROE 3.9%, deuda neta/EBITDA 3.0x. Técnicamente 🟡 trendline_break. Clasificación: descarte.","The J.M. Smucker Company está un 7.2% por debajo de su máximo 52s. Fundamentalmente débil con ROE 3.9%, deuda neta/EBITDA 3.0x. Técnicamente 🟡 trendline_break. Clasificación: descarte.",OK,
ML.PA,MICHELIN,EUROSTOXX,1.0,script-v2.0,1.0,2026-09-07T13:19:42.862632+02:00,34.2,30.9,0.0,58.0,0.0,1.0,44.0,44.0,0.0,1542731.0,1.12,19.5,,1.12,3.2,1.2883,False,45.0,65.2,False,31.32,10.4,False,False,False,Sin señales de recuperación,pass,descarte,pendiente,0.0,desconocido,Pendiente de implementar,ausente,dividend_maintained (baja): Dividendo actual 13.01% con caída del 3.2%,incompleto,descarte,33.64,34.58,33.64 - 34.58,30.36,30.97,30.36 - 30.97,Pérdida del soporte en 33.64 | ROE negativo durante 2 trimestres consecutivos | Ampliación de capital dilutiva | Recorte de rating a bono basura,6-12,"MICHELIN está un 3.2% por debajo de su máximo 52s. Fundamentalmente débil con deuda neta/EBITDA 1.1x, dividendo 13.0%. Técnicamente 🟢 Cruce alcista MACD, 🟢 Cerca de soporte. Clasificación: descarte.","MICHELIN está un 3.2% por debajo de su máximo 52s. Fundamentalmente débil con deuda neta/EBITDA 1.1x, dividendo 13.0%. Técnicamente 🟢 Cruce alcista MACD, 🟢 Cerca de soporte. Clasificación: descarte.",OK,
GPC,Genuine Parts Company,SP500,1.0,script-v2.0,1.0,2026-09-07T13:20:18.686833+02:00,34.2,32.6,63.0,6.0,0.0,12.0,39.0,21.0,18.0,1635822.0,2.97,-0.9,0.7,12.25,6.3,5.9637,False,93.0,81.7,False,118.04,17.0,True,True,False,,pass,descarte,pendiente,0.0,desconocido,Pendiente de implementar,confirmada,margin_stabilization (media): Margen gross 37.8% vs 37.3% (+0.5 pp) | eps_stabilization (media): EPS 1.65 vs 1.37 (Diluted EPS) | debt_reduction (alta): Deuda 6652.8M vs 6713.8M | dividend_maintained (baja): Dividendo actual 3.08% con caída del 8.9%,incompleto,descarte,128.31,130.78,128.31 - 130.78,117.59,128.83,117.59 - 128.83,Pérdida del soporte en 130.78 | ROE negativo durante 2 trimestres consecutivos | Ampliación de capital dilutiva | Recorte de rating a bono basura,6-12,"Genuine Parts Company está un 8.9% por debajo de su máximo 52s. Fundamentalmente débil con ROE 0.7%, deuda neta/EBITDA 3.0x. Técnicamente 🟡 MACD convergiendo, 🟢 base_pattern_detected. Clasificación: descarte.","Genuine Parts Company está un 8.9% por debajo de su máximo 52s. Fundamentalmente débil con ROE 0.7%, deuda neta/EBITDA 3.0x. Técnicamente 🟡 MACD convergiendo, 🟢 base_pattern_detected. Clasificación: descarte.",OK,
TCL.AX,TRANSURBAN STAPLED [TCL],ASX,1.0,script-v2.0,1.0,2026-09-07T13:20:54.686428+02:00,34.0,29.3,40.0,20.0,0.0,4.0,48.0,43.0,5.0,5377294.0,8.2,0.9,,26.78,10.0,-0.0044,False,12.5,11.3,False,14.03,-2.0,False,False,False,Sin señales de recuperación,pass,descarte,pendiente,0.0,desconocido,Pendiente de implementar,ausente,eps_stabilization (media): EPS 0.12 vs 0.04 (annual_eps_fallback) | dividend_maintained (baja): Dividendo actual 5.09% con caída del 12.0%,razonable,descarte,13.05,13.74,13.05 - 13.74,13.28,14.05,13.28 - 14.05,Pérdida del soporte en 13.05 | ROE negativo durante 2 trimestres consecutivos | Ampliación de capital dilutiva | Recorte de rating a bono basura,6-12,"TRANSURBAN STAPLED [TCL] está un 12.0% por debajo de su máximo 52s. Fundamentalmente débil con ROE 5.0%, deuda neta/EBITDA 8.2x. Técnicamente 🟡 MACD convergiendo, 🟡 Apoyo en MA40 semanal. Clasificación: descarte.","TRANSURBAN STAPLED [TCL] está un 12.0% por debajo de su máximo 52s. Fundamentalmente débil con ROE 5.0%, deuda neta/EBITDA 8.2x. Técnicamente 🟡 MACD convergiendo, 🟡 Apoyo en MA40 semanal. Clasificación: descarte.",OK,
GM,General Motors Company,SP500,1.0,script-v2.0,1.0,2026-09-07T13:20:44.665529+02:00,33.3,30.7,43.0,20.0,0.0,1.0,41.0,35.0,6.0,7048036.0,6.32,0.8,4.4,11.1,4.3,3.2404,False,91.2,64.7,False,79.87,9.9,False,True,False,Sin señales de recuperación,pass,descarte,pendiente,0.0,desconocido,Pendiente de implementar,ausente,dividend_maintained (baja): Dividendo actual 0.82% con caída del 4.5%,incompleto,descarte,83.15,85.06,83.15 - 85.06,78.07,79.51,78.07 - 79.51,Pérdida del soporte en 85.06 | ROE negativo durante 2 trimestres consecutivos | Ampliación de capital dilutiva | Recorte de rating a bono basura,6-12,"General Motors Company está un 4.5% por debajo de su máximo 52s. Fundamentalmente débil con ROE 3.2%, deuda neta/EBITDA 6.3x. Técnicamente 🟡 MACD convergiendo, 🟢 Cerca de soporte. Clasificación: descarte.","General Motors Company está un 4.5% por debajo de su máximo 52s. Fundamentalmente débil con ROE 3.2%, deuda neta/EBITDA 6.3x. Técnicamente 🟡 MACD convergiendo, 🟢 Cerca de soporte. Clasificación: descarte.",OK,
ASML.AS,ASML HOLDING,EUROSTOXX,1.0,script-v2.0,1.0,2026-09-07T13:19:51.142150+02:00,33.2,35.9,77.0,0.0,0.0,15.0,25.0,25.0,0.0,682659.0,-0.41,-26.7,0.0,41.37,14.6,82.0196,False,54.5,34.0,False,1309.56,13.4,False,False,False,,pass,descarte,pendiente,0.0,desconocido,Pendiente de implementar,confirmada,"margin_stabilization (media): Margen gross 54.0% vs 53.0% (+1.0 pp) | eps_stabilization (media): EPS 7.58 vs 7.15 (Diluted EPS) | debt_reduction (alta): Deuda 1984.4M vs 2705.6M | dividend_maintained (baja): Dividendo actual 0.52% con caída del 14.7% | analyst_upgrade (media): Target 2041.85 vs precio 1485.40 (+37%), recMean 1.40, recKey strong_buy",incompleto,descarte,1370.42,1485.4,1370.42 - 1485.40,1284.03,1479.85,1284.03 - 1479.85,Pérdida del soporte en 1370.42 | ROE negativo durante 2 trimestres consecutivos | Ampliación de capital dilutiva | Recorte de rating a bono basura,6-12,"ASML HOLDING está un 14.7% por debajo de su máximo 52s. Fundamentalmente débil con ROE 53.9%, deuda neta/EBITDA -0.4x. Técnicamente 🟡 MACD convergiendo. Clasificación: descarte.","ASML HOLDING está un 14.7% por debajo de su máximo 52s. Fundamentalmente débil con ROE 53.9%, deuda neta/EBITDA -0.4x. Técnicamente 🟡 MACD convergiendo. Clasificación: descarte.",OK,
O39.SI,OCBC Bank,ASIA,1.0,script-v2.0,1.0,2026-09-07T13:21:21.938852+02:00,32.5,35.9,77.0,0.0,0.0,4.0,22.0,16.0,6.0,6436937.0,,69.9,,,2.1,2.945,False,70.8,78.4,False,23.41,36.2,False,True,False,Sin señales de recuperación | Sin suelo técnico identificado,pass,descarte,pendiente,0.0,desconocido,Pendiente de implementar,ausente,eps_stabilization (media): EPS 0.44 vs 0.42 (Diluted EPS) | dividend_maintained (baja): Dividendo actual 2.95% con caída del 2.1%,sin_suelo,descarte,28.98,30.53,28.98 - 30.53,22.83,27.68,22.83 - 27.68,Pérdida del soporte en 30.53 | ROE negativo durante 2 trimestres consecutivos | Ampliación de capital dilutiva | Recorte de rating a bono basura,6-12,"OCBC Bank está un 2.1% por debajo de su máximo 52s. Fundamentalmente débil con ROE 12.7%, dividendo 3.0%. Técnicamente 🟢 Cerca de soporte, 🟡 trendline_break. Clasificación: descarte.","OCBC Bank está un 2.1% por debajo de su máximo 52s. Fundamentalmente débil con ROE 12.7%, dividendo 3.0%. Técnicamente 🟢 Cerca de soporte, 🟡 trendline_break. Clasificación: descarte.",OK,
MRK,"Merck & Company, Inc.",SP500,1.0,script-v2.0,1.0,2026-09-07T13:20:35.760412+02:00,32.3,31.7,68.0,0.0,0.0,4.0,34.0,16.0,18.0,10533566.0,1.62,9.8,3.0,14.47,4.2,9.5015,False,70.1,75.7,False,118.98,26.3,True,True,False,Sin señales de recuperación,pass,descarte,pendiente,0.0,desconocido,Pendiente de implementar,ausente,eps_stabilization (media): EPS -0.54 vs -1.72 (Diluted EPS) | dividend_maintained (baja): Dividendo actual 2.26% con caída del 4.2%,incompleto,descarte,134.59,145.75,134.59 - 145.75,117.44,133.38,117.44 - 133.38,Pérdida del soporte en 145.75 | ROE negativo durante 2 trimestres consecutivos | Ampliación de capital dilutiva | Recorte de rating a bono basura,6-12,"Merck & Company, Inc. está un 4.2% por debajo de su máximo 52s. Fundamentalmente débil con ROE 7.0%, deuda neta/EBITDA 1.6x. Técnicamente 🟢 Cerca de soporte, 🟢 base_pattern_detected. Clasificación: descarte.","Merck & Company, Inc. está un 4.2% por debajo de su máximo 52s. Fundamentalmente débil con ROE 7.0%, deuda neta/EBITDA 1.6x. Técnicamente 🟢 Cerca de soporte, 🟢 base_pattern_detected. Clasificación: descarte.",OK,
COL.AX,COLESGROUP FPO [COL],ASX,1.0,script-v2.0,1.0,2026-09-07T13:20:54.697194+02:00,31.8,34.1,73.0,0.0,0.0,6.0,25.0,19.0,6.0,2879419.0,3.53,-4.2,,15.51,2.6,0.5252,False,80.9,84.2,False,21.89,7.7,False,True,False,,pass,descarte,pendiente,0.0,desconocido,Pendiente de implementar,parcial,debt_reduction (alta): Deuda 9892.0M vs 10327.0M | dividend_maintained (baja): Dividendo actual 3.14% con caída del 4.1%,incompleto,descarte,21.95,23.23,21.95 - 23.23,20.9,21.82,20.90 - 21.82,Pérdida del soporte en 21.95 | ROE negativo durante 2 trimestres consecutivos | Ampliación de capital dilutiva | Recorte de rating a bono basura,6-12,"COLESGROUP FPO [COL] está un 4.1% por debajo de su máximo 52s. Fundamentalmente débil con ROE 28.1%, deuda neta/EBITDA 3.5x. Técnicamente 🟡 trendline_break. Clasificación: descarte.","COLESGROUP FPO [COL] está un 4.1% por debajo de su máximo 52s. Fundamentalmente débil con ROE 28.1%, deuda neta/EBITDA 3.5x. Técnicamente 🟡 trendline_break. Clasificación: descarte.",OK,
UBSG.SW,UBS GROUP N,EUROSTOXX,1.0,script-v2.0,1.0,2026-09-07T13:20:03.802173+02:00,31.1,33.1,71.0,0.0,0.0,1.0,25.0,19.0,6.0,5490898.0,,74.2,,,1.4,2.8972,False,77.9,87.1,False,36.61,21.1,False,True,False,Sin señales de recuperación,pass,descarte,pendiente,0.0,desconocido,Pendiente de implementar,ausente,dividend_maintained (baja): Dividendo actual 1.94% con caída del 1.4%,incompleto,descarte,41.97,42.94,41.97 - 42.94,35.99,38.21,35.99 - 38.21,Pérdida del soporte en 41.97 | ROE negativo durante 2 trimestres consecutivos | Ampliación de capital dilutiva | Recorte de rating a bono basura,6-12,"UBS GROUP N está un 1.4% por debajo de su máximo 52s. Fundamentalmente débil con ROE 10.7%, dividendo 1.9%. Técnicamente 🟡 trendline_break. Clasificación: descarte.","UBS GROUP N está un 1.4% por debajo de su máximo 52s. Fundamentalmente débil con ROE 10.7%, dividendo 1.9%. Técnicamente 🟡 trendline_break. Clasificación: descarte.",OK,
GILD,"Gilead Sciences, Inc.",SP500,1.0,script-v2.0,1.0,2026-09-07T13:20:36.507576+02:00,29.2,27.9,53.0,6.0,0.0,4.0,33.0,15.0,18.0,7086822.0,1.46,18.4,0.0,14.28,2.8,3.6573,False,88.1,87.4,False,133.78,12.9,True,True,False,Sin señales de recuperación,pass,descarte,pendiente,0.0,desconocido,Pendiente de implementar,ausente,margin_stabilization (media): Margen gross 79.8% vs 79.2% (+0.5 pp) | dividend_maintained (baja): Dividendo actual 2.17% con caída del 4.0%,incompleto,descarte,136.6,143.18,136.60 - 143.18,133.37,133.7,133.37 - 133.70,Pérdida del soporte en 143.18 | ROE negativo durante 2 trimestres consecutivos | Ampliación de capital dilutiva | Recorte de rating a bono basura,6-12,"Gilead Sciences, Inc. está un 4.0% por debajo de su máximo 52s. Fundamentalmente débil con ROE -20.7%, deuda neta/EBITDA 1.5x. Técnicamente 🟢 base_pattern_detected, 🟡 trendline_break. Clasificación: descarte.","Gilead Sciences, Inc. está un 4.0% por debajo de su máximo 52s. Fundamentalmente débil con ROE -20.7%, deuda neta/EBITDA 1.5x. Técnicamente 🟢 base_pattern_detected, 🟡 trendline_break. Clasificación: descarte.",OK,
APA.AX,APA GROUP STAPLED [APA],ASX,1.0,script-v2.0,1.0,2026-09-07T13:20:58.398725+02:00,29.0,24.7,53.0,0.0,0.0,4.0,42.0,24.0,18.0,2802366.0,6.08,1.2,,13.09,1.6,0.3628,False,82.4,91.0,False,9.62,12.4,True,True,False,No supera filtrado cuantitativo mínimo | Sin señales de recuperación,fail,descarte,pendiente,0.0,desconocido,Pendiente de implementar,ausente,eps_stabilization (media): EPS 0.16 vs 0.08 (annual_eps_fallback) | dividend_maintained (baja): Dividendo actual 5.37% con caída del 2.6%,incompleto,descarte,10.26,10.65,10.26 - 10.65,9.43,9.52,9.43 - 9.52,Pérdida del soporte en 10.65 | ROE negativo durante 2 trimestres consecutivos | Ampliación de capital dilutiva | Recorte de rating a bono basura,6-12,"APA GROUP STAPLED [APA] está un 2.6% por debajo de su máximo 52s. Fundamentalmente débil con ROE 8.7%, deuda neta/EBITDA 6.1x. Técnicamente 🟢 Cerca de soporte, 🟢 base_pattern_detected. Clasificación: descarte.","APA GROUP STAPLED [APA] está un 2.6% por debajo de su máximo 52s. Fundamentalmente débil con ROE 8.7%, deuda neta/EBITDA 6.1x. Técnicamente 🟢 Cerca de soporte, 🟢 base_pattern_detected. Clasificación: descarte.",OK,
WOW.AX,WOOLWORTHS FPO [WOW],ASX,1.0,script-v2.0,1.0,2026-09-07T13:20:53.095629+02:00,28.3,29.4,63.0,0.0,0.0,9.0,25.0,19.0,6.0,2332701.0,4.3,-5.2,,18.43,2.1,1.7181,False,72.9,80.2,False,35.03,13.7,False,True,False,,pass,descarte,pendiente,0.0,desconocido,Pendiente de implementar,parcial,eps_stabilization (media): EPS 0.93 vs 0.78 (annual_eps_fallback) | debt_reduction (alta): Deuda 16477.0M vs 17385.0M | dividend_maintained (baja): Dividendo actual 2.44% con caída del 3.3%,incompleto,descarte,37.66,39.24,37.66 - 39.24,34.56,35.01,34.56 - 35.01,Pérdida del soporte en 37.66 | ROE negativo durante 2 trimestres consecutivos | Ampliación de capital dilutiva | Recorte de rating a bono basura,6-12,"WOOLWORTHS FPO [WOW] está un 3.3% por debajo de su máximo 52s. Fundamentalmente débil con ROE 23.3%, deuda neta/EBITDA 4.3x. Técnicamente 🟡 trendline_break. Clasificación: descarte.","WOOLWORTHS FPO [WOW] está un 3.3% por debajo de su máximo 52s. Fundamentalmente débil con ROE 23.3%, deuda neta/EBITDA 4.3x. Técnicamente 🟡 trendline_break. Clasificación: descarte.",OK,
DE,Deere & Company,SP500,1.0,script-v2.0,1.0,2026-09-07T13:20:31.638113+02:00,27.6,28.5,61.0,0.0,0.0,6.0,25.0,19.0,6.0,1227666.0,4.61,-24.5,-9.3,26.35,1.7,26.9021,False,90.2,93.1,False,570.41,21.6,False,True,False,,pass,descarte,pendiente,0.0,desconocido,Pendiente de implementar,parcial,debt_reduction (alta): Deuda 48473.0M vs 64162.0M | dividend_maintained (baja): Dividendo actual 0.93% con caída del 1.7%,incompleto,descarte,574.63,618.75,574.63 - 618.75,566.16,600.0,566.16 - 600.00,Pérdida del soporte en 574.63 | ROE negativo durante 2 trimestres consecutivos | Ampliación de capital dilutiva | Recorte de rating a bono basura,6-12,"Deere & Company está un 1.7% por debajo de su máximo 52s. Fundamentalmente débil con ROE 18.2%, deuda neta/EBITDA 4.6x. Técnicamente 🟡 trendline_break. Clasificación: descarte.","Deere & Company está un 1.7% por debajo de su máximo 52s. Fundamentalmente débil con ROE 18.2%, deuda neta/EBITDA 4.6x. Técnicamente 🟡 trendline_break. Clasificación: descarte.",OK,
8766.T,TOKIO MARINE HOLDINGS INC,ASIA,1.0,script-v2.0,1.0,2026-09-07T13:21:09.553262+02:00,24.8,24.7,53.0,0.0,0.0,1.0,25.0,19.0,6.0,5382801.0,-2.07,243.4,,13.61,6.4,336.0071,False,77.5,84.4,False,6870.55,15.3,False,True,False,No supera filtrado cuantitativo mínimo | Sin señales de recuperación,fail,descarte,pendiente,0.0,desconocido,Pendiente de implementar,ausente,dividend_maintained (baja): Dividendo actual 1.65% con caída del 6.4%,incompleto,descarte,7185.87,7695.92,7185.87 - 7695.92,6746.22,7197.8,6746.22 - 7197.80,Pérdida del soporte en 7185.87 | ROE negativo durante 2 trimestres consecutivos | Ampliación de capital dilutiva | Recorte de rating a bono basura,6-12,"TOKIO MARINE HOLDINGS INC está un 6.4% por debajo de su máximo 52s. Fundamentalmente débil con deuda neta/EBITDA -2.1x, dividendo 1.6%. Técnicamente 🟡 trendline_break. Clasificación: descarte.","TOKIO MARINE HOLDINGS INC está un 6.4% por debajo de su máximo 52s. Fundamentalmente débil con deuda neta/EBITDA -2.1x, dividendo 1.6%. Técnicamente 🟡 trendline_break. Clasificación: descarte.",OK,
LIN.DE,Linde plc                     R,EUROSTOXX,1.0,script-v2.0,1.0,2026-09-07T13:19:36.181664+02:00,21.9,8.5,0.0,16.0,0.0,4.0,62.0,45.0,17.0,14103.0,1.76,6.4,-0.7,16.2,13.9,0.7356,False,19.5,33.6,False,415.26,-1.0,True,False,False,No supera filtrado cuantitativo mínimo | Sin señales de recuperación,fail,descarte,pendiente,0.0,desconocido,Pendiente de implementar,ausente,eps_stabilization (media): EPS 4.15 vs 3.98 (Diluted EPS) | dividend_maintained (baja): Dividendo actual 1.51% con caída del 14.3%,razonable,descarte,390.45,411.0,390.45 - 411.00,407.49,411.33,407.49 - 411.33,Pérdida del soporte en 390.45 | ROE negativo durante 2 trimestres consecutivos | Ampliación de capital dilutiva | Recorte de rating a bono basura,6-12,"Linde plc                     R está un 14.3% por debajo de su máximo 52s. Fundamentalmente débil con deuda neta/EBITDA 1.8x, dividendo 1.5%. Técnicamente 🟢 Divergencia alcista RSI, 🟡 Apoyo en MA40 semanal. Clasificación: descarte.","Linde plc                     R está un 14.3% por debajo de su máximo 52s. Fundamentalmente débil con deuda neta/EBITDA 1.8x, dividendo 1.5%. Técnicamente 🟢 Divergencia alcista RSI, 🟡 Apoyo en MA40 semanal. Clasificación: descarte.",OK,
ROG.SW,,EUROSTOXX,1.0,script-v2.0,1.0,,,,,,,,,,,,,,,,,,,,,,,,,,False,,,,,,,,,,,,,,,,,,,,,,ERROR,Missing market price in yfinance info
