Ticker,Nombre,Mercado,Rules_Version,Model_Version,Config_Version,Evaluation_Timestamp,Score,Score_Cuantitativo,Score_Fundamental,Score_Valoracion,Score_Causal,Score_Recuperacion,Score_Tecnico,Score_Tecnico_Base,Score_Tecnico_Bonus,Vol_Medio_Diario,Net_Debt_EBITDA,Variacion_Deuda_Trimestral_%,Variacion_Margen_pp,EV_EBITDA,Caida_Max_Multianual_%,MACD_Semanal,MACD_Semanal_Giro,Estocastico_K,Estocastico_D,Estocastico_Giro,MA40_Semanal,Dist_MA40_Semanal_%,Base_Pattern_Detected,Trendline_Break,Paso_Filtro,hard_rules_applied,Capa1_Status,Base_Classification,Causal_Classification,Causal_Confidence,Problem_Type,Causal_Justification,Recovery_Status,Recovery_Signals,Technical_Status,Final_Classification,Entry_Zone_Min,Entry_Zone_Max,Entry_Zone,Exit_Zone_Min,Exit_Zone_Max,Exit_Zone,Invalidation_Conditions,Estimated_Horizon_Months,Short_Explanation,Summary_Explanation,Estado,Error
0700.HK,TENCENT,ASIA,1.0,script-v2.0,1.0,2026-09-26T12:41:00.583803+02:00,84.2,86.6,93.0,81.0,0.0,7.0,77.0,55.0,22.0,26987434.0,0.04,14.4,-0.7,13.57,35.3,-18.5716,True,39.6,44.3,False,489.24,-10.8,True,False,True,,pass,seguimiento,pendiente,0.0,desconocido,Pendiente de implementar,parcial,"margin_stabilization (media): Margen gross 57.8% vs 56.9% (+0.9 pp) | dividend_maintained (baja): Dividendo actual 1.21% con caída del 36.1% | analyst_upgrade (media): Target 662.67 vs precio 436.60 (+52%), recMean 1.39, recKey strong_buy",fuerte,seguimiento,435.96,436.6,435.96 - 436.60,499.07,580.55,499.07 - 580.55,Pérdida del soporte en 435.96 | ROE negativo durante 2 trimestres consecutivos | Ampliación de capital dilutiva | Recorte de rating a bono basura,12-18,"TENCENT está un 36.1% por debajo de su máximo 52s. Fundamentalmente sólida con ROE 19.9%, deuda neta/EBITDA 0.0x. Técnicamente 🟢 Cruce alcista MACD, 🟢 Cerca de soporte. Clasificación: seguimiento.","TENCENT está un 36.1% por debajo de su máximo 52s. Fundamentalmente sólida con ROE 19.9%, deuda neta/EBITDA 0.0x. Técnicamente 🟢 Cruce alcista MACD, 🟢 Cerca de soporte. Clasificación: seguimiento.",OK,
LOW,"Lowe's Companies, Inc.",SP500,1.0,script-v2.0,1.0,2026-09-26T12:39:46.237275+02:00,83.8,83.1,74.0,91.0,0.0,15.0,86.0,68.0,18.0,3059115.0,3.05,-1.2,-0.1,11.4,34.7,-10.102,False,12.1,11.9,True,230.89,-18.0,True,False,True,,pass,entrada_directa,pendiente,0.0,desconocido,Pendiente de implementar,confirmada,"margin_stabilization (media): Margen gross 33.0% vs 32.7% (+0.4 pp) | eps_stabilization (media): EPS 4.27 vs 2.90 (Diluted EPS) | debt_reduction (alta): Deuda 42031.0M vs 42540.0M | dividend_maintained (baja): Dividendo actual 2.64% con caída del 35.4% | analyst_upgrade (media): Target 251.09 vs precio 189.28 (+33%), recMean 1.86, recKey buy",fuerte,entrada_directa,188.22,189.28,188.22 - 189.28,231.32,249.1,231.32 - 249.10,Pérdida del soporte en 188.22 | ROE negativo durante 2 trimestres consecutivos | Ampliación de capital dilutiva | Recorte de rating a bono basura,12-18,"Lowe's Companies, Inc. está un 35.4% por debajo de su máximo 52s. Fundamentalmente sólida con deuda neta/EBITDA 3.0x, dividendo 2.6%. Técnicamente 🔵 RSI en sobreventa, 🟡 MACD convergiendo. Clasificación: entrada_directa.","Lowe's Companies, Inc. está un 35.4% por debajo de su máximo 52s. Fundamentalmente sólida con deuda neta/EBITDA 3.0x, dividendo 2.6%. Técnicamente 🔵 RSI en sobreventa, 🟡 MACD convergiendo. Clasificación: entrada_directa.",OK,
RI.PA,PERNOD RICARD,EUROSTOXX,1.0,script-v2.0,1.0,2026-09-26T12:38:57.030083+02:00,82.5,84.7,73.0,95.0,0.0,12.0,76.0,64.0,12.0,666045.0,4.07,-6.8,,10.13,53.0,-1.8428,False,4.8,15.0,False,66.02,-10.6,True,False,True,,pass,entrada_directa,pendiente,0.0,desconocido,Pendiente de implementar,confirmada,"eps_stabilization (media): EPS 6.45 vs 5.83 (annual_eps_fallback) | debt_reduction (alta): Deuda 12677.0M vs 13602.0M | dividend_maintained (baja): Dividendo actual 7.96% con caída del 34.6% | analyst_upgrade (media): Target 81.76 vs precio 59.04 (+38%), recMean 2.50, recKey buy",fuerte,entrada_directa,56.09,59.04,56.09 - 59.04,66.24,76.79,66.24 - 76.79,Pérdida del soporte en 56.09 | ROE negativo durante 2 trimestres consecutivos | Ampliación de capital dilutiva | Recorte de rating a bono basura,12-18,"PERNOD RICARD está un 34.6% por debajo de su máximo 52s. Fundamentalmente sólida con ROE 7.6%, deuda neta/EBITDA 4.1x. Técnicamente 🔵 RSI en sobreventa, 🟢 Cruce alcista MACD. Clasificación: entrada_directa.","PERNOD RICARD está un 34.6% por debajo de su máximo 52s. Fundamentalmente sólida con ROE 7.6%, deuda neta/EBITDA 4.1x. Técnicamente 🔵 RSI en sobreventa, 🟢 Cruce alcista MACD. Clasificación: entrada_directa.",OK,
HEI.DE,Heidelberg Materials AG       I,EUROSTOXX,1.0,script-v2.0,1.0,2026-09-26T12:38:45.918827+02:00,82.3,82.4,92.0,74.0,0.0,4.0,82.0,64.0,18.0,423467.0,1.91,46.9,,8.4,39.3,-9.4669,False,6.7,6.1,True,182.01,-20.9,True,False,True,Sin señales de recuperación,pass,seguimiento,pendiente,0.0,desconocido,Pendiente de implementar,ausente,"dividend_maintained (baja): Dividendo actual 2.50% con caída del 40.4% | analyst_upgrade (media): Target 210.20 vs precio 144.00 (+46%), recMean 2.00, recKey buy",fuerte,seguimiento,136.8,144.0,136.80 - 144.00,183.1,205.53,183.10 - 205.53,Pérdida del soporte en 136.80 | ROE negativo durante 2 trimestres consecutivos | Ampliación de capital dilutiva | Recorte de rating a bono basura,18-24,"Heidelberg Materials AG       I está un 40.4% por debajo de su máximo 52s. Fundamentalmente sólida con ROE 11.7%, deuda neta/EBITDA 1.9x. Técnicamente 🔵 RSI en sobreventa, 🟢 Divergencia alcista RSI. Clasificación: seguimiento.","Heidelberg Materials AG       I está un 40.4% por debajo de su máximo 52s. Fundamentalmente sólida con ROE 11.7%, deuda neta/EBITDA 1.9x. Técnicamente 🔵 RSI en sobreventa, 🟢 Divergencia alcista RSI. Clasificación: seguimiento.",OK,
MC.PA,LVMH,EUROSTOXX,1.0,script-v2.0,1.0,2026-09-26T12:38:54.640663+02:00,81.8,86.7,100.0,75.0,0.0,4.0,67.0,55.0,12.0,510637.0,1.24,1.1,,11.08,45.9,-24.3954,False,4.5,3.3,False,492.59,-19.4,True,False,True,Sin señales de recuperación,pass,seguimiento,pendiente,0.0,desconocido,Pendiente de implementar,ausente,"dividend_maintained (baja): Dividendo actual 3.28% con caída del 39.4% | analyst_upgrade (media): Target 541.35 vs precio 396.85 (+36%), recMean 1.92, recKey buy",razonable,seguimiento,377.01,396.85,377.01 - 396.85,496.11,556.5,496.11 - 556.50,Pérdida del soporte en 377.01 | ROE negativo durante 2 trimestres consecutivos | Ampliación de capital dilutiva | Recorte de rating a bono basura,12-18,"LVMH está un 39.4% por debajo de su máximo 52s. Fundamentalmente sólida con ROE 16.6%, deuda neta/EBITDA 1.2x. Técnicamente 🔵 RSI en sobreventa, 🟡 MACD convergiendo. Clasificación: seguimiento.","LVMH está un 39.4% por debajo de su máximo 52s. Fundamentalmente sólida con ROE 16.6%, deuda neta/EBITDA 1.2x. Técnicamente 🔵 RSI en sobreventa, 🟡 MACD convergiendo. Clasificación: seguimiento.",OK,
9022.T,CENTRAL JAPAN RAILWAY CO,ASIA,1.0,script-v2.0,1.0,2026-09-26T12:40:52.601095+02:00,81.5,79.7,77.0,82.0,0.0,4.0,87.0,64.0,23.0,2621191.0,4.28,11.6,,7.82,21.5,-20.7077,False,11.7,11.3,True,3968.9,-4.8,True,False,True,Sin señales de recuperación,pass,seguimiento,pendiente,0.0,desconocido,Pendiente de implementar,ausente,eps_stabilization (media): EPS 149.59 vs 147.88 (Diluted EPS) | dividend_maintained (baja): Dividendo actual 0.85% con caída del 21.8%,fuerte,seguimiento,3763.5,3778.0,3763.50 - 3778.00,4012.42,4105.5,4012.42 - 4105.50,Pérdida del soporte en 3763.50 | ROE negativo durante 2 trimestres consecutivos | Ampliación de capital dilutiva | Recorte de rating a bono basura,6-12,"CENTRAL JAPAN RAILWAY CO está un 21.8% por debajo de su máximo 52s. Fundamentalmente sólida con ROE 11.2%, deuda neta/EBITDA 4.3x. Técnicamente 🟡 MACD convergiendo, 🟢 Bajo SMA200 con SMA50 girando. Clasificación: seguimiento.","CENTRAL JAPAN RAILWAY CO está un 21.8% por debajo de su máximo 52s. Fundamentalmente sólida con ROE 11.2%, deuda neta/EBITDA 4.3x. Técnicamente 🟡 MACD convergiendo, 🟢 Bajo SMA200 con SMA50 girando. Clasificación: seguimiento.",OK,
EL.PA,ESSILORLUXOTTICA,EUROSTOXX,1.0,script-v2.0,1.0,2026-09-26T12:38:52.235153+02:00,81.0,76.3,79.0,74.0,0.0,4.0,95.0,73.0,22.0,718952.0,2.29,6.4,,13.71,54.5,-16.7511,True,39.7,54.6,False,193.3,-25.6,True,False,True,Sin señales de recuperación,pass,seguimiento,pendiente,0.0,desconocido,Pendiente de implementar,ausente,"dividend_maintained (baja): Dividendo actual 2.78% con caída del 55.6% | analyst_upgrade (media): Target 233.48 vs precio 143.90 (+62%), recMean 1.83, recKey buy",fuerte,seguimiento,138.3,143.9,138.30 - 143.90,195.87,275.23,195.87 - 275.23,Pérdida del soporte en 138.30 | ROE negativo durante 2 trimestres consecutivos | Ampliación de capital dilutiva | Recorte de rating a bono basura,18-24,"ESSILORLUXOTTICA está un 55.6% por debajo de su máximo 52s. Fundamentalmente sólida con ROE 6.7%, deuda neta/EBITDA 2.3x. Técnicamente 🔵 RSI recuperándose de sobreventa, 🟢 Cruce alcista MACD. Clasificación: seguimiento.","ESSILORLUXOTTICA está un 55.6% por debajo de su máximo 52s. Fundamentalmente sólida con ROE 6.7%, deuda neta/EBITDA 2.3x. Técnicamente 🔵 RSI recuperándose de sobreventa, 🟢 Cruce alcista MACD. Clasificación: seguimiento.",OK,
FMG.AX,FORTESCUE FPO [FMG],ASX,1.0,script-v2.0,1.0,2026-09-26T12:40:32.218923+02:00,80.2,82.7,96.0,71.0,0.0,1.0,73.0,61.0,12.0,6530309.0,0.1,9.0,,6.27,27.3,-0.7835,False,13.2,29.4,False,19.25,-14.9,True,False,True,Sin señales de recuperación,pass,seguimiento,pendiente,0.0,desconocido,Pendiente de implementar,ausente,dividend_maintained (baja): Dividendo actual 6.60% con caída del 30.0%,fuerte,seguimiento,15.55,16.37,15.55 - 16.37,19.38,19.87,19.38 - 19.87,Pérdida del soporte en 15.55 | ROE negativo durante 2 trimestres consecutivos | Ampliación de capital dilutiva | Recorte de rating a bono basura,12-18,"FORTESCUE FPO [FMG] está un 30.0% por debajo de su máximo 52s. Fundamentalmente sólida con ROE 14.2%, deuda neta/EBITDA 0.1x. Técnicamente 🟢 Divergencia alcista RSI, 🟢 Cruce alcista MACD. Clasificación: seguimiento.","FORTESCUE FPO [FMG] está un 30.0% por debajo de su máximo 52s. Fundamentalmente sólida con ROE 14.2%, deuda neta/EBITDA 0.1x. Técnicamente 🟢 Divergencia alcista RSI, 🟢 Cruce alcista MACD. Clasificación: seguimiento.",OK,
SCG.AX,SCENTRE STAPLED [SCG],ASX,1.0,script-v2.0,1.0,2026-09-26T12:40:38.786568+02:00,79.9,78.5,86.0,72.0,0.0,9.0,84.0,73.0,11.0,11128392.0,5.58,-16.4,,12.76,17.0,-0.0547,False,17.4,14.5,True,3.67,-8.0,False,False,True,,pass,seguimiento,pendiente,0.0,desconocido,Pendiente de implementar,parcial,eps_stabilization (media): EPS 0.34 vs 0.20 (annual_eps_fallback) | debt_reduction (alta): Deuda 14029.0M vs 16774.4M | dividend_maintained (baja): Dividendo actual 5.33% con caída del 20.8%,fuerte,seguimiento,3.21,3.38,3.21 - 3.38,3.63,3.69,3.63 - 3.69,Pérdida del soporte en 3.21 | ROE negativo durante 2 trimestres consecutivos | Ampliación de capital dilutiva | Recorte de rating a bono basura,6-12,"SCENTRE STAPLED [SCG] está un 20.8% por debajo de su máximo 52s. Fundamentalmente sólida con ROE 10.4%, deuda neta/EBITDA 5.6x. Técnicamente 🔵 RSI en sobreventa, 🟢 Divergencia alcista RSI. Clasificación: seguimiento.","SCENTRE STAPLED [SCG] está un 20.8% por debajo de su máximo 52s. Fundamentalmente sólida con ROE 10.4%, deuda neta/EBITDA 5.6x. Técnicamente 🔵 RSI en sobreventa, 🟢 Divergencia alcista RSI. Clasificación: seguimiento.",OK,
ORA.PA,ORANGE,EUROSTOXX,1.0,script-v2.0,1.0,2026-09-26T12:38:56.616943+02:00,78.7,78.2,83.0,74.0,0.0,4.0,80.0,68.0,12.0,4957679.0,3.74,654.5,,7.13,22.8,-0.3167,False,10.0,5.8,False,16.3,-13.1,True,False,True,Sin señales de recuperación,pass,seguimiento,pendiente,0.0,desconocido,Pendiente de implementar,ausente,"dividend_maintained (baja): Dividendo actual 5.30% con caída del 24.7% | analyst_upgrade (media): Target 19.04 vs precio 14.16 (+34%), recMean 2.00, recKey buy",fuerte,seguimiento,13.45,14.16,13.45 - 14.16,15.98,16.25,15.98 - 16.25,Pérdida del soporte en 13.45 | ROE negativo durante 2 trimestres consecutivos | Ampliación de capital dilutiva | Recorte de rating a bono basura,6-12,"ORANGE está un 24.7% por debajo de su máximo 52s. Fundamentalmente sólida con ROE 14.2%, deuda neta/EBITDA 3.7x. Técnicamente 🔵 RSI en sobreventa, 🟢 Divergencia alcista RSI. Clasificación: seguimiento.","ORANGE está un 24.7% por debajo de su máximo 52s. Fundamentalmente sólida con ROE 14.2%, deuda neta/EBITDA 3.7x. Técnicamente 🔵 RSI en sobreventa, 🟢 Divergencia alcista RSI. Clasificación: seguimiento.",OK,
PEP,"Pepsico, Inc.",SP500,1.0,script-v2.0,1.0,2026-09-26T12:39:35.830335+02:00,78.5,74.3,78.0,71.0,0.0,4.0,91.0,73.0,18.0,8411690.0,2.25,0.9,0.1,11.56,22.7,-3.5909,False,14.3,11.6,True,145.04,-11.3,True,False,True,Sin señales de recuperación,pass,seguimiento,pendiente,0.0,desconocido,Pendiente de implementar,ausente,eps_stabilization (media): EPS 2.18 vs 1.70 (Diluted EPS) | dividend_maintained (baja): Dividendo actual 4.60% con caída del 25.0%,fuerte,seguimiento,127.98,128.63,127.98 - 128.63,144.99,145.76,144.99 - 145.76,Pérdida del soporte en 127.98 | ROE negativo durante 2 trimestres consecutivos | Ampliación de capital dilutiva | Recorte de rating a bono basura,12-18,"Pepsico, Inc. está un 25.0% por debajo de su máximo 52s. Fundamentalmente sólida con ROE 51.5%, deuda neta/EBITDA 2.2x. Técnicamente 🔵 RSI en sobreventa, 🟢 Divergencia alcista RSI. Clasificación: seguimiento.","Pepsico, Inc. está un 25.0% por debajo de su máximo 52s. Fundamentalmente sólida con ROE 51.5%, deuda neta/EBITDA 2.2x. Técnicamente 🔵 RSI en sobreventa, 🟢 Divergencia alcista RSI. Clasificación: seguimiento.",OK,
SGO.PA,SAINT GOBAIN,EUROSTOXX,1.0,script-v2.0,1.0,2026-09-26T12:38:57.361555+02:00,78.5,81.7,95.0,70.0,0.0,12.0,69.0,64.0,5.0,951656.0,1.75,-2.6,,7.04,31.2,-1.4228,False,24.6,25.2,False,77.4,-9.8,False,False,True,,pass,entrada_escalada,pendiente,0.0,desconocido,Pendiente de implementar,confirmada,"eps_stabilization (media): EPS 5.78 vs 5.64 (annual_eps_fallback) | debt_reduction (alta): Deuda 17270.0M vs 17729.0M | dividend_maintained (baja): Dividendo actual 3.29% con caída del 27.0% | analyst_upgrade (media): Target 97.66 vs precio 69.82 (+40%), recMean 1.94, recKey buy",razonable,entrada_escalada,66.33,69.82,66.33 - 69.82,77.47,81.26,77.47 - 81.26,Pérdida del soporte en 66.33 | ROE negativo durante 2 trimestres consecutivos | Ampliación de capital dilutiva | Recorte de rating a bono basura,12-18,"SAINT GOBAIN está un 27.0% por debajo de su máximo 52s. Fundamentalmente sólida con ROE 11.0%, deuda neta/EBITDA 1.8x. Técnicamente 🔵 RSI en sobreventa, 🟢 Cruce alcista MACD. Clasificación: entrada_escalada.","SAINT GOBAIN está un 27.0% por debajo de su máximo 52s. Fundamentalmente sólida con ROE 11.0%, deuda neta/EBITDA 1.8x. Técnicamente 🔵 RSI en sobreventa, 🟢 Cruce alcista MACD. Clasificación: entrada_escalada.",OK,
BMW.DE,BAYERISCHE MOTOREN WERKE AG   S,EUROSTOXX,1.0,script-v2.0,1.0,2026-09-26T12:38:36.538389+02:00,77.2,76.2,57.0,93.0,0.0,4.0,80.0,68.0,12.0,1559844.0,7.33,36.6,-2.4,9.9,39.8,-4.1701,False,4.4,3.6,False,71.66,-22.2,True,False,True,Sin señales de recuperación,pass,seguimiento,pendiente,0.0,desconocido,Pendiente de implementar,ausente,"dividend_maintained (baja): Dividendo actual 7.90% con caída del 43.1% | analyst_upgrade (media): Target 72.72 vs precio 55.72 (+31%), recMean 2.45, recKey buy",fuerte,seguimiento,52.93,55.72,52.93 - 55.72,72.08,83.23,72.08 - 83.23,Pérdida del soporte en 52.93 | ROE negativo durante 2 trimestres consecutivos | Ampliación de capital dilutiva | Recorte de rating a bono basura,18-24,"BAYERISCHE MOTOREN WERKE AG   S está un 43.1% por debajo de su máximo 52s. Fundamentalmente sólida con ROE 6.6%, deuda neta/EBITDA 7.3x. Técnicamente 🔵 RSI en sobreventa, 🟢 Divergencia alcista RSI. Clasificación: seguimiento.","BAYERISCHE MOTOREN WERKE AG   S está un 43.1% por debajo de su máximo 52s. Fundamentalmente sólida con ROE 6.6%, deuda neta/EBITDA 7.3x. Técnicamente 🔵 RSI en sobreventa, 🟢 Divergencia alcista RSI. Clasificación: seguimiento.",OK,
3382.T,SEVEN & I HOLDINGS CO LTD,ASIA,1.0,script-v2.0,1.0,2026-09-26T12:40:53.781127+02:00,77.1,78.8,82.0,76.0,0.0,4.0,72.0,55.0,17.0,8787863.0,3.32,,,8.12,22.2,5.3132,False,35.1,37.8,False,2034.66,-1.4,True,False,True,Sin señales de recuperación,pass,seguimiento,pendiente,0.0,desconocido,Pendiente de implementar,ausente,eps_stabilization (media): EPS 26.21 vs 18.96 (Diluted EPS) | dividend_maintained (baja): Dividendo actual 2.99% con caída del 17.0%,fuerte,seguimiento,1956.22,2005.5,1956.22 - 2005.50,2038.21,2054.45,2038.21 - 2054.45,Pérdida del soporte en 1956.22 | ROE negativo durante 2 trimestres consecutivos | Ampliación de capital dilutiva | Recorte de rating a bono basura,6-12,"SEVEN & I HOLDINGS CO LTD está un 17.0% por debajo de su máximo 52s. Fundamentalmente sólida con ROE 8.0%, deuda neta/EBITDA 3.3x. Técnicamente 🟢 Cruce alcista MACD, 🟢 Cerca de soporte. Clasificación: seguimiento.","SEVEN & I HOLDINGS CO LTD está un 17.0% por debajo de su máximo 52s. Fundamentalmente sólida con ROE 8.0%, deuda neta/EBITDA 3.3x. Técnicamente 🟢 Cruce alcista MACD, 🟢 Cerca de soporte. Clasificación: seguimiento.",OK,
DG.PA,VINCI,EUROSTOXX,1.0,script-v2.0,1.0,2026-09-26T12:38:50.977725+02:00,76.8,78.3,89.0,69.0,0.0,7.0,72.0,55.0,17.0,848587.0,2.02,9.7,,7.13,19.9,-3.1247,False,34.7,26.5,False,122.94,-9.5,True,False,True,,pass,seguimiento,pendiente,0.0,desconocido,Pendiente de implementar,parcial,"eps_stabilization (media): EPS 8.65 vs 8.43 (annual_eps_fallback) | dividend_maintained (baja): Dividendo actual 4.54% con caída del 22.2% | analyst_upgrade (media): Target 143.38 vs precio 111.30 (+29%), recMean 1.90, recKey buy",fuerte,seguimiento,110.47,111.3,110.47 - 111.30,121.68,122.82,121.68 - 122.82,Pérdida del soporte en 110.47 | ROE negativo durante 2 trimestres consecutivos | Ampliación de capital dilutiva | Recorte de rating a bono basura,6-12,"VINCI está un 22.2% por debajo de su máximo 52s. Fundamentalmente sólida con ROE 16.3%, deuda neta/EBITDA 2.0x. Técnicamente 🟢 Divergencia alcista RSI, 🟢 Cerca de soporte. Clasificación: seguimiento.","VINCI está un 22.2% por debajo de su máximo 52s. Fundamentalmente sólida con ROE 16.3%, deuda neta/EBITDA 2.0x. Técnicamente 🟢 Divergencia alcista RSI, 🟢 Cerca de soporte. Clasificación: seguimiento.",OK,
035420.KS,NAVER,ASIA,1.0,script-v2.0,1.0,2026-09-26T12:41:04.535680+02:00,76.6,81.4,75.0,87.0,0.0,10.0,62.0,50.0,12.0,998602.0,-1.11,15.6,0.0,9.03,36.0,-5605.0563,False,2.7,10.5,False,222368.77,-12.4,True,False,True,,pass,seguimiento,pendiente,0.0,desconocido,Pendiente de implementar,parcial,"margin_stabilization (media): Margen gross 100.0% vs 100.0% (+0.0 pp) | eps_stabilization (media): EPS 4635.00 vs 1864.00 (Diluted EPS) | dividend_maintained (baja): Dividendo actual 1.35% con caída del 36.0% | analyst_upgrade (media): Target 297423.06 vs precio 194700.00 (+53%), recMean 1.65, recKey buy",razonable,seguimiento,182800.0,194700.0,182800.00 - 194700.00,223522.46,258400.0,223522.46 - 258400.00,Pérdida del soporte en 182800.00 | ROE negativo durante 2 trimestres consecutivos | Ampliación de capital dilutiva | Recorte de rating a bono basura,12-18,"NAVER está un 36.0% por debajo de su máximo 52s. Fundamentalmente sólida con ROE 6.4%, deuda neta/EBITDA -1.1x. Técnicamente 🟢 Divergencia alcista RSI, 🟢 Bajo SMA200 con SMA50 girando. Clasificación: seguimiento.","NAVER está un 36.0% por debajo de su máximo 52s. Fundamentalmente sólida con ROE 6.4%, deuda neta/EBITDA -1.1x. Técnicamente 🟢 Divergencia alcista RSI, 🟢 Bajo SMA200 con SMA50 girando. Clasificación: seguimiento.",OK,
RIO.L,RIO TINTO PLC ORD 10P,EUROSTOXX,1.0,script-v2.0,1.0,2026-09-26T12:39:28.115525+02:00,76.5,77.6,100.0,58.0,0.0,6.0,73.0,56.0,17.0,2851380.0,0.58,-2.8,,5.88,22.2,136.0288,False,6.0,8.7,False,7098.4,-0.1,True,False,True,,pass,seguimiento,pendiente,0.0,desconocido,Pendiente de implementar,parcial,debt_reduction (alta): Deuda 22852.0M vs 23517.0M | dividend_maintained (baja): Dividendo actual 0.05% con caída del 22.3%,fuerte,seguimiento,6682.61,7088.0,6682.61 - 7088.00,7070.88,7749.45,7070.88 - 7749.45,Pérdida del soporte en 6682.61 | ROE negativo durante 2 trimestres consecutivos | Ampliación de capital dilutiva | Recorte de rating a bono basura,6-12,"RIO TINTO PLC ORD 10P está un 22.3% por debajo de su máximo 52s. Fundamentalmente sólida con ROE 19.3%, deuda neta/EBITDA 0.6x. Técnicamente 🟢 Divergencia alcista RSI, 🟡 MACD convergiendo. Clasificación: seguimiento.","RIO TINTO PLC ORD 10P está un 22.3% por debajo de su máximo 52s. Fundamentalmente sólida con ROE 19.3%, deuda neta/EBITDA 0.6x. Técnicamente 🟢 Divergencia alcista RSI, 🟡 MACD convergiendo. Clasificación: seguimiento.",OK,
0016.HK,SHK PPT,ASIA,1.0,script-v2.0,1.0,2026-09-26T12:40:56.194381+02:00,76.3,77.5,86.0,70.0,0.0,7.0,73.0,61.0,12.0,5034859.0,2.47,,,14.16,27.6,-2.6872,False,10.6,15.9,False,123.38,-13.2,True,False,True,,pass,seguimiento,pendiente,0.0,desconocido,Pendiente de implementar,parcial,"eps_stabilization (media): EPS 7.39 vs 6.65 (annual_eps_fallback) | dividend_maintained (baja): Dividendo actual 3.65% con caída del 28.0% | analyst_upgrade (media): Target 142.99 vs precio 107.10 (+34%), recMean 1.77, recKey buy",fuerte,seguimiento,106.1,107.1,106.10 - 107.10,121.47,126.48,121.47 - 126.48,Pérdida del soporte en 106.10 | ROE negativo durante 2 trimestres consecutivos | Ampliación de capital dilutiva | Recorte de rating a bono basura,12-18,"SHK PPT está un 28.0% por debajo de su máximo 52s. Fundamentalmente sólida con ROE 3.5%, deuda neta/EBITDA 2.5x. Técnicamente 🟢 Divergencia alcista RSI, 🟡 MACD convergiendo. Clasificación: seguimiento.","SHK PPT está un 28.0% por debajo de su máximo 52s. Fundamentalmente sólida con ROE 3.5%, deuda neta/EBITDA 2.5x. Técnicamente 🟢 Divergencia alcista RSI, 🟡 MACD convergiendo. Clasificación: seguimiento.",OK,
7203.T,TOYOTA MOTOR CORP,ASIA,1.0,script-v2.0,1.0,2026-09-26T12:40:42.333376+02:00,76.2,77.7,75.0,80.0,0.0,10.0,72.0,55.0,17.0,28788078.0,5.46,1.7,0.1,11.95,24.1,-20.8593,False,20.6,19.4,False,3172.42,-5.8,True,False,True,,pass,seguimiento,pendiente,0.0,desconocido,Pendiente de implementar,parcial,"margin_stabilization (media): Margen gross 18.0% vs 15.1% (+2.9 pp) | eps_stabilization (media): EPS 120.69 vs 64.56 (Diluted EPS) | dividend_maintained (baja): Dividendo actual 3.35% con caída del 25.3% | analyst_upgrade (media): Target 3698.63 vs precio 2989.50 (+24%), recMean 1.74, recKey buy",fuerte,seguimiento,2834.6,2989.5,2834.60 - 2989.50,3163.7,3400.0,3163.70 - 3400.00,Pérdida del soporte en 2834.60 | ROE negativo durante 2 trimestres consecutivos | Ampliación de capital dilutiva | Recorte de rating a bono basura,12-18,"TOYOTA MOTOR CORP está un 25.3% por debajo de su máximo 52s. Fundamentalmente sólida con ROE 12.4%, deuda neta/EBITDA 5.5x. Técnicamente 🟡 MACD convergiendo, 🟢 Bajo SMA200 con SMA50 girando. Clasificación: seguimiento.","TOYOTA MOTOR CORP está un 25.3% por debajo de su máximo 52s. Fundamentalmente sólida con ROE 12.4%, deuda neta/EBITDA 5.5x. Técnicamente 🟡 MACD convergiendo, 🟢 Bajo SMA200 con SMA50 girando. Clasificación: seguimiento.",OK,
AD.AS,KONINKLIJKE AHOLD DELHAIZE N.V.,EUROSTOXX,1.0,script-v2.0,1.0,2026-09-26T12:39:07.927930+02:00,74.5,76.1,83.0,70.0,0.0,7.0,70.0,48.0,22.0,2518367.0,2.98,256.9,-0.0,8.13,22.9,-1.3796,True,61.4,47.3,False,35.47,-10.5,True,False,True,,pass,seguimiento,pendiente,0.0,desconocido,Pendiente de implementar,parcial,"margin_stabilization (media): Margen gross 26.4% vs 26.8% (-0.4 pp) | dividend_maintained (baja): Dividendo actual 3.90% con caída del 25.3% | analyst_upgrade (media): Target 38.58 vs precio 31.76 (+21%), recMean 2.47, recKey buy",fuerte,seguimiento,30.96,31.76,30.96 - 31.76,35.39,36.16,35.39 - 36.16,Pérdida del soporte en 30.96 | ROE negativo durante 2 trimestres consecutivos | Ampliación de capital dilutiva | Recorte de rating a bono basura,12-18,"KONINKLIJKE AHOLD DELHAIZE N.V. está un 25.3% por debajo de su máximo 52s. Fundamentalmente sólida con ROE 15.7%, deuda neta/EBITDA 3.0x. Técnicamente 🟢 Divergencia alcista RSI, 🟢 Cerca de soporte. Clasificación: seguimiento.","KONINKLIJKE AHOLD DELHAIZE N.V. está un 25.3% por debajo de su máximo 52s. Fundamentalmente sólida con ROE 15.7%, deuda neta/EBITDA 3.0x. Técnicamente 🟢 Divergencia alcista RSI, 🟢 Cerca de soporte. Clasificación: seguimiento.",OK,
MCD,McDonald's Corporation,SP500,1.0,script-v2.0,1.0,2026-09-26T12:39:47.844250+02:00,74.3,74.7,79.0,71.0,0.0,15.0,73.0,61.0,12.0,4893667.0,3.6,-0.5,0.0,14.81,29.4,-11.9225,False,10.1,12.5,False,286.97,-17.6,True,False,True,,pass,entrada_directa,pendiente,0.0,desconocido,Pendiente de implementar,confirmada,"margin_stabilization (media): Margen gross 58.0% vs 55.9% (+2.1 pp) | eps_stabilization (media): EPS 3.32 vs 2.78 (Diluted EPS) | debt_reduction (alta): Deuda 54604.0M vs 54881.0M | dividend_maintained (baja): Dividendo actual 3.26% con caída del 30.8% | analyst_upgrade (media): Target 300.28 vs precio 236.50 (+27%), recMean 2.06, recKey buy",fuerte,entrada_directa,234.03,236.5,234.03 - 236.50,288.22,290.49,288.22 - 290.49,Pérdida del soporte en 234.03 | ROE negativo durante 2 trimestres consecutivos | Ampliación de capital dilutiva | Recorte de rating a bono basura,12-18,"McDonald's Corporation está un 30.8% por debajo de su máximo 52s. Fundamentalmente sólida con deuda neta/EBITDA 3.6x, dividendo 3.3%. Técnicamente 🔵 RSI en sobreventa, 🟢 Volumen creciente. Clasificación: entrada_directa.","McDonald's Corporation está un 30.8% por debajo de su máximo 52s. Fundamentalmente sólida con deuda neta/EBITDA 3.6x, dividendo 3.3%. Técnicamente 🔵 RSI en sobreventa, 🟢 Volumen creciente. Clasificación: entrada_directa.",OK,
CAP.PA,CAPGEMINI,EUROSTOXX,1.0,script-v2.0,1.0,2026-09-26T12:38:49.963498+02:00,73.7,84.9,95.0,76.0,0.0,4.0,40.0,23.0,17.0,596364.0,2.56,7.7,,8.28,44.8,-0.3143,False,37.4,39.9,False,105.7,-1.1,True,False,True,Sin señales de recuperación,pass,seguimiento,pendiente,0.0,desconocido,Pendiente de implementar,ausente,"dividend_maintained (baja): Dividendo actual 3.25% con caída del 31.7% | analyst_upgrade (media): Target 140.51 vs precio 104.50 (+34%), recMean 1.76, recKey buy",incompleto,seguimiento,96.86,104.5,96.86 - 104.50,106.77,130.09,106.77 - 130.09,Pérdida del soporte en 96.86 | ROE negativo durante 2 trimestres consecutivos | Ampliación de capital dilutiva | Recorte de rating a bono basura,12-18,"CAPGEMINI está un 31.7% por debajo de su máximo 52s. Fundamentalmente sólida con ROE 12.2%, deuda neta/EBITDA 2.6x. Técnicamente 🟡 Apoyo en MA40 semanal, 🟢 base_pattern_detected. Clasificación: seguimiento.","CAPGEMINI está un 31.7% por debajo de su máximo 52s. Fundamentalmente sólida con ROE 12.2%, deuda neta/EBITDA 2.6x. Técnicamente 🟡 Apoyo en MA40 semanal, 🟢 base_pattern_detected. Clasificación: seguimiento.",OK,
GIS,"General Mills, Inc.",SP500,1.0,script-v2.0,1.0,2026-09-26T12:40:17.742131+02:00,73.6,79.1,70.0,87.0,0.0,12.0,57.0,45.0,12.0,9737579.0,3.86,-2.5,0.1,9.13,50.4,-0.5526,False,0.8,10.1,False,38.02,-11.5,True,False,True,,pass,entrada_escalada,pendiente,0.0,desconocido,Pendiente de implementar,confirmada,margin_stabilization (media): Margen gross 34.8% vs 30.8% (+4.0 pp) | eps_stabilization (media): EPS 0.74 vs -3.74 (Diluted EPS) | debt_reduction (alta): Deuda 13615.6M vs 13967.7M | dividend_maintained (baja): Dividendo actual 7.25% con caída del 34.4%,razonable,entrada_escalada,31.96,33.64,31.96 - 33.64,38.29,43.57,38.29 - 43.57,Pérdida del soporte en 31.96 | ROE negativo durante 2 trimestres consecutivos | Ampliación de capital dilutiva | Recorte de rating a bono basura,12-18,"General Mills, Inc. está un 34.4% por debajo de su máximo 52s. Fundamentalmente sólida con ROE -10.5%, deuda neta/EBITDA 3.9x. Técnicamente 🔵 RSI en sobreventa, 🟢 base_pattern_detected. Clasificación: entrada_escalada.","General Mills, Inc. está un 34.4% por debajo de su máximo 52s. Fundamentalmente sólida con ROE -10.5%, deuda neta/EBITDA 3.9x. Técnicamente 🔵 RSI en sobreventa, 🟢 base_pattern_detected. Clasificación: entrada_escalada.",OK,
MGR.AX,MIRVAC GRP STAPLED [MGR],ASX,1.0,script-v2.0,1.0,2026-09-26T12:40:39.402513+02:00,73.2,79.3,82.0,77.0,0.0,12.0,55.0,38.0,17.0,12658036.0,4.12,-13.4,,11.85,26.7,-0.0116,False,8.5,16.9,False,1.78,-3.9,True,False,True,,pass,entrada_escalada,pendiente,0.0,desconocido,Pendiente de implementar,confirmada,"eps_stabilization (media): EPS 0.02 vs -0.20 (annual_eps_fallback) | debt_reduction (alta): Deuda 3934.0M vs 4544.0M | dividend_maintained (baja): Dividendo actual 5.83% con caída del 30.3% | analyst_upgrade (media): Target 2.12 vs precio 1.72 (+24%), recKey none",razonable,entrada_escalada,1.68,1.72,1.68 - 1.72,1.79,2.09,1.79 - 2.09,Pérdida del soporte en 1.68 | ROE negativo durante 2 trimestres consecutivos | Ampliación de capital dilutiva | Recorte de rating a bono basura,12-18,"MIRVAC GRP STAPLED [MGR] está un 30.3% por debajo de su máximo 52s. Fundamentalmente sólida con ROE 7.4%, deuda neta/EBITDA 4.1x. Técnicamente 🟢 Cerca de soporte, 🟡 Apoyo en MA40 semanal. Clasificación: entrada_escalada.","MIRVAC GRP STAPLED [MGR] está un 30.3% por debajo de su máximo 52s. Fundamentalmente sólida con ROE 7.4%, deuda neta/EBITDA 4.1x. Técnicamente 🟢 Cerca de soporte, 🟡 Apoyo en MA40 semanal. Clasificación: entrada_escalada.",OK,
NEE,"NextEra Energy, Inc.",SP500,1.0,script-v2.0,1.0,2026-09-26T12:40:09.083762+02:00,73.2,76.5,84.0,70.0,0.0,10.0,63.0,45.0,18.0,10927379.0,7.35,5.5,0.2,18.98,21.8,-1.7421,False,7.8,3.3,True,86.73,-12.3,True,False,True,,pass,seguimiento,pendiente,0.0,desconocido,Pendiente de implementar,parcial,"margin_stabilization (media): Margen gross 62.4% vs 58.9% (+3.5 pp) | eps_stabilization (media): EPS 1.50 vs 1.04 (Diluted EPS) | dividend_maintained (baja): Dividendo actual 3.27% con caída del 23.0% | analyst_upgrade (media): Target 98.74 vs precio 76.08 (+30%), recMean 1.90, recKey buy",razonable,seguimiento,72.28,76.08,72.28 - 76.08,83.94,86.4,83.94 - 86.40,Pérdida del soporte en 72.28 | ROE negativo durante 2 trimestres consecutivos | Ampliación de capital dilutiva | Recorte de rating a bono basura,6-12,"NextEra Energy, Inc. está un 23.0% por debajo de su máximo 52s. Fundamentalmente sólida con ROE 11.7%, deuda neta/EBITDA 7.3x. Técnicamente 🔵 RSI en sobreventa, 🟢 Estocástico sale de sobreventa. Clasificación: seguimiento.","NextEra Energy, Inc. está un 23.0% por debajo de su máximo 52s. Fundamentalmente sólida con ROE 11.7%, deuda neta/EBITDA 7.3x. Técnicamente 🔵 RSI en sobreventa, 🟢 Estocástico sale de sobreventa. Clasificación: seguimiento.",OK,
IP,International Paper Company,SP500,1.0,script-v2.0,1.0,2026-09-26T12:40:20.574735+02:00,72.3,73.5,66.0,80.0,0.0,4.0,69.0,52.0,17.0,4911360.0,2.33,3.8,-0.1,7.05,37.4,-0.2517,False,38.7,41.1,False,37.5,-6.6,True,False,True,Sin señales de recuperación,pass,seguimiento,pendiente,0.0,desconocido,Pendiente de implementar,ausente,"dividend_maintained (baja): Dividendo actual 5.28% con caída del 30.3% | analyst_upgrade (media): Target 47.91 vs precio 35.02 (+37%), recMean 1.58, recKey buy",razonable,seguimiento,31.36,35.02,31.36 - 35.02,37.37,42.71,37.37 - 42.71,Pérdida del soporte en 31.36 | ROE negativo durante 2 trimestres consecutivos | Ampliación de capital dilutiva | Recorte de rating a bono basura,12-18,"International Paper Company está un 30.3% por debajo de su máximo 52s. Fundamentalmente sólida con ROE -16.5%, deuda neta/EBITDA 2.3x. Técnicamente 🟢 Cruce alcista MACD, 🟡 Apoyo en MA40 semanal. Clasificación: seguimiento.","International Paper Company está un 30.3% por debajo de su máximo 52s. Fundamentalmente sólida con ROE -16.5%, deuda neta/EBITDA 2.3x. Técnicamente 🟢 Cruce alcista MACD, 🟡 Apoyo en MA40 semanal. Clasificación: seguimiento.",OK,
BATS.L,BRITISH AMERICAN TOBACCO PLC OR,EUROSTOXX,1.0,script-v2.0,1.0,2026-09-26T12:39:32.168018+02:00,71.5,73.6,88.0,61.0,0.0,12.0,65.0,48.0,17.0,3394353.0,2.9,-0.0,,11.01,22.1,-61.4328,False,60.1,72.3,False,4393.45,-4.9,True,False,True,,pass,entrada_escalada,pendiente,0.0,desconocido,Pendiente de implementar,confirmada,"eps_stabilization (media): EPS 3.49 vs 1.36 (annual_eps_fallback) | debt_reduction (alta): Deuda 35063.0M vs 35070.0M | dividend_maintained (baja): Dividendo actual 0.06% con caída del 22.1% | analyst_upgrade (media): Target 5146.15 vs precio 4180.00 (+23%), recMean 1.69, recKey buy",razonable,entrada_escalada,4126.76,4180.0,4126.76 - 4180.00,4386.58,4562.8,4386.58 - 4562.80,Pérdida del soporte en 4126.76 | ROE negativo durante 2 trimestres consecutivos | Ampliación de capital dilutiva | Recorte de rating a bono basura,6-12,"BRITISH AMERICAN TOBACCO PLC OR está un 22.1% por debajo de su máximo 52s. Fundamentalmente sólida con ROE 13.4%, deuda neta/EBITDA 2.9x. Técnicamente 🟢 Divergencia alcista RSI, 🟢 Cerca de soporte. Clasificación: entrada_escalada.","BRITISH AMERICAN TOBACCO PLC OR está un 22.1% por debajo de su máximo 52s. Fundamentalmente sólida con ROE 13.4%, deuda neta/EBITDA 2.9x. Técnicamente 🟢 Divergencia alcista RSI, 🟢 Cerca de soporte. Clasificación: entrada_escalada.",OK,
Z74.SI,Singtel,ASIA,1.0,script-v2.0,1.0,2026-09-26T12:41:08.780373+02:00,71.1,67.8,87.0,51.0,0.0,7.0,81.0,64.0,17.0,26217539.0,2.32,2.5,,22.73,16.9,-0.0238,False,15.2,7.1,False,4.52,-5.4,True,False,True,,pass,seguimiento,pendiente,0.0,desconocido,Pendiente de implementar,parcial,"eps_stabilization (media): EPS 0.34 vs 0.24 (annual_eps_fallback) | dividend_maintained (baja): Dividendo actual 3.04% con caída del 18.8% | analyst_upgrade (media): Target 5.32 vs precio 4.28 (+24%), recMean 1.53, recKey buy",fuerte,seguimiento,4.28,4.28,4.28,4.48,4.53,4.48 - 4.53,Pérdida del soporte en 4.28 | ROE negativo durante 2 trimestres consecutivos | Ampliación de capital dilutiva | Recorte de rating a bono basura,6-12,"Singtel está un 18.8% por debajo de su máximo 52s. Fundamentalmente sólida con deuda neta/EBITDA 2.3x, dividendo 3.0%. Técnicamente 🟡 MACD convergiendo, 🟢 Bajo SMA200 con SMA50 girando. Clasificación: seguimiento.","Singtel está un 18.8% por debajo de su máximo 52s. Fundamentalmente sólida con deuda neta/EBITDA 2.3x, dividendo 3.0%. Técnicamente 🟡 MACD convergiendo, 🟢 Bajo SMA200 con SMA50 girando. Clasificación: seguimiento.",OK,
8002.T,MARUBENI CORP,ASIA,1.0,script-v2.0,1.0,2026-09-26T12:40:54.941467+02:00,71.1,67.8,95.0,44.0,0.0,4.0,81.0,58.0,23.0,4681258.0,3.96,0.5,,19.67,21.5,-27.9507,False,16.9,15.6,True,5238.41,-6.2,True,False,True,Sin señales de recuperación,pass,seguimiento,pendiente,0.0,desconocido,Pendiente de implementar,ausente,"dividend_maintained (baja): Dividendo actual 2.34% con caída del 22.3% | analyst_upgrade (media): Target 5993.64 vs precio 4916.00 (+22%), recMean 2.27, recKey buy",fuerte,seguimiento,4780.45,4916.0,4780.45 - 4916.00,5158.48,5378.8,5158.48 - 5378.80,Pérdida del soporte en 4780.45 | ROE negativo durante 2 trimestres consecutivos | Ampliación de capital dilutiva | Recorte de rating a bono basura,6-12,"MARUBENI CORP está un 22.3% por debajo de su máximo 52s. Fundamentalmente sólida con ROE 14.2%, deuda neta/EBITDA 4.0x. Técnicamente 🟢 Divergencia alcista RSI, 🟢 Volumen creciente. Clasificación: seguimiento.","MARUBENI CORP está un 22.3% por debajo de su máximo 52s. Fundamentalmente sólida con ROE 14.2%, deuda neta/EBITDA 4.0x. Técnicamente 🟢 Divergencia alcista RSI, 🟢 Volumen creciente. Clasificación: seguimiento.",OK,
VCX.AX,VICINITY STAPLED [VCX],ASX,1.0,script-v2.0,1.0,2026-09-26T12:40:39.857796+02:00,71.0,73.3,84.0,64.0,0.0,4.0,64.0,59.0,5.0,11396568.0,5.64,2.3,,17.91,14.8,-0.0127,False,8.3,8.5,False,2.45,-7.4,False,False,True,Sin señales de recuperación,pass,seguimiento,pendiente,0.0,desconocido,Pendiente de implementar,ausente,eps_stabilization (media): EPS 0.30 vs 0.22 (annual_eps_fallback) | dividend_maintained (baja): Dividendo actual 5.29% con caída del 16.8%,razonable,seguimiento,2.16,2.27,2.16 - 2.27,2.32,2.45,2.32 - 2.45,Pérdida del soporte en 2.16 | ROE negativo durante 2 trimestres consecutivos | Ampliación de capital dilutiva | Recorte de rating a bono basura,6-12,"VICINITY STAPLED [VCX] está un 16.8% por debajo de su máximo 52s. Fundamentalmente sólida con ROE 12.0%, deuda neta/EBITDA 5.6x. Técnicamente 🔵 RSI en sobreventa, 🟡 MACD convergiendo. Clasificación: seguimiento.","VICINITY STAPLED [VCX] está un 16.8% por debajo de su máximo 52s. Fundamentalmente sólida con ROE 12.0%, deuda neta/EBITDA 5.6x. Técnicamente 🔵 RSI en sobreventa, 🟡 MACD convergiendo. Clasificación: seguimiento.",OK,
DUK,Duke Energy Corporation (Holdin,SP500,1.0,script-v2.0,1.0,2026-09-26T12:40:08.207020+02:00,71.0,70.4,88.0,55.0,0.0,7.0,73.0,50.0,23.0,4056922.0,5.51,1.1,0.6,11.01,14.2,-1.4895,False,9.1,3.6,True,122.84,-7.7,True,False,True,,pass,seguimiento,pendiente,0.0,desconocido,Pendiente de implementar,parcial,"margin_stabilization (media): Margen gross 54.8% vs 48.8% (+6.0 pp) | dividend_maintained (baja): Dividendo actual 3.83% con caída del 15.7% | analyst_upgrade (media): Target 136.94 vs precio 113.35 (+21%), recMean 2.05, recKey buy",fuerte,seguimiento,107.68,113.35,107.68 - 113.35,114.32,122.32,114.32 - 122.32,Pérdida del soporte en 107.68 | ROE negativo durante 2 trimestres consecutivos | Ampliación de capital dilutiva | Recorte de rating a bono basura,6-12,"Duke Energy Corporation (Holdin está un 15.7% por debajo de su máximo 52s. Fundamentalmente sólida con ROE 9.9%, deuda neta/EBITDA 5.5x. Técnicamente 🔵 RSI en sobreventa, 🟢 Divergencia alcista RSI. Clasificación: seguimiento.","Duke Energy Corporation (Holdin está un 15.7% por debajo de su máximo 52s. Fundamentalmente sólida con ROE 9.9%, deuda neta/EBITDA 5.5x. Técnicamente 🔵 RSI en sobreventa, 🟢 Divergencia alcista RSI. Clasificación: seguimiento.",OK,
FDX,FedEx Corporation,SP500,1.0,script-v2.0,1.0,2026-09-26T12:40:00.932077+02:00,70.8,71.1,86.0,58.0,0.0,10.0,70.0,59.0,11.0,1646619.0,2.48,2.2,5.6,8.19,16.6,5.9828,False,16.3,5.8,True,299.11,-4.4,False,False,True,,pass,seguimiento,pendiente,0.0,desconocido,Pendiente de implementar,parcial,"margin_stabilization (media): Margen gross 22.7% vs 21.3% (+1.3 pp) | eps_stabilization (media): EPS 6.60 vs 4.41 (Diluted EPS) | dividend_maintained (baja): Dividendo actual 1.71% con caída del 17.2% | analyst_upgrade (media): Target 355.10 vs precio 285.85 (+24%), recMean 1.79, recKey buy",fuerte,seguimiento,271.56,285.85,271.56 - 285.85,293.56,295.37,293.56 - 295.37,Pérdida del soporte en 271.56 | ROE negativo durante 2 trimestres consecutivos | Ampliación de capital dilutiva | Recorte de rating a bono basura,6-12,"FedEx Corporation está un 17.2% por debajo de su máximo 52s. Fundamentalmente sólida con ROE 14.8%, deuda neta/EBITDA 2.5x. Técnicamente 🔵 RSI en sobreventa, 🟡 MACD convergiendo. Clasificación: seguimiento.","FedEx Corporation está un 17.2% por debajo de su máximo 52s. Fundamentalmente sólida con ROE 14.8%, deuda neta/EBITDA 2.5x. Técnicamente 🔵 RSI en sobreventa, 🟡 MACD convergiendo. Clasificación: seguimiento.",OK,
UPS,"United Parcel Service, Inc.",SP500,1.0,script-v2.0,1.0,2026-09-26T12:40:00.391813+02:00,70.8,71.5,88.0,57.0,0.0,4.0,69.0,64.0,5.0,4796143.0,1.99,0.0,5.9,8.61,26.6,-0.4404,False,20.3,13.2,False,102.89,-8.7,False,False,True,Sin señales de recuperación,pass,seguimiento,pendiente,0.0,desconocido,Pendiente de implementar,ausente,"dividend_maintained (baja): Dividendo actual 6.98% con caída del 23.2% | analyst_upgrade (media): Target 115.81 vs precio 93.96 (+23%), recMean 2.17, recKey buy",razonable,seguimiento,93.33,93.96,93.33 - 93.96,102.47,104.05,102.47 - 104.05,Pérdida del soporte en 93.33 | ROE negativo durante 2 trimestres consecutivos | Ampliación de capital dilutiva | Recorte de rating a bono basura,6-12,"United Parcel Service, Inc. está un 23.2% por debajo de su máximo 52s. Fundamentalmente sólida con ROE 29.6%, deuda neta/EBITDA 2.0x. Técnicamente 🔵 RSI recuperándose de sobreventa, 🟡 MACD convergiendo. Clasificación: seguimiento.","United Parcel Service, Inc. está un 23.2% por debajo de su máximo 52s. Fundamentalmente sólida con ROE 29.6%, deuda neta/EBITDA 2.0x. Técnicamente 🔵 RSI recuperándose de sobreventa, 🟡 MACD convergiendo. Clasificación: seguimiento.",OK,
ED,"Consolidated Edison, Inc.",SP500,1.0,script-v2.0,1.0,2026-09-26T12:39:45.823778+02:00,70.7,67.9,93.0,46.0,0.0,1.0,79.0,56.0,23.0,2150112.0,4.36,4.2,0.2,10.54,9.8,-0.0888,False,14.9,8.3,True,106.98,-3.6,True,False,True,Sin señales de recuperación,pass,seguimiento,pendiente,0.0,desconocido,Pendiente de implementar,ausente,dividend_maintained (baja): Dividendo actual 3.40% con caída del 11.3%,fuerte,seguimiento,97.94,103.1,97.94 - 103.10,98.8,106.33,98.80 - 106.33,Pérdida del soporte en 97.94 | ROE negativo durante 2 trimestres consecutivos | Ampliación de capital dilutiva | Recorte de rating a bono basura,6-12,"Consolidated Edison, Inc. está un 11.3% por debajo de su máximo 52s. Fundamentalmente sólida con ROE 9.0%, deuda neta/EBITDA 4.4x. Técnicamente 🟢 Divergencia alcista RSI, 🟡 MACD convergiendo. Clasificación: seguimiento.","Consolidated Edison, Inc. está un 11.3% por debajo de su máximo 52s. Fundamentalmente sólida con ROE 9.0%, deuda neta/EBITDA 4.4x. Técnicamente 🟢 Divergencia alcista RSI, 🟡 MACD convergiendo. Clasificación: seguimiento.",OK,
HD,"Home Depot, Inc. (The)",SP500,1.0,script-v2.0,1.0,2026-09-26T12:39:55.486759+02:00,70.0,62.3,73.0,53.0,0.0,10.0,93.0,75.0,18.0,4027714.0,2.48,0.0,-0.4,14.35,29.8,-8.4256,False,7.0,5.2,True,335.86,-12.7,True,False,True,,pass,seguimiento,pendiente,0.0,desconocido,Pendiente de implementar,parcial,"margin_stabilization (media): Margen gross 33.7% vs 33.0% (+0.7 pp) | eps_stabilization (media): EPS 4.79 vs 3.30 (Diluted EPS) | dividend_maintained (baja): Dividendo actual 3.18% con caída del 28.7% | analyst_upgrade (media): Target 377.19 vs precio 293.20 (+29%), recMean 1.94, recKey buy",fuerte,seguimiento,284.85,293.2,284.85 - 293.20,336.14,349.31,336.14 - 349.31,Pérdida del soporte en 284.85 | ROE negativo durante 2 trimestres consecutivos | Ampliación de capital dilutiva | Recorte de rating a bono basura,12-18,"Home Depot, Inc. (The) está un 28.7% por debajo de su máximo 52s. Fundamentalmente sólida con ROE 104.3%, deuda neta/EBITDA 2.5x. Técnicamente 🔵 RSI en sobreventa, 🟡 MACD convergiendo. Clasificación: seguimiento.","Home Depot, Inc. (The) está un 28.7% por debajo de su máximo 52s. Fundamentalmente sólida con ROE 104.3%, deuda neta/EBITDA 2.5x. Técnicamente 🔵 RSI en sobreventa, 🟡 MACD convergiendo. Clasificación: seguimiento.",OK,
HRL,Hormel Foods Corporation,SP500,1.0,script-v2.0,1.0,2026-09-26T12:40:16.516046+02:00,70.0,76.6,83.0,71.0,0.0,9.0,50.0,50.0,0.0,4427033.0,1.57,-0.0,0.0,10.16,36.8,-0.551,False,13.2,7.9,False,22.89,-13.9,False,False,True,,pass,seguimiento,pendiente,0.0,desconocido,Pendiente de implementar,parcial,"debt_reduction (alta): Deuda 2855.1M vs 2856.3M | dividend_maintained (baja): Dividendo actual 5.94% con caída del 25.9% | analyst_upgrade (media): Target 26.12 vs precio 19.71 (+33%), recMean 2.60, recKey hold",razonable,seguimiento,19.47,19.71,19.47 - 19.71,22.61,22.89,22.61 - 22.89,Pérdida del soporte en 19.47 | ROE negativo durante 2 trimestres consecutivos | Ampliación de capital dilutiva | Recorte de rating a bono basura,12-18,"Hormel Foods Corporation está un 25.9% por debajo de su máximo 52s. Fundamentalmente sólida con ROE 4.3%, deuda neta/EBITDA 1.6x. Técnicamente 🔵 RSI en sobreventa, 🟢 Cerca de soporte. Clasificación: seguimiento.","Hormel Foods Corporation está un 25.9% por debajo de su máximo 52s. Fundamentalmente sólida con ROE 4.3%, deuda neta/EBITDA 1.6x. Técnicamente 🔵 RSI en sobreventa, 🟢 Cerca de soporte. Clasificación: seguimiento.",OK,
HEIA.AS,HEINEKEN,EUROSTOXX,1.0,script-v2.0,1.0,2026-09-26T12:39:04.174134+02:00,69.8,70.0,94.0,49.0,0.0,7.0,69.0,64.0,5.0,763996.0,3.22,7.1,,10.68,11.8,0.5591,False,11.5,19.8,False,70.6,-0.0,False,False,True,,pass,seguimiento,pendiente,0.0,desconocido,Pendiente de implementar,parcial,"eps_stabilization (media): EPS 3.38 vs 1.74 (annual_eps_fallback) | dividend_maintained (baja): Dividendo actual 2.72% con caída del 12.3% | analyst_upgrade (media): Target 89.14 vs precio 70.58 (+26%), recMean 1.83, recKey buy",razonable,seguimiento,69.23,70.58,69.23 - 70.58,68.37,70.57,68.37 - 70.57,Pérdida del soporte en 69.23 | ROE negativo durante 2 trimestres consecutivos | Ampliación de capital dilutiva | Recorte de rating a bono basura,6-12,"HEINEKEN está un 12.3% por debajo de su máximo 52s. Fundamentalmente sólida con ROE 12.1%, deuda neta/EBITDA 3.2x. Técnicamente 🟢 Divergencia alcista RSI, 🟢 Cruce alcista MACD. Clasificación: seguimiento.","HEINEKEN está un 12.3% por debajo de su máximo 52s. Fundamentalmente sólida con ROE 12.1%, deuda neta/EBITDA 3.2x. Técnicamente 🟢 Divergencia alcista RSI, 🟢 Cruce alcista MACD. Clasificación: seguimiento.",OK,
DTE.DE,DEUTSCHE TELEKOM AG           N,EUROSTOXX,1.0,script-v2.0,1.0,2026-09-26T12:38:38.931125+02:00,69.3,72.4,82.0,64.0,0.0,10.0,60.0,43.0,17.0,6100559.0,3.31,2.8,-16.2,7.03,20.1,-0.195,False,18.6,15.0,False,28.45,-5.1,True,False,True,,pass,seguimiento,pendiente,0.0,desconocido,Pendiente de implementar,parcial,"margin_stabilization (media): Margen gross 63.2% vs 62.1% (+1.1 pp) | eps_stabilization (media): EPS 0.51 vs 0.42 (Diluted EPS) | dividend_maintained (baja): Dividendo actual 3.70% con caída del 21.4% | analyst_upgrade (media): Target 36.44 vs precio 27.00 (+35%), recMean 1.56, recKey buy",razonable,seguimiento,23.53,27.0,23.53 - 27.00,28.34,29.21,28.34 - 29.21,Pérdida del soporte en 23.53 | ROE negativo durante 2 trimestres consecutivos | Ampliación de capital dilutiva | Recorte de rating a bono basura,6-12,"DEUTSCHE TELEKOM AG           N está un 21.4% por debajo de su máximo 52s. Fundamentalmente sólida con ROE 15.1%, deuda neta/EBITDA 3.3x. Técnicamente 🟡 MACD convergiendo, 🟡 Apoyo en MA40 semanal. Clasificación: seguimiento.","DEUTSCHE TELEKOM AG           N está un 21.4% por debajo de su máximo 52s. Fundamentalmente sólida con ROE 15.1%, deuda neta/EBITDA 3.3x. Técnicamente 🟡 MACD convergiendo, 🟡 Apoyo en MA40 semanal. Clasificación: seguimiento.",OK,
9020.T,EAST JAPAN RAILWAY CO,ASIA,1.0,script-v2.0,1.0,2026-09-26T12:40:51.614828+02:00,68.9,69.5,61.0,77.0,0.0,1.0,67.0,50.0,17.0,3024935.0,5.68,7.6,,10.24,17.0,-34.4482,False,20.7,16.5,False,3639.39,-4.9,True,False,True,Sin señales de recuperación,pass,seguimiento,pendiente,0.0,desconocido,Pendiente de implementar,ausente,dividend_maintained (baja): Dividendo actual 2.43% con caída del 17.8%,razonable,seguimiento,3436.41,3460.0,3436.41 - 3460.00,3579.35,3662.09,3579.35 - 3662.09,Pérdida del soporte en 3436.41 | ROE negativo durante 2 trimestres consecutivos | Ampliación de capital dilutiva | Recorte de rating a bono basura,6-12,"EAST JAPAN RAILWAY CO está un 17.8% por debajo de su máximo 52s. Fundamentalmente sólida con ROE 7.9%, deuda neta/EBITDA 5.7x. Técnicamente 🟢 Bajo SMA200 con SMA50 girando, 🟢 Cerca de soporte. Clasificación: seguimiento.","EAST JAPAN RAILWAY CO está un 17.8% por debajo de su máximo 52s. Fundamentalmente sólida con ROE 7.9%, deuda neta/EBITDA 5.7x. Técnicamente 🟢 Bajo SMA200 con SMA50 girando, 🟢 Cerca de soporte. Clasificación: seguimiento.",OK,
CPB,The Campbell's Company,SP500,1.0,script-v2.0,1.0,2026-09-26T12:40:18.190675+02:00,68.5,77.7,67.0,87.0,0.0,4.0,41.0,41.0,0.0,6817333.0,4.36,5.3,-0.3,8.11,56.9,-0.7118,False,3.8,8.3,False,22.78,-15.0,False,False,True,Sin señales de recuperación,pass,seguimiento,pendiente,0.0,desconocido,Pendiente de implementar,ausente,margin_stabilization (media): Margen gross 27.5% vs 28.0% (-0.5 pp) | dividend_maintained (baja): Dividendo actual 5.16% con caída del 40.8%,incompleto,seguimiento,18.4,19.37,18.40 - 19.37,22.94,27.81,22.94 - 27.81,Pérdida del soporte en 18.40 | ROE negativo durante 2 trimestres consecutivos | Ampliación de capital dilutiva | Recorte de rating a bono basura,18-24,"The Campbell's Company está un 40.8% por debajo de su máximo 52s. Fundamentalmente sólida con ROE 10.1%, deuda neta/EBITDA 4.4x. Técnicamente 🔵 RSI en sobreventa. Clasificación: seguimiento.","The Campbell's Company está un 40.8% por debajo de su máximo 52s. Fundamentalmente sólida con ROE 10.1%, deuda neta/EBITDA 4.4x. Técnicamente 🔵 RSI en sobreventa. Clasificación: seguimiento.",OK,
UCB.BR,UCB,EUROSTOXX,1.0,script-v2.0,1.0,2026-09-26T12:39:15.034562+02:00,68.5,66.3,93.0,43.0,0.0,7.0,75.0,53.0,22.0,228038.0,0.84,59.8,,13.08,25.5,-9.4686,True,93.8,74.6,False,243.53,-12.0,True,False,True,,pass,seguimiento,pendiente,0.0,desconocido,Pendiente de implementar,parcial,"eps_stabilization (media): EPS 8.03 vs 1.76 (annual_eps_fallback) | dividend_maintained (baja): Dividendo actual 0.68% con caída del 25.9% | analyst_upgrade (media): Target 285.00 vs precio 214.40 (+33%), recMean 1.60, recKey buy",fuerte,seguimiento,213.45,214.4,213.45 - 214.40,243.96,246.07,243.96 - 246.07,Pérdida del soporte en 213.45 | ROE negativo durante 2 trimestres consecutivos | Ampliación de capital dilutiva | Recorte de rating a bono basura,12-18,"UCB está un 25.9% por debajo de su máximo 52s. Fundamentalmente sólida con ROE 20.6%, deuda neta/EBITDA 0.8x. Técnicamente 🟢 Divergencia alcista RSI, 🟢 Cerca de soporte. Clasificación: seguimiento.","UCB está un 25.9% por debajo de su máximo 52s. Fundamentalmente sólida con ROE 20.6%, deuda neta/EBITDA 0.8x. Técnicamente 🟢 Divergencia alcista RSI, 🟢 Cerca de soporte. Clasificación: seguimiento.",OK,
1299.HK,AIA,ASIA,1.0,script-v2.0,1.0,2026-09-26T12:41:02.252257+02:00,68.5,70.7,92.0,52.0,0.0,4.0,62.0,45.0,17.0,27538770.0,1.64,45.4,,87.32,18.0,-1.0158,False,18.1,36.4,False,79.1,-6.8,True,False,True,Sin señales de recuperación,pass,seguimiento,pendiente,0.0,desconocido,Pendiente de implementar,ausente,"dividend_maintained (baja): Dividendo actual 2.68% con caída del 20.0% | analyst_upgrade (media): Target 102.76 vs precio 73.75 (+39%), recMean 1.30, recKey strong_buy",razonable,seguimiento,71.39,73.75,71.39 - 73.75,78.33,79.17,78.33 - 79.17,Pérdida del soporte en 71.39 | ROE negativo durante 2 trimestres consecutivos | Ampliación de capital dilutiva | Recorte de rating a bono basura,6-12,"AIA está un 20.0% por debajo de su máximo 52s. Fundamentalmente sólida con ROE 19.6%, deuda neta/EBITDA 1.6x. Técnicamente 🟢 Bajo SMA200 con SMA50 girando, 🟢 Cerca de soporte. Clasificación: seguimiento.","AIA está un 20.0% por debajo de su máximo 52s. Fundamentalmente sólida con ROE 19.6%, deuda neta/EBITDA 1.6x. Técnicamente 🟢 Bajo SMA200 con SMA50 girando, 🟢 Cerca de soporte. Clasificación: seguimiento.",OK,
ADS.DE,adidas AG                     N,EUROSTOXX,1.0,script-v2.0,1.0,2026-09-26T12:38:43.732629+02:00,68.4,73.5,97.0,53.0,0.0,7.0,53.0,48.0,5.0,705338.0,1.66,0.4,0.0,11.43,42.9,-3.0106,False,67.5,47.6,False,154.35,-5.1,False,False,True,,pass,seguimiento,pendiente,0.0,desconocido,Pendiente de implementar,parcial,"margin_stabilization (media): Margen gross 52.5% vs 51.1% (+1.4 pp) | dividend_maintained (baja): Dividendo actual 1.91% con caída del 25.4% | analyst_upgrade (media): Target 199.35 vs precio 146.50 (+36%), recMean 1.77, recKey buy",razonable,seguimiento,139.29,146.5,139.29 - 146.50,154.81,166.94,154.81 - 166.94,Pérdida del soporte en 139.29 | ROE negativo durante 2 trimestres consecutivos | Ampliación de capital dilutiva | Recorte de rating a bono basura,12-18,"adidas AG                     N está un 25.4% por debajo de su máximo 52s. Fundamentalmente sólida con ROE 24.3%, deuda neta/EBITDA 1.7x. Técnicamente 🟢 Divergencia alcista RSI, 🟢 Cerca de soporte. Clasificación: seguimiento.","adidas AG                     N está un 25.4% por debajo de su máximo 52s. Fundamentalmente sólida con ROE 24.3%, deuda neta/EBITDA 1.7x. Técnicamente 🟢 Divergencia alcista RSI, 🟢 Cerca de soporte. Clasificación: seguimiento.",OK,
EOAN.DE,E.ON SE                       N,EUROSTOXX,1.0,script-v2.0,1.0,2026-09-26T12:38:39.039282+02:00,68.3,70.8,98.0,47.0,0.0,7.0,61.0,38.0,23.0,4065805.0,3.87,,-2.4,9.06,13.2,-0.0684,False,17.1,11.9,True,18.01,-4.6,True,False,True,,pass,seguimiento,pendiente,0.0,desconocido,Pendiente de implementar,parcial,"margin_stabilization (media): Margen gross 26.6% vs 24.8% (+1.8 pp) | dividend_maintained (baja): Dividendo actual 3.32% con caída del 15.7% | analyst_upgrade (media): Target 20.76 vs precio 17.18 (+21%), recMean 1.81, recKey buy",razonable,seguimiento,16.32,17.18,16.32 - 17.18,17.33,17.92,17.33 - 17.92,Pérdida del soporte en 16.32 | ROE negativo durante 2 trimestres consecutivos | Ampliación de capital dilutiva | Recorte de rating a bono basura,6-12,"E.ON SE                       N está un 15.7% por debajo de su máximo 52s. Fundamentalmente sólida con ROE 15.5%, deuda neta/EBITDA 3.9x. Técnicamente 🟢 Divergencia alcista RSI, 🟢 Estocástico sale de sobreventa. Clasificación: seguimiento.","E.ON SE                       N está un 15.7% por debajo de su máximo 52s. Fundamentalmente sólida con ROE 15.5%, deuda neta/EBITDA 3.9x. Técnicamente 🟢 Divergencia alcista RSI, 🟢 Estocástico sale de sobreventa. Clasificación: seguimiento.",OK,
BEI.DE,BEIERSDORF AG                 I,EUROSTOXX,1.0,script-v2.0,1.0,2026-09-26T12:38:46.148213+02:00,68.3,71.1,85.0,59.0,0.0,6.0,60.0,45.0,15.0,363497.0,-1.73,-3.5,,9.12,41.7,-1.4177,True,89.3,79.9,False,81.19,-3.2,False,False,True,,pass,seguimiento,pendiente,0.0,desconocido,Pendiente de implementar,parcial,debt_reduction (alta): Deuda 110.0M vs 114.0M | dividend_maintained (baja): Dividendo actual 1.27% con caída del 28.7%,razonable,seguimiento,73.16,78.03,73.16 - 78.03,81.37,93.63,81.37 - 93.63,Pérdida del soporte en 73.16 | ROE negativo durante 2 trimestres consecutivos | Ampliación de capital dilutiva | Recorte de rating a bono basura,12-18,"BEIERSDORF AG                 I está un 28.7% por debajo de su máximo 52s. Fundamentalmente sólida con ROE 10.9%, deuda neta/EBITDA -1.7x. Técnicamente 🟢 Cruce alcista MACD, 🟢 MACD semanal girando al alza. Clasificación: seguimiento.","BEIERSDORF AG                 I está un 28.7% por debajo de su máximo 52s. Fundamentalmente sólida con ROE 10.9%, deuda neta/EBITDA -1.7x. Técnicamente 🟢 Cruce alcista MACD, 🟢 MACD semanal girando al alza. Clasificación: seguimiento.",OK,
SAN.PA,SANOFI,EUROSTOXX,1.0,script-v2.0,1.0,2026-09-26T12:38:57.722002+02:00,68.2,69.6,76.0,64.0,0.0,7.0,64.0,41.0,23.0,1971281.0,1.27,17.8,0.7,7.65,28.6,-0.6747,False,16.5,7.4,True,75.73,-5.2,True,False,True,,pass,seguimiento,pendiente,0.0,desconocido,Pendiente de implementar,parcial,"margin_stabilization (media): Margen gross 75.5% vs 72.1% (+3.4 pp) | dividend_maintained (baja): Dividendo actual 5.74% con caída del 21.2% | analyst_upgrade (media): Target 94.06 vs precio 71.79 (+31%), recMean 2.12, recKey buy",razonable,seguimiento,68.2,71.79,68.20 - 71.79,75.71,77.48,75.71 - 77.48,Pérdida del soporte en 68.20 | ROE negativo durante 2 trimestres consecutivos | Ampliación de capital dilutiva | Recorte de rating a bono basura,6-12,"SANOFI está un 21.2% por debajo de su máximo 52s. Fundamentalmente sólida con ROE 5.7%, deuda neta/EBITDA 1.3x. Técnicamente 🔵 RSI en sobreventa, 🟢 Estocástico sale de sobreventa. Clasificación: seguimiento.","SANOFI está un 21.2% por debajo de su máximo 52s. Fundamentalmente sólida con ROE 5.7%, deuda neta/EBITDA 1.3x. Técnicamente 🔵 RSI en sobreventa, 🟢 Estocástico sale de sobreventa. Clasificación: seguimiento.",OK,
EN.PA,BOUYGUES,EUROSTOXX,1.0,script-v2.0,1.0,2026-09-26T12:38:52.365552+02:00,68.0,72.1,87.0,59.0,0.0,15.0,56.0,45.0,11.0,669251.0,2.15,-2.7,0.5,6.15,19.0,-0.7807,False,12.6,8.6,True,47.28,-8.8,False,False,True,,pass,entrada_escalada,pendiente,0.0,desconocido,Pendiente de implementar,confirmada,"margin_stabilization (media): Margen gross 57.6% vs 57.8% (-0.2 pp) | eps_stabilization (media): EPS 0.98 vs -0.24 (Diluted EPS) | debt_reduction (alta): Deuda 14707.0M vs 15110.0M | dividend_maintained (baja): Dividendo actual 4.87% con caída del 19.3% | analyst_upgrade (media): Target 60.33 vs precio 43.14 (+40%), recMean 2.00, recKey buy",razonable,entrada_escalada,40.98,43.14,40.98 - 43.14,45.46,47.2,45.46 - 47.20,Pérdida del soporte en 40.98 | ROE negativo durante 2 trimestres consecutivos | Ampliación de capital dilutiva | Recorte de rating a bono basura,6-12,"BOUYGUES está un 19.3% por debajo de su máximo 52s. Fundamentalmente sólida con ROE 9.7%, deuda neta/EBITDA 2.1x. Técnicamente 🟢 Divergencia alcista RSI, 🟢 Estocástico sale de sobreventa. Clasificación: entrada_escalada.","BOUYGUES está un 19.3% por debajo de su máximo 52s. Fundamentalmente sólida con ROE 9.7%, deuda neta/EBITDA 2.1x. Técnicamente 🟢 Divergencia alcista RSI, 🟢 Estocástico sale de sobreventa. Clasificación: entrada_escalada.",OK,
8031.T,MITSUI & CO,ASIA,1.0,script-v2.0,1.0,2026-09-26T12:40:49.477249+02:00,67.9,59.9,78.0,44.0,0.0,7.0,92.0,59.0,33.0,6324258.0,6.44,21.5,,25.32,24.0,-23.9561,True,24.9,29.9,False,5270.31,-3.8,True,True,False,,pass,descarte,pendiente,0.0,desconocido,Pendiente de implementar,parcial,"eps_stabilization (media): EPS 103.65 vs 66.63 (Diluted EPS) | dividend_maintained (baja): Dividendo actual 2.76% con caída del 24.0% | analyst_upgrade (media): Target 6209.17 vs precio 5071.00 (+22%), recMean 2.08, recKey buy",fuerte,descarte,4734.4,4944.32,4734.40 - 4944.32,5185.73,5673.75,5185.73 - 5673.75,Pérdida del soporte en 4734.40 | ROE negativo durante 2 trimestres consecutivos | Ampliación de capital dilutiva | Recorte de rating a bono basura,6-12,"MITSUI & CO está un 24.0% por debajo de su máximo 52s. Fundamentalmente aceptable con ROE 11.4%, deuda neta/EBITDA 6.4x. Técnicamente 🟢 Divergencia alcista RSI, 🟢 Cruce alcista MACD. Clasificación: descarte.","MITSUI & CO está un 24.0% por debajo de su máximo 52s. Fundamentalmente aceptable con ROE 11.4%, deuda neta/EBITDA 6.4x. Técnicamente 🟢 Divergencia alcista RSI, 🟢 Cruce alcista MACD. Clasificación: descarte.",OK,
GSK.L,GSK PLC ORD 31 1/4P,EUROSTOXX,1.0,script-v2.0,1.0,2026-09-26T12:39:24.804872+02:00,67.8,71.8,91.0,55.0,0.0,6.0,56.0,39.0,17.0,7009669.0,1.4,-4.0,0.7,8.22,18.9,-21.9089,False,55.5,69.4,False,1955.22,-5.3,True,False,True,,pass,seguimiento,pendiente,0.0,desconocido,Pendiente de implementar,parcial,debt_reduction (alta): Deuda 18293.0M vs 19056.0M | dividend_maintained (baja): Dividendo actual 0.04% con caída del 18.9%,razonable,seguimiento,1850.81,1851.0,1850.81 - 1851.00,1939.7,1952.67,1939.70 - 1952.67,Pérdida del soporte en 1850.81 | ROE negativo durante 2 trimestres consecutivos | Ampliación de capital dilutiva | Recorte de rating a bono basura,6-12,"GSK PLC ORD 31 1/4P está un 18.9% por debajo de su máximo 52s. Fundamentalmente sólida con ROE 33.4%, deuda neta/EBITDA 1.4x. Técnicamente 🟢 Cerca de soporte, 🟡 Apoyo en MA40 semanal. Clasificación: seguimiento.","GSK PLC ORD 31 1/4P está un 18.9% por debajo de su máximo 52s. Fundamentalmente sólida con ROE 33.4%, deuda neta/EBITDA 1.4x. Técnicamente 🟢 Cerca de soporte, 🟡 Apoyo en MA40 semanal. Clasificación: seguimiento.",OK,
005380.KS,HyundaiMtr,ASIA,1.0,script-v2.0,1.0,2026-09-26T12:41:05.610624+02:00,67.8,66.7,63.0,70.0,0.0,10.0,71.0,59.0,12.0,710234.0,7.79,3.3,0.0,15.84,54.6,-32008.7121,False,3.5,4.3,False,484545.69,-27.0,True,False,True,,pass,seguimiento,pendiente,0.0,desconocido,Pendiente de implementar,parcial,"margin_stabilization (media): Margen gross 17.8% vs 17.5% (+0.3 pp) | eps_stabilization (media): EPS 9621.00 vs 8897.00 (Diluted EPS) | dividend_maintained (baja): Dividendo actual 2.83% con caída del 54.9% | analyst_upgrade (media): Target 641504.00 vs precio 353500.00 (+81%), recMean 1.66, recKey buy",fuerte,seguimiento,336373.72,353500.0,336373.72 - 353500.00,467201.4,665550.0,467201.40 - 665550.00,Pérdida del soporte en 336373.72 | ROE negativo durante 2 trimestres consecutivos | Ampliación de capital dilutiva | Recorte de rating a bono basura,18-24,"HyundaiMtr está un 54.9% por debajo de su máximo 52s. Fundamentalmente sólida con ROE 7.2%, deuda neta/EBITDA 7.8x. Técnicamente 🔵 RSI en sobreventa, 🟢 Divergencia alcista RSI. Clasificación: seguimiento.","HyundaiMtr está un 54.9% por debajo de su máximo 52s. Fundamentalmente sólida con ROE 7.2%, deuda neta/EBITDA 7.8x. Técnicamente 🔵 RSI en sobreventa, 🟢 Divergencia alcista RSI. Clasificación: seguimiento.",OK,
GS,"Goldman Sachs Group, Inc. (The)",SP500,1.0,script-v2.0,1.0,2026-09-26T12:39:52.912523+02:00,67.7,63.9,81.0,49.0,0.0,7.0,79.0,56.0,23.0,1994883.0,,106.4,,,18.5,20.3188,False,16.1,11.5,True,952.41,-1.8,True,False,True,,pass,seguimiento,pendiente,0.0,desconocido,Pendiente de implementar,parcial,"eps_stabilization (media): EPS 20.98 vs 17.55 (Diluted EPS) | dividend_maintained (baja): Dividendo actual 2.14% con caída del 18.9% | analyst_upgrade (media): Target 1126.65 vs precio 935.45 (+20%), recMean 2.60, recKey hold",fuerte,seguimiento,906.97,935.45,906.97 - 935.45,951.43,980.89,951.43 - 980.89,Pérdida del soporte en 906.97 | ROE negativo durante 2 trimestres consecutivos | Ampliación de capital dilutiva | Recorte de rating a bono basura,6-12,"Goldman Sachs Group, Inc. (The) está un 18.9% por debajo de su máximo 52s. Fundamentalmente sólida con ROE 16.9%, D/E 7.25. Técnicamente 🟡 MACD convergiendo, 🟢 Cerca de soporte. Clasificación: seguimiento.","Goldman Sachs Group, Inc. (The) está un 18.9% por debajo de su máximo 52s. Fundamentalmente sólida con ROE 16.9%, D/E 7.25. Técnicamente 🟡 MACD convergiendo, 🟢 Cerca de soporte. Clasificación: seguimiento.",OK,
AZN.L,ASTRAZENECA PLC ORD SHS $0.25,EUROSTOXX,1.0,script-v2.0,1.0,2026-09-26T12:39:25.027030+02:00,67.7,66.5,98.0,39.0,0.0,12.0,71.0,44.0,27.0,3388444.0,1.38,-4.6,-0.2,11.16,20.2,-436.3201,True,87.9,79.8,False,13600.42,-7.7,True,False,True,,pass,entrada_directa,pendiente,0.0,desconocido,Pendiente de implementar,confirmada,"margin_stabilization (media): Margen gross 83.6% vs 82.5% (+1.1 pp) | debt_reduction (alta): Deuda 32350.0M vs 33918.0M | dividend_maintained (baja): Dividendo actual 0.02% con caída del 20.2% | analyst_upgrade (media): Target 15959.72 vs precio 12552.00 (+27%), recMean 1.72, recKey buy",fuerte,entrada_directa,12185.49,12460.51,12185.49 - 12460.51,13372.2,13591.0,13372.20 - 13591.00,Pérdida del soporte en 12460.51 | ROE negativo durante 2 trimestres consecutivos | Ampliación de capital dilutiva | Recorte de rating a bono basura,6-12,"ASTRAZENECA PLC ORD SHS $0.25 está un 20.2% por debajo de su máximo 52s. Fundamentalmente sólida con ROE 22.0%, deuda neta/EBITDA 1.4x. Técnicamente 🟢 Divergencia alcista RSI, 🟢 Cerca de soporte. Clasificación: entrada_directa.","ASTRAZENECA PLC ORD SHS $0.25 está un 20.2% por debajo de su máximo 52s. Fundamentalmente sólida con ROE 22.0%, deuda neta/EBITDA 1.4x. Técnicamente 🟢 Divergencia alcista RSI, 🟢 Cerca de soporte. Clasificación: entrada_directa.",OK,
AEP,American Electric Power Company,SP500,1.0,script-v2.0,1.0,2026-09-26T12:40:09.307923+02:00,67.7,59.9,77.0,45.0,0.0,7.0,91.0,68.0,23.0,4142360.0,5.86,3.4,-14.2,13.13,15.2,-1.2089,False,17.0,8.5,True,126.18,-6.2,True,False,False,,pass,descarte,pendiente,0.0,desconocido,Pendiente de implementar,parcial,"margin_stabilization (media): Margen gross 62.4% vs 58.0% (+4.4 pp) | dividend_maintained (baja): Dividendo actual 3.21% con caída del 15.8% | analyst_upgrade (media): Target 142.97 vs precio 118.35 (+21%), recMean 2.00, recKey buy",fuerte,descarte,112.43,118.35,112.43 - 118.35,119.49,125.49,119.49 - 125.49,Pérdida del soporte en 112.43 | ROE negativo durante 2 trimestres consecutivos | Ampliación de capital dilutiva | Recorte de rating a bono basura,6-12,"American Electric Power Company está un 15.8% por debajo de su máximo 52s. Fundamentalmente aceptable con ROE 10.1%, deuda neta/EBITDA 5.9x. Técnicamente 🔵 RSI en sobreventa, 🟢 Divergencia alcista RSI. Clasificación: descarte.","American Electric Power Company está un 15.8% por debajo de su máximo 52s. Fundamentalmente aceptable con ROE 10.1%, deuda neta/EBITDA 5.9x. Técnicamente 🔵 RSI en sobreventa, 🟢 Divergencia alcista RSI. Clasificación: descarte.",OK,
PHIA.AS,KON.PHILIPS N.V.,EUROSTOXX,1.0,script-v2.0,1.0,2026-09-26T12:39:05.791965+02:00,67.2,68.2,81.0,57.0,0.0,15.0,64.0,59.0,5.0,1642622.0,2.35,-7.8,-0.0,11.21,21.8,-0.3149,False,61.3,40.8,False,23.24,-5.9,False,False,True,,pass,entrada_escalada,pendiente,0.0,desconocido,Pendiente de implementar,confirmada,"margin_stabilization (media): Margen gross 49.3% vs 45.2% (+4.1 pp) | eps_stabilization (media): EPS 0.40 vs 0.16 (Diluted EPS) | debt_reduction (alta): Deuda 7465.0M vs 8097.0M | dividend_maintained (baja): Dividendo actual 3.89% con caída del 21.0% | analyst_upgrade (media): Target 26.89 vs precio 21.87 (+23%), recKey none",razonable,entrada_escalada,20.78,21.87,20.78 - 21.87,23.23,23.54,23.23 - 23.54,Pérdida del soporte en 20.78 | ROE negativo durante 2 trimestres consecutivos | Ampliación de capital dilutiva | Recorte de rating a bono basura,6-12,"KON.PHILIPS N.V. está un 21.0% por debajo de su máximo 52s. Fundamentalmente sólida con ROE 10.2%, deuda neta/EBITDA 2.4x. Técnicamente 🔵 RSI recuperándose de sobreventa, 🟢 Cruce alcista MACD. Clasificación: entrada_escalada.","KON.PHILIPS N.V. está un 21.0% por debajo de su máximo 52s. Fundamentalmente sólida con ROE 10.2%, deuda neta/EBITDA 2.4x. Técnicamente 🔵 RSI recuperándose de sobreventa, 🟢 Cruce alcista MACD. Clasificación: entrada_escalada.",OK,
0083.HK,SINO LAND,ASIA,1.0,script-v2.0,1.0,2026-09-26T12:41:00.067902+02:00,67.2,62.2,59.0,65.0,0.0,7.0,82.0,70.0,12.0,7634144.0,-17.65,107.0,,14.69,25.2,-0.2993,False,25.1,41.9,False,11.25,-11.7,True,False,True,,pass,seguimiento,pendiente,0.0,desconocido,Pendiente de implementar,parcial,"eps_stabilization (media): EPS 0.49 vs 0.45 (annual_eps_fallback) | dividend_maintained (baja): Dividendo actual 5.84% con caída del 25.3% | analyst_upgrade (media): Target 12.80 vs precio 9.94 (+29%), recMean 1.60, recKey buy",fuerte,seguimiento,9.7,9.94,9.70 - 9.94,11.19,11.3,11.19 - 11.30,Pérdida del soporte en 9.70 | ROE negativo durante 2 trimestres consecutivos | Ampliación de capital dilutiva | Recorte de rating a bono basura,12-18,"SINO LAND está un 25.3% por debajo de su máximo 52s. Fundamentalmente sólida con ROE 2.7%, deuda neta/EBITDA -17.6x. Técnicamente 🟢 Divergencia alcista RSI, 🟢 Cruce alcista MACD. Clasificación: seguimiento.","SINO LAND está un 25.3% por debajo de su máximo 52s. Fundamentalmente sólida con ROE 2.7%, deuda neta/EBITDA -17.6x. Técnicamente 🟢 Divergencia alcista RSI, 🟢 Cruce alcista MACD. Clasificación: seguimiento.",OK,
AMC.AX,AMCOR PLC CDI 1:1 [AMC],ASX,1.0,script-v2.0,1.0,2026-09-26T12:40:34.880727+02:00,67.2,67.3,78.0,58.0,0.0,12.0,67.0,62.0,5.0,638362.0,3.97,-9.4,0.0,11.79,20.9,0.8441,False,27.7,38.2,False,59.47,0.7,False,False,True,,pass,entrada_escalada,pendiente,0.0,desconocido,Pendiente de implementar,confirmada,margin_stabilization (media): Margen gross 20.9% vs 20.1% (+0.8 pp) | eps_stabilization (media): EPS 0.83 vs 0.60 (Diluted EPS) | debt_reduction (alta): Deuda 15140.0M vs 16706.0M | dividend_maintained (baja): Dividendo actual 6.15% con caída del 15.8%,razonable,entrada_escalada,56.97,59.87,56.97 - 59.87,59.56,60.43,59.56 - 60.43,Pérdida del soporte en 56.97 | ROE negativo durante 2 trimestres consecutivos | Ampliación de capital dilutiva | Recorte de rating a bono basura,6-12,"AMCOR PLC CDI 1:1 [AMC] está un 15.8% por debajo de su máximo 52s. Fundamentalmente sólida con ROE 9.4%, deuda neta/EBITDA 4.0x. Técnicamente 🔵 RSI recuperándose de sobreventa, 🟢 Cruce alcista MACD. Clasificación: entrada_escalada.","AMCOR PLC CDI 1:1 [AMC] está un 15.8% por debajo de su máximo 52s. Fundamentalmente sólida con ROE 9.4%, deuda neta/EBITDA 4.0x. Técnicamente 🔵 RSI recuperándose de sobreventa, 🟢 Cruce alcista MACD. Clasificación: entrada_escalada.",OK,
4568.T,DAIICHI SANKYO COMPANY LIMITED,ASIA,1.0,script-v2.0,1.0,2026-09-26T12:40:47.197180+02:00,66.7,66.6,97.0,40.0,0.0,4.0,67.0,39.0,28.0,6348216.0,-0.44,148.8,,16.7,40.5,-2.1096,True,88.2,86.6,False,2821.18,3.8,True,True,True,Sin señales de recuperación,pass,seguimiento,pendiente,0.0,desconocido,Pendiente de implementar,ausente,"dividend_maintained (baja): Dividendo actual 3.41% con caída del 29.9% | analyst_upgrade (media): Target 4096.25 vs precio 2929.00 (+40%), recMean 1.50, recKey strong_buy",razonable,seguimiento,2681.2,2785.34,2681.20 - 2785.34,2875.4,3551.3,2875.40 - 3551.30,Pérdida del soporte en 2681.20 | ROE negativo durante 2 trimestres consecutivos | Ampliación de capital dilutiva | Recorte de rating a bono basura,12-18,"DAIICHI SANKYO COMPANY LIMITED está un 29.9% por debajo de su máximo 52s. Fundamentalmente sólida con ROE 14.8%, deuda neta/EBITDA -0.4x. Técnicamente 🟢 Cruce alcista MACD, 🟢 MACD semanal girando al alza. Clasificación: seguimiento.","DAIICHI SANKYO COMPANY LIMITED está un 29.9% por debajo de su máximo 52s. Fundamentalmente sólida con ROE 14.8%, deuda neta/EBITDA -0.4x. Técnicamente 🟢 Cruce alcista MACD, 🟢 MACD semanal girando al alza. Clasificación: seguimiento.",OK,
RNO.PA,RENAULT,EUROSTOXX,1.0,script-v2.0,1.0,2026-09-26T12:39:02.657447+02:00,66.5,64.3,35.0,90.0,0.0,4.0,73.0,50.0,23.0,1446251.0,8.23,5.0,,9.7,44.3,-0.3003,False,9.2,5.0,True,28.42,-7.4,True,False,True,Sin señales de recuperación,pass,seguimiento,pendiente,0.0,desconocido,Pendiente de implementar,ausente,"dividend_maintained (baja): Dividendo actual 8.37% con caída del 30.7% | analyst_upgrade (media): Target 38.91 vs precio 26.30 (+48%), recMean 2.25, recKey buy",fuerte,seguimiento,24.98,26.3,24.98 - 26.30,28.51,32.27,28.51 - 32.27,Pérdida del soporte en 24.98 | ROE negativo durante 2 trimestres consecutivos | Ampliación de capital dilutiva | Recorte de rating a bono basura,12-18,"RENAULT está un 30.7% por debajo de su máximo 52s. Fundamentalmente sólida con ROE 5.0%, deuda neta/EBITDA 8.2x. Técnicamente 🟡 MACD convergiendo, 🟢 Bajo SMA200 con SMA50 girando. Clasificación: seguimiento.","RENAULT está un 30.7% por debajo de su máximo 52s. Fundamentalmente sólida con ROE 5.0%, deuda neta/EBITDA 8.2x. Técnicamente 🟡 MACD convergiendo, 🟢 Bajo SMA200 con SMA50 girando. Clasificación: seguimiento.",OK,
RIO.AX,RIO TINTO FPO [RIO],ASX,1.0,script-v2.0,1.0,2026-09-26T12:40:31.218633+02:00,66.1,67.5,100.0,39.0,0.0,6.0,62.0,45.0,17.0,1089959.0,0.58,-3.3,,12.55,14.4,3.0837,False,7.1,15.6,False,163.59,0.8,True,False,True,,pass,seguimiento,pendiente,0.0,desconocido,Pendiente de implementar,parcial,debt_reduction (alta): Deuda 22852.0M vs 23640.0M | dividend_maintained (baja): Dividendo actual 4.02% con caída del 15.8%,razonable,seguimiento,153.92,164.85,153.92 - 164.85,163.18,166.46,163.18 - 166.46,Pérdida del soporte en 153.92 | ROE negativo durante 2 trimestres consecutivos | Ampliación de capital dilutiva | Recorte de rating a bono basura,6-12,"RIO TINTO FPO [RIO] está un 15.8% por debajo de su máximo 52s. Fundamentalmente sólida con ROE 19.3%, deuda neta/EBITDA 0.6x. Técnicamente 🟢 Divergencia alcista RSI, 🟡 MACD convergiendo. Clasificación: seguimiento.","RIO TINTO FPO [RIO] está un 15.8% por debajo de su máximo 52s. Fundamentalmente sólida con ROE 19.3%, deuda neta/EBITDA 0.6x. Técnicamente 🟢 Divergencia alcista RSI, 🟡 MACD convergiendo. Clasificación: seguimiento.",OK,
COST,Costco Wholesale Corporation,SP500,1.0,script-v2.0,1.0,2026-09-26T12:39:56.053832+02:00,65.8,57.1,95.0,24.0,0.0,7.0,92.0,65.0,27.0,2107811.0,-0.89,5.0,-0.1,27.6,15.7,-14.5975,True,94.4,54.2,False,962.83,-4.2,True,False,False,,pass,descarte,pendiente,0.0,desconocido,Pendiente de implementar,parcial,margin_stabilization (media): Margen gross 12.8% vs 12.8% (+0.0 pp) | eps_stabilization (media): EPS 4.93 vs 4.58 (Diluted EPS) | dividend_maintained (baja): Dividendo actual 0.64% con caída del 15.8%,fuerte,descarte,876.63,922.77,876.63 - 922.77,932.02,958.33,932.02 - 958.33,Pérdida del soporte en 876.63 | ROE negativo durante 2 trimestres consecutivos | Ampliación de capital dilutiva | Recorte de rating a bono basura,6-12,"Costco Wholesale Corporation está un 15.8% por debajo de su máximo 52s. Fundamentalmente aceptable con ROE 28.4%, deuda neta/EBITDA -0.9x. Técnicamente 🟢 Divergencia alcista RSI, 🟢 Cruce alcista MACD. Clasificación: descarte.","Costco Wholesale Corporation está un 15.8% por debajo de su máximo 52s. Fundamentalmente aceptable con ROE 28.4%, deuda neta/EBITDA -0.9x. Técnicamente 🟢 Divergencia alcista RSI, 🟢 Cruce alcista MACD. Clasificación: descarte.",OK,
7751.T,CANON INC,ASIA,1.0,script-v2.0,1.0,2026-09-26T12:40:49.481221+02:00,65.7,68.5,92.0,48.0,0.0,1.0,57.0,39.0,18.0,3716605.0,0.72,34.2,,6.4,6.9,69.0991,False,76.1,62.3,False,4415.75,4.5,True,True,True,Sin señales de recuperación,pass,seguimiento,pendiente,0.0,desconocido,Pendiente de implementar,ausente,dividend_maintained (baja): Dividendo actual 3.47% con caída del 8.3%,razonable,seguimiento,4254.76,4530.38,4254.76 - 4530.38,4278.05,4421.05,4278.05 - 4421.05,Pérdida del soporte en 4254.76 | ROE negativo durante 2 trimestres consecutivos | Ampliación de capital dilutiva | Recorte de rating a bono basura,6-12,"CANON INC está un 8.3% por debajo de su máximo 52s. Fundamentalmente sólida con ROE 10.4%, deuda neta/EBITDA 0.7x. Técnicamente 🟢 Cruce alcista MACD, 🟢 base_pattern_detected. Clasificación: seguimiento.","CANON INC está un 8.3% por debajo de su máximo 52s. Fundamentalmente sólida con ROE 10.4%, deuda neta/EBITDA 0.7x. Técnicamente 🟢 Cruce alcista MACD, 🟢 base_pattern_detected. Clasificación: seguimiento.",OK,
BN.PA,DANONE,EUROSTOXX,1.0,script-v2.0,1.0,2026-09-26T12:38:48.444769+02:00,65.5,73.7,87.0,62.0,0.0,4.0,41.0,41.0,0.0,1250942.0,2.01,20.9,,10.53,23.1,-1.6606,False,2.6,3.5,False,67.07,-11.2,False,False,True,Sin señales de recuperación,pass,seguimiento,pendiente,0.0,desconocido,Pendiente de implementar,ausente,"dividend_maintained (baja): Dividendo actual 3.78% con caída del 25.7% | analyst_upgrade (media): Target 79.89 vs precio 59.56 (+34%), recMean 2.18, recKey buy",incompleto,seguimiento,56.58,59.56,56.58 - 59.56,67.41,68.12,67.41 - 68.12,Pérdida del soporte en 56.58 | ROE negativo durante 2 trimestres consecutivos | Ampliación de capital dilutiva | Recorte de rating a bono basura,12-18,"DANONE está un 25.7% por debajo de su máximo 52s. Fundamentalmente sólida con ROE 12.2%, deuda neta/EBITDA 2.0x. Técnicamente 🔵 RSI en sobreventa. Clasificación: seguimiento.","DANONE está un 25.7% por debajo de su máximo 52s. Fundamentalmente sólida con ROE 12.2%, deuda neta/EBITDA 2.0x. Técnicamente 🔵 RSI en sobreventa. Clasificación: seguimiento.",OK,
WKL.AS,WOLTERS KLUWER,EUROSTOXX,1.0,script-v2.0,1.0,2026-09-26T12:39:07.401874+02:00,65.5,68.3,72.0,65.0,0.0,7.0,57.0,39.0,18.0,1246321.0,2.08,12.5,,9.95,59.9,-0.6152,False,60.7,55.0,False,66.32,3.5,True,True,True,,pass,seguimiento,pendiente,0.0,desconocido,Pendiente de implementar,parcial,"eps_stabilization (media): EPS 5.64 vs 4.52 (annual_eps_fallback) | dividend_maintained (baja): Dividendo actual 3.79% con caída del 41.0% | analyst_upgrade (media): Target 90.09 vs precio 68.66 (+31%), recMean 1.69, recKey buy",razonable,seguimiento,66.56,67.86,66.56 - 67.86,66.82,98.98,66.82 - 98.98,Pérdida del soporte en 66.56 | ROE negativo durante 2 trimestres consecutivos | Ampliación de capital dilutiva | Recorte de rating a bono basura,18-24,"WOLTERS KLUWER está un 41.0% por debajo de su máximo 52s. Fundamentalmente sólida con ROE 146.1%, deuda neta/EBITDA 2.1x. Técnicamente 🟡 MACD convergiendo, 🟢 Cerca de soporte. Clasificación: seguimiento.","WOLTERS KLUWER está un 41.0% por debajo de su máximo 52s. Fundamentalmente sólida con ROE 146.1%, deuda neta/EBITDA 2.1x. Técnicamente 🟡 MACD convergiendo, 🟢 Cerca de soporte. Clasificación: seguimiento.",OK,
C6L.SI,SIA,ASIA,1.0,script-v2.0,1.0,2026-09-26T12:41:09.548871+02:00,65.1,65.5,74.0,58.0,0.0,1.0,64.0,59.0,5.0,6790254.0,0.09,0.0,4.7,5.02,16.0,-0.0108,False,65.5,56.2,False,6.84,-2.7,False,False,True,Sin señales de recuperación,pass,seguimiento,pendiente,0.0,desconocido,Pendiente de implementar,ausente,dividend_maintained (baja): Dividendo actual 6.62% con caída del 16.0%,razonable,seguimiento,6.25,6.65,6.25 - 6.65,6.73,6.81,6.73 - 6.81,Pérdida del soporte en 6.25 | ROE negativo durante 2 trimestres consecutivos | Ampliación de capital dilutiva | Recorte de rating a bono basura,6-12,"SIA está un 16.0% por debajo de su máximo 52s. Fundamentalmente sólida con ROE 7.2%, deuda neta/EBITDA 0.1x. Técnicamente 🔵 RSI recuperándose de sobreventa, 🟢 Cruce alcista MACD. Clasificación: seguimiento.","SIA está un 16.0% por debajo de su máximo 52s. Fundamentalmente sólida con ROE 7.2%, deuda neta/EBITDA 0.1x. Técnicamente 🔵 RSI recuperándose de sobreventa, 🟢 Cruce alcista MACD. Clasificación: seguimiento.",OK,
LMT,Lockheed Martin Corporation,SP500,1.0,script-v2.0,1.0,2026-09-26T12:40:02.437897+02:00,65.0,58.3,86.0,34.0,0.0,15.0,85.0,68.0,17.0,1135314.0,1.73,-0.8,0.0,14.12,24.0,-1.9199,False,14.1,25.2,False,560.83,-7.4,True,False,False,,pass,descarte,pendiente,0.0,desconocido,Pendiente de implementar,confirmada,"margin_stabilization (media): Margen gross 12.2% vs 11.5% (+0.7 pp) | eps_stabilization (media): EPS 7.94 vs 6.44 (Diluted EPS) | debt_reduction (alta): Deuda 20538.0M vs 20697.0M | dividend_maintained (baja): Dividendo actual 2.66% con caída del 24.9% | analyst_upgrade (media): Target 637.84 vs precio 519.56 (+23%), recMean 2.43, recKey buy",fuerte,descarte,503.95,519.56,503.95 - 519.56,555.84,588.2,555.84 - 588.20,Pérdida del soporte en 503.95 | ROE negativo durante 2 trimestres consecutivos | Ampliación de capital dilutiva | Recorte de rating a bono basura,6-12,"Lockheed Martin Corporation está un 24.9% por debajo de su máximo 52s. Fundamentalmente aceptable con ROE 89.2%, deuda neta/EBITDA 1.7x. Técnicamente 🟢 Cruce alcista MACD, 🟢 Bajo SMA200 con SMA50 girando. Clasificación: descarte.","Lockheed Martin Corporation está un 24.9% por debajo de su máximo 52s. Fundamentalmente aceptable con ROE 89.2%, deuda neta/EBITDA 1.7x. Técnicamente 🟢 Cruce alcista MACD, 🟢 Bajo SMA200 con SMA50 girando. Clasificación: descarte.",OK,
VOW3.DE,VOLKSWAGEN AG                 V,EUROSTOXX,1.0,script-v2.0,1.0,2026-09-26T12:38:41.498842+02:00,64.9,62.2,51.0,72.0,0.0,10.0,73.0,55.0,18.0,1123238.0,11.1,43.9,-2.5,13.73,29.9,-2.4491,False,11.6,5.3,True,83.58,-14.2,True,False,True,,pass,seguimiento,pendiente,0.0,desconocido,Pendiente de implementar,parcial,"margin_stabilization (media): Margen gross 15.1% vs 15.5% (-0.4 pp) | eps_stabilization (media): EPS 2.56 vs 2.55 (Diluted EPS) | dividend_maintained (baja): Dividendo actual 7.33% con caída del 34.3% | analyst_upgrade (media): Target 104.61 vs precio 71.72 (+46%), recMean 2.21, recKey buy",fuerte,seguimiento,71.08,71.72,71.08 - 71.72,83.91,92.78,83.91 - 92.78,Pérdida del soporte en 71.08 | ROE negativo durante 2 trimestres consecutivos | Ampliación de capital dilutiva | Recorte de rating a bono basura,12-18,"VOLKSWAGEN AG                 V está un 34.3% por debajo de su máximo 52s. Fundamentalmente sólida con ROE 2.8%, deuda neta/EBITDA 11.1x. Técnicamente 🟢 Divergencia alcista RSI, 🟢 Bajo SMA200 con SMA50 girando. Clasificación: seguimiento.","VOLKSWAGEN AG                 V está un 34.3% por debajo de su máximo 52s. Fundamentalmente sólida con ROE 2.8%, deuda neta/EBITDA 11.1x. Técnicamente 🟢 Divergencia alcista RSI, 🟢 Bajo SMA200 con SMA50 girando. Clasificación: seguimiento.",OK,
4503.T,ASTELLAS PHARMA,ASIA,1.0,script-v2.0,1.0,2026-09-26T12:40:47.006861+02:00,64.9,65.9,100.0,36.0,0.0,9.0,62.0,44.0,18.0,6396958.0,0.52,-29.1,,6.94,11.7,41.6517,False,89.1,80.9,False,2304.95,4.1,True,True,True,,pass,seguimiento,pendiente,0.0,desconocido,Pendiente de implementar,parcial,eps_stabilization (media): EPS 78.96 vs 38.11 (Diluted EPS) | debt_reduction (alta): Deuda 589870.0M vs 831426.0M | dividend_maintained (baja): Dividendo actual 3.33% con caída del 11.7%,razonable,seguimiento,2291.2,2330.5,2291.20 - 2330.50,2276.32,2309.45,2276.32 - 2309.45,Pérdida del soporte en 2330.50 | ROE negativo durante 2 trimestres consecutivos | Ampliación de capital dilutiva | Recorte de rating a bono basura,6-12,"ASTELLAS PHARMA está un 11.7% por debajo de su máximo 52s. Fundamentalmente sólida con ROE 21.3%, deuda neta/EBITDA 0.5x. Técnicamente 🟢 Cruce alcista MACD, 🟢 Cerca de soporte. Clasificación: seguimiento.","ASTELLAS PHARMA está un 11.7% por debajo de su máximo 52s. Fundamentalmente sólida con ROE 21.3%, deuda neta/EBITDA 0.5x. Técnicamente 🟢 Cruce alcista MACD, 🟢 Cerca de soporte. Clasificación: seguimiento.",OK,
6758.T,SONY GROUP CORPORATION,ASIA,1.0,script-v2.0,1.0,2026-09-26T12:40:47.361948+02:00,64.8,68.7,89.0,51.0,0.0,10.0,53.0,35.0,18.0,16698136.0,-0.14,12.0,0.2,10.53,22.0,63.7165,False,34.4,25.4,False,3525.53,5.2,True,True,True,,pass,seguimiento,pendiente,0.0,desconocido,Pendiente de implementar,parcial,"margin_stabilization (media): Margen gross 36.7% vs 30.8% (+5.9 pp) | eps_stabilization (media): EPS 57.82 vs 13.89 (Diluted EPS) | dividend_maintained (baja): Dividendo actual 0.94% con caída del 22.3% | analyst_upgrade (media): Target 4856.36 vs precio 3710.00 (+31%), recMean 1.35, recKey strong_buy",razonable,seguimiento,3419.44,3697.04,3419.44 - 3697.04,3580.99,4059.6,3580.99 - 4059.60,Pérdida del soporte en 3419.44 | ROE negativo durante 2 trimestres consecutivos | Ampliación de capital dilutiva | Recorte de rating a bono basura,6-12,"SONY GROUP CORPORATION está un 22.3% por debajo de su máximo 52s. Fundamentalmente sólida con ROE 13.2%, deuda neta/EBITDA -0.1x. Técnicamente 🟡 MACD convergiendo, 🟢 base_pattern_detected. Clasificación: seguimiento.","SONY GROUP CORPORATION está un 22.3% por debajo de su máximo 52s. Fundamentalmente sólida con ROE 13.2%, deuda neta/EBITDA -0.1x. Técnicamente 🟡 MACD convergiendo, 🟢 base_pattern_detected. Clasificación: seguimiento.",OK,
0066.HK,MTR CORPORATION,ASIA,1.0,script-v2.0,1.0,2026-09-26T12:40:59.184133+02:00,64.7,70.3,90.0,53.0,0.0,1.0,48.0,25.0,23.0,5289965.0,3.1,120.2,,8.89,10.3,0.4462,False,33.8,33.3,False,32.13,1.5,True,True,True,Sin señales de recuperación,pass,seguimiento,pendiente,0.0,desconocido,Pendiente de implementar,ausente,dividend_maintained (baja): Dividendo actual 4.02% con caída del 13.9%,razonable,seguimiento,31.21,32.56,31.21 - 32.56,31.91,32.2,31.91 - 32.20,Pérdida del soporte en 31.21 | ROE negativo durante 2 trimestres consecutivos | Ampliación de capital dilutiva | Recorte de rating a bono basura,6-12,"MTR CORPORATION está un 13.9% por debajo de su máximo 52s. Fundamentalmente sólida con ROE 11.1%, deuda neta/EBITDA 3.1x. Técnicamente 🟢 Cerca de soporte, 🟡 Apoyo en MA40 semanal. Clasificación: seguimiento.","MTR CORPORATION está un 13.9% por debajo de su máximo 52s. Fundamentalmente sólida con ROE 11.1%, deuda neta/EBITDA 3.1x. Técnicamente 🟢 Cerca de soporte, 🟡 Apoyo en MA40 semanal. Clasificación: seguimiento.",OK,
GD,General Dynamics Corporation,SP500,1.0,script-v2.0,1.0,2026-09-26T12:40:03.290368+02:00,64.3,63.7,100.0,32.0,0.0,15.0,66.0,55.0,11.0,1087377.0,0.78,-3.6,-0.0,14.49,15.8,3.588,False,6.3,3.8,True,354.32,-5.0,False,False,True,,pass,entrada_escalada,pendiente,0.0,desconocido,Pendiente de implementar,confirmada,"margin_stabilization (media): Margen gross 15.5% vs 15.9% (-0.4 pp) | eps_stabilization (media): EPS 4.24 vs 4.10 (Diluted EPS) | debt_reduction (alta): Deuda 9479.0M vs 9832.0M | dividend_maintained (baja): Dividendo actual 1.89% con caída del 15.8% | analyst_upgrade (media): Target 421.64 vs precio 336.72 (+25%), recMean 2.08, recKey buy",razonable,entrada_escalada,335.35,336.72,335.35 - 336.72,340.0,353.47,340.00 - 353.47,Pérdida del soporte en 335.35 | ROE negativo durante 2 trimestres consecutivos | Ampliación de capital dilutiva | Recorte de rating a bono basura,6-12,"General Dynamics Corporation está un 15.8% por debajo de su máximo 52s. Fundamentalmente sólida con ROE 17.8%, deuda neta/EBITDA 0.8x. Técnicamente 🔵 RSI en sobreventa, 🟢 Cerca de soporte. Clasificación: entrada_escalada.","General Dynamics Corporation está un 15.8% por debajo de su máximo 52s. Fundamentalmente sólida con ROE 17.8%, deuda neta/EBITDA 0.8x. Técnicamente 🔵 RSI en sobreventa, 🟢 Cerca de soporte. Clasificación: entrada_escalada.",OK,
IMB.L,IMPERIAL BRANDS PLC ORD 10P,EUROSTOXX,1.0,script-v2.0,1.0,2026-09-26T12:39:32.247618+02:00,64.2,66.5,66.0,67.0,0.0,4.0,57.0,45.0,12.0,2934516.0,2.67,12.4,,7.64,32.7,-126.7145,False,6.3,20.5,False,2876.52,-15.1,True,False,True,Sin señales de recuperación,pass,seguimiento,pendiente,0.0,desconocido,Pendiente de implementar,ausente,"dividend_maintained (baja): Dividendo actual 0.07% con caída del 32.8% | analyst_upgrade (media): Target 3259.09 vs precio 2442.00 (+33%), recMean 1.83, recKey buy",razonable,seguimiento,2319.9,2442.0,2319.90 - 2442.00,2888.84,3087.23,2888.84 - 3087.23,Pérdida del soporte en 2319.90 | ROE negativo durante 2 trimestres consecutivos | Ampliación de capital dilutiva | Recorte de rating a bono basura,12-18,"IMPERIAL BRANDS PLC ORD 10P está un 32.8% por debajo de su máximo 52s. Fundamentalmente sólida con ROE 37.2%, deuda neta/EBITDA 2.7x. Técnicamente 🟢 Divergencia alcista RSI, 🟢 base_pattern_detected. Clasificación: seguimiento.","IMPERIAL BRANDS PLC ORD 10P está un 32.8% por debajo de su máximo 52s. Fundamentalmente sólida con ROE 37.2%, deuda neta/EBITDA 2.7x. Técnicamente 🟢 Divergencia alcista RSI, 🟢 base_pattern_detected. Clasificación: seguimiento.",OK,
ORG.AX,ORIGIN ENE FPO [ORG],ASX,1.0,script-v2.0,1.0,2026-09-26T12:40:37.016584+02:00,64.0,70.0,94.0,49.0,0.0,4.0,46.0,29.0,17.0,4356876.0,2.41,3.4,,13.27,13.4,0.0492,False,0.0,4.0,False,11.14,-2.7,True,False,True,Sin señales de recuperación,pass,seguimiento,pendiente,0.0,desconocido,Pendiente de implementar,ausente,eps_stabilization (media): EPS 0.91 vs 0.86 (annual_eps_fallback) | dividend_maintained (baja): Dividendo actual 5.54% con caída del 15.6%,razonable,seguimiento,10.2,10.84,10.20 - 10.84,10.91,11.1,10.91 - 11.10,Pérdida del soporte en 10.20 | ROE negativo durante 2 trimestres consecutivos | Ampliación de capital dilutiva | Recorte de rating a bono basura,6-12,"ORIGIN ENE FPO [ORG] está un 15.6% por debajo de su máximo 52s. Fundamentalmente sólida con ROE 15.7%, deuda neta/EBITDA 2.4x. Técnicamente 🟡 Apoyo en MA40 semanal, 🟢 base_pattern_detected. Clasificación: seguimiento.","ORIGIN ENE FPO [ORG] está un 15.6% por debajo de su máximo 52s. Fundamentalmente sólida con ROE 15.7%, deuda neta/EBITDA 2.4x. Técnicamente 🟡 Apoyo en MA40 semanal, 🟢 base_pattern_detected. Clasificación: seguimiento.",OK,
SO,Southern Company (The),SP500,1.0,script-v2.0,1.0,2026-09-26T12:40:08.792601+02:00,63.9,63.8,75.0,54.0,0.0,4.0,64.0,41.0,23.0,5488082.0,5.2,1.4,0.1,12.08,15.8,-1.6175,False,10.9,5.3,True,91.37,-9.3,True,False,True,Sin señales de recuperación,pass,seguimiento,pendiente,0.0,desconocido,Pendiente de implementar,ausente,margin_stabilization (media): Margen gross 51.3% vs 46.5% (+4.8 pp) | dividend_maintained (baja): Dividendo actual 3.67% con caída del 17.8%,razonable,seguimiento,78.74,82.88,78.74 - 82.88,85.71,90.99,85.71 - 90.99,Pérdida del soporte en 78.74 | ROE negativo durante 2 trimestres consecutivos | Ampliación de capital dilutiva | Recorte de rating a bono basura,6-12,"Southern Company (The) está un 17.8% por debajo de su máximo 52s. Fundamentalmente sólida con ROE 11.5%, deuda neta/EBITDA 5.2x. Técnicamente 🔵 RSI en sobreventa, 🟢 Estocástico sale de sobreventa. Clasificación: seguimiento.","Southern Company (The) está un 17.8% por debajo de su máximo 52s. Fundamentalmente sólida con ROE 11.5%, deuda neta/EBITDA 5.2x. Técnicamente 🔵 RSI en sobreventa, 🟢 Estocástico sale de sobreventa. Clasificación: seguimiento.",OK,
005930.KS,SamsungElec,ASIA,1.0,script-v2.0,1.0,2026-09-26T12:41:02.852764+02:00,63.7,66.3,78.0,56.0,0.0,15.0,56.0,44.0,12.0,25080328.0,-0.74,-20.4,3.3,7.58,23.7,14156.307,False,100.0,89.6,False,233510.42,22.3,True,False,True,,pass,entrada_escalada,pendiente,0.0,desconocido,Pendiente de implementar,confirmada,"margin_stabilization (media): Margen gross 69.6% vs 61.2% (+8.4 pp) | eps_stabilization (media): EPS 10733.00 vs 7056.00 (Diluted EPS) | debt_reduction (alta): Deuda 22408721.3M vs 28138794.0M | dividend_maintained (baja): Dividendo actual 0.52% con caída del 23.8% | analyst_upgrade (media): Target 478627.88 vs precio 285500.00 (+68%), recMean 1.36, recKey strong_buy",razonable,entrada_escalada,255380.0,261711.38,255380.00 - 261711.38,222131.75,318325.0,222131.75 - 318325.00,Pérdida del soporte en 261711.38 | ROE negativo durante 2 trimestres consecutivos | Ampliación de capital dilutiva | Recorte de rating a bono basura,6-12,"SamsungElec está un 23.8% por debajo de su máximo 52s. Fundamentalmente sólida con ROE 30.8%, deuda neta/EBITDA -0.7x. Técnicamente 🟢 Divergencia alcista RSI, 🟢 Cruce alcista MACD. Clasificación: entrada_escalada.","SamsungElec está un 23.8% por debajo de su máximo 52s. Fundamentalmente sólida con ROE 30.8%, deuda neta/EBITDA -0.7x. Técnicamente 🟢 Divergencia alcista RSI, 🟢 Cruce alcista MACD. Clasificación: entrada_escalada.",OK,
AVGO,Broadcom Inc.,SP500,1.0,script-v2.0,1.0,2026-09-26T12:40:23.947886+02:00,63.5,61.6,100.0,28.0,0.0,15.0,69.0,52.0,17.0,22879156.0,0.68,-8.5,6.8,32.91,28.5,-1.1414,False,47.8,47.6,False,366.49,-3.7,True,False,True,,pass,entrada_escalada,pendiente,0.0,desconocido,Pendiente de implementar,confirmada,"margin_stabilization (media): Margen gross 69.1% vs 69.5% (-0.3 pp) | eps_stabilization (media): EPS 2.68 vs 1.91 (Diluted EPS) | debt_reduction (alta): Deuda 59419.0M vs 64907.0M | dividend_maintained (baja): Dividendo actual 0.74% con caída del 28.7% | analyst_upgrade (media): Target 531.85 vs precio 352.81 (+51%), recMean 1.26, recKey strong_buy",razonable,entrada_escalada,335.17,352.81,335.17 - 352.81,367.04,420.75,367.04 - 420.75,Pérdida del soporte en 335.17 | ROE negativo durante 2 trimestres consecutivos | Ampliación de capital dilutiva | Recorte de rating a bono basura,12-18,"Broadcom Inc. está un 28.7% por debajo de su máximo 52s. Fundamentalmente sólida con ROE 44.2%, deuda neta/EBITDA 0.7x. Técnicamente 🟢 Cruce alcista MACD, 🟡 Apoyo en MA40 semanal. Clasificación: entrada_escalada.","Broadcom Inc. está un 28.7% por debajo de su máximo 52s. Fundamentalmente sólida con ROE 44.2%, deuda neta/EBITDA 0.7x. Técnicamente 🟢 Cruce alcista MACD, 🟡 Apoyo en MA40 semanal. Clasificación: entrada_escalada.",OK,
NG.L,NATIONAL GRID PLC ORD 12 204/47,EUROSTOXX,1.0,script-v2.0,1.0,2026-09-26T12:39:30.013254+02:00,63.2,63.7,69.0,59.0,0.0,4.0,62.0,45.0,17.0,10172639.0,6.39,0.3,,14.37,21.1,-24.9225,False,41.8,49.1,False,1237.44,-8.9,True,False,True,Sin señales de recuperación,pass,seguimiento,pendiente,0.0,desconocido,Pendiente de implementar,ausente,eps_stabilization (media): EPS 0.66 vs 0.61 (annual_eps_fallback) | dividend_maintained (baja): Dividendo actual 0.04% con caída del 21.1%,razonable,seguimiento,1096.5,1127.0,1096.50 - 1127.00,1214.22,1233.5,1214.22 - 1233.50,Pérdida del soporte en 1096.50 | ROE negativo durante 2 trimestres consecutivos | Ampliación de capital dilutiva | Recorte de rating a bono basura,6-12,"NATIONAL GRID PLC ORD 12 204/47 está un 21.1% por debajo de su máximo 52s. Fundamentalmente sólida con ROE 8.4%, deuda neta/EBITDA 6.4x. Técnicamente 🟢 Cerca de soporte, 🟡 Apoyo en MA40 semanal. Clasificación: seguimiento.","NATIONAL GRID PLC ORD 12 204/47 está un 21.1% por debajo de su máximo 52s. Fundamentalmente sólida con ROE 8.4%, deuda neta/EBITDA 6.4x. Técnicamente 🟢 Cerca de soporte, 🟡 Apoyo en MA40 semanal. Clasificación: seguimiento.",OK,
ABT,Abbott Laboratories,SP500,1.0,script-v2.0,1.0,2026-09-26T12:39:37.338464+02:00,63.0,61.0,85.0,40.0,0.0,1.0,69.0,52.0,17.0,9878958.0,2.32,136.1,0.6,17.38,26.0,0.7697,False,14.5,16.4,False,102.6,-1.3,True,False,True,Sin señales de recuperación,pass,seguimiento,pendiente,0.0,desconocido,Pendiente de implementar,ausente,dividend_maintained (baja): Dividendo actual 2.49% con caída del 25.2%,razonable,seguimiento,100.9,101.29,100.90 - 101.29,103.72,115.13,103.72 - 115.13,Pérdida del soporte en 100.90 | ROE negativo durante 2 trimestres consecutivos | Ampliación de capital dilutiva | Recorte de rating a bono basura,12-18,"Abbott Laboratories está un 25.2% por debajo de su máximo 52s. Fundamentalmente sólida con ROE 10.6%, deuda neta/EBITDA 2.3x. Técnicamente 🟡 MACD convergiendo, 🟢 Cerca de soporte. Clasificación: seguimiento.","Abbott Laboratories está un 25.2% por debajo de su máximo 52s. Fundamentalmente sólida con ROE 10.6%, deuda neta/EBITDA 2.3x. Técnicamente 🟡 MACD convergiendo, 🟢 Cerca de soporte. Clasificación: seguimiento.",OK,
IBM,International Business Machines,SP500,1.0,script-v2.0,1.0,2026-09-26T12:39:58.560070+02:00,62.9,64.1,94.0,38.0,0.0,12.0,59.0,47.0,12.0,8409459.0,3.47,-6.5,0.1,16.37,31.7,-7.4235,False,1.2,8.0,False,252.92,-10.8,True,False,True,,pass,entrada_escalada,pendiente,0.0,desconocido,Pendiente de implementar,confirmada,margin_stabilization (media): Margen gross 57.7% vs 56.2% (+1.5 pp) | eps_stabilization (media): EPS 2.27 vs 1.28 (Diluted EPS) | debt_reduction (alta): Deuda 65272.0M vs 69802.0M | dividend_maintained (baja): Dividendo actual 3.00% con caída del 32.2%,razonable,entrada_escalada,223.49,225.51,223.49 - 225.51,254.81,282.59,254.81 - 282.59,Pérdida del soporte en 223.49 | ROE negativo durante 2 trimestres consecutivos | Ampliación de capital dilutiva | Recorte de rating a bono basura,12-18,"International Business Machines está un 32.2% por debajo de su máximo 52s. Fundamentalmente sólida con ROE 34.5%, deuda neta/EBITDA 3.5x. Técnicamente 🟢 Divergencia alcista RSI, 🟢 Cerca de soporte. Clasificación: entrada_escalada.","International Business Machines está un 32.2% por debajo de su máximo 52s. Fundamentalmente sólida con ROE 34.5%, deuda neta/EBITDA 3.5x. Técnicamente 🟢 Divergencia alcista RSI, 🟢 Cerca de soporte. Clasificación: entrada_escalada.",OK,
GPT.AX,GPT STAPLED [GPT],ASX,1.0,script-v2.0,1.0,2026-09-26T12:40:38.414943+02:00,62.6,66.8,78.0,57.0,0.0,7.0,50.0,45.0,5.0,6039797.0,9.11,17.2,,22.9,19.7,-0.0827,False,13.7,35.9,False,4.82,-8.5,False,False,True,,pass,seguimiento,pendiente,0.0,desconocido,Pendiente de implementar,parcial,"eps_stabilization (media): EPS 0.51 vs -0.10 (annual_eps_fallback) | dividend_maintained (baja): Dividendo actual 5.44% con caída del 23.3% | analyst_upgrade (media): Target 5.43 vs precio 4.41 (+23%), recKey none",razonable,seguimiento,4.19,4.41,4.19 - 4.41,4.84,4.89,4.84 - 4.89,Pérdida del soporte en 4.19 | ROE negativo durante 2 trimestres consecutivos | Ampliación de capital dilutiva | Recorte de rating a bono basura,6-12,"GPT STAPLED [GPT] está un 23.3% por debajo de su máximo 52s. Fundamentalmente sólida con ROE 10.0%, deuda neta/EBITDA 9.1x. Técnicamente 🟢 Divergencia alcista RSI, 🟡 Apoyo en MA40 semanal. Clasificación: seguimiento.","GPT STAPLED [GPT] está un 23.3% por debajo de su máximo 52s. Fundamentalmente sólida con ROE 10.0%, deuda neta/EBITDA 9.1x. Técnicamente 🟢 Divergencia alcista RSI, 🟡 Apoyo en MA40 semanal. Clasificación: seguimiento.",OK,
0012.HK,HENDERSON LAND,ASIA,1.0,script-v2.0,1.0,2026-09-26T12:40:58.125857+02:00,62.5,53.9,55.0,53.0,0.0,1.0,88.0,71.0,17.0,8316447.0,20.38,90.3,,42.05,23.1,-0.5213,False,58.0,60.8,False,28.51,-8.0,True,False,False,Sin señales de recuperación,pass,descarte,pendiente,0.0,desconocido,Pendiente de implementar,ausente,dividend_maintained (baja): Dividendo actual 4.81% con caída del 26.5%,fuerte,descarte,25.9,26.22,25.90 - 26.22,28.5,30.31,28.50 - 30.31,Pérdida del soporte en 25.90 | ROE negativo durante 2 trimestres consecutivos | Ampliación de capital dilutiva | Recorte de rating a bono basura,12-18,"HENDERSON LAND está un 26.5% por debajo de su máximo 52s. Fundamentalmente aceptable con ROE 2.5%, deuda neta/EBITDA 20.4x. Técnicamente 🟢 Divergencia alcista RSI, 🟢 Cruce alcista MACD. Clasificación: descarte.","HENDERSON LAND está un 26.5% por debajo de su máximo 52s. Fundamentalmente aceptable con ROE 2.5%, deuda neta/EBITDA 20.4x. Técnicamente 🟢 Divergencia alcista RSI, 🟢 Cruce alcista MACD. Clasificación: descarte.",OK,
T,AT&T Inc.,SP500,1.0,script-v2.0,1.0,2026-09-26T12:39:38.592388+02:00,62.2,62.3,89.0,39.0,0.0,7.0,62.0,39.0,23.0,57045456.0,3.3,5.4,-0.1,7.57,11.7,0.1922,False,27.2,27.1,False,24.88,2.0,True,True,True,,pass,seguimiento,pendiente,0.0,desconocido,Pendiente de implementar,parcial,margin_stabilization (media): Margen gross 61.8% vs 60.1% (+1.7 pp) | eps_stabilization (media): EPS 0.66 vs 0.54 (Diluted EPS) | dividend_maintained (baja): Dividendo actual 4.37% con caída del 13.8%,razonable,seguimiento,24.76,24.82,24.76 - 24.82,24.76,25.02,24.76 - 25.02,Pérdida del soporte en 24.82 | ROE negativo durante 2 trimestres consecutivos | Ampliación de capital dilutiva | Recorte de rating a bono basura,6-12,"AT&T Inc. está un 13.8% por debajo de su máximo 52s. Fundamentalmente sólida con ROE 18.3%, deuda neta/EBITDA 3.3x. Técnicamente 🟡 MACD convergiendo, 🟢 Cerca de soporte. Clasificación: seguimiento.","AT&T Inc. está un 13.8% por debajo de su máximo 52s. Fundamentalmente sólida con ROE 18.3%, deuda neta/EBITDA 3.3x. Técnicamente 🟡 MACD convergiendo, 🟢 Cerca de soporte. Clasificación: seguimiento.",OK,
9021.T,WEST JAPAN RAILWAY CO,ASIA,1.0,script-v2.0,1.0,2026-09-26T12:40:51.630958+02:00,62.1,68.1,82.0,56.0,0.0,1.0,44.0,21.0,23.0,2539003.0,3.67,6.6,,7.75,12.5,16.3804,False,50.4,42.2,False,2985.32,1.7,True,True,True,Sin señales de recuperación,pass,seguimiento,pendiente,0.0,desconocido,Pendiente de implementar,ausente,dividend_maintained (baja): Dividendo actual 3.21% con caída del 13.9%,incompleto,seguimiento,2779.72,2984.12,2779.72 - 2984.12,2985.23,2998.8,2985.23 - 2998.80,Pérdida del soporte en 2779.72 | ROE negativo durante 2 trimestres consecutivos | Ampliación de capital dilutiva | Recorte de rating a bono basura,6-12,"WEST JAPAN RAILWAY CO está un 13.9% por debajo de su máximo 52s. Fundamentalmente sólida con ROE 9.3%, deuda neta/EBITDA 3.7x. Técnicamente 🟡 Apoyo en MA40 semanal, 🟢 base_pattern_detected. Clasificación: seguimiento.","WEST JAPAN RAILWAY CO está un 13.9% por debajo de su máximo 52s. Fundamentalmente sólida con ROE 9.3%, deuda neta/EBITDA 3.7x. Técnicamente 🟡 Apoyo en MA40 semanal, 🟢 base_pattern_detected. Clasificación: seguimiento.",OK,
SHEL.L,SHELL PLC ORD EUR0.07,EUROSTOXX,1.0,script-v2.0,1.0,2026-09-26T12:39:23.592203+02:00,61.9,64.9,98.0,36.0,0.0,12.0,53.0,35.0,18.0,9563948.0,0.72,-3.4,9.3,4.23,3.9,125.4717,False,76.0,78.2,False,3161.36,14.2,True,True,True,,pass,entrada_escalada,pendiente,0.0,desconocido,Pendiente de implementar,confirmada,margin_stabilization (media): Margen gross 19.5% vs 19.3% (+0.2 pp) | eps_stabilization (media): EPS 1.92 vs 1.00 (Diluted EPS) | debt_reduction (alta): Deuda 73076.0M vs 75644.0M | dividend_maintained (baja): Dividendo actual 0.03% con caída del 3.9%,razonable,entrada_escalada,3404.64,3445.0,3404.64 - 3445.00,3142.09,3194.72,3142.09 - 3194.72,Pérdida del soporte en 3445.00 | ROE negativo durante 2 trimestres consecutivos | Ampliación de capital dilutiva | Recorte de rating a bono basura,6-12,"SHELL PLC ORD EUR0.07 está un 3.9% por debajo de su máximo 52s. Fundamentalmente sólida con ROE 14.3%, deuda neta/EBITDA 0.7x. Técnicamente 🟡 MACD convergiendo, 🟢 Cerca de soporte. Clasificación: entrada_escalada.","SHELL PLC ORD EUR0.07 está un 3.9% por debajo de su máximo 52s. Fundamentalmente sólida con ROE 14.3%, deuda neta/EBITDA 0.7x. Técnicamente 🟡 MACD convergiendo, 🟢 Cerca de soporte. Clasificación: entrada_escalada.",OK,
0388.HK,HKEX,ASIA,1.0,script-v2.0,1.0,2026-09-26T12:41:00.260448+02:00,61.7,64.0,96.0,36.0,0.0,10.0,55.0,38.0,17.0,3645218.0,-6.9,8.0,15.4,13.44,12.7,0.497,False,21.9,33.0,False,396.56,-2.1,True,False,True,,pass,seguimiento,pendiente,0.0,desconocido,Pendiente de implementar,parcial,"margin_stabilization (media): Margen gross 85.3% vs 80.1% (+5.2 pp) | eps_stabilization (media): EPS 4.09 vs 3.22 (Diluted EPS) | dividend_maintained (baja): Dividendo actual 3.83% con caída del 15.6% | analyst_upgrade (media): Target 511.94 vs precio 388.40 (+32%), recMean 1.44, recKey strong_buy",razonable,seguimiento,388.31,388.4,388.31 - 388.40,391.17,397.29,391.17 - 397.29,Pérdida del soporte en 388.31 | ROE negativo durante 2 trimestres consecutivos | Ampliación de capital dilutiva | Recorte de rating a bono basura,6-12,"HKEX está un 15.6% por debajo de su máximo 52s. Fundamentalmente sólida con ROE 33.6%, deuda neta/EBITDA -6.9x. Técnicamente 🟢 Cerca de soporte, 🟡 Apoyo en MA40 semanal. Clasificación: seguimiento.","HKEX está un 15.6% por debajo de su máximo 52s. Fundamentalmente sólida con ROE 33.6%, deuda neta/EBITDA -6.9x. Técnicamente 🟢 Cerca de soporte, 🟡 Apoyo en MA40 semanal. Clasificación: seguimiento.",OK,
KMB,Kimberly-Clark Corporation,SP500,1.0,script-v2.0,1.0,2026-09-26T12:40:15.578793+02:00,61.5,60.6,75.0,48.0,0.0,9.0,64.0,59.0,5.0,3943527.0,1.6,-7.7,0.9,11.04,29.9,-0.1042,False,21.4,10.9,False,100.84,-2.4,False,False,True,,pass,seguimiento,pendiente,0.0,desconocido,Pendiente de implementar,parcial,margin_stabilization (media): Margen gross 38.3% vs 36.8% (+1.4 pp) | debt_reduction (alta): Deuda 6539.0M vs 7084.0M | dividend_maintained (baja): Dividendo actual 5.20% con caída del 21.5%,razonable,seguimiento,97.74,98.43,97.74 - 98.43,100.46,106.52,100.46 - 106.52,Pérdida del soporte en 97.74 | ROE negativo durante 2 trimestres consecutivos | Ampliación de capital dilutiva | Recorte de rating a bono basura,6-12,"Kimberly-Clark Corporation está un 21.5% por debajo de su máximo 52s. Fundamentalmente sólida con ROE 104.9%, deuda neta/EBITDA 1.6x. Técnicamente 🔵 RSI recuperándose de sobreventa, 🟡 MACD convergiendo. Clasificación: seguimiento.","Kimberly-Clark Corporation está un 21.5% por debajo de su máximo 52s. Fundamentalmente sólida con ROE 104.9%, deuda neta/EBITDA 1.6x. Técnicamente 🔵 RSI recuperándose de sobreventa, 🟡 MACD convergiendo. Clasificación: seguimiento.",OK,
WMT,Walmart Inc.,SP500,1.0,script-v2.0,1.0,2026-09-26T12:39:56.083513+02:00,61.4,58.2,95.0,26.0,0.0,7.0,71.0,44.0,27.0,24370971.0,1.44,1.2,-0.4,21.03,19.9,-3.2469,True,46.5,58.3,False,118.06,-8.5,True,False,False,,pass,descarte,pendiente,0.0,desconocido,Pendiente de implementar,parcial,margin_stabilization (media): Margen gross 26.1% vs 25.1% (+1.0 pp) | eps_stabilization (media): EPS 0.80 vs 0.67 (Diluted EPS) | dividend_maintained (baja): Dividendo actual 0.92% con caída del 20.1%,fuerte,descarte,102.58,107.98,102.58 - 107.98,114.89,118.11,114.89 - 118.11,Pérdida del soporte en 102.58 | ROE negativo durante 2 trimestres consecutivos | Ampliación de capital dilutiva | Recorte de rating a bono basura,6-12,"Walmart Inc. está un 20.1% por debajo de su máximo 52s. Fundamentalmente aceptable con ROE 22.3%, deuda neta/EBITDA 1.4x. Técnicamente 🟢 Divergencia alcista RSI, 🟢 MACD semanal girando al alza. Clasificación: descarte.","Walmart Inc. está un 20.1% por debajo de su máximo 52s. Fundamentalmente aceptable con ROE 22.3%, deuda neta/EBITDA 1.4x. Técnicamente 🟢 Divergencia alcista RSI, 🟢 MACD semanal girando al alza. Clasificación: descarte.",OK,
LR.PA,LEGRAND,EUROSTOXX,1.0,script-v2.0,1.0,2026-09-26T12:38:54.194801+02:00,61.0,54.3,82.0,30.0,0.0,10.0,81.0,64.0,17.0,543981.0,2.59,16.8,-0.2,18.55,17.9,-0.4799,False,20.8,27.8,False,139.32,-3.2,True,False,False,,pass,descarte,pendiente,0.0,desconocido,Pendiente de implementar,parcial,"margin_stabilization (media): Margen gross 50.5% vs 50.5% (-0.1 pp) | eps_stabilization (media): EPS 1.26 vs 1.12 (Diluted EPS) | dividend_maintained (baja): Dividendo actual 1.76% con caída del 19.2% | analyst_upgrade (media): Target 166.94 vs precio 134.85 (+24%), recMean 2.06, recKey buy",fuerte,descarte,133.51,134.85,133.51 - 134.85,138.71,141.91,138.71 - 141.91,Pérdida del soporte en 133.51 | ROE negativo durante 2 trimestres consecutivos | Ampliación de capital dilutiva | Recorte de rating a bono basura,6-12,"LEGRAND está un 19.2% por debajo de su máximo 52s. Fundamentalmente aceptable con ROE 18.2%, deuda neta/EBITDA 2.6x. Técnicamente 🟢 Divergencia alcista RSI, 🟢 Cruce alcista MACD. Clasificación: descarte.","LEGRAND está un 19.2% por debajo de su máximo 52s. Fundamentalmente aceptable con ROE 18.2%, deuda neta/EBITDA 2.6x. Técnicamente 🟢 Divergencia alcista RSI, 🟢 Cruce alcista MACD. Clasificación: descarte.",OK,
BA.L,BAE SYSTEMS PLC ORD 2.5P,EUROSTOXX,1.0,script-v2.0,1.0,2026-09-26T12:39:30.519096+02:00,61.0,60.7,97.0,29.0,0.0,4.0,62.0,45.0,17.0,6059421.0,1.32,1.1,,17.09,16.4,6.1532,False,51.7,63.5,False,2023.35,-2.5,True,False,True,Sin señales de recuperación,pass,seguimiento,pendiente,0.0,desconocido,Pendiente de implementar,ausente,eps_stabilization (media): EPS 0.68 vs 0.64 (annual_eps_fallback) | dividend_maintained (baja): Dividendo actual 0.02% con caída del 16.4%,razonable,seguimiento,1875.25,1972.0,1875.25 - 1972.00,2006.0,2012.98,2006.00 - 2012.98,Pérdida del soporte en 1875.25 | ROE negativo durante 2 trimestres consecutivos | Ampliación de capital dilutiva | Recorte de rating a bono basura,6-12,"BAE SYSTEMS PLC ORD 2.5P está un 16.4% por debajo de su máximo 52s. Fundamentalmente sólida con ROE 18.6%, deuda neta/EBITDA 1.3x. Técnicamente 🟢 Cerca de soporte, 🟡 Apoyo en MA40 semanal. Clasificación: seguimiento.","BAE SYSTEMS PLC ORD 2.5P está un 16.4% por debajo de su máximo 52s. Fundamentalmente sólida con ROE 18.6%, deuda neta/EBITDA 1.3x. Técnicamente 🟢 Cerca de soporte, 🟡 Apoyo en MA40 semanal. Clasificación: seguimiento.",OK,
0006.HK,POWER ASSETS,ASIA,1.0,script-v2.0,1.0,2026-09-26T12:40:58.195835+02:00,60.7,64.9,98.0,36.0,0.0,9.0,48.0,25.0,23.0,2770789.0,-111.13,-16.6,,218.43,7.7,0.7397,False,5.9,25.5,False,58.63,0.9,True,True,True,,pass,seguimiento,pendiente,0.0,desconocido,Pendiente de implementar,parcial,eps_stabilization (media): EPS 2.93 vs 2.82 (annual_eps_fallback) | debt_reduction (alta): Deuda 2770.0M vs 3320.0M | dividend_maintained (baja): Dividendo actual 4.77% con caída del 11.8%,razonable,seguimiento,57.74,59.13,57.74 - 59.13,56.99,57.96,56.99 - 57.96,Pérdida del soporte en 57.74 | ROE negativo durante 2 trimestres consecutivos | Ampliación de capital dilutiva | Recorte de rating a bono basura,6-12,"POWER ASSETS está un 11.8% por debajo de su máximo 52s. Fundamentalmente sólida con ROE 18.6%, deuda neta/EBITDA -111.1x. Técnicamente 🟢 Cerca de soporte, 🟡 Apoyo en MA40 semanal. Clasificación: seguimiento.","POWER ASSETS está un 11.8% por debajo de su máximo 52s. Fundamentalmente sólida con ROE 18.6%, deuda neta/EBITDA -111.1x. Técnicamente 🟢 Cerca de soporte, 🟡 Apoyo en MA40 semanal. Clasificación: seguimiento.",OK,
O,Realty Income Corporation,SP500,1.0,script-v2.0,1.0,2026-09-26T12:40:11.840330+02:00,60.4,53.2,66.0,42.0,0.0,10.0,82.0,65.0,17.0,6025577.0,5.74,3.8,0.2,16.0,16.6,-0.5194,False,7.1,5.7,False,61.05,-9.0,True,False,False,,pass,descarte,pendiente,0.0,desconocido,Pendiente de implementar,parcial,"margin_stabilization (media): Margen gross 92.1% vs 91.9% (+0.2 pp) | eps_stabilization (media): EPS 0.37 vs 0.33 (Diluted EPS) | dividend_maintained (baja): Dividendo actual 5.87% con caída del 18.3% | analyst_upgrade (media): Target 67.26 vs precio 55.54 (+21%), recMean 2.50, recKey buy",fuerte,descarte,52.76,55.54,52.76 - 55.54,57.75,60.74,57.75 - 60.74,Pérdida del soporte en 52.76 | ROE negativo durante 2 trimestres consecutivos | Ampliación de capital dilutiva | Recorte de rating a bono basura,6-12,"Realty Income Corporation está un 18.3% por debajo de su máximo 52s. Fundamentalmente aceptable con ROE 3.2%, deuda neta/EBITDA 5.7x. Técnicamente 🔵 RSI en sobreventa, 🟡 MACD convergiendo. Clasificación: descarte.","Realty Income Corporation está un 18.3% por debajo de su máximo 52s. Fundamentalmente aceptable con ROE 3.2%, deuda neta/EBITDA 5.7x. Técnicamente 🔵 RSI en sobreventa, 🟡 MACD convergiendo. Clasificación: descarte.",OK,
WY,Weyerhaeuser Company,SP500,1.0,script-v2.0,1.0,2026-09-26T12:40:20.951411+02:00,60.0,61.0,69.0,54.0,0.0,12.0,57.0,45.0,12.0,5578243.0,7.15,-0.0,0.2,28.12,37.2,-0.5972,False,3.3,4.0,False,23.92,-16.4,True,False,True,,pass,entrada_escalada,pendiente,0.0,desconocido,Pendiente de implementar,confirmada,"eps_stabilization (media): EPS 0.23 vs 0.22 (Diluted EPS) | debt_reduction (alta): Deuda 5449.0M vs 5449.0M | dividend_maintained (baja): Dividendo actual 4.20% con caída del 27.9% | analyst_upgrade (media): Target 31.00 vs precio 20.01 (+55%), recKey none",razonable,entrada_escalada,19.01,20.01,19.01 - 20.01,23.59,23.86,23.59 - 23.86,Pérdida del soporte en 19.01 | ROE negativo durante 2 trimestres consecutivos | Ampliación de capital dilutiva | Recorte de rating a bono basura,12-18,"Weyerhaeuser Company está un 27.9% por debajo de su máximo 52s. Fundamentalmente sólida con ROE 5.0%, deuda neta/EBITDA 7.2x. Técnicamente 🔵 RSI en sobreventa, 🟢 base_pattern_detected. Clasificación: entrada_escalada.","Weyerhaeuser Company está un 27.9% por debajo de su máximo 52s. Fundamentalmente sólida con ROE 5.0%, deuda neta/EBITDA 7.2x. Técnicamente 🔵 RSI en sobreventa, 🟢 base_pattern_detected. Clasificación: entrada_escalada.",OK,
SRE,DBA Sempra,SP500,1.0,script-v2.0,1.0,2026-09-26T12:40:11.251439+02:00,60.0,57.3,68.0,48.0,0.0,7.0,68.0,50.0,18.0,3697508.0,6.23,0.6,-5.8,16.72,21.7,-2.4829,False,10.2,4.9,True,89.09,-12.5,True,False,False,,pass,descarte,pendiente,0.0,desconocido,Pendiente de implementar,parcial,"margin_stabilization (media): Margen gross 54.7% vs 52.6% (+2.1 pp) | dividend_maintained (baja): Dividendo actual 3.37% con caída del 22.9% | analyst_upgrade (media): Target 100.91 vs precio 77.93 (+29%), recMean 1.53, recKey buy",razonable,descarte,74.03,77.93,74.03 - 77.93,85.88,88.92,85.88 - 88.92,Pérdida del soporte en 74.03 | ROE negativo durante 2 trimestres consecutivos | Ampliación de capital dilutiva | Recorte de rating a bono basura,6-12,"DBA Sempra está un 22.9% por debajo de su máximo 52s. Fundamentalmente aceptable con ROE 6.7%, deuda neta/EBITDA 6.2x. Técnicamente 🔵 RSI en sobreventa, 🟢 Divergencia alcista RSI. Clasificación: descarte.","DBA Sempra está un 22.9% por debajo de su máximo 52s. Fundamentalmente aceptable con ROE 6.7%, deuda neta/EBITDA 6.2x. Técnicamente 🔵 RSI en sobreventa, 🟢 Divergencia alcista RSI. Clasificación: descarte.",OK,
LSEG.L,LONDON STOCK EXCHANGE GROUP PLC,EUROSTOXX,1.0,script-v2.0,1.0,2026-09-26T12:39:32.923969+02:00,59.6,52.9,79.0,30.0,0.0,7.0,80.0,63.0,17.0,1356099.0,2.96,35.9,,16.68,32.7,-147.2153,False,14.3,20.2,False,8741.26,-6.2,True,False,False,,pass,descarte,pendiente,0.0,desconocido,Pendiente de implementar,parcial,"eps_stabilization (media): EPS 2.37 vs 1.28 (annual_eps_fallback) | dividend_maintained (baja): Dividendo actual 0.02% con caída del 19.1% | analyst_upgrade (media): Target 11804.00 vs precio 8200.00 (+44%), recKey none",fuerte,descarte,7209.55,8200.0,7209.55 - 8200.00,8619.0,8715.02,8619.00 - 8715.02,Pérdida del soporte en 7209.55 | ROE negativo durante 2 trimestres consecutivos | Ampliación de capital dilutiva | Recorte de rating a bono basura,6-12,"LONDON STOCK EXCHANGE GROUP PLC está un 19.1% por debajo de su máximo 52s. Fundamentalmente aceptable con ROE 7.7%, deuda neta/EBITDA 3.0x. Técnicamente 🟢 Divergencia alcista RSI, 🟡 MACD convergiendo. Clasificación: descarte.","LONDON STOCK EXCHANGE GROUP PLC está un 19.1% por debajo de su máximo 52s. Fundamentalmente aceptable con ROE 7.7%, deuda neta/EBITDA 3.0x. Técnicamente 🟢 Divergencia alcista RSI, 🟡 MACD convergiendo. Clasificación: descarte.",OK,
BARC.L,BARCLAYS PLC ORD 25P,EUROSTOXX,1.0,script-v2.0,1.0,2026-09-26T12:39:27.588602+02:00,59.6,57.1,63.0,52.0,0.0,7.0,67.0,56.0,11.0,38417869.0,,471.7,,,13.8,10.1809,False,19.8,7.7,True,467.03,-0.7,False,False,False,,pass,descarte,pendiente,0.0,desconocido,Pendiente de implementar,parcial,"eps_stabilization (media): EPS 0.17 vs 0.14 (Diluted EPS) | dividend_maintained (baja): Dividendo actual 0.03% con caída del 13.8% | analyst_upgrade (media): Target 573.00 vs precio 463.90 (+24%), recMean 1.88, recKey buy",razonable,descarte,440.93,463.9,440.93 - 463.90,457.55,467.52,457.55 - 467.52,Pérdida del soporte en 440.93 | ROE negativo durante 2 trimestres consecutivos | Ampliación de capital dilutiva | Recorte de rating a bono basura,6-12,"BARCLAYS PLC ORD 25P está un 13.8% por debajo de su máximo 52s. Fundamentalmente aceptable con ROE 10.1%, dividendo 0.0%. Técnicamente 🟡 MACD convergiendo, 🟢 Cerca de soporte. Clasificación: descarte.","BARCLAYS PLC ORD 25P está un 13.8% por debajo de su máximo 52s. Fundamentalmente aceptable con ROE 10.1%, dividendo 0.0%. Técnicamente 🟡 MACD convergiendo, 🟢 Cerca de soporte. Clasificación: descarte.",OK,
HEN3.DE,Henkel AG & Co. KGaA          I,EUROSTOXX,1.0,script-v2.0,1.0,2026-09-26T12:38:40.949147+02:00,59.5,63.3,90.0,40.0,0.0,1.0,48.0,48.0,0.0,363423.0,0.72,82.7,,9.94,11.3,1.495,False,36.2,42.4,False,70.97,3.9,False,False,True,Sin señales de recuperación,pass,seguimiento,pendiente,0.0,desconocido,Pendiente de implementar,ausente,dividend_maintained (baja): Dividendo actual 2.81% con caída del 12.4%,razonable,seguimiento,73.61,73.74,73.61 - 73.74,70.89,71.57,70.89 - 71.57,Pérdida del soporte en 73.61 | ROE negativo durante 2 trimestres consecutivos | Ampliación de capital dilutiva | Recorte de rating a bono basura,6-12,"Henkel AG & Co. KGaA          I está un 12.4% por debajo de su máximo 52s. Fundamentalmente sólida con ROE 9.4%, deuda neta/EBITDA 0.7x. Técnicamente 🟢 Cruce alcista MACD, 🟢 Cerca de soporte. Clasificación: seguimiento.","Henkel AG & Co. KGaA          I está un 12.4% por debajo de su máximo 52s. Fundamentalmente sólida con ROE 9.4%, deuda neta/EBITDA 0.7x. Técnicamente 🟢 Cruce alcista MACD, 🟢 Cerca de soporte. Clasificación: seguimiento.",OK,
D,"Dominion Energy, Inc.",SP500,1.0,script-v2.0,1.0,2026-09-26T12:40:10.569546+02:00,59.4,58.8,70.0,49.0,0.0,4.0,61.0,50.0,11.0,4405287.0,6.43,4.2,-0.0,13.51,16.0,0.3435,False,8.1,3.6,True,63.51,-4.4,False,False,False,Sin señales de recuperación,pass,descarte,pendiente,0.0,desconocido,Pendiente de implementar,ausente,margin_stabilization (media): Margen gross 45.7% vs 44.2% (+1.6 pp) | dividend_maintained (baja): Dividendo actual 4.40% con caída del 16.9%,razonable,descarte,59.85,60.68,59.85 - 60.68,62.04,63.18,62.04 - 63.18,Pérdida del soporte en 59.85 | ROE negativo durante 2 trimestres consecutivos | Ampliación de capital dilutiva | Recorte de rating a bono basura,6-12,"Dominion Energy, Inc. está un 16.9% por debajo de su máximo 52s. Fundamentalmente aceptable con ROE 8.3%, deuda neta/EBITDA 6.4x. Técnicamente 🔵 RSI en sobreventa, 🟢 Cerca de soporte. Clasificación: descarte.","Dominion Energy, Inc. está un 16.9% por debajo de su máximo 52s. Fundamentalmente aceptable con ROE 8.3%, deuda neta/EBITDA 6.4x. Técnicamente 🔵 RSI en sobreventa, 🟢 Cerca de soporte. Clasificación: descarte.",OK,
051910.KS,LGCHEM,ASIA,1.0,script-v2.0,1.0,2026-09-26T12:41:04.257265+02:00,59.2,59.3,47.0,70.0,0.0,10.0,59.0,47.0,12.0,200342.0,5.53,13.1,-1.5,12.17,42.3,-19118.0961,False,2.2,2.3,False,317264.69,-20.4,True,False,False,,pass,descarte,pendiente,0.0,desconocido,Pendiente de implementar,parcial,"margin_stabilization (media): Margen gross 21.1% vs 18.9% (+2.2 pp) | eps_stabilization (media): EPS 1445.00 vs -4449.00 (Diluted EPS) | dividend_maintained (baja): Dividendo actual 0.79% con caída del 42.3% | analyst_upgrade (media): Target 401800.00 vs precio 252500.00 (+59%), recKey none",razonable,descarte,248750.0,252500.0,248750.00 - 252500.00,319685.28,371875.0,319685.28 - 371875.00,Pérdida del soporte en 248750.00 | ROE negativo durante 2 trimestres consecutivos | Ampliación de capital dilutiva | Recorte de rating a bono basura,18-24,"LGCHEM está un 42.3% por debajo de su máximo 52s. Fundamentalmente aceptable con ROE -5.7%, deuda neta/EBITDA 5.5x. Técnicamente 🟢 Divergencia alcista RSI, 🟢 Cerca de soporte. Clasificación: descarte.","LGCHEM está un 42.3% por debajo de su máximo 52s. Fundamentalmente aceptable con ROE -5.7%, deuda neta/EBITDA 5.5x. Técnicamente 🟢 Divergencia alcista RSI, 🟢 Cerca de soporte. Clasificación: descarte.",OK,
MUV2.DE,MUENCHENER RUECKVERS.-GES. AG N,EUROSTOXX,1.0,script-v2.0,1.0,2026-09-26T12:38:41.584683+02:00,58.9,63.8,99.0,33.0,0.0,7.0,44.0,39.0,5.0,273951.0,,9.4,2.4,,12.6,3.2199,False,75.4,55.6,False,503.47,1.4,False,False,True,,pass,pendiente_confirmacion,pendiente,0.0,desconocido,Pendiente de implementar,parcial,margin_stabilization (media): Margen operating 15.6% vs 13.7% (+1.9 pp) | eps_stabilization (media): EPS 17.50 vs 13.41 (Diluted EPS) | dividend_maintained (baja): Dividendo actual 4.70% con caída del 11.3%,incompleto,pendiente_confirmacion,502.59,510.4,502.59 - 510.40,489.26,504.19,489.26 - 504.19,Pérdida del soporte en 502.59 | ROE negativo durante 2 trimestres consecutivos | Ampliación de capital dilutiva | Recorte de rating a bono basura,6-12,"MUENCHENER RUECKVERS.-GES. AG N está un 11.3% por debajo de su máximo 52s. Fundamentalmente sólida con ROE 21.3%, D/E 0.24. Técnicamente 🟡 MACD convergiendo, 🟢 Cerca de soporte. Clasificación: pendiente_confirmacion.","MUENCHENER RUECKVERS.-GES. AG N está un 11.3% por debajo de su máximo 52s. Fundamentalmente sólida con ROE 21.3%, D/E 0.24. Técnicamente 🟡 MACD convergiendo, 🟢 Cerca de soporte. Clasificación: pendiente_confirmacion.",OK,
DSY.PA,DASSAULT SYSTEMES,EUROSTOXX,1.0,script-v2.0,1.0,2026-09-26T12:39:02.019410+02:00,58.7,63.6,94.0,37.0,0.0,7.0,44.0,44.0,0.0,1854225.0,-1.36,36.2,0.0,15.22,47.7,0.2497,False,77.0,70.8,False,19.86,6.1,False,False,True,,pass,pendiente_confirmacion,pendiente,0.0,desconocido,Pendiente de implementar,parcial,margin_stabilization (media): Margen gross 84.1% vs 84.0% (+0.1 pp) | eps_stabilization (media): EPS 0.22 vs 0.22 (Diluted EPS) | dividend_maintained (baja): Dividendo actual 1.28% con caída del 30.6%,incompleto,pendiente_confirmacion,20.81,21.07,20.81 - 21.07,19.96,25.81,19.96 - 25.81,Pérdida del soporte en 20.81 | ROE negativo durante 2 trimestres consecutivos | Ampliación de capital dilutiva | Recorte de rating a bono basura,12-18,"DASSAULT SYSTEMES está un 30.6% por debajo de su máximo 52s. Fundamentalmente sólida con ROE 15.1%, deuda neta/EBITDA -1.4x. Técnicamente 🟢 Cruce alcista MACD, 🟢 Cerca de soporte. Clasificación: pendiente_confirmacion.","DASSAULT SYSTEMES está un 30.6% por debajo de su máximo 52s. Fundamentalmente sólida con ROE 15.1%, deuda neta/EBITDA -1.4x. Técnicamente 🟢 Cruce alcista MACD, 🟢 Cerca de soporte. Clasificación: pendiente_confirmacion.",OK,
WES.AX,WESFARMER FPO [WES],ASX,1.0,script-v2.0,1.0,2026-09-26T12:40:30.000962+02:00,58.6,52.1,82.0,26.0,0.0,1.0,78.0,73.0,5.0,1651582.0,2.53,13.9,,19.91,20.1,-0.9327,False,32.2,29.4,False,79.27,-7.1,False,False,False,Sin señales de recuperación,pass,descarte,pendiente,0.0,desconocido,Pendiente de implementar,ausente,dividend_maintained (baja): Dividendo actual 3.02% con caída del 22.3%,fuerte,descarte,70.95,73.61,70.95 - 73.61,79.4,80.5,79.40 - 80.50,Pérdida del soporte en 70.95 | ROE negativo durante 2 trimestres consecutivos | Ampliación de capital dilutiva | Recorte de rating a bono basura,6-12,"WESFARMER FPO [WES] está un 22.3% por debajo de su máximo 52s. Fundamentalmente aceptable con ROE 33.5%, deuda neta/EBITDA 2.5x. Técnicamente 🔵 RSI en sobreventa, 🟢 Cruce alcista MACD. Clasificación: descarte.","WESFARMER FPO [WES] está un 22.3% por debajo de su máximo 52s. Fundamentalmente aceptable con ROE 33.5%, deuda neta/EBITDA 2.5x. Técnicamente 🔵 RSI en sobreventa, 🟢 Cruce alcista MACD. Clasificación: descarte.",OK,
VZ,Verizon Communications Inc.,SP500,1.0,script-v2.0,1.0,2026-09-26T12:39:39.947534+02:00,58.4,60.2,89.0,35.0,0.0,9.0,53.0,36.0,17.0,25620453.0,3.76,-1.1,0.1,7.61,8.9,1.1569,False,16.7,14.8,False,45.8,2.8,True,False,True,,pass,seguimiento,pendiente,0.0,desconocido,Pendiente de implementar,parcial,margin_stabilization (media): Margen gross 61.8% vs 60.3% (+1.5 pp) | debt_reduction (alta): Deuda 193646.0M vs 195872.0M | dividend_maintained (baja): Dividendo actual 6.01% con caída del 8.9%,razonable,seguimiento,44.44,47.08,44.44 - 47.08,43.93,45.37,43.93 - 45.37,Pérdida del soporte en 44.44 | ROE negativo durante 2 trimestres consecutivos | Ampliación de capital dilutiva | Recorte de rating a bono basura,6-12,"Verizon Communications Inc. está un 8.9% por debajo de su máximo 52s. Fundamentalmente sólida con ROE 15.8%, deuda neta/EBITDA 3.8x. Técnicamente 🟡 MACD convergiendo, 🟡 Apoyo en MA40 semanal. Clasificación: seguimiento.","Verizon Communications Inc. está un 8.9% por debajo de su máximo 52s. Fundamentalmente sólida con ROE 15.8%, deuda neta/EBITDA 3.8x. Técnicamente 🟡 MACD convergiendo, 🟡 Apoyo en MA40 semanal. Clasificación: seguimiento.",OK,
RTX,RTX Corporation,SP500,1.0,script-v2.0,1.0,2026-09-26T12:40:01.244501+02:00,58.2,57.7,95.0,25.0,0.0,15.0,60.0,55.0,5.0,4504298.0,1.92,-0.2,-0.0,18.09,16.3,3.9342,False,16.0,19.9,False,194.39,-2.6,False,False,False,,pass,descarte,pendiente,0.0,desconocido,Pendiente de implementar,confirmada,"margin_stabilization (media): Margen gross 20.8% vs 20.8% (-0.0 pp) | eps_stabilization (media): EPS 1.57 vs 1.51 (Diluted EPS) | debt_reduction (alta): Deuda 38856.0M vs 38935.0M | dividend_maintained (baja): Dividendo actual 1.54% con caída del 16.5% | analyst_upgrade (media): Target 234.41 vs precio 189.40 (+24%), recMean 1.87, recKey buy",razonable,descarte,172.71,189.4,172.71 - 189.40,192.85,193.54,192.85 - 193.54,Pérdida del soporte en 172.71 | ROE negativo durante 2 trimestres consecutivos | Ampliación de capital dilutiva | Recorte de rating a bono basura,6-12,"RTX Corporation está un 16.5% por debajo de su máximo 52s. Fundamentalmente aceptable con ROE 12.3%, deuda neta/EBITDA 1.9x. Técnicamente 🔵 RSI en sobreventa, 🟡 MACD convergiendo. Clasificación: descarte.","RTX Corporation está un 16.5% por debajo de su máximo 52s. Fundamentalmente aceptable con ROE 12.3%, deuda neta/EBITDA 1.9x. Técnicamente 🔵 RSI en sobreventa, 🟡 MACD convergiendo. Clasificación: descarte.",OK,
UNH,UnitedHealth Group Incorporated,SP500,1.0,script-v2.0,1.0,2026-09-26T12:39:54.952994+02:00,58.2,61.6,100.0,28.0,0.0,9.0,48.0,48.0,0.0,4992169.0,1.57,-5.9,0.2,14.52,37.4,10.0504,False,27.8,21.8,False,353.24,6.6,False,False,True,,pass,seguimiento,pendiente,0.0,desconocido,Pendiente de implementar,parcial,"debt_reduction (alta): Deuda 73328.0M vs 77917.0M | dividend_maintained (baja): Dividendo actual 2.46% con caída del 18.4% | analyst_upgrade (media): Target 481.72 vs precio 376.59 (+28%), recMean 1.58, recKey buy",razonable,seguimiento,349.44,376.59,349.44 - 376.59,351.47,392.38,351.47 - 392.38,Pérdida del soporte en 349.44 | ROE negativo durante 2 trimestres consecutivos | Ampliación de capital dilutiva | Recorte de rating a bono basura,6-12,"UnitedHealth Group Incorporated está un 18.4% por debajo de su máximo 52s. Fundamentalmente sólida con ROE 14.2%, deuda neta/EBITDA 1.6x. Técnicamente 🔵 RSI recuperándose de sobreventa, 🟢 Divergencia alcista RSI. Clasificación: seguimiento.","UnitedHealth Group Incorporated está un 18.4% por debajo de su máximo 52s. Fundamentalmente sólida con ROE 14.2%, deuda neta/EBITDA 1.6x. Técnicamente 🔵 RSI recuperándose de sobreventa, 🟢 Divergencia alcista RSI. Clasificación: seguimiento.",OK,
MS,Morgan Stanley,SP500,1.0,script-v2.0,1.0,2026-09-26T12:39:53.463578+02:00,58.1,55.9,82.0,33.0,0.0,7.0,65.0,48.0,17.0,5122041.0,,54.1,,,15.0,6.5255,False,8.5,5.8,False,192.79,1.8,True,False,False,,pass,descarte,pendiente,0.0,desconocido,Pendiente de implementar,parcial,"eps_stabilization (media): EPS 3.46 vs 3.43 (Diluted EPS) | dividend_maintained (baja): Dividendo actual 2.34% con caída del 15.5% | analyst_upgrade (media): Target 235.62 vs precio 196.31 (+20%), recMean 2.28, recKey buy",razonable,descarte,185.37,196.31,185.37 - 196.31,192.13,197.41,192.13 - 197.41,Pérdida del soporte en 185.37 | ROE negativo durante 2 trimestres consecutivos | Ampliación de capital dilutiva | Recorte de rating a bono basura,6-12,"Morgan Stanley está un 15.5% por debajo de su máximo 52s. Fundamentalmente aceptable con ROE 18.0%, D/E 5.17. Técnicamente 🔵 RSI en sobreventa, 🟡 MACD convergiendo. Clasificación: descarte.","Morgan Stanley está un 15.5% por debajo de su máximo 52s. Fundamentalmente aceptable con ROE 18.0%, D/E 5.17. Técnicamente 🔵 RSI en sobreventa, 🟡 MACD convergiendo. Clasificación: descarte.",OK,
REN.AS,RELX,EUROSTOXX,1.0,script-v2.0,1.0,2026-09-26T12:39:06.450044+02:00,58.0,56.7,70.0,45.0,0.0,7.0,62.0,45.0,17.0,1003021.0,2.64,22.6,,18.34,39.2,-0.1691,False,42.5,36.2,False,29.49,0.2,True,False,False,,pass,descarte,pendiente,0.0,desconocido,Pendiente de implementar,parcial,"eps_stabilization (media): EPS 1.12 vs 1.03 (annual_eps_fallback) | dividend_maintained (baja): Dividendo actual 2.71% con caída del 27.7% | analyst_upgrade (media): Target 47.15 vs precio 29.54 (+60%), recMean 1.00, recKey strong_buy",razonable,descarte,29.0,29.54,29.00 - 29.54,29.6,34.75,29.60 - 34.75,Pérdida del soporte en 29.00 | ROE negativo durante 2 trimestres consecutivos | Ampliación de capital dilutiva | Recorte de rating a bono basura,12-18,"RELX está un 27.7% por debajo de su máximo 52s. Fundamentalmente aceptable con ROE 131.9%, deuda neta/EBITDA 2.6x. Técnicamente 🟡 MACD convergiendo, 🟢 Cerca de soporte. Clasificación: descarte.","RELX está un 27.7% por debajo de su máximo 52s. Fundamentalmente aceptable con ROE 131.9%, deuda neta/EBITDA 2.6x. Técnicamente 🟡 MACD convergiendo, 🟢 Cerca de soporte. Clasificación: descarte.",OK,
000660.KS,SK hynix,ASIA,1.0,script-v2.0,1.0,2026-09-26T12:41:04.170697+02:00,58.0,66.3,77.0,57.0,0.0,15.0,33.0,33.0,0.0,4921334.0,-0.47,-3.3,4.1,8.76,37.6,120738.5382,False,76.8,81.7,False,1461357.33,27.4,False,False,True,,pass,pendiente_confirmacion,pendiente,0.0,desconocido,Pendiente de implementar,confirmada,"margin_stabilization (media): Margen gross 83.2% vs 79.3% (+3.9 pp) | eps_stabilization (media): EPS 131478.00 vs 56670.00 (Diluted EPS) | debt_reduction (alta): Deuda 21113138.6M vs 21832416.0M | dividend_maintained (baja): Dividendo actual 0.08% con caída del 37.7% | analyst_upgrade (media): Target 3184025.50 vs precio 1862000.00 (+71%), recMean 1.34, recKey strong_buy",incompleto,pendiente_confirmacion,1693957.07,1854597.89,1693957.07 - 1854597.89,1386445.62,2538950.0,1386445.62 - 2538950.00,Pérdida del soporte en 1854597.89 | ROE negativo durante 2 trimestres consecutivos | Ampliación de capital dilutiva | Recorte de rating a bono basura,12-18,"SK hynix está un 37.7% por debajo de su máximo 52s. Fundamentalmente sólida con ROE 92.7%, deuda neta/EBITDA -0.5x. Técnicamente 🟢 Divergencia alcista RSI, 🟢 Cerca de soporte. Clasificación: pendiente_confirmacion.","SK hynix está un 37.7% por debajo de su máximo 52s. Fundamentalmente sólida con ROE 92.7%, deuda neta/EBITDA -0.5x. Técnicamente 🟢 Divergencia alcista RSI, 🟢 Cerca de soporte. Clasificación: pendiente_confirmacion.",OK,
VIV.PA,VIVENDI SE,EUROSTOXX,1.0,script-v2.0,1.0,2026-09-26T12:39:00.315557+02:00,57.8,58.1,48.0,67.0,0.0,7.0,57.0,57.0,0.0,2579435.0,9.68,30.7,,-48.69,86.1,-0.2003,False,2.3,7.2,False,2.0,-27.3,False,False,False,,pass,descarte,pendiente,0.0,desconocido,Pendiente de implementar,parcial,"eps_stabilization (media): EPS 0.94 vs 0.75 (annual_eps_fallback) | dividend_maintained (baja): Dividendo actual 2.75% con caída del 54.6% | analyst_upgrade (media): Target 2.12 vs precio 1.46 (+46%), recMean 2.43, recKey buy",razonable,descarte,1.46,1.46,1.46,2.02,2.73,2.02 - 2.73,Pérdida del soporte en 1.46 | ROE negativo durante 2 trimestres consecutivos | Ampliación de capital dilutiva | Recorte de rating a bono basura,18-24,"VIVENDI SE está un 54.6% por debajo de su máximo 52s. Fundamentalmente aceptable con ROE 0.3%, deuda neta/EBITDA 9.7x. Técnicamente 🔵 RSI en sobreventa, 🟢 Cerca de soporte. Clasificación: descarte.","VIVENDI SE está un 54.6% por debajo de su máximo 52s. Fundamentalmente aceptable con ROE 0.3%, deuda neta/EBITDA 9.7x. Técnicamente 🔵 RSI en sobreventa, 🟢 Cerca de soporte. Clasificación: descarte.",OK,
GOOG,Alphabet Inc.,SP500,1.0,script-v2.0,1.0,2026-09-26T12:40:22.853623+02:00,57.6,55.9,74.0,40.0,0.0,7.0,63.0,46.0,17.0,18341779.0,-0.7,435.1,0.0,23.49,15.6,3.7208,False,45.0,37.0,False,337.19,1.2,True,False,False,,pass,descarte,pendiente,0.0,desconocido,Pendiente de implementar,parcial,"eps_stabilization (media): EPS 9.11 vs 5.11 (Diluted EPS) | dividend_maintained (baja): Dividendo actual 0.26% con caída del 15.7% | analyst_upgrade (media): Target 422.34 vs precio 341.08 (+24%), recMean 1.38, recKey strong_buy",razonable,descarte,338.81,341.08,338.81 - 341.08,336.4,343.8,336.40 - 343.80,Pérdida del soporte en 338.81 | ROE negativo durante 2 trimestres consecutivos | Ampliación de capital dilutiva | Recorte de rating a bono basura,6-12,"Alphabet Inc. está un 15.7% por debajo de su máximo 52s. Fundamentalmente aceptable con ROE 48.7%, deuda neta/EBITDA -0.7x. Técnicamente 🟢 Divergencia alcista RSI, 🟢 Cerca de soporte. Clasificación: descarte.","Alphabet Inc. está un 15.7% por debajo de su máximo 52s. Fundamentalmente aceptable con ROE 48.7%, deuda neta/EBITDA -0.7x. Técnicamente 🟢 Divergencia alcista RSI, 🟢 Cerca de soporte. Clasificación: descarte.",OK,
RACE.MI,FERRARI,EUROSTOXX,1.0,script-v2.0,1.0,2026-09-26T12:39:13.709425+02:00,57.5,60.0,100.0,25.0,0.0,7.0,50.0,44.0,6.0,437696.0,0.7,8.1,0.0,26.13,26.2,12.5538,False,52.7,70.5,False,314.39,13.6,False,True,False,,pass,descarte,pendiente,0.0,desconocido,Pendiente de implementar,parcial,margin_stabilization (media): Margen gross 52.6% vs 51.8% (+0.8 pp) | eps_stabilization (media): EPS 2.62 vs 2.33 (Diluted EPS) | dividend_maintained (baja): Dividendo actual 1.01% con caída del 17.2%,razonable,descarte,349.46,351.68,349.46 - 351.68,314.23,366.52,314.23 - 366.52,Pérdida del soporte en 349.46 | ROE negativo durante 2 trimestres consecutivos | Ampliación de capital dilutiva | Recorte de rating a bono basura,6-12,"FERRARI está un 17.2% por debajo de su máximo 52s. Fundamentalmente aceptable con ROE 45.4%, deuda neta/EBITDA 0.7x. Técnicamente 🟢 Cruce alcista MACD, 🟢 Cerca de soporte. Clasificación: descarte.","FERRARI está un 17.2% por debajo de su máximo 52s. Fundamentalmente aceptable con ROE 45.4%, deuda neta/EBITDA 0.7x. Técnicamente 🟢 Cruce alcista MACD, 🟢 Cerca de soporte. Clasificación: descarte.",OK,
PRY.MI,PRYSMIAN,EUROSTOXX,1.0,script-v2.0,1.0,2026-09-26T12:39:13.898391+02:00,57.0,56.4,98.0,20.0,0.0,10.0,59.0,42.0,17.0,1139938.0,1.59,1.3,0.9,15.41,22.2,1.9196,False,40.3,52.2,False,119.24,2.7,True,False,False,,pass,descarte,pendiente,0.0,desconocido,Pendiente de implementar,parcial,"margin_stabilization (media): Margen gross 35.7% vs 35.5% (+0.3 pp) | eps_stabilization (media): EPS 0.80 vs 0.52 (Diluted EPS) | dividend_maintained (baja): Dividendo actual 0.74% con caída del 22.2% | analyst_upgrade (media): Target 156.53 vs precio 122.40 (+28%), recMean 1.76, recKey buy",razonable,descarte,117.19,122.4,117.19 - 122.40,118.08,133.66,118.08 - 133.66,Pérdida del soporte en 117.19 | ROE negativo durante 2 trimestres consecutivos | Ampliación de capital dilutiva | Recorte de rating a bono basura,6-12,"PRYSMIAN está un 22.2% por debajo de su máximo 52s. Fundamentalmente aceptable con ROE 22.4%, deuda neta/EBITDA 1.6x. Técnicamente 🟢 Divergencia alcista RSI, 🟢 Cerca de soporte. Clasificación: descarte.","PRYSMIAN está un 22.2% por debajo de su máximo 52s. Fundamentalmente aceptable con ROE 22.4%, deuda neta/EBITDA 1.6x. Técnicamente 🟢 Divergencia alcista RSI, 🟢 Cerca de soporte. Clasificación: descarte.",OK,
PG,Procter & Gamble Company (The),SP500,1.0,script-v2.0,1.0,2026-09-26T12:39:34.666308+02:00,56.8,55.7,100.0,17.0,0.0,6.0,60.0,33.0,27.0,8844934.0,1.01,-5.4,0.7,14.79,15.3,-0.3308,True,59.5,63.3,False,146.58,-0.2,True,False,False,,pass,descarte,pendiente,0.0,desconocido,Pendiente de implementar,parcial,debt_reduction (alta): Deuda 35025.0M vs 37026.0M | dividend_maintained (baja): Dividendo actual 2.97% con caída del 12.6%,razonable,descarte,142.43,145.86,142.43 - 145.86,142.16,146.02,142.16 - 146.02,Pérdida del soporte en 142.43 | ROE negativo durante 2 trimestres consecutivos | Ampliación de capital dilutiva | Recorte de rating a bono basura,6-12,"Procter & Gamble Company (The) está un 12.6% por debajo de su máximo 52s. Fundamentalmente aceptable con ROE 30.3%, deuda neta/EBITDA 1.0x. Técnicamente 🟢 Cerca de soporte, 🟢 MACD semanal girando al alza. Clasificación: descarte.","Procter & Gamble Company (The) está un 12.6% por debajo de su máximo 52s. Fundamentalmente aceptable con ROE 30.3%, deuda neta/EBITDA 1.0x. Técnicamente 🟢 Cerca de soporte, 🟢 MACD semanal girando al alza. Clasificación: descarte.",OK,
F,Ford Motor Company,SP500,1.0,script-v2.0,1.0,2026-09-26T12:40:19.017373+02:00,56.7,50.5,42.0,58.0,0.0,4.0,75.0,52.0,23.0,48653120.0,18.47,2.4,5.0,25.11,27.7,0.1556,False,8.7,4.7,True,13.36,-4.9,True,False,False,Sin señales de recuperación,pass,descarte,pendiente,0.0,desconocido,Pendiente de implementar,ausente,"dividend_maintained (baja): Dividendo actual 4.72% con caída del 28.5% | analyst_upgrade (media): Target 16.03 vs precio 12.71 (+26%), recMean 2.35, recKey buy",fuerte,descarte,12.13,12.71,12.13 - 12.71,13.29,15.11,13.29 - 15.11,Pérdida del soporte en 12.13 | ROE negativo durante 2 trimestres consecutivos | Ampliación de capital dilutiva | Recorte de rating a bono basura,12-18,"Ford Motor Company está un 28.5% por debajo de su máximo 52s. Fundamentalmente aceptable con ROE -18.3%, deuda neta/EBITDA 18.5x. Técnicamente 🟡 MACD convergiendo, 🟢 Cerca de soporte. Clasificación: descarte.","Ford Motor Company está un 28.5% por debajo de su máximo 52s. Fundamentalmente aceptable con ROE -18.3%, deuda neta/EBITDA 18.5x. Técnicamente 🟡 MACD convergiendo, 🟢 Cerca de soporte. Clasificación: descarte.",OK,
KPN.AS,KPN KON,EUROSTOXX,1.0,script-v2.0,1.0,2026-09-26T12:39:05.185628+02:00,56.5,51.3,71.0,34.0,0.0,4.0,72.0,55.0,17.0,10430067.0,2.85,3.9,-15.1,9.25,13.7,-0.0601,False,46.0,25.5,False,4.25,-4.4,True,False,False,Sin señales de recuperación,pass,descarte,pendiente,0.0,desconocido,Pendiente de implementar,ausente,margin_stabilization (media): Margen gross 67.9% vs 68.1% (-0.2 pp) | dividend_maintained (baja): Dividendo actual 4.68% con caída del 17.3%,fuerte,descarte,4.05,4.06,4.05 - 4.06,4.17,4.23,4.17 - 4.23,Pérdida del soporte en 4.05 | ROE negativo durante 2 trimestres consecutivos | Ampliación de capital dilutiva | Recorte de rating a bono basura,6-12,"KPN KON está un 17.3% por debajo de su máximo 52s. Fundamentalmente aceptable con ROE 26.1%, deuda neta/EBITDA 2.9x. Técnicamente 🟢 Divergencia alcista RSI, 🟡 MACD convergiendo. Clasificación: descarte.","KPN KON está un 17.3% por debajo de su máximo 52s. Fundamentalmente aceptable con ROE 26.1%, deuda neta/EBITDA 2.9x. Técnicamente 🟢 Divergencia alcista RSI, 🟡 MACD convergiendo. Clasificación: descarte.",OK,
TWE.AX,TREA WINE FPO [TWE],ASX,1.0,script-v2.0,1.0,2026-09-26T12:40:40.294960+02:00,56.5,58.7,56.0,61.0,0.0,8.0,50.0,44.0,6.0,3554878.0,,-9.2,,-6.93,53.9,0.1409,False,68.0,62.9,False,4.79,13.2,False,True,False,,pass,descarte,pendiente,0.0,desconocido,Pendiente de implementar,parcial,eps_stabilization (media): EPS 0.54 vs 0.13 (annual_eps_fallback) | debt_reduction (alta): Deuda 1996.7M vs 2198.6M,razonable,descarte,5.32,5.38,5.32 - 5.38,4.79,6.14,4.79 - 6.14,Pérdida del soporte en 5.38 | ROE negativo durante 2 trimestres consecutivos | Ampliación de capital dilutiva | Recorte de rating a bono basura,6-12,"TREA WINE FPO [TWE] está un 24.9% por debajo de su máximo 52s. Fundamentalmente aceptable con ROE -26.5%, D/E 0.60. Técnicamente 🟢 Cruce alcista MACD, 🟢 Cerca de soporte. Clasificación: descarte.","TREA WINE FPO [TWE] está un 24.9% por debajo de su máximo 52s. Fundamentalmente aceptable con ROE -26.5%, D/E 0.60. Técnicamente 🟢 Cruce alcista MACD, 🟢 Cerca de soporte. Clasificación: descarte.",OK,
TTE.PA,TOTALENERGIES,EUROSTOXX,1.0,script-v2.0,1.0,2026-09-26T12:38:59.562527+02:00,56.2,58.9,100.0,23.0,0.0,6.0,48.0,30.0,18.0,3503069.0,0.79,-1.7,7.0,5.34,1.5,2.8926,False,71.1,80.3,False,70.7,13.1,True,True,False,,pass,descarte,pendiente,0.0,desconocido,Pendiente de implementar,parcial,debt_reduction (alta): Deuda 62917.0M vs 64008.0M | dividend_maintained (baja): Dividendo actual 4.50% con caída del 1.7%,razonable,descarte,73.14,76.65,73.14 - 76.65,69.14,70.21,69.14 - 70.21,Pérdida del soporte en 73.14 | ROE negativo durante 2 trimestres consecutivos | Ampliación de capital dilutiva | Recorte de rating a bono basura,6-12,"TOTALENERGIES está un 1.7% por debajo de su máximo 52s. Fundamentalmente aceptable con ROE 14.5%, deuda neta/EBITDA 0.8x. Técnicamente 🟢 Cruce alcista MACD, 🟢 base_pattern_detected. Clasificación: descarte.","TOTALENERGIES está un 1.7% por debajo de su máximo 52s. Fundamentalmente aceptable con ROE 14.5%, deuda neta/EBITDA 0.8x. Técnicamente 🟢 Cruce alcista MACD, 🟢 base_pattern_detected. Clasificación: descarte.",OK,
ENI.MI,ENI,EUROSTOXX,1.0,script-v2.0,1.0,2026-09-26T12:39:09.082807+02:00,55.9,58.5,99.0,23.0,0.0,7.0,48.0,30.0,18.0,8395247.0,1.65,1.2,12.0,7.33,1.5,0.9818,False,79.5,88.8,False,21.09,14.2,True,True,False,,pass,descarte,pendiente,0.0,desconocido,Pendiente de implementar,parcial,margin_stabilization (media): Margen gross 12.6% vs 6.5% (+6.1 pp) | eps_stabilization (media): EPS 1.09 vs 0.34 (Diluted EPS) | dividend_maintained (baja): Dividendo actual 4.48% con caída del 3.7%,razonable,descarte,22.47,23.27,22.47 - 23.27,20.9,21.27,20.90 - 21.27,Pérdida del soporte en 22.47 | ROE negativo durante 2 trimestres consecutivos | Ampliación de capital dilutiva | Recorte de rating a bono basura,6-12,"ENI está un 3.7% por debajo de su máximo 52s. Fundamentalmente aceptable con ROE 10.9%, deuda neta/EBITDA 1.6x. Técnicamente 🟢 Cruce alcista MACD, 🟢 base_pattern_detected. Clasificación: descarte.","ENI está un 3.7% por debajo de su máximo 52s. Fundamentalmente aceptable con ROE 10.9%, deuda neta/EBITDA 1.6x. Técnicamente 🟢 Cruce alcista MACD, 🟢 base_pattern_detected. Clasificación: descarte.",OK,
BA,Boeing Company (The),SP500,1.0,script-v2.0,1.0,2026-09-26T12:40:04.097865+02:00,55.7,49.6,48.0,51.0,0.0,11.0,74.0,56.0,18.0,5881259.0,3.95,-11.2,-0.2,-64.01,22.1,-4.033,False,17.6,17.2,True,221.84,-10.7,True,False,False,,pass,descarte,pendiente,0.0,desconocido,Pendiente de implementar,parcial,"margin_stabilization (media): Margen gross 11.5% vs 7.6% (+3.9 pp) | debt_reduction (alta): Deuda 48362.0M vs 54433.0M | analyst_upgrade (media): Target 273.50 vs precio 198.07 (+38%), recMean 1.48, recKey strong_buy",fuerte,descarte,195.46,198.07,195.46 - 198.07,216.2,221.08,216.20 - 221.08,Pérdida del soporte en 195.46 | ROE negativo durante 2 trimestres consecutivos | Ampliación de capital dilutiva | Recorte de rating a bono basura,6-12,"Boeing Company (The) está un 22.1% por debajo de su máximo 52s. Fundamentalmente aceptable con ROE 173.5%, deuda neta/EBITDA 4.0x. Técnicamente 🟡 MACD convergiendo, 🟢 Cerca de soporte. Clasificación: descarte.","Boeing Company (The) está un 22.1% por debajo de su máximo 52s. Fundamentalmente aceptable con ROE 173.5%, deuda neta/EBITDA 4.0x. Técnicamente 🟡 MACD convergiendo, 🟢 Cerca de soporte. Clasificación: descarte.",OK,
CBA.AX,CWLTH BANK FPO [CBA],ASX,1.0,script-v2.0,1.0,2026-09-26T12:40:26.159599+02:00,55.6,54.2,75.0,36.0,0.0,4.0,60.0,43.0,17.0,1979560.0,,67.1,,,17.8,-2.5225,False,24.8,17.1,False,163.27,-7.6,True,False,False,Sin señales de recuperación,pass,descarte,pendiente,0.0,desconocido,Pendiente de implementar,ausente,eps_stabilization (media): EPS 6.49 vs 6.04 (annual_eps_fallback) | dividend_maintained (baja): Dividendo actual 3.35% con caída del 18.7%,razonable,descarte,143.29,150.83,143.29 - 150.83,157.75,162.87,157.75 - 162.87,Pérdida del soporte en 143.29 | ROE negativo durante 2 trimestres consecutivos | Ampliación de capital dilutiva | Recorte de rating a bono basura,6-12,"CWLTH BANK FPO [CBA] está un 18.7% por debajo de su máximo 52s. Fundamentalmente aceptable con ROE 13.9%, dividendo 3.4%. Técnicamente 🟡 MACD convergiendo, 🟡 Apoyo en MA40 semanal. Clasificación: descarte.","CWLTH BANK FPO [CBA] está un 18.7% por debajo de su máximo 52s. Fundamentalmente aceptable con ROE 13.9%, dividendo 3.4%. Técnicamente 🟡 MACD convergiendo, 🟡 Apoyo en MA40 semanal. Clasificación: descarte.",OK,
VIE.PA,VEOLIA ENVIRON.,EUROSTOXX,1.0,script-v2.0,1.0,2026-09-26T12:38:59.642426+02:00,55.4,56.1,62.0,51.0,0.0,4.0,53.0,48.0,5.0,1574727.0,4.21,67.3,,8.64,16.7,-0.1889,False,20.9,17.8,False,33.02,-5.0,False,False,False,Sin señales de recuperación,pass,descarte,pendiente,0.0,desconocido,Pendiente de implementar,ausente,"dividend_maintained (baja): Dividendo actual 4.78% con caída del 16.7% | analyst_upgrade (media): Target 39.56 vs precio 31.36 (+26%), recKey none",razonable,descarte,29.79,31.36,29.79 - 31.36,32.01,32.89,32.01 - 32.89,Pérdida del soporte en 29.79 | ROE negativo durante 2 trimestres consecutivos | Ampliación de capital dilutiva | Recorte de rating a bono basura,6-12,"VEOLIA ENVIRON. está un 16.7% por debajo de su máximo 52s. Fundamentalmente aceptable con ROE 13.4%, deuda neta/EBITDA 4.2x. Técnicamente 🔵 RSI en sobreventa, 🟡 Apoyo en MA40 semanal. Clasificación: descarte.","VEOLIA ENVIRON. está un 16.7% por debajo de su máximo 52s. Fundamentalmente aceptable con ROE 13.4%, deuda neta/EBITDA 4.2x. Técnicamente 🔵 RSI en sobreventa, 🟡 Apoyo en MA40 semanal. Clasificación: descarte.",OK,
ABI.BR,AB INBEV,EUROSTOXX,1.0,script-v2.0,1.0,2026-09-26T12:39:14.449577+02:00,55.2,65.7,95.0,40.0,0.0,15.0,24.0,24.0,0.0,1698957.0,3.28,-0.4,0.0,10.43,11.2,1.182,False,32.0,35.7,False,65.67,3.1,False,False,True,Sin suelo técnico identificado,pass,seguimiento,pendiente,0.0,desconocido,Pendiente de implementar,confirmada,"margin_stabilization (media): Margen gross 57.5% vs 56.6% (+0.9 pp) | eps_stabilization (media): EPS 1.90 vs 1.30 (Diluted EPS) | debt_reduction (alta): Deuda 72732.0M vs 73027.0M | dividend_maintained (baja): Dividendo actual 1.70% con caída del 11.2% | analyst_upgrade (media): Target 83.33 vs precio 67.68 (+23%), recMean 1.60, recKey buy",sin_suelo,seguimiento,60.51,67.68,60.51 - 67.68,64.75,65.36,64.75 - 65.36,Pérdida del soporte en 60.51 | ROE negativo durante 2 trimestres consecutivos | Ampliación de capital dilutiva | Recorte de rating a bono basura,6-12,"AB INBEV está un 11.2% por debajo de su máximo 52s. Fundamentalmente sólida con ROE 11.4%, deuda neta/EBITDA 3.3x. Técnicamente sin suelo técnico identificado. Clasificación: seguimiento.","AB INBEV está un 11.2% por debajo de su máximo 52s. Fundamentalmente sólida con ROE 11.4%, deuda neta/EBITDA 3.3x. Técnicamente sin suelo técnico identificado. Clasificación: seguimiento.",OK,
KER.PA,KERING,EUROSTOXX,1.0,script-v2.0,1.0,2026-09-26T12:38:53.278508+02:00,55.2,55.9,57.0,55.0,0.0,9.0,53.0,41.0,12.0,307334.0,3.75,-1.3,,14.98,36.0,-5.5355,False,3.4,5.1,False,259.04,-13.8,True,False,False,,pass,descarte,pendiente,0.0,desconocido,Pendiente de implementar,parcial,"debt_reduction (alta): Deuda 17907.0M vs 18149.0M | dividend_maintained (baja): Dividendo actual 1.34% con caída del 36.9% | analyst_upgrade (media): Target 283.91 vs precio 223.35 (+27%), recMean 2.88, recKey hold",razonable,descarte,212.18,223.35,212.18 - 223.35,259.96,301.07,259.96 - 301.07,Pérdida del soporte en 212.18 | ROE negativo durante 2 trimestres consecutivos | Ampliación de capital dilutiva | Recorte de rating a bono basura,12-18,"KERING está un 36.9% por debajo de su máximo 52s. Fundamentalmente aceptable con ROE -1.6%, deuda neta/EBITDA 3.8x. Técnicamente 🔵 RSI en sobreventa, 🟢 base_pattern_detected. Clasificación: descarte.","KERING está un 36.9% por debajo de su máximo 52s. Fundamentalmente aceptable con ROE -1.6%, deuda neta/EBITDA 3.8x. Técnicamente 🔵 RSI en sobreventa, 🟢 base_pattern_detected. Clasificación: descarte.",OK,
BMY,Bristol-Myers Squibb Company,SP500,1.0,script-v2.0,1.0,2026-09-26T12:40:06.194545+02:00,55.0,51.7,88.0,20.0,0.0,12.0,65.0,53.0,12.0,11051339.0,1.8,-3.0,1.5,8.58,8.4,2.4063,False,42.7,18.8,False,58.93,6.7,True,False,False,,pass,descarte,pendiente,0.0,desconocido,Pendiente de implementar,confirmada,margin_stabilization (media): Margen gross 71.3% vs 70.2% (+1.1 pp) | eps_stabilization (media): EPS 1.62 vs 1.31 (Diluted EPS) | debt_reduction (alta): Deuda 45053.0M vs 46428.0M | dividend_maintained (baja): Dividendo actual 4.01% con caída del 8.4%,razonable,descarte,62.81,62.86,62.81 - 62.86,58.34,58.41,58.34 - 58.41,Pérdida del soporte en 62.81 | ROE negativo durante 2 trimestres consecutivos | Ampliación de capital dilutiva | Recorte de rating a bono basura,6-12,"Bristol-Myers Squibb Company está un 8.4% por debajo de su máximo 52s. Fundamentalmente aceptable con ROE 46.6%, deuda neta/EBITDA 1.8x. Técnicamente 🔵 RSI recuperándose de sobreventa, 🟡 MACD convergiendo. Clasificación: descarte.","Bristol-Myers Squibb Company está un 8.4% por debajo de su máximo 52s. Fundamentalmente aceptable con ROE 46.6%, deuda neta/EBITDA 1.8x. Técnicamente 🔵 RSI recuperándose de sobreventa, 🟡 MACD convergiendo. Clasificación: descarte.",OK,
AMT,American Tower Corporation (REI,SP500,1.0,script-v2.0,1.0,2026-09-26T12:40:13.038409+02:00,55.0,51.3,63.0,41.0,0.0,12.0,66.0,43.0,23.0,2821263.0,6.14,-0.3,-0.0,18.24,25.1,-1.3585,False,19.5,9.5,True,176.0,-4.0,True,False,False,,pass,descarte,pendiente,0.0,desconocido,Pendiente de implementar,confirmada,"eps_stabilization (media): EPS 1.86 vs 1.84 (Diluted EPS) | debt_reduction (alta): Deuda 44979.9M vs 45131.2M | dividend_maintained (baja): Dividendo actual 4.24% con caída del 13.8% | analyst_upgrade (media): Target 215.70 vs precio 169.03 (+28%), recMean 1.52, recKey buy",razonable,descarte,160.58,169.03,160.58 - 169.03,166.67,175.35,166.67 - 175.35,Pérdida del soporte en 160.58 | ROE negativo durante 2 trimestres consecutivos | Ampliación de capital dilutiva | Recorte de rating a bono basura,6-12,"American Tower Corporation (REI está un 13.8% por debajo de su máximo 52s. Fundamentalmente aceptable con ROE 33.9%, deuda neta/EBITDA 6.1x. Técnicamente 🟢 Divergencia alcista RSI, 🟢 Estocástico sale de sobreventa. Clasificación: descarte.","American Tower Corporation (REI está un 13.8% por debajo de su máximo 52s. Fundamentalmente aceptable con ROE 33.9%, deuda neta/EBITDA 6.1x. Técnicamente 🟢 Divergencia alcista RSI, 🟢 Estocástico sale de sobreventa. Clasificación: descarte.",OK,
BEN.AX,BEN ADE BK FPO [BEN],ASX,1.0,script-v2.0,1.0,2026-09-26T12:40:40.761801+02:00,54.9,56.5,56.0,57.0,0.0,4.0,50.0,33.0,17.0,1527913.0,,13.3,,,18.3,0.0027,False,49.1,39.5,False,10.31,0.1,True,False,False,Sin señales de recuperación,pass,descarte,pendiente,0.0,desconocido,Pendiente de implementar,ausente,eps_stabilization (media): EPS 0.63 vs -0.17 (annual_eps_fallback) | dividend_maintained (baja): Dividendo actual 6.40% con caída del 22.5%,razonable,descarte,10.01,10.32,10.01 - 10.32,10.28,11.32,10.28 - 11.32,Pérdida del soporte en 10.01 | ROE negativo durante 2 trimestres consecutivos | Ampliación de capital dilutiva | Recorte de rating a bono basura,6-12,"BEN ADE BK FPO [BEN] está un 22.5% por debajo de su máximo 52s. Fundamentalmente aceptable con ROE 5.6%, dividendo 6.4%. Técnicamente 🟢 Cerca de soporte, 🟡 Apoyo en MA40 semanal. Clasificación: descarte.","BEN ADE BK FPO [BEN] está un 22.5% por debajo de su máximo 52s. Fundamentalmente aceptable con ROE 5.6%, dividendo 6.4%. Técnicamente 🟢 Cerca de soporte, 🟡 Apoyo en MA40 semanal. Clasificación: descarte.",OK,
WBC.AX,WESTPAC FPO [WBC],ASX,1.0,script-v2.0,1.0,2026-09-26T12:40:28.031867+02:00,54.8,54.5,71.0,40.0,0.0,1.0,56.0,39.0,17.0,4382721.0,,21.4,,,18.8,-0.8001,False,48.5,46.7,False,37.38,-7.7,True,False,False,Sin señales de recuperación,pass,descarte,pendiente,0.0,desconocido,Pendiente de implementar,ausente,dividend_maintained (baja): Dividendo actual 4.47% con caída del 20.4%,razonable,descarte,32.77,34.49,32.77 - 34.49,36.82,37.37,36.82 - 37.37,Pérdida del soporte en 32.77 | ROE negativo durante 2 trimestres consecutivos | Ampliación de capital dilutiva | Recorte de rating a bono basura,6-12,"WESTPAC FPO [WBC] está un 20.4% por debajo de su máximo 52s. Fundamentalmente aceptable con ROE 9.8%, dividendo 4.5%. Técnicamente 🟢 Divergencia alcista RSI, 🟡 Apoyo en MA40 semanal. Clasificación: descarte.","WESTPAC FPO [WBC] está un 20.4% por debajo de su máximo 52s. Fundamentalmente aceptable con ROE 9.8%, dividendo 4.5%. Técnicamente 🟢 Divergencia alcista RSI, 🟡 Apoyo en MA40 semanal. Clasificación: descarte.",OK,
SRG.MI,SNAM,EUROSTOXX,1.0,script-v2.0,1.0,2026-09-26T12:39:11.599994+02:00,54.8,53.0,61.0,46.0,0.0,4.0,60.0,55.0,5.0,5806052.0,6.2,17.9,-29.3,12.39,16.3,-0.1064,False,66.4,71.4,False,6.03,-7.3,False,False,False,Sin señales de recuperación,pass,descarte,pendiente,0.0,desconocido,Pendiente de implementar,ausente,margin_stabilization (media): Margen gross 110.4% vs 77.6% (+32.8 pp) | dividend_maintained (baja): Dividendo actual 5.37% con caída del 18.7%,razonable,descarte,5.4,5.59,5.40 - 5.59,5.84,5.99,5.84 - 5.99,Pérdida del soporte en 5.40 | ROE negativo durante 2 trimestres consecutivos | Ampliación de capital dilutiva | Recorte de rating a bono basura,6-12,"SNAM está un 18.7% por debajo de su máximo 52s. Fundamentalmente aceptable con ROE 12.4%, deuda neta/EBITDA 6.2x. Técnicamente 🟢 Divergencia alcista RSI, 🟢 Cerca de soporte. Clasificación: descarte.","SNAM está un 18.7% por debajo de su máximo 52s. Fundamentalmente aceptable con ROE 12.4%, deuda neta/EBITDA 6.2x. Técnicamente 🟢 Divergencia alcista RSI, 🟢 Cerca de soporte. Clasificación: descarte.",OK,
ENEL.MI,ENEL,EUROSTOXX,1.0,script-v2.0,1.0,2026-09-26T12:39:08.850020+02:00,54.0,52.7,81.0,28.0,0.0,1.0,58.0,53.0,5.0,18474637.0,3.33,4.3,-10.1,8.34,11.8,-0.0286,False,67.0,52.6,False,9.34,-4.6,False,False,False,Sin señales de recuperación,pass,descarte,pendiente,0.0,desconocido,Pendiente de implementar,ausente,dividend_maintained (baja): Dividendo actual 5.83% con caída del 13.5%,razonable,descarte,8.46,8.91,8.46 - 8.91,8.76,9.31,8.76 - 9.31,Pérdida del soporte en 8.46 | ROE negativo durante 2 trimestres consecutivos | Ampliación de capital dilutiva | Recorte de rating a bono basura,6-12,"ENEL está un 13.5% por debajo de su máximo 52s. Fundamentalmente aceptable con ROE 12.3%, deuda neta/EBITDA 3.3x. Técnicamente 🔵 RSI recuperándose de sobreventa, 🟢 Divergencia alcista RSI. Clasificación: descarte.","ENEL está un 13.5% por debajo de su máximo 52s. Fundamentalmente aceptable con ROE 12.3%, deuda neta/EBITDA 3.3x. Técnicamente 🔵 RSI recuperándose de sobreventa, 🟢 Divergencia alcista RSI. Clasificación: descarte.",OK,
WFC,Wells Fargo & Company,SP500,1.0,script-v2.0,1.0,2026-09-26T12:39:51.377856+02:00,53.9,55.8,75.0,39.0,0.0,7.0,48.0,43.0,5.0,14338619.0,,121.3,,,13.7,1.3461,False,18.3,10.1,False,83.92,-1.1,False,False,False,,pass,descarte,pendiente,0.0,desconocido,Pendiente de implementar,parcial,"eps_stabilization (media): EPS 2.00 vs 1.60 (Diluted EPS) | dividend_maintained (baja): Dividendo actual 2.41% con caída del 15.1% | analyst_upgrade (media): Target 100.37 vs precio 82.97 (+21%), recMean 1.85, recKey buy",razonable,descarte,74.75,82.97,74.75 - 82.97,83.1,84.29,83.10 - 84.29,Pérdida del soporte en 74.75 | ROE negativo durante 2 trimestres consecutivos | Ampliación de capital dilutiva | Recorte de rating a bono basura,6-12,"Wells Fargo & Company está un 15.1% por debajo de su máximo 52s. Fundamentalmente aceptable con ROE 12.6%, dividendo 2.4%. Técnicamente 🟡 MACD convergiendo, 🟡 Apoyo en MA40 semanal. Clasificación: descarte.","Wells Fargo & Company está un 15.1% por debajo de su máximo 52s. Fundamentalmente aceptable con ROE 12.6%, dividendo 2.4%. Técnicamente 🟡 MACD convergiendo, 🟡 Apoyo en MA40 semanal. Clasificación: descarte.",OK,
2914.T,JAPAN TOBACCO INC,ASIA,1.0,script-v2.0,1.0,2026-09-26T12:40:53.508573+02:00,53.5,52.6,99.0,12.0,0.0,6.0,56.0,50.0,6.0,4239686.0,0.71,-0.1,,11.07,3.8,329.6419,False,86.4,71.6,False,6090.69,14.0,False,True,False,,pass,descarte,pendiente,0.0,desconocido,Pendiente de implementar,parcial,debt_reduction (alta): Deuda 1676772.0M vs 1678688.0M | dividend_maintained (baja): Dividendo actual 3.92% con caída del 3.8%,razonable,descarte,6780.54,6813.0,6780.54 - 6813.00,6030.84,6135.3,6030.84 - 6135.30,Pérdida del soporte en 6813.00 | ROE negativo durante 2 trimestres consecutivos | Ampliación de capital dilutiva | Recorte de rating a bono basura,6-12,"JAPAN TOBACCO INC está un 3.8% por debajo de su máximo 52s. Fundamentalmente aceptable con ROE 14.3%, deuda neta/EBITDA 0.7x. Técnicamente 🟢 Cruce alcista MACD, 🟢 Volumen creciente. Clasificación: descarte.","JAPAN TOBACCO INC está un 3.8% por debajo de su máximo 52s. Fundamentalmente aceptable con ROE 14.3%, deuda neta/EBITDA 0.7x. Técnicamente 🟢 Cruce alcista MACD, 🟢 Volumen creciente. Clasificación: descarte.",OK,
0002.HK,CLP HOLDINGS,ASIA,1.0,script-v2.0,1.0,2026-09-26T12:40:56.124535+02:00,53.5,60.7,89.0,36.0,0.0,1.0,32.0,32.0,0.0,3237706.0,2.63,9.8,,11.16,3.8,1.5805,False,11.6,31.9,False,74.02,3.1,False,False,True,Sin señales de recuperación,pass,seguimiento,pendiente,0.0,desconocido,Pendiente de implementar,ausente,dividend_maintained (baja): Dividendo actual 4.19% con caída del 4.4%,incompleto,seguimiento,74.14,76.3,74.14 - 76.30,67.83,73.42,67.83 - 73.42,Pérdida del soporte en 74.14 | ROE negativo durante 2 trimestres consecutivos | Ampliación de capital dilutiva | Recorte de rating a bono basura,6-12,"CLP HOLDINGS está un 4.4% por debajo de su máximo 52s. Fundamentalmente sólida con ROE 10.1%, deuda neta/EBITDA 2.6x. Técnicamente 🟢 Cerca de soporte. Clasificación: seguimiento.","CLP HOLDINGS está un 4.4% por debajo de su máximo 52s. Fundamentalmente sólida con ROE 10.1%, deuda neta/EBITDA 2.6x. Técnicamente 🟢 Cerca de soporte. Clasificación: seguimiento.",OK,
ULVR.L,UNILEVER PLC ORD 3.5P,EUROSTOXX,1.0,script-v2.0,1.0,2026-09-26T12:39:25.978574+02:00,53.3,51.7,80.0,27.0,0.0,1.0,58.0,53.0,5.0,3595262.0,2.41,4.7,,11.84,15.8,15.047,False,60.0,67.0,False,4645.03,0.4,False,False,False,Sin señales de recuperación,pass,descarte,pendiente,0.0,desconocido,Pendiente de implementar,ausente,dividend_maintained (baja): Dividendo actual 0.04% con caída del 15.8%,razonable,descarte,4550.97,4664.5,4550.97 - 4664.50,4653.74,4710.79,4653.74 - 4710.79,Pérdida del soporte en 4550.97 | ROE negativo durante 2 trimestres consecutivos | Ampliación de capital dilutiva | Recorte de rating a bono basura,6-12,"UNILEVER PLC ORD 3.5P está un 15.8% por debajo de su máximo 52s. Fundamentalmente aceptable con ROE 31.9%, deuda neta/EBITDA 2.4x. Técnicamente 🟢 Cruce alcista MACD, 🟢 Cerca de soporte. Clasificación: descarte.","UNILEVER PLC ORD 3.5P está un 15.8% por debajo de su máximo 52s. Fundamentalmente aceptable con ROE 31.9%, deuda neta/EBITDA 2.4x. Técnicamente 🟢 Cruce alcista MACD, 🟢 Cerca de soporte. Clasificación: descarte.",OK,
SAP.DE,SAP SE                        I,EUROSTOXX,1.0,script-v2.0,1.0,2026-09-26T12:38:43.390783+02:00,53.1,54.9,97.0,18.0,0.0,7.0,48.0,30.0,18.0,2594497.0,-0.14,26.4,0.9,18.15,32.7,5.3275,False,80.8,77.3,False,163.74,13.5,True,True,False,,pass,descarte,pendiente,0.0,desconocido,Pendiente de implementar,parcial,margin_stabilization (media): Margen gross 73.2% vs 73.0% (+0.2 pp) | eps_stabilization (media): EPS 1.88 vs 1.65 (Diluted EPS) | dividend_maintained (baja): Dividendo actual 1.34% con caída del 23.9%,razonable,descarte,174.84,177.66,174.84 - 177.66,164.95,207.66,164.95 - 207.66,Pérdida del soporte en 177.66 | ROE negativo durante 2 trimestres consecutivos | Ampliación de capital dilutiva | Recorte de rating a bono basura,6-12,"SAP SE                        I está un 23.9% por debajo de su máximo 52s. Fundamentalmente aceptable con ROE 18.3%, deuda neta/EBITDA -0.1x. Técnicamente 🟡 MACD convergiendo, 🟢 Cerca de soporte. Clasificación: descarte.","SAP SE                        I está un 23.9% por debajo de su máximo 52s. Fundamentalmente aceptable con ROE 18.3%, deuda neta/EBITDA -0.1x. Técnicamente 🟡 MACD convergiendo, 🟢 Cerca de soporte. Clasificación: descarte.",OK,
CVX,Chevron Corporation,SP500,1.0,script-v2.0,1.0,2026-09-26T12:39:40.123081+02:00,53.0,53.1,100.0,12.0,0.0,12.0,53.0,35.0,18.0,8800240.0,0.56,-18.4,12.3,8.59,6.1,8.6933,False,21.6,26.0,False,184.49,10.8,True,True,False,,pass,descarte,pendiente,0.0,desconocido,Pendiente de implementar,confirmada,margin_stabilization (media): Margen gross 36.5% vs 28.4% (+8.1 pp) | eps_stabilization (media): EPS 6.11 vs 1.11 (Diluted EPS) | debt_reduction (alta): Deuda 37075.0M vs 45428.0M | dividend_maintained (baja): Dividendo actual 3.48% con caída del 6.1%,razonable,descarte,196.89,200.31,196.89 - 200.31,182.64,185.11,182.64 - 185.11,Pérdida del soporte en 196.89 | ROE negativo durante 2 trimestres consecutivos | Ampliación de capital dilutiva | Recorte de rating a bono basura,6-12,"Chevron Corporation está un 6.1% por debajo de su máximo 52s. Fundamentalmente aceptable con ROE 12.2%, deuda neta/EBITDA 0.6x. Técnicamente 🟡 MACD convergiendo, 🟢 Cerca de soporte. Clasificación: descarte.","Chevron Corporation está un 6.1% por debajo de su máximo 52s. Fundamentalmente aceptable con ROE 12.2%, deuda neta/EBITDA 0.6x. Técnicamente 🟡 MACD convergiendo, 🟢 Cerca de soporte. Clasificación: descarte.",OK,
BAC,Bank of America Corporation,SP500,1.0,script-v2.0,1.0,2026-09-26T12:39:50.980424+02:00,52.7,54.3,74.0,37.0,0.0,7.0,48.0,48.0,0.0,33146170.0,,115.6,,,12.6,2.1294,False,11.9,6.2,False,54.82,3.4,False,False,False,,pass,descarte,pendiente,0.0,desconocido,Pendiente de implementar,parcial,"eps_stabilization (media): EPS 1.21 vs 1.11 (Diluted EPS) | dividend_maintained (baja): Dividendo actual 2.26% con caída del 13.1% | analyst_upgrade (media): Target 68.62 vs precio 56.70 (+21%), recMean 1.50, recKey strong_buy",razonable,descarte,50.41,56.7,50.41 - 56.70,54.79,55.45,54.79 - 55.45,Pérdida del soporte en 50.41 | ROE negativo durante 2 trimestres consecutivos | Ampliación de capital dilutiva | Recorte de rating a bono basura,6-12,"Bank of America Corporation está un 13.1% por debajo de su máximo 52s. Fundamentalmente aceptable con ROE 11.2%, dividendo 2.3%. Técnicamente 🔵 RSI en sobreventa, 🟡 MACD convergiendo. Clasificación: descarte.","Bank of America Corporation está un 13.1% por debajo de su máximo 52s. Fundamentalmente aceptable con ROE 11.2%, dividendo 2.3%. Técnicamente 🔵 RSI en sobreventa, 🟡 MACD convergiendo. Clasificación: descarte.",OK,
8058.T,MITSUBISHI CORP,ASIA,1.0,script-v2.0,1.0,2026-09-26T12:40:50.636694+02:00,52.5,52.3,80.0,28.0,0.0,4.0,53.0,30.0,23.0,7917025.0,5.99,9.6,,29.87,19.2,65.8888,False,15.4,21.5,False,4797.21,1.3,True,True,False,Sin señales de recuperación,pass,descarte,pendiente,0.0,desconocido,Pendiente de implementar,ausente,eps_stabilization (media): EPS 81.08 vs 51.34 (Diluted EPS) | dividend_maintained (baja): Dividendo actual 2.59% con caída del 19.2%,razonable,descarte,4605.85,4807.2,4605.85 - 4807.20,4695.68,5110.2,4695.68 - 5110.20,Pérdida del soporte en 4605.85 | ROE negativo durante 2 trimestres consecutivos | Ampliación de capital dilutiva | Recorte de rating a bono basura,6-12,"MITSUBISHI CORP está un 19.2% por debajo de su máximo 52s. Fundamentalmente aceptable con ROE 10.1%, deuda neta/EBITDA 6.0x. Técnicamente 🟢 Divergencia alcista RSI, 🟡 Apoyo en MA40 semanal. Clasificación: descarte.","MITSUBISHI CORP está un 19.2% por debajo de su máximo 52s. Fundamentalmente aceptable con ROE 10.1%, deuda neta/EBITDA 6.0x. Técnicamente 🟢 Divergencia alcista RSI, 🟡 Apoyo en MA40 semanal. Clasificación: descarte.",OK,
ZURN.SW,ZURICH INSURANCE N,EUROSTOXX,1.0,script-v2.0,1.0,2026-09-26T12:39:22.578785+02:00,52.3,59.1,97.0,26.0,0.0,9.0,32.0,32.0,0.0,243595.0,-1.5,-2.1,,6.17,7.2,10.6405,False,21.9,13.5,False,563.38,3.2,False,False,True,,pass,pendiente_confirmacion,pendiente,0.0,desconocido,Pendiente de implementar,parcial,eps_stabilization (media): EPS 47.20 vs 40.15 (annual_eps_fallback) | debt_reduction (alta): Deuda 15358.0M vs 15681.0M | dividend_maintained (baja): Dividendo actual 5.16% con caída del 7.2%,incompleto,pendiente_confirmacion,538.53,581.2,538.53 - 581.20,532.1,563.15,532.10 - 563.15,Pérdida del soporte en 538.53 | ROE negativo durante 2 trimestres consecutivos | Ampliación de capital dilutiva | Recorte de rating a bono basura,6-12,"ZURICH INSURANCE N está un 7.2% por debajo de su máximo 52s. Fundamentalmente aceptable con ROE 25.7%, deuda neta/EBITDA -1.5x. Técnicamente 🟢 Divergencia alcista RSI. Clasificación: pendiente_confirmacion.","ZURICH INSURANCE N está un 7.2% por debajo de su máximo 52s. Fundamentalmente aceptable con ROE 25.7%, deuda neta/EBITDA -1.5x. Técnicamente 🟢 Divergencia alcista RSI. Clasificación: pendiente_confirmacion.",OK,
GLE.PA,SOCIETE GENERALE,EUROSTOXX,1.0,script-v2.0,1.0,2026-09-26T12:38:52.860054+02:00,52.0,51.0,67.0,37.0,0.0,7.0,55.0,50.0,5.0,1705432.0,,117.1,,,14.7,1.8003,False,41.4,20.7,False,71.39,1.3,False,False,False,,pass,descarte,pendiente,0.0,desconocido,Pendiente de implementar,parcial,"eps_stabilization (media): EPS 2.05 vs 1.88 (Diluted EPS) | dividend_maintained (baja): Dividendo actual 2.42% con caída del 14.7% | analyst_upgrade (media): Target 88.36 vs precio 72.31 (+22%), recMean 1.95, recKey buy",razonable,descarte,71.61,72.31,71.61 - 72.31,71.52,72.1,71.52 - 72.10,Pérdida del soporte en 71.61 | ROE negativo durante 2 trimestres consecutivos | Ampliación de capital dilutiva | Recorte de rating a bono basura,6-12,"SOCIETE GENERALE está un 14.7% por debajo de su máximo 52s. Fundamentalmente aceptable con ROE 9.5%, dividendo 2.4%. Técnicamente 🟡 MACD convergiendo, 🟢 Cerca de soporte. Clasificación: descarte.","SOCIETE GENERALE está un 14.7% por debajo de su máximo 52s. Fundamentalmente aceptable con ROE 9.5%, dividendo 2.4%. Técnicamente 🟡 MACD convergiendo, 🟢 Cerca de soporte. Clasificación: descarte.",OK,
TEN.MI,TENARIS,EUROSTOXX,1.0,script-v2.0,1.0,2026-09-26T12:39:12.574400+02:00,52.0,51.0,83.0,23.0,0.0,6.0,55.0,37.0,18.0,1305464.0,-0.85,-5.6,4.6,8.23,12.2,0.4327,False,52.8,70.6,False,23.16,5.4,True,True,False,,pass,descarte,pendiente,0.0,desconocido,Pendiente de implementar,parcial,debt_reduction (alta): Deuda 447.0M vs 473.5M | dividend_maintained (baja): Dividendo actual 4.22% con caída del 12.2%,razonable,descarte,23.56,24.07,23.56 - 24.07,23.03,23.65,23.03 - 23.65,Pérdida del soporte en 23.56 | ROE negativo durante 2 trimestres consecutivos | Ampliación de capital dilutiva | Recorte de rating a bono basura,6-12,"TENARIS está un 12.2% por debajo de su máximo 52s. Fundamentalmente aceptable con ROE 11.6%, deuda neta/EBITDA -0.8x. Técnicamente 🟢 Divergencia alcista RSI, 🟢 Cerca de soporte. Clasificación: descarte.","TENARIS está un 12.2% por debajo de su máximo 52s. Fundamentalmente aceptable con ROE 11.6%, deuda neta/EBITDA -0.8x. Técnicamente 🟢 Divergencia alcista RSI, 🟢 Cerca de soporte. Clasificación: descarte.",OK,
BHP.L,BHP GROUP LIMITED ORD NPV (DI),EUROSTOXX,1.0,script-v2.0,1.0,2026-09-26T12:39:28.386212+02:00,52.0,48.7,93.0,10.0,0.0,4.0,62.0,50.0,12.0,818100.0,0.33,1.4,,5.94,11.0,138.6959,False,29.9,31.5,False,2939.99,8.7,True,False,False,Sin señales de recuperación,pass,descarte,pendiente,0.0,desconocido,Pendiente de implementar,ausente,eps_stabilization (media): EPS 1.93 vs 1.77 (annual_eps_fallback) | dividend_maintained (baja): Dividendo actual 0.04% con caída del 11.0%,razonable,descarte,2971.26,3197.0,2971.26 - 3197.00,2927.31,3053.2,2927.31 - 3053.20,Pérdida del soporte en 2971.26 | ROE negativo durante 2 trimestres consecutivos | Ampliación de capital dilutiva | Recorte de rating a bono basura,6-12,"BHP GROUP LIMITED ORD NPV (DI) está un 11.0% por debajo de su máximo 52s. Fundamentalmente aceptable con ROE 24.0%, deuda neta/EBITDA 0.3x. Técnicamente 🔵 RSI recuperándose de sobreventa, 🟡 MACD convergiendo. Clasificación: descarte.","BHP GROUP LIMITED ORD NPV (DI) está un 11.0% por debajo de su máximo 52s. Fundamentalmente aceptable con ROE 24.0%, deuda neta/EBITDA 0.3x. Técnicamente 🔵 RSI recuperándose de sobreventa, 🟡 MACD convergiendo. Clasificación: descarte.",OK,
NESN.SW,NESTLE N,EUROSTOXX,1.0,script-v2.0,1.0,2026-09-26T12:39:21.032773+02:00,51.8,44.7,73.0,20.0,0.0,1.0,73.0,68.0,5.0,3192738.0,3.45,8.6,,15.53,11.4,0.0463,False,21.6,26.2,False,77.8,-0.8,False,False,False,Sin señales de recuperación,pass,descarte,pendiente,0.0,desconocido,Pendiente de implementar,ausente,dividend_maintained (baja): Dividendo actual 4.02% con caída del 11.4%,fuerte,descarte,73.31,77.17,73.31 - 77.17,74.03,77.71,74.03 - 77.71,Pérdida del soporte en 73.31 | ROE negativo durante 2 trimestres consecutivos | Ampliación de capital dilutiva | Recorte de rating a bono basura,6-12,"NESTLE N está un 11.4% por debajo de su máximo 52s. Fundamentalmente aceptable con ROE 26.2%, deuda neta/EBITDA 3.5x. Técnicamente 🔵 RSI recuperándose de sobreventa, 🟢 Divergencia alcista RSI. Clasificación: descarte.","NESTLE N está un 11.4% por debajo de su máximo 52s. Fundamentalmente aceptable con ROE 26.2%, deuda neta/EBITDA 3.5x. Técnicamente 🔵 RSI recuperándose de sobreventa, 🟢 Divergencia alcista RSI. Clasificación: descarte.",OK,
MO,"Altria Group, Inc.",SP500,1.0,script-v2.0,1.0,2026-09-26T12:40:14.995853+02:00,51.5,52.3,79.0,29.0,0.0,9.0,49.0,37.0,12.0,8472106.0,1.41,-0.1,14.7,8.7,9.3,0.9436,False,56.7,58.2,False,65.76,4.6,True,False,False,,pass,descarte,pendiente,0.0,desconocido,Pendiente de implementar,parcial,eps_stabilization (media): EPS 1.37 vs 1.30 (Diluted EPS) | debt_reduction (alta): Deuda 24577.0M vs 24602.0M | dividend_maintained (baja): Dividendo actual 6.45% con caída del 10.7%,razonable,descarte,67.57,68.07,67.57 - 68.07,65.09,65.5,65.09 - 65.50,Pérdida del soporte en 67.57 | ROE negativo durante 2 trimestres consecutivos | Ampliación de capital dilutiva | Recorte de rating a bono basura,6-12,"Altria Group, Inc. está un 10.7% por debajo de su máximo 52s. Fundamentalmente aceptable con deuda neta/EBITDA 1.4x, dividendo 6.5%. Técnicamente 🟢 Divergencia alcista RSI, 🟢 Cerca de soporte. Clasificación: descarte.","Altria Group, Inc. está un 10.7% por debajo de su máximo 52s. Fundamentalmente aceptable con deuda neta/EBITDA 1.4x, dividendo 6.5%. Técnicamente 🟢 Divergencia alcista RSI, 🟢 Cerca de soporte. Clasificación: descarte.",OK,
SHW,Sherwin-Williams Company (The),SP500,1.0,script-v2.0,1.0,2026-09-26T12:39:50.183208+02:00,51.5,43.3,70.0,20.0,0.0,7.0,76.0,59.0,17.0,1890496.0,3.13,9.0,0.0,20.0,16.5,0.5303,False,82.0,56.1,False,332.85,-1.1,True,False,False,,pass,descarte,pendiente,0.0,desconocido,Pendiente de implementar,parcial,margin_stabilization (media): Margen gross 49.2% vs 49.1% (+0.1 pp) | eps_stabilization (media): EPS 3.43 vs 2.15 (Diluted EPS) | dividend_maintained (baja): Dividendo actual 0.97% con caída del 12.9%,fuerte,descarte,316.13,329.1,316.13 - 329.10,321.1,331.91,321.10 - 331.91,Pérdida del soporte en 316.13 | ROE negativo durante 2 trimestres consecutivos | Ampliación de capital dilutiva | Recorte de rating a bono basura,6-12,"Sherwin-Williams Company (The) está un 12.9% por debajo de su máximo 52s. Fundamentalmente aceptable con ROE 65.1%, deuda neta/EBITDA 3.1x. Técnicamente 🟢 Cruce alcista MACD, 🟢 Cerca de soporte. Clasificación: descarte.","Sherwin-Williams Company (The) está un 12.9% por debajo de su máximo 52s. Fundamentalmente aceptable con ROE 65.1%, deuda neta/EBITDA 3.1x. Técnicamente 🟢 Cruce alcista MACD, 🟢 Cerca de soporte. Clasificación: descarte.",OK,
AFL,AFLAC Incorporated,SP500,1.0,script-v2.0,1.0,2026-09-26T12:39:48.246610+02:00,51.4,57.3,85.0,33.0,0.0,1.0,34.0,29.0,5.0,2082409.0,1.19,104.6,-6.9,10.59,12.2,1.0022,False,13.8,17.2,False,114.23,-0.4,False,False,False,Sin señales de recuperación,pass,descarte,pendiente,0.0,desconocido,Pendiente de implementar,ausente,dividend_maintained (baja): Dividendo actual 2.15% con caída del 12.7%,incompleto,descarte,108.03,113.72,108.03 - 113.72,110.69,114.01,110.69 - 114.01,Pérdida del soporte en 108.03 | ROE negativo durante 2 trimestres consecutivos | Ampliación de capital dilutiva | Recorte de rating a bono basura,6-12,"AFLAC Incorporated está un 12.7% por debajo de su máximo 52s. Fundamentalmente aceptable con ROE 16.9%, deuda neta/EBITDA 1.2x. Técnicamente 🟡 Apoyo en MA40 semanal. Clasificación: descarte.","AFLAC Incorporated está un 12.7% por debajo de su máximo 52s. Fundamentalmente aceptable con ROE 16.9%, deuda neta/EBITDA 1.2x. Técnicamente 🟡 Apoyo en MA40 semanal. Clasificación: descarte.",OK,
0003.HK,HK & CHINA GAS,ASIA,1.0,script-v2.0,1.0,2026-09-26T12:40:57.035781+02:00,51.3,52.4,86.0,23.0,0.0,4.0,48.0,25.0,23.0,30954606.0,4.61,2.6,,17.03,5.3,0.0777,False,36.5,45.5,False,6.92,2.3,True,True,False,Sin señales de recuperación,pass,descarte,pendiente,0.0,desconocido,Pendiente de implementar,ausente,eps_stabilization (media): EPS 0.30 vs 0.30 (annual_eps_fallback) | dividend_maintained (baja): Dividendo actual 4.95% con caída del 8.8%,razonable,descarte,6.82,7.01,6.82 - 7.01,6.6,6.9,6.60 - 6.90,Pérdida del soporte en 6.82 | ROE negativo durante 2 trimestres consecutivos | Ampliación de capital dilutiva | Recorte de rating a bono basura,6-12,"HK & CHINA GAS está un 8.8% por debajo de su máximo 52s. Fundamentalmente aceptable con ROE 10.5%, deuda neta/EBITDA 4.6x. Técnicamente 🟢 Cerca de soporte, 🟡 Apoyo en MA40 semanal. Clasificación: descarte.","HK & CHINA GAS está un 8.8% por debajo de su máximo 52s. Fundamentalmente aceptable con ROE 10.5%, deuda neta/EBITDA 4.6x. Técnicamente 🟢 Cerca de soporte, 🟡 Apoyo en MA40 semanal. Clasificación: descarte.",OK,
OR.PA,L'OREAL,EUROSTOXX,1.0,script-v2.0,1.0,2026-09-26T12:38:55.361366+02:00,51.2,50.6,97.0,10.0,0.0,1.0,53.0,48.0,5.0,315567.0,1.22,40.3,,20.87,4.8,3.5582,False,42.3,44.6,False,372.87,2.4,False,False,False,Sin señales de recuperación,pass,descarte,pendiente,0.0,desconocido,Pendiente de implementar,ausente,dividend_maintained (baja): Dividendo actual 1.89% con caída del 5.9%,razonable,descarte,368.38,381.85,368.38 - 381.85,344.93,372.47,344.93 - 372.47,Pérdida del soporte en 368.38 | ROE negativo durante 2 trimestres consecutivos | Ampliación de capital dilutiva | Recorte de rating a bono basura,6-12,"L'OREAL está un 5.9% por debajo de su máximo 52s. Fundamentalmente aceptable con ROE 19.4%, deuda neta/EBITDA 1.2x. Técnicamente 🟢 Cruce alcista MACD, 🟢 Cerca de soporte. Clasificación: descarte.","L'OREAL está un 5.9% por debajo de su máximo 52s. Fundamentalmente aceptable con ROE 19.4%, deuda neta/EBITDA 1.2x. Técnicamente 🟢 Cruce alcista MACD, 🟢 Cerca de soporte. Clasificación: descarte.",OK,
CA.PA,CARREFOUR,EUROSTOXX,1.0,script-v2.0,1.0,2026-09-26T12:38:49.932026+02:00,51.1,53.1,67.0,41.0,0.0,1.0,45.0,21.0,24.0,1961576.0,4.63,316.0,,8.03,4.5,0.4149,False,17.4,6.8,True,15.16,6.9,True,True,False,Sin señales de recuperación,pass,descarte,pendiente,0.0,desconocido,Pendiente de implementar,ausente,dividend_maintained (baja): Dividendo actual 5.99% con caída del 7.6%,razonable,descarte,15.54,16.08,15.54 - 16.08,14.91,15.12,14.91 - 15.12,Pérdida del soporte en 15.54 | ROE negativo durante 2 trimestres consecutivos | Ampliación de capital dilutiva | Recorte de rating a bono basura,6-12,"CARREFOUR está un 7.6% por debajo de su máximo 52s. Fundamentalmente aceptable con ROE 8.4%, deuda neta/EBITDA 4.6x. Técnicamente 🟢 Cerca de soporte, 🟢 Estocástico sale de sobreventa. Clasificación: descarte.","CARREFOUR está un 7.6% por debajo de su máximo 52s. Fundamentalmente aceptable con ROE 8.4%, deuda neta/EBITDA 4.6x. Técnicamente 🟢 Cerca de soporte, 🟢 Estocástico sale de sobreventa. Clasificación: descarte.",OK,
WDS.AX,WOODSIDE FPO [WDS],ASX,1.0,script-v2.0,1.0,2026-09-26T12:40:34.724233+02:00,51.0,55.6,86.0,29.0,0.0,6.0,37.0,25.0,12.0,4484365.0,1.15,-0.4,,9.4,9.3,1.0801,False,30.1,21.4,False,29.25,8.4,True,False,True,,pass,pendiente_confirmacion,pendiente,0.0,desconocido,Pendiente de implementar,parcial,debt_reduction (alta): Deuda 13668.0M vs 13722.0M | dividend_maintained (baja): Dividendo actual 5.14% con caída del 11.4%,incompleto,pendiente_confirmacion,29.74,31.72,29.74 - 31.72,28.99,30.45,28.99 - 30.45,Pérdida del soporte en 29.74 | ROE negativo durante 2 trimestres consecutivos | Ampliación de capital dilutiva | Recorte de rating a bono basura,6-12,"WOODSIDE FPO [WDS] está un 11.4% por debajo de su máximo 52s. Fundamentalmente aceptable con ROE 7.7%, deuda neta/EBITDA 1.1x. Técnicamente 🟡 MACD convergiendo, 🟢 base_pattern_detected. Clasificación: pendiente_confirmacion.","WOODSIDE FPO [WDS] está un 11.4% por debajo de su máximo 52s. Fundamentalmente aceptable con ROE 7.7%, deuda neta/EBITDA 1.1x. Técnicamente 🟡 MACD convergiendo, 🟢 base_pattern_detected. Clasificación: pendiente_confirmacion.",OK,
PSA,Public Storage,SP500,1.0,script-v2.0,1.0,2026-09-26T12:40:13.956333+02:00,50.9,51.9,94.0,15.0,0.0,4.0,48.0,43.0,5.0,980790.0,2.89,1.5,1.9,18.9,15.7,1.6401,False,24.8,10.0,False,296.06,-2.7,False,False,False,Sin señales de recuperación,pass,descarte,pendiente,0.0,desconocido,Pendiente de implementar,ausente,margin_stabilization (media): Margen gross 72.1% vs 72.1% (+0.0 pp) | dividend_maintained (baja): Dividendo actual 4.17% con caída del 14.2%,razonable,descarte,273.57,287.97,273.57 - 287.97,285.22,293.75,285.22 - 293.75,Pérdida del soporte en 273.57 | ROE negativo durante 2 trimestres consecutivos | Ampliación de capital dilutiva | Recorte de rating a bono basura,6-12,"Public Storage está un 14.2% por debajo de su máximo 52s. Fundamentalmente aceptable con ROE 21.9%, deuda neta/EBITDA 2.9x. Técnicamente 🟡 MACD convergiendo, 🟡 Apoyo en MA40 semanal. Clasificación: descarte.","Public Storage está un 14.2% por debajo de su máximo 52s. Fundamentalmente aceptable con ROE 21.9%, deuda neta/EBITDA 2.9x. Técnicamente 🟡 MACD convergiendo, 🟡 Apoyo en MA40 semanal. Clasificación: descarte.",OK,
CSCO,"Cisco Systems, Inc.",SP500,1.0,script-v2.0,1.0,2026-09-26T12:39:57.263578+02:00,50.8,53.1,100.0,12.0,0.0,15.0,44.0,32.0,12.0,20421379.0,0.82,-0.4,-0.0,23.39,17.8,4.6703,False,28.4,28.4,False,97.57,9.4,True,False,True,,pass,pendiente_confirmacion,pendiente,0.0,desconocido,Pendiente de implementar,confirmada,"margin_stabilization (media): Margen gross 64.1% vs 63.6% (+0.5 pp) | eps_stabilization (media): EPS 0.97 vs 0.85 (Diluted EPS) | debt_reduction (alta): Deuda 31185.0M vs 31303.0M | dividend_maintained (baja): Dividendo actual 1.57% con caída del 18.2% | analyst_upgrade (media): Target 137.25 vs precio 106.70 (+29%), recMean 1.82, recKey buy",incompleto,pendiente_confirmacion,90.66,106.7,90.66 - 106.70,96.55,110.81,96.55 - 110.81,Pérdida del soporte en 90.66 | ROE negativo durante 2 trimestres consecutivos | Ampliación de capital dilutiva | Recorte de rating a bono basura,6-12,"Cisco Systems, Inc. está un 18.2% por debajo de su máximo 52s. Fundamentalmente aceptable con ROE 27.3%, deuda neta/EBITDA 0.8x. Técnicamente 🟢 Divergencia alcista RSI, 🟢 base_pattern_detected. Clasificación: pendiente_confirmacion.","Cisco Systems, Inc. está un 18.2% por debajo de su máximo 52s. Fundamentalmente aceptable con ROE 27.3%, deuda neta/EBITDA 0.8x. Técnicamente 🟢 Divergencia alcista RSI, 🟢 base_pattern_detected. Clasificación: pendiente_confirmacion.",OK,
XOM,ExxonMobil Holdings Corporation,SP500,1.0,script-v2.0,1.0,2026-09-26T12:39:39.907361+02:00,50.5,53.1,100.0,12.0,0.0,12.0,43.0,25.0,18.0,14644432.0,0.47,-11.1,9.3,10.29,7.8,5.9782,False,34.4,39.7,False,147.64,8.8,True,True,True,,pass,pendiente_confirmacion,pendiente,0.0,desconocido,Pendiente de implementar,confirmada,margin_stabilization (media): Margen gross 22.5% vs 16.7% (+5.8 pp) | eps_stabilization (media): EPS 3.48 vs 1.00 (Diluted EPS) | debt_reduction (alta): Deuda 42368.0M vs 47661.0M | dividend_maintained (baja): Dividendo actual 2.57% con caída del 9.0%,incompleto,pendiente_confirmacion,144.86,159.01,144.86 - 159.01,146.49,149.95,146.49 - 149.95,Pérdida del soporte en 144.86 | ROE negativo durante 2 trimestres consecutivos | Ampliación de capital dilutiva | Recorte de rating a bono basura,6-12,"ExxonMobil Holdings Corporation está un 9.0% por debajo de su máximo 52s. Fundamentalmente aceptable con ROE 12.6%, deuda neta/EBITDA 0.5x. Técnicamente 🟡 MACD convergiendo, 🟢 base_pattern_detected. Clasificación: pendiente_confirmacion.","ExxonMobil Holdings Corporation está un 9.0% por debajo de su máximo 52s. Fundamentalmente aceptable con ROE 12.6%, deuda neta/EBITDA 0.5x. Técnicamente 🟡 MACD convergiendo, 🟢 base_pattern_detected. Clasificación: pendiente_confirmacion.",OK,
9433.T,KDDI CORPORATION,ASIA,1.0,script-v2.0,1.0,2026-09-26T12:40:44.833840+02:00,50.4,56.9,99.0,20.0,0.0,9.0,31.0,25.0,6.0,8902830.0,2.48,-1.9,,9.18,2.6,103.2074,False,58.4,60.9,False,2738.62,11.0,False,True,True,,pass,pendiente_confirmacion,pendiente,0.0,desconocido,Pendiente de implementar,parcial,eps_stabilization (media): EPS 51.33 vs 43.00 (Diluted EPS) | debt_reduction (alta): Deuda 5296146.1M vs 5397863.0M | dividend_maintained (baja): Dividendo actual 2.76% con caída del 2.6%,incompleto,pendiente_confirmacion,2838.5,2935.51,2838.50 - 2935.51,2652.85,2725.83,2652.85 - 2725.83,Pérdida del soporte en 2838.50 | ROE negativo durante 2 trimestres consecutivos | Ampliación de capital dilutiva | Recorte de rating a bono basura,6-12,"KDDI CORPORATION está un 2.6% por debajo de su máximo 52s. Fundamentalmente aceptable con ROE 14.6%, deuda neta/EBITDA 2.5x. Técnicamente 🟢 Volumen creciente, 🟡 trendline_break. Clasificación: pendiente_confirmacion.","KDDI CORPORATION está un 2.6% por debajo de su máximo 52s. Fundamentalmente aceptable con ROE 14.6%, deuda neta/EBITDA 2.5x. Técnicamente 🟢 Volumen creciente, 🟡 trendline_break. Clasificación: pendiente_confirmacion.",OK,
TXN,Texas Instruments Incorporated,SP500,1.0,script-v2.0,1.0,2026-09-26T12:40:24.255352+02:00,50.3,52.1,98.0,12.0,0.0,7.0,45.0,33.0,12.0,6977150.0,0.74,0.0,0.2,27.42,16.3,8.1251,False,97.3,93.1,False,248.09,12.1,True,False,False,,pass,descarte,pendiente,0.0,desconocido,Pendiente de implementar,parcial,margin_stabilization (media): Margen gross 61.4% vs 58.0% (+3.3 pp) | eps_stabilization (media): EPS 2.14 vs 1.68 (Diluted EPS) | dividend_maintained (baja): Dividendo actual 2.19% con caída del 16.8%,razonable,descarte,270.72,271.19,270.72 - 271.19,244.52,283.93,244.52 - 283.93,Pérdida del soporte en 271.19 | ROE negativo durante 2 trimestres consecutivos | Ampliación de capital dilutiva | Recorte de rating a bono basura,6-12,"Texas Instruments Incorporated está un 16.8% por debajo de su máximo 52s. Fundamentalmente aceptable con ROE 35.2%, deuda neta/EBITDA 0.7x. Técnicamente 🟢 Divergencia alcista RSI, 🟢 Cerca de soporte. Clasificación: descarte.","Texas Instruments Incorporated está un 16.8% por debajo de su máximo 52s. Fundamentalmente aceptable con ROE 35.2%, deuda neta/EBITDA 0.7x. Técnicamente 🟢 Divergencia alcista RSI, 🟢 Cerca de soporte. Clasificación: descarte.",OK,
BRK-B,Berkshire Hathaway Inc. New,SP500,1.0,script-v2.0,1.0,2026-09-26T12:39:53.232378+02:00,50.2,52.9,54.0,52.0,0.0,11.0,42.0,25.0,17.0,4365087.0,-1.81,-0.2,12.0,-1.79,6.8,5.253,False,20.7,22.8,False,492.77,2.6,True,False,True,,pass,pendiente_confirmacion,pendiente,0.0,desconocido,Pendiente de implementar,parcial,margin_stabilization (media): Margen operating 28.3% vs 14.8% (+13.5 pp) | eps_stabilization (media): EPS 11.91 vs 4.68 (Diluted EPS) | debt_reduction (alta): Deuda 128599.0M vs 128886.0M,incompleto,pendiente_confirmacion,485.24,505.48,485.24 - 505.48,457.08,492.65,457.08 - 492.65,Pérdida del soporte en 485.24 | ROE negativo durante 2 trimestres consecutivos | Ampliación de capital dilutiva | Recorte de rating a bono basura,6-12,"Berkshire Hathaway Inc. New está un 6.0% por debajo de su máximo 52s. Fundamentalmente aceptable con ROE 12.1%, deuda neta/EBITDA -1.8x. Técnicamente 🟢 Cerca de soporte, 🟡 Apoyo en MA40 semanal. Clasificación: pendiente_confirmacion.","Berkshire Hathaway Inc. New está un 6.0% por debajo de su máximo 52s. Fundamentalmente aceptable con ROE 12.1%, deuda neta/EBITDA -1.8x. Técnicamente 🟢 Cerca de soporte, 🟡 Apoyo en MA40 semanal. Clasificación: pendiente_confirmacion.",OK,
EMR,Emerson Electric Company,SP500,1.0,script-v2.0,1.0,2026-09-26T12:39:43.099457+02:00,50.1,46.2,99.0,0.0,0.0,12.0,62.0,44.0,18.0,2582452.0,1.92,-1.8,0.0,16.49,4.6,4.537,False,89.4,91.9,False,143.76,10.1,True,True,False,,pass,descarte,pendiente,0.0,desconocido,Pendiente de implementar,confirmada,margin_stabilization (media): Margen gross 54.5% vs 53.1% (+1.4 pp) | eps_stabilization (media): EPS 1.28 vs 1.10 (Diluted EPS) | debt_reduction (alta): Deuda 13802.0M vs 14057.0M | dividend_maintained (baja): Dividendo actual 1.40% con caída del 4.9%,razonable,descarte,152.6,154.34,152.60 - 154.34,141.4,143.26,141.40 - 143.26,Pérdida del soporte en 154.34 | ROE negativo durante 2 trimestres consecutivos | Ampliación de capital dilutiva | Recorte de rating a bono basura,6-12,"Emerson Electric Company está un 4.9% por debajo de su máximo 52s. Fundamentalmente aceptable con ROE 12.8%, deuda neta/EBITDA 1.9x. Técnicamente 🟢 Cruce alcista MACD, 🟢 Cerca de soporte. Clasificación: descarte.","Emerson Electric Company está un 4.9% por debajo de su máximo 52s. Fundamentalmente aceptable con ROE 12.8%, deuda neta/EBITDA 1.9x. Técnicamente 🟢 Cruce alcista MACD, 🟢 Cerca de soporte. Clasificación: descarte.",OK,
CB,Chubb Limited,SP500,1.0,script-v2.0,1.0,2026-09-26T12:39:48.697108+02:00,50.1,54.5,86.0,27.0,0.0,7.0,37.0,32.0,5.0,1769453.0,1.15,43.2,-0.7,10.15,8.6,5.3571,False,6.3,13.0,False,328.5,1.5,False,False,True,,pass,pendiente_confirmacion,pendiente,0.0,desconocido,Pendiente de implementar,parcial,margin_stabilization (media): Margen operating 24.0% vs 21.5% (+2.4 pp) | eps_stabilization (media): EPS 7.30 vs 5.88 (Diluted EPS) | dividend_maintained (baja): Dividendo actual 1.22% con caída del 8.9%,incompleto,pendiente_confirmacion,317.48,333.37,317.48 - 333.37,311.02,327.44,311.02 - 327.44,Pérdida del soporte en 317.48 | ROE negativo durante 2 trimestres consecutivos | Ampliación de capital dilutiva | Recorte de rating a bono basura,6-12,"Chubb Limited está un 8.9% por debajo de su máximo 52s. Fundamentalmente aceptable con ROE 14.8%, deuda neta/EBITDA 1.1x. Técnicamente 🟢 Cerca de soporte, 🟡 Apoyo en MA40 semanal. Clasificación: pendiente_confirmacion.","Chubb Limited está un 8.9% por debajo de su máximo 52s. Fundamentalmente aceptable con ROE 14.8%, deuda neta/EBITDA 1.1x. Técnicamente 🟢 Cerca de soporte, 🟡 Apoyo en MA40 semanal. Clasificación: pendiente_confirmacion.",OK,
ACA.PA,CREDIT AGRICOLE,EUROSTOXX,1.0,script-v2.0,1.0,2026-09-26T12:39:00.768397+02:00,50.1,50.9,69.0,35.0,0.0,4.0,48.0,48.0,0.0,4137803.0,,101.4,,,10.9,0.6261,False,41.0,19.7,False,17.07,6.5,False,False,False,Sin señales de recuperación,pass,descarte,pendiente,0.0,desconocido,Pendiente de implementar,ausente,eps_stabilization (media): EPS 0.59 vs 0.52 (Diluted EPS) | dividend_maintained (baja): Dividendo actual 9.35% con caída del 10.9%,razonable,descarte,17.31,18.18,17.31 - 18.18,17.07,17.34,17.07 - 17.34,Pérdida del soporte en 17.31 | ROE negativo durante 2 trimestres consecutivos | Ampliación de capital dilutiva | Recorte de rating a bono basura,6-12,"CREDIT AGRICOLE está un 10.9% por debajo de su máximo 52s. Fundamentalmente aceptable con ROE 8.6%, dividendo 9.3%. Técnicamente 🔵 RSI recuperándose de sobreventa, 🟡 MACD convergiendo. Clasificación: descarte.","CREDIT AGRICOLE está un 10.9% por debajo de su máximo 52s. Fundamentalmente aceptable con ROE 8.6%, dividendo 9.3%. Técnicamente 🔵 RSI recuperándose de sobreventa, 🟡 MACD convergiendo. Clasificación: descarte.",OK,
1038.HK,CKI HOLDINGS,ASIA,1.0,script-v2.0,1.0,2026-09-26T12:41:02.076865+02:00,49.9,62.1,100.0,29.0,0.0,4.0,13.0,7.0,6.0,1363494.0,-38.56,3.7,,150.21,1.7,1.6752,False,65.7,69.2,False,61.42,6.3,False,True,True,Sin señales de recuperación | Sin suelo técnico identificado,pass,seguimiento,pendiente,0.0,desconocido,Pendiente de implementar,ausente,eps_stabilization (media): EPS 3.28 vs 3.22 (annual_eps_fallback) | dividend_maintained (baja): Dividendo actual 4.03% con caída del 3.8%,sin_suelo,seguimiento,61.83,63.54,61.83 - 63.54,57.72,60.69,57.72 - 60.69,Pérdida del soporte en 61.83 | ROE negativo durante 2 trimestres consecutivos | Ampliación de capital dilutiva | Recorte de rating a bono basura,6-12,"CKI HOLDINGS está un 3.8% por debajo de su máximo 52s. Fundamentalmente sólida con ROE 17.2%, deuda neta/EBITDA -38.6x. Técnicamente 🟡 trendline_break. Clasificación: seguimiento.","CKI HOLDINGS está un 3.8% por debajo de su máximo 52s. Fundamentalmente sólida con ROE 17.2%, deuda neta/EBITDA -38.6x. Técnicamente 🟡 trendline_break. Clasificación: seguimiento.",OK,
SOLB.BR,SOLVAY,EUROSTOXX,1.0,script-v2.0,1.0,2026-09-26T12:39:16.161750+02:00,49.8,46.4,48.0,45.0,0.0,4.0,60.0,43.0,17.0,307493.0,3.17,1.8,-0.0,7.7,25.0,-0.0541,False,6.5,11.3,False,25.63,-3.2,True,False,False,Sin señales de recuperación,pass,descarte,pendiente,0.0,desconocido,Pendiente de implementar,ausente,eps_stabilization (media): EPS 0.36 vs 0.24 (Diluted EPS) | dividend_maintained (baja): Dividendo actual 9.80% con caída del 16.9%,razonable,descarte,23.56,24.8,23.56 - 24.80,25.38,25.63,25.38 - 25.63,Pérdida del soporte en 23.56 | ROE negativo durante 2 trimestres consecutivos | Ampliación de capital dilutiva | Recorte de rating a bono basura,6-12,"SOLVAY está un 16.9% por debajo de su máximo 52s. Fundamentalmente aceptable con ROE 0.8%, deuda neta/EBITDA 3.2x. Técnicamente 🟢 Divergencia alcista RSI, 🟡 Apoyo en MA40 semanal. Clasificación: descarte.","SOLVAY está un 16.9% por debajo de su máximo 52s. Fundamentalmente aceptable con ROE 0.8%, deuda neta/EBITDA 3.2x. Técnicamente 🟢 Divergencia alcista RSI, 🟡 Apoyo en MA40 semanal. Clasificación: descarte.",OK,
SPG,"Simon Property Group, Inc.",SP500,1.0,script-v2.0,1.0,2026-09-26T12:40:11.971867+02:00,49.8,44.0,68.0,23.0,0.0,7.0,67.0,62.0,5.0,1530241.0,5.54,1.6,-0.5,18.76,13.2,3.7113,False,44.2,41.1,False,200.55,2.1,False,False,False,,pass,descarte,pendiente,0.0,desconocido,Pendiente de implementar,parcial,margin_stabilization (media): Margen gross 83.1% vs 80.3% (+2.8 pp) | eps_stabilization (media): EPS 1.49 vs 1.48 (Diluted EPS) | dividend_maintained (baja): Dividendo actual 4.35% con caída del 14.1%,razonable,descarte,196.22,204.82,196.22 - 204.82,199.38,202.72,199.38 - 202.72,Pérdida del soporte en 196.22 | ROE negativo durante 2 trimestres consecutivos | Ampliación de capital dilutiva | Recorte de rating a bono basura,6-12,"Simon Property Group, Inc. está un 14.1% por debajo de su máximo 52s. Fundamentalmente aceptable con ROE 120.5%, deuda neta/EBITDA 5.5x. Técnicamente 🔵 RSI recuperándose de sobreventa, 🟢 Cruce alcista MACD. Clasificación: descarte.","Simon Property Group, Inc. está un 14.1% por debajo de su máximo 52s. Fundamentalmente aceptable con ROE 120.5%, deuda neta/EBITDA 5.5x. Técnicamente 🔵 RSI recuperándose de sobreventa, 🟢 Cruce alcista MACD. Clasificación: descarte.",OK,
0941.HK,CHINA MOBILE,ASIA,1.0,script-v2.0,1.0,2026-09-26T12:41:01.728237+02:00,49.6,50.9,69.0,35.0,0.0,12.0,46.0,41.0,5.0,12987914.0,-0.86,-2.3,,5.71,5.7,0.5113,False,20.0,27.9,False,77.07,1.8,False,False,False,,pass,descarte,pendiente,0.0,desconocido,Pendiente de implementar,confirmada,"eps_stabilization (media): EPS 6.42 vs 6.15 (annual_eps_fallback) | debt_reduction (alta): Deuda 98828.0M vs 101197.0M | dividend_maintained (baja): Dividendo actual 6.91% con caída del 11.8% | analyst_upgrade (media): Target 96.98 vs precio 78.45 (+24%), recMean 1.60, recKey buy",razonable,descarte,78.24,78.45,78.24 - 78.45,75.56,77.29,75.56 - 77.29,Pérdida del soporte en 78.24 | ROE negativo durante 2 trimestres consecutivos | Ampliación de capital dilutiva | Recorte de rating a bono basura,6-12,"CHINA MOBILE está un 11.8% por debajo de su máximo 52s. Fundamentalmente aceptable con ROE 9.3%, deuda neta/EBITDA -0.9x. Técnicamente 🟢 Divergencia alcista RSI, 🟢 Cerca de soporte. Clasificación: descarte.","CHINA MOBILE está un 11.8% por debajo de su máximo 52s. Fundamentalmente aceptable con ROE 9.3%, deuda neta/EBITDA -0.9x. Técnicamente 🟢 Divergencia alcista RSI, 🟢 Cerca de soporte. Clasificación: descarte.",OK,
ADP,"Automatic Data Processing, Inc.",SP500,1.0,script-v2.0,1.0,2026-09-26T12:39:44.941171+02:00,49.2,49.9,99.0,7.0,0.0,1.0,47.0,41.0,6.0,2423217.0,0.2,28.4,2.3,16.54,16.9,12.0701,False,13.7,9.7,True,234.28,12.5,False,False,False,Sin señales de recuperación,pass,descarte,pendiente,0.0,desconocido,Pendiente de implementar,ausente,dividend_maintained (baja): Dividendo actual 2.58% con caída del 10.4%,razonable,descarte,255.27,263.67,255.27 - 263.67,234.88,250.2,234.88 - 250.20,Pérdida del soporte en 255.27 | ROE negativo durante 2 trimestres consecutivos | Ampliación de capital dilutiva | Recorte de rating a bono basura,6-12,"Automatic Data Processing, Inc. está un 10.4% por debajo de su máximo 52s. Fundamentalmente aceptable con ROE 72.2%, deuda neta/EBITDA 0.2x. Técnicamente 🟡 MACD convergiendo, 🟢 Cerca de soporte. Clasificación: descarte.","Automatic Data Processing, Inc. está un 10.4% por debajo de su máximo 52s. Fundamentalmente aceptable con ROE 72.2%, deuda neta/EBITDA 0.2x. Técnicamente 🟡 MACD convergiendo, 🟢 Cerca de soporte. Clasificación: descarte.",OK,
BDX,"Becton, Dickinson and Company",SP500,1.0,script-v2.0,1.0,2026-09-26T12:39:45.182146+02:00,49.0,51.6,82.0,25.0,0.0,12.0,41.0,35.0,6.0,1824262.0,2.63,-2.7,0.5,10.81,4.2,8.5246,False,75.4,55.4,False,160.67,14.4,False,True,True,,pass,pendiente_confirmacion,pendiente,0.0,desconocido,Pendiente de implementar,confirmada,margin_stabilization (media): Margen gross 46.5% vs 45.7% (+0.8 pp) | eps_stabilization (media): EPS 1.37 vs -1.11 (Diluted EPS) | debt_reduction (alta): Deuda 16808.0M vs 17279.0M | dividend_maintained (baja): Dividendo actual 2.28% con caída del 4.8%,incompleto,pendiente_confirmacion,176.79,178.09,176.79 - 178.09,160.02,164.11,160.02 - 164.11,Pérdida del soporte en 178.09 | ROE negativo durante 2 trimestres consecutivos | Ampliación de capital dilutiva | Recorte de rating a bono basura,6-12,"Becton, Dickinson and Company está un 4.8% por debajo de su máximo 52s. Fundamentalmente aceptable con ROE 6.6%, deuda neta/EBITDA 2.6x. Técnicamente 🟡 MACD convergiendo, 🟢 Cerca de soporte. Clasificación: pendiente_confirmacion.","Becton, Dickinson and Company está un 4.8% por debajo de su máximo 52s. Fundamentalmente aceptable con ROE 6.6%, deuda neta/EBITDA 2.6x. Técnicamente 🟡 MACD convergiendo, 🟢 Cerca de soporte. Clasificación: pendiente_confirmacion.",OK,
NOVN.SW,NOVARTIS N,EUROSTOXX,1.0,script-v2.0,1.0,2026-09-26T12:39:21.188034+02:00,48.8,47.3,90.0,10.0,0.0,7.0,53.0,48.0,5.0,2685019.0,1.79,4.3,0.2,11.67,9.7,1.1233,False,98.1,61.6,False,119.37,0.4,False,False,False,,pass,descarte,pendiente,0.0,desconocido,Pendiente de implementar,parcial,margin_stabilization (media): Margen gross 75.2% vs 74.4% (+0.8 pp) | eps_stabilization (media): EPS 1.71 vs 1.65 (Diluted EPS) | dividend_maintained (baja): Dividendo actual 3.09% con caída del 9.7%,razonable,descarte,117.82,119.8,117.82 - 119.80,112.78,118.7,112.78 - 118.70,Pérdida del soporte en 117.82 | ROE negativo durante 2 trimestres consecutivos | Ampliación de capital dilutiva | Recorte de rating a bono basura,6-12,"NOVARTIS N está un 9.7% por debajo de su máximo 52s. Fundamentalmente aceptable con ROE 30.3%, deuda neta/EBITDA 1.8x. Técnicamente 🟢 Cruce alcista MACD, 🟢 Cerca de soporte. Clasificación: descarte.","NOVARTIS N está un 9.7% por debajo de su máximo 52s. Fundamentalmente aceptable con ROE 30.3%, deuda neta/EBITDA 1.8x. Técnicamente 🟢 Cruce alcista MACD, 🟢 Cerca de soporte. Clasificación: descarte.",OK,
BNP.PA,BNP PARIBAS ACT.A,EUROSTOXX,1.0,script-v2.0,1.0,2026-09-26T12:38:48.948038+02:00,48.5,48.7,70.0,30.0,0.0,4.0,48.0,48.0,0.0,1773838.0,,140.4,,,9.9,4.3517,False,71.9,43.3,False,90.49,9.7,False,False,False,Sin señales de recuperación,pass,descarte,pendiente,0.0,desconocido,Pendiente de implementar,ausente,eps_stabilization (media): EPS 3.96 vs 2.92 (Diluted EPS) | dividend_maintained (baja): Dividendo actual 5.84% con caída del 12.8%,razonable,descarte,96.58,99.3,96.58 - 99.30,90.18,96.75,90.18 - 96.75,Pérdida del soporte en 96.58 | ROE negativo durante 2 trimestres consecutivos | Ampliación de capital dilutiva | Recorte de rating a bono basura,6-12,"BNP PARIBAS ACT.A está un 12.8% por debajo de su máximo 52s. Fundamentalmente aceptable con ROE 10.5%, dividendo 5.8%. Técnicamente 🟢 Cruce alcista MACD, 🟢 Cerca de soporte. Clasificación: descarte.","BNP PARIBAS ACT.A está un 12.8% por debajo de su máximo 52s. Fundamentalmente aceptable con ROE 10.5%, dividendo 5.8%. Técnicamente 🟢 Cruce alcista MACD, 🟢 Cerca de soporte. Clasificación: descarte.",OK,
SWK,"Stanley Black & Decker, Inc.",SP500,1.0,script-v2.0,1.0,2026-09-26T12:39:42.753259+02:00,48.5,53.0,85.0,25.0,0.0,12.0,35.0,35.0,0.0,1755682.0,2.58,-19.8,0.3,10.29,11.9,4.3876,False,45.7,39.2,False,82.82,10.4,False,False,True,,pass,pendiente_confirmacion,pendiente,0.0,desconocido,Pendiente de implementar,confirmada,margin_stabilization (media): Margen gross 33.0% vs 30.1% (+2.9 pp) | eps_stabilization (media): EPS 2.33 vs 0.39 (Diluted EPS) | debt_reduction (alta): Deuda 5211.5M vs 6501.2M | dividend_maintained (baja): Dividendo actual 3.68% con caída del 12.7%,incompleto,pendiente_confirmacion,85.75,91.4,85.75 - 91.40,82.01,88.98,82.01 - 88.98,Pérdida del soporte en 85.75 | ROE negativo durante 2 trimestres consecutivos | Ampliación de capital dilutiva | Recorte de rating a bono basura,6-12,"Stanley Black & Decker, Inc. está un 12.7% por debajo de su máximo 52s. Fundamentalmente aceptable con ROE 6.9%, deuda neta/EBITDA 2.6x. Técnicamente 🟢 Cruce alcista MACD. Clasificación: pendiente_confirmacion.","Stanley Black & Decker, Inc. está un 12.7% por debajo de su máximo 52s. Fundamentalmente aceptable con ROE 6.9%, deuda neta/EBITDA 2.6x. Técnicamente 🟢 Cruce alcista MACD. Clasificación: pendiente_confirmacion.",OK,
AI.PA,AIR LIQUIDE,EUROSTOXX,1.0,script-v2.0,1.0,2026-09-26T12:38:47.813650+02:00,48.5,48.7,93.0,10.0,0.0,4.0,48.0,48.0,0.0,774781.0,1.99,36.4,,16.07,8.1,2.25,False,42.9,46.5,False,160.63,4.3,False,False,False,Sin señales de recuperación,pass,descarte,pendiente,0.0,desconocido,Pendiente de implementar,ausente,eps_stabilization (media): EPS 6.08 vs 5.20 (annual_eps_fallback) | dividend_maintained (baja): Dividendo actual 2.01% con caída del 8.1%,razonable,descarte,164.05,167.5,164.05 - 167.50,154.92,160.05,154.92 - 160.05,Pérdida del soporte en 164.05 | ROE negativo durante 2 trimestres consecutivos | Ampliación de capital dilutiva | Recorte de rating a bono basura,6-12,"AIR LIQUIDE está un 8.1% por debajo de su máximo 52s. Fundamentalmente aceptable con ROE 14.0%, deuda neta/EBITDA 2.0x. Técnicamente 🟢 Cruce alcista MACD, 🟢 Cerca de soporte. Clasificación: descarte.","AIR LIQUIDE está un 8.1% por debajo de su máximo 52s. Fundamentalmente aceptable con ROE 14.0%, deuda neta/EBITDA 2.0x. Técnicamente 🟢 Cruce alcista MACD, 🟢 Cerca de soporte. Clasificación: descarte.",OK,
TGT,Target Corporation,SP500,1.0,script-v2.0,1.0,2026-09-26T12:39:47.684256+02:00,48.5,51.0,91.0,16.0,0.0,7.0,41.0,35.0,6.0,4074027.0,1.6,1.9,-1.0,9.93,7.8,11.6594,False,35.6,27.0,False,127.88,23.1,False,True,True,,pass,pendiente_confirmacion,pendiente,0.0,desconocido,Pendiente de implementar,parcial,margin_stabilization (media): Margen gross 33.7% vs 29.0% (+4.7 pp) | eps_stabilization (media): EPS 4.11 vs 1.71 (Diluted EPS) | dividend_maintained (baja): Dividendo actual 2.95% con caída del 7.8%,incompleto,pendiente_confirmacion,153.4,153.55,153.40 - 153.55,125.73,145.14,125.73 - 145.14,Pérdida del soporte en 153.55 | ROE negativo durante 2 trimestres consecutivos | Ampliación de capital dilutiva | Recorte de rating a bono basura,6-12,"Target Corporation está un 7.8% por debajo de su máximo 52s. Fundamentalmente aceptable con ROE 26.4%, deuda neta/EBITDA 1.6x. Técnicamente 🟡 MACD convergiendo, 🟢 Cerca de soporte. Clasificación: pendiente_confirmacion.","Target Corporation está un 7.8% por debajo de su máximo 52s. Fundamentalmente aceptable con ROE 26.4%, deuda neta/EBITDA 1.6x. Técnicamente 🟡 MACD convergiendo, 🟢 Cerca de soporte. Clasificación: pendiente_confirmacion.",OK,
DBK.DE,DEUTSCHE BANK AG              N,EUROSTOXX,1.0,script-v2.0,1.0,2026-09-26T12:38:43.967577+02:00,48.5,50.7,64.0,39.0,0.0,1.0,42.0,36.0,6.0,4728159.0,,296.4,,,11.4,1.4721,False,16.9,6.7,True,29.73,6.8,False,False,False,Sin señales de recuperación,pass,descarte,pendiente,0.0,desconocido,Pendiente de implementar,ausente,dividend_maintained (baja): Dividendo actual 3.15% con caída del 11.4%,incompleto,descarte,30.07,31.76,30.07 - 31.76,29.82,30.46,29.82 - 30.46,Pérdida del soporte en 30.07 | ROE negativo durante 2 trimestres consecutivos | Ampliación de capital dilutiva | Recorte de rating a bono basura,6-12,"DEUTSCHE BANK AG              N está un 11.4% por debajo de su máximo 52s. Fundamentalmente aceptable con ROE 8.9%, dividendo 3.1%. Técnicamente 🟡 MACD convergiendo, 🟢 Estocástico sale de sobreventa. Clasificación: descarte.","DEUTSCHE BANK AG              N está un 11.4% por debajo de su máximo 52s. Fundamentalmente aceptable con ROE 8.9%, dividendo 3.1%. Técnicamente 🟡 MACD convergiendo, 🟢 Estocástico sale de sobreventa. Clasificación: descarte.",OK,
NESTE.HE,Neste Corporation,EUROSTOXX,1.0,script-v2.0,1.0,2026-09-26T12:39:19.274040+02:00,48.3,50.4,100.0,7.0,0.0,12.0,42.0,24.0,18.0,1251095.0,1.33,-9.8,5.0,10.93,5.4,2.4176,False,55.9,79.1,False,26.89,26.5,True,True,True,,pass,pendiente_confirmacion,pendiente,0.0,desconocido,Pendiente de implementar,confirmada,margin_stabilization (media): Margen gross 21.4% vs 19.4% (+2.0 pp) | eps_stabilization (media): EPS 0.99 vs 0.69 (Diluted EPS) | debt_reduction (alta): Deuda 4698.0M vs 5207.0M | dividend_maintained (baja): Dividendo actual 0.59% con caída del 5.4%,incompleto,pendiente_confirmacion,31.82,33.72,31.82 - 33.72,26.54,30.55,26.54 - 30.55,Pérdida del soporte en 33.72 | ROE negativo durante 2 trimestres consecutivos | Ampliación de capital dilutiva | Recorte de rating a bono basura,6-12,"Neste Corporation está un 5.4% por debajo de su máximo 52s. Fundamentalmente aceptable con ROE 19.4%, deuda neta/EBITDA 1.3x. Técnicamente 🟢 Cerca de soporte, 🟢 base_pattern_detected. Clasificación: pendiente_confirmacion.","Neste Corporation está un 5.4% por debajo de su máximo 52s. Fundamentalmente aceptable con ROE 19.4%, deuda neta/EBITDA 1.3x. Técnicamente 🟢 Cerca de soporte, 🟢 base_pattern_detected. Clasificación: pendiente_confirmacion.",OK,
SSE.L,SSE PLC ORD 50P,EUROSTOXX,1.0,script-v2.0,1.0,2026-09-26T12:39:30.234325+02:00,48.2,50.6,89.0,17.0,0.0,6.0,41.0,24.0,17.0,2780731.0,3.17,-2.8,,14.33,11.2,7.503,False,74.0,81.9,False,2459.55,-0.1,True,False,True,,pass,pendiente_confirmacion,pendiente,0.0,desconocido,Pendiente de implementar,parcial,debt_reduction (alta): Deuda 10170.4M vs 10467.9M | dividend_maintained (baja): Dividendo actual 0.03% con caída del 11.3%,incompleto,pendiente_confirmacion,2313.91,2403.5,2313.91 - 2403.50,2352.38,2445.04,2352.38 - 2445.04,Pérdida del soporte en 2313.91 | ROE negativo durante 2 trimestres consecutivos | Ampliación de capital dilutiva | Recorte de rating a bono basura,6-12,"SSE PLC ORD 50P está un 11.3% por debajo de su máximo 52s. Fundamentalmente aceptable con ROE 9.7%, deuda neta/EBITDA 3.2x. Técnicamente 🟡 Apoyo en MA40 semanal, 🟢 base_pattern_detected. Clasificación: pendiente_confirmacion.","SSE PLC ORD 50P está un 11.3% por debajo de su máximo 52s. Fundamentalmente aceptable con ROE 9.7%, deuda neta/EBITDA 3.2x. Técnicamente 🟡 Apoyo en MA40 semanal, 🟢 base_pattern_detected. Clasificación: pendiente_confirmacion.",OK,
9432.T,NTT INC,ASIA,1.0,script-v2.0,1.0,2026-09-26T12:40:44.785086+02:00,48.1,51.1,73.0,32.0,0.0,4.0,39.0,21.0,18.0,233614470.0,4.03,11.8,,8.0,2.2,6.3321,False,68.5,68.5,False,155.12,13.5,True,True,False,Sin señales de recuperación,pass,descarte,pendiente,0.0,desconocido,Pendiente de implementar,ausente,eps_stabilization (media): EPS 3.38 vs 3.14 (Diluted EPS) | dividend_maintained (baja): Dividendo actual 3.07% con caída del 2.2%,incompleto,descarte,163.45,167.35,163.45 - 167.35,153.08,154.58,153.08 - 154.58,Pérdida del soporte en 167.35 | ROE negativo durante 2 trimestres consecutivos | Ampliación de capital dilutiva | Recorte de rating a bono basura,6-12,"NTT INC está un 2.2% por debajo de su máximo 52s. Fundamentalmente aceptable con ROE 10.7%, deuda neta/EBITDA 4.0x. Técnicamente 🟢 Cerca de soporte, 🟢 base_pattern_detected. Clasificación: descarte.","NTT INC está un 2.2% por debajo de su máximo 52s. Fundamentalmente aceptable con ROE 10.7%, deuda neta/EBITDA 4.0x. Técnicamente 🟢 Cerca de soporte, 🟢 base_pattern_detected. Clasificación: descarte.",OK,
BP.L,BP PLC $0.25,EUROSTOXX,1.0,script-v2.0,1.0,2026-09-26T12:39:23.753693+02:00,48.1,49.8,85.0,19.0,0.0,9.0,43.0,25.0,18.0,45518399.0,0.9,-2.0,8.5,3.58,8.3,12.7996,False,60.2,66.8,False,516.38,8.2,True,True,True,,pass,pendiente_confirmacion,pendiente,0.0,desconocido,Pendiente de implementar,parcial,eps_stabilization (media): EPS 0.25 vs 0.25 (Diluted EPS) | debt_reduction (alta): Deuda 72693.0M vs 74178.0M | dividend_maintained (baja): Dividendo actual 0.04% con caída del 8.4%,incompleto,pendiente_confirmacion,512.28,540.88,512.28 - 540.88,512.55,517.99,512.55 - 517.99,Pérdida del soporte en 512.28 | ROE negativo durante 2 trimestres consecutivos | Ampliación de capital dilutiva | Recorte de rating a bono basura,6-12,"BP PLC $0.25 está un 8.4% por debajo de su máximo 52s. Fundamentalmente aceptable con ROE 8.9%, deuda neta/EBITDA 0.9x. Técnicamente 🟢 Divergencia alcista RSI, 🟢 base_pattern_detected. Clasificación: pendiente_confirmacion.","BP PLC $0.25 está un 8.4% por debajo de su máximo 52s. Fundamentalmente aceptable con ROE 8.9%, deuda neta/EBITDA 0.9x. Técnicamente 🟢 Divergencia alcista RSI, 🟢 base_pattern_detected. Clasificación: pendiente_confirmacion.",OK,
QCOM,QUALCOMM Incorporated,SP500,1.0,script-v2.0,1.0,2026-09-26T12:40:25.332512+02:00,47.0,53.6,100.0,13.0,0.0,6.0,27.0,15.0,12.0,13107337.0,0.58,-0.0,0.0,18.26,21.6,2.6281,False,89.0,88.6,False,168.32,20.0,True,False,True,,pass,pendiente_confirmacion,pendiente,0.0,desconocido,Pendiente de implementar,parcial,debt_reduction (alta): Deuda 15270.0M vs 15270.0M | dividend_maintained (baja): Dividendo actual 1.82% con caída del 22.3%,incompleto,pendiente_confirmacion,169.64,189.18,169.64 - 189.18,167.65,220.93,167.65 - 220.93,Pérdida del soporte en 189.18 | ROE negativo durante 2 trimestres consecutivos | Ampliación de capital dilutiva | Recorte de rating a bono basura,6-12,"QUALCOMM Incorporated está un 22.3% por debajo de su máximo 52s. Fundamentalmente aceptable con ROE 33.8%, deuda neta/EBITDA 0.6x. Técnicamente 🟢 base_pattern_detected. Clasificación: pendiente_confirmacion.","QUALCOMM Incorporated está un 22.3% por debajo de su máximo 52s. Fundamentalmente aceptable con ROE 33.8%, deuda neta/EBITDA 0.6x. Técnicamente 🟢 base_pattern_detected. Clasificación: pendiente_confirmacion.",OK,
SU.PA,SCHNEIDER ELECTRIC SE,EUROSTOXX,1.0,script-v2.0,1.0,2026-09-26T12:38:58.710745+02:00,46.8,44.8,96.0,0.0,0.0,1.0,53.0,35.0,18.0,785281.0,1.91,16.4,,21.15,6.8,10.2703,False,72.3,73.6,False,264.67,9.9,True,True,False,Sin señales de recuperación,pass,descarte,pendiente,0.0,desconocido,Pendiente de implementar,ausente,dividend_maintained (baja): Dividendo actual 1.44% con caída del 6.8%,razonable,descarte,266.49,289.41,266.49 - 289.41,263.78,265.45,263.78 - 265.45,Pérdida del soporte en 266.49 | ROE negativo durante 2 trimestres consecutivos | Ampliación de capital dilutiva | Recorte de rating a bono basura,6-12,"SCHNEIDER ELECTRIC SE está un 6.8% por debajo de su máximo 52s. Fundamentalmente aceptable con ROE 18.6%, deuda neta/EBITDA 1.9x. Técnicamente 🟢 Cruce alcista MACD, 🟢 base_pattern_detected. Clasificación: descarte.","SCHNEIDER ELECTRIC SE está un 6.8% por debajo de su máximo 52s. Fundamentalmente aceptable con ROE 18.6%, deuda neta/EBITDA 1.9x. Técnicamente 🟢 Cruce alcista MACD, 🟢 base_pattern_detected. Clasificación: descarte.",OK,
CS.PA,AXA,EUROSTOXX,1.0,script-v2.0,1.0,2026-09-26T12:38:50.541270+02:00,46.8,50.1,97.0,9.0,0.0,4.0,37.0,37.0,0.0,2725371.0,,1.0,,,3.6,1.4245,False,51.2,40.1,False,40.3,9.2,False,False,False,Sin señales de recuperación,pass,descarte,pendiente,0.0,desconocido,Pendiente de implementar,ausente,eps_stabilization (media): EPS 4.77 vs 3.63 (annual_eps_fallback) | dividend_maintained (baja): Dividendo actual 5.27% con caída del 3.6%,incompleto,descarte,43.56,44.0,43.56 - 44.00,38.81,40.24,38.81 - 40.24,Pérdida del soporte en 43.56 | ROE negativo durante 2 trimestres consecutivos | Ampliación de capital dilutiva | Recorte de rating a bono basura,6-12,"AXA está un 3.6% por debajo de su máximo 52s. Fundamentalmente aceptable con ROE 14.9%, D/E 1.19. Técnicamente 🟢 Divergencia alcista RSI, 🟢 Cerca de soporte. Clasificación: descarte.","AXA está un 3.6% por debajo de su máximo 52s. Fundamentalmente aceptable con ROE 14.9%, D/E 1.19. Técnicamente 🟢 Divergencia alcista RSI, 🟢 Cerca de soporte. Clasificación: descarte.",OK,
CAT,"Caterpillar, Inc.",SP500,1.0,script-v2.0,1.0,2026-09-26T12:39:58.745792+02:00,46.7,44.3,72.0,20.0,0.0,7.0,54.0,42.0,12.0,2950873.0,2.41,4.8,-2.7,25.65,23.3,14.4864,False,84.5,69.6,False,796.62,3.1,True,False,False,,pass,descarte,pendiente,0.0,desconocido,Pendiente de implementar,parcial,margin_stabilization (media): Margen gross 36.0% vs 33.1% (+2.9 pp) | eps_stabilization (media): EPS 7.77 vs 5.47 (Diluted EPS) | dividend_maintained (baja): Dividendo actual 0.79% con caída del 23.5%,razonable,descarte,802.25,821.58,802.25 - 821.58,787.71,912.44,787.71 - 912.44,Pérdida del soporte en 802.25 | ROE negativo durante 2 trimestres consecutivos | Ampliación de capital dilutiva | Recorte de rating a bono basura,6-12,"Caterpillar, Inc. está un 23.5% por debajo de su máximo 52s. Fundamentalmente aceptable con ROE 57.0%, deuda neta/EBITDA 2.4x. Técnicamente 🟢 Divergencia alcista RSI, 🟢 Cerca de soporte. Clasificación: descarte.","Caterpillar, Inc. está un 23.5% por debajo de su máximo 52s. Fundamentalmente aceptable con ROE 57.0%, deuda neta/EBITDA 2.4x. Técnicamente 🟢 Divergencia alcista RSI, 🟢 Cerca de soporte. Clasificación: descarte.",OK,
0019.HK,SWIRE PACIFIC A,ASIA,1.0,script-v2.0,1.0,2026-09-26T12:40:58.434966+02:00,46.6,48.5,81.0,20.0,0.0,6.0,41.0,35.0,6.0,1063802.0,4.95,-8.4,,18.15,5.5,6.6575,False,46.1,54.0,False,84.62,20.5,False,True,True,,pass,pendiente_confirmacion,pendiente,0.0,desconocido,Pendiente de implementar,parcial,debt_reduction (alta): Deuda 95141.0M vs 103840.0M | dividend_maintained (baja): Dividendo actual 3.92% con caída del 6.1%,incompleto,pendiente_confirmacion,98.81,100.25,98.81 - 100.25,83.17,92.31,83.17 - 92.31,Pérdida del soporte en 98.81 | ROE negativo durante 2 trimestres consecutivos | Ampliación de capital dilutiva | Recorte de rating a bono basura,6-12,"SWIRE PACIFIC A está un 6.1% por debajo de su máximo 52s. Fundamentalmente aceptable con ROE 3.2%, deuda neta/EBITDA 5.0x. Técnicamente 🟡 MACD convergiendo, 🟢 Cerca de soporte. Clasificación: pendiente_confirmacion.","SWIRE PACIFIC A está un 6.1% por debajo de su máximo 52s. Fundamentalmente aceptable con ROE 3.2%, deuda neta/EBITDA 5.0x. Técnicamente 🟡 MACD convergiendo, 🟢 Cerca de soporte. Clasificación: pendiente_confirmacion.",OK,
EDP.LS,"EDP, SA",EUROSTOXX,1.0,script-v2.0,1.0,2026-09-26T12:39:17.022587+02:00,46.6,49.9,84.0,20.0,0.0,7.0,37.0,19.0,18.0,7598772.0,5.51,3.7,3.5,11.79,0.8,0.1539,False,87.2,74.4,False,4.35,11.2,True,True,True,,pass,pendiente_confirmacion,pendiente,0.0,desconocido,Pendiente de implementar,parcial,margin_stabilization (media): Margen gross 39.7% vs 40.0% (-0.3 pp) | eps_stabilization (media): EPS 0.09 vs 0.09 (Diluted EPS) | dividend_maintained (baja): Dividendo actual 4.34% con caída del 0.8%,incompleto,pendiente_confirmacion,4.41,4.63,4.41 - 4.63,4.15,4.33,4.15 - 4.33,Pérdida del soporte en 4.41 | ROE negativo durante 2 trimestres consecutivos | Ampliación de capital dilutiva | Recorte de rating a bono basura,6-12,"EDP, SA está un 0.8% por debajo de su máximo 52s. Fundamentalmente aceptable con ROE 8.9%, deuda neta/EBITDA 5.5x. Técnicamente 🟢 base_pattern_detected, 🟡 trendline_break. Clasificación: pendiente_confirmacion.","EDP, SA está un 0.8% por debajo de su máximo 52s. Fundamentalmente aceptable con ROE 8.9%, deuda neta/EBITDA 5.5x. Técnicamente 🟢 base_pattern_detected, 🟡 trendline_break. Clasificación: pendiente_confirmacion.",OK,
CL,Colgate-Palmolive Company,SP500,1.0,script-v2.0,1.0,2026-09-26T12:39:41.184104+02:00,46.6,41.8,77.0,11.0,0.0,12.0,61.0,50.0,11.0,4692954.0,1.29,-1.5,0.0,15.12,13.4,0.273,False,18.4,7.4,True,88.32,-2.6,False,False,False,,pass,descarte,pendiente,0.0,desconocido,Pendiente de implementar,confirmada,margin_stabilization (media): Margen gross 61.5% vs 60.6% (+0.9 pp) | eps_stabilization (media): EPS 0.86 vs 0.80 (Diluted EPS) | debt_reduction (alta): Deuda 7857.0M vs 7973.0M | dividend_maintained (baja): Dividendo actual 2.46% con caída del 13.4%,razonable,descarte,81.76,86.06,81.76 - 86.06,84.43,87.6,84.43 - 87.60,Pérdida del soporte en 81.76 | ROE negativo durante 2 trimestres consecutivos | Ampliación de capital dilutiva | Recorte de rating a bono basura,6-12,"Colgate-Palmolive Company está un 13.4% por debajo de su máximo 52s. Fundamentalmente aceptable con ROE 267.4%, deuda neta/EBITDA 1.3x. Técnicamente 🔵 RSI recuperándose de sobreventa, 🟡 MACD convergiendo. Clasificación: descarte.","Colgate-Palmolive Company está un 13.4% por debajo de su máximo 52s. Fundamentalmente aceptable con ROE 267.4%, deuda neta/EBITDA 1.3x. Técnicamente 🔵 RSI recuperándose de sobreventa, 🟡 MACD convergiendo. Clasificación: descarte.",OK,
GALP.LS,GALP ENERGIA-NOM,EUROSTOXX,1.0,script-v2.0,1.0,2026-09-26T12:39:17.405555+02:00,46.6,49.9,100.0,6.0,0.0,7.0,37.0,19.0,18.0,1515371.0,0.68,5.4,15.5,5.88,2.9,1.0327,False,70.6,90.0,False,18.68,20.4,True,True,True,,pass,pendiente_confirmacion,pendiente,0.0,desconocido,Pendiente de implementar,parcial,margin_stabilization (media): Margen gross 19.6% vs 15.6% (+4.0 pp) | eps_stabilization (media): EPS 1.05 vs -0.15 (Diluted EPS) | dividend_maintained (baja): Dividendo actual 3.02% con caída del 2.9%,incompleto,pendiente_confirmacion,20.73,20.78,20.73 - 20.78,18.57,19.7,18.57 - 19.70,Pérdida del soporte en 20.73 | ROE negativo durante 2 trimestres consecutivos | Ampliación de capital dilutiva | Recorte de rating a bono basura,6-12,"GALP ENERGIA-NOM está un 2.9% por debajo de su máximo 52s. Fundamentalmente aceptable con ROE 24.9%, deuda neta/EBITDA 0.7x. Técnicamente 🟢 base_pattern_detected, 🟡 trendline_break. Clasificación: pendiente_confirmacion.","GALP ENERGIA-NOM está un 2.9% por debajo de su máximo 52s. Fundamentalmente aceptable con ROE 24.9%, deuda neta/EBITDA 0.7x. Técnicamente 🟢 base_pattern_detected, 🟡 trendline_break. Clasificación: pendiente_confirmacion.",OK,
RWE.DE,RWE AG                        I,EUROSTOXX,1.0,script-v2.0,1.0,2026-09-26T12:38:45.660077+02:00,46.5,52.0,84.0,24.0,0.0,4.0,30.0,12.0,18.0,1384197.0,4.68,51.8,1.2,25.77,3.5,1.9283,False,58.2,61.1,False,55.13,7.7,True,True,False,Sin señales de recuperación,pass,descarte,pendiente,0.0,desconocido,Pendiente de implementar,ausente,eps_stabilization (media): EPS 2.16 vs 0.03 (Diluted EPS) | dividend_maintained (baja): Dividendo actual 2.02% con caída del 4.2%,incompleto,descarte,55.54,58.23,55.54 - 58.23,52.7,54.82,52.70 - 54.82,Pérdida del soporte en 55.54 | ROE negativo durante 2 trimestres consecutivos | Ampliación de capital dilutiva | Recorte de rating a bono basura,6-12,"RWE AG                        I está un 4.2% por debajo de su máximo 52s. Fundamentalmente aceptable con ROE 8.5%, deuda neta/EBITDA 4.7x. Técnicamente 🟢 base_pattern_detected, 🟡 trendline_break. Clasificación: descarte.","RWE AG                        I está un 4.2% por debajo de su máximo 52s. Fundamentalmente aceptable con ROE 8.5%, deuda neta/EBITDA 4.7x. Técnicamente 🟢 base_pattern_detected, 🟡 trendline_break. Clasificación: descarte.",OK,
ITW,Illinois Tool Works Inc.,SP500,1.0,script-v2.0,1.0,2026-09-26T12:39:43.752862+02:00,45.8,41.7,78.0,10.0,0.0,7.0,58.0,53.0,5.0,1287674.0,1.84,6.0,0.0,18.1,9.1,3.8265,False,86.2,86.0,False,267.51,2.5,False,False,False,,pass,descarte,pendiente,0.0,desconocido,Pendiente de implementar,parcial,margin_stabilization (media): Margen gross 44.1% vs 43.8% (+0.3 pp) | eps_stabilization (media): EPS 2.84 vs 2.66 (Diluted EPS) | dividend_maintained (baja): Dividendo actual 2.51% con caída del 9.5%,razonable,descarte,264.35,274.32,264.35 - 274.32,257.69,266.6,257.69 - 266.60,Pérdida del soporte en 264.35 | ROE negativo durante 2 trimestres consecutivos | Ampliación de capital dilutiva | Recorte de rating a bono basura,6-12,"Illinois Tool Works Inc. está un 9.5% por debajo de su máximo 52s. Fundamentalmente aceptable con ROE 104.6%, deuda neta/EBITDA 1.8x. Técnicamente 🟢 Cruce alcista MACD, 🟢 Cerca de soporte. Clasificación: descarte.","Illinois Tool Works Inc. está un 9.5% por debajo de su máximo 52s. Fundamentalmente aceptable con ROE 104.6%, deuda neta/EBITDA 1.8x. Técnicamente 🟢 Cruce alcista MACD, 🟢 Cerca de soporte. Clasificación: descarte.",OK,
DGE.L,DIAGEO PLC ORD 28 101/108P,EUROSTOXX,1.0,script-v2.0,1.0,2026-09-26T12:39:31.715331+02:00,45.8,45.1,76.0,18.0,0.0,9.0,48.0,48.0,0.0,4651547.0,3.18,-5.6,,9.18,38.6,14.4104,False,75.6,65.1,False,1591.39,3.2,False,False,False,,pass,descarte,pendiente,0.0,desconocido,Pendiente de implementar,parcial,"debt_reduction (alta): Deuda 22196.0M vs 23512.0M | dividend_maintained (baja): Dividendo actual 0.03% con caída del 13.8% | analyst_upgrade (media): Target 2033.75 vs precio 1642.00 (+24%), recMean 2.00, recKey buy",razonable,descarte,1607.24,1642.0,1607.24 - 1642.00,1590.91,1618.32,1590.91 - 1618.32,Pérdida del soporte en 1607.24 | ROE negativo durante 2 trimestres consecutivos | Ampliación de capital dilutiva | Recorte de rating a bono basura,6-12,"DIAGEO PLC ORD 28 101/108P está un 13.8% por debajo de su máximo 52s. Fundamentalmente aceptable con ROE 15.0%, deuda neta/EBITDA 3.2x. Técnicamente 🟢 Cruce alcista MACD, 🟢 Cerca de soporte. Clasificación: descarte.","DIAGEO PLC ORD 28 101/108P está un 13.8% por debajo de su máximo 52s. Fundamentalmente aceptable con ROE 15.0%, deuda neta/EBITDA 3.2x. Técnicamente 🟢 Cruce alcista MACD, 🟢 Cerca de soporte. Clasificación: descarte.",OK,
BHP.AX,BHP GROUP FPO [BHP],ASX,1.0,script-v2.0,1.0,2026-09-26T12:40:25.632111+02:00,45.5,48.3,100.0,3.0,0.0,4.0,37.0,25.0,12.0,7269843.0,0.33,1.4,,10.83,9.8,2.6397,False,31.2,41.0,False,55.04,10.3,True,False,False,Sin señales de recuperación,pass,descarte,pendiente,0.0,desconocido,Pendiente de implementar,ausente,eps_stabilization (media): EPS 1.93 vs 1.77 (annual_eps_fallback) | dividend_maintained (baja): Dividendo actual 3.99% con caída del 11.7%,incompleto,descarte,56.35,60.72,56.35 - 60.72,54.9,58.45,54.90 - 58.45,Pérdida del soporte en 56.35 | ROE negativo durante 2 trimestres consecutivos | Ampliación de capital dilutiva | Recorte de rating a bono basura,6-12,"BHP GROUP FPO [BHP] está un 11.7% por debajo de su máximo 52s. Fundamentalmente aceptable con ROE 24.0%, deuda neta/EBITDA 0.3x. Técnicamente 🟡 MACD convergiendo, 🟢 base_pattern_detected. Clasificación: descarte.","BHP GROUP FPO [BHP] está un 11.7% por debajo de su máximo 52s. Fundamentalmente aceptable con ROE 24.0%, deuda neta/EBITDA 0.3x. Técnicamente 🟡 MACD convergiendo, 🟢 base_pattern_detected. Clasificación: descarte.",OK,
C,"Citigroup, Inc.",SP500,1.0,script-v2.0,1.0,2026-09-26T12:39:52.393543+02:00,45.4,44.9,71.0,22.0,0.0,4.0,47.0,35.0,12.0,10663683.0,,132.2,,,8.8,4.3162,False,36.2,22.4,False,125.08,7.4,True,False,False,Sin señales de recuperación,pass,descarte,pendiente,0.0,desconocido,Pendiente de implementar,ausente,eps_stabilization (media): EPS 3.15 vs 3.06 (Diluted EPS) | dividend_maintained (baja): Dividendo actual 2.00% con caída del 9.2%,razonable,descarte,128.36,133.94,128.36 - 133.94,124.54,125.77,124.54 - 125.77,Pérdida del soporte en 128.36 | ROE negativo durante 2 trimestres consecutivos | Ampliación de capital dilutiva | Recorte de rating a bono basura,6-12,"Citigroup, Inc. está un 9.2% por debajo de su máximo 52s. Fundamentalmente aceptable con ROE 8.5%, dividendo 2.0%. Técnicamente 🟡 MACD convergiendo, 🟢 Cerca de soporte. Clasificación: descarte.","Citigroup, Inc. está un 9.2% por debajo de su máximo 52s. Fundamentalmente aceptable con ROE 8.5%, dividendo 2.0%. Técnicamente 🟡 MACD convergiendo, 🟢 Cerca de soporte. Clasificación: descarte.",OK,
PFE,"Pfizer, Inc.",SP500,1.0,script-v2.0,1.0,2026-09-26T12:40:03.722996+02:00,45.0,48.0,80.0,20.0,0.0,6.0,36.0,30.0,6.0,38351062.0,2.04,-0.4,1.4,8.49,1.8,0.8168,False,88.7,69.6,False,25.83,11.0,False,True,True,,pass,pendiente_confirmacion,pendiente,0.0,desconocido,Pendiente de implementar,parcial,debt_reduction (alta): Deuda 63480.0M vs 63730.0M | dividend_maintained (baja): Dividendo actual 6.00% con caída del 1.8%,incompleto,pendiente_confirmacion,26.94,27.41,26.94 - 27.41,24.83,25.71,24.83 - 25.71,Pérdida del soporte en 27.41 | ROE negativo durante 2 trimestres consecutivos | Ampliación de capital dilutiva | Recorte de rating a bono basura,6-12,"Pfizer, Inc. está un 1.8% por debajo de su máximo 52s. Fundamentalmente aceptable con ROE 5.0%, deuda neta/EBITDA 2.0x. Técnicamente 🟡 MACD convergiendo, 🟢 Cerca de soporte. Clasificación: pendiente_confirmacion.","Pfizer, Inc. está un 1.8% por debajo de su máximo 52s. Fundamentalmente aceptable con ROE 5.0%, deuda neta/EBITDA 2.0x. Técnicamente 🟡 MACD convergiendo, 🟢 Cerca de soporte. Clasificación: pendiente_confirmacion.",OK,
NOKIA.HE,Nokia Corporation,EUROSTOXX,1.0,script-v2.0,1.0,2026-09-26T12:39:19.930980+02:00,45.0,46.6,69.0,27.0,0.0,4.0,40.0,28.0,12.0,18111963.0,-0.68,1.0,1.1,18.98,38.8,0.1618,False,51.7,58.5,False,8.61,6.0,True,False,False,Sin señales de recuperación,pass,descarte,pendiente,0.0,desconocido,Pendiente de implementar,ausente,margin_stabilization (media): Margen gross 44.6% vs 44.2% (+0.4 pp) | dividend_maintained (baja): Dividendo actual 1.53% con caída del 39.1%,incompleto,descarte,8.39,8.78,8.39 - 8.78,8.48,12.74,8.48 - 12.74,Pérdida del soporte en 8.39 | ROE negativo durante 2 trimestres consecutivos | Ampliación de capital dilutiva | Recorte de rating a bono basura,12-18,"Nokia Corporation está un 39.1% por debajo de su máximo 52s. Fundamentalmente aceptable con ROE 3.5%, deuda neta/EBITDA -0.7x. Técnicamente 🟢 Divergencia alcista RSI, 🟢 base_pattern_detected. Clasificación: descarte.","Nokia Corporation está un 39.1% por debajo de su máximo 52s. Fundamentalmente aceptable con ROE 3.5%, deuda neta/EBITDA -0.7x. Técnicamente 🟢 Divergencia alcista RSI, 🟢 base_pattern_detected. Clasificación: descarte.",OK,
CSL.AX,CSL FPO [CSL],ASX,1.0,script-v2.0,1.0,2026-09-26T12:40:26.329968+02:00,44.8,52.4,78.0,30.0,0.0,6.0,22.0,16.0,6.0,1350891.0,1.85,-8.9,-1.0,18.83,39.3,8.5761,False,73.6,83.4,False,139.86,26.5,False,True,False,Sin suelo técnico identificado,pass,descarte,pendiente,0.0,desconocido,Pendiente de implementar,parcial,debt_reduction (alta): Deuda 10896.0M vs 11964.0M | dividend_maintained (baja): Dividendo actual 2.29% con caída del 20.5%,sin_suelo,descarte,152.44,174.0,152.44 - 174.00,140.52,189.1,140.52 - 189.10,Pérdida del soporte en 174.00 | ROE negativo durante 2 trimestres consecutivos | Ampliación de capital dilutiva | Recorte de rating a bono basura,6-12,"CSL FPO [CSL] está un 20.5% por debajo de su máximo 52s. Fundamentalmente aceptable con ROE -15.8%, deuda neta/EBITDA 1.9x. Técnicamente 🟢 Cerca de soporte, 🟡 trendline_break. Clasificación: descarte.","CSL FPO [CSL] está un 20.5% por debajo de su máximo 52s. Fundamentalmente aceptable con ROE -15.8%, deuda neta/EBITDA 1.9x. Técnicamente 🟢 Cerca de soporte, 🟡 trendline_break. Clasificación: descarte.",OK,
DB1.DE,DEUTSCHE BOERSE AG            N,EUROSTOXX,1.0,script-v2.0,1.0,2026-09-26T12:38:43.883558+02:00,44.0,46.7,100.0,0.0,0.0,9.0,36.0,30.0,6.0,299221.0,1.32,-35.4,29.6,16.77,2.4,11.7475,False,93.4,82.4,False,246.21,15.7,False,True,True,,pass,pendiente_confirmacion,pendiente,0.0,desconocido,Pendiente de implementar,parcial,eps_stabilization (media): EPS 3.21 vs 2.68 (Diluted EPS) | debt_reduction (alta): Deuda 6187.0M vs 9583.0M | dividend_maintained (baja): Dividendo actual 1.47% con caída del 2.4%,incompleto,pendiente_confirmacion,274.17,275.11,274.17 - 275.11,244.98,248.03,244.98 - 248.03,Pérdida del soporte en 274.17 | ROE negativo durante 2 trimestres consecutivos | Ampliación de capital dilutiva | Recorte de rating a bono basura,6-12,"DEUTSCHE BOERSE AG            N está un 2.4% por debajo de su máximo 52s. Fundamentalmente aceptable con ROE 20.4%, deuda neta/EBITDA 1.3x. Técnicamente 🟡 MACD convergiendo, 🟢 Cerca de soporte. Clasificación: pendiente_confirmacion.","DEUTSCHE BOERSE AG            N está un 2.4% por debajo de su máximo 52s. Fundamentalmente aceptable con ROE 20.4%, deuda neta/EBITDA 1.3x. Técnicamente 🟡 MACD convergiendo, 🟢 Cerca de soporte. Clasificación: pendiente_confirmacion.",OK,
8001.T,ITOCHU CORP,ASIA,1.0,script-v2.0,1.0,2026-09-26T12:40:53.831200+02:00,44.0,45.1,84.0,11.0,0.0,1.0,41.0,23.0,18.0,15024460.0,4.72,15.3,,21.81,7.8,79.598,False,12.4,38.3,False,2026.64,9.1,True,True,False,Sin señales de recuperación,pass,descarte,pendiente,0.0,desconocido,Pendiente de implementar,ausente,dividend_maintained (baja): Dividendo actual 1.99% con caída del 7.8%,incompleto,descarte,2095.5,2096.52,2095.50 - 2096.52,2003.94,2039.15,2003.94 - 2039.15,Pérdida del soporte en 2095.50 | ROE negativo durante 2 trimestres consecutivos | Ampliación de capital dilutiva | Recorte de rating a bono basura,6-12,"ITOCHU CORP está un 7.8% por debajo de su máximo 52s. Fundamentalmente aceptable con ROE 14.1%, deuda neta/EBITDA 4.7x. Técnicamente 🟢 Volumen creciente, 🟢 base_pattern_detected. Clasificación: descarte.","ITOCHU CORP está un 7.8% por debajo de su máximo 52s. Fundamentalmente aceptable con ROE 14.1%, deuda neta/EBITDA 4.7x. Técnicamente 🟢 Volumen creciente, 🟢 base_pattern_detected. Clasificación: descarte.",OK,
PM,Philip Morris International Inc,SP500,1.0,script-v2.0,1.0,2026-09-26T12:40:14.089975+02:00,43.9,39.5,72.0,11.0,0.0,12.0,57.0,39.0,18.0,4810690.0,2.39,-5.4,-0.0,18.98,8.3,5.2385,False,65.4,68.6,False,176.89,7.7,True,True,False,,pass,descarte,pendiente,0.0,desconocido,Pendiente de implementar,confirmada,margin_stabilization (media): Margen gross 68.4% vs 68.1% (+0.4 pp) | eps_stabilization (media): EPS 1.80 vs 1.56 (Diluted EPS) | debt_reduction (alta): Deuda 49139.0M vs 51948.0M | dividend_maintained (baja): Dividendo actual 3.36% con caída del 8.3%,razonable,descarte,179.47,190.08,179.47 - 190.08,175.4,176.6,175.40 - 176.60,Pérdida del soporte en 179.47 | ROE negativo durante 2 trimestres consecutivos | Ampliación de capital dilutiva | Recorte de rating a bono basura,6-12,"Philip Morris International Inc está un 8.3% por debajo de su máximo 52s. Fundamentalmente débil con deuda neta/EBITDA 2.4x, dividendo 3.4%. Técnicamente 🟢 Cruce alcista MACD, 🟢 base_pattern_detected. Clasificación: descarte.","Philip Morris International Inc está un 8.3% por debajo de su máximo 52s. Fundamentalmente débil con deuda neta/EBITDA 2.4x, dividendo 3.4%. Técnicamente 🟢 Cruce alcista MACD, 🟢 base_pattern_detected. Clasificación: descarte.",OK,
AIR.PA,AIRBUS SE,EUROSTOXX,1.0,script-v2.0,1.0,2026-09-26T12:38:47.942968+02:00,43.8,44.7,90.0,5.0,0.0,10.0,41.0,36.0,5.0,965270.0,0.13,30.4,0.9,17.05,11.5,4.3752,False,34.0,31.5,False,187.87,2.4,False,False,True,,pass,pendiente_confirmacion,pendiente,0.0,desconocido,Pendiente de implementar,parcial,"margin_stabilization (media): Margen gross 18.4% vs 12.3% (+6.1 pp) | eps_stabilization (media): EPS 2.10 vs 0.74 (Diluted EPS) | dividend_maintained (baja): Dividendo actual 1.66% con caída del 13.1% | analyst_upgrade (media): Target 230.96 vs precio 192.40 (+20%), recMean 1.79, recKey buy",incompleto,pendiente_confirmacion,191.46,192.4,191.46 - 192.40,188.11,188.22,188.11 - 188.22,Pérdida del soporte en 191.46 | ROE negativo durante 2 trimestres consecutivos | Ampliación de capital dilutiva | Recorte de rating a bono basura,6-12,"AIRBUS SE está un 13.1% por debajo de su máximo 52s. Fundamentalmente aceptable con ROE 23.2%, deuda neta/EBITDA 0.1x. Técnicamente 🟢 Cerca de soporte, 🟡 Apoyo en MA40 semanal. Clasificación: pendiente_confirmacion.","AIRBUS SE está un 13.1% por debajo de su máximo 52s. Fundamentalmente aceptable con ROE 23.2%, deuda neta/EBITDA 0.1x. Técnicamente 🟢 Cerca de soporte, 🟡 Apoyo en MA40 semanal. Clasificación: pendiente_confirmacion.",OK,
BAS.DE,BASF SE                       N,EUROSTOXX,1.0,script-v2.0,1.0,2026-09-26T12:38:36.450084+02:00,43.5,44.9,70.0,23.0,0.0,4.0,39.0,27.0,12.0,1785887.0,2.86,12.7,-1.0,9.68,7.2,1.0915,False,8.2,28.2,False,48.72,3.5,True,False,False,Sin señales de recuperación,pass,descarte,pendiente,0.0,desconocido,Pendiente de implementar,ausente,eps_stabilization (media): EPS 4.78 vs 1.06 (Diluted EPS) | dividend_maintained (baja): Dividendo actual 4.46% con caída del 8.4%,incompleto,descarte,47.36,50.42,47.36 - 50.42,46.79,48.58,46.79 - 48.58,Pérdida del soporte en 47.36 | ROE negativo durante 2 trimestres consecutivos | Ampliación de capital dilutiva | Recorte de rating a bono basura,6-12,"BASF SE                       N está un 8.4% por debajo de su máximo 52s. Fundamentalmente aceptable con ROE 6.1%, deuda neta/EBITDA 2.9x. Técnicamente 🟢 base_pattern_detected. Clasificación: descarte.","BASF SE                       N está un 8.4% por debajo de su máximo 52s. Fundamentalmente aceptable con ROE 6.1%, deuda neta/EBITDA 2.9x. Técnicamente 🟢 base_pattern_detected. Clasificación: descarte.",OK,
UBSG.SW,UBS GROUP N,EUROSTOXX,1.0,script-v2.0,1.0,2026-09-26T12:39:22.266692+02:00,43.3,40.1,71.0,13.0,0.0,1.0,53.0,53.0,0.0,5393230.0,,74.2,,,9.4,2.3027,False,34.8,16.5,False,36.96,10.4,False,False,False,Sin señales de recuperación,pass,descarte,pendiente,0.0,desconocido,Pendiente de implementar,ausente,dividend_maintained (baja): Dividendo actual 2.11% con caída del 9.4%,razonable,descarte,39.54,40.8,39.54 - 40.80,36.87,38.28,36.87 - 38.28,Pérdida del soporte en 39.54 | ROE negativo durante 2 trimestres consecutivos | Ampliación de capital dilutiva | Recorte de rating a bono basura,6-12,"UBS GROUP N está un 9.4% por debajo de su máximo 52s. Fundamentalmente aceptable con ROE 10.7%, dividendo 2.1%. Técnicamente 🔵 RSI recuperándose de sobreventa, 🟡 MACD convergiendo. Clasificación: descarte.","UBS GROUP N está un 9.4% por debajo de su máximo 52s. Fundamentalmente aceptable con ROE 10.7%, dividendo 2.1%. Técnicamente 🔵 RSI recuperándose de sobreventa, 🟡 MACD convergiendo. Clasificación: descarte.",OK,
G.MI,GENERALI,EUROSTOXX,1.0,script-v2.0,1.0,2026-09-26T12:39:09.921237+02:00,43.1,48.5,97.0,6.0,0.0,4.0,27.0,27.0,0.0,2215035.0,4.18,4.8,,12.71,5.4,2.3388,False,26.5,14.1,False,38.21,14.4,False,False,False,Sin señales de recuperación,pass,descarte,pendiente,0.0,desconocido,Pendiente de implementar,ausente,eps_stabilization (media): EPS 1.49 vs 0.70 (Diluted EPS) | dividend_maintained (baja): Dividendo actual 3.75% con caída del 5.4%,incompleto,descarte,42.03,43.72,42.03 - 43.72,38.08,39.3,38.08 - 39.30,Pérdida del soporte en 42.03 | ROE negativo durante 2 trimestres consecutivos | Ampliación de capital dilutiva | Recorte de rating a bono basura,6-12,"GENERALI está un 5.4% por debajo de su máximo 52s. Fundamentalmente aceptable con ROE 15.1%, deuda neta/EBITDA 4.2x. Técnicamente 🟢 Cerca de soporte. Clasificación: descarte.","GENERALI está un 5.4% por debajo de su máximo 52s. Fundamentalmente aceptable con ROE 15.1%, deuda neta/EBITDA 4.2x. Técnicamente 🟢 Cerca de soporte. Clasificación: descarte.",OK,
SIE.DE,SIEMENS AG                    N,EUROSTOXX,1.0,script-v2.0,1.0,2026-09-26T12:38:41.362596+02:00,43.0,43.4,93.0,0.0,0.0,12.0,42.0,30.0,12.0,963965.0,3.12,-7.8,-0.0,20.88,4.6,7.4114,False,87.9,84.8,False,255.74,8.8,True,False,True,,pass,pendiente_confirmacion,pendiente,0.0,desconocido,Pendiente de implementar,confirmada,margin_stabilization (media): Margen gross 40.9% vs 38.9% (+2.0 pp) | eps_stabilization (media): EPS 2.91 vs 2.58 (Diluted EPS) | debt_reduction (alta): Deuda 49924.0M vs 54161.0M | dividend_maintained (baja): Dividendo actual 1.92% con caída del 4.6%,incompleto,pendiente_confirmacion,263.93,275.29,263.93 - 275.29,247.94,255.26,247.94 - 255.26,Pérdida del soporte en 263.93 | ROE negativo durante 2 trimestres consecutivos | Ampliación de capital dilutiva | Recorte de rating a bono basura,6-12,"SIEMENS AG                    N está un 4.6% por debajo de su máximo 52s. Fundamentalmente aceptable con ROE 12.5%, deuda neta/EBITDA 3.1x. Técnicamente 🟢 Cruce alcista MACD, 🟢 base_pattern_detected. Clasificación: pendiente_confirmacion.","SIEMENS AG                    N está un 4.6% por debajo de su máximo 52s. Fundamentalmente aceptable con ROE 12.5%, deuda neta/EBITDA 3.1x. Técnicamente 🟢 Cruce alcista MACD, 🟢 base_pattern_detected. Clasificación: pendiente_confirmacion.",OK,
FORTUM.HE,Fortum Corporation,EUROSTOXX,1.0,script-v2.0,1.0,2026-09-26T12:39:18.867645+02:00,43.0,45.9,95.0,3.0,0.0,6.0,34.0,16.0,18.0,1118772.0,1.36,-1.0,0.2,17.86,9.4,0.9016,False,50.0,56.5,False,20.29,15.4,True,True,True,,pass,pendiente_confirmacion,pendiente,0.0,desconocido,Pendiente de implementar,parcial,debt_reduction (alta): Deuda 3906.0M vs 3947.0M | dividend_maintained (baja): Dividendo actual 3.16% con caída del 9.4%,incompleto,pendiente_confirmacion,21.09,23.15,21.09 - 23.15,20.13,21.96,20.13 - 21.96,Pérdida del soporte en 23.15 | ROE negativo durante 2 trimestres consecutivos | Ampliación de capital dilutiva | Recorte de rating a bono basura,6-12,"Fortum Corporation está un 9.4% por debajo de su máximo 52s. Fundamentalmente aceptable con ROE 10.0%, deuda neta/EBITDA 1.4x. Técnicamente 🟢 Cerca de soporte, 🟢 base_pattern_detected. Clasificación: pendiente_confirmacion.","Fortum Corporation está un 9.4% por debajo de su máximo 52s. Fundamentalmente aceptable con ROE 10.0%, deuda neta/EBITDA 1.4x. Técnicamente 🟢 Cerca de soporte, 🟢 base_pattern_detected. Clasificación: pendiente_confirmacion.",OK,
TCL.AX,TRANSURBAN STAPLED [TCL],ASX,1.0,script-v2.0,1.0,2026-09-26T12:40:32.376133+02:00,42.9,36.8,40.0,34.0,0.0,4.0,61.0,50.0,11.0,5090886.0,8.2,0.9,,25.75,14.8,-0.1522,False,8.8,5.5,True,13.99,-7.1,False,False,False,Sin señales de recuperación,pass,descarte,pendiente,0.0,desconocido,Pendiente de implementar,ausente,eps_stabilization (media): EPS 0.12 vs 0.04 (annual_eps_fallback) | dividend_maintained (baja): Dividendo actual 5.38% con caída del 16.8%,razonable,descarte,12.95,13.0,12.95 - 13.00,13.28,13.99,13.28 - 13.99,Pérdida del soporte en 12.95 | ROE negativo durante 2 trimestres consecutivos | Ampliación de capital dilutiva | Recorte de rating a bono basura,6-12,"TRANSURBAN STAPLED [TCL] está un 16.8% por debajo de su máximo 52s. Fundamentalmente débil con ROE 5.0%, deuda neta/EBITDA 8.2x. Técnicamente 🔵 RSI en sobreventa, 🟢 Cerca de soporte. Clasificación: descarte.","TRANSURBAN STAPLED [TCL] está un 16.8% por debajo de su máximo 52s. Fundamentalmente débil con ROE 5.0%, deuda neta/EBITDA 8.2x. Técnicamente 🔵 RSI en sobreventa, 🟢 Cerca de soporte. Clasificación: descarte.",OK,
MSFT,Microsoft Corporation,SP500,1.0,script-v2.0,1.0,2026-09-26T12:40:21.863791+02:00,42.6,42.5,91.0,0.0,0.0,7.0,43.0,25.0,18.0,29841950.0,0.27,126.1,-0.0,20.0,6.2,23.2299,False,90.3,62.4,False,429.07,20.3,True,True,True,,pass,pendiente_confirmacion,pendiente,0.0,desconocido,Pendiente de implementar,parcial,margin_stabilization (media): Margen gross 67.2% vs 67.6% (-0.4 pp) | eps_stabilization (media): EPS 4.81 vs 4.27 (Diluted EPS) | dividend_maintained (baja): Dividendo actual 0.76% con caída del 6.8%,incompleto,pendiente_confirmacion,475.4,486.78,475.40 - 486.78,430.61,470.66,430.61 - 470.66,Pérdida del soporte en 486.78 | ROE negativo durante 2 trimestres consecutivos | Ampliación de capital dilutiva | Recorte de rating a bono basura,6-12,"Microsoft Corporation está un 6.8% por debajo de su máximo 52s. Fundamentalmente aceptable con ROE 34.0%, deuda neta/EBITDA 0.3x. Técnicamente 🟡 MACD convergiendo, 🟢 base_pattern_detected. Clasificación: pendiente_confirmacion.","Microsoft Corporation está un 6.8% por debajo de su máximo 52s. Fundamentalmente aceptable con ROE 34.0%, deuda neta/EBITDA 0.3x. Técnicamente 🟡 MACD convergiendo, 🟢 base_pattern_detected. Clasificación: pendiente_confirmacion.",OK,
4502.T,TAKEDA PHARMACEUTICAL CO LTD,ASIA,1.0,script-v2.0,1.0,2026-09-26T12:40:46.239008+02:00,42.3,36.8,56.0,20.0,0.0,4.0,59.0,41.0,18.0,4112458.0,4.06,13.4,-1.0,11.61,1.1,193.4503,False,87.1,82.3,False,5412.35,10.3,True,True,False,Sin señales de recuperación,pass,descarte,pendiente,0.0,desconocido,Pendiente de implementar,ausente,margin_stabilization (media): Margen gross 66.7% vs 62.9% (+3.7 pp) | dividend_maintained (baja): Dividendo actual 3.42% con caída del 1.1%,razonable,descarte,5603.29,5665.44,5603.29 - 5665.44,5128.05,5317.28,5128.05 - 5317.28,Pérdida del soporte en 5603.29 | ROE negativo durante 2 trimestres consecutivos | Ampliación de capital dilutiva | Recorte de rating a bono basura,6-12,"TAKEDA PHARMACEUTICAL CO LTD está un 1.1% por debajo de su máximo 52s. Fundamentalmente débil con ROE -2.3%, deuda neta/EBITDA 4.1x. Técnicamente 🟢 Cruce alcista MACD, 🟢 Volumen creciente. Clasificación: descarte.","TAKEDA PHARMACEUTICAL CO LTD está un 1.1% por debajo de su máximo 52s. Fundamentalmente débil con ROE -2.3%, deuda neta/EBITDA 4.1x. Técnicamente 🟢 Cruce alcista MACD, 🟢 Volumen creciente. Clasificación: descarte.",OK,
JPM,JP Morgan Chase & Co.,SP500,1.0,script-v2.0,1.0,2026-09-26T12:39:50.489062+02:00,42.1,41.2,78.0,9.0,0.0,4.0,45.0,45.0,0.0,7691509.0,,159.9,,,6.4,12.6143,False,31.4,15.1,False,319.87,7.2,False,False,False,Sin señales de recuperación,pass,descarte,pendiente,0.0,desconocido,Pendiente de implementar,ausente,eps_stabilization (media): EPS 7.70 vs 5.94 (Diluted EPS) | dividend_maintained (baja): Dividendo actual 1.92% con caída del 6.4%,razonable,descarte,341.79,343.06,341.79 - 343.06,311.52,319.54,311.52 - 319.54,Pérdida del soporte en 341.79 | ROE negativo durante 2 trimestres consecutivos | Ampliación de capital dilutiva | Recorte de rating a bono basura,6-12,"JP Morgan Chase & Co. está un 6.4% por debajo de su máximo 52s. Fundamentalmente aceptable con ROE 17.8%, dividendo 1.9%. Técnicamente 🟡 MACD convergiendo, 🟢 Cerca de soporte. Clasificación: descarte.","JP Morgan Chase & Co. está un 6.4% por debajo de su máximo 52s. Fundamentalmente aceptable con ROE 17.8%, dividendo 1.9%. Técnicamente 🟡 MACD convergiendo, 🟢 Cerca de soporte. Clasificación: descarte.",OK,
JNJ,Johnson & Johnson,SP500,1.0,script-v2.0,1.0,2026-09-26T12:39:34.488859+02:00,41.8,46.7,100.0,0.0,0.0,12.0,27.0,21.0,6.0,7092117.0,0.81,-10.8,0.2,19.55,3.5,12.3053,False,72.4,59.2,False,240.12,13.0,False,True,True,,pass,pendiente_confirmacion,pendiente,0.0,desconocido,Pendiente de implementar,confirmada,margin_stabilization (media): Margen gross 68.2% vs 66.3% (+1.9 pp) | eps_stabilization (media): EPS 2.27 vs 2.14 (Diluted EPS) | debt_reduction (alta): Deuda 49036.0M vs 54987.0M | dividend_maintained (baja): Dividendo actual 1.98% con caída del 3.5%,incompleto,pendiente_confirmacion,255.42,264.28,255.42 - 264.28,238.26,238.91,238.26 - 238.91,Pérdida del soporte en 255.42 | ROE negativo durante 2 trimestres consecutivos | Ampliación de capital dilutiva | Recorte de rating a bono basura,6-12,"Johnson & Johnson está un 3.5% por debajo de su máximo 52s. Fundamentalmente aceptable con ROE 25.7%, deuda neta/EBITDA 0.8x. Técnicamente 🟡 MACD convergiendo, 🟡 trendline_break. Clasificación: pendiente_confirmacion.","Johnson & Johnson está un 3.5% por debajo de su máximo 52s. Fundamentalmente aceptable con ROE 25.7%, deuda neta/EBITDA 0.8x. Técnicamente 🟡 MACD convergiendo, 🟡 trendline_break. Clasificación: pendiente_confirmacion.",OK,
055550.KS,ShinhanGroup,ASIA,1.0,script-v2.0,1.0,2026-09-26T12:41:06.584614+02:00,41.5,45.3,72.0,22.0,0.0,7.0,30.0,12.0,18.0,1201858.0,,61.9,,,6.2,5182.6628,False,5.3,39.0,False,97150.21,12.5,True,True,True,,pass,pendiente_confirmacion,pendiente,0.0,desconocido,Pendiente de implementar,parcial,"eps_stabilization (media): EPS 3750.00 vs 3327.00 (Diluted EPS) | dividend_maintained (baja): Dividendo actual 2.71% con caída del 6.2% | analyst_upgrade (media): Target 132894.73 vs precio 109300.00 (+22%), recMean 1.40, recKey strong_buy",incompleto,pendiente_confirmacion,102645.75,107202.46,102645.75 - 107202.46,94830.19,99025.0,94830.19 - 99025.00,Pérdida del soporte en 102645.75 | ROE negativo durante 2 trimestres consecutivos | Ampliación de capital dilutiva | Recorte de rating a bono basura,6-12,"ShinhanGroup está un 6.2% por debajo de su máximo 52s. Fundamentalmente aceptable con ROE 8.9%, dividendo 2.7%. Técnicamente 🟢 base_pattern_detected, 🟡 trendline_break. Clasificación: pendiente_confirmacion.","ShinhanGroup está un 6.2% por debajo de su máximo 52s. Fundamentalmente aceptable con ROE 8.9%, dividendo 2.7%. Técnicamente 🟢 base_pattern_detected, 🟡 trendline_break. Clasificación: pendiente_confirmacion.",OK,
AMGN,Amgen Inc.,SP500,1.0,script-v2.0,1.0,2026-09-26T12:40:06.270617+02:00,41.5,36.4,78.0,0.0,0.0,12.0,57.0,39.0,18.0,2681130.0,2.51,-0.0,2.4,15.49,7.3,19.1325,False,97.2,62.8,False,361.37,14.7,True,True,False,,pass,descarte,pendiente,0.0,desconocido,Pendiente de implementar,confirmada,margin_stabilization (media): Margen gross 72.0% vs 68.2% (+3.9 pp) | eps_stabilization (media): EPS 4.37 vs 3.34 (Diluted EPS) | debt_reduction (alta): Deuda 57304.0M vs 57323.0M | dividend_maintained (baja): Dividendo actual 2.43% con caída del 7.3%,razonable,descarte,403.54,408.02,403.54 - 408.02,358.4,379.98,358.40 - 379.98,Pérdida del soporte en 408.02 | ROE negativo durante 2 trimestres consecutivos | Ampliación de capital dilutiva | Recorte de rating a bono basura,6-12,"Amgen Inc. está un 7.3% por debajo de su máximo 52s. Fundamentalmente débil con ROE 91.5%, deuda neta/EBITDA 2.5x. Técnicamente 🟢 Cruce alcista MACD, 🟢 Cerca de soporte. Clasificación: descarte.","Amgen Inc. está un 7.3% por debajo de su máximo 52s. Fundamentalmente débil con ROE 91.5%, deuda neta/EBITDA 2.5x. Técnicamente 🟢 Cruce alcista MACD, 🟢 Cerca de soporte. Clasificación: descarte.",OK,
BOQ.AX,BANK QLD FPO [BOQ],ASX,1.0,script-v2.0,1.0,2026-09-26T12:40:41.693706+02:00,41.3,42.1,57.0,29.0,0.0,9.0,39.0,16.0,23.0,1609800.0,,-1.7,,,12.7,0.0555,False,42.9,35.7,False,6.39,2.7,True,True,True,,pass,pendiente_confirmacion,pendiente,0.0,desconocido,Pendiente de implementar,parcial,eps_stabilization (media): EPS 0.41 vs 0.18 (annual_eps_fallback) | debt_reduction (alta): Deuda 16714.0M vs 17008.0M | dividend_maintained (baja): Dividendo actual 6.10% con caída del 12.3%,incompleto,pendiente_confirmacion,6.12,6.47,6.12 - 6.47,6.36,6.37,6.36 - 6.37,Pérdida del soporte en 6.12 | ROE negativo durante 2 trimestres consecutivos | Ampliación de capital dilutiva | Recorte de rating a bono basura,6-12,"BANK QLD FPO [BOQ] está un 12.3% por debajo de su máximo 52s. Fundamentalmente aceptable con ROE 1.6%, dividendo 6.1%. Técnicamente 🟡 Apoyo en MA40 semanal, 🟢 base_pattern_detected. Clasificación: pendiente_confirmacion.","BANK QLD FPO [BOQ] está un 12.3% por debajo de su máximo 52s. Fundamentalmente aceptable con ROE 1.6%, dividendo 6.1%. Técnicamente 🟡 Apoyo en MA40 semanal, 🟢 base_pattern_detected. Clasificación: pendiente_confirmacion.",OK,
7267.T,HONDA MOTOR CO,ASIA,1.0,script-v2.0,1.0,2026-09-26T12:40:49.296044+02:00,41.2,41.3,52.0,32.0,0.0,7.0,41.0,35.0,6.0,16990053.0,6.92,225.1,0.1,12.4,1.8,76.3963,False,82.6,75.9,False,1494.55,16.1,False,True,True,,pass,pendiente_confirmacion,pendiente,0.0,desconocido,Pendiente de implementar,parcial,margin_stabilization (media): Margen gross 22.2% vs 6.4% (+15.8 pp) | eps_stabilization (media): EPS 115.84 vs 46.80 (Diluted EPS) | dividend_maintained (baja): Dividendo actual 4.03% con caída del 1.8%,incompleto,pendiente_confirmacion,1638.25,1649.74,1638.25 - 1649.74,1489.58,1501.52,1489.58 - 1501.52,Pérdida del soporte en 1638.25 | ROE negativo durante 2 trimestres consecutivos | Ampliación de capital dilutiva | Recorte de rating a bono basura,6-12,"HONDA MOTOR CO está un 1.8% por debajo de su máximo 52s. Fundamentalmente aceptable con ROE -0.8%, deuda neta/EBITDA 6.9x. Técnicamente 🟢 Cruce alcista MACD, 🟡 trendline_break. Clasificación: pendiente_confirmacion.","HONDA MOTOR CO está un 1.8% por debajo de su máximo 52s. Fundamentalmente aceptable con ROE -0.8%, deuda neta/EBITDA 6.9x. Técnicamente 🟢 Cruce alcista MACD, 🟡 trendline_break. Clasificación: pendiente_confirmacion.",OK,
6861.T,KEYENCE CORP,ASIA,1.0,script-v2.0,1.0,2026-09-26T12:40:48.254404+02:00,41.1,37.8,73.0,7.0,0.0,4.0,51.0,45.0,6.0,627826.0,-2.33,,,29.17,9.1,3312.4651,False,92.0,60.4,False,69680.76,14.2,False,True,False,Sin señales de recuperación,pass,descarte,pendiente,0.0,desconocido,Pendiente de implementar,ausente,"dividend_maintained (baja): Dividendo actual 0.69% con caída del 9.5% | analyst_upgrade (media): Target 97866.66 vs precio 79600.00 (+23%), recMean 1.47, recKey strong_buy",razonable,descarte,73340.23,78829.46,73340.23 - 78829.46,68152.6,74732.0,68152.60 - 74732.00,Pérdida del soporte en 73340.23 | ROE negativo durante 2 trimestres consecutivos | Ampliación de capital dilutiva | Recorte de rating a bono basura,6-12,"KEYENCE CORP está un 9.5% por debajo de su máximo 52s. Fundamentalmente débil con deuda neta/EBITDA -2.3x, dividendo 0.7%. Técnicamente 🟢 Cruce alcista MACD, 🟢 Volumen creciente. Clasificación: descarte.","KEYENCE CORP está un 9.5% por debajo de su máximo 52s. Fundamentalmente débil con deuda neta/EBITDA -2.3x, dividendo 0.7%. Técnicamente 🟢 Cruce alcista MACD, 🟢 Volumen creciente. Clasificación: descarte.",OK,
LLOY.L,LLOYDS BANKING GROUP PLC ORD 10,EUROSTOXX,1.0,script-v2.0,1.0,2026-09-26T12:39:27.019860+02:00,40.8,42.7,64.0,24.0,0.0,4.0,35.0,35.0,0.0,145453340.0,,66.3,,,7.7,3.2047,False,38.5,18.3,False,104.08,4.5,False,False,False,Sin señales de recuperación,pass,descarte,pendiente,0.0,desconocido,Pendiente de implementar,ausente,eps_stabilization (media): EPS 0.02 vs 0.02 (Diluted EPS) | dividend_maintained (baja): Dividendo actual 0.04% con caída del 7.7%,incompleto,descarte,97.25,108.8,97.25 - 108.80,100.22,103.91,100.22 - 103.91,Pérdida del soporte en 97.25 | ROE negativo durante 2 trimestres consecutivos | Ampliación de capital dilutiva | Recorte de rating a bono basura,6-12,"LLOYDS BANKING GROUP PLC ORD 10 está un 7.7% por debajo de su máximo 52s. Fundamentalmente aceptable con ROE 11.3%, dividendo 0.0%. Técnicamente 🟡 MACD convergiendo. Clasificación: descarte.","LLOYDS BANKING GROUP PLC ORD 10 está un 7.7% por debajo de su máximo 52s. Fundamentalmente aceptable con ROE 11.3%, dividendo 0.0%. Técnicamente 🟡 MACD convergiendo. Clasificación: descarte.",OK,
UNA.AS,UNILEVER PLC,EUROSTOXX,1.0,script-v2.0,1.0,2026-09-26T12:39:06.511413+02:00,40.8,36.7,74.0,4.0,0.0,4.0,53.0,48.0,5.0,1037028.0,2.41,4.7,,13.35,12.1,0.6946,False,56.3,63.4,False,53.14,2.2,False,False,False,Sin señales de recuperación,pass,descarte,pendiente,0.0,desconocido,Pendiente de implementar,ausente,eps_stabilization (media): EPS 4.32 vs 2.58 (annual_eps_fallback) | dividend_maintained (baja): Dividendo actual 3.52% con caída del 14.3%,razonable,descarte,53.16,54.3,53.16 - 54.30,53.21,53.88,53.21 - 53.88,Pérdida del soporte en 53.16 | ROE negativo durante 2 trimestres consecutivos | Ampliación de capital dilutiva | Recorte de rating a bono basura,6-12,"UNILEVER PLC está un 14.3% por debajo de su máximo 52s. Fundamentalmente débil con ROE 31.9%, deuda neta/EBITDA 2.4x. Técnicamente 🟢 Cruce alcista MACD, 🟢 Cerca de soporte. Clasificación: descarte.","UNILEVER PLC está un 14.3% por debajo de su máximo 52s. Fundamentalmente débil con ROE 31.9%, deuda neta/EBITDA 2.4x. Técnicamente 🟢 Cruce alcista MACD, 🟢 Cerca de soporte. Clasificación: descarte.",OK,
U11.SI,UOB,ASIA,1.0,script-v2.0,1.0,2026-09-26T12:41:08.706817+02:00,40.0,46.3,74.0,22.0,0.0,1.0,21.0,15.0,6.0,3378955.0,,21.5,,,3.7,1.5318,False,69.2,72.0,False,37.92,12.3,False,True,False,Sin señales de recuperación | Sin suelo técnico identificado,pass,descarte,pendiente,0.0,desconocido,Pendiente de implementar,ausente,dividend_maintained (baja): Dividendo actual 4.13% con caída del 5.7%,sin_suelo,descarte,40.32,41.7,40.32 - 41.70,37.71,38.38,37.71 - 38.38,Pérdida del soporte en 40.32 | ROE negativo durante 2 trimestres consecutivos | Ampliación de capital dilutiva | Recorte de rating a bono basura,6-12,"UOB está un 5.7% por debajo de su máximo 52s. Fundamentalmente aceptable con ROE 9.2%, dividendo 4.1%. Técnicamente 🟡 trendline_break. Clasificación: descarte.","UOB está un 5.7% por debajo de su máximo 52s. Fundamentalmente aceptable con ROE 9.2%, dividendo 4.1%. Técnicamente 🟡 trendline_break. Clasificación: descarte.",OK,
UCG.MI,UNICREDIT,EUROSTOXX,1.0,script-v2.0,1.0,2026-09-26T12:39:11.339472+02:00,39.8,39.3,74.0,9.0,0.0,1.0,41.0,35.0,6.0,4284718.0,,93.0,,,2.9,4.0551,False,60.9,44.7,False,73.63,14.0,False,True,False,Sin señales de recuperación,pass,descarte,pendiente,0.0,desconocido,Pendiente de implementar,ausente,dividend_maintained (baja): Dividendo actual 3.75% con caída del 2.9%,incompleto,descarte,81.23,83.46,81.23 - 83.46,73.46,73.73,73.46 - 73.73,Pérdida del soporte en 81.23 | ROE negativo durante 2 trimestres consecutivos | Ampliación de capital dilutiva | Recorte de rating a bono basura,6-12,"UNICREDIT está un 2.9% por debajo de su máximo 52s. Fundamentalmente débil con ROE 15.8%, dividendo 3.8%. Técnicamente 🟡 MACD convergiendo, 🟢 Cerca de soporte. Clasificación: descarte.","UNICREDIT está un 2.9% por debajo de su máximo 52s. Fundamentalmente débil con ROE 15.8%, dividendo 3.8%. Técnicamente 🟡 MACD convergiendo, 🟢 Cerca de soporte. Clasificación: descarte.",OK,
ASML.AS,ASML HOLDING,EUROSTOXX,1.0,script-v2.0,1.0,2026-09-26T12:39:03.293119+02:00,39.7,35.9,77.0,0.0,0.0,15.0,51.0,39.0,12.0,602782.0,-0.41,-26.7,0.0,42.94,12.4,69.2438,False,88.5,84.5,False,1338.15,13.8,True,False,False,,pass,descarte,pendiente,0.0,desconocido,Pendiente de implementar,confirmada,"margin_stabilization (media): Margen gross 54.0% vs 53.0% (+1.0 pp) | eps_stabilization (media): EPS 7.58 vs 7.15 (Diluted EPS) | debt_reduction (alta): Deuda 1984.4M vs 2705.6M | dividend_maintained (baja): Dividendo actual 0.51% con caída del 12.5% | analyst_upgrade (media): Target 2044.69 vs precio 1522.60 (+34%), recMean 1.40, recKey strong_buy",razonable,descarte,1489.34,1518.49,1489.34 - 1518.49,1322.19,1479.85,1322.19 - 1479.85,Pérdida del soporte en 1518.49 | ROE negativo durante 2 trimestres consecutivos | Ampliación de capital dilutiva | Recorte de rating a bono basura,6-12,"ASML HOLDING está un 12.5% por debajo de su máximo 52s. Fundamentalmente débil con ROE 53.9%, deuda neta/EBITDA -0.4x. Técnicamente 🟢 Cruce alcista MACD, 🟢 Cerca de soporte. Clasificación: descarte.","ASML HOLDING está un 12.5% por debajo de su máximo 52s. Fundamentalmente débil con ROE 53.9%, deuda neta/EBITDA -0.4x. Técnicamente 🟢 Cruce alcista MACD, 🟢 Cerca de soporte. Clasificación: descarte.",OK,
BAYN.DE,Bayer AG                      N,EUROSTOXX,1.0,script-v2.0,1.0,2026-09-26T12:38:36.619622+02:00,39.5,40.6,55.0,28.0,0.0,6.0,36.0,30.0,6.0,2314203.0,3.29,-5.6,1.6,8.15,7.2,2.8305,False,86.9,71.5,False,42.76,17.0,False,True,True,,pass,pendiente_confirmacion,pendiente,0.0,desconocido,Pendiente de implementar,parcial,debt_reduction (alta): Deuda 38431.0M vs 40697.0M | dividend_maintained (baja): Dividendo actual 0.22% con caída del 7.2%,incompleto,pendiente_confirmacion,47.35,48.51,47.35 - 48.51,42.63,45.83,42.63 - 45.83,Pérdida del soporte en 47.35 | ROE negativo durante 2 trimestres consecutivos | Ampliación de capital dilutiva | Recorte de rating a bono basura,6-12,"Bayer AG                      N está un 7.2% por debajo de su máximo 52s. Fundamentalmente aceptable con ROE -5.7%, deuda neta/EBITDA 3.3x. Técnicamente 🟢 Cruce alcista MACD, 🟡 trendline_break. Clasificación: pendiente_confirmacion.","Bayer AG                      N está un 7.2% por debajo de su máximo 52s. Fundamentalmente aceptable con ROE -5.7%, deuda neta/EBITDA 3.3x. Técnicamente 🟢 Cruce alcista MACD, 🟡 trendline_break. Clasificación: pendiente_confirmacion.",OK,
AAPL,Apple Inc.,SP500,1.0,script-v2.0,1.0,2026-09-26T12:40:21.688332+02:00,39.5,45.7,98.0,0.0,0.0,12.0,21.0,15.0,6.0,51468863.0,0.13,-0.4,-0.0,29.77,1.2,15.059,False,88.0,79.3,False,288.23,18.3,False,True,False,Sin suelo técnico identificado,pass,descarte,pendiente,0.0,desconocido,Pendiente de implementar,confirmada,margin_stabilization (media): Margen gross 50.1% vs 49.3% (+0.8 pp) | eps_stabilization (media): EPS 2.02 vs 2.01 (Diluted EPS) | debt_reduction (alta): Deuda 84344.0M vs 84711.0M | dividend_maintained (baja): Dividendo actual 0.32% con caída del 1.2%,sin_suelo,descarte,303.83,321.74,303.83 - 321.74,287.39,293.54,287.39 - 293.54,Pérdida del soporte en 303.83 | ROE negativo durante 2 trimestres consecutivos | Ampliación de capital dilutiva | Recorte de rating a bono basura,6-12,"Apple Inc. está un 1.2% por debajo de su máximo 52s. Fundamentalmente aceptable con ROE 148.8%, deuda neta/EBITDA 0.1x. Técnicamente 🟡 trendline_break. Clasificación: descarte.","Apple Inc. está un 1.2% por debajo de su máximo 52s. Fundamentalmente aceptable con ROE 148.8%, deuda neta/EBITDA 0.1x. Técnicamente 🟡 trendline_break. Clasificación: descarte.",OK,
KO,Coca-Cola Company (The),SP500,1.0,script-v2.0,1.0,2026-09-26T12:39:34.969045+02:00,39.3,43.4,93.0,0.0,0.0,7.0,27.0,21.0,6.0,16586600.0,1.64,0.8,0.0,24.0,4.5,3.3802,False,31.3,37.8,False,79.29,10.7,False,True,True,,pass,pendiente_confirmacion,pendiente,0.0,desconocido,Pendiente de implementar,parcial,margin_stabilization (media): Margen gross 62.9% vs 63.0% (-0.1 pp) | eps_stabilization (media): EPS 1.03 vs 0.91 (Diluted EPS) | dividend_maintained (baja): Dividendo actual 2.41% con caída del 5.1%,incompleto,pendiente_confirmacion,86.23,87.06,86.23 - 87.06,78.62,78.69,78.62 - 78.69,Pérdida del soporte en 86.23 | ROE negativo durante 2 trimestres consecutivos | Ampliación de capital dilutiva | Recorte de rating a bono basura,6-12,"Coca-Cola Company (The) está un 5.1% por debajo de su máximo 52s. Fundamentalmente aceptable con ROE 42.1%, deuda neta/EBITDA 1.6x. Técnicamente 🟢 Cerca de soporte, 🟡 trendline_break. Clasificación: pendiente_confirmacion.","Coca-Cola Company (The) está un 5.1% por debajo de su máximo 52s. Fundamentalmente aceptable con ROE 42.1%, deuda neta/EBITDA 1.6x. Técnicamente 🟢 Cerca de soporte, 🟡 trendline_break. Clasificación: pendiente_confirmacion.",OK,
105560.KS,KBFinancialGroup,ASIA,1.0,script-v2.0,1.0,2026-09-26T12:41:06.431563+02:00,39.2,46.3,74.0,22.0,0.0,7.0,18.0,12.0,6.0,1243032.0,,35.0,,,10.3,7124.4912,False,22.0,47.0,False,156637.69,10.6,False,True,False,Sin suelo técnico identificado,pass,descarte,pendiente,0.0,desconocido,Pendiente de implementar,parcial,"eps_stabilization (media): EPS 5508.00 vs 5120.00 (Diluted EPS) | dividend_maintained (baja): Dividendo actual 2.67% con caída del 11.0% | analyst_upgrade (media): Target 213945.00 vs precio 173200.00 (+24%), recMean 1.40, recKey strong_buy",sin_suelo,descarte,162698.25,171335.69,162698.25 - 171335.69,152733.76,165325.0,152733.76 - 165325.00,Pérdida del soporte en 162698.25 | ROE negativo durante 2 trimestres consecutivos | Ampliación de capital dilutiva | Recorte de rating a bono basura,6-12,"KBFinancialGroup está un 11.0% por debajo de su máximo 52s. Fundamentalmente aceptable con ROE 10.2%, dividendo 2.7%. Técnicamente 🟡 trendline_break. Clasificación: descarte.","KBFinancialGroup está un 11.0% por debajo de su máximo 52s. Fundamentalmente aceptable con ROE 10.2%, dividendo 2.7%. Técnicamente 🟡 trendline_break. Clasificación: descarte.",OK,
INGA.AS,ING GROEP N.V.,EUROSTOXX,1.0,script-v2.0,1.0,2026-09-26T12:39:04.422825+02:00,39.2,40.3,76.0,9.0,0.0,4.0,36.0,30.0,6.0,5310603.0,,43.3,,,1.9,2.1323,False,46.7,37.6,False,25.95,22.5,False,True,False,Sin señales de recuperación,pass,descarte,pendiente,0.0,desconocido,Pendiente de implementar,ausente,eps_stabilization (media): EPS 0.54 vs 0.48 (Diluted EPS) | dividend_maintained (baja): Dividendo actual 3.59% con caída del 1.9%,incompleto,descarte,30.64,30.68,30.64 - 30.68,25.88,27.54,25.88 - 27.54,Pérdida del soporte en 30.68 | ROE negativo durante 2 trimestres consecutivos | Ampliación de capital dilutiva | Recorte de rating a bono basura,6-12,"ING GROEP N.V. está un 1.9% por debajo de su máximo 52s. Fundamentalmente aceptable con ROE 17.1%, dividendo 3.6%. Técnicamente 🟡 MACD convergiendo, 🟢 Cerca de soporte. Clasificación: descarte.","ING GROEP N.V. está un 1.9% por debajo de su máximo 52s. Fundamentalmente aceptable con ROE 17.1%, dividendo 3.6%. Técnicamente 🟡 MACD convergiendo, 🟢 Cerca de soporte. Clasificación: descarte.",OK,
VOD.L,VODAFONE GROUP PLC ORD USD0.20 ,EUROSTOXX,1.0,script-v2.0,1.0,2026-09-26T12:39:29.178808+02:00,39.0,39.0,47.0,32.0,0.0,4.0,39.0,21.0,18.0,87484972.0,4.46,5.8,,8.12,4.7,4.9347,False,34.5,27.3,False,112.91,11.4,True,True,False,Sin señales de recuperación,pass,descarte,pendiente,0.0,desconocido,Pendiente de implementar,ausente,eps_stabilization (media): EPS -0.02 vs -0.16 (annual_eps_fallback) | dividend_maintained (baja): Dividendo actual 0.03% con caída del 4.7%,incompleto,descarte,121.32,123.55,121.32 - 123.55,111.92,112.26,111.92 - 112.26,Pérdida del soporte en 123.55 | ROE negativo durante 2 trimestres consecutivos | Ampliación de capital dilutiva | Recorte de rating a bono basura,6-12,"VODAFONE GROUP PLC ORD USD0.20  está un 4.7% por debajo de su máximo 52s. Fundamentalmente débil con ROE 0.1%, deuda neta/EBITDA 4.5x. Técnicamente 🟢 Cerca de soporte, 🟢 base_pattern_detected. Clasificación: descarte.","VODAFONE GROUP PLC ORD USD0.20  está un 4.7% por debajo de su máximo 52s. Fundamentalmente débil con ROE 0.1%, deuda neta/EBITDA 4.5x. Técnicamente 🟢 Cerca de soporte, 🟢 base_pattern_detected. Clasificación: descarte.",OK,
HSBA.L,HSBC HOLDINGS PLC ORD $0.50 (UK,EUROSTOXX,1.0,script-v2.0,1.0,2026-09-26T12:39:26.193940+02:00,38.6,39.9,66.0,17.0,0.0,4.0,35.0,35.0,0.0,21993102.0,,723.2,,,6.1,69.8751,False,20.1,13.6,False,1368.96,10.5,False,False,False,Sin señales de recuperación,pass,descarte,pendiente,0.0,desconocido,Pendiente de implementar,ausente,eps_stabilization (media): EPS 0.40 vs 0.39 (Diluted EPS) | dividend_maintained (baja): Dividendo actual 0.04% con caída del 6.1%,incompleto,descarte,1471.97,1512.2,1471.97 - 1512.20,1358.57,1368.5,1358.57 - 1368.50,Pérdida del soporte en 1471.97 | ROE negativo durante 2 trimestres consecutivos | Ampliación de capital dilutiva | Recorte de rating a bono basura,6-12,"HSBC HOLDINGS PLC ORD $0.50 (UK está un 6.1% por debajo de su máximo 52s. Fundamentalmente débil con ROE 13.1%, dividendo 0.0%. Técnicamente 🟡 MACD convergiendo, 🟢 Cerca de soporte. Clasificación: descarte.","HSBC HOLDINGS PLC ORD $0.50 (UK está un 6.1% por debajo de su máximo 52s. Fundamentalmente débil con ROE 13.1%, dividendo 0.0%. Técnicamente 🟡 MACD convergiendo, 🟢 Cerca de soporte. Clasificación: descarte.",OK,
SJM,The J.M. Smucker Company,SP500,1.0,script-v2.0,1.0,2026-09-26T12:40:16.297762+02:00,38.6,39.8,67.0,16.0,0.0,9.0,35.0,35.0,0.0,1410084.0,3.05,-2.1,-0.8,8.76,11.0,5.7432,False,25.3,26.0,False,107.44,12.6,False,False,False,,pass,descarte,pendiente,0.0,desconocido,Pendiente de implementar,parcial,margin_stabilization (media): Margen gross 44.1% vs 38.0% (+6.1 pp) | debt_reduction (alta): Deuda 6940.2M vs 7089.0M | dividend_maintained (baja): Dividendo actual 3.70% con caída del 11.0%,incompleto,descarte,115.29,121.0,115.29 - 121.00,106.53,115.51,106.53 - 115.51,Pérdida del soporte en 115.29 | ROE negativo durante 2 trimestres consecutivos | Ampliación de capital dilutiva | Recorte de rating a bono basura,6-12,"The J.M. Smucker Company está un 11.0% por debajo de su máximo 52s. Fundamentalmente débil con ROE 3.9%, deuda neta/EBITDA 3.0x. Técnicamente 🟡 MACD convergiendo, 🟢 Cerca de soporte. Clasificación: descarte.","The J.M. Smucker Company está un 11.0% por debajo de su máximo 52s. Fundamentalmente débil con ROE 3.9%, deuda neta/EBITDA 3.0x. Técnicamente 🟡 MACD convergiendo, 🟢 Cerca de soporte. Clasificación: descarte.",OK,
8411.T,MIZUHO FINANCIAL GROUP,ASIA,1.0,script-v2.0,1.0,2026-09-26T12:40:43.954604+02:00,38.5,39.3,74.0,9.0,0.0,4.0,36.0,30.0,6.0,9080321.0,,187.6,,,3.0,523.2149,False,56.5,28.1,False,7330.87,17.7,False,True,False,Sin señales de recuperación,pass,descarte,pendiente,0.0,desconocido,Pendiente de implementar,ausente,eps_stabilization (media): EPS 173.53 vs 115.90 (Diluted EPS) | dividend_maintained (baja): Dividendo actual 1.74% con caída del 3.0%,incompleto,descarte,7826.8,8442.44,7826.80 - 8442.44,7167.55,7559.9,7167.55 - 7559.90,Pérdida del soporte en 7826.80 | ROE negativo durante 2 trimestres consecutivos | Ampliación de capital dilutiva | Recorte de rating a bono basura,6-12,"MIZUHO FINANCIAL GROUP está un 3.0% por debajo de su máximo 52s. Fundamentalmente débil con ROE 12.5%, dividendo 1.7%. Técnicamente 🟡 MACD convergiendo, 🟡 trendline_break. Clasificación: descarte.","MIZUHO FINANCIAL GROUP está un 3.0% por debajo de su máximo 52s. Fundamentalmente débil con ROE 12.5%, dividendo 1.7%. Técnicamente 🟡 MACD convergiendo, 🟡 trendline_break. Clasificación: descarte.",OK,
ISP.MI,INTESA SANPAOLO,EUROSTOXX,1.0,script-v2.0,1.0,2026-09-26T12:39:09.782275+02:00,38.4,37.5,70.0,9.0,0.0,1.0,41.0,35.0,6.0,44402870.0,,182.8,,,2.1,0.3378,False,85.8,70.1,False,5.91,14.9,False,True,False,Sin señales de recuperación,pass,descarte,pendiente,0.0,desconocido,Pendiente de implementar,ausente,dividend_maintained (baja): Dividendo actual 5.60% con caída del 2.1%,incompleto,descarte,6.53,6.71,6.53 - 6.71,5.9,5.9,5.90,Pérdida del soporte en 6.53 | ROE negativo durante 2 trimestres consecutivos | Ampliación de capital dilutiva | Recorte de rating a bono basura,6-12,"INTESA SANPAOLO está un 2.1% por debajo de su máximo 52s. Fundamentalmente débil con ROE 14.3%, dividendo 5.6%. Técnicamente 🟡 MACD convergiendo, 🟢 Cerca de soporte. Clasificación: descarte.","INTESA SANPAOLO está un 2.1% por debajo de su máximo 52s. Fundamentalmente débil con ROE 14.3%, dividendo 5.6%. Técnicamente 🟡 MACD convergiendo, 🟢 Cerca de soporte. Clasificación: descarte.",OK,
0005.HK,HSBC HOLDINGS,ASIA,1.0,script-v2.0,1.0,2026-09-26T12:40:55.977461+02:00,38.3,43.1,73.0,17.0,0.0,4.0,24.0,18.0,6.0,12039271.0,,723.2,,,6.7,8.33,False,16.8,12.9,True,141.98,11.0,False,False,False,Sin señales de recuperación | Sin suelo técnico identificado,pass,descarte,pendiente,0.0,desconocido,Pendiente de implementar,ausente,eps_stabilization (media): EPS 0.40 vs 0.39 (Diluted EPS) | dividend_maintained (baja): Dividendo actual 3.72% con caída del 7.1%,sin_suelo,descarte,141.31,157.6,141.31 - 157.60,140.18,144.24,140.18 - 144.24,Pérdida del soporte en 141.31 | ROE negativo durante 2 trimestres consecutivos | Ampliación de capital dilutiva | Recorte de rating a bono basura,6-12,"HSBC HOLDINGS está un 7.1% por debajo de su máximo 52s. Fundamentalmente aceptable con ROE 13.1%, dividendo 3.7%. Técnicamente 🟢 Estocástico sale de sobreventa. Clasificación: descarte.","HSBC HOLDINGS está un 7.1% por debajo de su máximo 52s. Fundamentalmente aceptable con ROE 13.1%, dividendo 3.7%. Técnicamente 🟢 Estocástico sale de sobreventa. Clasificación: descarte.",OK,
MMM,3M Company,SP500,1.0,script-v2.0,1.0,2026-09-26T12:39:37.172624+02:00,38.0,35.9,77.0,0.0,0.0,7.0,44.0,44.0,0.0,3150541.0,1.21,4.8,0.1,14.7,7.9,4.3091,False,88.5,85.5,False,159.41,6.4,False,False,False,,pass,descarte,pendiente,0.0,desconocido,Pendiente de implementar,parcial,margin_stabilization (media): Margen gross 41.3% vs 40.7% (+0.5 pp) | eps_stabilization (media): EPS 1.78 vs 1.23 (Diluted EPS) | dividend_maintained (baja): Dividendo actual 1.84% con caída del 8.3%,incompleto,descarte,167.59,169.55,167.59 - 169.55,157.16,159.44,157.16 - 159.44,Pérdida del soporte en 167.59 | ROE negativo durante 2 trimestres consecutivos | Ampliación de capital dilutiva | Recorte de rating a bono basura,6-12,"3M Company está un 8.3% por debajo de su máximo 52s. Fundamentalmente débil con ROE 81.9%, deuda neta/EBITDA 1.2x. Técnicamente 🟢 Cruce alcista MACD, 🟢 Cerca de soporte. Clasificación: descarte.","3M Company está un 8.3% por debajo de su máximo 52s. Fundamentalmente débil con ROE 81.9%, deuda neta/EBITDA 1.2x. Técnicamente 🟢 Cruce alcista MACD, 🟢 Cerca de soporte. Clasificación: descarte.",OK,
SUN.AX,SUNCORP FPO [SUN],ASX,1.0,script-v2.0,1.0,2026-09-26T12:40:35.972186+02:00,37.9,41.6,88.0,1.0,0.0,1.0,27.0,27.0,0.0,2862138.0,0.96,5.2,,13.11,18.9,0.5865,False,0.8,18.1,False,17.03,9.0,False,False,False,Sin señales de recuperación,pass,descarte,pendiente,0.0,desconocido,Pendiente de implementar,ausente,dividend_maintained (baja): Dividendo actual 3.72% con caída del 11.0%,incompleto,descarte,18.16,18.56,18.16 - 18.56,17.0,17.72,17.00 - 17.72,Pérdida del soporte en 18.16 | ROE negativo durante 2 trimestres consecutivos | Ampliación de capital dilutiva | Recorte de rating a bono basura,6-12,"SUNCORP FPO [SUN] está un 11.0% por debajo de su máximo 52s. Fundamentalmente aceptable con ROE 10.1%, deuda neta/EBITDA 1.0x. Técnicamente 🟢 Cerca de soporte. Clasificación: descarte.","SUNCORP FPO [SUN] está un 11.0% por debajo de su máximo 52s. Fundamentalmente aceptable con ROE 10.1%, deuda neta/EBITDA 1.0x. Técnicamente 🟢 Cerca de soporte. Clasificación: descarte.",OK,
9434.T,SOFTBANK CORP.,ASIA,1.0,script-v2.0,1.0,2026-09-26T12:40:45.123540+02:00,37.5,37.1,76.0,3.0,0.0,1.0,39.0,21.0,18.0,79213108.0,3.18,14.7,,10.62,2.8,8.1665,False,58.3,63.5,False,218.99,12.3,True,True,False,Sin señales de recuperación,pass,descarte,pendiente,0.0,desconocido,Pendiente de implementar,ausente,dividend_maintained (baja): Dividendo actual 3.58% con caída del 2.8%,incompleto,descarte,233.88,234.03,233.88 - 234.03,214.97,218.32,214.97 - 218.32,Pérdida del soporte en 234.03 | ROE negativo durante 2 trimestres consecutivos | Ampliación de capital dilutiva | Recorte de rating a bono basura,6-12,"SOFTBANK CORP. está un 2.8% por debajo de su máximo 52s. Fundamentalmente débil con ROE 16.7%, deuda neta/EBITDA 3.2x. Técnicamente 🟢 Cerca de soporte, 🟢 base_pattern_detected. Clasificación: descarte.","SOFTBANK CORP. está un 2.8% por debajo de su máximo 52s. Fundamentalmente débil con ROE 16.7%, deuda neta/EBITDA 3.2x. Técnicamente 🟢 Cerca de soporte, 🟢 base_pattern_detected. Clasificación: descarte.",OK,
8306.T,MITSUBISHI UFJ FINANCIAL GROUP ,ASIA,1.0,script-v2.0,1.0,2026-09-26T12:40:42.481294+02:00,36.9,38.9,73.0,9.0,0.0,4.0,31.0,25.0,6.0,39523505.0,,321.1,,,2.6,232.8778,False,66.4,31.6,False,3093.45,20.1,False,True,False,Sin señales de recuperación,pass,descarte,pendiente,0.0,desconocido,Pendiente de implementar,ausente,eps_stabilization (media): EPS 71.59 vs 47.45 (Diluted EPS) | dividend_maintained (baja): Dividendo actual 2.58% con caída del 2.6%,incompleto,descarte,3447.83,3624.86,3447.83 - 3624.86,3033.53,3241.05,3033.53 - 3241.05,Pérdida del soporte en 3447.83 | ROE negativo durante 2 trimestres consecutivos | Ampliación de capital dilutiva | Recorte de rating a bono basura,6-12,"MITSUBISHI UFJ FINANCIAL GROUP  está un 2.6% por debajo de su máximo 52s. Fundamentalmente débil con ROE 9.5%, dividendo 2.6%. Técnicamente 🟡 MACD convergiendo, 🟡 trendline_break. Clasificación: descarte.","MITSUBISHI UFJ FINANCIAL GROUP  está un 2.6% por debajo de su máximo 52s. Fundamentalmente débil con ROE 9.5%, dividendo 2.6%. Técnicamente 🟡 MACD convergiendo, 🟡 trendline_break. Clasificación: descarte.",OK,
8316.T,SUMITOMO MITSUI FINANCIAL GROUP,ASIA,1.0,script-v2.0,1.0,2026-09-26T12:40:42.839474+02:00,36.8,37.0,69.0,9.0,0.0,4.0,36.0,30.0,6.0,12038575.0,,81.7,,,4.7,377.789,False,48.2,25.0,False,6022.55,14.9,False,True,False,Sin señales de recuperación,pass,descarte,pendiente,0.0,desconocido,Pendiente de implementar,ausente,eps_stabilization (media): EPS 131.59 vs 97.44 (Diluted EPS) | dividend_maintained (baja): Dividendo actual 1.30% con caída del 4.7%,incompleto,descarte,6542.86,6865.14,6542.86 - 6865.14,5911.28,6171.0,5911.28 - 6171.00,Pérdida del soporte en 6542.86 | ROE negativo durante 2 trimestres consecutivos | Ampliación de capital dilutiva | Recorte de rating a bono basura,6-12,"SUMITOMO MITSUI FINANCIAL GROUP está un 4.7% por debajo de su máximo 52s. Fundamentalmente débil con ROE 8.6%, dividendo 1.3%. Técnicamente 🟡 MACD convergiendo, 🟡 trendline_break. Clasificación: descarte.","SUMITOMO MITSUI FINANCIAL GROUP está un 4.7% por debajo de su máximo 52s. Fundamentalmente débil con ROE 8.6%, dividendo 1.3%. Técnicamente 🟡 MACD convergiendo, 🟡 trendline_break. Clasificación: descarte.",OK,
O39.SI,OCBC Bank,ASIA,1.0,script-v2.0,1.0,2026-09-26T12:41:08.005807+02:00,36.0,35.9,77.0,0.0,0.0,4.0,36.0,30.0,6.0,6260761.0,,69.9,,,1.7,2.858,False,85.1,59.2,False,24.06,33.1,False,True,False,Sin señales de recuperación,pass,descarte,pendiente,0.0,desconocido,Pendiente de implementar,ausente,eps_stabilization (media): EPS 0.44 vs 0.42 (Diluted EPS) | dividend_maintained (baja): Dividendo actual 2.94% con caída del 1.7%,incompleto,descarte,30.52,30.83,30.52 - 30.83,23.79,27.68,23.79 - 27.68,Pérdida del soporte en 30.83 | ROE negativo durante 2 trimestres consecutivos | Ampliación de capital dilutiva | Recorte de rating a bono basura,6-12,"OCBC Bank está un 1.7% por debajo de su máximo 52s. Fundamentalmente débil con ROE 12.7%, dividendo 2.9%. Técnicamente 🟡 MACD convergiendo, 🟢 Cerca de soporte. Clasificación: descarte.","OCBC Bank está un 1.7% por debajo de su máximo 52s. Fundamentalmente débil con ROE 12.7%, dividendo 2.9%. Técnicamente 🟡 MACD convergiendo, 🟢 Cerca de soporte. Clasificación: descarte.",OK,
GM,General Motors Company,SP500,1.0,script-v2.0,1.0,2026-09-26T12:40:18.834682+02:00,35.6,34.5,43.0,27.0,0.0,4.0,39.0,39.0,0.0,6631938.0,6.32,0.8,4.4,10.82,9.9,2.4128,False,33.1,25.5,False,80.19,3.0,False,False,False,Sin señales de recuperación,pass,descarte,pendiente,0.0,desconocido,Pendiente de implementar,ausente,"dividend_maintained (baja): Dividendo actual 0.87% con caída del 10.0% | analyst_upgrade (media): Target 104.22 vs precio 82.63 (+26%), recMean 1.62, recKey buy",incompleto,descarte,79.36,82.63,79.36 - 82.63,78.07,80.39,78.07 - 80.39,Pérdida del soporte en 79.36 | ROE negativo durante 2 trimestres consecutivos | Ampliación de capital dilutiva | Recorte de rating a bono basura,6-12,"General Motors Company está un 10.0% por debajo de su máximo 52s. Fundamentalmente débil con ROE 3.2%, deuda neta/EBITDA 6.3x. Técnicamente 🟡 MACD convergiendo, 🟢 Cerca de soporte. Clasificación: descarte.","General Motors Company está un 10.0% por debajo de su máximo 52s. Fundamentalmente débil con ROE 3.2%, deuda neta/EBITDA 6.3x. Técnicamente 🟡 MACD convergiendo, 🟢 Cerca de soporte. Clasificación: descarte.",OK,
META,"Meta Platforms, Inc.",SP500,1.0,script-v2.0,1.0,2026-09-26T12:40:23.056765+02:00,35.6,33.1,71.0,0.0,0.0,4.0,43.0,25.0,18.0,19642848.0,0.2,29.4,-0.0,17.66,5.2,9.9534,False,83.5,89.9,False,621.95,20.9,True,True,False,Sin señales de recuperación,pass,descarte,pendiente,0.0,desconocido,Pendiente de implementar,ausente,margin_stabilization (media): Margen gross 81.4% vs 81.9% (-0.5 pp) | dividend_maintained (baja): Dividendo actual 0.28% con caída del 3.6%,incompleto,descarte,615.32,653.58,615.32 - 653.58,625.42,662.85,625.42 - 662.85,Pérdida del soporte en 653.58 | ROE negativo durante 2 trimestres consecutivos | Ampliación de capital dilutiva | Recorte de rating a bono basura,6-12,"Meta Platforms, Inc. está un 3.6% por debajo de su máximo 52s. Fundamentalmente débil con ROE 29.8%, deuda neta/EBITDA 0.2x. Técnicamente 🟢 Volumen creciente, 🟢 base_pattern_detected. Clasificación: descarte.","Meta Platforms, Inc. está un 3.6% por debajo de su máximo 52s. Fundamentalmente débil con ROE 29.8%, deuda neta/EBITDA 0.2x. Técnicamente 🟢 Volumen creciente, 🟢 base_pattern_detected. Clasificación: descarte.",OK,
COL.AX,COLESGROUP FPO [COL],ASX,1.0,script-v2.0,1.0,2026-09-26T12:40:32.878045+02:00,34.3,34.1,73.0,0.0,0.0,6.0,35.0,35.0,0.0,2617726.0,3.53,-4.2,,15.26,4.2,0.4317,False,51.6,29.5,False,21.99,5.5,False,False,False,,pass,descarte,pendiente,0.0,desconocido,Pendiente de implementar,parcial,debt_reduction (alta): Deuda 9892.0M vs 10327.0M | dividend_maintained (baja): Dividendo actual 3.19% con caída del 5.7%,incompleto,descarte,22.53,23.19,22.53 - 23.19,20.9,21.95,20.90 - 21.95,Pérdida del soporte en 22.53 | ROE negativo durante 2 trimestres consecutivos | Ampliación de capital dilutiva | Recorte de rating a bono basura,6-12,"COLESGROUP FPO [COL] está un 5.7% por debajo de su máximo 52s. Fundamentalmente débil con ROE 28.1%, deuda neta/EBITDA 3.5x. Técnicamente 🟡 MACD convergiendo, 🟢 Cerca de soporte. Clasificación: descarte.","COLESGROUP FPO [COL] está un 5.7% por debajo de su máximo 52s. Fundamentalmente débil con ROE 28.1%, deuda neta/EBITDA 3.5x. Técnicamente 🟡 MACD convergiendo, 🟢 Cerca de soporte. Clasificación: descarte.",OK,
ML.PA,MICHELIN,EUROSTOXX,1.0,script-v2.0,1.0,2026-09-26T12:38:55.252384+02:00,34.2,30.9,0.0,58.0,0.0,1.0,44.0,44.0,0.0,1511346.0,1.12,19.5,,1.12,5.4,0.9429,False,50.0,40.6,False,31.62,6.9,False,False,False,Sin señales de recuperación,pass,descarte,pendiente,0.0,desconocido,Pendiente de implementar,ausente,dividend_maintained (baja): Dividendo actual 13.31% con caída del 5.4%,incompleto,descarte,33.52,33.8,33.52 - 33.80,30.36,31.45,30.36 - 31.45,Pérdida del soporte en 33.52 | ROE negativo durante 2 trimestres consecutivos | Ampliación de capital dilutiva | Recorte de rating a bono basura,6-12,"MICHELIN está un 5.4% por debajo de su máximo 52s. Fundamentalmente débil con deuda neta/EBITDA 1.1x, dividendo 13.3%. Técnicamente 🟢 Cruce alcista MACD, 🟢 Cerca de soporte. Clasificación: descarte.","MICHELIN está un 5.4% por debajo de su máximo 52s. Fundamentalmente débil con deuda neta/EBITDA 1.1x, dividendo 13.3%. Técnicamente 🟢 Cruce alcista MACD, 🟢 Cerca de soporte. Clasificación: descarte.",OK,
ABBV,AbbVie Inc.,SP500,1.0,script-v2.0,1.0,2026-09-26T12:39:37.205563+02:00,33.8,38.1,69.0,11.0,0.0,12.0,21.0,15.0,6.0,5942350.0,2.09,-2.7,1.4,17.28,1.9,11.8201,False,77.7,79.9,False,229.12,15.4,False,True,False,Sin suelo técnico identificado,pass,descarte,pendiente,0.0,desconocido,Pendiente de implementar,confirmada,margin_stabilization (media): Margen gross 74.7% vs 71.9% (+2.9 pp) | eps_stabilization (media): EPS 2.03 vs 0.39 (Diluted EPS) | debt_reduction (alta): Deuda 70885.0M vs 72858.0M | dividend_maintained (baja): Dividendo actual 2.62% con caída del 1.9%,sin_suelo,descarte,246.64,257.05,246.64 - 257.05,228.4,228.98,228.40 - 228.98,Pérdida del soporte en 246.64 | ROE negativo durante 2 trimestres consecutivos | Ampliación de capital dilutiva | Recorte de rating a bono basura,6-12,"AbbVie Inc. está un 1.9% por debajo de su máximo 52s. Fundamentalmente débil con deuda neta/EBITDA 2.1x, dividendo 2.6%. Técnicamente 🟡 trendline_break. Clasificación: descarte.","AbbVie Inc. está un 1.9% por debajo de su máximo 52s. Fundamentalmente débil con deuda neta/EBITDA 2.1x, dividendo 2.6%. Técnicamente 🟡 trendline_break. Clasificación: descarte.",OK,
D05.SI,DBS,ASIA,1.0,script-v2.0,1.0,2026-09-26T12:41:07.039795+02:00,33.7,35.9,77.0,0.0,0.0,4.0,27.0,21.0,6.0,4073896.0,,184.1,,,1.3,5.4712,False,82.8,61.4,False,62.9,24.0,False,True,False,Sin señales de recuperación,pass,descarte,pendiente,0.0,desconocido,Pendiente de implementar,ausente,eps_stabilization (media): EPS 1.03 vs 1.02 (Diluted EPS) | dividend_maintained (baja): Dividendo actual 4.08% con caída del 1.3%,incompleto,descarte,74.07,75.66,74.07 - 75.66,62.45,67.19,62.45 - 67.19,Pérdida del soporte en 74.07 | ROE negativo durante 2 trimestres consecutivos | Ampliación de capital dilutiva | Recorte de rating a bono basura,6-12,"DBS está un 1.3% por debajo de su máximo 52s. Fundamentalmente débil con ROE 16.2%, dividendo 4.1%. Técnicamente 🟡 MACD convergiendo, 🟡 trendline_break. Clasificación: descarte.","DBS está un 1.3% por debajo de su máximo 52s. Fundamentalmente débil con ROE 16.2%, dividendo 4.1%. Técnicamente 🟡 MACD convergiendo, 🟡 trendline_break. Clasificación: descarte.",OK,
GPC,Genuine Parts Company,SP500,1.0,script-v2.0,1.0,2026-09-26T12:39:42.352581+02:00,33.5,36.3,64.0,12.0,0.0,12.0,25.0,25.0,0.0,1440016.0,2.97,-0.9,0.7,11.68,12.1,5.2819,False,33.2,26.5,False,118.41,9.5,False,False,False,,pass,descarte,pendiente,0.0,desconocido,Pendiente de implementar,confirmada,margin_stabilization (media): Margen gross 37.8% vs 37.3% (+0.5 pp) | eps_stabilization (media): EPS 1.65 vs 1.37 (Diluted EPS) | debt_reduction (alta): Deuda 6652.8M vs 6713.8M | dividend_maintained (baja): Dividendo actual 3.28% con caída del 14.5%,incompleto,descarte,121.06,129.61,121.06 - 129.61,118.07,128.83,118.07 - 128.83,Pérdida del soporte en 121.06 | ROE negativo durante 2 trimestres consecutivos | Ampliación de capital dilutiva | Recorte de rating a bono basura,6-12,"Genuine Parts Company está un 14.5% por debajo de su máximo 52s. Fundamentalmente débil con ROE 0.7%, deuda neta/EBITDA 3.0x. Técnicamente 🟡 MACD convergiendo. Clasificación: descarte.","Genuine Parts Company está un 14.5% por debajo de su máximo 52s. Fundamentalmente débil con ROE 0.7%, deuda neta/EBITDA 3.0x. Técnicamente 🟡 MACD convergiendo. Clasificación: descarte.",OK,
GILD,"Gilead Sciences, Inc.",SP500,1.0,script-v2.0,1.0,2026-09-26T12:40:06.638008+02:00,32.9,27.9,53.0,6.0,0.0,4.0,48.0,30.0,18.0,6393296.0,1.46,18.4,0.0,14.28,2.3,4.98,False,71.6,69.3,False,135.19,11.6,True,True,False,Sin señales de recuperación,pass,descarte,pendiente,0.0,desconocido,Pendiente de implementar,ausente,margin_stabilization (media): Margen gross 79.8% vs 79.2% (+0.5 pp) | dividend_maintained (baja): Dividendo actual 2.17% con caída del 4.0%,razonable,descarte,140.84,142.54,140.84 - 142.54,133.7,134.45,133.70 - 134.45,Pérdida del soporte en 142.54 | ROE negativo durante 2 trimestres consecutivos | Ampliación de capital dilutiva | Recorte de rating a bono basura,6-12,"Gilead Sciences, Inc. está un 4.0% por debajo de su máximo 52s. Fundamentalmente débil con ROE -20.7%, deuda neta/EBITDA 1.5x. Técnicamente 🟢 Cruce alcista MACD, 🟢 base_pattern_detected. Clasificación: descarte.","Gilead Sciences, Inc. está un 4.0% por debajo de su máximo 52s. Fundamentalmente débil con ROE -20.7%, deuda neta/EBITDA 1.5x. Técnicamente 🟢 Cruce alcista MACD, 🟢 base_pattern_detected. Clasificación: descarte.",OK,
MRK,"Merck & Company, Inc.",SP500,1.0,script-v2.0,1.0,2026-09-26T12:40:05.814547+02:00,32.8,31.7,68.0,0.0,0.0,4.0,36.0,30.0,6.0,9952562.0,1.62,9.8,3.0,14.34,4.6,9.7031,False,57.4,53.0,False,121.92,22.0,False,True,False,Sin señales de recuperación,pass,descarte,pendiente,0.0,desconocido,Pendiente de implementar,ausente,eps_stabilization (media): EPS -0.54 vs -1.72 (Diluted EPS) | dividend_maintained (baja): Dividendo actual 2.29% con caída del 5.2%,incompleto,descarte,139.72,143.61,139.72 - 143.61,120.2,133.38,120.20 - 133.38,Pérdida del soporte en 143.61 | ROE negativo durante 2 trimestres consecutivos | Ampliación de capital dilutiva | Recorte de rating a bono basura,6-12,"Merck & Company, Inc. está un 5.2% por debajo de su máximo 52s. Fundamentalmente débil con ROE 7.0%, deuda neta/EBITDA 1.6x. Técnicamente 🟡 MACD convergiendo, 🟢 Cerca de soporte. Clasificación: descarte.","Merck & Company, Inc. está un 5.2% por debajo de su máximo 52s. Fundamentalmente débil con ROE 7.0%, deuda neta/EBITDA 1.6x. Técnicamente 🟡 MACD convergiendo, 🟢 Cerca de soporte. Clasificación: descarte.",OK,
INTC,Intel Corporation,SP500,1.0,script-v2.0,1.0,2026-09-26T12:39:57.857714+02:00,31.2,26.6,57.0,0.0,0.0,3.0,45.0,33.0,12.0,108995480.0,1.24,12.2,0.3,39.0,13.6,8.6904,False,86.5,93.5,False,81.56,50.8,True,False,False,Sin señales de recuperación,pass,descarte,pendiente,0.0,desconocido,Pendiente de implementar,ausente,margin_stabilization (media): Margen gross 40.4% vs 39.4% (+1.0 pp),razonable,descarte,99.05,118.5,99.05 - 118.50,79.2,121.0,79.20 - 121.00,Pérdida del soporte en 118.50 | ROE negativo durante 2 trimestres consecutivos | Ampliación de capital dilutiva | Recorte de rating a bono basura,6-12,"Intel Corporation está un 13.6% por debajo de su máximo 52s. Fundamentalmente débil con ROE -10.7%, deuda neta/EBITDA 1.2x. Técnicamente 🟢 Divergencia alcista RSI, 🟢 Cerca de soporte. Clasificación: descarte.","Intel Corporation está un 13.6% por debajo de su máximo 52s. Fundamentalmente débil con ROE -10.7%, deuda neta/EBITDA 1.2x. Técnicamente 🟢 Divergencia alcista RSI, 🟢 Cerca de soporte. Clasificación: descarte.",OK,
DE,Deere & Company,SP500,1.0,script-v2.0,1.0,2026-09-26T12:39:59.837220+02:00,31.2,26.6,57.0,0.0,0.0,1.0,45.0,39.0,6.0,1226317.0,6.7,0.6,-9.3,28.36,4.3,33.0281,False,44.8,58.9,False,586.22,17.8,False,True,False,Sin señales de recuperación,pass,descarte,pendiente,0.0,desconocido,Pendiente de implementar,ausente,dividend_maintained (baja): Dividendo actual 0.94% con caída del 4.3%,razonable,descarte,640.85,665.45,640.85 - 665.45,581.08,613.04,581.08 - 613.04,Pérdida del soporte en 665.45 | ROE negativo durante 2 trimestres consecutivos | Ampliación de capital dilutiva | Recorte de rating a bono basura,6-12,"Deere & Company está un 4.3% por debajo de su máximo 52s. Fundamentalmente débil con ROE 18.2%, deuda neta/EBITDA 6.7x. Técnicamente 🟢 Cruce alcista MACD, 🟢 Cerca de soporte. Clasificación: descarte.","Deere & Company está un 4.3% por debajo de su máximo 52s. Fundamentalmente débil con ROE 18.2%, deuda neta/EBITDA 6.7x. Técnicamente 🟢 Cruce alcista MACD, 🟢 Cerca de soporte. Clasificación: descarte.",OK,
TIT.MI,TELECOM ITALIA,EUROSTOXX,1.0,script-v2.0,1.0,2026-09-26T12:39:11.958518+02:00,30.1,28.1,34.0,23.0,0.0,8.0,36.0,36.0,0.0,10929352.0,2.98,-7.6,5.8,7.46,11.6,0.3155,False,11.9,17.8,False,6.84,5.9,False,False,False,,pass,descarte,pendiente,0.0,desconocido,Pendiente de implementar,parcial,margin_stabilization (media): Margen gross 44.3% vs 43.2% (+1.1 pp) | debt_reduction (alta): Deuda 13523.0M vs 14636.0M,incompleto,descarte,6.92,7.24,6.92 - 7.24,6.79,6.96,6.79 - 6.96,Pérdida del soporte en 6.92 | ROE negativo durante 2 trimestres consecutivos | Ampliación de capital dilutiva | Recorte de rating a bono basura,6-12,"TELECOM ITALIA está un 11.6% por debajo de su máximo 52s. Fundamentalmente débil con ROE 3.9%, deuda neta/EBITDA 3.0x. Técnicamente 🟢 Divergencia alcista RSI, 🟢 Cerca de soporte. Clasificación: descarte.","TELECOM ITALIA está un 11.6% por debajo de su máximo 52s. Fundamentalmente débil con ROE 3.9%, deuda neta/EBITDA 3.0x. Técnicamente 🟢 Divergencia alcista RSI, 🟢 Cerca de soporte. Clasificación: descarte.",OK,
SON.LS,SONAE,EUROSTOXX,1.0,script-v2.0,1.0,2026-09-26T12:39:18.844296+02:00,29.9,31.9,57.0,10.0,0.0,4.0,24.0,24.0,0.0,1457903.0,5.75,10.1,-6.7,13.37,2.1,0.069,False,81.5,76.5,False,1.91,10.7,False,False,False,Sin señales de recuperación | Sin suelo técnico identificado,pass,descarte,pendiente,0.0,desconocido,Pendiente de implementar,ausente,eps_stabilization (media): EPS 0.04 vs 0.02 (Diluted EPS) | dividend_maintained (baja): Dividendo actual 2.84% con caída del 2.1%,sin_suelo,descarte,1.95,2.04,1.95 - 2.04,1.83,1.9,1.83 - 1.90,Pérdida del soporte en 1.95 | ROE negativo durante 2 trimestres consecutivos | Ampliación de capital dilutiva | Recorte de rating a bono basura,6-12,"SONAE está un 2.1% por debajo de su máximo 52s. Fundamentalmente débil con ROE 8.7%, deuda neta/EBITDA 5.8x. Técnicamente 🟢 Divergencia alcista RSI. Clasificación: descarte.","SONAE está un 2.1% por debajo de su máximo 52s. Fundamentalmente débil con ROE 8.7%, deuda neta/EBITDA 5.8x. Técnicamente 🟢 Divergencia alcista RSI. Clasificación: descarte.",OK,
8766.T,TOKIO MARINE HOLDINGS INC,ASIA,1.0,script-v2.0,1.0,2026-09-26T12:40:51.427528+02:00,29.8,24.7,53.0,0.0,0.0,1.0,45.0,39.0,6.0,5309835.0,-2.07,243.4,,13.64,5.6,349.3071,False,44.1,52.8,False,6987.94,14.4,False,True,False,No supera filtrado cuantitativo mínimo | Sin señales de recuperación,fail,descarte,pendiente,0.0,desconocido,Pendiente de implementar,ausente,dividend_maintained (baja): Dividendo actual 1.64% con caída del 5.6%,razonable,descarte,7222.53,7813.42,7222.53 - 7813.42,6878.05,7197.8,6878.05 - 7197.80,Pérdida del soporte en 7222.53 | ROE negativo durante 2 trimestres consecutivos | Ampliación de capital dilutiva | Recorte de rating a bono basura,6-12,"TOKIO MARINE HOLDINGS INC está un 5.6% por debajo de su máximo 52s. Fundamentalmente débil con deuda neta/EBITDA -2.1x, dividendo 1.6%. Técnicamente 🟢 Divergencia alcista RSI, 🟢 Volumen creciente. Clasificación: descarte.","TOKIO MARINE HOLDINGS INC está un 5.6% por debajo de su máximo 52s. Fundamentalmente débil con deuda neta/EBITDA -2.1x, dividendo 1.6%. Técnicamente 🟢 Divergencia alcista RSI, 🟢 Volumen creciente. Clasificación: descarte.",OK,
APA.AX,APA GROUP STAPLED [APA],ASX,1.0,script-v2.0,1.0,2026-09-26T12:40:37.709470+02:00,27.0,24.7,53.0,0.0,0.0,4.0,34.0,16.0,18.0,2642702.0,6.08,1.2,,12.91,3.3,0.3661,False,5.3,22.1,False,9.72,9.3,True,True,False,No supera filtrado cuantitativo mínimo | Sin señales de recuperación,fail,descarte,pendiente,0.0,desconocido,Pendiente de implementar,ausente,eps_stabilization (media): EPS 0.16 vs 0.08 (annual_eps_fallback) | dividend_maintained (baja): Dividendo actual 5.46% con caída del 4.2%,incompleto,descarte,9.82,10.49,9.82 - 10.49,9.43,9.67,9.43 - 9.67,Pérdida del soporte en 9.82 | ROE negativo durante 2 trimestres consecutivos | Ampliación de capital dilutiva | Recorte de rating a bono basura,6-12,"APA GROUP STAPLED [APA] está un 4.2% por debajo de su máximo 52s. Fundamentalmente débil con ROE 8.7%, deuda neta/EBITDA 6.1x. Técnicamente 🟢 base_pattern_detected, 🟡 trendline_break. Clasificación: descarte.","APA GROUP STAPLED [APA] está un 4.2% por debajo de su máximo 52s. Fundamentalmente débil con ROE 8.7%, deuda neta/EBITDA 6.1x. Técnicamente 🟢 base_pattern_detected, 🟡 trendline_break. Clasificación: descarte.",OK,
NAB.AX,NAT. BANK FPO [NAB],ASX,1.0,script-v2.0,1.0,2026-09-26T12:40:27.821617+02:00,26.8,17.1,0.0,32.0,0.0,1.0,56.0,39.0,17.0,4488629.0,,38.0,,,20.4,-0.4319,False,56.9,51.5,False,40.69,-5.3,True,False,False,No supera filtrado cuantitativo mínimo | Sin señales de recuperación,fail,descarte,pendiente,0.0,desconocido,Pendiente de implementar,ausente,dividend_maintained (baja): Dividendo actual 4.41% con caída del 22.1%,razonable,descarte,37.54,38.54,37.54 - 38.54,40.67,42.03,40.67 - 42.03,Pérdida del soporte en 37.54 | ROE negativo durante 2 trimestres consecutivos | Ampliación de capital dilutiva | Recorte de rating a bono basura,6-12,"NAT. BANK FPO [NAB] está un 22.1% por debajo de su máximo 52s. Fundamentalmente débil con dividendo 4.4%. Técnicamente 🟢 Cerca de soporte, 🟡 Apoyo en MA40 semanal. Clasificación: descarte.","NAT. BANK FPO [NAB] está un 22.1% por debajo de su máximo 52s. Fundamentalmente débil con dividendo 4.4%. Técnicamente 🟢 Cerca de soporte, 🟡 Apoyo en MA40 semanal. Clasificación: descarte.",OK,
CON.DE,CONTINENTAL AG                I,EUROSTOXX,1.0,script-v2.0,1.0,2026-09-26T12:38:38.711377+02:00,25.0,16.0,0.0,30.0,0.0,7.0,52.0,35.0,17.0,416976.0,2.23,4.0,-1.0,7.36,11.0,1.0925,False,32.8,37.2,False,67.3,2.5,True,False,False,No supera filtrado cuantitativo mínimo,fail,descarte,pendiente,0.0,desconocido,Pendiente de implementar,parcial,margin_stabilization (media): Margen gross 33.0% vs 29.4% (+3.7 pp) | eps_stabilization (media): EPS 1.37 vs 1.00 (Diluted EPS) | dividend_maintained (baja): Dividendo actual 3.91% con caída del 11.0%,razonable,descarte,68.68,69.0,68.68 - 69.00,65.88,67.15,65.88 - 67.15,Pérdida del soporte en 68.68 | ROE negativo durante 2 trimestres consecutivos | Ampliación de capital dilutiva | Recorte de rating a bono basura,6-12,"CONTINENTAL AG                I está un 11.0% por debajo de su máximo 52s. Fundamentalmente débil con ROE -8.3%, deuda neta/EBITDA 2.2x. Técnicamente 🟢 Divergencia alcista RSI, 🟢 Cerca de soporte. Clasificación: descarte.","CONTINENTAL AG                I está un 11.0% por debajo de su máximo 52s. Fundamentalmente débil con ROE -8.3%, deuda neta/EBITDA 2.2x. Técnicamente 🟢 Divergencia alcista RSI, 🟢 Cerca de soporte. Clasificación: descarte.",OK,
LIN.DE,Linde plc                     R,EUROSTOXX,1.0,script-v2.0,1.0,2026-09-26T12:38:46.522344+02:00,24.4,8.5,0.0,16.0,0.0,4.0,72.0,55.0,17.0,11619.0,1.76,6.4,-0.7,16.17,14.1,-2.6079,False,72.7,82.3,False,417.63,-1.8,True,False,False,No supera filtrado cuantitativo mínimo | Sin señales de recuperación,fail,descarte,pendiente,0.0,desconocido,Pendiente de implementar,ausente,eps_stabilization (media): EPS 4.15 vs 3.98 (Diluted EPS) | dividend_maintained (baja): Dividendo actual 1.51% con caída del 14.4%,fuerte,descarte,389.69,410.2,389.69 - 410.20,407.49,415.33,407.49 - 415.33,Pérdida del soporte en 389.69 | ROE negativo durante 2 trimestres consecutivos | Ampliación de capital dilutiva | Recorte de rating a bono basura,6-12,"Linde plc                     R está un 14.4% por debajo de su máximo 52s. Fundamentalmente débil con deuda neta/EBITDA 1.8x, dividendo 1.5%. Técnicamente 🟢 Divergencia alcista RSI, 🟢 Cruce alcista MACD. Clasificación: descarte.","Linde plc                     R está un 14.4% por debajo de su máximo 52s. Fundamentalmente débil con deuda neta/EBITDA 1.8x, dividendo 1.5%. Técnicamente 🟢 Divergencia alcista RSI, 🟢 Cruce alcista MACD. Clasificación: descarte.",OK,
TLS.AX,TELSTRA FPO [TLS],ASX,1.0,script-v2.0,1.0,2026-09-26T12:40:30.994006+02:00,22.0,10.7,0.0,20.0,0.0,4.0,56.0,41.0,15.0,28145060.0,2.49,5.2,,10.3,12.4,-0.0501,True,21.1,26.3,False,4.93,-3.0,False,False,False,No supera filtrado cuantitativo mínimo | Sin señales de recuperación,fail,descarte,pendiente,0.0,desconocido,Pendiente de implementar,ausente,eps_stabilization (media): EPS 0.20 vs 0.19 (annual_eps_fallback) | dividend_maintained (baja): Dividendo actual 4.39% con caída del 14.3%,razonable,descarte,4.76,4.78,4.76 - 4.78,4.74,4.92,4.74 - 4.92,Pérdida del soporte en 4.76 | ROE negativo durante 2 trimestres consecutivos | Ampliación de capital dilutiva | Recorte de rating a bono basura,6-12,"TELSTRA FPO [TLS] está un 14.3% por debajo de su máximo 52s. Fundamentalmente débil con ROE 15.4%, deuda neta/EBITDA 2.5x. Técnicamente 🟢 Divergencia alcista RSI, 🟢 Cerca de soporte. Clasificación: descarte.","TELSTRA FPO [TLS] está un 14.3% por debajo de su máximo 52s. Fundamentalmente débil con ROE 15.4%, deuda neta/EBITDA 2.5x. Técnicamente 🟢 Divergencia alcista RSI, 🟢 Cerca de soporte. Clasificación: descarte.",OK,
PUB.PA,PUBLICIS GROUPE SA,EUROSTOXX,1.0,script-v2.0,1.0,2026-09-26T12:39:01.996100+02:00,20.2,13.3,0.0,25.0,0.0,6.0,41.0,35.0,6.0,614196.0,1.14,-3.7,,9.48,6.7,5.5914,False,46.0,37.8,False,83.08,17.8,False,True,False,No supera filtrado cuantitativo mínimo,fail,descarte,pendiente,0.0,desconocido,Pendiente de implementar,parcial,debt_reduction (alta): Deuda 5450.0M vs 5661.0M | dividend_maintained (baja): Dividendo actual 3.83% con caída del 6.7%,incompleto,descarte,96.65,97.56,96.65 - 97.56,83.08,89.12,83.08 - 89.12,Pérdida del soporte en 96.65 | ROE negativo durante 2 trimestres consecutivos | Ampliación de capital dilutiva | Recorte de rating a bono basura,6-12,"PUBLICIS GROUPE SA está un 6.7% por debajo de su máximo 52s. Fundamentalmente débil con ROE 16.2%, deuda neta/EBITDA 1.1x. Técnicamente 🟡 MACD convergiendo, 🟢 Cerca de soporte. Clasificación: descarte.","PUBLICIS GROUPE SA está un 6.7% por debajo de su máximo 52s. Fundamentalmente débil con ROE 16.2%, deuda neta/EBITDA 1.1x. Técnicamente 🟡 MACD convergiendo, 🟢 Cerca de soporte. Clasificación: descarte.",OK,
QBE.AX,QBE INSUR. FPO [QBE],ASX,1.0,script-v2.0,1.0,2026-09-26T12:40:35.558381+02:00,20.2,17.6,0.0,33.0,0.0,4.0,28.0,28.0,0.0,3348983.0,-0.51,51.6,,10.17,9.9,0.3696,False,60.8,62.0,False,21.84,5.0,False,False,False,No supera filtrado cuantitativo mínimo | Sin señales de recuperación,fail,descarte,pendiente,0.0,desconocido,Pendiente de implementar,ausente,eps_stabilization (media): EPS 1.40 vs 1.19 (annual_eps_fallback) | dividend_maintained (baja): Dividendo actual 4.84% con caída del 11.2%,incompleto,descarte,22.8,22.93,22.80 - 22.93,21.73,21.96,21.73 - 21.96,Pérdida del soporte en 22.80 | ROE negativo durante 2 trimestres consecutivos | Ampliación de capital dilutiva | Recorte de rating a bono basura,6-12,"QBE INSUR. FPO [QBE] está un 11.2% por debajo de su máximo 52s. Fundamentalmente débil con ROE 19.3%, deuda neta/EBITDA -0.5x. Técnicamente 🟢 Cerca de soporte. Clasificación: descarte.","QBE INSUR. FPO [QBE] está un 11.2% por debajo de su máximo 52s. Fundamentalmente débil con ROE 19.3%, deuda neta/EBITDA -0.5x. Técnicamente 🟢 Cerca de soporte. Clasificación: descarte.",OK,
ALV.DE,Allianz SE                    v,EUROSTOXX,1.0,script-v2.0,1.0,2026-09-26T12:38:36.691226+02:00,19.0,8.0,0.0,15.0,0.0,12.0,52.0,52.0,0.0,509783.0,-4.77,-4.4,1.0,2.86,6.8,19.5031,False,34.2,19.7,False,388.11,9.1,False,False,False,No supera filtrado cuantitativo mínimo,fail,descarte,pendiente,0.0,desconocido,Pendiente de implementar,confirmada,margin_stabilization (media): Margen operating 17.1% vs 10.5% (+6.6 pp) | eps_stabilization (media): EPS 9.56 vs 6.98 (Diluted EPS) | debt_reduction (alta): Deuda 33706.0M vs 35275.0M | dividend_maintained (baja): Dividendo actual 4.04% con caída del 6.8%,razonable,descarte,412.65,423.5,412.65 - 423.50,386.41,387.86,386.41 - 387.86,Pérdida del soporte en 412.65 | ROE negativo durante 2 trimestres consecutivos | Ampliación de capital dilutiva | Recorte de rating a bono basura,6-12,"Allianz SE                    v está un 6.8% por debajo de su máximo 52s. Fundamentalmente débil con ROE 19.6%, deuda neta/EBITDA -4.8x. Técnicamente 🟡 MACD convergiendo, 🟢 Volumen creciente. Clasificación: descarte.","Allianz SE                    v está un 6.8% por debajo de su máximo 52s. Fundamentalmente débil con ROE 19.6%, deuda neta/EBITDA -4.8x. Técnicamente 🟡 MACD convergiendo, 🟢 Volumen creciente. Clasificación: descarte.",OK,
FRE.DE,Fresenius SE & Co. KGaA       N,EUROSTOXX,1.0,script-v2.0,1.0,2026-09-26T12:38:39.164445+02:00,17.9,13.9,0.0,26.0,0.0,12.0,30.0,24.0,6.0,1000300.0,3.34,-4.1,-0.4,12.12,10.4,0.862,False,87.6,87.7,False,43.85,5.2,False,True,False,No supera filtrado cuantitativo mínimo,fail,descarte,pendiente,0.0,desconocido,Pendiente de implementar,confirmada,"margin_stabilization (media): Margen gross 26.1% vs 26.4% (-0.3 pp) | debt_reduction (alta): Deuda 11419.0M vs 11905.0M | dividend_maintained (baja): Dividendo actual 2.28% con caída del 12.9% | analyst_upgrade (media): Target 55.59 vs precio 46.15 (+20%), recMean 1.50, recKey strong_buy",incompleto,descarte,45.4,45.48,45.40 - 45.48,43.96,45.02,43.96 - 45.02,Pérdida del soporte en 45.48 | ROE negativo durante 2 trimestres consecutivos | Ampliación de capital dilutiva | Recorte de rating a bono basura,6-12,"Fresenius SE & Co. KGaA       N está un 12.9% por debajo de su máximo 52s. Fundamentalmente débil con ROE 8.3%, deuda neta/EBITDA 3.3x. Técnicamente 🟢 Cerca de soporte, 🟡 trendline_break. Clasificación: descarte.","Fresenius SE & Co. KGaA       N está un 12.9% por debajo de su máximo 52s. Fundamentalmente débil con ROE 8.3%, deuda neta/EBITDA 3.3x. Técnicamente 🟢 Cerca de soporte, 🟡 trendline_break. Clasificación: descarte.",OK,
STO.AX,SANTOS FPO [STO],ASX,1.0,script-v2.0,1.0,2026-09-26T12:40:33.705884+02:00,17.2,5.3,0.0,10.0,0.0,1.0,53.0,35.0,18.0,10862931.0,2.36,9.9,,12.87,2.8,0.3402,False,47.9,44.4,False,7.39,15.8,True,True,False,No supera filtrado cuantitativo mínimo | Sin señales de recuperación,fail,descarte,pendiente,0.0,desconocido,Pendiente de implementar,ausente,dividend_maintained (baja): Dividendo actual 3.62% con caída del 2.8%,razonable,descarte,8.08,8.34,8.08 - 8.34,7.32,7.49,7.32 - 7.49,Pérdida del soporte en 8.34 | ROE negativo durante 2 trimestres consecutivos | Ampliación de capital dilutiva | Recorte de rating a bono basura,6-12,"SANTOS FPO [STO] está un 2.8% por debajo de su máximo 52s. Fundamentalmente débil con ROE 4.7%, deuda neta/EBITDA 2.4x. Técnicamente 🟡 MACD convergiendo, 🟢 Cerca de soporte. Clasificación: descarte.","SANTOS FPO [STO] está un 2.8% por debajo de su máximo 52s. Fundamentalmente débil con ROE 4.7%, deuda neta/EBITDA 2.4x. Técnicamente 🟡 MACD convergiendo, 🟢 Cerca de soporte. Clasificación: descarte.",OK,
IAG.AX,INSUR.AUST FPO [IAG],ASX,1.0,script-v2.0,1.0,2026-09-26T12:40:36.811331+02:00,16.9,10.1,0.0,19.0,0.0,4.0,37.0,25.0,12.0,4740304.0,0.6,128641.6,,10.08,9.2,0.1444,False,32.8,32.8,False,7.52,4.2,True,False,False,No supera filtrado cuantitativo mínimo | Sin señales de recuperación,fail,descarte,pendiente,0.0,desconocido,Pendiente de implementar,ausente,eps_stabilization (media): EPS 0.43 vs 0.39 (annual_eps_fallback) | dividend_maintained (baja): Dividendo actual 4.08% con caída del 10.1%,incompleto,descarte,7.73,7.84,7.73 - 7.84,7.41,7.51,7.41 - 7.51,Pérdida del soporte en 7.73 | ROE negativo durante 2 trimestres consecutivos | Ampliación de capital dilutiva | Recorte de rating a bono basura,6-12,"INSUR.AUST FPO [IAG] está un 10.1% por debajo de su máximo 52s. Fundamentalmente débil con ROE 15.6%, deuda neta/EBITDA 0.6x. Técnicamente 🟢 Cerca de soporte, 🟢 base_pattern_detected. Clasificación: descarte.","INSUR.AUST FPO [IAG] está un 10.1% por debajo de su máximo 52s. Fundamentalmente débil con ROE 15.6%, deuda neta/EBITDA 0.6x. Técnicamente 🟢 Cerca de soporte, 🟢 base_pattern_detected. Clasificación: descarte.",OK,
MQG.AX,MACQ GROUP FPO [MQG],ASX,1.0,script-v2.0,1.0,2026-09-26T12:40:28.839307+02:00,16.0,10.7,0.0,20.0,0.0,3.0,32.0,32.0,0.0,619230.0,14.47,3.2,,,10.6,5.9963,False,19.3,29.4,False,229.36,4.4,False,False,False,No supera filtrado cuantitativo mínimo | Sin señales de recuperación,fail,descarte,pendiente,0.0,desconocido,Pendiente de implementar,ausente,eps_stabilization (media): EPS 12.67 vs 9.76 (annual_eps_fallback),incompleto,descarte,238.49,239.53,238.49 - 239.53,227.71,228.31,227.71 - 228.31,Pérdida del soporte en 238.49 | ROE negativo durante 2 trimestres consecutivos | Ampliación de capital dilutiva | Recorte de rating a bono basura,6-12,MACQ GROUP FPO [MQG] está un 10.6% por debajo de su máximo 52s. Fundamentalmente débil con deuda neta/EBITDA 14.5x. Técnicamente 🟢 Cerca de soporte. Clasificación: descarte.,MACQ GROUP FPO [MQG] está un 10.6% por debajo de su máximo 52s. Fundamentalmente débil con deuda neta/EBITDA 14.5x. Técnicamente 🟢 Cerca de soporte. Clasificación: descarte.,OK,
WOW.AX,WOOLWORTHS FPO [WOW],ASX,1.0,script-v2.0,1.0,2026-09-26T12:40:30.426742+02:00,14.0,0.0,0.0,0.0,0.0,9.0,56.0,44.0,12.0,2240301.0,4.3,-5.2,,17.79,5.4,1.3381,False,40.2,25.3,False,35.48,8.4,True,False,False,No supera filtrado cuantitativo mínimo,fail,descarte,pendiente,0.0,desconocido,Pendiente de implementar,parcial,eps_stabilization (media): EPS 0.93 vs 0.78 (annual_eps_fallback) | debt_reduction (alta): Deuda 16477.0M vs 17385.0M | dividend_maintained (baja): Dividendo actual 2.52% con caída del 6.6%,razonable,descarte,37.88,38.47,37.88 - 38.47,35.01,35.28,35.01 - 35.28,Pérdida del soporte en 37.88 | ROE negativo durante 2 trimestres consecutivos | Ampliación de capital dilutiva | Recorte de rating a bono basura,6-12,"WOOLWORTHS FPO [WOW] está un 6.6% por debajo de su máximo 52s. Fundamentalmente débil con ROE 23.3%, deuda neta/EBITDA 4.3x. Técnicamente 🟢 Divergencia alcista RSI, 🟡 MACD convergiendo. Clasificación: descarte.","WOOLWORTHS FPO [WOW] está un 6.6% por debajo de su máximo 52s. Fundamentalmente débil con ROE 23.3%, deuda neta/EBITDA 4.3x. Técnicamente 🟢 Divergencia alcista RSI, 🟡 MACD convergiendo. Clasificación: descarte.",OK,
KBC.BR,KBC,EUROSTOXX,1.0,script-v2.0,1.0,2026-09-26T12:39:16.400188+02:00,13.8,4.8,0.0,9.0,0.0,4.0,41.0,35.0,6.0,335428.0,,99.5,,,1.9,6.3618,False,57.4,46.2,False,115.95,14.1,False,True,False,No supera filtrado cuantitativo mínimo | Sin señales de recuperación,fail,descarte,pendiente,0.0,desconocido,Pendiente de implementar,ausente,eps_stabilization (media): EPS 2.83 vs 1.32 (Diluted EPS) | dividend_maintained (baja): Dividendo actual 3.85% con caída del 1.9%,incompleto,descarte,128.32,129.1,128.32 - 129.10,114.71,115.77,114.71 - 115.77,Pérdida del soporte en 128.32 | ROE negativo durante 2 trimestres consecutivos | Ampliación de capital dilutiva | Recorte de rating a bono basura,6-12,"KBC está un 1.9% por debajo de su máximo 52s. Fundamentalmente débil con ROE 13.7%, dividendo 3.9%. Técnicamente 🟡 MACD convergiendo, 🟢 Cerca de soporte. Clasificación: descarte.","KBC está un 1.9% por debajo de su máximo 52s. Fundamentalmente débil con ROE 13.7%, dividendo 3.9%. Técnicamente 🟡 MACD convergiendo, 🟢 Cerca de soporte. Clasificación: descarte.",OK,
ANZ.AX,ANZ GROUP FPO [ANZ],ASX,1.0,script-v2.0,1.0,2026-09-26T12:40:28.449846+02:00,13.3,3.7,0.0,7.0,0.0,1.0,42.0,24.0,18.0,4123657.0,,23.8,,,5.6,0.6211,False,78.8,70.3,False,36.42,3.9,True,True,False,No supera filtrado cuantitativo mínimo | Sin señales de recuperación,fail,descarte,pendiente,0.0,desconocido,Pendiente de implementar,ausente,dividend_maintained (baja): Dividendo actual 4.39% con caída del 7.7%,incompleto,descarte,35.13,37.29,35.13 - 37.29,34.85,36.31,34.85 - 36.31,Pérdida del soporte en 35.13 | ROE negativo durante 2 trimestres consecutivos | Ampliación de capital dilutiva | Recorte de rating a bono basura,6-12,"ANZ GROUP FPO [ANZ] está un 7.7% por debajo de su máximo 52s. Fundamentalmente débil con ROE 8.2%, dividendo 4.4%. Técnicamente 🟢 base_pattern_detected, 🟡 trendline_break. Clasificación: descarte.","ANZ GROUP FPO [ANZ] está un 7.7% por debajo de su máximo 52s. Fundamentalmente débil con ROE 8.2%, dividendo 4.4%. Técnicamente 🟢 base_pattern_detected, 🟡 trendline_break. Clasificación: descarte.",OK,
ROG.SW,,EUROSTOXX,1.0,script-v2.0,1.0,,,,,,,,,,,,,,,,,,,,,,,,,,False,,,,,,,,,,,,,,,,,,,,,,ERROR,Missing market price in yfinance info
