Ticker,Nombre,Mercado,Rules_Version,Model_Version,Config_Version,Evaluation_Timestamp,Score,Score_Cuantitativo,Score_Fundamental,Score_Valoracion,Score_Causal,Score_Recuperacion,Score_Tecnico,Score_Tecnico_Base,Score_Tecnico_Bonus,Vol_Medio_Diario,Net_Debt_EBITDA,Variacion_Deuda_Trimestral_%,Variacion_Margen_pp,EV_EBITDA,Caida_Max_Multianual_%,MACD_Semanal,MACD_Semanal_Giro,Estocastico_K,Estocastico_D,Estocastico_Giro,MA40_Semanal,Dist_MA40_Semanal_%,Base_Pattern_Detected,Trendline_Break,Paso_Filtro,hard_rules_applied,Capa1_Status,Base_Classification,Causal_Classification,Causal_Confidence,Problem_Type,Causal_Justification,Recovery_Status,Recovery_Signals,Technical_Status,Final_Classification,Entry_Zone_Min,Entry_Zone_Max,Entry_Zone,Exit_Zone_Min,Exit_Zone_Max,Exit_Zone,Invalidation_Conditions,Estimated_Horizon_Months,Short_Explanation,Summary_Explanation,Estado,Error
MC.PA,LVMH,EUROSTOXX,1.0,script-v2.0,1.0,2026-09-30T13:46:06.635943+02:00,86.2,86.7,100.0,75.0,0.0,4.0,85.0,73.0,12.0,509771.0,1.24,1.1,,11.03,46.2,-26.3162,False,8.6,12.8,False,486.91,-18.9,True,False,True,Sin señales de recuperación,pass,seguimiento,pendiente,0.0,desconocido,Pendiente de implementar,ausente,"dividend_maintained (baja): Dividendo actual 3.29% con caída del 39.7% | analyst_upgrade (media): Target 539.81 vs precio 394.65 (+37%), recMean 1.92, recKey buy",fuerte,seguimiento,392.25,394.65,392.25 - 394.65,492.76,556.5,492.76 - 556.50,Pérdida del soporte en 392.25 | ROE negativo durante 2 trimestres consecutivos | Ampliación de capital dilutiva | Recorte de rating a bono basura,12-18,"LVMH está un 39.7% por debajo de su máximo 52s. Fundamentalmente sólida con ROE 16.6%, deuda neta/EBITDA 1.2x. Técnicamente 🔵 RSI en sobreventa, 🟢 Cruce alcista MACD. Clasificación: seguimiento.","LVMH está un 39.7% por debajo de su máximo 52s. Fundamentalmente sólida con ROE 16.6%, deuda neta/EBITDA 1.2x. Técnicamente 🔵 RSI en sobreventa, 🟢 Cruce alcista MACD. Clasificación: seguimiento.",OK,
CAP.PA,CAPGEMINI,EUROSTOXX,1.0,script-v2.0,1.0,2026-09-30T13:46:02.025672+02:00,82.8,89.7,95.0,85.0,0.0,4.0,62.0,45.0,17.0,584605.0,2.56,7.7,,8.22,45.1,-0.2854,False,25.5,25.8,False,104.85,-1.4,True,False,True,Sin señales de recuperación,pass,seguimiento,pendiente,0.0,desconocido,Pendiente de implementar,ausente,"dividend_maintained (baja): Dividendo actual 3.29% con caída del 32.4% | analyst_upgrade (media): Target 140.51 vs precio 103.40 (+36%), recMean 1.76, recKey buy",razonable,seguimiento,99.97,103.4,99.97 - 103.40,106.17,130.09,106.17 - 130.09,Pérdida del soporte en 99.97 | ROE negativo durante 2 trimestres consecutivos | Ampliación de capital dilutiva | Recorte de rating a bono basura,12-18,"CAPGEMINI está un 32.4% por debajo de su máximo 52s. Fundamentalmente sólida con ROE 12.2%, deuda neta/EBITDA 2.6x. Técnicamente 🟡 MACD convergiendo, 🟢 Cerca de soporte. Clasificación: seguimiento.","CAPGEMINI está un 32.4% por debajo de su máximo 52s. Fundamentalmente sólida con ROE 12.2%, deuda neta/EBITDA 2.6x. Técnicamente 🟡 MACD convergiendo, 🟢 Cerca de soporte. Clasificación: seguimiento.",OK,
SGO.PA,SAINT GOBAIN,EUROSTOXX,1.0,script-v2.0,1.0,2026-09-30T13:46:10.594607+02:00,82.1,86.5,95.0,79.0,0.0,12.0,69.0,64.0,5.0,941512.0,1.75,-2.6,,7.04,31.6,-1.8004,False,30.3,37.2,False,77.05,-9.9,False,False,True,,pass,entrada_escalada,pendiente,0.0,desconocido,Pendiente de implementar,confirmada,"eps_stabilization (media): EPS 5.78 vs 5.64 (annual_eps_fallback) | debt_reduction (alta): Deuda 17270.0M vs 17729.0M | dividend_maintained (baja): Dividendo actual 3.31% con caída del 27.4% | analyst_upgrade (media): Target 97.55 vs precio 69.40 (+41%), recMean 1.94, recKey buy",razonable,entrada_escalada,65.93,69.4,65.93 - 69.40,77.24,81.26,77.24 - 81.26,Pérdida del soporte en 65.93 | ROE negativo durante 2 trimestres consecutivos | Ampliación de capital dilutiva | Recorte de rating a bono basura,12-18,"SAINT GOBAIN está un 27.4% por debajo de su máximo 52s. Fundamentalmente sólida con ROE 11.0%, deuda neta/EBITDA 1.8x. Técnicamente 🔵 RSI en sobreventa, 🟢 Cruce alcista MACD. Clasificación: entrada_escalada.","SAINT GOBAIN está un 27.4% por debajo de su máximo 52s. Fundamentalmente sólida con ROE 11.0%, deuda neta/EBITDA 1.8x. Técnicamente 🔵 RSI en sobreventa, 🟢 Cruce alcista MACD. Clasificación: entrada_escalada.",OK,
9022.T,CENTRAL JAPAN RAILWAY CO,ASIA,1.0,script-v2.0,1.0,2026-09-30T13:48:07.631031+02:00,81.8,79.7,77.0,82.0,0.0,4.0,88.0,71.0,17.0,2574321.0,4.28,11.6,,7.73,22.3,-24.5974,False,29.2,13.8,False,3935.99,-5.4,True,False,True,Sin señales de recuperación,pass,seguimiento,pendiente,0.0,desconocido,Pendiente de implementar,ausente,eps_stabilization (media): EPS 149.59 vs 147.88 (Diluted EPS) | dividend_maintained (baja): Dividendo actual 0.86% con caída del 22.9%,fuerte,seguimiento,3547.85,3724.0,3547.85 - 3724.00,3986.99,4105.5,3986.99 - 4105.50,Pérdida del soporte en 3547.85 | ROE negativo durante 2 trimestres consecutivos | Ampliación de capital dilutiva | Recorte de rating a bono basura,6-12,"CENTRAL JAPAN RAILWAY CO está un 22.9% por debajo de su máximo 52s. Fundamentalmente sólida con ROE 11.2%, deuda neta/EBITDA 4.3x. Técnicamente 🔵 RSI recuperándose de sobreventa, 🟡 MACD convergiendo. Clasificación: seguimiento.","CENTRAL JAPAN RAILWAY CO está un 22.9% por debajo de su máximo 52s. Fundamentalmente sólida con ROE 11.2%, deuda neta/EBITDA 4.3x. Técnicamente 🔵 RSI recuperándose de sobreventa, 🟡 MACD convergiendo. Clasificación: seguimiento.",OK,
7203.T,TOYOTA MOTOR CORP,ASIA,1.0,script-v2.0,1.0,2026-09-30T13:47:54.808866+02:00,80.2,77.7,75.0,80.0,0.0,10.0,88.0,71.0,17.0,28712123.0,5.46,1.7,0.1,11.72,24.7,-22.5808,False,30.3,17.9,False,3110.45,-6.1,True,False,True,,pass,seguimiento,pendiente,0.0,desconocido,Pendiente de implementar,parcial,"margin_stabilization (media): Margen gross 18.0% vs 15.1% (+2.9 pp) | eps_stabilization (media): EPS 120.69 vs 64.56 (Diluted EPS) | dividend_maintained (baja): Dividendo actual 3.42% con caída del 27.0% | analyst_upgrade (media): Target 3698.63 vs precio 2920.00 (+27%), recMean 1.74, recKey buy",fuerte,seguimiento,2798.71,2920.0,2798.71 - 2920.00,3109.57,3400.0,3109.57 - 3400.00,Pérdida del soporte en 2798.71 | ROE negativo durante 2 trimestres consecutivos | Ampliación de capital dilutiva | Recorte de rating a bono basura,12-18,"TOYOTA MOTOR CORP está un 27.0% por debajo de su máximo 52s. Fundamentalmente sólida con ROE 12.4%, deuda neta/EBITDA 5.5x. Técnicamente 🔵 RSI recuperándose de sobreventa, 🟡 MACD convergiendo. Clasificación: seguimiento.","TOYOTA MOTOR CORP está un 27.0% por debajo de su máximo 52s. Fundamentalmente sólida con ROE 12.4%, deuda neta/EBITDA 5.5x. Técnicamente 🔵 RSI recuperándose de sobreventa, 🟡 MACD convergiendo. Clasificación: seguimiento.",OK,
LOW,"Lowe's Companies, Inc.",SP500,1.0,script-v2.0,1.0,2026-09-30T13:47:00.132771+02:00,80.0,83.1,74.0,91.0,0.0,15.0,71.0,59.0,12.0,3086928.0,3.05,-1.2,-0.1,11.31,35.4,-10.8235,False,7.1,9.5,False,229.55,-18.4,True,False,True,,pass,entrada_directa,pendiente,0.0,desconocido,Pendiente de implementar,confirmada,"margin_stabilization (media): Margen gross 33.0% vs 32.7% (+0.4 pp) | eps_stabilization (media): EPS 4.27 vs 2.90 (Diluted EPS) | debt_reduction (alta): Deuda 42031.0M vs 42540.0M | dividend_maintained (baja): Dividendo actual 2.67% con caída del 36.1% | analyst_upgrade (media): Target 251.09 vs precio 187.26 (+34%), recMean 1.86, recKey buy",fuerte,entrada_directa,177.9,187.26,177.90 - 187.26,230.79,249.1,230.79 - 249.10,Pérdida del soporte en 177.90 | ROE negativo durante 2 trimestres consecutivos | Ampliación de capital dilutiva | Recorte de rating a bono basura,12-18,"Lowe's Companies, Inc. está un 36.1% por debajo de su máximo 52s. Fundamentalmente sólida con deuda neta/EBITDA 3.0x, dividendo 2.7%. Técnicamente 🔵 RSI en sobreventa, 🟡 MACD convergiendo. Clasificación: entrada_directa.","Lowe's Companies, Inc. está un 36.1% por debajo de su máximo 52s. Fundamentalmente sólida con deuda neta/EBITDA 3.0x, dividendo 2.7%. Técnicamente 🔵 RSI en sobreventa, 🟡 MACD convergiendo. Clasificación: entrada_directa.",OK,
HEI.DE,Heidelberg Materials AG       I,EUROSTOXX,1.0,script-v2.0,1.0,2026-09-30T13:45:57.510302+02:00,79.6,80.8,92.0,71.0,0.0,4.0,76.0,64.0,12.0,410352.0,1.91,46.9,,8.42,39.6,-10.1293,False,5.5,6.9,False,180.15,-20.5,True,False,True,Sin señales de recuperación,pass,seguimiento,pendiente,0.0,desconocido,Pendiente de implementar,ausente,"dividend_maintained (baja): Dividendo actual 2.51% con caída del 40.8% | analyst_upgrade (media): Target 210.20 vs precio 143.25 (+47%), recMean 2.00, recKey buy",fuerte,seguimiento,136.09,143.25,136.09 - 143.25,181.99,205.53,181.99 - 205.53,Pérdida del soporte en 136.09 | ROE negativo durante 2 trimestres consecutivos | Ampliación de capital dilutiva | Recorte de rating a bono basura,18-24,"Heidelberg Materials AG       I está un 40.8% por debajo de su máximo 52s. Fundamentalmente sólida con ROE 11.7%, deuda neta/EBITDA 1.9x. Técnicamente 🔵 RSI en sobreventa, 🟢 Divergencia alcista RSI. Clasificación: seguimiento.","Heidelberg Materials AG       I está un 40.8% por debajo de su máximo 52s. Fundamentalmente sólida con ROE 11.7%, deuda neta/EBITDA 1.9x. Técnicamente 🔵 RSI en sobreventa, 🟢 Divergencia alcista RSI. Clasificación: seguimiento.",OK,
ORA.PA,ORANGE,EUROSTOXX,1.0,script-v2.0,1.0,2026-09-30T13:46:08.720805+02:00,79.5,78.7,83.0,75.0,0.0,4.0,82.0,64.0,18.0,4950200.0,3.74,654.5,,7.03,25.7,-0.4534,False,2.0,1.3,True,16.29,-16.4,True,False,True,Sin señales de recuperación,pass,seguimiento,pendiente,0.0,desconocido,Pendiente de implementar,ausente,"dividend_maintained (baja): Dividendo actual 5.51% con caída del 27.6% | analyst_upgrade (media): Target 19.04 vs precio 13.62 (+40%), recMean 2.00, recKey buy",fuerte,seguimiento,12.94,13.62,12.94 - 13.62,15.98,16.26,15.98 - 16.26,Pérdida del soporte en 12.94 | ROE negativo durante 2 trimestres consecutivos | Ampliación de capital dilutiva | Recorte de rating a bono basura,12-18,"ORANGE está un 27.6% por debajo de su máximo 52s. Fundamentalmente sólida con ROE 14.2%, deuda neta/EBITDA 3.7x. Técnicamente 🔵 RSI en sobreventa, 🟢 Divergencia alcista RSI. Clasificación: seguimiento.","ORANGE está un 27.6% por debajo de su máximo 52s. Fundamentalmente sólida con ROE 14.2%, deuda neta/EBITDA 3.7x. Técnicamente 🔵 RSI en sobreventa, 🟢 Divergencia alcista RSI. Clasificación: seguimiento.",OK,
HRL,Hormel Foods Corporation,SP500,1.0,script-v2.0,1.0,2026-09-30T13:47:29.670542+02:00,79.0,76.6,83.0,71.0,0.0,9.0,86.0,86.0,0.0,4456649.0,1.57,-0.0,0.0,10.22,36.4,-0.7009,False,25.1,22.6,False,22.8,-12.9,False,False,True,,pass,seguimiento,pendiente,0.0,desconocido,Pendiente de implementar,parcial,"debt_reduction (alta): Deuda 2855.1M vs 2856.3M | dividend_maintained (baja): Dividendo actual 5.89% con caída del 25.4% | analyst_upgrade (media): Target 26.12 vs precio 19.85 (+32%), recMean 2.60, recKey hold",fuerte,seguimiento,19.44,19.85,19.44 - 19.85,22.61,22.86,22.61 - 22.86,Pérdida del soporte en 19.44 | ROE negativo durante 2 trimestres consecutivos | Ampliación de capital dilutiva | Recorte de rating a bono basura,12-18,"Hormel Foods Corporation está un 25.4% por debajo de su máximo 52s. Fundamentalmente sólida con ROE 4.3%, deuda neta/EBITDA 1.6x. Técnicamente 🔵 RSI en sobreventa, 🟢 Divergencia alcista RSI. Clasificación: seguimiento.","Hormel Foods Corporation está un 25.4% por debajo de su máximo 52s. Fundamentalmente sólida con ROE 4.3%, deuda neta/EBITDA 1.6x. Técnicamente 🔵 RSI en sobreventa, 🟢 Divergencia alcista RSI. Clasificación: seguimiento.",OK,
GIS,"General Mills, Inc.",SP500,1.0,script-v2.0,1.0,2026-09-30T13:47:30.781466+02:00,78.9,78.5,70.0,86.0,0.0,12.0,80.0,68.0,12.0,9660246.0,3.86,-2.5,0.1,9.16,50.0,-0.7427,False,14.4,7.8,False,37.75,-10.4,True,False,True,,pass,entrada_directa,pendiente,0.0,desconocido,Pendiente de implementar,confirmada,margin_stabilization (media): Margen gross 34.8% vs 30.8% (+4.0 pp) | eps_stabilization (media): EPS 0.74 vs -3.74 (Diluted EPS) | debt_reduction (alta): Deuda 13615.6M vs 13967.7M | dividend_maintained (baja): Dividendo actual 7.21% con caída del 34.0%,fuerte,entrada_directa,33.73,33.82,33.73 - 33.82,38.19,43.57,38.19 - 43.57,Pérdida del soporte en 33.73 | ROE negativo durante 2 trimestres consecutivos | Ampliación de capital dilutiva | Recorte de rating a bono basura,12-18,"General Mills, Inc. está un 34.0% por debajo de su máximo 52s. Fundamentalmente sólida con ROE -10.5%, deuda neta/EBITDA 3.9x. Técnicamente 🔵 RSI en sobreventa, 🟡 MACD convergiendo. Clasificación: entrada_directa.","General Mills, Inc. está un 34.0% por debajo de su máximo 52s. Fundamentalmente sólida con ROE -10.5%, deuda neta/EBITDA 3.9x. Técnicamente 🔵 RSI en sobreventa, 🟡 MACD convergiendo. Clasificación: entrada_directa.",OK,
0016.HK,SHK PPT,ASIA,1.0,script-v2.0,1.0,2026-09-30T13:48:10.060156+02:00,78.1,77.5,86.0,70.0,0.0,7.0,80.0,68.0,12.0,5000718.0,2.47,,,14.24,26.6,-3.0889,False,36.1,23.6,False,123.7,-12.3,True,False,True,,pass,seguimiento,pendiente,0.0,desconocido,Pendiente de implementar,parcial,"eps_stabilization (media): EPS 7.39 vs 6.65 (annual_eps_fallback) | dividend_maintained (baja): Dividendo actual 3.60% con caída del 27.1% | analyst_upgrade (media): Target 142.99 vs precio 108.50 (+32%), recMean 1.77, recKey buy",fuerte,seguimiento,105.95,108.5,105.95 - 108.50,121.62,126.48,121.62 - 126.48,Pérdida del soporte en 105.95 | ROE negativo durante 2 trimestres consecutivos | Ampliación de capital dilutiva | Recorte de rating a bono basura,12-18,"SHK PPT está un 27.1% por debajo de su máximo 52s. Fundamentalmente sólida con ROE 3.5%, deuda neta/EBITDA 2.5x. Técnicamente 🔵 RSI recuperándose de sobreventa, 🟢 Divergencia alcista RSI. Clasificación: seguimiento.","SHK PPT está un 27.1% por debajo de su máximo 52s. Fundamentalmente sólida con ROE 3.5%, deuda neta/EBITDA 2.5x. Técnicamente 🔵 RSI recuperándose de sobreventa, 🟢 Divergencia alcista RSI. Clasificación: seguimiento.",OK,
RIO.L,RIO TINTO PLC ORD 10P,EUROSTOXX,1.0,script-v2.0,1.0,2026-09-30T13:46:41.119006+02:00,78.0,77.6,100.0,58.0,0.0,6.0,79.0,62.0,17.0,2854881.0,0.58,-2.8,,5.87,21.3,115.5745,False,50.1,28.9,False,7128.32,0.7,True,False,True,,pass,seguimiento,pendiente,0.0,desconocido,Pendiente de implementar,parcial,debt_reduction (alta): Deuda 22852.0M vs 23517.0M | dividend_maintained (baja): Dividendo actual 0.05% con caída del 21.3%,fuerte,seguimiento,7086.02,7176.0,7086.02 - 7176.00,7093.05,7749.45,7093.05 - 7749.45,Pérdida del soporte en 7086.02 | ROE negativo durante 2 trimestres consecutivos | Ampliación de capital dilutiva | Recorte de rating a bono basura,6-12,"RIO TINTO PLC ORD 10P está un 21.3% por debajo de su máximo 52s. Fundamentalmente sólida con ROE 19.3%, deuda neta/EBITDA 0.6x. Técnicamente 🔵 RSI recuperándose de sobreventa, 🟢 Divergencia alcista RSI. Clasificación: seguimiento.","RIO TINTO PLC ORD 10P está un 21.3% por debajo de su máximo 52s. Fundamentalmente sólida con ROE 19.3%, deuda neta/EBITDA 0.6x. Técnicamente 🔵 RSI recuperándose de sobreventa, 🟢 Divergencia alcista RSI. Clasificación: seguimiento.",OK,
FMG.AX,FORTESCUE FPO [FMG],ASX,1.0,script-v2.0,1.0,2026-09-30T13:47:45.427547+02:00,78.0,82.7,96.0,71.0,0.0,1.0,64.0,52.0,12.0,6506837.0,0.1,9.0,,6.23,27.0,-0.8059,False,33.3,17.0,False,19.13,-14.1,True,False,True,Sin señales de recuperación,pass,seguimiento,pendiente,0.0,desconocido,Pendiente de implementar,ausente,dividend_maintained (baja): Dividendo actual 6.57% con caída del 29.7%,razonable,seguimiento,15.62,16.44,15.62 - 16.44,19.3,19.87,19.30 - 19.87,Pérdida del soporte en 15.62 | ROE negativo durante 2 trimestres consecutivos | Ampliación de capital dilutiva | Recorte de rating a bono basura,12-18,"FORTESCUE FPO [FMG] está un 29.7% por debajo de su máximo 52s. Fundamentalmente sólida con ROE 14.2%, deuda neta/EBITDA 0.1x. Técnicamente 🟢 Divergencia alcista RSI, 🟡 MACD convergiendo. Clasificación: seguimiento.","FORTESCUE FPO [FMG] está un 29.7% por debajo de su máximo 52s. Fundamentalmente sólida con ROE 14.2%, deuda neta/EBITDA 0.1x. Técnicamente 🟢 Divergencia alcista RSI, 🟡 MACD convergiendo. Clasificación: seguimiento.",OK,
DG.PA,VINCI,EUROSTOXX,1.0,script-v2.0,1.0,2026-09-30T13:46:04.283263+02:00,77.8,83.1,89.0,78.0,0.0,7.0,62.0,50.0,12.0,844291.0,2.02,9.7,,7.01,23.1,-3.6765,False,5.8,20.9,False,122.71,-12.9,True,False,True,,pass,seguimiento,pendiente,0.0,desconocido,Pendiente de implementar,parcial,"eps_stabilization (media): EPS 8.65 vs 8.43 (annual_eps_fallback) | dividend_maintained (baja): Dividendo actual 4.73% con caída del 25.4% | analyst_upgrade (media): Target 143.38 vs precio 106.85 (+34%), recMean 1.90, recKey buy",razonable,seguimiento,101.51,106.85,101.51 - 106.85,121.68,122.7,121.68 - 122.70,Pérdida del soporte en 101.51 | ROE negativo durante 2 trimestres consecutivos | Ampliación de capital dilutiva | Recorte de rating a bono basura,12-18,"VINCI está un 25.4% por debajo de su máximo 52s. Fundamentalmente sólida con ROE 16.3%, deuda neta/EBITDA 2.0x. Técnicamente 🔵 RSI en sobreventa, 🟢 Divergencia alcista RSI. Clasificación: seguimiento.","VINCI está un 25.4% por debajo de su máximo 52s. Fundamentalmente sólida con ROE 16.3%, deuda neta/EBITDA 2.0x. Técnicamente 🔵 RSI en sobreventa, 🟢 Divergencia alcista RSI. Clasificación: seguimiento.",OK,
PEP,"Pepsico, Inc.",SP500,1.0,script-v2.0,1.0,2026-09-30T13:46:49.281722+02:00,77.0,74.3,78.0,71.0,0.0,4.0,85.0,73.0,12.0,8253430.0,2.25,0.9,0.1,11.56,22.7,-3.9408,False,18.3,15.8,False,144.77,-11.1,True,False,True,Sin señales de recuperación,pass,seguimiento,pendiente,0.0,desconocido,Pendiente de implementar,ausente,eps_stabilization (media): EPS 2.18 vs 1.70 (Diluted EPS) | dividend_maintained (baja): Dividendo actual 4.60% con caída del 25.0%,fuerte,seguimiento,127.98,128.69,127.98 - 128.69,144.85,145.76,144.85 - 145.76,Pérdida del soporte en 127.98 | ROE negativo durante 2 trimestres consecutivos | Ampliación de capital dilutiva | Recorte de rating a bono basura,12-18,"Pepsico, Inc. está un 25.0% por debajo de su máximo 52s. Fundamentalmente sólida con ROE 51.5%, deuda neta/EBITDA 2.2x. Técnicamente 🔵 RSI en sobreventa, 🟢 Divergencia alcista RSI. Clasificación: seguimiento.","Pepsico, Inc. está un 25.0% por debajo de su máximo 52s. Fundamentalmente sólida con ROE 51.5%, deuda neta/EBITDA 2.2x. Técnicamente 🔵 RSI en sobreventa, 🟢 Divergencia alcista RSI. Clasificación: seguimiento.",OK,
NEE,"NextEra Energy, Inc.",SP500,1.0,script-v2.0,1.0,2026-09-30T13:47:22.387641+02:00,76.7,76.5,84.0,70.0,0.0,10.0,77.0,59.0,18.0,10989807.0,7.35,5.5,0.2,18.96,22.0,-2.1758,False,13.0,8.2,True,86.66,-12.4,True,False,True,,pass,seguimiento,pendiente,0.0,desconocido,Pendiente de implementar,parcial,"margin_stabilization (media): Margen gross 62.4% vs 58.9% (+3.5 pp) | eps_stabilization (media): EPS 1.50 vs 1.04 (Diluted EPS) | dividend_maintained (baja): Dividendo actual 3.28% con caída del 23.1% | analyst_upgrade (media): Target 98.74 vs precio 75.89 (+30%), recMean 1.90, recKey buy",fuerte,seguimiento,72.1,75.89,72.10 - 75.89,83.94,86.37,83.94 - 86.37,Pérdida del soporte en 72.10 | ROE negativo durante 2 trimestres consecutivos | Ampliación de capital dilutiva | Recorte de rating a bono basura,6-12,"NextEra Energy, Inc. está un 23.1% por debajo de su máximo 52s. Fundamentalmente sólida con ROE 11.7%, deuda neta/EBITDA 7.3x. Técnicamente 🔵 RSI en sobreventa, 🟡 MACD convergiendo. Clasificación: seguimiento.","NextEra Energy, Inc. está un 23.1% por debajo de su máximo 52s. Fundamentalmente sólida con ROE 11.7%, deuda neta/EBITDA 7.3x. Técnicamente 🔵 RSI en sobreventa, 🟡 MACD convergiendo. Clasificación: seguimiento.",OK,
035420.KS,NAVER,ASIA,1.0,script-v2.0,1.0,2026-09-30T13:48:18.786134+02:00,76.6,81.4,75.0,87.0,0.0,10.0,62.0,50.0,12.0,979491.0,-1.11,15.6,0.0,9.03,36.3,-6378.4679,False,3.9,8.2,False,221483.93,-12.5,True,False,True,,pass,seguimiento,pendiente,0.0,desconocido,Pendiente de implementar,parcial,"margin_stabilization (media): Margen gross 100.0% vs 100.0% (+0.0 pp) | eps_stabilization (media): EPS 4635.00 vs 1864.00 (Diluted EPS) | dividend_maintained (baja): Dividendo actual 1.36% con caída del 36.3% | analyst_upgrade (media): Target 297423.06 vs precio 193700.00 (+54%), recMean 1.65, recKey buy",razonable,seguimiento,182800.0,193700.0,182800.00 - 193700.00,222829.03,258400.0,222829.03 - 258400.00,Pérdida del soporte en 182800.00 | ROE negativo durante 2 trimestres consecutivos | Ampliación de capital dilutiva | Recorte de rating a bono basura,12-18,"NAVER está un 36.3% por debajo de su máximo 52s. Fundamentalmente sólida con ROE 6.4%, deuda neta/EBITDA -1.1x. Técnicamente 🟡 MACD convergiendo, 🟢 Bajo SMA200 con SMA50 girando. Clasificación: seguimiento.","NAVER está un 36.3% por debajo de su máximo 52s. Fundamentalmente sólida con ROE 6.4%, deuda neta/EBITDA -1.1x. Técnicamente 🟡 MACD convergiendo, 🟢 Bajo SMA200 con SMA50 girando. Clasificación: seguimiento.",OK,
3382.T,SEVEN & I HOLDINGS CO LTD,ASIA,1.0,script-v2.0,1.0,2026-09-30T13:48:07.206924+02:00,75.8,78.8,82.0,76.0,0.0,4.0,67.0,50.0,17.0,8837178.0,3.32,,,8.05,22.3,4.1247,False,36.3,26.4,False,2029.65,-1.3,True,False,True,Sin señales de recuperación,pass,seguimiento,pendiente,0.0,desconocido,Pendiente de implementar,ausente,eps_stabilization (media): EPS 26.21 vs 18.96 (Diluted EPS) | dividend_maintained (baja): Dividendo actual 2.99% con caída del 17.1%,razonable,seguimiento,1956.22,2003.5,1956.22 - 2003.50,2036.75,2054.45,2036.75 - 2054.45,Pérdida del soporte en 1956.22 | ROE negativo durante 2 trimestres consecutivos | Ampliación de capital dilutiva | Recorte de rating a bono basura,6-12,"SEVEN & I HOLDINGS CO LTD está un 17.1% por debajo de su máximo 52s. Fundamentalmente sólida con ROE 8.0%, deuda neta/EBITDA 3.3x. Técnicamente 🟡 MACD convergiendo, 🟢 Cerca de soporte. Clasificación: seguimiento.","SEVEN & I HOLDINGS CO LTD está un 17.1% por debajo de su máximo 52s. Fundamentalmente sólida con ROE 8.0%, deuda neta/EBITDA 3.3x. Técnicamente 🟡 MACD convergiendo, 🟢 Cerca de soporte. Clasificación: seguimiento.",OK,
0700.HK,TENCENT,ASIA,1.0,script-v2.0,1.0,2026-09-30T13:48:14.426871+02:00,75.4,86.6,93.0,81.0,0.0,7.0,42.0,30.0,12.0,26382595.0,0.04,14.4,-0.7,13.43,36.2,-18.2616,False,27.0,34.4,False,485.12,-11.2,True,False,True,,pass,pendiente_confirmacion,pendiente,0.0,desconocido,Pendiente de implementar,parcial,"margin_stabilization (media): Margen gross 57.8% vs 56.9% (+0.9 pp) | dividend_maintained (baja): Dividendo actual 1.23% con caída del 36.9% | analyst_upgrade (media): Target 663.08 vs precio 431.00 (+54%), recMean 1.39, recKey strong_buy",incompleto,pendiente_confirmacion,409.45,431.0,409.45 - 431.00,496.52,580.55,496.52 - 580.55,Pérdida del soporte en 409.45 | ROE negativo durante 2 trimestres consecutivos | Ampliación de capital dilutiva | Recorte de rating a bono basura,12-18,"TENCENT está un 36.9% por debajo de su máximo 52s. Fundamentalmente sólida con ROE 19.9%, deuda neta/EBITDA 0.0x. Técnicamente 🟢 base_pattern_detected. Clasificación: pendiente_confirmacion.","TENCENT está un 36.9% por debajo de su máximo 52s. Fundamentalmente sólida con ROE 19.9%, deuda neta/EBITDA 0.0x. Técnicamente 🟢 base_pattern_detected. Clasificación: pendiente_confirmacion.",OK,
MCD,McDonald's Corporation,SP500,1.0,script-v2.0,1.0,2026-09-30T13:47:00.679919+02:00,74.3,74.7,79.0,71.0,0.0,15.0,73.0,55.0,18.0,4940750.0,3.6,-0.5,0.0,14.69,30.2,-13.0827,False,7.3,6.3,True,285.2,-18.0,True,False,True,,pass,entrada_directa,pendiente,0.0,desconocido,Pendiente de implementar,confirmada,"margin_stabilization (media): Margen gross 58.0% vs 55.9% (+2.1 pp) | eps_stabilization (media): EPS 3.32 vs 2.78 (Diluted EPS) | debt_reduction (alta): Deuda 54604.0M vs 54881.0M | dividend_maintained (baja): Dividendo actual 3.30% con caída del 31.5% | analyst_upgrade (media): Target 298.86 vs precio 233.98 (+28%), recMean 2.06, recKey buy",fuerte,entrada_directa,222.28,233.98,222.28 - 233.98,287.51,290.49,287.51 - 290.49,Pérdida del soporte en 222.28 | ROE negativo durante 2 trimestres consecutivos | Ampliación de capital dilutiva | Recorte de rating a bono basura,12-18,"McDonald's Corporation está un 31.5% por debajo de su máximo 52s. Fundamentalmente sólida con deuda neta/EBITDA 3.6x, dividendo 3.3%. Técnicamente 🔵 RSI en sobreventa, 🟡 MACD convergiendo. Clasificación: entrada_directa.","McDonald's Corporation está un 31.5% por debajo de su máximo 52s. Fundamentalmente sólida con deuda neta/EBITDA 3.6x, dividendo 3.3%. Técnicamente 🔵 RSI en sobreventa, 🟡 MACD convergiendo. Clasificación: entrada_directa.",OK,
EL.PA,ESSILORLUXOTTICA,EUROSTOXX,1.0,script-v2.0,1.0,2026-09-30T13:46:04.108610+02:00,74.0,75.3,78.0,73.0,0.0,4.0,70.0,48.0,22.0,719849.0,2.29,6.4,,13.76,53.5,-16.292,True,66.2,56.5,False,190.38,-22.7,True,False,True,Sin señales de recuperación,pass,seguimiento,pendiente,0.0,desconocido,Pendiente de implementar,ausente,"dividend_maintained (baja): Dividendo actual 2.72% con caída del 54.6% | analyst_upgrade (media): Target 232.61 vs precio 147.10 (+58%), recMean 1.83, recKey buy",fuerte,seguimiento,141.53,147.1,141.53 - 147.10,193.95,275.23,193.95 - 275.23,Pérdida del soporte en 141.53 | ROE negativo durante 2 trimestres consecutivos | Ampliación de capital dilutiva | Recorte de rating a bono basura,18-24,"ESSILORLUXOTTICA está un 54.6% por debajo de su máximo 52s. Fundamentalmente sólida con ROE 6.7%, deuda neta/EBITDA 2.3x. Técnicamente 🟢 Divergencia alcista RSI, 🟢 Cerca de soporte. Clasificación: seguimiento.","ESSILORLUXOTTICA está un 54.6% por debajo de su máximo 52s. Fundamentalmente sólida con ROE 6.7%, deuda neta/EBITDA 2.3x. Técnicamente 🟢 Divergencia alcista RSI, 🟢 Cerca de soporte. Clasificación: seguimiento.",OK,
DUK,Duke Energy Corporation (Holdin,SP500,1.0,script-v2.0,1.0,2026-09-30T13:47:21.228794+02:00,74.0,70.4,88.0,55.0,0.0,4.0,85.0,68.0,17.0,4088233.0,5.51,1.1,0.6,11.05,13.6,-1.8724,False,20.4,13.1,False,122.84,-7.0,True,False,True,Sin señales de recuperación,pass,seguimiento,pendiente,0.0,desconocido,Pendiente de implementar,ausente,margin_stabilization (media): Margen gross 54.8% vs 48.8% (+6.0 pp) | dividend_maintained (baja): Dividendo actual 3.80% con caída del 15.1%,fuerte,seguimiento,108.5,114.21,108.50 - 114.21,114.32,122.34,114.32 - 122.34,Pérdida del soporte en 108.50 | ROE negativo durante 2 trimestres consecutivos | Ampliación de capital dilutiva | Recorte de rating a bono basura,6-12,"Duke Energy Corporation (Holdin está un 15.1% por debajo de su máximo 52s. Fundamentalmente sólida con ROE 9.9%, deuda neta/EBITDA 5.5x. Técnicamente 🔵 RSI en sobreventa, 🟢 Divergencia alcista RSI. Clasificación: seguimiento.","Duke Energy Corporation (Holdin está un 15.1% por debajo de su máximo 52s. Fundamentalmente sólida con ROE 9.9%, deuda neta/EBITDA 5.5x. Técnicamente 🔵 RSI en sobreventa, 🟢 Divergencia alcista RSI. Clasificación: seguimiento.",OK,
IP,International Paper Company,SP500,1.0,script-v2.0,1.0,2026-09-30T13:47:33.897121+02:00,73.7,78.3,66.0,89.0,0.0,4.0,60.0,48.0,12.0,4927155.0,2.33,3.8,-0.1,6.82,40.4,-0.5344,False,12.9,22.8,False,37.37,-10.8,True,False,True,Sin señales de recuperación,pass,seguimiento,pendiente,0.0,desconocido,Pendiente de implementar,ausente,"dividend_maintained (baja): Dividendo actual 5.55% con caída del 33.7% | analyst_upgrade (media): Target 47.91 vs precio 33.32 (+44%), recMean 1.58, recKey buy",razonable,seguimiento,31.36,33.32,31.36 - 33.32,37.33,42.71,37.33 - 42.71,Pérdida del soporte en 31.36 | ROE negativo durante 2 trimestres consecutivos | Ampliación de capital dilutiva | Recorte de rating a bono basura,12-18,"International Paper Company está un 33.7% por debajo de su máximo 52s. Fundamentalmente sólida con ROE -16.5%, deuda neta/EBITDA 2.3x. Técnicamente 🔵 RSI en sobreventa, 🟢 base_pattern_detected. Clasificación: seguimiento.","International Paper Company está un 33.7% por debajo de su máximo 52s. Fundamentalmente sólida con ROE -16.5%, deuda neta/EBITDA 2.3x. Técnicamente 🔵 RSI en sobreventa, 🟢 base_pattern_detected. Clasificación: seguimiento.",OK,
RI.PA,PERNOD RICARD,EUROSTOXX,1.0,script-v2.0,1.0,2026-09-30T13:46:09.214955+02:00,73.4,79.9,73.0,86.0,0.0,12.0,54.0,39.0,15.0,667807.0,4.07,-6.8,,10.22,51.5,-1.8378,True,77.0,44.7,False,65.78,-7.4,False,False,True,,pass,entrada_escalada,pendiente,0.0,desconocido,Pendiente de implementar,confirmada,"eps_stabilization (media): EPS 6.45 vs 5.83 (annual_eps_fallback) | debt_reduction (alta): Deuda 12677.0M vs 13602.0M | dividend_maintained (baja): Dividendo actual 7.72% con caída del 32.6% | analyst_upgrade (media): Target 81.82 vs precio 60.92 (+34%), recMean 2.50, recKey buy",razonable,entrada_escalada,59.61,60.92,59.61 - 60.92,66.04,76.79,66.04 - 76.79,Pérdida del soporte en 59.61 | ROE negativo durante 2 trimestres consecutivos | Ampliación de capital dilutiva | Recorte de rating a bono basura,12-18,"PERNOD RICARD está un 32.6% por debajo de su máximo 52s. Fundamentalmente sólida con ROE 7.6%, deuda neta/EBITDA 4.1x. Técnicamente 🟢 Cerca de soporte, 🟢 MACD semanal girando al alza. Clasificación: entrada_escalada.","PERNOD RICARD está un 32.6% por debajo de su máximo 52s. Fundamentalmente sólida con ROE 7.6%, deuda neta/EBITDA 4.1x. Técnicamente 🟢 Cerca de soporte, 🟢 MACD semanal girando al alza. Clasificación: entrada_escalada.",OK,
BMW.DE,BAYERISCHE MOTOREN WERKE AG   S,EUROSTOXX,1.0,script-v2.0,1.0,2026-09-30T13:45:48.805233+02:00,72.7,76.2,57.0,93.0,0.0,4.0,62.0,50.0,12.0,1558817.0,7.33,36.6,-2.4,9.85,39.4,-4.25,False,31.7,16.9,False,70.87,-20.8,True,False,True,Sin señales de recuperación,pass,seguimiento,pendiente,0.0,desconocido,Pendiente de implementar,ausente,"dividend_maintained (baja): Dividendo actual 7.84% con caída del 42.7% | analyst_upgrade (media): Target 72.12 vs precio 56.12 (+29%), recMean 2.45, recKey buy",razonable,seguimiento,53.31,56.12,53.31 - 56.12,71.55,83.23,71.55 - 83.23,Pérdida del soporte en 53.31 | ROE negativo durante 2 trimestres consecutivos | Ampliación de capital dilutiva | Recorte de rating a bono basura,18-24,"BAYERISCHE MOTOREN WERKE AG   S está un 42.7% por debajo de su máximo 52s. Fundamentalmente sólida con ROE 6.6%, deuda neta/EBITDA 7.3x. Técnicamente 🔵 RSI recuperándose de sobreventa, 🟡 MACD convergiendo. Clasificación: seguimiento.","BAYERISCHE MOTOREN WERKE AG   S está un 42.7% por debajo de su máximo 52s. Fundamentalmente sólida con ROE 6.6%, deuda neta/EBITDA 7.3x. Técnicamente 🔵 RSI recuperándose de sobreventa, 🟡 MACD convergiendo. Clasificación: seguimiento.",OK,
AD.AS,KONINKLIJKE AHOLD DELHAIZE N.V.,EUROSTOXX,1.0,script-v2.0,1.0,2026-09-30T13:46:21.413152+02:00,72.2,71.3,83.0,61.0,0.0,4.0,75.0,48.0,27.0,2516934.0,2.98,256.9,-0.0,8.16,21.8,-1.302,True,80.2,78.5,False,35.44,-9.1,True,False,True,Sin señales de recuperación,pass,seguimiento,pendiente,0.0,desconocido,Pendiente de implementar,ausente,margin_stabilization (media): Margen gross 26.4% vs 26.8% (-0.4 pp) | dividend_maintained (baja): Dividendo actual 3.85% con caída del 24.3%,fuerte,seguimiento,30.96,32.08,30.96 - 32.08,35.37,36.16,35.37 - 36.16,Pérdida del soporte en 30.96 | ROE negativo durante 2 trimestres consecutivos | Ampliación de capital dilutiva | Recorte de rating a bono basura,6-12,"KONINKLIJKE AHOLD DELHAIZE N.V. está un 24.3% por debajo de su máximo 52s. Fundamentalmente sólida con ROE 15.7%, deuda neta/EBITDA 3.0x. Técnicamente 🟢 Divergencia alcista RSI, 🟢 Cerca de soporte. Clasificación: seguimiento.","KONINKLIJKE AHOLD DELHAIZE N.V. está un 24.3% por debajo de su máximo 52s. Fundamentalmente sólida con ROE 15.7%, deuda neta/EBITDA 3.0x. Técnicamente 🟢 Divergencia alcista RSI, 🟢 Cerca de soporte. Clasificación: seguimiento.",OK,
SCG.AX,SCENTRE STAPLED [SCG],ASX,1.0,script-v2.0,1.0,2026-09-30T13:47:52.297494+02:00,71.9,75.9,86.0,67.0,0.0,9.0,60.0,55.0,5.0,11009455.0,5.58,-16.4,,13.01,14.1,-0.0576,False,86.5,53.5,False,3.66,-4.4,False,False,True,,pass,seguimiento,pendiente,0.0,desconocido,Pendiente de implementar,parcial,eps_stabilization (media): EPS 0.34 vs 0.20 (annual_eps_fallback) | debt_reduction (alta): Deuda 14029.0M vs 16774.4M | dividend_maintained (baja): Dividendo actual 5.14% con caída del 18.0%,razonable,seguimiento,3.32,3.5,3.32 - 3.50,3.63,3.68,3.63 - 3.68,Pérdida del soporte en 3.32 | ROE negativo durante 2 trimestres consecutivos | Ampliación de capital dilutiva | Recorte de rating a bono basura,6-12,"SCENTRE STAPLED [SCG] está un 18.0% por debajo de su máximo 52s. Fundamentalmente sólida con ROE 10.4%, deuda neta/EBITDA 5.6x. Técnicamente 🟢 Divergencia alcista RSI, 🟢 Cruce alcista MACD. Clasificación: seguimiento.","SCENTRE STAPLED [SCG] está un 18.0% por debajo de su máximo 52s. Fundamentalmente sólida con ROE 10.4%, deuda neta/EBITDA 5.6x. Técnicamente 🟢 Divergencia alcista RSI, 🟢 Cruce alcista MACD. Clasificación: seguimiento.",OK,
BATS.L,BRITISH AMERICAN TOBACCO PLC OR,EUROSTOXX,1.0,script-v2.0,1.0,2026-09-30T13:46:44.855708+02:00,71.5,73.6,88.0,61.0,0.0,12.0,65.0,48.0,17.0,3372454.0,2.9,-0.0,,10.94,22.3,-65.0982,False,41.1,54.6,False,4392.34,-5.1,True,False,True,,pass,entrada_escalada,pendiente,0.0,desconocido,Pendiente de implementar,confirmada,"eps_stabilization (media): EPS 3.49 vs 1.36 (annual_eps_fallback) | debt_reduction (alta): Deuda 35063.0M vs 35070.0M | dividend_maintained (baja): Dividendo actual 0.06% con caída del 22.3% | analyst_upgrade (media): Target 5146.15 vs precio 4169.00 (+23%), recMean 1.69, recKey buy",razonable,entrada_escalada,4126.76,4169.0,4126.76 - 4169.00,4384.18,4562.8,4384.18 - 4562.80,Pérdida del soporte en 4126.76 | ROE negativo durante 2 trimestres consecutivos | Ampliación de capital dilutiva | Recorte de rating a bono basura,6-12,"BRITISH AMERICAN TOBACCO PLC OR está un 22.3% por debajo de su máximo 52s. Fundamentalmente sólida con ROE 13.4%, deuda neta/EBITDA 2.9x. Técnicamente 🟢 Divergencia alcista RSI, 🟢 Cerca de soporte. Clasificación: entrada_escalada.","BRITISH AMERICAN TOBACCO PLC OR está un 22.3% por debajo de su máximo 52s. Fundamentalmente sólida con ROE 13.4%, deuda neta/EBITDA 2.9x. Técnicamente 🟢 Divergencia alcista RSI, 🟢 Cerca de soporte. Clasificación: entrada_escalada.",OK,
4503.T,ASTELLAS PHARMA,ASIA,1.0,script-v2.0,1.0,2026-09-30T13:47:59.944737+02:00,71.2,69.6,100.0,43.0,0.0,9.0,76.0,53.0,23.0,6272718.0,0.52,-29.1,,6.66,13.1,41.475,False,77.3,72.4,False,2272.98,2.1,True,True,True,,pass,seguimiento,pendiente,0.0,desconocido,Pendiente de implementar,parcial,eps_stabilization (media): EPS 78.96 vs 38.11 (Diluted EPS) | debt_reduction (alta): Deuda 589870.0M vs 831426.0M | dividend_maintained (baja): Dividendo actual 3.45% con caída del 14.6%,fuerte,seguimiento,2264.84,2290.9,2264.84 - 2290.90,2243.56,2309.45,2243.56 - 2309.45,Pérdida del soporte en 2290.90 | ROE negativo durante 2 trimestres consecutivos | Ampliación de capital dilutiva | Recorte de rating a bono basura,6-12,"ASTELLAS PHARMA está un 14.6% por debajo de su máximo 52s. Fundamentalmente sólida con ROE 21.3%, deuda neta/EBITDA 0.5x. Técnicamente 🟢 Cruce alcista MACD, 🟢 Cerca de soporte. Clasificación: seguimiento.","ASTELLAS PHARMA está un 14.6% por debajo de su máximo 52s. Fundamentalmente sólida con ROE 21.3%, deuda neta/EBITDA 0.5x. Técnicamente 🟢 Cruce alcista MACD, 🟢 Cerca de soporte. Clasificación: seguimiento.",OK,
DTE.DE,DEUTSCHE TELEKOM AG           N,EUROSTOXX,1.0,script-v2.0,1.0,2026-09-30T13:45:51.203881+02:00,71.0,72.9,82.0,65.0,0.0,10.0,65.0,48.0,17.0,5819982.0,3.31,2.8,-16.2,6.96,22.3,-0.3045,False,1.0,4.1,False,28.44,-7.7,True,False,True,,pass,seguimiento,pendiente,0.0,desconocido,Pendiente de implementar,parcial,"margin_stabilization (media): Margen gross 63.2% vs 62.1% (+1.1 pp) | eps_stabilization (media): EPS 0.51 vs 0.42 (Diluted EPS) | dividend_maintained (baja): Dividendo actual 3.81% con caída del 23.6% | analyst_upgrade (media): Target 36.44 vs precio 26.24 (+39%), recMean 1.56, recKey buy",razonable,seguimiento,23.53,26.24,23.53 - 26.24,28.34,29.21,28.34 - 29.21,Pérdida del soporte en 23.53 | ROE negativo durante 2 trimestres consecutivos | Ampliación de capital dilutiva | Recorte de rating a bono basura,6-12,"DEUTSCHE TELEKOM AG           N está un 23.6% por debajo de su máximo 52s. Fundamentalmente sólida con ROE 15.1%, deuda neta/EBITDA 3.3x. Técnicamente 🔵 RSI en sobreventa, 🟢 Bajo SMA200 con SMA50 girando. Clasificación: seguimiento.","DEUTSCHE TELEKOM AG           N está un 23.6% por debajo de su máximo 52s. Fundamentalmente sólida con ROE 15.1%, deuda neta/EBITDA 3.3x. Técnicamente 🔵 RSI en sobreventa, 🟢 Bajo SMA200 con SMA50 girando. Clasificación: seguimiento.",OK,
SAN.PA,SANOFI,EUROSTOXX,1.0,script-v2.0,1.0,2026-09-30T13:46:09.742856+02:00,70.5,69.6,76.0,64.0,0.0,7.0,73.0,50.0,23.0,1949166.0,1.27,17.8,0.7,7.62,28.5,-0.8697,False,19.2,16.7,True,75.6,-4.9,True,False,True,,pass,seguimiento,pendiente,0.0,desconocido,Pendiente de implementar,parcial,"margin_stabilization (media): Margen gross 75.5% vs 72.1% (+3.4 pp) | dividend_maintained (baja): Dividendo actual 5.73% con caída del 21.1% | analyst_upgrade (media): Target 94.06 vs precio 71.92 (+31%), recMean 2.12, recKey buy",fuerte,seguimiento,68.32,71.92,68.32 - 71.92,75.63,77.48,75.63 - 77.48,Pérdida del soporte en 68.32 | ROE negativo durante 2 trimestres consecutivos | Ampliación de capital dilutiva | Recorte de rating a bono basura,6-12,"SANOFI está un 21.1% por debajo de su máximo 52s. Fundamentalmente sólida con ROE 5.7%, deuda neta/EBITDA 1.3x. Técnicamente 🔵 RSI recuperándose de sobreventa, 🟡 MACD convergiendo. Clasificación: seguimiento.","SANOFI está un 21.1% por debajo de su máximo 52s. Fundamentalmente sólida con ROE 5.7%, deuda neta/EBITDA 1.3x. Técnicamente 🔵 RSI recuperándose de sobreventa, 🟡 MACD convergiendo. Clasificación: seguimiento.",OK,
EN.PA,BOUYGUES,EUROSTOXX,1.0,script-v2.0,1.0,2026-09-30T13:46:04.309285+02:00,70.2,76.9,87.0,68.0,0.0,15.0,50.0,50.0,0.0,650899.0,2.15,-2.7,0.5,6.1,21.3,-1.0217,False,3.3,9.2,False,47.27,-11.4,False,False,True,,pass,entrada_escalada,pendiente,0.0,desconocido,Pendiente de implementar,confirmada,"margin_stabilization (media): Margen gross 57.6% vs 57.8% (-0.2 pp) | eps_stabilization (media): EPS 0.98 vs -0.24 (Diluted EPS) | debt_reduction (alta): Deuda 14707.0M vs 15110.0M | dividend_maintained (baja): Dividendo actual 5.01% con caída del 21.7% | analyst_upgrade (media): Target 60.33 vs precio 41.88 (+44%), recMean 2.00, recKey buy",razonable,entrada_escalada,39.79,41.88,39.79 - 41.88,45.46,47.21,45.46 - 47.21,Pérdida del soporte en 39.79 | ROE negativo durante 2 trimestres consecutivos | Ampliación de capital dilutiva | Recorte de rating a bono basura,6-12,"BOUYGUES está un 21.7% por debajo de su máximo 52s. Fundamentalmente sólida con ROE 9.7%, deuda neta/EBITDA 2.1x. Técnicamente 🔵 RSI en sobreventa, 🟢 Divergencia alcista RSI. Clasificación: entrada_escalada.","BOUYGUES está un 21.7% por debajo de su máximo 52s. Fundamentalmente sólida con ROE 9.7%, deuda neta/EBITDA 2.1x. Técnicamente 🔵 RSI en sobreventa, 🟢 Divergencia alcista RSI. Clasificación: entrada_escalada.",OK,
4568.T,DAIICHI SANKYO COMPANY LIMITED,ASIA,1.0,script-v2.0,1.0,2026-09-30T13:48:00.908263+02:00,70.2,74.6,97.0,55.0,0.0,4.0,57.0,34.0,23.0,6438666.0,-0.44,148.8,,15.85,42.1,1.3458,False,60.4,56.2,False,2758.15,1.5,True,True,True,Sin señales de recuperación,pass,seguimiento,pendiente,0.0,desconocido,Pendiente de implementar,ausente,"dividend_maintained (baja): Dividendo actual 3.57% con caída del 33.0% | analyst_upgrade (media): Target 4090.00 vs precio 2800.00 (+46%), recMean 1.50, recKey strong_buy",razonable,seguimiento,2633.83,2745.3,2633.83 - 2745.30,2811.19,3551.3,2811.19 - 3551.30,Pérdida del soporte en 2633.83 | ROE negativo durante 2 trimestres consecutivos | Ampliación de capital dilutiva | Recorte de rating a bono basura,12-18,"DAIICHI SANKYO COMPANY LIMITED está un 33.0% por debajo de su máximo 52s. Fundamentalmente sólida con ROE 14.8%, deuda neta/EBITDA -0.4x. Técnicamente 🟢 Volumen creciente, 🟡 Apoyo en MA40 semanal. Clasificación: seguimiento.","DAIICHI SANKYO COMPANY LIMITED está un 33.0% por debajo de su máximo 52s. Fundamentalmente sólida con ROE 14.8%, deuda neta/EBITDA -0.4x. Técnicamente 🟢 Volumen creciente, 🟡 Apoyo en MA40 semanal. Clasificación: seguimiento.",OK,
EOAN.DE,E.ON SE                       N,EUROSTOXX,1.0,script-v2.0,1.0,2026-09-30T13:45:51.088165+02:00,70.0,72.9,98.0,51.0,0.0,7.0,61.0,38.0,23.0,4043534.0,3.87,,-2.4,8.98,14.3,-0.1349,False,18.5,15.1,True,18.04,-6.0,True,False,True,,pass,seguimiento,pendiente,0.0,desconocido,Pendiente de implementar,parcial,"margin_stabilization (media): Margen gross 26.6% vs 24.8% (+1.8 pp) | dividend_maintained (baja): Dividendo actual 3.36% con caída del 16.8% | analyst_upgrade (media): Target 21.04 vs precio 16.96 (+24%), recMean 1.81, recKey buy",razonable,seguimiento,16.11,16.96,16.11 - 16.96,17.33,17.96,17.33 - 17.96,Pérdida del soporte en 16.11 | ROE negativo durante 2 trimestres consecutivos | Ampliación de capital dilutiva | Recorte de rating a bono basura,6-12,"E.ON SE                       N está un 16.8% por debajo de su máximo 52s. Fundamentalmente sólida con ROE 15.5%, deuda neta/EBITDA 3.9x. Técnicamente 🟢 Divergencia alcista RSI, 🟢 Estocástico sale de sobreventa. Clasificación: seguimiento.","E.ON SE                       N está un 16.8% por debajo de su máximo 52s. Fundamentalmente sólida con ROE 15.5%, deuda neta/EBITDA 3.9x. Técnicamente 🟢 Divergencia alcista RSI, 🟢 Estocástico sale de sobreventa. Clasificación: seguimiento.",OK,
ED,"Consolidated Edison, Inc.",SP500,1.0,script-v2.0,1.0,2026-09-30T13:46:58.640893+02:00,70.0,67.9,93.0,46.0,0.0,1.0,76.0,59.0,17.0,2136387.0,4.36,4.2,0.2,10.56,9.6,-0.3578,False,20.5,15.5,False,107.14,-3.6,True,False,True,Sin señales de recuperación,pass,seguimiento,pendiente,0.0,desconocido,Pendiente de implementar,ausente,dividend_maintained (baja): Dividendo actual 3.40% con caída del 11.1%,fuerte,seguimiento,98.16,103.33,98.16 - 103.33,98.8,106.42,98.80 - 106.42,Pérdida del soporte en 98.16 | ROE negativo durante 2 trimestres consecutivos | Ampliación de capital dilutiva | Recorte de rating a bono basura,6-12,"Consolidated Edison, Inc. está un 11.1% por debajo de su máximo 52s. Fundamentalmente sólida con ROE 9.0%, deuda neta/EBITDA 4.4x. Técnicamente 🔵 RSI recuperándose de sobreventa, 🟢 Divergencia alcista RSI. Clasificación: seguimiento.","Consolidated Edison, Inc. está un 11.1% por debajo de su máximo 52s. Fundamentalmente sólida con ROE 9.0%, deuda neta/EBITDA 4.4x. Técnicamente 🔵 RSI recuperándose de sobreventa, 🟢 Divergencia alcista RSI. Clasificación: seguimiento.",OK,
VOW3.DE,VOLKSWAGEN AG                 V,EUROSTOXX,1.0,script-v2.0,1.0,2026-09-30T13:45:53.457935+02:00,69.9,62.2,51.0,72.0,0.0,10.0,93.0,75.0,18.0,1086539.0,11.1,43.9,-2.5,13.71,29.6,-2.6372,False,15.0,9.2,True,82.95,-13.2,True,False,True,,pass,seguimiento,pendiente,0.0,desconocido,Pendiente de implementar,parcial,"margin_stabilization (media): Margen gross 15.1% vs 15.5% (-0.4 pp) | eps_stabilization (media): EPS 2.56 vs 2.55 (Diluted EPS) | dividend_maintained (baja): Dividendo actual 7.30% con caída del 34.0% | analyst_upgrade (media): Target 104.11 vs precio 72.02 (+45%), recMean 2.21, recKey buy",fuerte,seguimiento,70.95,72.02,70.95 - 72.02,83.46,92.78,83.46 - 92.78,Pérdida del soporte en 70.95 | ROE negativo durante 2 trimestres consecutivos | Ampliación de capital dilutiva | Recorte de rating a bono basura,12-18,"VOLKSWAGEN AG                 V está un 34.0% por debajo de su máximo 52s. Fundamentalmente sólida con ROE 2.8%, deuda neta/EBITDA 11.1x. Técnicamente 🔵 RSI recuperándose de sobreventa, 🟢 Divergencia alcista RSI. Clasificación: seguimiento.","VOLKSWAGEN AG                 V está un 34.0% por debajo de su máximo 52s. Fundamentalmente sólida con ROE 2.8%, deuda neta/EBITDA 11.1x. Técnicamente 🔵 RSI recuperándose de sobreventa, 🟢 Divergencia alcista RSI. Clasificación: seguimiento.",OK,
Z74.SI,Singtel,ASIA,1.0,script-v2.0,1.0,2026-09-30T13:48:23.576377+02:00,69.8,67.8,87.0,51.0,0.0,7.0,76.0,59.0,17.0,26062711.0,2.32,2.5,,22.73,17.5,-0.034,False,6.2,13.4,False,4.52,-5.9,True,False,True,,pass,seguimiento,pendiente,0.0,desconocido,Pendiente de implementar,parcial,"eps_stabilization (media): EPS 0.34 vs 0.24 (annual_eps_fallback) | dividend_maintained (baja): Dividendo actual 3.06% con caída del 19.4% | analyst_upgrade (media): Target 5.32 vs precio 4.25 (+25%), recMean 1.53, recKey buy",fuerte,seguimiento,4.04,4.25,4.04 - 4.25,4.48,4.52,4.48 - 4.52,Pérdida del soporte en 4.04 | ROE negativo durante 2 trimestres consecutivos | Ampliación de capital dilutiva | Recorte de rating a bono basura,6-12,"Singtel está un 19.4% por debajo de su máximo 52s. Fundamentalmente sólida con deuda neta/EBITDA 2.3x, dividendo 3.1%. Técnicamente 🔵 RSI en sobreventa, 🟡 MACD convergiendo. Clasificación: seguimiento.","Singtel está un 19.4% por debajo de su máximo 52s. Fundamentalmente sólida con deuda neta/EBITDA 2.3x, dividendo 3.1%. Técnicamente 🔵 RSI en sobreventa, 🟡 MACD convergiendo. Clasificación: seguimiento.",OK,
1299.HK,AIA,ASIA,1.0,script-v2.0,1.0,2026-09-30T13:48:16.462576+02:00,69.8,70.7,92.0,52.0,0.0,4.0,67.0,50.0,17.0,27496778.0,1.64,45.4,,87.49,18.2,-1.0812,False,15.2,20.0,False,78.91,-6.7,True,False,True,Sin señales de recuperación,pass,seguimiento,pendiente,0.0,desconocido,Pendiente de implementar,ausente,"dividend_maintained (baja): Dividendo actual 2.69% con caída del 20.1% | analyst_upgrade (media): Target 102.78 vs precio 73.60 (+40%), recMean 1.30, recKey strong_buy",razonable,seguimiento,71.5,73.6,71.50 - 73.60,78.33,79.13,78.33 - 79.13,Pérdida del soporte en 71.50 | ROE negativo durante 2 trimestres consecutivos | Ampliación de capital dilutiva | Recorte de rating a bono basura,6-12,"AIA está un 20.1% por debajo de su máximo 52s. Fundamentalmente sólida con ROE 19.6%, deuda neta/EBITDA 1.6x. Técnicamente 🟢 Bajo SMA200 con SMA50 girando, 🟢 Cerca de soporte. Clasificación: seguimiento.","AIA está un 20.1% por debajo de su máximo 52s. Fundamentalmente sólida con ROE 19.6%, deuda neta/EBITDA 1.6x. Técnicamente 🟢 Bajo SMA200 con SMA50 girando, 🟢 Cerca de soporte. Clasificación: seguimiento.",OK,
GS,"Goldman Sachs Group, Inc. (The)",SP500,1.0,script-v2.0,1.0,2026-09-30T13:47:05.451300+02:00,69.7,63.9,81.0,49.0,0.0,7.0,87.0,64.0,23.0,1972549.0,,106.4,,,20.2,12.0114,False,8.9,8.8,True,952.97,-3.9,True,False,True,,pass,seguimiento,pendiente,0.0,desconocido,Pendiente de implementar,parcial,"eps_stabilization (media): EPS 20.98 vs 17.55 (Diluted EPS) | dividend_maintained (baja): Dividendo actual 2.18% con caída del 20.6% | analyst_upgrade (media): Target 1127.25 vs precio 916.24 (+23%), recMean 2.60, recKey hold",fuerte,seguimiento,906.97,916.24,906.97 - 916.24,951.89,980.89,951.89 - 980.89,Pérdida del soporte en 906.97 | ROE negativo durante 2 trimestres consecutivos | Ampliación de capital dilutiva | Recorte de rating a bono basura,6-12,"Goldman Sachs Group, Inc. (The) está un 20.6% por debajo de su máximo 52s. Fundamentalmente sólida con ROE 16.9%, D/E 7.25. Técnicamente 🔵 RSI en sobreventa, 🟡 MACD convergiendo. Clasificación: seguimiento.","Goldman Sachs Group, Inc. (The) está un 20.6% por debajo de su máximo 52s. Fundamentalmente sólida con ROE 16.9%, D/E 7.25. Técnicamente 🔵 RSI en sobreventa, 🟡 MACD convergiendo. Clasificación: seguimiento.",OK,
UPS,"United Parcel Service, Inc.",SP500,1.0,script-v2.0,1.0,2026-09-30T13:47:12.531697+02:00,69.6,71.5,88.0,57.0,0.0,4.0,64.0,59.0,5.0,4840293.0,1.99,0.0,5.9,8.6,26.6,-1.0375,False,20.1,21.1,False,102.84,-8.7,False,False,True,Sin señales de recuperación,pass,seguimiento,pendiente,0.0,desconocido,Pendiente de implementar,ausente,"dividend_maintained (baja): Dividendo actual 6.98% con caída del 23.3% | analyst_upgrade (media): Target 115.81 vs precio 93.93 (+23%), recMean 2.17, recKey buy",razonable,seguimiento,92.99,93.93,92.99 - 93.93,102.47,104.05,102.47 - 104.05,Pérdida del soporte en 92.99 | ROE negativo durante 2 trimestres consecutivos | Ampliación de capital dilutiva | Recorte de rating a bono basura,6-12,"United Parcel Service, Inc. está un 23.3% por debajo de su máximo 52s. Fundamentalmente sólida con ROE 29.6%, deuda neta/EBITDA 2.0x. Técnicamente 🔵 RSI recuperándose de sobreventa, 🟡 MACD convergiendo. Clasificación: seguimiento.","United Parcel Service, Inc. está un 23.3% por debajo de su máximo 52s. Fundamentalmente sólida con ROE 29.6%, deuda neta/EBITDA 2.0x. Técnicamente 🔵 RSI recuperándose de sobreventa, 🟡 MACD convergiendo. Clasificación: seguimiento.",OK,
005380.KS,HyundaiMtr,ASIA,1.0,script-v2.0,1.0,2026-09-30T13:48:19.495697+02:00,69.5,67.3,63.0,71.0,0.0,10.0,76.0,64.0,12.0,694105.0,7.79,3.3,0.0,15.77,55.7,-34984.9802,False,1.1,6.0,False,486122.62,-29.0,True,False,True,,pass,seguimiento,pendiente,0.0,desconocido,Pendiente de implementar,parcial,"margin_stabilization (media): Margen gross 17.8% vs 17.5% (+0.3 pp) | eps_stabilization (media): EPS 9621.00 vs 8897.00 (Diluted EPS) | dividend_maintained (baja): Dividendo actual 2.90% con caída del 55.9% | analyst_upgrade (media): Target 641504.00 vs precio 345000.00 (+86%), recMean 1.66, recKey buy",fuerte,seguimiento,336373.72,345000.0,336373.72 - 345000.00,468569.99,665550.0,468569.99 - 665550.00,Pérdida del soporte en 336373.72 | ROE negativo durante 2 trimestres consecutivos | Ampliación de capital dilutiva | Recorte de rating a bono basura,18-24,"HyundaiMtr está un 55.9% por debajo de su máximo 52s. Fundamentalmente sólida con ROE 7.2%, deuda neta/EBITDA 7.8x. Técnicamente 🔵 RSI en sobreventa, 🟢 Divergencia alcista RSI. Clasificación: seguimiento.","HyundaiMtr está un 55.9% por debajo de su máximo 52s. Fundamentalmente sólida con ROE 7.2%, deuda neta/EBITDA 7.8x. Técnicamente 🔵 RSI en sobreventa, 🟢 Divergencia alcista RSI. Clasificación: seguimiento.",OK,
FDX,FedEx Corporation,SP500,1.0,script-v2.0,1.0,2026-09-30T13:47:14.791545+02:00,69.3,71.1,86.0,58.0,0.0,10.0,64.0,59.0,5.0,1574198.0,2.48,2.2,5.6,8.22,16.1,3.6382,False,23.6,23.2,False,300.4,-4.3,False,False,True,,pass,seguimiento,pendiente,0.0,desconocido,Pendiente de implementar,parcial,"margin_stabilization (media): Margen gross 22.7% vs 21.3% (+1.3 pp) | eps_stabilization (media): EPS 6.60 vs 4.41 (Diluted EPS) | dividend_maintained (baja): Dividendo actual 1.70% con caída del 16.8% | analyst_upgrade (media): Target 355.14 vs precio 287.47 (+24%), recMean 1.79, recKey buy",razonable,seguimiento,273.1,287.47,273.10 - 287.47,293.56,296.04,293.56 - 296.04,Pérdida del soporte en 273.10 | ROE negativo durante 2 trimestres consecutivos | Ampliación de capital dilutiva | Recorte de rating a bono basura,6-12,"FedEx Corporation está un 16.8% por debajo de su máximo 52s. Fundamentalmente sólida con ROE 14.8%, deuda neta/EBITDA 2.5x. Técnicamente 🔵 RSI en sobreventa, 🟡 MACD convergiendo. Clasificación: seguimiento.","FedEx Corporation está un 16.8% por debajo de su máximo 52s. Fundamentalmente sólida con ROE 14.8%, deuda neta/EBITDA 2.5x. Técnicamente 🔵 RSI en sobreventa, 🟡 MACD convergiendo. Clasificación: seguimiento.",OK,
9021.T,WEST JAPAN RAILWAY CO,ASIA,1.0,script-v2.0,1.0,2026-09-30T13:48:05.536264+02:00,69.3,77.7,82.0,74.0,0.0,1.0,44.0,21.0,23.0,2515286.0,3.67,6.6,,7.59,13.9,17.0067,False,27.9,17.1,False,2934.7,0.2,True,True,True,Sin señales de recuperación,pass,seguimiento,pendiente,0.0,desconocido,Pendiente de implementar,ausente,dividend_maintained (baja): Dividendo actual 3.31% con caída del 16.6%,incompleto,seguimiento,2761.0,2936.41,2761.00 - 2936.41,2935.98,2998.8,2935.98 - 2998.80,Pérdida del soporte en 2761.00 | ROE negativo durante 2 trimestres consecutivos | Ampliación de capital dilutiva | Recorte de rating a bono basura,6-12,"WEST JAPAN RAILWAY CO está un 16.6% por debajo de su máximo 52s. Fundamentalmente sólida con ROE 9.3%, deuda neta/EBITDA 3.7x. Técnicamente 🟡 Apoyo en MA40 semanal, 🟢 base_pattern_detected. Clasificación: seguimiento.","WEST JAPAN RAILWAY CO está un 16.6% por debajo de su máximo 52s. Fundamentalmente sólida con ROE 9.3%, deuda neta/EBITDA 3.7x. Técnicamente 🟡 Apoyo en MA40 semanal, 🟢 base_pattern_detected. Clasificación: seguimiento.",OK,
HEIA.AS,HEINEKEN,EUROSTOXX,1.0,script-v2.0,1.0,2026-09-30T13:46:16.522639+02:00,69.2,73.2,94.0,55.0,0.0,7.0,57.0,52.0,5.0,750119.0,3.22,7.1,,10.57,12.5,0.3464,False,23.3,13.8,False,70.65,-0.9,False,False,True,,pass,seguimiento,pendiente,0.0,desconocido,Pendiente de implementar,parcial,"eps_stabilization (media): EPS 3.38 vs 1.74 (annual_eps_fallback) | dividend_maintained (baja): Dividendo actual 2.74% con caída del 13.0% | analyst_upgrade (media): Target 89.14 vs precio 70.00 (+27%), recMean 1.83, recKey buy",razonable,seguimiento,63.93,70.0,63.93 - 70.00,68.37,70.58,68.37 - 70.58,Pérdida del soporte en 63.93 | ROE negativo durante 2 trimestres consecutivos | Ampliación de capital dilutiva | Recorte de rating a bono basura,6-12,"HEINEKEN está un 13.0% por debajo de su máximo 52s. Fundamentalmente sólida con ROE 12.1%, deuda neta/EBITDA 3.2x. Técnicamente 🟢 Divergencia alcista RSI, 🟡 MACD convergiendo. Clasificación: seguimiento.","HEINEKEN está un 13.0% por debajo de su máximo 52s. Fundamentalmente sólida con ROE 12.1%, deuda neta/EBITDA 3.2x. Técnicamente 🟢 Divergencia alcista RSI, 🟡 MACD convergiendo. Clasificación: seguimiento.",OK,
BN.PA,DANONE,EUROSTOXX,1.0,script-v2.0,1.0,2026-09-30T13:46:00.779079+02:00,69.0,73.7,87.0,62.0,0.0,4.0,55.0,55.0,0.0,1229384.0,2.01,20.9,,10.41,23.7,-1.9548,False,13.9,6.8,False,66.69,-11.4,False,False,True,Sin señales de recuperación,pass,seguimiento,pendiente,0.0,desconocido,Pendiente de implementar,ausente,"dividend_maintained (baja): Dividendo actual 3.81% con caída del 26.2% | analyst_upgrade (media): Target 79.52 vs precio 59.12 (+35%), recMean 2.18, recKey buy",razonable,seguimiento,56.16,59.12,56.16 - 59.12,67.18,68.12,67.18 - 68.12,Pérdida del soporte en 56.16 | ROE negativo durante 2 trimestres consecutivos | Ampliación de capital dilutiva | Recorte de rating a bono basura,12-18,"DANONE está un 26.2% por debajo de su máximo 52s. Fundamentalmente sólida con ROE 12.2%, deuda neta/EBITDA 2.0x. Técnicamente 🔵 RSI en sobreventa, 🟡 MACD convergiendo. Clasificación: seguimiento.","DANONE está un 26.2% por debajo de su máximo 52s. Fundamentalmente sólida con ROE 12.2%, deuda neta/EBITDA 2.0x. Técnicamente 🔵 RSI en sobreventa, 🟡 MACD convergiendo. Clasificación: seguimiento.",OK,
CPB,The Campbell's Company,SP500,1.0,script-v2.0,1.0,2026-09-30T13:47:31.672676+02:00,68.8,75.0,67.0,82.0,0.0,4.0,50.0,50.0,0.0,6849436.0,4.36,5.3,-0.3,8.27,54.8,-0.7666,False,36.7,22.6,False,22.61,-10.5,False,False,True,Sin señales de recuperación,pass,seguimiento,pendiente,0.0,desconocido,Pendiente de implementar,ausente,margin_stabilization (media): Margen gross 27.5% vs 28.0% (-0.5 pp) | dividend_maintained (baja): Dividendo actual 4.94% con caída del 37.2%,razonable,seguimiento,19.22,20.23,19.22 - 20.23,22.87,27.39,22.87 - 27.39,Pérdida del soporte en 19.22 | ROE negativo durante 2 trimestres consecutivos | Ampliación de capital dilutiva | Recorte de rating a bono basura,12-18,"The Campbell's Company está un 37.2% por debajo de su máximo 52s. Fundamentalmente sólida con ROE 10.1%, deuda neta/EBITDA 4.4x. Técnicamente 🔵 RSI recuperándose de sobreventa, 🟡 MACD convergiendo. Clasificación: seguimiento.","The Campbell's Company está un 37.2% por debajo de su máximo 52s. Fundamentalmente sólida con ROE 10.1%, deuda neta/EBITDA 4.4x. Técnicamente 🔵 RSI recuperándose de sobreventa, 🟡 MACD convergiendo. Clasificación: seguimiento.",OK,
ADS.DE,adidas AG                     N,EUROSTOXX,1.0,script-v2.0,1.0,2026-09-30T13:45:55.414046+02:00,68.8,74.1,97.0,54.0,0.0,7.0,53.0,48.0,5.0,695819.0,1.66,0.4,0.0,11.38,42.9,-3.4059,False,73.0,77.0,False,153.97,-4.9,False,False,True,,pass,seguimiento,pendiente,0.0,desconocido,Pendiente de implementar,parcial,"margin_stabilization (media): Margen gross 52.5% vs 51.1% (+1.4 pp) | dividend_maintained (baja): Dividendo actual 1.91% con caída del 25.5% | analyst_upgrade (media): Target 198.73 vs precio 146.40 (+36%), recMean 1.77, recKey buy",razonable,seguimiento,139.86,146.4,139.86 - 146.40,154.59,166.94,154.59 - 166.94,Pérdida del soporte en 139.86 | ROE negativo durante 2 trimestres consecutivos | Ampliación de capital dilutiva | Recorte de rating a bono basura,12-18,"adidas AG                     N está un 25.5% por debajo de su máximo 52s. Fundamentalmente sólida con ROE 24.3%, deuda neta/EBITDA 1.7x. Técnicamente 🟢 Divergencia alcista RSI, 🟢 Cerca de soporte. Clasificación: seguimiento.","adidas AG                     N está un 25.5% por debajo de su máximo 52s. Fundamentalmente sólida con ROE 24.3%, deuda neta/EBITDA 1.7x. Técnicamente 🟢 Divergencia alcista RSI, 🟢 Cerca de soporte. Clasificación: seguimiento.",OK,
IMB.L,IMPERIAL BRANDS PLC ORD 10P,EUROSTOXX,1.0,script-v2.0,1.0,2026-09-30T13:46:45.658180+02:00,68.4,66.5,66.0,67.0,0.0,4.0,74.0,62.0,12.0,2894337.0,2.67,12.4,,7.65,31.8,-126.7657,False,34.1,19.7,False,2860.27,-13.5,True,False,True,Sin señales de recuperación,pass,seguimiento,pendiente,0.0,desconocido,Pendiente de implementar,ausente,"dividend_maintained (baja): Dividendo actual 0.07% con caída del 31.9% | analyst_upgrade (media): Target 3259.09 vs precio 2475.00 (+32%), recMean 1.83, recKey buy",fuerte,seguimiento,2456.5,2475.0,2456.50 - 2475.00,2877.08,3087.23,2877.08 - 3087.23,Pérdida del soporte en 2456.50 | ROE negativo durante 2 trimestres consecutivos | Ampliación de capital dilutiva | Recorte de rating a bono basura,12-18,"IMPERIAL BRANDS PLC ORD 10P está un 31.9% por debajo de su máximo 52s. Fundamentalmente sólida con ROE 37.2%, deuda neta/EBITDA 2.7x. Técnicamente 🔵 RSI recuperándose de sobreventa, 🟢 Divergencia alcista RSI. Clasificación: seguimiento.","IMPERIAL BRANDS PLC ORD 10P está un 31.9% por debajo de su máximo 52s. Fundamentalmente sólida con ROE 37.2%, deuda neta/EBITDA 2.7x. Técnicamente 🔵 RSI recuperándose de sobreventa, 🟢 Divergencia alcista RSI. Clasificación: seguimiento.",OK,
RNO.PA,RENAULT,EUROSTOXX,1.0,script-v2.0,1.0,2026-09-30T13:46:15.009373+02:00,68.2,64.3,35.0,90.0,0.0,4.0,80.0,57.0,23.0,1414495.0,8.23,5.0,,9.69,44.4,-0.4087,False,8.3,7.4,True,28.24,-7.0,True,False,True,Sin señales de recuperación,pass,seguimiento,pendiente,0.0,desconocido,Pendiente de implementar,ausente,"dividend_maintained (baja): Dividendo actual 8.38% con caída del 30.8% | analyst_upgrade (media): Target 38.91 vs precio 26.25 (+48%), recMean 2.25, recKey buy",fuerte,seguimiento,24.95,26.26,24.95 - 26.26,28.39,32.27,28.39 - 32.27,Pérdida del soporte en 24.95 | ROE negativo durante 2 trimestres consecutivos | Ampliación de capital dilutiva | Recorte de rating a bono basura,12-18,"RENAULT está un 30.8% por debajo de su máximo 52s. Fundamentalmente sólida con ROE 5.0%, deuda neta/EBITDA 8.2x. Técnicamente 🔵 RSI recuperándose de sobreventa, 🟡 MACD convergiendo. Clasificación: seguimiento.","RENAULT está un 30.8% por debajo de su máximo 52s. Fundamentalmente sólida con ROE 5.0%, deuda neta/EBITDA 8.2x. Técnicamente 🔵 RSI recuperándose de sobreventa, 🟡 MACD convergiendo. Clasificación: seguimiento.",OK,
GSK.L,GSK PLC ORD 31 1/4P,EUROSTOXX,1.0,script-v2.0,1.0,2026-09-30T13:46:36.866873+02:00,67.8,71.8,91.0,55.0,0.0,6.0,56.0,39.0,17.0,6839398.0,1.4,-4.0,0.7,8.23,19.0,-22.7745,False,52.7,57.6,False,1956.28,-5.6,True,False,True,,pass,seguimiento,pendiente,0.0,desconocido,Pendiente de implementar,parcial,debt_reduction (alta): Deuda 18293.0M vs 19056.0M | dividend_maintained (baja): Dividendo actual 0.04% con caída del 19.0%,razonable,seguimiento,1689.85,1847.5,1689.85 - 1847.50,1939.7,1953.25,1939.70 - 1953.25,Pérdida del soporte en 1689.85 | ROE negativo durante 2 trimestres consecutivos | Ampliación de capital dilutiva | Recorte de rating a bono basura,6-12,"GSK PLC ORD 31 1/4P está un 19.0% por debajo de su máximo 52s. Fundamentalmente sólida con ROE 33.4%, deuda neta/EBITDA 1.4x. Técnicamente 🟢 Divergencia alcista RSI, 🟡 Apoyo en MA40 semanal. Clasificación: seguimiento.","GSK PLC ORD 31 1/4P está un 19.0% por debajo de su máximo 52s. Fundamentalmente sólida con ROE 33.4%, deuda neta/EBITDA 1.4x. Técnicamente 🟢 Divergencia alcista RSI, 🟡 Apoyo en MA40 semanal. Clasificación: seguimiento.",OK,
MGR.AX,MIRVAC GRP STAPLED [MGR],ASX,1.0,script-v2.0,1.0,2026-09-30T13:47:52.642995+02:00,67.7,71.9,82.0,63.0,0.0,9.0,55.0,39.0,16.0,12824241.0,4.12,-13.4,,12.08,20.9,-0.0038,True,96.7,64.5,False,1.78,3.9,False,True,True,,pass,seguimiento,pendiente,0.0,desconocido,Pendiente de implementar,parcial,eps_stabilization (media): EPS 0.02 vs -0.20 (annual_eps_fallback) | debt_reduction (alta): Deuda 3934.0M vs 4544.0M | dividend_maintained (baja): Dividendo actual 5.41% con caída del 24.8%,razonable,seguimiento,1.68,1.8,1.68 - 1.80,1.79,2.09,1.79 - 2.09,Pérdida del soporte en 1.68 | ROE negativo durante 2 trimestres consecutivos | Ampliación de capital dilutiva | Recorte de rating a bono basura,6-12,"MIRVAC GRP STAPLED [MGR] está un 24.8% por debajo de su máximo 52s. Fundamentalmente sólida con ROE 7.4%, deuda neta/EBITDA 4.1x. Técnicamente 🟢 Cruce alcista MACD, 🟢 MACD semanal girando al alza. Clasificación: seguimiento.","MIRVAC GRP STAPLED [MGR] está un 24.8% por debajo de su máximo 52s. Fundamentalmente sólida con ROE 7.4%, deuda neta/EBITDA 4.1x. Técnicamente 🟢 Cruce alcista MACD, 🟢 MACD semanal girando al alza. Clasificación: seguimiento.",OK,
8002.T,MARUBENI CORP,ASIA,1.0,script-v2.0,1.0,2026-09-30T13:48:09.522464+02:00,67.6,67.8,95.0,44.0,0.0,4.0,67.0,50.0,17.0,4785128.0,3.96,0.5,,19.05,22.1,-36.3667,False,33.0,15.9,False,5190.85,-7.1,True,False,True,Sin señales de recuperación,pass,seguimiento,pendiente,0.0,desconocido,Pendiente de implementar,ausente,"dividend_maintained (baja): Dividendo actual 2.38% con caída del 23.8% | analyst_upgrade (media): Target 5993.64 vs precio 4824.00 (+24%), recMean 2.27, recKey buy",razonable,seguimiento,4723.65,4824.0,4723.65 - 4824.00,5108.98,5378.8,5108.98 - 5378.80,Pérdida del soporte en 4723.65 | ROE negativo durante 2 trimestres consecutivos | Ampliación de capital dilutiva | Recorte de rating a bono basura,6-12,"MARUBENI CORP está un 23.8% por debajo de su máximo 52s. Fundamentalmente sólida con ROE 14.2%, deuda neta/EBITDA 4.0x. Técnicamente 🟡 MACD convergiendo, 🟢 Cerca de soporte. Clasificación: seguimiento.","MARUBENI CORP está un 23.8% por debajo de su máximo 52s. Fundamentalmente sólida con ROE 14.2%, deuda neta/EBITDA 4.0x. Técnicamente 🟡 MACD convergiendo, 🟢 Cerca de soporte. Clasificación: seguimiento.",OK,
DSY.PA,DASSAULT SYSTEMES,EUROSTOXX,1.0,script-v2.0,1.0,2026-09-30T13:46:14.131993+02:00,67.1,69.5,94.0,48.0,0.0,7.0,60.0,55.0,5.0,1858916.0,-1.36,36.2,0.0,14.88,49.6,0.2034,False,25.5,50.5,False,19.78,2.7,False,False,True,,pass,seguimiento,pendiente,0.0,desconocido,Pendiente de implementar,parcial,margin_stabilization (media): Margen gross 84.1% vs 84.0% (+0.1 pp) | eps_stabilization (media): EPS 0.22 vs 0.22 (Diluted EPS) | dividend_maintained (baja): Dividendo actual 1.33% con caída del 33.1%,razonable,seguimiento,19.92,20.31,19.92 - 20.31,19.92,25.81,19.92 - 25.81,Pérdida del soporte en 19.92 | ROE negativo durante 2 trimestres consecutivos | Ampliación de capital dilutiva | Recorte de rating a bono basura,12-18,"DASSAULT SYSTEMES está un 33.1% por debajo de su máximo 52s. Fundamentalmente sólida con ROE 15.1%, deuda neta/EBITDA -1.4x. Técnicamente 🟢 Cruce alcista MACD, 🟢 Cerca de soporte. Clasificación: seguimiento.","DASSAULT SYSTEMES está un 33.1% por debajo de su máximo 52s. Fundamentalmente sólida con ROE 15.1%, deuda neta/EBITDA -1.4x. Técnicamente 🟢 Cruce alcista MACD, 🟢 Cerca de soporte. Clasificación: seguimiento.",OK,
UCB.BR,UCB,EUROSTOXX,1.0,script-v2.0,1.0,2026-09-30T13:46:28.247562+02:00,66.9,66.9,93.0,44.0,0.0,7.0,67.0,55.0,12.0,232528.0,0.84,59.8,,12.64,28.7,-10.0505,False,23.7,44.3,False,242.81,-15.5,True,False,True,,pass,seguimiento,pendiente,0.0,desconocido,Pendiente de implementar,parcial,"eps_stabilization (media): EPS 8.03 vs 1.76 (annual_eps_fallback) | dividend_maintained (baja): Dividendo actual 0.71% con caída del 29.1% | analyst_upgrade (media): Target 285.00 vs precio 205.20 (+39%), recMean 1.60, recKey buy",razonable,seguimiento,203.05,205.2,203.05 - 205.20,243.55,246.07,243.55 - 246.07,Pérdida del soporte en 203.05 | ROE negativo durante 2 trimestres consecutivos | Ampliación de capital dilutiva | Recorte de rating a bono basura,12-18,"UCB está un 29.1% por debajo de su máximo 52s. Fundamentalmente sólida con ROE 20.6%, deuda neta/EBITDA 0.8x. Técnicamente 🟢 Divergencia alcista RSI, 🟢 Cerca de soporte. Clasificación: seguimiento.","UCB está un 29.1% por debajo de su máximo 52s. Fundamentalmente sólida con ROE 20.6%, deuda neta/EBITDA 0.8x. Técnicamente 🟢 Divergencia alcista RSI, 🟢 Cerca de soporte. Clasificación: seguimiento.",OK,
SO,Southern Company (The),SP500,1.0,script-v2.0,1.0,2026-09-30T13:47:21.754434+02:00,66.8,63.8,75.0,54.0,0.0,4.0,76.0,59.0,17.0,5533514.0,5.2,1.4,0.1,12.12,15.2,-1.9367,False,23.9,13.6,False,91.33,-8.6,True,False,True,Sin señales de recuperación,pass,seguimiento,pendiente,0.0,desconocido,Pendiente de implementar,ausente,margin_stabilization (media): Margen gross 51.3% vs 46.5% (+4.8 pp) | dividend_maintained (baja): Dividendo actual 3.64% con caída del 17.2%,fuerte,seguimiento,79.28,83.45,79.28 - 83.45,85.71,91.0,85.71 - 91.00,Pérdida del soporte en 79.28 | ROE negativo durante 2 trimestres consecutivos | Ampliación de capital dilutiva | Recorte de rating a bono basura,6-12,"Southern Company (The) está un 17.2% por debajo de su máximo 52s. Fundamentalmente sólida con ROE 11.5%, deuda neta/EBITDA 5.2x. Técnicamente 🔵 RSI en sobreventa, 🟡 MACD convergiendo. Clasificación: seguimiento.","Southern Company (The) está un 17.2% por debajo de su máximo 52s. Fundamentalmente sólida con ROE 11.5%, deuda neta/EBITDA 5.2x. Técnicamente 🔵 RSI en sobreventa, 🟡 MACD convergiendo. Clasificación: seguimiento.",OK,
9020.T,EAST JAPAN RAILWAY CO,ASIA,1.0,script-v2.0,1.0,2026-09-30T13:48:05.159161+02:00,66.8,70.1,61.0,78.0,0.0,4.0,57.0,34.0,23.0,3060608.0,5.68,7.6,,10.08,18.6,-41.0111,False,14.4,7.4,True,3576.98,-6.3,True,False,True,Sin señales de recuperación,pass,seguimiento,pendiente,0.0,desconocido,Pendiente de implementar,ausente,"dividend_maintained (baja): Dividendo actual 2.51% con caída del 20.4% | analyst_upgrade (media): Target 4020.83 vs precio 3350.00 (+20%), recMean 2.33, recKey buy",razonable,seguimiento,3182.5,3350.0,3182.50 - 3350.00,3579.35,3608.59,3579.35 - 3608.59,Pérdida del soporte en 3182.50 | ROE negativo durante 2 trimestres consecutivos | Ampliación de capital dilutiva | Recorte de rating a bono basura,6-12,"EAST JAPAN RAILWAY CO está un 20.4% por debajo de su máximo 52s. Fundamentalmente sólida con ROE 7.9%, deuda neta/EBITDA 5.7x. Técnicamente 🟢 Estocástico sale de sobreventa, 🟡 Apoyo en MA40 semanal. Clasificación: seguimiento.","EAST JAPAN RAILWAY CO está un 20.4% por debajo de su máximo 52s. Fundamentalmente sólida con ROE 7.9%, deuda neta/EBITDA 5.7x. Técnicamente 🟢 Estocástico sale de sobreventa, 🟡 Apoyo en MA40 semanal. Clasificación: seguimiento.",OK,
AZN.L,ASTRAZENECA PLC ORD SHS $0.25,EUROSTOXX,1.0,script-v2.0,1.0,2026-09-30T13:46:37.916297+02:00,66.4,66.5,98.0,39.0,0.0,12.0,66.0,39.0,27.0,3360890.0,1.38,-4.6,-0.2,11.06,21.5,-412.0255,True,60.0,71.2,False,13567.38,-9.0,True,False,True,,pass,entrada_escalada,pendiente,0.0,desconocido,Pendiente de implementar,confirmada,"margin_stabilization (media): Margen gross 83.6% vs 82.5% (+1.1 pp) | debt_reduction (alta): Deuda 32350.0M vs 33918.0M | dividend_maintained (baja): Dividendo actual 0.02% con caída del 21.5% | analyst_upgrade (media): Target 15849.17 vs precio 12350.05 (+28%), recMean 1.72, recKey buy",razonable,entrada_escalada,11504.42,12181.62,11504.42 - 12181.62,13372.2,13574.62,13372.20 - 13574.62,Pérdida del soporte en 11504.42 | ROE negativo durante 2 trimestres consecutivos | Ampliación de capital dilutiva | Recorte de rating a bono basura,6-12,"ASTRAZENECA PLC ORD SHS $0.25 está un 21.5% por debajo de su máximo 52s. Fundamentalmente sólida con ROE 22.0%, deuda neta/EBITDA 1.4x. Técnicamente 🟢 Divergencia alcista RSI, 🟢 MACD semanal girando al alza. Clasificación: entrada_escalada.","ASTRAZENECA PLC ORD SHS $0.25 está un 21.5% por debajo de su máximo 52s. Fundamentalmente sólida con ROE 22.0%, deuda neta/EBITDA 1.4x. Técnicamente 🟢 Divergencia alcista RSI, 🟢 MACD semanal girando al alza. Clasificación: entrada_escalada.",OK,
T,AT&T Inc.,SP500,1.0,script-v2.0,1.0,2026-09-30T13:46:52.065571+02:00,66.2,73.0,89.0,59.0,0.0,7.0,46.0,29.0,17.0,54085400.0,3.3,5.4,-0.1,7.43,14.9,0.1504,False,0.8,10.9,False,24.89,-1.7,True,False,True,,pass,seguimiento,pendiente,0.0,desconocido,Pendiente de implementar,parcial,margin_stabilization (media): Margen gross 61.8% vs 60.1% (+1.7 pp) | eps_stabilization (media): EPS 0.66 vs 0.54 (Diluted EPS) | dividend_maintained (baja): Dividendo actual 4.53% con caída del 16.8%,razonable,seguimiento,22.46,24.48,22.46 - 24.48,24.78,25.02,24.78 - 25.02,Pérdida del soporte en 22.46 | ROE negativo durante 2 trimestres consecutivos | Ampliación de capital dilutiva | Recorte de rating a bono basura,6-12,"AT&T Inc. está un 16.8% por debajo de su máximo 52s. Fundamentalmente sólida con ROE 18.3%, deuda neta/EBITDA 3.3x. Técnicamente 🟡 Apoyo en MA40 semanal, 🟢 base_pattern_detected. Clasificación: seguimiento.","AT&T Inc. está un 16.8% por debajo de su máximo 52s. Fundamentalmente sólida con ROE 18.3%, deuda neta/EBITDA 3.3x. Técnicamente 🟡 Apoyo en MA40 semanal, 🟢 base_pattern_detected. Clasificación: seguimiento.",OK,
COST,Costco Wholesale Corporation,SP500,1.0,script-v2.0,1.0,2026-09-30T13:47:09.876732+02:00,65.8,57.1,95.0,24.0,0.0,7.0,92.0,65.0,27.0,2140466.0,-0.89,5.0,-0.1,27.66,15.5,-14.133,True,86.5,87.9,False,964.21,-4.1,True,False,False,,pass,descarte,pendiente,0.0,desconocido,Pendiente de implementar,parcial,margin_stabilization (media): Margen gross 12.8% vs 12.8% (+0.0 pp) | eps_stabilization (media): EPS 4.93 vs 4.58 (Diluted EPS) | dividend_maintained (baja): Dividendo actual 0.64% con caída del 15.7%,fuerte,descarte,878.36,924.59,878.36 - 924.59,932.02,958.79,932.02 - 958.79,Pérdida del soporte en 878.36 | ROE negativo durante 2 trimestres consecutivos | Ampliación de capital dilutiva | Recorte de rating a bono basura,6-12,"Costco Wholesale Corporation está un 15.7% por debajo de su máximo 52s. Fundamentalmente aceptable con ROE 28.4%, deuda neta/EBITDA -0.9x. Técnicamente 🟢 Divergencia alcista RSI, 🟢 Cruce alcista MACD. Clasificación: descarte.","Costco Wholesale Corporation está un 15.7% por debajo de su máximo 52s. Fundamentalmente aceptable con ROE 28.4%, deuda neta/EBITDA -0.9x. Técnicamente 🟢 Divergencia alcista RSI, 🟢 Cruce alcista MACD. Clasificación: descarte.",OK,
051910.KS,LGCHEM,ASIA,1.0,script-v2.0,1.0,2026-09-30T13:48:18.728938+02:00,65.7,59.3,47.0,70.0,0.0,10.0,85.0,73.0,12.0,195489.0,5.53,13.1,-1.5,12.13,42.6,-19680.1152,False,7.8,13.8,False,315193.37,-20.4,True,False,False,,pass,descarte,pendiente,0.0,desconocido,Pendiente de implementar,parcial,"margin_stabilization (media): Margen gross 21.1% vs 18.9% (+2.2 pp) | eps_stabilization (media): EPS 1445.00 vs -4449.00 (Diluted EPS) | dividend_maintained (baja): Dividendo actual 0.80% con caída del 42.6% | analyst_upgrade (media): Target 399800.00 vs precio 251000.00 (+59%), recMean 1.72, recKey buy",fuerte,descarte,248750.0,251000.0,248750.00 - 251000.00,317921.17,371875.0,317921.17 - 371875.00,Pérdida del soporte en 248750.00 | ROE negativo durante 2 trimestres consecutivos | Ampliación de capital dilutiva | Recorte de rating a bono basura,18-24,"LGCHEM está un 42.6% por debajo de su máximo 52s. Fundamentalmente aceptable con ROE -5.7%, deuda neta/EBITDA 5.5x. Técnicamente 🔵 RSI recuperándose de sobreventa, 🟢 Divergencia alcista RSI. Clasificación: descarte.","LGCHEM está un 42.6% por debajo de su máximo 52s. Fundamentalmente aceptable con ROE -5.7%, deuda neta/EBITDA 5.5x. Técnicamente 🔵 RSI recuperándose de sobreventa, 🟢 Divergencia alcista RSI. Clasificación: descarte.",OK,
ORG.AX,ORIGIN ENE FPO [ORG],ASX,1.0,script-v2.0,1.0,2026-09-30T13:47:50.202127+02:00,65.5,63.1,94.0,36.0,0.0,4.0,73.0,50.0,23.0,4360103.0,2.41,3.4,,13.29,12.2,0.0322,False,14.5,10.7,True,11.15,-1.5,True,False,True,Sin señales de recuperación,pass,seguimiento,pendiente,0.0,desconocido,Pendiente de implementar,ausente,eps_stabilization (media): EPS 0.91 vs 0.86 (annual_eps_fallback) | dividend_maintained (baja): Dividendo actual 5.46% con caída del 14.5%,fuerte,seguimiento,10.2,10.98,10.20 - 10.98,10.91,11.1,10.91 - 11.10,Pérdida del soporte en 10.20 | ROE negativo durante 2 trimestres consecutivos | Ampliación de capital dilutiva | Recorte de rating a bono basura,6-12,"ORIGIN ENE FPO [ORG] está un 14.5% por debajo de su máximo 52s. Fundamentalmente sólida con ROE 15.7%, deuda neta/EBITDA 2.4x. Técnicamente 🔵 RSI recuperándose de sobreventa, 🟡 MACD convergiendo. Clasificación: seguimiento.","ORIGIN ENE FPO [ORG] está un 14.5% por debajo de su máximo 52s. Fundamentalmente sólida con ROE 15.7%, deuda neta/EBITDA 2.4x. Técnicamente 🔵 RSI recuperándose de sobreventa, 🟡 MACD convergiendo. Clasificación: seguimiento.",OK,
0006.HK,POWER ASSETS,ASIA,1.0,script-v2.0,1.0,2026-09-30T13:48:12.053248+02:00,65.4,64.9,98.0,36.0,0.0,9.0,67.0,44.0,23.0,2755485.0,-111.13,-16.6,,220.38,6.9,0.7133,False,25.5,24.8,False,58.78,1.5,True,True,True,,pass,seguimiento,pendiente,0.0,desconocido,Pendiente de implementar,parcial,eps_stabilization (media): EPS 2.93 vs 2.82 (annual_eps_fallback) | debt_reduction (alta): Deuda 2770.0M vs 3320.0M | dividend_maintained (baja): Dividendo actual 4.73% con caída del 11.0%,razonable,seguimiento,57.81,59.24,57.81 - 59.24,56.99,58.1,56.99 - 58.10,Pérdida del soporte en 57.81 | ROE negativo durante 2 trimestres consecutivos | Ampliación de capital dilutiva | Recorte de rating a bono basura,6-12,"POWER ASSETS está un 11.0% por debajo de su máximo 52s. Fundamentalmente sólida con ROE 18.6%, deuda neta/EBITDA -111.1x. Técnicamente 🟡 MACD convergiendo, 🟢 Cerca de soporte. Clasificación: seguimiento.","POWER ASSETS está un 11.0% por debajo de su máximo 52s. Fundamentalmente sólida con ROE 18.6%, deuda neta/EBITDA -111.1x. Técnicamente 🟡 MACD convergiendo, 🟢 Cerca de soporte. Clasificación: seguimiento.",OK,
0083.HK,SINO LAND,ASIA,1.0,script-v2.0,1.0,2026-09-30T13:48:14.148472+02:00,65.2,55.3,59.0,52.0,0.0,7.0,95.0,68.0,27.0,7491541.0,-17.65,107.0,,15.41,22.4,-0.2888,True,100.0,70.6,False,11.25,-8.5,True,False,False,,pass,descarte,pendiente,0.0,desconocido,Pendiente de implementar,parcial,"eps_stabilization (media): EPS 0.49 vs 0.45 (annual_eps_fallback) | dividend_maintained (baja): Dividendo actual 5.63% con caída del 22.6% | analyst_upgrade (media): Target 12.80 vs precio 10.30 (+24%), recMean 1.60, recKey buy",fuerte,descarte,10.15,10.3,10.15 - 10.30,11.18,11.3,11.18 - 11.30,Pérdida del soporte en 10.15 | ROE negativo durante 2 trimestres consecutivos | Ampliación de capital dilutiva | Recorte de rating a bono basura,6-12,"SINO LAND está un 22.6% por debajo de su máximo 52s. Fundamentalmente aceptable con ROE 2.7%, deuda neta/EBITDA -17.6x. Técnicamente 🟢 Divergencia alcista RSI, 🟢 Cruce alcista MACD. Clasificación: descarte.","SINO LAND está un 22.6% por debajo de su máximo 52s. Fundamentalmente aceptable con ROE 2.7%, deuda neta/EBITDA -17.6x. Técnicamente 🟢 Divergencia alcista RSI, 🟢 Cruce alcista MACD. Clasificación: descarte.",OK,
VCX.AX,VICINITY STAPLED [VCX],ASX,1.0,script-v2.0,1.0,2026-09-30T13:47:52.545502+02:00,64.8,66.4,84.0,51.0,0.0,4.0,60.0,55.0,5.0,11536318.0,5.64,2.3,,17.97,11.4,-0.0194,False,68.7,34.0,False,2.45,-3.7,False,False,True,Sin señales de recuperación,pass,seguimiento,pendiente,0.0,desconocido,Pendiente de implementar,ausente,eps_stabilization (media): EPS 0.30 vs 0.22 (annual_eps_fallback) | dividend_maintained (baja): Dividendo actual 5.08% con caída del 13.6%,razonable,seguimiento,2.25,2.36,2.25 - 2.36,2.32,2.45,2.32 - 2.45,Pérdida del soporte en 2.25 | ROE negativo durante 2 trimestres consecutivos | Ampliación de capital dilutiva | Recorte de rating a bono basura,6-12,"VICINITY STAPLED [VCX] está un 13.6% por debajo de su máximo 52s. Fundamentalmente sólida con ROE 12.0%, deuda neta/EBITDA 5.6x. Técnicamente 🟢 Cruce alcista MACD, 🟢 Cerca de soporte. Clasificación: seguimiento.","VICINITY STAPLED [VCX] está un 13.6% por debajo de su máximo 52s. Fundamentalmente sólida con ROE 12.0%, deuda neta/EBITDA 5.6x. Técnicamente 🟢 Cruce alcista MACD, 🟢 Cerca de soporte. Clasificación: seguimiento.",OK,
BEI.DE,BEIERSDORF AG                 I,EUROSTOXX,1.0,script-v2.0,1.0,2026-09-30T13:45:58.107190+02:00,64.6,71.1,85.0,59.0,0.0,6.0,45.0,30.0,15.0,365950.0,-1.73,-3.5,,8.98,42.2,-1.2498,True,67.0,69.9,False,80.85,-3.7,False,False,True,,pass,seguimiento,pendiente,0.0,desconocido,Pendiente de implementar,parcial,debt_reduction (alta): Deuda 110.0M vs 114.0M | dividend_maintained (baja): Dividendo actual 1.29% con caída del 29.4%,razonable,seguimiento,73.16,77.82,73.16 - 77.82,81.16,93.63,81.16 - 93.63,Pérdida del soporte en 73.16 | ROE negativo durante 2 trimestres consecutivos | Ampliación de capital dilutiva | Recorte de rating a bono basura,12-18,"BEIERSDORF AG                 I está un 29.4% por debajo de su máximo 52s. Fundamentalmente sólida con ROE 10.9%, deuda neta/EBITDA -1.7x. Técnicamente 🟢 MACD semanal girando al alza, 🟡 Apoyo en MA40 semanal. Clasificación: seguimiento.","BEIERSDORF AG                 I está un 29.4% por debajo de su máximo 52s. Fundamentalmente sólida con ROE 10.9%, deuda neta/EBITDA -1.7x. Técnicamente 🟢 MACD semanal girando al alza, 🟡 Apoyo en MA40 semanal. Clasificación: seguimiento.",OK,
0066.HK,MTR CORPORATION,ASIA,1.0,script-v2.0,1.0,2026-09-30T13:48:14.169522+02:00,64.5,70.3,90.0,53.0,0.0,1.0,47.0,30.0,17.0,5254626.0,3.1,120.2,,8.86,10.9,0.4046,False,25.7,34.8,False,32.22,0.6,True,False,True,Sin señales de recuperación,pass,seguimiento,pendiente,0.0,desconocido,Pendiente de implementar,ausente,dividend_maintained (baja): Dividendo actual 4.04% con caída del 14.5%,razonable,seguimiento,31.26,32.4,31.26 - 32.40,31.95,32.2,31.95 - 32.20,Pérdida del soporte en 31.26 | ROE negativo durante 2 trimestres consecutivos | Ampliación de capital dilutiva | Recorte de rating a bono basura,6-12,"MTR CORPORATION está un 14.5% por debajo de su máximo 52s. Fundamentalmente sólida con ROE 11.1%, deuda neta/EBITDA 3.1x. Técnicamente 🟢 Cerca de soporte, 🟡 Apoyo en MA40 semanal. Clasificación: seguimiento.","MTR CORPORATION está un 14.5% por debajo de su máximo 52s. Fundamentalmente sólida con ROE 11.1%, deuda neta/EBITDA 3.1x. Técnicamente 🟢 Cerca de soporte, 🟡 Apoyo en MA40 semanal. Clasificación: seguimiento.",OK,
WFC,Wells Fargo & Company,SP500,1.0,script-v2.0,1.0,2026-09-30T13:47:05.306391+02:00,64.5,70.7,76.0,66.0,0.0,7.0,46.0,41.0,5.0,14031853.0,,121.3,,,16.3,0.8138,False,3.0,7.8,False,83.59,-3.7,False,False,True,,pass,seguimiento,pendiente,0.0,desconocido,Pendiente de implementar,parcial,"eps_stabilization (media): EPS 2.00 vs 1.60 (Diluted EPS) | dividend_maintained (baja): Dividendo actual 2.49% con caída del 17.7% | analyst_upgrade (media): Target 100.54 vs precio 80.48 (+25%), recMean 1.85, recKey buy",razonable,seguimiento,74.75,80.48,74.75 - 80.48,83.1,84.21,83.10 - 84.21,Pérdida del soporte en 74.75 | ROE negativo durante 2 trimestres consecutivos | Ampliación de capital dilutiva | Recorte de rating a bono basura,6-12,"Wells Fargo & Company está un 17.7% por debajo de su máximo 52s. Fundamentalmente sólida con ROE 12.6%, dividendo 2.5%. Técnicamente 🔵 RSI en sobreventa, 🟡 Apoyo en MA40 semanal. Clasificación: seguimiento.","Wells Fargo & Company está un 17.7% por debajo de su máximo 52s. Fundamentalmente sólida con ROE 12.6%, dividendo 2.5%. Técnicamente 🔵 RSI en sobreventa, 🟡 Apoyo en MA40 semanal. Clasificación: seguimiento.",OK,
SHEL.L,SHELL PLC ORD EUR0.07,EUROSTOXX,1.0,script-v2.0,1.0,2026-09-30T13:46:36.282875+02:00,64.2,64.9,98.0,36.0,0.0,12.0,62.0,44.0,18.0,9699436.0,0.72,-3.4,9.3,4.22,5.3,129.1383,False,48.8,66.8,False,3182.94,11.9,True,True,True,,pass,entrada_escalada,pendiente,0.0,desconocido,Pendiente de implementar,confirmada,margin_stabilization (media): Margen gross 19.5% vs 19.3% (+0.2 pp) | eps_stabilization (media): EPS 1.92 vs 1.00 (Diluted EPS) | debt_reduction (alta): Deuda 73076.0M vs 75644.0M | dividend_maintained (baja): Dividendo actual 0.03% con caída del 5.3%,razonable,entrada_escalada,3426.64,3445.0,3426.64 - 3445.00,3155.64,3194.72,3155.64 - 3194.72,Pérdida del soporte en 3445.00 | ROE negativo durante 2 trimestres consecutivos | Ampliación de capital dilutiva | Recorte de rating a bono basura,6-12,"SHELL PLC ORD EUR0.07 está un 5.3% por debajo de su máximo 52s. Fundamentalmente sólida con ROE 14.3%, deuda neta/EBITDA 0.7x. Técnicamente 🟢 Cruce alcista MACD, 🟢 Cerca de soporte. Clasificación: entrada_escalada.","SHELL PLC ORD EUR0.07 está un 5.3% por debajo de su máximo 52s. Fundamentalmente sólida con ROE 14.3%, deuda neta/EBITDA 0.7x. Técnicamente 🟢 Cruce alcista MACD, 🟢 Cerca de soporte. Clasificación: entrada_escalada.",OK,
MS,Morgan Stanley,SP500,1.0,script-v2.0,1.0,2026-09-30T13:47:07.129830+02:00,63.9,58.5,82.0,38.0,0.0,7.0,80.0,57.0,23.0,5004844.0,,54.1,,,16.5,4.7497,False,5.6,5.6,True,193.14,-0.2,True,False,False,,pass,descarte,pendiente,0.0,desconocido,Pendiente de implementar,parcial,"eps_stabilization (media): EPS 3.46 vs 3.43 (Diluted EPS) | dividend_maintained (baja): Dividendo actual 2.39% con caída del 17.0% | analyst_upgrade (media): Target 235.81 vs precio 192.76 (+22%), recMean 2.28, recKey buy",fuerte,descarte,185.37,192.76,185.37 - 192.76,192.3,197.41,192.30 - 197.41,Pérdida del soporte en 185.37 | ROE negativo durante 2 trimestres consecutivos | Ampliación de capital dilutiva | Recorte de rating a bono basura,6-12,"Morgan Stanley está un 17.0% por debajo de su máximo 52s. Fundamentalmente aceptable con ROE 18.0%, D/E 5.17. Técnicamente 🔵 RSI en sobreventa, 🟡 MACD convergiendo. Clasificación: descarte.","Morgan Stanley está un 17.0% por debajo de su máximo 52s. Fundamentalmente aceptable con ROE 18.0%, D/E 5.17. Técnicamente 🔵 RSI en sobreventa, 🟡 MACD convergiendo. Clasificación: descarte.",OK,
GD,General Dynamics Corporation,SP500,1.0,script-v2.0,1.0,2026-09-30T13:47:16.243433+02:00,63.8,63.7,100.0,32.0,0.0,15.0,64.0,59.0,5.0,1113231.0,0.78,-3.6,-0.0,14.31,16.9,0.8991,False,6.2,5.9,False,354.18,-6.2,False,False,True,,pass,entrada_escalada,pendiente,0.0,desconocido,Pendiente de implementar,confirmada,"margin_stabilization (media): Margen gross 15.5% vs 15.9% (-0.4 pp) | eps_stabilization (media): EPS 4.24 vs 4.10 (Diluted EPS) | debt_reduction (alta): Deuda 9479.0M vs 9832.0M | dividend_maintained (baja): Dividendo actual 1.91% con caída del 16.9% | analyst_upgrade (media): Target 420.26 vs precio 332.34 (+26%), recMean 2.08, recKey buy",razonable,entrada_escalada,305.43,332.34,305.43 - 332.34,340.0,353.46,340.00 - 353.46,Pérdida del soporte en 305.43 | ROE negativo durante 2 trimestres consecutivos | Ampliación de capital dilutiva | Recorte de rating a bono basura,6-12,"General Dynamics Corporation está un 16.9% por debajo de su máximo 52s. Fundamentalmente sólida con ROE 17.8%, deuda neta/EBITDA 0.8x. Técnicamente 🔵 RSI en sobreventa, 🟡 MACD convergiendo. Clasificación: entrada_escalada.","General Dynamics Corporation está un 16.9% por debajo de su máximo 52s. Fundamentalmente sólida con ROE 17.8%, deuda neta/EBITDA 0.8x. Técnicamente 🔵 RSI en sobreventa, 🟡 MACD convergiendo. Clasificación: entrada_escalada.",OK,
KMB,Kimberly-Clark Corporation,SP500,1.0,script-v2.0,1.0,2026-09-30T13:47:28.595022+02:00,63.7,60.6,75.0,48.0,0.0,9.0,73.0,68.0,5.0,3890373.0,1.6,-7.7,0.9,11.1,29.5,-0.4267,False,54.0,41.1,False,100.89,-1.9,False,False,True,,pass,seguimiento,pendiente,0.0,desconocido,Pendiente de implementar,parcial,margin_stabilization (media): Margen gross 38.3% vs 36.8% (+1.4 pp) | debt_reduction (alta): Deuda 6539.0M vs 7084.0M | dividend_maintained (baja): Dividendo actual 5.17% con caída del 21.0%,fuerte,seguimiento,97.49,98.99,97.49 - 98.99,100.45,106.52,100.45 - 106.52,Pérdida del soporte en 97.49 | ROE negativo durante 2 trimestres consecutivos | Ampliación de capital dilutiva | Recorte de rating a bono basura,6-12,"Kimberly-Clark Corporation está un 21.0% por debajo de su máximo 52s. Fundamentalmente sólida con ROE 104.9%, deuda neta/EBITDA 1.6x. Técnicamente 🔵 RSI recuperándose de sobreventa, 🟢 Cruce alcista MACD. Clasificación: seguimiento.","Kimberly-Clark Corporation está un 21.0% por debajo de su máximo 52s. Fundamentalmente sólida con ROE 104.9%, deuda neta/EBITDA 1.6x. Técnicamente 🔵 RSI recuperándose de sobreventa, 🟢 Cruce alcista MACD. Clasificación: seguimiento.",OK,
005930.KS,SamsungElec,ASIA,1.0,script-v2.0,1.0,2026-09-30T13:48:17.070966+02:00,63.6,66.8,78.0,57.0,0.0,15.0,54.0,42.0,12.0,24631741.0,-0.74,-20.4,3.3,7.2,28.2,13097.7454,False,57.0,61.6,False,237321.29,13.1,True,False,True,,pass,entrada_escalada,pendiente,0.0,desconocido,Pendiente de implementar,confirmada,"margin_stabilization (media): Margen gross 69.6% vs 61.2% (+8.4 pp) | eps_stabilization (media): EPS 10733.00 vs 7056.00 (Diluted EPS) | debt_reduction (alta): Deuda 22408721.3M vs 28138794.0M | dividend_maintained (baja): Dividendo actual 0.56% con caída del 28.3% | analyst_upgrade (media): Target 478627.88 vs precio 268500.00 (+78%), recMean 1.36, recKey strong_buy",razonable,entrada_escalada,255650.0,261711.38,255650.00 - 261711.38,224655.58,318325.0,224655.58 - 318325.00,Pérdida del soporte en 261711.38 | ROE negativo durante 2 trimestres consecutivos | Ampliación de capital dilutiva | Recorte de rating a bono basura,12-18,"SamsungElec está un 28.3% por debajo de su máximo 52s. Fundamentalmente sólida con ROE 30.8%, deuda neta/EBITDA -0.7x. Técnicamente 🟢 Divergencia alcista RSI, 🟢 Cerca de soporte. Clasificación: entrada_escalada.","SamsungElec está un 28.3% por debajo de su máximo 52s. Fundamentalmente sólida con ROE 30.8%, deuda neta/EBITDA -0.7x. Técnicamente 🟢 Divergencia alcista RSI, 🟢 Cerca de soporte. Clasificación: entrada_escalada.",OK,
HD,"Home Depot, Inc. (The)",SP500,1.0,script-v2.0,1.0,2026-09-30T13:47:08.059036+02:00,63.5,62.3,73.0,53.0,0.0,10.0,67.0,55.0,12.0,4075336.0,2.48,0.0,-0.4,14.14,31.0,-10.2991,False,2.8,4.1,False,334.51,-13.9,True,False,True,,pass,seguimiento,pendiente,0.0,desconocido,Pendiente de implementar,parcial,"margin_stabilization (media): Margen gross 33.7% vs 33.0% (+0.7 pp) | eps_stabilization (media): EPS 4.79 vs 3.30 (Diluted EPS) | dividend_maintained (baja): Dividendo actual 3.24% con caída del 28.9% | analyst_upgrade (media): Target 377.19 vs precio 288.04 (+31%), recMean 1.94, recKey buy",razonable,seguimiento,284.85,288.04,284.85 - 288.04,335.62,344.36,335.62 - 344.36,Pérdida del soporte en 284.85 | ROE negativo durante 2 trimestres consecutivos | Ampliación de capital dilutiva | Recorte de rating a bono basura,12-18,"Home Depot, Inc. (The) está un 28.9% por debajo de su máximo 52s. Fundamentalmente sólida con ROE 104.3%, deuda neta/EBITDA 2.5x. Técnicamente 🔵 RSI en sobreventa, 🟢 Cerca de soporte. Clasificación: seguimiento.","Home Depot, Inc. (The) está un 28.9% por debajo de su máximo 52s. Fundamentalmente sólida con ROE 104.3%, deuda neta/EBITDA 2.5x. Técnicamente 🔵 RSI en sobreventa, 🟢 Cerca de soporte. Clasificación: seguimiento.",OK,
PHIA.AS,KON.PHILIPS N.V.,EUROSTOXX,1.0,script-v2.0,1.0,2026-09-30T13:46:19.202272+02:00,63.4,68.2,81.0,57.0,0.0,15.0,49.0,44.0,5.0,1647124.0,2.35,-7.8,-0.0,11.15,22.7,-0.3654,False,41.2,53.5,False,23.23,-6.9,False,False,True,,pass,entrada_escalada,pendiente,0.0,desconocido,Pendiente de implementar,confirmada,"margin_stabilization (media): Margen gross 49.3% vs 45.2% (+4.1 pp) | eps_stabilization (media): EPS 0.40 vs 0.16 (Diluted EPS) | debt_reduction (alta): Deuda 7465.0M vs 8097.0M | dividend_maintained (baja): Dividendo actual 3.93% con caída del 21.9% | analyst_upgrade (media): Target 26.89 vs precio 21.63 (+24%), recKey none",razonable,entrada_escalada,20.55,21.63,20.55 - 21.63,23.23,23.54,23.23 - 23.54,Pérdida del soporte en 20.55 | ROE negativo durante 2 trimestres consecutivos | Ampliación de capital dilutiva | Recorte de rating a bono basura,6-12,"KON.PHILIPS N.V. está un 21.9% por debajo de su máximo 52s. Fundamentalmente sólida con ROE 10.2%, deuda neta/EBITDA 2.4x. Técnicamente 🔵 RSI recuperándose de sobreventa, 🟡 Apoyo en MA40 semanal. Clasificación: entrada_escalada.","KON.PHILIPS N.V. está un 21.9% por debajo de su máximo 52s. Fundamentalmente sólida con ROE 10.2%, deuda neta/EBITDA 2.4x. Técnicamente 🔵 RSI recuperándose de sobreventa, 🟡 Apoyo en MA40 semanal. Clasificación: entrada_escalada.",OK,
GLE.PA,SOCIETE GENERALE,EUROSTOXX,1.0,script-v2.0,1.0,2026-09-30T13:46:05.327350+02:00,63.4,63.8,67.0,61.0,0.0,7.0,62.0,45.0,17.0,1737163.0,,117.1,,,17.8,1.2613,False,2.0,15.3,False,71.46,-2.4,True,False,True,,pass,seguimiento,pendiente,0.0,desconocido,Pendiente de implementar,parcial,"eps_stabilization (media): EPS 2.05 vs 1.88 (Diluted EPS) | dividend_maintained (baja): Dividendo actual 2.51% con caída del 17.8% | analyst_upgrade (media): Target 90.02 vs precio 69.71 (+29%), recMean 1.90, recKey buy",razonable,seguimiento,64.33,69.71,64.33 - 69.71,71.63,72.1,71.63 - 72.10,Pérdida del soporte en 64.33 | ROE negativo durante 2 trimestres consecutivos | Ampliación de capital dilutiva | Recorte de rating a bono basura,6-12,"SOCIETE GENERALE está un 17.8% por debajo de su máximo 52s. Fundamentalmente sólida con ROE 9.5%, dividendo 2.5%. Técnicamente 🔵 RSI recuperándose de sobreventa, 🟢 Divergencia alcista RSI. Clasificación: seguimiento.","SOCIETE GENERALE está un 17.8% por debajo de su máximo 52s. Fundamentalmente sólida con ROE 9.5%, dividendo 2.5%. Técnicamente 🔵 RSI recuperándose de sobreventa, 🟢 Divergencia alcista RSI. Clasificación: seguimiento.",OK,
O,Realty Income Corporation,SP500,1.0,script-v2.0,1.0,2026-09-30T13:47:25.027123+02:00,63.1,55.9,66.0,47.0,0.0,10.0,85.0,68.0,17.0,6230369.0,5.74,3.8,0.2,15.93,17.2,-0.8846,False,3.6,5.1,False,61.06,-9.7,True,False,False,,pass,descarte,pendiente,0.0,desconocido,Pendiente de implementar,parcial,"margin_stabilization (media): Margen gross 92.1% vs 91.9% (+0.2 pp) | eps_stabilization (media): EPS 0.37 vs 0.33 (Diluted EPS) | dividend_maintained (baja): Dividendo actual 5.91% con caída del 18.8% | analyst_upgrade (media): Target 67.26 vs precio 55.14 (+22%), recMean 2.50, recKey buy",fuerte,descarte,55.07,55.14,55.07 - 55.14,57.75,60.75,57.75 - 60.75,Pérdida del soporte en 55.07 | ROE negativo durante 2 trimestres consecutivos | Ampliación de capital dilutiva | Recorte de rating a bono basura,6-12,"Realty Income Corporation está un 18.8% por debajo de su máximo 52s. Fundamentalmente aceptable con ROE 3.2%, deuda neta/EBITDA 5.7x. Técnicamente 🔵 RSI en sobreventa, 🟡 MACD convergiendo. Clasificación: descarte.","Realty Income Corporation está un 18.8% por debajo de su máximo 52s. Fundamentalmente aceptable con ROE 3.2%, deuda neta/EBITDA 5.7x. Técnicamente 🔵 RSI en sobreventa, 🟡 MACD convergiendo. Clasificación: descarte.",OK,
ABT,Abbott Laboratories,SP500,1.0,script-v2.0,1.0,2026-09-30T13:46:50.510425+02:00,63.0,61.0,85.0,40.0,0.0,1.0,69.0,52.0,17.0,9758658.0,2.32,136.1,0.6,17.33,26.2,0.4881,False,25.7,17.8,False,102.06,-1.1,True,False,True,Sin señales de recuperación,pass,seguimiento,pendiente,0.0,desconocido,Pendiente de implementar,ausente,dividend_maintained (baja): Dividendo actual 2.50% con caída del 25.5%,razonable,seguimiento,100.9,100.95,100.90 - 100.95,103.53,115.13,103.53 - 115.13,Pérdida del soporte en 100.90 | ROE negativo durante 2 trimestres consecutivos | Ampliación de capital dilutiva | Recorte de rating a bono basura,12-18,"Abbott Laboratories está un 25.5% por debajo de su máximo 52s. Fundamentalmente sólida con ROE 10.6%, deuda neta/EBITDA 2.3x. Técnicamente 🟡 MACD convergiendo, 🟢 Cerca de soporte. Clasificación: seguimiento.","Abbott Laboratories está un 25.5% por debajo de su máximo 52s. Fundamentalmente sólida con ROE 10.6%, deuda neta/EBITDA 2.3x. Técnicamente 🟡 MACD convergiendo, 🟢 Cerca de soporte. Clasificación: seguimiento.",OK,
0388.HK,HKEX,ASIA,1.0,script-v2.0,1.0,2026-09-30T13:48:14.774972+02:00,63.0,64.0,96.0,36.0,0.0,10.0,60.0,43.0,17.0,3519975.0,-6.9,8.0,15.4,13.36,12.9,-0.1812,False,27.9,22.9,False,396.32,-2.2,True,False,True,,pass,seguimiento,pendiente,0.0,desconocido,Pendiente de implementar,parcial,"margin_stabilization (media): Margen gross 85.3% vs 80.1% (+5.2 pp) | eps_stabilization (media): EPS 4.09 vs 3.22 (Diluted EPS) | dividend_maintained (baja): Dividendo actual 3.83% con caída del 15.7% | analyst_upgrade (media): Target 516.80 vs precio 387.80 (+33%), recMean 1.39, recKey strong_buy",razonable,seguimiento,368.41,387.8,368.41 - 387.80,391.17,397.21,391.17 - 397.21,Pérdida del soporte en 368.41 | ROE negativo durante 2 trimestres consecutivos | Ampliación de capital dilutiva | Recorte de rating a bono basura,6-12,"HKEX está un 15.7% por debajo de su máximo 52s. Fundamentalmente sólida con ROE 33.6%, deuda neta/EBITDA -6.9x. Técnicamente 🟡 MACD convergiendo, 🟡 Apoyo en MA40 semanal. Clasificación: seguimiento.","HKEX está un 15.7% por debajo de su máximo 52s. Fundamentalmente sólida con ROE 33.6%, deuda neta/EBITDA -6.9x. Técnicamente 🟡 MACD convergiendo, 🟡 Apoyo en MA40 semanal. Clasificación: seguimiento.",OK,
MUV2.DE,MUENCHENER RUECKVERS.-GES. AG N,EUROSTOXX,1.0,script-v2.0,1.0,2026-09-30T13:45:53.996153+02:00,62.9,63.8,99.0,33.0,0.0,7.0,60.0,55.0,5.0,272382.0,,9.4,2.4,,13.6,2.6182,False,31.9,58.4,False,502.66,0.3,False,False,True,,pass,seguimiento,pendiente,0.0,desconocido,Pendiente de implementar,parcial,margin_stabilization (media): Margen operating 15.6% vs 13.7% (+1.9 pp) | eps_stabilization (media): EPS 17.50 vs 13.41 (Diluted EPS) | dividend_maintained (baja): Dividendo actual 4.76% con caída del 12.4%,razonable,seguimiento,502.19,504.4,502.19 - 504.40,489.26,503.88,489.26 - 503.88,Pérdida del soporte en 502.19 | ROE negativo durante 2 trimestres consecutivos | Ampliación de capital dilutiva | Recorte de rating a bono basura,6-12,"MUENCHENER RUECKVERS.-GES. AG N está un 12.4% por debajo de su máximo 52s. Fundamentalmente sólida con ROE 21.3%, D/E 0.24. Técnicamente 🟢 Cruce alcista MACD, 🟢 Cerca de soporte. Clasificación: seguimiento.","MUENCHENER RUECKVERS.-GES. AG N está un 12.4% por debajo de su máximo 52s. Fundamentalmente sólida con ROE 21.3%, D/E 0.24. Técnicamente 🟢 Cruce alcista MACD, 🟢 Cerca de soporte. Clasificación: seguimiento.",OK,
LMT,Lockheed Martin Corporation,SP500,1.0,script-v2.0,1.0,2026-09-30T13:47:15.685091+02:00,62.6,58.8,86.0,35.0,0.0,15.0,74.0,57.0,17.0,1137733.0,1.73,-0.8,0.0,13.94,25.0,-4.1718,False,3.7,8.9,False,561.78,-8.8,True,False,False,,pass,descarte,pendiente,0.0,desconocido,Pendiente de implementar,confirmada,"margin_stabilization (media): Margen gross 12.2% vs 11.5% (+0.7 pp) | eps_stabilization (media): EPS 7.94 vs 6.44 (Diluted EPS) | debt_reduction (alta): Deuda 20538.0M vs 20697.0M | dividend_maintained (baja): Dividendo actual 2.69% con caída del 26.0% | analyst_upgrade (media): Target 636.74 vs precio 512.21 (+24%), recMean 2.43, recKey buy",fuerte,descarte,503.95,512.21,503.95 - 512.21,556.4,588.2,556.40 - 588.20,Pérdida del soporte en 503.95 | ROE negativo durante 2 trimestres consecutivos | Ampliación de capital dilutiva | Recorte de rating a bono basura,12-18,"Lockheed Martin Corporation está un 26.0% por debajo de su máximo 52s. Fundamentalmente aceptable con ROE 89.2%, deuda neta/EBITDA 1.7x. Técnicamente 🔵 RSI en sobreventa, 🟢 Bajo SMA200 con SMA50 girando. Clasificación: descarte.","Lockheed Martin Corporation está un 26.0% por debajo de su máximo 52s. Fundamentalmente aceptable con ROE 89.2%, deuda neta/EBITDA 1.7x. Técnicamente 🔵 RSI en sobreventa, 🟢 Bajo SMA200 con SMA50 girando. Clasificación: descarte.",OK,
7751.T,CANON INC,ASIA,1.0,script-v2.0,1.0,2026-09-30T13:48:03.234709+02:00,62.6,68.5,92.0,48.0,0.0,1.0,45.0,39.0,6.0,3589113.0,0.72,34.2,,6.37,7.0,71.893,False,92.7,88.4,False,4415.83,4.3,False,True,True,Sin señales de recuperación,pass,seguimiento,pendiente,0.0,desconocido,Pendiente de implementar,ausente,dividend_maintained (baja): Dividendo actual 3.47% con caída del 8.5%,razonable,seguimiento,4254.76,4543.58,4254.76 - 4543.58,4278.05,4423.74,4278.05 - 4423.74,Pérdida del soporte en 4254.76 | ROE negativo durante 2 trimestres consecutivos | Ampliación de capital dilutiva | Recorte de rating a bono basura,6-12,"CANON INC está un 8.5% por debajo de su máximo 52s. Fundamentalmente sólida con ROE 10.4%, deuda neta/EBITDA 0.7x. Técnicamente 🟢 Cruce alcista MACD, 🟡 trendline_break. Clasificación: seguimiento.","CANON INC está un 8.5% por debajo de su máximo 52s. Fundamentalmente sólida con ROE 10.4%, deuda neta/EBITDA 0.7x. Técnicamente 🟢 Cruce alcista MACD, 🟡 trendline_break. Clasificación: seguimiento.",OK,
AEP,American Electric Power Company,SP500,1.0,script-v2.0,1.0,2026-09-30T13:47:23.173108+02:00,62.4,57.8,77.0,41.0,0.0,4.0,76.0,59.0,17.0,3961360.0,5.86,3.4,-14.2,13.19,14.5,-1.5115,False,28.7,20.5,False,126.33,-5.6,True,False,False,Sin señales de recuperación,pass,descarte,pendiente,0.0,desconocido,Pendiente de implementar,ausente,margin_stabilization (media): Margen gross 62.4% vs 58.0% (+4.4 pp) | dividend_maintained (baja): Dividendo actual 3.19% con caída del 15.1%,fuerte,descarte,113.33,119.3,113.33 - 119.30,119.49,125.55,119.49 - 125.55,Pérdida del soporte en 113.33 | ROE negativo durante 2 trimestres consecutivos | Ampliación de capital dilutiva | Recorte de rating a bono basura,6-12,"American Electric Power Company está un 15.1% por debajo de su máximo 52s. Fundamentalmente aceptable con ROE 10.1%, deuda neta/EBITDA 5.9x. Técnicamente 🔵 RSI recuperándose de sobreventa, 🟢 Divergencia alcista RSI. Clasificación: descarte.","American Electric Power Company está un 15.1% por debajo de su máximo 52s. Fundamentalmente aceptable con ROE 10.1%, deuda neta/EBITDA 5.9x. Técnicamente 🔵 RSI recuperándose de sobreventa, 🟢 Divergencia alcista RSI. Clasificación: descarte.",OK,
0012.HK,HENDERSON LAND,ASIA,1.0,script-v2.0,1.0,2026-09-30T13:48:12.175996+02:00,62.2,53.9,55.0,53.0,0.0,1.0,87.0,60.0,27.0,8326424.0,20.38,90.3,,42.15,21.6,-0.495,True,98.7,77.9,False,28.49,-6.1,True,False,False,Sin señales de recuperación,pass,descarte,pendiente,0.0,desconocido,Pendiente de implementar,ausente,dividend_maintained (baja): Dividendo actual 4.71% con caída del 25.0%,fuerte,descarte,25.9,26.74,25.90 - 26.74,28.48,30.31,28.48 - 30.31,Pérdida del soporte en 25.90 | ROE negativo durante 2 trimestres consecutivos | Ampliación de capital dilutiva | Recorte de rating a bono basura,12-18,"HENDERSON LAND está un 25.0% por debajo de su máximo 52s. Fundamentalmente aceptable con ROE 2.5%, deuda neta/EBITDA 20.4x. Técnicamente 🟢 Divergencia alcista RSI, 🟢 Bajo SMA200 con SMA50 girando. Clasificación: descarte.","HENDERSON LAND está un 25.0% por debajo de su máximo 52s. Fundamentalmente aceptable con ROE 2.5%, deuda neta/EBITDA 20.4x. Técnicamente 🟢 Divergencia alcista RSI, 🟢 Bajo SMA200 con SMA50 girando. Clasificación: descarte.",OK,
WY,Weyerhaeuser Company,SP500,1.0,script-v2.0,1.0,2026-09-30T13:47:34.290227+02:00,62.0,63.7,69.0,59.0,0.0,12.0,57.0,45.0,12.0,5561617.0,7.15,-0.0,0.2,27.63,38.7,-0.8108,False,1.3,2.8,False,23.83,-18.0,True,False,True,,pass,entrada_escalada,pendiente,0.0,desconocido,Pendiente de implementar,confirmada,"eps_stabilization (media): EPS 0.23 vs 0.22 (Diluted EPS) | debt_reduction (alta): Deuda 5449.0M vs 5449.0M | dividend_maintained (baja): Dividendo actual 4.30% con caída del 29.5% | analyst_upgrade (media): Target 31.00 vs precio 19.55 (+59%), recKey none",razonable,entrada_escalada,18.57,19.55,18.57 - 19.55,23.59,23.83,23.59 - 23.83,Pérdida del soporte en 18.57 | ROE negativo durante 2 trimestres consecutivos | Ampliación de capital dilutiva | Recorte de rating a bono basura,12-18,"Weyerhaeuser Company está un 29.5% por debajo de su máximo 52s. Fundamentalmente sólida con ROE 5.0%, deuda neta/EBITDA 7.2x. Técnicamente 🔵 RSI en sobreventa, 🟢 base_pattern_detected. Clasificación: entrada_escalada.","Weyerhaeuser Company está un 29.5% por debajo de su máximo 52s. Fundamentalmente sólida con ROE 5.0%, deuda neta/EBITDA 7.2x. Técnicamente 🔵 RSI en sobreventa, 🟢 base_pattern_detected. Clasificación: entrada_escalada.",OK,
WKL.AS,WOLTERS KLUWER,EUROSTOXX,1.0,script-v2.0,1.0,2026-09-30T13:46:19.645146+02:00,61.7,68.3,72.0,65.0,0.0,7.0,42.0,25.0,17.0,1238527.0,2.08,12.5,,9.88,60.6,-0.5093,False,40.3,44.1,False,65.88,2.3,True,False,True,,pass,pendiente_confirmacion,pendiente,0.0,desconocido,Pendiente de implementar,parcial,"eps_stabilization (media): EPS 5.64 vs 4.52 (annual_eps_fallback) | dividend_maintained (baja): Dividendo actual 3.86% con caída del 42.1% | analyst_upgrade (media): Target 89.78 vs precio 67.38 (+33%), recMean 1.69, recKey buy",incompleto,pendiente_confirmacion,66.57,67.38,66.57 - 67.38,66.53,98.98,66.53 - 98.98,Pérdida del soporte en 66.57 | ROE negativo durante 2 trimestres consecutivos | Ampliación de capital dilutiva | Recorte de rating a bono basura,18-24,"WOLTERS KLUWER está un 42.1% por debajo de su máximo 52s. Fundamentalmente sólida con ROE 146.1%, deuda neta/EBITDA 2.1x. Técnicamente 🟢 Cerca de soporte, 🟡 Apoyo en MA40 semanal. Clasificación: pendiente_confirmacion.","WOLTERS KLUWER está un 42.1% por debajo de su máximo 52s. Fundamentalmente sólida con ROE 146.1%, deuda neta/EBITDA 2.1x. Técnicamente 🟢 Cerca de soporte, 🟡 Apoyo en MA40 semanal. Clasificación: pendiente_confirmacion.",OK,
CBA.AX,CWLTH BANK FPO [CBA],ASX,1.0,script-v2.0,1.0,2026-09-30T13:47:38.946716+02:00,61.5,53.7,75.0,35.0,0.0,4.0,85.0,68.0,17.0,1980006.0,,67.1,,,17.7,-3.0011,False,45.4,39.1,False,163.13,-7.4,True,False,False,Sin señales de recuperación,pass,descarte,pendiente,0.0,desconocido,Pendiente de implementar,ausente,eps_stabilization (media): EPS 6.49 vs 6.04 (annual_eps_fallback) | dividend_maintained (baja): Dividendo actual 3.34% con caída del 18.6%,fuerte,descarte,143.46,151.01,143.46 - 151.01,157.75,162.88,157.75 - 162.88,Pérdida del soporte en 143.46 | ROE negativo durante 2 trimestres consecutivos | Ampliación de capital dilutiva | Recorte de rating a bono basura,6-12,"CWLTH BANK FPO [CBA] está un 18.6% por debajo de su máximo 52s. Fundamentalmente aceptable con ROE 13.9%, dividendo 3.3%. Técnicamente 🔵 RSI recuperándose de sobreventa, 🟢 Divergencia alcista RSI. Clasificación: descarte.","CWLTH BANK FPO [CBA] está un 18.6% por debajo de su máximo 52s. Fundamentalmente aceptable con ROE 13.9%, dividendo 3.3%. Técnicamente 🔵 RSI recuperándose de sobreventa, 🟢 Divergencia alcista RSI. Clasificación: descarte.",OK,
D,"Dominion Energy, Inc.",SP500,1.0,script-v2.0,1.0,2026-09-30T13:47:23.948742+02:00,61.4,58.8,70.0,49.0,0.0,4.0,69.0,64.0,5.0,4380096.0,6.43,4.2,-0.0,13.51,16.1,-0.0413,False,16.6,10.3,False,63.59,-4.6,False,False,False,Sin señales de recuperación,pass,descarte,pendiente,0.0,desconocido,Pendiente de implementar,ausente,margin_stabilization (media): Margen gross 45.7% vs 44.2% (+1.6 pp) | dividend_maintained (baja): Dividendo actual 4.40% con caída del 16.9%,razonable,descarte,59.85,60.64,59.85 - 60.64,62.04,63.22,62.04 - 63.22,Pérdida del soporte en 59.85 | ROE negativo durante 2 trimestres consecutivos | Ampliación de capital dilutiva | Recorte de rating a bono basura,6-12,"Dominion Energy, Inc. está un 16.9% por debajo de su máximo 52s. Fundamentalmente aceptable con ROE 8.3%, deuda neta/EBITDA 6.4x. Técnicamente 🔵 RSI en sobreventa, 🟡 MACD convergiendo. Clasificación: descarte.","Dominion Energy, Inc. está un 16.9% por debajo de su máximo 52s. Fundamentalmente aceptable con ROE 8.3%, deuda neta/EBITDA 6.4x. Técnicamente 🔵 RSI en sobreventa, 🟡 MACD convergiendo. Clasificación: descarte.",OK,
BAC,Bank of America Corporation,SP500,1.0,script-v2.0,1.0,2026-09-30T13:47:04.248595+02:00,61.1,63.9,74.0,55.0,0.0,7.0,53.0,48.0,5.0,32924296.0,,115.6,,,15.3,1.5928,False,2.5,5.2,False,54.81,0.3,False,False,True,,pass,seguimiento,pendiente,0.0,desconocido,Pendiente de implementar,parcial,"eps_stabilization (media): EPS 1.21 vs 1.11 (Diluted EPS) | dividend_maintained (baja): Dividendo actual 2.33% con caída del 15.7% | analyst_upgrade (media): Target 68.62 vs precio 54.96 (+25%), recMean 1.50, recKey strong_buy",razonable,seguimiento,50.41,54.96,50.41 - 54.96,54.82,55.45,54.82 - 55.45,Pérdida del soporte en 50.41 | ROE negativo durante 2 trimestres consecutivos | Ampliación de capital dilutiva | Recorte de rating a bono basura,6-12,"Bank of America Corporation está un 15.7% por debajo de su máximo 52s. Fundamentalmente sólida con ROE 11.2%, dividendo 2.3%. Técnicamente 🔵 RSI en sobreventa, 🟡 MACD convergiendo. Clasificación: seguimiento.","Bank of America Corporation está un 15.7% por debajo de su máximo 52s. Fundamentalmente sólida con ROE 11.2%, dividendo 2.3%. Técnicamente 🔵 RSI en sobreventa, 🟡 MACD convergiendo. Clasificación: seguimiento.",OK,
6758.T,SONY GROUP CORPORATION,ASIA,1.0,script-v2.0,1.0,2026-09-30T13:48:01.036994+02:00,60.8,65.0,89.0,44.0,0.0,10.0,48.0,30.0,18.0,16287990.0,-0.14,12.0,0.2,10.59,20.6,66.5745,False,77.4,56.1,False,3502.48,7.3,True,True,True,,pass,seguimiento,pendiente,0.0,desconocido,Pendiente de implementar,parcial,"margin_stabilization (media): Margen gross 36.7% vs 30.8% (+5.9 pp) | eps_stabilization (media): EPS 57.82 vs 13.89 (Diluted EPS) | dividend_maintained (baja): Dividendo actual 0.93% con caída del 21.3% | analyst_upgrade (media): Target 4856.36 vs precio 3759.00 (+29%), recMean 1.35, recKey strong_buy",razonable,seguimiento,3442.88,3701.23,3442.88 - 3701.23,3553.16,4059.6,3553.16 - 4059.60,Pérdida del soporte en 3442.88 | ROE negativo durante 2 trimestres consecutivos | Ampliación de capital dilutiva | Recorte de rating a bono basura,6-12,"SONY GROUP CORPORATION está un 21.3% por debajo de su máximo 52s. Fundamentalmente sólida con ROE 13.2%, deuda neta/EBITDA -0.1x. Técnicamente 🟡 MACD convergiendo, 🟢 base_pattern_detected. Clasificación: seguimiento.","SONY GROUP CORPORATION está un 21.3% por debajo de su máximo 52s. Fundamentalmente sólida con ROE 13.2%, deuda neta/EBITDA -0.1x. Técnicamente 🟡 MACD convergiendo, 🟢 base_pattern_detected. Clasificación: seguimiento.",OK,
SRE,DBA Sempra,SP500,1.0,script-v2.0,1.0,2026-09-30T13:47:24.305717+02:00,60.8,57.3,68.0,48.0,0.0,7.0,71.0,59.0,12.0,3619385.0,6.23,0.6,-5.8,16.75,21.4,-2.7777,False,22.2,11.7,False,88.88,-12.0,True,False,False,,pass,descarte,pendiente,0.0,desconocido,Pendiente de implementar,parcial,"margin_stabilization (media): Margen gross 54.7% vs 52.6% (+2.1 pp) | dividend_maintained (baja): Dividendo actual 3.36% con caída del 22.6% | analyst_upgrade (media): Target 99.92 vs precio 78.18 (+28%), recMean 1.53, recKey buy",fuerte,descarte,74.27,78.18,74.27 - 78.18,85.88,88.83,85.88 - 88.83,Pérdida del soporte en 74.27 | ROE negativo durante 2 trimestres consecutivos | Ampliación de capital dilutiva | Recorte de rating a bono basura,6-12,"DBA Sempra está un 22.6% por debajo de su máximo 52s. Fundamentalmente aceptable con ROE 6.7%, deuda neta/EBITDA 6.2x. Técnicamente 🔵 RSI recuperándose de sobreventa, 🟢 Divergencia alcista RSI. Clasificación: descarte.","DBA Sempra está un 22.6% por debajo de su máximo 52s. Fundamentalmente aceptable con ROE 6.7%, deuda neta/EBITDA 6.2x. Técnicamente 🔵 RSI recuperándose de sobreventa, 🟢 Divergencia alcista RSI. Clasificación: descarte.",OK,
GPT.AX,GPT STAPLED [GPT],ASX,1.0,script-v2.0,1.0,2026-09-30T13:47:52.273881+02:00,60.7,66.3,78.0,56.0,0.0,4.0,44.0,39.0,5.0,6032285.0,9.11,17.2,,22.99,16.8,-0.0855,False,80.8,48.7,False,4.8,-4.8,False,False,True,Sin señales de recuperación,pass,seguimiento,pendiente,0.0,desconocido,Pendiente de implementar,ausente,eps_stabilization (media): EPS 0.51 vs -0.10 (annual_eps_fallback) | dividend_maintained (baja): Dividendo actual 5.25% con caída del 20.5%,incompleto,seguimiento,4.34,4.57,4.34 - 4.57,4.83,4.89,4.83 - 4.89,Pérdida del soporte en 4.34 | ROE negativo durante 2 trimestres consecutivos | Ampliación de capital dilutiva | Recorte de rating a bono basura,6-12,"GPT STAPLED [GPT] está un 20.5% por debajo de su máximo 52s. Fundamentalmente sólida con ROE 10.0%, deuda neta/EBITDA 9.1x. Técnicamente 🟢 Divergencia alcista RSI, 🟡 Apoyo en MA40 semanal. Clasificación: seguimiento.","GPT STAPLED [GPT] está un 20.5% por debajo de su máximo 52s. Fundamentalmente sólida con ROE 10.0%, deuda neta/EBITDA 9.1x. Técnicamente 🟢 Divergencia alcista RSI, 🟡 Apoyo en MA40 semanal. Clasificación: seguimiento.",OK,
IBM,International Business Machines,SP500,1.0,script-v2.0,1.0,2026-09-30T13:47:12.453542+02:00,60.6,64.1,94.0,38.0,0.0,12.0,50.0,38.0,12.0,8264369.0,3.47,-6.5,0.1,16.06,33.4,-8.211,False,2.3,2.7,False,250.94,-12.3,True,False,True,,pass,entrada_escalada,pendiente,0.0,desconocido,Pendiente de implementar,confirmada,margin_stabilization (media): Margen gross 57.7% vs 56.2% (+1.5 pp) | eps_stabilization (media): EPS 2.27 vs 1.28 (Diluted EPS) | debt_reduction (alta): Deuda 65272.0M vs 69802.0M | dividend_maintained (baja): Dividendo actual 3.07% con caída del 33.8%,razonable,entrada_escalada,200.38,219.99,200.38 - 219.99,253.96,282.59,253.96 - 282.59,Pérdida del soporte en 200.38 | ROE negativo durante 2 trimestres consecutivos | Ampliación de capital dilutiva | Recorte de rating a bono basura,12-18,"International Business Machines está un 33.8% por debajo de su máximo 52s. Fundamentalmente sólida con ROE 34.5%, deuda neta/EBITDA 3.5x. Técnicamente 🟢 Divergencia alcista RSI, 🟢 base_pattern_detected. Clasificación: entrada_escalada.","International Business Machines está un 33.8% por debajo de su máximo 52s. Fundamentalmente sólida con ROE 34.5%, deuda neta/EBITDA 3.5x. Técnicamente 🟢 Divergencia alcista RSI, 🟢 base_pattern_detected. Clasificación: entrada_escalada.",OK,
RIO.AX,RIO TINTO FPO [RIO],ASX,1.0,script-v2.0,1.0,2026-09-30T13:47:44.700313+02:00,60.6,60.5,100.0,26.0,0.0,6.0,61.0,44.0,17.0,1078829.0,0.58,-3.3,,12.52,13.3,2.6448,False,59.8,26.6,False,164.22,1.7,True,False,True,,pass,seguimiento,pendiente,0.0,desconocido,Pendiente de implementar,parcial,debt_reduction (alta): Deuda 22852.0M vs 23640.0M | dividend_maintained (baja): Dividendo actual 3.97% con caída del 14.8%,razonable,seguimiento,153.92,166.93,153.92 - 166.93,163.62,166.46,163.62 - 166.46,Pérdida del soporte en 153.92 | ROE negativo durante 2 trimestres consecutivos | Ampliación de capital dilutiva | Recorte de rating a bono basura,6-12,"RIO TINTO FPO [RIO] está un 14.8% por debajo de su máximo 52s. Fundamentalmente sólida con ROE 19.3%, deuda neta/EBITDA 0.6x. Técnicamente 🟢 Divergencia alcista RSI, 🟡 MACD convergiendo. Clasificación: seguimiento.","RIO TINTO FPO [RIO] está un 14.8% por debajo de su máximo 52s. Fundamentalmente sólida con ROE 19.3%, deuda neta/EBITDA 0.6x. Técnicamente 🟢 Divergencia alcista RSI, 🟡 MACD convergiendo. Clasificación: seguimiento.",OK,
000660.KS,SK hynix,ASIA,1.0,script-v2.0,1.0,2026-09-30T13:48:18.537298+02:00,60.6,68.5,77.0,61.0,0.0,15.0,37.0,37.0,0.0,4854370.0,-0.47,-3.3,4.1,8.28,40.5,109999.7904,False,39.8,37.4,False,1490815.65,19.1,False,False,True,,pass,pendiente_confirmacion,pendiente,0.0,desconocido,Pendiente de implementar,confirmada,"margin_stabilization (media): Margen gross 83.2% vs 79.3% (+3.9 pp) | eps_stabilization (media): EPS 131478.00 vs 56670.00 (Diluted EPS) | debt_reduction (alta): Deuda 21113138.6M vs 21832416.0M | dividend_maintained (baja): Dividendo actual 0.08% con caída del 40.5% | analyst_upgrade (media): Target 3141024.80 vs precio 1776000.00 (+77%), recMean 1.34, recKey strong_buy",incompleto,pendiente_confirmacion,1683422.38,1709985.64,1683422.38 - 1709985.64,1404768.96,2538950.0,1404768.96 - 2538950.00,Pérdida del soporte en 1709985.64 | ROE negativo durante 2 trimestres consecutivos | Ampliación de capital dilutiva | Recorte de rating a bono basura,18-24,"SK hynix está un 40.5% por debajo de su máximo 52s. Fundamentalmente sólida con ROE 92.7%, deuda neta/EBITDA -0.5x. Técnicamente 🟢 Divergencia alcista RSI, 🟢 Cerca de soporte. Clasificación: pendiente_confirmacion.","SK hynix está un 40.5% por debajo de su máximo 52s. Fundamentalmente sólida con ROE 92.7%, deuda neta/EBITDA -0.5x. Técnicamente 🟢 Divergencia alcista RSI, 🟢 Cerca de soporte. Clasificación: pendiente_confirmacion.",OK,
UNH,UnitedHealth Group Incorporated,SP500,1.0,script-v2.0,1.0,2026-09-30T13:47:07.867091+02:00,60.5,61.6,100.0,28.0,0.0,9.0,57.0,57.0,0.0,4930261.0,1.57,-5.9,0.2,14.46,37.6,8.1849,False,29.0,29.3,False,354.48,5.8,False,False,True,,pass,seguimiento,pendiente,0.0,desconocido,Pendiente de implementar,parcial,"debt_reduction (alta): Deuda 73328.0M vs 77917.0M | dividend_maintained (baja): Dividendo actual 2.48% con caída del 18.8% | analyst_upgrade (media): Target 481.72 vs precio 374.94 (+28%), recMean 1.58, recKey buy",razonable,seguimiento,349.44,374.94,349.44 - 374.94,352.03,392.38,352.03 - 392.38,Pérdida del soporte en 349.44 | ROE negativo durante 2 trimestres consecutivos | Ampliación de capital dilutiva | Recorte de rating a bono basura,6-12,"UnitedHealth Group Incorporated está un 18.8% por debajo de su máximo 52s. Fundamentalmente sólida con ROE 14.2%, deuda neta/EBITDA 1.6x. Técnicamente 🔵 RSI recuperándose de sobreventa, 🟢 Divergencia alcista RSI. Clasificación: seguimiento.","UnitedHealth Group Incorporated está un 18.8% por debajo de su máximo 52s. Fundamentalmente sólida con ROE 14.2%, deuda neta/EBITDA 1.6x. Técnicamente 🔵 RSI recuperándose de sobreventa, 🟢 Divergencia alcista RSI. Clasificación: seguimiento.",OK,
VZ,Verizon Communications Inc.,SP500,1.0,script-v2.0,1.0,2026-09-30T13:46:52.400514+02:00,60.4,60.2,89.0,35.0,0.0,9.0,61.0,44.0,17.0,23960138.0,3.76,-1.1,0.1,7.52,11.0,0.9203,False,0.0,8.7,False,45.99,-0.0,True,False,True,,pass,seguimiento,pendiente,0.0,desconocido,Pendiente de implementar,parcial,margin_stabilization (media): Margen gross 61.8% vs 60.3% (+1.5 pp) | debt_reduction (alta): Deuda 193646.0M vs 195872.0M | dividend_maintained (baja): Dividendo actual 6.15% con caída del 11.0%,razonable,seguimiento,44.44,45.98,44.44 - 45.98,43.93,45.45,43.93 - 45.45,Pérdida del soporte en 44.44 | ROE negativo durante 2 trimestres consecutivos | Ampliación de capital dilutiva | Recorte de rating a bono basura,6-12,"Verizon Communications Inc. está un 11.0% por debajo de su máximo 52s. Fundamentalmente sólida con ROE 15.8%, deuda neta/EBITDA 3.8x. Técnicamente 🔵 RSI en sobreventa, 🟢 Cerca de soporte. Clasificación: seguimiento.","Verizon Communications Inc. está un 11.0% por debajo de su máximo 52s. Fundamentalmente sólida con ROE 15.8%, deuda neta/EBITDA 3.8x. Técnicamente 🔵 RSI en sobreventa, 🟢 Cerca de soporte. Clasificación: seguimiento.",OK,
WMT,Walmart Inc.,SP500,1.0,script-v2.0,1.0,2026-09-30T13:47:09.633977+02:00,60.1,58.2,95.0,26.0,0.0,7.0,66.0,39.0,27.0,24118376.0,1.44,1.2,-0.4,20.82,20.8,-3.2279,True,24.7,43.3,False,117.95,-9.5,True,False,False,,pass,descarte,pendiente,0.0,desconocido,Pendiente de implementar,parcial,margin_stabilization (media): Margen gross 26.1% vs 25.1% (+1.0 pp) | eps_stabilization (media): EPS 0.80 vs 0.67 (Diluted EPS) | dividend_maintained (baja): Dividendo actual 0.93% con caída del 21.0%,razonable,descarte,101.46,106.8,101.46 - 106.80,114.89,118.05,114.89 - 118.05,Pérdida del soporte en 101.46 | ROE negativo durante 2 trimestres consecutivos | Ampliación de capital dilutiva | Recorte de rating a bono basura,6-12,"Walmart Inc. está un 21.0% por debajo de su máximo 52s. Fundamentalmente aceptable con ROE 22.3%, deuda neta/EBITDA 1.4x. Técnicamente 🟢 Divergencia alcista RSI, 🟢 MACD semanal girando al alza. Clasificación: descarte.","Walmart Inc. está un 21.0% por debajo de su máximo 52s. Fundamentalmente aceptable con ROE 22.3%, deuda neta/EBITDA 1.4x. Técnicamente 🟢 Divergencia alcista RSI, 🟢 MACD semanal girando al alza. Clasificación: descarte.",OK,
8031.T,MITSUI & CO,ASIA,1.0,script-v2.0,1.0,2026-09-30T13:48:03.069219+02:00,60.0,60.4,78.0,45.0,0.0,7.0,59.0,36.0,23.0,6346661.0,6.44,21.5,,24.43,25.1,-22.9532,False,31.3,15.2,False,5208.59,-5.3,True,True,True,,pass,seguimiento,pendiente,0.0,desconocido,Pendiente de implementar,parcial,"eps_stabilization (media): EPS 103.65 vs 66.63 (Diluted EPS) | dividend_maintained (baja): Dividendo actual 2.84% con caída del 26.1% | analyst_upgrade (media): Target 6209.17 vs precio 4930.00 (+26%), recMean 2.08, recKey buy",razonable,seguimiento,4652.37,4891.48,4652.37 - 4891.48,5126.58,5673.75,5126.58 - 5673.75,Pérdida del soporte en 4652.37 | ROE negativo durante 2 trimestres consecutivos | Ampliación de capital dilutiva | Recorte de rating a bono basura,12-18,"MITSUI & CO está un 26.1% por debajo de su máximo 52s. Fundamentalmente sólida con ROE 11.4%, deuda neta/EBITDA 6.4x. Técnicamente 🟡 MACD convergiendo, 🟡 Apoyo en MA40 semanal. Clasificación: seguimiento.","MITSUI & CO está un 26.1% por debajo de su máximo 52s. Fundamentalmente sólida con ROE 11.4%, deuda neta/EBITDA 6.4x. Técnicamente 🟡 MACD convergiendo, 🟡 Apoyo en MA40 semanal. Clasificación: seguimiento.",OK,
TTE.PA,TOTALENERGIES,EUROSTOXX,1.0,script-v2.0,1.0,2026-09-30T13:46:11.676255+02:00,59.7,58.9,100.0,23.0,0.0,6.0,62.0,50.0,12.0,3481734.0,0.79,-1.7,7.0,5.23,5.3,2.6927,False,2.7,33.1,False,70.46,8.0,True,False,False,,pass,descarte,pendiente,0.0,desconocido,Pendiente de implementar,parcial,debt_reduction (alta): Deuda 62917.0M vs 64008.0M | dividend_maintained (baja): Dividendo actual 4.73% con caída del 6.5%,razonable,descarte,72.3,76.07,72.30 - 76.07,69.14,69.77,69.14 - 69.77,Pérdida del soporte en 72.30 | ROE negativo durante 2 trimestres consecutivos | Ampliación de capital dilutiva | Recorte de rating a bono basura,6-12,"TOTALENERGIES está un 6.5% por debajo de su máximo 52s. Fundamentalmente aceptable con ROE 14.5%, deuda neta/EBITDA 0.8x. Técnicamente 🟢 Cruce alcista MACD, 🟢 Cerca de soporte. Clasificación: descarte.","TOTALENERGIES está un 6.5% por debajo de su máximo 52s. Fundamentalmente aceptable con ROE 14.5%, deuda neta/EBITDA 0.8x. Técnicamente 🟢 Cruce alcista MACD, 🟢 Cerca de soporte. Clasificación: descarte.",OK,
0002.HK,CLP HOLDINGS,ASIA,1.0,script-v2.0,1.0,2026-09-30T13:48:09.864393+02:00,59.5,60.7,89.0,36.0,0.0,1.0,56.0,56.0,0.0,3275790.0,2.63,9.8,,11.18,3.3,1.4432,False,23.5,19.9,False,74.25,3.3,False,False,True,Sin señales de recuperación,pass,seguimiento,pendiente,0.0,desconocido,Pendiente de implementar,ausente,dividend_maintained (baja): Dividendo actual 4.17% con caída del 3.9%,razonable,seguimiento,74.38,76.7,74.38 - 76.70,67.83,73.57,67.83 - 73.57,Pérdida del soporte en 74.38 | ROE negativo durante 2 trimestres consecutivos | Ampliación de capital dilutiva | Recorte de rating a bono basura,6-12,"CLP HOLDINGS está un 3.9% por debajo de su máximo 52s. Fundamentalmente sólida con ROE 10.1%, deuda neta/EBITDA 2.6x. Técnicamente 🟡 MACD convergiendo, 🟢 Volumen creciente. Clasificación: seguimiento.","CLP HOLDINGS está un 3.9% por debajo de su máximo 52s. Fundamentalmente sólida con ROE 10.1%, deuda neta/EBITDA 2.6x. Técnicamente 🟡 MACD convergiendo, 🟢 Volumen creciente. Clasificación: seguimiento.",OK,
KPN.AS,KPN KON,EUROSTOXX,1.0,script-v2.0,1.0,2026-09-30T13:46:17.502479+02:00,59.5,53.9,71.0,39.0,0.0,4.0,76.0,59.0,17.0,10387625.0,2.85,3.9,-15.1,9.14,15.4,-0.0662,False,25.0,29.0,False,4.25,-6.4,True,False,False,Sin señales de recuperación,pass,descarte,pendiente,0.0,desconocido,Pendiente de implementar,ausente,margin_stabilization (media): Margen gross 67.9% vs 68.1% (-0.2 pp) | dividend_maintained (baja): Dividendo actual 4.77% con caída del 18.9%,fuerte,descarte,3.78,3.98,3.78 - 3.98,4.17,4.24,4.17 - 4.24,Pérdida del soporte en 3.78 | ROE negativo durante 2 trimestres consecutivos | Ampliación de capital dilutiva | Recorte de rating a bono basura,6-12,"KPN KON está un 18.9% por debajo de su máximo 52s. Fundamentalmente aceptable con ROE 26.1%, deuda neta/EBITDA 2.9x. Técnicamente 🔵 RSI recuperándose de sobreventa, 🟢 Divergencia alcista RSI. Clasificación: descarte.","KPN KON está un 18.9% por debajo de su máximo 52s. Fundamentalmente aceptable con ROE 26.1%, deuda neta/EBITDA 2.9x. Técnicamente 🔵 RSI recuperándose de sobreventa, 🟢 Divergencia alcista RSI. Clasificación: descarte.",OK,
NG.L,NATIONAL GRID PLC ORD 12 204/47,EUROSTOXX,1.0,script-v2.0,1.0,2026-09-30T13:46:42.750146+02:00,59.5,63.7,69.0,59.0,0.0,4.0,47.0,30.0,17.0,10115212.0,6.39,0.3,,14.35,19.5,-24.989,False,82.3,55.8,False,1237.76,-7.1,True,False,True,Sin señales de recuperación,pass,seguimiento,pendiente,0.0,desconocido,Pendiente de implementar,ausente,eps_stabilization (media): EPS 0.66 vs 0.61 (annual_eps_fallback) | dividend_maintained (baja): Dividendo actual 0.04% con caída del 19.5%,razonable,seguimiento,1092.5,1150.0,1092.50 - 1150.00,1214.22,1233.75,1214.22 - 1233.75,Pérdida del soporte en 1092.50 | ROE negativo durante 2 trimestres consecutivos | Ampliación de capital dilutiva | Recorte de rating a bono basura,6-12,"NATIONAL GRID PLC ORD 12 204/47 está un 19.5% por debajo de su máximo 52s. Fundamentalmente sólida con ROE 8.4%, deuda neta/EBITDA 6.4x. Técnicamente 🟡 Apoyo en MA40 semanal, 🟢 base_pattern_detected. Clasificación: seguimiento.","NATIONAL GRID PLC ORD 12 204/47 está un 19.5% por debajo de su máximo 52s. Fundamentalmente sólida con ROE 8.4%, deuda neta/EBITDA 6.4x. Técnicamente 🟡 Apoyo en MA40 semanal, 🟢 base_pattern_detected. Clasificación: seguimiento.",OK,
BA.L,BAE SYSTEMS PLC ORD 2.5P,EUROSTOXX,1.0,script-v2.0,1.0,2026-09-30T13:46:43.967736+02:00,59.3,60.7,97.0,29.0,0.0,4.0,55.0,38.0,17.0,5903455.0,1.32,1.1,,16.9,16.8,1.8428,False,47.0,45.1,False,2029.63,-3.3,True,False,True,Sin señales de recuperación,pass,seguimiento,pendiente,0.0,desconocido,Pendiente de implementar,ausente,eps_stabilization (media): EPS 0.68 vs 0.64 (annual_eps_fallback) | dividend_maintained (baja): Dividendo actual 0.02% con caída del 16.8%,razonable,seguimiento,1875.25,1962.5,1875.25 - 1962.50,2006.0,2016.87,2006.00 - 2016.87,Pérdida del soporte en 1875.25 | ROE negativo durante 2 trimestres consecutivos | Ampliación de capital dilutiva | Recorte de rating a bono basura,6-12,"BAE SYSTEMS PLC ORD 2.5P está un 16.8% por debajo de su máximo 52s. Fundamentalmente sólida con ROE 18.6%, deuda neta/EBITDA 1.3x. Técnicamente 🟢 Cerca de soporte, 🟡 Apoyo en MA40 semanal. Clasificación: seguimiento.","BAE SYSTEMS PLC ORD 2.5P está un 16.8% por debajo de su máximo 52s. Fundamentalmente sólida con ROE 18.6%, deuda neta/EBITDA 1.3x. Técnicamente 🟢 Cerca de soporte, 🟡 Apoyo en MA40 semanal. Clasificación: seguimiento.",OK,
ENEL.MI,ENEL,EUROSTOXX,1.0,script-v2.0,1.0,2026-09-30T13:46:21.632578+02:00,59.2,59.7,81.0,41.0,0.0,1.0,58.0,53.0,5.0,18355795.0,3.33,4.3,-10.1,8.27,13.3,-0.0699,False,34.8,32.5,False,9.35,-6.3,False,False,False,Sin señales de recuperación,pass,descarte,pendiente,0.0,desconocido,Pendiente de implementar,ausente,dividend_maintained (baja): Dividendo actual 5.93% con caída del 15.0%,razonable,descarte,8.32,8.76,8.32 - 8.76,8.76,9.32,8.76 - 9.32,Pérdida del soporte en 8.32 | ROE negativo durante 2 trimestres consecutivos | Ampliación de capital dilutiva | Recorte de rating a bono basura,6-12,"ENEL está un 15.0% por debajo de su máximo 52s. Fundamentalmente aceptable con ROE 12.3%, deuda neta/EBITDA 3.3x. Técnicamente 🔵 RSI recuperándose de sobreventa, 🟢 Divergencia alcista RSI. Clasificación: descarte.","ENEL está un 15.0% por debajo de su máximo 52s. Fundamentalmente aceptable con ROE 12.3%, deuda neta/EBITDA 3.3x. Técnicamente 🔵 RSI recuperándose de sobreventa, 🟢 Divergencia alcista RSI. Clasificación: descarte.",OK,
SWK,"Stanley Black & Decker, Inc.",SP500,1.0,script-v2.0,1.0,2026-09-30T13:46:55.979859+02:00,59.0,62.1,85.0,42.0,0.0,12.0,50.0,50.0,0.0,1731933.0,2.58,-19.8,0.3,10.07,14.4,3.8017,False,30.2,32.8,False,83.21,6.7,False,False,True,,pass,entrada_escalada,pendiente,0.0,desconocido,Pendiente de implementar,confirmada,margin_stabilization (media): Margen gross 33.0% vs 30.1% (+2.9 pp) | eps_stabilization (media): EPS 2.33 vs 0.39 (Diluted EPS) | debt_reduction (alta): Deuda 5211.5M vs 6501.2M | dividend_maintained (baja): Dividendo actual 3.78% con caída del 15.2%,razonable,entrada_escalada,85.75,88.79,85.75 - 88.79,82.19,88.98,82.19 - 88.98,Pérdida del soporte en 85.75 | ROE negativo durante 2 trimestres consecutivos | Ampliación de capital dilutiva | Recorte de rating a bono basura,6-12,"Stanley Black & Decker, Inc. está un 15.2% por debajo de su máximo 52s. Fundamentalmente sólida con ROE 6.9%, deuda neta/EBITDA 2.6x. Técnicamente 🟢 Cruce alcista MACD, 🟢 Cerca de soporte. Clasificación: entrada_escalada.","Stanley Black & Decker, Inc. está un 15.2% por debajo de su máximo 52s. Fundamentalmente sólida con ROE 6.9%, deuda neta/EBITDA 2.6x. Técnicamente 🟢 Cruce alcista MACD, 🟢 Cerca de soporte. Clasificación: entrada_escalada.",OK,
WBC.AX,WESTPAC FPO [WBC],ASX,1.0,script-v2.0,1.0,2026-09-30T13:47:41.478074+02:00,58.6,54.5,71.0,40.0,0.0,1.0,71.0,44.0,27.0,4388134.0,,21.4,,,17.4,-0.7546,True,82.1,81.5,False,37.3,-6.0,True,False,False,Sin señales de recuperación,pass,descarte,pendiente,0.0,desconocido,Pendiente de implementar,ausente,dividend_maintained (baja): Dividendo actual 4.39% con caída del 19.0%,fuerte,descarte,33.32,35.07,33.32 - 35.07,36.82,37.33,36.82 - 37.33,Pérdida del soporte en 33.32 | ROE negativo durante 2 trimestres consecutivos | Ampliación de capital dilutiva | Recorte de rating a bono basura,6-12,"WESTPAC FPO [WBC] está un 19.0% por debajo de su máximo 52s. Fundamentalmente aceptable con ROE 9.8%, dividendo 4.4%. Técnicamente 🟢 Divergencia alcista RSI, 🟢 MACD semanal girando al alza. Clasificación: descarte.","WESTPAC FPO [WBC] está un 19.0% por debajo de su máximo 52s. Fundamentalmente aceptable con ROE 9.8%, dividendo 4.4%. Técnicamente 🟢 Divergencia alcista RSI, 🟢 MACD semanal girando al alza. Clasificación: descarte.",OK,
RTX,RTX Corporation,SP500,1.0,script-v2.0,1.0,2026-09-30T13:47:15.373328+02:00,58.2,57.7,95.0,25.0,0.0,15.0,60.0,55.0,5.0,4479263.0,1.92,-0.2,-0.0,17.88,17.4,2.5909,False,3.0,8.4,False,194.49,-3.9,False,False,False,,pass,descarte,pendiente,0.0,desconocido,Pendiente de implementar,confirmada,"margin_stabilization (media): Margen gross 20.8% vs 20.8% (-0.0 pp) | eps_stabilization (media): EPS 1.57 vs 1.51 (Diluted EPS) | debt_reduction (alta): Deuda 38856.0M vs 38935.0M | dividend_maintained (baja): Dividendo actual 1.56% con caída del 17.6% | analyst_upgrade (media): Target 234.14 vs precio 186.94 (+25%), recMean 1.87, recKey buy",razonable,descarte,172.71,186.94,172.71 - 186.94,192.85,193.7,192.85 - 193.70,Pérdida del soporte en 172.71 | ROE negativo durante 2 trimestres consecutivos | Ampliación de capital dilutiva | Recorte de rating a bono basura,6-12,"RTX Corporation está un 17.6% por debajo de su máximo 52s. Fundamentalmente aceptable con ROE 12.3%, deuda neta/EBITDA 1.9x. Técnicamente 🔵 RSI en sobreventa, 🟡 MACD convergiendo. Clasificación: descarte.","RTX Corporation está un 17.6% por debajo de su máximo 52s. Fundamentalmente aceptable con ROE 12.3%, deuda neta/EBITDA 1.9x. Técnicamente 🔵 RSI en sobreventa, 🟡 MACD convergiendo. Clasificación: descarte.",OK,
ABI.BR,AB INBEV,EUROSTOXX,1.0,script-v2.0,1.0,2026-09-30T13:46:26.852151+02:00,58.2,68.3,95.0,45.0,0.0,15.0,28.0,23.0,5.0,1682874.0,3.28,-0.4,0.0,10.2,13.9,0.8391,False,12.0,16.0,False,65.97,-0.5,False,False,True,,pass,pendiente_confirmacion,pendiente,0.0,desconocido,Pendiente de implementar,confirmada,"margin_stabilization (media): Margen gross 57.5% vs 56.6% (+0.9 pp) | eps_stabilization (media): EPS 1.90 vs 1.30 (Diluted EPS) | debt_reduction (alta): Deuda 72732.0M vs 73027.0M | dividend_maintained (baja): Dividendo actual 1.75% con caída del 13.9% | analyst_upgrade (media): Target 83.24 vs precio 65.62 (+27%), recMean 1.60, recKey buy",incompleto,pendiente_confirmacion,60.51,65.62,60.51 - 65.62,64.75,65.55,64.75 - 65.55,Pérdida del soporte en 60.51 | ROE negativo durante 2 trimestres consecutivos | Ampliación de capital dilutiva | Recorte de rating a bono basura,6-12,"AB INBEV está un 13.9% por debajo de su máximo 52s. Fundamentalmente sólida con ROE 11.4%, deuda neta/EBITDA 3.3x. Técnicamente 🟡 Apoyo en MA40 semanal. Clasificación: pendiente_confirmacion.","AB INBEV está un 13.9% por debajo de su máximo 52s. Fundamentalmente sólida con ROE 11.4%, deuda neta/EBITDA 3.3x. Técnicamente 🟡 Apoyo en MA40 semanal. Clasificación: pendiente_confirmacion.",OK,
AVGO,Broadcom Inc.,SP500,1.0,script-v2.0,1.0,2026-09-30T13:47:36.680672+02:00,58.0,61.6,100.0,28.0,0.0,15.0,47.0,30.0,17.0,22581479.0,0.68,-8.5,6.8,33.11,28.0,-2.3342,False,63.5,52.0,False,366.61,-3.1,True,False,True,,pass,entrada_escalada,pendiente,0.0,desconocido,Pendiente de implementar,confirmada,"margin_stabilization (media): Margen gross 69.1% vs 69.5% (-0.3 pp) | eps_stabilization (media): EPS 2.68 vs 1.91 (Diluted EPS) | debt_reduction (alta): Deuda 59419.0M vs 64907.0M | dividend_maintained (baja): Dividendo actual 0.73% con caída del 28.3% | analyst_upgrade (media): Target 531.85 vs precio 355.10 (+50%), recMean 1.26, recKey strong_buy",razonable,entrada_escalada,337.35,355.1,337.35 - 355.10,366.5,420.75,366.50 - 420.75,Pérdida del soporte en 337.35 | ROE negativo durante 2 trimestres consecutivos | Ampliación de capital dilutiva | Recorte de rating a bono basura,12-18,"Broadcom Inc. está un 28.3% por debajo de su máximo 52s. Fundamentalmente sólida con ROE 44.2%, deuda neta/EBITDA 0.7x. Técnicamente 🟡 Apoyo en MA40 semanal, 🟢 base_pattern_detected. Clasificación: entrada_escalada.","Broadcom Inc. está un 28.3% por debajo de su máximo 52s. Fundamentalmente sólida con ROE 44.2%, deuda neta/EBITDA 0.7x. Técnicamente 🟡 Apoyo en MA40 semanal, 🟢 base_pattern_detected. Clasificación: entrada_escalada.",OK,
KER.PA,KERING,EUROSTOXX,1.0,script-v2.0,1.0,2026-09-30T13:46:06.213342+02:00,57.5,55.9,57.0,55.0,0.0,9.0,62.0,50.0,12.0,307467.0,3.75,-1.3,,14.98,35.6,-6.9144,False,11.3,14.9,False,257.18,-12.6,True,False,False,,pass,descarte,pendiente,0.0,desconocido,Pendiente de implementar,parcial,"debt_reduction (alta): Deuda 17907.0M vs 18149.0M | dividend_maintained (baja): Dividendo actual 1.33% con caída del 36.5% | analyst_upgrade (media): Target 283.91 vs precio 224.75 (+26%), recMean 2.88, recKey hold",razonable,descarte,213.51,224.75,213.51 - 224.75,258.86,301.07,258.86 - 301.07,Pérdida del soporte en 213.51 | ROE negativo durante 2 trimestres consecutivos | Ampliación de capital dilutiva | Recorte de rating a bono basura,12-18,"KERING está un 36.5% por debajo de su máximo 52s. Fundamentalmente aceptable con ROE -1.6%, deuda neta/EBITDA 3.8x. Técnicamente 🔵 RSI recuperándose de sobreventa, 🟡 MACD convergiendo. Clasificación: descarte.","KERING está un 36.5% por debajo de su máximo 52s. Fundamentalmente aceptable con ROE -1.6%, deuda neta/EBITDA 3.8x. Técnicamente 🔵 RSI recuperándose de sobreventa, 🟡 MACD convergiendo. Clasificación: descarte.",OK,
HEN3.DE,Henkel AG & Co. KGaA          I,EUROSTOXX,1.0,script-v2.0,1.0,2026-09-30T13:45:53.004266+02:00,57.2,63.3,90.0,40.0,0.0,1.0,39.0,39.0,0.0,361108.0,0.72,82.7,,9.95,11.8,1.3233,False,35.4,46.9,False,71.12,3.0,False,False,True,Sin señales de recuperación,pass,seguimiento,pendiente,0.0,desconocido,Pendiente de implementar,ausente,dividend_maintained (baja): Dividendo actual 2.83% con caída del 13.0%,incompleto,seguimiento,68.94,73.26,68.94 - 73.26,70.98,71.57,70.98 - 71.57,Pérdida del soporte en 68.94 | ROE negativo durante 2 trimestres consecutivos | Ampliación de capital dilutiva | Recorte de rating a bono basura,6-12,"Henkel AG & Co. KGaA          I está un 13.0% por debajo de su máximo 52s. Fundamentalmente sólida con ROE 9.4%, deuda neta/EBITDA 0.7x. Técnicamente 🟢 Divergencia alcista RSI. Clasificación: seguimiento.","Henkel AG & Co. KGaA          I está un 13.0% por debajo de su máximo 52s. Fundamentalmente sólida con ROE 9.4%, deuda neta/EBITDA 0.7x. Técnicamente 🟢 Divergencia alcista RSI. Clasificación: seguimiento.",OK,
ENI.MI,ENI,EUROSTOXX,1.0,script-v2.0,1.0,2026-09-30T13:46:21.504342+02:00,57.1,58.5,99.0,23.0,0.0,7.0,53.0,35.0,18.0,8412939.0,1.65,1.2,12.0,7.38,3.2,0.9778,False,56.2,74.0,False,21.31,12.4,True,True,False,,pass,descarte,pendiente,0.0,desconocido,Pendiente de implementar,parcial,margin_stabilization (media): Margen gross 12.6% vs 6.5% (+6.1 pp) | eps_stabilization (media): EPS 1.09 vs 0.34 (Diluted EPS) | dividend_maintained (baja): Dividendo actual 4.51% con caída del 4.3%,razonable,descarte,22.47,23.43,22.47 - 23.43,21.04,21.27,21.04 - 21.27,Pérdida del soporte en 22.47 | ROE negativo durante 2 trimestres consecutivos | Ampliación de capital dilutiva | Recorte de rating a bono basura,6-12,"ENI está un 4.3% por debajo de su máximo 52s. Fundamentalmente aceptable con ROE 10.9%, deuda neta/EBITDA 1.6x. Técnicamente 🟢 Cruce alcista MACD, 🟢 base_pattern_detected. Clasificación: descarte.","ENI está un 4.3% por debajo de su máximo 52s. Fundamentalmente aceptable con ROE 10.9%, deuda neta/EBITDA 1.6x. Técnicamente 🟢 Cruce alcista MACD, 🟢 base_pattern_detected. Clasificación: descarte.",OK,
BARC.L,BARCLAYS PLC ORD 25P,EUROSTOXX,1.0,script-v2.0,1.0,2026-09-30T13:46:40.362999+02:00,56.6,57.1,63.0,52.0,0.0,7.0,55.0,50.0,5.0,38129502.0,,471.7,,,14.7,7.1322,False,9.5,12.4,False,466.76,-1.7,False,False,False,,pass,descarte,pendiente,0.0,desconocido,Pendiente de implementar,parcial,"eps_stabilization (media): EPS 0.17 vs 0.14 (Diluted EPS) | dividend_maintained (baja): Dividendo actual 0.03% con caída del 14.7% | analyst_upgrade (media): Target 573.00 vs precio 458.95 (+25%), recMean 1.88, recKey buy",razonable,descarte,411.8,458.95,411.80 - 458.95,457.55,467.75,457.55 - 467.75,Pérdida del soporte en 411.80 | ROE negativo durante 2 trimestres consecutivos | Ampliación de capital dilutiva | Recorte de rating a bono basura,6-12,"BARCLAYS PLC ORD 25P está un 14.7% por debajo de su máximo 52s. Fundamentalmente aceptable con ROE 10.1%, dividendo 0.0%. Técnicamente 🔵 RSI recuperándose de sobreventa, 🟡 MACD convergiendo. Clasificación: descarte.","BARCLAYS PLC ORD 25P está un 14.7% por debajo de su máximo 52s. Fundamentalmente aceptable con ROE 10.1%, dividendo 0.0%. Técnicamente 🔵 RSI recuperándose de sobreventa, 🟡 MACD convergiendo. Clasificación: descarte.",OK,
ZURN.SW,ZURICH INSURANCE N,EUROSTOXX,1.0,script-v2.0,1.0,2026-09-30T13:46:35.354596+02:00,56.6,59.1,97.0,26.0,0.0,9.0,49.0,44.0,5.0,245284.0,-1.5,-2.1,,6.07,9.0,8.1261,False,1.0,4.6,False,563.38,1.1,False,False,False,,pass,descarte,pendiente,0.0,desconocido,Pendiente de implementar,parcial,eps_stabilization (media): EPS 47.20 vs 40.15 (annual_eps_fallback) | debt_reduction (alta): Deuda 15358.0M vs 15681.0M | dividend_maintained (baja): Dividendo actual 5.27% con caída del 9.0%,razonable,descarte,538.53,569.8,538.53 - 569.80,532.1,563.53,532.10 - 563.53,Pérdida del soporte en 538.53 | ROE negativo durante 2 trimestres consecutivos | Ampliación de capital dilutiva | Recorte de rating a bono basura,6-12,"ZURICH INSURANCE N está un 9.0% por debajo de su máximo 52s. Fundamentalmente aceptable con ROE 25.7%, deuda neta/EBITDA -1.5x. Técnicamente 🔵 RSI en sobreventa, 🟢 Divergencia alcista RSI. Clasificación: descarte.","ZURICH INSURANCE N está un 9.0% por debajo de su máximo 52s. Fundamentalmente aceptable con ROE 25.7%, deuda neta/EBITDA -1.5x. Técnicamente 🔵 RSI en sobreventa, 🟢 Divergencia alcista RSI. Clasificación: descarte.",OK,
REN.AS,RELX,EUROSTOXX,1.0,script-v2.0,1.0,2026-09-30T13:46:18.949956+02:00,56.6,57.1,71.0,45.0,0.0,7.0,55.0,38.0,17.0,986446.0,2.64,22.6,,18.21,40.2,-0.2077,False,21.7,25.8,False,29.36,-1.1,True,False,False,,pass,descarte,pendiente,0.0,desconocido,Pendiente de implementar,parcial,"eps_stabilization (media): EPS 1.12 vs 1.03 (annual_eps_fallback) | dividend_maintained (baja): Dividendo actual 2.75% con caída del 28.7% | analyst_upgrade (media): Target 47.25 vs precio 29.04 (+63%), recMean 1.00, recKey strong_buy",razonable,descarte,28.98,29.04,28.98 - 29.04,29.53,34.63,29.53 - 34.63,Pérdida del soporte en 28.98 | ROE negativo durante 2 trimestres consecutivos | Ampliación de capital dilutiva | Recorte de rating a bono basura,12-18,"RELX está un 28.7% por debajo de su máximo 52s. Fundamentalmente aceptable con ROE 131.9%, deuda neta/EBITDA 2.6x. Técnicamente 🟢 Cerca de soporte, 🟡 Apoyo en MA40 semanal. Clasificación: descarte.","RELX está un 28.7% por debajo de su máximo 52s. Fundamentalmente aceptable con ROE 131.9%, deuda neta/EBITDA 2.6x. Técnicamente 🟢 Cerca de soporte, 🟡 Apoyo en MA40 semanal. Clasificación: descarte.",OK,
PG,Procter & Gamble Company (The),SP500,1.0,script-v2.0,1.0,2026-09-30T13:46:47.670093+02:00,56.2,53.6,100.0,13.0,0.0,6.0,64.0,37.0,27.0,8620274.0,1.01,-5.4,0.7,14.98,14.1,-0.1102,True,84.8,79.5,False,146.74,1.1,True,False,False,,pass,descarte,pendiente,0.0,desconocido,Pendiente de implementar,parcial,debt_reduction (alta): Deuda 35025.0M vs 37026.0M | dividend_maintained (baja): Dividendo actual 2.93% con caída del 11.3%,razonable,descarte,142.43,145.87,142.43 - 145.87,142.16,146.14,142.16 - 146.14,Pérdida del soporte en 142.43 | ROE negativo durante 2 trimestres consecutivos | Ampliación de capital dilutiva | Recorte de rating a bono basura,6-12,"Procter & Gamble Company (The) está un 11.3% por debajo de su máximo 52s. Fundamentalmente aceptable con ROE 30.3%, deuda neta/EBITDA 1.0x. Técnicamente 🟢 Divergencia alcista RSI, 🟢 Cerca de soporte. Clasificación: descarte.","Procter & Gamble Company (The) está un 11.3% por debajo de su máximo 52s. Fundamentalmente aceptable con ROE 30.3%, deuda neta/EBITDA 1.0x. Técnicamente 🟢 Divergencia alcista RSI, 🟢 Cerca de soporte. Clasificación: descarte.",OK,
ULVR.L,UNILEVER PLC ORD 3.5P,EUROSTOXX,1.0,script-v2.0,1.0,2026-09-30T13:46:39.105164+02:00,56.2,54.9,80.0,33.0,0.0,1.0,60.0,55.0,5.0,3545279.0,2.41,4.7,,11.74,16.1,15.2978,False,53.9,52.9,False,4640.27,0.1,False,False,False,Sin señales de recuperación,pass,descarte,pendiente,0.0,desconocido,Pendiente de implementar,ausente,dividend_maintained (baja): Dividendo actual 0.04% con caída del 16.2%,razonable,descarte,4550.97,4646.5,4550.97 - 4646.50,4650.88,4710.79,4650.88 - 4710.79,Pérdida del soporte en 4550.97 | ROE negativo durante 2 trimestres consecutivos | Ampliación de capital dilutiva | Recorte de rating a bono basura,6-12,"UNILEVER PLC ORD 3.5P está un 16.2% por debajo de su máximo 52s. Fundamentalmente aceptable con ROE 31.9%, deuda neta/EBITDA 2.4x. Técnicamente 🟢 Cruce alcista MACD, 🟢 Cerca de soporte. Clasificación: descarte.","UNILEVER PLC ORD 3.5P está un 16.2% por debajo de su máximo 52s. Fundamentalmente aceptable con ROE 31.9%, deuda neta/EBITDA 2.4x. Técnicamente 🟢 Cruce alcista MACD, 🟢 Cerca de soporte. Clasificación: descarte.",OK,
0003.HK,HK & CHINA GAS,ASIA,1.0,script-v2.0,1.0,2026-09-30T13:48:11.733192+02:00,56.0,52.4,86.0,23.0,0.0,4.0,67.0,44.0,23.0,30046629.0,4.61,2.6,,17.09,4.9,0.0806,False,51.4,53.2,False,6.92,2.6,True,True,False,Sin señales de recuperación,pass,descarte,pendiente,0.0,desconocido,Pendiente de implementar,ausente,eps_stabilization (media): EPS 0.30 vs 0.30 (annual_eps_fallback) | dividend_maintained (baja): Dividendo actual 4.93% con caída del 8.4%,razonable,descarte,6.83,7.03,6.83 - 7.03,6.6,6.91,6.60 - 6.91,Pérdida del soporte en 6.83 | ROE negativo durante 2 trimestres consecutivos | Ampliación de capital dilutiva | Recorte de rating a bono basura,6-12,"HK & CHINA GAS está un 8.4% por debajo de su máximo 52s. Fundamentalmente aceptable con ROE 10.5%, deuda neta/EBITDA 4.6x. Técnicamente 🟡 MACD convergiendo, 🟢 Cerca de soporte. Clasificación: descarte.","HK & CHINA GAS está un 8.4% por debajo de su máximo 52s. Fundamentalmente aceptable con ROE 10.5%, deuda neta/EBITDA 4.6x. Técnicamente 🟡 MACD convergiendo, 🟢 Cerca de soporte. Clasificación: descarte.",OK,
VIV.PA,VIVENDI SE,EUROSTOXX,1.0,script-v2.0,1.0,2026-09-30T13:46:13.048573+02:00,56.0,58.6,49.0,67.0,0.0,7.0,48.0,48.0,0.0,2554524.0,9.68,30.7,,-48.59,86.2,-0.204,False,2.6,5.1,False,1.98,-27.6,False,False,False,,pass,descarte,pendiente,0.0,desconocido,Pendiente de implementar,parcial,"eps_stabilization (media): EPS 0.94 vs 0.75 (annual_eps_fallback) | dividend_maintained (baja): Dividendo actual 2.79% con caída del 55.4% | analyst_upgrade (media): Target 2.12 vs precio 1.43 (+48%), recMean 2.43, recKey buy",razonable,descarte,1.36,1.43,1.36 - 1.43,2.01,2.73,2.01 - 2.73,Pérdida del soporte en 1.36 | ROE negativo durante 2 trimestres consecutivos | Ampliación de capital dilutiva | Recorte de rating a bono basura,18-24,"VIVENDI SE está un 55.4% por debajo de su máximo 52s. Fundamentalmente aceptable con ROE 0.3%, deuda neta/EBITDA 9.7x. Técnicamente 🔵 RSI en sobreventa. Clasificación: descarte.","VIVENDI SE está un 55.4% por debajo de su máximo 52s. Fundamentalmente aceptable con ROE 0.3%, deuda neta/EBITDA 9.7x. Técnicamente 🔵 RSI en sobreventa. Clasificación: descarte.",OK,
8058.T,MITSUBISHI CORP,ASIA,1.0,script-v2.0,1.0,2026-09-30T13:48:05.049715+02:00,56.0,52.3,80.0,28.0,0.0,4.0,67.0,44.0,23.0,7878903.0,5.99,9.6,,28.82,19.6,58.9092,False,36.6,14.4,False,4768.45,0.0,True,True,False,Sin señales de recuperación,pass,descarte,pendiente,0.0,desconocido,Pendiente de implementar,ausente,eps_stabilization (media): EPS 81.08 vs 51.34 (Diluted EPS) | dividend_maintained (baja): Dividendo actual 2.64% con caída del 20.7%,razonable,descarte,4561.04,4761.64,4561.04 - 4761.64,4652.07,5110.2,4652.07 - 5110.20,Pérdida del soporte en 4561.04 | ROE negativo durante 2 trimestres consecutivos | Ampliación de capital dilutiva | Recorte de rating a bono basura,6-12,"MITSUBISHI CORP está un 20.7% por debajo de su máximo 52s. Fundamentalmente aceptable con ROE 10.1%, deuda neta/EBITDA 6.0x. Técnicamente 🟡 MACD convergiendo, 🟢 Cerca de soporte. Clasificación: descarte.","MITSUBISHI CORP está un 20.7% por debajo de su máximo 52s. Fundamentalmente aceptable con ROE 10.1%, deuda neta/EBITDA 6.0x. Técnicamente 🟡 MACD convergiendo, 🟢 Cerca de soporte. Clasificación: descarte.",OK,
VIE.PA,VEOLIA ENVIRON.,EUROSTOXX,1.0,script-v2.0,1.0,2026-09-30T13:46:12.528917+02:00,55.4,56.1,62.0,51.0,0.0,4.0,53.0,48.0,5.0,1549342.0,4.21,67.3,,8.59,17.8,-0.3524,False,16.5,11.4,False,33.09,-6.4,False,False,False,Sin señales de recuperación,pass,descarte,pendiente,0.0,desconocido,Pendiente de implementar,ausente,"dividend_maintained (baja): Dividendo actual 4.84% con caída del 17.8% | analyst_upgrade (media): Target 39.56 vs precio 30.97 (+28%), recMean 1.65, recKey buy",razonable,descarte,29.42,30.97,29.42 - 30.97,32.01,32.93,32.01 - 32.93,Pérdida del soporte en 29.42 | ROE negativo durante 2 trimestres consecutivos | Ampliación de capital dilutiva | Recorte de rating a bono basura,6-12,"VEOLIA ENVIRON. está un 17.8% por debajo de su máximo 52s. Fundamentalmente aceptable con ROE 13.4%, deuda neta/EBITDA 4.2x. Técnicamente 🔵 RSI en sobreventa, 🟡 Apoyo en MA40 semanal. Clasificación: descarte.","VEOLIA ENVIRON. está un 17.8% por debajo de su máximo 52s. Fundamentalmente aceptable con ROE 13.4%, deuda neta/EBITDA 4.2x. Técnicamente 🔵 RSI en sobreventa, 🟡 Apoyo en MA40 semanal. Clasificación: descarte.",OK,
TWE.AX,TREA WINE FPO [TWE],ASX,1.0,script-v2.0,1.0,2026-09-30T13:47:54.222443+02:00,55.2,58.7,56.0,61.0,0.0,8.0,45.0,39.0,6.0,3505836.0,,-9.2,,-6.91,53.6,0.1496,False,93.7,85.1,False,4.79,14.0,False,True,False,,pass,descarte,pendiente,0.0,desconocido,Pendiente de implementar,parcial,eps_stabilization (media): EPS 0.54 vs 0.13 (annual_eps_fallback) | debt_reduction (alta): Deuda 1996.7M vs 2198.6M,razonable,descarte,5.37,5.37,5.37,4.78,6.14,4.78 - 6.14,Pérdida del soporte en 5.37 | ROE negativo durante 2 trimestres consecutivos | Ampliación de capital dilutiva | Recorte de rating a bono basura,6-12,"TREA WINE FPO [TWE] está un 24.4% por debajo de su máximo 52s. Fundamentalmente aceptable con ROE -26.5%, D/E 0.60. Técnicamente 🟢 Cruce alcista MACD, 🟢 Cerca de soporte. Clasificación: descarte.","TREA WINE FPO [TWE] está un 24.4% por debajo de su máximo 52s. Fundamentalmente aceptable con ROE -26.5%, D/E 0.60. Técnicamente 🟢 Cruce alcista MACD, 🟢 Cerca de soporte. Clasificación: descarte.",OK,
BA,Boeing Company (The),SP500,1.0,script-v2.0,1.0,2026-09-30T13:47:17.639934+02:00,55.1,50.1,48.0,52.0,0.0,11.0,70.0,52.0,18.0,6122453.0,3.95,-11.2,-0.2,-61.18,26.2,-5.6598,False,12.9,10.6,True,221.12,-15.1,True,False,False,,pass,descarte,pendiente,0.0,desconocido,Pendiente de implementar,parcial,"margin_stabilization (media): Margen gross 11.5% vs 7.6% (+3.9 pp) | debt_reduction (alta): Deuda 48362.0M vs 54433.0M | analyst_upgrade (media): Target 273.12 vs precio 187.68 (+46%), recMean 1.50, recKey strong_buy",fuerte,descarte,178.3,187.68,178.30 - 187.68,216.2,220.95,216.20 - 220.95,Pérdida del soporte en 178.30 | ROE negativo durante 2 trimestres consecutivos | Ampliación de capital dilutiva | Recorte de rating a bono basura,12-18,"Boeing Company (The) está un 26.2% por debajo de su máximo 52s. Fundamentalmente aceptable con ROE 173.5%, deuda neta/EBITDA 4.0x. Técnicamente 🔵 RSI en sobreventa, 🟢 Volumen creciente. Clasificación: descarte.","Boeing Company (The) está un 26.2% por debajo de su máximo 52s. Fundamentalmente aceptable con ROE 173.5%, deuda neta/EBITDA 4.0x. Técnicamente 🔵 RSI en sobreventa, 🟢 Volumen creciente. Clasificación: descarte.",OK,
F,Ford Motor Company,SP500,1.0,script-v2.0,1.0,2026-09-30T13:47:32.280181+02:00,55.0,51.1,42.0,59.0,0.0,4.0,67.0,50.0,17.0,48034484.0,18.47,2.4,5.0,24.89,30.1,0.0267,False,3.7,5.7,False,13.34,-7.8,True,False,False,Sin señales de recuperación,pass,descarte,pendiente,0.0,desconocido,Pendiente de implementar,ausente,"dividend_maintained (baja): Dividendo actual 4.88% con caída del 30.8% | analyst_upgrade (media): Target 16.03 vs precio 12.30 (+30%), recMean 2.35, recKey buy",razonable,descarte,12.13,12.3,12.13 - 12.30,13.28,15.11,13.28 - 15.11,Pérdida del soporte en 12.13 | ROE negativo durante 2 trimestres consecutivos | Ampliación de capital dilutiva | Recorte de rating a bono basura,12-18,"Ford Motor Company está un 30.8% por debajo de su máximo 52s. Fundamentalmente aceptable con ROE -18.3%, deuda neta/EBITDA 18.5x. Técnicamente 🔵 RSI en sobreventa, 🟢 Cerca de soporte. Clasificación: descarte.","Ford Motor Company está un 30.8% por debajo de su máximo 52s. Fundamentalmente aceptable con ROE -18.3%, deuda neta/EBITDA 18.5x. Técnicamente 🔵 RSI en sobreventa, 🟢 Cerca de soporte. Clasificación: descarte.",OK,
AFL,AFLAC Incorporated,SP500,1.0,script-v2.0,1.0,2026-09-30T13:47:01.565270+02:00,54.9,57.3,85.0,33.0,0.0,1.0,48.0,43.0,5.0,2060347.0,1.19,104.6,-6.9,10.59,12.3,0.6217,False,25.2,16.5,False,114.37,-0.6,False,False,False,Sin señales de recuperación,pass,descarte,pendiente,0.0,desconocido,Pendiente de implementar,ausente,dividend_maintained (baja): Dividendo actual 2.15% con caída del 12.7%,razonable,descarte,107.98,113.66,107.98 - 113.66,110.69,114.08,110.69 - 114.08,Pérdida del soporte en 107.98 | ROE negativo durante 2 trimestres consecutivos | Ampliación de capital dilutiva | Recorte de rating a bono basura,6-12,"AFLAC Incorporated está un 12.7% por debajo de su máximo 52s. Fundamentalmente aceptable con ROE 16.9%, deuda neta/EBITDA 1.2x. Técnicamente 🟡 MACD convergiendo, 🟡 Apoyo en MA40 semanal. Clasificación: descarte.","AFLAC Incorporated está un 12.7% por debajo de su máximo 52s. Fundamentalmente aceptable con ROE 16.9%, deuda neta/EBITDA 1.2x. Técnicamente 🟡 MACD convergiendo, 🟡 Apoyo en MA40 semanal. Clasificación: descarte.",OK,
BEN.AX,BEN ADE BK FPO [BEN],ASX,1.0,script-v2.0,1.0,2026-09-30T13:47:54.588657+02:00,54.9,56.5,56.0,57.0,0.0,4.0,50.0,33.0,17.0,1517160.0,,13.3,,,18.0,-0.0011,False,51.1,52.2,False,10.32,0.4,True,False,False,Sin señales de recuperación,pass,descarte,pendiente,0.0,desconocido,Pendiente de implementar,ausente,eps_stabilization (media): EPS 0.63 vs -0.17 (annual_eps_fallback) | dividend_maintained (baja): Dividendo actual 6.37% con caída del 22.2%,razonable,descarte,10.02,10.36,10.02 - 10.36,10.29,11.32,10.29 - 11.32,Pérdida del soporte en 10.02 | ROE negativo durante 2 trimestres consecutivos | Ampliación de capital dilutiva | Recorte de rating a bono basura,6-12,"BEN ADE BK FPO [BEN] está un 22.2% por debajo de su máximo 52s. Fundamentalmente aceptable con ROE 5.6%, dividendo 6.4%. Técnicamente 🟢 Cerca de soporte, 🟡 Apoyo en MA40 semanal. Clasificación: descarte.","BEN ADE BK FPO [BEN] está un 22.2% por debajo de su máximo 52s. Fundamentalmente aceptable con ROE 5.6%, dividendo 6.4%. Técnicamente 🟢 Cerca de soporte, 🟡 Apoyo en MA40 semanal. Clasificación: descarte.",OK,
CSCO,"Cisco Systems, Inc.",SP500,1.0,script-v2.0,1.0,2026-09-30T13:47:10.143784+02:00,54.8,53.1,100.0,12.0,0.0,15.0,60.0,48.0,12.0,20035744.0,0.82,-0.4,-0.0,23.44,17.7,4.0147,False,31.5,29.6,False,98.32,8.8,True,False,False,,pass,descarte,pendiente,0.0,desconocido,Pendiente de implementar,confirmada,"margin_stabilization (media): Margen gross 64.1% vs 63.6% (+0.5 pp) | eps_stabilization (media): EPS 0.97 vs 0.85 (Diluted EPS) | debt_reduction (alta): Deuda 31185.0M vs 31303.0M | dividend_maintained (baja): Dividendo actual 1.57% con caída del 18.0% | analyst_upgrade (media): Target 137.25 vs precio 106.94 (+28%), recMean 1.82, recKey buy",razonable,descarte,90.66,106.94,90.66 - 106.94,96.83,110.81,96.83 - 110.81,Pérdida del soporte en 90.66 | ROE negativo durante 2 trimestres consecutivos | Ampliación de capital dilutiva | Recorte de rating a bono basura,6-12,"Cisco Systems, Inc. está un 18.0% por debajo de su máximo 52s. Fundamentalmente aceptable con ROE 27.3%, deuda neta/EBITDA 0.8x. Técnicamente 🔵 RSI recuperándose de sobreventa, 🟢 Divergencia alcista RSI. Clasificación: descarte.","Cisco Systems, Inc. está un 18.0% por debajo de su máximo 52s. Fundamentalmente aceptable con ROE 27.3%, deuda neta/EBITDA 0.8x. Técnicamente 🔵 RSI recuperándose de sobreventa, 🟢 Divergencia alcista RSI. Clasificación: descarte.",OK,
8316.T,SUMITOMO MITSUI FINANCIAL GROUP,ASIA,1.0,script-v2.0,1.0,2026-09-30T13:47:57.199029+02:00,54.7,59.2,72.0,48.0,0.0,4.0,41.0,35.0,6.0,24391060.0,,81.7,,,1.9,183.8294,False,94.0,69.3,False,2959.32,17.3,False,True,False,Sin señales de recuperación,pass,descarte,pendiente,0.0,desconocido,Pendiente de implementar,ausente,eps_stabilization (media): EPS 131.59 vs 97.44 (Diluted EPS) | dividend_maintained (baja): Dividendo actual 2.59% con caída del 4.4%,incompleto,descarte,3195.23,3344.12,3195.23 - 3344.12,2896.18,3085.5,2896.18 - 3085.50,Pérdida del soporte en 3195.23 | ROE negativo durante 2 trimestres consecutivos | Ampliación de capital dilutiva | Recorte de rating a bono basura,6-12,"SUMITOMO MITSUI FINANCIAL GROUP está un 4.4% por debajo de su máximo 52s. Fundamentalmente aceptable con ROE 8.6%, dividendo 2.6%. Técnicamente 🟢 Cruce alcista MACD, 🟡 trendline_break. Clasificación: descarte.","SUMITOMO MITSUI FINANCIAL GROUP está un 4.4% por debajo de su máximo 52s. Fundamentalmente aceptable con ROE 8.6%, dividendo 2.6%. Técnicamente 🟢 Cruce alcista MACD, 🟡 trendline_break. Clasificación: descarte.",OK,
GOOG,Alphabet Inc.,SP500,1.0,script-v2.0,1.0,2026-09-30T13:47:36.171466+02:00,54.4,55.9,74.0,40.0,0.0,7.0,50.0,33.0,17.0,17969149.0,-0.7,435.1,0.0,23.23,16.5,2.9642,False,34.0,39.5,False,337.77,-0.1,True,False,False,,pass,descarte,pendiente,0.0,desconocido,Pendiente de implementar,parcial,"eps_stabilization (media): EPS 9.11 vs 5.11 (Diluted EPS) | dividend_maintained (baja): Dividendo actual 0.26% con caída del 16.6% | analyst_upgrade (media): Target 422.34 vs precio 337.32 (+25%), recMean 1.38, recKey strong_buy",razonable,descarte,314.69,337.32,314.69 - 337.32,336.59,343.8,336.59 - 343.80,Pérdida del soporte en 314.69 | ROE negativo durante 2 trimestres consecutivos | Ampliación de capital dilutiva | Recorte de rating a bono basura,6-12,"Alphabet Inc. está un 16.6% por debajo de su máximo 52s. Fundamentalmente aceptable con ROE 48.7%, deuda neta/EBITDA -0.7x. Técnicamente 🟢 Divergencia alcista RSI, 🟡 Apoyo en MA40 semanal. Clasificación: descarte.","Alphabet Inc. está un 16.6% por debajo de su máximo 52s. Fundamentalmente aceptable con ROE 48.7%, deuda neta/EBITDA -0.7x. Técnicamente 🟢 Divergencia alcista RSI, 🟡 Apoyo en MA40 semanal. Clasificación: descarte.",OK,
0941.HK,CHINA MOBILE,ASIA,1.0,script-v2.0,1.0,2026-09-30T13:48:16.060621+02:00,54.4,50.9,69.0,35.0,0.0,12.0,65.0,59.0,6.0,12662258.0,-0.86,-2.3,,5.78,4.5,0.5284,False,81.2,75.0,False,77.12,3.0,False,True,False,,pass,descarte,pendiente,0.0,desconocido,Pendiente de implementar,confirmada,"eps_stabilization (media): EPS 6.42 vs 6.15 (annual_eps_fallback) | debt_reduction (alta): Deuda 98828.0M vs 101197.0M | dividend_maintained (baja): Dividendo actual 6.82% con caída del 10.6% | analyst_upgrade (media): Target 97.03 vs precio 79.45 (+22%), recMean 1.60, recKey buy",razonable,descarte,78.23,79.39,78.23 - 79.39,75.56,77.26,75.56 - 77.26,Pérdida del soporte en 78.23 | ROE negativo durante 2 trimestres consecutivos | Ampliación de capital dilutiva | Recorte de rating a bono basura,6-12,"CHINA MOBILE está un 10.6% por debajo de su máximo 52s. Fundamentalmente aceptable con ROE 9.3%, deuda neta/EBITDA -0.9x. Técnicamente 🟢 Cruce alcista MACD, 🟢 Volumen creciente. Clasificación: descarte.","CHINA MOBILE está un 10.6% por debajo de su máximo 52s. Fundamentalmente aceptable con ROE 9.3%, deuda neta/EBITDA -0.9x. Técnicamente 🟢 Cruce alcista MACD, 🟢 Volumen creciente. Clasificación: descarte.",OK,
1038.HK,CKI HOLDINGS,ASIA,1.0,script-v2.0,1.0,2026-09-30T13:48:16.296578+02:00,54.4,62.1,100.0,29.0,0.0,4.0,31.0,25.0,6.0,1338717.0,-38.56,3.7,,149.35,1.7,1.6789,False,66.7,68.0,False,61.64,5.9,False,True,True,Sin señales de recuperación,pass,seguimiento,pendiente,0.0,desconocido,Pendiente de implementar,ausente,eps_stabilization (media): EPS 3.28 vs 3.22 (annual_eps_fallback) | dividend_maintained (baja): Dividendo actual 4.03% con caída del 3.8%,incompleto,seguimiento,62.07,63.79,62.07 - 63.79,57.72,60.88,57.72 - 60.88,Pérdida del soporte en 62.07 | ROE negativo durante 2 trimestres consecutivos | Ampliación de capital dilutiva | Recorte de rating a bono basura,6-12,"CKI HOLDINGS está un 3.8% por debajo de su máximo 52s. Fundamentalmente sólida con ROE 17.2%, deuda neta/EBITDA -38.6x. Técnicamente 🟢 Cerca de soporte, 🟡 trendline_break. Clasificación: seguimiento.","CKI HOLDINGS está un 3.8% por debajo de su máximo 52s. Fundamentalmente sólida con ROE 17.2%, deuda neta/EBITDA -38.6x. Técnicamente 🟢 Cerca de soporte, 🟡 trendline_break. Clasificación: seguimiento.",OK,
SOLB.BR,SOLVAY,EUROSTOXX,1.0,script-v2.0,1.0,2026-09-30T13:46:29.059547+02:00,54.0,46.9,48.0,46.0,0.0,4.0,75.0,52.0,23.0,308147.0,3.17,1.8,-0.0,7.65,25.5,-0.1436,False,10.6,7.5,True,25.63,-3.9,True,False,False,Sin señales de recuperación,pass,descarte,pendiente,0.0,desconocido,Pendiente de implementar,ausente,eps_stabilization (media): EPS 0.36 vs 0.24 (Diluted EPS) | dividend_maintained (baja): Dividendo actual 9.87% con caída del 17.5%,fuerte,descarte,23.39,24.62,23.39 - 24.62,25.38,25.63,25.38 - 25.63,Pérdida del soporte en 23.39 | ROE negativo durante 2 trimestres consecutivos | Ampliación de capital dilutiva | Recorte de rating a bono basura,6-12,"SOLVAY está un 17.5% por debajo de su máximo 52s. Fundamentalmente aceptable con ROE 0.8%, deuda neta/EBITDA 3.2x. Técnicamente 🟢 Divergencia alcista RSI, 🟡 MACD convergiendo. Clasificación: descarte.","SOLVAY está un 17.5% por debajo de su máximo 52s. Fundamentalmente aceptable con ROE 0.8%, deuda neta/EBITDA 3.2x. Técnicamente 🟢 Divergencia alcista RSI, 🟡 MACD convergiendo. Clasificación: descarte.",OK,
PSA,Public Storage,SP500,1.0,script-v2.0,1.0,2026-09-30T13:47:26.879846+02:00,53.9,51.9,94.0,15.0,0.0,4.0,60.0,55.0,5.0,970522.0,2.89,1.5,1.9,18.77,16.4,-0.0061,False,14.7,16.2,False,296.88,-3.8,False,False,False,Sin señales de recuperación,pass,descarte,pendiente,0.0,desconocido,Pendiente de implementar,ausente,margin_stabilization (media): Margen gross 72.1% vs 72.1% (+0.0 pp) | dividend_maintained (baja): Dividendo actual 4.20% con caída del 14.9%,razonable,descarte,271.3,285.58,271.30 - 285.58,285.22,294.04,285.22 - 294.04,Pérdida del soporte en 271.30 | ROE negativo durante 2 trimestres consecutivos | Ampliación de capital dilutiva | Recorte de rating a bono basura,6-12,"Public Storage está un 14.9% por debajo de su máximo 52s. Fundamentalmente aceptable con ROE 21.9%, deuda neta/EBITDA 2.9x. Técnicamente 🔵 RSI en sobreventa, 🟡 MACD convergiendo. Clasificación: descarte.","Public Storage está un 14.9% por debajo de su máximo 52s. Fundamentalmente aceptable con ROE 21.9%, deuda neta/EBITDA 2.9x. Técnicamente 🔵 RSI en sobreventa, 🟡 MACD convergiendo. Clasificación: descarte.",OK,
AMT,American Tower Corporation (REI,SP500,1.0,script-v2.0,1.0,2026-09-30T13:47:26.279875+02:00,53.5,51.3,63.0,41.0,0.0,12.0,60.0,43.0,17.0,2692973.0,6.14,-0.3,-0.0,18.13,25.8,-1.7949,False,9.3,13.5,False,175.9,-4.9,True,False,False,,pass,descarte,pendiente,0.0,desconocido,Pendiente de implementar,confirmada,"eps_stabilization (media): EPS 1.86 vs 1.84 (Diluted EPS) | debt_reduction (alta): Deuda 44979.9M vs 45131.2M | dividend_maintained (baja): Dividendo actual 4.28% con caída del 14.7% | analyst_upgrade (media): Target 215.74 vs precio 167.35 (+29%), recMean 1.52, recKey buy",razonable,descarte,158.98,167.35,158.98 - 167.35,166.67,175.28,166.67 - 175.28,Pérdida del soporte en 158.98 | ROE negativo durante 2 trimestres consecutivos | Ampliación de capital dilutiva | Recorte de rating a bono basura,6-12,"American Tower Corporation (REI está un 14.7% por debajo de su máximo 52s. Fundamentalmente aceptable con ROE 33.9%, deuda neta/EBITDA 6.1x. Técnicamente 🟢 Divergencia alcista RSI, 🟡 Apoyo en MA40 semanal. Clasificación: descarte.","American Tower Corporation (REI está un 14.7% por debajo de su máximo 52s. Fundamentalmente aceptable con ROE 33.9%, deuda neta/EBITDA 6.1x. Técnicamente 🟢 Divergencia alcista RSI, 🟡 Apoyo en MA40 semanal. Clasificación: descarte.",OK,
2914.T,JAPAN TOBACCO INC,ASIA,1.0,script-v2.0,1.0,2026-09-30T13:48:07.594769+02:00,53.5,52.6,99.0,12.0,0.0,6.0,56.0,50.0,6.0,4127036.0,0.71,-0.1,,10.98,3.2,325.4785,False,97.0,82.3,False,6127.76,14.0,False,True,False,,pass,descarte,pendiente,0.0,desconocido,Pendiente de implementar,parcial,debt_reduction (alta): Deuda 1676772.0M vs 1678688.0M | dividend_maintained (baja): Dividendo actual 3.89% con caída del 3.2%,razonable,descarte,6813.0,6828.42,6813.00 - 6828.42,6050.13,6135.3,6050.13 - 6135.30,Pérdida del soporte en 6813.00 | ROE negativo durante 2 trimestres consecutivos | Ampliación de capital dilutiva | Recorte de rating a bono basura,6-12,"JAPAN TOBACCO INC está un 3.2% por debajo de su máximo 52s. Fundamentalmente aceptable con ROE 14.3%, deuda neta/EBITDA 0.7x. Técnicamente 🟢 Cruce alcista MACD, 🟢 Volumen creciente. Clasificación: descarte.","JAPAN TOBACCO INC está un 3.2% por debajo de su máximo 52s. Fundamentalmente aceptable con ROE 14.3%, deuda neta/EBITDA 0.7x. Técnicamente 🟢 Cruce alcista MACD, 🟢 Volumen creciente. Clasificación: descarte.",OK,
WES.AX,WESFARMER FPO [WES],ASX,1.0,script-v2.0,1.0,2026-09-30T13:47:43.124288+02:00,53.2,51.6,82.0,25.0,0.0,1.0,58.0,53.0,5.0,1669087.0,2.53,13.9,,20.08,16.8,-1.0578,False,84.0,73.7,False,79.2,-3.3,False,False,False,Sin señales de recuperación,pass,descarte,pendiente,0.0,desconocido,Pendiente de implementar,ausente,dividend_maintained (baja): Dividendo actual 2.90% con caída del 19.1%,razonable,descarte,76.44,76.61,76.44 - 76.61,79.34,80.5,79.34 - 80.50,Pérdida del soporte en 76.44 | ROE negativo durante 2 trimestres consecutivos | Ampliación de capital dilutiva | Recorte de rating a bono basura,6-12,"WESFARMER FPO [WES] está un 19.1% por debajo de su máximo 52s. Fundamentalmente aceptable con ROE 33.5%, deuda neta/EBITDA 2.5x. Técnicamente 🟢 Divergencia alcista RSI, 🟢 Cerca de soporte. Clasificación: descarte.","WESFARMER FPO [WES] está un 19.1% por debajo de su máximo 52s. Fundamentalmente aceptable con ROE 33.5%, deuda neta/EBITDA 2.5x. Técnicamente 🟢 Divergencia alcista RSI, 🟢 Cerca de soporte. Clasificación: descarte.",OK,
CVX,Chevron Corporation,SP500,1.0,script-v2.0,1.0,2026-09-30T13:46:53.396386+02:00,53.0,53.1,100.0,12.0,0.0,12.0,53.0,35.0,18.0,8570700.0,0.56,-18.4,12.3,8.59,6.2,8.4272,False,21.2,25.2,False,185.95,9.9,True,True,False,,pass,descarte,pendiente,0.0,desconocido,Pendiente de implementar,confirmada,margin_stabilization (media): Margen gross 36.5% vs 28.4% (+8.1 pp) | eps_stabilization (media): EPS 6.11 vs 1.11 (Diluted EPS) | debt_reduction (alta): Deuda 37075.0M vs 45428.0M | dividend_maintained (baja): Dividendo actual 3.48% con caída del 6.2%,razonable,descarte,196.89,201.05,196.89 - 201.05,183.23,185.11,183.23 - 185.11,Pérdida del soporte en 196.89 | ROE negativo durante 2 trimestres consecutivos | Ampliación de capital dilutiva | Recorte de rating a bono basura,6-12,"Chevron Corporation está un 6.2% por debajo de su máximo 52s. Fundamentalmente aceptable con ROE 12.2%, deuda neta/EBITDA 0.6x. Técnicamente 🟡 MACD convergiendo, 🟢 Cerca de soporte. Clasificación: descarte.","Chevron Corporation está un 6.2% por debajo de su máximo 52s. Fundamentalmente aceptable con ROE 12.2%, deuda neta/EBITDA 0.6x. Técnicamente 🟡 MACD convergiendo, 🟢 Cerca de soporte. Clasificación: descarte.",OK,
AMC.AX,AMCOR PLC CDI 1:1 [AMC],ASX,1.0,script-v2.0,1.0,2026-09-30T13:47:48.048395+02:00,52.9,52.9,78.0,31.0,0.0,12.0,53.0,48.0,5.0,631953.0,3.97,-9.4,0.0,11.93,19.0,0.7787,False,98.8,83.8,False,59.51,3.0,False,False,False,,pass,descarte,pendiente,0.0,desconocido,Pendiente de implementar,confirmada,margin_stabilization (media): Margen gross 20.9% vs 20.1% (+0.8 pp) | eps_stabilization (media): EPS 0.83 vs 0.60 (Diluted EPS) | debt_reduction (alta): Deuda 15140.0M vs 16706.0M | dividend_maintained (baja): Dividendo actual 6.01% con caída del 13.8%,razonable,descarte,60.57,61.27,60.57 - 61.27,59.58,60.43,59.58 - 60.43,Pérdida del soporte en 60.57 | ROE negativo durante 2 trimestres consecutivos | Ampliación de capital dilutiva | Recorte de rating a bono basura,6-12,"AMCOR PLC CDI 1:1 [AMC] está un 13.8% por debajo de su máximo 52s. Fundamentalmente aceptable con ROE 9.4%, deuda neta/EBITDA 4.0x. Técnicamente 🟢 Cruce alcista MACD, 🟢 Cerca de soporte. Clasificación: descarte.","AMCOR PLC CDI 1:1 [AMC] está un 13.8% por debajo de su máximo 52s. Fundamentalmente aceptable con ROE 9.4%, deuda neta/EBITDA 4.0x. Técnicamente 🟢 Cruce alcista MACD, 🟢 Cerca de soporte. Clasificación: descarte.",OK,
9433.T,KDDI CORPORATION,ASIA,1.0,script-v2.0,1.0,2026-09-30T13:47:58.832977+02:00,52.4,59.5,99.0,25.0,0.0,9.0,31.0,25.0,6.0,8793816.0,2.48,-1.9,,8.94,4.8,96.736,False,18.4,19.8,False,2706.44,8.2,False,True,True,,pass,pendiente_confirmacion,pendiente,0.0,desconocido,Pendiente de implementar,parcial,eps_stabilization (media): EPS 51.33 vs 43.00 (Diluted EPS) | debt_reduction (alta): Deuda 5296146.1M vs 5397863.0M | dividend_maintained (baja): Dividendo actual 2.87% con caída del 6.2%,incompleto,pendiente_confirmacion,2798.51,2902.43,2798.51 - 2902.43,2652.85,2692.47,2652.85 - 2692.47,Pérdida del soporte en 2798.51 | ROE negativo durante 2 trimestres consecutivos | Ampliación de capital dilutiva | Recorte de rating a bono basura,6-12,"KDDI CORPORATION está un 6.2% por debajo de su máximo 52s. Fundamentalmente aceptable con ROE 14.6%, deuda neta/EBITDA 2.5x. Técnicamente 🟢 Cerca de soporte, 🟡 trendline_break. Clasificación: pendiente_confirmacion.","KDDI CORPORATION está un 6.2% por debajo de su máximo 52s. Fundamentalmente aceptable con ROE 14.6%, deuda neta/EBITDA 2.5x. Técnicamente 🟢 Cerca de soporte, 🟡 trendline_break. Clasificación: pendiente_confirmacion.",OK,
BNP.PA,BNP PARIBAS ACT.A,EUROSTOXX,1.0,script-v2.0,1.0,2026-09-30T13:46:01.792728+02:00,52.4,56.1,70.0,44.0,0.0,7.0,41.0,41.0,0.0,1781155.0,,140.4,,,13.2,3.6849,False,6.2,32.3,False,90.99,5.1,False,False,True,,pass,pendiente_confirmacion,pendiente,0.0,desconocido,Pendiente de implementar,parcial,"eps_stabilization (media): EPS 3.96 vs 2.92 (Diluted EPS) | dividend_maintained (baja): Dividendo actual 6.07% con caída del 16.0% | analyst_upgrade (media): Target 120.01 vs precio 95.59 (+26%), recMean 1.68, recKey buy",incompleto,pendiente_confirmacion,88.28,95.59,88.28 - 95.59,90.52,96.75,90.52 - 96.75,Pérdida del soporte en 88.28 | ROE negativo durante 2 trimestres consecutivos | Ampliación de capital dilutiva | Recorte de rating a bono basura,6-12,"BNP PARIBAS ACT.A está un 16.0% por debajo de su máximo 52s. Fundamentalmente aceptable con ROE 10.5%, dividendo 6.1%. Técnicamente 🟢 Cruce alcista MACD. Clasificación: pendiente_confirmacion.","BNP PARIBAS ACT.A está un 16.0% por debajo de su máximo 52s. Fundamentalmente aceptable con ROE 10.5%, dividendo 6.1%. Técnicamente 🟢 Cruce alcista MACD. Clasificación: pendiente_confirmacion.",OK,
BRK-B,Berkshire Hathaway Inc. New,SP500,1.0,script-v2.0,1.0,2026-09-30T13:47:07.481004+02:00,52.0,52.9,54.0,52.0,0.0,11.0,49.0,32.0,17.0,4279782.0,-1.81,-0.2,12.0,-1.79,7.3,4.7581,False,9.0,12.7,False,492.87,1.9,True,False,False,,pass,descarte,pendiente,0.0,desconocido,Pendiente de implementar,parcial,margin_stabilization (media): Margen operating 28.3% vs 14.8% (+13.5 pp) | eps_stabilization (media): EPS 11.91 vs 4.68 (Diluted EPS) | debt_reduction (alta): Deuda 128599.0M vs 128886.0M,razonable,descarte,485.24,502.35,485.24 - 502.35,457.08,492.77,457.08 - 492.77,Pérdida del soporte en 485.24 | ROE negativo durante 2 trimestres consecutivos | Ampliación de capital dilutiva | Recorte de rating a bono basura,6-12,"Berkshire Hathaway Inc. New está un 6.6% por debajo de su máximo 52s. Fundamentalmente aceptable con ROE 12.1%, deuda neta/EBITDA -1.8x. Técnicamente 🟢 Cerca de soporte, 🟡 Apoyo en MA40 semanal. Clasificación: descarte.","Berkshire Hathaway Inc. New está un 6.6% por debajo de su máximo 52s. Fundamentalmente aceptable con ROE 12.1%, deuda neta/EBITDA -1.8x. Técnicamente 🟢 Cerca de soporte, 🟡 Apoyo en MA40 semanal. Clasificación: descarte.",OK,
LR.PA,LEGRAND,EUROSTOXX,1.0,script-v2.0,1.0,2026-09-30T13:46:06.704560+02:00,51.7,45.3,81.0,14.0,0.0,7.0,71.0,44.0,27.0,549677.0,2.59,16.8,-0.2,19.52,13.8,-0.2016,True,70.4,57.4,False,139.73,1.3,True,False,False,,pass,descarte,pendiente,0.0,desconocido,Pendiente de implementar,parcial,margin_stabilization (media): Margen gross 50.5% vs 50.5% (-0.1 pp) | eps_stabilization (media): EPS 1.26 vs 1.12 (Diluted EPS) | dividend_maintained (baja): Dividendo actual 1.68% con caída del 15.2%,fuerte,descarte,133.51,137.06,133.51 - 137.06,138.96,141.91,138.96 - 141.91,Pérdida del soporte en 133.51 | ROE negativo durante 2 trimestres consecutivos | Ampliación de capital dilutiva | Recorte de rating a bono basura,6-12,"LEGRAND está un 15.2% por debajo de su máximo 52s. Fundamentalmente aceptable con ROE 18.2%, deuda neta/EBITDA 2.6x. Técnicamente 🟢 Divergencia alcista RSI, 🟢 Cruce alcista MACD. Clasificación: descarte.","LEGRAND está un 15.2% por debajo de su máximo 52s. Fundamentalmente aceptable con ROE 18.2%, deuda neta/EBITDA 2.6x. Técnicamente 🟢 Divergencia alcista RSI, 🟢 Cruce alcista MACD. Clasificación: descarte.",OK,
SHW,Sherwin-Williams Company (The),SP500,1.0,script-v2.0,1.0,2026-09-30T13:47:02.811981+02:00,51.5,43.3,70.0,20.0,0.0,7.0,76.0,59.0,17.0,1847292.0,3.13,9.0,0.0,20.06,16.1,0.2521,False,72.5,83.9,False,333.03,-0.8,True,False,False,,pass,descarte,pendiente,0.0,desconocido,Pendiente de implementar,parcial,margin_stabilization (media): Margen gross 49.2% vs 49.1% (+0.1 pp) | eps_stabilization (media): EPS 3.43 vs 2.15 (Diluted EPS) | dividend_maintained (baja): Dividendo actual 0.97% con caída del 12.5%,fuerte,descarte,316.16,330.44,316.16 - 330.44,321.1,332.01,321.10 - 332.01,Pérdida del soporte en 316.16 | ROE negativo durante 2 trimestres consecutivos | Ampliación de capital dilutiva | Recorte de rating a bono basura,6-12,"Sherwin-Williams Company (The) está un 12.5% por debajo de su máximo 52s. Fundamentalmente aceptable con ROE 65.1%, deuda neta/EBITDA 3.1x. Técnicamente 🟢 Cruce alcista MACD, 🟢 Cerca de soporte. Clasificación: descarte.","Sherwin-Williams Company (The) está un 12.5% por debajo de su máximo 52s. Fundamentalmente aceptable con ROE 65.1%, deuda neta/EBITDA 3.1x. Técnicamente 🟢 Cruce alcista MACD, 🟢 Cerca de soporte. Clasificación: descarte.",OK,
BMY,Bristol-Myers Squibb Company,SP500,1.0,script-v2.0,1.0,2026-09-30T13:47:19.000833+02:00,51.5,51.7,88.0,20.0,0.0,12.0,51.0,39.0,12.0,10946722.0,1.8,-3.0,1.5,8.58,8.4,2.2064,False,48.2,53.6,False,59.18,6.2,True,False,False,,pass,descarte,pendiente,0.0,desconocido,Pendiente de implementar,confirmada,margin_stabilization (media): Margen gross 71.3% vs 70.2% (+1.1 pp) | eps_stabilization (media): EPS 1.62 vs 1.31 (Diluted EPS) | debt_reduction (alta): Deuda 45053.0M vs 46428.0M | dividend_maintained (baja): Dividendo actual 4.01% con caída del 8.4%,razonable,descarte,61.77,62.86,61.77 - 62.86,58.34,58.55,58.34 - 58.55,Pérdida del soporte en 61.77 | ROE negativo durante 2 trimestres consecutivos | Ampliación de capital dilutiva | Recorte de rating a bono basura,6-12,"Bristol-Myers Squibb Company está un 8.4% por debajo de su máximo 52s. Fundamentalmente aceptable con ROE 46.6%, deuda neta/EBITDA 1.8x. Técnicamente 🟡 MACD convergiendo, 🟢 Cerca de soporte. Clasificación: descarte.","Bristol-Myers Squibb Company está un 8.4% por debajo de su máximo 52s. Fundamentalmente aceptable con ROE 46.6%, deuda neta/EBITDA 1.8x. Técnicamente 🟡 MACD convergiendo, 🟢 Cerca de soporte. Clasificación: descarte.",OK,
CB,Chubb Limited,SP500,1.0,script-v2.0,1.0,2026-09-30T13:47:02.585309+02:00,51.1,54.5,86.0,27.0,0.0,7.0,41.0,36.0,5.0,1782358.0,1.15,43.2,-0.7,10.12,9.0,4.358,False,24.1,13.9,False,329.04,0.9,False,False,True,,pass,pendiente_confirmacion,pendiente,0.0,desconocido,Pendiente de implementar,parcial,margin_stabilization (media): Margen operating 24.0% vs 21.5% (+2.4 pp) | eps_stabilization (media): EPS 7.30 vs 5.88 (Diluted EPS) | dividend_maintained (baja): Dividendo actual 1.23% con caída del 9.2%,incompleto,pendiente_confirmacion,317.48,332.08,317.48 - 332.08,311.02,327.8,311.02 - 327.80,Pérdida del soporte en 317.48 | ROE negativo durante 2 trimestres consecutivos | Ampliación de capital dilutiva | Recorte de rating a bono basura,6-12,"Chubb Limited está un 9.2% por debajo de su máximo 52s. Fundamentalmente aceptable con ROE 14.8%, deuda neta/EBITDA 1.1x. Técnicamente 🟢 Cerca de soporte, 🟡 Apoyo en MA40 semanal. Clasificación: pendiente_confirmacion.","Chubb Limited está un 9.2% por debajo de su máximo 52s. Fundamentalmente aceptable con ROE 14.8%, deuda neta/EBITDA 1.1x. Técnicamente 🟢 Cerca de soporte, 🟡 Apoyo en MA40 semanal. Clasificación: pendiente_confirmacion.",OK,
LSEG.L,LONDON STOCK EXCHANGE GROUP PLC,EUROSTOXX,1.0,script-v2.0,1.0,2026-09-30T13:46:46.242702+02:00,51.1,52.9,79.0,30.0,0.0,7.0,46.0,29.0,17.0,1348834.0,2.96,35.9,,16.65,33.5,-173.2683,False,11.5,15.1,False,8722.0,-7.1,True,False,False,,pass,descarte,pendiente,0.0,desconocido,Pendiente de implementar,parcial,"eps_stabilization (media): EPS 2.37 vs 1.28 (annual_eps_fallback) | dividend_maintained (baja): Dividendo actual 0.02% con caída del 20.1% | analyst_upgrade (media): Target 11804.00 vs precio 8102.00 (+46%), recKey none",razonable,descarte,7209.55,8102.0,7209.55 - 8102.00,8619.0,8711.02,8619.00 - 8711.02,Pérdida del soporte en 7209.55 | ROE negativo durante 2 trimestres consecutivos | Ampliación de capital dilutiva | Recorte de rating a bono basura,6-12,"LONDON STOCK EXCHANGE GROUP PLC está un 20.1% por debajo de su máximo 52s. Fundamentalmente aceptable con ROE 7.7%, deuda neta/EBITDA 3.0x. Técnicamente 🟡 Apoyo en MA40 semanal, 🟢 base_pattern_detected. Clasificación: descarte.","LONDON STOCK EXCHANGE GROUP PLC está un 20.1% por debajo de su máximo 52s. Fundamentalmente aceptable con ROE 7.7%, deuda neta/EBITDA 3.0x. Técnicamente 🟡 Apoyo en MA40 semanal, 🟢 base_pattern_detected. Clasificación: descarte.",OK,
WDS.AX,WOODSIDE FPO [WDS],ASX,1.0,script-v2.0,1.0,2026-09-30T13:47:47.673648+02:00,51.0,55.6,86.0,29.0,0.0,6.0,37.0,25.0,12.0,4468677.0,1.15,-0.4,,9.35,8.8,1.0276,False,36.1,29.7,False,29.5,8.1,True,False,True,,pass,pendiente_confirmacion,pendiente,0.0,desconocido,Pendiente de implementar,parcial,debt_reduction (alta): Deuda 13668.0M vs 13722.0M | dividend_maintained (baja): Dividendo actual 5.11% con caída del 11.0%,incompleto,pendiente_confirmacion,29.66,31.88,29.66 - 31.88,29.11,30.45,29.11 - 30.45,Pérdida del soporte en 29.66 | ROE negativo durante 2 trimestres consecutivos | Ampliación de capital dilutiva | Recorte de rating a bono basura,6-12,"WOODSIDE FPO [WDS] está un 11.0% por debajo de su máximo 52s. Fundamentalmente aceptable con ROE 7.7%, deuda neta/EBITDA 1.1x. Técnicamente 🟡 MACD convergiendo, 🟢 base_pattern_detected. Clasificación: pendiente_confirmacion.","WOODSIDE FPO [WDS] está un 11.0% por debajo de su máximo 52s. Fundamentalmente aceptable con ROE 7.7%, deuda neta/EBITDA 1.1x. Técnicamente 🟡 MACD convergiendo, 🟢 base_pattern_detected. Clasificación: pendiente_confirmacion.",OK,
C6L.SI,SIA,ASIA,1.0,script-v2.0,1.0,2026-09-30T13:48:23.513319+02:00,51.0,56.4,74.0,41.0,0.0,1.0,35.0,30.0,5.0,6657415.0,0.09,0.0,4.7,5.05,14.9,-0.0249,False,80.0,74.3,False,6.84,-1.5,False,False,False,Sin señales de recuperación,pass,descarte,pendiente,0.0,desconocido,Pendiente de implementar,ausente,dividend_maintained (baja): Dividendo actual 6.53% con caída del 14.9%,incompleto,descarte,6.25,6.74,6.25 - 6.74,6.73,6.82,6.73 - 6.82,Pérdida del soporte en 6.25 | ROE negativo durante 2 trimestres consecutivos | Ampliación de capital dilutiva | Recorte de rating a bono basura,6-12,"SIA está un 14.9% por debajo de su máximo 52s. Fundamentalmente aceptable con ROE 7.2%, deuda neta/EBITDA 0.1x. Técnicamente 🟡 Apoyo en MA40 semanal. Clasificación: descarte.","SIA está un 14.9% por debajo de su máximo 52s. Fundamentalmente aceptable con ROE 7.2%, deuda neta/EBITDA 0.1x. Técnicamente 🟡 Apoyo en MA40 semanal. Clasificación: descarte.",OK,
SAP.DE,SAP SE                        I,EUROSTOXX,1.0,script-v2.0,1.0,2026-09-30T13:45:55.234678+02:00,50.9,54.9,97.0,18.0,0.0,7.0,39.0,21.0,18.0,2566585.0,-0.14,26.4,0.9,18.09,33.6,5.7104,False,66.7,71.2,False,163.23,12.4,True,True,True,,pass,pendiente_confirmacion,pendiente,0.0,desconocido,Pendiente de implementar,parcial,margin_stabilization (media): Margen gross 73.2% vs 73.0% (+0.2 pp) | eps_stabilization (media): EPS 1.88 vs 1.65 (Diluted EPS) | dividend_maintained (baja): Dividendo actual 1.36% con caída del 24.9%,incompleto,pendiente_confirmacion,177.76,177.83,177.76 - 177.83,164.63,207.66,164.63 - 207.66,Pérdida del soporte en 177.83 | ROE negativo durante 2 trimestres consecutivos | Ampliación de capital dilutiva | Recorte de rating a bono basura,6-12,"SAP SE                        I está un 24.9% por debajo de su máximo 52s. Fundamentalmente aceptable con ROE 18.3%, deuda neta/EBITDA -0.1x. Técnicamente 🟢 Cerca de soporte, 🟢 base_pattern_detected. Clasificación: pendiente_confirmacion.","SAP SE                        I está un 24.9% por debajo de su máximo 52s. Fundamentalmente aceptable con ROE 18.3%, deuda neta/EBITDA -0.1x. Técnicamente 🟢 Cerca de soporte, 🟢 base_pattern_detected. Clasificación: pendiente_confirmacion.",OK,
XOM,ExxonMobil Holdings Corporation,SP500,1.0,script-v2.0,1.0,2026-09-30T13:46:53.131736+02:00,50.5,53.1,100.0,12.0,0.0,12.0,43.0,25.0,18.0,14288322.0,0.47,-11.1,9.3,10.33,7.3,5.8552,False,39.9,40.9,False,148.76,8.5,True,True,True,,pass,pendiente_confirmacion,pendiente,0.0,desconocido,Pendiente de implementar,confirmada,margin_stabilization (media): Margen gross 22.5% vs 16.7% (+5.8 pp) | eps_stabilization (media): EPS 3.48 vs 1.00 (Diluted EPS) | debt_reduction (alta): Deuda 42368.0M vs 47661.0M | dividend_maintained (baja): Dividendo actual 2.55% con caída del 8.5%,incompleto,pendiente_confirmacion,144.86,159.61,144.86 - 159.61,146.94,149.95,146.94 - 149.95,Pérdida del soporte en 144.86 | ROE negativo durante 2 trimestres consecutivos | Ampliación de capital dilutiva | Recorte de rating a bono basura,6-12,"ExxonMobil Holdings Corporation está un 8.5% por debajo de su máximo 52s. Fundamentalmente aceptable con ROE 12.6%, deuda neta/EBITDA 0.5x. Técnicamente 🟡 MACD convergiendo, 🟢 base_pattern_detected. Clasificación: pendiente_confirmacion.","ExxonMobil Holdings Corporation está un 8.5% por debajo de su máximo 52s. Fundamentalmente aceptable con ROE 12.6%, deuda neta/EBITDA 0.5x. Técnicamente 🟡 MACD convergiendo, 🟢 base_pattern_detected. Clasificación: pendiente_confirmacion.",OK,
QCOM,QUALCOMM Incorporated,SP500,1.0,script-v2.0,1.0,2026-09-30T13:47:38.398331+02:00,50.4,56.8,100.0,19.0,0.0,6.0,31.0,19.0,12.0,12912812.0,0.58,-0.0,0.0,16.69,28.5,2.9218,False,38.5,58.5,False,168.61,9.2,True,False,True,,pass,pendiente_confirmacion,pendiente,0.0,desconocido,Pendiente de implementar,parcial,debt_reduction (alta): Deuda 15270.0M vs 15270.0M | dividend_maintained (baja): Dividendo actual 2.00% con caída del 29.2%,incompleto,pendiente_confirmacion,170.27,172.56,170.27 - 172.56,167.74,220.93,167.74 - 220.93,Pérdida del soporte en 172.56 | ROE negativo durante 2 trimestres consecutivos | Ampliación de capital dilutiva | Recorte de rating a bono basura,12-18,"QUALCOMM Incorporated está un 29.2% por debajo de su máximo 52s. Fundamentalmente aceptable con ROE 33.8%, deuda neta/EBITDA 0.6x. Técnicamente 🟢 base_pattern_detected. Clasificación: pendiente_confirmacion.","QUALCOMM Incorporated está un 29.2% por debajo de su máximo 52s. Fundamentalmente aceptable con ROE 33.8%, deuda neta/EBITDA 0.6x. Técnicamente 🟢 base_pattern_detected. Clasificación: pendiente_confirmacion.",OK,
SRG.MI,SNAM,EUROSTOXX,1.0,script-v2.0,1.0,2026-09-30T13:46:24.124494+02:00,50.3,52.5,61.0,45.0,0.0,4.0,44.0,39.0,5.0,5701029.0,6.2,17.9,-29.3,12.41,16.1,-0.1137,False,69.9,70.9,False,6.03,-7.2,False,False,False,Sin señales de recuperación,pass,descarte,pendiente,0.0,desconocido,Pendiente de implementar,ausente,margin_stabilization (media): Margen gross 110.4% vs 77.6% (+32.8 pp) | dividend_maintained (baja): Dividendo actual 5.36% con caída del 18.5%,incompleto,descarte,5.32,5.6,5.32 - 5.60,5.84,6.0,5.84 - 6.00,Pérdida del soporte en 5.32 | ROE negativo durante 2 trimestres consecutivos | Ampliación de capital dilutiva | Recorte de rating a bono basura,6-12,"SNAM está un 18.5% por debajo de su máximo 52s. Fundamentalmente aceptable con ROE 12.4%, deuda neta/EBITDA 6.2x. Técnicamente 🟢 Divergencia alcista RSI, 🟡 Apoyo en MA40 semanal. Clasificación: descarte.","SNAM está un 18.5% por debajo de su máximo 52s. Fundamentalmente aceptable con ROE 12.4%, deuda neta/EBITDA 6.2x. Técnicamente 🟢 Divergencia alcista RSI, 🟡 Apoyo en MA40 semanal. Clasificación: descarte.",OK,
TEN.MI,TENARIS,EUROSTOXX,1.0,script-v2.0,1.0,2026-09-30T13:46:26.145363+02:00,50.2,51.0,83.0,23.0,0.0,6.0,48.0,30.0,18.0,1293520.0,-0.85,-5.6,4.6,8.19,12.7,0.4079,False,44.4,56.1,False,23.37,4.0,True,True,False,,pass,descarte,pendiente,0.0,desconocido,Pendiente de implementar,parcial,debt_reduction (alta): Deuda 447.0M vs 473.5M | dividend_maintained (baja): Dividendo actual 4.24% con caída del 12.7%,razonable,descarte,23.56,24.03,23.56 - 24.03,23.14,23.65,23.14 - 23.65,Pérdida del soporte en 23.56 | ROE negativo durante 2 trimestres consecutivos | Ampliación de capital dilutiva | Recorte de rating a bono basura,6-12,"TENARIS está un 12.7% por debajo de su máximo 52s. Fundamentalmente aceptable con ROE 11.6%, deuda neta/EBITDA -0.8x. Técnicamente 🟢 Divergencia alcista RSI, 🟢 Cerca de soporte. Clasificación: descarte.","TENARIS está un 12.7% por debajo de su máximo 52s. Fundamentalmente aceptable con ROE 11.6%, deuda neta/EBITDA -0.8x. Técnicamente 🟢 Divergencia alcista RSI, 🟢 Cerca de soporte. Clasificación: descarte.",OK,
NESN.SW,NESTLE N,EUROSTOXX,1.0,script-v2.0,1.0,2026-09-30T13:46:33.850941+02:00,50.0,44.7,73.0,20.0,0.0,1.0,66.0,61.0,5.0,3187918.0,3.45,8.6,,15.38,12.2,-0.148,False,13.0,14.3,False,77.84,-1.7,False,False,False,Sin señales de recuperación,pass,descarte,pendiente,0.0,desconocido,Pendiente de implementar,ausente,dividend_maintained (baja): Dividendo actual 4.05% con caída del 12.2%,razonable,descarte,72.67,76.5,72.67 - 76.50,74.03,77.73,74.03 - 77.73,Pérdida del soporte en 72.67 | ROE negativo durante 2 trimestres consecutivos | Ampliación de capital dilutiva | Recorte de rating a bono basura,6-12,"NESTLE N está un 12.2% por debajo de su máximo 52s. Fundamentalmente aceptable con ROE 26.2%, deuda neta/EBITDA 3.5x. Técnicamente 🟢 Divergencia alcista RSI, 🟢 Cruce alcista MACD. Clasificación: descarte.","NESTLE N está un 12.2% por debajo de su máximo 52s. Fundamentalmente aceptable con ROE 26.2%, deuda neta/EBITDA 3.5x. Técnicamente 🟢 Divergencia alcista RSI, 🟢 Cruce alcista MACD. Clasificación: descarte.",OK,
TXN,Texas Instruments Incorporated,SP500,1.0,script-v2.0,1.0,2026-09-30T13:47:37.396922+02:00,49.9,51.6,98.0,11.0,0.0,7.0,45.0,33.0,12.0,6707668.0,0.74,0.0,0.2,27.76,15.2,8.2255,False,90.5,94.5,False,250.78,12.3,True,False,False,,pass,descarte,pendiente,0.0,desconocido,Pendiente de implementar,parcial,margin_stabilization (media): Margen gross 61.4% vs 58.0% (+3.3 pp) | eps_stabilization (media): EPS 2.14 vs 1.68 (Diluted EPS) | dividend_maintained (baja): Dividendo actual 2.16% con caída del 15.7%,razonable,descarte,270.62,271.19,270.62 - 271.19,245.55,283.93,245.55 - 283.93,Pérdida del soporte en 271.19 | ROE negativo durante 2 trimestres consecutivos | Ampliación de capital dilutiva | Recorte de rating a bono basura,6-12,"Texas Instruments Incorporated está un 15.7% por debajo de su máximo 52s. Fundamentalmente aceptable con ROE 35.2%, deuda neta/EBITDA 0.7x. Técnicamente 🟢 Divergencia alcista RSI, 🟢 Cerca de soporte. Clasificación: descarte.","Texas Instruments Incorporated está un 15.7% por debajo de su máximo 52s. Fundamentalmente aceptable con ROE 35.2%, deuda neta/EBITDA 0.7x. Técnicamente 🟢 Divergencia alcista RSI, 🟢 Cerca de soporte. Clasificación: descarte.",OK,
RWE.DE,RWE AG                        I,EUROSTOXX,1.0,script-v2.0,1.0,2026-09-30T13:45:57.697931+02:00,49.8,52.0,84.0,24.0,0.0,4.0,43.0,25.0,18.0,1370339.0,4.68,51.8,1.2,25.62,3.4,1.8714,False,67.0,56.3,False,55.52,7.1,True,True,False,Sin señales de recuperación,pass,descarte,pendiente,0.0,desconocido,Pendiente de implementar,ausente,eps_stabilization (media): EPS 2.16 vs 0.03 (Diluted EPS) | dividend_maintained (baja): Dividendo actual 2.02% con caída del 4.1%,incompleto,descarte,55.7,58.27,55.70 - 58.27,52.7,55.07,52.70 - 55.07,Pérdida del soporte en 55.70 | ROE negativo durante 2 trimestres consecutivos | Ampliación de capital dilutiva | Recorte de rating a bono basura,6-12,"RWE AG                        I está un 4.1% por debajo de su máximo 52s. Fundamentalmente aceptable con ROE 8.5%, deuda neta/EBITDA 4.7x. Técnicamente 🟡 MACD convergiendo, 🟢 base_pattern_detected. Clasificación: descarte.","RWE AG                        I está un 4.1% por debajo de su máximo 52s. Fundamentalmente aceptable con ROE 8.5%, deuda neta/EBITDA 4.7x. Técnicamente 🟡 MACD convergiendo, 🟢 base_pattern_detected. Clasificación: descarte.",OK,
MO,"Altria Group, Inc.",SP500,1.0,script-v2.0,1.0,2026-09-30T13:47:28.084518+02:00,49.8,52.3,79.0,29.0,0.0,9.0,42.0,30.0,12.0,8404800.0,1.41,-0.1,14.7,8.69,9.4,0.9093,False,40.7,53.8,False,66.11,4.0,True,False,True,,pass,pendiente_confirmacion,pendiente,0.0,desconocido,Pendiente de implementar,parcial,eps_stabilization (media): EPS 1.37 vs 1.30 (Diluted EPS) | debt_reduction (alta): Deuda 24577.0M vs 24602.0M | dividend_maintained (baja): Dividendo actual 6.46% con caída del 10.8%,incompleto,pendiente_confirmacion,67.57,67.9,67.57 - 67.90,65.24,65.5,65.24 - 65.50,Pérdida del soporte en 67.57 | ROE negativo durante 2 trimestres consecutivos | Ampliación de capital dilutiva | Recorte de rating a bono basura,6-12,"Altria Group, Inc. está un 10.8% por debajo de su máximo 52s. Fundamentalmente aceptable con deuda neta/EBITDA 1.4x, dividendo 6.5%. Técnicamente 🟢 Divergencia alcista RSI, 🟢 Cerca de soporte. Clasificación: pendiente_confirmacion.","Altria Group, Inc. está un 10.8% por debajo de su máximo 52s. Fundamentalmente aceptable con deuda neta/EBITDA 1.4x, dividendo 6.5%. Técnicamente 🟢 Divergencia alcista RSI, 🟢 Cerca de soporte. Clasificación: pendiente_confirmacion.",OK,
ACA.PA,CREDIT AGRICOLE,EUROSTOXX,1.0,script-v2.0,1.0,2026-09-30T13:46:12.989547+02:00,49.7,54.6,69.0,42.0,0.0,4.0,35.0,35.0,0.0,4127884.0,,101.4,,,13.6,0.5188,False,1.8,11.2,False,17.1,3.1,False,False,False,Sin señales de recuperación,pass,descarte,pendiente,0.0,desconocido,Pendiente de implementar,ausente,eps_stabilization (media): EPS 0.59 vs 0.52 (Diluted EPS) | dividend_maintained (baja): Dividendo actual 9.65% con caída del 13.6%,incompleto,descarte,15.91,17.62,15.91 - 17.62,17.09,17.34,17.09 - 17.34,Pérdida del soporte en 15.91 | ROE negativo durante 2 trimestres consecutivos | Ampliación de capital dilutiva | Recorte de rating a bono basura,6-12,"CREDIT AGRICOLE está un 13.6% por debajo de su máximo 52s. Fundamentalmente aceptable con ROE 8.6%, dividendo 9.7%. Técnicamente 🔵 RSI en sobreventa. Clasificación: descarte.","CREDIT AGRICOLE está un 13.6% por debajo de su máximo 52s. Fundamentalmente aceptable con ROE 8.6%, dividendo 9.7%. Técnicamente 🔵 RSI en sobreventa. Clasificación: descarte.",OK,
CA.PA,CARREFOUR,EUROSTOXX,1.0,script-v2.0,1.0,2026-09-30T13:46:01.819425+02:00,49.6,53.1,67.0,41.0,0.0,1.0,39.0,27.0,12.0,1950725.0,4.63,316.0,,8.05,5.5,0.3818,False,1.1,24.8,False,15.23,5.2,True,False,False,Sin señales de recuperación,pass,descarte,pendiente,0.0,desconocido,Pendiente de implementar,ausente,dividend_maintained (baja): Dividendo actual 6.05% con caída del 8.6%,incompleto,descarte,15.57,16.02,15.57 - 16.02,14.91,15.17,14.91 - 15.17,Pérdida del soporte en 15.57 | ROE negativo durante 2 trimestres consecutivos | Ampliación de capital dilutiva | Recorte de rating a bono basura,6-12,"CARREFOUR está un 8.6% por debajo de su máximo 52s. Fundamentalmente aceptable con ROE 8.4%, deuda neta/EBITDA 4.6x. Técnicamente 🟢 Cerca de soporte, 🟢 base_pattern_detected. Clasificación: descarte.","CARREFOUR está un 8.6% por debajo de su máximo 52s. Fundamentalmente aceptable con ROE 8.4%, deuda neta/EBITDA 4.6x. Técnicamente 🟢 Cerca de soporte, 🟢 base_pattern_detected. Clasificación: descarte.",OK,
TGT,Target Corporation,SP500,1.0,script-v2.0,1.0,2026-09-30T13:47:00.325365+02:00,49.5,51.0,91.0,16.0,0.0,7.0,45.0,39.0,6.0,3994042.0,1.6,1.9,-1.0,9.87,8.4,11.1604,False,39.7,43.5,False,129.37,20.9,False,True,False,,pass,descarte,pendiente,0.0,desconocido,Pendiente de implementar,parcial,margin_stabilization (media): Margen gross 33.7% vs 29.0% (+4.7 pp) | eps_stabilization (media): EPS 4.11 vs 1.71 (Diluted EPS) | dividend_maintained (baja): Dividendo actual 2.97% con caída del 8.4%,razonable,descarte,153.76,154.16,153.76 - 154.16,126.39,145.14,126.39 - 145.14,Pérdida del soporte en 153.76 | ROE negativo durante 2 trimestres consecutivos | Ampliación de capital dilutiva | Recorte de rating a bono basura,6-12,"Target Corporation está un 8.4% por debajo de su máximo 52s. Fundamentalmente aceptable con ROE 26.4%, deuda neta/EBITDA 1.6x. Técnicamente 🟡 MACD convergiendo, 🟢 Cerca de soporte. Clasificación: descarte.","Target Corporation está un 8.4% por debajo de su máximo 52s. Fundamentalmente aceptable con ROE 26.4%, deuda neta/EBITDA 1.6x. Técnicamente 🟡 MACD convergiendo, 🟢 Cerca de soporte. Clasificación: descarte.",OK,
8766.T,TOKIO MARINE HOLDINGS INC,ASIA,1.0,script-v2.0,1.0,2026-09-30T13:48:05.032978+02:00,49.5,54.6,61.0,49.0,0.0,1.0,34.0,28.0,6.0,79414791.0,-2.07,243.4,,13.36,0.6,27.5307,False,97.8,82.3,False,365.93,46.9,False,True,False,Sin señales de recuperación,pass,descarte,pendiente,0.0,desconocido,Pendiente de implementar,ausente,dividend_maintained (baja): Dividendo actual 24.31% con caída del 4.8%,incompleto,descarte,374.33,408.1,374.33 - 408.10,357.4,479.85,357.40 - 479.85,Pérdida del soporte en 374.33 | ROE negativo durante 2 trimestres consecutivos | Ampliación de capital dilutiva | Recorte de rating a bono basura,6-12,"TOKIO MARINE HOLDINGS INC está un 4.8% por debajo de su máximo 52s. Fundamentalmente aceptable con deuda neta/EBITDA -2.1x, dividendo 24.3%. Técnicamente 🟢 Divergencia alcista RSI, 🟡 trendline_break. Clasificación: descarte.","TOKIO MARINE HOLDINGS INC está un 4.8% por debajo de su máximo 52s. Fundamentalmente aceptable con deuda neta/EBITDA -2.1x, dividendo 24.3%. Técnicamente 🟢 Divergencia alcista RSI, 🟡 trendline_break. Clasificación: descarte.",OK,
EDP.LS,"EDP, SA",EUROSTOXX,1.0,script-v2.0,1.0,2026-09-30T13:46:29.140610+02:00,49.4,49.9,84.0,20.0,0.0,7.0,48.0,30.0,18.0,7578559.0,5.51,3.7,3.5,11.73,0.5,0.16,False,93.1,80.2,False,4.38,11.2,True,True,False,,pass,descarte,pendiente,0.0,desconocido,Pendiente de implementar,parcial,margin_stabilization (media): Margen gross 39.7% vs 40.0% (-0.3 pp) | eps_stabilization (media): EPS 0.09 vs 0.09 (Diluted EPS) | dividend_maintained (baja): Dividendo actual 4.31% con caída del 0.5%,razonable,descarte,4.42,4.65,4.42 - 4.65,4.17,4.35,4.17 - 4.35,Pérdida del soporte en 4.42 | ROE negativo durante 2 trimestres consecutivos | Ampliación de capital dilutiva | Recorte de rating a bono basura,6-12,"EDP, SA está un 0.5% por debajo de su máximo 52s. Fundamentalmente aceptable con ROE 8.9%, deuda neta/EBITDA 5.5x. Técnicamente 🟢 Cruce alcista MACD, 🟢 base_pattern_detected. Clasificación: descarte.","EDP, SA está un 0.5% por debajo de su máximo 52s. Fundamentalmente aceptable con ROE 8.9%, deuda neta/EBITDA 5.5x. Técnicamente 🟢 Cruce alcista MACD, 🟢 base_pattern_detected. Clasificación: descarte.",OK,
IAG.AX,INSUR.AUST FPO [IAG],ASX,1.0,script-v2.0,1.0,2026-09-30T13:47:49.880618+02:00,49.0,48.4,90.0,12.0,0.0,4.0,51.0,39.0,12.0,4784158.0,0.6,128641.6,,10.22,8.1,0.133,False,43.6,50.1,False,7.53,5.4,True,False,False,Sin señales de recuperación,pass,descarte,pendiente,0.0,desconocido,Pendiente de implementar,ausente,eps_stabilization (media): EPS 0.43 vs 0.39 (annual_eps_fallback) | dividend_maintained (baja): Dividendo actual 4.03% con caída del 8.9%,razonable,descarte,7.72,7.94,7.72 - 7.94,7.41,7.52,7.41 - 7.52,Pérdida del soporte en 7.72 | ROE negativo durante 2 trimestres consecutivos | Ampliación de capital dilutiva | Recorte de rating a bono basura,6-12,"INSUR.AUST FPO [IAG] está un 8.9% por debajo de su máximo 52s. Fundamentalmente aceptable con ROE 15.6%, deuda neta/EBITDA 0.6x. Técnicamente 🟡 MACD convergiendo, 🟢 Cerca de soporte. Clasificación: descarte.","INSUR.AUST FPO [IAG] está un 8.9% por debajo de su máximo 52s. Fundamentalmente aceptable con ROE 15.6%, deuda neta/EBITDA 0.6x. Técnicamente 🟡 MACD convergiendo, 🟢 Cerca de soporte. Clasificación: descarte.",OK,
BDX,"Becton, Dickinson and Company",SP500,1.0,script-v2.0,1.0,2026-09-30T13:46:58.128269+02:00,49.0,51.6,82.0,25.0,0.0,12.0,41.0,35.0,6.0,1801342.0,2.63,-2.7,0.5,10.73,5.2,8.4234,False,59.2,70.0,False,161.43,12.7,False,True,True,,pass,pendiente_confirmacion,pendiente,0.0,desconocido,Pendiente de implementar,confirmada,margin_stabilization (media): Margen gross 46.5% vs 45.7% (+0.8 pp) | eps_stabilization (media): EPS 1.37 vs -1.11 (Diluted EPS) | debt_reduction (alta): Deuda 16808.0M vs 17279.0M | dividend_maintained (baja): Dividendo actual 2.31% con caída del 5.7%,incompleto,pendiente_confirmacion,177.89,178.04,177.89 - 178.04,160.35,164.11,160.35 - 164.11,Pérdida del soporte en 178.04 | ROE negativo durante 2 trimestres consecutivos | Ampliación de capital dilutiva | Recorte de rating a bono basura,6-12,"Becton, Dickinson and Company está un 5.7% por debajo de su máximo 52s. Fundamentalmente aceptable con ROE 6.6%, deuda neta/EBITDA 2.6x. Técnicamente 🟡 MACD convergiendo, 🟢 Cerca de soporte. Clasificación: pendiente_confirmacion.","Becton, Dickinson and Company está un 5.7% por debajo de su máximo 52s. Fundamentalmente aceptable con ROE 6.6%, deuda neta/EBITDA 2.6x. Técnicamente 🟡 MACD convergiendo, 🟢 Cerca de soporte. Clasificación: pendiente_confirmacion.",OK,
SSE.L,SSE PLC ORD 50P,EUROSTOXX,1.0,script-v2.0,1.0,2026-09-30T13:46:43.421461+02:00,48.2,50.6,89.0,17.0,0.0,6.0,41.0,24.0,17.0,2694164.0,3.17,-2.8,,14.24,9.8,13.0382,False,90.4,77.0,False,2468.09,1.1,True,False,True,,pass,pendiente_confirmacion,pendiente,0.0,desconocido,Pendiente de implementar,parcial,debt_reduction (alta): Deuda 10170.4M vs 10467.9M | dividend_maintained (baja): Dividendo actual 0.03% con caída del 9.8%,incompleto,pendiente_confirmacion,2322.55,2403.39,2322.55 - 2403.39,2352.38,2450.56,2352.38 - 2450.56,Pérdida del soporte en 2322.55 | ROE negativo durante 2 trimestres consecutivos | Ampliación de capital dilutiva | Recorte de rating a bono basura,6-12,"SSE PLC ORD 50P está un 9.8% por debajo de su máximo 52s. Fundamentalmente aceptable con ROE 9.7%, deuda neta/EBITDA 3.2x. Técnicamente 🟡 Apoyo en MA40 semanal, 🟢 base_pattern_detected. Clasificación: pendiente_confirmacion.","SSE PLC ORD 50P está un 9.8% por debajo de su máximo 52s. Fundamentalmente aceptable con ROE 9.7%, deuda neta/EBITDA 3.2x. Técnicamente 🟡 Apoyo en MA40 semanal, 🟢 base_pattern_detected. Clasificación: pendiente_confirmacion.",OK,
PRY.MI,PRYSMIAN,EUROSTOXX,1.0,script-v2.0,1.0,2026-09-30T13:46:26.405334+02:00,48.0,50.7,95.0,12.0,0.0,10.0,40.0,28.0,12.0,1142068.0,1.88,1.3,-0.3,18.46,19.9,1.7534,False,66.4,55.3,False,120.25,4.7,True,False,True,,pass,pendiente_confirmacion,pendiente,0.0,desconocido,Pendiente de implementar,parcial,"margin_stabilization (media): Margen gross 35.7% vs 35.5% (+0.3 pp) | eps_stabilization (media): EPS 0.80 vs 0.52 (Diluted EPS) | dividend_maintained (baja): Dividendo actual 0.71% con caída del 19.9% | analyst_upgrade (media): Target 156.53 vs precio 125.90 (+24%), recMean 1.76, recKey buy",incompleto,pendiente_confirmacion,118.25,123.42,118.25 - 123.42,118.69,133.66,118.69 - 133.66,Pérdida del soporte en 118.25 | ROE negativo durante 2 trimestres consecutivos | Ampliación de capital dilutiva | Recorte de rating a bono basura,6-12,"PRYSMIAN está un 19.9% por debajo de su máximo 52s. Fundamentalmente aceptable con ROE 22.4%, deuda neta/EBITDA 1.9x. Técnicamente 🟢 Divergencia alcista RSI, 🟢 base_pattern_detected. Clasificación: pendiente_confirmacion.","PRYSMIAN está un 19.9% por debajo de su máximo 52s. Fundamentalmente aceptable con ROE 22.4%, deuda neta/EBITDA 1.9x. Técnicamente 🟢 Divergencia alcista RSI, 🟢 base_pattern_detected. Clasificación: pendiente_confirmacion.",OK,
RACE.MI,FERRARI,EUROSTOXX,1.0,script-v2.0,1.0,2026-09-30T13:46:26.321081+02:00,48.0,60.0,100.0,25.0,0.0,7.0,12.0,12.0,0.0,430681.0,0.7,8.1,0.0,25.77,27.8,11.7899,False,11.0,17.1,False,315.21,10.8,False,False,False,Sin suelo técnico identificado,pass,descarte,pendiente,0.0,desconocido,Pendiente de implementar,parcial,margin_stabilization (media): Margen gross 52.6% vs 51.8% (+0.8 pp) | eps_stabilization (media): EPS 2.62 vs 2.33 (Diluted EPS) | dividend_maintained (baja): Dividendo actual 1.04% con caída del 19.0%,sin_suelo,descarte,311.01,349.3,311.01 - 349.30,314.84,366.52,314.84 - 366.52,Pérdida del soporte en 311.01 | ROE negativo durante 2 trimestres consecutivos | Ampliación de capital dilutiva | Recorte de rating a bono basura,6-12,"FERRARI está un 19.0% por debajo de su máximo 52s. Fundamentalmente aceptable con ROE 45.4%, deuda neta/EBITDA 0.7x. Técnicamente sin suelo técnico identificado. Clasificación: descarte.","FERRARI está un 19.0% por debajo de su máximo 52s. Fundamentalmente aceptable con ROE 45.4%, deuda neta/EBITDA 0.7x. Técnicamente sin suelo técnico identificado. Clasificación: descarte.",OK,
DBK.DE,DEUTSCHE BANK AG              N,EUROSTOXX,1.0,script-v2.0,1.0,2026-09-30T13:45:56.655207+02:00,47.8,50.7,64.0,39.0,0.0,1.0,39.0,39.0,0.0,4756562.0,,296.4,,,11.2,1.3033,False,21.3,17.6,False,29.73,7.0,False,False,False,Sin señales de recuperación,pass,descarte,pendiente,0.0,desconocido,Pendiente de implementar,ausente,dividend_maintained (baja): Dividendo actual 3.14% con caída del 11.2%,incompleto,descarte,30.21,31.82,30.21 - 31.82,29.84,30.46,29.84 - 30.46,Pérdida del soporte en 30.21 | ROE negativo durante 2 trimestres consecutivos | Ampliación de capital dilutiva | Recorte de rating a bono basura,6-12,"DEUTSCHE BANK AG              N está un 11.2% por debajo de su máximo 52s. Fundamentalmente aceptable con ROE 8.9%, dividendo 3.1%. Técnicamente 🔵 RSI recuperándose de sobreventa, 🟡 MACD convergiendo. Clasificación: descarte.","DEUTSCHE BANK AG              N está un 11.2% por debajo de su máximo 52s. Fundamentalmente aceptable con ROE 8.9%, dividendo 3.1%. Técnicamente 🔵 RSI recuperándose de sobreventa, 🟡 MACD convergiendo. Clasificación: descarte.",OK,
ADP,"Automatic Data Processing, Inc.",SP500,1.0,script-v2.0,1.0,2026-09-30T13:46:57.730161+02:00,47.7,49.9,99.0,7.0,0.0,1.0,41.0,41.0,0.0,2277280.0,0.2,28.4,2.3,16.42,17.5,11.1032,False,17.3,14.7,False,234.5,11.6,False,False,False,Sin señales de recuperación,pass,descarte,pendiente,0.0,desconocido,Pendiente de implementar,ausente,dividend_maintained (baja): Dividendo actual 2.60% con caída del 10.8%,incompleto,descarte,255.27,261.8,255.27 - 261.80,234.99,249.59,234.99 - 249.59,Pérdida del soporte en 255.27 | ROE negativo durante 2 trimestres consecutivos | Ampliación de capital dilutiva | Recorte de rating a bono basura,6-12,"Automatic Data Processing, Inc. está un 10.8% por debajo de su máximo 52s. Fundamentalmente aceptable con ROE 72.2%, deuda neta/EBITDA 0.2x. Técnicamente 🟡 MACD convergiendo, 🟢 Cerca de soporte. Clasificación: descarte.","Automatic Data Processing, Inc. está un 10.8% por debajo de su máximo 52s. Fundamentalmente aceptable con ROE 72.2%, deuda neta/EBITDA 0.2x. Técnicamente 🟡 MACD convergiendo, 🟢 Cerca de soporte. Clasificación: descarte.",OK,
0019.HK,SWIRE PACIFIC A,ASIA,1.0,script-v2.0,1.0,2026-09-30T13:48:12.249075+02:00,47.6,48.5,81.0,20.0,0.0,6.0,45.0,39.0,6.0,1066982.0,4.95,-8.4,,18.26,4.7,6.5333,False,60.0,60.5,False,85.65,20.0,False,True,False,,pass,descarte,pendiente,0.0,desconocido,Pendiente de implementar,parcial,debt_reduction (alta): Deuda 95141.0M vs 103840.0M | dividend_maintained (baja): Dividendo actual 3.89% con caída del 5.3%,razonable,descarte,99.11,101.2,99.11 - 101.20,83.75,92.31,83.75 - 92.31,Pérdida del soporte en 99.11 | ROE negativo durante 2 trimestres consecutivos | Ampliación de capital dilutiva | Recorte de rating a bono basura,6-12,"SWIRE PACIFIC A está un 5.3% por debajo de su máximo 52s. Fundamentalmente aceptable con ROE 3.2%, deuda neta/EBITDA 5.0x. Técnicamente 🟡 MACD convergiendo, 🟢 Cerca de soporte. Clasificación: descarte.","SWIRE PACIFIC A está un 5.3% por debajo de su máximo 52s. Fundamentalmente aceptable con ROE 3.2%, deuda neta/EBITDA 5.0x. Técnicamente 🟡 MACD convergiendo, 🟢 Cerca de soporte. Clasificación: descarte.",OK,
C,"Citigroup, Inc.",SP500,1.0,script-v2.0,1.0,2026-09-30T13:47:05.365800+02:00,47.5,48.6,71.0,29.0,0.0,4.0,44.0,32.0,12.0,10381550.0,,132.2,,,11.1,3.7244,False,6.5,17.3,False,125.38,4.3,True,False,False,Sin señales de recuperación,pass,descarte,pendiente,0.0,desconocido,Pendiente de implementar,ausente,eps_stabilization (media): EPS 3.15 vs 3.06 (Diluted EPS) | dividend_maintained (baja): Dividendo actual 2.05% con caída del 11.6%,incompleto,descarte,128.51,130.8,128.51 - 130.80,124.76,125.77,124.76 - 125.77,Pérdida del soporte en 128.51 | ROE negativo durante 2 trimestres consecutivos | Ampliación de capital dilutiva | Recorte de rating a bono basura,6-12,"Citigroup, Inc. está un 11.6% por debajo de su máximo 52s. Fundamentalmente aceptable con ROE 8.5%, dividendo 2.0%. Técnicamente 🟢 Cerca de soporte, 🟢 base_pattern_detected. Clasificación: descarte.","Citigroup, Inc. está un 11.6% por debajo de su máximo 52s. Fundamentalmente aceptable con ROE 8.5%, dividendo 2.0%. Técnicamente 🟢 Cerca de soporte, 🟢 base_pattern_detected. Clasificación: descarte.",OK,
OR.PA,L'OREAL,EUROSTOXX,1.0,script-v2.0,1.0,2026-09-30T13:46:08.269914+02:00,47.4,50.6,97.0,10.0,0.0,1.0,38.0,33.0,5.0,310227.0,1.22,40.3,,20.81,4.7,3.3982,False,40.4,47.9,False,373.51,2.3,False,False,False,Sin señales de recuperación,pass,descarte,pendiente,0.0,desconocido,Pendiente de implementar,ausente,dividend_maintained (baja): Dividendo actual 1.88% con caída del 5.8%,incompleto,descarte,368.38,382.25,368.38 - 382.25,344.93,372.73,344.93 - 372.73,Pérdida del soporte en 368.38 | ROE negativo durante 2 trimestres consecutivos | Ampliación de capital dilutiva | Recorte de rating a bono basura,6-12,"L'OREAL está un 5.8% por debajo de su máximo 52s. Fundamentalmente aceptable con ROE 19.4%, deuda neta/EBITDA 1.2x. Técnicamente 🟢 Cerca de soporte, 🟡 Apoyo en MA40 semanal. Clasificación: descarte.","L'OREAL está un 5.8% por debajo de su máximo 52s. Fundamentalmente aceptable con ROE 19.4%, deuda neta/EBITDA 1.2x. Técnicamente 🟢 Cerca de soporte, 🟡 Apoyo en MA40 semanal. Clasificación: descarte.",OK,
PFE,"Pfizer, Inc.",SP500,1.0,script-v2.0,1.0,2026-09-30T13:47:17.968125+02:00,47.2,48.0,80.0,20.0,0.0,6.0,45.0,39.0,6.0,37400034.0,2.04,-0.4,1.4,8.5,1.7,0.885,False,90.7,90.1,False,25.95,10.7,False,True,False,,pass,descarte,pendiente,0.0,desconocido,Pendiente de implementar,parcial,debt_reduction (alta): Deuda 63480.0M vs 63730.0M | dividend_maintained (baja): Dividendo actual 5.99% con caída del 1.7%,razonable,descarte,27.11,27.41,27.11 - 27.41,24.83,25.75,24.83 - 25.75,Pérdida del soporte en 27.41 | ROE negativo durante 2 trimestres consecutivos | Ampliación de capital dilutiva | Recorte de rating a bono basura,6-12,"Pfizer, Inc. está un 1.7% por debajo de su máximo 52s. Fundamentalmente aceptable con ROE 5.0%, deuda neta/EBITDA 2.0x. Técnicamente 🟢 Cruce alcista MACD, 🟢 Cerca de soporte. Clasificación: descarte.","Pfizer, Inc. está un 1.7% por debajo de su máximo 52s. Fundamentalmente aceptable con ROE 5.0%, deuda neta/EBITDA 2.0x. Técnicamente 🟢 Cruce alcista MACD, 🟢 Cerca de soporte. Clasificación: descarte.",OK,
DGE.L,DIAGEO PLC ORD 28 101/108P,EUROSTOXX,1.0,script-v2.0,1.0,2026-09-30T13:46:44.198443+02:00,47.0,45.1,76.0,18.0,0.0,9.0,53.0,48.0,5.0,4465708.0,3.18,-5.6,,9.07,39.1,12.8067,False,55.5,47.6,False,1592.4,2.3,False,False,False,,pass,descarte,pendiente,0.0,desconocido,Pendiente de implementar,parcial,"debt_reduction (alta): Deuda 22196.0M vs 23512.0M | dividend_maintained (baja): Dividendo actual 0.03% con caída del 14.4% | analyst_upgrade (media): Target 2026.18 vs precio 1629.50 (+24%), recMean 2.00, recKey buy",razonable,descarte,1607.24,1629.5,1607.24 - 1629.50,1590.65,1618.32,1590.65 - 1618.32,Pérdida del soporte en 1607.24 | ROE negativo durante 2 trimestres consecutivos | Ampliación de capital dilutiva | Recorte de rating a bono basura,6-12,"DIAGEO PLC ORD 28 101/108P está un 14.4% por debajo de su máximo 52s. Fundamentalmente aceptable con ROE 15.0%, deuda neta/EBITDA 3.2x. Técnicamente 🟢 Cruce alcista MACD, 🟢 Cerca de soporte. Clasificación: descarte.","DIAGEO PLC ORD 28 101/108P está un 14.4% por debajo de su máximo 52s. Fundamentalmente aceptable con ROE 15.0%, deuda neta/EBITDA 3.2x. Técnicamente 🟢 Cruce alcista MACD, 🟢 Cerca de soporte. Clasificación: descarte.",OK,
BAS.DE,BASF SE                       N,EUROSTOXX,1.0,script-v2.0,1.0,2026-09-30T13:45:48.726808+02:00,47.0,44.9,70.0,23.0,0.0,4.0,53.0,36.0,17.0,1813271.0,2.86,12.7,-1.0,9.62,7.3,0.9595,False,23.1,17.1,False,48.94,3.0,True,False,False,Sin señales de recuperación,pass,descarte,pendiente,0.0,desconocido,Pendiente de implementar,ausente,eps_stabilization (media): EPS 4.78 vs 1.06 (Diluted EPS) | dividend_maintained (baja): Dividendo actual 4.47% con caída del 8.5%,razonable,descarte,47.36,50.38,47.36 - 50.38,46.79,48.7,46.79 - 48.70,Pérdida del soporte en 47.36 | ROE negativo durante 2 trimestres consecutivos | Ampliación de capital dilutiva | Recorte de rating a bono basura,6-12,"BASF SE                       N está un 8.5% por debajo de su máximo 52s. Fundamentalmente aceptable con ROE 6.1%, deuda neta/EBITDA 2.9x. Técnicamente 🟡 MACD convergiendo, 🟡 Apoyo en MA40 semanal. Clasificación: descarte.","BASF SE                       N está un 8.5% por debajo de su máximo 52s. Fundamentalmente aceptable con ROE 6.1%, deuda neta/EBITDA 2.9x. Técnicamente 🟡 MACD convergiendo, 🟡 Apoyo en MA40 semanal. Clasificación: descarte.",OK,
9432.T,NTT INC,ASIA,1.0,script-v2.0,1.0,2026-09-30T13:47:56.859074+02:00,46.8,51.1,73.0,32.0,0.0,4.0,34.0,16.0,18.0,233790348.0,4.03,11.8,,7.89,3.2,6.4183,False,54.3,54.5,False,153.17,12.0,True,True,False,Sin señales de recuperación,pass,descarte,pendiente,0.0,desconocido,Pendiente de implementar,ausente,eps_stabilization (media): EPS 3.38 vs 3.14 (Diluted EPS) | dividend_maintained (baja): Dividendo actual 3.15% con caída del 4.7%,incompleto,descarte,162.37,164.76,162.37 - 164.76,152.51,153.08,152.51 - 153.08,Pérdida del soporte en 164.76 | ROE negativo durante 2 trimestres consecutivos | Ampliación de capital dilutiva | Recorte de rating a bono basura,6-12,"NTT INC está un 4.7% por debajo de su máximo 52s. Fundamentalmente aceptable con ROE 10.7%, deuda neta/EBITDA 4.0x. Técnicamente 🟢 Cerca de soporte, 🟢 base_pattern_detected. Clasificación: descarte.","NTT INC está un 4.7% por debajo de su máximo 52s. Fundamentalmente aceptable con ROE 10.7%, deuda neta/EBITDA 4.0x. Técnicamente 🟢 Cerca de soporte, 🟢 base_pattern_detected. Clasificación: descarte.",OK,
DB1.DE,DEUTSCHE BOERSE AG            N,EUROSTOXX,1.0,script-v2.0,1.0,2026-09-30T13:45:55.647912+02:00,46.2,46.7,100.0,0.0,0.0,9.0,45.0,39.0,6.0,296765.0,1.32,-35.4,29.6,16.9,1.4,12.0562,False,78.7,83.7,False,247.9,16.1,False,True,False,,pass,descarte,pendiente,0.0,desconocido,Pendiente de implementar,parcial,eps_stabilization (media): EPS 3.21 vs 2.68 (Diluted EPS) | debt_reduction (alta): Deuda 6187.0M vs 9583.0M | dividend_maintained (baja): Dividendo actual 1.46% con caída del 1.4%,razonable,descarte,274.17,277.12,274.17 - 277.12,246.1,248.03,246.10 - 248.03,Pérdida del soporte en 274.17 | ROE negativo durante 2 trimestres consecutivos | Ampliación de capital dilutiva | Recorte de rating a bono basura,6-12,"DEUTSCHE BOERSE AG            N está un 1.4% por debajo de su máximo 52s. Fundamentalmente aceptable con ROE 20.4%, deuda neta/EBITDA 1.3x. Técnicamente 🟢 Cruce alcista MACD, 🟢 Cerca de soporte. Clasificación: descarte.","DEUTSCHE BOERSE AG            N está un 1.4% por debajo de su máximo 52s. Fundamentalmente aceptable con ROE 20.4%, deuda neta/EBITDA 1.3x. Técnicamente 🟢 Cruce alcista MACD, 🟢 Cerca de soporte. Clasificación: descarte.",OK,
AIR.PA,AIRBUS SE,EUROSTOXX,1.0,script-v2.0,1.0,2026-09-30T13:45:59.959461+02:00,46.0,44.7,90.0,5.0,0.0,10.0,50.0,45.0,5.0,974825.0,0.13,30.4,0.9,16.88,11.8,3.5626,False,30.0,31.5,False,187.85,2.0,False,False,False,,pass,descarte,pendiente,0.0,desconocido,Pendiente de implementar,parcial,"margin_stabilization (media): Margen gross 18.4% vs 12.3% (+6.1 pp) | eps_stabilization (media): EPS 2.10 vs 0.74 (Diluted EPS) | dividend_maintained (baja): Dividendo actual 1.67% con caída del 13.4% | analyst_upgrade (media): Target 230.96 vs precio 191.54 (+21%), recMean 1.79, recKey buy",razonable,descarte,191.04,191.54,191.04 - 191.54,188.11,188.24,188.11 - 188.24,Pérdida del soporte en 191.04 | ROE negativo durante 2 trimestres consecutivos | Ampliación de capital dilutiva | Recorte de rating a bono basura,6-12,"AIRBUS SE está un 13.4% por debajo de su máximo 52s. Fundamentalmente aceptable con ROE 23.2%, deuda neta/EBITDA 0.1x. Técnicamente 🟡 MACD convergiendo, 🟢 Cerca de soporte. Clasificación: descarte.","AIRBUS SE está un 13.4% por debajo de su máximo 52s. Fundamentalmente aceptable con ROE 23.2%, deuda neta/EBITDA 0.1x. Técnicamente 🟡 MACD convergiendo, 🟢 Cerca de soporte. Clasificación: descarte.",OK,
NESTE.HE,Neste Corporation,EUROSTOXX,1.0,script-v2.0,1.0,2026-09-30T13:46:31.456487+02:00,45.9,55.2,100.0,16.0,0.0,12.0,18.0,12.0,6.0,1243538.0,1.33,-9.8,5.0,10.61,9.0,2.316,False,26.0,38.4,False,27.24,20.1,False,True,False,Sin suelo técnico identificado,pass,descarte,pendiente,0.0,desconocido,Pendiente de implementar,confirmada,margin_stabilization (media): Margen gross 21.4% vs 19.4% (+2.0 pp) | eps_stabilization (media): EPS 0.99 vs 0.69 (Diluted EPS) | debt_reduction (alta): Deuda 4698.0M vs 5207.0M | dividend_maintained (baja): Dividendo actual 0.61% con caída del 9.0%,sin_suelo,descarte,31.04,31.82,31.04 - 31.82,26.76,30.55,26.76 - 30.55,Pérdida del soporte en 31.04 | ROE negativo durante 2 trimestres consecutivos | Ampliación de capital dilutiva | Recorte de rating a bono basura,6-12,"Neste Corporation está un 9.0% por debajo de su máximo 52s. Fundamentalmente aceptable con ROE 19.4%, deuda neta/EBITDA 1.3x. Técnicamente 🟡 trendline_break. Clasificación: descarte.","Neste Corporation está un 9.0% por debajo de su máximo 52s. Fundamentalmente aceptable con ROE 19.4%, deuda neta/EBITDA 1.3x. Técnicamente 🟡 trendline_break. Clasificación: descarte.",OK,
8001.T,ITOCHU CORP,ASIA,1.0,script-v2.0,1.0,2026-09-30T13:48:07.708743+02:00,45.8,45.1,84.0,11.0,0.0,1.0,48.0,30.0,18.0,15121596.0,4.72,15.3,,21.41,7.1,80.9499,False,23.5,13.3,False,2014.95,9.6,True,True,False,Sin señales de recuperación,pass,descarte,pendiente,0.0,desconocido,Pendiente de implementar,ausente,dividend_maintained (baja): Dividendo actual 1.99% con caída del 8.0%,razonable,descarte,2074.79,2093.97,2074.79 - 2093.97,1989.85,2039.15,1989.85 - 2039.15,Pérdida del soporte en 2074.79 | ROE negativo durante 2 trimestres consecutivos | Ampliación de capital dilutiva | Recorte de rating a bono basura,6-12,"ITOCHU CORP está un 8.0% por debajo de su máximo 52s. Fundamentalmente aceptable con ROE 14.1%, deuda neta/EBITDA 4.7x. Técnicamente 🟡 MACD convergiendo, 🟢 base_pattern_detected. Clasificación: descarte.","ITOCHU CORP está un 8.0% por debajo de su máximo 52s. Fundamentalmente aceptable con ROE 14.1%, deuda neta/EBITDA 4.7x. Técnicamente 🟡 MACD convergiendo, 🟢 base_pattern_detected. Clasificación: descarte.",OK,
BHP.L,BHP GROUP LIMITED ORD NPV (DI),EUROSTOXX,1.0,script-v2.0,1.0,2026-09-30T13:46:41.484712+02:00,45.8,48.7,93.0,10.0,0.0,4.0,37.0,25.0,12.0,828976.0,0.33,1.4,,5.93,10.7,125.6984,False,57.7,36.9,False,2963.66,8.2,True,False,False,Sin señales de recuperación,pass,descarte,pendiente,0.0,desconocido,Pendiente de implementar,ausente,eps_stabilization (media): EPS 1.93 vs 1.77 (annual_eps_fallback) | dividend_maintained (baja): Dividendo actual 0.04% con caída del 10.7%,incompleto,descarte,3034.79,3207.0,3034.79 - 3207.00,2941.41,3053.2,2941.41 - 3053.20,Pérdida del soporte en 3034.79 | ROE negativo durante 2 trimestres consecutivos | Ampliación de capital dilutiva | Recorte de rating a bono basura,6-12,"BHP GROUP LIMITED ORD NPV (DI) está un 10.7% por debajo de su máximo 52s. Fundamentalmente aceptable con ROE 24.0%, deuda neta/EBITDA 0.3x. Técnicamente 🟡 MACD convergiendo, 🟢 base_pattern_detected. Clasificación: descarte.","BHP GROUP LIMITED ORD NPV (DI) está un 10.7% por debajo de su máximo 52s. Fundamentalmente aceptable con ROE 24.0%, deuda neta/EBITDA 0.3x. Técnicamente 🟡 MACD convergiendo, 🟢 base_pattern_detected. Clasificación: descarte.",OK,
CAT,"Caterpillar, Inc.",SP500,1.0,script-v2.0,1.0,2026-09-30T13:47:13.314990+02:00,45.7,44.3,72.0,20.0,0.0,7.0,50.0,33.0,17.0,2729974.0,2.41,4.8,-2.7,25.79,22.9,12.5446,False,94.5,88.2,False,802.79,3.0,True,False,False,,pass,descarte,pendiente,0.0,desconocido,Pendiente de implementar,parcial,margin_stabilization (media): Margen gross 36.0% vs 33.1% (+2.9 pp) | eps_stabilization (media): EPS 7.77 vs 5.47 (Diluted EPS) | dividend_maintained (baja): Dividendo actual 0.79% con caída del 23.0%,razonable,descarte,781.51,826.64,781.51 - 826.64,789.93,912.44,789.93 - 912.44,Pérdida del soporte en 781.51 | ROE negativo durante 2 trimestres consecutivos | Ampliación de capital dilutiva | Recorte de rating a bono basura,6-12,"Caterpillar, Inc. está un 23.0% por debajo de su máximo 52s. Fundamentalmente aceptable con ROE 57.0%, deuda neta/EBITDA 2.4x. Técnicamente 🟢 Divergencia alcista RSI, 🟡 Apoyo en MA40 semanal. Clasificación: descarte.","Caterpillar, Inc. está un 23.0% por debajo de su máximo 52s. Fundamentalmente aceptable con ROE 57.0%, deuda neta/EBITDA 2.4x. Técnicamente 🟢 Divergencia alcista RSI, 🟡 Apoyo en MA40 semanal. Clasificación: descarte.",OK,
TIT.MI,TELECOM ITALIA,EUROSTOXX,1.0,script-v2.0,1.0,2026-09-30T13:46:24.401564+02:00,45.6,41.5,34.0,48.0,0.0,8.0,58.0,53.0,5.0,10918324.0,2.98,-7.6,5.8,7.24,16.5,0.2337,False,5.9,9.8,False,6.88,-0.6,False,False,False,,pass,descarte,pendiente,0.0,desconocido,Pendiente de implementar,parcial,margin_stabilization (media): Margen gross 44.3% vs 43.2% (+1.1 pp) | debt_reduction (alta): Deuda 13523.0M vs 14636.0M,razonable,descarte,6.54,6.84,6.54 - 6.84,6.83,6.96,6.83 - 6.96,Pérdida del soporte en 6.54 | ROE negativo durante 2 trimestres consecutivos | Ampliación de capital dilutiva | Recorte de rating a bono basura,6-12,"TELECOM ITALIA está un 16.5% por debajo de su máximo 52s. Fundamentalmente aceptable con ROE 3.9%, deuda neta/EBITDA 3.0x. Técnicamente 🔵 RSI en sobreventa, 🟢 Divergencia alcista RSI. Clasificación: descarte.","TELECOM ITALIA está un 16.5% por debajo de su máximo 52s. Fundamentalmente aceptable con ROE 3.9%, deuda neta/EBITDA 3.0x. Técnicamente 🔵 RSI en sobreventa, 🟢 Divergencia alcista RSI. Clasificación: descarte.",OK,
GALP.LS,GALP ENERGIA-NOM,EUROSTOXX,1.0,script-v2.0,1.0,2026-09-30T13:46:30.605518+02:00,45.6,49.9,100.0,6.0,0.0,7.0,33.0,15.0,18.0,1520968.0,0.68,5.4,15.5,5.88,3.5,1.0859,False,59.2,70.4,False,18.9,18.4,True,True,True,,pass,pendiente_confirmacion,pendiente,0.0,desconocido,Pendiente de implementar,parcial,margin_stabilization (media): Margen gross 19.6% vs 15.6% (+4.0 pp) | eps_stabilization (media): EPS 1.05 vs -0.15 (Diluted EPS) | dividend_maintained (baja): Dividendo actual 3.04% con caída del 3.5%,incompleto,pendiente_confirmacion,20.73,20.96,20.73 - 20.96,18.71,19.7,18.71 - 19.70,Pérdida del soporte en 20.73 | ROE negativo durante 2 trimestres consecutivos | Ampliación de capital dilutiva | Recorte de rating a bono basura,6-12,"GALP ENERGIA-NOM está un 3.5% por debajo de su máximo 52s. Fundamentalmente aceptable con ROE 24.9%, deuda neta/EBITDA 0.7x. Técnicamente 🟢 base_pattern_detected, 🟡 trendline_break. Clasificación: pendiente_confirmacion.","GALP ENERGIA-NOM está un 3.5% por debajo de su máximo 52s. Fundamentalmente aceptable con ROE 24.9%, deuda neta/EBITDA 0.7x. Técnicamente 🟢 base_pattern_detected, 🟡 trendline_break. Clasificación: pendiente_confirmacion.",OK,
BHP.AX,BHP GROUP FPO [BHP],ASX,1.0,script-v2.0,1.0,2026-09-30T13:47:38.994617+02:00,45.5,48.3,100.0,3.0,0.0,4.0,37.0,25.0,12.0,7226732.0,0.33,1.4,,10.81,9.6,2.4519,False,49.7,32.7,False,55.46,9.7,True,False,False,Sin señales de recuperación,pass,descarte,pendiente,0.0,desconocido,Pendiente de implementar,ausente,eps_stabilization (media): EPS 1.93 vs 1.77 (annual_eps_fallback) | dividend_maintained (baja): Dividendo actual 3.98% con caída del 11.6%,incompleto,descarte,56.59,60.82,56.59 - 60.82,55.16,58.45,55.16 - 58.45,Pérdida del soporte en 56.59 | ROE negativo durante 2 trimestres consecutivos | Ampliación de capital dilutiva | Recorte de rating a bono basura,6-12,"BHP GROUP FPO [BHP] está un 11.6% por debajo de su máximo 52s. Fundamentalmente aceptable con ROE 24.0%, deuda neta/EBITDA 0.3x. Técnicamente 🟡 MACD convergiendo, 🟢 base_pattern_detected. Clasificación: descarte.","BHP GROUP FPO [BHP] está un 11.6% por debajo de su máximo 52s. Fundamentalmente aceptable con ROE 24.0%, deuda neta/EBITDA 0.3x. Técnicamente 🟡 MACD convergiendo, 🟢 base_pattern_detected. Clasificación: descarte.",OK,
CSL.AX,CSL FPO [CSL],ASX,1.0,script-v2.0,1.0,2026-09-30T13:47:39.717949+02:00,45.3,51.4,77.0,29.0,0.0,6.0,27.0,21.0,6.0,1315084.0,1.85,-8.9,-1.0,19.34,36.8,10.3684,False,94.6,95.7,False,140.28,31.3,False,True,True,,pass,pendiente_confirmacion,pendiente,0.0,desconocido,Pendiente de implementar,parcial,debt_reduction (alta): Deuda 10896.0M vs 11964.0M | dividend_maintained (baja): Dividendo actual 2.20% con caída del 17.2%,incompleto,pendiente_confirmacion,156.26,174.69,156.26 - 174.69,140.62,189.1,140.62 - 189.10,Pérdida del soporte en 174.69 | ROE negativo durante 2 trimestres consecutivos | Ampliación de capital dilutiva | Recorte de rating a bono basura,6-12,"CSL FPO [CSL] está un 17.2% por debajo de su máximo 52s. Fundamentalmente aceptable con ROE -15.8%, deuda neta/EBITDA 1.9x. Técnicamente 🟡 MACD convergiendo, 🟡 trendline_break. Clasificación: pendiente_confirmacion.","CSL FPO [CSL] está un 17.2% por debajo de su máximo 52s. Fundamentalmente aceptable con ROE -15.8%, deuda neta/EBITDA 1.9x. Técnicamente 🟡 MACD convergiendo, 🟡 trendline_break. Clasificación: pendiente_confirmacion.",OK,
055550.KS,ShinhanGroup,ASIA,1.0,script-v2.0,1.0,2026-09-30T13:48:20.681894+02:00,45.3,45.8,73.0,22.0,0.0,7.0,44.0,32.0,12.0,1184899.0,,61.9,,,8.9,4699.9116,False,6.2,20.3,False,97927.15,8.3,True,False,True,,pass,pendiente_confirmacion,pendiente,0.0,desconocido,Pendiente de implementar,parcial,"eps_stabilization (media): EPS 3750.00 vs 3327.00 (Diluted EPS) | dividend_maintained (baja): Dividendo actual 2.79% con caída del 8.9% | analyst_upgrade (media): Target 132894.73 vs precio 106100.00 (+25%), recMean 1.40, recKey strong_buy",incompleto,pendiente_confirmacion,102645.75,106100.0,102645.75 - 106100.00,95292.59,99025.0,95292.59 - 99025.00,Pérdida del soporte en 102645.75 | ROE negativo durante 2 trimestres consecutivos | Ampliación de capital dilutiva | Recorte de rating a bono basura,6-12,"ShinhanGroup está un 8.9% por debajo de su máximo 52s. Fundamentalmente aceptable con ROE 8.9%, dividendo 2.8%. Técnicamente 🟢 Cerca de soporte, 🟢 base_pattern_detected. Clasificación: pendiente_confirmacion.","ShinhanGroup está un 8.9% por debajo de su máximo 52s. Fundamentalmente aceptable con ROE 8.9%, dividendo 2.8%. Técnicamente 🟢 Cerca de soporte, 🟢 base_pattern_detected. Clasificación: pendiente_confirmacion.",OK,
LLOY.L,LLOYDS BANKING GROUP PLC ORD 10,EUROSTOXX,1.0,script-v2.0,1.0,2026-09-30T13:46:39.247325+02:00,45.2,42.7,64.0,24.0,0.0,4.0,53.0,53.0,0.0,144539785.0,,66.3,,,8.8,2.751,False,21.5,24.8,False,104.34,3.0,False,False,False,Sin señales de recuperación,pass,descarte,pendiente,0.0,desconocido,Pendiente de implementar,ausente,eps_stabilization (media): EPS 0.02 vs 0.02 (Diluted EPS) | dividend_maintained (baja): Dividendo actual 0.04% con caída del 8.8%,razonable,descarte,96.34,107.5,96.34 - 107.50,100.22,104.11,100.22 - 104.11,Pérdida del soporte en 96.34 | ROE negativo durante 2 trimestres consecutivos | Ampliación de capital dilutiva | Recorte de rating a bono basura,6-12,"LLOYDS BANKING GROUP PLC ORD 10 está un 8.8% por debajo de su máximo 52s. Fundamentalmente aceptable con ROE 11.3%, dividendo 0.0%. Técnicamente 🔵 RSI recuperándose de sobreventa, 🟢 Divergencia alcista RSI. Clasificación: descarte.","LLOYDS BANKING GROUP PLC ORD 10 está un 8.8% por debajo de su máximo 52s. Fundamentalmente aceptable con ROE 11.3%, dividendo 0.0%. Técnicamente 🔵 RSI recuperándose de sobreventa, 🟢 Divergencia alcista RSI. Clasificación: descarte.",OK,
EMR,Emerson Electric Company,SP500,1.0,script-v2.0,1.0,2026-09-30T13:46:55.184407+02:00,45.1,46.2,99.0,0.0,0.0,12.0,42.0,24.0,18.0,2512279.0,1.92,-1.8,0.0,16.4,5.2,4.6356,False,80.8,88.5,False,144.34,8.9,True,True,True,,pass,pendiente_confirmacion,pendiente,0.0,desconocido,Pendiente de implementar,confirmada,margin_stabilization (media): Margen gross 54.5% vs 53.1% (+1.4 pp) | eps_stabilization (media): EPS 1.28 vs 1.10 (Diluted EPS) | debt_reduction (alta): Deuda 13802.0M vs 14057.0M | dividend_maintained (baja): Dividendo actual 1.41% con caída del 5.5%,incompleto,pendiente_confirmacion,153.43,154.34,153.43 - 154.34,141.4,143.49,141.40 - 143.49,Pérdida del soporte en 154.34 | ROE negativo durante 2 trimestres consecutivos | Ampliación de capital dilutiva | Recorte de rating a bono basura,6-12,"Emerson Electric Company está un 5.5% por debajo de su máximo 52s. Fundamentalmente aceptable con ROE 12.8%, deuda neta/EBITDA 1.9x. Técnicamente 🟢 Cerca de soporte, 🟢 base_pattern_detected. Clasificación: pendiente_confirmacion.","Emerson Electric Company está un 5.5% por debajo de su máximo 52s. Fundamentalmente aceptable con ROE 12.8%, deuda neta/EBITDA 1.9x. Técnicamente 🟢 Cerca de soporte, 🟢 base_pattern_detected. Clasificación: pendiente_confirmacion.",OK,
MSFT,Microsoft Corporation,SP500,1.0,script-v2.0,1.0,2026-09-30T13:47:34.838302+02:00,45.1,42.5,91.0,0.0,0.0,7.0,53.0,35.0,18.0,29097958.0,0.27,126.1,-0.0,19.73,7.5,24.1573,False,68.7,76.2,False,429.68,18.5,True,True,False,,pass,descarte,pendiente,0.0,desconocido,Pendiente de implementar,parcial,margin_stabilization (media): Margen gross 67.2% vs 67.6% (-0.4 pp) | eps_stabilization (media): EPS 4.81 vs 4.27 (Diluted EPS) | dividend_maintained (baja): Dividendo actual 0.77% con caída del 8.1%,razonable,descarte,479.88,487.52,479.88 - 487.52,430.88,470.66,430.88 - 470.66,Pérdida del soporte en 487.52 | ROE negativo durante 2 trimestres consecutivos | Ampliación de capital dilutiva | Recorte de rating a bono basura,6-12,"Microsoft Corporation está un 8.1% por debajo de su máximo 52s. Fundamentalmente aceptable con ROE 34.0%, deuda neta/EBITDA 0.3x. Técnicamente 🟡 MACD convergiendo, 🟢 Cerca de soporte. Clasificación: descarte.","Microsoft Corporation está un 8.1% por debajo de su máximo 52s. Fundamentalmente aceptable con ROE 34.0%, deuda neta/EBITDA 0.3x. Técnicamente 🟡 MACD convergiendo, 🟢 Cerca de soporte. Clasificación: descarte.",OK,
CL,Colgate-Palmolive Company,SP500,1.0,script-v2.0,1.0,2026-09-30T13:46:54.835992+02:00,45.1,41.8,77.0,11.0,0.0,12.0,55.0,50.0,5.0,4681323.0,1.29,-1.5,0.0,15.18,13.0,0.0434,False,25.7,23.6,False,88.53,-2.3,False,False,False,,pass,descarte,pendiente,0.0,desconocido,Pendiente de implementar,confirmada,margin_stabilization (media): Margen gross 61.5% vs 60.6% (+0.9 pp) | eps_stabilization (media): EPS 0.86 vs 0.80 (Diluted EPS) | debt_reduction (alta): Deuda 7857.0M vs 7973.0M | dividend_maintained (baja): Dividendo actual 2.45% con caída del 13.0%,razonable,descarte,82.14,86.46,82.14 - 86.46,84.43,87.71,84.43 - 87.71,Pérdida del soporte en 82.14 | ROE negativo durante 2 trimestres consecutivos | Ampliación de capital dilutiva | Recorte de rating a bono basura,6-12,"Colgate-Palmolive Company está un 13.0% por debajo de su máximo 52s. Fundamentalmente aceptable con ROE 267.4%, deuda neta/EBITDA 1.3x. Técnicamente 🔵 RSI recuperándose de sobreventa, 🟡 MACD convergiendo. Clasificación: descarte.","Colgate-Palmolive Company está un 13.0% por debajo de su máximo 52s. Fundamentalmente aceptable con ROE 267.4%, deuda neta/EBITDA 1.3x. Técnicamente 🔵 RSI recuperándose de sobreventa, 🟡 MACD convergiendo. Clasificación: descarte.",OK,
7267.T,HONDA MOTOR CO,ASIA,1.0,script-v2.0,1.0,2026-09-30T13:48:02.697509+02:00,45.1,43.5,52.0,36.0,0.0,7.0,50.0,44.0,6.0,16635921.0,6.92,225.1,0.1,12.2,2.8,74.9632,False,72.3,70.0,False,1469.41,14.5,False,True,False,,pass,descarte,pendiente,0.0,desconocido,Pendiente de implementar,parcial,margin_stabilization (media): Margen gross 22.2% vs 6.4% (+15.8 pp) | eps_stabilization (media): EPS 115.84 vs 46.80 (Diluted EPS) | dividend_maintained (baja): Dividendo actual 4.16% con caída del 4.8%,razonable,descarte,1604.87,1628.25,1604.87 - 1628.25,1462.36,1501.52,1462.36 - 1501.52,Pérdida del soporte en 1604.87 | ROE negativo durante 2 trimestres consecutivos | Ampliación de capital dilutiva | Recorte de rating a bono basura,6-12,"HONDA MOTOR CO está un 4.8% por debajo de su máximo 52s. Fundamentalmente aceptable con ROE -0.8%, deuda neta/EBITDA 6.9x. Técnicamente 🟢 Cruce alcista MACD, 🟢 Cerca de soporte. Clasificación: descarte.","HONDA MOTOR CO está un 4.8% por debajo de su máximo 52s. Fundamentalmente aceptable con ROE -0.8%, deuda neta/EBITDA 6.9x. Técnicamente 🟢 Cruce alcista MACD, 🟢 Cerca de soporte. Clasificación: descarte.",OK,
NOVN.SW,NOVARTIS N,EUROSTOXX,1.0,script-v2.0,1.0,2026-09-30T13:46:34.085624+02:00,45.0,47.3,90.0,10.0,0.0,7.0,38.0,33.0,5.0,2697683.0,1.79,4.3,0.2,11.76,8.7,1.0189,False,86.7,88.9,False,119.72,1.2,False,False,True,,pass,pendiente_confirmacion,pendiente,0.0,desconocido,Pendiente de implementar,parcial,margin_stabilization (media): Margen gross 75.2% vs 74.4% (+0.8 pp) | eps_stabilization (media): EPS 1.71 vs 1.65 (Diluted EPS) | dividend_maintained (baja): Dividendo actual 3.05% con caída del 8.7%,incompleto,pendiente_confirmacion,117.82,121.14,117.82 - 121.14,112.78,118.96,112.78 - 118.96,Pérdida del soporte en 117.82 | ROE negativo durante 2 trimestres consecutivos | Ampliación de capital dilutiva | Recorte de rating a bono basura,6-12,"NOVARTIS N está un 8.7% por debajo de su máximo 52s. Fundamentalmente aceptable con ROE 30.3%, deuda neta/EBITDA 1.8x. Técnicamente 🟢 Cerca de soporte, 🟡 Apoyo en MA40 semanal. Clasificación: pendiente_confirmacion.","NOVARTIS N está un 8.7% por debajo de su máximo 52s. Fundamentalmente aceptable con ROE 30.3%, deuda neta/EBITDA 1.8x. Técnicamente 🟢 Cerca de soporte, 🟡 Apoyo en MA40 semanal. Clasificación: pendiente_confirmacion.",OK,
BP.L,BP PLC $0.25,EUROSTOXX,1.0,script-v2.0,1.0,2026-09-30T13:46:36.565700+02:00,44.8,49.8,85.0,19.0,0.0,9.0,30.0,12.0,18.0,45815896.0,0.9,-2.0,8.5,3.54,10.5,12.264,False,31.8,46.2,False,519.37,5.0,True,True,True,,pass,pendiente_confirmacion,pendiente,0.0,desconocido,Pendiente de implementar,parcial,eps_stabilization (media): EPS 0.25 vs 0.25 (Diluted EPS) | debt_reduction (alta): Deuda 72693.0M vs 74178.0M | dividend_maintained (baja): Dividendo actual 0.05% con caída del 10.5%,incompleto,pendiente_confirmacion,512.28,542.71,512.28 - 542.71,514.22,517.99,514.22 - 517.99,Pérdida del soporte en 512.28 | ROE negativo durante 2 trimestres consecutivos | Ampliación de capital dilutiva | Recorte de rating a bono basura,6-12,"BP PLC $0.25 está un 10.5% por debajo de su máximo 52s. Fundamentalmente aceptable con ROE 8.9%, deuda neta/EBITDA 0.9x. Técnicamente 🟢 base_pattern_detected, 🟡 trendline_break. Clasificación: pendiente_confirmacion.","BP PLC $0.25 está un 10.5% por debajo de su máximo 52s. Fundamentalmente aceptable con ROE 8.9%, deuda neta/EBITDA 0.9x. Técnicamente 🟢 base_pattern_detected, 🟡 trendline_break. Clasificación: pendiente_confirmacion.",OK,
AI.PA,AIR LIQUIDE,EUROSTOXX,1.0,script-v2.0,1.0,2026-09-30T13:45:59.686209+02:00,44.5,43.4,93.0,0.0,0.0,4.0,48.0,48.0,0.0,749751.0,1.99,36.4,,16.19,6.8,2.2204,False,84.8,75.5,False,161.32,5.3,False,False,False,Sin señales de recuperación,pass,descarte,pendiente,0.0,desconocido,Pendiente de implementar,ausente,eps_stabilization (media): EPS 6.08 vs 5.20 (annual_eps_fallback) | dividend_maintained (baja): Dividendo actual 1.98% con caída del 6.8%,razonable,descarte,164.05,169.61,164.05 - 169.61,154.92,160.46,154.92 - 160.46,Pérdida del soporte en 164.05 | ROE negativo durante 2 trimestres consecutivos | Ampliación de capital dilutiva | Recorte de rating a bono basura,6-12,"AIR LIQUIDE está un 6.8% por debajo de su máximo 52s. Fundamentalmente aceptable con ROE 14.0%, deuda neta/EBITDA 2.0x. Técnicamente 🟢 Divergencia alcista RSI, 🟢 Cruce alcista MACD. Clasificación: descarte.","AIR LIQUIDE está un 6.8% por debajo de su máximo 52s. Fundamentalmente aceptable con ROE 14.0%, deuda neta/EBITDA 2.0x. Técnicamente 🟢 Divergencia alcista RSI, 🟢 Cruce alcista MACD. Clasificación: descarte.",OK,
TCL.AX,TRANSURBAN STAPLED [TCL],ASX,1.0,script-v2.0,1.0,2026-09-30T13:47:45.624641+02:00,44.5,36.3,40.0,33.0,0.0,4.0,69.0,64.0,5.0,5057033.0,8.2,0.9,,25.7,13.3,-0.1905,False,41.8,20.4,False,13.98,-5.3,False,False,False,Sin señales de recuperación,pass,descarte,pendiente,0.0,desconocido,Pendiente de implementar,ausente,eps_stabilization (media): EPS 0.12 vs 0.04 (annual_eps_fallback) | dividend_maintained (baja): Dividendo actual 5.29% con caída del 15.2%,razonable,descarte,12.95,13.24,12.95 - 13.24,13.28,13.98,13.28 - 13.98,Pérdida del soporte en 12.95 | ROE negativo durante 2 trimestres consecutivos | Ampliación de capital dilutiva | Recorte de rating a bono basura,6-12,"TRANSURBAN STAPLED [TCL] está un 15.2% por debajo de su máximo 52s. Fundamentalmente débil con ROE 5.0%, deuda neta/EBITDA 8.2x. Técnicamente 🔵 RSI recuperándose de sobreventa, 🟡 MACD convergiendo. Clasificación: descarte.","TRANSURBAN STAPLED [TCL] está un 15.2% por debajo de su máximo 52s. Fundamentalmente débil con ROE 5.0%, deuda neta/EBITDA 8.2x. Técnicamente 🔵 RSI recuperándose de sobreventa, 🟡 MACD convergiendo. Clasificación: descarte.",OK,
CS.PA,AXA,EUROSTOXX,1.0,script-v2.0,1.0,2026-09-30T13:46:03.076937+02:00,44.3,50.1,97.0,9.0,0.0,7.0,27.0,27.0,0.0,2646099.0,,1.0,,,7.0,1.2135,False,2.8,25.6,False,40.39,5.1,False,False,True,,pass,pendiente_confirmacion,pendiente,0.0,desconocido,Pendiente de implementar,parcial,"eps_stabilization (media): EPS 4.77 vs 3.63 (annual_eps_fallback) | dividend_maintained (baja): Dividendo actual 5.46% con caída del 7.0% | analyst_upgrade (media): Target 51.93 vs precio 42.46 (+22%), recMean 1.72, recKey buy",incompleto,pendiente_confirmacion,38.48,42.46,38.48 - 42.46,38.81,40.32,38.81 - 40.32,Pérdida del soporte en 38.48 | ROE negativo durante 2 trimestres consecutivos | Ampliación de capital dilutiva | Recorte de rating a bono basura,6-12,"AXA está un 7.0% por debajo de su máximo 52s. Fundamentalmente aceptable con ROE 14.9%, D/E 1.19. Técnicamente 🟢 Divergencia alcista RSI. Clasificación: pendiente_confirmacion.","AXA está un 7.0% por debajo de su máximo 52s. Fundamentalmente aceptable con ROE 14.9%, D/E 1.19. Técnicamente 🟢 Divergencia alcista RSI. Clasificación: pendiente_confirmacion.",OK,
SPG,"Simon Property Group, Inc.",SP500,1.0,script-v2.0,1.0,2026-09-30T13:47:25.532020+02:00,43.5,44.0,68.0,23.0,0.0,7.0,42.0,37.0,5.0,1371939.0,5.54,1.6,-0.5,18.73,13.4,2.913,False,56.3,47.3,False,201.12,1.6,False,False,True,,pass,pendiente_confirmacion,pendiente,0.0,desconocido,Pendiente de implementar,parcial,margin_stabilization (media): Margen gross 83.1% vs 80.3% (+2.8 pp) | eps_stabilization (media): EPS 1.49 vs 1.48 (Diluted EPS) | dividend_maintained (baja): Dividendo actual 4.36% con caída del 14.3%,incompleto,pendiente_confirmacion,194.07,204.28,194.07 - 204.28,199.68,202.72,199.68 - 202.72,Pérdida del soporte en 194.07 | ROE negativo durante 2 trimestres consecutivos | Ampliación de capital dilutiva | Recorte de rating a bono basura,6-12,"Simon Property Group, Inc. está un 14.3% por debajo de su máximo 52s. Fundamentalmente aceptable con ROE 120.5%, deuda neta/EBITDA 5.5x. Técnicamente 🔵 RSI recuperándose de sobreventa, 🟡 Apoyo en MA40 semanal. Clasificación: pendiente_confirmacion.","Simon Property Group, Inc. está un 14.3% por debajo de su máximo 52s. Fundamentalmente aceptable con ROE 120.5%, deuda neta/EBITDA 5.5x. Técnicamente 🔵 RSI recuperándose de sobreventa, 🟡 Apoyo en MA40 semanal. Clasificación: pendiente_confirmacion.",OK,
ITW,Illinois Tool Works Inc.,SP500,1.0,script-v2.0,1.0,2026-09-30T13:46:57.439374+02:00,43.5,41.7,78.0,10.0,0.0,7.0,49.0,44.0,5.0,1270047.0,1.84,6.0,0.0,17.67,11.5,2.9547,False,38.0,69.1,False,268.0,-0.3,False,False,False,,pass,descarte,pendiente,0.0,desconocido,Pendiente de implementar,parcial,margin_stabilization (media): Margen gross 44.1% vs 43.8% (+0.3 pp) | eps_stabilization (media): EPS 2.84 vs 2.66 (Diluted EPS) | dividend_maintained (baja): Dividendo actual 2.58% con caída del 11.9%,razonable,descarte,264.35,267.07,264.35 - 267.07,257.69,266.85,257.69 - 266.85,Pérdida del soporte en 264.35 | ROE negativo durante 2 trimestres consecutivos | Ampliación de capital dilutiva | Recorte de rating a bono basura,6-12,"Illinois Tool Works Inc. está un 11.9% por debajo de su máximo 52s. Fundamentalmente aceptable con ROE 104.6%, deuda neta/EBITDA 1.8x. Técnicamente 🟢 Cerca de soporte, 🟡 Apoyo en MA40 semanal. Clasificación: descarte.","Illinois Tool Works Inc. está un 11.9% por debajo de su máximo 52s. Fundamentalmente aceptable con ROE 104.6%, deuda neta/EBITDA 1.8x. Técnicamente 🟢 Cerca de soporte, 🟡 Apoyo en MA40 semanal. Clasificación: descarte.",OK,
JPM,JP Morgan Chase & Co.,SP500,1.0,script-v2.0,1.0,2026-09-30T13:47:03.133450+02:00,43.4,44.9,78.0,16.0,0.0,4.0,39.0,39.0,0.0,7777946.0,,159.9,,,8.6,10.7242,False,6.2,14.3,False,320.16,4.6,False,False,False,Sin señales de recuperación,pass,descarte,pendiente,0.0,desconocido,Pendiente de implementar,ausente,eps_stabilization (media): EPS 7.70 vs 5.94 (Diluted EPS) | dividend_maintained (baja): Dividendo actual 1.97% con caída del 8.6%,incompleto,descarte,300.21,334.98,300.21 - 334.98,311.52,319.89,311.52 - 319.89,Pérdida del soporte en 300.21 | ROE negativo durante 2 trimestres consecutivos | Ampliación de capital dilutiva | Recorte de rating a bono basura,6-12,"JP Morgan Chase & Co. está un 8.6% por debajo de su máximo 52s. Fundamentalmente aceptable con ROE 17.8%, dividendo 2.0%. Técnicamente 🔵 RSI en sobreventa. Clasificación: descarte.","JP Morgan Chase & Co. está un 8.6% por debajo de su máximo 52s. Fundamentalmente aceptable con ROE 17.8%, dividendo 2.0%. Técnicamente 🔵 RSI en sobreventa. Clasificación: descarte.",OK,
NOKIA.HE,Nokia Corporation,EUROSTOXX,1.0,script-v2.0,1.0,2026-09-30T13:46:32.982599+02:00,43.2,46.6,69.0,27.0,0.0,4.0,33.0,21.0,12.0,18106605.0,-0.68,1.0,1.1,19.05,38.8,0.1358,False,51.6,44.8,False,8.71,4.8,True,False,False,Sin señales de recuperación,pass,descarte,pendiente,0.0,desconocido,Pendiente de implementar,ausente,margin_stabilization (media): Margen gross 44.6% vs 44.2% (+0.4 pp) | dividend_maintained (baja): Dividendo actual 1.53% con caída del 39.1%,incompleto,descarte,8.45,8.77,8.45 - 8.77,8.54,12.74,8.54 - 12.74,Pérdida del soporte en 8.45 | ROE negativo durante 2 trimestres consecutivos | Ampliación de capital dilutiva | Recorte de rating a bono basura,12-18,"Nokia Corporation está un 39.1% por debajo de su máximo 52s. Fundamentalmente aceptable con ROE 3.5%, deuda neta/EBITDA -0.7x. Técnicamente 🟢 Divergencia alcista RSI, 🟢 base_pattern_detected. Clasificación: descarte.","Nokia Corporation está un 39.1% por debajo de su máximo 52s. Fundamentalmente aceptable con ROE 3.5%, deuda neta/EBITDA -0.7x. Técnicamente 🟢 Divergencia alcista RSI, 🟢 base_pattern_detected. Clasificación: descarte.",OK,
G.MI,GENERALI,EUROSTOXX,1.0,script-v2.0,1.0,2026-09-30T13:46:24.097170+02:00,43.1,48.5,97.0,6.0,0.0,4.0,27.0,27.0,0.0,2201154.0,4.18,4.8,,12.67,7.3,2.1118,False,5.9,11.3,False,38.42,11.6,False,False,False,Sin señales de recuperación,pass,descarte,pendiente,0.0,desconocido,Pendiente de implementar,ausente,eps_stabilization (media): EPS 1.49 vs 0.70 (Diluted EPS) | dividend_maintained (baja): Dividendo actual 3.82% con caída del 7.3%,incompleto,descarte,42.11,42.88,42.11 - 42.88,38.23,39.3,38.23 - 39.30,Pérdida del soporte en 42.11 | ROE negativo durante 2 trimestres consecutivos | Ampliación de capital dilutiva | Recorte de rating a bono basura,6-12,"GENERALI está un 7.3% por debajo de su máximo 52s. Fundamentalmente aceptable con ROE 15.1%, deuda neta/EBITDA 4.2x. Técnicamente 🟢 Cerca de soporte. Clasificación: descarte.","GENERALI está un 7.3% por debajo de su máximo 52s. Fundamentalmente aceptable con ROE 15.1%, deuda neta/EBITDA 4.2x. Técnicamente 🟢 Cerca de soporte. Clasificación: descarte.",OK,
FORTUM.HE,Fortum Corporation,EUROSTOXX,1.0,script-v2.0,1.0,2026-09-30T13:46:31.639552+02:00,43.0,45.9,95.0,3.0,0.0,6.0,34.0,16.0,18.0,1118150.0,1.36,-1.0,0.2,17.89,8.0,0.9986,False,39.5,34.6,False,20.44,16.2,True,True,True,,pass,pendiente_confirmacion,pendiente,0.0,desconocido,Pendiente de implementar,parcial,debt_reduction (alta): Deuda 3906.0M vs 3947.0M | dividend_maintained (baja): Dividendo actual 3.11% con caída del 8.0%,incompleto,pendiente_confirmacion,21.29,23.15,21.29 - 23.15,20.23,21.96,20.23 - 21.96,Pérdida del soporte en 23.15 | ROE negativo durante 2 trimestres consecutivos | Ampliación de capital dilutiva | Recorte de rating a bono basura,6-12,"Fortum Corporation está un 8.0% por debajo de su máximo 52s. Fundamentalmente aceptable con ROE 10.0%, deuda neta/EBITDA 1.4x. Técnicamente 🟢 Cerca de soporte, 🟢 base_pattern_detected. Clasificación: pendiente_confirmacion.","Fortum Corporation está un 8.0% por debajo de su máximo 52s. Fundamentalmente aceptable con ROE 10.0%, deuda neta/EBITDA 1.4x. Técnicamente 🟢 Cerca de soporte, 🟢 base_pattern_detected. Clasificación: pendiente_confirmacion.",OK,
BAYN.DE,Bayer AG                      N,EUROSTOXX,1.0,script-v2.0,1.0,2026-09-30T13:45:48.901776+02:00,43.0,40.6,55.0,28.0,0.0,6.0,50.0,44.0,6.0,2258900.0,3.29,-5.6,1.6,8.04,9.5,2.7122,False,34.7,55.3,False,43.08,13.3,False,True,False,,pass,descarte,pendiente,0.0,desconocido,Pendiente de implementar,parcial,debt_reduction (alta): Deuda 38431.0M vs 40697.0M | dividend_maintained (baja): Dividendo actual 0.23% con caída del 9.5%,razonable,descarte,47.35,48.65,47.35 - 48.65,42.82,45.83,42.82 - 45.83,Pérdida del soporte en 47.35 | ROE negativo durante 2 trimestres consecutivos | Ampliación de capital dilutiva | Recorte de rating a bono basura,6-12,"Bayer AG                      N está un 9.5% por debajo de su máximo 52s. Fundamentalmente aceptable con ROE -5.7%, deuda neta/EBITDA 3.3x. Técnicamente 🟢 Cruce alcista MACD, 🟢 Cerca de soporte. Clasificación: descarte.","Bayer AG                      N está un 9.5% por debajo de su máximo 52s. Fundamentalmente aceptable con ROE -5.7%, deuda neta/EBITDA 3.3x. Técnicamente 🟢 Cruce alcista MACD, 🟢 Cerca de soporte. Clasificación: descarte.",OK,
SU.PA,SCHNEIDER ELECTRIC SE,EUROSTOXX,1.0,script-v2.0,1.0,2026-09-30T13:46:10.912887+02:00,42.8,44.8,96.0,0.0,0.0,1.0,37.0,19.0,18.0,774386.0,1.91,16.4,,21.5,6.0,9.9892,False,78.9,79.5,False,266.22,10.3,True,True,False,Sin señales de recuperación,pass,descarte,pendiente,0.0,desconocido,Pendiente de implementar,ausente,dividend_maintained (baja): Dividendo actual 1.43% con caída del 6.0%,incompleto,descarte,267.95,290.98,267.95 - 290.98,264.66,265.45,264.66 - 265.45,Pérdida del soporte en 267.95 | ROE negativo durante 2 trimestres consecutivos | Ampliación de capital dilutiva | Recorte de rating a bono basura,6-12,"SCHNEIDER ELECTRIC SE está un 6.0% por debajo de su máximo 52s. Fundamentalmente aceptable con ROE 18.6%, deuda neta/EBITDA 1.9x. Técnicamente 🟢 base_pattern_detected, 🟡 trendline_break. Clasificación: descarte.","SCHNEIDER ELECTRIC SE está un 6.0% por debajo de su máximo 52s. Fundamentalmente aceptable con ROE 18.6%, deuda neta/EBITDA 1.9x. Técnicamente 🟢 base_pattern_detected, 🟡 trendline_break. Clasificación: descarte.",OK,
U11.SI,UOB,ASIA,1.0,script-v2.0,1.0,2026-09-30T13:48:22.573748+02:00,42.5,46.3,74.0,22.0,0.0,1.0,31.0,25.0,6.0,3479744.0,,21.5,,,3.1,1.5504,False,67.4,82.5,False,38.15,12.3,False,True,False,Sin señales de recuperación,pass,descarte,pendiente,0.0,desconocido,Pendiente de implementar,ausente,dividend_maintained (baja): Dividendo actual 4.11% con caída del 5.1%,incompleto,descarte,40.51,41.78,40.51 - 41.78,37.87,38.38,37.87 - 38.38,Pérdida del soporte en 40.51 | ROE negativo durante 2 trimestres consecutivos | Ampliación de capital dilutiva | Recorte de rating a bono basura,6-12,"UOB está un 5.1% por debajo de su máximo 52s. Fundamentalmente aceptable con ROE 9.2%, dividendo 4.1%. Técnicamente 🟢 Volumen creciente, 🟡 trendline_break. Clasificación: descarte.","UOB está un 5.1% por debajo de su máximo 52s. Fundamentalmente aceptable con ROE 9.2%, dividendo 4.1%. Técnicamente 🟢 Volumen creciente, 🟡 trendline_break. Clasificación: descarte.",OK,
BOQ.AX,BANK QLD FPO [BOQ],ASX,1.0,script-v2.0,1.0,2026-09-30T13:47:54.715491+02:00,42.3,42.1,57.0,29.0,0.0,9.0,43.0,25.0,18.0,1582547.0,,-1.7,,,12.0,0.0634,False,60.7,60.7,False,6.4,3.3,True,True,True,,pass,pendiente_confirmacion,pendiente,0.0,desconocido,Pendiente de implementar,parcial,eps_stabilization (media): EPS 0.41 vs 0.18 (annual_eps_fallback) | debt_reduction (alta): Deuda 16714.0M vs 17008.0M | dividend_maintained (baja): Dividendo actual 6.05% con caída del 11.6%,incompleto,pendiente_confirmacion,6.14,6.49,6.14 - 6.49,6.36,6.38,6.36 - 6.38,Pérdida del soporte en 6.14 | ROE negativo durante 2 trimestres consecutivos | Ampliación de capital dilutiva | Recorte de rating a bono basura,6-12,"BANK QLD FPO [BOQ] está un 11.6% por debajo de su máximo 52s. Fundamentalmente aceptable con ROE 1.6%, dividendo 6.0%. Técnicamente 🟡 MACD convergiendo, 🟢 base_pattern_detected. Clasificación: pendiente_confirmacion.","BANK QLD FPO [BOQ] está un 11.6% por debajo de su máximo 52s. Fundamentalmente aceptable con ROE 1.6%, dividendo 6.0%. Técnicamente 🟡 MACD convergiendo, 🟢 base_pattern_detected. Clasificación: pendiente_confirmacion.",OK,
0005.HK,HSBC HOLDINGS,ASIA,1.0,script-v2.0,1.0,2026-09-30T13:48:09.944287+02:00,42.1,43.1,73.0,17.0,0.0,4.0,39.0,39.0,0.0,11983313.0,,723.2,,,6.4,7.6453,False,24.7,29.6,False,142.95,10.5,False,False,False,Sin señales de recuperación,pass,descarte,pendiente,0.0,desconocido,Pendiente de implementar,ausente,eps_stabilization (media): EPS 0.40 vs 0.39 (Diluted EPS) | dividend_maintained (baja): Dividendo actual 3.72% con caída del 6.9%,incompleto,descarte,141.31,158.0,141.31 - 158.00,140.96,144.24,140.96 - 144.24,Pérdida del soporte en 141.31 | ROE negativo durante 2 trimestres consecutivos | Ampliación de capital dilutiva | Recorte de rating a bono basura,6-12,"HSBC HOLDINGS está un 6.9% por debajo de su máximo 52s. Fundamentalmente aceptable con ROE 13.1%, dividendo 3.7%. Técnicamente 🔵 RSI recuperándose de sobreventa, 🟡 MACD convergiendo. Clasificación: descarte.","HSBC HOLDINGS está un 6.9% por debajo de su máximo 52s. Fundamentalmente aceptable con ROE 13.1%, dividendo 3.7%. Técnicamente 🔵 RSI recuperándose de sobreventa, 🟡 MACD convergiendo. Clasificación: descarte.",OK,
UBSG.SW,UBS GROUP N,EUROSTOXX,1.0,script-v2.0,1.0,2026-09-30T13:46:34.540756+02:00,42.0,40.1,71.0,13.0,0.0,1.0,48.0,48.0,0.0,5371698.0,,74.2,,,10.4,1.9903,False,28.5,30.3,False,37.07,8.8,False,False,False,Sin señales de recuperación,pass,descarte,pendiente,0.0,desconocido,Pendiente de implementar,ausente,dividend_maintained (baja): Dividendo actual 2.13% con caída del 10.4%,razonable,descarte,39.04,40.35,39.04 - 40.35,37.0,38.28,37.00 - 38.28,Pérdida del soporte en 39.04 | ROE negativo durante 2 trimestres consecutivos | Ampliación de capital dilutiva | Recorte de rating a bono basura,6-12,"UBS GROUP N está un 10.4% por debajo de su máximo 52s. Fundamentalmente aceptable con ROE 10.7%, dividendo 2.1%. Técnicamente 🔵 RSI recuperándose de sobreventa, 🟡 MACD convergiendo. Clasificación: descarte.","UBS GROUP N está un 10.4% por debajo de su máximo 52s. Fundamentalmente aceptable con ROE 10.7%, dividendo 2.1%. Técnicamente 🔵 RSI recuperándose de sobreventa, 🟡 MACD convergiendo. Clasificación: descarte.",OK,
UCG.MI,UNICREDIT,EUROSTOXX,1.0,script-v2.0,1.0,2026-09-30T13:46:23.739781+02:00,42.0,39.3,74.0,9.0,0.0,1.0,50.0,44.0,6.0,4276099.0,,93.0,,,3.3,3.8736,False,52.7,59.5,False,74.01,12.9,False,True,False,Sin señales de recuperación,pass,descarte,pendiente,0.0,desconocido,Pendiente de implementar,ausente,dividend_maintained (baja): Dividendo actual 3.77% con caída del 3.3%,razonable,descarte,81.3,83.55,81.30 - 83.55,73.46,74.0,73.46 - 74.00,Pérdida del soporte en 81.30 | ROE negativo durante 2 trimestres consecutivos | Ampliación de capital dilutiva | Recorte de rating a bono basura,6-12,"UNICREDIT está un 3.3% por debajo de su máximo 52s. Fundamentalmente débil con ROE 15.8%, dividendo 3.8%. Técnicamente 🟢 Cruce alcista MACD, 🟢 Cerca de soporte. Clasificación: descarte.","UNICREDIT está un 3.3% por debajo de su máximo 52s. Fundamentalmente débil con ROE 15.8%, dividendo 3.8%. Técnicamente 🟢 Cruce alcista MACD, 🟢 Cerca de soporte. Clasificación: descarte.",OK,
JNJ,Johnson & Johnson,SP500,1.0,script-v2.0,1.0,2026-09-30T13:46:46.865485+02:00,41.8,46.7,100.0,0.0,0.0,12.0,27.0,21.0,6.0,6976590.0,0.81,-10.8,0.2,19.3,4.8,11.7857,False,47.4,65.8,False,241.7,10.7,False,True,True,,pass,pendiente_confirmacion,pendiente,0.0,desconocido,Pendiente de implementar,confirmada,margin_stabilization (media): Margen gross 68.2% vs 66.3% (+1.9 pp) | eps_stabilization (media): EPS 2.27 vs 2.14 (Diluted EPS) | debt_reduction (alta): Deuda 49036.0M vs 54987.0M | dividend_maintained (baja): Dividendo actual 2.00% con caída del 4.8%,incompleto,pendiente_confirmacion,255.42,265.08,255.42 - 265.08,238.91,238.96,238.91 - 238.96,Pérdida del soporte en 255.42 | ROE negativo durante 2 trimestres consecutivos | Ampliación de capital dilutiva | Recorte de rating a bono basura,6-12,"Johnson & Johnson está un 4.8% por debajo de su máximo 52s. Fundamentalmente aceptable con ROE 25.7%, deuda neta/EBITDA 0.8x. Técnicamente 🟢 Cerca de soporte, 🟡 trendline_break. Clasificación: pendiente_confirmacion.","Johnson & Johnson está un 4.8% por debajo de su máximo 52s. Fundamentalmente aceptable con ROE 25.7%, deuda neta/EBITDA 0.8x. Técnicamente 🟢 Cerca de soporte, 🟡 trendline_break. Clasificación: pendiente_confirmacion.",OK,
SJM,The J.M. Smucker Company,SP500,1.0,script-v2.0,1.0,2026-09-30T13:47:29.639464+02:00,41.7,41.9,67.0,20.0,0.0,9.0,41.0,41.0,0.0,1389709.0,3.05,-2.1,-0.8,8.74,11.2,5.3714,False,31.5,26.6,False,108.04,11.7,False,False,True,,pass,pendiente_confirmacion,pendiente,0.0,desconocido,Pendiente de implementar,parcial,margin_stabilization (media): Margen gross 44.1% vs 38.0% (+6.1 pp) | debt_reduction (alta): Deuda 6940.2M vs 7089.0M | dividend_maintained (baja): Dividendo actual 3.71% con caída del 11.2%,incompleto,pendiente_confirmacion,115.29,120.7,115.29 - 120.70,106.77,115.51,106.77 - 115.51,Pérdida del soporte en 115.29 | ROE negativo durante 2 trimestres consecutivos | Ampliación de capital dilutiva | Recorte de rating a bono basura,6-12,"The J.M. Smucker Company está un 11.2% por debajo de su máximo 52s. Fundamentalmente aceptable con ROE 3.9%, deuda neta/EBITDA 3.0x. Técnicamente 🟡 MACD convergiendo, 🟢 Cerca de soporte. Clasificación: pendiente_confirmacion.","The J.M. Smucker Company está un 11.2% por debajo de su máximo 52s. Fundamentalmente aceptable con ROE 3.9%, deuda neta/EBITDA 3.0x. Técnicamente 🟡 MACD convergiendo, 🟢 Cerca de soporte. Clasificación: pendiente_confirmacion.",OK,
PM,Philip Morris International Inc,SP500,1.0,script-v2.0,1.0,2026-09-30T13:47:27.178042+02:00,41.6,39.5,72.0,11.0,0.0,12.0,48.0,30.0,18.0,4694112.0,2.39,-5.4,-0.0,19.28,6.7,5.3557,False,83.5,78.8,False,177.78,9.1,True,True,False,,pass,descarte,pendiente,0.0,desconocido,Pendiente de implementar,confirmada,margin_stabilization (media): Margen gross 68.4% vs 68.1% (+0.4 pp) | eps_stabilization (media): EPS 1.80 vs 1.56 (Diluted EPS) | debt_reduction (alta): Deuda 49139.0M vs 51948.0M | dividend_maintained (baja): Dividendo actual 3.30% con caída del 6.7%,razonable,descarte,180.07,190.12,180.07 - 190.12,175.88,176.6,175.88 - 176.60,Pérdida del soporte en 180.07 | ROE negativo durante 2 trimestres consecutivos | Ampliación de capital dilutiva | Recorte de rating a bono basura,6-12,"Philip Morris International Inc está un 6.7% por debajo de su máximo 52s. Fundamentalmente débil con deuda neta/EBITDA 2.4x, dividendo 3.3%. Técnicamente 🟢 Cruce alcista MACD, 🟢 base_pattern_detected. Clasificación: descarte.","Philip Morris International Inc está un 6.7% por debajo de su máximo 52s. Fundamentalmente débil con deuda neta/EBITDA 2.4x, dividendo 3.3%. Técnicamente 🟢 Cruce alcista MACD, 🟢 base_pattern_detected. Clasificación: descarte.",OK,
AMGN,Amgen Inc.,SP500,1.0,script-v2.0,1.0,2026-09-30T13:47:19.923532+02:00,41.5,36.4,78.0,0.0,0.0,12.0,57.0,39.0,18.0,2689855.0,2.51,-0.0,2.4,15.77,5.2,19.8395,False,98.1,97.8,False,363.81,16.4,True,True,False,,pass,descarte,pendiente,0.0,desconocido,Pendiente de implementar,confirmada,margin_stabilization (media): Margen gross 72.0% vs 68.2% (+3.9 pp) | eps_stabilization (media): EPS 4.37 vs 3.34 (Diluted EPS) | debt_reduction (alta): Deuda 57304.0M vs 57323.0M | dividend_maintained (baja): Dividendo actual 2.38% con caída del 5.2%,razonable,descarte,405.85,408.02,405.85 - 408.02,359.53,379.98,359.53 - 379.98,Pérdida del soporte en 408.02 | ROE negativo durante 2 trimestres consecutivos | Ampliación de capital dilutiva | Recorte de rating a bono basura,6-12,"Amgen Inc. está un 5.2% por debajo de su máximo 52s. Fundamentalmente débil con ROE 91.5%, deuda neta/EBITDA 2.5x. Técnicamente 🟢 Cruce alcista MACD, 🟢 Cerca de soporte. Clasificación: descarte.","Amgen Inc. está un 5.2% por debajo de su máximo 52s. Fundamentalmente débil con ROE 91.5%, deuda neta/EBITDA 2.5x. Técnicamente 🟢 Cruce alcista MACD, 🟢 Cerca de soporte. Clasificación: descarte.",OK,
105560.KS,KBFinancialGroup,ASIA,1.0,script-v2.0,1.0,2026-09-30T13:48:21.245341+02:00,41.5,46.3,74.0,22.0,0.0,7.0,27.0,27.0,0.0,1223012.0,,35.0,,,12.6,6426.6075,False,7.2,23.6,False,157815.42,7.0,False,False,True,,pass,pendiente_confirmacion,pendiente,0.0,desconocido,Pendiente de implementar,parcial,"eps_stabilization (media): EPS 5508.00 vs 5120.00 (Diluted EPS) | dividend_maintained (baja): Dividendo actual 2.74% con caída del 13.2% | analyst_upgrade (media): Target 213945.00 vs precio 168800.00 (+27%), recMean 1.40, recKey strong_buy",incompleto,pendiente_confirmacion,162698.25,168800.0,162698.25 - 168800.00,153411.79,165325.0,153411.79 - 165325.00,Pérdida del soporte en 162698.25 | ROE negativo durante 2 trimestres consecutivos | Ampliación de capital dilutiva | Recorte de rating a bono basura,6-12,"KBFinancialGroup está un 13.2% por debajo de su máximo 52s. Fundamentalmente aceptable con ROE 10.2%, dividendo 2.7%. Técnicamente 🟢 Cerca de soporte. Clasificación: pendiente_confirmacion.","KBFinancialGroup está un 13.2% por debajo de su máximo 52s. Fundamentalmente aceptable con ROE 10.2%, dividendo 2.7%. Técnicamente 🟢 Cerca de soporte. Clasificación: pendiente_confirmacion.",OK,
UNA.AS,UNILEVER PLC,EUROSTOXX,1.0,script-v2.0,1.0,2026-09-30T13:46:19.198574+02:00,40.8,36.7,74.0,4.0,0.0,4.0,53.0,48.0,5.0,1035807.0,2.41,4.7,,13.28,11.9,0.6883,False,67.4,62.8,False,53.15,2.5,False,False,False,Sin señales de recuperación,pass,descarte,pendiente,0.0,desconocido,Pendiente de implementar,ausente,eps_stabilization (media): EPS 4.32 vs 2.58 (annual_eps_fallback) | dividend_maintained (baja): Dividendo actual 3.51% con caída del 14.1%,razonable,descarte,53.16,54.46,53.16 - 54.46,53.22,53.88,53.22 - 53.88,Pérdida del soporte en 53.16 | ROE negativo durante 2 trimestres consecutivos | Ampliación de capital dilutiva | Recorte de rating a bono basura,6-12,"UNILEVER PLC está un 14.1% por debajo de su máximo 52s. Fundamentalmente débil con ROE 31.9%, deuda neta/EBITDA 2.4x. Técnicamente 🟢 Cruce alcista MACD, 🟢 Cerca de soporte. Clasificación: descarte.","UNILEVER PLC está un 14.1% por debajo de su máximo 52s. Fundamentalmente débil con ROE 31.9%, deuda neta/EBITDA 2.4x. Técnicamente 🟢 Cruce alcista MACD, 🟢 Cerca de soporte. Clasificación: descarte.",OK,
SUN.AX,SUNCORP FPO [SUN],ASX,1.0,script-v2.0,1.0,2026-09-30T13:47:50.024043+02:00,40.3,41.1,88.0,0.0,0.0,1.0,38.0,32.0,6.0,2933572.0,0.96,5.2,,13.43,12.8,0.6475,False,73.6,50.0,False,17.11,16.7,False,True,False,Sin señales de recuperación,pass,descarte,pendiente,0.0,desconocido,Pendiente de implementar,ausente,dividend_maintained (baja): Dividendo actual 3.46% con caída del 4.2%,incompleto,descarte,18.22,18.89,18.22 - 18.89,17.04,17.72,17.04 - 17.72,Pérdida del soporte en 18.22 | ROE negativo durante 2 trimestres consecutivos | Ampliación de capital dilutiva | Recorte de rating a bono basura,6-12,"SUNCORP FPO [SUN] está un 4.2% por debajo de su máximo 52s. Fundamentalmente aceptable con ROE 10.1%, deuda neta/EBITDA 1.0x. Técnicamente 🟡 MACD convergiendo, 🟢 Volumen creciente. Clasificación: descarte.","SUNCORP FPO [SUN] está un 4.2% por debajo de su máximo 52s. Fundamentalmente aceptable con ROE 10.1%, deuda neta/EBITDA 1.0x. Técnicamente 🟡 MACD convergiendo, 🟢 Volumen creciente. Clasificación: descarte.",OK,
8411.T,MIZUHO FINANCIAL GROUP,ASIA,1.0,script-v2.0,1.0,2026-09-30T13:47:57.291204+02:00,39.8,39.3,74.0,9.0,0.0,4.0,41.0,35.0,6.0,9132526.0,,187.6,,,0.5,525.4368,False,93.1,76.6,False,7350.89,20.5,False,True,False,Sin señales de recuperación,pass,descarte,pendiente,0.0,desconocido,Pendiente de implementar,ausente,eps_stabilization (media): EPS 173.53 vs 115.90 (Diluted EPS) | dividend_maintained (baja): Dividendo actual 1.69% con caída del 0.5%,incompleto,descarte,7800.76,8385.43,7800.76 - 8385.43,7155.39,7567.55,7155.39 - 7567.55,Pérdida del soporte en 7800.76 | ROE negativo durante 2 trimestres consecutivos | Ampliación de capital dilutiva | Recorte de rating a bono basura,6-12,"MIZUHO FINANCIAL GROUP está un 0.5% por debajo de su máximo 52s. Fundamentalmente débil con ROE 12.5%, dividendo 1.7%. Técnicamente 🟢 Cruce alcista MACD, 🟡 trendline_break. Clasificación: descarte.","MIZUHO FINANCIAL GROUP está un 0.5% por debajo de su máximo 52s. Fundamentalmente débil con ROE 12.5%, dividendo 1.7%. Técnicamente 🟢 Cruce alcista MACD, 🟡 trendline_break. Clasificación: descarte.",OK,
8306.T,MITSUBISHI UFJ FINANCIAL GROUP ,ASIA,1.0,script-v2.0,1.0,2026-09-30T13:47:56.528577+02:00,39.4,38.9,73.0,9.0,0.0,4.0,41.0,35.0,6.0,40358193.0,,321.1,,,1.7,226.6237,False,97.5,67.3,False,3085.87,19.9,False,True,False,Sin señales de recuperación,pass,descarte,pendiente,0.0,desconocido,Pendiente de implementar,ausente,eps_stabilization (media): EPS 71.59 vs 47.45 (Diluted EPS) | dividend_maintained (baja): Dividendo actual 2.59% con caída del 3.0%,incompleto,descarte,3418.33,3583.44,3418.33 - 3583.44,3013.34,3241.05,3013.34 - 3241.05,Pérdida del soporte en 3418.33 | ROE negativo durante 2 trimestres consecutivos | Ampliación de capital dilutiva | Recorte de rating a bono basura,6-12,"MITSUBISHI UFJ FINANCIAL GROUP  está un 3.0% por debajo de su máximo 52s. Fundamentalmente débil con ROE 9.5%, dividendo 2.6%. Técnicamente 🟢 Cruce alcista MACD, 🟡 trendline_break. Clasificación: descarte.","MITSUBISHI UFJ FINANCIAL GROUP  está un 3.0% por debajo de su máximo 52s. Fundamentalmente débil con ROE 9.5%, dividendo 2.6%. Técnicamente 🟢 Cruce alcista MACD, 🟡 trendline_break. Clasificación: descarte.",OK,
KO,Coca-Cola Company (The),SP500,1.0,script-v2.0,1.0,2026-09-30T13:46:48.517031+02:00,39.3,43.4,93.0,0.0,0.0,7.0,27.0,27.0,0.0,15880585.0,1.64,0.8,0.0,23.75,5.5,3.1683,False,8.6,16.6,False,79.75,8.9,False,False,True,,pass,pendiente_confirmacion,pendiente,0.0,desconocido,Pendiente de implementar,parcial,margin_stabilization (media): Margen gross 62.9% vs 63.0% (-0.1 pp) | eps_stabilization (media): EPS 1.03 vs 0.91 (Diluted EPS) | dividend_maintained (baja): Dividendo actual 2.44% con caída del 6.1%,incompleto,pendiente_confirmacion,86.23,86.84,86.23 - 86.84,78.62,78.87,78.62 - 78.87,Pérdida del soporte en 86.23 | ROE negativo durante 2 trimestres consecutivos | Ampliación de capital dilutiva | Recorte de rating a bono basura,6-12,"Coca-Cola Company (The) está un 6.1% por debajo de su máximo 52s. Fundamentalmente aceptable con ROE 42.1%, deuda neta/EBITDA 1.6x. Técnicamente 🟢 Cerca de soporte. Clasificación: pendiente_confirmacion.","Coca-Cola Company (The) está un 6.1% por debajo de su máximo 52s. Fundamentalmente aceptable con ROE 42.1%, deuda neta/EBITDA 1.6x. Técnicamente 🟢 Cerca de soporte. Clasificación: pendiente_confirmacion.",OK,
SIE.DE,SIEMENS AG                    N,EUROSTOXX,1.0,script-v2.0,1.0,2026-09-30T13:45:53.282580+02:00,39.3,43.4,93.0,0.0,0.0,12.0,27.0,15.0,12.0,947646.0,3.12,-7.8,-0.0,21.1,4.4,7.3174,False,74.3,81.9,False,256.9,8.6,True,False,True,,pass,pendiente_confirmacion,pendiente,0.0,desconocido,Pendiente de implementar,confirmada,margin_stabilization (media): Margen gross 40.9% vs 38.9% (+2.0 pp) | eps_stabilization (media): EPS 2.91 vs 2.58 (Diluted EPS) | debt_reduction (alta): Deuda 49924.0M vs 54161.0M | dividend_maintained (baja): Dividendo actual 1.92% con caída del 4.4%,incompleto,pendiente_confirmacion,263.93,275.94,263.93 - 275.94,247.94,255.99,247.94 - 255.99,Pérdida del soporte en 263.93 | ROE negativo durante 2 trimestres consecutivos | Ampliación de capital dilutiva | Recorte de rating a bono basura,6-12,"SIEMENS AG                    N está un 4.4% por debajo de su máximo 52s. Fundamentalmente aceptable con ROE 12.5%, deuda neta/EBITDA 3.1x. Técnicamente 🟢 base_pattern_detected. Clasificación: pendiente_confirmacion.","SIEMENS AG                    N está un 4.4% por debajo de su máximo 52s. Fundamentalmente aceptable con ROE 12.5%, deuda neta/EBITDA 3.1x. Técnicamente 🟢 base_pattern_detected. Clasificación: pendiente_confirmacion.",OK,
GPC,Genuine Parts Company,SP500,1.0,script-v2.0,1.0,2026-09-30T13:46:55.622402+02:00,39.1,43.2,64.0,25.0,0.0,12.0,27.0,27.0,0.0,1398463.0,2.97,-0.9,0.7,11.5,13.9,4.7766,False,7.0,19.6,False,118.52,7.1,False,False,True,,pass,pendiente_confirmacion,pendiente,0.0,desconocido,Pendiente de implementar,confirmada,margin_stabilization (media): Margen gross 37.8% vs 37.3% (+0.5 pp) | eps_stabilization (media): EPS 1.65 vs 1.37 (Diluted EPS) | debt_reduction (alta): Deuda 6652.8M vs 6713.8M | dividend_maintained (baja): Dividendo actual 3.35% con caída del 16.2%,incompleto,pendiente_confirmacion,121.06,126.95,121.06 - 126.95,118.1,128.83,118.10 - 128.83,Pérdida del soporte en 121.06 | ROE negativo durante 2 trimestres consecutivos | Ampliación de capital dilutiva | Recorte de rating a bono basura,6-12,"Genuine Parts Company está un 16.2% por debajo de su máximo 52s. Fundamentalmente aceptable con ROE 0.7%, deuda neta/EBITDA 3.0x. Técnicamente 🟢 Cerca de soporte. Clasificación: pendiente_confirmacion.","Genuine Parts Company está un 16.2% por debajo de su máximo 52s. Fundamentalmente aceptable con ROE 0.7%, deuda neta/EBITDA 3.0x. Técnicamente 🟢 Cerca de soporte. Clasificación: pendiente_confirmacion.",OK,
COL.AX,COLESGROUP FPO [COL],ASX,1.0,script-v2.0,1.0,2026-09-30T13:47:45.492361+02:00,39.0,34.1,73.0,0.0,0.0,6.0,54.0,48.0,6.0,2621518.0,3.53,-4.2,,15.32,3.5,0.4176,False,65.3,64.5,False,22.06,5.9,False,True,False,,pass,descarte,pendiente,0.0,desconocido,Pendiente de implementar,parcial,debt_reduction (alta): Deuda 9892.0M vs 10327.0M | dividend_maintained (baja): Dividendo actual 3.17% con caída del 5.0%,razonable,descarte,22.53,23.33,22.53 - 23.33,20.9,21.99,20.90 - 21.99,Pérdida del soporte en 22.53 | ROE negativo durante 2 trimestres consecutivos | Ampliación de capital dilutiva | Recorte de rating a bono basura,6-12,"COLESGROUP FPO [COL] está un 5.0% por debajo de su máximo 52s. Fundamentalmente débil con ROE 28.1%, deuda neta/EBITDA 3.5x. Técnicamente 🟢 Cruce alcista MACD, 🟢 Cerca de soporte. Clasificación: descarte.","COLESGROUP FPO [COL] está un 5.0% por debajo de su máximo 52s. Fundamentalmente débil con ROE 28.1%, deuda neta/EBITDA 3.5x. Técnicamente 🟢 Cruce alcista MACD, 🟢 Cerca de soporte. Clasificación: descarte.",OK,
VOD.L,VODAFONE GROUP PLC ORD USD0.20 ,EUROSTOXX,1.0,script-v2.0,1.0,2026-09-30T13:46:41.714593+02:00,39.0,39.0,47.0,32.0,0.0,4.0,39.0,21.0,18.0,85676522.0,4.46,5.8,,8.07,6.0,4.8267,False,17.2,20.9,False,113.58,9.3,True,True,False,Sin señales de recuperación,pass,descarte,pendiente,0.0,desconocido,Pendiente de implementar,ausente,eps_stabilization (media): EPS -0.02 vs -0.16 (annual_eps_fallback) | dividend_maintained (baja): Dividendo actual 0.03% con caída del 6.0%,incompleto,descarte,121.81,123.55,121.81 - 123.55,112.26,112.37,112.26 - 112.37,Pérdida del soporte en 123.55 | ROE negativo durante 2 trimestres consecutivos | Ampliación de capital dilutiva | Recorte de rating a bono basura,6-12,"VODAFONE GROUP PLC ORD USD0.20  está un 6.0% por debajo de su máximo 52s. Fundamentalmente débil con ROE 0.1%, deuda neta/EBITDA 4.5x. Técnicamente 🟢 Cerca de soporte, 🟢 base_pattern_detected. Clasificación: descarte.","VODAFONE GROUP PLC ORD USD0.20  está un 6.0% por debajo de su máximo 52s. Fundamentalmente débil con ROE 0.1%, deuda neta/EBITDA 4.5x. Técnicamente 🟢 Cerca de soporte, 🟢 base_pattern_detected. Clasificación: descarte.",OK,
9434.T,SOFTBANK CORP.,ASIA,1.0,script-v2.0,1.0,2026-09-30T13:47:58.829734+02:00,39.0,37.1,76.0,3.0,0.0,1.0,45.0,27.0,18.0,79104335.0,3.18,14.7,,10.46,2.9,8.2372,False,56.1,50.8,False,215.86,11.7,True,True,False,Sin señales de recuperación,pass,descarte,pendiente,0.0,desconocido,Pendiente de implementar,ausente,dividend_maintained (baja): Dividendo actual 3.65% con caída del 4.7%,razonable,descarte,231.26,232.02,231.26 - 232.02,214.82,214.97,214.82 - 214.97,Pérdida del soporte en 232.02 | ROE negativo durante 2 trimestres consecutivos | Ampliación de capital dilutiva | Recorte de rating a bono basura,6-12,"SOFTBANK CORP. está un 4.7% por debajo de su máximo 52s. Fundamentalmente débil con ROE 16.7%, deuda neta/EBITDA 3.2x. Técnicamente 🟢 Volumen creciente, 🟢 Cerca de soporte. Clasificación: descarte.","SOFTBANK CORP. está un 4.7% por debajo de su máximo 52s. Fundamentalmente débil con ROE 16.7%, deuda neta/EBITDA 3.2x. Técnicamente 🟢 Volumen creciente, 🟢 Cerca de soporte. Clasificación: descarte.",OK,
AAPL,Apple Inc.,SP500,1.0,script-v2.0,1.0,2026-09-30T13:47:34.700269+02:00,38.8,45.7,98.0,0.0,0.0,12.0,18.0,12.0,6.0,46833855.0,0.13,-0.4,-0.0,28.75,4.6,14.5952,False,44.7,71.0,False,289.65,13.7,False,True,False,Sin suelo técnico identificado,pass,descarte,pendiente,0.0,desconocido,Pendiente de implementar,confirmada,margin_stabilization (media): Margen gross 50.1% vs 49.3% (+0.8 pp) | eps_stabilization (media): EPS 2.02 vs 2.01 (Diluted EPS) | debt_reduction (alta): Deuda 84344.0M vs 84711.0M | dividend_maintained (baja): Dividendo actual 0.33% con caída del 4.6%,sin_suelo,descarte,303.83,321.9,303.83 - 321.90,287.95,293.54,287.95 - 293.54,Pérdida del soporte en 303.83 | ROE negativo durante 2 trimestres consecutivos | Ampliación de capital dilutiva | Recorte de rating a bono basura,6-12,"Apple Inc. está un 4.6% por debajo de su máximo 52s. Fundamentalmente aceptable con ROE 148.8%, deuda neta/EBITDA 0.1x. Técnicamente 🟡 trendline_break. Clasificación: descarte.","Apple Inc. está un 4.6% por debajo de su máximo 52s. Fundamentalmente aceptable con ROE 148.8%, deuda neta/EBITDA 0.1x. Técnicamente 🟡 trendline_break. Clasificación: descarte.",OK,
6861.T,KEYENCE CORP,ASIA,1.0,script-v2.0,1.0,2026-09-30T13:48:02.749764+02:00,38.6,37.8,73.0,7.0,0.0,4.0,41.0,35.0,6.0,624581.0,-2.33,,,29.51,8.1,3244.6373,False,92.6,86.3,False,70280.48,14.5,False,True,False,Sin señales de recuperación,pass,descarte,pendiente,0.0,desconocido,Pendiente de implementar,ausente,"dividend_maintained (baja): Dividendo actual 0.68% con caída del 8.5% | analyst_upgrade (media): Target 97866.66 vs precio 80480.00 (+22%), recMean 1.47, recKey strong_buy",incompleto,descarte,73340.23,79041.03,73340.23 - 79041.03,68562.14,74732.0,68562.14 - 74732.00,Pérdida del soporte en 73340.23 | ROE negativo durante 2 trimestres consecutivos | Ampliación de capital dilutiva | Recorte de rating a bono basura,6-12,"KEYENCE CORP está un 8.5% por debajo de su máximo 52s. Fundamentalmente débil con deuda neta/EBITDA -2.3x, dividendo 0.7%. Técnicamente 🟢 Cruce alcista MACD, 🟡 trendline_break. Clasificación: descarte.","KEYENCE CORP está un 8.5% por debajo de su máximo 52s. Fundamentalmente débil con deuda neta/EBITDA -2.3x, dividendo 0.7%. Técnicamente 🟢 Cruce alcista MACD, 🟡 trendline_break. Clasificación: descarte.",OK,
HSBA.L,HSBC HOLDINGS PLC ORD $0.50 (UK,EUROSTOXX,1.0,script-v2.0,1.0,2026-09-30T13:46:39.151367+02:00,38.6,39.9,66.0,17.0,0.0,4.0,35.0,35.0,0.0,21715591.0,,723.2,,,6.5,64.2535,False,13.1,21.3,False,1377.2,9.3,False,False,False,Sin señales de recuperación,pass,descarte,pendiente,0.0,desconocido,Pendiente de implementar,ausente,eps_stabilization (media): EPS 0.40 vs 0.39 (Diluted EPS) | dividend_maintained (baja): Dividendo actual 0.04% con caída del 6.5%,incompleto,descarte,1473.99,1504.6,1473.99 - 1504.60,1364.82,1368.5,1364.82 - 1368.50,Pérdida del soporte en 1473.99 | ROE negativo durante 2 trimestres consecutivos | Ampliación de capital dilutiva | Recorte de rating a bono basura,6-12,"HSBC HOLDINGS PLC ORD $0.50 (UK está un 6.5% por debajo de su máximo 52s. Fundamentalmente débil con ROE 13.1%, dividendo 0.0%. Técnicamente 🟡 MACD convergiendo, 🟢 Cerca de soporte. Clasificación: descarte.","HSBC HOLDINGS PLC ORD $0.50 (UK está un 6.5% por debajo de su máximo 52s. Fundamentalmente débil con ROE 13.1%, dividendo 0.0%. Técnicamente 🟡 MACD convergiendo, 🟢 Cerca de soporte. Clasificación: descarte.",OK,
INTC,Intel Corporation,SP500,1.0,script-v2.0,1.0,2026-09-30T13:47:10.461328+02:00,37.4,37.8,57.0,21.0,0.0,3.0,36.0,24.0,12.0,108608482.0,1.24,12.2,0.3,36.89,18.6,9.0125,False,65.0,72.3,False,83.55,38.8,True,False,False,Sin señales de recuperación,pass,descarte,pendiente,0.0,desconocido,Pendiente de implementar,ausente,margin_stabilization (media): Margen gross 40.4% vs 39.4% (+1.0 pp),incompleto,descarte,99.85,103.66,99.85 - 103.66,79.96,121.0,79.96 - 121.00,Pérdida del soporte en 103.66 | ROE negativo durante 2 trimestres consecutivos | Ampliación de capital dilutiva | Recorte de rating a bono basura,6-12,"Intel Corporation está un 18.6% por debajo de su máximo 52s. Fundamentalmente débil con ROE -10.7%, deuda neta/EBITDA 1.2x. Técnicamente 🟢 Divergencia alcista RSI, 🟢 base_pattern_detected. Clasificación: descarte.","Intel Corporation está un 18.6% por debajo de su máximo 52s. Fundamentalmente débil con ROE -10.7%, deuda neta/EBITDA 1.2x. Técnicamente 🟢 Divergencia alcista RSI, 🟢 base_pattern_detected. Clasificación: descarte.",OK,
4502.T,TAKEDA PHARMACEUTICAL CO LTD,ASIA,1.0,script-v2.0,1.0,2026-09-30T13:47:59.849604+02:00,37.3,36.8,56.0,20.0,0.0,4.0,39.0,21.0,18.0,4080146.0,4.06,13.4,-1.0,11.32,2.5,191.3814,False,68.5,69.0,False,5346.15,8.1,True,True,False,Sin señales de recuperación,pass,descarte,pendiente,0.0,desconocido,Pendiente de implementar,ausente,margin_stabilization (media): Margen gross 66.7% vs 62.9% (+3.7 pp) | dividend_maintained (baja): Dividendo actual 3.53% con caída del 4.2%,incompleto,descarte,5506.91,5601.75,5506.91 - 5601.75,5128.05,5247.41,5128.05 - 5247.41,Pérdida del soporte en 5506.91 | ROE negativo durante 2 trimestres consecutivos | Ampliación de capital dilutiva | Recorte de rating a bono basura,6-12,"TAKEDA PHARMACEUTICAL CO LTD está un 4.2% por debajo de su máximo 52s. Fundamentalmente débil con ROE -2.3%, deuda neta/EBITDA 4.1x. Técnicamente 🟢 Cerca de soporte, 🟢 base_pattern_detected. Clasificación: descarte.","TAKEDA PHARMACEUTICAL CO LTD está un 4.2% por debajo de su máximo 52s. Fundamentalmente débil con ROE -2.3%, deuda neta/EBITDA 4.1x. Técnicamente 🟢 Cerca de soporte, 🟢 base_pattern_detected. Clasificación: descarte.",OK,
INGA.AS,ING GROEP N.V.,EUROSTOXX,1.0,script-v2.0,1.0,2026-09-30T13:46:17.168652+02:00,37.0,40.3,76.0,9.0,0.0,4.0,27.0,21.0,6.0,5250320.0,,43.3,,,2.3,2.0824,False,30.4,40.7,False,26.18,20.9,False,True,False,Sin señales de recuperación,pass,descarte,pendiente,0.0,desconocido,Pendiente de implementar,ausente,eps_stabilization (media): EPS 0.54 vs 0.48 (Diluted EPS) | dividend_maintained (baja): Dividendo actual 3.60% con caída del 2.3%,incompleto,descarte,30.77,30.83,30.77 - 30.83,26.02,27.54,26.02 - 27.54,Pérdida del soporte en 30.77 | ROE negativo durante 2 trimestres consecutivos | Ampliación de capital dilutiva | Recorte de rating a bono basura,6-12,"ING GROEP N.V. está un 2.3% por debajo de su máximo 52s. Fundamentalmente aceptable con ROE 17.1%, dividendo 3.6%. Técnicamente 🟢 Cerca de soporte, 🟡 trendline_break. Clasificación: descarte.","ING GROEP N.V. está un 2.3% por debajo de su máximo 52s. Fundamentalmente aceptable con ROE 17.1%, dividendo 3.6%. Técnicamente 🟢 Cerca de soporte, 🟡 trendline_break. Clasificación: descarte.",OK,
ML.PA,MICHELIN,EUROSTOXX,1.0,script-v2.0,1.0,2026-09-30T13:46:07.524464+02:00,36.5,30.9,0.0,58.0,0.0,1.0,53.0,53.0,0.0,1491875.0,1.12,19.5,,1.12,5.5,0.8599,False,63.7,67.8,False,31.79,6.1,False,False,False,Sin señales de recuperación,pass,descarte,pendiente,0.0,desconocido,Pendiente de implementar,ausente,dividend_maintained (baja): Dividendo actual 13.34% con caída del 5.5%,razonable,descarte,33.52,33.74,33.52 - 33.74,30.36,31.55,30.36 - 31.55,Pérdida del soporte en 33.52 | ROE negativo durante 2 trimestres consecutivos | Ampliación de capital dilutiva | Recorte de rating a bono basura,6-12,"MICHELIN está un 5.5% por debajo de su máximo 52s. Fundamentalmente débil con deuda neta/EBITDA 1.1x, dividendo 13.3%. Técnicamente 🟢 Divergencia alcista RSI, 🟢 Cruce alcista MACD. Clasificación: descarte.","MICHELIN está un 5.5% por debajo de su máximo 52s. Fundamentalmente débil con deuda neta/EBITDA 1.1x, dividendo 13.3%. Técnicamente 🟢 Divergencia alcista RSI, 🟢 Cruce alcista MACD. Clasificación: descarte.",OK,
GM,General Motors Company,SP500,1.0,script-v2.0,1.0,2026-09-30T13:47:32.345859+02:00,36.1,34.5,43.0,27.0,0.0,4.0,41.0,36.0,5.0,6640063.0,6.32,0.8,4.4,10.71,12.2,1.9701,False,10.7,17.2,False,80.14,0.4,False,False,False,Sin señales de recuperación,pass,descarte,pendiente,0.0,desconocido,Pendiente de implementar,ausente,"dividend_maintained (baja): Dividendo actual 0.89% con caída del 12.4% | analyst_upgrade (media): Target 104.22 vs precio 80.47 (+30%), recMean 1.62, recKey buy",incompleto,descarte,79.4,80.47,79.40 - 80.47,78.07,80.41,78.07 - 80.41,Pérdida del soporte en 79.40 | ROE negativo durante 2 trimestres consecutivos | Ampliación de capital dilutiva | Recorte de rating a bono basura,6-12,"General Motors Company está un 12.4% por debajo de su máximo 52s. Fundamentalmente débil con ROE 3.2%, deuda neta/EBITDA 6.3x. Técnicamente 🟢 Cerca de soporte, 🟡 Apoyo en MA40 semanal. Clasificación: descarte.","General Motors Company está un 12.4% por debajo de su máximo 52s. Fundamentalmente débil con ROE 3.2%, deuda neta/EBITDA 6.3x. Técnicamente 🟢 Cerca de soporte, 🟡 Apoyo en MA40 semanal. Clasificación: descarte.",OK,
ASML.AS,ASML HOLDING,EUROSTOXX,1.0,script-v2.0,1.0,2026-09-30T13:46:15.404972+02:00,36.0,35.9,77.0,0.0,0.0,15.0,36.0,24.0,12.0,591664.0,-0.41,-26.7,0.0,45.18,7.5,73.4069,False,91.7,91.3,False,1355.98,18.6,True,False,False,,pass,descarte,pendiente,0.0,desconocido,Pendiente de implementar,confirmada,"margin_stabilization (media): Margen gross 54.0% vs 53.0% (+1.0 pp) | eps_stabilization (media): EPS 7.58 vs 7.15 (Diluted EPS) | debt_reduction (alta): Deuda 1984.4M vs 2705.6M | dividend_maintained (baja): Dividendo actual 0.48% con caída del 7.6% | analyst_upgrade (media): Target 2044.69 vs precio 1608.20 (+27%), recMean 1.40, recKey strong_buy",incompleto,descarte,1490.3,1518.49,1490.30 - 1518.49,1332.16,1479.85,1332.16 - 1479.85,Pérdida del soporte en 1518.49 | ROE negativo durante 2 trimestres consecutivos | Ampliación de capital dilutiva | Recorte de rating a bono basura,6-12,"ASML HOLDING está un 7.6% por debajo de su máximo 52s. Fundamentalmente débil con ROE 53.9%, deuda neta/EBITDA -0.4x. Técnicamente 🟢 Divergencia alcista RSI, 🟢 base_pattern_detected. Clasificación: descarte.","ASML HOLDING está un 7.6% por debajo de su máximo 52s. Fundamentalmente débil con ROE 53.9%, deuda neta/EBITDA -0.4x. Técnicamente 🟢 Divergencia alcista RSI, 🟢 base_pattern_detected. Clasificación: descarte.",OK,
MMM,3M Company,SP500,1.0,script-v2.0,1.0,2026-09-30T13:46:49.823847+02:00,35.2,35.9,77.0,0.0,0.0,7.0,33.0,33.0,0.0,3099465.0,1.21,4.8,0.1,14.61,8.5,3.9934,False,76.8,84.4,False,159.62,5.6,False,False,False,,pass,descarte,pendiente,0.0,desconocido,Pendiente de implementar,parcial,margin_stabilization (media): Margen gross 41.3% vs 40.7% (+0.5 pp) | eps_stabilization (media): EPS 1.78 vs 1.23 (Diluted EPS) | dividend_maintained (baja): Dividendo actual 1.85% con caída del 8.9%,incompleto,descarte,167.59,168.49,167.59 - 168.49,157.16,159.5,157.16 - 159.50,Pérdida del soporte en 167.59 | ROE negativo durante 2 trimestres consecutivos | Ampliación de capital dilutiva | Recorte de rating a bono basura,6-12,"3M Company está un 8.9% por debajo de su máximo 52s. Fundamentalmente débil con ROE 81.9%, deuda neta/EBITDA 1.2x. Técnicamente 🟢 Cerca de soporte. Clasificación: descarte.","3M Company está un 8.9% por debajo de su máximo 52s. Fundamentalmente débil con ROE 81.9%, deuda neta/EBITDA 1.2x. Técnicamente 🟢 Cerca de soporte. Clasificación: descarte.",OK,
D05.SI,DBS,ASIA,1.0,script-v2.0,1.0,2026-09-30T13:48:21.170338+02:00,34.7,35.9,77.0,0.0,0.0,4.0,31.0,25.0,6.0,4077422.0,,184.1,,,2.0,5.3203,False,54.3,77.0,False,63.48,22.1,False,True,False,Sin señales de recuperación,pass,descarte,pendiente,0.0,desconocido,Pendiente de implementar,ausente,eps_stabilization (media): EPS 1.03 vs 1.02 (Diluted EPS) | dividend_maintained (baja): Dividendo actual 4.10% con caída del 2.0%,incompleto,descarte,74.07,76.07,74.07 - 76.07,62.83,67.19,62.83 - 67.19,Pérdida del soporte en 74.07 | ROE negativo durante 2 trimestres consecutivos | Ampliación de capital dilutiva | Recorte de rating a bono basura,6-12,"DBS está un 2.0% por debajo de su máximo 52s. Fundamentalmente débil con ROE 16.2%, dividendo 4.1%. Técnicamente 🟢 Cerca de soporte, 🟡 trendline_break. Clasificación: descarte.","DBS está un 2.0% por debajo de su máximo 52s. Fundamentalmente débil con ROE 16.2%, dividendo 4.1%. Técnicamente 🟢 Cerca de soporte, 🟡 trendline_break. Clasificación: descarte.",OK,
META,"Meta Platforms, Inc.",SP500,1.0,script-v2.0,1.0,2026-09-30T13:47:36.559626+02:00,34.1,33.1,71.0,0.0,0.0,4.0,37.0,19.0,18.0,20031174.0,0.2,29.4,-0.0,17.36,6.8,17.664,False,70.3,69.5,False,623.88,18.4,True,True,False,Sin señales de recuperación,pass,descarte,pendiente,0.0,desconocido,Pendiente de implementar,ausente,margin_stabilization (media): Margen gross 81.4% vs 81.9% (-0.5 pp) | dividend_maintained (baja): Dividendo actual 0.28% con caída del 5.3%,incompleto,descarte,618.59,653.58,618.59 - 653.58,626.18,662.85,626.18 - 662.85,Pérdida del soporte en 653.58 | ROE negativo durante 2 trimestres consecutivos | Ampliación de capital dilutiva | Recorte de rating a bono basura,6-12,"Meta Platforms, Inc. está un 5.3% por debajo de su máximo 52s. Fundamentalmente débil con ROE 29.8%, deuda neta/EBITDA 0.2x. Técnicamente 🟢 base_pattern_detected, 🟡 trendline_break. Clasificación: descarte.","Meta Platforms, Inc. está un 5.3% por debajo de su máximo 52s. Fundamentalmente débil con ROE 29.8%, deuda neta/EBITDA 0.2x. Técnicamente 🟢 base_pattern_detected, 🟡 trendline_break. Clasificación: descarte.",OK,
ABBV,AbbVie Inc.,SP500,1.0,script-v2.0,1.0,2026-09-30T13:46:50.595066+02:00,33.8,38.1,69.0,11.0,0.0,12.0,21.0,15.0,6.0,5014900.0,2.09,-2.7,1.4,17.22,2.3,11.6997,False,69.0,77.6,False,230.09,14.4,False,True,False,Sin suelo técnico identificado,pass,descarte,pendiente,0.0,desconocido,Pendiente de implementar,confirmada,margin_stabilization (media): Margen gross 74.7% vs 71.9% (+2.9 pp) | eps_stabilization (media): EPS 2.03 vs 0.39 (Diluted EPS) | debt_reduction (alta): Deuda 70885.0M vs 72858.0M | dividend_maintained (baja): Dividendo actual 2.63% con caída del 2.3%,sin_suelo,descarte,246.64,257.48,246.64 - 257.48,228.86,228.98,228.86 - 228.98,Pérdida del soporte en 246.64 | ROE negativo durante 2 trimestres consecutivos | Ampliación de capital dilutiva | Recorte de rating a bono basura,6-12,"AbbVie Inc. está un 2.3% por debajo de su máximo 52s. Fundamentalmente débil con deuda neta/EBITDA 2.1x, dividendo 2.6%. Técnicamente 🟡 trendline_break. Clasificación: descarte.","AbbVie Inc. está un 2.3% por debajo de su máximo 52s. Fundamentalmente débil con deuda neta/EBITDA 2.1x, dividendo 2.6%. Técnicamente 🟡 trendline_break. Clasificación: descarte.",OK,
ISP.MI,INTESA SANPAOLO,EUROSTOXX,1.0,script-v2.0,1.0,2026-09-30T13:46:21.853008+02:00,33.4,37.5,70.0,9.0,0.0,1.0,21.0,21.0,0.0,43805839.0,,182.8,,,3.2,0.3222,False,54.5,66.9,False,5.93,13.2,False,False,False,Sin señales de recuperación | Sin suelo técnico identificado,pass,descarte,pendiente,0.0,desconocido,Pendiente de implementar,ausente,dividend_maintained (baja): Dividendo actual 5.66% con caída del 3.2%,sin_suelo,descarte,6.54,6.71,6.54 - 6.71,5.9,5.92,5.90 - 5.92,Pérdida del soporte en 6.54 | ROE negativo durante 2 trimestres consecutivos | Ampliación de capital dilutiva | Recorte de rating a bono basura,6-12,"INTESA SANPAOLO está un 3.2% por debajo de su máximo 52s. Fundamentalmente débil con ROE 14.3%, dividendo 5.7%. Técnicamente 🟢 Cerca de soporte. Clasificación: descarte.","INTESA SANPAOLO está un 3.2% por debajo de su máximo 52s. Fundamentalmente débil con ROE 14.3%, dividendo 5.7%. Técnicamente 🟢 Cerca de soporte. Clasificación: descarte.",OK,
MRK,"Merck & Company, Inc.",SP500,1.0,script-v2.0,1.0,2026-09-30T13:47:18.632842+02:00,32.8,31.7,68.0,0.0,0.0,4.0,36.0,30.0,6.0,9838576.0,1.62,9.8,3.0,14.38,4.3,9.7602,False,61.9,58.6,False,123.03,21.3,False,True,False,Sin señales de recuperación,pass,descarte,pendiente,0.0,desconocido,Pendiente de implementar,ausente,eps_stabilization (media): EPS -0.54 vs -1.72 (Diluted EPS) | dividend_maintained (baja): Dividendo actual 2.28% con caída del 4.9%,incompleto,descarte,140.67,143.61,140.67 - 143.61,120.74,133.38,120.74 - 133.38,Pérdida del soporte en 143.61 | ROE negativo durante 2 trimestres consecutivos | Ampliación de capital dilutiva | Recorte de rating a bono basura,6-12,"Merck & Company, Inc. está un 4.9% por debajo de su máximo 52s. Fundamentalmente débil con ROE 7.0%, deuda neta/EBITDA 1.6x. Técnicamente 🟡 MACD convergiendo, 🟢 Cerca de soporte. Clasificación: descarte.","Merck & Company, Inc. está un 4.9% por debajo de su máximo 52s. Fundamentalmente débil con ROE 7.0%, deuda neta/EBITDA 1.6x. Técnicamente 🟡 MACD convergiendo, 🟢 Cerca de soporte. Clasificación: descarte.",OK,
O39.SI,OCBC Bank,ASIA,1.0,script-v2.0,1.0,2026-09-30T13:48:21.708493+02:00,32.5,35.9,77.0,0.0,0.0,4.0,22.0,16.0,6.0,6325168.0,,69.9,,,1.8,2.8094,False,73.7,83.5,False,24.38,31.2,False,True,False,Sin señales de recuperación | Sin suelo técnico identificado,pass,descarte,pendiente,0.0,desconocido,Pendiente de implementar,ausente,eps_stabilization (media): EPS 0.44 vs 0.42 (Diluted EPS) | dividend_maintained (baja): Dividendo actual 2.94% con caída del 1.8%,sin_suelo,descarte,30.75,30.83,30.75 - 30.83,24.0,27.68,24.00 - 27.68,Pérdida del soporte en 30.83 | ROE negativo durante 2 trimestres consecutivos | Ampliación de capital dilutiva | Recorte de rating a bono basura,6-12,"OCBC Bank está un 1.8% por debajo de su máximo 52s. Fundamentalmente débil con ROE 12.7%, dividendo 2.9%. Técnicamente 🟢 Cerca de soporte, 🟡 trendline_break. Clasificación: descarte.","OCBC Bank está un 1.8% por debajo de su máximo 52s. Fundamentalmente débil con ROE 12.7%, dividendo 2.9%. Técnicamente 🟢 Cerca de soporte, 🟡 trendline_break. Clasificación: descarte.",OK,
DE,Deere & Company,SP500,1.0,script-v2.0,1.0,2026-09-30T13:47:12.692566+02:00,32.5,26.6,57.0,0.0,0.0,1.0,50.0,44.0,6.0,1208509.0,6.7,0.6,-9.3,28.04,5.6,33.2682,False,27.0,38.4,False,591.61,15.0,False,True,False,Sin señales de recuperación,pass,descarte,pendiente,0.0,desconocido,Pendiente de implementar,ausente,dividend_maintained (baja): Dividendo actual 0.95% con caída del 5.6%,razonable,descarte,644.59,665.45,644.59 - 665.45,583.31,613.04,583.31 - 613.04,Pérdida del soporte en 665.45 | ROE negativo durante 2 trimestres consecutivos | Ampliación de capital dilutiva | Recorte de rating a bono basura,6-12,"Deere & Company está un 5.6% por debajo de su máximo 52s. Fundamentalmente débil con ROE 18.2%, deuda neta/EBITDA 6.7x. Técnicamente 🟢 Cruce alcista MACD, 🟢 Cerca de soporte. Clasificación: descarte.","Deere & Company está un 5.6% por debajo de su máximo 52s. Fundamentalmente débil con ROE 18.2%, deuda neta/EBITDA 6.7x. Técnicamente 🟢 Cruce alcista MACD, 🟢 Cerca de soporte. Clasificación: descarte.",OK,
SON.LS,SONAE,EUROSTOXX,1.0,script-v2.0,1.0,2026-09-30T13:46:31.617652+02:00,29.9,31.9,57.0,10.0,0.0,4.0,24.0,24.0,0.0,1484318.0,5.75,10.1,-6.7,13.35,1.4,0.0712,False,85.5,81.6,False,1.92,10.6,False,False,False,Sin señales de recuperación | Sin suelo técnico identificado,pass,descarte,pendiente,0.0,desconocido,Pendiente de implementar,ausente,eps_stabilization (media): EPS 0.04 vs 0.02 (Diluted EPS) | dividend_maintained (baja): Dividendo actual 2.82% con caída del 1.4%,sin_suelo,descarte,1.96,2.04,1.96 - 2.04,1.83,1.91,1.83 - 1.91,Pérdida del soporte en 1.96 | ROE negativo durante 2 trimestres consecutivos | Ampliación de capital dilutiva | Recorte de rating a bono basura,6-12,"SONAE está un 1.4% por debajo de su máximo 52s. Fundamentalmente débil con ROE 8.7%, deuda neta/EBITDA 5.8x. Técnicamente 🟢 Divergencia alcista RSI. Clasificación: descarte.","SONAE está un 1.4% por debajo de su máximo 52s. Fundamentalmente débil con ROE 8.7%, deuda neta/EBITDA 5.8x. Técnicamente 🟢 Divergencia alcista RSI. Clasificación: descarte.",OK,
GILD,"Gilead Sciences, Inc.",SP500,1.0,script-v2.0,1.0,2026-09-30T13:47:20.354260+02:00,29.4,27.9,53.0,6.0,0.0,4.0,34.0,16.0,18.0,6313661.0,1.46,18.4,0.0,14.3,2.1,5.3651,False,74.6,76.3,False,135.9,11.3,True,True,False,Sin señales de recuperación,pass,descarte,pendiente,0.0,desconocido,Pendiente de implementar,ausente,margin_stabilization (media): Margen gross 79.8% vs 79.2% (+0.5 pp) | dividend_maintained (baja): Dividendo actual 2.17% con caída del 3.8%,incompleto,descarte,141.59,148.02,141.59 - 148.02,133.7,134.79,133.70 - 134.79,Pérdida del soporte en 148.02 | ROE negativo durante 2 trimestres consecutivos | Ampliación de capital dilutiva | Recorte de rating a bono basura,6-12,"Gilead Sciences, Inc. está un 3.8% por debajo de su máximo 52s. Fundamentalmente débil con ROE -20.7%, deuda neta/EBITDA 1.5x. Técnicamente 🟢 Cerca de soporte, 🟢 base_pattern_detected. Clasificación: descarte.","Gilead Sciences, Inc. está un 3.8% por debajo de su máximo 52s. Fundamentalmente débil con ROE -20.7%, deuda neta/EBITDA 1.5x. Técnicamente 🟢 Cerca de soporte, 🟢 base_pattern_detected. Clasificación: descarte.",OK,
NAB.AX,NAT. BANK FPO [NAB],ASX,1.0,script-v2.0,1.0,2026-09-30T13:47:40.627587+02:00,29.3,17.1,0.0,32.0,0.0,1.0,66.0,39.0,27.0,4467573.0,,38.0,,,19.1,-0.3997,True,87.4,88.2,False,40.63,-3.6,True,False,False,No supera filtrado cuantitativo mínimo | Sin señales de recuperación,fail,descarte,pendiente,0.0,desconocido,Pendiente de implementar,ausente,dividend_maintained (baja): Dividendo actual 4.34% con caída del 20.8%,razonable,descarte,37.55,39.15,37.55 - 39.15,40.64,42.03,40.64 - 42.03,Pérdida del soporte en 37.55 | ROE negativo durante 2 trimestres consecutivos | Ampliación de capital dilutiva | Recorte de rating a bono basura,6-12,"NAT. BANK FPO [NAB] está un 20.8% por debajo de su máximo 52s. Fundamentalmente débil con dividendo 4.3%. Técnicamente 🟢 Cerca de soporte, 🟢 MACD semanal girando al alza. Clasificación: descarte.","NAT. BANK FPO [NAB] está un 20.8% por debajo de su máximo 52s. Fundamentalmente débil con dividendo 4.3%. Técnicamente 🟢 Cerca de soporte, 🟢 MACD semanal girando al alza. Clasificación: descarte.",OK,
APA.AX,APA GROUP STAPLED [APA],ASX,1.0,script-v2.0,1.0,2026-09-30T13:47:50.459620+02:00,27.0,24.7,53.0,0.0,0.0,4.0,34.0,16.0,18.0,2627644.0,6.08,1.2,,12.94,3.5,0.3462,False,11.6,24.1,False,9.77,8.6,True,True,False,No supera filtrado cuantitativo mínimo | Sin señales de recuperación,fail,descarte,pendiente,0.0,desconocido,Pendiente de implementar,ausente,eps_stabilization (media): EPS 0.16 vs 0.08 (annual_eps_fallback) | dividend_maintained (baja): Dividendo actual 5.47% con caída del 4.4%,incompleto,descarte,9.85,10.52,9.85 - 10.52,9.43,9.7,9.43 - 9.70,Pérdida del soporte en 9.85 | ROE negativo durante 2 trimestres consecutivos | Ampliación de capital dilutiva | Recorte de rating a bono basura,6-12,"APA GROUP STAPLED [APA] está un 4.4% por debajo de su máximo 52s. Fundamentalmente débil con ROE 8.7%, deuda neta/EBITDA 6.1x. Técnicamente 🟢 base_pattern_detected, 🟡 trendline_break. Clasificación: descarte.","APA GROUP STAPLED [APA] está un 4.4% por debajo de su máximo 52s. Fundamentalmente débil con ROE 8.7%, deuda neta/EBITDA 6.1x. Técnicamente 🟢 base_pattern_detected, 🟡 trendline_break. Clasificación: descarte.",OK,
QBE.AX,QBE INSUR. FPO [QBE],ASX,1.0,script-v2.0,1.0,2026-09-30T13:47:48.178435+02:00,24.2,17.6,0.0,33.0,0.0,4.0,44.0,44.0,0.0,3396033.0,-0.51,51.6,,10.39,8.2,0.3659,False,81.0,78.9,False,21.95,6.4,False,False,False,No supera filtrado cuantitativo mínimo | Sin señales de recuperación,fail,descarte,pendiente,0.0,desconocido,Pendiente de implementar,ausente,eps_stabilization (media): EPS 1.40 vs 1.19 (annual_eps_fallback) | dividend_maintained (baja): Dividendo actual 4.75% con caída del 9.6%,incompleto,descarte,22.78,23.12,22.78 - 23.12,21.81,21.96,21.81 - 21.96,Pérdida del soporte en 22.78 | ROE negativo durante 2 trimestres consecutivos | Ampliación de capital dilutiva | Recorte de rating a bono basura,6-12,"QBE INSUR. FPO [QBE] está un 9.6% por debajo de su máximo 52s. Fundamentalmente débil con ROE 19.3%, deuda neta/EBITDA -0.5x. Técnicamente 🟢 Divergencia alcista RSI, 🟢 Volumen creciente. Clasificación: descarte.","QBE INSUR. FPO [QBE] está un 9.6% por debajo de su máximo 52s. Fundamentalmente débil con ROE 19.3%, deuda neta/EBITDA -0.5x. Técnicamente 🟢 Divergencia alcista RSI, 🟢 Volumen creciente. Clasificación: descarte.",OK,
CON.DE,CONTINENTAL AG                I,EUROSTOXX,1.0,script-v2.0,1.0,2026-09-30T13:45:50.913593+02:00,24.2,16.0,0.0,30.0,0.0,7.0,49.0,32.0,17.0,415663.0,2.23,4.0,-1.0,7.31,12.1,0.8847,False,18.3,24.4,False,67.42,1.0,True,False,False,No supera filtrado cuantitativo mínimo,fail,descarte,pendiente,0.0,desconocido,Pendiente de implementar,parcial,margin_stabilization (media): Margen gross 33.0% vs 29.4% (+3.7 pp) | eps_stabilization (media): EPS 1.37 vs 1.00 (Diluted EPS) | dividend_maintained (baja): Dividendo actual 3.96% con caída del 12.1%,razonable,descarte,61.84,68.12,61.84 - 68.12,65.88,67.23,65.88 - 67.23,Pérdida del soporte en 61.84 | ROE negativo durante 2 trimestres consecutivos | Ampliación de capital dilutiva | Recorte de rating a bono basura,6-12,"CONTINENTAL AG                I está un 12.1% por debajo de su máximo 52s. Fundamentalmente débil con ROE -8.3%, deuda neta/EBITDA 2.2x. Técnicamente 🟢 Divergencia alcista RSI, 🟡 Apoyo en MA40 semanal. Clasificación: descarte.","CONTINENTAL AG                I está un 12.1% por debajo de su máximo 52s. Fundamentalmente débil con ROE -8.3%, deuda neta/EBITDA 2.2x. Técnicamente 🟢 Divergencia alcista RSI, 🟡 Apoyo en MA40 semanal. Clasificación: descarte.",OK,
TLS.AX,TELSTRA FPO [TLS],ASX,1.0,script-v2.0,1.0,2026-09-30T13:47:43.507125+02:00,24.2,10.7,0.0,20.0,0.0,4.0,65.0,50.0,15.0,28252471.0,2.49,5.2,,10.28,11.5,-0.0454,True,44.4,32.4,False,4.93,-2.0,False,False,False,No supera filtrado cuantitativo mínimo | Sin señales de recuperación,fail,descarte,pendiente,0.0,desconocido,Pendiente de implementar,ausente,eps_stabilization (media): EPS 0.20 vs 0.19 (annual_eps_fallback) | dividend_maintained (baja): Dividendo actual 4.35% con caída del 13.4%,razonable,descarte,4.76,4.78,4.76 - 4.78,4.74,4.92,4.74 - 4.92,Pérdida del soporte en 4.76 | ROE negativo durante 2 trimestres consecutivos | Ampliación de capital dilutiva | Recorte de rating a bono basura,6-12,"TELSTRA FPO [TLS] está un 13.4% por debajo de su máximo 52s. Fundamentalmente débil con ROE 15.4%, deuda neta/EBITDA 2.5x. Técnicamente 🟢 Divergencia alcista RSI, 🟡 MACD convergiendo. Clasificación: descarte.","TELSTRA FPO [TLS] está un 13.4% por debajo de su máximo 52s. Fundamentalmente débil con ROE 15.4%, deuda neta/EBITDA 2.5x. Técnicamente 🟢 Divergencia alcista RSI, 🟡 MACD convergiendo. Clasificación: descarte.",OK,
FRE.DE,Fresenius SE & Co. KGaA       N,EUROSTOXX,1.0,script-v2.0,1.0,2026-09-30T13:45:51.480649+02:00,23.2,24.0,0.0,45.0,0.0,12.0,21.0,16.0,5.0,1019226.0,3.34,-4.1,-0.4,11.76,12.8,0.8148,False,48.9,52.6,False,43.79,2.5,False,False,False,No supera filtrado cuantitativo mínimo | Sin suelo técnico identificado,fail,descarte,pendiente,0.0,desconocido,Pendiente de implementar,confirmada,"margin_stabilization (media): Margen gross 26.1% vs 26.4% (-0.3 pp) | debt_reduction (alta): Deuda 11419.0M vs 11905.0M | dividend_maintained (baja): Dividendo actual 2.34% con caída del 15.2% | analyst_upgrade (media): Target 55.59 vs precio 44.91 (+24%), recMean 1.50, recKey strong_buy",sin_suelo,descarte,42.39,44.9,42.39 - 44.90,43.94,45.02,43.94 - 45.02,Pérdida del soporte en 42.39 | ROE negativo durante 2 trimestres consecutivos | Ampliación de capital dilutiva | Recorte de rating a bono basura,6-12,"Fresenius SE & Co. KGaA       N está un 15.2% por debajo de su máximo 52s. Fundamentalmente débil con ROE 8.3%, deuda neta/EBITDA 3.3x. Técnicamente 🟡 Apoyo en MA40 semanal. Clasificación: descarte.","Fresenius SE & Co. KGaA       N está un 15.2% por debajo de su máximo 52s. Fundamentalmente débil con ROE 8.3%, deuda neta/EBITDA 3.3x. Técnicamente 🟡 Apoyo en MA40 semanal. Clasificación: descarte.",OK,
LIN.DE,Linde plc                     R,EUROSTOXX,1.0,script-v2.0,1.0,2026-09-30T13:45:59.356880+02:00,21.4,8.5,0.0,16.0,0.0,4.0,60.0,33.0,27.0,11463.0,1.76,6.4,-0.7,16.39,12.8,-2.5643,True,83.2,85.3,False,419.14,-0.7,True,False,False,No supera filtrado cuantitativo mínimo | Sin señales de recuperación,fail,descarte,pendiente,0.0,desconocido,Pendiente de implementar,ausente,eps_stabilization (media): EPS 4.15 vs 3.98 (Diluted EPS) | dividend_maintained (baja): Dividendo actual 1.49% con caída del 13.1%,razonable,descarte,395.58,416.4,395.58 - 416.40,407.49,416.48,407.49 - 416.48,Pérdida del soporte en 395.58 | ROE negativo durante 2 trimestres consecutivos | Ampliación de capital dilutiva | Recorte de rating a bono basura,6-12,"Linde plc                     R está un 13.1% por debajo de su máximo 52s. Fundamentalmente débil con deuda neta/EBITDA 1.8x, dividendo 1.5%. Técnicamente 🟢 Divergencia alcista RSI, 🟢 MACD semanal girando al alza. Clasificación: descarte.","Linde plc                     R está un 13.1% por debajo de su máximo 52s. Fundamentalmente débil con deuda neta/EBITDA 1.8x, dividendo 1.5%. Técnicamente 🟢 Divergencia alcista RSI, 🟢 MACD semanal girando al alza. Clasificación: descarte.",OK,
MQG.AX,MACQ GROUP FPO [MQG],ASX,1.0,script-v2.0,1.0,2026-09-30T13:47:42.254876+02:00,18.4,6.9,0.0,13.0,0.0,3.0,53.0,53.0,0.0,620576.0,14.47,3.2,,,8.1,5.4809,False,83.0,76.8,False,230.48,6.8,False,False,False,No supera filtrado cuantitativo mínimo | Sin señales de recuperación,fail,descarte,pendiente,0.0,desconocido,Pendiente de implementar,ausente,eps_stabilization (media): EPS 12.67 vs 9.76 (annual_eps_fallback),razonable,descarte,238.5,246.1,238.50 - 246.10,227.71,229.06,227.71 - 229.06,Pérdida del soporte en 238.50 | ROE negativo durante 2 trimestres consecutivos | Ampliación de capital dilutiva | Recorte de rating a bono basura,6-12,"MACQ GROUP FPO [MQG] está un 8.1% por debajo de su máximo 52s. Fundamentalmente débil con deuda neta/EBITDA 14.5x. Técnicamente 🟢 Divergencia alcista RSI, 🟢 Cruce alcista MACD. Clasificación: descarte.","MACQ GROUP FPO [MQG] está un 8.1% por debajo de su máximo 52s. Fundamentalmente débil con deuda neta/EBITDA 14.5x. Técnicamente 🟢 Divergencia alcista RSI, 🟢 Cruce alcista MACD. Clasificación: descarte.",OK,
ALV.DE,Allianz SE                    v,EUROSTOXX,1.0,script-v2.0,1.0,2026-09-30T13:45:48.611451+02:00,18.0,8.0,0.0,15.0,0.0,12.0,48.0,48.0,0.0,504320.0,-4.77,-4.4,1.0,2.85,8.1,16.9729,False,20.7,30.7,False,389.21,7.3,False,False,False,No supera filtrado cuantitativo mínimo,fail,descarte,pendiente,0.0,desconocido,Pendiente de implementar,confirmada,margin_stabilization (media): Margen operating 17.1% vs 10.5% (+6.6 pp) | eps_stabilization (media): EPS 9.56 vs 6.98 (Diluted EPS) | debt_reduction (alta): Deuda 33706.0M vs 35275.0M | dividend_maintained (baja): Dividendo actual 4.09% con caída del 8.1%,razonable,descarte,411.27,417.6,411.27 - 417.60,386.41,388.72,386.41 - 388.72,Pérdida del soporte en 411.27 | ROE negativo durante 2 trimestres consecutivos | Ampliación de capital dilutiva | Recorte de rating a bono basura,6-12,"Allianz SE                    v está un 8.1% por debajo de su máximo 52s. Fundamentalmente débil con ROE 19.6%, deuda neta/EBITDA -4.8x. Técnicamente 🔵 RSI recuperándose de sobreventa, 🟡 MACD convergiendo. Clasificación: descarte.","Allianz SE                    v está un 8.1% por debajo de su máximo 52s. Fundamentalmente débil con ROE 19.6%, deuda neta/EBITDA -4.8x. Técnicamente 🔵 RSI recuperándose de sobreventa, 🟡 MACD convergiendo. Clasificación: descarte.",OK,
STO.AX,SANTOS FPO [STO],ASX,1.0,script-v2.0,1.0,2026-09-30T13:47:47.258309+02:00,17.2,5.3,0.0,10.0,0.0,1.0,53.0,35.0,18.0,11017867.0,2.36,9.9,,12.78,2.2,0.3561,False,57.8,45.2,False,7.46,15.6,True,True,False,No supera filtrado cuantitativo mínimo | Sin señales de recuperación,fail,descarte,pendiente,0.0,desconocido,Pendiente de implementar,ausente,dividend_maintained (baja): Dividendo actual 3.60% con caída del 2.2%,razonable,descarte,8.13,8.34,8.13 - 8.34,7.35,7.49,7.35 - 7.49,Pérdida del soporte en 8.34 | ROE negativo durante 2 trimestres consecutivos | Ampliación de capital dilutiva | Recorte de rating a bono basura,6-12,"SANTOS FPO [STO] está un 2.2% por debajo de su máximo 52s. Fundamentalmente débil con ROE 4.7%, deuda neta/EBITDA 2.4x. Técnicamente 🟡 MACD convergiendo, 🟢 Cerca de soporte. Clasificación: descarte.","SANTOS FPO [STO] está un 2.2% por debajo de su máximo 52s. Fundamentalmente débil con ROE 4.7%, deuda neta/EBITDA 2.4x. Técnicamente 🟡 MACD convergiendo, 🟢 Cerca de soporte. Clasificación: descarte.",OK,
PUB.PA,PUBLICIS GROUPE SA,EUROSTOXX,1.0,script-v2.0,1.0,2026-09-30T13:46:14.647191+02:00,16.8,13.3,0.0,25.0,0.0,9.0,27.0,27.0,0.0,604562.0,1.14,-3.7,,9.3,10.8,5.0179,False,4.5,7.5,False,83.31,12.3,False,False,False,No supera filtrado cuantitativo mínimo,fail,descarte,pendiente,0.0,desconocido,Pendiente de implementar,parcial,"debt_reduction (alta): Deuda 5450.0M vs 5661.0M | dividend_maintained (baja): Dividendo actual 4.01% con caída del 10.8% | analyst_upgrade (media): Target 113.00 vs precio 93.54 (+21%), recMean 1.50, recKey strong_buy",incompleto,descarte,92.32,93.54,92.32 - 93.54,83.23,89.12,83.23 - 89.12,Pérdida del soporte en 92.32 | ROE negativo durante 2 trimestres consecutivos | Ampliación de capital dilutiva | Recorte de rating a bono basura,6-12,"PUBLICIS GROUPE SA está un 10.8% por debajo de su máximo 52s. Fundamentalmente débil con ROE 16.2%, deuda neta/EBITDA 1.1x. Técnicamente 🟢 Cerca de soporte. Clasificación: descarte.","PUBLICIS GROUPE SA está un 10.8% por debajo de su máximo 52s. Fundamentalmente débil con ROE 16.2%, deuda neta/EBITDA 1.1x. Técnicamente 🟢 Cerca de soporte. Clasificación: descarte.",OK,
WOW.AX,WOOLWORTHS FPO [WOW],ASX,1.0,script-v2.0,1.0,2026-09-30T13:47:43.685980+02:00,15.0,0.0,0.0,0.0,0.0,9.0,60.0,48.0,12.0,2238547.0,4.3,-5.2,,17.93,3.6,1.2876,False,94.2,76.8,False,35.75,9.7,True,False,False,No supera filtrado cuantitativo mínimo,fail,descarte,pendiente,0.0,desconocido,Pendiente de implementar,parcial,eps_stabilization (media): EPS 0.93 vs 0.78 (annual_eps_fallback) | debt_reduction (alta): Deuda 16477.0M vs 17385.0M | dividend_maintained (baja): Dividendo actual 2.47% con caída del 4.8%,razonable,descarte,37.86,39.07,37.86 - 39.07,35.01,35.43,35.01 - 35.43,Pérdida del soporte en 37.86 | ROE negativo durante 2 trimestres consecutivos | Ampliación de capital dilutiva | Recorte de rating a bono basura,6-12,"WOOLWORTHS FPO [WOW] está un 4.8% por debajo de su máximo 52s. Fundamentalmente débil con ROE 23.3%, deuda neta/EBITDA 4.3x. Técnicamente 🟢 Divergencia alcista RSI, 🟢 Cruce alcista MACD. Clasificación: descarte.","WOOLWORTHS FPO [WOW] está un 4.8% por debajo de su máximo 52s. Fundamentalmente débil con ROE 23.3%, deuda neta/EBITDA 4.3x. Técnicamente 🟢 Divergencia alcista RSI, 🟢 Cruce alcista MACD. Clasificación: descarte.",OK,
KBC.BR,KBC,EUROSTOXX,1.0,script-v2.0,1.0,2026-09-30T13:46:29.042342+02:00,10.3,4.8,0.0,9.0,0.0,4.0,27.0,21.0,6.0,333541.0,,99.5,,,2.8,6.1365,False,38.5,39.6,False,116.55,12.6,False,True,False,No supera filtrado cuantitativo mínimo | Sin señales de recuperación,fail,descarte,pendiente,0.0,desconocido,Pendiente de implementar,ausente,eps_stabilization (media): EPS 2.83 vs 1.32 (Diluted EPS) | dividend_maintained (baja): Dividendo actual 3.89% con caída del 2.8%,incompleto,descarte,128.59,129.69,128.59 - 129.69,114.71,116.15,114.71 - 116.15,Pérdida del soporte en 128.59 | ROE negativo durante 2 trimestres consecutivos | Ampliación de capital dilutiva | Recorte de rating a bono basura,6-12,"KBC está un 2.8% por debajo de su máximo 52s. Fundamentalmente débil con ROE 13.7%, dividendo 3.9%. Técnicamente 🟢 Cerca de soporte, 🟡 trendline_break. Clasificación: descarte.","KBC está un 2.8% por debajo de su máximo 52s. Fundamentalmente débil con ROE 13.7%, dividendo 3.9%. Técnicamente 🟢 Cerca de soporte, 🟡 trendline_break. Clasificación: descarte.",OK,
ANZ.AX,ANZ GROUP FPO [ANZ],ASX,1.0,script-v2.0,1.0,2026-09-30T13:47:41.586680+02:00,9.2,0.0,0.0,0.0,0.0,1.0,37.0,19.0,18.0,4156131.0,,23.8,,,4.4,0.6657,False,87.7,93.0,False,36.5,5.0,True,True,False,No supera filtrado cuantitativo mínimo | Sin señales de recuperación,fail,descarte,pendiente,0.0,desconocido,Pendiente de implementar,ausente,dividend_maintained (baja): Dividendo actual 4.33% con caída del 6.6%,incompleto,descarte,35.22,37.44,35.22 - 37.44,34.85,36.36,34.85 - 36.36,Pérdida del soporte en 35.22 | ROE negativo durante 2 trimestres consecutivos | Ampliación de capital dilutiva | Recorte de rating a bono basura,6-12,"ANZ GROUP FPO [ANZ] está un 6.6% por debajo de su máximo 52s. Fundamentalmente débil con ROE 8.2%, dividendo 4.3%. Técnicamente 🟢 base_pattern_detected, 🟡 trendline_break. Clasificación: descarte.","ANZ GROUP FPO [ANZ] está un 6.6% por debajo de su máximo 52s. Fundamentalmente débil con ROE 8.2%, dividendo 4.3%. Técnicamente 🟢 base_pattern_detected, 🟡 trendline_break. Clasificación: descarte.",OK,
ROG.SW,,EUROSTOXX,1.0,script-v2.0,1.0,,,,,,,,,,,,,,,,,,,,,,,,,,False,,,,,,,,,,,,,,,,,,,,,,ERROR,Missing market price in yfinance info
