Ticker,Nombre,Mercado,Rules_Version,Model_Version,Config_Version,Evaluation_Timestamp,Score,Score_Cuantitativo,Score_Fundamental,Score_Valoracion,Score_Causal,Score_Recuperacion,Score_Tecnico,Score_Tecnico_Base,Score_Tecnico_Bonus,Vol_Medio_Diario,Net_Debt_EBITDA,Variacion_Deuda_Trimestral_%,Variacion_Margen_pp,EV_EBITDA,Caida_Max_Multianual_%,MACD_Semanal,MACD_Semanal_Giro,Estocastico_K,Estocastico_D,Estocastico_Giro,MA40_Semanal,Dist_MA40_Semanal_%,Base_Pattern_Detected,Trendline_Break,Paso_Filtro,hard_rules_applied,Capa1_Status,Base_Classification,Causal_Classification,Causal_Confidence,Problem_Type,Causal_Justification,Recovery_Status,Recovery_Signals,Technical_Status,Final_Classification,Entry_Zone_Min,Entry_Zone_Max,Entry_Zone,Exit_Zone_Min,Exit_Zone_Max,Exit_Zone,Invalidation_Conditions,Estimated_Horizon_Months,Short_Explanation,Summary_Explanation,Estado,Error
CSL.AX,CSL FPO [CSL],ASX,1.0,script-v2.0,1.0,2026-08-04T10:29:52.217652+02:00,85.5,85.1,84.0,86.0,0.0,4.0,87.0,71.0,16.0,1823318.0,2.06,,-0.2,14.82,57.0,-10.0616,True,99.0,76.4,False,143.46,-10.2,False,True,True,Sin señales de recuperación,pass,seguimiento,pendiente,0.0,desconocido,Pendiente de implementar,ausente,eps_stabilization (media): EPS 6.17 vs 5.45 (annual_eps_fallback) | dividend_maintained (baja): Dividendo actual 3.31% con caída del 52.9%,fuerte,seguimiento,113.45,127.75,113.45 - 127.75,145.99,232.43,145.99 - 232.43,Pérdida del soporte en 127.75 | ROE negativo durante 2 trimestres consecutivos | Ampliación de capital dilutiva | Recorte de rating a bono basura,18-24,"CSL FPO [CSL] está un 52.9% por debajo de su máximo 52s. Fundamentalmente sólida con ROE 6.7%, deuda neta/EBITDA 2.1x. Técnicamente 🟢 Divergencia alcista RSI, 🟢 Cruce alcista MACD. Clasificación: seguimiento.","CSL FPO [CSL] está un 52.9% por debajo de su máximo 52s. Fundamentalmente sólida con ROE 6.7%, deuda neta/EBITDA 2.1x. Técnicamente 🟢 Divergencia alcista RSI, 🟢 Cruce alcista MACD. Clasificación: seguimiento.",OK,
4568.T,DAIICHI SANKYO COMPANY LIMITED,ASIA,1.0,script-v2.0,1.0,2026-08-04T10:30:19.294482+02:00,84.8,87.4,97.0,79.0,0.0,4.0,77.0,65.0,12.0,7738562.0,-0.49,148.8,,16.1,58.4,-114.7882,False,0.0,3.1,False,2922.01,-14.4,True,False,True,Sin señales de recuperación,pass,seguimiento,pendiente,0.0,desconocido,Pendiente de implementar,ausente,"dividend_maintained (baja): Dividendo actual 4.00% con caída del 40.2% | analyst_upgrade (media): Target 4143.53 vs precio 2500.00 (+66%), recMean 1.53, recKey buy",fuerte,seguimiento,2473.14,2500.0,2473.14 - 2500.00,3029.53,3551.3,3029.53 - 3551.30,Pérdida del soporte en 2473.14 | ROE negativo durante 2 trimestres consecutivos | Ampliación de capital dilutiva | Recorte de rating a bono basura,18-24,"DAIICHI SANKYO COMPANY LIMITED está un 40.2% por debajo de su máximo 52s. Fundamentalmente sólida con ROE 14.8%, deuda neta/EBITDA -0.5x. Técnicamente 🟢 Divergencia alcista RSI, 🟢 Bajo SMA200 con SMA50 girando. Clasificación: seguimiento.","DAIICHI SANKYO COMPANY LIMITED está un 40.2% por debajo de su máximo 52s. Fundamentalmente sólida con ROE 14.8%, deuda neta/EBITDA -0.5x. Técnicamente 🟢 Divergencia alcista RSI, 🟢 Bajo SMA200 con SMA50 girando. Clasificación: seguimiento.",OK,
RI.PA,PERNOD RICARD,EUROSTOXX,1.0,script-v2.0,1.0,2026-08-04T10:27:57.022630+02:00,81.0,85.3,88.0,83.0,0.0,7.0,68.0,35.0,33.0,681081.0,3.89,8.0,,10.26,46.3,-1.6618,True,78.3,86.4,False,68.08,-0.7,True,True,True,,pass,seguimiento,pendiente,0.0,desconocido,Pendiente de implementar,parcial,"eps_stabilization (media): EPS 6.45 vs 5.83 (annual_eps_fallback) | dividend_maintained (baja): Dividendo actual 6.95% con caída del 37.1% | analyst_upgrade (media): Target 85.05 vs precio 67.62 (+26%), recMean 2.50, recKey buy",razonable,seguimiento,62.19,63.78,62.19 - 63.78,68.8,91.33,68.80 - 91.33,Pérdida del soporte en 63.78 | ROE negativo durante 2 trimestres consecutivos | Ampliación de capital dilutiva | Recorte de rating a bono basura,12-18,"PERNOD RICARD está un 37.1% por debajo de su máximo 52s. Fundamentalmente sólida con ROE 8.6%, deuda neta/EBITDA 3.9x. Técnicamente 🟢 Divergencia alcista RSI, 🟢 MACD semanal girando al alza. Clasificación: seguimiento.","PERNOD RICARD está un 37.1% por debajo de su máximo 52s. Fundamentalmente sólida con ROE 8.6%, deuda neta/EBITDA 3.9x. Técnicamente 🟢 Divergencia alcista RSI, 🟢 MACD semanal girando al alza. Clasificación: seguimiento.",OK,
4503.T,ASTELLAS PHARMA,ASIA,1.0,script-v2.0,1.0,2026-08-04T10:30:18.771532+02:00,79.7,82.9,100.0,68.0,0.0,9.0,70.0,53.0,17.0,6768070.0,0.62,-19.1,,6.77,20.2,-4.8409,False,29.9,37.0,False,2226.89,-2.6,True,False,True,,pass,seguimiento,pendiente,0.0,desconocido,Pendiente de implementar,parcial,eps_stabilization (media): EPS 162.22 vs 28.24 (annual_eps_fallback) | debt_reduction (alta): Deuda 672353.0M vs 831426.0M | dividend_maintained (baja): Dividendo actual 3.69% con caída del 20.2%,fuerte,seguimiento,2109.82,2166.54,2109.82 - 2166.54,2169.65,2309.45,2169.65 - 2309.45,Pérdida del soporte en 2109.82 | ROE negativo durante 2 trimestres consecutivos | Ampliación de capital dilutiva | Recorte de rating a bono basura,6-12,"ASTELLAS PHARMA está un 20.2% por debajo de su máximo 52s. Fundamentalmente sólida con ROE 17.4%, deuda neta/EBITDA 0.6x. Técnicamente 🟢 Divergencia alcista RSI, 🟢 Cerca de soporte. Clasificación: seguimiento.","ASTELLAS PHARMA está un 20.2% por debajo de su máximo 52s. Fundamentalmente sólida con ROE 17.4%, deuda neta/EBITDA 0.6x. Técnicamente 🟢 Divergencia alcista RSI, 🟢 Cerca de soporte. Clasificación: seguimiento.",OK,
0700.HK,TENCENT,ASIA,1.0,script-v2.0,1.0,2026-08-04T10:30:36.415094+02:00,78.8,75.0,99.0,54.0,0.0,7.0,90.0,57.0,33.0,33772238.0,-0.19,,-0.5,15.79,27.8,-19.5016,True,88.5,83.4,False,519.65,-6.2,True,True,True,,pass,seguimiento,pendiente,0.0,desconocido,Pendiente de implementar,parcial,"eps_stabilization (media): EPS 6.30 vs 6.28 (Diluted EPS) | dividend_maintained (baja): Dividendo actual 1.09% con caída del 28.6% | analyst_upgrade (media): Target 692.40 vs precio 487.60 (+42%), recMean 1.33, recKey strong_buy",fuerte,seguimiento,450.91,451.44,450.91 - 451.44,533.18,580.55,533.18 - 580.55,Pérdida del soporte en 450.91 | ROE negativo durante 2 trimestres consecutivos | Ampliación de capital dilutiva | Recorte de rating a bono basura,12-18,"TENCENT está un 28.6% por debajo de su máximo 52s. Fundamentalmente sólida con ROE 20.5%, deuda neta/EBITDA -0.2x. Técnicamente 🟢 Divergencia alcista RSI, 🟢 Cruce alcista MACD. Clasificación: seguimiento.","TENCENT está un 28.6% por debajo de su máximo 52s. Fundamentalmente sólida con ROE 20.5%, deuda neta/EBITDA -0.2x. Técnicamente 🟢 Divergencia alcista RSI, 🟢 Cruce alcista MACD. Clasificación: seguimiento.",OK,
AZN.L,ASTRAZENECA PLC ORD SHS $0.25,EUROSTOXX,1.0,script-v2.0,1.0,2026-08-04T10:28:33.477145+02:00,77.4,71.9,98.0,49.0,0.0,12.0,94.0,82.0,12.0,2410975.0,1.38,-4.6,-0.2,10.34,25.6,-339.7413,False,55.5,75.2,False,13858.67,-15.5,True,False,True,,pass,entrada_directa,pendiente,0.0,desconocido,Pendiente de implementar,confirmada,"margin_stabilization (media): Margen gross 83.6% vs 82.5% (+1.1 pp) | debt_reduction (alta): Deuda 32350.0M vs 33918.0M | dividend_maintained (baja): Dividendo actual 0.02% con caída del 25.6% | analyst_upgrade (media): Target 15803.30 vs precio 11708.00 (+35%), recMean 1.87, recKey buy",fuerte,entrada_directa,11504.67,11708.0,11504.67 - 11708.00,13372.2,13812.32,13372.20 - 13812.32,Pérdida del soporte en 11504.67 | ROE negativo durante 2 trimestres consecutivos | Ampliación de capital dilutiva | Recorte de rating a bono basura,12-18,"ASTRAZENECA PLC ORD SHS $0.25 está un 25.6% por debajo de su máximo 52s. Fundamentalmente sólida con ROE 22.0%, deuda neta/EBITDA 1.4x. Técnicamente 🔵 RSI en sobreventa, 🟢 Divergencia alcista RSI. Clasificación: entrada_directa.","ASTRAZENECA PLC ORD SHS $0.25 está un 25.6% por debajo de su máximo 52s. Fundamentalmente sólida con ROE 22.0%, deuda neta/EBITDA 1.4x. Técnicamente 🔵 RSI en sobreventa, 🟢 Divergencia alcista RSI. Clasificación: entrada_directa.",OK,
EL.PA,ESSILORLUXOTTICA,EUROSTOXX,1.0,script-v2.0,1.0,2026-08-04T10:27:51.049762+02:00,77.2,70.5,78.0,64.0,0.0,4.0,97.0,75.0,22.0,694184.0,2.29,9.0,,15.73,45.8,-16.6892,True,69.6,38.5,False,217.94,-21.3,True,False,True,Sin señales de recuperación,pass,seguimiento,pendiente,0.0,desconocido,Pendiente de implementar,ausente,"dividend_maintained (baja): Dividendo actual 2.33% con caída del 47.0% | analyst_upgrade (media): Target 243.30 vs precio 171.55 (+42%), recMean 1.65, recKey buy",fuerte,seguimiento,164.32,171.37,164.32 - 171.37,225.24,275.23,225.24 - 275.23,Pérdida del soporte en 164.32 | ROE negativo durante 2 trimestres consecutivos | Ampliación de capital dilutiva | Recorte de rating a bono basura,18-24,"ESSILORLUXOTTICA está un 47.0% por debajo de su máximo 52s. Fundamentalmente sólida con ROE 6.7%, deuda neta/EBITDA 2.3x. Técnicamente 🟢 Divergencia alcista RSI, 🟢 Cruce alcista MACD. Clasificación: seguimiento.","ESSILORLUXOTTICA está un 47.0% por debajo de su máximo 52s. Fundamentalmente sólida con ROE 6.7%, deuda neta/EBITDA 2.3x. Técnicamente 🟢 Divergencia alcista RSI, 🟢 Cruce alcista MACD. Clasificación: seguimiento.",OK,
7203.T,TOYOTA MOTOR CORP,ASIA,1.0,script-v2.0,1.0,2026-08-04T10:30:11.895293+02:00,76.8,71.4,73.0,70.0,0.0,4.0,93.0,66.0,27.0,30120640.0,5.35,4.2,0.0,12.43,26.0,-81.3365,True,20.6,39.4,False,3183.97,-8.3,True,False,True,Sin señales de recuperación,pass,seguimiento,pendiente,0.0,desconocido,Pendiente de implementar,ausente,"dividend_maintained (baja): Dividendo actual 3.43% con caída del 27.0% | analyst_upgrade (media): Target 3615.47 vs precio 2918.50 (+24%), recMean 1.68, recKey buy",fuerte,seguimiento,2801.43,2874.44,2801.43 - 2874.44,3162.61,3400.0,3162.61 - 3400.00,Pérdida del soporte en 2801.43 | ROE negativo durante 2 trimestres consecutivos | Ampliación de capital dilutiva | Recorte de rating a bono basura,12-18,"TOYOTA MOTOR CORP está un 27.0% por debajo de su máximo 52s. Fundamentalmente sólida con ROE 10.2%, deuda neta/EBITDA 5.3x. Técnicamente 🟢 Divergencia alcista RSI, 🟢 Bajo SMA200 con SMA50 girando. Clasificación: seguimiento.","TOYOTA MOTOR CORP está un 27.0% por debajo de su máximo 52s. Fundamentalmente sólida con ROE 10.2%, deuda neta/EBITDA 5.3x. Técnicamente 🟢 Divergencia alcista RSI, 🟢 Bajo SMA200 con SMA50 girando. Clasificación: seguimiento.",OK,
HEI.DE,Heidelberg Materials AG       I,EUROSTOXX,1.0,script-v2.0,1.0,2026-08-04T10:27:42.051666+02:00,76.7,76.6,91.0,64.0,0.0,7.0,77.0,65.0,12.0,378499.0,1.91,46.9,,9.12,31.3,-6.3783,False,4.9,16.2,False,191.23,-14.8,True,False,True,,pass,seguimiento,pendiente,0.0,desconocido,Pendiente de implementar,parcial,"eps_stabilization (media): EPS 10.92 vs 9.87 (annual_eps_fallback) | dividend_maintained (baja): Dividendo actual 2.21% con caída del 32.6% | analyst_upgrade (media): Target 214.75 vs precio 162.90 (+32%), recMean 2.00, recKey buy",fuerte,seguimiento,154.75,162.9,154.75 - 162.90,192.16,205.53,192.16 - 205.53,Pérdida del soporte en 154.75 | ROE negativo durante 2 trimestres consecutivos | Ampliación de capital dilutiva | Recorte de rating a bono basura,12-18,"Heidelberg Materials AG       I está un 32.6% por debajo de su máximo 52s. Fundamentalmente sólida con ROE 11.7%, deuda neta/EBITDA 1.9x. Técnicamente 🟢 Divergencia alcista RSI, 🟢 Cruce alcista MACD. Clasificación: seguimiento.","Heidelberg Materials AG       I está un 32.6% por debajo de su máximo 52s. Fundamentalmente sólida con ROE 11.7%, deuda neta/EBITDA 1.9x. Técnicamente 🟢 Divergencia alcista RSI, 🟢 Cruce alcista MACD. Clasificación: seguimiento.",OK,
CAP.PA,CAPGEMINI,EUROSTOXX,1.0,script-v2.0,1.0,2026-08-04T10:27:48.242987+02:00,75.8,73.7,70.0,77.0,0.0,4.0,82.0,55.0,27.0,757295.0,2.51,55.8,,9.21,43.6,-4.4413,True,91.1,86.2,False,110.22,-3.2,True,False,True,Sin señales de recuperación,pass,seguimiento,pendiente,0.0,desconocido,Pendiente de implementar,ausente,"dividend_maintained (baja): Dividendo actual 3.19% con caída del 30.3% | analyst_upgrade (media): Target 139.63 vs precio 106.70 (+31%), recMean 1.76, recKey buy",fuerte,seguimiento,94.79,95.7,94.79 - 95.70,111.1,130.09,111.10 - 130.09,Pérdida del soporte en 95.70 | ROE negativo durante 2 trimestres consecutivos | Ampliación de capital dilutiva | Recorte de rating a bono basura,12-18,"CAPGEMINI está un 30.3% por debajo de su máximo 52s. Fundamentalmente sólida con deuda neta/EBITDA 2.5x, dividendo 3.2%. Técnicamente 🟢 Divergencia alcista RSI, 🟢 Cruce alcista MACD. Clasificación: seguimiento.","CAPGEMINI está un 30.3% por debajo de su máximo 52s. Fundamentalmente sólida con deuda neta/EBITDA 2.5x, dividendo 3.2%. Técnicamente 🟢 Divergencia alcista RSI, 🟢 Cruce alcista MACD. Clasificación: seguimiento.",OK,
9022.T,CENTRAL JAPAN RAILWAY CO,ASIA,1.0,script-v2.0,1.0,2026-08-04T10:30:25.894667+02:00,75.6,79.1,77.0,81.0,0.0,4.0,65.0,44.0,21.0,3195196.0,4.28,11.6,,7.94,20.6,-80.1869,True,24.6,39.0,False,4033.78,-5.3,False,True,True,Sin señales de recuperación,pass,seguimiento,pendiente,0.0,desconocido,Pendiente de implementar,ausente,eps_stabilization (media): EPS 149.59 vs 147.88 (Diluted EPS) | dividend_maintained (baja): Dividendo actual 0.84% con caída del 20.9%,razonable,seguimiento,3563.0,3576.18,3563.00 - 3576.18,4054.75,4105.5,4054.75 - 4105.50,Pérdida del soporte en 3563.00 | ROE negativo durante 2 trimestres consecutivos | Ampliación de capital dilutiva | Recorte de rating a bono basura,6-12,"CENTRAL JAPAN RAILWAY CO está un 20.9% por debajo de su máximo 52s. Fundamentalmente sólida con ROE 11.2%, deuda neta/EBITDA 4.3x. Técnicamente 🟢 Divergencia alcista RSI, 🟢 Bajo SMA200 con SMA50 girando. Clasificación: seguimiento.","CENTRAL JAPAN RAILWAY CO está un 20.9% por debajo de su máximo 52s. Fundamentalmente sólida con ROE 11.2%, deuda neta/EBITDA 4.3x. Técnicamente 🟢 Divergencia alcista RSI, 🟢 Bajo SMA200 con SMA50 girando. Clasificación: seguimiento.",OK,
WKL.AS,WOLTERS KLUWER,EUROSTOXX,1.0,script-v2.0,1.0,2026-08-04T10:28:09.976427+02:00,74.8,75.8,79.0,73.0,0.0,12.0,72.0,39.0,33.0,1224010.0,2.09,-4.6,,10.22,59.6,-3.687,True,72.9,79.0,False,70.81,-1.1,True,True,True,,pass,entrada_directa,pendiente,0.0,desconocido,Pendiente de implementar,confirmada,"eps_stabilization (media): EPS 5.64 vs 4.52 (annual_eps_fallback) | debt_reduction (alta): Deuda 4972.0M vs 5210.0M | dividend_maintained (baja): Dividendo actual 3.60% con caída del 47.8% | analyst_upgrade (media): Target 91.70 vs precio 70.06 (+31%), recMean 1.73, recKey buy",fuerte,entrada_directa,61.22,63.66,61.22 - 63.66,72.96,114.03,72.96 - 114.03,Pérdida del soporte en 63.66 | ROE negativo durante 2 trimestres consecutivos | Ampliación de capital dilutiva | Recorte de rating a bono basura,18-24,"WOLTERS KLUWER está un 47.8% por debajo de su máximo 52s. Fundamentalmente sólida con ROE 111.7%, deuda neta/EBITDA 2.1x. Técnicamente 🟢 Divergencia alcista RSI, 🟢 MACD semanal girando al alza. Clasificación: entrada_directa.","WOLTERS KLUWER está un 47.8% por debajo de su máximo 52s. Fundamentalmente sólida con ROE 111.7%, deuda neta/EBITDA 2.1x. Técnicamente 🟢 Divergencia alcista RSI, 🟢 MACD semanal girando al alza. Clasificación: entrada_directa.",OK,
FMG.AX,FORTESCUE FPO [FMG],ASX,1.0,script-v2.0,1.0,2026-08-04T10:29:59.348654+02:00,74.8,83.5,100.0,69.0,0.0,1.0,49.0,49.0,0.0,5876153.0,0.12,,,6.74,21.8,-0.4741,False,27.2,21.5,False,20.32,-11.0,False,False,True,Sin señales de recuperación,pass,seguimiento,pendiente,0.0,desconocido,Pendiente de implementar,ausente,dividend_maintained (baja): Dividendo actual 6.86% con caída del 22.7%,razonable,seguimiento,17.18,18.08,17.18 - 18.08,19.87,20.4,19.87 - 20.40,Pérdida del soporte en 17.18 | ROE negativo durante 2 trimestres consecutivos | Ampliación de capital dilutiva | Recorte de rating a bono basura,6-12,"FORTESCUE FPO [FMG] está un 22.7% por debajo de su máximo 52s. Fundamentalmente sólida con ROE 18.7%, deuda neta/EBITDA 0.1x. Técnicamente 🟢 Divergencia alcista RSI, 🟢 Volumen creciente. Clasificación: seguimiento.","FORTESCUE FPO [FMG] está un 22.7% por debajo de su máximo 52s. Fundamentalmente sólida con ROE 18.7%, deuda neta/EBITDA 0.1x. Técnicamente 🟢 Divergencia alcista RSI, 🟢 Volumen creciente. Clasificación: seguimiento.",OK,
3382.T,SEVEN & I HOLDINGS CO LTD,ASIA,1.0,script-v2.0,1.0,2026-08-04T10:30:28.454924+02:00,74.5,80.9,82.0,80.0,0.0,4.0,55.0,32.0,23.0,8049688.0,3.32,,,8.28,22.3,-1.8512,False,26.9,38.9,False,2071.08,-1.9,True,True,True,Sin señales de recuperación,pass,seguimiento,pendiente,0.0,desconocido,Pendiente de implementar,ausente,eps_stabilization (media): EPS 26.21 vs 18.96 (Diluted EPS) | dividend_maintained (baja): Dividendo actual 2.95% con caída del 15.9%,razonable,seguimiento,1980.21,1980.58,1980.21 - 1980.58,2054.45,2058.79,2054.45 - 2058.79,Pérdida del soporte en 1980.21 | ROE negativo durante 2 trimestres consecutivos | Ampliación de capital dilutiva | Recorte de rating a bono basura,6-12,"SEVEN & I HOLDINGS CO LTD está un 15.9% por debajo de su máximo 52s. Fundamentalmente sólida con ROE 8.0%, deuda neta/EBITDA 3.3x. Técnicamente 🟢 Cerca de soporte, 🟡 Apoyo en MA40 semanal. Clasificación: seguimiento.","SEVEN & I HOLDINGS CO LTD está un 15.9% por debajo de su máximo 52s. Fundamentalmente sólida con ROE 8.0%, deuda neta/EBITDA 3.3x. Técnicamente 🟢 Cerca de soporte, 🟡 Apoyo en MA40 semanal. Clasificación: seguimiento.",OK,
9021.T,WEST JAPAN RAILWAY CO,ASIA,1.0,script-v2.0,1.0,2026-08-04T10:30:25.754241+02:00,74.4,81.9,83.0,81.0,0.0,4.0,52.0,41.0,11.0,3118204.0,3.48,5.3,,7.4,16.5,-40.5706,False,2.0,17.1,False,2992.06,-3.1,False,True,True,Sin señales de recuperación,pass,seguimiento,pendiente,0.0,desconocido,Pendiente de implementar,ausente,eps_stabilization (media): EPS 277.73 vs 240.08 (annual_eps_fallback) | dividend_maintained (baja): Dividendo actual 3.36% con caída del 18.9%,razonable,seguimiento,2764.71,2893.0,2764.71 - 2893.00,3004.18,3040.45,3004.18 - 3040.45,Pérdida del soporte en 2893.00 | ROE negativo durante 2 trimestres consecutivos | Ampliación de capital dilutiva | Recorte de rating a bono basura,6-12,"WEST JAPAN RAILWAY CO está un 18.9% por debajo de su máximo 52s. Fundamentalmente sólida con ROE 10.2%, deuda neta/EBITDA 3.5x. Técnicamente 🟢 Divergencia alcista RSI, 🟢 Cerca de soporte. Clasificación: seguimiento.","WEST JAPAN RAILWAY CO está un 18.9% por debajo de su máximo 52s. Fundamentalmente sólida con ROE 10.2%, deuda neta/EBITDA 3.5x. Técnicamente 🟢 Divergencia alcista RSI, 🟢 Cerca de soporte. Clasificación: seguimiento.",OK,
AD.AS,KONINKLIJKE AHOLD DELHAIZE N.V.,EUROSTOXX,1.0,script-v2.0,1.0,2026-08-04T10:28:12.024873+02:00,73.1,72.1,86.0,60.0,0.0,4.0,76.0,59.0,17.0,2487057.0,2.89,5.5,-0.0,8.55,17.5,-0.6317,False,37.8,42.2,False,36.53,-5.5,True,False,True,Sin señales de recuperación,pass,seguimiento,pendiente,0.0,desconocido,Pendiente de implementar,ausente,margin_stabilization (media): Margen gross 26.8% vs 26.8% (+0.0 pp) | dividend_maintained (baja): Dividendo actual 4.23% con caída del 18.9%,fuerte,seguimiento,32.79,34.52,32.79 - 34.52,36.16,36.51,36.16 - 36.51,Pérdida del soporte en 32.79 | ROE negativo durante 2 trimestres consecutivos | Ampliación de capital dilutiva | Recorte de rating a bono basura,6-12,"KONINKLIJKE AHOLD DELHAIZE N.V. está un 18.9% por debajo de su máximo 52s. Fundamentalmente sólida con ROE 15.0%, deuda neta/EBITDA 2.9x. Técnicamente 🔵 RSI recuperándose de sobreventa, 🟢 Divergencia alcista RSI. Clasificación: seguimiento.","KONINKLIJKE AHOLD DELHAIZE N.V. está un 18.9% por debajo de su máximo 52s. Fundamentalmente sólida con ROE 15.0%, deuda neta/EBITDA 2.9x. Técnicamente 🔵 RSI recuperándose de sobreventa, 🟢 Divergencia alcista RSI. Clasificación: seguimiento.",OK,
BMW.DE,BAYERISCHE MOTOREN WERKE AG   S,EUROSTOXX,1.0,script-v2.0,1.0,2026-08-04T10:27:29.776943+02:00,72.7,73.5,57.0,88.0,0.0,4.0,70.0,48.0,22.0,1600576.0,7.33,36.6,-2.4,10.09,35.8,-5.6655,True,60.0,75.3,False,76.09,-21.9,True,False,True,Sin señales de recuperación,pass,seguimiento,pendiente,0.0,desconocido,Pendiente de implementar,ausente,"dividend_maintained (baja): Dividendo actual 7.41% con caída del 39.3% | analyst_upgrade (media): Target 72.72 vs precio 59.40 (+22%), recMean 2.45, recKey buy",fuerte,seguimiento,58.76,59.4,58.76 - 59.40,76.24,83.23,76.24 - 83.23,Pérdida del soporte en 58.76 | ROE negativo durante 2 trimestres consecutivos | Ampliación de capital dilutiva | Recorte de rating a bono basura,12-18,"BAYERISCHE MOTOREN WERKE AG   S está un 39.3% por debajo de su máximo 52s. Fundamentalmente sólida con ROE 6.6%, deuda neta/EBITDA 7.3x. Técnicamente 🟢 Divergencia alcista RSI, 🟢 Cerca de soporte. Clasificación: seguimiento.","BAYERISCHE MOTOREN WERKE AG   S está un 39.3% por debajo de su máximo 52s. Fundamentalmente sólida con ROE 6.6%, deuda neta/EBITDA 7.3x. Técnicamente 🟢 Divergencia alcista RSI, 🟢 Cerca de soporte. Clasificación: seguimiento.",OK,
6758.T,SONY GROUP CORPORATION,ASIA,1.0,script-v2.0,1.0,2026-08-04T10:30:19.526612+02:00,72.6,72.5,89.0,58.0,0.0,10.0,73.0,50.0,23.0,22744088.0,-0.14,12.0,0.2,10.19,25.6,-29.8401,False,32.4,48.6,False,3617.98,-2.2,True,True,True,,pass,seguimiento,pendiente,0.0,desconocido,Pendiente de implementar,parcial,"margin_stabilization (media): Margen gross 36.7% vs 30.8% (+5.9 pp) | eps_stabilization (media): EPS 57.82 vs 13.89 (Diluted EPS) | dividend_maintained (baja): Dividendo actual 0.99% con caída del 25.9% | analyst_upgrade (media): Target 4752.27 vs precio 3539.00 (+34%), recMean 1.39, recKey strong_buy",fuerte,seguimiento,3234.26,3427.96,3234.26 - 3427.96,3688.27,4059.6,3688.27 - 4059.60,Pérdida del soporte en 3234.26 | ROE negativo durante 2 trimestres consecutivos | Ampliación de capital dilutiva | Recorte de rating a bono basura,12-18,"SONY GROUP CORPORATION está un 25.9% por debajo de su máximo 52s. Fundamentalmente sólida con ROE 13.2%, deuda neta/EBITDA -0.1x. Técnicamente 🟢 Divergencia alcista RSI, 🟢 Volumen creciente. Clasificación: seguimiento.","SONY GROUP CORPORATION está un 25.9% por debajo de su máximo 52s. Fundamentalmente sólida con ROE 13.2%, deuda neta/EBITDA -0.1x. Técnicamente 🟢 Divergencia alcista RSI, 🟢 Volumen creciente. Clasificación: seguimiento.",OK,
035420.KS,NAVER,ASIA,1.0,script-v2.0,1.0,2026-08-04T10:30:41.217797+02:00,72.4,74.5,74.0,75.0,0.0,7.0,66.0,39.0,27.0,2036861.0,-1.21,27.2,0.0,9.69,25.5,-5947.6125,True,84.4,61.4,False,228991.61,-1.1,True,False,True,,pass,seguimiento,pendiente,0.0,desconocido,Pendiente de implementar,parcial,"margin_stabilization (media): Margen gross 100.0% vs 100.0% (+0.0 pp) | dividend_maintained (baja): Dividendo actual 1.16% con caída del 25.5% | analyst_upgrade (media): Target 301962.97 vs precio 226500.00 (+33%), recMean 1.67, recKey buy",razonable,seguimiento,211375.0,215068.0,211375.00 - 215068.00,231003.65,258400.0,231003.65 - 258400.00,Pérdida del soporte en 211375.00 | ROE negativo durante 2 trimestres consecutivos | Ampliación de capital dilutiva | Recorte de rating a bono basura,12-18,"NAVER está un 25.5% por debajo de su máximo 52s. Fundamentalmente sólida con ROE 5.7%, deuda neta/EBITDA -1.2x. Técnicamente 🟢 Divergencia alcista RSI, 🟢 MACD semanal girando al alza. Clasificación: seguimiento.","NAVER está un 25.5% por debajo de su máximo 52s. Fundamentalmente sólida con ROE 5.7%, deuda neta/EBITDA -1.2x. Técnicamente 🟢 Divergencia alcista RSI, 🟢 MACD semanal girando al alza. Clasificación: seguimiento.",OK,
GSK.L,GSK PLC ORD 31 1/4P,EUROSTOXX,1.0,script-v2.0,1.0,2026-08-04T10:28:32.327445+02:00,71.8,69.7,91.0,51.0,0.0,6.0,78.0,61.0,17.0,8255475.0,1.4,-4.0,0.7,8.43,16.3,7.557,False,24.0,31.2,False,1945.23,-1.8,True,False,True,,pass,seguimiento,pendiente,0.0,desconocido,Pendiente de implementar,parcial,debt_reduction (alta): Deuda 18293.0M vs 19056.0M | dividend_maintained (baja): Dividendo actual 0.04% con caída del 16.3%,fuerte,seguimiento,1888.9,1909.5,1888.90 - 1909.50,1931.29,1939.7,1931.29 - 1939.70,Pérdida del soporte en 1888.90 | ROE negativo durante 2 trimestres consecutivos | Ampliación de capital dilutiva | Recorte de rating a bono basura,6-12,"GSK PLC ORD 31 1/4P está un 16.3% por debajo de su máximo 52s. Fundamentalmente sólida con ROE 33.4%, deuda neta/EBITDA 1.4x. Técnicamente 🟢 Cruce alcista MACD, 🟢 Cerca de soporte. Clasificación: seguimiento.","GSK PLC ORD 31 1/4P está un 16.3% por debajo de su máximo 52s. Fundamentalmente sólida con ROE 33.4%, deuda neta/EBITDA 1.4x. Técnicamente 🟢 Cruce alcista MACD, 🟢 Cerca de soporte. Clasificación: seguimiento.",OK,
Z74.SI,Singtel,ASIA,1.0,script-v2.0,1.0,2026-08-04T10:30:46.908159+02:00,71.2,71.2,100.0,46.0,0.0,7.0,71.0,44.0,27.0,37228227.0,2.34,2.5,,23.48,14.0,-0.0431,True,52.0,50.0,False,4.55,-2.6,True,False,True,,pass,seguimiento,pendiente,0.0,desconocido,Pendiente de implementar,parcial,"eps_stabilization (media): EPS 0.34 vs 0.24 (annual_eps_fallback) | dividend_maintained (baja): Dividendo actual 2.93% con caída del 15.9% | analyst_upgrade (media): Target 5.32 vs precio 4.43 (+20%), recMean 1.56, recKey buy",fuerte,seguimiento,4.25,4.3,4.25 - 4.30,4.48,4.53,4.48 - 4.53,Pérdida del soporte en 4.25 | ROE negativo durante 2 trimestres consecutivos | Ampliación de capital dilutiva | Recorte de rating a bono basura,6-12,"Singtel está un 15.9% por debajo de su máximo 52s. Fundamentalmente sólida con ROE 20.5%, deuda neta/EBITDA 2.3x. Técnicamente 🟢 Divergencia alcista RSI, 🟢 Cerca de soporte. Clasificación: seguimiento.","Singtel está un 15.9% por debajo de su máximo 52s. Fundamentalmente sólida con ROE 20.5%, deuda neta/EBITDA 2.3x. Técnicamente 🟢 Divergencia alcista RSI, 🟢 Cerca de soporte. Clasificación: seguimiento.",OK,
SAN.PA,SANOFI,EUROSTOXX,1.0,script-v2.0,1.0,2026-08-04T10:27:57.489223+02:00,70.5,69.1,76.0,63.0,0.0,7.0,75.0,58.0,17.0,2497427.0,1.27,17.8,0.7,7.89,26.4,-0.6463,False,23.7,42.7,False,76.63,-3.4,True,False,True,,pass,seguimiento,pendiente,0.0,desconocido,Pendiente de implementar,parcial,"margin_stabilization (media): Margen gross 75.5% vs 72.1% (+3.4 pp) | dividend_maintained (baja): Dividendo actual 5.57% con caída del 18.8% | analyst_upgrade (media): Target 95.05 vs precio 73.99 (+28%), recMean 2.08, recKey buy",fuerte,seguimiento,72.85,73.99,72.85 - 73.99,76.98,77.48,76.98 - 77.48,Pérdida del soporte en 72.85 | ROE negativo durante 2 trimestres consecutivos | Ampliación de capital dilutiva | Recorte de rating a bono basura,6-12,"SANOFI está un 18.8% por debajo de su máximo 52s. Fundamentalmente sólida con ROE 5.7%, deuda neta/EBITDA 1.3x. Técnicamente 🟢 Divergencia alcista RSI, 🟢 Volumen creciente. Clasificación: seguimiento.","SANOFI está un 18.8% por debajo de su máximo 52s. Fundamentalmente sólida con ROE 5.7%, deuda neta/EBITDA 1.3x. Técnicamente 🟢 Divergencia alcista RSI, 🟢 Volumen creciente. Clasificación: seguimiento.",OK,
8002.T,MARUBENI CORP,ASIA,1.0,script-v2.0,1.0,2026-08-04T10:30:28.614530+02:00,70.3,68.7,97.0,44.0,0.0,9.0,75.0,58.0,17.0,4875203.0,3.99,-8.9,,22.37,21.2,20.5587,False,17.0,40.5,False,5087.82,-3.0,True,False,True,,pass,seguimiento,pendiente,0.0,desconocido,Pendiente de implementar,parcial,"debt_reduction (alta): Deuda 2409977.1M vs 2646560.0M | dividend_maintained (baja): Dividendo actual 2.33% con caída del 22.0% | analyst_upgrade (media): Target 6093.08 vs precio 4937.00 (+23%), recMean 2.14, recKey buy",fuerte,seguimiento,4764.21,4937.0,4764.21 - 4937.00,4955.46,5378.8,4955.46 - 5378.80,Pérdida del soporte en 4764.21 | ROE negativo durante 2 trimestres consecutivos | Ampliación de capital dilutiva | Recorte de rating a bono basura,6-12,"MARUBENI CORP está un 22.0% por debajo de su máximo 52s. Fundamentalmente sólida con ROE 13.5%, deuda neta/EBITDA 4.0x. Técnicamente 🟢 Divergencia alcista RSI, 🟢 Volumen creciente. Clasificación: seguimiento.","MARUBENI CORP está un 22.0% por debajo de su máximo 52s. Fundamentalmente sólida con ROE 13.5%, deuda neta/EBITDA 4.0x. Técnicamente 🟢 Divergencia alcista RSI, 🟢 Volumen creciente. Clasificación: seguimiento.",OK,
MC.PA,LVMH,EUROSTOXX,1.0,script-v2.0,1.0,2026-08-04T10:27:54.184201+02:00,70.1,70.1,100.0,44.0,0.0,6.0,70.0,53.0,17.0,576576.0,1.24,-6.3,,13.29,34.6,-10.6795,False,55.2,44.7,False,524.49,-8.7,True,False,True,,pass,seguimiento,pendiente,0.0,desconocido,Pendiente de implementar,parcial,debt_reduction (alta): Deuda 37151.0M vs 39640.0M | dividend_maintained (baja): Dividendo actual 2.71% con caída del 26.8%,fuerte,seguimiento,461.85,479.1,461.85 - 479.10,529.49,556.5,529.49 - 556.50,Pérdida del soporte en 461.85 | ROE negativo durante 2 trimestres consecutivos | Ampliación de capital dilutiva | Recorte de rating a bono basura,12-18,"LVMH está un 26.8% por debajo de su máximo 52s. Fundamentalmente sólida con ROE 16.6%, deuda neta/EBITDA 1.2x. Técnicamente 🟡 MACD convergiendo, 🟢 Bajo SMA200 con SMA50 girando. Clasificación: seguimiento.","LVMH está un 26.8% por debajo de su máximo 52s. Fundamentalmente sólida con ROE 16.6%, deuda neta/EBITDA 1.2x. Técnicamente 🟡 MACD convergiendo, 🟢 Bajo SMA200 con SMA50 girando. Clasificación: seguimiento.",OK,
MGR.AX,MIRVAC GRP STAPLED [MGR],ASX,1.0,script-v2.0,1.0,2026-08-04T10:30:08.605483+02:00,69.5,68.6,67.0,70.0,0.0,4.0,72.0,39.0,33.0,11909490.0,5.24,,,14.7,22.6,-0.0332,True,86.7,80.2,False,1.83,-1.1,True,True,True,Sin señales de recuperación,pass,seguimiento,pendiente,0.0,desconocido,Pendiente de implementar,ausente,eps_stabilization (media): EPS 0.02 vs -0.20 (annual_eps_fallback) | dividend_maintained (baja): Dividendo actual 5.52% con caída del 26.4%,fuerte,seguimiento,1.7,1.77,1.70 - 1.77,1.86,2.09,1.86 - 2.09,Pérdida del soporte en 1.77 | ROE negativo durante 2 trimestres consecutivos | Ampliación de capital dilutiva | Recorte de rating a bono basura,12-18,"MIRVAC GRP STAPLED [MGR] está un 26.4% por debajo de su máximo 52s. Fundamentalmente sólida con ROE 4.2%, deuda neta/EBITDA 5.2x. Técnicamente 🟢 Cerca de soporte, 🟢 MACD semanal girando al alza. Clasificación: seguimiento.","MIRVAC GRP STAPLED [MGR] está un 26.4% por debajo de su máximo 52s. Fundamentalmente sólida con ROE 4.2%, deuda neta/EBITDA 5.2x. Técnicamente 🟢 Cerca de soporte, 🟢 MACD semanal girando al alza. Clasificación: seguimiento.",OK,
MUV2.DE,MUENCHENER RUECKVERS.-GES. AG N,EUROSTOXX,1.0,script-v2.0,1.0,2026-08-04T10:27:36.343984+02:00,69.4,67.2,96.0,42.0,0.0,4.0,76.0,53.0,23.0,342950.0,,1.1,-0.1,,11.2,0.6837,False,72.8,82.9,False,504.29,2.9,True,True,True,Sin señales de recuperación,pass,seguimiento,pendiente,0.0,desconocido,Pendiente de implementar,ausente,margin_stabilization (media): Margen operating 13.7% vs 11.8% (+1.9 pp) | dividend_maintained (baja): Dividendo actual 4.63% con caída del 15.2%,fuerte,seguimiento,484.6,498.67,484.60 - 498.67,504.85,520.03,504.85 - 520.03,Pérdida del soporte en 498.67 | ROE negativo durante 2 trimestres consecutivos | Ampliación de capital dilutiva | Recorte de rating a bono basura,6-12,"MUENCHENER RUECKVERS.-GES. AG N está un 15.2% por debajo de su máximo 52s. Fundamentalmente sólida con ROE 19.8%, D/E 0.22. Técnicamente 🟢 Divergencia alcista RSI, 🟢 Cruce alcista MACD. Clasificación: seguimiento.","MUENCHENER RUECKVERS.-GES. AG N está un 15.2% por debajo de su máximo 52s. Fundamentalmente sólida con ROE 19.8%, D/E 0.22. Técnicamente 🟢 Divergencia alcista RSI, 🟢 Cruce alcista MACD. Clasificación: seguimiento.",OK,
9020.T,EAST JAPAN RAILWAY CO,ASIA,1.0,script-v2.0,1.0,2026-08-04T10:30:25.085859+02:00,69.3,67.4,61.0,73.0,0.0,4.0,75.0,58.0,17.0,3420363.0,5.68,7.6,,10.19,18.2,-38.8885,False,4.5,16.3,False,3708.03,-8.1,True,False,True,Sin señales de recuperación,pass,seguimiento,pendiente,0.0,desconocido,Pendiente de implementar,ausente,eps_stabilization (media): EPS 219.42 vs 198.29 (annual_eps_fallback) | dividend_maintained (baja): Dividendo actual 2.46% con caída del 19.1%,fuerte,seguimiento,3286.8,3408.0,3286.80 - 3408.00,3579.35,3694.65,3579.35 - 3694.65,Pérdida del soporte en 3286.80 | ROE negativo durante 2 trimestres consecutivos | Ampliación de capital dilutiva | Recorte de rating a bono basura,6-12,"EAST JAPAN RAILWAY CO está un 19.1% por debajo de su máximo 52s. Fundamentalmente sólida con ROE 7.9%, deuda neta/EBITDA 5.7x. Técnicamente 🟢 Divergencia alcista RSI, 🟢 Volumen creciente. Clasificación: seguimiento.","EAST JAPAN RAILWAY CO está un 19.1% por debajo de su máximo 52s. Fundamentalmente sólida con ROE 7.9%, deuda neta/EBITDA 5.7x. Técnicamente 🟢 Divergencia alcista RSI, 🟢 Volumen creciente. Clasificación: seguimiento.",OK,
SAP.DE,SAP SE                        I,EUROSTOXX,1.0,script-v2.0,1.0,2026-08-04T10:27:38.917625+02:00,68.3,66.1,97.0,39.0,0.0,10.0,75.0,48.0,27.0,3005540.0,-0.14,26.4,0.9,16.06,40.2,-7.7876,True,94.9,90.3,False,167.24,-1.2,True,False,True,,pass,seguimiento,pendiente,0.0,desconocido,Pendiente de implementar,parcial,"margin_stabilization (media): Margen gross 73.2% vs 73.0% (+0.2 pp) | eps_stabilization (media): EPS 1.88 vs 1.65 (Diluted EPS) | dividend_maintained (baja): Dividendo actual 1.51% con caída del 35.9% | analyst_upgrade (media): Target 201.55 vs precio 165.30 (+22%), recMean 1.41, recKey strong_buy",fuerte,seguimiento,144.65,159.74,144.65 - 159.74,171.67,219.04,171.67 - 219.04,Pérdida del soporte en 159.74 | ROE negativo durante 2 trimestres consecutivos | Ampliación de capital dilutiva | Recorte de rating a bono basura,12-18,"SAP SE                        I está un 35.9% por debajo de su máximo 52s. Fundamentalmente sólida con ROE 18.3%, deuda neta/EBITDA -0.1x. Técnicamente 🟢 Divergencia alcista RSI, 🟢 Cerca de soporte. Clasificación: seguimiento.","SAP SE                        I está un 35.9% por debajo de su máximo 52s. Fundamentalmente sólida con ROE 18.3%, deuda neta/EBITDA -0.1x. Técnicamente 🟢 Divergencia alcista RSI, 🟢 Cerca de soporte. Clasificación: seguimiento.",OK,
BEI.DE,BEIERSDORF AG                 I,EUROSTOXX,1.0,script-v2.0,1.0,2026-08-04T10:27:42.223232+02:00,68.3,65.8,69.0,63.0,0.0,4.0,76.0,53.0,23.0,426381.0,-1.47,90.4,,9.31,42.0,-2.3675,False,17.7,60.3,False,83.49,-6.5,True,True,True,Sin señales de recuperación,pass,seguimiento,pendiente,0.0,desconocido,Pendiente de implementar,ausente,eps_stabilization (media): EPS 4.05 vs 3.24 (annual_eps_fallback) | dividend_maintained (baja): Dividendo actual 1.28% con caída del 29.1%,fuerte,seguimiento,72.54,74.54,72.54 - 74.54,84.01,93.63,84.01 - 93.63,Pérdida del soporte en 72.54 | ROE negativo durante 2 trimestres consecutivos | Ampliación de capital dilutiva | Recorte de rating a bono basura,12-18,"BEIERSDORF AG                 I está un 29.1% por debajo de su máximo 52s. Fundamentalmente sólida con ROE 11.2%, deuda neta/EBITDA -1.5x. Técnicamente 🟢 Cruce alcista MACD, 🟢 Bajo SMA200 con SMA50 girando. Clasificación: seguimiento.","BEIERSDORF AG                 I está un 29.1% por debajo de su máximo 52s. Fundamentalmente sólida con ROE 11.2%, deuda neta/EBITDA -1.5x. Técnicamente 🟢 Cruce alcista MACD, 🟢 Bajo SMA200 con SMA50 girando. Clasificación: seguimiento.",OK,
DSY.PA,DASSAULT SYSTEMES,EUROSTOXX,1.0,script-v2.0,1.0,2026-08-04T10:28:03.572502+02:00,67.5,71.6,94.0,52.0,0.0,7.0,55.0,28.0,27.0,2366933.0,-1.36,36.2,0.0,14.96,48.6,-0.4903,True,86.3,84.5,False,20.16,2.7,True,False,True,,pass,seguimiento,pendiente,0.0,desconocido,Pendiente de implementar,parcial,margin_stabilization (media): Margen gross 84.1% vs 84.0% (+0.1 pp) | eps_stabilization (media): EPS 0.22 vs 0.22 (Diluted EPS) | dividend_maintained (baja): Dividendo actual 1.30% con caída del 31.8%,razonable,seguimiento,17.52,18.69,17.52 - 18.69,20.5,25.81,20.50 - 25.81,Pérdida del soporte en 17.52 | ROE negativo durante 2 trimestres consecutivos | Ampliación de capital dilutiva | Recorte de rating a bono basura,12-18,"DASSAULT SYSTEMES está un 31.8% por debajo de su máximo 52s. Fundamentalmente sólida con ROE 15.1%, deuda neta/EBITDA -1.4x. Técnicamente 🟢 Divergencia alcista RSI, 🟢 MACD semanal girando al alza. Clasificación: seguimiento.","DASSAULT SYSTEMES está un 31.8% por debajo de su máximo 52s. Fundamentalmente sólida con ROE 15.1%, deuda neta/EBITDA -1.4x. Técnicamente 🟢 Divergencia alcista RSI, 🟢 MACD semanal girando al alza. Clasificación: seguimiento.",OK,
TWE.AX,TREA WINE FPO [TWE],ASX,1.0,script-v2.0,1.0,2026-08-04T10:30:09.467311+02:00,67.2,72.0,72.0,72.0,0.0,4.0,53.0,25.0,28.0,3661585.0,1.81,,,-23.06,54.6,-0.0476,True,98.8,87.3,False,4.8,11.2,True,True,True,Sin señales de recuperación,pass,seguimiento,pendiente,0.0,desconocido,Pendiente de implementar,ausente,eps_stabilization (media): EPS 0.54 vs 0.13 (annual_eps_fallback) | dividend_maintained (baja): Dividendo actual 7.49% con caída del 34.9%,razonable,seguimiento,4.67,4.9,4.67 - 4.90,4.86,6.98,4.86 - 6.98,Pérdida del soporte en 4.90 | ROE negativo durante 2 trimestres consecutivos | Ampliación de capital dilutiva | Recorte de rating a bono basura,12-18,"TREA WINE FPO [TWE] está un 34.9% por debajo de su máximo 52s. Fundamentalmente sólida con ROE -9.9%, deuda neta/EBITDA 1.8x. Técnicamente 🟢 Volumen creciente, 🟢 MACD semanal girando al alza. Clasificación: seguimiento.","TREA WINE FPO [TWE] está un 34.9% por debajo de su máximo 52s. Fundamentalmente sólida con ROE -9.9%, deuda neta/EBITDA 1.8x. Técnicamente 🟢 Volumen creciente, 🟢 MACD semanal girando al alza. Clasificación: seguimiento.",OK,
UCB.BR,UCB,EUROSTOXX,1.0,script-v2.0,1.0,2026-08-04T10:28:21.583309+02:00,66.7,61.5,93.0,34.0,0.0,7.0,82.0,65.0,17.0,227565.0,0.84,24.7,,13.47,21.7,-2.3021,False,30.4,42.5,False,247.23,-8.8,True,False,True,,pass,seguimiento,pendiente,0.0,desconocido,Pendiente de implementar,parcial,"eps_stabilization (media): EPS 8.03 vs 1.76 (annual_eps_fallback) | dividend_maintained (baja): Dividendo actual 0.64% con caída del 22.1% | analyst_upgrade (media): Target 286.11 vs precio 225.40 (+27%), recMean 1.60, recKey buy",fuerte,seguimiento,221.6,225.4,221.60 - 225.40,246.07,247.51,246.07 - 247.51,Pérdida del soporte en 221.60 | ROE negativo durante 2 trimestres consecutivos | Ampliación de capital dilutiva | Recorte de rating a bono basura,6-12,"UCB está un 22.1% por debajo de su máximo 52s. Fundamentalmente sólida con ROE 20.6%, deuda neta/EBITDA 0.8x. Técnicamente 🟢 Divergencia alcista RSI, 🟢 Bajo SMA200 con SMA50 girando. Clasificación: seguimiento.","UCB está un 22.1% por debajo de su máximo 52s. Fundamentalmente sólida con ROE 20.6%, deuda neta/EBITDA 0.8x. Técnicamente 🟢 Divergencia alcista RSI, 🟢 Bajo SMA200 con SMA50 girando. Clasificación: seguimiento.",OK,
7751.T,CANON INC,ASIA,1.0,script-v2.0,1.0,2026-08-04T10:30:22.147153+02:00,66.2,68.5,92.0,48.0,0.0,1.0,59.0,36.0,23.0,4355113.0,0.72,13.6,,6.2,10.9,16.6881,False,12.7,23.1,False,4380.35,0.7,True,True,True,Sin señales de recuperación,pass,seguimiento,pendiente,0.0,desconocido,Pendiente de implementar,ausente,dividend_maintained (baja): Dividendo actual 3.63% con caída del 12.3%,razonable,seguimiento,4211.97,4309.24,4211.97 - 4309.24,4278.05,4379.3,4278.05 - 4379.30,Pérdida del soporte en 4211.97 | ROE negativo durante 2 trimestres consecutivos | Ampliación de capital dilutiva | Recorte de rating a bono basura,6-12,"CANON INC está un 12.3% por debajo de su máximo 52s. Fundamentalmente sólida con ROE 10.4%, deuda neta/EBITDA 0.7x. Técnicamente 🟢 Volumen creciente, 🟢 Cerca de soporte. Clasificación: seguimiento.","CANON INC está un 12.3% por debajo de su máximo 52s. Fundamentalmente sólida con ROE 10.4%, deuda neta/EBITDA 0.7x. Técnicamente 🟢 Volumen creciente, 🟢 Cerca de soporte. Clasificación: seguimiento.",OK,
PHIA.AS,KON.PHILIPS N.V.,EUROSTOXX,1.0,script-v2.0,1.0,2026-08-04T10:28:09.265920+02:00,66.0,65.0,81.0,51.0,0.0,15.0,69.0,52.0,17.0,2116335.0,2.35,-7.8,-0.0,11.55,18.8,0.0352,False,58.0,58.4,False,23.29,-2.4,True,False,True,,pass,entrada_escalada,pendiente,0.0,desconocido,Pendiente de implementar,confirmada,"margin_stabilization (media): Margen gross 49.3% vs 45.2% (+4.1 pp) | eps_stabilization (media): EPS 0.40 vs 0.16 (Diluted EPS) | debt_reduction (alta): Deuda 7465.0M vs 8097.0M | dividend_maintained (baja): Dividendo actual 3.74% con caída del 18.0% | analyst_upgrade (media): Target 27.42 vs precio 22.72 (+21%), recMean 2.30, recKey buy",razonable,entrada_escalada,22.14,22.72,22.14 - 22.72,23.35,23.54,23.35 - 23.54,Pérdida del soporte en 22.14 | ROE negativo durante 2 trimestres consecutivos | Ampliación de capital dilutiva | Recorte de rating a bono basura,6-12,"KON.PHILIPS N.V. está un 18.0% por debajo de su máximo 52s. Fundamentalmente sólida con ROE 10.2%, deuda neta/EBITDA 2.4x. Técnicamente 🟡 MACD convergiendo, 🟢 Cerca de soporte. Clasificación: entrada_escalada.","KON.PHILIPS N.V. está un 18.0% por debajo de su máximo 52s. Fundamentalmente sólida con ROE 10.2%, deuda neta/EBITDA 2.4x. Técnicamente 🟡 MACD convergiendo, 🟢 Cerca de soporte. Clasificación: entrada_escalada.",OK,
ADS.DE,adidas AG                     N,EUROSTOXX,1.0,script-v2.0,1.0,2026-08-04T10:27:39.240376+02:00,65.9,65.6,96.0,39.0,0.0,7.0,67.0,55.0,12.0,747365.0,1.66,0.4,0.0,12.64,36.9,4.627,False,40.4,55.5,False,155.85,3.9,True,False,True,,pass,seguimiento,pendiente,0.0,desconocido,Pendiente de implementar,parcial,"margin_stabilization (media): Margen gross 52.5% vs 51.1% (+1.4 pp) | dividend_maintained (baja): Dividendo actual 1.73% con caída del 17.5% | analyst_upgrade (media): Target 203.86 vs precio 161.95 (+26%), recMean 1.70, recKey buy",razonable,seguimiento,158.45,161.95,158.45 - 161.95,157.3,166.94,157.30 - 166.94,Pérdida del soporte en 158.45 | ROE negativo durante 2 trimestres consecutivos | Ampliación de capital dilutiva | Recorte de rating a bono basura,6-12,"adidas AG                     N está un 17.5% por debajo de su máximo 52s. Fundamentalmente sólida con ROE 24.3%, deuda neta/EBITDA 1.7x. Técnicamente 🔵 RSI en sobreventa, 🟢 Volumen creciente. Clasificación: seguimiento.","adidas AG                     N está un 17.5% por debajo de su máximo 52s. Fundamentalmente sólida con ROE 24.3%, deuda neta/EBITDA 1.7x. Técnicamente 🔵 RSI en sobreventa, 🟢 Volumen creciente. Clasificación: seguimiento.",OK,
1299.HK,AIA,ASIA,1.0,script-v2.0,1.0,2026-08-04T10:30:38.560508+02:00,65.8,67.0,91.0,46.0,0.0,7.0,62.0,35.0,27.0,35032709.0,1.18,43.7,,83.65,13.8,-0.9262,True,63.5,74.9,False,80.39,-2.9,True,False,True,,pass,seguimiento,pendiente,0.0,desconocido,Pendiente de implementar,parcial,"eps_stabilization (media): EPS 0.62 vs 0.33 (annual_eps_fallback) | dividend_maintained (baja): Dividendo actual 2.47% con caída del 15.3% | analyst_upgrade (media): Target 104.57 vs precio 78.05 (+34%), recMean 1.30, recKey strong_buy",razonable,seguimiento,70.45,76.07,70.45 - 76.07,78.33,79.8,78.33 - 79.80,Pérdida del soporte en 70.45 | ROE negativo durante 2 trimestres consecutivos | Ampliación de capital dilutiva | Recorte de rating a bono basura,6-12,"AIA está un 15.3% por debajo de su máximo 52s. Fundamentalmente sólida con ROE 14.8%, deuda neta/EBITDA 1.2x. Técnicamente 🟢 Divergencia alcista RSI, 🟢 MACD semanal girando al alza. Clasificación: seguimiento.","AIA está un 15.3% por debajo de su máximo 52s. Fundamentalmente sólida con ROE 14.8%, deuda neta/EBITDA 1.2x. Técnicamente 🟢 Divergencia alcista RSI, 🟢 MACD semanal girando al alza. Clasificación: seguimiento.",OK,
SGO.PA,SAINT GOBAIN,EUROSTOXX,1.0,script-v2.0,1.0,2026-08-04T10:27:57.596607+02:00,65.4,67.9,94.0,45.0,0.0,9.0,58.0,30.0,28.0,1129216.0,1.75,-6.1,,8.06,17.7,-0.3045,True,97.3,79.8,False,78.22,6.8,True,True,True,,pass,seguimiento,pendiente,0.0,desconocido,Pendiente de implementar,parcial,eps_stabilization (media): EPS 5.78 vs 5.64 (annual_eps_fallback) | debt_reduction (alta): Deuda 17270.0M vs 18384.0M | dividend_maintained (baja): Dividendo actual 2.75% con caída del 17.0%,razonable,seguimiento,76.58,77.13,76.58 - 77.13,78.46,85.64,78.46 - 85.64,Pérdida del soporte en 77.13 | ROE negativo durante 2 trimestres consecutivos | Ampliación de capital dilutiva | Recorte de rating a bono basura,6-12,"SAINT GOBAIN está un 17.0% por debajo de su máximo 52s. Fundamentalmente sólida con ROE 11.0%, deuda neta/EBITDA 1.8x. Técnicamente 🟢 Cruce alcista MACD, 🟢 MACD semanal girando al alza. Clasificación: seguimiento.","SAINT GOBAIN está un 17.0% por debajo de su máximo 52s. Fundamentalmente sólida con ROE 11.0%, deuda neta/EBITDA 1.8x. Técnicamente 🟢 Cruce alcista MACD, 🟢 MACD semanal girando al alza. Clasificación: seguimiento.",OK,
BATS.L,BRITISH AMERICAN TOBACCO PLC OR,EUROSTOXX,1.0,script-v2.0,1.0,2026-08-04T10:28:42.718180+02:00,64.7,69.9,88.0,54.0,0.0,9.0,49.0,32.0,17.0,3703471.0,2.9,-0.0,,11.56,16.7,74.8507,False,37.1,43.4,False,4407.77,1.5,True,False,True,,pass,seguimiento,pendiente,0.0,desconocido,Pendiente de implementar,parcial,eps_stabilization (media): EPS 3.49 vs 1.36 (annual_eps_fallback) | debt_reduction (alta): Deuda 35063.0M vs 35070.0M | dividend_maintained (baja): Dividendo actual 0.05% con caída del 16.7%,razonable,seguimiento,4254.29,4474.0,4254.29 - 4474.00,4374.38,4562.8,4374.38 - 4562.80,Pérdida del soporte en 4254.29 | ROE negativo durante 2 trimestres consecutivos | Ampliación de capital dilutiva | Recorte de rating a bono basura,6-12,"BRITISH AMERICAN TOBACCO PLC OR está un 16.7% por debajo de su máximo 52s. Fundamentalmente sólida con ROE 13.4%, deuda neta/EBITDA 2.9x. Técnicamente 🟢 Cerca de soporte, 🟡 Apoyo en MA40 semanal. Clasificación: seguimiento.","BRITISH AMERICAN TOBACCO PLC OR está un 16.7% por debajo de su máximo 52s. Fundamentalmente sólida con ROE 13.4%, deuda neta/EBITDA 2.9x. Técnicamente 🟢 Cerca de soporte, 🟡 Apoyo en MA40 semanal. Clasificación: seguimiento.",OK,
IMB.L,IMPERIAL BRANDS PLC ORD 10P,EUROSTOXX,1.0,script-v2.0,1.0,2026-08-04T10:28:43.732443+02:00,64.5,60.7,66.0,56.0,0.0,4.0,76.0,59.0,17.0,2868232.0,2.67,12.4,,8.28,24.1,-66.6603,False,30.1,54.6,False,2996.02,-8.0,True,False,True,Sin señales de recuperación,pass,seguimiento,pendiente,0.0,desconocido,Pendiente de implementar,ausente,"dividend_maintained (baja): Dividendo actual 0.06% con caída del 24.1% | analyst_upgrade (media): Target 3313.64 vs precio 2755.00 (+20%), recMean 1.83, recKey buy",fuerte,seguimiento,2705.27,2755.0,2705.27 - 2755.00,3003.61,3087.23,3003.61 - 3087.23,Pérdida del soporte en 2705.27 | ROE negativo durante 2 trimestres consecutivos | Ampliación de capital dilutiva | Recorte de rating a bono basura,6-12,"IMPERIAL BRANDS PLC ORD 10P está un 24.1% por debajo de su máximo 52s. Fundamentalmente sólida con ROE 37.2%, deuda neta/EBITDA 2.7x. Técnicamente 🟢 Divergencia alcista RSI, 🟢 Bajo SMA200 con SMA50 girando. Clasificación: seguimiento.","IMPERIAL BRANDS PLC ORD 10P está un 24.1% por debajo de su máximo 52s. Fundamentalmente sólida con ROE 37.2%, deuda neta/EBITDA 2.7x. Técnicamente 🟢 Divergencia alcista RSI, 🟢 Bajo SMA200 con SMA50 girando. Clasificación: seguimiento.",OK,
9432.T,NTT INC,ASIA,1.0,script-v2.0,1.0,2026-08-04T10:30:16.249817+02:00,64.5,59.9,77.0,45.0,0.0,4.0,78.0,45.0,33.0,251823714.0,4.29,8.5,,7.98,7.0,-0.6025,True,10.0,23.9,False,151.46,-0.7,True,True,False,Sin señales de recuperación,pass,descarte,pendiente,0.0,desconocido,Pendiente de implementar,ausente,eps_stabilization (media): EPS 12.61 vs 11.96 (annual_eps_fallback) | dividend_maintained (baja): Dividendo actual 3.59% con caída del 10.0%,fuerte,descarte,148.14,148.8,148.14 - 148.80,142.12,151.84,142.12 - 151.84,Pérdida del soporte en 148.14 | ROE negativo durante 2 trimestres consecutivos | Ampliación de capital dilutiva | Recorte de rating a bono basura,6-12,"NTT INC está un 10.0% por debajo de su máximo 52s. Fundamentalmente aceptable con ROE 10.0%, deuda neta/EBITDA 4.3x. Técnicamente 🟢 Divergencia alcista RSI, 🟢 Cerca de soporte. Clasificación: descarte.","NTT INC está un 10.0% por debajo de su máximo 52s. Fundamentalmente aceptable con ROE 10.0%, deuda neta/EBITDA 4.3x. Técnicamente 🟢 Divergencia alcista RSI, 🟢 Cerca de soporte. Clasificación: descarte.",OK,
RIO.L,RIO TINTO PLC ORD 10P,EUROSTOXX,1.0,script-v2.0,1.0,2026-08-04T10:28:37.721717+02:00,63.7,73.9,100.0,51.0,0.0,6.0,33.0,33.0,0.0,2768152.0,0.58,-2.8,,5.88,20.0,160.3388,False,75.6,71.1,False,6757.85,7.9,False,False,True,,pass,pendiente_confirmacion,pendiente,0.0,desconocido,Pendiente de implementar,parcial,debt_reduction (alta): Deuda 22852.0M vs 23517.0M | dividend_maintained (baja): Dividendo actual 0.05% con caída del 20.0%,incompleto,pendiente_confirmacion,7061.39,7280.16,7061.39 - 7280.16,6680.57,7749.45,6680.57 - 7749.45,Pérdida del soporte en 7061.39 | ROE negativo durante 2 trimestres consecutivos | Ampliación de capital dilutiva | Recorte de rating a bono basura,6-12,"RIO TINTO PLC ORD 10P está un 20.0% por debajo de su máximo 52s. Fundamentalmente sólida con ROE 19.3%, deuda neta/EBITDA 0.6x. Técnicamente 🟢 Divergencia alcista RSI, 🟢 Cerca de soporte. Clasificación: pendiente_confirmacion.","RIO TINTO PLC ORD 10P está un 20.0% por debajo de su máximo 52s. Fundamentalmente sólida con ROE 19.3%, deuda neta/EBITDA 0.6x. Técnicamente 🟢 Divergencia alcista RSI, 🟢 Cerca de soporte. Clasificación: pendiente_confirmacion.",OK,
VIV.PA,VIVENDI SE,EUROSTOXX,1.0,script-v2.0,1.0,2026-08-04T10:28:00.554688+02:00,63.6,59.5,52.0,66.0,0.0,7.0,76.0,64.0,12.0,2497843.0,9.16,5.8,,-41.93,84.5,-0.123,False,3.2,54.6,False,2.18,-25.6,True,False,False,,pass,descarte,pendiente,0.0,desconocido,Pendiente de implementar,parcial,"eps_stabilization (media): EPS 0.02 vs -5.96 (annual_eps_fallback) | dividend_maintained (baja): Dividendo actual 2.46% con caída del 50.9% | analyst_upgrade (media): Target 2.59 vs precio 1.62 (+60%), recMean 2.14, recKey buy",fuerte,descarte,1.54,1.62,1.54 - 1.62,2.25,2.81,2.25 - 2.81,Pérdida del soporte en 1.54 | ROE negativo durante 2 trimestres consecutivos | Ampliación de capital dilutiva | Recorte de rating a bono basura,18-24,"VIVENDI SE está un 50.9% por debajo de su máximo 52s. Fundamentalmente aceptable con ROE 0.4%, deuda neta/EBITDA 9.2x. Técnicamente 🔵 RSI en sobreventa, 🟢 Cruce alcista MACD. Clasificación: descarte.","VIVENDI SE está un 50.9% por debajo de su máximo 52s. Fundamentalmente aceptable con ROE 0.4%, deuda neta/EBITDA 9.2x. Técnicamente 🔵 RSI en sobreventa, 🟢 Cruce alcista MACD. Clasificación: descarte.",OK,
005380.KS,HyundaiMtr,ASIA,1.0,script-v2.0,1.0,2026-08-04T10:30:41.960200+02:00,63.6,62.2,59.0,65.0,0.0,10.0,68.0,68.0,0.0,1564075.0,12.8,7.0,-0.3,20.62,49.9,-8276.016,False,53.5,47.3,False,466915.86,-15.9,False,False,True,,pass,seguimiento,pendiente,0.0,desconocido,Pendiente de implementar,parcial,"margin_stabilization (media): Margen gross 17.5% vs 16.7% (+0.7 pp) | eps_stabilization (media): EPS 8897.00 vs 8683.00 (Diluted EPS) | dividend_maintained (baja): Dividendo actual 2.55% con caída del 49.9% | analyst_upgrade (media): Target 682004.20 vs precio 392500.00 (+74%), recMean 1.68, recKey buy",razonable,seguimiento,381000.0,392500.0,381000.00 - 392500.00,445616.13,665550.0,445616.13 - 665550.00,Pérdida del soporte en 381000.00 | ROE negativo durante 2 trimestres consecutivos | Ampliación de capital dilutiva | Recorte de rating a bono basura,18-24,"HyundaiMtr está un 49.9% por debajo de su máximo 52s. Fundamentalmente sólida con ROE 7.2%, deuda neta/EBITDA 12.8x. Técnicamente 🔵 RSI recuperándose de sobreventa, 🟢 Cruce alcista MACD. Clasificación: seguimiento.","HyundaiMtr está un 49.9% por debajo de su máximo 52s. Fundamentalmente sólida con ROE 7.2%, deuda neta/EBITDA 12.8x. Técnicamente 🔵 RSI recuperándose de sobreventa, 🟢 Cruce alcista MACD. Clasificación: seguimiento.",OK,
000660.KS,SK hynix,ASIA,1.0,script-v2.0,1.0,2026-08-04T10:30:39.760916+02:00,63.5,70.0,78.0,63.0,0.0,15.0,44.0,44.0,0.0,6150849.0,-0.48,-24.9,5.4,7.27,47.2,253136.1742,False,35.8,40.5,False,1256453.17,25.5,False,False,True,,pass,pendiente_confirmacion,pendiente,0.0,desconocido,Pendiente de implementar,confirmada,"margin_stabilization (media): Margen gross 79.3% vs 68.8% (+10.5 pp) | eps_stabilization (media): EPS 56670.00 vs 17850.00 (Diluted EPS) | debt_reduction (alta): Deuda 18585999.1M vs 24757848.0M | dividend_maintained (baja): Dividendo actual 0.19% con caída del 47.2% | analyst_upgrade (media): Target 3189340.20 vs precio 1577000.00 (+102%), recMean 1.35, recKey strong_buy",incompleto,pendiente_confirmacion,1246000.0,1577000.0,1246000.00 - 1577000.00,1186300.78,2538950.0,1186300.78 - 2538950.00,Pérdida del soporte en 1246000.00 | ROE negativo durante 2 trimestres consecutivos | Ampliación de capital dilutiva | Recorte de rating a bono basura,18-24,"SK hynix está un 47.2% por debajo de su máximo 52s. Fundamentalmente sólida con ROE 92.7%, deuda neta/EBITDA -0.5x. Técnicamente 🔵 RSI recuperándose de sobreventa, 🟡 MACD convergiendo. Clasificación: pendiente_confirmacion.","SK hynix está un 47.2% por debajo de su máximo 52s. Fundamentalmente sólida con ROE 92.7%, deuda neta/EBITDA -0.5x. Técnicamente 🔵 RSI recuperándose de sobreventa, 🟡 MACD convergiendo. Clasificación: pendiente_confirmacion.",OK,
0066.HK,MTR CORPORATION,ASIA,1.0,script-v2.0,1.0,2026-08-04T10:30:34.076460+02:00,63.2,63.3,90.0,40.0,0.0,6.0,63.0,46.0,17.0,5704267.0,1.84,-2.7,,9.29,12.3,0.2689,False,40.0,61.4,False,31.91,1.3,True,False,True,,pass,seguimiento,pendiente,0.0,desconocido,Pendiente de implementar,parcial,debt_reduction (alta): Deuda 89849.0M vs 92296.0M | dividend_maintained (baja): Dividendo actual 4.05% con caída del 14.7%,razonable,seguimiento,31.76,31.8,31.76 - 31.80,31.41,32.2,31.41 - 32.20,Pérdida del soporte en 31.80 | ROE negativo durante 2 trimestres consecutivos | Ampliación de capital dilutiva | Recorte de rating a bono basura,6-12,"MTR CORPORATION está un 14.7% por debajo de su máximo 52s. Fundamentalmente sólida con ROE 7.7%, deuda neta/EBITDA 1.8x. Técnicamente 🟢 Divergencia alcista RSI, 🟢 Cerca de soporte. Clasificación: seguimiento.","MTR CORPORATION está un 14.7% por debajo de su máximo 52s. Fundamentalmente sólida con ROE 7.7%, deuda neta/EBITDA 1.8x. Técnicamente 🟢 Divergencia alcista RSI, 🟢 Cerca de soporte. Clasificación: seguimiento.",OK,
NG.L,NATIONAL GRID PLC ORD 12 204/47,EUROSTOXX,1.0,script-v2.0,1.0,2026-08-04T10:28:39.684491+02:00,63.0,61.0,69.0,54.0,0.0,4.0,69.0,52.0,17.0,13246154.0,6.39,0.3,,14.81,16.4,-3.4635,False,16.6,10.6,False,1235.45,-3.3,True,False,True,Sin señales de recuperación,pass,seguimiento,pendiente,0.0,desconocido,Pendiente de implementar,ausente,eps_stabilization (media): EPS 0.66 vs 0.61 (annual_eps_fallback) | dividend_maintained (baja): Dividendo actual 0.04% con caída del 16.4%,razonable,seguimiento,1134.77,1194.5,1134.77 - 1194.50,1214.22,1230.72,1214.22 - 1230.72,Pérdida del soporte en 1134.77 | ROE negativo durante 2 trimestres consecutivos | Ampliación de capital dilutiva | Recorte de rating a bono basura,6-12,"NATIONAL GRID PLC ORD 12 204/47 está un 16.4% por debajo de su máximo 52s. Fundamentalmente sólida con ROE 8.4%, deuda neta/EBITDA 6.4x. Técnicamente 🟢 Divergencia alcista RSI, 🟡 MACD convergiendo. Clasificación: seguimiento.","NATIONAL GRID PLC ORD 12 204/47 está un 16.4% por debajo de su máximo 52s. Fundamentalmente sólida con ROE 8.4%, deuda neta/EBITDA 6.4x. Técnicamente 🟢 Divergencia alcista RSI, 🟡 MACD convergiendo. Clasificación: seguimiento.",OK,
DG.PA,VINCI,EUROSTOXX,1.0,script-v2.0,1.0,2026-08-04T10:27:48.562392+02:00,62.9,60.2,89.0,35.0,0.0,4.0,71.0,44.0,27.0,872598.0,2.02,5.1,,7.73,9.9,-0.0726,True,86.2,66.7,False,123.23,1.6,True,False,True,Sin señales de recuperación,pass,seguimiento,pendiente,0.0,desconocido,Pendiente de implementar,ausente,eps_stabilization (media): EPS 8.65 vs 8.43 (annual_eps_fallback) | dividend_maintained (baja): Dividendo actual 3.99% con caída del 12.5%,fuerte,seguimiento,122.33,123.8,122.33 - 123.80,121.68,122.63,121.68 - 122.63,Pérdida del soporte en 122.33 | ROE negativo durante 2 trimestres consecutivos | Ampliación de capital dilutiva | Recorte de rating a bono basura,6-12,"VINCI está un 12.5% por debajo de su máximo 52s. Fundamentalmente sólida con ROE 16.3%, deuda neta/EBITDA 2.0x. Técnicamente 🟢 Cruce alcista MACD, 🟢 Cerca de soporte. Clasificación: seguimiento.","VINCI está un 12.5% por debajo de su máximo 52s. Fundamentalmente sólida con ROE 16.3%, deuda neta/EBITDA 2.0x. Técnicamente 🟢 Cruce alcista MACD, 🟢 Cerca de soporte. Clasificación: seguimiento.",OK,
DTE.DE,DEUTSCHE TELEKOM AG           N,EUROSTOXX,1.0,script-v2.0,1.0,2026-08-04T10:27:33.339617+02:00,62.8,62.3,73.0,53.0,0.0,10.0,64.0,37.0,27.0,6994448.0,3.34,6.1,-16.5,7.25,16.6,-0.5521,True,97.0,83.7,False,28.13,0.2,True,False,True,,pass,seguimiento,pendiente,0.0,desconocido,Pendiente de implementar,parcial,"margin_stabilization (media): Margen gross 62.1% vs 56.8% (+5.2 pp) | eps_stabilization (media): EPS 0.42 vs 0.36 (Diluted EPS) | dividend_maintained (baja): Dividendo actual 3.55% con caída del 18.0% | analyst_upgrade (media): Target 37.27 vs precio 28.18 (+32%), recMean 1.33, recKey strong_buy",razonable,seguimiento,26.82,27.01,26.82 - 27.01,28.07,29.21,28.07 - 29.21,Pérdida del soporte en 26.82 | ROE negativo durante 2 trimestres consecutivos | Ampliación de capital dilutiva | Recorte de rating a bono basura,6-12,"DEUTSCHE TELEKOM AG           N está un 18.0% por debajo de su máximo 52s. Fundamentalmente sólida con ROE 14.4%, deuda neta/EBITDA 3.3x. Técnicamente 🟢 Divergencia alcista RSI, 🟢 Cerca de soporte. Clasificación: seguimiento.","DEUTSCHE TELEKOM AG           N está un 18.0% por debajo de su máximo 52s. Fundamentalmente sólida con ROE 14.4%, deuda neta/EBITDA 3.3x. Técnicamente 🟢 Divergencia alcista RSI, 🟢 Cerca de soporte. Clasificación: seguimiento.",OK,
005930.KS,SamsungElec,ASIA,1.0,script-v2.0,1.0,2026-08-04T10:30:39.000887+02:00,62.3,68.4,78.0,60.0,0.0,15.0,44.0,44.0,0.0,32884539.0,-0.74,-11.2,12.1,6.22,35.8,25552.1328,False,53.3,59.0,False,204580.35,17.3,False,False,True,,pass,pendiente_confirmacion,pendiente,0.0,desconocido,Pendiente de implementar,confirmada,"margin_stabilization (media): Margen gross 61.2% vs 47.2% (+14.0 pp) | eps_stabilization (media): EPS 7056.00 vs 1801.00 (Diluted EPS) | debt_reduction (alta): Deuda 22408700.4M vs 25239139.0M | dividend_maintained (baja): Dividendo actual 0.62% con caída del 35.9% | analyst_upgrade (media): Target 470630.30 vs precio 240000.00 (+96%), recMean 1.35, recKey strong_buy",incompleto,pendiente_confirmacion,218259.29,240000.0,218259.29 - 240000.00,194170.27,318325.0,194170.27 - 318325.00,Pérdida del soporte en 218259.29 | ROE negativo durante 2 trimestres consecutivos | Ampliación de capital dilutiva | Recorte de rating a bono basura,12-18,"SamsungElec está un 35.9% por debajo de su máximo 52s. Fundamentalmente sólida con ROE 30.8%, deuda neta/EBITDA -0.7x. Técnicamente 🔵 RSI recuperándose de sobreventa, 🟡 MACD convergiendo. Clasificación: pendiente_confirmacion.","SamsungElec está un 35.9% por debajo de su máximo 52s. Fundamentalmente sólida con ROE 30.8%, deuda neta/EBITDA -0.7x. Técnicamente 🔵 RSI recuperándose de sobreventa, 🟡 MACD convergiendo. Clasificación: pendiente_confirmacion.",OK,
BN.PA,DANONE,EUROSTOXX,1.0,script-v2.0,1.0,2026-08-04T10:27:45.660245+02:00,62.2,63.0,87.0,42.0,0.0,1.0,60.0,43.0,17.0,1681934.0,2.01,20.9,,11.7,12.8,0.3754,False,5.2,16.6,False,69.1,-2.2,True,False,True,Sin señales de recuperación,pass,seguimiento,pendiente,0.0,desconocido,Pendiente de implementar,ausente,dividend_maintained (baja): Dividendo actual 3.33% con caída del 15.7%,razonable,seguimiento,66.74,67.56,66.74 - 67.56,68.12,69.49,68.12 - 69.49,Pérdida del soporte en 66.74 | ROE negativo durante 2 trimestres consecutivos | Ampliación de capital dilutiva | Recorte de rating a bono basura,6-12,"DANONE está un 15.7% por debajo de su máximo 52s. Fundamentalmente sólida con ROE 12.2%, deuda neta/EBITDA 2.0x. Técnicamente 🟢 Cerca de soporte, 🟡 Apoyo en MA40 semanal. Clasificación: seguimiento.","DANONE está un 15.7% por debajo de su máximo 52s. Fundamentalmente sólida con ROE 12.2%, deuda neta/EBITDA 2.0x. Técnicamente 🟢 Cerca de soporte, 🟡 Apoyo en MA40 semanal. Clasificación: seguimiento.",OK,
8031.T,MITSUI & CO,ASIA,1.0,script-v2.0,1.0,2026-08-04T10:30:22.721952+02:00,61.5,62.6,77.0,50.0,0.0,4.0,58.0,53.0,5.0,6667809.0,6.58,17.9,,26.17,27.9,-89.7011,False,51.4,66.4,False,5125.67,-6.1,False,False,True,Sin señales de recuperación,pass,seguimiento,pendiente,0.0,desconocido,Pendiente de implementar,ausente,"dividend_maintained (baja): Dividendo actual 2.91% con caída del 27.9% | analyst_upgrade (media): Target 6183.57 vs precio 4815.00 (+28%), recMean 2.00, recKey buy",razonable,seguimiento,4679.9,4815.0,4679.90 - 4815.00,4990.65,5673.75,4990.65 - 5673.75,Pérdida del soporte en 4679.90 | ROE negativo durante 2 trimestres consecutivos | Ampliación de capital dilutiva | Recorte de rating a bono basura,12-18,"MITSUI & CO está un 27.9% por debajo de su máximo 52s. Fundamentalmente sólida con ROE 10.3%, deuda neta/EBITDA 6.6x. Técnicamente 🟢 Divergencia alcista RSI, 🟢 Cerca de soporte. Clasificación: seguimiento.","MITSUI & CO está un 27.9% por debajo de su máximo 52s. Fundamentalmente sólida con ROE 10.3%, deuda neta/EBITDA 6.6x. Técnicamente 🟢 Divergencia alcista RSI, 🟢 Cerca de soporte. Clasificación: seguimiento.",OK,
VOW3.DE,VOLKSWAGEN AG                 V,EUROSTOXX,1.0,script-v2.0,1.0,2026-08-04T10:27:36.212963+02:00,61.5,61.7,51.0,71.0,0.0,10.0,61.0,39.0,22.0,1027803.0,11.1,43.9,-2.5,13.85,25.9,-3.9267,True,90.9,90.3,False,86.69,-12.5,True,False,True,,pass,seguimiento,pendiente,0.0,desconocido,Pendiente de implementar,parcial,"margin_stabilization (media): Margen gross 15.1% vs 15.5% (-0.4 pp) | eps_stabilization (media): EPS 2.56 vs 2.55 (Diluted EPS) | dividend_maintained (baja): Dividendo actual 6.94% con caída del 30.5% | analyst_upgrade (media): Target 105.36 vs precio 75.82 (+39%), recMean 2.10, recKey buy",razonable,seguimiento,69.99,75.82,69.99 - 75.82,86.55,92.78,86.55 - 92.78,Pérdida del soporte en 69.99 | ROE negativo durante 2 trimestres consecutivos | Ampliación de capital dilutiva | Recorte de rating a bono basura,12-18,"VOLKSWAGEN AG                 V está un 30.5% por debajo de su máximo 52s. Fundamentalmente sólida con ROE 2.8%, deuda neta/EBITDA 11.1x. Técnicamente 🟢 Divergencia alcista RSI, 🟢 MACD semanal girando al alza. Clasificación: seguimiento.","VOLKSWAGEN AG                 V está un 30.5% por debajo de su máximo 52s. Fundamentalmente sólida con ROE 2.8%, deuda neta/EBITDA 11.1x. Técnicamente 🟢 Divergencia alcista RSI, 🟢 MACD semanal girando al alza. Clasificación: seguimiento.",OK,
RNO.PA,RENAULT,EUROSTOXX,1.0,script-v2.0,1.0,2026-08-04T10:28:03.968621+02:00,60.8,59.0,35.0,80.0,0.0,4.0,66.0,39.0,27.0,1450853.0,8.23,5.6,,9.8,40.8,-0.845,True,87.0,88.7,False,29.24,-4.5,True,False,False,Sin señales de recuperación,pass,descarte,pendiente,0.0,desconocido,Pendiente de implementar,ausente,"dividend_maintained (baja): Dividendo actual 7.88% con caída del 26.4% | analyst_upgrade (media): Target 37.84 vs precio 27.93 (+35%), recMean 2.30, recKey buy",razonable,descarte,26.45,26.99,26.45 - 26.99,29.32,32.27,29.32 - 32.27,Pérdida del soporte en 26.45 | ROE negativo durante 2 trimestres consecutivos | Ampliación de capital dilutiva | Recorte de rating a bono basura,12-18,"RENAULT está un 26.4% por debajo de su máximo 52s. Fundamentalmente aceptable con ROE 5.0%, deuda neta/EBITDA 8.2x. Técnicamente 🟢 Divergencia alcista RSI, 🟢 MACD semanal girando al alza. Clasificación: descarte.","RENAULT está un 26.4% por debajo de su máximo 52s. Fundamentalmente aceptable con ROE 5.0%, deuda neta/EBITDA 8.2x. Técnicamente 🟢 Divergencia alcista RSI, 🟢 MACD semanal girando al alza. Clasificación: descarte.",OK,
FORTUM.HE,Fortum Corporation,EUROSTOXX,1.0,script-v2.0,1.0,2026-08-04T10:28:24.727913+02:00,60.3,57.1,96.0,23.0,0.0,6.0,70.0,53.0,17.0,781711.0,1.36,-1.0,0.2,15.09,13.9,0.2027,False,28.1,14.3,False,19.54,1.0,True,False,False,,pass,descarte,pendiente,0.0,desconocido,Pendiente de implementar,parcial,debt_reduction (alta): Deuda 3906.0M vs 3947.0M | dividend_maintained (baja): Dividendo actual 3.75% con caída del 13.9%,fuerte,descarte,19.39,19.74,19.39 - 19.74,19.41,19.48,19.41 - 19.48,Pérdida del soporte en 19.39 | ROE negativo durante 2 trimestres consecutivos | Ampliación de capital dilutiva | Recorte de rating a bono basura,6-12,"Fortum Corporation está un 13.9% por debajo de su máximo 52s. Fundamentalmente aceptable con ROE 10.0%, deuda neta/EBITDA 1.4x. Técnicamente 🟢 Divergencia alcista RSI, 🟡 MACD convergiendo. Clasificación: descarte.","Fortum Corporation está un 13.9% por debajo de su máximo 52s. Fundamentalmente aceptable con ROE 10.0%, deuda neta/EBITDA 1.4x. Técnicamente 🟢 Divergencia alcista RSI, 🟡 MACD convergiendo. Clasificación: descarte.",OK,
RACE.MI,FERRARI,EUROSTOXX,1.0,script-v2.0,1.0,2026-08-04T10:28:18.581162+02:00,59.8,60.0,100.0,25.0,0.0,7.0,59.0,41.0,18.0,598559.0,0.7,8.1,0.0,25.4,28.2,5.652,False,79.5,78.6,False,309.92,12.1,True,True,False,,pass,descarte,pendiente,0.0,desconocido,Pendiente de implementar,parcial,margin_stabilization (media): Margen gross 52.6% vs 51.8% (+0.8 pp) | eps_stabilization (media): EPS 2.62 vs 2.33 (Diluted EPS) | dividend_maintained (baja): Dividendo actual 1.04% con caída del 19.5%,razonable,descarte,292.59,317.86,292.59 - 317.86,310.86,366.52,310.86 - 366.52,Pérdida del soporte en 292.59 | ROE negativo durante 2 trimestres consecutivos | Ampliación de capital dilutiva | Recorte de rating a bono basura,6-12,"FERRARI está un 19.5% por debajo de su máximo 52s. Fundamentalmente aceptable con ROE 45.4%, deuda neta/EBITDA 0.7x. Técnicamente 🟢 Cruce alcista MACD, 🟢 Volumen creciente. Clasificación: descarte.","FERRARI está un 19.5% por debajo de su máximo 52s. Fundamentalmente aceptable con ROE 45.4%, deuda neta/EBITDA 0.7x. Técnicamente 🟢 Cruce alcista MACD, 🟢 Volumen creciente. Clasificación: descarte.",OK,
LSEG.L,LONDON STOCK EXCHANGE GROUP PLC,EUROSTOXX,1.0,script-v2.0,1.0,2026-08-04T10:28:43.838006+02:00,59.8,61.4,79.0,46.0,0.0,7.0,55.0,38.0,17.0,1463482.0,2.96,35.6,,17.13,29.8,-94.1432,False,43.6,42.2,False,8780.55,-2.6,True,False,True,,pass,seguimiento,pendiente,0.0,desconocido,Pendiente de implementar,parcial,"eps_stabilization (media): EPS 2.37 vs 1.28 (annual_eps_fallback) | dividend_maintained (baja): Dividendo actual 0.02% con caída del 15.8% | analyst_upgrade (media): Target 12037.33 vs precio 8554.00 (+41%), recMean 1.47, recKey strong_buy",razonable,seguimiento,7942.97,8554.0,7942.97 - 8554.00,8640.25,8793.92,8640.25 - 8793.92,Pérdida del soporte en 7942.97 | ROE negativo durante 2 trimestres consecutivos | Ampliación de capital dilutiva | Recorte de rating a bono basura,6-12,"LONDON STOCK EXCHANGE GROUP PLC está un 15.8% por debajo de su máximo 52s. Fundamentalmente sólida con ROE 7.7%, deuda neta/EBITDA 3.0x. Técnicamente 🟢 Divergencia alcista RSI, 🟡 Apoyo en MA40 semanal. Clasificación: seguimiento.","LONDON STOCK EXCHANGE GROUP PLC está un 15.8% por debajo de su máximo 52s. Fundamentalmente sólida con ROE 7.7%, deuda neta/EBITDA 3.0x. Técnicamente 🟢 Divergencia alcista RSI, 🟡 Apoyo en MA40 semanal. Clasificación: seguimiento.",OK,
0016.HK,SHK PPT,ASIA,1.0,script-v2.0,1.0,2026-08-04T10:30:30.792159+02:00,59.0,64.6,87.0,45.0,0.0,6.0,42.0,37.0,5.0,5917547.0,2.84,-15.5,,15.04,17.1,0.4403,False,44.4,50.1,False,120.37,1.9,False,False,True,,pass,pendiente_confirmacion,pendiente,0.0,desconocido,Pendiente de implementar,parcial,debt_reduction (alta): Deuda 104010.0M vs 123048.0M | dividend_maintained (baja): Dividendo actual 3.08% con caída del 17.6%,incompleto,pendiente_confirmacion,119.71,120.19,119.71 - 120.19,117.45,126.48,117.45 - 126.48,Pérdida del soporte en 119.71 | ROE negativo durante 2 trimestres consecutivos | Ampliación de capital dilutiva | Recorte de rating a bono basura,6-12,"SHK PPT está un 17.6% por debajo de su máximo 52s. Fundamentalmente sólida con ROE 3.7%, deuda neta/EBITDA 2.8x. Técnicamente 🟢 Divergencia alcista RSI, 🟢 Cerca de soporte. Clasificación: pendiente_confirmacion.","SHK PPT está un 17.6% por debajo de su máximo 52s. Fundamentalmente sólida con ROE 3.7%, deuda neta/EBITDA 2.8x. Técnicamente 🟢 Divergencia alcista RSI, 🟢 Cerca de soporte. Clasificación: pendiente_confirmacion.",OK,
FRE.DE,Fresenius SE & Co. KGaA       I,EUROSTOXX,1.0,script-v2.0,1.0,2026-08-04T10:27:33.081864+02:00,58.9,65.2,78.0,54.0,0.0,15.0,40.0,19.0,21.0,1265924.0,3.25,-0.2,-0.2,11.78,14.2,-0.1799,True,77.0,85.4,False,43.91,0.7,False,True,True,,pass,pendiente_confirmacion,pendiente,0.0,desconocido,Pendiente de implementar,confirmada,"margin_stabilization (media): Margen gross 26.4% vs 24.8% (+1.6 pp) | eps_stabilization (media): EPS 0.77 vs 0.58 (Diluted EPS) | debt_reduction (alta): Deuda 11905.0M vs 11933.0M | dividend_maintained (baja): Dividendo actual 2.38% con caída del 16.5% | analyst_upgrade (media): Target 54.51 vs precio 44.21 (+23%), recMean 1.50, recKey strong_buy",incompleto,pendiente_confirmacion,40.32,41.69,40.32 - 41.69,44.18,45.02,44.18 - 45.02,Pérdida del soporte en 41.69 | ROE negativo durante 2 trimestres consecutivos | Ampliación de capital dilutiva | Recorte de rating a bono basura,6-12,"Fresenius SE & Co. KGaA       I está un 16.5% por debajo de su máximo 52s. Fundamentalmente sólida con ROE 7.8%, deuda neta/EBITDA 3.2x. Técnicamente 🟢 MACD semanal girando al alza, 🟡 Apoyo en MA40 semanal. Clasificación: pendiente_confirmacion.","Fresenius SE & Co. KGaA       I está un 16.5% por debajo de su máximo 52s. Fundamentalmente sólida con ROE 7.8%, deuda neta/EBITDA 3.2x. Técnicamente 🟢 MACD semanal girando al alza, 🟡 Apoyo en MA40 semanal. Clasificación: pendiente_confirmacion.",OK,
SCG.AX,SCENTRE STAPLED [SCG],ASX,1.0,script-v2.0,1.0,2026-08-04T10:30:07.681948+02:00,58.6,60.5,85.0,39.0,0.0,9.0,53.0,35.0,18.0,12451391.0,5.87,-10.0,,14.33,4.4,0.047,False,88.2,62.7,False,3.83,4.1,True,True,True,,pass,seguimiento,pendiente,0.0,desconocido,Pendiente de implementar,parcial,eps_stabilization (media): EPS 0.34 vs 0.20 (annual_eps_fallback) | debt_reduction (alta): Deuda 15100.5M vs 16774.4M | dividend_maintained (baja): Dividendo actual 4.51% con caída del 6.6%,razonable,seguimiento,3.65,3.85,3.65 - 3.85,3.63,3.84,3.63 - 3.84,Pérdida del soporte en 3.65 | ROE negativo durante 2 trimestres consecutivos | Ampliación de capital dilutiva | Recorte de rating a bono basura,6-12,"SCENTRE STAPLED [SCG] está un 6.6% por debajo de su máximo 52s. Fundamentalmente sólida con ROE 9.6%, deuda neta/EBITDA 5.9x. Técnicamente 🟢 Cruce alcista MACD, 🟢 base_pattern_detected. Clasificación: seguimiento.","SCENTRE STAPLED [SCG] está un 6.6% por debajo de su máximo 52s. Fundamentalmente sólida con ROE 9.6%, deuda neta/EBITDA 5.9x. Técnicamente 🟢 Cruce alcista MACD, 🟢 base_pattern_detected. Clasificación: seguimiento.",OK,
ORG.AX,ORIGIN ENE FPO [ORG],ASX,1.0,script-v2.0,1.0,2026-08-04T10:30:06.089083+02:00,58.3,61.1,83.0,42.0,0.0,4.0,50.0,35.0,15.0,4154562.0,3.01,,,17.37,14.3,-0.2559,True,86.0,87.6,False,11.37,-3.2,False,False,True,Sin señales de recuperación,pass,seguimiento,pendiente,0.0,desconocido,Pendiente de implementar,ausente,eps_stabilization (media): EPS 0.86 vs 0.81 (annual_eps_fallback) | dividend_maintained (baja): Dividendo actual 5.45% con caída del 16.1%,razonable,seguimiento,10.45,10.71,10.45 - 10.71,11.16,11.4,11.16 - 11.40,Pérdida del soporte en 10.45 | ROE negativo durante 2 trimestres consecutivos | Ampliación de capital dilutiva | Recorte de rating a bono basura,6-12,"ORIGIN ENE FPO [ORG] está un 16.1% por debajo de su máximo 52s. Fundamentalmente sólida con ROE 10.2%, deuda neta/EBITDA 3.0x. Técnicamente 🟢 Divergencia alcista RSI, 🟢 MACD semanal girando al alza. Clasificación: seguimiento.","ORIGIN ENE FPO [ORG] está un 16.1% por debajo de su máximo 52s. Fundamentalmente sólida con ROE 10.2%, deuda neta/EBITDA 3.0x. Técnicamente 🟢 Divergencia alcista RSI, 🟢 MACD semanal girando al alza. Clasificación: seguimiento.",OK,
0012.HK,HENDERSON LAND,ASIA,1.0,script-v2.0,1.0,2026-08-04T10:30:33.487884+02:00,57.8,53.4,55.0,52.0,0.0,1.0,71.0,44.0,27.0,9373777.0,31.25,102.2,,65.38,19.4,-0.5879,True,56.4,72.9,False,29.3,-4.4,True,False,False,Sin señales de recuperación,pass,descarte,pendiente,0.0,desconocido,Pendiente de implementar,ausente,dividend_maintained (baja): Dividendo actual 4.50% con caída del 21.4%,fuerte,descarte,27.29,27.36,27.29 - 27.36,29.15,30.31,29.15 - 30.31,Pérdida del soporte en 27.36 | ROE negativo durante 2 trimestres consecutivos | Ampliación de capital dilutiva | Recorte de rating a bono basura,6-12,"HENDERSON LAND está un 21.4% por debajo de su máximo 52s. Fundamentalmente aceptable con ROE 1.9%, deuda neta/EBITDA 31.2x. Técnicamente 🟢 Divergencia alcista RSI, 🟢 Cerca de soporte. Clasificación: descarte.","HENDERSON LAND está un 21.4% por debajo de su máximo 52s. Fundamentalmente aceptable con ROE 1.9%, deuda neta/EBITDA 31.2x. Técnicamente 🟢 Divergencia alcista RSI, 🟢 Cerca de soporte. Clasificación: descarte.",OK,
SHEL.L,SHELL PLC ORD EUR0.07,EUROSTOXX,1.0,script-v2.0,1.0,2026-08-04T10:28:31.224150+02:00,57.7,64.9,98.0,36.0,0.0,12.0,36.0,24.0,12.0,9599397.0,0.72,-3.4,9.3,4.04,9.1,73.7029,False,99.2,95.6,False,3045.26,12.2,True,False,True,,pass,pendiente_confirmacion,pendiente,0.0,desconocido,Pendiente de implementar,confirmada,margin_stabilization (media): Margen gross 19.5% vs 19.3% (+0.2 pp) | eps_stabilization (media): EPS 1.92 vs 1.00 (Diluted EPS) | debt_reduction (alta): Deuda 73076.0M vs 75644.0M | dividend_maintained (baja): Dividendo actual 0.03% con caída del 9.1%,incompleto,pendiente_confirmacion,3130.46,3166.42,3130.46 - 3166.42,3023.3,3194.72,3023.30 - 3194.72,Pérdida del soporte en 3166.42 | ROE negativo durante 2 trimestres consecutivos | Ampliación de capital dilutiva | Recorte de rating a bono basura,6-12,"SHELL PLC ORD EUR0.07 está un 9.1% por debajo de su máximo 52s. Fundamentalmente sólida con ROE 14.3%, deuda neta/EBITDA 0.7x. Técnicamente 🟢 Divergencia alcista RSI, 🟢 base_pattern_detected. Clasificación: pendiente_confirmacion.","SHELL PLC ORD EUR0.07 está un 9.1% por debajo de su máximo 52s. Fundamentalmente sólida con ROE 14.3%, deuda neta/EBITDA 0.7x. Técnicamente 🟢 Divergencia alcista RSI, 🟢 base_pattern_detected. Clasificación: pendiente_confirmacion.",OK,
REN.AS,RELX,EUROSTOXX,1.0,script-v2.0,1.0,2026-08-04T10:28:08.934391+02:00,57.6,51.9,70.0,36.0,0.0,7.0,75.0,42.0,33.0,1257995.0,2.64,22.6,,19.15,36.0,-0.4812,True,56.8,70.6,False,30.46,2.7,True,True,False,,pass,descarte,pendiente,0.0,desconocido,Pendiente de implementar,parcial,"eps_stabilization (media): EPS 1.12 vs 1.03 (annual_eps_fallback) | dividend_maintained (baja): Dividendo actual 2.56% con caída del 30.6% | analyst_upgrade (media): Target 47.15 vs precio 31.28 (+51%), recMean 1.00, recKey strong_buy",fuerte,descarte,28.91,29.95,28.91 - 29.95,30.9,38.3,30.90 - 38.30,Pérdida del soporte en 29.95 | ROE negativo durante 2 trimestres consecutivos | Ampliación de capital dilutiva | Recorte de rating a bono basura,12-18,"RELX está un 30.6% por debajo de su máximo 52s. Fundamentalmente aceptable con ROE 131.9%, deuda neta/EBITDA 2.6x. Técnicamente 🟢 Divergencia alcista RSI, 🟢 Cerca de soporte. Clasificación: descarte.","RELX está un 30.6% por debajo de su máximo 52s. Fundamentalmente aceptable con ROE 131.9%, deuda neta/EBITDA 2.6x. Técnicamente 🟢 Divergencia alcista RSI, 🟢 Cerca de soporte. Clasificación: descarte.",OK,
GALP.LS,GALP ENERGIA-NOM,EUROSTOXX,1.0,script-v2.0,1.0,2026-08-04T10:28:24.885908+02:00,56.5,54.7,100.0,15.0,0.0,7.0,62.0,44.0,18.0,1930815.0,0.68,5.4,15.5,5.28,9.1,0.5178,False,53.9,50.9,False,18.05,10.2,True,True,False,,pass,descarte,pendiente,0.0,desconocido,Pendiente de implementar,parcial,margin_stabilization (media): Margen gross 19.6% vs 15.6% (+4.0 pp) | eps_stabilization (media): EPS 0.95 vs -0.15 (Diluted EPS) | dividend_maintained (baja): Dividendo actual 3.32% con caída del 10.6%,razonable,descarte,18.44,19.12,18.44 - 19.12,17.97,18.92,17.97 - 18.92,Pérdida del soporte en 18.44 | ROE negativo durante 2 trimestres consecutivos | Ampliación de capital dilutiva | Recorte de rating a bono basura,6-12,"GALP ENERGIA-NOM está un 10.6% por debajo de su máximo 52s. Fundamentalmente aceptable con ROE 24.9%, deuda neta/EBITDA 0.7x. Técnicamente 🟢 Divergencia alcista RSI, 🟢 Cruce alcista MACD. Clasificación: descarte.","GALP ENERGIA-NOM está un 10.6% por debajo de su máximo 52s. Fundamentalmente aceptable con ROE 24.9%, deuda neta/EBITDA 0.7x. Técnicamente 🟢 Divergencia alcista RSI, 🟢 Cruce alcista MACD. Clasificación: descarte.",OK,
CPB,The Campbell's Company,SP500,1.0,script-v2.0,1.0,2026-08-04T10:29:42.761099+02:00,56.2,59.3,79.0,42.0,0.0,4.0,47.0,35.0,12.0,8649112.0,4.07,3.7,0.4,7.98,,-0.8637,False,,,False,24.12,,True,False,False,Sin señales de recuperación,pass,descarte,pendiente,0.0,desconocido,Pendiente de implementar,ausente,margin_stabilization (media): Margen gross 27.5% vs 28.0% (-0.5 pp) | dividend_maintained (baja): Dividendo actual 6.97%,razonable,descarte,,,,29.04,29.04,29.04,ROE negativo durante 2 trimestres consecutivos | Ampliación de capital dilutiva | Recorte de rating a bono basura,12-18,"The Campbell's Company está un N/D por debajo de su máximo 52s. Fundamentalmente aceptable con ROE 15.4%, deuda neta/EBITDA 4.1x. Técnicamente 🟢 Cruce alcista MACD, 🟢 base_pattern_detected. Clasificación: descarte.","The Campbell's Company está un N/D por debajo de su máximo 52s. Fundamentalmente aceptable con ROE 15.4%, deuda neta/EBITDA 4.1x. Técnicamente 🟢 Cruce alcista MACD, 🟢 base_pattern_detected. Clasificación: descarte.",OK,
SSE.L,SSE PLC ORD 50P,EUROSTOXX,1.0,script-v2.0,1.0,2026-08-04T10:28:40.847097+02:00,55.9,53.8,89.0,23.0,0.0,6.0,62.0,45.0,17.0,4061939.0,3.17,-2.8,,13.88,14.4,12.0079,False,29.4,31.5,False,2409.01,-1.6,True,False,False,,pass,descarte,pendiente,0.0,desconocido,Pendiente de implementar,parcial,debt_reduction (alta): Deuda 10170.4M vs 10467.9M | dividend_maintained (baja): Dividendo actual 0.03% con caída del 14.4%,razonable,descarte,2251.03,2369.5,2251.03 - 2369.50,2352.38,2379.74,2352.38 - 2379.74,Pérdida del soporte en 2251.03 | ROE negativo durante 2 trimestres consecutivos | Ampliación de capital dilutiva | Recorte de rating a bono basura,6-12,"SSE PLC ORD 50P está un 14.4% por debajo de su máximo 52s. Fundamentalmente aceptable con ROE 9.7%, deuda neta/EBITDA 3.2x. Técnicamente 🟢 Divergencia alcista RSI, 🟡 MACD convergiendo. Clasificación: descarte.","SSE PLC ORD 50P está un 14.4% por debajo de su máximo 52s. Fundamentalmente aceptable con ROE 9.7%, deuda neta/EBITDA 3.2x. Técnicamente 🟢 Divergencia alcista RSI, 🟡 MACD convergiendo. Clasificación: descarte.",OK,
LOW,"Lowe's Companies, Inc.",SP500,1.0,script-v2.0,1.0,2026-08-04T10:29:01.901857+02:00,55.8,55.7,77.0,37.0,0.0,15.0,56.0,44.0,12.0,3113161.0,3.32,-4.7,0.0,12.76,,-9.0803,False,,,False,236.73,,True,False,False,,pass,descarte,pendiente,0.0,desconocido,Pendiente de implementar,confirmada,"margin_stabilization (media): Margen gross 32.7% vs 32.5% (+0.2 pp) | eps_stabilization (media): EPS 2.90 vs 1.78 (Diluted EPS) | debt_reduction (alta): Deuda 42556.0M vs 44677.0M | dividend_maintained (baja): Dividendo actual 2.36% | analyst_upgrade (media): Target 262.91 vs precio 212.06 (+24%), recMean 1.80, recKey buy",razonable,descarte,,,,249.1,249.1,249.10,ROE negativo durante 2 trimestres consecutivos | Ampliación de capital dilutiva | Recorte de rating a bono basura,12-18,"Lowe's Companies, Inc. está un N/D por debajo de su máximo 52s. Fundamentalmente aceptable con deuda neta/EBITDA 3.3x, dividendo 2.4%. Técnicamente 🟢 Divergencia alcista RSI, 🟢 Cruce alcista MACD. Clasificación: descarte.","Lowe's Companies, Inc. está un N/D por debajo de su máximo 52s. Fundamentalmente aceptable con deuda neta/EBITDA 3.3x, dividendo 2.4%. Técnicamente 🟢 Divergencia alcista RSI, 🟢 Cruce alcista MACD. Clasificación: descarte.",OK,
051910.KS,LGCHEM,ASIA,1.0,script-v2.0,1.0,2026-08-04T10:30:41.275879+02:00,55.5,56.3,51.0,61.0,0.0,7.0,53.0,53.0,0.0,324284.0,5.68,5.5,-0.8,12.8,41.4,-21226.2941,False,66.3,58.2,False,334795.84,-23.4,False,False,False,,pass,descarte,pendiente,0.0,desconocido,Pendiente de implementar,parcial,"margin_stabilization (media): Margen gross 18.9% vs 13.4% (+5.5 pp) | dividend_maintained (baja): Dividendo actual 0.78% con caída del 41.4% | analyst_upgrade (media): Target 421400.00 vs precio 256500.00 (+64%), recMean 1.72, recKey buy",razonable,descarte,247833.33,256500.0,247833.33 - 256500.00,337955.51,371875.0,337955.51 - 371875.00,Pérdida del soporte en 247833.33 | ROE negativo durante 2 trimestres consecutivos | Ampliación de capital dilutiva | Recorte de rating a bono basura,18-24,"LGCHEM está un 41.4% por debajo de su máximo 52s. Fundamentalmente aceptable con ROE -5.9%, deuda neta/EBITDA 5.7x. Técnicamente 🟢 Divergencia alcista RSI, 🟢 Cerca de soporte. Clasificación: descarte.","LGCHEM está un 41.4% por debajo de su máximo 52s. Fundamentalmente aceptable con ROE -5.9%, deuda neta/EBITDA 5.7x. Técnicamente 🟢 Divergencia alcista RSI, 🟢 Cerca de soporte. Clasificación: descarte.",OK,
0388.HK,HKEX,ASIA,1.0,script-v2.0,1.0,2026-08-04T10:30:36.040438+02:00,55.4,52.6,91.0,19.0,0.0,7.0,64.0,37.0,27.0,4590568.0,-13.33,39.6,16.6,9.14,9.9,-2.4575,True,86.8,92.8,False,403.21,1.2,True,False,False,,pass,descarte,pendiente,0.0,desconocido,Pendiente de implementar,parcial,"eps_stabilization (media): EPS 4.09 vs 3.22 (Diluted EPS) | dividend_maintained (baja): Dividendo actual 3.20% con caída del 12.4% | analyst_upgrade (media): Target 515.29 vs precio 408.00 (+26%), recMean 1.42, recKey strong_buy",razonable,descarte,389.88,391.22,389.88 - 391.22,396.1,406.06,396.10 - 406.06,Pérdida del soporte en 391.22 | ROE negativo durante 2 trimestres consecutivos | Ampliación de capital dilutiva | Recorte de rating a bono basura,6-12,"HKEX está un 12.4% por debajo de su máximo 52s. Fundamentalmente aceptable con ROE 35.0%, deuda neta/EBITDA -13.3x. Técnicamente 🟢 Divergencia alcista RSI, 🟢 Cerca de soporte. Clasificación: descarte.","HKEX está un 12.4% por debajo de su máximo 52s. Fundamentalmente aceptable con ROE 35.0%, deuda neta/EBITDA -13.3x. Técnicamente 🟢 Divergencia alcista RSI, 🟢 Cerca de soporte. Clasificación: descarte.",OK,
9433.T,KDDI CORPORATION,ASIA,1.0,script-v2.0,1.0,2026-08-04T10:30:15.982084+02:00,55.4,59.5,99.0,25.0,0.0,9.0,43.0,25.0,18.0,9463700.0,2.46,-0.4,,9.08,7.9,74.4589,False,17.8,28.8,False,2676.07,7.4,True,True,True,,pass,pendiente_confirmacion,pendiente,0.0,desconocido,Pendiente de implementar,parcial,eps_stabilization (media): EPS 183.55 vs 169.28 (annual_eps_fallback) | debt_reduction (alta): Deuda 5375349.8M vs 5397863.0M | dividend_maintained (baja): Dividendo actual 2.92% con caída del 7.9%,incompleto,pendiente_confirmacion,2775.59,2820.0,2775.59 - 2820.00,2646.56,2652.85,2646.56 - 2652.85,Pérdida del soporte en 2820.00 | ROE negativo durante 2 trimestres consecutivos | Ampliación de capital dilutiva | Recorte de rating a bono basura,6-12,"KDDI CORPORATION está un 7.9% por debajo de su máximo 52s. Fundamentalmente aceptable con ROE 14.0%, deuda neta/EBITDA 2.5x. Técnicamente 🟢 Cerca de soporte, 🟢 base_pattern_detected. Clasificación: pendiente_confirmacion.","KDDI CORPORATION está un 7.9% por debajo de su máximo 52s. Fundamentalmente aceptable con ROE 14.0%, deuda neta/EBITDA 2.5x. Técnicamente 🟢 Cerca de soporte, 🟢 base_pattern_detected. Clasificación: pendiente_confirmacion.",OK,
EOAN.DE,E.ON SE                       N,EUROSTOXX,1.0,script-v2.0,1.0,2026-08-04T10:27:32.835785+02:00,55.3,60.7,97.0,29.0,0.0,4.0,39.0,21.0,18.0,4089442.0,3.92,,-0.9,9.79,2.6,0.5348,False,55.2,23.0,False,17.6,9.5,True,True,True,Sin señales de recuperación,pass,seguimiento,pendiente,0.0,desconocido,Pendiente de implementar,ausente,eps_stabilization (media): EPS 0.85 vs -0.02 (Diluted EPS) | dividend_maintained (baja): Dividendo actual 2.96% con caída del 5.5%,incompleto,seguimiento,17.9,18.56,17.90 - 18.56,17.33,17.43,17.33 - 17.43,Pérdida del soporte en 17.90 | ROE negativo durante 2 trimestres consecutivos | Ampliación de capital dilutiva | Recorte de rating a bono basura,6-12,"E.ON SE                       N está un 5.5% por debajo de su máximo 52s. Fundamentalmente sólida con ROE 15.4%, deuda neta/EBITDA 3.9x. Técnicamente 🟡 MACD convergiendo, 🟢 base_pattern_detected. Clasificación: seguimiento.","E.ON SE                       N está un 5.5% por debajo de su máximo 52s. Fundamentalmente sólida con ROE 15.4%, deuda neta/EBITDA 3.9x. Técnicamente 🟡 MACD convergiendo, 🟢 base_pattern_detected. Clasificación: seguimiento.",OK,
PUB.PA,PUBLICIS GROUPE SA,EUROSTOXX,1.0,script-v2.0,1.0,2026-08-04T10:28:03.304259+02:00,55.2,60.0,100.0,25.0,0.0,6.0,41.0,35.0,6.0,681544.0,1.14,-3.7,,9.14,6.9,3.7886,False,78.2,82.0,False,79.86,17.3,False,True,True,,pass,pendiente_confirmacion,pendiente,0.0,desconocido,Pendiente de implementar,parcial,debt_reduction (alta): Deuda 5450.0M vs 5661.0M | dividend_maintained (baja): Dividendo actual 4.00% con caída del 2.5%,incompleto,pendiente_confirmacion,83.61,85.72,83.61 - 85.72,79.56,81.63,79.56 - 81.63,Pérdida del soporte en 83.61 | ROE negativo durante 2 trimestres consecutivos | Ampliación de capital dilutiva | Recorte de rating a bono basura,6-12,"PUBLICIS GROUPE SA está un 2.5% por debajo de su máximo 52s. Fundamentalmente aceptable con ROE 16.2%, deuda neta/EBITDA 1.1x. Técnicamente 🟢 Cruce alcista MACD, 🟡 trendline_break. Clasificación: pendiente_confirmacion.","PUBLICIS GROUPE SA está un 2.5% por debajo de su máximo 52s. Fundamentalmente aceptable con ROE 16.2%, deuda neta/EBITDA 1.1x. Técnicamente 🟢 Cruce alcista MACD, 🟡 trendline_break. Clasificación: pendiente_confirmacion.",OK,
QCOM,QUALCOMM Incorporated,SP500,1.0,script-v2.0,1.0,2026-08-04T10:29:50.306626+02:00,55.1,55.2,100.0,16.0,0.0,9.0,55.0,55.0,0.0,21664000.0,0.58,-0.0,0.0,13.84,,3.9409,False,,,False,168.59,,False,False,False,,pass,descarte,pendiente,0.0,desconocido,Pendiente de implementar,parcial,"debt_reduction (alta): Deuda 15270.0M vs 15270.0M | dividend_maintained (baja): Dividendo actual 2.43% | analyst_upgrade (media): Target 196.27 vs precio 151.57 (+29%), recMean 2.57, recKey hold",razonable,descarte,,,,220.93,220.93,220.93,ROE negativo durante 2 trimestres consecutivos | Ampliación de capital dilutiva | Recorte de rating a bono basura,12-18,"QUALCOMM Incorporated está un N/D por debajo de su máximo 52s. Fundamentalmente aceptable con ROE 33.8%, deuda neta/EBITDA 0.6x. Técnicamente 🔵 RSI en sobreventa, 🟡 MACD convergiendo. Clasificación: descarte.","QUALCOMM Incorporated está un N/D por debajo de su máximo 52s. Fundamentalmente aceptable con ROE 33.8%, deuda neta/EBITDA 0.6x. Técnicamente 🔵 RSI en sobreventa, 🟡 MACD convergiendo. Clasificación: descarte.",OK,
KPN.AS,KPN KON,EUROSTOXX,1.0,script-v2.0,1.0,2026-08-04T10:28:06.871284+02:00,55.0,51.3,71.0,34.0,0.0,4.0,66.0,61.0,5.0,10447099.0,2.85,3.9,-15.1,9.31,13.3,-0.0187,False,8.2,37.5,False,4.2,-2.8,False,False,False,Sin señales de recuperación,pass,descarte,pendiente,0.0,desconocido,Pendiente de implementar,ausente,margin_stabilization (media): Margen gross 67.9% vs 68.1% (-0.2 pp) | dividend_maintained (baja): Dividendo actual 4.66% con caída del 16.9%,razonable,descarte,3.88,4.08,3.88 - 4.08,4.17,4.18,4.17 - 4.18,Pérdida del soporte en 3.88 | ROE negativo durante 2 trimestres consecutivos | Ampliación de capital dilutiva | Recorte de rating a bono basura,6-12,"KPN KON está un 16.9% por debajo de su máximo 52s. Fundamentalmente aceptable con ROE 26.1%, deuda neta/EBITDA 2.9x. Técnicamente 🟢 Divergencia alcista RSI, 🟢 Cruce alcista MACD. Clasificación: descarte.","KPN KON está un 16.9% por debajo de su máximo 52s. Fundamentalmente aceptable con ROE 26.1%, deuda neta/EBITDA 2.9x. Técnicamente 🟢 Divergencia alcista RSI, 🟢 Cruce alcista MACD. Clasificación: descarte.",OK,
T,AT&T Inc.,SP500,1.0,script-v2.0,1.0,2026-08-04T10:28:51.095988+02:00,54.9,61.8,89.0,38.0,0.0,10.0,34.0,24.0,10.0,62443782.0,3.3,5.4,-0.1,7.29,,-0.8982,True,,,False,24.67,,False,False,True,,pass,pendiente_confirmacion,pendiente,0.0,desconocido,Pendiente de implementar,parcial,"margin_stabilization (media): Margen gross 61.8% vs 60.1% (+1.7 pp) | eps_stabilization (media): EPS 0.66 vs 0.54 (Diluted EPS) | dividend_maintained (baja): Dividendo actual 4.71% | analyst_upgrade (media): Target 28.71 vs precio 23.59 (+22%), recMean 2.04, recKey buy",incompleto,pendiente_confirmacion,,,,25.32,25.32,25.32,ROE negativo durante 2 trimestres consecutivos | Ampliación de capital dilutiva | Recorte de rating a bono basura,12-18,"AT&T Inc. está un N/D por debajo de su máximo 52s. Fundamentalmente sólida con ROE 18.3%, deuda neta/EBITDA 3.3x. Técnicamente 🟢 Divergencia alcista RSI, 🟢 MACD semanal girando al alza. Clasificación: pendiente_confirmacion.","AT&T Inc. está un N/D por debajo de su máximo 52s. Fundamentalmente sólida con ROE 18.3%, deuda neta/EBITDA 3.3x. Técnicamente 🟢 Divergencia alcista RSI, 🟢 MACD semanal girando al alza. Clasificación: pendiente_confirmacion.",OK,
EN.PA,BOUYGUES,EUROSTOXX,1.0,script-v2.0,1.0,2026-08-04T10:27:51.595624+02:00,54.6,52.9,87.0,23.0,0.0,15.0,60.0,48.0,12.0,854163.0,2.15,-2.7,0.5,6.66,7.3,0.9593,False,88.3,62.1,False,46.62,5.8,True,False,False,,pass,descarte,pendiente,0.0,desconocido,Pendiente de implementar,confirmada,"margin_stabilization (media): Margen gross 57.6% vs 57.8% (-0.2 pp) | eps_stabilization (media): EPS 0.98 vs -0.24 (Diluted EPS) | debt_reduction (alta): Deuda 14707.0M vs 15110.0M | dividend_maintained (baja): Dividendo actual 4.26% con caída del 7.8% | analyst_upgrade (media): Target 59.33 vs precio 49.33 (+20%), recMean 2.10, recKey buy",razonable,descarte,48.03,48.79,48.03 - 48.79,45.46,46.05,45.46 - 46.05,Pérdida del soporte en 48.03 | ROE negativo durante 2 trimestres consecutivos | Ampliación de capital dilutiva | Recorte de rating a bono basura,6-12,"BOUYGUES está un 7.8% por debajo de su máximo 52s. Fundamentalmente aceptable con ROE 9.7%, deuda neta/EBITDA 2.1x. Técnicamente 🟢 Divergencia alcista RSI, 🟢 Cruce alcista MACD. Clasificación: descarte.","BOUYGUES está un 7.8% por debajo de su máximo 52s. Fundamentalmente aceptable con ROE 9.7%, deuda neta/EBITDA 2.1x. Técnicamente 🟢 Divergencia alcista RSI, 🟢 Cruce alcista MACD. Clasificación: descarte.",OK,
GILD,"Gilead Sciences, Inc.",SP500,1.0,script-v2.0,1.0,2026-08-04T10:29:26.991112+02:00,54.5,55.7,100.0,17.0,0.0,9.0,51.0,39.0,12.0,7585804.0,0.84,-11.1,0.0,11.88,,0.0431,False,,,False,131.04,,True,False,False,,pass,descarte,pendiente,0.0,desconocido,Pendiente de implementar,parcial,margin_stabilization (media): Margen gross 79.2% vs 79.5% (-0.3 pp) | debt_reduction (alta): Deuda 22174.0M vs 24936.0M | dividend_maintained (baja): Dividendo actual 2.50%,razonable,descarte,,,,133.7,133.7,133.70,ROE negativo durante 2 trimestres consecutivos | Ampliación de capital dilutiva | Recorte de rating a bono basura,12-18,"Gilead Sciences, Inc. está un N/D por debajo de su máximo 52s. Fundamentalmente aceptable con ROE 43.4%, deuda neta/EBITDA 0.8x. Técnicamente 🟢 Divergencia alcista RSI, 🟡 MACD convergiendo. Clasificación: descarte.","Gilead Sciences, Inc. está un N/D por debajo de su máximo 52s. Fundamentalmente aceptable con ROE 43.4%, deuda neta/EBITDA 0.8x. Técnicamente 🟢 Divergencia alcista RSI, 🟡 MACD convergiendo. Clasificación: descarte.",OK,
ORA.PA,ORANGE,EUROSTOXX,1.0,script-v2.0,1.0,2026-08-04T10:27:56.684858+02:00,54.5,61.7,83.0,43.0,0.0,1.0,33.0,33.0,0.0,4534617.0,3.74,654.5,,7.66,9.9,0.2419,False,32.7,68.3,False,15.97,3.4,False,False,True,Sin señales de recuperación,pass,seguimiento,pendiente,0.0,desconocido,Pendiente de implementar,ausente,dividend_maintained (baja): Dividendo actual 4.54% con caída del 12.2%,incompleto,seguimiento,15.69,16.52,15.69 - 16.52,15.8,15.98,15.80 - 15.98,Pérdida del soporte en 15.69 | ROE negativo durante 2 trimestres consecutivos | Ampliación de capital dilutiva | Recorte de rating a bono basura,6-12,"ORANGE está un 12.2% por debajo de su máximo 52s. Fundamentalmente sólida con ROE 14.2%, deuda neta/EBITDA 3.7x. Técnicamente 🟢 Divergencia alcista RSI. Clasificación: seguimiento.","ORANGE está un 12.2% por debajo de su máximo 52s. Fundamentalmente sólida con ROE 14.2%, deuda neta/EBITDA 3.7x. Técnicamente 🟢 Divergencia alcista RSI. Clasificación: seguimiento.",OK,
LR.PA,LEGRAND,EUROSTOXX,1.0,script-v2.0,1.0,2026-08-04T10:27:53.654384+02:00,54.5,53.3,81.0,29.0,0.0,7.0,58.0,41.0,17.0,627009.0,2.59,16.8,-0.2,18.51,16.7,-0.0769,False,63.1,35.3,False,137.04,-0.1,True,False,False,,pass,descarte,pendiente,0.0,desconocido,Pendiente de implementar,parcial,margin_stabilization (media): Margen gross 50.5% vs 50.5% (-0.1 pp) | eps_stabilization (media): EPS 1.26 vs 1.12 (Diluted EPS) | dividend_maintained (baja): Dividendo actual 1.74% con caída del 18.0%,razonable,descarte,130.05,136.9,130.05 - 136.90,137.9,141.91,137.90 - 141.91,Pérdida del soporte en 130.05 | ROE negativo durante 2 trimestres consecutivos | Ampliación de capital dilutiva | Recorte de rating a bono basura,6-12,"LEGRAND está un 18.0% por debajo de su máximo 52s. Fundamentalmente aceptable con ROE 18.2%, deuda neta/EBITDA 2.6x. Técnicamente 🟡 MACD convergiendo, 🟡 Apoyo en MA40 semanal. Clasificación: descarte.","LEGRAND está un 18.0% por debajo de su máximo 52s. Fundamentalmente aceptable con ROE 18.2%, deuda neta/EBITDA 2.6x. Técnicamente 🟡 MACD convergiendo, 🟡 Apoyo en MA40 semanal. Clasificación: descarte.",OK,
HEIA.AS,HEINEKEN,EUROSTOXX,1.0,script-v2.0,1.0,2026-08-04T10:28:05.922373+02:00,54.3,53.5,86.0,25.0,0.0,4.0,57.0,39.0,18.0,837047.0,2.63,9.6,,10.98,5.0,2.0987,False,54.1,77.7,False,70.83,9.7,True,True,False,Sin señales de recuperación,pass,descarte,pendiente,0.0,desconocido,Pendiente de implementar,ausente,eps_stabilization (media): EPS 3.38 vs 1.74 (annual_eps_fallback) | dividend_maintained (baja): Dividendo actual 2.45% con caída del 3.2%,razonable,descarte,73.01,75.42,73.01 - 75.42,68.2,70.37,68.20 - 70.37,Pérdida del soporte en 75.42 | ROE negativo durante 2 trimestres consecutivos | Ampliación de capital dilutiva | Recorte de rating a bono basura,6-12,"HEINEKEN está un 3.2% por debajo de su máximo 52s. Fundamentalmente aceptable con ROE 9.9%, deuda neta/EBITDA 2.6x. Técnicamente 🟢 Cruce alcista MACD, 🟢 Cerca de soporte. Clasificación: descarte.","HEINEKEN está un 3.2% por debajo de su máximo 52s. Fundamentalmente aceptable con ROE 9.9%, deuda neta/EBITDA 2.6x. Técnicamente 🟢 Cruce alcista MACD, 🟢 Cerca de soporte. Clasificación: descarte.",OK,
DGE.L,DIAGEO PLC ORD 28 101/108P,EUROSTOXX,1.0,script-v2.0,1.0,2026-08-04T10:28:42.112869+02:00,54.2,55.0,79.0,34.0,0.0,6.0,52.0,19.0,33.0,5149292.0,3.57,-0.5,,9.86,39.0,-11.8474,True,70.4,77.3,False,1595.8,2.2,True,True,False,,pass,descarte,pendiente,0.0,desconocido,Pendiente de implementar,parcial,debt_reduction (alta): Deuda 24290.0M vs 24401.0M | dividend_maintained (baja): Dividendo actual 0.04% con caída del 23.8%,razonable,descarte,1454.16,1545.73,1454.16 - 1545.73,1606.05,1820.7,1606.05 - 1820.70,Pérdida del soporte en 1454.16 | ROE negativo durante 2 trimestres consecutivos | Ampliación de capital dilutiva | Recorte de rating a bono basura,6-12,"DIAGEO PLC ORD 28 101/108P está un 23.8% por debajo de su máximo 52s. Fundamentalmente aceptable con ROE 19.7%, deuda neta/EBITDA 3.6x. Técnicamente 🟢 MACD semanal girando al alza, 🟡 Apoyo en MA40 semanal. Clasificación: descarte.","DIAGEO PLC ORD 28 101/108P está un 23.8% por debajo de su máximo 52s. Fundamentalmente aceptable con ROE 19.7%, deuda neta/EBITDA 3.6x. Técnicamente 🟢 MACD semanal girando al alza, 🟡 Apoyo en MA40 semanal. Clasificación: descarte.",OK,
EDP.LS,"EDP, SA",EUROSTOXX,1.0,script-v2.0,1.0,2026-08-04T10:28:22.327071+02:00,54.2,54.7,84.0,29.0,0.0,7.0,53.0,35.0,18.0,8926505.0,5.11,1.1,3.8,10.97,4.5,0.124,False,32.4,20.8,False,4.17,7.5,True,True,False,,pass,descarte,pendiente,0.0,desconocido,Pendiente de implementar,parcial,margin_stabilization (media): Margen gross 40.0% vs 33.9% (+6.1 pp) | eps_stabilization (media): EPS 0.09 vs 0.06 (Diluted EPS) | dividend_maintained (baja): Dividendo actual 4.69% con caída del 6.1%,razonable,descarte,4.33,4.48,4.33 - 4.48,4.05,4.17,4.05 - 4.17,Pérdida del soporte en 4.33 | ROE negativo durante 2 trimestres consecutivos | Ampliación de capital dilutiva | Recorte de rating a bono basura,6-12,"EDP, SA está un 6.1% por debajo de su máximo 52s. Fundamentalmente aceptable con ROE 8.9%, deuda neta/EBITDA 5.1x. Técnicamente 🟡 MACD convergiendo, 🟢 Cerca de soporte. Clasificación: descarte.","EDP, SA está un 6.1% por debajo de su máximo 52s. Fundamentalmente aceptable con ROE 8.9%, deuda neta/EBITDA 5.1x. Técnicamente 🟡 MACD convergiendo, 🟢 Cerca de soporte. Clasificación: descarte.",OK,
PRY.MI,PRYSMIAN,EUROSTOXX,1.0,script-v2.0,1.0,2026-08-04T10:28:18.300446+02:00,54.2,52.7,98.0,13.0,0.0,7.0,59.0,59.0,0.0,1205086.0,1.59,5.3,0.3,15.08,22.3,6.8034,False,42.5,27.2,False,111.97,9.1,False,False,False,,pass,descarte,pendiente,0.0,desconocido,Pendiente de implementar,parcial,"eps_stabilization (media): EPS 0.80 vs 0.52 (Diluted EPS) | dividend_maintained (baja): Dividendo actual 0.74% con caída del 22.3% | analyst_upgrade (media): Target 151.72 vs precio 122.20 (+24%), recMean 1.78, recKey buy",razonable,descarte,117.21,122.2,117.21 - 122.20,110.42,133.66,110.42 - 133.66,Pérdida del soporte en 117.21 | ROE negativo durante 2 trimestres consecutivos | Ampliación de capital dilutiva | Recorte de rating a bono basura,6-12,"PRYSMIAN está un 22.3% por debajo de su máximo 52s. Fundamentalmente aceptable con ROE 22.4%, deuda neta/EBITDA 1.6x. Técnicamente 🔵 RSI recuperándose de sobreventa, 🟡 MACD convergiendo. Clasificación: descarte.","PRYSMIAN está un 22.3% por debajo de su máximo 52s. Fundamentalmente aceptable con ROE 22.4%, deuda neta/EBITDA 1.6x. Técnicamente 🔵 RSI recuperándose de sobreventa, 🟡 MACD convergiendo. Clasificación: descarte.",OK,
ED,"Consolidated Edison, Inc.",SP500,1.0,script-v2.0,1.0,2026-08-04T10:29:01.019771+02:00,54.0,56.1,95.0,22.0,0.0,12.0,48.0,36.0,12.0,2459514.0,4.49,-4.2,0.2,11.1,,1.7358,False,,,False,105.79,,True,False,False,,pass,descarte,pendiente,0.0,desconocido,Pendiente de implementar,confirmada,margin_stabilization (media): Margen gross 54.6% vs 51.1% (+3.5 pp) | eps_stabilization (media): EPS 2.54 vs 0.82 (Diluted EPS) | debt_reduction (alta): Deuda 27177.0M vs 28376.0M | dividend_maintained (baja): Dividendo actual 3.25%,razonable,descarte,,,,98.8,98.8,98.80,ROE negativo durante 2 trimestres consecutivos | Ampliación de capital dilutiva | Recorte de rating a bono basura,12-18,"Consolidated Edison, Inc. está un N/D por debajo de su máximo 52s. Fundamentalmente aceptable con ROE 8.7%, deuda neta/EBITDA 4.5x. Técnicamente 🟡 MACD convergiendo, 🟢 base_pattern_detected. Clasificación: descarte.","Consolidated Edison, Inc. está un N/D por debajo de su máximo 52s. Fundamentalmente aceptable con ROE 8.7%, deuda neta/EBITDA 4.5x. Técnicamente 🟡 MACD convergiendo, 🟢 base_pattern_detected. Clasificación: descarte.",OK,
QBE.AX,QBE INSUR. FPO [QBE],ASX,1.0,script-v2.0,1.0,2026-08-04T10:30:03.230044+02:00,53.9,61.5,94.0,33.0,0.0,4.0,31.0,25.0,6.0,3227858.0,-0.19,35.8,,11.8,3.5,1.1662,False,39.1,33.6,False,21.46,16.2,False,True,True,Sin señales de recuperación,pass,seguimiento,pendiente,0.0,desconocido,Pendiente de implementar,ausente,eps_stabilization (media): EPS 1.42 vs 1.19 (annual_eps_fallback) | dividend_maintained (baja): Dividendo actual 4.37% con caída del 3.5%,incompleto,seguimiento,24.36,24.48,24.36 - 24.48,21.3,21.96,21.30 - 21.96,Pérdida del soporte en 24.48 | ROE negativo durante 2 trimestres consecutivos | Ampliación de capital dilutiva | Recorte de rating a bono basura,6-12,"QBE INSUR. FPO [QBE] está un 3.5% por debajo de su máximo 52s. Fundamentalmente sólida con ROE 19.3%, deuda neta/EBITDA -0.2x. Técnicamente 🟢 Cerca de soporte, 🟡 trendline_break. Clasificación: seguimiento.","QBE INSUR. FPO [QBE] está un 3.5% por debajo de su máximo 52s. Fundamentalmente sólida con ROE 19.3%, deuda neta/EBITDA -0.2x. Técnicamente 🟢 Cerca de soporte, 🟡 trendline_break. Clasificación: seguimiento.",OK,
OR.PA,L'OREAL,EUROSTOXX,1.0,script-v2.0,1.0,2026-08-04T10:27:54.421182+02:00,53.4,50.6,97.0,10.0,0.0,1.0,62.0,44.0,18.0,410558.0,1.22,89.3,,21.26,4.4,5.4693,False,50.0,69.1,False,368.96,4.0,True,True,False,Sin señales de recuperación,pass,descarte,pendiente,0.0,desconocido,Pendiente de implementar,ausente,dividend_maintained (baja): Dividendo actual 1.88% con caída del 6.1%,razonable,descarte,357.55,381.2,357.55 - 381.20,347.1,367.79,347.10 - 367.79,Pérdida del soporte en 357.55 | ROE negativo durante 2 trimestres consecutivos | Ampliación de capital dilutiva | Recorte de rating a bono basura,6-12,"L'OREAL está un 6.1% por debajo de su máximo 52s. Fundamentalmente aceptable con ROE 19.4%, deuda neta/EBITDA 1.2x. Técnicamente 🟢 Cruce alcista MACD, 🟢 base_pattern_detected. Clasificación: descarte.","L'OREAL está un 6.1% por debajo de su máximo 52s. Fundamentalmente aceptable con ROE 19.4%, deuda neta/EBITDA 1.2x. Técnicamente 🟢 Cruce alcista MACD, 🟢 base_pattern_detected. Clasificación: descarte.",OK,
TTE.PA,TOTALENERGIES,EUROSTOXX,1.0,script-v2.0,1.0,2026-08-04T10:28:00.193939+02:00,53.2,58.9,100.0,23.0,0.0,6.0,36.0,24.0,12.0,4177698.0,0.79,-1.7,7.0,5.14,4.8,2.5261,False,96.7,91.0,False,66.58,14.8,True,False,True,,pass,pendiente_confirmacion,pendiente,0.0,desconocido,Pendiente de implementar,parcial,debt_reduction (alta): Deuda 62917.0M vs 64008.0M | dividend_maintained (baja): Dividendo actual 4.71% con caída del 6.1%,incompleto,pendiente_confirmacion,72.03,72.29,72.03 - 72.29,65.37,69.14,65.37 - 69.14,Pérdida del soporte en 72.03 | ROE negativo durante 2 trimestres consecutivos | Ampliación de capital dilutiva | Recorte de rating a bono basura,6-12,"TOTALENERGIES está un 6.1% por debajo de su máximo 52s. Fundamentalmente aceptable con ROE 14.5%, deuda neta/EBITDA 0.8x. Técnicamente 🟢 Divergencia alcista RSI, 🟢 base_pattern_detected. Clasificación: pendiente_confirmacion.","TOTALENERGIES está un 6.1% por debajo de su máximo 52s. Fundamentalmente aceptable con ROE 14.5%, deuda neta/EBITDA 0.8x. Técnicamente 🟢 Divergencia alcista RSI, 🟢 base_pattern_detected. Clasificación: pendiente_confirmacion.",OK,
8001.T,ITOCHU CORP,ASIA,1.0,script-v2.0,1.0,2026-08-04T10:30:28.548119+02:00,52.8,50.7,88.0,18.0,0.0,7.0,59.0,42.0,17.0,14782000.0,4.44,4.6,,20.76,12.5,3.5432,False,58.2,69.5,False,1967.63,0.6,True,False,False,,pass,descarte,pendiente,0.0,desconocido,Pendiente de implementar,parcial,"eps_stabilization (media): EPS 128.00 vs 123.13 (annual_eps_fallback) | dividend_maintained (baja): Dividendo actual 2.22% con caída del 13.4% | analyst_upgrade (media): Target 2396.15 vs precio 1980.00 (+21%), recKey none",razonable,descarte,1899.4,1901.69,1899.40 - 1901.69,1938.06,1943.52,1938.06 - 1943.52,Pérdida del soporte en 1901.69 | ROE negativo durante 2 trimestres consecutivos | Ampliación de capital dilutiva | Recorte de rating a bono basura,6-12,"ITOCHU CORP está un 13.4% por debajo de su máximo 52s. Fundamentalmente aceptable con ROE 13.9%, deuda neta/EBITDA 4.4x. Técnicamente 🟢 Divergencia alcista RSI, 🟢 Cerca de soporte. Clasificación: descarte.","ITOCHU CORP está un 13.4% por debajo de su máximo 52s. Fundamentalmente aceptable con ROE 13.9%, deuda neta/EBITDA 4.4x. Técnicamente 🟢 Divergencia alcista RSI, 🟢 Cerca de soporte. Clasificación: descarte.",OK,
0003.HK,HK & CHINA GAS,ASIA,1.0,script-v2.0,1.0,2026-08-04T10:30:31.308213+02:00,52.3,51.7,88.0,20.0,0.0,9.0,54.0,39.0,15.0,26239726.0,4.51,-1.6,,16.57,8.1,-0.0335,True,49.1,61.2,False,7.0,-1.4,False,False,False,,pass,descarte,pendiente,0.0,desconocido,Pendiente de implementar,parcial,eps_stabilization (media): EPS 0.30 vs 0.30 (annual_eps_fallback) | debt_reduction (alta): Deuda 61059.1M vs 62062.6M | dividend_maintained (baja): Dividendo actual 5.07% con caída del 11.0%,razonable,descarte,6.4,6.8,6.40 - 6.80,6.6,6.99,6.60 - 6.99,Pérdida del soporte en 6.40 | ROE negativo durante 2 trimestres consecutivos | Ampliación de capital dilutiva | Recorte de rating a bono basura,6-12,"HK & CHINA GAS está un 11.0% por debajo de su máximo 52s. Fundamentalmente aceptable con ROE 9.6%, deuda neta/EBITDA 4.5x. Técnicamente 🟢 Divergencia alcista RSI, 🟢 MACD semanal girando al alza. Clasificación: descarte.","HK & CHINA GAS está un 11.0% por debajo de su máximo 52s. Fundamentalmente aceptable con ROE 9.6%, deuda neta/EBITDA 4.5x. Técnicamente 🟢 Divergencia alcista RSI, 🟢 MACD semanal girando al alza. Clasificación: descarte.",OK,
BOQ.AX,BANK QLD FPO [BOQ],ASX,1.0,script-v2.0,1.0,2026-08-04T10:30:11.084761+02:00,52.0,49.0,57.0,42.0,0.0,9.0,61.0,33.0,28.0,1946831.0,,-1.7,,,12.5,-0.0293,True,93.9,90.0,False,6.48,3.8,True,True,False,,pass,descarte,pendiente,0.0,desconocido,Pendiente de implementar,parcial,eps_stabilization (media): EPS 0.41 vs 0.18 (annual_eps_fallback) | debt_reduction (alta): Deuda 16714.0M vs 17008.0M | dividend_maintained (baja): Dividendo actual 5.94% con caída del 16.6%,razonable,descarte,6.31,6.34,6.31 - 6.34,6.48,6.86,6.48 - 6.86,Pérdida del soporte en 6.34 | ROE negativo durante 2 trimestres consecutivos | Ampliación de capital dilutiva | Recorte de rating a bono basura,6-12,"BANK QLD FPO [BOQ] está un 16.6% por debajo de su máximo 52s. Fundamentalmente aceptable con ROE 1.6%, dividendo 5.9%. Técnicamente 🟢 Divergencia alcista RSI, 🟢 MACD semanal girando al alza. Clasificación: descarte.","BANK QLD FPO [BOQ] está un 16.6% por debajo de su máximo 52s. Fundamentalmente aceptable con ROE 1.6%, dividendo 5.9%. Técnicamente 🟢 Divergencia alcista RSI, 🟢 MACD semanal girando al alza. Clasificación: descarte.",OK,
VCX.AX,VICINITY STAPLED [VCX],ASX,1.0,script-v2.0,1.0,2026-08-04T10:30:08.507893+02:00,52.0,55.6,86.0,29.0,0.0,4.0,41.0,35.0,6.0,10242117.0,5.63,,,19.94,0.4,0.0609,False,93.1,74.2,False,2.5,8.7,False,True,False,Sin señales de recuperación,pass,descarte,pendiente,0.0,desconocido,Pendiente de implementar,ausente,eps_stabilization (media): EPS 0.22 vs 0.12 (annual_eps_fallback) | dividend_maintained (baja): Dividendo actual 4.41% con caída del 0.4%,incompleto,descarte,2.5,2.59,2.50 - 2.59,2.32,2.5,2.32 - 2.50,Pérdida del soporte en 2.50 | ROE negativo durante 2 trimestres consecutivos | Ampliación de capital dilutiva | Recorte de rating a bono basura,6-12,"VICINITY STAPLED [VCX] está un 0.4% por debajo de su máximo 52s. Fundamentalmente aceptable con ROE 11.7%, deuda neta/EBITDA 5.6x. Técnicamente 🟢 Cruce alcista MACD, 🟡 trendline_break. Clasificación: descarte.","VICINITY STAPLED [VCX] está un 0.4% por debajo de su máximo 52s. Fundamentalmente aceptable con ROE 11.7%, deuda neta/EBITDA 5.6x. Técnicamente 🟢 Cruce alcista MACD, 🟡 trendline_break. Clasificación: descarte.",OK,
ULVR.L,UNILEVER PLC ORD 3.5P,EUROSTOXX,1.0,script-v2.0,1.0,2026-08-04T10:28:34.459004+02:00,51.5,41.6,80.0,8.0,0.0,4.0,81.0,48.0,33.0,5185812.0,2.41,4.7,,12.04,14.6,-12.7681,True,45.4,55.5,False,4679.85,1.1,True,True,False,Sin señales de recuperación,pass,descarte,pendiente,0.0,desconocido,Pendiente de implementar,ausente,eps_stabilization (media): EPS 4.32 vs 2.58 (annual_eps_fallback) | dividend_maintained (baja): Dividendo actual 0.03% con caída del 14.7%,fuerte,descarte,4490.97,4505.25,4490.97 - 4505.25,4692.81,4710.79,4692.81 - 4710.79,Pérdida del soporte en 4505.25 | ROE negativo durante 2 trimestres consecutivos | Ampliación de capital dilutiva | Recorte de rating a bono basura,6-12,"UNILEVER PLC ORD 3.5P está un 14.7% por debajo de su máximo 52s. Fundamentalmente aceptable con ROE 31.9%, deuda neta/EBITDA 2.4x. Técnicamente 🟢 Cruce alcista MACD, 🟢 Cerca de soporte. Clasificación: descarte.","UNILEVER PLC ORD 3.5P está un 14.7% por debajo de su máximo 52s. Fundamentalmente aceptable con ROE 31.9%, deuda neta/EBITDA 2.4x. Técnicamente 🟢 Cruce alcista MACD, 🟢 Cerca de soporte. Clasificación: descarte.",OK,
DBK.DE,DEUTSCHE BANK AG              N,EUROSTOXX,1.0,script-v2.0,1.0,2026-08-04T10:27:39.493040+02:00,51.2,50.7,64.0,39.0,0.0,1.0,53.0,35.0,18.0,5026558.0,,296.4,,,1.6,1.0572,False,91.8,70.5,False,29.1,11.8,True,True,False,Sin señales de recuperación,pass,descarte,pendiente,0.0,desconocido,Pendiente de implementar,ausente,dividend_maintained (baja): Dividendo actual 3.07% con caída del 5.0%,razonable,descarte,29.65,29.94,29.65 - 29.94,29.02,29.12,29.02 - 29.12,Pérdida del soporte en 29.65 | ROE negativo durante 2 trimestres consecutivos | Ampliación de capital dilutiva | Recorte de rating a bono basura,6-12,"DEUTSCHE BANK AG              N está un 5.0% por debajo de su máximo 52s. Fundamentalmente aceptable con ROE 8.9%, dividendo 3.1%. Técnicamente 🟢 Cruce alcista MACD, 🟢 base_pattern_detected. Clasificación: descarte.","DEUTSCHE BANK AG              N está un 5.0% por debajo de su máximo 52s. Fundamentalmente aceptable con ROE 8.9%, dividendo 3.1%. Técnicamente 🟢 Cruce alcista MACD, 🟢 base_pattern_detected. Clasificación: descarte.",OK,
NESTE.HE,Neste Corporation,EUROSTOXX,1.0,script-v2.0,1.0,2026-08-04T10:28:25.013023+02:00,51.1,55.2,100.0,16.0,0.0,12.0,39.0,21.0,18.0,1128309.0,1.33,-9.8,5.0,9.8,11.7,2.2845,False,19.1,28.9,False,24.33,23.7,True,True,True,,pass,pendiente_confirmacion,pendiente,0.0,desconocido,Pendiente de implementar,confirmada,margin_stabilization (media): Margen gross 21.4% vs 19.4% (+2.0 pp) | eps_stabilization (media): EPS 0.99 vs 0.69 (Diluted EPS) | debt_reduction (alta): Deuda 4698.0M vs 5207.0M | dividend_maintained (baja): Dividendo actual 0.66% con caída del 11.7%,incompleto,pendiente_confirmacion,29.03,29.15,29.03 - 29.15,23.6,28.95,23.60 - 28.95,Pérdida del soporte en 29.15 | ROE negativo durante 2 trimestres consecutivos | Ampliación de capital dilutiva | Recorte de rating a bono basura,6-12,"Neste Corporation está un 11.7% por debajo de su máximo 52s. Fundamentalmente aceptable con ROE 19.4%, deuda neta/EBITDA 1.3x. Técnicamente 🟢 Cerca de soporte, 🟢 base_pattern_detected. Clasificación: pendiente_confirmacion.","Neste Corporation está un 11.7% por debajo de su máximo 52s. Fundamentalmente aceptable con ROE 19.4%, deuda neta/EBITDA 1.3x. Técnicamente 🟢 Cerca de soporte, 🟢 base_pattern_detected. Clasificación: pendiente_confirmacion.",OK,
MO,"Altria Group, Inc.",SP500,1.0,script-v2.0,1.0,2026-08-04T10:29:37.176479+02:00,51.0,50.7,79.0,26.0,0.0,9.0,52.0,52.0,0.0,8329637.0,1.41,-0.1,14.9,8.64,,2.5421,False,,,False,64.19,,False,False,False,,pass,descarte,pendiente,0.0,desconocido,Pendiente de implementar,parcial,eps_stabilization (media): EPS 1.37 vs 1.30 (Diluted EPS) | debt_reduction (alta): Deuda 24577.0M vs 24602.0M | dividend_maintained (baja): Dividendo actual 6.21%,razonable,descarte,,,,65.5,65.5,65.50,ROE negativo durante 2 trimestres consecutivos | Ampliación de capital dilutiva | Recorte de rating a bono basura,12-18,"Altria Group, Inc. está un N/D por debajo de su máximo 52s. Fundamentalmente aceptable con deuda neta/EBITDA 1.4x, dividendo 6.2%. Técnicamente 🟢 Cruce alcista MACD, 🟢 Volumen creciente. Clasificación: descarte.","Altria Group, Inc. está un N/D por debajo de su máximo 52s. Fundamentalmente aceptable con deuda neta/EBITDA 1.4x, dividendo 6.2%. Técnicamente 🟢 Cruce alcista MACD, 🟢 Volumen creciente. Clasificación: descarte.",OK,
HEN3.DE,Henkel AG & Co. KGaA          I,EUROSTOXX,1.0,script-v2.0,1.0,2026-08-04T10:27:35.727490+02:00,51.0,60.7,97.0,29.0,0.0,9.0,22.0,16.0,6.0,439459.0,0.18,-0.1,,9.79,8.5,1.9209,False,76.9,78.9,False,69.72,9.0,False,True,True,Sin suelo técnico identificado,pass,seguimiento,pendiente,0.0,desconocido,Pendiente de implementar,parcial,eps_stabilization (media): EPS 4.92 vs 4.80 (annual_eps_fallback) | debt_reduction (alta): Deuda 3708.0M vs 3711.0M | dividend_maintained (baja): Dividendo actual 2.72% con caída del 9.7%,sin_suelo,seguimiento,71.77,73.15,71.77 - 73.15,69.45,71.57,69.45 - 71.57,Pérdida del soporte en 73.15 | ROE negativo durante 2 trimestres consecutivos | Ampliación de capital dilutiva | Recorte de rating a bono basura,6-12,"Henkel AG & Co. KGaA          I está un 9.7% por debajo de su máximo 52s. Fundamentalmente sólida con ROE 9.7%, deuda neta/EBITDA 0.2x. Técnicamente 🟢 Cerca de soporte, 🟡 trendline_break. Clasificación: seguimiento.","Henkel AG & Co. KGaA          I está un 9.7% por debajo de su máximo 52s. Fundamentalmente sólida con ROE 9.7%, deuda neta/EBITDA 0.2x. Técnicamente 🟢 Cerca de soporte, 🟡 trendline_break. Clasificación: seguimiento.",OK,
MCD,McDonald's Corporation,SP500,1.0,script-v2.0,1.0,2026-08-04T10:29:03.979112+02:00,50.5,44.1,75.0,17.0,0.0,4.0,70.0,48.0,22.0,4565943.0,3.61,0.1,0.0,16.29,,-9.4818,True,,,False,297.7,,True,False,False,Sin señales de recuperación,pass,descarte,pendiente,0.0,desconocido,Pendiente de implementar,ausente,"dividend_maintained (baja): Dividendo actual 2.81% | analyst_upgrade (media): Target 323.58 vs precio 265.23 (+22%), recMean 2.12, recKey buy",fuerte,descarte,,,,290.49,290.49,290.49,ROE negativo durante 2 trimestres consecutivos | Ampliación de capital dilutiva | Recorte de rating a bono basura,12-18,"McDonald's Corporation está un N/D por debajo de su máximo 52s. Fundamentalmente aceptable con deuda neta/EBITDA 3.6x, dividendo 2.8%. Técnicamente 🟢 Divergencia alcista RSI, 🟢 Cruce alcista MACD. Clasificación: descarte.","McDonald's Corporation está un N/D por debajo de su máximo 52s. Fundamentalmente aceptable con deuda neta/EBITDA 3.6x, dividendo 2.8%. Técnicamente 🟢 Divergencia alcista RSI, 🟢 Cruce alcista MACD. Clasificación: descarte.",OK,
0002.HK,CLP HOLDINGS,ASIA,1.0,script-v2.0,1.0,2026-08-04T10:30:31.023091+02:00,50.4,59.8,95.0,29.0,0.0,6.0,22.0,16.0,6.0,3341759.0,2.46,-3.8,,11.22,2.0,1.7267,False,47.5,68.4,False,72.44,6.2,False,True,False,Sin suelo técnico identificado,pass,descarte,pendiente,0.0,desconocido,Pendiente de implementar,parcial,debt_reduction (alta): Deuda 63065.0M vs 65558.0M | dividend_maintained (baja): Dividendo actual 4.16% con caída del 2.0%,sin_suelo,descarte,72.88,75.26,72.88 - 75.26,66.68,71.48,66.68 - 71.48,Pérdida del soporte en 72.88 | ROE negativo durante 2 trimestres consecutivos | Ampliación de capital dilutiva | Recorte de rating a bono basura,6-12,"CLP HOLDINGS está un 2.0% por debajo de su máximo 52s. Fundamentalmente aceptable con ROE 10.1%, deuda neta/EBITDA 2.5x. Técnicamente 🟡 trendline_break. Clasificación: descarte.","CLP HOLDINGS está un 2.0% por debajo de su máximo 52s. Fundamentalmente aceptable con ROE 10.1%, deuda neta/EBITDA 2.5x. Técnicamente 🟡 trendline_break. Clasificación: descarte.",OK,
VZ,Verizon Communications Inc.,SP500,1.0,script-v2.0,1.0,2026-08-04T10:28:52.448014+02:00,50.1,54.9,89.0,25.0,0.0,9.0,36.0,24.0,12.0,27245256.0,3.76,-1.1,0.1,7.63,,0.3475,False,,,False,43.78,,True,False,True,,pass,pendiente_confirmacion,pendiente,0.0,desconocido,Pendiente de implementar,parcial,margin_stabilization (media): Margen gross 61.8% vs 60.3% (+1.5 pp) | debt_reduction (alta): Deuda 193646.0M vs 195872.0M | dividend_maintained (baja): Dividendo actual 5.98%,incompleto,pendiente_confirmacion,,,,43.93,43.93,43.93,ROE negativo durante 2 trimestres consecutivos | Ampliación de capital dilutiva | Recorte de rating a bono basura,12-18,"Verizon Communications Inc. está un N/D por debajo de su máximo 52s. Fundamentalmente aceptable con ROE 15.8%, deuda neta/EBITDA 3.8x. Técnicamente 🟢 Divergencia alcista RSI, 🟢 base_pattern_detected. Clasificación: pendiente_confirmacion.","Verizon Communications Inc. está un N/D por debajo de su máximo 52s. Fundamentalmente aceptable con ROE 15.8%, deuda neta/EBITDA 3.8x. Técnicamente 🟢 Divergencia alcista RSI, 🟢 base_pattern_detected. Clasificación: pendiente_confirmacion.",OK,
0083.HK,SINO LAND,ASIA,1.0,script-v2.0,1.0,2026-08-04T10:30:35.801606+02:00,50.1,50.5,59.0,43.0,0.0,4.0,49.0,44.0,5.0,8921597.0,-14.68,74.4,,16.32,19.7,-0.1556,False,40.4,49.5,False,11.26,-5.2,False,False,False,Sin señales de recuperación,pass,descarte,pendiente,0.0,desconocido,Pendiente de implementar,ausente,"dividend_maintained (baja): Dividendo actual 5.44% con caída del 19.8% | analyst_upgrade (media): Target 13.34 vs precio 10.67 (+25%), recMean 1.50, recKey strong_buy",razonable,descarte,10.14,10.67,10.14 - 10.67,11.11,11.3,11.11 - 11.30,Pérdida del soporte en 10.14 | ROE negativo durante 2 trimestres consecutivos | Ampliación de capital dilutiva | Recorte de rating a bono basura,6-12,"SINO LAND está un 19.8% por debajo de su máximo 52s. Fundamentalmente aceptable con ROE 2.2%, deuda neta/EBITDA -14.7x. Técnicamente 🟢 Divergencia alcista RSI, 🟡 Apoyo en MA40 semanal. Clasificación: descarte.","SINO LAND está un 19.8% por debajo de su máximo 52s. Fundamentalmente aceptable con ROE 2.2%, deuda neta/EBITDA -14.7x. Técnicamente 🟢 Divergencia alcista RSI, 🟡 Apoyo en MA40 semanal. Clasificación: descarte.",OK,
AVGO,Broadcom Inc.,SP500,1.0,script-v2.0,1.0,2026-08-04T10:29:48.966907+02:00,50.0,46.7,100.0,0.0,0.0,15.0,60.0,48.0,12.0,26087970.0,1.08,-1.7,8.1,45.42,,10.3896,False,,,False,364.41,,True,False,False,,pass,descarte,pendiente,0.0,desconocido,Pendiente de implementar,confirmada,"margin_stabilization (media): Margen gross 69.5% vs 68.1% (+1.3 pp) | eps_stabilization (media): EPS 1.91 vs 1.50 (Diluted EPS) | debt_reduction (alta): Deuda 64907.0M vs 66057.0M | dividend_maintained (baja): Dividendo actual 0.66% | analyst_upgrade (media): Target 527.88 vs precio 392.23 (+35%), recMean 1.31, recKey strong_buy",razonable,descarte,,,,420.75,420.75,420.75,ROE negativo durante 2 trimestres consecutivos | Ampliación de capital dilutiva | Recorte de rating a bono basura,12-18,"Broadcom Inc. está un N/D por debajo de su máximo 52s. Fundamentalmente aceptable con ROE 37.3%, deuda neta/EBITDA 1.1x. Técnicamente 🟢 Divergencia alcista RSI, 🟢 Cruce alcista MACD. Clasificación: descarte.","Broadcom Inc. está un N/D por debajo de su máximo 52s. Fundamentalmente aceptable con ROE 37.3%, deuda neta/EBITDA 1.1x. Técnicamente 🟢 Divergencia alcista RSI, 🟢 Cruce alcista MACD. Clasificación: descarte.",OK,
CA.PA,CARREFOUR,EUROSTOXX,1.0,script-v2.0,1.0,2026-08-04T10:27:47.953024+02:00,49.6,53.1,67.0,41.0,0.0,1.0,39.0,27.0,12.0,2382424.0,4.63,316.0,,7.97,5.9,0.544,False,40.9,47.3,False,14.55,7.9,True,False,False,Sin señales de recuperación,pass,descarte,pendiente,0.0,desconocido,Pendiente de implementar,ausente,dividend_maintained (baja): Dividendo actual 6.18% con caída del 10.5%,incompleto,descarte,15.49,15.7,15.49 - 15.70,14.37,14.91,14.37 - 14.91,Pérdida del soporte en 15.49 | ROE negativo durante 2 trimestres consecutivos | Ampliación de capital dilutiva | Recorte de rating a bono basura,6-12,"CARREFOUR está un 10.5% por debajo de su máximo 52s. Fundamentalmente aceptable con ROE 8.4%, deuda neta/EBITDA 4.6x. Técnicamente 🟢 Cerca de soporte, 🟢 base_pattern_detected. Clasificación: descarte.","CARREFOUR está un 10.5% por debajo de su máximo 52s. Fundamentalmente aceptable con ROE 8.4%, deuda neta/EBITDA 4.6x. Técnicamente 🟢 Cerca de soporte, 🟢 base_pattern_detected. Clasificación: descarte.",OK,
0941.HK,CHINA MOBILE,ASIA,1.0,script-v2.0,1.0,2026-08-04T10:30:36.816120+02:00,49.3,48.1,63.0,35.0,0.0,4.0,53.0,48.0,5.0,17834430.0,-0.87,11.3,,5.59,4.4,0.4597,False,58.8,71.7,False,80.22,2.8,False,False,False,Sin señales de recuperación,pass,descarte,pendiente,0.0,desconocido,Pendiente de implementar,ausente,eps_stabilization (media): EPS 6.42 vs 6.15 (annual_eps_fallback) | dividend_maintained (baja): Dividendo actual 6.11% con caída del 8.9%,razonable,descarte,80.62,80.72,80.62 - 80.72,77.01,80.44,77.01 - 80.44,Pérdida del soporte en 80.62 | ROE negativo durante 2 trimestres consecutivos | Ampliación de capital dilutiva | Recorte de rating a bono basura,6-12,"CHINA MOBILE está un 8.9% por debajo de su máximo 52s. Fundamentalmente aceptable con ROE 9.6%, deuda neta/EBITDA -0.9x. Técnicamente 🟢 Divergencia alcista RSI, 🟢 Volumen creciente. Clasificación: descarte.","CHINA MOBILE está un 8.9% por debajo de su máximo 52s. Fundamentalmente aceptable con ROE 9.6%, deuda neta/EBITDA -0.9x. Técnicamente 🟢 Divergencia alcista RSI, 🟢 Volumen creciente. Clasificación: descarte.",OK,
ENI.MI,ENI,EUROSTOXX,1.0,script-v2.0,1.0,2026-08-04T10:28:13.138084+02:00,49.2,52.3,95.0,15.0,0.0,7.0,40.0,28.0,12.0,9997880.0,1.65,8.2,15.6,7.24,2.8,1.0502,False,99.7,99.0,False,19.93,20.6,True,False,True,,pass,pendiente_confirmacion,pendiente,0.0,desconocido,Pendiente de implementar,parcial,margin_stabilization (media): Margen operating 3.2% vs -1.0% (+4.2 pp) | eps_stabilization (media): EPS 1.09 vs 0.34 (Diluted EPS) | dividend_maintained (baja): Dividendo actual 4.45% con caída del 3.9%,incompleto,pendiente_confirmacion,21.73,22.04,21.73 - 22.04,19.47,21.27,19.47 - 21.27,Pérdida del soporte en 21.73 | ROE negativo durante 2 trimestres consecutivos | Ampliación de capital dilutiva | Recorte de rating a bono basura,6-12,"ENI está un 3.9% por debajo de su máximo 52s. Fundamentalmente aceptable con ROE 10.9%, deuda neta/EBITDA 1.6x. Técnicamente 🟢 Divergencia alcista RSI, 🟢 base_pattern_detected. Clasificación: pendiente_confirmacion.","ENI está un 3.9% por debajo de su máximo 52s. Fundamentalmente aceptable con ROE 10.9%, deuda neta/EBITDA 1.6x. Técnicamente 🟢 Divergencia alcista RSI, 🟢 base_pattern_detected. Clasificación: pendiente_confirmacion.",OK,
8058.T,MITSUBISHI CORP,ASIA,1.0,script-v2.0,1.0,2026-08-04T10:30:22.803188+02:00,49.2,48.6,79.0,22.0,0.0,1.0,51.0,39.0,12.0,9876767.0,6.78,9.9,,33.51,21.2,44.1404,False,60.9,65.7,False,4583.01,3.4,True,False,False,Sin señales de recuperación,pass,descarte,pendiente,0.0,desconocido,Pendiente de implementar,ausente,dividend_maintained (baja): Dividendo actual 2.64% con caída del 21.2%,razonable,descarte,4398.6,4675.02,4398.60 - 4675.02,4484.36,5110.2,4484.36 - 5110.20,Pérdida del soporte en 4398.60 | ROE negativo durante 2 trimestres consecutivos | Ampliación de capital dilutiva | Recorte de rating a bono basura,6-12,"MITSUBISHI CORP está un 21.2% por debajo de su máximo 52s. Fundamentalmente aceptable con ROE 9.0%, deuda neta/EBITDA 6.8x. Técnicamente 🟢 Divergencia alcista RSI, 🟢 Volumen creciente. Clasificación: descarte.","MITSUBISHI CORP está un 21.2% por debajo de su máximo 52s. Fundamentalmente aceptable con ROE 9.0%, deuda neta/EBITDA 6.8x. Técnicamente 🟢 Divergencia alcista RSI, 🟢 Volumen creciente. Clasificación: descarte.",OK,
PFE,"Pfizer, Inc.",SP500,1.0,script-v2.0,1.0,2026-08-04T10:29:24.045118+02:00,48.9,52.5,84.0,25.0,0.0,7.0,38.0,28.0,10.0,41508525.0,2.03,1.2,1.2,7.64,,-0.1535,True,,,False,25.07,,False,False,True,,pass,pendiente_confirmacion,pendiente,0.0,desconocido,Pendiente de implementar,parcial,margin_stabilization (media): Margen gross 75.4% vs 70.0% (+5.5 pp) | eps_stabilization (media): EPS 0.47 vs -0.29 (Diluted EPS) | dividend_maintained (baja): Dividendo actual 6.87%,incompleto,pendiente_confirmacion,,,,24.44,24.44,24.44,ROE negativo durante 2 trimestres consecutivos | Ampliación de capital dilutiva | Recorte de rating a bono basura,12-18,"Pfizer, Inc. está un N/D por debajo de su máximo 52s. Fundamentalmente aceptable con ROE 8.3%, deuda neta/EBITDA 2.0x. Técnicamente 🟢 Divergencia alcista RSI, 🟢 MACD semanal girando al alza. Clasificación: pendiente_confirmacion.","Pfizer, Inc. está un N/D por debajo de su máximo 52s. Fundamentalmente aceptable con ROE 8.3%, deuda neta/EBITDA 2.0x. Técnicamente 🟢 Divergencia alcista RSI, 🟢 MACD semanal girando al alza. Clasificación: pendiente_confirmacion.",OK,
KER.PA,KERING,EUROSTOXX,1.0,script-v2.0,1.0,2026-08-04T10:27:51.667939+02:00,48.5,43.7,56.0,33.0,0.0,6.0,63.0,45.0,18.0,306193.0,3.75,-1.3,,18.14,19.9,1.8575,False,76.5,90.9,False,267.89,4.4,True,True,False,,pass,descarte,pendiente,0.0,desconocido,Pendiente de implementar,parcial,debt_reduction (alta): Deuda 17907.0M vs 18149.0M | dividend_maintained (baja): Dividendo actual 1.07% con caída del 21.1%,razonable,descarte,241.76,255.48,241.76 - 255.48,269.88,301.07,269.88 - 301.07,Pérdida del soporte en 241.76 | ROE negativo durante 2 trimestres consecutivos | Ampliación de capital dilutiva | Recorte de rating a bono basura,6-12,"KERING está un 21.1% por debajo de su máximo 52s. Fundamentalmente aceptable con ROE -1.6%, deuda neta/EBITDA 3.8x. Técnicamente 🟢 Cruce alcista MACD, 🟢 Volumen creciente. Clasificación: descarte.","KERING está un 21.1% por debajo de su máximo 52s. Fundamentalmente aceptable con ROE -1.6%, deuda neta/EBITDA 3.8x. Técnicamente 🟢 Cruce alcista MACD, 🟢 Volumen creciente. Clasificación: descarte.",OK,
SOLB.BR,SOLVAY,EUROSTOXX,1.0,script-v2.0,1.0,2026-08-04T10:28:21.805101+02:00,48.5,47.0,71.0,26.0,0.0,4.0,53.0,35.0,18.0,372255.0,2.91,0.0,-1.0,7.81,19.6,0.3498,False,48.7,57.3,False,25.47,4.3,True,True,False,Sin señales de recuperación,pass,descarte,pendiente,0.0,desconocido,Pendiente de implementar,ausente,eps_stabilization (media): EPS 0.36 vs 0.24 (Diluted EPS) | dividend_maintained (baja): Dividendo actual 9.15% con caída del 11.1%,razonable,descarte,25.22,26.48,25.22 - 26.48,25.38,25.42,25.38 - 25.42,Pérdida del soporte en 25.22 | ROE negativo durante 2 trimestres consecutivos | Ampliación de capital dilutiva | Recorte de rating a bono basura,6-12,"SOLVAY está un 11.1% por debajo de su máximo 52s. Fundamentalmente aceptable con deuda neta/EBITDA 2.9x, dividendo 9.2%. Técnicamente 🟢 Volumen creciente, 🟢 base_pattern_detected. Clasificación: descarte.","SOLVAY está un 11.1% por debajo de su máximo 52s. Fundamentalmente aceptable con deuda neta/EBITDA 2.9x, dividendo 9.2%. Técnicamente 🟢 Volumen creciente, 🟢 base_pattern_detected. Clasificación: descarte.",OK,
NEE,"NextEra Energy, Inc.",SP500,1.0,script-v2.0,1.0,2026-08-04T10:29:30.297510+02:00,48.5,45.7,83.0,13.0,0.0,7.0,57.0,45.0,12.0,11705680.0,7.35,5.5,0.2,20.48,,0.6124,False,,,False,87.15,,True,False,False,,pass,descarte,pendiente,0.0,desconocido,Pendiente de implementar,parcial,margin_stabilization (media): Margen gross 62.4% vs 58.9% (+3.5 pp) | eps_stabilization (media): EPS 1.50 vs 1.04 (Diluted EPS) | dividend_maintained (baja): Dividendo actual 2.88%,razonable,descarte,,,,83.94,83.94,83.94,ROE negativo durante 2 trimestres consecutivos | Ampliación de capital dilutiva | Recorte de rating a bono basura,12-18,"NextEra Energy, Inc. está un N/D por debajo de su máximo 52s. Fundamentalmente aceptable con ROE 11.7%, deuda neta/EBITDA 7.3x. Técnicamente 🟢 Divergencia alcista RSI, 🟡 MACD convergiendo. Clasificación: descarte.","NextEra Energy, Inc. está un N/D por debajo de su máximo 52s. Fundamentalmente aceptable con ROE 11.7%, deuda neta/EBITDA 7.3x. Técnicamente 🟢 Divergencia alcista RSI, 🟡 MACD convergiendo. Clasificación: descarte.",OK,
CSCO,"Cisco Systems, Inc.",SP500,1.0,script-v2.0,1.0,2026-08-04T10:29:15.829012+02:00,48.3,45.7,98.0,0.0,0.0,4.0,56.0,44.0,12.0,25410859.0,0.96,9.7,-0.0,27.81,,9.9341,False,,,False,90.3,,True,False,False,Sin señales de recuperación,pass,descarte,pendiente,0.0,desconocido,Pendiente de implementar,ausente,eps_stabilization (media): EPS 0.85 vs 0.80 (Diluted EPS) | dividend_maintained (baja): Dividendo actual 1.45%,razonable,descarte,,,,110.81,110.81,110.81,ROE negativo durante 2 trimestres consecutivos | Ampliación de capital dilutiva | Recorte de rating a bono basura,12-18,"Cisco Systems, Inc. está un N/D por debajo de su máximo 52s. Fundamentalmente aceptable con ROE 25.2%, deuda neta/EBITDA 1.0x. Técnicamente 🟢 Divergencia alcista RSI, 🟢 Cruce alcista MACD. Clasificación: descarte.","Cisco Systems, Inc. está un N/D por debajo de su máximo 52s. Fundamentalmente aceptable con ROE 25.2%, deuda neta/EBITDA 1.0x. Técnicamente 🟢 Divergencia alcista RSI, 🟢 Cruce alcista MACD. Clasificación: descarte.",OK,
TXN,Texas Instruments Incorporated,SP500,1.0,script-v2.0,1.0,2026-08-04T10:29:49.415971+02:00,48.3,45.7,98.0,0.0,0.0,10.0,56.0,44.0,12.0,8845059.0,0.74,0.0,0.2,26.55,,21.8908,False,,,False,227.2,,True,False,False,,pass,descarte,pendiente,0.0,desconocido,Pendiente de implementar,parcial,"margin_stabilization (media): Margen gross 61.4% vs 58.0% (+3.3 pp) | eps_stabilization (media): EPS 2.14 vs 1.68 (Diluted EPS) | dividend_maintained (baja): Dividendo actual 2.11% | analyst_upgrade (media): Target 324.45 vs precio 269.04 (+21%), recMean 2.17, recKey buy",razonable,descarte,,,,283.93,283.93,283.93,ROE negativo durante 2 trimestres consecutivos | Ampliación de capital dilutiva | Recorte de rating a bono basura,12-18,"Texas Instruments Incorporated está un N/D por debajo de su máximo 52s. Fundamentalmente aceptable con ROE 35.2%, deuda neta/EBITDA 0.7x. Técnicamente 🔵 RSI recuperándose de sobreventa, 🟡 MACD convergiendo. Clasificación: descarte.","Texas Instruments Incorporated está un N/D por debajo de su máximo 52s. Fundamentalmente aceptable con ROE 35.2%, deuda neta/EBITDA 0.7x. Técnicamente 🔵 RSI recuperándose de sobreventa, 🟡 MACD convergiendo. Clasificación: descarte.",OK,
DUK,Duke Energy Corporation (Holdin,SP500,1.0,script-v2.0,1.0,2026-08-04T10:29:28.733530+02:00,48.0,50.9,84.0,22.0,0.0,4.0,39.0,39.0,0.0,3607254.0,5.41,0.4,0.6,11.47,,1.1354,False,,,False,123.41,,False,False,False,Sin señales de recuperación,pass,descarte,pendiente,0.0,desconocido,Pendiente de implementar,ausente,eps_stabilization (media): EPS 1.97 vs 1.50 (Diluted EPS) | dividend_maintained (baja): Dividendo actual 3.49%,incompleto,descarte,,,,114.32,114.32,114.32,ROE negativo durante 2 trimestres consecutivos | Ampliación de capital dilutiva | Recorte de rating a bono basura,12-18,"Duke Energy Corporation (Holdin está un N/D por debajo de su máximo 52s. Fundamentalmente aceptable con ROE 9.7%, deuda neta/EBITDA 5.4x. Técnicamente 🟢 Divergencia alcista RSI, 🟡 MACD convergiendo. Clasificación: descarte.","Duke Energy Corporation (Holdin está un N/D por debajo de su máximo 52s. Fundamentalmente aceptable con ROE 9.7%, deuda neta/EBITDA 5.4x. Técnicamente 🟢 Divergencia alcista RSI, 🟡 MACD convergiendo. Clasificación: descarte.",OK,
105560.KS,KBFinancialGroup,ASIA,1.0,script-v2.0,1.0,2026-08-04T10:30:44.159850+02:00,48.0,46.3,74.0,22.0,0.0,7.0,53.0,35.0,18.0,1514857.0,,30.7,,,13.2,8662.0813,False,40.6,37.5,False,148859.05,13.4,True,True,False,,pass,descarte,pendiente,0.0,desconocido,Pendiente de implementar,parcial,"eps_stabilization (media): EPS 5120.00 vs 4458.00 (Diluted EPS) | dividend_maintained (baja): Dividendo actual 2.74% con caída del 13.2% | analyst_upgrade (media): Target 213395.00 vs precio 168800.00 (+26%), recMean 1.40, recKey strong_buy",razonable,descarte,164100.0,164470.0,164100.00 - 164470.00,144226.14,165325.0,144226.14 - 165325.00,Pérdida del soporte en 164100.00 | ROE negativo durante 2 trimestres consecutivos | Ampliación de capital dilutiva | Recorte de rating a bono basura,6-12,"KBFinancialGroup está un 13.2% por debajo de su máximo 52s. Fundamentalmente aceptable con ROE 10.2%, dividendo 2.7%. Técnicamente 🟡 MACD convergiendo, 🟢 Cerca de soporte. Clasificación: descarte.","KBFinancialGroup está un 13.2% por debajo de su máximo 52s. Fundamentalmente aceptable con ROE 10.2%, dividendo 2.7%. Técnicamente 🟡 MACD convergiendo, 🟢 Cerca de soporte. Clasificación: descarte.",OK,
BDX,"Becton, Dickinson and Company",SP500,1.0,script-v2.0,1.0,2026-08-04T10:29:00.734080+02:00,47.8,50.5,83.0,22.0,0.0,9.0,40.0,28.0,12.0,2658962.0,2.67,-11.6,0.4,10.29,,1.0591,False,,,False,154.3,,True,False,True,,pass,pendiente_confirmacion,pendiente,0.0,desconocido,Pendiente de implementar,parcial,margin_stabilization (media): Margen gross 45.7% vs 45.9% (-0.2 pp) | debt_reduction (alta): Deuda 17279.0M vs 19539.0M | dividend_maintained (baja): Dividendo actual 2.47%,incompleto,pendiente_confirmacion,,,,159.25,159.25,159.25,ROE negativo durante 2 trimestres consecutivos | Ampliación de capital dilutiva | Recorte de rating a bono basura,12-18,"Becton, Dickinson and Company está un N/D por debajo de su máximo 52s. Fundamentalmente aceptable con ROE 6.7%, deuda neta/EBITDA 2.7x. Técnicamente 🟢 Divergencia alcista RSI, 🟢 base_pattern_detected. Clasificación: pendiente_confirmacion.","Becton, Dickinson and Company está un N/D por debajo de su máximo 52s. Fundamentalmente aceptable con ROE 6.7%, deuda neta/EBITDA 2.7x. Técnicamente 🟢 Divergencia alcista RSI, 🟢 base_pattern_detected. Clasificación: pendiente_confirmacion.",OK,
NOKIA.HE,Nokia Corporation,EUROSTOXX,1.0,script-v2.0,1.0,2026-08-04T10:28:27.738416+02:00,47.4,47.1,69.0,28.0,0.0,7.0,48.0,48.0,0.0,15700021.0,-0.68,1.0,1.1,16.77,44.2,0.517,False,30.1,15.5,False,7.96,4.6,False,False,False,,pass,descarte,pendiente,0.0,desconocido,Pendiente de implementar,parcial,"margin_stabilization (media): Margen gross 44.6% vs 44.2% (+0.4 pp) | dividend_maintained (baja): Dividendo actual 1.68% con caída del 44.5% | analyst_upgrade (media): Target 10.32 vs precio 8.32 (+24%), recMean 2.57, recKey hold",razonable,descarte,8.31,8.32,8.31 - 8.32,7.78,12.74,7.78 - 12.74,Pérdida del soporte en 8.31 | ROE negativo durante 2 trimestres consecutivos | Ampliación de capital dilutiva | Recorte de rating a bono basura,18-24,"Nokia Corporation está un 44.5% por debajo de su máximo 52s. Fundamentalmente aceptable con ROE 3.5%, deuda neta/EBITDA -0.7x. Técnicamente 🔵 RSI recuperándose de sobreventa, 🟡 MACD convergiendo. Clasificación: descarte.","Nokia Corporation está un 44.5% por debajo de su máximo 52s. Fundamentalmente aceptable con ROE 3.5%, deuda neta/EBITDA -0.7x. Técnicamente 🔵 RSI recuperándose de sobreventa, 🟡 MACD convergiendo. Clasificación: descarte.",OK,
BARC.L,BARCLAYS PLC ORD 25P,EUROSTOXX,1.0,script-v2.0,1.0,2026-08-04T10:28:36.593192+02:00,47.3,45.4,63.0,30.0,0.0,4.0,53.0,35.0,18.0,46369134.0,,471.7,,,3.6,25.4947,False,62.7,51.2,False,456.18,13.7,True,True,False,Sin señales de recuperación,pass,descarte,pendiente,0.0,desconocido,Pendiente de implementar,ausente,eps_stabilization (media): EPS 0.17 vs 0.14 (Diluted EPS) | dividend_maintained (baja): Dividendo actual 0.02% con caída del 3.6%,razonable,descarte,497.02,498.72,497.02 - 498.72,451.41,457.55,451.41 - 457.55,Pérdida del soporte en 498.72 | ROE negativo durante 2 trimestres consecutivos | Ampliación de capital dilutiva | Recorte de rating a bono basura,6-12,"BARCLAYS PLC ORD 25P está un 3.6% por debajo de su máximo 52s. Fundamentalmente aceptable con ROE 10.1%, dividendo 0.0%. Técnicamente 🟡 MACD convergiendo, 🟢 Cerca de soporte. Clasificación: descarte.","BARCLAYS PLC ORD 25P está un 3.6% por debajo de su máximo 52s. Fundamentalmente aceptable con ROE 10.1%, dividendo 0.0%. Técnicamente 🟡 MACD convergiendo, 🟢 Cerca de soporte. Clasificación: descarte.",OK,
RIO.AX,RIO TINTO FPO [RIO],ASX,1.0,script-v2.0,1.0,2026-08-04T10:29:58.106321+02:00,47.2,52.0,100.0,10.0,0.0,6.0,33.0,33.0,0.0,1313488.0,0.58,-3.3,,12.88,12.0,4.4794,False,99.7,90.6,False,158.88,8.5,False,False,True,,pass,pendiente_confirmacion,pendiente,0.0,desconocido,Pendiente de implementar,parcial,debt_reduction (alta): Deuda 22852.0M vs 23640.0M | dividend_maintained (baja): Dividendo actual 3.89% con caída del 12.0%,incompleto,pendiente_confirmacion,170.56,172.39,170.56 - 172.39,157.18,166.46,157.18 - 166.46,Pérdida del soporte en 170.56 | ROE negativo durante 2 trimestres consecutivos | Ampliación de capital dilutiva | Recorte de rating a bono basura,6-12,"RIO TINTO FPO [RIO] está un 12.0% por debajo de su máximo 52s. Fundamentalmente aceptable con ROE 19.3%, deuda neta/EBITDA 0.6x. Técnicamente 🟢 Divergencia alcista RSI, 🟢 Cerca de soporte. Clasificación: pendiente_confirmacion.","RIO TINTO FPO [RIO] está un 12.0% por debajo de su máximo 52s. Fundamentalmente aceptable con ROE 19.3%, deuda neta/EBITDA 0.6x. Técnicamente 🟢 Divergencia alcista RSI, 🟢 Cerca de soporte. Clasificación: pendiente_confirmacion.",OK,
BHP.L,BHP GROUP LIMITED ORD NPV (DI),EUROSTOXX,1.0,script-v2.0,1.0,2026-08-04T10:28:37.995676+02:00,47.0,48.7,93.0,10.0,0.0,4.0,42.0,24.0,18.0,801942.0,0.6,19.2,,6.77,8.9,154.3407,False,84.4,77.2,False,2728.34,16.7,True,True,False,Sin señales de recuperación,pass,descarte,pendiente,0.0,desconocido,Pendiente de implementar,ausente,eps_stabilization (media): EPS 1.77 vs 1.55 (annual_eps_fallback) | dividend_maintained (baja): Dividendo actual 0.03% con caída del 8.9%,incompleto,descarte,2948.0,3167.04,2948.00 - 3167.04,2696.18,2970.75,2696.18 - 2970.75,Pérdida del soporte en 2948.00 | ROE negativo durante 2 trimestres consecutivos | Ampliación de capital dilutiva | Recorte de rating a bono basura,6-12,"BHP GROUP LIMITED ORD NPV (DI) está un 8.9% por debajo de su máximo 52s. Fundamentalmente aceptable con ROE 24.7%, deuda neta/EBITDA 0.6x. Técnicamente 🟢 Divergencia alcista RSI, 🟢 base_pattern_detected. Clasificación: descarte.","BHP GROUP LIMITED ORD NPV (DI) está un 8.9% por debajo de su máximo 52s. Fundamentalmente aceptable con ROE 24.7%, deuda neta/EBITDA 0.6x. Técnicamente 🟢 Divergencia alcista RSI, 🟢 base_pattern_detected. Clasificación: descarte.",OK,
UPS,"United Parcel Service, Inc.",SP500,1.0,script-v2.0,1.0,2026-08-04T10:29:19.427250+02:00,46.9,46.6,85.0,13.0,0.0,1.0,48.0,36.0,12.0,5657293.0,2.16,0.3,3.5,10.36,,3.1874,False,,,False,102.7,,True,False,False,Sin señales de recuperación,pass,descarte,pendiente,0.0,desconocido,Pendiente de implementar,ausente,dividend_maintained (baja): Dividendo actual 6.14%,razonable,descarte,,,,104.05,104.05,104.05,ROE negativo durante 2 trimestres consecutivos | Ampliación de capital dilutiva | Recorte de rating a bono basura,12-18,"United Parcel Service, Inc. está un N/D por debajo de su máximo 52s. Fundamentalmente aceptable con ROE 29.6%, deuda neta/EBITDA 2.2x. Técnicamente 🟡 MACD convergiendo, 🟢 base_pattern_detected. Clasificación: descarte.","United Parcel Service, Inc. está un N/D por debajo de su máximo 52s. Fundamentalmente aceptable con ROE 29.6%, deuda neta/EBITDA 2.2x. Técnicamente 🟡 MACD convergiendo, 🟢 base_pattern_detected. Clasificación: descarte.",OK,
XOM,ExxonMobil Holdings Corporation,SP500,1.0,script-v2.0,1.0,2026-08-04T10:28:54.255150+02:00,46.9,50.5,98.0,9.0,0.0,6.0,36.0,24.0,12.0,16697120.0,0.47,-2.7,9.3,9.97,,3.3434,False,,,False,139.37,,True,False,True,,pass,pendiente_confirmacion,pendiente,0.0,desconocido,Pendiente de implementar,parcial,debt_reduction (alta): Deuda 42368.0M vs 43537.0M | dividend_maintained (baja): Dividendo actual 2.66%,incompleto,pendiente_confirmacion,,,,149.95,149.95,149.95,ROE negativo durante 2 trimestres consecutivos | Ampliación de capital dilutiva | Recorte de rating a bono basura,12-18,"ExxonMobil Holdings Corporation está un N/D por debajo de su máximo 52s. Fundamentalmente aceptable con ROE 12.6%, deuda neta/EBITDA 0.5x. Técnicamente 🟢 Divergencia alcista RSI, 🟢 base_pattern_detected. Clasificación: pendiente_confirmacion.","ExxonMobil Holdings Corporation está un N/D por debajo de su máximo 52s. Fundamentalmente aceptable con ROE 12.6%, deuda neta/EBITDA 0.5x. Técnicamente 🟢 Divergencia alcista RSI, 🟢 base_pattern_detected. Clasificación: pendiente_confirmacion.",OK,
SU.PA,SCHNEIDER ELECTRIC SE,EUROSTOXX,1.0,script-v2.0,1.0,2026-08-04T10:27:59.607469+02:00,46.8,44.8,96.0,0.0,0.0,1.0,53.0,35.0,18.0,956793.0,1.91,33.7,,21.09,0.5,10.0058,False,96.9,65.8,False,252.91,17.8,True,True,False,Sin señales de recuperación,pass,descarte,pendiente,0.0,desconocido,Pendiente de implementar,ausente,dividend_maintained (baja): Dividendo actual 1.41% con caída del 0.5%,razonable,descarte,261.85,273.63,261.85 - 273.63,251.75,254.41,251.75 - 254.41,Pérdida del soporte en 261.85 | ROE negativo durante 2 trimestres consecutivos | Ampliación de capital dilutiva | Recorte de rating a bono basura,6-12,"SCHNEIDER ELECTRIC SE está un 0.5% por debajo de su máximo 52s. Fundamentalmente aceptable con ROE 18.6%, deuda neta/EBITDA 1.9x. Técnicamente 🟢 Cruce alcista MACD, 🟢 base_pattern_detected. Clasificación: descarte.","SCHNEIDER ELECTRIC SE está un 0.5% por debajo de su máximo 52s. Fundamentalmente aceptable con ROE 18.6%, deuda neta/EBITDA 1.9x. Técnicamente 🟢 Cruce alcista MACD, 🟢 base_pattern_detected. Clasificación: descarte.",OK,
BMY,Bristol-Myers Squibb Company,SP500,1.0,script-v2.0,1.0,2026-08-04T10:29:26.538501+02:00,46.8,50.1,88.0,17.0,0.0,12.0,37.0,25.0,12.0,11811937.0,1.8,-3.0,1.5,8.86,,1.9567,False,,,False,55.49,,True,False,True,,pass,pendiente_confirmacion,pendiente,0.0,desconocido,Pendiente de implementar,confirmada,margin_stabilization (media): Margen gross 71.3% vs 70.2% (+1.1 pp) | eps_stabilization (media): EPS 1.62 vs 1.31 (Diluted EPS) | debt_reduction (alta): Deuda 45053.0M vs 46428.0M | dividend_maintained (baja): Dividendo actual 3.85%,incompleto,pendiente_confirmacion,,,,57.88,57.88,57.88,ROE negativo durante 2 trimestres consecutivos | Ampliación de capital dilutiva | Recorte de rating a bono basura,12-18,"Bristol-Myers Squibb Company está un N/D por debajo de su máximo 52s. Fundamentalmente aceptable con ROE 46.6%, deuda neta/EBITDA 1.8x. Técnicamente 🟢 Volumen creciente, 🟢 base_pattern_detected. Clasificación: pendiente_confirmacion.","Bristol-Myers Squibb Company está un N/D por debajo de su máximo 52s. Fundamentalmente aceptable con ROE 46.6%, deuda neta/EBITDA 1.8x. Técnicamente 🟢 Volumen creciente, 🟢 base_pattern_detected. Clasificación: pendiente_confirmacion.",OK,
ALV.DE,Allianz SE                    v,EUROSTOXX,1.0,script-v2.0,1.0,2026-08-04T10:27:30.068028+02:00,46.8,50.5,91.0,15.0,0.0,12.0,36.0,30.0,6.0,605650.0,-1.4,-100.0,6.3,7.12,0.8,20.02,False,85.8,83.2,False,372.6,16.1,False,True,True,,pass,pendiente_confirmacion,pendiente,0.0,desconocido,Pendiente de implementar,confirmada,margin_stabilization (media): Margen operating 17.1% vs 10.5% (+6.6 pp) | eps_stabilization (media): EPS 9.56 vs 6.98 (Diluted EPS) | debt_reduction (alta): Deuda 0.0M vs 36881.0M | dividend_maintained (baja): Dividendo actual 3.95% con caída del 0.8%,incompleto,pendiente_confirmacion,405.7,412.65,405.70 - 412.65,368.61,370.43,368.61 - 370.43,Pérdida del soporte en 412.65 | ROE negativo durante 2 trimestres consecutivos | Ampliación de capital dilutiva | Recorte de rating a bono basura,6-12,"Allianz SE                    v está un 0.8% por debajo de su máximo 52s. Fundamentalmente aceptable con ROE 18.7%, deuda neta/EBITDA -1.4x. Técnicamente 🟡 MACD convergiendo, 🟢 Cerca de soporte. Clasificación: pendiente_confirmacion.","Allianz SE                    v está un 0.8% por debajo de su máximo 52s. Fundamentalmente aceptable con ROE 18.7%, deuda neta/EBITDA -1.4x. Técnicamente 🟡 MACD convergiendo, 🟢 Cerca de soporte. Clasificación: pendiente_confirmacion.",OK,
ABI.BR,AB INBEV,EUROSTOXX,1.0,script-v2.0,1.0,2026-08-04T10:28:19.507124+02:00,46.5,55.0,95.0,20.0,0.0,12.0,21.0,15.0,6.0,1985479.0,3.28,-0.4,0.0,11.01,1.6,3.4538,False,87.7,93.5,False,63.09,16.5,False,True,False,Sin suelo técnico identificado,pass,descarte,pendiente,0.0,desconocido,Pendiente de implementar,confirmada,margin_stabilization (media): Margen gross 57.5% vs 56.6% (+0.9 pp) | eps_stabilization (media): EPS 1.30 vs 0.99 (Diluted EPS) | debt_reduction (alta): Deuda 72732.0M vs 73027.0M | dividend_maintained (baja): Dividendo actual 1.57% con caída del 3.5%,sin_suelo,descarte,67.93,71.03,67.93 - 71.03,62.12,64.75,62.12 - 64.75,Pérdida del soporte en 67.93 | ROE negativo durante 2 trimestres consecutivos | Ampliación de capital dilutiva | Recorte de rating a bono basura,6-12,"AB INBEV está un 3.5% por debajo de su máximo 52s. Fundamentalmente aceptable con ROE 11.4%, deuda neta/EBITDA 3.3x. Técnicamente 🟡 trendline_break. Clasificación: descarte.","AB INBEV está un 3.5% por debajo de su máximo 52s. Fundamentalmente aceptable con ROE 11.4%, deuda neta/EBITDA 3.3x. Técnicamente 🟡 trendline_break. Clasificación: descarte.",OK,
SRG.MI,SNAM,EUROSTOXX,1.0,script-v2.0,1.0,2026-08-04T10:28:15.676235+02:00,46.4,41.5,65.0,21.0,0.0,1.0,61.0,44.0,17.0,6200226.0,6.2,11.7,-21.3,12.79,11.3,0.0676,False,3.4,10.9,False,5.98,-1.0,True,False,False,Sin señales de recuperación,pass,descarte,pendiente,0.0,desconocido,Pendiente de implementar,ausente,dividend_maintained (baja): Dividendo actual 5.07% con caída del 13.8%,razonable,descarte,5.62,5.92,5.62 - 5.92,5.84,5.91,5.84 - 5.91,Pérdida del soporte en 5.62 | ROE negativo durante 2 trimestres consecutivos | Ampliación de capital dilutiva | Recorte de rating a bono basura,6-12,"SNAM está un 13.8% por debajo de su máximo 52s. Fundamentalmente aceptable con ROE 12.4%, deuda neta/EBITDA 6.2x. Técnicamente 🔵 RSI en sobreventa, 🟢 Divergencia alcista RSI. Clasificación: descarte.","SNAM está un 13.8% por debajo de su máximo 52s. Fundamentalmente aceptable con ROE 12.4%, deuda neta/EBITDA 6.2x. Técnicamente 🔵 RSI en sobreventa, 🟢 Divergencia alcista RSI. Clasificación: descarte.",OK,
ADP,"Automatic Data Processing, Inc.",SP500,1.0,script-v2.0,1.0,2026-08-04T10:28:59.293979+02:00,46.4,46.2,99.0,0.0,0.0,4.0,47.0,35.0,12.0,2761801.0,0.18,25.1,2.5,16.97,,4.8322,False,,,False,231.31,,True,False,False,Sin señales de recuperación,pass,descarte,pendiente,0.0,desconocido,Pendiente de implementar,ausente,margin_stabilization (media): Margen gross 48.3% vs 46.1% (+2.2 pp) | dividend_maintained (baja): Dividendo actual 2.52%,razonable,descarte,,,,263.57,263.57,263.57,ROE negativo durante 2 trimestres consecutivos | Ampliación de capital dilutiva | Recorte de rating a bono basura,12-18,"Automatic Data Processing, Inc. está un N/D por debajo de su máximo 52s. Fundamentalmente aceptable con ROE 72.2%, deuda neta/EBITDA 0.2x. Técnicamente 🟢 Cruce alcista MACD, 🟢 base_pattern_detected. Clasificación: descarte.","Automatic Data Processing, Inc. está un N/D por debajo de su máximo 52s. Fundamentalmente aceptable con ROE 72.2%, deuda neta/EBITDA 0.2x. Técnicamente 🟢 Cruce alcista MACD, 🟢 base_pattern_detected. Clasificación: descarte.",OK,
IBM,International Business Machines,SP500,1.0,script-v2.0,1.0,2026-08-04T10:29:16.988042+02:00,46.1,43.9,94.0,0.0,0.0,12.0,53.0,41.0,12.0,11305825.0,3.47,-6.5,0.1,16.42,,-6.7926,False,,,False,267.76,,True,False,False,,pass,descarte,pendiente,0.0,desconocido,Pendiente de implementar,confirmada,margin_stabilization (media): Margen gross 57.7% vs 56.2% (+1.5 pp) | eps_stabilization (media): EPS 2.27 vs 1.28 (Diluted EPS) | debt_reduction (alta): Deuda 65272.0M vs 69802.0M | dividend_maintained (baja): Dividendo actual 2.99%,razonable,descarte,,,,282.59,282.59,282.59,ROE negativo durante 2 trimestres consecutivos | Ampliación de capital dilutiva | Recorte de rating a bono basura,12-18,"International Business Machines está un N/D por debajo de su máximo 52s. Fundamentalmente aceptable con ROE 34.5%, deuda neta/EBITDA 3.5x. Técnicamente 🟢 Cruce alcista MACD, 🟢 base_pattern_detected. Clasificación: descarte.","International Business Machines está un N/D por debajo de su máximo 52s. Fundamentalmente aceptable con ROE 34.5%, deuda neta/EBITDA 3.5x. Técnicamente 🟢 Cruce alcista MACD, 🟢 base_pattern_detected. Clasificación: descarte.",OK,
MSFT,Microsoft Corporation,SP500,1.0,script-v2.0,1.0,2026-08-04T10:29:45.948191+02:00,46.1,42.5,91.0,0.0,0.0,7.0,57.0,35.0,22.0,40329301.0,0.27,126.1,-0.0,18.91,,-7.0518,True,,,False,427.71,,True,False,False,,pass,descarte,pendiente,0.0,desconocido,Pendiente de implementar,parcial,margin_stabilization (media): Margen gross 67.2% vs 67.6% (-0.4 pp) | eps_stabilization (media): EPS 4.81 vs 4.27 (Diluted EPS) | dividend_maintained (baja): Dividendo actual 0.75%,razonable,descarte,,,,470.66,470.66,470.66,ROE negativo durante 2 trimestres consecutivos | Ampliación de capital dilutiva | Recorte de rating a bono basura,12-18,"Microsoft Corporation está un N/D por debajo de su máximo 52s. Fundamentalmente aceptable con ROE 34.0%, deuda neta/EBITDA 0.3x. Técnicamente 🟢 Divergencia alcista RSI, 🟢 Volumen creciente. Clasificación: descarte.","Microsoft Corporation está un N/D por debajo de su máximo 52s. Fundamentalmente aceptable con ROE 34.0%, deuda neta/EBITDA 0.3x. Técnicamente 🟢 Divergencia alcista RSI, 🟢 Volumen creciente. Clasificación: descarte.",OK,
PG,Procter & Gamble Company (The),SP500,1.0,script-v2.0,1.0,2026-08-04T10:28:46.790895+02:00,46.0,46.7,100.0,0.0,0.0,6.0,44.0,32.0,12.0,8886329.0,1.02,-6.8,0.4,15.6,,-0.1191,False,,,False,146.23,,True,False,True,,pass,pendiente_confirmacion,pendiente,0.0,desconocido,Pendiente de implementar,parcial,debt_reduction (alta): Deuda 34138.0M vs 36639.0M | dividend_maintained (baja): Dividendo actual 3.00%,incompleto,pendiente_confirmacion,,,,142.16,142.16,142.16,ROE negativo durante 2 trimestres consecutivos | Ampliación de capital dilutiva | Recorte de rating a bono basura,12-18,"Procter & Gamble Company (The) está un N/D por debajo de su máximo 52s. Fundamentalmente aceptable con ROE 30.3%, deuda neta/EBITDA 1.0x. Técnicamente 🟡 MACD convergiendo, 🟢 base_pattern_detected. Clasificación: pendiente_confirmacion.","Procter & Gamble Company (The) está un N/D por debajo de su máximo 52s. Fundamentalmente aceptable con ROE 30.3%, deuda neta/EBITDA 1.0x. Técnicamente 🟡 MACD convergiendo, 🟢 base_pattern_detected. Clasificación: pendiente_confirmacion.",OK,
IP,International Paper Company,SP500,1.0,script-v2.0,1.0,2026-08-04T10:29:44.261149+02:00,45.9,50.9,69.0,35.0,0.0,6.0,31.0,19.0,12.0,6102272.0,2.34,-6.1,-0.2,8.85,,0.1881,False,,,False,37.71,,True,False,True,,pass,pendiente_confirmacion,pendiente,0.0,desconocido,Pendiente de implementar,parcial,debt_reduction (alta): Deuda 9688.0M vs 10317.0M | dividend_maintained (baja): Dividendo actual 4.46%,incompleto,pendiente_confirmacion,,,,42.71,42.71,42.71,ROE negativo durante 2 trimestres consecutivos | Ampliación de capital dilutiva | Recorte de rating a bono basura,12-18,"International Paper Company está un N/D por debajo de su máximo 52s. Fundamentalmente aceptable con ROE -16.5%, deuda neta/EBITDA 2.3x. Técnicamente 🟢 base_pattern_detected. Clasificación: pendiente_confirmacion.","International Paper Company está un N/D por debajo de su máximo 52s. Fundamentalmente aceptable con ROE -16.5%, deuda neta/EBITDA 2.3x. Técnicamente 🟢 base_pattern_detected. Clasificación: pendiente_confirmacion.",OK,
BEN.AX,BEN ADE BK FPO [BEN],ASX,1.0,script-v2.0,1.0,2026-08-04T10:30:10.156401+02:00,45.9,48.8,60.0,39.0,0.0,6.0,37.0,19.0,18.0,1261564.0,,-16.1,,,11.7,0.0655,False,98.1,94.9,False,10.62,8.4,True,True,True,,pass,pendiente_confirmacion,pendiente,0.0,desconocido,Pendiente de implementar,parcial,debt_reduction (alta): Deuda 9544.2M vs 11371.4M | dividend_maintained (baja): Dividendo actual 5.21% con caída del 16.2%,incompleto,pendiente_confirmacion,10.17,10.6,10.17 - 10.60,10.69,11.67,10.69 - 11.67,Pérdida del soporte en 10.17 | ROE negativo durante 2 trimestres consecutivos | Ampliación de capital dilutiva | Recorte de rating a bono basura,6-12,"BEN ADE BK FPO [BEN] está un 16.2% por debajo de su máximo 52s. Fundamentalmente aceptable con ROE -1.2%, dividendo 5.2%. Técnicamente 🟢 base_pattern_detected, 🟡 trendline_break. Clasificación: pendiente_confirmacion.","BEN ADE BK FPO [BEN] está un 16.2% por debajo de su máximo 52s. Fundamentalmente aceptable con ROE -1.2%, dividendo 5.2%. Técnicamente 🟢 base_pattern_detected, 🟡 trendline_break. Clasificación: pendiente_confirmacion.",OK,
TEN.MI,TENARIS,EUROSTOXX,1.0,script-v2.0,1.0,2026-08-04T10:28:18.241550+02:00,45.8,44.7,74.0,19.0,0.0,7.0,49.0,37.0,12.0,1506507.0,-1.04,5.5,4.5,7.91,9.6,1.1132,False,57.9,35.3,False,21.96,14.5,True,False,False,,pass,descarte,pendiente,0.0,desconocido,Pendiente de implementar,parcial,margin_stabilization (media): Margen gross 33.9% vs 33.9% (-0.0 pp) | eps_stabilization (media): EPS 0.54 vs 0.44 (Diluted EPS) | dividend_maintained (baja): Dividendo actual 3.06% con caída del 9.6%,razonable,descarte,23.9,25.15,23.90 - 25.15,21.52,23.65,21.52 - 23.65,Pérdida del soporte en 23.90 | ROE negativo durante 2 trimestres consecutivos | Ampliación de capital dilutiva | Recorte de rating a bono basura,6-12,"TENARIS está un 9.6% por debajo de su máximo 52s. Fundamentalmente aceptable con ROE 11.6%, deuda neta/EBITDA -1.0x. Técnicamente 🟢 Divergencia alcista RSI, 🟢 Cerca de soporte. Clasificación: descarte.","TENARIS está un 9.6% por debajo de su máximo 52s. Fundamentalmente aceptable con ROE 11.6%, deuda neta/EBITDA -1.0x. Técnicamente 🟢 Divergencia alcista RSI, 🟢 Cerca de soporte. Clasificación: descarte.",OK,
4502.T,TAKEDA PHARMACEUTICAL CO LTD,ASIA,1.0,script-v2.0,1.0,2026-08-04T10:30:17.198562+02:00,45.8,38.4,56.0,23.0,0.0,7.0,68.0,45.0,23.0,4257573.0,4.06,13.4,-1.0,10.9,12.4,91.6568,False,5.7,23.4,False,5155.14,2.5,True,True,False,,pass,descarte,pendiente,0.0,desconocido,Pendiente de implementar,parcial,"margin_stabilization (media): Margen gross 66.7% vs 62.9% (+3.7 pp) | dividend_maintained (baja): Dividendo actual 3.86% con caída del 12.4% | analyst_upgrade (media): Target 6375.19 vs precio 5286.00 (+21%), recMean 1.88, recKey buy",razonable,descarte,5076.4,5234.58,5076.40 - 5234.58,5060.88,5128.05,5060.88 - 5128.05,Pérdida del soporte en 5076.40 | ROE negativo durante 2 trimestres consecutivos | Ampliación de capital dilutiva | Recorte de rating a bono basura,6-12,"TAKEDA PHARMACEUTICAL CO LTD está un 12.4% por debajo de su máximo 52s. Fundamentalmente débil con ROE -2.3%, deuda neta/EBITDA 4.1x. Técnicamente 🟢 Divergencia alcista RSI, 🟢 Cerca de soporte. Clasificación: descarte.","TAKEDA PHARMACEUTICAL CO LTD está un 12.4% por debajo de su máximo 52s. Fundamentalmente débil con ROE -2.3%, deuda neta/EBITDA 4.1x. Técnicamente 🟢 Divergencia alcista RSI, 🟢 Cerca de soporte. Clasificación: descarte.",OK,
9434.T,SOFTBANK CORP.,ASIA,1.0,script-v2.0,1.0,2026-08-04T10:30:16.077780+02:00,45.6,42.2,79.0,10.0,0.0,4.0,56.0,39.0,17.0,80195773.0,2.84,0.3,,9.85,7.6,1.3852,False,13.9,32.9,False,214.49,2.8,True,False,False,Sin señales de recuperación,pass,descarte,pendiente,0.0,desconocido,Pendiente de implementar,ausente,eps_stabilization (media): EPS 11.27 vs 10.84 (annual_eps_fallback) | dividend_maintained (baja): Dividendo actual 3.99% con caída del 11.1%,razonable,descarte,210.49,215.41,210.49 - 215.41,210.72,214.41,210.72 - 214.41,Pérdida del soporte en 210.49 | ROE negativo durante 2 trimestres consecutivos | Ampliación de capital dilutiva | Recorte de rating a bono basura,6-12,"SOFTBANK CORP. está un 11.1% por debajo de su máximo 52s. Fundamentalmente aceptable con ROE 16.3%, deuda neta/EBITDA 2.8x. Técnicamente 🟢 Divergencia alcista RSI, 🟢 Cerca de soporte. Clasificación: descarte.","SOFTBANK CORP. está un 11.1% por debajo de su máximo 52s. Fundamentalmente aceptable con ROE 16.3%, deuda neta/EBITDA 2.8x. Técnicamente 🟢 Divergencia alcista RSI, 🟢 Cerca de soporte. Clasificación: descarte.",OK,
DB1.DE,DEUTSCHE BOERSE AG            N,EUROSTOXX,1.0,script-v2.0,1.0,2026-08-04T10:27:39.020868+02:00,45.5,46.7,100.0,0.0,0.0,9.0,42.0,24.0,18.0,371495.0,1.32,-35.4,29.6,15.81,6.7,7.2621,False,88.5,87.1,False,234.29,14.3,True,True,True,,pass,pendiente_confirmacion,pendiente,0.0,desconocido,Pendiente de implementar,parcial,eps_stabilization (media): EPS 3.21 vs 2.68 (Diluted EPS) | debt_reduction (alta): Deuda 6187.0M vs 9583.0M | dividend_maintained (baja): Dividendo actual 1.57% con caída del 1.0%,incompleto,pendiente_confirmacion,250.71,258.0,250.71 - 258.00,229.92,232.25,229.92 - 232.25,Pérdida del soporte en 258.00 | ROE negativo durante 2 trimestres consecutivos | Ampliación de capital dilutiva | Recorte de rating a bono basura,6-12,"DEUTSCHE BOERSE AG            N está un 1.0% por debajo de su máximo 52s. Fundamentalmente aceptable con ROE 20.4%, deuda neta/EBITDA 1.3x. Técnicamente 🟢 Cerca de soporte, 🟢 base_pattern_detected. Clasificación: pendiente_confirmacion.","DEUTSCHE BOERSE AG            N está un 1.0% por debajo de su máximo 52s. Fundamentalmente aceptable con ROE 20.4%, deuda neta/EBITDA 1.3x. Técnicamente 🟢 Cerca de soporte, 🟢 base_pattern_detected. Clasificación: pendiente_confirmacion.",OK,
WDS.AX,WOODSIDE FPO [WDS],ASX,1.0,script-v2.0,1.0,2026-08-04T10:30:02.381449+02:00,45.4,47.3,83.0,16.0,0.0,1.0,40.0,28.0,12.0,5145295.0,0.99,1.2,,9.36,8.0,1.0215,False,90.5,86.9,False,28.49,15.7,True,False,False,Sin señales de recuperación,pass,descarte,pendiente,0.0,desconocido,Pendiente de implementar,ausente,dividend_maintained (baja): Dividendo actual 5.01% con caída del 8.0%,incompleto,descarte,30.17,30.26,30.17 - 30.26,28.1,30.45,28.10 - 30.45,Pérdida del soporte en 30.26 | ROE negativo durante 2 trimestres consecutivos | Ampliación de capital dilutiva | Recorte de rating a bono basura,6-12,"WOODSIDE FPO [WDS] está un 8.0% por debajo de su máximo 52s. Fundamentalmente aceptable con ROE 7.2%, deuda neta/EBITDA 1.0x. Técnicamente 🟢 Divergencia alcista RSI, 🟢 base_pattern_detected. Clasificación: descarte.","WOODSIDE FPO [WDS] está un 8.0% por debajo de su máximo 52s. Fundamentalmente aceptable con ROE 7.2%, deuda neta/EBITDA 1.0x. Técnicamente 🟢 Divergencia alcista RSI, 🟢 base_pattern_detected. Clasificación: descarte.",OK,
UNA.AS,UNILEVER PLC,EUROSTOXX,1.0,script-v2.0,1.0,2026-08-04T10:28:09.675247+02:00,45.2,36.7,74.0,4.0,0.0,4.0,71.0,53.0,18.0,1329062.0,2.41,4.7,,13.62,11.3,0.541,False,42.2,66.2,False,53.21,3.8,True,True,False,Sin señales de recuperación,pass,descarte,pendiente,0.0,desconocido,Pendiente de implementar,ausente,eps_stabilization (media): EPS 4.32 vs 2.58 (annual_eps_fallback) | dividend_maintained (baja): Dividendo actual 3.46% con caída del 12.8%,fuerte,descarte,52.22,54.77,52.22 - 54.77,53.1,53.88,53.10 - 53.88,Pérdida del soporte en 54.77 | ROE negativo durante 2 trimestres consecutivos | Ampliación de capital dilutiva | Recorte de rating a bono basura,6-12,"UNILEVER PLC está un 12.8% por debajo de su máximo 52s. Fundamentalmente débil con ROE 31.9%, deuda neta/EBITDA 2.4x. Técnicamente 🟢 Cruce alcista MACD, 🟢 Cerca de soporte. Clasificación: descarte.","UNILEVER PLC está un 12.8% por debajo de su máximo 52s. Fundamentalmente débil con ROE 31.9%, deuda neta/EBITDA 2.4x. Técnicamente 🟢 Cruce alcista MACD, 🟢 Cerca de soporte. Clasificación: descarte.",OK,
SWK,"Stanley Black & Decker, Inc.",SP500,1.0,script-v2.0,1.0,2026-08-04T10:28:57.171806+02:00,45.2,46.6,85.0,13.0,0.0,12.0,41.0,41.0,0.0,1720406.0,2.58,-19.8,0.3,10.85,,4.7469,False,,,False,77.8,,False,False,True,,pass,pendiente_confirmacion,pendiente,0.0,desconocido,Pendiente de implementar,confirmada,margin_stabilization (media): Margen gross 33.0% vs 30.1% (+2.9 pp) | eps_stabilization (media): EPS 2.33 vs 0.39 (Diluted EPS) | debt_reduction (alta): Deuda 5211.5M vs 6501.2M | dividend_maintained (baja): Dividendo actual 3.42%,incompleto,pendiente_confirmacion,,,,83.41,83.41,83.41,ROE negativo durante 2 trimestres consecutivos | Ampliación de capital dilutiva | Recorte de rating a bono basura,12-18,"Stanley Black & Decker, Inc. está un N/D por debajo de su máximo 52s. Fundamentalmente aceptable con ROE 6.9%, deuda neta/EBITDA 2.6x. Técnicamente 🟢 Cruce alcista MACD, 🟢 Volumen creciente. Clasificación: pendiente_confirmacion.","Stanley Black & Decker, Inc. está un N/D por debajo de su máximo 52s. Fundamentalmente aceptable con ROE 6.9%, deuda neta/EBITDA 2.6x. Técnicamente 🟢 Cruce alcista MACD, 🟢 Volumen creciente. Clasificación: pendiente_confirmacion.",OK,
055550.KS,ShinhanGroup,ASIA,1.0,script-v2.0,1.0,2026-08-04T10:30:42.563054+02:00,45.1,45.8,73.0,22.0,0.0,7.0,43.0,25.0,18.0,1478099.0,,21.7,,,9.0,4794.1877,False,41.6,38.5,False,91226.07,12.1,True,True,True,,pass,pendiente_confirmacion,pendiente,0.0,desconocido,Pendiente de implementar,parcial,"eps_stabilization (media): EPS 3327.00 vs 1070.12 (Diluted EPS) | dividend_maintained (baja): Dividendo actual 2.89% con caída del 9.7% | analyst_upgrade (media): Target 130100.00 vs precio 102300.00 (+27%), recMean 1.40, recKey strong_buy",incompleto,pendiente_confirmacion,95484.87,100440.52,95484.87 - 100440.52,88647.52,96305.0,88647.52 - 96305.00,Pérdida del soporte en 95484.87 | ROE negativo durante 2 trimestres consecutivos | Ampliación de capital dilutiva | Recorte de rating a bono basura,6-12,"ShinhanGroup está un 9.7% por debajo de su máximo 52s. Fundamentalmente aceptable con ROE 8.9%, dividendo 2.9%. Técnicamente 🟡 MACD convergiendo, 🟢 base_pattern_detected. Clasificación: pendiente_confirmacion.","ShinhanGroup está un 9.7% por debajo de su máximo 52s. Fundamentalmente aceptable con ROE 8.9%, dividendo 2.9%. Técnicamente 🟡 MACD convergiendo, 🟢 base_pattern_detected. Clasificación: pendiente_confirmacion.",OK,
G.MI,GENERALI,EUROSTOXX,1.0,script-v2.0,1.0,2026-08-04T10:28:14.969102+02:00,45.0,48.0,96.0,6.0,0.0,4.0,36.0,30.0,6.0,2579978.0,4.02,2.4,,12.85,0.3,2.6908,False,96.4,94.7,False,36.13,23.0,False,True,False,Sin señales de recuperación,pass,descarte,pendiente,0.0,desconocido,Pendiente de implementar,ausente,eps_stabilization (media): EPS 1.49 vs 0.70 (Diluted EPS) | dividend_maintained (baja): Dividendo actual 3.69% con caída del 0.3%,incompleto,descarte,41.64,41.75,41.64 - 41.75,35.59,37.87,35.59 - 37.87,Pérdida del soporte en 41.75 | ROE negativo durante 2 trimestres consecutivos | Ampliación de capital dilutiva | Recorte de rating a bono basura,6-12,"GENERALI está un 0.3% por debajo de su máximo 52s. Fundamentalmente aceptable con ROE 13.7%, deuda neta/EBITDA 4.0x. Técnicamente 🟢 Cruce alcista MACD, 🟡 trendline_break. Clasificación: descarte.","GENERALI está un 0.3% por debajo de su máximo 52s. Fundamentalmente aceptable con ROE 13.7%, deuda neta/EBITDA 4.0x. Técnicamente 🟢 Cruce alcista MACD, 🟡 trendline_break. Clasificación: descarte.",OK,
TLS.AX,TELSTRA FPO [TLS],ASX,1.0,script-v2.0,1.0,2026-08-04T10:29:57.801573+02:00,45.0,45.7,82.0,14.0,0.0,4.0,43.0,28.0,15.0,24423028.0,2.42,,,10.73,9.0,-0.0042,True,90.5,72.6,False,5.03,0.9,False,False,False,Sin señales de recuperación,pass,descarte,pendiente,0.0,desconocido,Pendiente de implementar,ausente,eps_stabilization (media): EPS 0.19 vs 0.14 (annual_eps_fallback) | dividend_maintained (baja): Dividendo actual 4.13% con caída del 9.0%,incompleto,descarte,4.83,5.06,4.83 - 5.06,4.74,5.02,4.74 - 5.02,Pérdida del soporte en 4.83 | ROE negativo durante 2 trimestres consecutivos | Ampliación de capital dilutiva | Recorte de rating a bono basura,6-12,"TELSTRA FPO [TLS] está un 9.0% por debajo de su máximo 52s. Fundamentalmente aceptable con ROE 14.8%, deuda neta/EBITDA 2.4x. Técnicamente 🟢 Divergencia alcista RSI, 🟢 MACD semanal girando al alza. Clasificación: descarte.","TELSTRA FPO [TLS] está un 9.0% por debajo de su máximo 52s. Fundamentalmente aceptable con ROE 14.8%, deuda neta/EBITDA 2.4x. Técnicamente 🟢 Divergencia alcista RSI, 🟢 MACD semanal girando al alza. Clasificación: descarte.",OK,
AAPL,Apple Inc.,SP500,1.0,script-v2.0,1.0,2026-08-04T10:29:46.075549+02:00,45.0,45.7,98.0,0.0,0.0,12.0,43.0,43.0,0.0,56470782.0,0.13,-0.4,-0.0,26.5,,15.5068,False,,,False,278.68,,False,False,True,,pass,pendiente_confirmacion,pendiente,0.0,desconocido,Pendiente de implementar,confirmada,margin_stabilization (media): Margen gross 50.1% vs 49.3% (+0.8 pp) | eps_stabilization (media): EPS 2.02 vs 2.01 (Diluted EPS) | debt_reduction (alta): Deuda 84344.0M vs 84711.0M | dividend_maintained (baja): Dividendo actual 0.36%,incompleto,pendiente_confirmacion,,,,292.88,292.88,292.88,ROE negativo durante 2 trimestres consecutivos | Ampliación de capital dilutiva | Recorte de rating a bono basura,12-18,"Apple Inc. está un N/D por debajo de su máximo 52s. Fundamentalmente aceptable con ROE 148.8%, deuda neta/EBITDA 0.1x. Técnicamente 🟡 MACD convergiendo, 🟢 Volumen creciente. Clasificación: pendiente_confirmacion.","Apple Inc. está un N/D por debajo de su máximo 52s. Fundamentalmente aceptable con ROE 148.8%, deuda neta/EBITDA 0.1x. Técnicamente 🟡 MACD convergiendo, 🟢 Volumen creciente. Clasificación: pendiente_confirmacion.",OK,
FDX,FedEx Corporation,SP500,1.0,script-v2.0,1.0,2026-08-04T10:29:20.392461+02:00,44.9,49.2,86.0,17.0,0.0,7.0,32.0,32.0,0.0,2056236.0,2.48,2.2,5.6,8.66,,14.0163,False,,,False,280.2,,False,False,True,,pass,pendiente_confirmacion,pendiente,0.0,desconocido,Pendiente de implementar,parcial,margin_stabilization (media): Margen gross 22.7% vs 21.3% (+1.3 pp) | eps_stabilization (media): EPS 6.60 vs 4.41 (Diluted EPS) | dividend_maintained (baja): Dividendo actual 1.58%,incompleto,pendiente_confirmacion,,,,293.56,293.56,293.56,ROE negativo durante 2 trimestres consecutivos | Ampliación de capital dilutiva | Recorte de rating a bono basura,12-18,"FedEx Corporation está un N/D por debajo de su máximo 52s. Fundamentalmente aceptable con ROE 14.8%, deuda neta/EBITDA 2.5x. Técnicamente 🟡 MACD convergiendo. Clasificación: pendiente_confirmacion.","FedEx Corporation está un N/D por debajo de su máximo 52s. Fundamentalmente aceptable con ROE 14.8%, deuda neta/EBITDA 2.5x. Técnicamente 🟡 MACD convergiendo. Clasificación: pendiente_confirmacion.",OK,
BP.L,BP PLC $0.25,EUROSTOXX,1.0,script-v2.0,1.0,2026-08-04T10:28:31.690099+02:00,44.8,44.7,74.0,19.0,0.0,7.0,45.0,33.0,12.0,40665016.0,1.12,2.3,9.7,4.21,8.6,11.1428,False,91.9,87.7,False,500.8,11.2,True,False,False,,pass,descarte,pendiente,0.0,desconocido,Pendiente de implementar,parcial,margin_stabilization (media): Margen gross 24.2% vs 16.2% (+8.0 pp) | eps_stabilization (media): EPS 0.25 vs -0.22 (Diluted EPS) | dividend_maintained (baja): Dividendo actual 0.04% con caída del 8.6%,razonable,descarte,513.51,532.08,513.51 - 532.08,495.08,517.99,495.08 - 517.99,Pérdida del soporte en 532.08 | ROE negativo durante 2 trimestres consecutivos | Ampliación de capital dilutiva | Recorte de rating a bono basura,6-12,"BP PLC $0.25 está un 8.6% por debajo de su máximo 52s. Fundamentalmente aceptable con ROE 5.8%, deuda neta/EBITDA 1.1x. Técnicamente 🟢 Divergencia alcista RSI, 🟢 Cerca de soporte. Clasificación: descarte.","BP PLC $0.25 está un 8.6% por debajo de su máximo 52s. Fundamentalmente aceptable con ROE 5.8%, deuda neta/EBITDA 1.1x. Técnicamente 🟢 Divergencia alcista RSI, 🟢 Cerca de soporte. Clasificación: descarte.",OK,
2914.T,JAPAN TOBACCO INC,ASIA,1.0,script-v2.0,1.0,2026-08-04T10:30:27.369732+02:00,44.8,49.3,92.0,12.0,0.0,4.0,31.0,25.0,6.0,4877762.0,0.73,12.4,,11.45,5.5,306.3201,False,64.8,79.3,False,5833.07,16.9,False,True,False,Sin señales de recuperación,pass,descarte,pendiente,0.0,desconocido,Pendiente de implementar,ausente,eps_stabilization (media): EPS 110.97 vs 88.68 (Diluted EPS) | dividend_maintained (baja): Dividendo actual 3.99% con caída del 5.5%,incompleto,descarte,5716.5,6157.63,5716.50 - 6157.63,5718.66,6135.3,5718.66 - 6135.30,Pérdida del soporte en 5716.50 | ROE negativo durante 2 trimestres consecutivos | Ampliación de capital dilutiva | Recorte de rating a bono basura,6-12,"JAPAN TOBACCO INC está un 5.5% por debajo de su máximo 52s. Fundamentalmente aceptable con ROE 14.0%, deuda neta/EBITDA 0.7x. Técnicamente 🟢 Volumen creciente, 🟡 trendline_break. Clasificación: descarte.","JAPAN TOBACCO INC está un 5.5% por debajo de su máximo 52s. Fundamentalmente aceptable con ROE 14.0%, deuda neta/EBITDA 0.7x. Técnicamente 🟢 Volumen creciente, 🟡 trendline_break. Clasificación: descarte.",OK,
SON.LS,SONAE,EUROSTOXX,1.0,script-v2.0,1.0,2026-08-04T10:28:24.812488+02:00,44.6,45.9,80.0,16.0,0.0,9.0,41.0,35.0,6.0,1750645.0,4.5,-5.4,-7.2,10.35,4.2,0.105,False,53.6,44.7,False,1.81,14.2,False,True,True,,pass,pendiente_confirmacion,pendiente,0.0,desconocido,Pendiente de implementar,parcial,eps_stabilization (media): EPS 0.04 vs 0.02 (Diluted EPS) | debt_reduction (alta): Deuda 3592.0M vs 3795.3M | dividend_maintained (baja): Dividendo actual 2.91% con caída del 4.2%,incompleto,pendiente_confirmacion,2.01,2.06,2.01 - 2.06,1.77,1.83,1.77 - 1.83,Pérdida del soporte en 2.06 | ROE negativo durante 2 trimestres consecutivos | Ampliación de capital dilutiva | Recorte de rating a bono basura,6-12,"SONAE está un 4.2% por debajo de su máximo 52s. Fundamentalmente aceptable con ROE 8.7%, deuda neta/EBITDA 4.5x. Técnicamente 🟡 MACD convergiendo, 🟢 Cerca de soporte. Clasificación: pendiente_confirmacion.","SONAE está un 4.2% por debajo de su máximo 52s. Fundamentalmente aceptable con ROE 8.7%, deuda neta/EBITDA 4.5x. Técnicamente 🟡 MACD convergiendo, 🟢 Cerca de soporte. Clasificación: pendiente_confirmacion.",OK,
WMT,Walmart Inc.,SP500,1.0,script-v2.0,1.0,2026-08-04T10:29:13.651051+02:00,44.6,42.5,91.0,0.0,0.0,10.0,51.0,39.0,12.0,22947562.0,1.45,12.6,-0.0,21.24,,-1.5871,False,,,False,118.32,,True,False,False,,pass,descarte,pendiente,0.0,desconocido,Pendiente de implementar,parcial,"margin_stabilization (media): Margen gross 25.1% vs 24.7% (+0.5 pp) | eps_stabilization (media): EPS 0.67 vs 0.53 (Diluted EPS) | dividend_maintained (baja): Dividendo actual 0.89% | analyst_upgrade (media): Target 138.02 vs precio 110.71 (+25%), recMean 1.53, recKey buy",razonable,descarte,,,,114.89,114.89,114.89,ROE negativo durante 2 trimestres consecutivos | Ampliación de capital dilutiva | Recorte de rating a bono basura,12-18,"Walmart Inc. está un N/D por debajo de su máximo 52s. Fundamentalmente aceptable con ROE 24.1%, deuda neta/EBITDA 1.4x. Técnicamente 🟢 Divergencia alcista RSI, 🟢 base_pattern_detected. Clasificación: descarte.","Walmart Inc. está un N/D por debajo de su máximo 52s. Fundamentalmente aceptable con ROE 24.1%, deuda neta/EBITDA 1.4x. Técnicamente 🟢 Divergencia alcista RSI, 🟢 base_pattern_detected. Clasificación: descarte.",OK,
SIE.DE,SIEMENS AG                    N,EUROSTOXX,1.0,script-v2.0,1.0,2026-08-04T10:27:36.015846+02:00,44.5,43.4,93.0,0.0,0.0,9.0,48.0,30.0,18.0,1026228.0,3.84,-4.1,-0.0,23.12,0.4,11.7822,False,96.3,83.4,False,247.27,16.6,True,True,False,,pass,descarte,pendiente,0.0,desconocido,Pendiente de implementar,parcial,eps_stabilization (media): EPS 2.58 vs 2.58 (Diluted EPS) | debt_reduction (alta): Deuda 54161.0M vs 56465.0M | dividend_maintained (baja): Dividendo actual 1.86% con caída del 0.4%,razonable,descarte,262.35,272.14,262.35 - 272.14,245.99,246.26,245.99 - 246.26,Pérdida del soporte en 262.35 | ROE negativo durante 2 trimestres consecutivos | Ampliación de capital dilutiva | Recorte de rating a bono basura,6-12,"SIEMENS AG                    N está un 0.4% por debajo de su máximo 52s. Fundamentalmente aceptable con ROE 12.6%, deuda neta/EBITDA 3.8x. Técnicamente 🟢 Cruce alcista MACD, 🟢 base_pattern_detected. Clasificación: descarte.","SIEMENS AG                    N está un 0.4% por debajo de su máximo 52s. Fundamentalmente aceptable con ROE 12.6%, deuda neta/EBITDA 3.8x. Técnicamente 🟢 Cruce alcista MACD, 🟢 base_pattern_detected. Clasificación: descarte.",OK,
CVX,Chevron Corporation,SP500,1.0,script-v2.0,1.0,2026-08-04T10:28:53.303013+02:00,44.5,46.1,85.0,12.0,0.0,4.0,40.0,28.0,12.0,9114485.0,0.79,11.5,14.0,8.39,,4.0783,False,,,False,174.86,,True,False,False,Sin señales de recuperación,pass,descarte,pendiente,0.0,desconocido,Pendiente de implementar,ausente,eps_stabilization (media): EPS 6.11 vs 1.11 (Diluted EPS) | dividend_maintained (baja): Dividendo actual 3.69%,incompleto,descarte,,,,182.5,182.5,182.50,ROE negativo durante 2 trimestres consecutivos | Ampliación de capital dilutiva | Recorte de rating a bono basura,12-18,"Chevron Corporation está un N/D por debajo de su máximo 52s. Fundamentalmente aceptable con deuda neta/EBITDA 0.8x, dividendo 3.7%. Técnicamente 🟢 Divergencia alcista RSI, 🟢 base_pattern_detected. Clasificación: descarte.","Chevron Corporation está un N/D por debajo de su máximo 52s. Fundamentalmente aceptable con deuda neta/EBITDA 0.8x, dividendo 3.7%. Técnicamente 🟢 Divergencia alcista RSI, 🟢 base_pattern_detected. Clasificación: descarte.",OK,
ACA.PA,CREDIT AGRICOLE,EUROSTOXX,1.0,script-v2.0,1.0,2026-08-04T10:28:02.660174+02:00,44.4,48.2,69.0,30.0,0.0,1.0,33.0,15.0,18.0,5336486.0,,68.6,,,1.3,0.7345,False,88.7,85.0,False,16.48,17.3,True,True,False,Sin señales de recuperación,pass,descarte,pendiente,0.0,desconocido,Pendiente de implementar,ausente,dividend_maintained (baja): Dividendo actual 5.85% con caída del 2.4%,incompleto,descarte,15.97,17.42,15.97 - 17.42,16.33,16.82,16.33 - 16.82,Pérdida del soporte en 15.97 | ROE negativo durante 2 trimestres consecutivos | Ampliación de capital dilutiva | Recorte de rating a bono basura,6-12,"CREDIT AGRICOLE está un 2.4% por debajo de su máximo 52s. Fundamentalmente aceptable con ROE 8.6%, dividendo 5.8%. Técnicamente 🟢 base_pattern_detected, 🟡 trendline_break. Clasificación: descarte.","CREDIT AGRICOLE está un 2.4% por debajo de su máximo 52s. Fundamentalmente aceptable con ROE 8.6%, dividendo 5.8%. Técnicamente 🟢 base_pattern_detected, 🟡 trendline_break. Clasificación: descarte.",OK,
KO,Coca-Cola Company (The),SP500,1.0,script-v2.0,1.0,2026-08-04T10:28:47.556184+02:00,44.3,43.4,93.0,0.0,0.0,7.0,47.0,35.0,12.0,17670880.0,1.64,0.8,0.0,23.75,,2.8689,False,,,False,75.98,,True,False,False,,pass,descarte,pendiente,0.0,desconocido,Pendiente de implementar,parcial,margin_stabilization (media): Margen gross 62.9% vs 63.0% (-0.1 pp) | eps_stabilization (media): EPS 1.03 vs 0.91 (Diluted EPS) | dividend_maintained (baja): Dividendo actual 2.44%,razonable,descarte,,,,77.28,77.28,77.28,ROE negativo durante 2 trimestres consecutivos | Ampliación de capital dilutiva | Recorte de rating a bono basura,12-18,"Coca-Cola Company (The) está un N/D por debajo de su máximo 52s. Fundamentalmente aceptable con ROE 42.1%, deuda neta/EBITDA 1.6x. Técnicamente 🟢 Cruce alcista MACD, 🟢 base_pattern_detected. Clasificación: descarte.","Coca-Cola Company (The) está un N/D por debajo de su máximo 52s. Fundamentalmente aceptable con ROE 42.1%, deuda neta/EBITDA 1.6x. Técnicamente 🟢 Cruce alcista MACD, 🟢 base_pattern_detected. Clasificación: descarte.",OK,
ZURN.SW,ZURICH INSURANCE N,EUROSTOXX,1.0,script-v2.0,1.0,2026-08-04T10:28:30.653868+02:00,44.2,50.0,90.0,15.0,0.0,4.0,27.0,21.0,6.0,255273.0,-1.7,22.3,,6.58,2.9,20.6204,False,32.3,50.6,False,555.84,9.4,False,True,False,Sin señales de recuperación,pass,descarte,pendiente,0.0,desconocido,Pendiente de implementar,ausente,eps_stabilization (media): EPS 47.20 vs 40.15 (annual_eps_fallback) | dividend_maintained (baja): Dividendo actual 4.93% con caída del 2.9%,incompleto,descarte,590.65,607.85,590.65 - 607.85,532.1,552.4,532.10 - 552.40,Pérdida del soporte en 607.85 | ROE negativo durante 2 trimestres consecutivos | Ampliación de capital dilutiva | Recorte de rating a bono basura,6-12,"ZURICH INSURANCE N está un 2.9% por debajo de su máximo 52s. Fundamentalmente aceptable con ROE 25.2%, deuda neta/EBITDA -1.7x. Técnicamente 🟢 Cerca de soporte, 🟡 trendline_break. Clasificación: descarte.","ZURICH INSURANCE N está un 2.9% por debajo de su máximo 52s. Fundamentalmente aceptable con ROE 25.2%, deuda neta/EBITDA -1.7x. Técnicamente 🟢 Cerca de soporte, 🟡 trendline_break. Clasificación: descarte.",OK,
JNJ,Johnson & Johnson,SP500,1.0,script-v2.0,1.0,2026-08-04T10:28:45.323028+02:00,44.2,46.7,100.0,0.0,0.0,12.0,37.0,25.0,12.0,8269898.0,0.81,-10.8,0.2,18.39,,11.1864,False,,,False,227.13,,True,False,True,,pass,pendiente_confirmacion,pendiente,0.0,desconocido,Pendiente de implementar,confirmada,margin_stabilization (media): Margen gross 68.2% vs 66.3% (+1.9 pp) | eps_stabilization (media): EPS 2.27 vs 2.14 (Diluted EPS) | debt_reduction (alta): Deuda 49036.0M vs 54987.0M | dividend_maintained (baja): Dividendo actual 2.11%,incompleto,pendiente_confirmacion,,,,233.66,233.66,233.66,ROE negativo durante 2 trimestres consecutivos | Ampliación de capital dilutiva | Recorte de rating a bono basura,12-18,"Johnson & Johnson está un N/D por debajo de su máximo 52s. Fundamentalmente aceptable con ROE 25.7%, deuda neta/EBITDA 0.8x. Técnicamente 🟡 MACD convergiendo, 🟢 base_pattern_detected. Clasificación: pendiente_confirmacion.","Johnson & Johnson está un N/D por debajo de su máximo 52s. Fundamentalmente aceptable con ROE 25.7%, deuda neta/EBITDA 0.8x. Técnicamente 🟡 MACD convergiendo, 🟢 base_pattern_detected. Clasificación: pendiente_confirmacion.",OK,
WBC.AX,WESTPAC FPO [WBC],ASX,1.0,script-v2.0,1.0,2026-08-04T10:29:54.534659+02:00,44.1,36.9,71.0,7.0,0.0,1.0,66.0,33.0,33.0,5006361.0,,21.4,,,8.6,-0.1721,True,92.9,81.7,False,37.94,2.3,True,True,False,Sin señales de recuperación,pass,descarte,pendiente,0.0,desconocido,Pendiente de implementar,ausente,dividend_maintained (baja): Dividendo actual 3.97% con caída del 10.4%,razonable,descarte,36.1,36.29,36.10 - 36.29,36.82,37.89,36.82 - 37.89,Pérdida del soporte en 36.29 | ROE negativo durante 2 trimestres consecutivos | Ampliación de capital dilutiva | Recorte de rating a bono basura,6-12,"WESTPAC FPO [WBC] está un 10.4% por debajo de su máximo 52s. Fundamentalmente débil con ROE 9.8%, dividendo 4.0%. Técnicamente 🟢 Divergencia alcista RSI, 🟢 MACD semanal girando al alza. Clasificación: descarte.","WESTPAC FPO [WBC] está un 10.4% por debajo de su máximo 52s. Fundamentalmente débil con ROE 9.8%, dividendo 4.0%. Técnicamente 🟢 Divergencia alcista RSI, 🟢 MACD semanal girando al alza. Clasificación: descarte.",OK,
LLOY.L,LLOYDS BANKING GROUP PLC ORD 10,EUROSTOXX,1.0,script-v2.0,1.0,2026-08-04T10:28:35.483360+02:00,44.1,45.9,64.0,30.0,0.0,4.0,39.0,21.0,18.0,158516403.0,,66.3,,,0.8,5.2391,False,91.3,85.1,False,100.99,15.8,True,True,False,Sin señales de recuperación,pass,descarte,pendiente,0.0,desconocido,Pendiente de implementar,ausente,eps_stabilization (media): EPS 0.02 vs 0.02 (Diluted EPS) | dividend_maintained (baja): Dividendo actual 0.03% con caída del 0.8%,incompleto,descarte,108.11,109.65,108.11 - 109.65,99.91,100.22,99.91 - 100.22,Pérdida del soporte en 109.65 | ROE negativo durante 2 trimestres consecutivos | Ampliación de capital dilutiva | Recorte de rating a bono basura,6-12,"LLOYDS BANKING GROUP PLC ORD 10 está un 0.8% por debajo de su máximo 52s. Fundamentalmente aceptable con ROE 11.3%, dividendo 0.0%. Técnicamente 🟡 MACD convergiendo, 🟢 base_pattern_detected. Clasificación: descarte.","LLOYDS BANKING GROUP PLC ORD 10 está un 0.8% por debajo de su máximo 52s. Fundamentalmente aceptable con ROE 11.3%, dividendo 0.0%. Técnicamente 🟡 MACD convergiendo, 🟢 base_pattern_detected. Clasificación: descarte.",OK,
8411.T,MIZUHO FINANCIAL GROUP,ASIA,1.0,script-v2.0,1.0,2026-08-04T10:30:14.003537+02:00,43.8,39.3,74.0,9.0,0.0,4.0,57.0,39.0,18.0,10611268.0,,182.3,,,7.8,563.8298,False,35.1,35.0,False,6767.87,20.1,True,True,False,Sin señales de recuperación,pass,descarte,pendiente,0.0,desconocido,Pendiente de implementar,ausente,eps_stabilization (media): EPS 350.20 vs 267.88 (annual_eps_fallback) | dividend_maintained (baja): Dividendo actual 1.84% con caída del 7.8%,razonable,descarte,7934.66,8108.0,7934.66 - 8108.00,6568.27,7493.6,6568.27 - 7493.60,Pérdida del soporte en 8108.00 | ROE negativo durante 2 trimestres consecutivos | Ampliación de capital dilutiva | Recorte de rating a bono basura,6-12,"MIZUHO FINANCIAL GROUP está un 7.8% por debajo de su máximo 52s. Fundamentalmente débil con ROE 12.5%, dividendo 1.8%. Técnicamente 🟡 MACD convergiendo, 🟢 Cerca de soporte. Clasificación: descarte.","MIZUHO FINANCIAL GROUP está un 7.8% por debajo de su máximo 52s. Fundamentalmente débil con ROE 12.5%, dividendo 1.8%. Técnicamente 🟡 MACD convergiendo, 🟢 Cerca de soporte. Clasificación: descarte.",OK,
GIS,"General Mills, Inc.",SP500,1.0,script-v2.0,1.0,2026-08-04T10:29:40.456904+02:00,43.2,45.3,64.0,29.0,0.0,9.0,37.0,25.0,12.0,10541616.0,-0.12,-100.0,0.1,6.4,,-1.4382,False,,,False,39.47,,True,False,True,,pass,pendiente_confirmacion,pendiente,0.0,desconocido,Pendiente de implementar,parcial,margin_stabilization (media): Margen gross 34.8% vs 30.8% (+4.0 pp) | debt_reduction (alta): Deuda 0.0M vs 13967.7M | dividend_maintained (baja): Dividendo actual 6.78%,incompleto,pendiente_confirmacion,,,,43.63,43.63,43.63,ROE negativo durante 2 trimestres consecutivos | Ampliación de capital dilutiva | Recorte de rating a bono basura,12-18,"General Mills, Inc. está un N/D por debajo de su máximo 52s. Fundamentalmente aceptable con ROE -1.0%, deuda neta/EBITDA -0.1x. Técnicamente 🟡 MACD convergiendo, 🟢 base_pattern_detected. Clasificación: pendiente_confirmacion.","General Mills, Inc. está un N/D por debajo de su máximo 52s. Fundamentalmente aceptable con ROE -1.0%, deuda neta/EBITDA -0.1x. Técnicamente 🟡 MACD convergiendo, 🟢 base_pattern_detected. Clasificación: pendiente_confirmacion.",OK,
CON.DE,CONTINENTAL AG                I,EUROSTOXX,1.0,script-v2.0,1.0,2026-08-04T10:27:32.736952+02:00,43.2,46.0,62.0,32.0,0.0,12.0,35.0,35.0,0.0,440123.0,2.09,-3.1,-0.1,7.97,7.7,2.6053,False,63.6,61.5,False,66.13,8.2,False,False,True,,pass,pendiente_confirmacion,pendiente,0.0,desconocido,Pendiente de implementar,confirmada,margin_stabilization (media): Margen gross 29.4% vs 25.4% (+4.0 pp) | eps_stabilization (media): EPS 1.00 vs -3.78 (Diluted EPS) | debt_reduction (alta): Deuda 6611.0M vs 6822.0M | dividend_maintained (baja): Dividendo actual 3.78% con caída del 7.7%,incompleto,pendiente_confirmacion,69.07,71.52,69.07 - 71.52,65.48,65.88,65.48 - 65.88,Pérdida del soporte en 69.07 | ROE negativo durante 2 trimestres consecutivos | Ampliación de capital dilutiva | Recorte de rating a bono basura,6-12,"CONTINENTAL AG                I está un 7.7% por debajo de su máximo 52s. Fundamentalmente aceptable con ROE -4.4%, deuda neta/EBITDA 2.1x. Técnicamente 🟡 MACD convergiendo, 🟢 Cerca de soporte. Clasificación: pendiente_confirmacion.","CONTINENTAL AG                I está un 7.7% por debajo de su máximo 52s. Fundamentalmente aceptable con ROE -4.4%, deuda neta/EBITDA 2.1x. Técnicamente 🟡 MACD convergiendo, 🟢 Cerca de soporte. Clasificación: pendiente_confirmacion.",OK,
0006.HK,POWER ASSETS,ASIA,1.0,script-v2.0,1.0,2026-08-04T10:30:33.225480+02:00,43.0,41.7,63.0,23.0,0.0,9.0,47.0,30.0,17.0,3766030.0,1.85,-12.0,,300.2,10.4,0.4408,False,27.3,50.4,False,57.62,1.0,True,False,False,,pass,descarte,pendiente,0.0,desconocido,Pendiente de implementar,parcial,eps_stabilization (media): EPS 2.87 vs 2.82 (annual_eps_fallback) | debt_reduction (alta): Deuda 3320.0M vs 3771.0M | dividend_maintained (baja): Dividendo actual 4.85% con caída del 13.2%,razonable,descarte,55.29,57.98,55.29 - 57.98,56.61,56.99,56.61 - 56.99,Pérdida del soporte en 55.29 | ROE negativo durante 2 trimestres consecutivos | Ampliación de capital dilutiva | Recorte de rating a bono basura,6-12,"POWER ASSETS está un 13.2% por debajo de su máximo 52s. Fundamentalmente aceptable con ROE 7.0%, deuda neta/EBITDA 1.9x. Técnicamente 🟢 Divergencia alcista RSI, 🟡 Apoyo en MA40 semanal. Clasificación: descarte.","POWER ASSETS está un 13.2% por debajo de su máximo 52s. Fundamentalmente aceptable con ROE 7.0%, deuda neta/EBITDA 1.9x. Técnicamente 🟢 Divergencia alcista RSI, 🟡 Apoyo en MA40 semanal. Clasificación: descarte.",OK,
CS.PA,AXA,EUROSTOXX,1.0,script-v2.0,1.0,2026-08-04T10:27:48.432371+02:00,43.0,50.1,97.0,9.0,0.0,4.0,22.0,16.0,6.0,3382335.0,,1.0,,,2.3,1.9442,False,47.8,64.7,False,39.01,14.3,False,True,False,Sin señales de recuperación | Sin suelo técnico identificado,pass,descarte,pendiente,0.0,desconocido,Pendiente de implementar,ausente,eps_stabilization (media): EPS 4.77 vs 3.63 (annual_eps_fallback) | dividend_maintained (baja): Dividendo actual 5.20% con caída del 2.3%,sin_suelo,descarte,42.75,43.64,42.75 - 43.64,38.71,38.81,38.71 - 38.81,Pérdida del soporte en 43.64 | ROE negativo durante 2 trimestres consecutivos | Ampliación de capital dilutiva | Recorte de rating a bono basura,6-12,"AXA está un 2.3% por debajo de su máximo 52s. Fundamentalmente aceptable con ROE 14.9%, D/E 1.19. Técnicamente 🟢 Cerca de soporte, 🟡 trendline_break. Clasificación: descarte.","AXA está un 2.3% por debajo de su máximo 52s. Fundamentalmente aceptable con ROE 14.9%, D/E 1.19. Técnicamente 🟢 Cerca de soporte, 🟡 trendline_break. Clasificación: descarte.",OK,
STO.AX,SANTOS FPO [STO],ASX,1.0,script-v2.0,1.0,2026-08-04T10:30:00.958964+02:00,43.0,43.3,70.0,20.0,0.0,1.0,42.0,30.0,12.0,11637916.0,2.0,12.7,,10.57,5.8,0.169,False,43.1,43.7,False,7.15,8.6,True,False,False,Sin señales de recuperación,pass,descarte,pendiente,0.0,desconocido,Pendiente de implementar,ausente,dividend_maintained (baja): Dividendo actual 4.51% con caída del 5.8%,incompleto,descarte,7.45,7.6,7.45 - 7.60,7.0,7.07,7.00 - 7.07,Pérdida del soporte en 7.45 | ROE negativo durante 2 trimestres consecutivos | Ampliación de capital dilutiva | Recorte de rating a bono basura,6-12,"SANTOS FPO [STO] está un 5.8% por debajo de su máximo 52s. Fundamentalmente aceptable con ROE 5.2%, deuda neta/EBITDA 2.0x. Técnicamente 🟢 Divergencia alcista RSI, 🟢 Cerca de soporte. Clasificación: descarte.","SANTOS FPO [STO] está un 5.8% por debajo de su máximo 52s. Fundamentalmente aceptable con ROE 5.2%, deuda neta/EBITDA 2.0x. Técnicamente 🟢 Divergencia alcista RSI, 🟢 Cerca de soporte. Clasificación: descarte.",OK,
BNP.PA,BNP PARIBAS ACT.A,EUROSTOXX,1.0,script-v2.0,1.0,2026-08-04T10:27:45.510821+02:00,42.9,50.2,63.0,39.0,0.0,4.0,21.0,15.0,6.0,1955345.0,,64.0,,,0.5,6.8717,False,95.5,89.6,False,87.57,27.7,False,True,False,Sin señales de recuperación | Sin suelo técnico identificado,pass,descarte,pendiente,0.0,desconocido,Pendiente de implementar,ausente,eps_stabilization (media): EPS 3.96 vs 2.92 (Diluted EPS) | dividend_maintained (baja): Dividendo actual 8.90% con caída del 0.5%,sin_suelo,descarte,99.24,100.0,99.24 - 100.00,85.67,95.52,85.67 - 95.52,Pérdida del soporte en 99.24 | ROE negativo durante 2 trimestres consecutivos | Ampliación de capital dilutiva | Recorte de rating a bono basura,6-12,BNP PARIBAS ACT.A está un 0.5% por debajo de su máximo 52s. Fundamentalmente aceptable con dividendo 8.9%. Técnicamente 🟡 trendline_break. Clasificación: descarte.,BNP PARIBAS ACT.A está un 0.5% por debajo de su máximo 52s. Fundamentalmente aceptable con dividendo 8.9%. Técnicamente 🟡 trendline_break. Clasificación: descarte.,OK,
BA.L,BAE SYSTEMS PLC ORD 2.5P,EUROSTOXX,1.0,script-v2.0,1.0,2026-08-04T10:28:40.946128+02:00,42.9,45.3,97.0,0.0,0.0,4.0,36.0,24.0,12.0,6389519.0,1.32,1.1,,18.46,6.6,12.2829,False,99.3,95.0,False,1967.83,12.1,True,False,False,Sin señales de recuperación,pass,descarte,pendiente,0.0,desconocido,Pendiente de implementar,ausente,eps_stabilization (media): EPS 0.68 vs 0.64 (annual_eps_fallback) | dividend_maintained (baja): Dividendo actual 0.02% con caída del 6.6%,incompleto,descarte,1918.41,2074.65,1918.41 - 2074.65,1955.58,2006.0,1955.58 - 2006.00,Pérdida del soporte en 2074.65 | ROE negativo durante 2 trimestres consecutivos | Ampliación de capital dilutiva | Recorte de rating a bono basura,6-12,"BAE SYSTEMS PLC ORD 2.5P está un 6.6% por debajo de su máximo 52s. Fundamentalmente aceptable con ROE 18.6%, deuda neta/EBITDA 1.3x. Técnicamente 🟢 Divergencia alcista RSI, 🟢 base_pattern_detected. Clasificación: descarte.","BAE SYSTEMS PLC ORD 2.5P está un 6.6% por debajo de su máximo 52s. Fundamentalmente aceptable con ROE 18.6%, deuda neta/EBITDA 1.3x. Técnicamente 🟢 Divergencia alcista RSI, 🟢 base_pattern_detected. Clasificación: descarte.",OK,
GD,General Dynamics Corporation,SP500,1.0,script-v2.0,1.0,2026-08-04T10:29:23.108833+02:00,42.8,46.7,100.0,0.0,0.0,12.0,31.0,19.0,12.0,1248335.0,0.78,-3.6,-0.0,16.35,,10.7178,False,,,False,347.81,,True,False,True,,pass,pendiente_confirmacion,pendiente,0.0,desconocido,Pendiente de implementar,confirmada,margin_stabilization (media): Margen gross 15.5% vs 15.9% (-0.4 pp) | eps_stabilization (media): EPS 4.24 vs 4.10 (Diluted EPS) | debt_reduction (alta): Deuda 9479.0M vs 9832.0M | dividend_maintained (baja): Dividendo actual 1.66%,incompleto,pendiente_confirmacion,,,,340.0,340.0,340.00,ROE negativo durante 2 trimestres consecutivos | Ampliación de capital dilutiva | Recorte de rating a bono basura,12-18,"General Dynamics Corporation está un N/D por debajo de su máximo 52s. Fundamentalmente aceptable con ROE 17.8%, deuda neta/EBITDA 0.8x. Técnicamente 🟢 base_pattern_detected. Clasificación: pendiente_confirmacion.","General Dynamics Corporation está un N/D por debajo de su máximo 52s. Fundamentalmente aceptable con ROE 17.8%, deuda neta/EBITDA 0.8x. Técnicamente 🟢 base_pattern_detected. Clasificación: pendiente_confirmacion.",OK,
GLE.PA,SOCIETE GENERALE,EUROSTOXX,1.0,script-v2.0,1.0,2026-08-04T10:27:51.313005+02:00,42.8,44.7,66.0,26.0,0.0,4.0,37.0,19.0,18.0,1680943.0,,117.1,,,0.5,4.2137,False,96.2,82.4,False,68.67,21.6,True,True,False,Sin señales de recuperación,pass,descarte,pendiente,0.0,desconocido,Pendiente de implementar,ausente,eps_stabilization (media): EPS 2.05 vs 1.88 (Diluted EPS) | dividend_maintained (baja): Dividendo actual 1.93% con caída del 0.5%,incompleto,descarte,68.5,74.86,68.50 - 74.86,67.53,71.31,67.53 - 71.31,Pérdida del soporte en 68.50 | ROE negativo durante 2 trimestres consecutivos | Ampliación de capital dilutiva | Recorte de rating a bono basura,6-12,"SOCIETE GENERALE está un 0.5% por debajo de su máximo 52s. Fundamentalmente aceptable con ROE 9.5%, dividendo 1.9%. Técnicamente 🟢 base_pattern_detected, 🟡 trendline_break. Clasificación: descarte.","SOCIETE GENERALE está un 0.5% por debajo de su máximo 52s. Fundamentalmente aceptable con ROE 9.5%, dividendo 1.9%. Técnicamente 🟢 base_pattern_detected, 🟡 trendline_break. Clasificación: descarte.",OK,
ABT,Abbott Laboratories,SP500,1.0,script-v2.0,1.0,2026-08-04T10:28:50.038685+02:00,42.5,41.3,84.0,4.0,0.0,1.0,46.0,24.0,22.0,13127945.0,2.32,136.1,0.6,18.25,,-2.7926,True,,,False,105.91,,True,False,False,Sin señales de recuperación,pass,descarte,pendiente,0.0,desconocido,Pendiente de implementar,ausente,dividend_maintained (baja): Dividendo actual 2.35%,razonable,descarte,,,,116.87,116.87,116.87,ROE negativo durante 2 trimestres consecutivos | Ampliación de capital dilutiva | Recorte de rating a bono basura,12-18,"Abbott Laboratories está un N/D por debajo de su máximo 52s. Fundamentalmente aceptable con ROE 10.6%, deuda neta/EBITDA 2.3x. Técnicamente 🟢 Divergencia alcista RSI, 🟢 MACD semanal girando al alza. Clasificación: descarte.","Abbott Laboratories está un N/D por debajo de su máximo 52s. Fundamentalmente aceptable con ROE 10.6%, deuda neta/EBITDA 2.3x. Técnicamente 🟢 Divergencia alcista RSI, 🟢 MACD semanal girando al alza. Clasificación: descarte.",OK,
7267.T,HONDA MOTOR CO,ASIA,1.0,script-v2.0,1.0,2026-08-04T10:30:21.813526+02:00,42.3,42.1,49.0,36.0,0.0,1.0,43.0,25.0,18.0,19918288.0,8.44,212.2,-0.0,14.86,6.7,35.8964,False,37.8,46.5,False,1460.47,7.8,True,True,False,Sin señales de recuperación,pass,descarte,pendiente,0.0,desconocido,Pendiente de implementar,ausente,dividend_maintained (baja): Dividendo actual 4.44% con caída del 9.0%,incompleto,descarte,1493.44,1508.04,1493.44 - 1508.04,1460.96,1470.5,1460.96 - 1470.50,Pérdida del soporte en 1508.04 | ROE negativo durante 2 trimestres consecutivos | Ampliación de capital dilutiva | Recorte de rating a bono basura,6-12,"HONDA MOTOR CO está un 9.0% por debajo de su máximo 52s. Fundamentalmente aceptable con ROE -2.8%, deuda neta/EBITDA 8.4x. Técnicamente 🟢 Cerca de soporte, 🟢 base_pattern_detected. Clasificación: descarte.","HONDA MOTOR CO está un 9.0% por debajo de su máximo 52s. Fundamentalmente aceptable con ROE -2.8%, deuda neta/EBITDA 8.4x. Técnicamente 🟢 Cerca de soporte, 🟢 base_pattern_detected. Clasificación: descarte.",OK,
1038.HK,CKI HOLDINGS,ASIA,1.0,script-v2.0,1.0,2026-08-04T10:30:38.383497+02:00,42.3,40.7,69.0,16.0,0.0,4.0,47.0,35.0,12.0,2214566.0,15.93,1.9,,197.45,6.0,0.7539,False,50.0,62.9,False,59.89,3.4,True,False,False,Sin señales de recuperación,pass,descarte,pendiente,0.0,desconocido,Pendiente de implementar,ausente,eps_stabilization (media): EPS 3.28 vs 3.22 (annual_eps_fallback) | dividend_maintained (baja): Dividendo actual 4.21% con caída del 8.8%,razonable,descarte,60.0,60.68,60.00 - 60.68,57.72,58.79,57.72 - 58.79,Pérdida del soporte en 60.68 | ROE negativo durante 2 trimestres consecutivos | Ampliación de capital dilutiva | Recorte de rating a bono basura,6-12,"CKI HOLDINGS está un 8.8% por debajo de su máximo 52s. Fundamentalmente aceptable con ROE 6.1%, deuda neta/EBITDA 15.9x. Técnicamente 🟢 Divergencia alcista RSI, 🟢 Cerca de soporte. Clasificación: descarte.","CKI HOLDINGS está un 8.8% por debajo de su máximo 52s. Fundamentalmente aceptable con ROE 6.1%, deuda neta/EBITDA 15.9x. Técnicamente 🟢 Divergencia alcista RSI, 🟢 Cerca de soporte. Clasificación: descarte.",OK,
HRL,Hormel Foods Corporation,SP500,1.0,script-v2.0,1.0,2026-08-04T10:29:40.405948+02:00,42.2,39.3,59.0,22.0,0.0,9.0,51.0,39.0,12.0,5089230.0,-0.26,-91.3,0.0,10.84,,0.6055,False,,,False,22.88,,True,False,False,,pass,descarte,pendiente,0.0,desconocido,Pendiente de implementar,parcial,margin_stabilization (media): Margen gross 17.4% vs 15.5% (+1.9 pp) | debt_reduction (alta): Deuda 250.0M vs 2857.5M | dividend_maintained (baja): Dividendo actual 4.64%,razonable,descarte,,,,24.95,24.95,24.95,ROE negativo durante 2 trimestres consecutivos | Ampliación de capital dilutiva | Recorte de rating a bono basura,12-18,"Hormel Foods Corporation está un N/D por debajo de su máximo 52s. Fundamentalmente débil con ROE 5.8%, deuda neta/EBITDA -0.3x. Técnicamente 🟢 Cruce alcista MACD, 🟢 base_pattern_detected. Clasificación: descarte.","Hormel Foods Corporation está un N/D por debajo de su máximo 52s. Fundamentalmente débil con ROE 5.8%, deuda neta/EBITDA -0.3x. Técnicamente 🟢 Cruce alcista MACD, 🟢 base_pattern_detected. Clasificación: descarte.",OK,
0005.HK,HSBC HOLDINGS,ASIA,1.0,script-v2.0,1.0,2026-08-04T10:30:31.188752+02:00,42.2,42.7,72.0,17.0,0.0,4.0,41.0,35.0,6.0,15160152.0,,202.0,,,1.9,10.595,False,78.4,89.8,False,133.31,24.9,False,True,False,Sin señales de recuperación,pass,descarte,pendiente,0.0,desconocido,Pendiente de implementar,ausente,eps_stabilization (media): EPS 0.40 vs 0.39 (Diluted EPS) | dividend_maintained (baja): Dividendo actual 3.52% con caída del 1.9%,incompleto,descarte,151.48,160.4,151.48 - 160.40,129.6,144.24,129.60 - 144.24,Pérdida del soporte en 160.40 | ROE negativo durante 2 trimestres consecutivos | Ampliación de capital dilutiva | Recorte de rating a bono basura,6-12,"HSBC HOLDINGS está un 1.9% por debajo de su máximo 52s. Fundamentalmente aceptable con ROE 11.6%, dividendo 3.5%. Técnicamente 🟢 Volumen creciente, 🟢 Cerca de soporte. Clasificación: descarte.","HSBC HOLDINGS está un 1.9% por debajo de su máximo 52s. Fundamentalmente aceptable con ROE 11.6%, dividendo 3.5%. Técnicamente 🟢 Volumen creciente, 🟢 Cerca de soporte. Clasificación: descarte.",OK,
NAB.AX,NAT. BANK FPO [NAB],ASX,1.0,script-v2.0,1.0,2026-08-04T10:29:53.600503+02:00,42.1,36.9,71.0,7.0,0.0,1.0,58.0,30.0,28.0,5749921.0,,38.0,,,11.5,-0.1389,True,100.0,88.9,False,40.98,4.6,True,True,False,Sin señales de recuperación,pass,descarte,pendiente,0.0,desconocido,Pendiente de implementar,ausente,dividend_maintained (baja): Dividendo actual 3.97% con caída del 13.3%,razonable,descarte,38.63,39.16,38.63 - 39.16,40.97,42.03,40.97 - 42.03,Pérdida del soporte en 39.16 | ROE negativo durante 2 trimestres consecutivos | Ampliación de capital dilutiva | Recorte de rating a bono basura,6-12,"NAT. BANK FPO [NAB] está un 13.3% por debajo de su máximo 52s. Fundamentalmente débil con ROE 9.9%, dividendo 4.0%. Técnicamente 🟢 Volumen creciente, 🟢 MACD semanal girando al alza. Clasificación: descarte.","NAT. BANK FPO [NAB] está un 13.3% por debajo de su máximo 52s. Fundamentalmente débil con ROE 9.9%, dividendo 4.0%. Técnicamente 🟢 Volumen creciente, 🟢 MACD semanal girando al alza. Clasificación: descarte.",OK,
UNH,UnitedHealth Group Incorporated,SP500,1.0,script-v2.0,1.0,2026-08-04T10:29:13.474200+02:00,42.1,47.9,98.0,4.0,0.0,12.0,25.0,25.0,0.0,6452729.0,1.73,-6.5,0.7,17.3,,27.9993,False,,,False,341.99,,False,False,True,,pass,pendiente_confirmacion,pendiente,0.0,desconocido,Pendiente de implementar,confirmada,margin_stabilization (media): Margen gross 22.7% vs 16.3% (+6.4 pp) | eps_stabilization (media): EPS 6.90 vs 0.01 (Diluted EPS) | debt_reduction (alta): Deuda 73328.0M vs 78389.0M | dividend_maintained (baja): Dividendo actual 2.23%,incompleto,pendiente_confirmacion,,,,392.38,392.38,392.38,ROE negativo durante 2 trimestres consecutivos | Ampliación de capital dilutiva | Recorte de rating a bono basura,12-18,"UnitedHealth Group Incorporated está un N/D por debajo de su máximo 52s. Fundamentalmente aceptable con ROE 14.2%, deuda neta/EBITDA 1.7x. Técnicamente 🟡 MACD convergiendo. Clasificación: pendiente_confirmacion.","UnitedHealth Group Incorporated está un N/D por debajo de su máximo 52s. Fundamentalmente aceptable con ROE 14.2%, deuda neta/EBITDA 1.7x. Técnicamente 🟡 MACD convergiendo. Clasificación: pendiente_confirmacion.",OK,
BHP.AX,BHP GROUP FPO [BHP],ASX,1.0,script-v2.0,1.0,2026-08-04T10:29:51.819748+02:00,42.1,46.2,99.0,0.0,0.0,4.0,30.0,24.0,6.0,8603942.0,0.6,19.2,,12.51,8.3,2.8106,False,85.4,83.4,False,52.49,15.3,False,True,False,Sin señales de recuperación,pass,descarte,pendiente,0.0,desconocido,Pendiente de implementar,ausente,eps_stabilization (media): EPS 1.77 vs 1.55 (annual_eps_fallback) | dividend_maintained (baja): Dividendo actual 3.24% con caída del 8.3%,incompleto,descarte,56.5,60.47,56.50 - 60.47,51.94,56.08,51.94 - 56.08,Pérdida del soporte en 56.50 | ROE negativo durante 2 trimestres consecutivos | Ampliación de capital dilutiva | Recorte de rating a bono basura,6-12,"BHP GROUP FPO [BHP] está un 8.3% por debajo de su máximo 52s. Fundamentalmente aceptable con ROE 24.7%, deuda neta/EBITDA 0.6x. Técnicamente 🟡 trendline_break. Clasificación: descarte.","BHP GROUP FPO [BHP] está un 8.3% por debajo de su máximo 52s. Fundamentalmente aceptable con ROE 24.7%, deuda neta/EBITDA 0.6x. Técnicamente 🟡 trendline_break. Clasificación: descarte.",OK,
AMC.AX,AMCOR PLC CDI 1:1 [AMC],ASX,1.0,script-v2.0,1.0,2026-08-04T10:30:03.633396+02:00,41.8,39.7,69.0,14.0,0.0,7.0,48.0,30.0,18.0,599652.0,4.74,4.6,0.1,13.99,14.9,1.0784,False,77.5,66.4,False,60.05,8.8,True,True,False,,pass,descarte,pendiente,0.0,desconocido,Pendiente de implementar,parcial,margin_stabilization (media): Margen gross 20.1% vs 19.1% (+1.1 pp) | eps_stabilization (media): EPS 0.60 vs 0.38 (Diluted EPS) | dividend_maintained (baja): Dividendo actual 5.83% con caída del 14.5%,razonable,descarte,59.93,60.92,59.93 - 60.92,59.87,64.94,59.87 - 64.94,Pérdida del soporte en 60.92 | ROE negativo durante 2 trimestres consecutivos | Ampliación de capital dilutiva | Recorte de rating a bono basura,6-12,"AMCOR PLC CDI 1:1 [AMC] está un 14.5% por debajo de su máximo 52s. Fundamentalmente débil con ROE 8.7%, deuda neta/EBITDA 4.7x. Técnicamente 🟢 Cruce alcista MACD, 🟢 base_pattern_detected. Clasificación: descarte.","AMCOR PLC CDI 1:1 [AMC] está un 14.5% por debajo de su máximo 52s. Fundamentalmente débil con ROE 8.7%, deuda neta/EBITDA 4.7x. Técnicamente 🟢 Cruce alcista MACD, 🟢 base_pattern_detected. Clasificación: descarte.",OK,
GPT.AX,GPT STAPLED [GPT],ASX,1.0,script-v2.0,1.0,2026-08-04T10:30:06.859963+02:00,41.8,48.7,77.0,24.0,0.0,4.0,21.0,15.0,6.0,5130341.0,8.41,15.2,,23.41,5.0,0.0598,False,97.6,84.0,False,4.93,5.9,False,True,False,Sin señales de recuperación | Sin suelo técnico identificado,pass,descarte,pendiente,0.0,desconocido,Pendiente de implementar,ausente,eps_stabilization (media): EPS 0.51 vs -0.10 (annual_eps_fallback) | dividend_maintained (baja): Dividendo actual 4.60% con caída del 9.2%,sin_suelo,descarte,4.8,4.89,4.80 - 4.89,4.89,4.94,4.89 - 4.94,Pérdida del soporte en 4.80 | ROE negativo durante 2 trimestres consecutivos | Ampliación de capital dilutiva | Recorte de rating a bono basura,6-12,"GPT STAPLED [GPT] está un 9.2% por debajo de su máximo 52s. Fundamentalmente aceptable con ROE 9.5%, deuda neta/EBITDA 8.4x. Técnicamente 🟡 trendline_break. Clasificación: descarte.","GPT STAPLED [GPT] está un 9.2% por debajo de su máximo 52s. Fundamentalmente aceptable con ROE 9.5%, deuda neta/EBITDA 8.4x. Técnicamente 🟡 trendline_break. Clasificación: descarte.",OK,
KMB,Kimberly-Clark Corporation,SP500,1.0,script-v2.0,1.0,2026-08-04T10:29:38.768481+02:00,41.7,36.6,75.0,3.0,0.0,12.0,57.0,45.0,12.0,4364258.0,1.96,-2.6,1.2,12.65,,1.8366,False,,,False,101.49,,True,False,False,,pass,descarte,pendiente,0.0,desconocido,Pendiente de implementar,confirmada,margin_stabilization (media): Margen gross 36.8% vs 35.9% (+0.9 pp) | eps_stabilization (media): EPS 2.00 vs 1.50 (Diluted EPS) | debt_reduction (alta): Deuda 7106.0M vs 7296.0M | dividend_maintained (baja): Dividendo actual 4.76%,razonable,descarte,,,,116.84,116.84,116.84,ROE negativo durante 2 trimestres consecutivos | Ampliación de capital dilutiva | Recorte de rating a bono basura,12-18,"Kimberly-Clark Corporation está un N/D por debajo de su máximo 52s. Fundamentalmente débil con ROE 111.7%, deuda neta/EBITDA 2.0x. Técnicamente 🟢 Cruce alcista MACD, 🟢 Volumen creciente. Clasificación: descarte.","Kimberly-Clark Corporation está un N/D por debajo de su máximo 52s. Fundamentalmente débil con ROE 111.7%, deuda neta/EBITDA 2.0x. Técnicamente 🟢 Cruce alcista MACD, 🟢 Volumen creciente. Clasificación: descarte.",OK,
PSA,Public Storage,SP500,1.0,script-v2.0,1.0,2026-08-04T10:29:36.795091+02:00,41.6,43.9,94.0,0.0,0.0,4.0,35.0,35.0,0.0,1052580.0,2.89,1.5,1.9,20.84,,10.789,False,,,False,290.09,,False,False,False,Sin señales de recuperación,pass,descarte,pendiente,0.0,desconocido,Pendiente de implementar,ausente,margin_stabilization (media): Margen gross 72.1% vs 72.1% (+0.0 pp) | dividend_maintained (baja): Dividendo actual 3.68%,incompleto,descarte,,,,285.22,285.22,285.22,ROE negativo durante 2 trimestres consecutivos | Ampliación de capital dilutiva | Recorte de rating a bono basura,12-18,"Public Storage está un N/D por debajo de su máximo 52s. Fundamentalmente aceptable con ROE 21.9%, deuda neta/EBITDA 2.9x. Técnicamente 🟢 Cruce alcista MACD. Clasificación: descarte.","Public Storage está un N/D por debajo de su máximo 52s. Fundamentalmente aceptable con ROE 21.9%, deuda neta/EBITDA 2.9x. Técnicamente 🟢 Cruce alcista MACD. Clasificación: descarte.",OK,
AEP,American Electric Power Company,SP500,1.0,script-v2.0,1.0,2026-08-04T10:29:30.469757+02:00,41.5,37.1,76.0,3.0,0.0,4.0,55.0,43.0,12.0,5093504.0,5.86,3.4,-14.2,13.73,,2.8475,False,,,False,125.89,,True,False,False,Sin señales de recuperación,pass,descarte,pendiente,0.0,desconocido,Pendiente de implementar,ausente,margin_stabilization (media): Margen gross 62.4% vs 58.0% (+4.4 pp) | dividend_maintained (baja): Dividendo actual 2.96%,razonable,descarte,,,,119.49,119.49,119.49,ROE negativo durante 2 trimestres consecutivos | Ampliación de capital dilutiva | Recorte de rating a bono basura,12-18,"American Electric Power Company está un N/D por debajo de su máximo 52s. Fundamentalmente débil con ROE 10.1%, deuda neta/EBITDA 5.9x. Técnicamente 🟡 MACD convergiendo, 🟢 Volumen creciente. Clasificación: descarte.","American Electric Power Company está un N/D por debajo de su máximo 52s. Fundamentalmente débil con ROE 10.1%, deuda neta/EBITDA 5.9x. Técnicamente 🟡 MACD convergiendo, 🟢 Volumen creciente. Clasificación: descarte.",OK,
CB,Chubb Limited,SP500,1.0,script-v2.0,1.0,2026-08-04T10:29:04.996307+02:00,41.5,47.1,86.0,13.0,0.0,7.0,25.0,25.0,0.0,1788962.0,1.15,43.2,-0.7,10.54,,11.3023,False,,,False,320.06,,False,False,True,,pass,pendiente_confirmacion,pendiente,0.0,desconocido,Pendiente de implementar,parcial,margin_stabilization (media): Margen operating 24.0% vs 21.5% (+2.4 pp) | eps_stabilization (media): EPS 7.30 vs 5.88 (Diluted EPS) | dividend_maintained (baja): Dividendo actual 1.17%,incompleto,pendiente_confirmacion,,,,311.02,311.02,311.02,ROE negativo durante 2 trimestres consecutivos | Ampliación de capital dilutiva | Recorte de rating a bono basura,12-18,"Chubb Limited está un N/D por debajo de su máximo 52s. Fundamentalmente aceptable con ROE 14.8%, deuda neta/EBITDA 1.1x. Técnicamente 🟡 MACD convergiendo. Clasificación: pendiente_confirmacion.","Chubb Limited está un N/D por debajo de su máximo 52s. Fundamentalmente aceptable con ROE 14.8%, deuda neta/EBITDA 1.1x. Técnicamente 🟡 MACD convergiendo. Clasificación: pendiente_confirmacion.",OK,
COST,Costco Wholesale Corporation,SP500,1.0,script-v2.0,1.0,2026-08-04T10:29:13.808271+02:00,41.3,42.5,91.0,0.0,0.0,7.0,38.0,28.0,10.0,2408791.0,-0.07,25.3,-0.0,30.56,,-7.0578,True,,,False,956.14,,False,False,True,,pass,pendiente_confirmacion,pendiente,0.0,desconocido,Pendiente de implementar,parcial,margin_stabilization (media): Margen gross 12.8% vs 12.8% (+0.0 pp) | eps_stabilization (media): EPS 4.93 vs 4.58 (Diluted EPS) | dividend_maintained (baja): Dividendo actual 0.62%,incompleto,pendiente_confirmacion,,,,932.02,932.02,932.02,ROE negativo durante 2 trimestres consecutivos | Ampliación de capital dilutiva | Recorte de rating a bono basura,12-18,"Costco Wholesale Corporation está un N/D por debajo de su máximo 52s. Fundamentalmente aceptable con ROE 29.2%, deuda neta/EBITDA -0.1x. Técnicamente 🟢 Divergencia alcista RSI, 🟢 MACD semanal girando al alza. Clasificación: pendiente_confirmacion.","Costco Wholesale Corporation está un N/D por debajo de su máximo 52s. Fundamentalmente aceptable con ROE 29.2%, deuda neta/EBITDA -0.1x. Técnicamente 🟢 Divergencia alcista RSI, 🟢 MACD semanal girando al alza. Clasificación: pendiente_confirmacion.",OK,
ASML.AS,ASML HOLDING,EUROSTOXX,1.0,script-v2.0,1.0,2026-08-04T10:28:06.166394+02:00,41.1,41.8,77.0,11.0,0.0,15.0,39.0,39.0,0.0,735566.0,-0.41,-26.7,0.0,40.01,16.2,114.9993,False,36.0,25.1,False,1230.66,18.4,False,False,True,,pass,pendiente_confirmacion,pendiente,0.0,desconocido,Pendiente de implementar,confirmada,"margin_stabilization (media): Margen gross 54.0% vs 53.0% (+1.0 pp) | eps_stabilization (media): EPS 7.58 vs 7.15 (Diluted EPS) | debt_reduction (alta): Deuda 1984.4M vs 2705.6M | dividend_maintained (baja): Dividendo actual 0.53% con caída del 16.3% | analyst_upgrade (media): Target 1995.11 vs precio 1457.20 (+37%), recMean 1.39, recKey strong_buy",incompleto,pendiente_confirmacion,1362.76,1457.2,1362.76 - 1457.20,1204.35,1479.85,1204.35 - 1479.85,Pérdida del soporte en 1362.76 | ROE negativo durante 2 trimestres consecutivos | Ampliación de capital dilutiva | Recorte de rating a bono basura,6-12,"ASML HOLDING está un 16.3% por debajo de su máximo 52s. Fundamentalmente aceptable con ROE 53.9%, deuda neta/EBITDA -0.4x. Técnicamente 🔵 RSI recuperándose de sobreventa, 🟡 MACD convergiendo. Clasificación: pendiente_confirmacion.","ASML HOLDING está un 16.3% por debajo de su máximo 52s. Fundamentalmente aceptable con ROE 53.9%, deuda neta/EBITDA -0.4x. Técnicamente 🔵 RSI recuperándose de sobreventa, 🟡 MACD convergiendo. Clasificación: pendiente_confirmacion.",OK,
KBC.BR,KBC,EUROSTOXX,1.0,script-v2.0,1.0,2026-08-04T10:28:21.710454+02:00,41.1,38.9,73.0,9.0,0.0,1.0,48.0,30.0,18.0,379932.0,,79.6,,,0.4,4.9331,False,94.0,72.8,False,110.85,14.5,True,True,False,Sin señales de recuperación,pass,descarte,pendiente,0.0,desconocido,Pendiente de implementar,ausente,dividend_maintained (baja): Dividendo actual 4.02% con caída del 0.4%,razonable,descarte,117.31,118.08,117.31 - 118.08,108.38,109.78,108.38 - 109.78,Pérdida del soporte en 117.31 | ROE negativo durante 2 trimestres consecutivos | Ampliación de capital dilutiva | Recorte de rating a bono basura,6-12,"KBC está un 0.4% por debajo de su máximo 52s. Fundamentalmente débil con ROE 13.4%, dividendo 4.0%. Técnicamente 🟢 Cruce alcista MACD, 🟢 base_pattern_detected. Clasificación: descarte.","KBC está un 0.4% por debajo de su máximo 52s. Fundamentalmente débil con ROE 13.4%, dividendo 4.0%. Técnicamente 🟢 Cruce alcista MACD, 🟢 base_pattern_detected. Clasificación: descarte.",OK,
WFC,Wells Fargo & Company,SP500,1.0,script-v2.0,1.0,2026-08-04T10:29:08.305191+02:00,41.1,42.5,75.0,14.0,0.0,4.0,37.0,25.0,12.0,16512530.0,,121.3,,,,1.0665,False,,,False,84.27,,True,False,False,Sin señales de recuperación,pass,descarte,pendiente,0.0,desconocido,Pendiente de implementar,ausente,eps_stabilization (media): EPS 2.00 vs 1.60 (Diluted EPS) | dividend_maintained (baja): Dividendo actual 2.28%,incompleto,descarte,,,,83.1,83.1,83.10,ROE negativo durante 2 trimestres consecutivos | Ampliación de capital dilutiva | Recorte de rating a bono basura,12-18,"Wells Fargo & Company está un N/D por debajo de su máximo 52s. Fundamentalmente aceptable con ROE 12.6%, dividendo 2.3%. Técnicamente 🟡 MACD convergiendo, 🟢 base_pattern_detected. Clasificación: descarte.","Wells Fargo & Company está un N/D por debajo de su máximo 52s. Fundamentalmente aceptable con ROE 12.6%, dividendo 2.3%. Técnicamente 🟡 MACD convergiendo, 🟢 base_pattern_detected. Clasificación: descarte.",OK,
C6L.SI,SIA,ASIA,1.0,script-v2.0,1.0,2026-08-04T10:30:47.362878+02:00,41.1,45.9,72.0,23.0,0.0,1.0,27.0,21.0,6.0,8567472.0,0.09,0.0,4.7,5.78,4.3,0.2981,False,52.2,69.6,False,6.77,12.0,False,True,False,Sin señales de recuperación,pass,descarte,pendiente,0.0,desconocido,Pendiente de implementar,ausente,dividend_maintained (baja): Dividendo actual 5.80% con caída del 4.3%,incompleto,descarte,7.4,7.44,7.40 - 7.44,6.73,6.74,6.73 - 6.74,Pérdida del soporte en 7.44 | ROE negativo durante 2 trimestres consecutivos | Ampliación de capital dilutiva | Recorte de rating a bono basura,6-12,"SIA está un 4.3% por debajo de su máximo 52s. Fundamentalmente aceptable con ROE 7.2%, deuda neta/EBITDA 0.1x. Técnicamente 🟢 Cerca de soporte, 🟡 trendline_break. Clasificación: descarte.","SIA está un 4.3% por debajo de su máximo 52s. Fundamentalmente aceptable con ROE 7.2%, deuda neta/EBITDA 0.1x. Técnicamente 🟢 Cerca de soporte, 🟡 trendline_break. Clasificación: descarte.",OK,
BAS.DE,BASF SE                       N,EUROSTOXX,1.0,script-v2.0,1.0,2026-08-04T10:27:29.894509+02:00,40.8,43.3,70.0,20.0,0.0,4.0,33.0,33.0,0.0,2412487.0,2.86,12.7,-1.0,9.77,5.8,0.9366,False,87.7,89.2,False,47.03,8.8,False,False,False,Sin señales de recuperación,pass,descarte,pendiente,0.0,desconocido,Pendiente de implementar,ausente,eps_stabilization (media): EPS 4.78 vs 1.06 (Diluted EPS) | dividend_maintained (baja): Dividendo actual 4.40% con caída del 7.1%,incompleto,descarte,49.03,50.44,49.03 - 50.44,46.54,46.79,46.54 - 46.79,Pérdida del soporte en 50.44 | ROE negativo durante 2 trimestres consecutivos | Ampliación de capital dilutiva | Recorte de rating a bono basura,6-12,"BASF SE                       N está un 7.1% por debajo de su máximo 52s. Fundamentalmente aceptable con ROE 6.1%, deuda neta/EBITDA 2.9x. Técnicamente 🟢 Divergencia alcista RSI, 🟢 Cerca de soporte. Clasificación: descarte.","BASF SE                       N está un 7.1% por debajo de su máximo 52s. Fundamentalmente aceptable con ROE 6.1%, deuda neta/EBITDA 2.9x. Técnicamente 🟢 Divergencia alcista RSI, 🟢 Cerca de soporte. Clasificación: descarte.",OK,
BAYN.DE,Bayer AG                      N,EUROSTOXX,1.0,script-v2.0,1.0,2026-08-04T10:27:29.969804+02:00,40.2,40.6,55.0,28.0,0.0,12.0,39.0,21.0,18.0,3026032.0,3.17,-4.4,0.8,7.74,9.1,3.2208,False,73.7,55.9,False,39.7,23.4,True,True,True,,pass,pendiente_confirmacion,pendiente,0.0,desconocido,Pendiente de implementar,confirmada,margin_stabilization (media): Margen gross 61.0% vs 60.6% (+0.3 pp) | eps_stabilization (media): EPS 2.81 vs -0.98 (Diluted EPS) | debt_reduction (alta): Deuda 38887.0M vs 40697.0M | dividend_maintained (baja): Dividendo actual 0.22% con caída del 9.1%,incompleto,pendiente_confirmacion,43.15,45.68,43.15 - 45.68,38.63,45.83,38.63 - 45.83,Pérdida del soporte en 45.68 | ROE negativo durante 2 trimestres consecutivos | Ampliación de capital dilutiva | Recorte de rating a bono basura,6-12,"Bayer AG                      N está un 9.1% por debajo de su máximo 52s. Fundamentalmente aceptable con ROE -6.9%, deuda neta/EBITDA 3.2x. Técnicamente 🟡 MACD convergiendo, 🟢 base_pattern_detected. Clasificación: pendiente_confirmacion.","Bayer AG                      N está un 9.1% por debajo de su máximo 52s. Fundamentalmente aceptable con ROE -6.9%, deuda neta/EBITDA 3.2x. Técnicamente 🟡 MACD convergiendo, 🟢 base_pattern_detected. Clasificación: pendiente_confirmacion.",OK,
U11.SI,UOB,ASIA,1.0,script-v2.0,1.0,2026-08-04T10:30:45.055125+02:00,40.2,46.3,74.0,22.0,0.0,1.0,22.0,16.0,6.0,3399458.0,,59.1,,,4.3,1.9623,False,46.7,43.4,False,37.21,16.1,False,True,False,Sin señales de recuperación | Sin suelo técnico identificado,pass,descarte,pendiente,0.0,desconocido,Pendiente de implementar,ausente,dividend_maintained (baja): Dividendo actual 3.29% con caída del 4.3%,sin_suelo,descarte,40.83,41.84,40.83 - 41.84,36.9,38.38,36.90 - 38.38,Pérdida del soporte en 41.84 | ROE negativo durante 2 trimestres consecutivos | Ampliación de capital dilutiva | Recorte de rating a bono basura,6-12,"UOB está un 4.3% por debajo de su máximo 52s. Fundamentalmente aceptable con ROE 9.2%, dividendo 3.3%. Técnicamente 🟢 Cerca de soporte, 🟡 trendline_break. Clasificación: descarte.","UOB está un 4.3% por debajo de su máximo 52s. Fundamentalmente aceptable con ROE 9.2%, dividendo 3.3%. Técnicamente 🟢 Cerca de soporte, 🟡 trendline_break. Clasificación: descarte.",OK,
TGT,Target Corporation,SP500,1.0,script-v2.0,1.0,2026-08-04T10:29:03.053752+02:00,40.2,48.7,94.0,9.0,0.0,9.0,15.0,15.0,0.0,4868108.0,1.89,-5.0,-0.1,10.02,,8.0982,False,,,False,115.0,,False,False,False,Sin suelo técnico identificado,pass,descarte,pendiente,0.0,desconocido,Pendiente de implementar,parcial,margin_stabilization (media): Margen gross 29.0% vs 26.6% (+2.4 pp) | debt_reduction (alta): Deuda 19272.0M vs 20290.0M | dividend_maintained (baja): Dividendo actual 3.11%,sin_suelo,descarte,,,,127.56,127.56,127.56,ROE negativo durante 2 trimestres consecutivos | Ampliación de capital dilutiva | Recorte de rating a bono basura,12-18,"Target Corporation está un N/D por debajo de su máximo 52s. Fundamentalmente aceptable con ROE 22.0%, deuda neta/EBITDA 1.9x. Técnicamente sin suelo técnico identificado. Clasificación: descarte.","Target Corporation está un N/D por debajo de su máximo 52s. Fundamentalmente aceptable con ROE 22.0%, deuda neta/EBITDA 1.9x. Técnicamente sin suelo técnico identificado. Clasificación: descarte.",OK,
WES.AX,WESFARMER FPO [WES],ASX,1.0,script-v2.0,1.0,2026-08-04T10:29:56.458046+02:00,40.2,40.6,87.0,0.0,0.0,4.0,39.0,21.0,18.0,1757943.0,2.57,,,24.64,2.4,3.1662,False,68.8,59.8,False,80.68,12.8,True,True,False,Sin señales de recuperación,pass,descarte,pendiente,0.0,desconocido,Pendiente de implementar,ausente,eps_stabilization (media): EPS 2.58 vs 2.26 (annual_eps_fallback) | dividend_maintained (baja): Dividendo actual 2.34% con caída del 4.4%,incompleto,descarte,86.35,86.85,86.35 - 86.85,80.89,80.93,80.89 - 80.93,Pérdida del soporte en 86.35 | ROE negativo durante 2 trimestres consecutivos | Ampliación de capital dilutiva | Recorte de rating a bono basura,6-12,"WESFARMER FPO [WES] está un 4.4% por debajo de su máximo 52s. Fundamentalmente aceptable con ROE 36.4%, deuda neta/EBITDA 2.6x. Técnicamente 🟡 MACD convergiendo, 🟢 base_pattern_detected. Clasificación: descarte.","WESFARMER FPO [WES] está un 4.4% por debajo de su máximo 52s. Fundamentalmente aceptable con ROE 36.4%, deuda neta/EBITDA 2.6x. Técnicamente 🟡 MACD convergiendo, 🟢 base_pattern_detected. Clasificación: descarte.",OK,
PEP,"Pepsico, Inc.",SP500,1.0,script-v2.0,1.0,2026-08-04T10:28:47.732011+02:00,40.1,40.1,78.0,7.0,0.0,4.0,40.0,28.0,12.0,8698308.0,2.25,0.9,0.1,12.35,,-3.005,False,,,False,147.64,,True,False,False,Sin señales de recuperación,pass,descarte,pendiente,0.0,desconocido,Pendiente de implementar,ausente,eps_stabilization (media): EPS 2.18 vs 1.70 (Diluted EPS) | dividend_maintained (baja): Dividendo actual 4.24%,incompleto,descarte,,,,145.76,145.76,145.76,ROE negativo durante 2 trimestres consecutivos | Ampliación de capital dilutiva | Recorte de rating a bono basura,12-18,"Pepsico, Inc. está un N/D por debajo de su máximo 52s. Fundamentalmente aceptable con ROE 51.5%, deuda neta/EBITDA 2.2x. Técnicamente 🟢 Divergencia alcista RSI, 🟢 base_pattern_detected. Clasificación: descarte.","Pepsico, Inc. está un N/D por debajo de su máximo 52s. Fundamentalmente aceptable con ROE 51.5%, deuda neta/EBITDA 2.2x. Técnicamente 🟢 Divergencia alcista RSI, 🟢 base_pattern_detected. Clasificación: descarte.",OK,
LMT,Lockheed Martin Corporation,SP500,1.0,script-v2.0,1.0,2026-08-04T10:29:22.694388+02:00,40.1,40.1,86.0,0.0,0.0,12.0,40.0,28.0,12.0,1298109.0,1.73,-0.8,0.0,15.71,,0.4833,False,,,False,545.32,,True,False,True,,pass,pendiente_confirmacion,pendiente,0.0,desconocido,Pendiente de implementar,confirmada,margin_stabilization (media): Margen gross 12.2% vs 11.5% (+0.7 pp) | eps_stabilization (media): EPS 7.94 vs 6.44 (Diluted EPS) | debt_reduction (alta): Deuda 20538.0M vs 20697.0M | dividend_maintained (baja): Dividendo actual 2.35%,incompleto,pendiente_confirmacion,,,,588.2,588.2,588.20,ROE negativo durante 2 trimestres consecutivos | Ampliación de capital dilutiva | Recorte de rating a bono basura,12-18,"Lockheed Martin Corporation está un N/D por debajo de su máximo 52s. Fundamentalmente aceptable con ROE 89.2%, deuda neta/EBITDA 1.7x. Técnicamente 🟢 Divergencia alcista RSI, 🟢 base_pattern_detected. Clasificación: pendiente_confirmacion.","Lockheed Martin Corporation está un N/D por debajo de su máximo 52s. Fundamentalmente aceptable con ROE 89.2%, deuda neta/EBITDA 1.7x. Técnicamente 🟢 Divergencia alcista RSI, 🟢 base_pattern_detected. Clasificación: pendiente_confirmacion.",OK,
RTX,RTX Corporation,SP500,1.0,script-v2.0,1.0,2026-08-04T10:29:20.766212+02:00,40.0,44.3,95.0,0.0,0.0,12.0,27.0,15.0,12.0,5454829.0,1.92,-0.2,-0.0,20.4,,5.8371,False,,,False,188.55,,True,False,True,,pass,pendiente_confirmacion,pendiente,0.0,desconocido,Pendiente de implementar,confirmada,margin_stabilization (media): Margen gross 20.8% vs 20.8% (-0.0 pp) | eps_stabilization (media): EPS 1.57 vs 1.51 (Diluted EPS) | debt_reduction (alta): Deuda 38856.0M vs 38935.0M | dividend_maintained (baja): Dividendo actual 1.35%,incompleto,pendiente_confirmacion,,,,188.14,188.14,188.14,ROE negativo durante 2 trimestres consecutivos | Ampliación de capital dilutiva | Recorte de rating a bono basura,12-18,"RTX Corporation está un N/D por debajo de su máximo 52s. Fundamentalmente aceptable con ROE 12.3%, deuda neta/EBITDA 1.9x. Técnicamente 🟢 base_pattern_detected. Clasificación: pendiente_confirmacion.","RTX Corporation está un N/D por debajo de su máximo 52s. Fundamentalmente aceptable con ROE 12.3%, deuda neta/EBITDA 1.9x. Técnicamente 🟢 base_pattern_detected. Clasificación: pendiente_confirmacion.",OK,
ISP.MI,INTESA SANPAOLO,EUROSTOXX,1.0,script-v2.0,1.0,2026-08-04T10:28:12.841686+02:00,39.9,41.2,78.0,9.0,0.0,9.0,36.0,30.0,6.0,57453543.0,,-26.3,,,0.1,0.3091,False,98.7,84.9,False,5.66,19.2,False,True,True,,pass,pendiente_confirmacion,pendiente,0.0,desconocido,Pendiente de implementar,parcial,eps_stabilization (media): EPS 0.16 vs 0.16 (Diluted EPS) | debt_reduction (alta): Deuda 102671.0M vs 139313.0M | dividend_maintained (baja): Dividendo actual 5.63% con caída del 0.1%,incompleto,pendiente_confirmacion,6.08,6.25,6.08 - 6.25,5.6,5.75,5.60 - 5.75,Pérdida del soporte en 6.25 | ROE negativo durante 2 trimestres consecutivos | Ampliación de capital dilutiva | Recorte de rating a bono basura,6-12,"INTESA SANPAOLO está un 0.1% por debajo de su máximo 52s. Fundamentalmente aceptable con ROE 14.3%, dividendo 5.6%. Técnicamente 🟢 Cruce alcista MACD, 🟡 trendline_break. Clasificación: pendiente_confirmacion.","INTESA SANPAOLO está un 0.1% por debajo de su máximo 52s. Fundamentalmente aceptable con ROE 14.3%, dividendo 5.6%. Técnicamente 🟢 Cruce alcista MACD, 🟡 trendline_break. Clasificación: pendiente_confirmacion.",OK,
GOOG,Alphabet Inc.,SP500,1.0,script-v2.0,1.0,2026-08-04T10:29:47.027189+02:00,39.9,34.5,74.0,0.0,0.0,4.0,56.0,44.0,12.0,22171612.0,-0.7,33.5,0.0,25.71,,11.2829,False,,,False,328.82,,True,False,False,Sin señales de recuperación,pass,descarte,pendiente,0.0,desconocido,Pendiente de implementar,ausente,eps_stabilization (media): EPS 9.11 vs 5.11 (Diluted EPS) | dividend_maintained (baja): Dividendo actual 0.24%,razonable,descarte,,,,343.8,343.8,343.80,ROE negativo durante 2 trimestres consecutivos | Ampliación de capital dilutiva | Recorte de rating a bono basura,12-18,"Alphabet Inc. está un N/D por debajo de su máximo 52s. Fundamentalmente débil con ROE 48.7%, deuda neta/EBITDA -0.7x. Técnicamente 🟢 Divergencia alcista RSI, 🟢 Cruce alcista MACD. Clasificación: descarte.","Alphabet Inc. está un N/D por debajo de su máximo 52s. Fundamentalmente débil con ROE 48.7%, deuda neta/EBITDA -0.7x. Técnicamente 🟢 Divergencia alcista RSI, 🟢 Cruce alcista MACD. Clasificación: descarte.",OK,
AIR.PA,AIRBUS SE,EUROSTOXX,1.0,script-v2.0,1.0,2026-08-04T10:27:45.538047+02:00,39.8,42.0,90.0,0.0,0.0,7.0,33.0,15.0,18.0,1252320.0,0.13,30.4,0.9,18.42,2.8,6.5532,False,90.2,77.7,False,187.27,12.8,True,True,True,,pass,pendiente_confirmacion,pendiente,0.0,desconocido,Pendiente de implementar,parcial,margin_stabilization (media): Margen gross 18.4% vs 12.3% (+6.1 pp) | eps_stabilization (media): EPS 2.10 vs 0.74 (Diluted EPS) | dividend_maintained (baja): Dividendo actual 1.52% con caída del 4.6%,incompleto,pendiente_confirmacion,189.71,191.2,189.71 - 191.20,187.86,188.11,187.86 - 188.11,Pérdida del soporte en 189.71 | ROE negativo durante 2 trimestres consecutivos | Ampliación de capital dilutiva | Recorte de rating a bono basura,6-12,"AIRBUS SE está un 4.6% por debajo de su máximo 52s. Fundamentalmente aceptable con ROE 23.2%, deuda neta/EBITDA 0.1x. Técnicamente 🟢 base_pattern_detected, 🟡 trendline_break. Clasificación: pendiente_confirmacion.","AIRBUS SE está un 4.6% por debajo de su máximo 52s. Fundamentalmente aceptable con ROE 23.2%, deuda neta/EBITDA 0.1x. Técnicamente 🟢 base_pattern_detected, 🟡 trendline_break. Clasificación: pendiente_confirmacion.",OK,
IAG.AX,INSUR.AUST FPO [IAG],ASX,1.0,script-v2.0,1.0,2026-08-04T10:30:05.161225+02:00,39.6,48.5,96.0,7.0,0.0,4.0,13.0,7.0,6.0,5234905.0,0.95,,,11.32,3.4,0.2548,False,66.7,64.0,False,7.64,12.1,False,True,False,Sin señales de recuperación | Sin suelo técnico identificado,pass,descarte,pendiente,0.0,desconocido,Pendiente de implementar,ausente,eps_stabilization (media): EPS 0.56 vs 0.36 (annual_eps_fallback) | dividend_maintained (baja): Dividendo actual 3.62% con caída del 6.7%,sin_suelo,descarte,8.07,8.11,8.07 - 8.11,7.62,7.79,7.62 - 7.79,Pérdida del soporte en 8.07 | ROE negativo durante 2 trimestres consecutivos | Ampliación de capital dilutiva | Recorte de rating a bono basura,6-12,"INSUR.AUST FPO [IAG] está un 6.7% por debajo de su máximo 52s. Fundamentalmente aceptable con ROE 15.7%, deuda neta/EBITDA 0.9x. Técnicamente 🟡 trendline_break. Clasificación: descarte.","INSUR.AUST FPO [IAG] está un 6.7% por debajo de su máximo 52s. Fundamentalmente aceptable con ROE 15.7%, deuda neta/EBITDA 0.9x. Técnicamente 🟡 trendline_break. Clasificación: descarte.",OK,
8316.T,SUMITOMO MITSUI FINANCIAL GROUP,ASIA,1.0,script-v2.0,1.0,2026-08-04T10:30:13.199353+02:00,39.5,37.9,71.0,9.0,0.0,4.0,44.0,32.0,12.0,13983670.0,,87.1,,,10.3,449.7942,False,11.3,23.1,False,5612.63,16.1,True,False,False,Sin señales de recuperación,pass,descarte,pendiente,0.0,desconocido,Pendiente de implementar,ausente,eps_stabilization (media): EPS 301.48 vs 241.45 (annual_eps_fallback) | dividend_maintained (baja): Dividendo actual 2.07% con caída del 10.3%,incompleto,descarte,6287.0,6515.0,6287.00 - 6515.00,5451.47,6171.0,5451.47 - 6171.00,Pérdida del soporte en 6287.00 | ROE negativo durante 2 trimestres consecutivos | Ampliación de capital dilutiva | Recorte de rating a bono basura,6-12,"SUMITOMO MITSUI FINANCIAL GROUP está un 10.3% por debajo de su máximo 52s. Fundamentalmente débil con ROE 8.6%, dividendo 2.1%. Técnicamente 🟢 Cerca de soporte, 🟢 base_pattern_detected. Clasificación: descarte.","SUMITOMO MITSUI FINANCIAL GROUP está un 10.3% por debajo de su máximo 52s. Fundamentalmente débil con ROE 8.6%, dividendo 2.1%. Técnicamente 🟢 Cerca de soporte, 🟢 base_pattern_detected. Clasificación: descarte.",OK,
SO,Southern Company (The),SP500,1.0,script-v2.0,1.0,2026-08-04T10:29:30.019262+02:00,39.5,36.6,75.0,3.0,0.0,4.0,48.0,36.0,12.0,5829346.0,5.2,1.4,0.1,12.89,,1.1919,False,,,False,91.84,,True,False,False,Sin señales de recuperación,pass,descarte,pendiente,0.0,desconocido,Pendiente de implementar,ausente,margin_stabilization (media): Margen gross 51.3% vs 46.5% (+4.8 pp) | dividend_maintained (baja): Dividendo actual 3.27%,razonable,descarte,,,,85.71,85.71,85.71,ROE negativo durante 2 trimestres consecutivos | Ampliación de capital dilutiva | Recorte de rating a bono basura,12-18,"Southern Company (The) está un N/D por debajo de su máximo 52s. Fundamentalmente débil con ROE 11.5%, deuda neta/EBITDA 5.2x. Técnicamente 🟡 MACD convergiendo, 🟢 Volumen creciente. Clasificación: descarte.","Southern Company (The) está un N/D por debajo de su máximo 52s. Fundamentalmente débil con ROE 11.5%, deuda neta/EBITDA 5.2x. Técnicamente 🟡 MACD convergiendo, 🟢 Volumen creciente. Clasificación: descarte.",OK,
ABBV,AbbVie Inc.,SP500,1.0,script-v2.0,1.0,2026-08-04T10:28:50.237546+02:00,39.4,35.5,67.0,8.0,0.0,1.0,51.0,39.0,12.0,6783637.0,2.06,8.0,2.1,16.13,,11.0253,False,,,False,221.88,,True,False,False,Sin señales de recuperación,pass,descarte,pendiente,0.0,desconocido,Pendiente de implementar,ausente,dividend_maintained (baja): Dividendo actual 2.82%,razonable,descarte,,,,227.35,227.35,227.35,ROE negativo durante 2 trimestres consecutivos | Ampliación de capital dilutiva | Recorte de rating a bono basura,12-18,"AbbVie Inc. está un N/D por debajo de su máximo 52s. Fundamentalmente débil con deuda neta/EBITDA 2.1x, dividendo 2.8%. Técnicamente 🟢 Cruce alcista MACD, 🟢 base_pattern_detected. Clasificación: descarte.","AbbVie Inc. está un N/D por debajo de su máximo 52s. Fundamentalmente débil con deuda neta/EBITDA 2.1x, dividendo 2.8%. Técnicamente 🟢 Cruce alcista MACD, 🟢 base_pattern_detected. Clasificación: descarte.",OK,
AMT,American Tower Corporation (REI,SP500,1.0,script-v2.0,1.0,2026-08-04T10:29:35.719131+02:00,39.3,34.1,64.0,8.0,0.0,10.0,55.0,33.0,22.0,3301474.0,6.14,0.0,-0.2,18.51,,-2.4735,True,,,False,175.88,,True,False,False,,pass,descarte,pendiente,0.0,desconocido,Pendiente de implementar,parcial,"margin_stabilization (media): Margen gross 74.3% vs 73.9% (+0.4 pp) | eps_stabilization (media): EPS 1.84 vs 1.75 (Diluted EPS) | dividend_maintained (baja): Dividendo actual 4.03% | analyst_upgrade (media): Target 215.48 vs precio 173.00 (+25%), recMean 1.56, recKey buy",razonable,descarte,,,,182.57,182.57,182.57,ROE negativo durante 2 trimestres consecutivos | Ampliación de capital dilutiva | Recorte de rating a bono basura,12-18,"American Tower Corporation (REI está un N/D por debajo de su máximo 52s. Fundamentalmente débil con ROE 33.9%, deuda neta/EBITDA 6.1x. Técnicamente 🟢 Divergencia alcista RSI, 🟢 MACD semanal girando al alza. Clasificación: descarte.","American Tower Corporation (REI está un N/D por debajo de su máximo 52s. Fundamentalmente débil con ROE 33.9%, deuda neta/EBITDA 6.1x. Técnicamente 🟢 Divergencia alcista RSI, 🟢 MACD semanal girando al alza. Clasificación: descarte.",OK,
UCG.MI,UNICREDIT,EUROSTOXX,1.0,script-v2.0,1.0,2026-08-04T10:28:15.184656+02:00,39.2,39.3,74.0,9.0,0.0,1.0,39.0,21.0,18.0,5411300.0,,90.7,,,0.2,4.6568,False,96.9,57.2,False,70.03,21.2,True,True,False,Sin señales de recuperación,pass,descarte,pendiente,0.0,desconocido,Pendiente de implementar,ausente,dividend_maintained (baja): Dividendo actual 3.71% con caída del 0.2%,incompleto,descarte,78.2,79.24,78.20 - 79.24,69.22,72.31,69.22 - 72.31,Pérdida del soporte en 79.24 | ROE negativo durante 2 trimestres consecutivos | Ampliación de capital dilutiva | Recorte de rating a bono basura,6-12,"UNICREDIT está un 0.2% por debajo de su máximo 52s. Fundamentalmente débil con ROE 15.8%, dividendo 3.7%. Técnicamente 🟡 MACD convergiendo, 🟢 base_pattern_detected. Clasificación: descarte.","UNICREDIT está un 0.2% por debajo de su máximo 52s. Fundamentalmente débil con ROE 15.8%, dividendo 3.7%. Técnicamente 🟡 MACD convergiendo, 🟢 base_pattern_detected. Clasificación: descarte.",OK,
NOVN.SW,NOVARTIS N,EUROSTOXX,1.0,script-v2.0,1.0,2026-08-04T10:28:28.485183+02:00,39.0,42.0,90.0,0.0,0.0,7.0,30.0,12.0,18.0,2692385.0,1.79,4.3,0.2,12.05,5.2,3.7404,False,35.1,47.6,False,115.91,7.6,True,True,True,,pass,pendiente_confirmacion,pendiente,0.0,desconocido,Pendiente de implementar,parcial,margin_stabilization (media): Margen gross 75.2% vs 74.4% (+0.8 pp) | eps_stabilization (media): EPS 1.71 vs 1.65 (Diluted EPS) | dividend_maintained (baja): Dividendo actual 2.97% con caída del 5.2%,incompleto,pendiente_confirmacion,117.34,122.74,117.34 - 122.74,111.77,114.42,111.77 - 114.42,Pérdida del soporte en 117.34 | ROE negativo durante 2 trimestres consecutivos | Ampliación de capital dilutiva | Recorte de rating a bono basura,6-12,"NOVARTIS N está un 5.2% por debajo de su máximo 52s. Fundamentalmente aceptable con ROE 30.3%, deuda neta/EBITDA 1.8x. Técnicamente 🟢 base_pattern_detected, 🟡 trendline_break. Clasificación: pendiente_confirmacion.","NOVARTIS N está un 5.2% por debajo de su máximo 52s. Fundamentalmente aceptable con ROE 30.3%, deuda neta/EBITDA 1.8x. Técnicamente 🟢 base_pattern_detected, 🟡 trendline_break. Clasificación: pendiente_confirmacion.",OK,
EMR,Emerson Electric Company,SP500,1.0,script-v2.0,1.0,2026-08-04T10:28:55.532183+02:00,38.9,41.5,89.0,0.0,0.0,7.0,31.0,19.0,12.0,2869706.0,2.09,1.0,-0.0,16.85,,2.2027,False,,,False,139.38,,True,False,True,,pass,pendiente_confirmacion,pendiente,0.0,desconocido,Pendiente de implementar,parcial,margin_stabilization (media): Margen gross 53.1% vs 53.2% (-0.1 pp) | eps_stabilization (media): EPS 1.10 vs 1.07 (Diluted EPS) | dividend_maintained (baja): Dividendo actual 1.43%,incompleto,pendiente_confirmacion,,,,140.38,140.38,140.38,ROE negativo durante 2 trimestres consecutivos | Ampliación de capital dilutiva | Recorte de rating a bono basura,12-18,"Emerson Electric Company está un N/D por debajo de su máximo 52s. Fundamentalmente aceptable con ROE 12.3%, deuda neta/EBITDA 2.1x. Técnicamente 🟢 base_pattern_detected. Clasificación: pendiente_confirmacion.","Emerson Electric Company está un N/D por debajo de su máximo 52s. Fundamentalmente aceptable con ROE 12.3%, deuda neta/EBITDA 2.1x. Técnicamente 🟢 base_pattern_detected. Clasificación: pendiente_confirmacion.",OK,
GS,"Goldman Sachs Group, Inc. (The)",SP500,1.0,script-v2.0,1.0,2026-08-04T10:29:10.124877+02:00,38.8,41.0,81.0,6.0,0.0,4.0,32.0,32.0,0.0,2182629.0,,106.1,,,,53.672,False,,,False,917.15,,False,False,False,Sin señales de recuperación,pass,descarte,pendiente,0.0,desconocido,Pendiente de implementar,ausente,eps_stabilization (media): EPS 20.98 vs 17.55 (Diluted EPS) | dividend_maintained (baja): Dividendo actual 1.95%,incompleto,descarte,,,,980.89,980.89,980.89,ROE negativo durante 2 trimestres consecutivos | Ampliación de capital dilutiva | Recorte de rating a bono basura,12-18,"Goldman Sachs Group, Inc. (The) está un N/D por debajo de su máximo 52s. Fundamentalmente aceptable con ROE 17.0%, D/E 6.47. Técnicamente 🟡 MACD convergiendo. Clasificación: descarte.","Goldman Sachs Group, Inc. (The) está un N/D por debajo de su máximo 52s. Fundamentalmente aceptable con ROE 17.0%, D/E 6.47. Técnicamente 🟡 MACD convergiendo. Clasificación: descarte.",OK,
C,"Citigroup, Inc.",SP500,1.0,script-v2.0,1.0,2026-08-04T10:29:10.008053+02:00,38.7,43.3,71.0,19.0,0.0,4.0,25.0,25.0,0.0,12634845.0,,121.3,,,,6.534,False,,,False,118.72,,False,False,False,Sin señales de recuperación,pass,descarte,pendiente,0.0,desconocido,Pendiente de implementar,ausente,eps_stabilization (media): EPS 3.15 vs 3.06 (Diluted EPS) | dividend_maintained (baja): Dividendo actual 2.01%,incompleto,descarte,,,,125.77,125.77,125.77,ROE negativo durante 2 trimestres consecutivos | Ampliación de capital dilutiva | Recorte de rating a bono basura,12-18,"Citigroup, Inc. está un N/D por debajo de su máximo 52s. Fundamentalmente aceptable con ROE 8.5%, dividendo 2.0%. Técnicamente 🟡 MACD convergiendo. Clasificación: descarte.","Citigroup, Inc. está un N/D por debajo de su máximo 52s. Fundamentalmente aceptable con ROE 8.5%, dividendo 2.0%. Técnicamente 🟡 MACD convergiendo. Clasificación: descarte.",OK,
META,"Meta Platforms, Inc.",SP500,1.0,script-v2.0,1.0,2026-08-04T10:29:48.262444+02:00,38.6,33.1,71.0,0.0,0.0,7.0,55.0,43.0,12.0,18122133.0,0.2,29.4,-0.0,13.91,,-13.0505,False,,,False,624.76,,True,False,False,,pass,descarte,pendiente,0.0,desconocido,Pendiente de implementar,parcial,"margin_stabilization (media): Margen gross 81.4% vs 81.9% (-0.5 pp) | dividend_maintained (baja): Dividendo actual 0.36% | analyst_upgrade (media): Target 768.58 vs precio 590.24 (+30%), recMean 1.35, recKey strong_buy",razonable,descarte,,,,676.81,676.81,676.81,ROE negativo durante 2 trimestres consecutivos | Ampliación de capital dilutiva | Recorte de rating a bono basura,12-18,"Meta Platforms, Inc. está un N/D por debajo de su máximo 52s. Fundamentalmente débil con ROE 29.8%, deuda neta/EBITDA 0.2x. Técnicamente 🟡 MACD convergiendo, 🟢 Volumen creciente. Clasificación: descarte.","Meta Platforms, Inc. está un N/D por debajo de su máximo 52s. Fundamentalmente débil con ROE 29.8%, deuda neta/EBITDA 0.2x. Técnicamente 🟡 MACD convergiendo, 🟢 Volumen creciente. Clasificación: descarte.",OK,
6861.T,KEYENCE CORP,ASIA,1.0,script-v2.0,1.0,2026-08-04T10:30:19.883992+02:00,38.6,37.8,73.0,7.0,0.0,4.0,41.0,35.0,6.0,737281.0,-2.33,,,30.47,1.5,4520.3981,False,95.8,86.5,False,65415.81,26.7,False,True,False,Sin señales de recuperación,pass,descarte,pendiente,0.0,desconocido,Pendiente de implementar,ausente,eps_stabilization (media): EPS 1835.63 vs 1643.77 (annual_eps_fallback) | dividend_maintained (baja): Dividendo actual 0.66% con caída del 1.5%,incompleto,descarte,73153.64,76699.2,73153.64 - 76699.20,64367.34,71544.5,64367.34 - 71544.50,Pérdida del soporte en 73153.64 | ROE negativo durante 2 trimestres consecutivos | Ampliación de capital dilutiva | Recorte de rating a bono basura,6-12,"KEYENCE CORP está un 1.5% por debajo de su máximo 52s. Fundamentalmente débil con deuda neta/EBITDA -2.3x, dividendo 0.7%. Técnicamente 🟢 Cruce alcista MACD, 🟡 trendline_break. Clasificación: descarte.","KEYENCE CORP está un 1.5% por debajo de su máximo 52s. Fundamentalmente débil con deuda neta/EBITDA -2.3x, dividendo 0.7%. Técnicamente 🟢 Cruce alcista MACD, 🟡 trendline_break. Clasificación: descarte.",OK,
AI.PA,AIR LIQUIDE,EUROSTOXX,1.0,script-v2.0,1.0,2026-08-04T10:27:44.870920+02:00,38.5,43.4,93.0,0.0,0.0,4.0,24.0,18.0,6.0,945292.0,1.98,36.4,,16.24,6.0,5.5068,False,14.1,16.4,False,156.96,9.2,False,True,False,Sin señales de recuperación | Sin suelo técnico identificado,pass,descarte,pendiente,0.0,desconocido,Pendiente de implementar,ausente,eps_stabilization (media): EPS 6.08 vs 5.20 (annual_eps_fallback) | dividend_maintained (baja): Dividendo actual 1.96% con caída del 6.0%,sin_suelo,descarte,160.9,170.95,160.90 - 170.95,154.92,156.11,154.92 - 156.11,Pérdida del soporte en 160.90 | ROE negativo durante 2 trimestres consecutivos | Ampliación de capital dilutiva | Recorte de rating a bono basura,6-12,"AIR LIQUIDE está un 6.0% por debajo de su máximo 52s. Fundamentalmente aceptable con ROE 14.0%, deuda neta/EBITDA 2.0x. Técnicamente 🟡 trendline_break. Clasificación: descarte.","AIR LIQUIDE está un 6.0% por debajo de su máximo 52s. Fundamentalmente aceptable con ROE 14.0%, deuda neta/EBITDA 2.0x. Técnicamente 🟡 trendline_break. Clasificación: descarte.",OK,
MRK,"Merck & Company, Inc.",SP500,1.0,script-v2.0,1.0,2026-08-04T10:29:25.738846+02:00,38.5,41.1,88.0,0.0,0.0,9.0,31.0,19.0,12.0,10036700.0,1.47,-0.4,2.8,12.16,,5.9416,False,,,False,112.52,,True,False,True,,pass,pendiente_confirmacion,pendiente,0.0,desconocido,Pendiente de implementar,parcial,margin_stabilization (media): Margen gross 74.2% vs 66.2% (+8.1 pp) | debt_reduction (alta): Deuda 49117.0M vs 49339.0M | dividend_maintained (baja): Dividendo actual 2.66%,incompleto,pendiente_confirmacion,,,,114.79,114.79,114.79,ROE negativo durante 2 trimestres consecutivos | Ampliación de capital dilutiva | Recorte de rating a bono basura,12-18,"Merck & Company, Inc. está un N/D por debajo de su máximo 52s. Fundamentalmente aceptable con ROE 18.9%, deuda neta/EBITDA 1.5x. Técnicamente 🟢 base_pattern_detected. Clasificación: pendiente_confirmacion.","Merck & Company, Inc. está un N/D por debajo de su máximo 52s. Fundamentalmente aceptable con ROE 18.9%, deuda neta/EBITDA 1.5x. Técnicamente 🟢 base_pattern_detected. Clasificación: pendiente_confirmacion.",OK,
RWE.DE,RWE AG                        I,EUROSTOXX,1.0,script-v2.0,1.0,2026-08-04T10:27:42.158884+02:00,38.4,38.9,65.0,16.0,0.0,1.0,37.0,25.0,12.0,1648860.0,10.88,55.4,0.9,56.09,5.6,1.9644,False,52.5,32.6,False,52.34,9.7,True,False,False,Sin señales de recuperación,pass,descarte,pendiente,0.0,desconocido,Pendiente de implementar,ausente,dividend_maintained (baja): Dividendo actual 2.09% con caída del 7.4%,incompleto,descarte,54.2,56.3,54.20 - 56.30,51.58,52.7,51.58 - 52.70,Pérdida del soporte en 54.20 | ROE negativo durante 2 trimestres consecutivos | Ampliación de capital dilutiva | Recorte de rating a bono basura,6-12,"RWE AG                        I está un 7.4% por debajo de su máximo 52s. Fundamentalmente débil con ROE 6.8%, deuda neta/EBITDA 10.9x. Técnicamente 🟡 MACD convergiendo, 🟢 base_pattern_detected. Clasificación: descarte.","RWE AG                        I está un 7.4% por debajo de su máximo 52s. Fundamentalmente débil con ROE 6.8%, deuda neta/EBITDA 10.9x. Técnicamente 🟡 MACD convergiendo, 🟢 base_pattern_detected. Clasificación: descarte.",OK,
SUN.AX,SUNCORP FPO [SUN],ASX,1.0,script-v2.0,1.0,2026-08-04T10:30:03.931448+02:00,37.8,38.3,81.0,1.0,0.0,4.0,36.0,30.0,6.0,2812588.0,0.74,,,14.26,17.7,0.5598,False,65.6,52.6,False,17.3,12.4,False,True,False,Sin señales de recuperación,pass,descarte,pendiente,0.0,desconocido,Pendiente de implementar,ausente,eps_stabilization (media): EPS 1.59 vs 1.04 (annual_eps_fallback) | dividend_maintained (baja): Dividendo actual 1.75% con caída del 11.3%,incompleto,descarte,18.66,18.92,18.66 - 18.92,17.38,18.63,17.38 - 18.63,Pérdida del soporte en 18.92 | ROE negativo durante 2 trimestres consecutivos | Ampliación de capital dilutiva | Recorte de rating a bono basura,6-12,"SUNCORP FPO [SUN] está un 11.3% por debajo de su máximo 52s. Fundamentalmente débil con ROE 8.4%, deuda neta/EBITDA 0.7x. Técnicamente 🟡 MACD convergiendo, 🟢 Cerca de soporte. Clasificación: descarte.","SUNCORP FPO [SUN] está un 11.3% por debajo de su máximo 52s. Fundamentalmente débil con ROE 8.4%, deuda neta/EBITDA 0.7x. Técnicamente 🟡 MACD convergiendo, 🟢 Cerca de soporte. Clasificación: descarte.",OK,
PM,Philip Morris International Inc,SP500,1.0,script-v2.0,1.0,2026-08-04T10:29:36.994485+02:00,37.8,40.1,71.0,13.0,0.0,12.0,31.0,19.0,12.0,5105703.0,2.39,-5.4,-0.0,18.72,,6.6635,False,,,False,168.88,,True,False,True,,pass,pendiente_confirmacion,pendiente,0.0,desconocido,Pendiente de implementar,confirmada,margin_stabilization (media): Margen gross 68.4% vs 68.1% (+0.4 pp) | eps_stabilization (media): EPS 0.23 vs 0.20 (Diluted EPS) | debt_reduction (alta): Deuda 49139.0M vs 51948.0M | dividend_maintained (baja): Dividendo actual 3.14%,incompleto,pendiente_confirmacion,,,,176.6,176.6,176.60,ROE negativo durante 2 trimestres consecutivos | Ampliación de capital dilutiva | Recorte de rating a bono basura,12-18,"Philip Morris International Inc está un N/D por debajo de su máximo 52s. Fundamentalmente aceptable con deuda neta/EBITDA 2.4x, dividendo 3.1%. Técnicamente 🟢 base_pattern_detected. Clasificación: pendiente_confirmacion.","Philip Morris International Inc está un N/D por debajo de su máximo 52s. Fundamentalmente aceptable con deuda neta/EBITDA 2.4x, dividendo 3.1%. Técnicamente 🟢 base_pattern_detected. Clasificación: pendiente_confirmacion.",OK,
INGA.AS,ING GROEP N.V.,EUROSTOXX,1.0,script-v2.0,1.0,2026-08-04T10:28:06.697217+02:00,37.7,40.3,76.0,9.0,0.0,4.0,30.0,30.0,0.0,7136671.0,,43.3,,,0.3,1.853,False,,,False,24.55,24.5,False,False,False,Sin señales de recuperación,pass,descarte,pendiente,0.0,desconocido,Pendiente de implementar,ausente,eps_stabilization (media): EPS 0.54 vs 0.48 (Diluted EPS) | dividend_maintained (baja): Dividendo actual 3.73% con caída del 0.4%,incompleto,descarte,27.44,30.57,27.44 - 30.57,26.08,26.08,26.08,Pérdida del soporte en 27.44 | ROE negativo durante 2 trimestres consecutivos | Ampliación de capital dilutiva | Recorte de rating a bono basura,6-12,"ING GROEP N.V. está un 0.4% por debajo de su máximo 52s. Fundamentalmente aceptable con ROE 17.1%, dividendo 3.7%. Técnicamente 🟢 Cruce alcista MACD. Clasificación: descarte.","ING GROEP N.V. está un 0.4% por debajo de su máximo 52s. Fundamentalmente aceptable con ROE 17.1%, dividendo 3.7%. Técnicamente 🟢 Cruce alcista MACD. Clasificación: descarte.",OK,
JPM,JP Morgan Chase & Co.,SP500,1.0,script-v2.0,1.0,2026-08-04T10:29:07.174043+02:00,37.6,39.1,77.0,6.0,0.0,4.0,33.0,21.0,12.0,9384714.0,,166.8,,,,12.436,False,,,False,310.34,,True,False,False,Sin señales de recuperación,pass,descarte,pendiente,0.0,desconocido,Pendiente de implementar,ausente,eps_stabilization (media): EPS 7.70 vs 5.94 (Diluted EPS) | dividend_maintained (baja): Dividendo actual 1.70%,incompleto,descarte,,,,305.41,305.41,305.41,ROE negativo durante 2 trimestres consecutivos | Ampliación de capital dilutiva | Recorte de rating a bono basura,12-18,"JP Morgan Chase & Co. está un N/D por debajo de su máximo 52s. Fundamentalmente débil con ROE 17.8%, dividendo 1.7%. Técnicamente 🟡 MACD convergiendo, 🟢 base_pattern_detected. Clasificación: descarte.","JP Morgan Chase & Co. está un N/D por debajo de su máximo 52s. Fundamentalmente débil con ROE 17.8%, dividendo 1.7%. Técnicamente 🟡 MACD convergiendo, 🟢 base_pattern_detected. Clasificación: descarte.",OK,
SRE,DBA Sempra,SP500,1.0,script-v2.0,1.0,2026-08-04T10:29:33.604482+02:00,37.5,31.1,62.0,4.0,0.0,7.0,57.0,45.0,12.0,3615561.0,6.34,4.0,-5.4,18.41,,0.5353,False,,,False,91.14,,True,False,False,,pass,descarte,pendiente,0.0,desconocido,Pendiente de implementar,parcial,margin_stabilization (media): Margen gross 52.6% vs 49.0% (+3.6 pp) | eps_stabilization (media): EPS 1.58 vs 0.54 (Diluted EPS) | dividend_maintained (baja): Dividendo actual 3.00%,razonable,descarte,,,,85.88,85.88,85.88,ROE negativo durante 2 trimestres consecutivos | Ampliación de capital dilutiva | Recorte de rating a bono basura,12-18,"DBA Sempra está un N/D por debajo de su máximo 52s. Fundamentalmente débil con ROE 5.7%, deuda neta/EBITDA 6.3x. Técnicamente 🟢 Divergencia alcista RSI, 🟡 MACD convergiendo. Clasificación: descarte.","DBA Sempra está un N/D por debajo de su máximo 52s. Fundamentalmente débil con ROE 5.7%, deuda neta/EBITDA 6.3x. Técnicamente 🟢 Divergencia alcista RSI, 🟡 MACD convergiendo. Clasificación: descarte.",OK,
SHW,Sherwin-Williams Company (The),SP500,1.0,script-v2.0,1.0,2026-08-04T10:29:06.618798+02:00,37.5,32.7,70.0,0.0,0.0,7.0,52.0,30.0,22.0,2406764.0,3.13,9.0,0.0,21.28,,-0.4972,True,,,False,331.98,,True,False,False,,pass,descarte,pendiente,0.0,desconocido,Pendiente de implementar,parcial,margin_stabilization (media): Margen gross 49.2% vs 49.1% (+0.1 pp) | eps_stabilization (media): EPS 3.43 vs 2.15 (Diluted EPS) | dividend_maintained (baja): Dividendo actual 0.90%,razonable,descarte,,,,322.7,322.7,322.70,ROE negativo durante 2 trimestres consecutivos | Ampliación de capital dilutiva | Recorte de rating a bono basura,12-18,"Sherwin-Williams Company (The) está un N/D por debajo de su máximo 52s. Fundamentalmente débil con ROE 65.1%, deuda neta/EBITDA 3.1x. Técnicamente 🟢 Cruce alcista MACD, 🟢 MACD semanal girando al alza. Clasificación: descarte.","Sherwin-Williams Company (The) está un N/D por debajo de su máximo 52s. Fundamentalmente débil con ROE 65.1%, deuda neta/EBITDA 3.1x. Técnicamente 🟢 Cruce alcista MACD, 🟢 MACD semanal girando al alza. Clasificación: descarte.",OK,
CL,Colgate-Palmolive Company,SP500,1.0,script-v2.0,1.0,2026-08-04T10:28:54.770379+02:00,37.5,35.9,77.0,0.0,0.0,12.0,42.0,30.0,12.0,5097522.0,1.29,-1.5,0.0,15.73,,1.8109,False,,,False,85.89,,True,False,False,,pass,descarte,pendiente,0.0,desconocido,Pendiente de implementar,confirmada,margin_stabilization (media): Margen gross 61.5% vs 60.6% (+0.9 pp) | eps_stabilization (media): EPS 0.86 vs 0.80 (Diluted EPS) | debt_reduction (alta): Deuda 7857.0M vs 7973.0M | dividend_maintained (baja): Dividendo actual 2.36%,incompleto,descarte,,,,84.43,84.43,84.43,ROE negativo durante 2 trimestres consecutivos | Ampliación de capital dilutiva | Recorte de rating a bono basura,12-18,"Colgate-Palmolive Company está un N/D por debajo de su máximo 52s. Fundamentalmente débil con ROE 267.4%, deuda neta/EBITDA 1.3x. Técnicamente 🟡 MACD convergiendo, 🟢 base_pattern_detected. Clasificación: descarte.","Colgate-Palmolive Company está un N/D por debajo de su máximo 52s. Fundamentalmente débil con ROE 267.4%, deuda neta/EBITDA 1.3x. Técnicamente 🟡 MACD convergiendo, 🟢 base_pattern_detected. Clasificación: descarte.",OK,
BRK-B,Berkshire Hathaway Inc. New,SP500,1.0,script-v2.0,1.0,2026-08-04T10:29:10.996047+02:00,37.5,40.0,48.0,33.0,0.0,5.0,30.0,30.0,0.0,4953154.0,-2.28,-0.2,-1.1,-2.25,,3.1519,False,,,False,491.35,,False,False,False,Sin señales de recuperación,pass,descarte,pendiente,0.0,desconocido,Pendiente de implementar,ausente,debt_reduction (alta): Deuda 128886.0M vs 129081.0M,incompleto,descarte,,,,442.56,442.56,442.56,ROE negativo durante 2 trimestres consecutivos | Ampliación de capital dilutiva | Recorte de rating a bono basura,12-18,"Berkshire Hathaway Inc. New está un N/D por debajo de su máximo 52s. Fundamentalmente aceptable con ROE 10.5%, deuda neta/EBITDA -2.3x. Técnicamente 🟢 Cruce alcista MACD. Clasificación: descarte.","Berkshire Hathaway Inc. New está un N/D por debajo de su máximo 52s. Fundamentalmente aceptable con ROE 10.5%, deuda neta/EBITDA -2.3x. Técnicamente 🟢 Cruce alcista MACD. Clasificación: descarte.",OK,
SJM,The J.M. Smucker Company,SP500,1.0,script-v2.0,1.0,2026-08-04T10:29:40.178472+02:00,37.2,44.7,66.0,26.0,0.0,12.0,15.0,15.0,0.0,1729759.0,3.67,-4.4,1.0,10.18,,4.1406,False,,,False,103.78,,False,False,False,Sin suelo técnico identificado,pass,descarte,pendiente,0.0,desconocido,Pendiente de implementar,confirmada,margin_stabilization (media): Margen gross 38.0% vs 35.4% (+2.6 pp) | eps_stabilization (media): EPS 3.64 vs -6.79 (Diluted EPS) | debt_reduction (alta): Deuda 7129.8M vs 7454.3M | dividend_maintained (baja): Dividendo actual 3.81%,sin_suelo,descarte,,,,108.5,108.5,108.50,ROE negativo durante 2 trimestres consecutivos | Ampliación de capital dilutiva | Recorte de rating a bono basura,12-18,"The J.M. Smucker Company está un N/D por debajo de su máximo 52s. Fundamentalmente aceptable con ROE -2.4%, deuda neta/EBITDA 3.7x. Técnicamente sin suelo técnico identificado. Clasificación: descarte.","The J.M. Smucker Company está un N/D por debajo de su máximo 52s. Fundamentalmente aceptable con ROE -2.4%, deuda neta/EBITDA 3.7x. Técnicamente sin suelo técnico identificado. Clasificación: descarte.",OK,
CBA.AX,CWLTH BANK FPO [CBA],ASX,1.0,script-v2.0,1.0,2026-08-04T10:29:52.117366+02:00,37.0,34.1,73.0,0.0,0.0,4.0,46.0,28.0,18.0,2178942.0,,57.8,,,3.1,2.2187,False,94.4,81.0,False,165.5,9.2,True,True,False,Sin señales de recuperación,pass,descarte,pendiente,0.0,desconocido,Pendiente de implementar,ausente,eps_stabilization (media): EPS 6.04 vs 5.58 (annual_eps_fallback) | dividend_maintained (baja): Dividendo actual 2.74% con caída del 2.6%,razonable,descarte,165.61,167.01,165.61 - 167.01,157.75,165.32,157.75 - 165.32,Pérdida del soporte en 165.61 | ROE negativo durante 2 trimestres consecutivos | Ampliación de capital dilutiva | Recorte de rating a bono basura,6-12,"CWLTH BANK FPO [CBA] está un 2.6% por debajo de su máximo 52s. Fundamentalmente débil con ROE 13.6%, dividendo 2.7%. Técnicamente 🟢 Divergencia alcista RSI, 🟢 base_pattern_detected. Clasificación: descarte.","CWLTH BANK FPO [CBA] está un 2.6% por debajo de su máximo 52s. Fundamentalmente débil con ROE 13.6%, dividendo 2.7%. Técnicamente 🟢 Divergencia alcista RSI, 🟢 base_pattern_detected. Clasificación: descarte.",OK,
ITW,Illinois Tool Works Inc.,SP500,1.0,script-v2.0,1.0,2026-08-04T10:28:57.996198+02:00,37.0,35.9,77.0,0.0,0.0,7.0,40.0,28.0,12.0,1458408.0,1.84,5.2,0.0,19.03,,5.2387,False,,,False,260.5,,True,False,False,,pass,descarte,pendiente,0.0,desconocido,Pendiente de implementar,parcial,margin_stabilization (media): Margen gross 43.8% vs 44.2% (-0.4 pp) | eps_stabilization (media): EPS 2.84 vs 2.66 (Diluted EPS) | dividend_maintained (baja): Dividendo actual 2.23%,incompleto,descarte,,,,257.69,257.69,257.69,ROE negativo durante 2 trimestres consecutivos | Ampliación de capital dilutiva | Recorte de rating a bono basura,12-18,"Illinois Tool Works Inc. está un N/D por debajo de su máximo 52s. Fundamentalmente débil con ROE 104.6%, deuda neta/EBITDA 1.8x. Técnicamente 🟢 Divergencia alcista RSI, 🟢 base_pattern_detected. Clasificación: descarte.","Illinois Tool Works Inc. está un N/D por debajo de su máximo 52s. Fundamentalmente débil con ROE 104.6%, deuda neta/EBITDA 1.8x. Técnicamente 🟢 Divergencia alcista RSI, 🟢 base_pattern_detected. Clasificación: descarte.",OK,
VOD.L,VODAFONE GROUP PLC ORD USD0.20 ,EUROSTOXX,1.0,script-v2.0,1.0,2026-08-04T10:28:38.932621+02:00,37.0,37.4,47.0,29.0,0.0,4.0,36.0,24.0,12.0,87883981.0,4.46,5.8,,7.9,99.0,2.7636,False,0.1,0.1,False,107.51,8.7,True,False,False,Sin señales de recuperación,pass,descarte,pendiente,0.0,desconocido,Pendiente de implementar,ausente,eps_stabilization (media): EPS -0.02 vs -0.16 (annual_eps_fallback) | dividend_maintained (baja): Dividendo actual 0.03% con caída del 99.0%,incompleto,descarte,109.36,110.46,109.36 - 110.46,106.11,10240.38,106.11 - 10240.38,Pérdida del soporte en 109.36 | ROE negativo durante 2 trimestres consecutivos | Ampliación de capital dilutiva | Recorte de rating a bono basura,18-24,"VODAFONE GROUP PLC ORD USD0.20  está un 99.0% por debajo de su máximo 52s. Fundamentalmente débil con ROE 0.1%, deuda neta/EBITDA 4.5x. Técnicamente 🟢 Divergencia alcista RSI, 🟢 base_pattern_detected. Clasificación: descarte.","VODAFONE GROUP PLC ORD USD0.20  está un 99.0% por debajo de su máximo 52s. Fundamentalmente débil con ROE 0.1%, deuda neta/EBITDA 4.5x. Técnicamente 🟢 Divergencia alcista RSI, 🟢 base_pattern_detected. Clasificación: descarte.",OK,
8306.T,MITSUBISHI UFJ FINANCIAL GROUP ,ASIA,1.0,script-v2.0,1.0,2026-08-04T10:30:12.851633+02:00,36.9,38.9,73.0,9.0,0.0,4.0,31.0,25.0,6.0,42545340.0,,236.8,,,9.0,245.2182,False,14.7,31.1,False,2868.6,21.0,False,True,False,Sin señales de recuperación,pass,descarte,pendiente,0.0,desconocido,Pendiente de implementar,ausente,eps_stabilization (media): EPS 212.34 vs 159.48 (annual_eps_fallback) | dividend_maintained (baja): Dividendo actual 2.77% con caída del 9.0%,incompleto,descarte,3350.62,3396.0,3350.62 - 3396.00,2805.97,3241.05,2805.97 - 3241.05,Pérdida del soporte en 3396.00 | ROE negativo durante 2 trimestres consecutivos | Ampliación de capital dilutiva | Recorte de rating a bono basura,6-12,"MITSUBISHI UFJ FINANCIAL GROUP  está un 9.0% por debajo de su máximo 52s. Fundamentalmente débil con ROE 9.4%, dividendo 2.8%. Técnicamente 🟢 Cerca de soporte, 🟡 trendline_break. Clasificación: descarte.","MITSUBISHI UFJ FINANCIAL GROUP  está un 9.0% por debajo de su máximo 52s. Fundamentalmente débil con ROE 9.4%, dividendo 2.8%. Técnicamente 🟢 Cerca de soporte, 🟡 trendline_break. Clasificación: descarte.",OK,
HD,"Home Depot, Inc. (The)",SP500,1.0,script-v2.0,1.0,2026-08-04T10:29:13.332271+02:00,36.4,34.5,74.0,0.0,0.0,12.0,42.0,30.0,12.0,4930974.0,2.49,-2.5,0.0,16.08,,-3.5321,False,,,False,344.05,,True,False,False,,pass,descarte,pendiente,0.0,desconocido,Pendiente de implementar,confirmada,margin_stabilization (media): Margen gross 33.0% vs 32.6% (+0.4 pp) | eps_stabilization (media): EPS 3.30 vs 2.58 (Diluted EPS) | debt_reduction (alta): Deuda 63731.0M vs 65350.0M | dividend_maintained (baja): Dividendo actual 2.74%,incompleto,descarte,,,,362.74,362.74,362.74,ROE negativo durante 2 trimestres consecutivos | Ampliación de capital dilutiva | Recorte de rating a bono basura,12-18,"Home Depot, Inc. (The) está un N/D por debajo de su máximo 52s. Fundamentalmente débil con ROE 128.4%, deuda neta/EBITDA 2.5x. Técnicamente 🟡 MACD convergiendo, 🟢 base_pattern_detected. Clasificación: descarte.","Home Depot, Inc. (The) está un N/D por debajo de su máximo 52s. Fundamentalmente débil con ROE 128.4%, deuda neta/EBITDA 2.5x. Técnicamente 🟡 MACD convergiendo, 🟢 base_pattern_detected. Clasificación: descarte.",OK,
0019.HK,SWIRE PACIFIC A,ASIA,1.0,script-v2.0,1.0,2026-08-04T10:30:33.707523+02:00,36.4,34.8,62.0,11.0,0.0,6.0,41.0,35.0,6.0,987636.0,5.17,-5.3,,18.15,2.1,4.8861,False,85.3,89.1,False,78.93,24.0,False,True,False,,pass,descarte,pendiente,0.0,desconocido,Pendiente de implementar,parcial,debt_reduction (alta): Deuda 98287.0M vs 103840.0M | dividend_maintained (baja): Dividendo actual 3.88% con caída del 2.1%,incompleto,descarte,86.26,96.0,86.26 - 96.00,76.9,85.0,76.90 - 85.00,Pérdida del soporte en 96.00 | ROE negativo durante 2 trimestres consecutivos | Ampliación de capital dilutiva | Recorte de rating a bono basura,6-12,"SWIRE PACIFIC A está un 2.1% por debajo de su máximo 52s. Fundamentalmente débil con ROE 1.1%, deuda neta/EBITDA 5.2x. Técnicamente 🟢 Volumen creciente, 🟢 Cerca de soporte. Clasificación: descarte.","SWIRE PACIFIC A está un 2.1% por debajo de su máximo 52s. Fundamentalmente débil con ROE 1.1%, deuda neta/EBITDA 5.2x. Técnicamente 🟢 Volumen creciente, 🟢 Cerca de soporte. Clasificación: descarte.",OK,
ENEL.MI,ENEL,EUROSTOXX,1.0,script-v2.0,1.0,2026-08-04T10:28:12.273601+02:00,36.3,39.4,81.0,3.0,0.0,4.0,27.0,21.0,6.0,19407367.0,3.27,6.8,-8.7,8.92,0.5,0.2946,False,86.3,54.7,False,9.2,8.9,False,True,False,Sin señales de recuperación,pass,descarte,pendiente,0.0,desconocido,Pendiente de implementar,ausente,margin_stabilization (media): Margen gross 55.8% vs 34.2% (+21.7 pp) | dividend_maintained (baja): Dividendo actual 5.19% con caída del 2.8%,incompleto,descarte,9.26,9.69,9.26 - 9.69,8.76,9.12,8.76 - 9.12,Pérdida del soporte en 9.26 | ROE negativo durante 2 trimestres consecutivos | Ampliación de capital dilutiva | Recorte de rating a bono basura,6-12,"ENEL está un 2.8% por debajo de su máximo 52s. Fundamentalmente débil con ROE 12.3%, deuda neta/EBITDA 3.3x. Técnicamente 🟡 MACD convergiendo, 🟡 trendline_break. Clasificación: descarte.","ENEL está un 2.8% por debajo de su máximo 52s. Fundamentalmente débil con ROE 12.3%, deuda neta/EBITDA 3.3x. Técnicamente 🟡 MACD convergiendo, 🟡 trendline_break. Clasificación: descarte.",OK,
BAC,Bank of America Corporation,SP500,1.0,script-v2.0,1.0,2026-08-04T10:29:07.447532+02:00,36.2,37.3,73.0,6.0,0.0,4.0,33.0,21.0,12.0,36351266.0,,115.6,,,,2.7806,False,,,False,53.36,,True,False,False,Sin señales de recuperación,pass,descarte,pendiente,0.0,desconocido,Pendiente de implementar,ausente,eps_stabilization (media): EPS 1.21 vs 1.11 (Diluted EPS) | dividend_maintained (baja): Dividendo actual 2.05%,incompleto,descarte,,,,53.54,53.54,53.54,ROE negativo durante 2 trimestres consecutivos | Ampliación de capital dilutiva | Recorte de rating a bono basura,12-18,"Bank of America Corporation está un N/D por debajo de su máximo 52s. Fundamentalmente débil con ROE 11.2%, dividendo 2.0%. Técnicamente 🟡 MACD convergiendo, 🟢 base_pattern_detected. Clasificación: descarte.","Bank of America Corporation está un N/D por debajo de su máximo 52s. Fundamentalmente débil con ROE 11.2%, dividendo 2.0%. Técnicamente 🟡 MACD convergiendo, 🟢 base_pattern_detected. Clasificación: descarte.",OK,
MQG.AX,MACQ GROUP FPO [MQG],ASX,1.0,script-v2.0,1.0,2026-08-04T10:29:55.152288+02:00,36.2,38.0,78.0,3.0,0.0,9.0,31.0,25.0,6.0,739258.0,4.49,-41.2,,9.06,0.0,12.4949,False,100.0,67.9,False,220.01,19.6,False,True,False,,pass,descarte,pendiente,0.0,desconocido,Pendiente de implementar,parcial,eps_stabilization (media): EPS 12.67 vs 9.76 (annual_eps_fallback) | debt_reduction (alta): Deuda 194256.0M vs 330185.0M | dividend_maintained (baja): Dividendo actual 2.55% con caída del -0.0%,incompleto,descarte,247.48,248.85,247.48 - 248.85,218.95,223.71,218.95 - 223.71,Pérdida del soporte en 247.48 | ROE negativo durante 2 trimestres consecutivos | Ampliación de capital dilutiva | Recorte de rating a bono basura,6-12,"MACQ GROUP FPO [MQG] está un -0.0% por debajo de su máximo 52s. Fundamentalmente débil con ROE 11.2%, deuda neta/EBITDA 4.5x. Técnicamente 🟡 MACD convergiendo, 🟡 trendline_break. Clasificación: descarte.","MACQ GROUP FPO [MQG] está un -0.0% por debajo de su máximo 52s. Fundamentalmente débil con ROE 11.2%, deuda neta/EBITDA 4.5x. Técnicamente 🟡 MACD convergiendo, 🟡 trendline_break. Clasificación: descarte.",OK,
AFL,AFLAC Incorporated,SP500,1.0,script-v2.0,1.0,2026-08-04T10:29:04.506654+02:00,36.1,43.1,89.0,3.0,0.0,1.0,15.0,15.0,0.0,2398879.0,1.05,72.0,-1.9,12.02,,4.0472,False,,,False,113.08,,False,False,False,Sin señales de recuperación | Sin suelo técnico identificado,pass,descarte,pendiente,0.0,desconocido,Pendiente de implementar,ausente,dividend_maintained (baja): Dividendo actual 1.93%,sin_suelo,descarte,,,,110.69,110.69,110.69,ROE negativo durante 2 trimestres consecutivos | Ampliación de capital dilutiva | Recorte de rating a bono basura,12-18,"AFLAC Incorporated está un N/D por debajo de su máximo 52s. Fundamentalmente aceptable con ROE 16.5%, deuda neta/EBITDA 1.1x. Técnicamente sin suelo técnico identificado. Clasificación: descarte.","AFLAC Incorporated está un N/D por debajo de su máximo 52s. Fundamentalmente aceptable con ROE 16.5%, deuda neta/EBITDA 1.1x. Técnicamente sin suelo técnico identificado. Clasificación: descarte.",OK,
CAT,"Caterpillar, Inc.",SP500,1.0,script-v2.0,1.0,2026-08-04T10:29:17.278613+02:00,36.0,35.0,75.0,0.0,0.0,12.0,39.0,39.0,0.0,3177825.0,2.73,-0.6,-3.0,29.0,,62.0392,False,,,False,746.11,,False,False,False,,pass,descarte,pendiente,0.0,desconocido,Pendiente de implementar,confirmada,margin_stabilization (media): Margen gross 33.1% vs 28.6% (+4.5 pp) | eps_stabilization (media): EPS 5.47 vs 5.12 (Diluted EPS) | debt_reduction (alta): Deuda 43066.0M vs 43330.0M | dividend_maintained (baja): Dividendo actual 0.79%,incompleto,descarte,,,,912.44,912.44,912.44,ROE negativo durante 2 trimestres consecutivos | Ampliación de capital dilutiva | Recorte de rating a bono basura,12-18,"Caterpillar, Inc. está un N/D por debajo de su máximo 52s. Fundamentalmente débil con ROE 51.3%, deuda neta/EBITDA 2.7x. Técnicamente 🔵 RSI recuperándose de sobreventa, 🟡 MACD convergiendo. Clasificación: descarte.","Caterpillar, Inc. está un N/D por debajo de su máximo 52s. Fundamentalmente débil con ROE 51.3%, deuda neta/EBITDA 2.7x. Técnicamente 🔵 RSI recuperándose de sobreventa, 🟡 MACD convergiendo. Clasificación: descarte.",OK,
WY,Weyerhaeuser Company,SP500,1.0,script-v2.0,1.0,2026-08-04T10:29:46.224377+02:00,35.9,32.2,69.0,0.0,0.0,12.0,47.0,35.0,12.0,5496003.0,7.15,-0.0,0.2,33.59,,0.0625,False,,,False,23.93,,True,False,False,,pass,descarte,pendiente,0.0,desconocido,Pendiente de implementar,confirmada,"eps_stabilization (media): EPS 0.23 vs 0.22 (Diluted EPS) | debt_reduction (alta): Deuda 5449.0M vs 5449.0M | dividend_maintained (baja): Dividendo actual 3.33% | analyst_upgrade (media): Target 31.18 vs precio 25.23 (+24%), recMean 1.67, recKey buy",razonable,descarte,,,,23.59,23.59,23.59,ROE negativo durante 2 trimestres consecutivos | Ampliación de capital dilutiva | Recorte de rating a bono basura,12-18,"Weyerhaeuser Company está un N/D por debajo de su máximo 52s. Fundamentalmente débil con ROE 5.0%, deuda neta/EBITDA 7.2x. Técnicamente 🟢 Divergencia alcista RSI, 🟢 Volumen creciente. Clasificación: descarte.","Weyerhaeuser Company está un N/D por debajo de su máximo 52s. Fundamentalmente débil con ROE 5.0%, deuda neta/EBITDA 7.2x. Técnicamente 🟢 Divergencia alcista RSI, 🟢 Volumen creciente. Clasificación: descarte.",OK,
NESN.SW,NESTLE N,EUROSTOXX,1.0,script-v2.0,1.0,2026-08-04T10:28:27.888626+02:00,35.3,39.4,73.0,10.0,0.0,1.0,23.0,23.0,0.0,3627184.0,3.45,8.6,,16.09,7.8,1.6179,False,15.2,26.6,False,77.4,3.8,False,False,False,Sin señales de recuperación | Sin suelo técnico identificado,pass,descarte,pendiente,0.0,desconocido,Pendiente de implementar,ausente,dividend_maintained (baja): Dividendo actual 3.86% con caída del 7.8%,sin_suelo,descarte,75.6,80.33,75.60 - 80.33,74.03,77.24,74.03 - 77.24,Pérdida del soporte en 75.60 | ROE negativo durante 2 trimestres consecutivos | Ampliación de capital dilutiva | Recorte de rating a bono basura,6-12,"NESTLE N está un 7.8% por debajo de su máximo 52s. Fundamentalmente débil con ROE 26.2%, deuda neta/EBITDA 3.5x. Técnicamente sin suelo técnico identificado. Clasificación: descarte.","NESTLE N está un 7.8% por debajo de su máximo 52s. Fundamentalmente débil con ROE 26.2%, deuda neta/EBITDA 3.5x. Técnicamente sin suelo técnico identificado. Clasificación: descarte.",OK,
VIE.PA,VEOLIA ENVIRON.,EUROSTOXX,1.0,script-v2.0,1.0,2026-08-04T10:28:00.260779+02:00,34.9,37.5,62.0,16.0,0.0,4.0,27.0,27.0,0.0,1768635.0,4.21,64.0,,9.01,8.3,1.3701,False,3.1,13.4,False,32.23,7.2,False,False,False,Sin señales de recuperación,pass,descarte,pendiente,0.0,desconocido,Pendiente de implementar,ausente,eps_stabilization (media): EPS 1.54 vs 1.40 (annual_eps_fallback) | dividend_maintained (baja): Dividendo actual 4.34% con caída del 8.3%,incompleto,descarte,34.37,34.55,34.37 - 34.55,31.89,32.01,31.89 - 32.01,Pérdida del soporte en 34.37 | ROE negativo durante 2 trimestres consecutivos | Ampliación de capital dilutiva | Recorte de rating a bono basura,6-12,"VEOLIA ENVIRON. está un 8.3% por debajo de su máximo 52s. Fundamentalmente débil con ROE 13.4%, deuda neta/EBITDA 4.2x. Técnicamente 🟢 Cerca de soporte. Clasificación: descarte.","VEOLIA ENVIRON. está un 8.3% por debajo de su máximo 52s. Fundamentalmente débil con ROE 13.4%, deuda neta/EBITDA 4.2x. Técnicamente 🟢 Cerca de soporte. Clasificación: descarte.",OK,
HSBA.L,HSBC HOLDINGS PLC ORD $0.50 (UK,EUROSTOXX,1.0,script-v2.0,1.0,2026-08-04T10:28:34.735796+02:00,34.8,39.4,65.0,17.0,0.0,4.0,21.0,15.0,6.0,22509600.0,,202.0,,,2.0,91.9869,False,87.7,91.0,False,1292.56,22.1,False,True,False,Sin señales de recuperación | Sin suelo técnico identificado,pass,descarte,pendiente,0.0,desconocido,Pendiente de implementar,ausente,eps_stabilization (media): EPS 0.40 vs 0.39 (Diluted EPS) | dividend_maintained (baja): Dividendo actual 0.04% con caída del 2.0%,sin_suelo,descarte,1422.4,1447.12,1422.40 - 1447.12,1268.31,1368.5,1268.31 - 1368.50,Pérdida del soporte en 1422.40 | ROE negativo durante 2 trimestres consecutivos | Ampliación de capital dilutiva | Recorte de rating a bono basura,6-12,"HSBC HOLDINGS PLC ORD $0.50 (UK está un 2.0% por debajo de su máximo 52s. Fundamentalmente débil con ROE 11.6%, dividendo 0.0%. Técnicamente 🟡 trendline_break. Clasificación: descarte.","HSBC HOLDINGS PLC ORD $0.50 (UK está un 2.0% por debajo de su máximo 52s. Fundamentalmente débil con ROE 11.6%, dividendo 0.0%. Técnicamente 🟡 trendline_break. Clasificación: descarte.",OK,
GPC,Genuine Parts Company,SP500,1.0,script-v2.0,1.0,2026-08-04T10:28:56.791354+02:00,34.2,34.7,64.0,9.0,0.0,12.0,33.0,21.0,12.0,1804430.0,2.97,-0.9,0.7,11.61,,1.7092,False,,,False,117.49,,True,False,False,,pass,descarte,pendiente,0.0,desconocido,Pendiente de implementar,confirmada,margin_stabilization (media): Margen gross 37.8% vs 37.3% (+0.5 pp) | eps_stabilization (media): EPS 1.65 vs 1.37 (Diluted EPS) | debt_reduction (alta): Deuda 6652.8M vs 6713.8M | dividend_maintained (baja): Dividendo actual 3.31%,incompleto,descarte,,,,128.83,128.83,128.83,ROE negativo durante 2 trimestres consecutivos | Ampliación de capital dilutiva | Recorte de rating a bono basura,12-18,"Genuine Parts Company está un N/D por debajo de su máximo 52s. Fundamentalmente débil con ROE 0.7%, deuda neta/EBITDA 3.0x. Técnicamente 🟡 MACD convergiendo, 🟢 base_pattern_detected. Clasificación: descarte.","Genuine Parts Company está un N/D por debajo de su máximo 52s. Fundamentalmente débil con ROE 0.7%, deuda neta/EBITDA 3.0x. Técnicamente 🟡 MACD convergiendo, 🟢 base_pattern_detected. Clasificación: descarte.",OK,
UBSG.SW,UBS GROUP N,EUROSTOXX,1.0,script-v2.0,1.0,2026-08-04T10:28:28.949365+02:00,34.0,33.4,67.0,4.0,0.0,1.0,36.0,30.0,6.0,5947347.0,,74.2,,,2.6,2.8832,False,56.5,39.5,False,34.86,24.1,False,True,False,Sin señales de recuperación,pass,descarte,pendiente,0.0,desconocido,Pendiente de implementar,ausente,dividend_maintained (baja): Dividendo actual 1.99% con caída del 2.6%,incompleto,descarte,40.55,41.62,40.55 - 41.62,34.27,37.77,34.27 - 37.77,Pérdida del soporte en 41.62 | ROE negativo durante 2 trimestres consecutivos | Ampliación de capital dilutiva | Recorte de rating a bono basura,6-12,"UBS GROUP N está un 2.6% por debajo de su máximo 52s. Fundamentalmente débil con ROE 10.7%, dividendo 2.0%. Técnicamente 🟡 MACD convergiendo, 🟢 Cerca de soporte. Clasificación: descarte.","UBS GROUP N está un 2.6% por debajo de su máximo 52s. Fundamentalmente débil con ROE 10.7%, dividendo 2.0%. Técnicamente 🟡 MACD convergiendo, 🟢 Cerca de soporte. Clasificación: descarte.",OK,
BA,Boeing Company (The),SP500,1.0,script-v2.0,1.0,2026-08-04T10:29:23.669261+02:00,33.8,26.1,48.0,7.0,0.0,8.0,57.0,45.0,12.0,6421314.0,3.95,-11.2,-0.2,-73.67,,-0.8109,False,,,False,218.59,,True,False,False,,pass,descarte,pendiente,0.0,desconocido,Pendiente de implementar,parcial,margin_stabilization (media): Margen gross 11.5% vs 7.6% (+3.9 pp) | debt_reduction (alta): Deuda 48362.0M vs 54433.0M,razonable,descarte,,,,216.2,216.2,216.20,ROE negativo durante 2 trimestres consecutivos | Ampliación de capital dilutiva | Recorte de rating a bono basura,12-18,"Boeing Company (The) está un N/D por debajo de su máximo 52s. Fundamentalmente débil con ROE 173.5%, deuda neta/EBITDA 4.0x. Técnicamente 🟢 Cruce alcista MACD, 🟢 Volumen creciente. Clasificación: descarte.","Boeing Company (The) está un N/D por debajo de su máximo 52s. Fundamentalmente débil con ROE 173.5%, deuda neta/EBITDA 4.0x. Técnicamente 🟢 Cruce alcista MACD, 🟢 Volumen creciente. Clasificación: descarte.",OK,
MMM,3M Company,SP500,1.0,script-v2.0,1.0,2026-08-04T10:28:49.200046+02:00,33.7,35.9,77.0,0.0,0.0,7.0,27.0,15.0,12.0,3914477.0,1.21,4.8,0.1,15.31,,3.6289,False,,,False,158.4,,True,False,False,,pass,descarte,pendiente,0.0,desconocido,Pendiente de implementar,parcial,margin_stabilization (media): Margen gross 41.3% vs 40.7% (+0.5 pp) | eps_stabilization (media): EPS 1.78 vs 1.23 (Diluted EPS) | dividend_maintained (baja): Dividendo actual 1.76%,incompleto,descarte,,,,157.16,157.16,157.16,ROE negativo durante 2 trimestres consecutivos | Ampliación de capital dilutiva | Recorte de rating a bono basura,12-18,"3M Company está un N/D por debajo de su máximo 52s. Fundamentalmente débil con ROE 81.9%, deuda neta/EBITDA 1.2x. Técnicamente 🟢 base_pattern_detected. Clasificación: descarte.","3M Company está un N/D por debajo de su máximo 52s. Fundamentalmente débil con ROE 81.9%, deuda neta/EBITDA 1.2x. Técnicamente 🟢 base_pattern_detected. Clasificación: descarte.",OK,
ANZ.AX,ANZ GROUP FPO [ANZ],ASX,1.0,script-v2.0,1.0,2026-08-04T10:29:54.882858+02:00,33.4,32.2,69.0,0.0,0.0,1.0,37.0,19.0,18.0,4677773.0,,23.8,,,4.8,0.4293,False,100.0,82.5,False,35.93,6.2,True,True,False,Sin señales de recuperación,pass,descarte,pendiente,0.0,desconocido,Pendiente de implementar,ausente,dividend_maintained (baja): Dividendo actual 4.35% con caída del 6.9%,incompleto,descarte,34.57,35.55,34.57 - 35.55,34.85,35.83,34.85 - 35.83,Pérdida del soporte en 34.57 | ROE negativo durante 2 trimestres consecutivos | Ampliación de capital dilutiva | Recorte de rating a bono basura,6-12,"ANZ GROUP FPO [ANZ] está un 6.9% por debajo de su máximo 52s. Fundamentalmente débil con ROE 8.2%, dividendo 4.3%. Técnicamente 🟢 base_pattern_detected, 🟡 trendline_break. Clasificación: descarte.","ANZ GROUP FPO [ANZ] está un 6.9% por debajo de su máximo 52s. Fundamentalmente débil con ROE 8.2%, dividendo 4.3%. Técnicamente 🟢 base_pattern_detected, 🟡 trendline_break. Clasificación: descarte.",OK,
O,Realty Income Corporation,SP500,1.0,script-v2.0,1.0,2026-08-04T10:29:33.765372+02:00,33.1,30.1,60.0,4.0,0.0,4.0,42.0,30.0,12.0,5911512.0,5.72,3.2,0.1,17.43,,1.2538,False,,,False,60.26,,True,False,False,Sin señales de recuperación,pass,descarte,pendiente,0.0,desconocido,Pendiente de implementar,ausente,eps_stabilization (media): EPS 0.33 vs 0.32 (Diluted EPS) | dividend_maintained (baja): Dividendo actual 5.12%,incompleto,descarte,,,,57.75,57.75,57.75,ROE negativo durante 2 trimestres consecutivos | Ampliación de capital dilutiva | Recorte de rating a bono basura,12-18,"Realty Income Corporation está un N/D por debajo de su máximo 52s. Fundamentalmente débil con ROE 2.8%, deuda neta/EBITDA 5.7x. Técnicamente 🟡 MACD convergiendo, 🟢 base_pattern_detected. Clasificación: descarte.","Realty Income Corporation está un N/D por debajo de su máximo 52s. Fundamentalmente débil con ROE 2.8%, deuda neta/EBITDA 5.7x. Técnicamente 🟡 MACD convergiendo, 🟢 base_pattern_detected. Clasificación: descarte.",OK,
AMGN,Amgen Inc.,SP500,1.0,script-v2.0,1.0,2026-08-04T10:29:26.876601+02:00,33.0,33.6,72.0,0.0,0.0,4.0,31.0,19.0,12.0,2701632.0,2.68,5.0,3.2,14.76,,10.7762,False,,,False,344.53,,True,False,False,Sin señales de recuperación,pass,descarte,pendiente,0.0,desconocido,Pendiente de implementar,ausente,eps_stabilization (media): EPS 3.34 vs 2.45 (Diluted EPS) | dividend_maintained (baja): Dividendo actual 2.66%,incompleto,descarte,,,,338.3,338.3,338.30,ROE negativo durante 2 trimestres consecutivos | Ampliación de capital dilutiva | Recorte de rating a bono basura,12-18,"Amgen Inc. está un N/D por debajo de su máximo 52s. Fundamentalmente débil con ROE 101.3%, deuda neta/EBITDA 2.7x. Técnicamente 🟢 base_pattern_detected. Clasificación: descarte.","Amgen Inc. está un N/D por debajo de su máximo 52s. Fundamentalmente débil con ROE 101.3%, deuda neta/EBITDA 2.7x. Técnicamente 🟢 base_pattern_detected. Clasificación: descarte.",OK,
ML.PA,MICHELIN,EUROSTOXX,1.0,script-v2.0,1.0,2026-08-04T10:27:54.713788+02:00,33.0,30.9,0.0,58.0,0.0,6.0,39.0,21.0,18.0,1643758.0,0.63,-11.9,,0.63,3.9,1.4198,False,42.6,45.9,False,30.32,13.2,True,True,False,,pass,descarte,pendiente,0.0,desconocido,Pendiente de implementar,parcial,debt_reduction (alta): Deuda 6608.0M vs 7497.0M | dividend_maintained (baja): Dividendo actual 13.11% con caída del 3.9%,incompleto,descarte,32.87,33.48,32.87 - 33.48,29.95,30.36,29.95 - 30.36,Pérdida del soporte en 32.87 | ROE negativo durante 2 trimestres consecutivos | Ampliación de capital dilutiva | Recorte de rating a bono basura,6-12,"MICHELIN está un 3.9% por debajo de su máximo 52s. Fundamentalmente débil con deuda neta/EBITDA 0.6x, dividendo 13.1%. Técnicamente 🟢 Cerca de soporte, 🟢 base_pattern_detected. Clasificación: descarte.","MICHELIN está un 3.9% por debajo de su máximo 52s. Fundamentalmente débil con deuda neta/EBITDA 0.6x, dividendo 13.1%. Técnicamente 🟢 Cerca de soporte, 🟢 base_pattern_detected. Clasificación: descarte.",OK,
DE,Deere & Company,SP500,1.0,script-v2.0,1.0,2026-08-04T10:29:19.217163+02:00,32.5,29.4,63.0,0.0,0.0,12.0,42.0,30.0,12.0,1290909.0,4.6,-22.8,-8.5,23.56,,18.4713,False,,,False,548.79,,True,False,False,,pass,descarte,pendiente,0.0,desconocido,Pendiente de implementar,confirmada,margin_stabilization (media): Margen gross 36.9% vs 32.8% (+4.1 pp) | eps_stabilization (media): EPS 6.55 vs 2.42 (Diluted EPS) | debt_reduction (alta): Deuda 48473.0M vs 62799.0M | dividend_maintained (baja): Dividendo actual 1.07%,incompleto,descarte,,,,573.06,573.06,573.06,ROE negativo durante 2 trimestres consecutivos | Ampliación de capital dilutiva | Recorte de rating a bono basura,12-18,"Deere & Company está un N/D por debajo de su máximo 52s. Fundamentalmente débil con ROE 18.3%, deuda neta/EBITDA 4.6x. Técnicamente 🟡 MACD convergiendo, 🟢 base_pattern_detected. Clasificación: descarte.","Deere & Company está un N/D por debajo de su máximo 52s. Fundamentalmente débil con ROE 18.3%, deuda neta/EBITDA 4.6x. Técnicamente 🟡 MACD convergiendo, 🟢 base_pattern_detected. Clasificación: descarte.",OK,
O39.SI,OCBC Bank,ASIA,1.0,script-v2.0,1.0,2026-08-04T10:30:44.486982+02:00,32.5,36.1,67.0,9.0,0.0,4.0,22.0,16.0,6.0,6683571.0,,48.1,,,3.3,2.2997,False,35.3,53.4,False,21.96,31.1,False,True,False,Sin señales de recuperación | Sin suelo técnico identificado,pass,descarte,pendiente,0.0,desconocido,Pendiente de implementar,ausente,eps_stabilization (media): EPS 0.44 vs 0.42 (Diluted EPS) | dividend_maintained (baja): Dividendo actual 2.92% con caída del 3.3%,sin_suelo,descarte,26.04,28.5,26.04 - 28.50,21.51,25.31,21.51 - 25.31,Pérdida del soporte en 28.50 | ROE negativo durante 2 trimestres consecutivos | Ampliación de capital dilutiva | Recorte de rating a bono basura,6-12,"OCBC Bank está un 3.3% por debajo de su máximo 52s. Fundamentalmente débil con dividendo 2.9%. Técnicamente 🟢 Cerca de soporte, 🟡 trendline_break. Clasificación: descarte.","OCBC Bank está un 3.3% por debajo de su máximo 52s. Fundamentalmente débil con dividendo 2.9%. Técnicamente 🟢 Cerca de soporte, 🟡 trendline_break. Clasificación: descarte.",OK,
MS,Morgan Stanley,SP500,1.0,script-v2.0,1.0,2026-08-04T10:29:10.586062+02:00,32.4,34.9,68.0,6.0,0.0,4.0,25.0,25.0,0.0,5961816.0,,56.4,,,,12.4617,False,,,False,183.65,,False,False,False,Sin señales de recuperación,pass,descarte,pendiente,0.0,desconocido,Pendiente de implementar,ausente,eps_stabilization (media): EPS 3.46 vs 3.43 (Diluted EPS) | dividend_maintained (baja): Dividendo actual 2.18%,incompleto,descarte,,,,197.41,197.41,197.41,ROE negativo durante 2 trimestres consecutivos | Ampliación de capital dilutiva | Recorte de rating a bono basura,12-18,"Morgan Stanley está un N/D por debajo de su máximo 52s. Fundamentalmente débil con D/E 5.02, dividendo 2.2%. Técnicamente 🟡 MACD convergiendo. Clasificación: descarte.","Morgan Stanley está un N/D por debajo de su máximo 52s. Fundamentalmente débil con D/E 5.02, dividendo 2.2%. Técnicamente 🟡 MACD convergiendo. Clasificación: descarte.",OK,
SPG,"Simon Property Group, Inc.",SP500,1.0,script-v2.0,1.0,2026-08-04T10:29:33.922467+02:00,31.7,35.3,71.0,4.0,0.0,6.0,21.0,21.0,0.0,1914512.0,5.79,-0.7,-0.5,21.22,,11.4989,False,,,False,195.43,,False,False,False,Sin suelo técnico identificado,pass,descarte,pendiente,0.0,desconocido,Pendiente de implementar,parcial,debt_reduction (alta): Deuda 28989.0M vs 29186.7M | dividend_maintained (baja): Dividendo actual 3.84%,sin_suelo,descarte,,,,202.72,202.72,202.72,ROE negativo durante 2 trimestres consecutivos | Ampliación de capital dilutiva | Recorte de rating a bono basura,12-18,"Simon Property Group, Inc. está un N/D por debajo de su máximo 52s. Fundamentalmente débil con ROE 113.6%, deuda neta/EBITDA 5.8x. Técnicamente 🟡 MACD convergiendo. Clasificación: descarte.","Simon Property Group, Inc. está un N/D por debajo de su máximo 52s. Fundamentalmente débil con ROE 113.6%, deuda neta/EBITDA 5.8x. Técnicamente 🟡 MACD convergiendo. Clasificación: descarte.",OK,
D,"Dominion Energy, Inc.",SP500,1.0,script-v2.0,1.0,2026-08-04T10:29:32.327236+02:00,30.5,32.4,66.0,3.0,0.0,1.0,25.0,25.0,0.0,6861756.0,6.43,10.2,-1.2,14.36,,2.6862,False,,,False,62.74,,False,False,False,Sin señales de recuperación,pass,descarte,pendiente,0.0,desconocido,Pendiente de implementar,ausente,dividend_maintained (baja): Dividendo actual 3.88%,incompleto,descarte,,,,62.04,62.04,62.04,ROE negativo durante 2 trimestres consecutivos | Ampliación de capital dilutiva | Recorte de rating a bono basura,12-18,"Dominion Energy, Inc. está un N/D por debajo de su máximo 52s. Fundamentalmente débil con ROE 8.3%, deuda neta/EBITDA 6.4x. Técnicamente 🟡 MACD convergiendo. Clasificación: descarte.","Dominion Energy, Inc. está un N/D por debajo de su máximo 52s. Fundamentalmente débil con ROE 8.3%, deuda neta/EBITDA 6.4x. Técnicamente 🟡 MACD convergiendo. Clasificación: descarte.",OK,
COL.AX,COLESGROUP FPO [COL],ASX,1.0,script-v2.0,1.0,2026-08-04T10:30:00.218356+02:00,30.3,29.4,63.0,0.0,0.0,1.0,33.0,15.0,18.0,2939367.0,3.91,,,16.63,1.1,0.6498,False,94.7,90.3,False,22.01,10.6,True,True,False,Sin señales de recuperación,pass,descarte,pendiente,0.0,desconocido,Pendiente de implementar,ausente,dividend_maintained (baja): Dividendo actual 3.00% con caída del 1.1%,incompleto,descarte,21.52,23.24,21.52 - 23.24,20.9,21.97,20.90 - 21.97,Pérdida del soporte en 21.52 | ROE negativo durante 2 trimestres consecutivos | Ampliación de capital dilutiva | Recorte de rating a bono basura,6-12,"COLESGROUP FPO [COL] está un 1.1% por debajo de su máximo 52s. Fundamentalmente débil con ROE 26.5%, deuda neta/EBITDA 3.9x. Técnicamente 🟢 base_pattern_detected, 🟡 trendline_break. Clasificación: descarte.","COLESGROUP FPO [COL] está un 1.1% por debajo de su máximo 52s. Fundamentalmente débil con ROE 26.5%, deuda neta/EBITDA 3.9x. Técnicamente 🟢 base_pattern_detected, 🟡 trendline_break. Clasificación: descarte.",OK,
INTC,Intel Corporation,SP500,1.0,script-v2.0,1.0,2026-08-04T10:29:16.499648+02:00,29.7,26.6,57.0,0.0,0.0,6.0,39.0,39.0,0.0,129264640.0,1.24,12.2,0.3,29.42,,13.4399,False,,,False,68.83,,False,False,False,,pass,descarte,pendiente,0.0,desconocido,Pendiente de implementar,parcial,"margin_stabilization (media): Margen gross 40.4% vs 39.4% (+1.0 pp) | analyst_upgrade (media): Target 115.27 vs precio 91.00 (+27%), recMean 2.56, recKey hold",incompleto,descarte,,,,121.0,121.0,121.00,ROE negativo durante 2 trimestres consecutivos | Ampliación de capital dilutiva | Recorte de rating a bono basura,12-18,"Intel Corporation está un N/D por debajo de su máximo 52s. Fundamentalmente débil con ROE -10.7%, deuda neta/EBITDA 1.2x. Técnicamente 🔵 RSI recuperándose de sobreventa, 🟡 MACD convergiendo. Clasificación: descarte.","Intel Corporation está un N/D por debajo de su máximo 52s. Fundamentalmente débil con ROE -10.7%, deuda neta/EBITDA 1.2x. Técnicamente 🔵 RSI recuperándose de sobreventa, 🟡 MACD convergiendo. Clasificación: descarte.",OK,
TCL.AX,TRANSURBAN STAPLED [TCL],ASX,1.0,script-v2.0,1.0,2026-08-04T10:29:59.941543+02:00,29.4,23.5,47.0,3.0,0.0,1.0,47.0,41.0,6.0,5559146.0,8.67,,,29.51,2.4,0.2813,False,86.6,87.9,False,14.08,5.8,False,True,False,No supera filtrado cuantitativo mínimo | Sin señales de recuperación,fail,descarte,pendiente,0.0,desconocido,Pendiente de implementar,ausente,dividend_maintained (baja): Dividendo actual 4.70% con caída del 4.6%,razonable,descarte,13.77,14.68,13.77 - 14.68,13.28,14.06,13.28 - 14.06,Pérdida del soporte en 13.77 | ROE negativo durante 2 trimestres consecutivos | Ampliación de capital dilutiva | Recorte de rating a bono basura,6-12,"TRANSURBAN STAPLED [TCL] está un 4.6% por debajo de su máximo 52s. Fundamentalmente débil con ROE 5.4%, deuda neta/EBITDA 8.7x. Técnicamente 🟢 Cruce alcista MACD, 🟢 Volumen creciente. Clasificación: descarte.","TRANSURBAN STAPLED [TCL] está un 4.6% por debajo de su máximo 52s. Fundamentalmente débil con ROE 5.4%, deuda neta/EBITDA 8.7x. Técnicamente 🟢 Cruce alcista MACD, 🟢 Volumen creciente. Clasificación: descarte.",OK,
F,Ford Motor Company,SP500,1.0,script-v2.0,1.0,2026-08-04T10:29:43.370547+02:00,28.9,26.5,42.0,13.0,0.0,1.0,36.0,24.0,12.0,64479196.0,18.47,2.4,5.0,26.0,,0.5023,False,,,False,13.28,,True,False,False,Sin señales de recuperación,pass,descarte,pendiente,0.0,desconocido,Pendiente de implementar,ausente,dividend_maintained (baja): Dividendo actual 4.16%,incompleto,descarte,,,,15.11,15.11,15.11,ROE negativo durante 2 trimestres consecutivos | Ampliación de capital dilutiva | Recorte de rating a bono basura,12-18,"Ford Motor Company está un N/D por debajo de su máximo 52s. Fundamentalmente débil con ROE -18.3%, deuda neta/EBITDA 18.5x. Técnicamente 🟢 Divergencia alcista RSI, 🟢 base_pattern_detected. Clasificación: descarte.","Ford Motor Company está un N/D por debajo de su máximo 52s. Fundamentalmente débil con ROE -18.3%, deuda neta/EBITDA 18.5x. Técnicamente 🟢 Divergencia alcista RSI, 🟢 base_pattern_detected. Clasificación: descarte.",OK,
TIT.MI,TELECOM ITALIA,EUROSTOXX,1.0,script-v2.0,1.0,2026-08-04T10:28:16.241292+02:00,28.8,26.7,31.0,23.0,0.0,3.0,35.0,35.0,0.0,12158390.0,3.04,2.3,5.3,7.67,7.9,0.5005,False,32.6,13.2,False,6.36,18.6,False,False,False,Sin señales de recuperación,pass,descarte,pendiente,0.0,desconocido,Pendiente de implementar,ausente,margin_stabilization (media): Margen gross 43.2% vs 25.6% (+17.6 pp),incompleto,descarte,7.24,7.55,7.24 - 7.55,6.26,6.96,6.26 - 6.96,Pérdida del soporte en 7.24 | ROE negativo durante 2 trimestres consecutivos | Ampliación de capital dilutiva | Recorte de rating a bono basura,6-12,"TELECOM ITALIA está un 7.9% por debajo de su máximo 52s. Fundamentalmente débil con ROE 3.9%, deuda neta/EBITDA 3.0x. Técnicamente 🟡 MACD convergiendo, 🟢 Cerca de soporte. Clasificación: descarte.","TELECOM ITALIA está un 7.9% por debajo de su máximo 52s. Fundamentalmente débil con ROE 3.9%, deuda neta/EBITDA 3.0x. Técnicamente 🟡 MACD convergiendo, 🟢 Cerca de soporte. Clasificación: descarte.",OK,
GM,General Motors Company,SP500,1.0,script-v2.0,1.0,2026-08-04T10:29:43.095787+02:00,28.6,29.1,43.0,17.0,0.0,1.0,27.0,15.0,12.0,7941435.0,6.32,0.8,4.4,11.09,,2.2121,False,,,False,77.92,,True,False,False,Sin señales de recuperación,pass,descarte,pendiente,0.0,desconocido,Pendiente de implementar,ausente,dividend_maintained (baja): Dividendo actual 0.82%,incompleto,descarte,,,,78.07,78.07,78.07,ROE negativo durante 2 trimestres consecutivos | Ampliación de capital dilutiva | Recorte de rating a bono basura,12-18,"General Motors Company está un N/D por debajo de su máximo 52s. Fundamentalmente débil con ROE 3.2%, deuda neta/EBITDA 6.3x. Técnicamente 🟢 base_pattern_detected. Clasificación: descarte.","General Motors Company está un N/D por debajo de su máximo 52s. Fundamentalmente débil con ROE 3.2%, deuda neta/EBITDA 6.3x. Técnicamente 🟢 base_pattern_detected. Clasificación: descarte.",OK,
WOW.AX,WOOLWORTHS FPO [WOW],ASX,1.0,script-v2.0,1.0,2026-08-04T10:29:57.467193+02:00,27.0,25.7,55.0,0.0,0.0,4.0,31.0,25.0,6.0,2213318.0,4.82,,,19.72,1.7,1.998,False,71.4,64.2,False,34.04,18.2,False,True,False,Sin señales de recuperación,pass,descarte,pendiente,0.0,desconocido,Pendiente de implementar,ausente,eps_stabilization (media): EPS 0.78 vs 0.09 (annual_eps_fallback) | dividend_maintained (baja): Dividendo actual 2.24% con caída del 1.7%,incompleto,descarte,36.48,38.49,36.48 - 38.49,33.52,34.78,33.52 - 34.78,Pérdida del soporte en 36.48 | ROE negativo durante 2 trimestres consecutivos | Ampliación de capital dilutiva | Recorte de rating a bono basura,6-12,"WOOLWORTHS FPO [WOW] está un 1.7% por debajo de su máximo 52s. Fundamentalmente débil con ROE 11.9%, deuda neta/EBITDA 4.8x. Técnicamente 🟡 MACD convergiendo, 🟡 trendline_break. Clasificación: descarte.","WOOLWORTHS FPO [WOW] está un 1.7% por debajo de su máximo 52s. Fundamentalmente débil con ROE 11.9%, deuda neta/EBITDA 4.8x. Técnicamente 🟡 MACD convergiendo, 🟡 trendline_break. Clasificación: descarte.",OK,
8766.T,TOKIO MARINE HOLDINGS INC,ASIA,1.0,script-v2.0,1.0,2026-08-04T10:30:24.563050+02:00,26.6,29.5,62.0,1.0,0.0,4.0,18.0,12.0,6.0,5961044.0,-1.75,193.2,,13.85,9.0,398.345,False,24.6,44.0,False,6600.71,16.8,False,True,False,Sin señales de recuperación | Sin suelo técnico identificado,pass,descarte,pendiente,0.0,desconocido,Pendiente de implementar,ausente,eps_stabilization (media): EPS 279.15 vs 231.23 (annual_eps_fallback) | dividend_maintained (baja): Dividendo actual 3.18% con caída del 9.0%,sin_suelo,descarte,7104.08,7498.96,7104.08 - 7498.96,6546.89,7197.8,6546.89 - 7197.80,Pérdida del soporte en 7104.08 | ROE negativo durante 2 trimestres consecutivos | Ampliación de capital dilutiva | Recorte de rating a bono basura,6-12,"TOKIO MARINE HOLDINGS INC está un 9.0% por debajo de su máximo 52s. Fundamentalmente débil con ROE 8.7%, deuda neta/EBITDA -1.8x. Técnicamente 🟡 trendline_break. Clasificación: descarte.","TOKIO MARINE HOLDINGS INC está un 9.0% por debajo de su máximo 52s. Fundamentalmente débil con ROE 8.7%, deuda neta/EBITDA -1.8x. Técnicamente 🟡 trendline_break. Clasificación: descarte.",OK,
D05.SI,DBS,ASIA,1.0,script-v2.0,1.0,2026-08-04T10:30:44.045748+02:00,25.6,29.9,64.0,0.0,0.0,4.0,13.0,7.0,6.0,4949514.0,,140.1,,,0.9,4.9811,False,82.1,81.9,False,59.16,25.7,False,True,False,Sin señales de recuperación | Sin suelo técnico identificado,pass,descarte,pendiente,0.0,desconocido,Pendiente de implementar,ausente,eps_stabilization (media): EPS 1.03 vs 1.02 (Diluted EPS) | dividend_maintained (baja): Dividendo actual 4.36% con caída del 0.9%,sin_suelo,descarte,67.93,70.39,67.93 - 70.39,58.42,63.75,58.42 - 63.75,Pérdida del soporte en 70.39 | ROE negativo durante 2 trimestres consecutivos | Ampliación de capital dilutiva | Recorte de rating a bono basura,6-12,DBS está un 0.9% por debajo de su máximo 52s. Fundamentalmente débil con dividendo 4.4%. Técnicamente 🟡 trendline_break. Clasificación: descarte.,DBS está un 0.9% por debajo de su máximo 52s. Fundamentalmente débil con dividendo 4.4%. Técnicamente 🟡 trendline_break. Clasificación: descarte.,OK,
APA.AX,APA GROUP STAPLED [APA],ASX,1.0,script-v2.0,1.0,2026-08-04T10:30:06.405474+02:00,22.9,19.6,42.0,0.0,0.0,1.0,33.0,15.0,18.0,2914163.0,6.66,,,13.57,4.5,0.3269,False,76.6,71.0,False,9.4,9.6,True,True,False,No supera filtrado cuantitativo mínimo | Sin señales de recuperación,fail,descarte,pendiente,0.0,desconocido,Pendiente de implementar,ausente,dividend_maintained (baja): Dividendo actual 5.63% con caída del 7.2%,incompleto,descarte,9.7,10.11,9.70 - 10.11,9.32,9.43,9.32 - 9.43,Pérdida del soporte en 9.70 | ROE negativo durante 2 trimestres consecutivos | Ampliación de capital dilutiva | Recorte de rating a bono basura,6-12,"APA GROUP STAPLED [APA] está un 7.2% por debajo de su máximo 52s. Fundamentalmente débil con ROE 6.8%, deuda neta/EBITDA 6.7x. Técnicamente 🟢 base_pattern_detected, 🟡 trendline_break. Clasificación: descarte.","APA GROUP STAPLED [APA] está un 7.2% por debajo de su máximo 52s. Fundamentalmente débil con ROE 6.8%, deuda neta/EBITDA 6.7x. Técnicamente 🟢 base_pattern_detected, 🟡 trendline_break. Clasificación: descarte.",OK,
LIN.DE,Linde plc                     R,EUROSTOXX,1.0,script-v2.0,1.0,2026-08-04T10:27:42.320659+02:00,15.0,5.3,0.0,10.0,0.0,12.0,44.0,39.0,5.0,16882.0,1.7,-6.2,-0.3,16.42,12.9,10.6129,False,0.8,6.5,False,409.34,2.0,False,False,False,No supera filtrado cuantitativo mínimo,fail,descarte,pendiente,0.0,desconocido,Pendiente de implementar,confirmada,margin_stabilization (media): Margen gross 48.5% vs 48.1% (+0.4 pp) | eps_stabilization (media): EPS 3.98 vs 3.26 (Diluted EPS) | debt_reduction (alta): Deuda 26317.0M vs 28069.0M | dividend_maintained (baja): Dividendo actual 1.48% con caída del 12.9%,incompleto,descarte,396.72,417.6,396.72 - 417.60,406.41,407.49,406.41 - 407.49,Pérdida del soporte en 396.72 | ROE negativo durante 2 trimestres consecutivos | Ampliación de capital dilutiva | Recorte de rating a bono basura,6-12,"Linde plc                     R está un 12.9% por debajo de su máximo 52s. Fundamentalmente débil con deuda neta/EBITDA 1.7x, dividendo 1.5%. Técnicamente 🔵 RSI en sobreventa, 🟡 Apoyo en MA40 semanal. Clasificación: descarte.","Linde plc                     R está un 12.9% por debajo de su máximo 52s. Fundamentalmente débil con deuda neta/EBITDA 1.7x, dividendo 1.5%. Técnicamente 🔵 RSI en sobreventa, 🟡 Apoyo en MA40 semanal. Clasificación: descarte.",OK,
ROG.SW,,EUROSTOXX,1.0,script-v2.0,1.0,,,,,,,,,,,,,,,,,,,,,,,,,,False,,,,,,,,,,,,,,,,,,,,,,ERROR,Missing market price in yfinance info
