Ticker,Nombre,Mercado,Rules_Version,Model_Version,Config_Version,Evaluation_Timestamp,Score,Score_Cuantitativo,Score_Fundamental,Score_Valoracion,Score_Causal,Score_Recuperacion,Score_Tecnico,Score_Tecnico_Base,Score_Tecnico_Bonus,Vol_Medio_Diario,Net_Debt_EBITDA,Variacion_Deuda_Trimestral_%,Variacion_Margen_pp,EV_EBITDA,Caida_Max_Multianual_%,MACD_Semanal,MACD_Semanal_Giro,Estocastico_K,Estocastico_D,Estocastico_Giro,MA40_Semanal,Dist_MA40_Semanal_%,Base_Pattern_Detected,Trendline_Break,Paso_Filtro,hard_rules_applied,Capa1_Status,Base_Classification,Causal_Classification,Causal_Confidence,Problem_Type,Causal_Justification,Recovery_Status,Recovery_Signals,Technical_Status,Final_Classification,Entry_Zone_Min,Entry_Zone_Max,Entry_Zone,Exit_Zone_Min,Exit_Zone_Max,Exit_Zone,Invalidation_Conditions,Estimated_Horizon_Months,Short_Explanation,Summary_Explanation,Estado,Error
MC.PA,LVMH,EUROSTOXX,1.0,script-v2.0,1.0,2026-10-08T14:39:20.473738+02:00,91.8,94.1,100.0,89.0,0.0,4.0,85.0,73.0,12.0,528084.0,1.24,1.1,,10.88,47.5,-29.2864,False,26.9,29.1,False,480.35,-19.8,True,False,True,Sin señales de recuperación,pass,seguimiento,pendiente,0.0,desconocido,Pendiente de implementar,ausente,"dividend_maintained (baja): Dividendo actual 3.38% con caída del 41.2% | analyst_upgrade (media): Target 526.49 vs precio 385.05 (+37%), recMean 1.89, recKey buy",fuerte,seguimiento,376.0,385.05,376.00 - 385.05,485.59,556.5,485.59 - 556.50,Pérdida del soporte en 376.00 | ROE negativo durante 2 trimestres consecutivos | Ampliación de capital dilutiva | Recorte de rating a bono basura,18-24,"LVMH está un 41.2% por debajo de su máximo 52s. Fundamentalmente sólida con ROE 16.6%, deuda neta/EBITDA 1.2x. Técnicamente 🔵 RSI en sobreventa, 🟢 Cruce alcista MACD. Clasificación: seguimiento.","LVMH está un 41.2% por debajo de su máximo 52s. Fundamentalmente sólida con ROE 16.6%, deuda neta/EBITDA 1.2x. Técnicamente 🔵 RSI en sobreventa, 🟢 Cruce alcista MACD. Clasificación: seguimiento.",OK,
FMG.AX,FORTESCUE FPO [FMG],ASX,1.0,script-v2.0,1.0,2026-10-08T14:41:07.341384+02:00,84.6,83.2,96.0,72.0,0.0,1.0,89.0,77.0,12.0,6619166.0,0.1,9.0,,6.13,29.9,-0.8814,False,27.8,23.0,False,19.0,-16.9,True,False,True,Sin señales de recuperación,pass,seguimiento,pendiente,0.0,desconocido,Pendiente de implementar,ausente,dividend_maintained (baja): Dividendo actual 6.84% con caída del 32.5%,fuerte,seguimiento,15.0,15.79,15.00 - 15.79,19.15,19.87,19.15 - 19.87,Pérdida del soporte en 15.00 | ROE negativo durante 2 trimestres consecutivos | Ampliación de capital dilutiva | Recorte de rating a bono basura,12-18,"FORTESCUE FPO [FMG] está un 32.5% por debajo de su máximo 52s. Fundamentalmente sólida con ROE 14.2%, deuda neta/EBITDA 0.1x. Técnicamente 🔵 RSI en sobreventa, 🟢 Divergencia alcista RSI. Clasificación: seguimiento.","FORTESCUE FPO [FMG] está un 32.5% por debajo de su máximo 52s. Fundamentalmente sólida con ROE 14.2%, deuda neta/EBITDA 0.1x. Técnicamente 🔵 RSI en sobreventa, 🟢 Divergencia alcista RSI. Clasificación: seguimiento.",OK,
DG.PA,VINCI,EUROSTOXX,1.0,script-v2.0,1.0,2026-10-08T14:39:16.973750+02:00,84.6,83.1,89.0,78.0,0.0,7.0,89.0,77.0,12.0,857262.0,2.02,9.7,,6.99,22.7,-4.0282,False,36.2,44.9,False,122.45,-12.3,True,False,True,,pass,seguimiento,pendiente,0.0,desconocido,Pendiente de implementar,parcial,"eps_stabilization (media): EPS 8.65 vs 8.43 (annual_eps_fallback) | dividend_maintained (baja): Dividendo actual 4.66% con caída del 25.0% | analyst_upgrade (media): Target 142.95 vs precio 107.40 (+33%), recMean 1.90, recKey buy",fuerte,seguimiento,104.25,107.4,104.25 - 107.40,121.68,122.43,121.68 - 122.43,Pérdida del soporte en 104.25 | ROE negativo durante 2 trimestres consecutivos | Ampliación de capital dilutiva | Recorte de rating a bono basura,12-18,"VINCI está un 25.0% por debajo de su máximo 52s. Fundamentalmente sólida con ROE 16.3%, deuda neta/EBITDA 2.0x. Técnicamente 🔵 RSI recuperándose de sobreventa, 🟢 Divergencia alcista RSI. Clasificación: seguimiento.","VINCI está un 25.0% por debajo de su máximo 52s. Fundamentalmente sólida con ROE 16.3%, deuda neta/EBITDA 2.0x. Técnicamente 🔵 RSI recuperándose de sobreventa, 🟢 Divergencia alcista RSI. Clasificación: seguimiento.",OK,
HEI.DE,Heidelberg Materials AG       I,EUROSTOXX,1.0,script-v2.0,1.0,2026-10-08T14:39:10.910654+02:00,82.3,82.4,92.0,74.0,0.0,4.0,82.0,70.0,12.0,418939.0,1.91,46.9,,8.3,40.9,-10.4715,False,23.3,43.2,False,178.34,-21.5,True,False,True,Sin señales de recuperación,pass,seguimiento,pendiente,0.0,desconocido,Pendiente de implementar,ausente,"dividend_maintained (baja): Dividendo actual 2.57% con caída del 42.1% | analyst_upgrade (media): Target 207.26 vs precio 140.05 (+48%), recMean 2.00, recKey buy",fuerte,seguimiento,137.2,140.05,137.20 - 140.05,179.85,205.53,179.85 - 205.53,Pérdida del soporte en 137.20 | ROE negativo durante 2 trimestres consecutivos | Ampliación de capital dilutiva | Recorte de rating a bono basura,18-24,"Heidelberg Materials AG       I está un 42.1% por debajo de su máximo 52s. Fundamentalmente sólida con ROE 11.7%, deuda neta/EBITDA 1.9x. Técnicamente 🟢 Divergencia alcista RSI, 🟢 Cruce alcista MACD. Clasificación: seguimiento.","Heidelberg Materials AG       I está un 42.1% por debajo de su máximo 52s. Fundamentalmente sólida con ROE 11.7%, deuda neta/EBITDA 1.9x. Técnicamente 🟢 Divergencia alcista RSI, 🟢 Cruce alcista MACD. Clasificación: seguimiento.",OK,
LOW,"Lowe's Companies, Inc.",SP500,1.0,script-v2.0,1.0,2026-10-08T14:40:17.754561+02:00,82.1,84.1,75.0,92.0,0.0,15.0,76.0,64.0,12.0,3131704.0,3.05,-1.2,-0.1,11.05,37.4,-12.1217,False,16.9,15.6,False,227.85,-20.3,True,False,True,,pass,entrada_directa,pendiente,0.0,desconocido,Pendiente de implementar,confirmada,"margin_stabilization (media): Margen gross 33.0% vs 32.7% (+0.4 pp) | eps_stabilization (media): EPS 4.27 vs 2.90 (Diluted EPS) | debt_reduction (alta): Deuda 42031.0M vs 42540.0M | dividend_maintained (baja): Dividendo actual 2.75% con caída del 38.1% | analyst_upgrade (media): Target 249.39 vs precio 181.54 (+37%), recMean 1.80, recKey buy",fuerte,entrada_directa,178.45,181.54,178.45 - 181.54,228.93,249.1,228.93 - 249.10,Pérdida del soporte en 178.45 | ROE negativo durante 2 trimestres consecutivos | Ampliación de capital dilutiva | Recorte de rating a bono basura,12-18,"Lowe's Companies, Inc. está un 38.1% por debajo de su máximo 52s. Fundamentalmente sólida con deuda neta/EBITDA 3.0x, dividendo 2.8%. Técnicamente 🔵 RSI en sobreventa, 🟡 MACD convergiendo. Clasificación: entrada_directa.","Lowe's Companies, Inc. está un 38.1% por debajo de su máximo 52s. Fundamentalmente sólida con deuda neta/EBITDA 3.0x, dividendo 2.8%. Técnicamente 🔵 RSI en sobreventa, 🟡 MACD convergiendo. Clasificación: entrada_directa.",OK,
9022.T,CENTRAL JAPAN RAILWAY CO,ASIA,1.0,script-v2.0,1.0,2026-10-08T14:41:31.249336+02:00,82.0,82.3,77.0,87.0,0.0,7.0,81.0,64.0,17.0,2494603.0,4.28,11.6,,7.66,24.2,-41.1191,False,27.4,11.8,False,3916.66,-7.3,True,False,True,,pass,seguimiento,pendiente,0.0,desconocido,Pendiente de implementar,parcial,"eps_stabilization (media): EPS 149.59 vs 147.88 (Diluted EPS) | dividend_maintained (baja): Dividendo actual 0.88% con caída del 24.8% | analyst_upgrade (media): Target 4452.73 vs precio 3632.00 (+23%), recMean 2.36, recKey buy",fuerte,seguimiento,3547.85,3632.0,3547.85 - 3632.00,3965.63,4105.5,3965.63 - 4105.50,Pérdida del soporte en 3547.85 | ROE negativo durante 2 trimestres consecutivos | Ampliación de capital dilutiva | Recorte de rating a bono basura,6-12,"CENTRAL JAPAN RAILWAY CO está un 24.8% por debajo de su máximo 52s. Fundamentalmente sólida con ROE 11.2%, deuda neta/EBITDA 4.3x. Técnicamente 🔵 RSI recuperándose de sobreventa, 🟡 MACD convergiendo. Clasificación: seguimiento.","CENTRAL JAPAN RAILWAY CO está un 24.8% por debajo de su máximo 52s. Fundamentalmente sólida con ROE 11.2%, deuda neta/EBITDA 4.3x. Técnicamente 🔵 RSI recuperándose de sobreventa, 🟡 MACD convergiendo. Clasificación: seguimiento.",OK,
9021.T,WEST JAPAN RAILWAY CO,ASIA,1.0,script-v2.0,1.0,2026-10-08T14:41:30.684871+02:00,81.7,83.6,82.0,85.0,0.0,1.0,76.0,59.0,17.0,2411291.0,3.67,6.6,,7.52,16.0,7.0608,False,15.8,6.3,False,2928.91,-2.1,True,False,True,Sin señales de recuperación,pass,seguimiento,pendiente,0.0,desconocido,Pendiente de implementar,ausente,dividend_maintained (baja): Dividendo actual 3.52% con caída del 18.7%,fuerte,seguimiento,2746.4,2868.0,2746.40 - 2868.00,2932.9,2998.8,2932.90 - 2998.80,Pérdida del soporte en 2746.40 | ROE negativo durante 2 trimestres consecutivos | Ampliación de capital dilutiva | Recorte de rating a bono basura,6-12,"WEST JAPAN RAILWAY CO está un 18.7% por debajo de su máximo 52s. Fundamentalmente sólida con ROE 9.3%, deuda neta/EBITDA 3.7x. Técnicamente 🔵 RSI recuperándose de sobreventa, 🟡 MACD convergiendo. Clasificación: seguimiento.","WEST JAPAN RAILWAY CO está un 18.7% por debajo de su máximo 52s. Fundamentalmente sólida con ROE 9.3%, deuda neta/EBITDA 3.7x. Técnicamente 🔵 RSI recuperándose de sobreventa, 🟡 MACD convergiendo. Clasificación: seguimiento.",OK,
0016.HK,SHK PPT,ASIA,1.0,script-v2.0,1.0,2026-10-08T14:41:35.298803+02:00,81.6,77.5,86.0,70.0,0.0,7.0,94.0,82.0,12.0,5077758.0,2.47,,,14.11,27.7,-3.6478,False,43.3,29.9,False,123.91,-13.7,True,False,True,,pass,seguimiento,pendiente,0.0,desconocido,Pendiente de implementar,parcial,"eps_stabilization (media): EPS 7.39 vs 6.65 (annual_eps_fallback) | dividend_maintained (baja): Dividendo actual 3.54% con caída del 28.2% | analyst_upgrade (media): Target 142.99 vs precio 106.90 (+34%), recMean 1.77, recKey buy",fuerte,seguimiento,105.3,106.9,105.30 - 106.90,121.87,126.48,121.87 - 126.48,Pérdida del soporte en 105.30 | ROE negativo durante 2 trimestres consecutivos | Ampliación de capital dilutiva | Recorte de rating a bono basura,12-18,"SHK PPT está un 28.2% por debajo de su máximo 52s. Fundamentalmente sólida con ROE 3.5%, deuda neta/EBITDA 2.5x. Técnicamente 🔵 RSI recuperándose de sobreventa, 🟢 Divergencia alcista RSI. Clasificación: seguimiento.","SHK PPT está un 28.2% por debajo de su máximo 52s. Fundamentalmente sólida con ROE 3.5%, deuda neta/EBITDA 2.5x. Técnicamente 🔵 RSI recuperándose de sobreventa, 🟢 Divergencia alcista RSI. Clasificación: seguimiento.",OK,
NEE,"NextEra Energy, Inc.",SP500,1.0,script-v2.0,1.0,2026-10-08T14:40:42.367382+02:00,79.7,76.5,84.0,70.0,0.0,10.0,89.0,77.0,12.0,11265803.0,7.35,5.5,0.2,19.12,20.8,-2.3391,False,40.2,38.3,False,86.63,-11.0,True,False,True,,pass,seguimiento,pendiente,0.0,desconocido,Pendiente de implementar,parcial,"margin_stabilization (media): Margen gross 62.4% vs 58.9% (+3.5 pp) | eps_stabilization (media): EPS 1.50 vs 1.04 (Diluted EPS) | dividend_maintained (baja): Dividendo actual 3.23% con caída del 22.0% | analyst_upgrade (media): Target 97.42 vs precio 77.06 (+26%), recMean 1.90, recKey buy",fuerte,seguimiento,74.41,77.06,74.41 - 77.06,83.94,86.28,83.94 - 86.28,Pérdida del soporte en 74.41 | ROE negativo durante 2 trimestres consecutivos | Ampliación de capital dilutiva | Recorte de rating a bono basura,6-12,"NextEra Energy, Inc. está un 22.0% por debajo de su máximo 52s. Fundamentalmente sólida con ROE 11.7%, deuda neta/EBITDA 7.3x. Técnicamente 🔵 RSI recuperándose de sobreventa, 🟢 Divergencia alcista RSI. Clasificación: seguimiento.","NextEra Energy, Inc. está un 22.0% por debajo de su máximo 52s. Fundamentalmente sólida con ROE 11.7%, deuda neta/EBITDA 7.3x. Técnicamente 🔵 RSI recuperándose de sobreventa, 🟢 Divergencia alcista RSI. Clasificación: seguimiento.",OK,
035420.KS,NAVER,ASIA,1.0,script-v2.0,1.0,2026-10-08T14:41:45.335423+02:00,79.7,81.9,75.0,88.0,0.0,10.0,73.0,55.0,18.0,936639.0,-1.11,15.6,0.0,8.74,39.5,-7794.5721,False,3.4,2.6,True,219930.62,-16.4,True,False,True,,pass,seguimiento,pendiente,0.0,desconocido,Pendiente de implementar,parcial,"margin_stabilization (media): Margen gross 100.0% vs 100.0% (+0.0 pp) | eps_stabilization (media): EPS 4635.00 vs 1864.00 (Diluted EPS) | dividend_maintained (baja): Dividendo actual 1.43% con caída del 39.5% | analyst_upgrade (media): Target 293076.94 vs precio 183800.00 (+59%), recMean 1.73, recKey buy",fuerte,seguimiento,182800.0,183800.0,182800.00 - 183800.00,221439.88,258400.0,221439.88 - 258400.00,Pérdida del soporte en 182800.00 | ROE negativo durante 2 trimestres consecutivos | Ampliación de capital dilutiva | Recorte de rating a bono basura,12-18,"NAVER está un 39.5% por debajo de su máximo 52s. Fundamentalmente sólida con ROE 6.4%, deuda neta/EBITDA -1.1x. Técnicamente 🔵 RSI en sobreventa, 🟢 Cerca de soporte. Clasificación: seguimiento.","NAVER está un 39.5% por debajo de su máximo 52s. Fundamentalmente sólida con ROE 6.4%, deuda neta/EBITDA -1.1x. Técnicamente 🔵 RSI en sobreventa, 🟢 Cerca de soporte. Clasificación: seguimiento.",OK,
EL.PA,ESSILORLUXOTTICA,EUROSTOXX,1.0,script-v2.0,1.0,2026-10-08T14:39:17.879799+02:00,78.2,76.3,79.0,74.0,0.0,4.0,84.0,62.0,22.0,728563.0,2.29,6.4,,13.92,54.5,-16.2568,True,40.8,55.6,False,187.39,-23.1,True,False,True,Sin señales de recuperación,pass,seguimiento,pendiente,0.0,desconocido,Pendiente de implementar,ausente,"dividend_maintained (baja): Dividendo actual 2.78% con caída del 55.5% | analyst_upgrade (media): Target 227.30 vs precio 144.05 (+58%), recMean 1.83, recKey buy",fuerte,seguimiento,141.56,144.05,141.56 - 144.05,190.29,275.23,190.29 - 275.23,Pérdida del soporte en 141.56 | ROE negativo durante 2 trimestres consecutivos | Ampliación de capital dilutiva | Recorte de rating a bono basura,18-24,"ESSILORLUXOTTICA está un 55.5% por debajo de su máximo 52s. Fundamentalmente sólida con ROE 6.7%, deuda neta/EBITDA 2.3x. Técnicamente 🔵 RSI recuperándose de sobreventa, 🟢 Divergencia alcista RSI. Clasificación: seguimiento.","ESSILORLUXOTTICA está un 55.5% por debajo de su máximo 52s. Fundamentalmente sólida con ROE 6.7%, deuda neta/EBITDA 2.3x. Técnicamente 🔵 RSI recuperándose de sobreventa, 🟢 Divergencia alcista RSI. Clasificación: seguimiento.",OK,
1299.HK,AIA,ASIA,1.0,script-v2.0,1.0,2026-10-08T14:41:42.603290+02:00,78.2,78.6,93.0,66.0,0.0,4.0,77.0,59.0,18.0,28191938.0,1.64,45.4,,81.57,23.0,-1.7344,False,12.4,9.5,True,78.5,-11.8,True,False,True,Sin señales de recuperación,pass,seguimiento,pendiente,0.0,desconocido,Pendiente de implementar,ausente,"dividend_maintained (baja): Dividendo actual 2.86% con caída del 24.9% | analyst_upgrade (media): Target 102.80 vs precio 69.25 (+48%), recMean 1.30, recKey strong_buy",fuerte,seguimiento,65.79,69.25,65.79 - 69.25,78.33,78.95,78.33 - 78.95,Pérdida del soporte en 65.79 | ROE negativo durante 2 trimestres consecutivos | Ampliación de capital dilutiva | Recorte de rating a bono basura,6-12,"AIA está un 24.9% por debajo de su máximo 52s. Fundamentalmente sólida con ROE 19.6%, deuda neta/EBITDA 1.6x. Técnicamente 🔵 RSI en sobreventa, 🟡 MACD convergiendo. Clasificación: seguimiento.","AIA está un 24.9% por debajo de su máximo 52s. Fundamentalmente sólida con ROE 19.6%, deuda neta/EBITDA 1.6x. Técnicamente 🔵 RSI en sobreventa, 🟡 MACD convergiendo. Clasificación: seguimiento.",OK,
0700.HK,TENCENT,ASIA,1.0,script-v2.0,1.0,2026-10-08T14:41:41.037154+02:00,78.2,87.6,94.0,82.0,0.0,7.0,50.0,38.0,12.0,24099119.0,0.04,14.4,-0.7,13.08,39.1,-19.9557,False,0.4,11.5,False,479.77,-14.3,True,False,True,,pass,seguimiento,pendiente,0.0,desconocido,Pendiente de implementar,parcial,"margin_stabilization (media): Margen gross 57.8% vs 56.9% (+0.9 pp) | dividend_maintained (baja): Dividendo actual 1.29% con caída del 39.6% | analyst_upgrade (media): Target 662.83 vs precio 411.40 (+61%), recMean 1.39, recKey strong_buy",razonable,seguimiento,390.83,411.4,390.83 - 411.40,492.08,578.85,492.08 - 578.85,Pérdida del soporte en 390.83 | ROE negativo durante 2 trimestres consecutivos | Ampliación de capital dilutiva | Recorte de rating a bono basura,12-18,"TENCENT está un 39.6% por debajo de su máximo 52s. Fundamentalmente sólida con ROE 19.9%, deuda neta/EBITDA 0.0x. Técnicamente 🟢 Divergencia alcista RSI, 🟢 base_pattern_detected. Clasificación: seguimiento.","TENCENT está un 39.6% por debajo de su máximo 52s. Fundamentalmente sólida con ROE 19.9%, deuda neta/EBITDA 0.0x. Técnicamente 🟢 Divergencia alcista RSI, 🟢 base_pattern_detected. Clasificación: seguimiento.",OK,
EN.PA,BOUYGUES,EUROSTOXX,1.0,script-v2.0,1.0,2026-10-08T14:39:18.297851+02:00,77.9,79.5,87.0,73.0,0.0,15.0,73.0,73.0,0.0,648787.0,2.15,-2.7,0.5,5.94,23.5,-1.3622,False,14.8,16.2,False,47.17,-13.6,False,False,True,,pass,entrada_directa,pendiente,0.0,desconocido,Pendiente de implementar,confirmada,"margin_stabilization (media): Margen gross 57.6% vs 57.8% (-0.2 pp) | eps_stabilization (media): EPS 0.98 vs -0.24 (Diluted EPS) | debt_reduction (alta): Deuda 14707.0M vs 15110.0M | dividend_maintained (baja): Dividendo actual 5.15% con caída del 23.8% | analyst_upgrade (media): Target 59.60 vs precio 40.75 (+46%), recMean 1.90, recKey buy",fuerte,entrada_directa,40.17,40.75,40.17 - 40.75,45.46,47.15,45.46 - 47.15,Pérdida del soporte en 40.17 | ROE negativo durante 2 trimestres consecutivos | Ampliación de capital dilutiva | Recorte de rating a bono basura,6-12,"BOUYGUES está un 23.8% por debajo de su máximo 52s. Fundamentalmente sólida con ROE 9.7%, deuda neta/EBITDA 2.1x. Técnicamente 🔵 RSI en sobreventa, 🟢 Divergencia alcista RSI. Clasificación: entrada_directa.","BOUYGUES está un 23.8% por debajo de su máximo 52s. Fundamentalmente sólida con ROE 9.7%, deuda neta/EBITDA 2.1x. Técnicamente 🔵 RSI en sobreventa, 🟢 Divergencia alcista RSI. Clasificación: entrada_directa.",OK,
0066.HK,MTR CORPORATION,ASIA,1.0,script-v2.0,1.0,2026-10-08T14:41:39.064341+02:00,77.8,83.7,96.0,73.0,0.0,1.0,60.0,43.0,17.0,5290790.0,3.1,,,8.66,14.8,0.2117,False,17.9,23.1,False,32.25,-3.9,True,False,True,Sin señales de recuperación,pass,seguimiento,pendiente,0.0,desconocido,Pendiente de implementar,ausente,dividend_maintained (baja): Dividendo actual 4.23% con caída del 18.2%,razonable,seguimiento,29.45,31.0,29.45 - 31.00,32.0,32.2,32.00 - 32.20,Pérdida del soporte en 29.45 | ROE negativo durante 2 trimestres consecutivos | Ampliación de capital dilutiva | Recorte de rating a bono basura,6-12,"MTR CORPORATION está un 18.2% por debajo de su máximo 52s. Fundamentalmente sólida con ROE 11.1%, deuda neta/EBITDA 3.1x. Técnicamente 🟡 MACD convergiendo, 🟡 Apoyo en MA40 semanal. Clasificación: seguimiento.","MTR CORPORATION está un 18.2% por debajo de su máximo 52s. Fundamentalmente sólida con ROE 11.1%, deuda neta/EBITDA 3.1x. Técnicamente 🟡 MACD convergiendo, 🟡 Apoyo en MA40 semanal. Clasificación: seguimiento.",OK,
RIO.AX,RIO TINTO FPO [RIO],ASX,1.0,script-v2.0,1.0,2026-10-08T14:41:06.067429+02:00,77.6,72.8,100.0,49.0,0.0,6.0,92.0,75.0,17.0,1081264.0,0.58,-3.3,,12.69,15.9,1.7449,False,14.5,56.7,False,164.67,-1.6,True,False,True,,pass,seguimiento,pendiente,0.0,desconocido,Pendiente de implementar,parcial,debt_reduction (alta): Deuda 22852.0M vs 23640.0M | dividend_maintained (baja): Dividendo actual 4.09% con caída del 17.3%,fuerte,seguimiento,153.92,161.97,153.92 - 161.97,164.44,166.46,164.44 - 166.46,Pérdida del soporte en 153.92 | ROE negativo durante 2 trimestres consecutivos | Ampliación de capital dilutiva | Recorte de rating a bono basura,6-12,"RIO TINTO FPO [RIO] está un 17.3% por debajo de su máximo 52s. Fundamentalmente sólida con ROE 19.3%, deuda neta/EBITDA 0.6x. Técnicamente 🟢 Divergencia alcista RSI, 🟢 Cruce alcista MACD. Clasificación: seguimiento.","RIO TINTO FPO [RIO] está un 17.3% por debajo de su máximo 52s. Fundamentalmente sólida con ROE 19.3%, deuda neta/EBITDA 0.6x. Técnicamente 🟢 Divergencia alcista RSI, 🟢 Cruce alcista MACD. Clasificación: seguimiento.",OK,
4503.T,ASTELLAS PHARMA,ASIA,1.0,script-v2.0,1.0,2026-10-08T14:41:24.132152+02:00,77.3,82.4,100.0,67.0,0.0,9.0,62.0,45.0,17.0,6283556.0,0.52,-29.1,,6.56,15.8,30.9829,False,20.5,23.9,False,2276.62,-1.3,True,False,True,,pass,seguimiento,pendiente,0.0,desconocido,Pendiente de implementar,parcial,eps_stabilization (media): EPS 78.96 vs 38.11 (Diluted EPS) | debt_reduction (alta): Deuda 589870.0M vs 831426.0M | dividend_maintained (baja): Dividendo actual 3.56% con caída del 17.3%,razonable,seguimiento,2213.88,2248.0,2213.88 - 2248.00,2252.74,2309.45,2252.74 - 2309.45,Pérdida del soporte en 2213.88 | ROE negativo durante 2 trimestres consecutivos | Ampliación de capital dilutiva | Recorte de rating a bono basura,6-12,"ASTELLAS PHARMA está un 17.3% por debajo de su máximo 52s. Fundamentalmente sólida con ROE 21.3%, deuda neta/EBITDA 0.5x. Técnicamente 🟡 MACD convergiendo, 🟢 Cerca de soporte. Clasificación: seguimiento.","ASTELLAS PHARMA está un 17.3% por debajo de su máximo 52s. Fundamentalmente sólida con ROE 21.3%, deuda neta/EBITDA 0.5x. Técnicamente 🟡 MACD convergiendo, 🟢 Cerca de soporte. Clasificación: seguimiento.",OK,
SGO.PA,SAINT GOBAIN,EUROSTOXX,1.0,script-v2.0,1.0,2026-10-08T14:39:24.578451+02:00,77.1,89.1,95.0,84.0,0.0,12.0,41.0,41.0,0.0,970830.0,1.75,-2.6,,6.66,36.6,-2.6169,False,10.5,12.5,False,76.49,-15.8,False,False,True,,pass,pendiente_confirmacion,pendiente,0.0,desconocido,Pendiente de implementar,confirmada,"eps_stabilization (media): EPS 5.78 vs 5.64 (annual_eps_fallback) | debt_reduction (alta): Deuda 17270.0M vs 17729.0M | dividend_maintained (baja): Dividendo actual 3.57% con caída del 29.7% | analyst_upgrade (media): Target 95.91 vs precio 64.40 (+49%), recMean 1.94, recKey buy",incompleto,pendiente_confirmacion,61.18,64.4,61.18 - 64.40,76.7,77.83,76.70 - 77.83,Pérdida del soporte en 61.18 | ROE negativo durante 2 trimestres consecutivos | Ampliación de capital dilutiva | Recorte de rating a bono basura,12-18,"SAINT GOBAIN está un 29.7% por debajo de su máximo 52s. Fundamentalmente sólida con ROE 11.0%, deuda neta/EBITDA 1.8x. Técnicamente 🔵 RSI en sobreventa. Clasificación: pendiente_confirmacion.","SAINT GOBAIN está un 29.7% por debajo de su máximo 52s. Fundamentalmente sólida con ROE 11.0%, deuda neta/EBITDA 1.8x. Técnicamente 🔵 RSI en sobreventa. Clasificación: pendiente_confirmacion.",OK,
IP,International Paper Company,SP500,1.0,script-v2.0,1.0,2026-10-08T14:40:54.959361+02:00,77.1,81.5,66.0,95.0,0.0,4.0,64.0,64.0,0.0,5063565.0,2.33,3.8,-0.1,6.62,43.1,-0.9527,False,13.7,17.3,False,37.16,-14.4,False,False,True,Sin señales de recuperación,pass,seguimiento,pendiente,0.0,desconocido,Pendiente de implementar,ausente,"dividend_maintained (baja): Dividendo actual 5.81% con caída del 36.7% | analyst_upgrade (media): Target 46.36 vs precio 31.82 (+46%), recMean 1.58, recKey buy",razonable,seguimiento,31.28,31.82,31.28 - 31.82,37.18,42.71,37.18 - 42.71,Pérdida del soporte en 31.28 | ROE negativo durante 2 trimestres consecutivos | Ampliación de capital dilutiva | Recorte de rating a bono basura,12-18,"International Paper Company está un 36.7% por debajo de su máximo 52s. Fundamentalmente sólida con ROE -16.5%, deuda neta/EBITDA 2.3x. Técnicamente 🔵 RSI en sobreventa, 🟡 MACD convergiendo. Clasificación: seguimiento.","International Paper Company está un 36.7% por debajo de su máximo 52s. Fundamentalmente sólida con ROE -16.5%, deuda neta/EBITDA 2.3x. Técnicamente 🔵 RSI en sobreventa, 🟡 MACD convergiendo. Clasificación: seguimiento.",OK,
EOAN.DE,E.ON SE                       N,EUROSTOXX,1.0,script-v2.0,1.0,2026-10-08T14:39:03.887603+02:00,76.0,72.9,98.0,51.0,0.0,7.0,85.0,68.0,17.0,4010362.0,3.87,,-2.4,8.98,14.2,-0.1802,False,40.0,36.7,False,18.07,-6.0,True,False,True,,pass,seguimiento,pendiente,0.0,desconocido,Pendiente de implementar,parcial,"margin_stabilization (media): Margen gross 26.6% vs 24.8% (+1.8 pp) | dividend_maintained (baja): Dividendo actual 3.36% con caída del 16.7% | analyst_upgrade (media): Target 21.04 vs precio 16.98 (+24%), recMean 1.81, recKey buy",fuerte,seguimiento,16.13,16.98,16.13 - 16.98,17.33,18.01,17.33 - 18.01,Pérdida del soporte en 16.13 | ROE negativo durante 2 trimestres consecutivos | Ampliación de capital dilutiva | Recorte de rating a bono basura,6-12,"E.ON SE                       N está un 16.7% por debajo de su máximo 52s. Fundamentalmente sólida con ROE 15.5%, deuda neta/EBITDA 3.9x. Técnicamente 🔵 RSI recuperándose de sobreventa, 🟢 Divergencia alcista RSI. Clasificación: seguimiento.","E.ON SE                       N está un 16.7% por debajo de su máximo 52s. Fundamentalmente sólida con ROE 15.5%, deuda neta/EBITDA 3.9x. Técnicamente 🔵 RSI recuperándose de sobreventa, 🟢 Divergencia alcista RSI. Clasificación: seguimiento.",OK,
3382.T,SEVEN & I HOLDINGS CO LTD,ASIA,1.0,script-v2.0,1.0,2026-10-08T14:41:32.263218+02:00,75.8,78.8,82.0,76.0,0.0,4.0,67.0,50.0,17.0,8944373.0,3.32,,,8.03,22.9,0.2653,False,28.0,14.8,False,2023.91,-1.8,True,False,True,Sin señales de recuperación,pass,seguimiento,pendiente,0.0,desconocido,Pendiente de implementar,ausente,eps_stabilization (media): EPS 26.21 vs 18.96 (Diluted EPS) | dividend_maintained (baja): Dividendo actual 3.02% con caída del 17.8%,razonable,seguimiento,1961.22,1987.5,1961.22 - 1987.50,2034.89,2054.45,2034.89 - 2054.45,Pérdida del soporte en 1961.22 | ROE negativo durante 2 trimestres consecutivos | Ampliación de capital dilutiva | Recorte de rating a bono basura,6-12,"SEVEN & I HOLDINGS CO LTD está un 17.8% por debajo de su máximo 52s. Fundamentalmente sólida con ROE 8.0%, deuda neta/EBITDA 3.3x. Técnicamente 🟡 MACD convergiendo, 🟢 Cerca de soporte. Clasificación: seguimiento.","SEVEN & I HOLDINGS CO LTD está un 17.8% por debajo de su máximo 52s. Fundamentalmente sólida con ROE 8.0%, deuda neta/EBITDA 3.3x. Técnicamente 🟡 MACD convergiendo, 🟢 Cerca de soporte. Clasificación: seguimiento.",OK,
7203.T,TOYOTA MOTOR CORP,ASIA,1.0,script-v2.0,1.0,2026-10-08T14:41:18.434453+02:00,75.8,77.7,75.0,80.0,0.0,10.0,70.0,53.0,17.0,28450800.0,5.46,1.7,0.1,11.76,25.1,-29.3263,False,29.9,35.4,False,3100.12,-6.4,True,False,True,,pass,seguimiento,pendiente,0.0,desconocido,Pendiente de implementar,parcial,"margin_stabilization (media): Margen gross 18.0% vs 15.1% (+2.9 pp) | eps_stabilization (media): EPS 120.69 vs 64.56 (Diluted EPS) | dividend_maintained (baja): Dividendo actual 3.45% con caída del 27.5% | analyst_upgrade (media): Target 3698.63 vs precio 2902.00 (+27%), recMean 1.74, recKey buy",fuerte,seguimiento,2803.23,2902.0,2803.23 - 2902.00,3107.56,3400.0,3107.56 - 3400.00,Pérdida del soporte en 2803.23 | ROE negativo durante 2 trimestres consecutivos | Ampliación de capital dilutiva | Recorte de rating a bono basura,12-18,"TOYOTA MOTOR CORP está un 27.5% por debajo de su máximo 52s. Fundamentalmente sólida con ROE 12.4%, deuda neta/EBITDA 5.5x. Técnicamente 🟡 MACD convergiendo, 🟢 Bajo SMA200 con SMA50 girando. Clasificación: seguimiento.","TOYOTA MOTOR CORP está un 27.5% por debajo de su máximo 52s. Fundamentalmente sólida con ROE 12.4%, deuda neta/EBITDA 5.5x. Técnicamente 🟡 MACD convergiendo, 🟢 Bajo SMA200 con SMA50 girando. Clasificación: seguimiento.",OK,
HRL,Hormel Foods Corporation,SP500,1.0,script-v2.0,1.0,2026-10-08T14:40:49.340637+02:00,75.2,76.6,83.0,71.0,0.0,9.0,71.0,71.0,0.0,4609637.0,1.57,-0.0,0.0,10.09,37.3,-0.8097,False,7.7,24.7,False,22.74,-14.0,False,False,True,,pass,seguimiento,pendiente,0.0,desconocido,Pendiente de implementar,parcial,"debt_reduction (alta): Deuda 2855.1M vs 2856.3M | dividend_maintained (baja): Dividendo actual 5.98% con caída del 26.5% | analyst_upgrade (media): Target 25.56 vs precio 19.55 (+31%), recMean 2.60, recKey hold",fuerte,seguimiento,19.44,19.55,19.44 - 19.55,22.61,22.77,22.61 - 22.77,Pérdida del soporte en 19.44 | ROE negativo durante 2 trimestres consecutivos | Ampliación de capital dilutiva | Recorte de rating a bono basura,12-18,"Hormel Foods Corporation está un 26.5% por debajo de su máximo 52s. Fundamentalmente sólida con ROE 4.3%, deuda neta/EBITDA 1.6x. Técnicamente 🔵 RSI en sobreventa, 🟢 Divergencia alcista RSI. Clasificación: seguimiento.","Hormel Foods Corporation está un 26.5% por debajo de su máximo 52s. Fundamentalmente sólida con ROE 4.3%, deuda neta/EBITDA 1.6x. Técnicamente 🔵 RSI en sobreventa, 🟢 Divergencia alcista RSI. Clasificación: seguimiento.",OK,
BMW.DE,BAYERISCHE MOTOREN WERKE AG   S,EUROSTOXX,1.0,script-v2.0,1.0,2026-10-08T14:39:00.760712+02:00,75.2,79.5,63.0,94.0,0.0,4.0,62.0,50.0,12.0,1570740.0,7.33,,-2.4,9.81,43.4,-4.6705,False,4.9,12.1,False,69.86,-25.0,True,False,True,Sin señales de recuperación,pass,seguimiento,pendiente,0.0,desconocido,Pendiente de implementar,ausente,"dividend_maintained (baja): Dividendo actual 8.39% con caída del 46.5% | analyst_upgrade (media): Target 69.36 vs precio 52.42 (+32%), recMean 2.65, recKey hold",razonable,seguimiento,52.36,52.42,52.36 - 52.42,70.5,83.23,70.50 - 83.23,Pérdida del soporte en 52.36 | ROE negativo durante 2 trimestres consecutivos | Ampliación de capital dilutiva | Recorte de rating a bono basura,18-24,"BAYERISCHE MOTOREN WERKE AG   S está un 46.5% por debajo de su máximo 52s. Fundamentalmente sólida con ROE 6.6%, deuda neta/EBITDA 7.3x. Técnicamente 🔵 RSI en sobreventa, 🟢 Cerca de soporte. Clasificación: seguimiento.","BAYERISCHE MOTOREN WERKE AG   S está un 46.5% por debajo de su máximo 52s. Fundamentalmente sólida con ROE 6.6%, deuda neta/EBITDA 7.3x. Técnicamente 🔵 RSI en sobreventa, 🟢 Cerca de soporte. Clasificación: seguimiento.",OK,
RIO.L,RIO TINTO PLC ORD 10P,EUROSTOXX,1.0,script-v2.0,1.0,2026-10-08T14:39:57.254526+02:00,74.8,81.3,100.0,65.0,0.0,6.0,55.0,38.0,17.0,2822986.0,0.58,-2.8,,5.84,23.6,73.9884,False,23.0,35.5,False,7149.84,-2.6,True,False,True,,pass,seguimiento,pendiente,0.0,desconocido,Pendiente de implementar,parcial,debt_reduction (alta): Deuda 22852.0M vs 23517.0M | dividend_maintained (baja): Dividendo actual 0.05% con caída del 23.6%,razonable,seguimiento,6310.69,6964.0,6310.69 - 6964.00,7131.43,7749.45,7131.43 - 7749.45,Pérdida del soporte en 6310.69 | ROE negativo durante 2 trimestres consecutivos | Ampliación de capital dilutiva | Recorte de rating a bono basura,6-12,"RIO TINTO PLC ORD 10P está un 23.6% por debajo de su máximo 52s. Fundamentalmente sólida con ROE 19.3%, deuda neta/EBITDA 0.6x. Técnicamente 🟢 Divergencia alcista RSI, 🟡 Apoyo en MA40 semanal. Clasificación: seguimiento.","RIO TINTO PLC ORD 10P está un 23.6% por debajo de su máximo 52s. Fundamentalmente sólida con ROE 19.3%, deuda neta/EBITDA 0.6x. Técnicamente 🟢 Divergencia alcista RSI, 🟡 Apoyo en MA40 semanal. Clasificación: seguimiento.",OK,
MCD,McDonald's Corporation,SP500,1.0,script-v2.0,1.0,2026-10-08T14:40:19.175360+02:00,74.8,77.4,79.0,76.0,0.0,15.0,67.0,55.0,12.0,4986692.0,3.6,-0.5,0.0,14.54,31.1,-14.2191,False,7.3,12.5,False,283.49,-18.6,True,False,True,,pass,entrada_escalada,pendiente,0.0,desconocido,Pendiente de implementar,confirmada,"margin_stabilization (media): Margen gross 58.0% vs 55.9% (+2.1 pp) | eps_stabilization (media): EPS 3.32 vs 2.78 (Diluted EPS) | debt_reduction (alta): Deuda 54604.0M vs 54881.0M | dividend_maintained (baja): Dividendo actual 3.34% con caída del 32.4% | analyst_upgrade (media): Target 293.76 vs precio 230.88 (+27%), recMean 2.06, recKey buy",razonable,entrada_escalada,219.34,230.88,219.34 - 230.88,285.16,290.49,285.16 - 290.49,Pérdida del soporte en 219.34 | ROE negativo durante 2 trimestres consecutivos | Ampliación de capital dilutiva | Recorte de rating a bono basura,12-18,"McDonald's Corporation está un 32.4% por debajo de su máximo 52s. Fundamentalmente sólida con deuda neta/EBITDA 3.6x, dividendo 3.3%. Técnicamente 🔵 RSI en sobreventa, 🟡 MACD convergiendo. Clasificación: entrada_escalada.","McDonald's Corporation está un 32.4% por debajo de su máximo 52s. Fundamentalmente sólida con deuda neta/EBITDA 3.6x, dividendo 3.3%. Técnicamente 🔵 RSI en sobreventa, 🟡 MACD convergiendo. Clasificación: entrada_escalada.",OK,
ORA.PA,ORANGE,EUROSTOXX,1.0,script-v2.0,1.0,2026-10-08T14:39:22.517279+02:00,74.6,75.8,79.0,73.0,0.0,4.0,71.0,59.0,12.0,5009262.0,3.74,654.5,,7.14,21.9,-0.4775,False,50.5,35.9,False,16.31,-12.2,True,False,True,Sin señales de recuperación,pass,seguimiento,pendiente,0.0,desconocido,Pendiente de implementar,ausente,"dividend_maintained (baja): Dividendo actual 5.24% con caída del 23.9% | analyst_upgrade (media): Target 18.99 vs precio 14.32 (+33%), recMean 2.00, recKey buy",fuerte,seguimiento,13.52,14.32,13.52 - 14.32,15.98,16.27,15.98 - 16.27,Pérdida del soporte en 13.52 | ROE negativo durante 2 trimestres consecutivos | Ampliación de capital dilutiva | Recorte de rating a bono basura,6-12,"ORANGE está un 23.9% por debajo de su máximo 52s. Fundamentalmente sólida con ROE 14.2%, deuda neta/EBITDA 3.7x. Técnicamente 🔵 RSI recuperándose de sobreventa, 🟢 Cruce alcista MACD. Clasificación: seguimiento.","ORANGE está un 23.9% por debajo de su máximo 52s. Fundamentalmente sólida con ROE 14.2%, deuda neta/EBITDA 3.7x. Técnicamente 🔵 RSI recuperándose de sobreventa, 🟢 Cruce alcista MACD. Clasificación: seguimiento.",OK,
SCG.AX,SCENTRE STAPLED [SCG],ASX,1.0,script-v2.0,1.0,2026-10-08T14:41:14.934280+02:00,74.2,77.6,84.0,72.0,0.0,4.0,64.0,59.0,5.0,11053262.0,5.58,,,12.88,15.6,-0.0732,False,65.3,58.5,False,3.64,-5.6,False,False,True,Sin señales de recuperación,pass,seguimiento,pendiente,0.0,desconocido,Pendiente de implementar,ausente,eps_stabilization (media): EPS 0.34 vs 0.20 (annual_eps_fallback) | dividend_maintained (baja): Dividendo actual 5.23% con caída del 19.4%,razonable,seguimiento,3.27,3.44,3.27 - 3.44,3.63,3.66,3.63 - 3.66,Pérdida del soporte en 3.27 | ROE negativo durante 2 trimestres consecutivos | Ampliación de capital dilutiva | Recorte de rating a bono basura,6-12,"SCENTRE STAPLED [SCG] está un 19.4% por debajo de su máximo 52s. Fundamentalmente sólida con ROE 10.4%, deuda neta/EBITDA 5.6x. Técnicamente 🟢 Divergencia alcista RSI, 🟢 Cruce alcista MACD. Clasificación: seguimiento.","SCENTRE STAPLED [SCG] está un 19.4% por debajo de su máximo 52s. Fundamentalmente sólida con ROE 10.4%, deuda neta/EBITDA 5.6x. Técnicamente 🟢 Divergencia alcista RSI, 🟢 Cruce alcista MACD. Clasificación: seguimiento.",OK,
RI.PA,PERNOD RICARD,EUROSTOXX,1.0,script-v2.0,1.0,2026-10-08T14:39:22.831207+02:00,73.4,79.9,73.0,86.0,0.0,12.0,54.0,39.0,15.0,667777.0,4.07,-6.8,,10.3,47.6,-2.0032,True,70.3,65.0,False,65.47,-7.9,False,False,True,,pass,entrada_escalada,pendiente,0.0,desconocido,Pendiente de implementar,confirmada,"eps_stabilization (media): EPS 6.45 vs 5.83 (annual_eps_fallback) | debt_reduction (alta): Deuda 12677.0M vs 13602.0M | dividend_maintained (baja): Dividendo actual 7.79% con caída del 33.2% | analyst_upgrade (media): Target 81.82 vs precio 60.32 (+36%), recMean 2.50, recKey buy",razonable,entrada_escalada,59.35,60.32,59.35 - 60.32,65.65,76.79,65.65 - 76.79,Pérdida del soporte en 59.35 | ROE negativo durante 2 trimestres consecutivos | Ampliación de capital dilutiva | Recorte de rating a bono basura,12-18,"PERNOD RICARD está un 33.2% por debajo de su máximo 52s. Fundamentalmente sólida con ROE 7.6%, deuda neta/EBITDA 4.1x. Técnicamente 🟢 Cerca de soporte, 🟢 MACD semanal girando al alza. Clasificación: entrada_escalada.","PERNOD RICARD está un 33.2% por debajo de su máximo 52s. Fundamentalmente sólida con ROE 7.6%, deuda neta/EBITDA 4.1x. Técnicamente 🟢 Cerca de soporte, 🟢 MACD semanal girando al alza. Clasificación: entrada_escalada.",OK,
AZN.L,ASTRAZENECA PLC ORD SHS $0.25,EUROSTOXX,1.0,script-v2.0,1.0,2026-10-08T14:39:53.855544+02:00,73.2,71.9,98.0,49.0,0.0,12.0,77.0,55.0,22.0,3431671.0,1.35,-4.6,-0.2,10.69,23.3,-441.2259,True,31.8,32.6,False,13517.06,-10.8,True,False,True,,pass,entrada_directa,pendiente,0.0,desconocido,Pendiente de implementar,confirmada,"margin_stabilization (media): Margen gross 83.6% vs 82.5% (+1.1 pp) | debt_reduction (alta): Deuda 32350.0M vs 33918.0M | dividend_maintained (baja): Dividendo actual 0.02% con caída del 23.4% | analyst_upgrade (media): Target 15869.25 vs precio 12057.00 (+32%), recMean 1.72, recKey buy",fuerte,entrada_directa,11530.87,12057.0,11530.87 - 12057.00,13372.2,13526.02,13372.20 - 13526.02,Pérdida del soporte en 11530.87 | ROE negativo durante 2 trimestres consecutivos | Ampliación de capital dilutiva | Recorte de rating a bono basura,6-12,"ASTRAZENECA PLC ORD SHS $0.25 está un 23.4% por debajo de su máximo 52s. Fundamentalmente sólida con ROE 22.0%, deuda neta/EBITDA 1.4x. Técnicamente 🟢 Divergencia alcista RSI, 🟡 MACD convergiendo. Clasificación: entrada_directa.","ASTRAZENECA PLC ORD SHS $0.25 está un 23.4% por debajo de su máximo 52s. Fundamentalmente sólida con ROE 22.0%, deuda neta/EBITDA 1.4x. Técnicamente 🟢 Divergencia alcista RSI, 🟡 MACD convergiendo. Clasificación: entrada_directa.",OK,
BEI.DE,BEIERSDORF AG                 I,EUROSTOXX,1.0,script-v2.0,1.0,2026-10-08T14:39:11.482580+02:00,73.1,75.5,84.0,68.0,0.0,1.0,66.0,39.0,27.0,352746.0,-1.73,,,8.93,42.7,-1.3036,True,54.3,50.3,False,80.43,-4.0,True,False,True,Sin señales de recuperación,pass,seguimiento,pendiente,0.0,desconocido,Pendiente de implementar,ausente,dividend_maintained (baja): Dividendo actual 1.30% con caída del 29.9%,razonable,seguimiento,73.28,77.2,73.28 - 77.20,80.66,93.63,80.66 - 93.63,Pérdida del soporte en 73.28 | ROE negativo durante 2 trimestres consecutivos | Ampliación de capital dilutiva | Recorte de rating a bono basura,12-18,"BEIERSDORF AG                 I está un 29.9% por debajo de su máximo 52s. Fundamentalmente sólida con ROE 10.9%, deuda neta/EBITDA -1.7x. Técnicamente 🟢 Divergencia alcista RSI, 🟢 MACD semanal girando al alza. Clasificación: seguimiento.","BEIERSDORF AG                 I está un 29.9% por debajo de su máximo 52s. Fundamentalmente sólida con ROE 10.9%, deuda neta/EBITDA -1.7x. Técnicamente 🟢 Divergencia alcista RSI, 🟢 MACD semanal girando al alza. Clasificación: seguimiento.",OK,
GIS,"General Mills, Inc.",SP500,1.0,script-v2.0,1.0,2026-10-08T14:40:51.677955+02:00,73.1,79.1,70.0,87.0,0.0,12.0,55.0,55.0,0.0,9610631.0,3.86,-2.5,0.1,8.84,52.0,-1.1578,False,10.2,11.7,False,37.41,-15.1,False,False,True,,pass,entrada_escalada,pendiente,0.0,desconocido,Pendiente de implementar,confirmada,margin_stabilization (media): Margen gross 34.8% vs 30.8% (+4.0 pp) | eps_stabilization (media): EPS 0.74 vs -3.74 (Diluted EPS) | debt_reduction (alta): Deuda 13615.6M vs 13967.7M | dividend_maintained (baja): Dividendo actual 7.68% con caída del 36.4%,razonable,entrada_escalada,30.18,31.77,30.18 - 31.77,37.8,42.47,37.80 - 42.47,Pérdida del soporte en 30.18 | ROE negativo durante 2 trimestres consecutivos | Ampliación de capital dilutiva | Recorte de rating a bono basura,12-18,"General Mills, Inc. está un 36.4% por debajo de su máximo 52s. Fundamentalmente sólida con ROE -10.5%, deuda neta/EBITDA 3.9x. Técnicamente 🔵 RSI en sobreventa, 🟡 MACD convergiendo. Clasificación: entrada_escalada.","General Mills, Inc. está un 36.4% por debajo de su máximo 52s. Fundamentalmente sólida con ROE -10.5%, deuda neta/EBITDA 3.9x. Técnicamente 🔵 RSI en sobreventa, 🟡 MACD convergiendo. Clasificación: entrada_escalada.",OK,
CPB,The Campbell's Company,SP500,1.0,script-v2.0,1.0,2026-10-08T14:40:52.077938+02:00,72.8,77.7,67.0,87.0,0.0,4.0,58.0,52.0,6.0,6977243.0,4.36,5.3,-0.3,8.02,57.2,-0.8987,False,12.3,9.1,True,22.14,-14.6,False,False,True,Sin señales de recuperación,pass,seguimiento,pendiente,0.0,desconocido,Pendiente de implementar,ausente,margin_stabilization (media): Margen gross 27.5% vs 28.0% (-0.5 pp) | dividend_maintained (baja): Dividendo actual 5.29% con caída del 41.0%,razonable,seguimiento,17.95,18.9,17.95 - 18.90,22.36,27.23,22.36 - 27.23,Pérdida del soporte en 17.95 | ROE negativo durante 2 trimestres consecutivos | Ampliación de capital dilutiva | Recorte de rating a bono basura,18-24,"The Campbell's Company está un 41.0% por debajo de su máximo 52s. Fundamentalmente sólida con ROE 10.1%, deuda neta/EBITDA 4.4x. Técnicamente 🔵 RSI en sobreventa, 🟢 Volumen creciente. Clasificación: seguimiento.","The Campbell's Company está un 41.0% por debajo de su máximo 52s. Fundamentalmente sólida con ROE 10.1%, deuda neta/EBITDA 4.4x. Técnicamente 🔵 RSI en sobreventa, 🟢 Volumen creciente. Clasificación: seguimiento.",OK,
BATS.L,BRITISH AMERICAN TOBACCO PLC OR,EUROSTOXX,1.0,script-v2.0,1.0,2026-10-08T14:40:01.432670+02:00,72.7,73.6,88.0,61.0,0.0,12.0,70.0,55.0,15.0,3447347.0,2.9,-0.0,,10.82,22.5,-80.9835,True,59.9,38.0,False,4385.73,-5.2,False,False,True,,pass,entrada_directa,pendiente,0.0,desconocido,Pendiente de implementar,confirmada,"eps_stabilization (media): EPS 3.49 vs 1.36 (annual_eps_fallback) | debt_reduction (alta): Deuda 35063.0M vs 35070.0M | dividend_maintained (baja): Dividendo actual 0.06% con caída del 22.6% | analyst_upgrade (media): Target 5153.85 vs precio 4157.00 (+24%), recMean 1.62, recKey buy",fuerte,entrada_directa,4122.46,4157.0,4122.46 - 4157.00,4376.23,4562.8,4376.23 - 4562.80,Pérdida del soporte en 4122.46 | ROE negativo durante 2 trimestres consecutivos | Ampliación de capital dilutiva | Recorte de rating a bono basura,6-12,"BRITISH AMERICAN TOBACCO PLC OR está un 22.6% por debajo de su máximo 52s. Fundamentalmente sólida con ROE 13.4%, deuda neta/EBITDA 2.9x. Técnicamente 🟢 Divergencia alcista RSI, 🟡 MACD convergiendo. Clasificación: entrada_directa.","BRITISH AMERICAN TOBACCO PLC OR está un 22.6% por debajo de su máximo 52s. Fundamentalmente sólida con ROE 13.4%, deuda neta/EBITDA 2.9x. Técnicamente 🟢 Divergencia alcista RSI, 🟡 MACD convergiendo. Clasificación: entrada_directa.",OK,
DTE.DE,DEUTSCHE TELEKOM AG           N,EUROSTOXX,1.0,script-v2.0,1.0,2026-10-08T14:39:03.436066+02:00,72.3,72.4,82.0,64.0,0.0,10.0,72.0,55.0,17.0,5683065.0,3.31,2.8,-16.2,7.03,20.2,-0.3091,False,63.4,50.3,False,28.45,-5.2,True,False,True,,pass,seguimiento,pendiente,0.0,desconocido,Pendiente de implementar,parcial,"margin_stabilization (media): Margen gross 63.2% vs 62.1% (+1.1 pp) | eps_stabilization (media): EPS 0.51 vs 0.42 (Diluted EPS) | dividend_maintained (baja): Dividendo actual 3.71% con caída del 21.5% | analyst_upgrade (media): Target 36.43 vs precio 26.97 (+35%), recMean 1.71, recKey buy",fuerte,seguimiento,26.96,26.97,26.96 - 26.97,28.36,29.21,28.36 - 29.21,Pérdida del soporte en 26.96 | ROE negativo durante 2 trimestres consecutivos | Ampliación de capital dilutiva | Recorte de rating a bono basura,6-12,"DEUTSCHE TELEKOM AG           N está un 21.5% por debajo de su máximo 52s. Fundamentalmente sólida con ROE 15.1%, deuda neta/EBITDA 3.3x. Técnicamente 🟢 Cruce alcista MACD, 🟢 Cerca de soporte. Clasificación: seguimiento.","DEUTSCHE TELEKOM AG           N está un 21.5% por debajo de su máximo 52s. Fundamentalmente sólida con ROE 15.1%, deuda neta/EBITDA 3.3x. Técnicamente 🟢 Cruce alcista MACD, 🟢 Cerca de soporte. Clasificación: seguimiento.",OK,
AD.AS,KONINKLIJKE AHOLD DELHAIZE N.V.,EUROSTOXX,1.0,script-v2.0,1.0,2026-10-08T14:39:35.126755+02:00,72.2,71.3,83.0,61.0,0.0,4.0,75.0,48.0,27.0,2558041.0,2.98,256.9,-0.0,8.15,22.2,-1.2816,True,69.6,55.7,False,35.38,-9.3,True,False,True,Sin señales de recuperación,pass,seguimiento,pendiente,0.0,desconocido,Pendiente de implementar,ausente,margin_stabilization (media): Margen gross 26.4% vs 26.8% (-0.4 pp) | dividend_maintained (baja): Dividendo actual 3.87% con caída del 24.6%,fuerte,seguimiento,30.96,31.81,30.96 - 31.81,35.31,36.16,35.31 - 36.16,Pérdida del soporte en 30.96 | ROE negativo durante 2 trimestres consecutivos | Ampliación de capital dilutiva | Recorte de rating a bono basura,6-12,"KONINKLIJKE AHOLD DELHAIZE N.V. está un 24.6% por debajo de su máximo 52s. Fundamentalmente sólida con ROE 15.7%, deuda neta/EBITDA 3.0x. Técnicamente 🟢 Divergencia alcista RSI, 🟢 Cerca de soporte. Clasificación: seguimiento.","KONINKLIJKE AHOLD DELHAIZE N.V. está un 24.6% por debajo de su máximo 52s. Fundamentalmente sólida con ROE 15.7%, deuda neta/EBITDA 3.0x. Técnicamente 🟢 Divergencia alcista RSI, 🟢 Cerca de soporte. Clasificación: seguimiento.",OK,
BN.PA,DANONE,EUROSTOXX,1.0,script-v2.0,1.0,2026-10-08T14:39:14.170830+02:00,72.2,73.7,87.0,62.0,0.0,4.0,68.0,68.0,0.0,1238060.0,2.01,20.9,,10.41,23.2,-2.1332,False,56.0,43.2,False,66.34,-10.3,False,False,True,Sin señales de recuperación,pass,seguimiento,pendiente,0.0,desconocido,Pendiente de implementar,ausente,"dividend_maintained (baja): Dividendo actual 3.78% con caída del 25.8% | analyst_upgrade (media): Target 78.93 vs precio 59.50 (+33%), recMean 2.18, recKey buy",razonable,seguimiento,57.26,59.5,57.26 - 59.50,66.7,68.12,66.70 - 68.12,Pérdida del soporte en 57.26 | ROE negativo durante 2 trimestres consecutivos | Ampliación de capital dilutiva | Recorte de rating a bono basura,12-18,"DANONE está un 25.8% por debajo de su máximo 52s. Fundamentalmente sólida con ROE 12.2%, deuda neta/EBITDA 2.0x. Técnicamente 🔵 RSI recuperándose de sobreventa, 🟢 Cruce alcista MACD. Clasificación: seguimiento.","DANONE está un 25.8% por debajo de su máximo 52s. Fundamentalmente sólida con ROE 12.2%, deuda neta/EBITDA 2.0x. Técnicamente 🔵 RSI recuperándose de sobreventa, 🟢 Cruce alcista MACD. Clasificación: seguimiento.",OK,
T,AT&T Inc.,SP500,1.0,script-v2.0,1.0,2026-10-08T14:40:08.679717+02:00,71.5,73.0,89.0,59.0,0.0,7.0,67.0,50.0,17.0,48318893.0,3.3,5.4,-0.1,7.43,14.9,0.1041,False,27.2,19.2,False,24.91,-1.8,True,False,True,,pass,seguimiento,pendiente,0.0,desconocido,Pendiente de implementar,parcial,margin_stabilization (media): Margen gross 61.8% vs 60.1% (+1.7 pp) | eps_stabilization (media): EPS 0.66 vs 0.54 (Diluted EPS) | dividend_maintained (baja): Dividendo actual 4.54% con caída del 16.9%,razonable,seguimiento,22.46,24.47,22.46 - 24.47,24.8,25.02,24.80 - 25.02,Pérdida del soporte en 22.46 | ROE negativo durante 2 trimestres consecutivos | Ampliación de capital dilutiva | Recorte de rating a bono basura,6-12,"AT&T Inc. está un 16.9% por debajo de su máximo 52s. Fundamentalmente sólida con ROE 18.3%, deuda neta/EBITDA 3.3x. Técnicamente 🔵 RSI recuperándose de sobreventa, 🟡 MACD convergiendo. Clasificación: seguimiento.","AT&T Inc. está un 16.9% por debajo de su máximo 52s. Fundamentalmente sólida con ROE 18.3%, deuda neta/EBITDA 3.3x. Técnicamente 🔵 RSI recuperándose de sobreventa, 🟡 MACD convergiendo. Clasificación: seguimiento.",OK,
VCX.AX,VICINITY STAPLED [VCX],ASX,1.0,script-v2.0,1.0,2026-10-08T14:41:15.694153+02:00,70.5,73.3,84.0,64.0,0.0,4.0,62.0,57.0,5.0,12280456.0,5.64,2.3,,18.18,13.3,-0.0339,False,55.6,53.7,False,2.44,-5.5,False,False,True,Sin señales de recuperación,pass,seguimiento,pendiente,0.0,desconocido,Pendiente de implementar,ausente,eps_stabilization (media): EPS 0.30 vs 0.22 (annual_eps_fallback) | dividend_maintained (baja): Dividendo actual 5.19% con caída del 15.4%,razonable,seguimiento,2.23,2.31,2.23 - 2.31,2.32,2.44,2.32 - 2.44,Pérdida del soporte en 2.23 | ROE negativo durante 2 trimestres consecutivos | Ampliación de capital dilutiva | Recorte de rating a bono basura,6-12,"VICINITY STAPLED [VCX] está un 15.4% por debajo de su máximo 52s. Fundamentalmente sólida con ROE 12.0%, deuda neta/EBITDA 5.6x. Técnicamente 🔵 RSI recuperándose de sobreventa, 🟢 Cerca de soporte. Clasificación: seguimiento.","VICINITY STAPLED [VCX] está un 15.4% por debajo de su máximo 52s. Fundamentalmente sólida con ROE 12.0%, deuda neta/EBITDA 5.6x. Técnicamente 🔵 RSI recuperándose de sobreventa, 🟢 Cerca de soporte. Clasificación: seguimiento.",OK,
PEP,"Pepsico, Inc.",SP500,1.0,script-v2.0,1.0,2026-10-08T14:40:05.567994+02:00,70.3,74.8,78.0,72.0,0.0,7.0,57.0,45.0,12.0,8232068.0,2.25,0.9,0.1,11.2,25.6,-4.7407,False,2.9,9.7,False,144.34,-14.3,True,False,True,,pass,seguimiento,pendiente,0.0,desconocido,Pendiente de implementar,parcial,"eps_stabilization (media): EPS 2.18 vs 1.70 (Diluted EPS) | dividend_maintained (baja): Dividendo actual 4.78% con caída del 27.8% | analyst_upgrade (media): Target 148.64 vs precio 123.73 (+20%), recMean 2.75, recKey hold",razonable,seguimiento,117.54,123.73,117.54 - 123.73,144.25,145.76,144.25 - 145.76,Pérdida del soporte en 117.54 | ROE negativo durante 2 trimestres consecutivos | Ampliación de capital dilutiva | Recorte de rating a bono basura,12-18,"Pepsico, Inc. está un 27.8% por debajo de su máximo 52s. Fundamentalmente sólida con ROE 51.5%, deuda neta/EBITDA 2.2x. Técnicamente 🔵 RSI en sobreventa, 🟢 base_pattern_detected. Clasificación: seguimiento.","Pepsico, Inc. está un 27.8% por debajo de su máximo 52s. Fundamentalmente sólida con ROE 51.5%, deuda neta/EBITDA 2.2x. Técnicamente 🔵 RSI en sobreventa, 🟢 base_pattern_detected. Clasificación: seguimiento.",OK,
UCB.BR,UCB,EUROSTOXX,1.0,script-v2.0,1.0,2026-10-08T14:39:43.796690+02:00,70.2,66.9,93.0,44.0,0.0,7.0,80.0,68.0,12.0,232286.0,0.9,59.8,,13.28,29.2,-10.5592,False,27.5,24.8,False,242.06,-15.8,True,False,True,,pass,seguimiento,pendiente,0.0,desconocido,Pendiente de implementar,parcial,"eps_stabilization (media): EPS 8.03 vs 1.76 (annual_eps_fallback) | dividend_maintained (baja): Dividendo actual 0.71% con caída del 29.6% | analyst_upgrade (media): Target 285.00 vs precio 203.80 (+40%), recMean 1.60, recKey buy",fuerte,seguimiento,201.62,203.8,201.62 - 203.80,242.54,246.07,242.54 - 246.07,Pérdida del soporte en 201.62 | ROE negativo durante 2 trimestres consecutivos | Ampliación de capital dilutiva | Recorte de rating a bono basura,12-18,"UCB está un 29.6% por debajo de su máximo 52s. Fundamentalmente sólida con ROE 20.6%, deuda neta/EBITDA 0.9x. Técnicamente 🔵 RSI recuperándose de sobreventa, 🟢 Divergencia alcista RSI. Clasificación: seguimiento.","UCB está un 29.6% por debajo de su máximo 52s. Fundamentalmente sólida con ROE 20.6%, deuda neta/EBITDA 0.9x. Técnicamente 🔵 RSI recuperándose de sobreventa, 🟢 Divergencia alcista RSI. Clasificación: seguimiento.",OK,
DUK,Duke Energy Corporation (Holdin,SP500,1.0,script-v2.0,1.0,2026-10-08T14:40:40.904833+02:00,70.1,63.5,88.0,42.0,0.0,4.0,90.0,73.0,17.0,4105507.0,5.51,1.1,0.6,11.11,12.6,-2.0536,False,55.2,43.5,False,122.86,-6.0,True,False,True,Sin señales de recuperación,pass,seguimiento,pendiente,0.0,desconocido,Pendiente de implementar,ausente,margin_stabilization (media): Margen gross 54.8% vs 48.8% (+6.0 pp) | dividend_maintained (baja): Dividendo actual 3.76% con caída del 14.1%,fuerte,seguimiento,112.4,115.5,112.40 - 115.50,114.32,122.38,114.32 - 122.38,Pérdida del soporte en 112.40 | ROE negativo durante 2 trimestres consecutivos | Ampliación de capital dilutiva | Recorte de rating a bono basura,6-12,"Duke Energy Corporation (Holdin está un 14.1% por debajo de su máximo 52s. Fundamentalmente sólida con ROE 9.9%, deuda neta/EBITDA 5.5x. Técnicamente 🔵 RSI recuperándose de sobreventa, 🟢 Cruce alcista MACD. Clasificación: seguimiento.","Duke Energy Corporation (Holdin está un 14.1% por debajo de su máximo 52s. Fundamentalmente sólida con ROE 9.9%, deuda neta/EBITDA 5.5x. Técnicamente 🔵 RSI recuperándose de sobreventa, 🟢 Cruce alcista MACD. Clasificación: seguimiento.",OK,
4568.T,DAIICHI SANKYO COMPANY LIMITED,ASIA,1.0,script-v2.0,1.0,2026-10-08T14:41:23.874168+02:00,70.1,75.1,97.0,56.0,0.0,4.0,55.0,38.0,17.0,6141315.0,-0.44,148.8,,15.37,45.1,-13.3166,False,10.6,16.3,False,2741.09,-3.2,True,False,True,Sin señales de recuperación,pass,seguimiento,pendiente,0.0,desconocido,Pendiente de implementar,ausente,"dividend_maintained (baja): Dividendo actual 3.77% con caída del 36.5% | analyst_upgrade (media): Target 4077.50 vs precio 2653.50 (+54%), recMean 1.50, recKey strong_buy",razonable,seguimiento,2640.69,2653.5,2640.69 - 2653.50,2791.26,3551.3,2791.26 - 3551.30,Pérdida del soporte en 2640.69 | ROE negativo durante 2 trimestres consecutivos | Ampliación de capital dilutiva | Recorte de rating a bono basura,12-18,"DAIICHI SANKYO COMPANY LIMITED está un 36.5% por debajo de su máximo 52s. Fundamentalmente sólida con ROE 14.8%, deuda neta/EBITDA -0.4x. Técnicamente 🟢 Cerca de soporte, 🟡 Apoyo en MA40 semanal. Clasificación: seguimiento.","DAIICHI SANKYO COMPANY LIMITED está un 36.5% por debajo de su máximo 52s. Fundamentalmente sólida con ROE 14.8%, deuda neta/EBITDA -0.4x. Técnicamente 🟢 Cerca de soporte, 🟡 Apoyo en MA40 semanal. Clasificación: seguimiento.",OK,
WY,Weyerhaeuser Company,SP500,1.0,script-v2.0,1.0,2026-10-08T14:40:54.744273+02:00,69.9,64.2,69.0,60.0,0.0,12.0,87.0,75.0,12.0,6083265.0,7.15,-0.0,0.2,26.61,41.0,-1.1138,False,9.1,7.8,False,23.69,-21.6,True,False,True,,pass,entrada_directa,pendiente,0.0,desconocido,Pendiente de implementar,confirmada,"eps_stabilization (media): EPS 0.23 vs 0.22 (Diluted EPS) | debt_reduction (alta): Deuda 5449.0M vs 5449.0M | dividend_maintained (baja): Dividendo actual 4.52% con caída del 33.1% | analyst_upgrade (media): Target 29.91 vs precio 18.57 (+61%), recMean 1.67, recKey buy",fuerte,entrada_directa,18.26,18.57,18.26 - 18.57,23.59,23.71,23.59 - 23.71,Pérdida del soporte en 18.26 | ROE negativo durante 2 trimestres consecutivos | Ampliación de capital dilutiva | Recorte de rating a bono basura,12-18,"Weyerhaeuser Company está un 33.1% por debajo de su máximo 52s. Fundamentalmente sólida con ROE 5.0%, deuda neta/EBITDA 7.2x. Técnicamente 🔵 RSI en sobreventa, 🟡 MACD convergiendo. Clasificación: entrada_directa.","Weyerhaeuser Company está un 33.1% por debajo de su máximo 52s. Fundamentalmente sólida con ROE 5.0%, deuda neta/EBITDA 7.2x. Técnicamente 🔵 RSI en sobreventa, 🟡 MACD convergiendo. Clasificación: entrada_directa.",OK,
HEIA.AS,HEINEKEN,EUROSTOXX,1.0,script-v2.0,1.0,2026-10-08T14:39:30.840321+02:00,69.9,73.2,94.0,55.0,0.0,7.0,60.0,55.0,5.0,744351.0,3.22,7.1,,10.67,11.8,0.2008,False,49.5,44.7,False,70.7,-0.2,False,False,True,,pass,seguimiento,pendiente,0.0,desconocido,Pendiente de implementar,parcial,"eps_stabilization (media): EPS 3.38 vs 1.74 (annual_eps_fallback) | dividend_maintained (baja): Dividendo actual 2.72% con caída del 12.3% | analyst_upgrade (media): Target 88.79 vs precio 70.58 (+26%), recMean 1.83, recKey buy",razonable,seguimiento,63.91,70.58,63.91 - 70.58,68.37,70.63,68.37 - 70.63,Pérdida del soporte en 63.91 | ROE negativo durante 2 trimestres consecutivos | Ampliación de capital dilutiva | Recorte de rating a bono basura,6-12,"HEINEKEN está un 12.3% por debajo de su máximo 52s. Fundamentalmente sólida con ROE 12.1%, deuda neta/EBITDA 3.2x. Técnicamente 🟢 Divergencia alcista RSI, 🟢 Cruce alcista MACD. Clasificación: seguimiento.","HEINEKEN está un 12.3% por debajo de su máximo 52s. Fundamentalmente sólida con ROE 12.1%, deuda neta/EBITDA 3.2x. Técnicamente 🟢 Divergencia alcista RSI, 🟢 Cruce alcista MACD. Clasificación: seguimiento.",OK,
GSK.L,GSK PLC ORD 31 1/4P,EUROSTOXX,1.0,script-v2.0,1.0,2026-10-08T14:39:52.911736+02:00,69.8,72.3,91.0,56.0,0.0,9.0,62.0,45.0,17.0,6612127.0,1.4,-4.0,0.7,7.99,23.0,-34.5873,False,9.6,17.4,False,1952.74,-10.0,True,False,True,,pass,seguimiento,pendiente,0.0,desconocido,Pendiente de implementar,parcial,"debt_reduction (alta): Deuda 18293.0M vs 19056.0M | dividend_maintained (baja): Dividendo actual 0.04% con caída del 23.0% | analyst_upgrade (media): Target 2172.91 vs precio 1757.50 (+24%), recMean 2.52, recKey hold",razonable,seguimiento,1669.62,1757.5,1669.62 - 1757.50,1939.7,1951.77,1939.70 - 1951.77,Pérdida del soporte en 1669.62 | ROE negativo durante 2 trimestres consecutivos | Ampliación de capital dilutiva | Recorte de rating a bono basura,6-12,"GSK PLC ORD 31 1/4P está un 23.0% por debajo de su máximo 52s. Fundamentalmente sólida con ROE 33.4%, deuda neta/EBITDA 1.4x. Técnicamente 🔵 RSI recuperándose de sobreventa, 🟢 Divergencia alcista RSI. Clasificación: seguimiento.","GSK PLC ORD 31 1/4P está un 23.0% por debajo de su máximo 52s. Fundamentalmente sólida con ROE 33.4%, deuda neta/EBITDA 1.4x. Técnicamente 🔵 RSI recuperándose de sobreventa, 🟢 Divergencia alcista RSI. Clasificación: seguimiento.",OK,
9020.T,EAST JAPAN RAILWAY CO,ASIA,1.0,script-v2.0,1.0,2026-10-08T14:41:30.099495+02:00,69.3,70.1,61.0,78.0,0.0,4.0,67.0,50.0,17.0,3100441.0,5.68,7.6,,10.06,18.6,-49.3534,False,29.8,17.5,False,3558.43,-5.9,True,False,True,Sin señales de recuperación,pass,seguimiento,pendiente,0.0,desconocido,Pendiente de implementar,ausente,"dividend_maintained (baja): Dividendo actual 2.51% con caída del 20.4% | analyst_upgrade (media): Target 4028.33 vs precio 3350.00 (+20%), recMean 2.33, recKey buy",razonable,seguimiento,3182.5,3350.0,3182.50 - 3350.00,3579.35,3592.67,3579.35 - 3592.67,Pérdida del soporte en 3182.50 | ROE negativo durante 2 trimestres consecutivos | Ampliación de capital dilutiva | Recorte de rating a bono basura,6-12,"EAST JAPAN RAILWAY CO está un 20.4% por debajo de su máximo 52s. Fundamentalmente sólida con ROE 7.9%, deuda neta/EBITDA 5.7x. Técnicamente 🔵 RSI recuperándose de sobreventa, 🟡 MACD convergiendo. Clasificación: seguimiento.","EAST JAPAN RAILWAY CO está un 20.4% por debajo de su máximo 52s. Fundamentalmente sólida con ROE 7.9%, deuda neta/EBITDA 5.7x. Técnicamente 🔵 RSI recuperándose de sobreventa, 🟡 MACD convergiendo. Clasificación: seguimiento.",OK,
FDX,FedEx Corporation,SP500,1.0,script-v2.0,1.0,2026-10-08T14:40:33.967565+02:00,69.3,71.1,86.0,58.0,0.0,10.0,64.0,59.0,5.0,1567629.0,2.48,2.2,5.6,8.26,15.7,2.0609,False,35.8,33.8,False,301.86,-4.2,False,False,True,,pass,seguimiento,pendiente,0.0,desconocido,Pendiente de implementar,parcial,"margin_stabilization (media): Margen gross 22.7% vs 21.3% (+1.3 pp) | eps_stabilization (media): EPS 6.60 vs 4.41 (Diluted EPS) | dividend_maintained (baja): Dividendo actual 1.69% con caída del 16.3% | analyst_upgrade (media): Target 355.50 vs precio 289.04 (+23%), recMean 1.79, recKey buy",razonable,seguimiento,274.59,289.04,274.59 - 289.04,293.56,297.92,293.56 - 297.92,Pérdida del soporte en 274.59 | ROE negativo durante 2 trimestres consecutivos | Ampliación de capital dilutiva | Recorte de rating a bono basura,6-12,"FedEx Corporation está un 16.3% por debajo de su máximo 52s. Fundamentalmente sólida con ROE 14.8%, deuda neta/EBITDA 2.5x. Técnicamente 🔵 RSI recuperándose de sobreventa, 🟢 Cruce alcista MACD. Clasificación: seguimiento.","FedEx Corporation está un 16.3% por debajo de su máximo 52s. Fundamentalmente sólida con ROE 14.8%, deuda neta/EBITDA 2.5x. Técnicamente 🔵 RSI recuperándose de sobreventa, 🟢 Cruce alcista MACD. Clasificación: seguimiento.",OK,
SAN.PA,SANOFI,EUROSTOXX,1.0,script-v2.0,1.0,2026-10-08T14:39:23.834316+02:00,69.0,69.6,76.0,64.0,0.0,7.0,67.0,50.0,17.0,2017810.0,1.27,17.8,0.7,7.65,29.0,-1.1222,False,29.7,27.3,False,75.4,-5.3,True,False,True,,pass,seguimiento,pendiente,0.0,desconocido,Pendiente de implementar,parcial,"margin_stabilization (media): Margen gross 75.5% vs 72.1% (+3.4 pp) | dividend_maintained (baja): Dividendo actual 5.77% con caída del 21.7% | analyst_upgrade (media): Target 94.06 vs precio 71.40 (+32%), recMean 2.12, recKey buy",razonable,seguimiento,67.83,71.4,67.83 - 71.40,75.44,77.48,75.44 - 77.48,Pérdida del soporte en 67.83 | ROE negativo durante 2 trimestres consecutivos | Ampliación de capital dilutiva | Recorte de rating a bono basura,6-12,"SANOFI está un 21.7% por debajo de su máximo 52s. Fundamentalmente sólida con ROE 5.7%, deuda neta/EBITDA 1.3x. Técnicamente 🔵 RSI recuperándose de sobreventa, 🟡 MACD convergiendo. Clasificación: seguimiento.","SANOFI está un 21.7% por debajo de su máximo 52s. Fundamentalmente sólida con ROE 5.7%, deuda neta/EBITDA 1.3x. Técnicamente 🔵 RSI recuperándose de sobreventa, 🟡 MACD convergiendo. Clasificación: seguimiento.",OK,
ADS.DE,adidas AG                     N,EUROSTOXX,1.0,script-v2.0,1.0,2026-10-08T14:39:08.209257+02:00,68.8,74.1,97.0,54.0,0.0,7.0,53.0,48.0,5.0,672707.0,1.66,0.4,0.0,11.45,42.9,-3.8167,False,77.9,74.7,False,153.47,-4.6,False,False,True,,pass,seguimiento,pendiente,0.0,desconocido,Pendiente de implementar,parcial,"margin_stabilization (media): Margen gross 52.5% vs 51.1% (+1.4 pp) | dividend_maintained (baja): Dividendo actual 1.91% con caída del 25.4% | analyst_upgrade (media): Target 196.08 vs precio 146.45 (+34%), recMean 1.77, recKey buy",razonable,seguimiento,139.61,146.45,139.61 - 146.45,154.02,166.94,154.02 - 166.94,Pérdida del soporte en 139.61 | ROE negativo durante 2 trimestres consecutivos | Ampliación de capital dilutiva | Recorte de rating a bono basura,12-18,"adidas AG                     N está un 25.4% por debajo de su máximo 52s. Fundamentalmente sólida con ROE 24.3%, deuda neta/EBITDA 1.7x. Técnicamente 🟢 Divergencia alcista RSI, 🟢 Cerca de soporte. Clasificación: seguimiento.","adidas AG                     N está un 25.4% por debajo de su máximo 52s. Fundamentalmente sólida con ROE 24.3%, deuda neta/EBITDA 1.7x. Técnicamente 🟢 Divergencia alcista RSI, 🟢 Cerca de soporte. Clasificación: seguimiento.",OK,
HD,"Home Depot, Inc. (The)",SP500,1.0,script-v2.0,1.0,2026-10-08T14:40:27.240175+02:00,68.3,62.8,74.0,53.0,0.0,10.0,85.0,73.0,12.0,4217178.0,2.48,0.0,-0.4,14.05,31.5,-12.1492,False,29.6,23.4,False,333.06,-14.2,True,False,True,,pass,seguimiento,pendiente,0.0,desconocido,Pendiente de implementar,parcial,"margin_stabilization (media): Margen gross 33.7% vs 33.0% (+0.7 pp) | eps_stabilization (media): EPS 4.79 vs 3.30 (Diluted EPS) | dividend_maintained (baja): Dividendo actual 3.26% con caída del 28.1% | analyst_upgrade (media): Target 378.34 vs precio 285.77 (+32%), recMean 1.89, recKey buy",fuerte,seguimiento,281.0,285.77,281.00 - 285.77,333.67,337.99,333.67 - 337.99,Pérdida del soporte en 281.00 | ROE negativo durante 2 trimestres consecutivos | Ampliación de capital dilutiva | Recorte de rating a bono basura,12-18,"Home Depot, Inc. (The) está un 28.1% por debajo de su máximo 52s. Fundamentalmente sólida con ROE 104.3%, deuda neta/EBITDA 2.5x. Técnicamente 🔵 RSI en sobreventa, 🟢 Cruce alcista MACD. Clasificación: seguimiento.","Home Depot, Inc. (The) está un 28.1% por debajo de su máximo 52s. Fundamentalmente sólida con ROE 104.3%, deuda neta/EBITDA 2.5x. Técnicamente 🔵 RSI en sobreventa, 🟢 Cruce alcista MACD. Clasificación: seguimiento.",OK,
VOW3.DE,VOLKSWAGEN AG                 V,EUROSTOXX,1.0,script-v2.0,1.0,2026-10-08T14:39:06.433220+02:00,68.3,62.7,51.0,73.0,0.0,10.0,85.0,73.0,12.0,1073991.0,11.1,43.9,-2.5,13.68,34.3,-3.4205,False,1.7,11.4,False,82.02,-18.1,True,False,True,,pass,seguimiento,pendiente,0.0,desconocido,Pendiente de implementar,parcial,"margin_stabilization (media): Margen gross 15.1% vs 15.5% (-0.4 pp) | eps_stabilization (media): EPS 2.56 vs 2.55 (Diluted EPS) | dividend_maintained (baja): Dividendo actual 7.83% con caída del 38.5% | analyst_upgrade (media): Target 105.24 vs precio 67.18 (+57%), recMean 2.12, recKey buy",fuerte,seguimiento,67.02,67.18,67.02 - 67.18,82.55,92.78,82.55 - 92.78,Pérdida del soporte en 67.02 | ROE negativo durante 2 trimestres consecutivos | Ampliación de capital dilutiva | Recorte de rating a bono basura,12-18,"VOLKSWAGEN AG                 V está un 38.5% por debajo de su máximo 52s. Fundamentalmente sólida con ROE 2.8%, deuda neta/EBITDA 11.1x. Técnicamente 🔵 RSI en sobreventa, 🟢 Divergencia alcista RSI. Clasificación: seguimiento.","VOLKSWAGEN AG                 V está un 38.5% por debajo de su máximo 52s. Fundamentalmente sólida con ROE 2.8%, deuda neta/EBITDA 11.1x. Técnicamente 🔵 RSI en sobreventa, 🟢 Divergencia alcista RSI. Clasificación: seguimiento.",OK,
ED,"Consolidated Edison, Inc.",SP500,1.0,script-v2.0,1.0,2026-10-08T14:40:16.989623+02:00,68.3,65.8,93.0,42.0,0.0,1.0,76.0,59.0,17.0,2207465.0,4.36,4.2,0.2,10.64,8.5,-0.4563,False,57.4,48.0,False,107.32,-2.5,True,False,True,Sin señales de recuperación,pass,seguimiento,pendiente,0.0,desconocido,Pendiente de implementar,ausente,dividend_maintained (baja): Dividendo actual 3.35% con caída del 10.0%,fuerte,seguimiento,99.41,104.64,99.41 - 104.64,98.8,106.65,98.80 - 106.65,Pérdida del soporte en 99.41 | ROE negativo durante 2 trimestres consecutivos | Ampliación de capital dilutiva | Recorte de rating a bono basura,6-12,"Consolidated Edison, Inc. está un 10.0% por debajo de su máximo 52s. Fundamentalmente sólida con ROE 9.0%, deuda neta/EBITDA 4.4x. Técnicamente 🟢 Divergencia alcista RSI, 🟢 Cruce alcista MACD. Clasificación: seguimiento.","Consolidated Edison, Inc. está un 10.0% por debajo de su máximo 52s. Fundamentalmente sólida con ROE 9.0%, deuda neta/EBITDA 4.4x. Técnicamente 🟢 Divergencia alcista RSI, 🟢 Cruce alcista MACD. Clasificación: seguimiento.",OK,
MGR.AX,MIRVAC GRP STAPLED [MGR],ASX,1.0,script-v2.0,1.0,2026-10-08T14:41:14.965798+02:00,68.2,71.9,82.0,63.0,0.0,9.0,57.0,24.0,33.0,13083741.0,4.12,-13.4,,12.26,22.4,-0.0048,True,73.8,65.0,False,1.78,2.2,True,True,True,,pass,seguimiento,pendiente,0.0,desconocido,Pendiente de implementar,parcial,eps_stabilization (media): EPS 0.02 vs -0.20 (annual_eps_fallback) | debt_reduction (alta): Deuda 3934.0M vs 4544.0M | dividend_maintained (baja): Dividendo actual 5.51% con caída del 26.2%,razonable,seguimiento,1.69,1.8,1.69 - 1.80,1.79,2.09,1.79 - 2.09,Pérdida del soporte en 1.69 | ROE negativo durante 2 trimestres consecutivos | Ampliación de capital dilutiva | Recorte de rating a bono basura,12-18,"MIRVAC GRP STAPLED [MGR] está un 26.2% por debajo de su máximo 52s. Fundamentalmente sólida con ROE 7.4%, deuda neta/EBITDA 4.1x. Técnicamente 🟢 MACD semanal girando al alza, 🟡 Apoyo en MA40 semanal. Clasificación: seguimiento.","MIRVAC GRP STAPLED [MGR] está un 26.2% por debajo de su máximo 52s. Fundamentalmente sólida con ROE 7.4%, deuda neta/EBITDA 4.1x. Técnicamente 🟢 MACD semanal girando al alza, 🟡 Apoyo en MA40 semanal. Clasificación: seguimiento.",OK,
GLE.PA,SOCIETE GENERALE,EUROSTOXX,1.0,script-v2.0,1.0,2026-10-08T14:39:18.891318+02:00,68.1,70.1,68.0,72.0,0.0,7.0,62.0,50.0,12.0,1836562.0,,117.1,,,25.1,0.1198,False,6.0,14.0,False,70.43,-10.8,True,False,True,,pass,seguimiento,pendiente,0.0,desconocido,Pendiente de implementar,parcial,"eps_stabilization (media): EPS 2.05 vs 1.88 (Diluted EPS) | dividend_maintained (baja): Dividendo actual 2.79% con caída del 25.9% | analyst_upgrade (media): Target 89.39 vs precio 62.81 (+42%), recMean 1.90, recKey buy",razonable,seguimiento,59.67,62.81,59.67 - 62.81,70.79,72.1,70.79 - 72.10,Pérdida del soporte en 59.67 | ROE negativo durante 2 trimestres consecutivos | Ampliación de capital dilutiva | Recorte de rating a bono basura,12-18,"SOCIETE GENERALE está un 25.9% por debajo de su máximo 52s. Fundamentalmente sólida con ROE 9.5%, dividendo 2.8%. Técnicamente 🔵 RSI en sobreventa, 🟢 Divergencia alcista RSI. Clasificación: seguimiento.","SOCIETE GENERALE está un 25.9% por debajo de su máximo 52s. Fundamentalmente sólida con ROE 9.5%, dividendo 2.8%. Técnicamente 🔵 RSI en sobreventa, 🟢 Divergencia alcista RSI. Clasificación: seguimiento.",OK,
UPS,"United Parcel Service, Inc.",SP500,1.0,script-v2.0,1.0,2026-10-08T14:40:32.647727+02:00,67.8,72.0,88.0,58.0,0.0,4.0,55.0,55.0,0.0,4890354.0,1.99,0.0,5.9,8.49,27.9,-1.6819,False,8.6,13.3,False,102.71,-10.1,False,False,True,Sin señales de recuperación,pass,seguimiento,pendiente,0.0,desconocido,Pendiente de implementar,ausente,"dividend_maintained (baja): Dividendo actual 7.11% con caída del 24.6% | analyst_upgrade (media): Target 114.27 vs precio 92.29 (+24%), recMean 2.17, recKey buy",razonable,seguimiento,87.68,92.29,87.68 - 92.29,102.38,104.05,102.38 - 104.05,Pérdida del soporte en 87.68 | ROE negativo durante 2 trimestres consecutivos | Ampliación de capital dilutiva | Recorte de rating a bono basura,6-12,"United Parcel Service, Inc. está un 24.6% por debajo de su máximo 52s. Fundamentalmente sólida con ROE 29.6%, deuda neta/EBITDA 2.0x. Técnicamente 🔵 RSI en sobreventa, 🟡 MACD convergiendo. Clasificación: seguimiento.","United Parcel Service, Inc. está un 24.6% por debajo de su máximo 52s. Fundamentalmente sólida con ROE 29.6%, deuda neta/EBITDA 2.0x. Técnicamente 🔵 RSI en sobreventa, 🟡 MACD convergiendo. Clasificación: seguimiento.",OK,
Z74.SI,Singtel,ASIA,1.0,script-v2.0,1.0,2026-10-08T14:41:49.197087+02:00,67.6,67.8,87.0,51.0,0.0,7.0,67.0,50.0,17.0,25507695.0,2.32,2.5,,22.83,17.7,-0.0424,False,23.5,30.4,False,4.51,-6.0,True,False,True,,pass,seguimiento,pendiente,0.0,desconocido,Pendiente de implementar,parcial,"eps_stabilization (media): EPS 0.34 vs 0.24 (annual_eps_fallback) | dividend_maintained (baja): Dividendo actual 3.07% con caída del 19.5% | analyst_upgrade (media): Target 5.31 vs precio 4.24 (+25%), recMean 1.53, recKey buy",razonable,seguimiento,4.03,4.24,4.03 - 4.24,4.48,4.52,4.48 - 4.52,Pérdida del soporte en 4.03 | ROE negativo durante 2 trimestres consecutivos | Ampliación de capital dilutiva | Recorte de rating a bono basura,6-12,"Singtel está un 19.5% por debajo de su máximo 52s. Fundamentalmente sólida con deuda neta/EBITDA 2.3x, dividendo 3.1%. Técnicamente 🔵 RSI recuperándose de sobreventa, 🟡 MACD convergiendo. Clasificación: seguimiento.","Singtel está un 19.5% por debajo de su máximo 52s. Fundamentalmente sólida con deuda neta/EBITDA 2.3x, dividendo 3.1%. Técnicamente 🔵 RSI recuperándose de sobreventa, 🟡 MACD convergiendo. Clasificación: seguimiento.",OK,
BAC,Bank of America Corporation,SP500,1.0,script-v2.0,1.0,2026-10-08T14:40:22.088687+02:00,67.5,67.1,74.0,61.0,0.0,7.0,69.0,64.0,5.0,33380068.0,,115.6,,,17.5,0.9646,False,11.7,16.7,False,54.74,-2.2,False,False,True,,pass,seguimiento,pendiente,0.0,desconocido,Pendiente de implementar,parcial,"eps_stabilization (media): EPS 1.21 vs 1.11 (Diluted EPS) | dividend_maintained (baja): Dividendo actual 2.39% con caída del 18.0% | analyst_upgrade (media): Target 67.00 vs precio 53.52 (+25%), recMean 1.56, recKey buy",razonable,seguimiento,50.91,53.52,50.91 - 53.52,54.82,55.45,54.82 - 55.45,Pérdida del soporte en 50.91 | ROE negativo durante 2 trimestres consecutivos | Ampliación de capital dilutiva | Recorte de rating a bono basura,6-12,"Bank of America Corporation está un 18.0% por debajo de su máximo 52s. Fundamentalmente sólida con ROE 11.2%, dividendo 2.4%. Técnicamente 🔵 RSI en sobreventa, 🟡 MACD convergiendo. Clasificación: seguimiento.","Bank of America Corporation está un 18.0% por debajo de su máximo 52s. Fundamentalmente sólida con ROE 11.2%, dividendo 2.4%. Técnicamente 🔵 RSI en sobreventa, 🟡 MACD convergiendo. Clasificación: seguimiento.",OK,
005380.KS,HyundaiMtr,ASIA,1.0,script-v2.0,1.0,2026-10-08T14:41:46.264343+02:00,67.2,67.3,63.0,71.0,0.0,10.0,67.0,55.0,12.0,647382.0,7.79,3.3,0.0,15.49,58.3,-38467.269,False,0.0,5.6,False,486916.51,-33.4,True,False,True,,pass,seguimiento,pendiente,0.0,desconocido,Pendiente de implementar,parcial,"margin_stabilization (media): Margen gross 17.8% vs 17.5% (+0.3 pp) | eps_stabilization (media): EPS 9621.00 vs 8897.00 (Diluted EPS) | dividend_maintained (baja): Dividendo actual 3.08% con caída del 58.6% | analyst_upgrade (media): Target 630504.00 vs precio 324500.00 (+94%), recMean 1.66, recKey buy",razonable,seguimiento,308275.0,324500.0,308275.00 - 324500.00,469581.09,665550.0,469581.09 - 665550.00,Pérdida del soporte en 308275.00 | ROE negativo durante 2 trimestres consecutivos | Ampliación de capital dilutiva | Recorte de rating a bono basura,18-24,"HyundaiMtr está un 58.6% por debajo de su máximo 52s. Fundamentalmente sólida con ROE 7.2%, deuda neta/EBITDA 7.8x. Técnicamente 🔵 RSI en sobreventa, 🟢 Divergencia alcista RSI. Clasificación: seguimiento.","HyundaiMtr está un 58.6% por debajo de su máximo 52s. Fundamentalmente sólida con ROE 7.2%, deuda neta/EBITDA 7.8x. Técnicamente 🔵 RSI en sobreventa, 🟢 Divergencia alcista RSI. Clasificación: seguimiento.",OK,
8002.T,MARUBENI CORP,ASIA,1.0,script-v2.0,1.0,2026-10-08T14:41:33.860144+02:00,66.8,68.3,95.0,45.0,0.0,4.0,62.0,45.0,17.0,4669098.0,3.96,0.5,,19.27,23.9,-57.9859,False,23.1,30.1,False,5199.67,-9.4,True,False,True,Sin señales de recuperación,pass,seguimiento,pendiente,0.0,desconocido,Pendiente de implementar,ausente,"dividend_maintained (baja): Dividendo actual 2.44% con caída del 25.6% | analyst_upgrade (media): Target 5993.64 vs precio 4710.00 (+27%), recKey none",razonable,seguimiento,4474.5,4710.0,4474.50 - 4710.00,5126.48,5378.8,5126.48 - 5378.80,Pérdida del soporte en 4474.50 | ROE negativo durante 2 trimestres consecutivos | Ampliación de capital dilutiva | Recorte de rating a bono basura,12-18,"MARUBENI CORP está un 25.6% por debajo de su máximo 52s. Fundamentalmente sólida con ROE 14.2%, deuda neta/EBITDA 4.0x. Técnicamente 🔵 RSI recuperándose de sobreventa, 🟢 Divergencia alcista RSI. Clasificación: seguimiento.","MARUBENI CORP está un 25.6% por debajo de su máximo 52s. Fundamentalmente sólida con ROE 14.2%, deuda neta/EBITDA 4.0x. Técnicamente 🔵 RSI recuperándose de sobreventa, 🟢 Divergencia alcista RSI. Clasificación: seguimiento.",OK,
WFC,Wells Fargo & Company,SP500,1.0,script-v2.0,1.0,2026-10-08T14:40:23.435199+02:00,66.8,70.7,76.0,66.0,0.0,7.0,55.0,50.0,5.0,14258909.0,,121.3,,,16.5,0.3671,False,24.7,29.8,False,83.25,-3.6,False,False,True,,pass,seguimiento,pendiente,0.0,desconocido,Pendiente de implementar,parcial,"eps_stabilization (media): EPS 2.00 vs 1.60 (Diluted EPS) | dividend_maintained (baja): Dividendo actual 2.49% con caída del 17.9% | analyst_upgrade (media): Target 99.02 vs precio 80.26 (+23%), recMean 1.78, recKey buy",razonable,seguimiento,74.75,80.26,74.75 - 80.26,83.1,83.9,83.10 - 83.90,Pérdida del soporte en 74.75 | ROE negativo durante 2 trimestres consecutivos | Ampliación de capital dilutiva | Recorte de rating a bono basura,6-12,"Wells Fargo & Company está un 17.9% por debajo de su máximo 52s. Fundamentalmente sólida con ROE 12.6%, dividendo 2.5%. Técnicamente 🔵 RSI recuperándose de sobreventa, 🟡 MACD convergiendo. Clasificación: seguimiento.","Wells Fargo & Company está un 17.9% por debajo de su máximo 52s. Fundamentalmente sólida con ROE 12.6%, dividendo 2.5%. Técnicamente 🔵 RSI recuperándose de sobreventa, 🟡 MACD convergiendo. Clasificación: seguimiento.",OK,
GS,"Goldman Sachs Group, Inc. (The)",SP500,1.0,script-v2.0,1.0,2026-10-08T14:40:24.687688+02:00,66.7,64.9,82.0,50.0,0.0,7.0,72.0,55.0,17.0,2008320.0,,106.4,,,22.7,2.2004,False,18.8,16.5,False,952.28,-6.8,True,False,True,,pass,seguimiento,pendiente,0.0,desconocido,Pendiente de implementar,parcial,"eps_stabilization (media): EPS 20.98 vs 17.55 (Diluted EPS) | dividend_maintained (baja): Dividendo actual 2.25% con caída del 23.1% | analyst_upgrade (media): Target 1078.10 vs precio 887.21 (+22%), recMean 2.54, recKey hold",fuerte,seguimiento,842.85,887.21,842.85 - 887.21,952.58,980.89,952.58 - 980.89,Pérdida del soporte en 842.85 | ROE negativo durante 2 trimestres consecutivos | Ampliación de capital dilutiva | Recorte de rating a bono basura,6-12,"Goldman Sachs Group, Inc. (The) está un 23.1% por debajo de su máximo 52s. Fundamentalmente sólida con ROE 16.9%, D/E 7.25. Técnicamente 🔵 RSI en sobreventa, 🟡 MACD convergiendo. Clasificación: seguimiento.","Goldman Sachs Group, Inc. (The) está un 23.1% por debajo de su máximo 52s. Fundamentalmente sólida con ROE 16.9%, D/E 7.25. Técnicamente 🔵 RSI en sobreventa, 🟡 MACD convergiendo. Clasificación: seguimiento.",OK,
MS,Morgan Stanley,SP500,1.0,script-v2.0,1.0,2026-10-08T14:40:24.953011+02:00,66.5,61.7,82.0,44.0,0.0,4.0,81.0,64.0,17.0,5153185.0,,54.1,,,17.9,2.9103,False,29.8,31.7,False,193.35,-1.9,True,False,True,Sin señales de recuperación,pass,seguimiento,pendiente,0.0,desconocido,Pendiente de implementar,ausente,eps_stabilization (media): EPS 3.46 vs 3.43 (Diluted EPS) | dividend_maintained (baja): Dividendo actual 2.42% con caída del 18.3%,fuerte,seguimiento,184.79,189.71,184.79 - 189.71,192.77,197.41,192.77 - 197.41,Pérdida del soporte en 184.79 | ROE negativo durante 2 trimestres consecutivos | Ampliación de capital dilutiva | Recorte de rating a bono basura,6-12,"Morgan Stanley está un 18.3% por debajo de su máximo 52s. Fundamentalmente sólida con ROE 18.0%, D/E 5.17. Técnicamente 🔵 RSI en sobreventa, 🟡 MACD convergiendo. Clasificación: seguimiento.","Morgan Stanley está un 18.3% por debajo de su máximo 52s. Fundamentalmente sólida con ROE 18.0%, D/E 5.17. Técnicamente 🔵 RSI en sobreventa, 🟡 MACD convergiendo. Clasificación: seguimiento.",OK,
WMT,Walmart Inc.,SP500,1.0,script-v2.0,1.0,2026-10-08T14:40:28.014448+02:00,66.4,58.2,95.0,26.0,0.0,7.0,91.0,64.0,27.0,23626115.0,1.44,1.2,-0.4,21.06,19.8,-3.2235,True,60.8,43.6,False,117.79,-8.2,True,False,False,,pass,descarte,pendiente,0.0,desconocido,Pendiente de implementar,parcial,margin_stabilization (media): Margen gross 26.1% vs 25.1% (+1.0 pp) | eps_stabilization (media): EPS 0.80 vs 0.67 (Diluted EPS) | dividend_maintained (baja): Dividendo actual 0.92% con caída del 20.0%,fuerte,descarte,107.68,108.16,107.68 - 108.16,114.89,117.77,114.89 - 117.77,Pérdida del soporte en 107.68 | ROE negativo durante 2 trimestres consecutivos | Ampliación de capital dilutiva | Recorte de rating a bono basura,6-12,"Walmart Inc. está un 20.0% por debajo de su máximo 52s. Fundamentalmente aceptable con ROE 22.3%, deuda neta/EBITDA 1.4x. Técnicamente 🟢 Divergencia alcista RSI, 🟢 Cruce alcista MACD. Clasificación: descarte.","Walmart Inc. está un 20.0% por debajo de su máximo 52s. Fundamentalmente aceptable con ROE 22.3%, deuda neta/EBITDA 1.4x. Técnicamente 🟢 Divergencia alcista RSI, 🟢 Cruce alcista MACD. Clasificación: descarte.",OK,
RNO.PA,RENAULT,EUROSTOXX,1.0,script-v2.0,1.0,2026-10-08T14:39:29.312581+02:00,66.2,64.3,35.0,90.0,0.0,4.0,72.0,55.0,17.0,1435478.0,8.23,5.0,,9.72,44.6,-0.5975,False,51.3,45.5,False,28.01,-6.7,True,False,True,Sin señales de recuperación,pass,seguimiento,pendiente,0.0,desconocido,Pendiente de implementar,ausente,"dividend_maintained (baja): Dividendo actual 8.42% con caída del 31.2% | analyst_upgrade (media): Target 39.48 vs precio 26.14 (+51%), recMean 2.28, recKey buy",fuerte,seguimiento,24.83,26.14,24.83 - 26.14,28.16,32.27,28.16 - 32.27,Pérdida del soporte en 24.83 | ROE negativo durante 2 trimestres consecutivos | Ampliación de capital dilutiva | Recorte de rating a bono basura,12-18,"RENAULT está un 31.2% por debajo de su máximo 52s. Fundamentalmente sólida con ROE 5.0%, deuda neta/EBITDA 8.2x. Técnicamente 🔵 RSI recuperándose de sobreventa, 🟡 MACD convergiendo. Clasificación: seguimiento.","RENAULT está un 31.2% por debajo de su máximo 52s. Fundamentalmente sólida con ROE 5.0%, deuda neta/EBITDA 8.2x. Técnicamente 🔵 RSI recuperándose de sobreventa, 🟡 MACD convergiendo. Clasificación: seguimiento.",OK,
AMC.AX,AMCOR PLC CDI 1:1 [AMC],ASX,1.0,script-v2.0,1.0,2026-10-08T14:41:10.073533+02:00,65.4,70.5,78.0,64.0,0.0,15.0,50.0,45.0,5.0,630940.0,3.97,-9.4,0.0,11.79,21.5,0.5279,False,24.7,36.6,False,59.48,-0.2,False,False,True,,pass,entrada_escalada,pendiente,0.0,desconocido,Pendiente de implementar,confirmada,"margin_stabilization (media): Margen gross 20.9% vs 20.1% (+0.8 pp) | eps_stabilization (media): EPS 0.83 vs 0.60 (Diluted EPS) | debt_reduction (alta): Deuda 15140.0M vs 16706.0M | dividend_maintained (baja): Dividendo actual 6.20% con caída del 16.5% | analyst_upgrade (media): Target 72.01 vs precio 59.38 (+21%), recMean 2.13, recKey buy",razonable,entrada_escalada,56.97,59.38,56.97 - 59.38,59.57,60.43,59.57 - 60.43,Pérdida del soporte en 56.97 | ROE negativo durante 2 trimestres consecutivos | Ampliación de capital dilutiva | Recorte de rating a bono basura,6-12,"AMCOR PLC CDI 1:1 [AMC] está un 16.5% por debajo de su máximo 52s. Fundamentalmente sólida con ROE 9.4%, deuda neta/EBITDA 4.0x. Técnicamente 🟢 Cerca de soporte, 🟡 Apoyo en MA40 semanal. Clasificación: entrada_escalada.","AMCOR PLC CDI 1:1 [AMC] está un 16.5% por debajo de su máximo 52s. Fundamentalmente sólida con ROE 9.4%, deuda neta/EBITDA 4.0x. Técnicamente 🟢 Cerca de soporte, 🟡 Apoyo en MA40 semanal. Clasificación: entrada_escalada.",OK,
C6L.SI,SIA,ASIA,1.0,script-v2.0,1.0,2026-10-08T14:41:50.568845+02:00,65.1,65.5,74.0,58.0,0.0,1.0,64.0,59.0,5.0,6272243.0,0.09,0.0,4.7,5.04,17.0,-0.0541,False,27.3,52.9,False,6.84,-4.0,False,False,True,Sin señales de recuperación,pass,seguimiento,pendiente,0.0,desconocido,Pendiente de implementar,ausente,dividend_maintained (baja): Dividendo actual 6.70% con caída del 17.0%,razonable,seguimiento,6.25,6.57,6.25 - 6.57,6.73,6.83,6.73 - 6.83,Pérdida del soporte en 6.25 | ROE negativo durante 2 trimestres consecutivos | Ampliación de capital dilutiva | Recorte de rating a bono basura,6-12,"SIA está un 17.0% por debajo de su máximo 52s. Fundamentalmente sólida con ROE 7.2%, deuda neta/EBITDA 0.1x. Técnicamente 🟢 Divergencia alcista RSI, 🟢 Cerca de soporte. Clasificación: seguimiento.","SIA está un 17.0% por debajo de su máximo 52s. Fundamentalmente sólida con ROE 7.2%, deuda neta/EBITDA 0.1x. Técnicamente 🟢 Divergencia alcista RSI, 🟢 Cerca de soporte. Clasificación: seguimiento.",OK,
VIE.PA,VEOLIA ENVIRON.,EUROSTOXX,1.0,script-v2.0,1.0,2026-10-08T14:39:26.294678+02:00,65.0,63.1,62.0,64.0,0.0,4.0,71.0,66.0,5.0,1571183.0,4.21,67.3,,8.57,18.1,-0.501,False,44.9,47.1,False,33.13,-6.9,False,False,True,Sin señales de recuperación,pass,seguimiento,pendiente,0.0,desconocido,Pendiente de implementar,ausente,"dividend_maintained (baja): Dividendo actual 4.86% con caída del 18.1% | analyst_upgrade (media): Target 38.67 vs precio 30.85 (+25%), recMean 1.72, recKey buy",fuerte,seguimiento,30.06,30.85,30.06 - 30.85,32.01,33.01,32.01 - 33.01,Pérdida del soporte en 30.06 | ROE negativo durante 2 trimestres consecutivos | Ampliación de capital dilutiva | Recorte de rating a bono basura,6-12,"VEOLIA ENVIRON. está un 18.1% por debajo de su máximo 52s. Fundamentalmente sólida con ROE 13.4%, deuda neta/EBITDA 4.2x. Técnicamente 🔵 RSI recuperándose de sobreventa, 🟢 Divergencia alcista RSI. Clasificación: seguimiento.","VEOLIA ENVIRON. está un 18.1% por debajo de su máximo 52s. Fundamentalmente sólida con ROE 13.4%, deuda neta/EBITDA 4.2x. Técnicamente 🔵 RSI recuperándose de sobreventa, 🟢 Divergencia alcista RSI. Clasificación: seguimiento.",OK,
0388.HK,HKEX,ASIA,1.0,script-v2.0,1.0,2026-10-08T14:41:40.392734+02:00,64.5,66.7,96.0,41.0,0.0,10.0,58.0,41.0,17.0,3516945.0,-6.9,8.0,15.4,12.95,15.7,-2.4418,False,8.2,20.5,False,395.34,-5.1,True,False,True,,pass,seguimiento,pendiente,0.0,desconocido,Pendiente de implementar,parcial,"margin_stabilization (media): Margen gross 85.3% vs 80.1% (+5.2 pp) | eps_stabilization (media): EPS 4.09 vs 3.22 (Diluted EPS) | dividend_maintained (baja): Dividendo actual 3.96% con caída del 18.5% | analyst_upgrade (media): Target 516.80 vs precio 375.00 (+38%), recMean 1.47, recKey strong_buy",razonable,seguimiento,356.25,375.0,356.25 - 375.00,391.17,396.93,391.17 - 396.93,Pérdida del soporte en 356.25 | ROE negativo durante 2 trimestres consecutivos | Ampliación de capital dilutiva | Recorte de rating a bono basura,6-12,"HKEX está un 18.5% por debajo de su máximo 52s. Fundamentalmente sólida con ROE 33.6%, deuda neta/EBITDA -6.9x. Técnicamente 🔵 RSI en sobreventa, 🟡 Apoyo en MA40 semanal. Clasificación: seguimiento.","HKEX está un 18.5% por debajo de su máximo 52s. Fundamentalmente sólida con ROE 33.6%, deuda neta/EBITDA -6.9x. Técnicamente 🔵 RSI en sobreventa, 🟡 Apoyo en MA40 semanal. Clasificación: seguimiento.",OK,
CAP.PA,CAPGEMINI,EUROSTOXX,1.0,script-v2.0,1.0,2026-10-08T14:39:15.879024+02:00,64.3,74.8,94.0,58.0,0.0,4.0,33.0,15.0,18.0,594936.0,2.56,7.7,,8.63,36.6,0.7647,False,74.9,67.8,False,104.38,7.3,True,True,True,Sin señales de recuperación,pass,seguimiento,pendiente,0.0,desconocido,Pendiente de implementar,ausente,"dividend_maintained (baja): Dividendo actual 3.04% con caída del 26.8% | analyst_upgrade (media): Target 140.51 vs precio 112.00 (+25%), recMean 1.76, recKey buy",incompleto,seguimiento,100.42,107.18,100.42 - 107.18,105.28,130.09,105.28 - 130.09,Pérdida del soporte en 100.42 | ROE negativo durante 2 trimestres consecutivos | Ampliación de capital dilutiva | Recorte de rating a bono basura,12-18,"CAPGEMINI está un 26.8% por debajo de su máximo 52s. Fundamentalmente sólida con ROE 12.2%, deuda neta/EBITDA 2.6x. Técnicamente 🟢 base_pattern_detected, 🟡 trendline_break. Clasificación: seguimiento.","CAPGEMINI está un 26.8% por debajo de su máximo 52s. Fundamentalmente sólida con ROE 12.2%, deuda neta/EBITDA 2.6x. Técnicamente 🟢 base_pattern_detected, 🟡 trendline_break. Clasificación: seguimiento.",OK,
NG.L,NATIONAL GRID PLC ORD 12 204/47,EUROSTOXX,1.0,script-v2.0,1.0,2026-10-08T14:39:58.853239+02:00,64.2,63.7,69.0,59.0,0.0,4.0,66.0,39.0,27.0,9785992.0,6.39,0.3,,14.54,19.2,-24.6228,True,78.7,74.5,False,1237.6,-6.7,True,False,True,Sin señales de recuperación,pass,seguimiento,pendiente,0.0,desconocido,Pendiente de implementar,ausente,eps_stabilization (media): EPS 0.66 vs 0.61 (annual_eps_fallback) | dividend_maintained (baja): Dividendo actual 0.04% con caída del 19.2%,razonable,seguimiento,1096.77,1154.5,1096.77 - 1154.50,1214.22,1234.14,1214.22 - 1234.14,Pérdida del soporte en 1096.77 | ROE negativo durante 2 trimestres consecutivos | Ampliación de capital dilutiva | Recorte de rating a bono basura,6-12,"NATIONAL GRID PLC ORD 12 204/47 está un 19.2% por debajo de su máximo 52s. Fundamentalmente sólida con ROE 8.4%, deuda neta/EBITDA 6.4x. Técnicamente 🟢 Divergencia alcista RSI, 🟢 MACD semanal girando al alza. Clasificación: seguimiento.","NATIONAL GRID PLC ORD 12 204/47 está un 19.2% por debajo de su máximo 52s. Fundamentalmente sólida con ROE 8.4%, deuda neta/EBITDA 6.4x. Técnicamente 🟢 Divergencia alcista RSI, 🟢 MACD semanal girando al alza. Clasificación: seguimiento.",OK,
0012.HK,HENDERSON LAND,ASIA,1.0,script-v2.0,1.0,2026-10-08T14:41:37.484019+02:00,64.2,57.3,61.0,54.0,0.0,1.0,85.0,68.0,17.0,8423503.0,20.38,,,41.85,23.4,-0.5646,False,52.9,41.2,False,28.43,-8.1,True,False,False,Sin señales de recuperación,pass,descarte,pendiente,0.0,desconocido,Pendiente de implementar,ausente,dividend_maintained (baja): Dividendo actual 4.82% con caída del 26.8%,fuerte,descarte,25.83,26.12,25.83 - 26.12,28.43,30.31,28.43 - 30.31,Pérdida del soporte en 25.83 | ROE negativo durante 2 trimestres consecutivos | Ampliación de capital dilutiva | Recorte de rating a bono basura,12-18,"HENDERSON LAND está un 26.8% por debajo de su máximo 52s. Fundamentalmente aceptable con ROE 2.5%, deuda neta/EBITDA 20.4x. Técnicamente 🟢 Divergencia alcista RSI, 🟢 Cruce alcista MACD. Clasificación: descarte.","HENDERSON LAND está un 26.8% por debajo de su máximo 52s. Fundamentalmente aceptable con ROE 2.5%, deuda neta/EBITDA 20.4x. Técnicamente 🟢 Divergencia alcista RSI, 🟢 Cruce alcista MACD. Clasificación: descarte.",OK,
BARC.L,BARCLAYS PLC ORD 25P,EUROSTOXX,1.0,script-v2.0,1.0,2026-10-08T14:39:56.365345+02:00,64.2,67.3,63.0,71.0,0.0,7.0,55.0,50.0,5.0,38502025.0,,471.7,,,21.2,0.9342,False,5.7,11.5,False,464.99,-8.8,False,False,True,,pass,seguimiento,pendiente,0.0,desconocido,Pendiente de implementar,parcial,"eps_stabilization (media): EPS 0.17 vs 0.14 (Diluted EPS) | dividend_maintained (baja): Dividendo actual 0.03% con caída del 21.2% | analyst_upgrade (media): Target 575.06 vs precio 424.07 (+36%), recMean 1.88, recKey buy",razonable,seguimiento,411.8,424.08,411.80 - 424.08,457.55,467.1,457.55 - 467.10,Pérdida del soporte en 411.80 | ROE negativo durante 2 trimestres consecutivos | Ampliación de capital dilutiva | Recorte de rating a bono basura,6-12,"BARCLAYS PLC ORD 25P está un 21.2% por debajo de su máximo 52s. Fundamentalmente sólida con ROE 10.1%, dividendo 0.0%. Técnicamente 🔵 RSI en sobreventa, 🟢 Cerca de soporte. Clasificación: seguimiento.","BARCLAYS PLC ORD 25P está un 21.2% por debajo de su máximo 52s. Fundamentalmente sólida con ROE 10.1%, dividendo 0.0%. Técnicamente 🔵 RSI en sobreventa, 🟢 Cerca de soporte. Clasificación: seguimiento.",OK,
PSA,Public Storage,SP500,1.0,script-v2.0,1.0,2026-10-08T14:40:46.686747+02:00,64.0,59.3,94.0,29.0,0.0,4.0,78.0,73.0,5.0,980784.0,2.89,1.5,1.9,18.59,15.1,-1.6933,False,8.9,14.3,False,297.61,-5.2,False,False,False,Sin señales de recuperación,pass,descarte,pendiente,0.0,desconocido,Pendiente de implementar,ausente,margin_stabilization (media): Margen gross 72.1% vs 72.1% (+0.0 pp) | dividend_maintained (baja): Dividendo actual 4.26% con caída del 16.0%,fuerte,descarte,267.89,281.99,267.89 - 281.99,285.22,294.72,285.22 - 294.72,Pérdida del soporte en 267.89 | ROE negativo durante 2 trimestres consecutivos | Ampliación de capital dilutiva | Recorte de rating a bono basura,6-12,"Public Storage está un 16.0% por debajo de su máximo 52s. Fundamentalmente aceptable con ROE 21.9%, deuda neta/EBITDA 2.9x. Técnicamente 🔵 RSI recuperándose de sobreventa, 🟢 Divergencia alcista RSI. Clasificación: descarte.","Public Storage está un 16.0% por debajo de su máximo 52s. Fundamentalmente aceptable con ROE 21.9%, deuda neta/EBITDA 2.9x. Técnicamente 🔵 RSI recuperándose de sobreventa, 🟢 Divergencia alcista RSI. Clasificación: descarte.",OK,
ACA.PA,CREDIT AGRICOLE,EUROSTOXX,1.0,script-v2.0,1.0,2026-10-08T14:39:27.336727+02:00,64.0,65.3,69.0,62.0,0.0,7.0,60.0,55.0,5.0,4346200.0,,101.4,,,19.7,0.2847,False,8.1,13.8,False,17.07,-4.0,False,False,True,,pass,seguimiento,pendiente,0.0,desconocido,Pendiente de implementar,parcial,"eps_stabilization (media): EPS 0.59 vs 0.52 (Diluted EPS) | dividend_maintained (baja): Dividendo actual 6.89% con caída del 19.7% | analyst_upgrade (media): Target 21.15 vs precio 16.39 (+29%), recMean 2.35, recKey buy",razonable,seguimiento,15.64,16.39,15.64 - 16.39,17.11,17.34,17.11 - 17.34,Pérdida del soporte en 15.64 | ROE negativo durante 2 trimestres consecutivos | Ampliación de capital dilutiva | Recorte de rating a bono basura,6-12,"CREDIT AGRICOLE está un 19.7% por debajo de su máximo 52s. Fundamentalmente sólida con ROE 8.6%, dividendo 6.9%. Técnicamente 🔵 RSI en sobreventa, 🟢 Cerca de soporte. Clasificación: seguimiento.","CREDIT AGRICOLE está un 19.7% por debajo de su máximo 52s. Fundamentalmente sólida con ROE 8.6%, dividendo 6.9%. Técnicamente 🔵 RSI en sobreventa, 🟢 Cerca de soporte. Clasificación: seguimiento.",OK,
SO,Southern Company (The),SP500,1.0,script-v2.0,1.0,2026-10-08T14:40:41.148419+02:00,63.9,61.1,75.0,49.0,0.0,4.0,72.0,55.0,17.0,5669535.0,5.2,1.4,0.1,12.29,13.2,-1.9889,False,80.5,65.0,False,91.35,-6.5,True,False,True,Sin señales de recuperación,pass,seguimiento,pendiente,0.0,desconocido,Pendiente de implementar,ausente,margin_stabilization (media): Margen gross 51.3% vs 46.5% (+4.8 pp) | dividend_maintained (baja): Dividendo actual 3.56% con caída del 15.3%,fuerte,seguimiento,81.69,85.44,81.69 - 85.44,85.71,91.01,85.71 - 91.01,Pérdida del soporte en 81.69 | ROE negativo durante 2 trimestres consecutivos | Ampliación de capital dilutiva | Recorte de rating a bono basura,6-12,"Southern Company (The) está un 15.3% por debajo de su máximo 52s. Fundamentalmente sólida con ROE 11.5%, deuda neta/EBITDA 5.2x. Técnicamente 🟢 Cruce alcista MACD, 🟢 Cerca de soporte. Clasificación: seguimiento.","Southern Company (The) está un 15.3% por debajo de su máximo 52s. Fundamentalmente sólida con ROE 11.5%, deuda neta/EBITDA 5.2x. Técnicamente 🟢 Cruce alcista MACD, 🟢 Cerca de soporte. Clasificación: seguimiento.",OK,
KMB,Kimberly-Clark Corporation,SP500,1.0,script-v2.0,1.0,2026-10-08T14:40:49.206033+02:00,63.7,60.6,75.0,48.0,0.0,12.0,73.0,68.0,5.0,3882407.0,1.6,-7.7,0.9,10.86,31.3,-1.1606,False,42.4,38.0,False,100.74,-4.2,False,False,True,,pass,entrada_directa,pendiente,0.0,desconocido,Pendiente de implementar,confirmada,"margin_stabilization (media): Margen gross 38.3% vs 36.8% (+1.4 pp) | debt_reduction (alta): Deuda 6539.0M vs 7084.0M | dividend_maintained (baja): Dividendo actual 5.31% con caída del 21.6% | analyst_upgrade (media): Target 115.87 vs precio 96.48 (+20%), recMean 2.44, recKey buy",fuerte,entrada_directa,94.48,96.48,94.48 - 96.48,100.36,104.63,100.36 - 104.63,Pérdida del soporte en 94.48 | ROE negativo durante 2 trimestres consecutivos | Ampliación de capital dilutiva | Recorte de rating a bono basura,6-12,"Kimberly-Clark Corporation está un 21.6% por debajo de su máximo 52s. Fundamentalmente sólida con ROE 104.9%, deuda neta/EBITDA 1.6x. Técnicamente 🔵 RSI recuperándose de sobreventa, 🟢 Cruce alcista MACD. Clasificación: entrada_directa.","Kimberly-Clark Corporation está un 21.6% por debajo de su máximo 52s. Fundamentalmente sólida con ROE 104.9%, deuda neta/EBITDA 1.6x. Técnicamente 🔵 RSI recuperándose de sobreventa, 🟢 Cruce alcista MACD. Clasificación: entrada_directa.",OK,
VZ,Verizon Communications Inc.,SP500,1.0,script-v2.0,1.0,2026-10-08T14:40:10.065241+02:00,63.6,60.2,89.0,35.0,0.0,9.0,74.0,57.0,17.0,21909640.0,3.76,-1.1,0.1,7.5,11.4,0.7039,False,15.7,12.3,False,46.17,-0.9,True,False,True,,pass,seguimiento,pendiente,0.0,desconocido,Pendiente de implementar,parcial,margin_stabilization (media): Margen gross 61.8% vs 60.3% (+1.5 pp) | debt_reduction (alta): Deuda 193646.0M vs 195872.0M | dividend_maintained (baja): Dividendo actual 6.18% con caída del 11.4%,fuerte,seguimiento,44.6,45.77,44.60 - 45.77,43.93,45.67,43.93 - 45.67,Pérdida del soporte en 44.60 | ROE negativo durante 2 trimestres consecutivos | Ampliación de capital dilutiva | Recorte de rating a bono basura,6-12,"Verizon Communications Inc. está un 11.4% por debajo de su máximo 52s. Fundamentalmente sólida con ROE 15.8%, deuda neta/EBITDA 3.8x. Técnicamente 🔵 RSI en sobreventa, 🟡 MACD convergiendo. Clasificación: seguimiento.","Verizon Communications Inc. está un 11.4% por debajo de su máximo 52s. Fundamentalmente sólida con ROE 15.8%, deuda neta/EBITDA 3.8x. Técnicamente 🔵 RSI en sobreventa, 🟡 MACD convergiendo. Clasificación: seguimiento.",OK,
IBM,International Business Machines,SP500,1.0,script-v2.0,1.0,2026-10-08T14:40:30.772637+02:00,63.6,64.1,94.0,38.0,0.0,12.0,62.0,50.0,12.0,8123807.0,3.47,-6.5,0.1,16.09,33.2,-8.5306,False,9.9,10.9,False,249.38,-11.6,True,False,True,,pass,entrada_escalada,pendiente,0.0,desconocido,Pendiente de implementar,confirmada,margin_stabilization (media): Margen gross 57.7% vs 56.2% (+1.5 pp) | eps_stabilization (media): EPS 2.27 vs 1.28 (Diluted EPS) | debt_reduction (alta): Deuda 65272.0M vs 69802.0M | dividend_maintained (baja): Dividendo actual 3.07% con caída del 33.7%,razonable,entrada_escalada,200.38,220.51,200.38 - 220.51,251.62,282.59,251.62 - 282.59,Pérdida del soporte en 200.38 | ROE negativo durante 2 trimestres consecutivos | Ampliación de capital dilutiva | Recorte de rating a bono basura,12-18,"International Business Machines está un 33.7% por debajo de su máximo 52s. Fundamentalmente sólida con ROE 34.5%, deuda neta/EBITDA 3.5x. Técnicamente 🟡 MACD convergiendo, 🟢 Bajo SMA200 con SMA50 girando. Clasificación: entrada_escalada.","International Business Machines está un 33.7% por debajo de su máximo 52s. Fundamentalmente sólida con ROE 34.5%, deuda neta/EBITDA 3.5x. Técnicamente 🟡 MACD convergiendo, 🟢 Bajo SMA200 con SMA50 girando. Clasificación: entrada_escalada.",OK,
ABT,Abbott Laboratories,SP500,1.0,script-v2.0,1.0,2026-10-08T14:40:07.089374+02:00,63.4,61.5,85.0,41.0,0.0,4.0,69.0,64.0,5.0,9557664.0,2.32,136.1,0.6,17.0,27.8,-0.1286,False,38.7,41.5,False,101.39,-2.6,False,False,True,Sin señales de recuperación,pass,seguimiento,pendiente,0.0,desconocido,Pendiente de implementar,ausente,"dividend_maintained (baja): Dividendo actual 2.55% con caída del 26.9% | analyst_upgrade (media): Target 120.72 vs precio 98.73 (+22%), recMean 1.46, recKey strong_buy",razonable,seguimiento,95.06,98.73,95.06 - 98.73,102.77,114.86,102.77 - 114.86,Pérdida del soporte en 95.06 | ROE negativo durante 2 trimestres consecutivos | Ampliación de capital dilutiva | Recorte de rating a bono basura,12-18,"Abbott Laboratories está un 26.9% por debajo de su máximo 52s. Fundamentalmente sólida con ROE 10.6%, deuda neta/EBITDA 2.3x. Técnicamente 🔵 RSI recuperándose de sobreventa, 🟡 MACD convergiendo. Clasificación: seguimiento.","Abbott Laboratories está un 26.9% por debajo de su máximo 52s. Fundamentalmente sólida con ROE 10.6%, deuda neta/EBITDA 2.3x. Técnicamente 🔵 RSI recuperándose de sobreventa, 🟡 MACD convergiendo. Clasificación: seguimiento.",OK,
PHIA.AS,KON.PHILIPS N.V.,EUROSTOXX,1.0,script-v2.0,1.0,2026-10-08T14:39:32.793003+02:00,63.4,68.2,81.0,57.0,0.0,15.0,49.0,44.0,5.0,1648678.0,2.35,-7.8,-0.0,11.07,23.3,-0.4373,False,28.5,33.6,False,23.2,-7.6,False,False,True,,pass,entrada_escalada,pendiente,0.0,desconocido,Pendiente de implementar,confirmada,"margin_stabilization (media): Margen gross 49.3% vs 45.2% (+4.1 pp) | eps_stabilization (media): EPS 0.40 vs 0.16 (Diluted EPS) | debt_reduction (alta): Deuda 7465.0M vs 8097.0M | dividend_maintained (baja): Dividendo actual 3.96% con caída del 22.6% | analyst_upgrade (media): Target 26.89 vs precio 21.45 (+25%), recMean 2.40, recKey buy",razonable,entrada_escalada,20.38,21.45,20.38 - 21.45,23.22,23.54,23.22 - 23.54,Pérdida del soporte en 20.38 | ROE negativo durante 2 trimestres consecutivos | Ampliación de capital dilutiva | Recorte de rating a bono basura,6-12,"KON.PHILIPS N.V. está un 22.6% por debajo de su máximo 52s. Fundamentalmente sólida con ROE 10.2%, deuda neta/EBITDA 2.4x. Técnicamente 🔵 RSI recuperándose de sobreventa, 🟡 Apoyo en MA40 semanal. Clasificación: entrada_escalada.","KON.PHILIPS N.V. está un 22.6% por debajo de su máximo 52s. Fundamentalmente sólida con ROE 10.2%, deuda neta/EBITDA 2.4x. Técnicamente 🔵 RSI recuperándose de sobreventa, 🟡 Apoyo en MA40 semanal. Clasificación: entrada_escalada.",OK,
BNP.PA,BNP PARIBAS ACT.A,EUROSTOXX,1.0,script-v2.0,1.0,2026-10-08T14:39:14.712378+02:00,63.0,65.7,70.0,62.0,0.0,7.0,55.0,50.0,5.0,1912476.0,,140.4,,,18.5,2.4348,False,5.8,23.9,False,91.22,-1.6,False,False,True,,pass,seguimiento,pendiente,0.0,desconocido,Pendiente de implementar,parcial,"eps_stabilization (media): EPS 3.96 vs 2.92 (Diluted EPS) | dividend_maintained (baja): Dividendo actual 7.20% con caída del 21.2% | analyst_upgrade (media): Target 119.28 vs precio 89.73 (+33%), recMean 1.68, recKey buy",razonable,seguimiento,88.77,89.73,88.77 - 89.73,91.02,96.75,91.02 - 96.75,Pérdida del soporte en 88.77 | ROE negativo durante 2 trimestres consecutivos | Ampliación de capital dilutiva | Recorte de rating a bono basura,6-12,"BNP PARIBAS ACT.A está un 21.2% por debajo de su máximo 52s. Fundamentalmente sólida con ROE 10.5%, dividendo 7.2%. Técnicamente 🔵 RSI en sobreventa, 🟢 Cerca de soporte. Clasificación: seguimiento.","BNP PARIBAS ACT.A está un 21.2% por debajo de su máximo 52s. Fundamentalmente sólida con ROE 10.5%, dividendo 7.2%. Técnicamente 🔵 RSI en sobreventa, 🟢 Cerca de soporte. Clasificación: seguimiento.",OK,
GPT.AX,GPT STAPLED [GPT],ASX,1.0,script-v2.0,1.0,2026-10-08T14:41:13.663375+02:00,62.8,69.1,84.0,56.0,0.0,7.0,44.0,39.0,5.0,5804598.0,9.11,,,23.24,18.1,-0.1003,False,55.6,54.3,False,4.78,-5.8,False,False,True,,pass,pendiente_confirmacion,pendiente,0.0,desconocido,Pendiente de implementar,parcial,"eps_stabilization (media): EPS 0.51 vs -0.10 (annual_eps_fallback) | dividend_maintained (baja): Dividendo actual 5.33% con caída del 21.7% | analyst_upgrade (media): Target 5.43 vs precio 4.50 (+21%), recMean 2.33, recKey buy",incompleto,pendiente_confirmacion,4.27,4.5,4.27 - 4.50,4.8,4.89,4.80 - 4.89,Pérdida del soporte en 4.27 | ROE negativo durante 2 trimestres consecutivos | Ampliación de capital dilutiva | Recorte de rating a bono basura,6-12,"GPT STAPLED [GPT] está un 21.7% por debajo de su máximo 52s. Fundamentalmente sólida con ROE 10.0%, deuda neta/EBITDA 9.1x. Técnicamente 🟢 Divergencia alcista RSI, 🟡 Apoyo en MA40 semanal. Clasificación: pendiente_confirmacion.","GPT STAPLED [GPT] está un 21.7% por debajo de su máximo 52s. Fundamentalmente sólida con ROE 10.0%, deuda neta/EBITDA 9.1x. Técnicamente 🟢 Divergencia alcista RSI, 🟡 Apoyo en MA40 semanal. Clasificación: pendiente_confirmacion.",OK,
GD,General Dynamics Corporation,SP500,1.0,script-v2.0,1.0,2026-10-08T14:40:35.511739+02:00,62.8,63.7,100.0,32.0,0.0,15.0,60.0,55.0,5.0,1128101.0,0.78,-3.6,-0.0,14.08,18.3,-1.8118,False,5.3,9.6,False,353.82,-7.7,False,False,True,,pass,entrada_escalada,pendiente,0.0,desconocido,Pendiente de implementar,confirmada,"margin_stabilization (media): Margen gross 15.5% vs 15.9% (-0.4 pp) | eps_stabilization (media): EPS 4.24 vs 4.10 (Diluted EPS) | debt_reduction (alta): Deuda 9479.0M vs 9832.0M | dividend_maintained (baja): Dividendo actual 1.95% con caída del 18.3% | analyst_upgrade (media): Target 415.02 vs precio 326.63 (+27%), recMean 2.08, recKey buy",razonable,entrada_escalada,305.43,326.63,305.43 - 326.63,340.0,353.36,340.00 - 353.36,Pérdida del soporte en 305.43 | ROE negativo durante 2 trimestres consecutivos | Ampliación de capital dilutiva | Recorte de rating a bono basura,6-12,"General Dynamics Corporation está un 18.3% por debajo de su máximo 52s. Fundamentalmente sólida con ROE 17.8%, deuda neta/EBITDA 0.8x. Técnicamente 🔵 RSI en sobreventa, 🟡 MACD convergiendo. Clasificación: entrada_escalada.","General Dynamics Corporation está un 18.3% por debajo de su máximo 52s. Fundamentalmente sólida con ROE 17.8%, deuda neta/EBITDA 0.8x. Técnicamente 🔵 RSI en sobreventa, 🟡 MACD convergiendo. Clasificación: entrada_escalada.",OK,
0006.HK,POWER ASSETS,ASIA,1.0,script-v2.0,1.0,2026-10-08T14:41:36.406272+02:00,62.7,64.9,98.0,36.0,0.0,9.0,56.0,39.0,17.0,2692728.0,-111.13,-16.6,,219.26,7.5,0.6376,False,32.4,33.3,False,58.94,0.6,True,False,True,,pass,seguimiento,pendiente,0.0,desconocido,Pendiente de implementar,parcial,eps_stabilization (media): EPS 2.93 vs 2.82 (annual_eps_fallback) | debt_reduction (alta): Deuda 2770.0M vs 3320.0M | dividend_maintained (baja): Dividendo actual 4.76% con caída del 11.6%,razonable,seguimiento,57.74,59.3,57.74 - 59.30,56.99,58.35,56.99 - 58.35,Pérdida del soporte en 57.74 | ROE negativo durante 2 trimestres consecutivos | Ampliación de capital dilutiva | Recorte de rating a bono basura,6-12,"POWER ASSETS está un 11.6% por debajo de su máximo 52s. Fundamentalmente sólida con ROE 18.6%, deuda neta/EBITDA -111.1x. Técnicamente 🟡 MACD convergiendo, 🟢 Cerca de soporte. Clasificación: seguimiento.","POWER ASSETS está un 11.6% por debajo de su máximo 52s. Fundamentalmente sólida con ROE 18.6%, deuda neta/EBITDA -111.1x. Técnicamente 🟡 MACD convergiendo, 🟢 Cerca de soporte. Clasificación: seguimiento.",OK,
PG,Procter & Gamble Company (The),SP500,1.0,script-v2.0,1.0,2026-10-08T14:40:03.962130+02:00,62.5,53.6,100.0,13.0,0.0,6.0,89.0,62.0,27.0,8512289.0,1.01,-5.4,0.7,14.94,14.3,-0.1879,True,70.4,64.0,False,146.89,0.6,True,False,False,,pass,descarte,pendiente,0.0,desconocido,Pendiente de implementar,parcial,debt_reduction (alta): Deuda 35025.0M vs 37026.0M | dividend_maintained (baja): Dividendo actual 2.94% con caída del 11.6%,fuerte,descarte,142.75,145.68,142.75 - 145.68,142.16,146.27,142.16 - 146.27,Pérdida del soporte en 142.75 | ROE negativo durante 2 trimestres consecutivos | Ampliación de capital dilutiva | Recorte de rating a bono basura,6-12,"Procter & Gamble Company (The) está un 11.6% por debajo de su máximo 52s. Fundamentalmente aceptable con ROE 30.3%, deuda neta/EBITDA 1.0x. Técnicamente 🟢 Divergencia alcista RSI, 🟢 Cruce alcista MACD. Clasificación: descarte.","Procter & Gamble Company (The) está un 11.6% por debajo de su máximo 52s. Fundamentalmente aceptable con ROE 30.3%, deuda neta/EBITDA 1.0x. Técnicamente 🟢 Divergencia alcista RSI, 🟢 Cruce alcista MACD. Clasificación: descarte.",OK,
SU.PA,SCHNEIDER ELECTRIC SE,EUROSTOXX,1.0,script-v2.0,1.0,2026-10-08T14:39:24.888019+02:00,62.4,60.3,96.0,29.0,0.0,4.0,69.0,52.0,17.0,850594.0,1.91,16.4,,18.74,18.1,7.2091,False,9.6,5.5,False,267.01,-4.2,True,False,True,Sin señales de recuperación,pass,seguimiento,pendiente,0.0,desconocido,Pendiente de implementar,ausente,"dividend_maintained (baja): Dividendo actual 1.64% con caída del 18.1% | analyst_upgrade (media): Target 329.11 vs precio 255.90 (+29%), recMean 1.62, recKey buy",razonable,seguimiento,243.1,255.9,243.10 - 255.90,265.45,265.91,265.45 - 265.91,Pérdida del soporte en 243.10 | ROE negativo durante 2 trimestres consecutivos | Ampliación de capital dilutiva | Recorte de rating a bono basura,6-12,"SCHNEIDER ELECTRIC SE está un 18.1% por debajo de su máximo 52s. Fundamentalmente sólida con ROE 18.6%, deuda neta/EBITDA 1.9x. Técnicamente 🔵 RSI en sobreventa, 🟢 Volumen creciente. Clasificación: seguimiento.","SCHNEIDER ELECTRIC SE está un 18.1% por debajo de su máximo 52s. Fundamentalmente sólida con ROE 18.6%, deuda neta/EBITDA 1.9x. Técnicamente 🔵 RSI en sobreventa, 🟢 Volumen creciente. Clasificación: seguimiento.",OK,
BA.L,BAE SYSTEMS PLC ORD 2.5P,EUROSTOXX,1.0,script-v2.0,1.0,2026-10-08T14:40:00.215540+02:00,62.3,61.8,97.0,31.0,0.0,7.0,64.0,41.0,23.0,5693346.0,1.32,1.1,,15.93,22.2,-14.259,False,13.6,7.5,True,2030.62,-9.6,True,False,True,,pass,seguimiento,pendiente,0.0,desconocido,Pendiente de implementar,parcial,"eps_stabilization (media): EPS 0.68 vs 0.64 (annual_eps_fallback) | dividend_maintained (baja): Dividendo actual 0.02% con caída del 22.2% | analyst_upgrade (media): Target 2322.65 vs precio 1835.00 (+27%), recMean 2.25, recKey buy",razonable,seguimiento,1672.75,1835.0,1672.75 - 1835.00,2006.0,2022.44,2006.00 - 2022.44,Pérdida del soporte en 1672.75 | ROE negativo durante 2 trimestres consecutivos | Ampliación de capital dilutiva | Recorte de rating a bono basura,6-12,"BAE SYSTEMS PLC ORD 2.5P está un 22.2% por debajo de su máximo 52s. Fundamentalmente sólida con ROE 18.6%, deuda neta/EBITDA 1.3x. Técnicamente 🔵 RSI en sobreventa, 🟢 Estocástico sale de sobreventa. Clasificación: seguimiento.","BAE SYSTEMS PLC ORD 2.5P está un 22.2% por debajo de su máximo 52s. Fundamentalmente sólida con ROE 18.6%, deuda neta/EBITDA 1.3x. Técnicamente 🔵 RSI en sobreventa, 🟢 Estocástico sale de sobreventa. Clasificación: seguimiento.",OK,
051910.KS,LGCHEM,ASIA,1.0,script-v2.0,1.0,2026-10-08T14:41:43.853525+02:00,62.2,49.7,39.0,59.0,0.0,10.0,100.0,68.0,33.0,191711.0,5.53,13.1,-1.5,12.56,34.5,-16360.1398,True,90.8,92.9,False,314632.38,-8.9,True,True,False,,pass,descarte,pendiente,0.0,desconocido,Pendiente de implementar,parcial,"margin_stabilization (media): Margen gross 21.1% vs 18.9% (+2.2 pp) | eps_stabilization (media): EPS 1445.00 vs -4449.00 (Diluted EPS) | dividend_maintained (baja): Dividendo actual 0.70% con caída del 34.5% | analyst_upgrade (media): Target 399800.00 vs precio 286500.00 (+40%), recMean 1.72, recKey buy",fuerte,descarte,265500.0,266880.0,265500.00 - 266880.00,315294.36,371875.0,315294.36 - 371875.00,Pérdida del soporte en 265500.00 | ROE negativo durante 2 trimestres consecutivos | Ampliación de capital dilutiva | Recorte de rating a bono basura,12-18,"LGCHEM está un 34.5% por debajo de su máximo 52s. Fundamentalmente aceptable con ROE -5.7%, deuda neta/EBITDA 5.5x. Técnicamente 🟢 Divergencia alcista RSI, 🟢 Cruce alcista MACD. Clasificación: descarte.","LGCHEM está un 34.5% por debajo de su máximo 52s. Fundamentalmente aceptable con ROE -5.7%, deuda neta/EBITDA 5.5x. Técnicamente 🟢 Divergencia alcista RSI, 🟢 Cruce alcista MACD. Clasificación: descarte.",OK,
DBK.DE,DEUTSCHE BANK AG              N,EUROSTOXX,1.0,script-v2.0,1.0,2026-10-08T14:39:09.435168+02:00,62.2,67.7,65.0,70.0,0.0,1.0,46.0,41.0,5.0,4768318.0,,296.4,,,17.2,0.9315,False,9.1,13.3,False,29.64,0.2,False,False,True,Sin señales de recuperación,pass,seguimiento,pendiente,0.0,desconocido,Pendiente de implementar,ausente,dividend_maintained (baja): Dividendo actual 3.37% con caída del 17.2%,razonable,seguimiento,26.8,29.68,26.80 - 29.68,29.82,30.46,29.82 - 30.46,Pérdida del soporte en 26.80 | ROE negativo durante 2 trimestres consecutivos | Ampliación de capital dilutiva | Recorte de rating a bono basura,6-12,"DEUTSCHE BANK AG              N está un 17.2% por debajo de su máximo 52s. Fundamentalmente sólida con ROE 8.9%, dividendo 3.4%. Técnicamente 🔵 RSI en sobreventa, 🟡 Apoyo en MA40 semanal. Clasificación: seguimiento.","DEUTSCHE BANK AG              N está un 17.2% por debajo de su máximo 52s. Fundamentalmente sólida con ROE 8.9%, dividendo 3.4%. Técnicamente 🔵 RSI en sobreventa, 🟡 Apoyo en MA40 semanal. Clasificación: seguimiento.",OK,
O,Realty Income Corporation,SP500,1.0,script-v2.0,1.0,2026-10-08T14:40:45.737058+02:00,62.2,60.7,66.0,56.0,0.0,10.0,67.0,55.0,12.0,6479200.0,5.74,3.8,0.2,15.61,19.5,-1.3214,False,0.8,10.3,False,60.7,-12.1,True,False,True,,pass,seguimiento,pendiente,0.0,desconocido,Pendiente de implementar,parcial,"margin_stabilization (media): Margen gross 92.1% vs 91.9% (+0.2 pp) | eps_stabilization (media): EPS 0.37 vs 0.33 (Diluted EPS) | dividend_maintained (baja): Dividendo actual 6.11% con caída del 21.5% | analyst_upgrade (media): Target 66.39 vs precio 53.35 (+24%), recMean 2.52, recKey hold",razonable,seguimiento,50.68,53.35,50.68 - 53.35,57.75,60.42,57.75 - 60.42,Pérdida del soporte en 50.68 | ROE negativo durante 2 trimestres consecutivos | Ampliación de capital dilutiva | Recorte de rating a bono basura,6-12,"Realty Income Corporation está un 21.5% por debajo de su máximo 52s. Fundamentalmente sólida con ROE 3.2%, deuda neta/EBITDA 5.7x. Técnicamente 🔵 RSI en sobreventa, 🟡 MACD convergiendo. Clasificación: seguimiento.","Realty Income Corporation está un 21.5% por debajo de su máximo 52s. Fundamentalmente sólida con ROE 3.2%, deuda neta/EBITDA 5.7x. Técnicamente 🔵 RSI en sobreventa, 🟡 MACD convergiendo. Clasificación: seguimiento.",OK,
VIV.PA,VIVENDI SE,EUROSTOXX,1.0,script-v2.0,1.0,2026-10-08T14:39:27.016637+02:00,62.1,58.1,48.0,67.0,0.0,7.0,74.0,64.0,10.0,2375176.0,9.68,30.7,,-48.17,85.9,-0.2023,True,49.0,28.3,False,1.96,-24.9,False,False,False,,pass,descarte,pendiente,0.0,desconocido,Pendiente de implementar,parcial,"eps_stabilization (media): EPS 0.94 vs 0.75 (annual_eps_fallback) | dividend_maintained (baja): Dividendo actual 2.72% con caída del 54.2% | analyst_upgrade (media): Target 2.12 vs precio 1.47 (+44%), recKey none",fuerte,descarte,1.46,1.47,1.46 - 1.47,1.98,2.73,1.98 - 2.73,Pérdida del soporte en 1.46 | ROE negativo durante 2 trimestres consecutivos | Ampliación de capital dilutiva | Recorte de rating a bono basura,18-24,"VIVENDI SE está un 54.2% por debajo de su máximo 52s. Fundamentalmente aceptable con ROE 0.3%, deuda neta/EBITDA 9.7x. Técnicamente 🟢 Divergencia alcista RSI, 🟢 Cruce alcista MACD. Clasificación: descarte.","VIVENDI SE está un 54.2% por debajo de su máximo 52s. Fundamentalmente aceptable con ROE 0.3%, deuda neta/EBITDA 9.7x. Técnicamente 🟢 Divergencia alcista RSI, 🟢 Cruce alcista MACD. Clasificación: descarte.",OK,
SRE,DBA Sempra,SP500,1.0,script-v2.0,1.0,2026-10-08T14:40:43.475127+02:00,62.0,57.3,68.0,48.0,0.0,7.0,76.0,64.0,12.0,3644843.0,6.23,0.6,-5.8,16.91,19.9,-2.8442,False,70.5,57.3,False,88.69,-10.1,True,False,False,,pass,descarte,pendiente,0.0,desconocido,Pendiente de implementar,parcial,"margin_stabilization (media): Margen gross 54.7% vs 52.6% (+2.1 pp) | dividend_maintained (baja): Dividendo actual 3.30% con caída del 21.1% | analyst_upgrade (media): Target 99.92 vs precio 79.69 (+25%), recMean 1.60, recKey buy",fuerte,descarte,76.21,79.69,76.21 - 79.69,85.88,88.61,85.88 - 88.61,Pérdida del soporte en 76.21 | ROE negativo durante 2 trimestres consecutivos | Ampliación de capital dilutiva | Recorte de rating a bono basura,6-12,"DBA Sempra está un 21.1% por debajo de su máximo 52s. Fundamentalmente aceptable con ROE 6.7%, deuda neta/EBITDA 6.2x. Técnicamente 🟢 Divergencia alcista RSI, 🟢 Cruce alcista MACD. Clasificación: descarte.","DBA Sempra está un 21.1% por debajo de su máximo 52s. Fundamentalmente aceptable con ROE 6.7%, deuda neta/EBITDA 6.2x. Técnicamente 🟢 Divergencia alcista RSI, 🟢 Cruce alcista MACD. Clasificación: descarte.",OK,
HEN3.DE,Henkel AG & Co. KGaA          I,EUROSTOXX,1.0,script-v2.0,1.0,2026-10-08T14:39:05.552006+02:00,61.8,63.3,90.0,40.0,0.0,1.0,57.0,57.0,0.0,358695.0,0.72,82.7,,9.99,11.3,1.1504,False,55.0,55.0,False,71.25,3.5,False,False,True,Sin señales de recuperación,pass,seguimiento,pendiente,0.0,desconocido,Pendiente de implementar,ausente,dividend_maintained (baja): Dividendo actual 2.81% con caída del 12.4%,razonable,seguimiento,73.39,73.72,73.39 - 73.72,71.13,71.57,71.13 - 71.57,Pérdida del soporte en 73.39 | ROE negativo durante 2 trimestres consecutivos | Ampliación de capital dilutiva | Recorte de rating a bono basura,6-12,"Henkel AG & Co. KGaA          I está un 12.4% por debajo de su máximo 52s. Fundamentalmente sólida con ROE 9.4%, deuda neta/EBITDA 0.7x. Técnicamente 🟢 Divergencia alcista RSI, 🟢 Cruce alcista MACD. Clasificación: seguimiento.","Henkel AG & Co. KGaA          I está un 12.4% por debajo de su máximo 52s. Fundamentalmente sólida con ROE 9.4%, deuda neta/EBITDA 0.7x. Técnicamente 🟢 Divergencia alcista RSI, 🟢 Cruce alcista MACD. Clasificación: seguimiento.",OK,
LSEG.L,LONDON STOCK EXCHANGE GROUP PLC,EUROSTOXX,1.0,script-v2.0,1.0,2026-10-08T14:40:02.780198+02:00,61.8,55.1,85.0,29.0,0.0,7.0,82.0,55.0,27.0,1350574.0,2.96,,,16.86,30.5,-162.9014,True,91.6,88.2,False,8713.44,-2.8,True,False,False,,pass,descarte,pendiente,0.0,desconocido,Pendiente de implementar,parcial,"eps_stabilization (media): EPS 2.37 vs 1.28 (annual_eps_fallback) | dividend_maintained (baja): Dividendo actual 0.02% con caída del 16.4% | analyst_upgrade (media): Target 11648.12 vs precio 8472.00 (+37%), recMean 1.50, recKey strong_buy",fuerte,descarte,8155.93,8472.0,8155.93 - 8472.00,8619.0,8695.59,8619.00 - 8695.59,Pérdida del soporte en 8155.93 | ROE negativo durante 2 trimestres consecutivos | Ampliación de capital dilutiva | Recorte de rating a bono basura,6-12,"LONDON STOCK EXCHANGE GROUP PLC está un 16.4% por debajo de su máximo 52s. Fundamentalmente aceptable con ROE 7.7%, deuda neta/EBITDA 3.0x. Técnicamente 🟢 Cruce alcista MACD, 🟢 Cerca de soporte. Clasificación: descarte.","LONDON STOCK EXCHANGE GROUP PLC está un 16.4% por debajo de su máximo 52s. Fundamentalmente aceptable con ROE 7.7%, deuda neta/EBITDA 3.0x. Técnicamente 🟢 Cruce alcista MACD, 🟢 Cerca de soporte. Clasificación: descarte.",OK,
000660.KS,SK hynix,ASIA,1.0,script-v2.0,1.0,2026-10-08T14:41:43.736907+02:00,61.5,69.0,77.0,62.0,0.0,15.0,39.0,27.0,12.0,4525899.0,-0.47,-3.3,4.1,8.07,43.7,96751.5686,False,0.0,19.4,False,1517578.31,10.8,True,False,True,,pass,pendiente_confirmacion,pendiente,0.0,desconocido,Pendiente de implementar,confirmada,"margin_stabilization (media): Margen gross 83.2% vs 79.3% (+3.9 pp) | eps_stabilization (media): EPS 131478.00 vs 56670.00 (Diluted EPS) | debt_reduction (alta): Deuda 21113138.6M vs 21832416.0M | dividend_maintained (baja): Dividendo actual 0.09% con caída del 43.7% | analyst_upgrade (media): Target 3141024.80 vs precio 1681000.00 (+87%), recMean 1.33, recKey strong_buy",incompleto,pendiente_confirmacion,1563887.49,1678321.87,1563887.49 - 1678321.87,1434975.28,2538950.0,1434975.28 - 2538950.00,Pérdida del soporte en 1563887.49 | ROE negativo durante 2 trimestres consecutivos | Ampliación de capital dilutiva | Recorte de rating a bono basura,18-24,"SK hynix está un 43.7% por debajo de su máximo 52s. Fundamentalmente sólida con ROE 92.7%, deuda neta/EBITDA -0.5x. Técnicamente 🟢 Divergencia alcista RSI, 🟢 base_pattern_detected. Clasificación: pendiente_confirmacion.","SK hynix está un 43.7% por debajo de su máximo 52s. Fundamentalmente sólida con ROE 92.7%, deuda neta/EBITDA -0.5x. Técnicamente 🟢 Divergencia alcista RSI, 🟢 base_pattern_detected. Clasificación: pendiente_confirmacion.",OK,
IMB.L,IMPERIAL BRANDS PLC ORD 10P,EUROSTOXX,1.0,script-v2.0,1.0,2026-10-08T14:40:02.279091+02:00,61.4,61.2,66.0,57.0,0.0,4.0,62.0,35.0,27.0,2819663.0,2.67,12.4,,7.73,28.4,-117.3245,True,94.1,73.6,False,2846.41,-8.6,True,False,True,Sin señales de recuperación,pass,seguimiento,pendiente,0.0,desconocido,Pendiente de implementar,ausente,"dividend_maintained (baja): Dividendo actual 0.06% con caída del 28.4% | analyst_upgrade (media): Target 3259.09 vs precio 2601.00 (+25%), recMean 1.83, recKey buy",razonable,seguimiento,2440.33,2549.29,2440.33 - 2549.29,2855.81,3087.23,2855.81 - 3087.23,Pérdida del soporte en 2440.33 | ROE negativo durante 2 trimestres consecutivos | Ampliación de capital dilutiva | Recorte de rating a bono basura,12-18,"IMPERIAL BRANDS PLC ORD 10P está un 28.4% por debajo de su máximo 52s. Fundamentalmente sólida con ROE 37.2%, deuda neta/EBITDA 2.7x. Técnicamente 🟢 Divergencia alcista RSI, 🟢 MACD semanal girando al alza. Clasificación: seguimiento.","IMPERIAL BRANDS PLC ORD 10P está un 28.4% por debajo de su máximo 52s. Fundamentalmente sólida con ROE 37.2%, deuda neta/EBITDA 2.7x. Técnicamente 🟢 Divergencia alcista RSI, 🟢 MACD semanal girando al alza. Clasificación: seguimiento.",OK,
LMT,Lockheed Martin Corporation,SP500,1.0,script-v2.0,1.0,2026-10-08T14:40:35.215506+02:00,61.3,64.1,87.0,44.0,0.0,15.0,53.0,41.0,12.0,1133818.0,1.73,-0.8,0.0,13.63,26.9,-7.3377,False,1.7,15.4,False,561.88,-11.2,True,False,True,,pass,entrada_escalada,pendiente,0.0,desconocido,Pendiente de implementar,confirmada,"margin_stabilization (media): Margen gross 12.2% vs 11.5% (+0.7 pp) | eps_stabilization (media): EPS 7.94 vs 6.44 (Diluted EPS) | debt_reduction (alta): Deuda 20538.0M vs 20697.0M | dividend_maintained (baja): Dividendo actual 2.76% con caída del 27.9% | analyst_upgrade (media): Target 630.85 vs precio 499.22 (+26%), recMean 2.36, recKey buy",razonable,entrada_escalada,474.26,499.22,474.26 - 499.22,557.53,588.2,557.53 - 588.20,Pérdida del soporte en 474.26 | ROE negativo durante 2 trimestres consecutivos | Ampliación de capital dilutiva | Recorte de rating a bono basura,12-18,"Lockheed Martin Corporation está un 27.9% por debajo de su máximo 52s. Fundamentalmente sólida con ROE 89.2%, deuda neta/EBITDA 1.7x. Técnicamente 🔵 RSI en sobreventa, 🟢 base_pattern_detected. Clasificación: entrada_escalada.","Lockheed Martin Corporation está un 27.9% por debajo de su máximo 52s. Fundamentalmente sólida con ROE 89.2%, deuda neta/EBITDA 1.7x. Técnicamente 🔵 RSI en sobreventa, 🟢 base_pattern_detected. Clasificación: entrada_escalada.",OK,
8031.T,MITSUI & CO,ASIA,1.0,script-v2.0,1.0,2026-10-08T14:41:27.938059+02:00,60.8,60.4,78.0,45.0,0.0,7.0,62.0,45.0,17.0,6115055.0,6.44,21.5,,24.71,27.6,-37.074,False,17.7,27.5,False,5213.58,-8.6,True,False,True,,pass,seguimiento,pendiente,0.0,desconocido,Pendiente de implementar,parcial,"eps_stabilization (media): EPS 103.65 vs 66.63 (Diluted EPS) | dividend_maintained (baja): Dividendo actual 2.73% con caída del 28.6% | analyst_upgrade (media): Target 6209.17 vs precio 4764.00 (+30%), recMean 2.08, recKey buy",razonable,seguimiento,4662.94,4764.0,4662.94 - 4764.00,5148.83,5673.75,5148.83 - 5673.75,Pérdida del soporte en 4662.94 | ROE negativo durante 2 trimestres consecutivos | Ampliación de capital dilutiva | Recorte de rating a bono basura,12-18,"MITSUI & CO está un 28.6% por debajo de su máximo 52s. Fundamentalmente sólida con ROE 11.4%, deuda neta/EBITDA 6.4x. Técnicamente 🟢 Bajo SMA200 con SMA50 girando, 🟢 Cerca de soporte. Clasificación: seguimiento.","MITSUI & CO está un 28.6% por debajo de su máximo 52s. Fundamentalmente sólida con ROE 11.4%, deuda neta/EBITDA 6.4x. Técnicamente 🟢 Bajo SMA200 con SMA50 girando, 🟢 Cerca de soporte. Clasificación: seguimiento.",OK,
D,"Dominion Energy, Inc.",SP500,1.0,script-v2.0,1.0,2026-10-08T14:40:43.815049+02:00,60.8,56.7,70.0,45.0,0.0,4.0,73.0,68.0,5.0,4169081.0,6.43,4.2,-0.0,13.6,14.8,-0.2292,False,41.7,41.3,False,63.71,-3.4,False,False,False,Sin señales de recuperación,pass,descarte,pendiente,0.0,desconocido,Pendiente de implementar,ausente,margin_stabilization (media): Margen gross 45.7% vs 44.2% (+1.6 pp) | dividend_maintained (baja): Dividendo actual 4.34% con caída del 15.7%,fuerte,descarte,59.75,61.53,59.75 - 61.53,62.04,63.33,62.04 - 63.33,Pérdida del soporte en 59.75 | ROE negativo durante 2 trimestres consecutivos | Ampliación de capital dilutiva | Recorte de rating a bono basura,6-12,"Dominion Energy, Inc. está un 15.7% por debajo de su máximo 52s. Fundamentalmente aceptable con ROE 8.3%, deuda neta/EBITDA 6.4x. Técnicamente 🔵 RSI recuperándose de sobreventa, 🟢 Cruce alcista MACD. Clasificación: descarte.","Dominion Energy, Inc. está un 15.7% por debajo de su máximo 52s. Fundamentalmente aceptable con ROE 8.3%, deuda neta/EBITDA 6.4x. Técnicamente 🔵 RSI recuperándose de sobreventa, 🟢 Cruce alcista MACD. Clasificación: descarte.",OK,
6758.T,SONY GROUP CORPORATION,ASIA,1.0,script-v2.0,1.0,2026-10-08T14:41:25.404853+02:00,60.5,68.7,89.0,51.0,0.0,10.0,36.0,24.0,12.0,15744105.0,-0.14,12.0,0.2,10.62,21.7,63.656,False,46.9,61.2,False,3495.25,6.0,True,False,True,,pass,pendiente_confirmacion,pendiente,0.0,desconocido,Pendiente de implementar,parcial,"margin_stabilization (media): Margen gross 36.7% vs 30.8% (+5.9 pp) | eps_stabilization (media): EPS 57.82 vs 13.89 (Diluted EPS) | dividend_maintained (baja): Dividendo actual 0.94% con caída del 22.4% | analyst_upgrade (media): Target 4845.22 vs precio 3706.00 (+31%), recMean 1.35, recKey strong_buy",incompleto,pendiente_confirmacion,3471.29,3706.0,3471.29 - 3706.00,3537.05,4059.6,3537.05 - 4059.60,Pérdida del soporte en 3471.29 | ROE negativo durante 2 trimestres consecutivos | Ampliación de capital dilutiva | Recorte de rating a bono basura,6-12,"SONY GROUP CORPORATION está un 22.4% por debajo de su máximo 52s. Fundamentalmente sólida con ROE 13.2%, deuda neta/EBITDA -0.1x. Técnicamente 🟢 base_pattern_detected. Clasificación: pendiente_confirmacion.","SONY GROUP CORPORATION está un 22.4% por debajo de su máximo 52s. Fundamentalmente sólida con ROE 13.2%, deuda neta/EBITDA -0.1x. Técnicamente 🟢 base_pattern_detected. Clasificación: pendiente_confirmacion.",OK,
BEN.AX,BEN ADE BK FPO [BEN],ASX,1.0,script-v2.0,1.0,2026-10-08T14:41:17.193275+02:00,60.3,59.7,56.0,63.0,0.0,4.0,62.0,45.0,17.0,1519454.0,,13.3,,,19.0,-0.0243,False,35.8,35.0,False,10.32,-0.9,True,False,False,Sin señales de recuperación,pass,descarte,pendiente,0.0,desconocido,Pendiente de implementar,ausente,eps_stabilization (media): EPS 0.63 vs -0.17 (annual_eps_fallback) | dividend_maintained (baja): Dividendo actual 6.45% con caída del 22.7%,razonable,descarte,10.01,10.23,10.01 - 10.23,10.31,11.25,10.31 - 11.25,Pérdida del soporte en 10.01 | ROE negativo durante 2 trimestres consecutivos | Ampliación de capital dilutiva | Recorte de rating a bono basura,6-12,"BEN ADE BK FPO [BEN] está un 22.7% por debajo de su máximo 52s. Fundamentalmente aceptable con ROE 5.6%, dividendo 6.5%. Técnicamente 🟡 MACD convergiendo, 🟢 Cerca de soporte. Clasificación: descarte.","BEN ADE BK FPO [BEN] está un 22.7% por debajo de su máximo 52s. Fundamentalmente aceptable con ROE 5.6%, dividendo 6.5%. Técnicamente 🟡 MACD convergiendo, 🟢 Cerca de soporte. Clasificación: descarte.",OK,
MUV2.DE,MUENCHENER RUECKVERS.-GES. AG N,EUROSTOXX,1.0,script-v2.0,1.0,2026-10-08T14:39:06.865959+02:00,60.1,63.8,99.0,33.0,0.0,7.0,49.0,44.0,5.0,272853.0,,9.4,2.4,,11.4,3.4033,False,88.7,88.4,False,502.81,2.9,False,False,True,,pass,seguimiento,pendiente,0.0,desconocido,Pendiente de implementar,parcial,margin_stabilization (media): Margen operating 15.6% vs 13.7% (+1.9 pp) | eps_stabilization (media): EPS 17.50 vs 13.41 (Diluted EPS) | dividend_maintained (baja): Dividendo actual 4.64% con caída del 10.1%,razonable,seguimiento,501.29,513.3,501.29 - 513.30,489.26,503.3,489.26 - 503.30,Pérdida del soporte en 501.29 | ROE negativo durante 2 trimestres consecutivos | Ampliación de capital dilutiva | Recorte de rating a bono basura,6-12,"MUENCHENER RUECKVERS.-GES. AG N está un 10.1% por debajo de su máximo 52s. Fundamentalmente sólida con ROE 21.3%, D/E 0.24. Técnicamente 🟢 Cruce alcista MACD, 🟢 Cerca de soporte. Clasificación: seguimiento.","MUENCHENER RUECKVERS.-GES. AG N está un 10.1% por debajo de su máximo 52s. Fundamentalmente sólida con ROE 21.3%, D/E 0.24. Técnicamente 🟢 Cruce alcista MACD, 🟢 Cerca de soporte. Clasificación: seguimiento.",OK,
0002.HK,CLP HOLDINGS,ASIA,1.0,script-v2.0,1.0,2026-10-08T14:41:36.337682+02:00,60.0,60.7,89.0,36.0,0.0,1.0,58.0,53.0,5.0,3263010.0,2.63,9.8,,11.13,4.2,1.2053,False,43.1,36.5,False,74.44,2.1,False,False,True,Sin señales de recuperación,pass,seguimiento,pendiente,0.0,desconocido,Pendiente de implementar,ausente,dividend_maintained (baja): Dividendo actual 4.21% con caída del 4.8%,razonable,seguimiento,74.47,76.0,74.47 - 76.00,67.83,73.84,67.83 - 73.84,Pérdida del soporte en 74.47 | ROE negativo durante 2 trimestres consecutivos | Ampliación de capital dilutiva | Recorte de rating a bono basura,6-12,"CLP HOLDINGS está un 4.8% por debajo de su máximo 52s. Fundamentalmente sólida con ROE 10.1%, deuda neta/EBITDA 2.6x. Técnicamente 🔵 RSI recuperándose de sobreventa, 🟡 MACD convergiendo. Clasificación: seguimiento.","CLP HOLDINGS está un 4.8% por debajo de su máximo 52s. Fundamentalmente sólida con ROE 10.1%, deuda neta/EBITDA 2.6x. Técnicamente 🔵 RSI recuperándose de sobreventa, 🟡 MACD convergiendo. Clasificación: seguimiento.",OK,
WKL.AS,WOLTERS KLUWER,EUROSTOXX,1.0,script-v2.0,1.0,2026-10-08T14:39:34.556242+02:00,60.0,64.0,72.0,57.0,0.0,7.0,48.0,30.0,18.0,1250856.0,2.08,12.5,,10.21,57.5,0.0332,False,85.9,84.7,False,65.6,10.9,True,True,True,,pass,seguimiento,pendiente,0.0,desconocido,Pendiente de implementar,parcial,"eps_stabilization (media): EPS 5.64 vs 4.52 (annual_eps_fallback) | dividend_maintained (baja): Dividendo actual 3.57% con caída del 36.8% | analyst_upgrade (media): Target 89.78 vs precio 72.76 (+23%), recMean 1.69, recKey buy",razonable,seguimiento,66.5,68.73,66.50 - 68.73,66.04,97.88,66.04 - 97.88,Pérdida del soporte en 66.50 | ROE negativo durante 2 trimestres consecutivos | Ampliación de capital dilutiva | Recorte de rating a bono basura,12-18,"WOLTERS KLUWER está un 36.8% por debajo de su máximo 52s. Fundamentalmente sólida con ROE 146.1%, deuda neta/EBITDA 2.1x. Técnicamente 🟢 Cruce alcista MACD, 🟢 base_pattern_detected. Clasificación: seguimiento.","WOLTERS KLUWER está un 36.8% por debajo de su máximo 52s. Fundamentalmente sólida con ROE 146.1%, deuda neta/EBITDA 2.1x. Técnicamente 🟢 Cruce alcista MACD, 🟢 base_pattern_detected. Clasificación: seguimiento.",OK,
005930.KS,SamsungElec,ASIA,1.0,script-v2.0,1.0,2026-10-08T14:41:43.494801+02:00,59.8,67.3,78.0,58.0,0.0,15.0,37.0,25.0,12.0,23139196.0,-0.74,-20.4,3.3,7.09,30.0,12062.0121,False,38.2,53.6,False,240856.45,8.8,True,False,True,,pass,pendiente_confirmacion,pendiente,0.0,desconocido,Pendiente de implementar,confirmada,"margin_stabilization (media): Margen gross 69.6% vs 61.2% (+8.4 pp) | eps_stabilization (media): EPS 10733.00 vs 7056.00 (Diluted EPS) | debt_reduction (alta): Deuda 22408721.3M vs 28138794.0M | dividend_maintained (baja): Dividendo actual 0.57% con caída del 30.0% | analyst_upgrade (media): Target 478627.88 vs precio 262000.00 (+83%), recMean 1.36, recKey strong_buy",incompleto,pendiente_confirmacion,244785.71,257080.0,244785.71 - 257080.00,228752.62,318325.0,228752.62 - 318325.00,Pérdida del soporte en 244785.71 | ROE negativo durante 2 trimestres consecutivos | Ampliación de capital dilutiva | Recorte de rating a bono basura,12-18,"SamsungElec está un 30.0% por debajo de su máximo 52s. Fundamentalmente sólida con ROE 30.8%, deuda neta/EBITDA -0.7x. Técnicamente 🟢 Divergencia alcista RSI, 🟢 base_pattern_detected. Clasificación: pendiente_confirmacion.","SamsungElec está un 30.0% por debajo de su máximo 52s. Fundamentalmente sólida con ROE 30.8%, deuda neta/EBITDA -0.7x. Técnicamente 🟢 Divergencia alcista RSI, 🟢 base_pattern_detected. Clasificación: pendiente_confirmacion.",OK,
0083.HK,SINO LAND,ASIA,1.0,script-v2.0,1.0,2026-10-08T14:41:39.155138+02:00,59.6,55.8,59.0,53.0,0.0,7.0,71.0,44.0,27.0,7693946.0,-17.57,107.0,,15.27,23.7,-0.306,True,65.3,60.4,False,11.24,-9.9,True,False,False,,pass,descarte,pendiente,0.0,desconocido,Pendiente de implementar,parcial,"eps_stabilization (media): EPS 0.49 vs 0.45 (annual_eps_fallback) | dividend_maintained (baja): Dividendo actual 5.73% con caída del 23.8% | analyst_upgrade (media): Target 12.80 vs precio 10.13 (+26%), recMean 1.60, recKey buy",fuerte,descarte,9.62,10.13,9.62 - 10.13,11.17,11.3,11.17 - 11.30,Pérdida del soporte en 9.62 | ROE negativo durante 2 trimestres consecutivos | Ampliación de capital dilutiva | Recorte de rating a bono basura,6-12,"SINO LAND está un 23.8% por debajo de su máximo 52s. Fundamentalmente aceptable con ROE 2.7%, deuda neta/EBITDA -17.6x. Técnicamente 🟢 Divergencia alcista RSI, 🟢 MACD semanal girando al alza. Clasificación: descarte.","SINO LAND está un 23.8% por debajo de su máximo 52s. Fundamentalmente aceptable con ROE 2.7%, deuda neta/EBITDA -17.6x. Técnicamente 🟢 Divergencia alcista RSI, 🟢 MACD semanal girando al alza. Clasificación: descarte.",OK,
AMT,American Tower Corporation (REI,SP500,1.0,script-v2.0,1.0,2026-10-08T14:40:46.589572+02:00,59.5,58.7,63.0,55.0,0.0,12.0,62.0,45.0,17.0,2598703.0,6.14,-0.3,-0.0,18.05,25.5,-2.252,False,39.5,26.7,False,173.85,-4.4,True,False,False,,pass,descarte,pendiente,0.0,desconocido,Pendiente de implementar,confirmada,"eps_stabilization (media): EPS 1.86 vs 1.84 (Diluted EPS) | debt_reduction (alta): Deuda 44979.9M vs 45131.2M | dividend_maintained (baja): Dividendo actual 4.31% con caída del 15.2% | analyst_upgrade (media): Target 215.74 vs precio 166.18 (+30%), recMean 1.52, recKey buy",razonable,descarte,157.87,166.18,157.87 - 166.18,166.67,173.14,166.67 - 173.14,Pérdida del soporte en 157.87 | ROE negativo durante 2 trimestres consecutivos | Ampliación de capital dilutiva | Recorte de rating a bono basura,6-12,"American Tower Corporation (REI está un 15.2% por debajo de su máximo 52s. Fundamentalmente aceptable con ROE 33.9%, deuda neta/EBITDA 6.1x. Técnicamente 🟢 Divergencia alcista RSI, 🟡 MACD convergiendo. Clasificación: descarte.","American Tower Corporation (REI está un 15.2% por debajo de su máximo 52s. Fundamentalmente aceptable con ROE 33.9%, deuda neta/EBITDA 6.1x. Técnicamente 🟢 Divergencia alcista RSI, 🟡 MACD convergiendo. Clasificación: descarte.",OK,
ULVR.L,UNILEVER PLC ORD 3.5P,EUROSTOXX,1.0,script-v2.0,1.0,2026-10-08T14:39:55.009618+02:00,59.4,62.5,86.0,42.0,0.0,1.0,50.0,45.0,5.0,3462111.0,2.41,,,11.75,16.5,3.4478,False,56.8,50.2,False,4631.27,-0.2,False,False,True,Sin señales de recuperación,pass,seguimiento,pendiente,0.0,desconocido,Pendiente de implementar,ausente,dividend_maintained (baja): Dividendo actual 0.04% con caída del 16.6%,razonable,seguimiento,4541.22,4624.0,4541.22 - 4624.00,4641.47,4710.79,4641.47 - 4710.79,Pérdida del soporte en 4541.22 | ROE negativo durante 2 trimestres consecutivos | Ampliación de capital dilutiva | Recorte de rating a bono basura,6-12,"UNILEVER PLC ORD 3.5P está un 16.6% por debajo de su máximo 52s. Fundamentalmente sólida con ROE 31.9%, deuda neta/EBITDA 2.4x. Técnicamente 🟡 MACD convergiendo, 🟢 Cerca de soporte. Clasificación: seguimiento.","UNILEVER PLC ORD 3.5P está un 16.6% por debajo de su máximo 52s. Fundamentalmente sólida con ROE 31.9%, deuda neta/EBITDA 2.4x. Técnicamente 🟡 MACD convergiendo, 🟢 Cerca de soporte. Clasificación: seguimiento.",OK,
AVGO,Broadcom Inc.,SP500,1.0,script-v2.0,1.0,2026-10-08T14:40:57.467277+02:00,59.4,57.9,100.0,21.0,0.0,15.0,64.0,37.0,27.0,22362704.0,0.68,-8.5,6.8,35.07,23.7,-1.5321,True,88.5,87.4,False,367.38,2.5,True,False,False,,pass,descarte,pendiente,0.0,desconocido,Pendiente de implementar,confirmada,"margin_stabilization (media): Margen gross 69.1% vs 69.5% (-0.3 pp) | eps_stabilization (media): EPS 2.68 vs 1.91 (Diluted EPS) | debt_reduction (alta): Deuda 59419.0M vs 64907.0M | dividend_maintained (baja): Dividendo actual 0.69% con caída del 23.9% | analyst_upgrade (media): Target 531.31 vs precio 376.51 (+41%), recMean 1.26, recKey strong_buy",razonable,descarte,372.09,373.18,372.09 - 373.18,366.88,420.75,366.88 - 420.75,Pérdida del soporte en 373.18 | ROE negativo durante 2 trimestres consecutivos | Ampliación de capital dilutiva | Recorte de rating a bono basura,6-12,"Broadcom Inc. está un 23.9% por debajo de su máximo 52s. Fundamentalmente aceptable con ROE 44.2%, deuda neta/EBITDA 0.7x. Técnicamente 🟢 Divergencia alcista RSI, 🟢 Cerca de soporte. Clasificación: descarte.","Broadcom Inc. está un 23.9% por debajo de su máximo 52s. Fundamentalmente aceptable con ROE 44.2%, deuda neta/EBITDA 0.7x. Técnicamente 🟢 Divergencia alcista RSI, 🟢 Cerca de soporte. Clasificación: descarte.",OK,
SWK,"Stanley Black & Decker, Inc.",SP500,1.0,script-v2.0,1.0,2026-10-08T14:40:14.091581+02:00,59.0,62.1,85.0,42.0,0.0,12.0,50.0,50.0,0.0,1752921.0,2.58,-19.8,0.3,10.03,14.9,3.4174,False,37.6,53.3,False,83.62,5.6,False,False,True,,pass,entrada_escalada,pendiente,0.0,desconocido,Pendiente de implementar,confirmada,margin_stabilization (media): Margen gross 33.0% vs 30.1% (+2.9 pp) | eps_stabilization (media): EPS 2.33 vs 0.39 (Diluted EPS) | debt_reduction (alta): Deuda 5211.5M vs 6501.2M | dividend_maintained (baja): Dividendo actual 3.80% con caída del 15.6%,razonable,entrada_escalada,85.76,88.31,85.76 - 88.31,82.72,88.98,82.72 - 88.98,Pérdida del soporte en 85.76 | ROE negativo durante 2 trimestres consecutivos | Ampliación de capital dilutiva | Recorte de rating a bono basura,6-12,"Stanley Black & Decker, Inc. está un 15.6% por debajo de su máximo 52s. Fundamentalmente sólida con ROE 6.9%, deuda neta/EBITDA 2.6x. Técnicamente 🟢 Cruce alcista MACD, 🟢 Cerca de soporte. Clasificación: entrada_escalada.","Stanley Black & Decker, Inc. está un 15.6% por debajo de su máximo 52s. Fundamentalmente sólida con ROE 6.9%, deuda neta/EBITDA 2.6x. Técnicamente 🟢 Cruce alcista MACD, 🟢 Cerca de soporte. Clasificación: entrada_escalada.",OK,
AFL,AFLAC Incorporated,SP500,1.0,script-v2.0,1.0,2026-10-08T14:40:19.615401+02:00,58.9,57.3,85.0,33.0,0.0,1.0,64.0,59.0,5.0,2054546.0,1.19,104.6,-6.9,10.51,13.0,0.1142,False,40.2,40.1,False,114.42,-1.5,False,False,False,Sin señales de recuperación,pass,descarte,pendiente,0.0,desconocido,Pendiente de implementar,ausente,dividend_maintained (baja): Dividendo actual 2.16% con caída del 13.4%,razonable,descarte,107.1,112.74,107.10 - 112.74,110.69,114.19,110.69 - 114.19,Pérdida del soporte en 107.10 | ROE negativo durante 2 trimestres consecutivos | Ampliación de capital dilutiva | Recorte de rating a bono basura,6-12,"AFLAC Incorporated está un 13.4% por debajo de su máximo 52s. Fundamentalmente aceptable con ROE 16.9%, deuda neta/EBITDA 1.2x. Técnicamente 🔵 RSI recuperándose de sobreventa, 🟢 Cruce alcista MACD. Clasificación: descarte.","AFLAC Incorporated está un 13.4% por debajo de su máximo 52s. Fundamentalmente aceptable con ROE 16.9%, deuda neta/EBITDA 1.2x. Técnicamente 🔵 RSI recuperándose de sobreventa, 🟢 Cruce alcista MACD. Clasificación: descarte.",OK,
ORG.AX,ORIGIN ENE FPO [ORG],ASX,1.0,script-v2.0,1.0,2026-10-08T14:41:12.656539+02:00,58.9,59.9,94.0,30.0,0.0,4.0,56.0,39.0,17.0,4144247.0,2.41,3.4,,13.44,10.5,0.0313,False,46.7,28.8,False,11.16,0.4,True,False,False,Sin señales de recuperación,pass,descarte,pendiente,0.0,desconocido,Pendiente de implementar,ausente,eps_stabilization (media): EPS 0.91 vs 0.86 (annual_eps_fallback) | dividend_maintained (baja): Dividendo actual 5.36% con caída del 12.8%,razonable,descarte,11.11,11.2,11.11 - 11.20,10.91,11.1,10.91 - 11.10,Pérdida del soporte en 11.11 | ROE negativo durante 2 trimestres consecutivos | Ampliación de capital dilutiva | Recorte de rating a bono basura,6-12,"ORIGIN ENE FPO [ORG] está un 12.8% por debajo de su máximo 52s. Fundamentalmente aceptable con ROE 15.7%, deuda neta/EBITDA 2.4x. Técnicamente 🟡 MACD convergiendo, 🟢 Cerca de soporte. Clasificación: descarte.","ORIGIN ENE FPO [ORG] está un 12.8% por debajo de su máximo 52s. Fundamentalmente aceptable con ROE 15.7%, deuda neta/EBITDA 2.4x. Técnicamente 🟡 MACD convergiendo, 🟢 Cerca de soporte. Clasificación: descarte.",OK,
ABI.BR,AB INBEV,EUROSTOXX,1.0,script-v2.0,1.0,2026-10-08T14:39:42.616109+02:00,58.6,63.5,95.0,36.0,0.0,15.0,44.0,39.0,5.0,1669306.0,3.28,-0.4,0.0,10.4,10.9,0.6945,False,70.9,62.8,False,66.31,2.3,False,False,True,,pass,pendiente_confirmacion,pendiente,0.0,desconocido,Pendiente de implementar,confirmada,"margin_stabilization (media): Margen gross 57.5% vs 56.6% (+0.9 pp) | eps_stabilization (media): EPS 1.90 vs 1.30 (Diluted EPS) | debt_reduction (alta): Deuda 72732.0M vs 73027.0M | dividend_maintained (baja): Dividendo actual 1.69% con caída del 10.9% | analyst_upgrade (media): Target 83.72 vs precio 67.86 (+23%), recMean 1.60, recKey buy",incompleto,pendiente_confirmacion,61.2,67.86,61.20 - 67.86,64.75,65.91,64.75 - 65.91,Pérdida del soporte en 61.20 | ROE negativo durante 2 trimestres consecutivos | Ampliación de capital dilutiva | Recorte de rating a bono basura,6-12,"AB INBEV está un 10.9% por debajo de su máximo 52s. Fundamentalmente sólida con ROE 11.4%, deuda neta/EBITDA 3.3x. Técnicamente 🟢 Cruce alcista MACD, 🟡 Apoyo en MA40 semanal. Clasificación: pendiente_confirmacion.","AB INBEV está un 10.9% por debajo de su máximo 52s. Fundamentalmente sólida con ROE 11.4%, deuda neta/EBITDA 3.3x. Técnicamente 🟢 Cruce alcista MACD, 🟡 Apoyo en MA40 semanal. Clasificación: pendiente_confirmacion.",OK,
F,Ford Motor Company,SP500,1.0,script-v2.0,1.0,2026-10-08T14:40:51.941385+02:00,58.5,51.1,42.0,59.0,0.0,4.0,81.0,64.0,17.0,47592939.0,18.47,2.4,5.0,24.8,31.1,-0.1013,False,12.4,14.7,False,13.32,-9.0,True,False,False,Sin señales de recuperación,pass,descarte,pendiente,0.0,desconocido,Pendiente de implementar,ausente,"dividend_maintained (baja): Dividendo actual 4.95% con caída del 31.8% | analyst_upgrade (media): Target 15.81 vs precio 12.12 (+30%), recMean 2.35, recKey buy",fuerte,descarte,11.79,12.12,11.79 - 12.12,13.26,15.11,13.26 - 15.11,Pérdida del soporte en 11.79 | ROE negativo durante 2 trimestres consecutivos | Ampliación de capital dilutiva | Recorte de rating a bono basura,12-18,"Ford Motor Company está un 31.8% por debajo de su máximo 52s. Fundamentalmente aceptable con ROE -18.3%, deuda neta/EBITDA 18.5x. Técnicamente 🔵 RSI en sobreventa, 🟡 MACD convergiendo. Clasificación: descarte.","Ford Motor Company está un 31.8% por debajo de su máximo 52s. Fundamentalmente aceptable con ROE -18.3%, deuda neta/EBITDA 18.5x. Técnicamente 🔵 RSI en sobreventa, 🟡 MACD convergiendo. Clasificación: descarte.",OK,
UNH,UnitedHealth Group Incorporated,SP500,1.0,script-v2.0,1.0,2026-10-08T14:40:27.014613+02:00,58.2,61.6,100.0,28.0,0.0,9.0,48.0,48.0,0.0,4909037.0,1.57,-5.9,0.2,14.5,37.5,6.526,False,64.1,74.0,False,355.55,5.7,False,False,True,,pass,seguimiento,pendiente,0.0,desconocido,Pendiente de implementar,parcial,"debt_reduction (alta): Deuda 73328.0M vs 77917.0M | dividend_maintained (baja): Dividendo actual 2.47% con caída del 18.6% | analyst_upgrade (media): Target 481.72 vs precio 375.98 (+28%), recMean 1.58, recKey buy",razonable,seguimiento,357.18,375.98,357.18 - 375.98,353.34,392.38,353.34 - 392.38,Pérdida del soporte en 357.18 | ROE negativo durante 2 trimestres consecutivos | Ampliación de capital dilutiva | Recorte de rating a bono basura,6-12,"UnitedHealth Group Incorporated está un 18.6% por debajo de su máximo 52s. Fundamentalmente sólida con ROE 14.2%, deuda neta/EBITDA 1.6x. Técnicamente 🟢 Divergencia alcista RSI, 🟢 Cruce alcista MACD. Clasificación: seguimiento.","UnitedHealth Group Incorporated está un 18.6% por debajo de su máximo 52s. Fundamentalmente sólida con ROE 14.2%, deuda neta/EBITDA 1.6x. Técnicamente 🟢 Divergencia alcista RSI, 🟢 Cruce alcista MACD. Clasificación: seguimiento.",OK,
AIR.PA,AIRBUS SE,EUROSTOXX,1.0,script-v2.0,1.0,2026-10-08T14:39:13.676057+02:00,58.1,57.5,90.0,29.0,0.0,10.0,60.0,55.0,5.0,960929.0,0.13,30.4,0.9,16.61,14.1,2.3577,False,20.8,18.0,False,187.46,-0.4,False,False,False,,pass,descarte,pendiente,0.0,desconocido,Pendiente de implementar,parcial,"margin_stabilization (media): Margen gross 18.4% vs 12.3% (+6.1 pp) | eps_stabilization (media): EPS 2.10 vs 0.74 (Diluted EPS) | dividend_maintained (baja): Dividendo actual 1.71% con caída del 15.6% | analyst_upgrade (media): Target 230.96 vs precio 186.70 (+24%), recMean 1.79, recKey buy",razonable,descarte,168.4,186.7,168.40 - 186.70,188.11,188.12,188.11 - 188.12,Pérdida del soporte en 168.40 | ROE negativo durante 2 trimestres consecutivos | Ampliación de capital dilutiva | Recorte de rating a bono basura,6-12,"AIRBUS SE está un 15.6% por debajo de su máximo 52s. Fundamentalmente aceptable con ROE 23.2%, deuda neta/EBITDA 0.1x. Técnicamente 🔵 RSI en sobreventa, 🟡 MACD convergiendo. Clasificación: descarte.","AIRBUS SE está un 15.6% por debajo de su máximo 52s. Fundamentalmente aceptable con ROE 23.2%, deuda neta/EBITDA 0.1x. Técnicamente 🔵 RSI en sobreventa, 🟡 MACD convergiendo. Clasificación: descarte.",OK,
RTX,RTX Corporation,SP500,1.0,script-v2.0,1.0,2026-10-08T14:40:34.274089+02:00,57.7,58.7,96.0,26.0,0.0,15.0,55.0,50.0,5.0,4400975.0,1.92,-0.2,-0.0,17.32,20.4,0.8384,False,2.0,6.4,False,194.31,-7.2,False,False,False,,pass,descarte,pendiente,0.0,desconocido,Pendiente de implementar,confirmada,"margin_stabilization (media): Margen gross 20.8% vs 20.8% (-0.0 pp) | eps_stabilization (media): EPS 1.57 vs 1.51 (Diluted EPS) | debt_reduction (alta): Deuda 38856.0M vs 38935.0M | dividend_maintained (baja): Dividendo actual 1.62% con caída del 20.5% | analyst_upgrade (media): Target 231.14 vs precio 180.26 (+28%), recMean 1.83, recKey buy",razonable,descarte,172.71,180.26,172.71 - 180.26,192.85,193.91,192.85 - 193.91,Pérdida del soporte en 172.71 | ROE negativo durante 2 trimestres consecutivos | Ampliación de capital dilutiva | Recorte de rating a bono basura,6-12,"RTX Corporation está un 20.5% por debajo de su máximo 52s. Fundamentalmente aceptable con ROE 12.3%, deuda neta/EBITDA 1.9x. Técnicamente 🔵 RSI en sobreventa, 🟢 Cerca de soporte. Clasificación: descarte.","RTX Corporation está un 20.5% por debajo de su máximo 52s. Fundamentalmente aceptable con ROE 12.3%, deuda neta/EBITDA 1.9x. Técnicamente 🔵 RSI en sobreventa, 🟢 Cerca de soporte. Clasificación: descarte.",OK,
7751.T,CANON INC,ASIA,1.0,script-v2.0,1.0,2026-10-08T14:41:27.569147+02:00,57.6,68.5,92.0,48.0,0.0,1.0,25.0,19.0,6.0,3553596.0,0.72,34.2,,6.41,6.4,75.6898,False,74.4,75.5,False,4418.1,4.9,False,True,True,Sin señales de recuperación,pass,seguimiento,pendiente,0.0,desconocido,Pendiente de implementar,ausente,dividend_maintained (baja): Dividendo actual 3.45% con caída del 7.9%,incompleto,seguimiento,4273.29,4560.64,4273.29 - 4560.64,4278.05,4429.18,4278.05 - 4429.18,Pérdida del soporte en 4273.29 | ROE negativo durante 2 trimestres consecutivos | Ampliación de capital dilutiva | Recorte de rating a bono basura,6-12,"CANON INC está un 7.9% por debajo de su máximo 52s. Fundamentalmente sólida con ROE 10.4%, deuda neta/EBITDA 0.7x. Técnicamente 🟡 trendline_break. Clasificación: seguimiento.","CANON INC está un 7.9% por debajo de su máximo 52s. Fundamentalmente sólida con ROE 10.4%, deuda neta/EBITDA 0.7x. Técnicamente 🟡 trendline_break. Clasificación: seguimiento.",OK,
KPN.AS,KPN KON,EUROSTOXX,1.0,script-v2.0,1.0,2026-10-08T14:39:32.134724+02:00,57.4,55.8,75.0,39.0,0.0,4.0,62.0,45.0,17.0,10456109.0,2.85,3.9,-15.1,9.09,15.4,-0.0729,False,49.0,24.5,False,4.26,-6.4,True,False,False,Sin señales de recuperación,pass,descarte,pendiente,0.0,desconocido,Pendiente de implementar,ausente,margin_stabilization (media): Margen gross 67.9% vs 68.1% (-0.2 pp) | dividend_maintained (baja): Dividendo actual 4.77% con caída del 18.9%,razonable,descarte,3.78,3.98,3.78 - 3.98,4.17,4.24,4.17 - 4.24,Pérdida del soporte en 3.78 | ROE negativo durante 2 trimestres consecutivos | Ampliación de capital dilutiva | Recorte de rating a bono basura,6-12,"KPN KON está un 18.9% por debajo de su máximo 52s. Fundamentalmente aceptable con ROE 26.1%, deuda neta/EBITDA 2.9x. Técnicamente 🟢 Divergencia alcista RSI, 🟡 MACD convergiendo. Clasificación: descarte.","KPN KON está un 18.9% por debajo de su máximo 52s. Fundamentalmente aceptable con ROE 26.1%, deuda neta/EBITDA 2.9x. Técnicamente 🟢 Divergencia alcista RSI, 🟡 MACD convergiendo. Clasificación: descarte.",OK,
SHEL.L,SHELL PLC ORD EUR0.07,EUROSTOXX,1.0,script-v2.0,1.0,2026-10-08T14:39:52.338026+02:00,57.3,62.8,98.0,32.0,0.0,12.0,41.0,35.0,6.0,9976856.0,0.72,-3.4,9.3,4.27,0.4,147.4305,False,98.8,88.6,False,3208.47,16.7,False,True,True,,pass,pendiente_confirmacion,pendiente,0.0,desconocido,Pendiente de implementar,confirmada,margin_stabilization (media): Margen gross 19.5% vs 19.3% (+0.2 pp) | eps_stabilization (media): EPS 1.92 vs 1.00 (Diluted EPS) | debt_reduction (alta): Deuda 73076.0M vs 75644.0M | dividend_maintained (baja): Dividendo actual 0.03% con caída del 0.4%,incompleto,pendiente_confirmacion,3468.52,3473.35,3468.52 - 3473.35,3184.74,3194.72,3184.74 - 3194.72,Pérdida del soporte en 3473.35 | ROE negativo durante 2 trimestres consecutivos | Ampliación de capital dilutiva | Recorte de rating a bono basura,6-12,"SHELL PLC ORD EUR0.07 está un 0.4% por debajo de su máximo 52s. Fundamentalmente sólida con ROE 14.3%, deuda neta/EBITDA 0.7x. Técnicamente 🟢 Cruce alcista MACD, 🟡 trendline_break. Clasificación: pendiente_confirmacion.","SHELL PLC ORD EUR0.07 está un 0.4% por debajo de su máximo 52s. Fundamentalmente sólida con ROE 14.3%, deuda neta/EBITDA 0.7x. Técnicamente 🟢 Cruce alcista MACD, 🟡 trendline_break. Clasificación: pendiente_confirmacion.",OK,
OR.PA,L'OREAL,EUROSTOXX,1.0,script-v2.0,1.0,2026-10-08T14:39:22.148187+02:00,57.0,52.7,97.0,14.0,0.0,1.0,70.0,53.0,17.0,301287.0,1.22,40.3,,20.49,6.8,1.9593,False,20.1,21.1,False,373.67,-0.0,True,False,False,Sin señales de recuperación,pass,descarte,pendiente,0.0,desconocido,Pendiente de implementar,ausente,dividend_maintained (baja): Dividendo actual 1.93% con caída del 7.9%,fuerte,descarte,368.42,373.65,368.42 - 373.65,344.93,373.05,344.93 - 373.05,Pérdida del soporte en 368.42 | ROE negativo durante 2 trimestres consecutivos | Ampliación de capital dilutiva | Recorte de rating a bono basura,6-12,"L'OREAL está un 7.9% por debajo de su máximo 52s. Fundamentalmente aceptable con ROE 19.4%, deuda neta/EBITDA 1.2x. Técnicamente 🔵 RSI recuperándose de sobreventa, 🟡 MACD convergiendo. Clasificación: descarte.","L'OREAL está un 7.9% por debajo de su máximo 52s. Fundamentalmente aceptable con ROE 19.4%, deuda neta/EBITDA 1.2x. Técnicamente 🔵 RSI recuperándose de sobreventa, 🟡 MACD convergiendo. Clasificación: descarte.",OK,
ZURN.SW,ZURICH INSURANCE N,EUROSTOXX,1.0,script-v2.0,1.0,2026-10-08T14:39:51.384151+02:00,56.6,59.1,97.0,26.0,0.0,9.0,49.0,44.0,5.0,253050.0,-1.5,-2.1,,6.07,8.3,6.5712,False,36.0,34.8,False,563.55,1.9,False,False,False,,pass,descarte,pendiente,0.0,desconocido,Pendiente de implementar,parcial,eps_stabilization (media): EPS 47.20 vs 40.15 (annual_eps_fallback) | debt_reduction (alta): Deuda 15358.0M vs 15681.0M | dividend_maintained (baja): Dividendo actual 5.22% con caída del 8.3%,razonable,descarte,545.49,574.2,545.49 - 574.20,532.1,564.02,532.10 - 564.02,Pérdida del soporte en 545.49 | ROE negativo durante 2 trimestres consecutivos | Ampliación de capital dilutiva | Recorte de rating a bono basura,6-12,"ZURICH INSURANCE N está un 8.3% por debajo de su máximo 52s. Fundamentalmente aceptable con ROE 25.7%, deuda neta/EBITDA -1.5x. Técnicamente 🔵 RSI recuperándose de sobreventa, 🟡 MACD convergiendo. Clasificación: descarte.","ZURICH INSURANCE N está un 8.3% por debajo de su máximo 52s. Fundamentalmente aceptable con ROE 25.7%, deuda neta/EBITDA -1.5x. Técnicamente 🔵 RSI recuperándose de sobreventa, 🟡 MACD convergiendo. Clasificación: descarte.",OK,
IAG.AX,INSUR.AUST FPO [IAG],ASX,1.0,script-v2.0,1.0,2026-10-08T14:41:12.349034+02:00,56.5,55.3,90.0,25.0,0.0,4.0,60.0,48.0,12.0,4749967.0,0.6,128641.6,,10.12,6.9,0.1176,False,79.2,50.7,False,7.54,6.7,True,False,False,Sin señales de recuperación,pass,descarte,pendiente,0.0,desconocido,Pendiente de implementar,ausente,eps_stabilization (media): EPS 0.43 vs 0.39 (annual_eps_fallback) | dividend_maintained (baja): Dividendo actual 3.98% con caída del 7.8%,razonable,descarte,7.72,7.96,7.72 - 7.96,7.41,7.53,7.41 - 7.53,Pérdida del soporte en 7.72 | ROE negativo durante 2 trimestres consecutivos | Ampliación de capital dilutiva | Recorte de rating a bono basura,6-12,"INSUR.AUST FPO [IAG] está un 7.8% por debajo de su máximo 52s. Fundamentalmente aceptable con ROE 15.6%, deuda neta/EBITDA 0.6x. Técnicamente 🟢 Cruce alcista MACD, 🟢 Cerca de soporte. Clasificación: descarte.","INSUR.AUST FPO [IAG] está un 7.8% por debajo de su máximo 52s. Fundamentalmente aceptable con ROE 15.6%, deuda neta/EBITDA 0.6x. Técnicamente 🟢 Cruce alcista MACD, 🟢 Cerca de soporte. Clasificación: descarte.",OK,
QBE.AX,QBE INSUR. FPO [QBE],ASX,1.0,script-v2.0,1.0,2026-10-08T14:41:10.885534+02:00,56.5,64.3,100.0,33.0,0.0,4.0,33.0,33.0,0.0,3421949.0,-0.51,,,10.69,4.2,0.467,False,84.7,90.9,False,22.1,10.3,False,False,True,Sin señales de recuperación,pass,seguimiento,pendiente,0.0,desconocido,Pendiente de implementar,ausente,eps_stabilization (media): EPS 1.40 vs 1.19 (annual_eps_fallback) | dividend_maintained (baja): Dividendo actual 4.55% con caída del 5.7%,incompleto,seguimiento,22.99,24.12,22.99 - 24.12,21.96,21.96,21.96,Pérdida del soporte en 24.12 | ROE negativo durante 2 trimestres consecutivos | Ampliación de capital dilutiva | Recorte de rating a bono basura,6-12,"QBE INSUR. FPO [QBE] está un 5.7% por debajo de su máximo 52s. Fundamentalmente sólida con ROE 19.3%, deuda neta/EBITDA -0.5x. Técnicamente 🟢 Divergencia alcista RSI, 🟢 Cerca de soporte. Clasificación: seguimiento.","QBE INSUR. FPO [QBE] está un 5.7% por debajo de su máximo 52s. Fundamentalmente sólida con ROE 19.3%, deuda neta/EBITDA -0.5x. Técnicamente 🟢 Divergencia alcista RSI, 🟢 Cerca de soporte. Clasificación: seguimiento.",OK,
CA.PA,CARREFOUR,EUROSTOXX,1.0,script-v2.0,1.0,2026-10-08T14:39:15.547166+02:00,56.3,57.4,67.0,49.0,0.0,1.0,53.0,35.0,18.0,1907555.0,4.63,316.0,,7.99,5.4,0.3102,False,54.1,40.4,False,15.28,5.0,True,True,False,Sin señales de recuperación,pass,descarte,pendiente,0.0,desconocido,Pendiente de implementar,ausente,dividend_maintained (baja): Dividendo actual 6.04% con caída del 8.5%,razonable,descarte,15.6,16.04,15.60 - 16.04,14.91,15.24,14.91 - 15.24,Pérdida del soporte en 15.60 | ROE negativo durante 2 trimestres consecutivos | Ampliación de capital dilutiva | Recorte de rating a bono basura,6-12,"CARREFOUR está un 8.5% por debajo de su máximo 52s. Fundamentalmente aceptable con ROE 8.4%, deuda neta/EBITDA 4.6x. Técnicamente 🟡 MACD convergiendo, 🟢 Cerca de soporte. Clasificación: descarte.","CARREFOUR está un 8.5% por debajo de su máximo 52s. Fundamentalmente aceptable con ROE 8.4%, deuda neta/EBITDA 4.6x. Técnicamente 🟡 MACD convergiendo, 🟢 Cerca de soporte. Clasificación: descarte.",OK,
CBA.AX,CWLTH BANK FPO [CBA],ASX,1.0,script-v2.0,1.0,2026-10-08T14:41:00.453645+02:00,56.1,54.2,75.0,36.0,0.0,4.0,62.0,45.0,17.0,1995384.0,,67.1,,,19.3,-3.5465,False,10.5,41.0,False,162.94,-9.1,True,False,False,Sin señales de recuperación,pass,descarte,pendiente,0.0,desconocido,Pendiente de implementar,ausente,eps_stabilization (media): EPS 6.49 vs 6.04 (annual_eps_fallback) | dividend_maintained (baja): Dividendo actual 3.41% con caída del 20.2%,razonable,descarte,140.71,148.12,140.71 - 148.12,157.75,162.83,157.75 - 162.83,Pérdida del soporte en 140.71 | ROE negativo durante 2 trimestres consecutivos | Ampliación de capital dilutiva | Recorte de rating a bono basura,6-12,"CWLTH BANK FPO [CBA] está un 20.2% por debajo de su máximo 52s. Fundamentalmente aceptable con ROE 13.9%, dividendo 3.4%. Técnicamente 🟢 Divergencia alcista RSI, 🟡 Apoyo en MA40 semanal. Clasificación: descarte.","CWLTH BANK FPO [CBA] está un 20.2% por debajo de su máximo 52s. Fundamentalmente aceptable con ROE 13.9%, dividendo 3.4%. Técnicamente 🟢 Divergencia alcista RSI, 🟡 Apoyo en MA40 semanal. Clasificación: descarte.",OK,
8058.T,MITSUBISHI CORP,ASIA,1.0,script-v2.0,1.0,2026-10-08T14:41:28.819595+02:00,56.1,56.5,81.0,35.0,0.0,4.0,55.0,38.0,17.0,7726700.0,5.99,9.6,,29.0,22.7,34.5706,False,17.4,19.0,False,4793.67,-4.2,True,False,False,Sin señales de recuperación,pass,descarte,pendiente,0.0,desconocido,Pendiente de implementar,ausente,eps_stabilization (media): EPS 81.08 vs 51.34 (Diluted EPS) | dividend_maintained (baja): Dividendo actual 2.75% con caída del 23.7%,razonable,descarte,4569.6,4590.0,4569.60 - 4590.00,4682.0,5110.2,4682.00 - 5110.20,Pérdida del soporte en 4569.60 | ROE negativo durante 2 trimestres consecutivos | Ampliación de capital dilutiva | Recorte de rating a bono basura,6-12,"MITSUBISHI CORP está un 23.7% por debajo de su máximo 52s. Fundamentalmente aceptable con ROE 10.1%, deuda neta/EBITDA 6.0x. Técnicamente 🟢 Cerca de soporte, 🟡 Apoyo en MA40 semanal. Clasificación: descarte.","MITSUBISHI CORP está un 23.7% por debajo de su máximo 52s. Fundamentalmente aceptable con ROE 10.1%, deuda neta/EBITDA 6.0x. Técnicamente 🟢 Cerca de soporte, 🟡 Apoyo en MA40 semanal. Clasificación: descarte.",OK,
SOLB.BR,SOLVAY,EUROSTOXX,1.0,script-v2.0,1.0,2026-10-08T14:39:44.440923+02:00,56.0,46.4,48.0,45.0,0.0,4.0,85.0,68.0,17.0,319980.0,3.17,1.8,-0.0,7.74,24.8,-0.1913,False,52.6,47.7,False,25.63,-3.1,True,False,False,Sin señales de recuperación,pass,descarte,pendiente,0.0,desconocido,Pendiente de implementar,ausente,eps_stabilization (media): EPS 0.36 vs 0.24 (Diluted EPS) | dividend_maintained (baja): Dividendo actual 9.78% con caída del 16.8%,fuerte,descarte,23.6,24.84,23.60 - 24.84,25.38,25.63,25.38 - 25.63,Pérdida del soporte en 23.60 | ROE negativo durante 2 trimestres consecutivos | Ampliación de capital dilutiva | Recorte de rating a bono basura,6-12,"SOLVAY está un 16.8% por debajo de su máximo 52s. Fundamentalmente aceptable con ROE 0.8%, deuda neta/EBITDA 3.2x. Técnicamente 🔵 RSI recuperándose de sobreventa, 🟢 Divergencia alcista RSI. Clasificación: descarte.","SOLVAY está un 16.8% por debajo de su máximo 52s. Fundamentalmente aceptable con ROE 0.8%, deuda neta/EBITDA 3.2x. Técnicamente 🔵 RSI recuperándose de sobreventa, 🟢 Divergencia alcista RSI. Clasificación: descarte.",OK,
PRY.MI,PRYSMIAN,EUROSTOXX,1.0,script-v2.0,1.0,2026-10-08T14:39:41.107857+02:00,56.0,55.0,95.0,20.0,0.0,10.0,59.0,42.0,17.0,1146662.0,1.88,1.3,-0.3,18.39,22.3,1.5477,False,22.1,51.8,False,121.18,0.8,True,False,False,,pass,descarte,pendiente,0.0,desconocido,Pendiente de implementar,parcial,"margin_stabilization (media): Margen gross 35.7% vs 35.5% (+0.3 pp) | eps_stabilization (media): EPS 0.80 vs 0.52 (Diluted EPS) | dividend_maintained (baja): Dividendo actual 0.74% con caída del 22.3% | analyst_upgrade (media): Target 157.41 vs precio 122.20 (+29%), recMean 1.71, recKey buy",razonable,descarte,118.21,122.2,118.21 - 122.20,119.97,133.66,119.97 - 133.66,Pérdida del soporte en 118.21 | ROE negativo durante 2 trimestres consecutivos | Ampliación de capital dilutiva | Recorte de rating a bono basura,6-12,"PRYSMIAN está un 22.3% por debajo de su máximo 52s. Fundamentalmente aceptable con ROE 22.4%, deuda neta/EBITDA 1.9x. Técnicamente 🟢 Divergencia alcista RSI, 🟢 Cerca de soporte. Clasificación: descarte.","PRYSMIAN está un 22.3% por debajo de su máximo 52s. Fundamentalmente aceptable con ROE 22.4%, deuda neta/EBITDA 1.9x. Técnicamente 🟢 Divergencia alcista RSI, 🟢 Cerca de soporte. Clasificación: descarte.",OK,
LLOY.L,LLOYDS BANKING GROUP PLC ORD 10,EUROSTOXX,1.0,script-v2.0,1.0,2026-10-08T14:39:55.268419+02:00,55.6,52.8,64.0,43.0,0.0,7.0,64.0,59.0,5.0,143716046.0,,66.3,,,14.7,1.5936,False,7.7,18.4,False,104.29,-3.6,False,False,False,,pass,descarte,pendiente,0.0,desconocido,Pendiente de implementar,parcial,"eps_stabilization (media): EPS 0.02 vs 0.02 (Diluted EPS) | dividend_maintained (baja): Dividendo actual 0.04% con caída del 14.7% | analyst_upgrade (media): Target 121.53 vs precio 100.55 (+21%), recMean 1.89, recKey buy",razonable,descarte,96.34,100.55,96.34 - 100.55,100.22,104.31,100.22 - 104.31,Pérdida del soporte en 96.34 | ROE negativo durante 2 trimestres consecutivos | Ampliación de capital dilutiva | Recorte de rating a bono basura,6-12,"LLOYDS BANKING GROUP PLC ORD 10 está un 14.7% por debajo de su máximo 52s. Fundamentalmente aceptable con ROE 11.3%, dividendo 0.0%. Técnicamente 🔵 RSI en sobreventa, 🟢 Divergencia alcista RSI. Clasificación: descarte.","LLOYDS BANKING GROUP PLC ORD 10 está un 14.7% por debajo de su máximo 52s. Fundamentalmente aceptable con ROE 11.3%, dividendo 0.0%. Técnicamente 🔵 RSI en sobreventa, 🟢 Divergencia alcista RSI. Clasificación: descarte.",OK,
CB,Chubb Limited,SP500,1.0,script-v2.0,1.0,2026-10-08T14:40:20.733690+02:00,55.4,54.5,86.0,27.0,0.0,7.0,58.0,53.0,5.0,1767732.0,1.15,43.2,-0.7,10.19,8.3,3.6627,False,57.9,46.1,False,329.69,1.5,False,False,False,,pass,descarte,pendiente,0.0,desconocido,Pendiente de implementar,parcial,margin_stabilization (media): Margen operating 24.0% vs 21.5% (+2.4 pp) | eps_stabilization (media): EPS 7.30 vs 5.88 (Diluted EPS) | dividend_maintained (baja): Dividendo actual 1.22% con caída del 8.5%,razonable,descarte,327.52,334.7,327.52 - 334.70,311.02,328.51,311.02 - 328.51,Pérdida del soporte en 327.52 | ROE negativo durante 2 trimestres consecutivos | Ampliación de capital dilutiva | Recorte de rating a bono basura,6-12,"Chubb Limited está un 8.5% por debajo de su máximo 52s. Fundamentalmente aceptable con ROE 14.8%, deuda neta/EBITDA 1.1x. Técnicamente 🟢 Cruce alcista MACD, 🟢 Cerca de soporte. Clasificación: descarte.","Chubb Limited está un 8.5% por debajo de su máximo 52s. Fundamentalmente aceptable con ROE 14.8%, deuda neta/EBITDA 1.1x. Técnicamente 🟢 Cruce alcista MACD, 🟢 Cerca de soporte. Clasificación: descarte.",OK,
DSY.PA,DASSAULT SYSTEMES,EUROSTOXX,1.0,script-v2.0,1.0,2026-10-08T14:39:28.115160+02:00,55.4,58.8,94.0,28.0,0.0,7.0,45.0,39.0,6.0,1876910.0,-1.36,36.2,0.0,15.64,46.8,0.2748,False,79.8,86.9,False,19.75,8.6,False,True,False,,pass,descarte,pendiente,0.0,desconocido,Pendiente de implementar,parcial,margin_stabilization (media): Margen gross 84.1% vs 84.0% (+0.1 pp) | eps_stabilization (media): EPS 0.22 vs 0.22 (Diluted EPS) | dividend_maintained (baja): Dividendo actual 1.26% con caída del 29.4%,razonable,descarte,20.81,21.43,20.81 - 21.43,19.86,25.81,19.86 - 25.81,Pérdida del soporte en 20.81 | ROE negativo durante 2 trimestres consecutivos | Ampliación de capital dilutiva | Recorte de rating a bono basura,12-18,"DASSAULT SYSTEMES está un 29.4% por debajo de su máximo 52s. Fundamentalmente aceptable con ROE 15.1%, deuda neta/EBITDA -1.4x. Técnicamente 🟢 Cruce alcista MACD, 🟢 Cerca de soporte. Clasificación: descarte.","DASSAULT SYSTEMES está un 29.4% por debajo de su máximo 52s. Fundamentalmente aceptable con ROE 15.1%, deuda neta/EBITDA -1.4x. Técnicamente 🟢 Cruce alcista MACD, 🟢 Cerca de soporte. Clasificación: descarte.",OK,
AEP,American Electric Power Company,SP500,1.0,script-v2.0,1.0,2026-10-08T14:40:42.975448+02:00,55.4,49.9,76.0,27.0,0.0,4.0,72.0,55.0,17.0,3822748.0,5.86,3.4,-14.2,13.36,12.5,-1.4927,False,85.4,80.5,False,126.56,-3.5,True,False,False,Sin señales de recuperación,pass,descarte,pendiente,0.0,desconocido,Pendiente de implementar,ausente,margin_stabilization (media): Margen gross 62.4% vs 58.0% (+4.4 pp) | dividend_maintained (baja): Dividendo actual 3.11% con caída del 13.2%,fuerte,descarte,115.98,122.08,115.98 - 122.08,119.49,125.79,119.49 - 125.79,Pérdida del soporte en 115.98 | ROE negativo durante 2 trimestres consecutivos | Ampliación de capital dilutiva | Recorte de rating a bono basura,6-12,"American Electric Power Company está un 13.2% por debajo de su máximo 52s. Fundamentalmente aceptable con ROE 10.1%, deuda neta/EBITDA 5.9x. Técnicamente 🟢 Divergencia alcista RSI, 🟢 Cruce alcista MACD. Clasificación: descarte.","American Electric Power Company está un 13.2% por debajo de su máximo 52s. Fundamentalmente aceptable con ROE 10.1%, deuda neta/EBITDA 5.9x. Técnicamente 🟢 Divergencia alcista RSI, 🟢 Cruce alcista MACD. Clasificación: descarte.",OK,
KER.PA,KERING,EUROSTOXX,1.0,script-v2.0,1.0,2026-10-08T14:39:19.542062+02:00,55.2,57.0,57.0,57.0,0.0,9.0,50.0,50.0,0.0,317301.0,3.75,-1.3,,14.42,40.6,-10.2182,False,12.2,20.7,False,254.5,-18.6,False,False,False,,pass,descarte,pendiente,0.0,desconocido,Pendiente de implementar,parcial,"debt_reduction (alta): Deuda 17907.0M vs 18149.0M | dividend_maintained (baja): Dividendo actual 1.45% con caída del 41.5% | analyst_upgrade (media): Target 267.40 vs precio 207.15 (+29%), recMean 2.88, recKey hold",razonable,descarte,203.2,207.15,203.20 - 207.15,256.17,301.07,256.17 - 301.07,Pérdida del soporte en 203.20 | ROE negativo durante 2 trimestres consecutivos | Ampliación de capital dilutiva | Recorte de rating a bono basura,18-24,"KERING está un 41.5% por debajo de su máximo 52s. Fundamentalmente aceptable con ROE -1.6%, deuda neta/EBITDA 3.8x. Técnicamente 🔵 RSI en sobreventa, 🟢 Cerca de soporte. Clasificación: descarte.","KERING está un 41.5% por debajo de su máximo 52s. Fundamentalmente aceptable con ROE -1.6%, deuda neta/EBITDA 3.8x. Técnicamente 🔵 RSI en sobreventa, 🟢 Cerca de soporte. Clasificación: descarte.",OK,
WBC.AX,WESTPAC FPO [WBC],ASX,1.0,script-v2.0,1.0,2026-10-08T14:41:02.315165+02:00,55.0,55.0,71.0,41.0,0.0,1.0,55.0,38.0,17.0,4397009.0,,21.4,,,20.6,-0.8656,False,0.6,27.9,False,37.17,-9.3,True,False,False,Sin señales de recuperación,pass,descarte,pendiente,0.0,desconocido,Pendiente de implementar,ausente,dividend_maintained (baja): Dividendo actual 4.57% con caída del 22.2%,razonable,descarte,32.02,33.71,32.02 - 33.71,36.82,37.22,36.82 - 37.22,Pérdida del soporte en 32.02 | ROE negativo durante 2 trimestres consecutivos | Ampliación de capital dilutiva | Recorte de rating a bono basura,6-12,"WESTPAC FPO [WBC] está un 22.2% por debajo de su máximo 52s. Fundamentalmente aceptable con ROE 9.8%, dividendo 4.6%. Técnicamente 🟢 Divergencia alcista RSI, 🟡 Apoyo en MA40 semanal. Clasificación: descarte.","WESTPAC FPO [WBC] está un 22.2% por debajo de su máximo 52s. Fundamentalmente aceptable con ROE 9.8%, dividendo 4.6%. Técnicamente 🟢 Divergencia alcista RSI, 🟡 Apoyo en MA40 semanal. Clasificación: descarte.",OK,
TTE.PA,TOTALENERGIES,EUROSTOXX,1.0,script-v2.0,1.0,2026-10-08T14:39:25.675224+02:00,55.0,58.9,100.0,23.0,0.0,6.0,43.0,25.0,18.0,3547869.0,0.79,-1.7,7.0,5.08,3.5,2.5497,False,59.3,40.3,False,71.01,9.2,True,True,True,,pass,pendiente_confirmacion,pendiente,0.0,desconocido,Pendiente de implementar,parcial,debt_reduction (alta): Deuda 62917.0M vs 64008.0M | dividend_maintained (baja): Dividendo actual 4.64% con caída del 4.7%,incompleto,pendiente_confirmacion,72.53,76.23,72.53 - 76.23,69.14,70.45,69.14 - 70.45,Pérdida del soporte en 72.53 | ROE negativo durante 2 trimestres consecutivos | Ampliación de capital dilutiva | Recorte de rating a bono basura,6-12,"TOTALENERGIES está un 4.7% por debajo de su máximo 52s. Fundamentalmente aceptable con ROE 14.5%, deuda neta/EBITDA 0.8x. Técnicamente 🟡 MACD convergiendo, 🟢 base_pattern_detected. Clasificación: pendiente_confirmacion.","TOTALENERGIES está un 4.7% por debajo de su máximo 52s. Fundamentalmente aceptable con ROE 14.5%, deuda neta/EBITDA 0.8x. Técnicamente 🟡 MACD convergiendo, 🟢 base_pattern_detected. Clasificación: pendiente_confirmacion.",OK,
DGE.L,DIAGEO PLC ORD 28 101/108P,EUROSTOXX,1.0,script-v2.0,1.0,2026-10-08T14:40:00.038481+02:00,55.0,52.0,76.0,31.0,0.0,9.0,64.0,59.0,5.0,4798126.0,3.18,-5.6,,9.07,39.8,8.2847,False,41.4,37.8,False,1591.81,1.3,False,False,False,,pass,descarte,pendiente,0.0,desconocido,Pendiente de implementar,parcial,"debt_reduction (alta): Deuda 22196.0M vs 23512.0M | dividend_maintained (baja): Dividendo actual 0.03% con caída del 15.3% | analyst_upgrade (media): Target 2038.23 vs precio 1612.00 (+26%), recMean 1.00, recKey strong_buy",razonable,descarte,1600.88,1612.0,1600.88 - 1612.00,1588.66,1618.32,1588.66 - 1618.32,Pérdida del soporte en 1600.88 | ROE negativo durante 2 trimestres consecutivos | Ampliación de capital dilutiva | Recorte de rating a bono basura,6-12,"DIAGEO PLC ORD 28 101/108P está un 15.3% por debajo de su máximo 52s. Fundamentalmente aceptable con ROE 15.0%, deuda neta/EBITDA 3.2x. Técnicamente 🟢 Cruce alcista MACD, 🟢 Volumen creciente. Clasificación: descarte.","DIAGEO PLC ORD 28 101/108P está un 15.3% por debajo de su máximo 52s. Fundamentalmente aceptable con ROE 15.0%, deuda neta/EBITDA 3.2x. Técnicamente 🟢 Cruce alcista MACD, 🟢 Volumen creciente. Clasificación: descarte.",OK,
RWE.DE,RWE AG                        I,EUROSTOXX,1.0,script-v2.0,1.0,2026-10-08T14:39:10.555077+02:00,54.9,58.5,90.0,31.0,0.0,4.0,44.0,32.0,12.0,1361281.0,4.68,,1.2,25.32,6.1,1.6472,False,15.8,16.6,False,55.81,3.5,True,False,False,Sin señales de recuperación,pass,descarte,pendiente,0.0,desconocido,Pendiente de implementar,ausente,eps_stabilization (media): EPS 2.16 vs 0.03 (Diluted EPS) | dividend_maintained (baja): Dividendo actual 2.08% con caída del 6.8%,incompleto,descarte,55.9,57.76,55.90 - 57.76,52.7,55.53,52.70 - 55.53,Pérdida del soporte en 55.90 | ROE negativo durante 2 trimestres consecutivos | Ampliación de capital dilutiva | Recorte de rating a bono basura,6-12,"RWE AG                        I está un 6.8% por debajo de su máximo 52s. Fundamentalmente aceptable con ROE 8.5%, deuda neta/EBITDA 4.7x. Técnicamente 🟢 Cerca de soporte, 🟢 base_pattern_detected. Clasificación: descarte.","RWE AG                        I está un 6.8% por debajo de su máximo 52s. Fundamentalmente aceptable con ROE 8.5%, deuda neta/EBITDA 4.7x. Técnicamente 🟢 Cerca de soporte, 🟢 base_pattern_detected. Clasificación: descarte.",OK,
9433.T,KDDI CORPORATION,ASIA,1.0,script-v2.0,1.0,2026-10-08T14:41:21.701305+02:00,54.9,59.5,99.0,25.0,0.0,9.0,41.0,35.0,6.0,8788025.0,2.48,-1.9,,8.84,5.6,87.9134,False,18.6,9.5,True,2712.5,7.1,False,False,True,,pass,pendiente_confirmacion,pendiente,0.0,desconocido,Pendiente de implementar,parcial,eps_stabilization (media): EPS 51.33 vs 43.00 (Diluted EPS) | debt_reduction (alta): Deuda 5296146.1M vs 5397863.0M | dividend_maintained (baja): Dividendo actual 2.89% con caída del 6.9%,incompleto,pendiente_confirmacion,2798.51,2905.0,2798.51 - 2905.00,2652.85,2701.39,2652.85 - 2701.39,Pérdida del soporte en 2798.51 | ROE negativo durante 2 trimestres consecutivos | Ampliación de capital dilutiva | Recorte de rating a bono basura,6-12,"KDDI CORPORATION está un 6.9% por debajo de su máximo 52s. Fundamentalmente aceptable con ROE 14.6%, deuda neta/EBITDA 2.5x. Técnicamente 🟡 MACD convergiendo, 🟢 Cerca de soporte. Clasificación: pendiente_confirmacion.","KDDI CORPORATION está un 6.9% por debajo de su máximo 52s. Fundamentalmente aceptable con ROE 14.6%, deuda neta/EBITDA 2.5x. Técnicamente 🟡 MACD convergiendo, 🟢 Cerca de soporte. Clasificación: pendiente_confirmacion.",OK,
0003.HK,HK & CHINA GAS,ASIA,1.0,script-v2.0,1.0,2026-10-08T14:41:36.902537+02:00,54.8,52.4,86.0,23.0,0.0,4.0,62.0,39.0,23.0,28975024.0,4.61,2.6,,16.97,5.3,0.0758,False,41.9,46.1,False,6.93,2.1,True,True,False,Sin señales de recuperación,pass,descarte,pendiente,0.0,desconocido,Pendiente de implementar,ausente,eps_stabilization (media): EPS 0.30 vs 0.30 (annual_eps_fallback) | dividend_maintained (baja): Dividendo actual 4.95% con caída del 8.8%,razonable,descarte,6.85,7.04,6.85 - 7.04,6.6,6.91,6.60 - 6.91,Pérdida del soporte en 6.85 | ROE negativo durante 2 trimestres consecutivos | Ampliación de capital dilutiva | Recorte de rating a bono basura,6-12,"HK & CHINA GAS está un 8.8% por debajo de su máximo 52s. Fundamentalmente aceptable con ROE 10.5%, deuda neta/EBITDA 4.6x. Técnicamente 🟡 MACD convergiendo, 🟢 Cerca de soporte. Clasificación: descarte.","HK & CHINA GAS está un 8.8% por debajo de su máximo 52s. Fundamentalmente aceptable con ROE 10.5%, deuda neta/EBITDA 4.6x. Técnicamente 🟡 MACD convergiendo, 🟢 Cerca de soporte. Clasificación: descarte.",OK,
RACE.MI,FERRARI,EUROSTOXX,1.0,script-v2.0,1.0,2026-10-08T14:39:41.666561+02:00,54.8,60.0,100.0,25.0,0.0,7.0,39.0,39.0,0.0,404309.0,0.7,8.1,0.0,25.28,28.8,10.2839,False,13.4,15.8,False,315.86,9.0,False,False,True,,pass,pendiente_confirmacion,pendiente,0.0,desconocido,Pendiente de implementar,parcial,margin_stabilization (media): Margen gross 52.6% vs 51.8% (+0.8 pp) | eps_stabilization (media): EPS 2.62 vs 2.33 (Diluted EPS) | dividend_maintained (baja): Dividendo actual 1.05% con caída del 17.4%,incompleto,pendiente_confirmacion,326.84,344.2,326.84 - 344.20,315.74,354.19,315.74 - 354.19,Pérdida del soporte en 326.84 | ROE negativo durante 2 trimestres consecutivos | Ampliación de capital dilutiva | Recorte de rating a bono basura,6-12,"FERRARI está un 17.4% por debajo de su máximo 52s. Fundamentalmente aceptable con ROE 45.4%, deuda neta/EBITDA 0.7x. Técnicamente 🔵 RSI recuperándose de sobreventa, 🟡 MACD convergiendo. Clasificación: pendiente_confirmacion.","FERRARI está un 17.4% por debajo de su máximo 52s. Fundamentalmente aceptable con ROE 45.4%, deuda neta/EBITDA 0.7x. Técnicamente 🔵 RSI recuperándose de sobreventa, 🟡 MACD convergiendo. Clasificación: pendiente_confirmacion.",OK,
0005.HK,HSBC HOLDINGS,ASIA,1.0,script-v2.0,1.0,2026-10-08T14:41:34.371705+02:00,54.8,56.5,73.0,42.0,0.0,7.0,50.0,45.0,5.0,11590681.0,,723.2,,,15.6,5.2701,False,2.7,16.0,False,143.31,-0.5,False,False,False,,pass,descarte,pendiente,0.0,desconocido,Pendiente de implementar,parcial,"eps_stabilization (media): EPS 0.40 vs 0.39 (Diluted EPS) | dividend_maintained (baja): Dividendo actual 4.12% con caída del 16.0% | analyst_upgrade (media): Target 177.99 vs precio 142.60 (+25%), recMean 1.82, recKey buy",razonable,descarte,135.26,142.6,135.26 - 142.60,141.97,144.24,141.97 - 144.24,Pérdida del soporte en 135.26 | ROE negativo durante 2 trimestres consecutivos | Ampliación de capital dilutiva | Recorte de rating a bono basura,6-12,"HSBC HOLDINGS está un 16.0% por debajo de su máximo 52s. Fundamentalmente aceptable con ROE 13.1%, dividendo 4.1%. Técnicamente 🔵 RSI en sobreventa, 🟢 Volumen creciente. Clasificación: descarte.","HSBC HOLDINGS está un 16.0% por debajo de su máximo 52s. Fundamentalmente aceptable con ROE 13.1%, dividendo 4.1%. Técnicamente 🔵 RSI en sobreventa, 🟢 Volumen creciente. Clasificación: descarte.",OK,
GOOG,Alphabet Inc.,SP500,1.0,script-v2.0,1.0,2026-10-08T14:40:57.701759+02:00,54.7,49.6,80.0,23.0,0.0,7.0,70.0,53.0,17.0,17866425.0,-0.7,,0.0,23.93,14.0,3.3281,False,53.9,46.2,False,338.66,2.6,True,False,False,,pass,descarte,pendiente,0.0,desconocido,Pendiente de implementar,parcial,"eps_stabilization (media): EPS 9.11 vs 5.11 (Diluted EPS) | dividend_maintained (baja): Dividendo actual 0.25% con caída del 14.1% | analyst_upgrade (media): Target 419.65 vs precio 347.37 (+21%), recMean 1.38, recKey strong_buy",fuerte,descarte,337.94,342.8,337.94 - 342.80,337.65,343.8,337.65 - 343.80,Pérdida del soporte en 337.94 | ROE negativo durante 2 trimestres consecutivos | Ampliación de capital dilutiva | Recorte de rating a bono basura,6-12,"Alphabet Inc. está un 14.1% por debajo de su máximo 52s. Fundamentalmente aceptable con ROE 48.7%, deuda neta/EBITDA -0.7x. Técnicamente 🟢 Divergencia alcista RSI, 🟢 Cruce alcista MACD. Clasificación: descarte.","Alphabet Inc. está un 14.1% por debajo de su máximo 52s. Fundamentalmente aceptable con ROE 48.7%, deuda neta/EBITDA -0.7x. Técnicamente 🟢 Divergencia alcista RSI, 🟢 Cruce alcista MACD. Clasificación: descarte.",OK,
BMY,Bristol-Myers Squibb Company,SP500,1.0,script-v2.0,1.0,2026-10-08T14:40:38.581625+02:00,54.3,57.1,88.0,30.0,0.0,12.0,46.0,41.0,5.0,11216521.0,1.8,-3.0,1.5,8.24,12.1,1.7389,False,26.6,19.7,False,58.75,1.6,False,False,False,,pass,descarte,pendiente,0.0,desconocido,Pendiente de implementar,confirmada,margin_stabilization (media): Margen gross 71.3% vs 70.2% (+1.1 pp) | eps_stabilization (media): EPS 1.62 vs 1.31 (Diluted EPS) | debt_reduction (alta): Deuda 45053.0M vs 46428.0M | dividend_maintained (baja): Dividendo actual 4.22% con caída del 13.0%,razonable,descarte,54.7,59.7,54.70 - 59.70,58.24,58.34,58.24 - 58.34,Pérdida del soporte en 54.70 | ROE negativo durante 2 trimestres consecutivos | Ampliación de capital dilutiva | Recorte de rating a bono basura,6-12,"Bristol-Myers Squibb Company está un 13.0% por debajo de su máximo 52s. Fundamentalmente aceptable con ROE 46.6%, deuda neta/EBITDA 1.8x. Técnicamente 🟡 MACD convergiendo, 🟡 Apoyo en MA40 semanal. Clasificación: descarte.","Bristol-Myers Squibb Company está un 13.0% por debajo de su máximo 52s. Fundamentalmente aceptable con ROE 46.6%, deuda neta/EBITDA 1.8x. Técnicamente 🟡 MACD convergiendo, 🟡 Apoyo en MA40 semanal. Clasificación: descarte.",OK,
NOVN.SW,NOVARTIS N,EUROSTOXX,1.0,script-v2.0,1.0,2026-10-08T14:39:49.821681+02:00,54.1,50.5,90.0,16.0,0.0,7.0,65.0,48.0,17.0,2755532.0,1.79,4.3,0.2,11.69,10.5,0.4346,False,50.0,49.7,False,119.91,-1.0,True,False,False,,pass,descarte,pendiente,0.0,desconocido,Pendiente de implementar,parcial,margin_stabilization (media): Margen gross 75.2% vs 74.4% (+0.8 pp) | eps_stabilization (media): EPS 1.71 vs 1.65 (Diluted EPS) | dividend_maintained (baja): Dividendo actual 3.12% con caída del 10.5%,razonable,descarte,117.74,118.7,117.74 - 118.70,112.78,119.38,112.78 - 119.38,Pérdida del soporte en 117.74 | ROE negativo durante 2 trimestres consecutivos | Ampliación de capital dilutiva | Recorte de rating a bono basura,6-12,"NOVARTIS N está un 10.5% por debajo de su máximo 52s. Fundamentalmente aceptable con ROE 30.3%, deuda neta/EBITDA 1.8x. Técnicamente 🟢 Divergencia alcista RSI, 🟢 Cerca de soporte. Clasificación: descarte.","NOVARTIS N está un 10.5% por debajo de su máximo 52s. Fundamentalmente aceptable con ROE 30.3%, deuda neta/EBITDA 1.8x. Técnicamente 🟢 Divergencia alcista RSI, 🟢 Cerca de soporte. Clasificación: descarte.",OK,
ENEL.MI,ENEL,EUROSTOXX,1.0,script-v2.0,1.0,2026-10-08T14:39:36.421359+02:00,54.0,52.7,81.0,28.0,0.0,1.0,58.0,53.0,5.0,18438724.0,3.33,4.3,-10.1,8.24,12.8,-0.0953,False,45.3,37.7,False,9.36,-5.8,False,False,False,Sin señales de recuperación,pass,descarte,pendiente,0.0,desconocido,Pendiente de implementar,ausente,dividend_maintained (baja): Dividendo actual 5.90% con caída del 14.5%,razonable,descarte,8.37,8.81,8.37 - 8.81,8.76,9.34,8.76 - 9.34,Pérdida del soporte en 8.37 | ROE negativo durante 2 trimestres consecutivos | Ampliación de capital dilutiva | Recorte de rating a bono basura,6-12,"ENEL está un 14.5% por debajo de su máximo 52s. Fundamentalmente aceptable con ROE 12.3%, deuda neta/EBITDA 3.3x. Técnicamente 🔵 RSI recuperándose de sobreventa, 🟢 Divergencia alcista RSI. Clasificación: descarte.","ENEL está un 14.5% por debajo de su máximo 52s. Fundamentalmente aceptable con ROE 12.3%, deuda neta/EBITDA 3.3x. Técnicamente 🔵 RSI recuperándose de sobreventa, 🟢 Divergencia alcista RSI. Clasificación: descarte.",OK,
BRK-B,Berkshire Hathaway Inc. New,SP500,1.0,script-v2.0,1.0,2026-10-08T14:40:25.669567+02:00,53.7,52.9,54.0,52.0,0.0,11.0,56.0,39.0,17.0,4296309.0,-1.81,-0.2,12.0,-1.79,6.6,4.6476,False,63.9,44.5,False,493.11,2.7,True,False,False,,pass,descarte,pendiente,0.0,desconocido,Pendiente de implementar,parcial,margin_stabilization (media): Margen operating 28.3% vs 14.8% (+13.5 pp) | eps_stabilization (media): EPS 11.91 vs 4.68 (Diluted EPS) | debt_reduction (alta): Deuda 128599.0M vs 128886.0M,razonable,descarte,487.12,506.25,487.12 - 506.25,457.08,492.81,457.08 - 492.81,Pérdida del soporte en 487.12 | ROE negativo durante 2 trimestres consecutivos | Ampliación de capital dilutiva | Recorte de rating a bono basura,6-12,"Berkshire Hathaway Inc. New está un 5.9% por debajo de su máximo 52s. Fundamentalmente aceptable con ROE 12.1%, deuda neta/EBITDA -1.8x. Técnicamente 🟡 MACD convergiendo, 🟢 Cerca de soporte. Clasificación: descarte.","Berkshire Hathaway Inc. New está un 5.9% por debajo de su máximo 52s. Fundamentalmente aceptable con ROE 12.1%, deuda neta/EBITDA -1.8x. Técnicamente 🟡 MACD convergiendo, 🟢 Cerca de soporte. Clasificación: descarte.",OK,
SPG,"Simon Property Group, Inc.",SP500,1.0,script-v2.0,1.0,2026-10-08T14:40:45.919016+02:00,53.7,56.3,68.0,46.0,0.0,7.0,46.0,41.0,5.0,1315514.0,5.54,1.6,-0.5,18.3,16.3,1.5157,False,3.0,27.4,False,201.52,-2.0,False,False,False,,pass,descarte,pendiente,0.0,desconocido,Pendiente de implementar,parcial,margin_stabilization (media): Margen gross 83.1% vs 80.3% (+2.8 pp) | eps_stabilization (media): EPS 1.49 vs 1.48 (Diluted EPS) | dividend_maintained (baja): Dividendo actual 4.50% con caída del 17.2%,razonable,descarte,187.71,197.59,187.71 - 197.59,200.38,202.72,200.38 - 202.72,Pérdida del soporte en 187.71 | ROE negativo durante 2 trimestres consecutivos | Ampliación de capital dilutiva | Recorte de rating a bono basura,6-12,"Simon Property Group, Inc. está un 17.2% por debajo de su máximo 52s. Fundamentalmente aceptable con ROE 120.5%, deuda neta/EBITDA 5.5x. Técnicamente 🔵 RSI en sobreventa, 🟡 Apoyo en MA40 semanal. Clasificación: descarte.","Simon Property Group, Inc. está un 17.2% por debajo de su máximo 52s. Fundamentalmente aceptable con ROE 120.5%, deuda neta/EBITDA 5.5x. Técnicamente 🔵 RSI en sobreventa, 🟡 Apoyo en MA40 semanal. Clasificación: descarte.",OK,
BA,Boeing Company (The),SP500,1.0,script-v2.0,1.0,2026-10-08T14:40:36.759751+02:00,53.6,50.1,48.0,52.0,0.0,11.0,64.0,52.0,12.0,6527193.0,3.95,-11.2,-0.2,-61.35,26.0,-6.4557,False,21.5,27.1,False,220.28,-14.5,True,False,False,,pass,descarte,pendiente,0.0,desconocido,Pendiente de implementar,parcial,"margin_stabilization (media): Margen gross 11.5% vs 7.6% (+3.9 pp) | debt_reduction (alta): Deuda 48362.0M vs 54433.0M | analyst_upgrade (media): Target 271.77 vs precio 188.32 (+44%), recMean 1.50, recKey strong_buy",razonable,descarte,184.01,188.32,184.01 - 188.32,216.2,220.5,216.20 - 220.50,Pérdida del soporte en 184.01 | ROE negativo durante 2 trimestres consecutivos | Ampliación de capital dilutiva | Recorte de rating a bono basura,12-18,"Boeing Company (The) está un 26.0% por debajo de su máximo 52s. Fundamentalmente aceptable con ROE 173.5%, deuda neta/EBITDA 4.0x. Técnicamente 🟡 MACD convergiendo, 🟢 Cerca de soporte. Clasificación: descarte.","Boeing Company (The) está un 26.0% por debajo de su máximo 52s. Fundamentalmente aceptable con ROE 173.5%, deuda neta/EBITDA 4.0x. Técnicamente 🟡 MACD convergiendo, 🟢 Cerca de soporte. Clasificación: descarte.",OK,
055550.KS,ShinhanGroup,ASIA,1.0,script-v2.0,1.0,2026-10-08T14:41:46.532143+02:00,53.4,49.5,73.0,29.0,0.0,7.0,65.0,48.0,17.0,1122691.0,,61.9,,,14.6,3660.4885,False,0.0,4.9,False,98511.48,1.0,True,False,False,,pass,descarte,pendiente,0.0,desconocido,Pendiente de implementar,parcial,"eps_stabilization (media): EPS 3750.00 vs 3327.00 (Diluted EPS) | dividend_maintained (baja): Dividendo actual 2.97% con caída del 14.6% | analyst_upgrade (media): Target 133085.00 vs precio 99500.00 (+34%), recMean 1.43, recKey strong_buy",razonable,descarte,94996.24,99500.0,94996.24 - 99500.00,95950.02,99025.0,95950.02 - 99025.00,Pérdida del soporte en 94996.24 | ROE negativo durante 2 trimestres consecutivos | Ampliación de capital dilutiva | Recorte de rating a bono basura,6-12,"ShinhanGroup está un 14.6% por debajo de su máximo 52s. Fundamentalmente aceptable con ROE 8.9%, dividendo 3.0%. Técnicamente 🔵 RSI en sobreventa, 🟢 Cerca de soporte. Clasificación: descarte.","ShinhanGroup está un 14.6% por debajo de su máximo 52s. Fundamentalmente aceptable con ROE 8.9%, dividendo 3.0%. Técnicamente 🔵 RSI en sobreventa, 🟢 Cerca de soporte. Clasificación: descarte.",OK,
1038.HK,CKI HOLDINGS,ASIA,1.0,script-v2.0,1.0,2026-10-08T14:41:41.479869+02:00,53.4,62.1,100.0,29.0,0.0,4.0,27.0,21.0,6.0,1300817.0,-38.56,3.7,,149.93,2.5,1.5975,False,55.7,66.1,False,61.88,4.7,False,True,True,Sin señales de recuperación,pass,seguimiento,pendiente,0.0,desconocido,Pendiente de implementar,ausente,eps_stabilization (media): EPS 3.28 vs 3.22 (annual_eps_fallback) | dividend_maintained (baja): Dividendo actual 4.06% con caída del 4.6%,incompleto,seguimiento,62.32,64.1,62.32 - 64.10,57.72,61.24,57.72 - 61.24,Pérdida del soporte en 62.32 | ROE negativo durante 2 trimestres consecutivos | Ampliación de capital dilutiva | Recorte de rating a bono basura,6-12,"CKI HOLDINGS está un 4.6% por debajo de su máximo 52s. Fundamentalmente sólida con ROE 17.2%, deuda neta/EBITDA -38.6x. Técnicamente 🟢 Cerca de soporte, 🟡 trendline_break. Clasificación: seguimiento.","CKI HOLDINGS está un 4.6% por debajo de su máximo 52s. Fundamentalmente sólida con ROE 17.2%, deuda neta/EBITDA -38.6x. Técnicamente 🟢 Cerca de soporte, 🟡 trendline_break. Clasificación: seguimiento.",OK,
LR.PA,LEGRAND,EUROSTOXX,1.0,script-v2.0,1.0,2026-10-08T14:39:20.174511+02:00,53.2,47.9,81.0,19.0,0.0,10.0,69.0,46.0,23.0,561477.0,2.59,16.8,-0.2,19.29,15.0,0.0473,False,41.6,64.3,False,140.15,-0.3,True,True,False,,pass,descarte,pendiente,0.0,desconocido,Pendiente de implementar,parcial,"margin_stabilization (media): Margen gross 50.5% vs 50.5% (-0.1 pp) | eps_stabilization (media): EPS 1.26 vs 1.12 (Diluted EPS) | dividend_maintained (baja): Dividendo actual 1.70% con caída del 16.3% | analyst_upgrade (media): Target 168.67 vs precio 139.70 (+21%), recMean 1.94, recKey buy",razonable,descarte,137.1,138.4,137.10 - 138.40,139.53,141.91,139.53 - 141.91,Pérdida del soporte en 137.10 | ROE negativo durante 2 trimestres consecutivos | Ampliación de capital dilutiva | Recorte de rating a bono basura,6-12,"LEGRAND está un 16.3% por debajo de su máximo 52s. Fundamentalmente aceptable con ROE 18.2%, deuda neta/EBITDA 2.6x. Técnicamente 🟢 Divergencia alcista RSI, 🟢 Cerca de soporte. Clasificación: descarte.","LEGRAND está un 16.3% por debajo de su máximo 52s. Fundamentalmente aceptable con ROE 18.2%, deuda neta/EBITDA 2.6x. Técnicamente 🟢 Divergencia alcista RSI, 🟢 Cerca de soporte. Clasificación: descarte.",OK,
XOM,ExxonMobil Holdings Corporation,SP500,1.0,script-v2.0,1.0,2026-10-08T14:40:10.225519+02:00,53.0,53.1,100.0,12.0,0.0,12.0,53.0,35.0,18.0,13976889.0,0.47,-11.1,9.3,10.5,5.8,6.0738,False,74.5,76.6,False,149.92,9.4,True,True,False,,pass,descarte,pendiente,0.0,desconocido,Pendiente de implementar,confirmada,margin_stabilization (media): Margen gross 22.5% vs 16.7% (+5.8 pp) | eps_stabilization (media): EPS 3.48 vs 1.00 (Diluted EPS) | debt_reduction (alta): Deuda 42368.0M vs 47661.0M | dividend_maintained (baja): Dividendo actual 2.51% con caída del 7.0%,razonable,descarte,151.55,160.83,151.55 - 160.83,148.4,149.95,148.40 - 149.95,Pérdida del soporte en 151.55 | ROE negativo durante 2 trimestres consecutivos | Ampliación de capital dilutiva | Recorte de rating a bono basura,6-12,"ExxonMobil Holdings Corporation está un 7.0% por debajo de su máximo 52s. Fundamentalmente aceptable con ROE 12.6%, deuda neta/EBITDA 0.5x. Técnicamente 🟢 Cruce alcista MACD, 🟢 base_pattern_detected. Clasificación: descarte.","ExxonMobil Holdings Corporation está un 7.0% por debajo de su máximo 52s. Fundamentalmente aceptable con ROE 12.6%, deuda neta/EBITDA 0.5x. Técnicamente 🟢 Cruce alcista MACD, 🟢 base_pattern_detected. Clasificación: descarte.",OK,
TWE.AX,TREA WINE FPO [TWE],ASX,1.0,script-v2.0,1.0,2026-10-08T14:41:16.135522+02:00,53.0,57.6,56.0,59.0,0.0,8.0,39.0,33.0,6.0,3491046.0,,-9.2,,-7.06,52.4,0.175,False,80.3,77.0,False,4.8,16.6,False,True,True,,pass,pendiente_confirmacion,pendiente,0.0,desconocido,Pendiente de implementar,parcial,eps_stabilization (media): EPS 0.54 vs 0.13 (annual_eps_fallback) | debt_reduction (alta): Deuda 1996.7M vs 2198.6M,incompleto,pendiente_confirmacion,5.36,5.45,5.36 - 5.45,4.8,5.94,4.80 - 5.94,Pérdida del soporte en 5.36 | ROE negativo durante 2 trimestres consecutivos | Ampliación de capital dilutiva | Recorte de rating a bono basura,6-12,"TREA WINE FPO [TWE] está un 19.9% por debajo de su máximo 52s. Fundamentalmente aceptable con ROE -26.5%, D/E 0.60. Técnicamente 🟢 Divergencia alcista RSI, 🟢 Cerca de soporte. Clasificación: pendiente_confirmacion.","TREA WINE FPO [TWE] está un 19.9% por debajo de su máximo 52s. Fundamentalmente aceptable con ROE -26.5%, D/E 0.60. Técnicamente 🟢 Divergencia alcista RSI, 🟢 Cerca de soporte. Clasificación: pendiente_confirmacion.",OK,
0941.HK,CHINA MOBILE,ASIA,1.0,script-v2.0,1.0,2026-10-08T14:41:41.446328+02:00,52.9,50.9,69.0,35.0,0.0,9.0,59.0,48.0,11.0,11805815.0,-0.86,-2.3,,5.76,4.6,0.4957,False,62.5,54.2,False,77.14,2.9,False,True,False,,pass,descarte,pendiente,0.0,desconocido,Pendiente de implementar,parcial,eps_stabilization (media): EPS 6.42 vs 6.15 (annual_eps_fallback) | debt_reduction (alta): Deuda 98828.0M vs 101197.0M | dividend_maintained (baja): Dividendo actual 6.83% con caída del 10.7%,razonable,descarte,78.39,79.33,78.39 - 79.33,75.56,77.22,75.56 - 77.22,Pérdida del soporte en 78.39 | ROE negativo durante 2 trimestres consecutivos | Ampliación de capital dilutiva | Recorte de rating a bono basura,6-12,"CHINA MOBILE está un 10.7% por debajo de su máximo 52s. Fundamentalmente aceptable con ROE 9.3%, deuda neta/EBITDA -0.9x. Técnicamente 🟢 Cruce alcista MACD, 🟢 Cerca de soporte. Clasificación: descarte.","CHINA MOBILE está un 10.7% por debajo de su máximo 52s. Fundamentalmente aceptable con ROE 9.3%, deuda neta/EBITDA -0.9x. Técnicamente 🟢 Cruce alcista MACD, 🟢 Cerca de soporte. Clasificación: descarte.",OK,
QCOM,QUALCOMM Incorporated,SP500,1.0,script-v2.0,1.0,2026-10-08T14:40:59.830355+02:00,52.8,57.3,100.0,20.0,0.0,6.0,39.0,21.0,18.0,12286718.0,0.58,-0.0,0.0,16.08,31.2,2.6085,False,5.8,13.0,False,168.8,4.9,True,True,True,,pass,pendiente_confirmacion,pendiente,0.0,desconocido,Pendiente de implementar,parcial,debt_reduction (alta): Deuda 15270.0M vs 15270.0M | dividend_maintained (baja): Dividendo actual 2.08% con caída del 31.9%,incompleto,pendiente_confirmacion,171.77,172.56,171.77 - 172.56,167.96,220.93,167.96 - 220.93,Pérdida del soporte en 172.56 | ROE negativo durante 2 trimestres consecutivos | Ampliación de capital dilutiva | Recorte de rating a bono basura,12-18,"QUALCOMM Incorporated está un 31.9% por debajo de su máximo 52s. Fundamentalmente aceptable con ROE 33.8%, deuda neta/EBITDA 0.6x. Técnicamente 🟢 Cerca de soporte, 🟢 base_pattern_detected. Clasificación: pendiente_confirmacion.","QUALCOMM Incorporated está un 31.9% por debajo de su máximo 52s. Fundamentalmente aceptable con ROE 33.8%, deuda neta/EBITDA 0.6x. Técnicamente 🟢 Cerca de soporte, 🟢 base_pattern_detected. Clasificación: pendiente_confirmacion.",OK,
COST,Costco Wholesale Corporation,SP500,1.0,script-v2.0,1.0,2026-10-08T14:40:28.234968+02:00,52.4,46.2,91.0,7.0,0.0,7.0,71.0,44.0,27.0,2113001.0,-0.78,24.7,-0.1,28.65,13.9,-12.4443,True,90.1,90.6,False,966.4,-2.5,True,False,False,,pass,descarte,pendiente,0.0,desconocido,Pendiente de implementar,parcial,margin_stabilization (media): Margen gross 12.8% vs 12.8% (+0.0 pp) | eps_stabilization (media): EPS 4.93 vs 4.58 (Diluted EPS) | dividend_maintained (baja): Dividendo actual 0.62% con caída del 14.1%,fuerte,descarte,928.27,932.09,928.27 - 932.09,932.02,960.59,932.02 - 960.59,Pérdida del soporte en 928.27 | ROE negativo durante 2 trimestres consecutivos | Ampliación de capital dilutiva | Recorte de rating a bono basura,6-12,"Costco Wholesale Corporation está un 14.1% por debajo de su máximo 52s. Fundamentalmente aceptable con ROE 28.4%, deuda neta/EBITDA -0.8x. Técnicamente 🟢 Divergencia alcista RSI, 🟢 Cerca de soporte. Clasificación: descarte.","Costco Wholesale Corporation está un 14.1% por debajo de su máximo 52s. Fundamentalmente aceptable con ROE 28.4%, deuda neta/EBITDA -0.8x. Técnicamente 🟢 Divergencia alcista RSI, 🟢 Cerca de soporte. Clasificación: descarte.",OK,
SHW,Sherwin-Williams Company (The),SP500,1.0,script-v2.0,1.0,2026-10-08T14:40:21.320081+02:00,52.1,51.2,72.0,33.0,0.0,10.0,55.0,38.0,17.0,1788637.0,3.13,9.0,0.0,19.27,20.1,-1.8789,False,15.3,23.8,False,332.5,-5.3,True,False,False,,pass,descarte,pendiente,0.0,desconocido,Pendiente de implementar,parcial,"margin_stabilization (media): Margen gross 49.2% vs 49.1% (+0.1 pp) | eps_stabilization (media): EPS 3.43 vs 2.15 (Diluted EPS) | dividend_maintained (baja): Dividendo actual 1.02% con caída del 16.6% | analyst_upgrade (media): Target 386.30 vs precio 315.00 (+23%), recMean 2.04, recKey buy",razonable,descarte,307.1,315.0,307.10 - 315.00,321.1,331.83,321.10 - 331.83,Pérdida del soporte en 307.10 | ROE negativo durante 2 trimestres consecutivos | Ampliación de capital dilutiva | Recorte de rating a bono basura,6-12,"Sherwin-Williams Company (The) está un 16.6% por debajo de su máximo 52s. Fundamentalmente aceptable con ROE 65.1%, deuda neta/EBITDA 3.1x. Técnicamente 🟢 Cerca de soporte, 🟡 Apoyo en MA40 semanal. Clasificación: descarte.","Sherwin-Williams Company (The) está un 16.6% por debajo de su máximo 52s. Fundamentalmente aceptable con ROE 65.1%, deuda neta/EBITDA 3.1x. Técnicamente 🟢 Cerca de soporte, 🟡 Apoyo en MA40 semanal. Clasificación: descarte.",OK,
MO,"Altria Group, Inc.",SP500,1.0,script-v2.0,1.0,2026-10-08T14:40:48.933319+02:00,52.0,52.3,79.0,29.0,0.0,9.0,51.0,39.0,12.0,8475753.0,1.41,-0.1,14.7,8.76,8.5,0.8402,False,79.8,61.3,False,66.44,4.4,True,False,False,,pass,descarte,pendiente,0.0,desconocido,Pendiente de implementar,parcial,eps_stabilization (media): EPS 1.37 vs 1.30 (Diluted EPS) | debt_reduction (alta): Deuda 24577.0M vs 24602.0M | dividend_maintained (baja): Dividendo actual 6.40% con caída del 10.0%,razonable,descarte,67.42,67.43,67.42 - 67.43,65.5,65.62,65.50 - 65.62,Pérdida del soporte en 67.42 | ROE negativo durante 2 trimestres consecutivos | Ampliación de capital dilutiva | Recorte de rating a bono basura,6-12,"Altria Group, Inc. está un 10.0% por debajo de su máximo 52s. Fundamentalmente aceptable con deuda neta/EBITDA 1.4x, dividendo 6.4%. Técnicamente 🟢 Divergencia alcista RSI, 🟡 MACD convergiendo. Clasificación: descarte.","Altria Group, Inc. está un 10.0% por debajo de su máximo 52s. Fundamentalmente aceptable con deuda neta/EBITDA 1.4x, dividendo 6.4%. Técnicamente 🟢 Divergencia alcista RSI, 🟡 MACD convergiendo. Clasificación: descarte.",OK,
BHP.L,BHP GROUP LIMITED ORD NPV (DI),EUROSTOXX,1.0,script-v2.0,1.0,2026-10-08T14:39:57.812010+02:00,52.0,48.7,93.0,10.0,0.0,4.0,62.0,50.0,12.0,893066.0,0.33,1.4,,5.97,11.5,112.31,False,31.2,51.4,False,2986.64,6.4,True,False,False,Sin señales de recuperación,pass,descarte,pendiente,0.0,desconocido,Pendiente de implementar,ausente,eps_stabilization (media): EPS 1.93 vs 1.77 (annual_eps_fallback) | dividend_maintained (baja): Dividendo actual 0.04% con caída del 11.5%,razonable,descarte,3053.61,3179.2,3053.61 - 3179.20,2971.34,3053.2,2971.34 - 3053.20,Pérdida del soporte en 3053.61 | ROE negativo durante 2 trimestres consecutivos | Ampliación de capital dilutiva | Recorte de rating a bono basura,6-12,"BHP GROUP LIMITED ORD NPV (DI) está un 11.5% por debajo de su máximo 52s. Fundamentalmente aceptable con ROE 24.0%, deuda neta/EBITDA 0.3x. Técnicamente 🟢 Cruce alcista MACD, 🟢 Cerca de soporte. Clasificación: descarte.","BHP GROUP LIMITED ORD NPV (DI) está un 11.5% por debajo de su máximo 52s. Fundamentalmente aceptable con ROE 24.0%, deuda neta/EBITDA 0.3x. Técnicamente 🟢 Cruce alcista MACD, 🟢 Cerca de soporte. Clasificación: descarte.",OK,
C,"Citigroup, Inc.",SP500,1.0,script-v2.0,1.0,2026-10-08T14:40:24.364075+02:00,51.7,48.6,71.0,29.0,0.0,4.0,61.0,44.0,17.0,10196975.0,,132.2,,,13.5,2.7984,False,30.8,36.3,False,125.58,1.4,True,False,False,Sin señales de recuperación,pass,descarte,pendiente,0.0,desconocido,Pendiente de implementar,ausente,eps_stabilization (media): EPS 3.15 vs 3.06 (Diluted EPS) | dividend_maintained (baja): Dividendo actual 2.10% con caída del 13.9%,razonable,descarte,120.95,127.32,120.95 - 127.32,125.3,125.77,125.30 - 125.77,Pérdida del soporte en 120.95 | ROE negativo durante 2 trimestres consecutivos | Ampliación de capital dilutiva | Recorte de rating a bono basura,6-12,"Citigroup, Inc. está un 13.9% por debajo de su máximo 52s. Fundamentalmente aceptable con ROE 8.5%, dividendo 2.1%. Técnicamente 🔵 RSI recuperándose de sobreventa, 🟡 MACD convergiendo. Clasificación: descarte.","Citigroup, Inc. está un 13.9% por debajo de su máximo 52s. Fundamentalmente aceptable con ROE 8.5%, dividendo 2.1%. Técnicamente 🔵 RSI recuperándose de sobreventa, 🟡 MACD convergiendo. Clasificación: descarte.",OK,
BAYN.DE,Bayer AG                      N,EUROSTOXX,1.0,script-v2.0,1.0,2026-10-08T14:39:00.942770+02:00,51.7,55.6,54.0,57.0,0.0,4.0,40.0,35.0,5.0,2083768.0,3.29,,1.6,7.57,19.7,1.9122,False,2.9,6.1,False,43.12,0.4,False,False,False,Sin señales de recuperación,pass,descarte,pendiente,0.0,desconocido,Pendiente de implementar,ausente,"dividend_maintained (baja): Dividendo actual 0.25% con caída del 19.7% | analyst_upgrade (media): Target 58.22 vs precio 43.29 (+34%), recMean 1.89, recKey buy",incompleto,descarte,36.5,43.29,36.50 - 43.29,43.09,45.83,43.09 - 45.83,Pérdida del soporte en 36.50 | ROE negativo durante 2 trimestres consecutivos | Ampliación de capital dilutiva | Recorte de rating a bono basura,6-12,"Bayer AG                      N está un 19.7% por debajo de su máximo 52s. Fundamentalmente aceptable con ROE -5.7%, deuda neta/EBITDA 3.3x. Técnicamente 🔵 RSI en sobreventa, 🟡 Apoyo en MA40 semanal. Clasificación: descarte.","Bayer AG                      N está un 19.7% por debajo de su máximo 52s. Fundamentalmente aceptable con ROE -5.7%, deuda neta/EBITDA 3.3x. Técnicamente 🔵 RSI en sobreventa, 🟡 Apoyo en MA40 semanal. Clasificación: descarte.",OK,
ENI.MI,ENI,EUROSTOXX,1.0,script-v2.0,1.0,2026-10-08T14:39:36.071231+02:00,51.2,52.3,95.0,15.0,0.0,7.0,48.0,30.0,18.0,8287695.0,1.65,1.2,12.0,7.36,0.1,1.0559,False,98.5,78.9,False,21.54,15.7,True,True,False,,pass,descarte,pendiente,0.0,desconocido,Pendiente de implementar,parcial,margin_stabilization (media): Margen gross 12.6% vs 6.5% (+6.1 pp) | eps_stabilization (media): EPS 1.09 vs 0.34 (Diluted EPS) | dividend_maintained (baja): Dividendo actual 4.33% con caída del 0.4%,razonable,descarte,22.56,23.62,22.56 - 23.62,21.27,21.31,21.27 - 21.31,Pérdida del soporte en 22.56 | ROE negativo durante 2 trimestres consecutivos | Ampliación de capital dilutiva | Recorte de rating a bono basura,6-12,"ENI está un 0.4% por debajo de su máximo 52s. Fundamentalmente aceptable con ROE 10.9%, deuda neta/EBITDA 1.6x. Técnicamente 🟢 Cruce alcista MACD, 🟢 base_pattern_detected. Clasificación: descarte.","ENI está un 0.4% por debajo de su máximo 52s. Fundamentalmente aceptable con ROE 10.9%, deuda neta/EBITDA 1.6x. Técnicamente 🟢 Cruce alcista MACD, 🟢 base_pattern_detected. Clasificación: descarte.",OK,
SAP.DE,SAP SE                        I,EUROSTOXX,1.0,script-v2.0,1.0,2026-10-08T14:39:08.088636+02:00,51.1,52.2,97.0,13.0,0.0,7.0,48.0,30.0,18.0,2517174.0,-0.14,26.4,0.9,18.31,32.3,6.2455,False,71.5,77.9,False,162.95,14.8,True,True,False,,pass,descarte,pendiente,0.0,desconocido,Pendiente de implementar,parcial,margin_stabilization (media): Margen gross 73.2% vs 73.0% (+0.2 pp) | eps_stabilization (media): EPS 1.88 vs 1.65 (Diluted EPS) | dividend_maintained (baja): Dividendo actual 1.34% con caída del 23.4%,razonable,descarte,177.83,182.24,177.83 - 182.24,164.09,207.66,164.09 - 207.66,Pérdida del soporte en 177.83 | ROE negativo durante 2 trimestres consecutivos | Ampliación de capital dilutiva | Recorte de rating a bono basura,6-12,"SAP SE                        I está un 23.4% por debajo de su máximo 52s. Fundamentalmente aceptable con ROE 18.3%, deuda neta/EBITDA -0.1x. Técnicamente 🟡 MACD convergiendo, 🟢 Cerca de soporte. Clasificación: descarte.","SAP SE                        I está un 23.4% por debajo de su máximo 52s. Fundamentalmente aceptable con ROE 18.3%, deuda neta/EBITDA -0.1x. Técnicamente 🟡 MACD convergiendo, 🟢 Cerca de soporte. Clasificación: descarte.",OK,
BOQ.AX,BANK QLD FPO [BOQ],ASX,1.0,script-v2.0,1.0,2026-10-08T14:41:17.529361+02:00,50.5,47.4,57.0,39.0,0.0,9.0,60.0,43.0,17.0,1617195.0,,-1.7,,,15.1,0.0426,False,19.0,22.7,False,6.4,-0.2,True,False,False,,pass,descarte,pendiente,0.0,desconocido,Pendiente de implementar,parcial,eps_stabilization (media): EPS 0.41 vs 0.18 (annual_eps_fallback) | debt_reduction (alta): Deuda 16714.0M vs 17008.0M | dividend_maintained (baja): Dividendo actual 6.27% con caída del 14.7%,razonable,descarte,6.17,6.38,6.17 - 6.38,6.36,6.38,6.36 - 6.38,Pérdida del soporte en 6.17 | ROE negativo durante 2 trimestres consecutivos | Ampliación de capital dilutiva | Recorte de rating a bono basura,6-12,"BANK QLD FPO [BOQ] está un 14.7% por debajo de su máximo 52s. Fundamentalmente aceptable con ROE 1.6%, dividendo 6.3%. Técnicamente 🟢 Cerca de soporte, 🟡 Apoyo en MA40 semanal. Clasificación: descarte.","BANK QLD FPO [BOQ] está un 14.7% por debajo de su máximo 52s. Fundamentalmente aceptable con ROE 1.6%, dividendo 6.3%. Técnicamente 🟢 Cerca de soporte, 🟡 Apoyo en MA40 semanal. Clasificación: descarte.",OK,
TIT.MI,TELECOM ITALIA,EUROSTOXX,1.0,script-v2.0,1.0,2026-10-08T14:39:39.744177+02:00,50.5,51.6,34.0,67.0,0.0,8.0,47.0,41.0,6.0,13478936.0,2.98,-7.6,5.8,6.66,30.0,0.0525,False,4.4,3.2,True,6.89,-16.8,False,False,False,,pass,descarte,pendiente,0.0,desconocido,Pendiente de implementar,parcial,margin_stabilization (media): Margen gross 44.3% vs 43.2% (+1.1 pp) | debt_reduction (alta): Deuda 13523.0M vs 14636.0M,razonable,descarte,5.44,5.73,5.44 - 5.73,6.86,6.96,6.86 - 6.96,Pérdida del soporte en 5.44 | ROE negativo durante 2 trimestres consecutivos | Ampliación de capital dilutiva | Recorte de rating a bono basura,12-18,"TELECOM ITALIA está un 30.0% por debajo de su máximo 52s. Fundamentalmente aceptable con ROE 3.9%, deuda neta/EBITDA 3.0x. Técnicamente 🔵 RSI en sobreventa, 🟢 Estocástico sale de sobreventa. Clasificación: descarte.","TELECOM ITALIA está un 30.0% por debajo de su máximo 52s. Fundamentalmente aceptable con ROE 3.9%, deuda neta/EBITDA 3.0x. Técnicamente 🔵 RSI en sobreventa, 🟢 Estocástico sale de sobreventa. Clasificación: descarte.",OK,
SRG.MI,SNAM,EUROSTOXX,1.0,script-v2.0,1.0,2026-10-08T14:39:39.096325+02:00,50.3,52.5,61.0,45.0,0.0,4.0,44.0,39.0,5.0,5767492.0,6.2,17.9,-29.3,12.34,15.9,-0.1164,False,61.1,37.2,False,6.04,-7.1,False,False,False,Sin señales de recuperación,pass,descarte,pendiente,0.0,desconocido,Pendiente de implementar,ausente,margin_stabilization (media): Margen gross 110.4% vs 77.6% (+32.8 pp) | dividend_maintained (baja): Dividendo actual 5.34% con caída del 18.3%,incompleto,descarte,5.33,5.61,5.33 - 5.61,5.84,6.01,5.84 - 6.01,Pérdida del soporte en 5.33 | ROE negativo durante 2 trimestres consecutivos | Ampliación de capital dilutiva | Recorte de rating a bono basura,6-12,"SNAM está un 18.3% por debajo de su máximo 52s. Fundamentalmente aceptable con ROE 12.4%, deuda neta/EBITDA 6.2x. Técnicamente 🟢 Divergencia alcista RSI, 🟡 Apoyo en MA40 semanal. Clasificación: descarte.","SNAM está un 18.3% por debajo de su máximo 52s. Fundamentalmente aceptable con ROE 12.4%, deuda neta/EBITDA 6.2x. Técnicamente 🟢 Divergencia alcista RSI, 🟡 Apoyo en MA40 semanal. Clasificación: descarte.",OK,
9432.T,NTT INC,ASIA,1.0,script-v2.0,1.0,2026-10-08T14:41:21.264297+02:00,50.3,51.1,73.0,32.0,0.0,4.0,48.0,30.0,18.0,225892995.0,4.03,11.8,,7.91,2.9,6.4243,False,48.4,41.8,False,153.61,12.0,True,True,False,Sin señales de recuperación,pass,descarte,pendiente,0.0,desconocido,Pendiente de implementar,ausente,eps_stabilization (media): EPS 3.38 vs 3.14 (Diluted EPS) | dividend_maintained (baja): Dividendo actual 3.14% con caída del 4.4%,razonable,descarte,165.01,165.58,165.01 - 165.58,153.08,153.14,153.08 - 153.14,Pérdida del soporte en 165.58 | ROE negativo durante 2 trimestres consecutivos | Ampliación de capital dilutiva | Recorte de rating a bono basura,6-12,"NTT INC está un 4.4% por debajo de su máximo 52s. Fundamentalmente aceptable con ROE 10.7%, deuda neta/EBITDA 4.0x. Técnicamente 🟡 MACD convergiendo, 🟢 Cerca de soporte. Clasificación: descarte.","NTT INC está un 4.4% por debajo de su máximo 52s. Fundamentalmente aceptable con ROE 10.7%, deuda neta/EBITDA 4.0x. Técnicamente 🟡 MACD convergiendo, 🟢 Cerca de soporte. Clasificación: descarte.",OK,
ITW,Illinois Tool Works Inc.,SP500,1.0,script-v2.0,1.0,2026-10-08T14:40:15.079362+02:00,49.7,44.9,78.0,16.0,0.0,7.0,64.0,59.0,5.0,1308743.0,1.84,6.0,0.0,17.32,12.9,1.7373,False,28.9,44.8,False,266.62,-2.1,False,False,False,,pass,descarte,pendiente,0.0,desconocido,Pendiente de implementar,parcial,margin_stabilization (media): Margen gross 44.1% vs 43.8% (+0.3 pp) | eps_stabilization (media): EPS 2.84 vs 2.66 (Diluted EPS) | dividend_maintained (baja): Dividendo actual 2.63% con caída del 13.9%,razonable,descarte,242.83,261.15,242.83 - 261.15,257.69,265.55,257.69 - 265.55,Pérdida del soporte en 242.83 | ROE negativo durante 2 trimestres consecutivos | Ampliación de capital dilutiva | Recorte de rating a bono basura,6-12,"Illinois Tool Works Inc. está un 13.9% por debajo de su máximo 52s. Fundamentalmente aceptable con ROE 104.6%, deuda neta/EBITDA 1.8x. Técnicamente 🔵 RSI recuperándose de sobreventa, 🟢 Cruce alcista MACD. Clasificación: descarte.","Illinois Tool Works Inc. está un 13.9% por debajo de su máximo 52s. Fundamentalmente aceptable con ROE 104.6%, deuda neta/EBITDA 1.8x. Técnicamente 🔵 RSI recuperándose de sobreventa, 🟢 Cruce alcista MACD. Clasificación: descarte.",OK,
WES.AX,WESFARMER FPO [WES],ASX,1.0,script-v2.0,1.0,2026-10-08T14:41:04.561880+02:00,49.7,51.6,82.0,25.0,0.0,1.0,44.0,39.0,5.0,1675197.0,2.53,13.9,,20.54,17.5,-1.2141,False,72.9,73.4,False,79.11,-3.9,False,False,False,Sin señales de recuperación,pass,descarte,pendiente,0.0,desconocido,Pendiente de implementar,ausente,dividend_maintained (baja): Dividendo actual 2.92% con caída del 19.7%,incompleto,descarte,70.94,76.04,70.94 - 76.04,79.26,80.5,79.26 - 80.50,Pérdida del soporte en 70.94 | ROE negativo durante 2 trimestres consecutivos | Ampliación de capital dilutiva | Recorte de rating a bono basura,6-12,"WESFARMER FPO [WES] está un 19.7% por debajo de su máximo 52s. Fundamentalmente aceptable con ROE 33.5%, deuda neta/EBITDA 2.5x. Técnicamente 🟢 Divergencia alcista RSI, 🟡 Apoyo en MA40 semanal. Clasificación: descarte.","WESFARMER FPO [WES] está un 19.7% por debajo de su máximo 52s. Fundamentalmente aceptable con ROE 33.5%, deuda neta/EBITDA 2.5x. Técnicamente 🟢 Divergencia alcista RSI, 🟡 Apoyo en MA40 semanal. Clasificación: descarte.",OK,
WDS.AX,WOODSIDE FPO [WDS],ASX,1.0,script-v2.0,1.0,2026-10-08T14:41:09.857130+02:00,49.5,55.6,86.0,29.0,0.0,6.0,31.0,25.0,6.0,4503125.0,1.15,-0.4,,9.35,7.6,0.9704,False,89.5,47.5,False,29.73,8.7,False,True,True,,pass,pendiente_confirmacion,pendiente,0.0,desconocido,Pendiente de implementar,parcial,debt_reduction (alta): Deuda 13668.0M vs 13722.0M | dividend_maintained (baja): Dividendo actual 5.04% con caída del 9.8%,incompleto,pendiente_confirmacion,29.77,31.99,29.77 - 31.99,29.39,30.45,29.39 - 30.45,Pérdida del soporte en 29.77 | ROE negativo durante 2 trimestres consecutivos | Ampliación de capital dilutiva | Recorte de rating a bono basura,6-12,"WOODSIDE FPO [WDS] está un 9.8% por debajo de su máximo 52s. Fundamentalmente aceptable con ROE 7.7%, deuda neta/EBITDA 1.1x. Técnicamente 🟡 MACD convergiendo, 🟡 trendline_break. Clasificación: pendiente_confirmacion.","WOODSIDE FPO [WDS] está un 9.8% por debajo de su máximo 52s. Fundamentalmente aceptable con ROE 7.7%, deuda neta/EBITDA 1.1x. Técnicamente 🟡 MACD convergiendo, 🟡 trendline_break. Clasificación: pendiente_confirmacion.",OK,
105560.KS,KBFinancialGroup,ASIA,1.0,script-v2.0,1.0,2026-10-08T14:41:46.610711+02:00,49.5,55.3,74.0,39.0,0.0,7.0,32.0,27.0,5.0,1148181.0,,35.0,,,15.7,5238.9004,False,0.0,9.8,False,158839.89,2.5,False,False,True,,pass,pendiente_confirmacion,pendiente,0.0,desconocido,Pendiente de implementar,parcial,"eps_stabilization (media): EPS 5508.00 vs 5120.00 (Diluted EPS) | dividend_maintained (baja): Dividendo actual 2.84% con caída del 16.3% | analyst_upgrade (media): Target 216142.86 vs precio 162800.00 (+33%), recMean 1.43, recKey strong_buy",incompleto,pendiente_confirmacion,162698.25,162800.0,162698.25 - 162800.00,154454.76,165325.0,154454.76 - 165325.00,Pérdida del soporte en 162698.25 | ROE negativo durante 2 trimestres consecutivos | Ampliación de capital dilutiva | Recorte de rating a bono basura,6-12,"KBFinancialGroup está un 16.3% por debajo de su máximo 52s. Fundamentalmente aceptable con ROE 10.2%, dividendo 2.8%. Técnicamente 🟢 Cerca de soporte, 🟡 Apoyo en MA40 semanal. Clasificación: pendiente_confirmacion.","KBFinancialGroup está un 16.3% por debajo de su máximo 52s. Fundamentalmente aceptable con ROE 10.2%, dividendo 2.8%. Técnicamente 🟢 Cerca de soporte, 🟡 Apoyo en MA40 semanal. Clasificación: pendiente_confirmacion.",OK,
CVX,Chevron Corporation,SP500,1.0,script-v2.0,1.0,2026-10-08T14:40:10.983162+02:00,49.5,53.1,100.0,12.0,0.0,12.0,39.0,21.0,18.0,8254351.0,0.56,-18.4,12.3,8.62,5.8,8.3274,False,39.3,46.6,False,187.35,9.5,True,True,True,,pass,pendiente_confirmacion,pendiente,0.0,desconocido,Pendiente de implementar,confirmada,margin_stabilization (media): Margen gross 36.5% vs 28.4% (+8.1 pp) | eps_stabilization (media): EPS 6.11 vs 1.11 (Diluted EPS) | debt_reduction (alta): Deuda 37075.0M vs 45428.0M | dividend_maintained (baja): Dividendo actual 3.47% con caída del 5.8%,incompleto,pendiente_confirmacion,200.41,202.98,200.41 - 202.98,185.07,185.11,185.07 - 185.11,Pérdida del soporte en 200.41 | ROE negativo durante 2 trimestres consecutivos | Ampliación de capital dilutiva | Recorte de rating a bono basura,6-12,"Chevron Corporation está un 5.8% por debajo de su máximo 52s. Fundamentalmente aceptable con ROE 12.2%, deuda neta/EBITDA 0.6x. Técnicamente 🟢 Cerca de soporte, 🟢 base_pattern_detected. Clasificación: pendiente_confirmacion.","Chevron Corporation está un 5.8% por debajo de su máximo 52s. Fundamentalmente aceptable con ROE 12.2%, deuda neta/EBITDA 0.6x. Técnicamente 🟢 Cerca de soporte, 🟢 base_pattern_detected. Clasificación: pendiente_confirmacion.",OK,
CAT,"Caterpillar, Inc.",SP500,1.0,script-v2.0,1.0,2026-10-08T14:40:31.137768+02:00,49.4,44.8,72.0,21.0,0.0,7.0,63.0,46.0,17.0,2650325.0,2.41,4.8,-2.7,25.43,24.0,11.0151,False,23.7,64.9,False,808.74,0.6,True,False,False,,pass,descarte,pendiente,0.0,desconocido,Pendiente de implementar,parcial,margin_stabilization (media): Margen gross 36.0% vs 33.1% (+2.9 pp) | eps_stabilization (media): EPS 7.77 vs 5.47 (Diluted EPS) | dividend_maintained (baja): Dividendo actual 0.80% con caída del 24.2%,razonable,descarte,788.77,813.83,788.77 - 813.83,797.43,912.44,797.43 - 912.44,Pérdida del soporte en 788.77 | ROE negativo durante 2 trimestres consecutivos | Ampliación de capital dilutiva | Recorte de rating a bono basura,6-12,"Caterpillar, Inc. está un 24.2% por debajo de su máximo 52s. Fundamentalmente aceptable con ROE 57.0%, deuda neta/EBITDA 2.4x. Técnicamente 🟢 Divergencia alcista RSI, 🟢 Cerca de soporte. Clasificación: descarte.","Caterpillar, Inc. está un 24.2% por debajo de su máximo 52s. Fundamentalmente aceptable con ROE 57.0%, deuda neta/EBITDA 2.4x. Técnicamente 🟢 Divergencia alcista RSI, 🟢 Cerca de soporte. Clasificación: descarte.",OK,
BP.L,BP PLC $0.25,EUROSTOXX,1.0,script-v2.0,1.0,2026-10-08T14:39:52.567365+02:00,49.3,49.8,85.0,19.0,0.0,9.0,48.0,30.0,18.0,45737169.0,0.9,-2.0,8.5,3.59,4.9,15.2267,False,93.2,80.7,False,523.23,10.8,True,True,False,,pass,descarte,pendiente,0.0,desconocido,Pendiente de implementar,parcial,eps_stabilization (media): EPS 0.25 vs 0.25 (Diluted EPS) | debt_reduction (alta): Deuda 72693.0M vs 74178.0M | dividend_maintained (baja): Dividendo actual 0.04% con caída del 4.9%,razonable,descarte,515.22,545.47,515.22 - 545.47,517.99,518.36,517.99 - 518.36,Pérdida del soporte en 515.22 | ROE negativo durante 2 trimestres consecutivos | Ampliación de capital dilutiva | Recorte de rating a bono basura,6-12,"BP PLC $0.25 está un 4.9% por debajo de su máximo 52s. Fundamentalmente aceptable con ROE 8.9%, deuda neta/EBITDA 0.9x. Técnicamente 🟢 Cruce alcista MACD, 🟢 base_pattern_detected. Clasificación: descarte.","BP PLC $0.25 está un 4.9% por debajo de su máximo 52s. Fundamentalmente aceptable con ROE 8.9%, deuda neta/EBITDA 0.9x. Técnicamente 🟢 Cruce alcista MACD, 🟢 base_pattern_detected. Clasificación: descarte.",OK,
NESTE.HE,Neste Corporation,EUROSTOXX,1.0,script-v2.0,1.0,2026-10-08T14:39:47.371640+02:00,49.1,55.2,100.0,16.0,0.0,12.0,31.0,25.0,6.0,1248857.0,1.33,-9.8,5.0,10.44,8.5,2.1495,False,36.2,25.4,False,27.53,19.5,False,True,True,,pass,pendiente_confirmacion,pendiente,0.0,desconocido,Pendiente de implementar,confirmada,margin_stabilization (media): Margen gross 21.4% vs 19.4% (+2.0 pp) | eps_stabilization (media): EPS 0.99 vs 0.69 (Diluted EPS) | debt_reduction (alta): Deuda 4698.0M vs 5207.0M | dividend_maintained (baja): Dividendo actual 0.61% con caída del 8.5%,incompleto,pendiente_confirmacion,31.07,31.99,31.07 - 31.99,27.18,30.55,27.18 - 30.55,Pérdida del soporte en 31.07 | ROE negativo durante 2 trimestres consecutivos | Ampliación de capital dilutiva | Recorte de rating a bono basura,6-12,"Neste Corporation está un 8.5% por debajo de su máximo 52s. Fundamentalmente aceptable con ROE 19.4%, deuda neta/EBITDA 1.3x. Técnicamente 🟡 MACD convergiendo, 🟡 trendline_break. Clasificación: pendiente_confirmacion.","Neste Corporation está un 8.5% por debajo de su máximo 52s. Fundamentalmente aceptable con ROE 19.4%, deuda neta/EBITDA 1.3x. Técnicamente 🟡 MACD convergiendo, 🟡 trendline_break. Clasificación: pendiente_confirmacion.",OK,
TEN.MI,TENARIS,EUROSTOXX,1.0,script-v2.0,1.0,2026-10-08T14:39:40.437116+02:00,49.0,44.7,82.0,12.0,0.0,6.0,62.0,44.0,18.0,1326925.0,-0.85,-5.6,4.6,8.42,9.0,0.4916,False,65.0,58.8,False,23.61,7.2,True,True,False,,pass,descarte,pendiente,0.0,desconocido,Pendiente de implementar,parcial,debt_reduction (alta): Deuda 447.0M vs 473.5M | dividend_maintained (baja): Dividendo actual 3.04% con caída del 9.0%,razonable,descarte,23.62,24.07,23.62 - 24.07,23.41,23.65,23.41 - 23.65,Pérdida del soporte en 23.62 | ROE negativo durante 2 trimestres consecutivos | Ampliación de capital dilutiva | Recorte de rating a bono basura,6-12,"TENARIS está un 9.0% por debajo de su máximo 52s. Fundamentalmente aceptable con ROE 11.6%, deuda neta/EBITDA -0.8x. Técnicamente 🟢 Divergencia alcista RSI, 🟢 Cruce alcista MACD. Clasificación: descarte.","TENARIS está un 9.0% por debajo de su máximo 52s. Fundamentalmente aceptable con ROE 11.6%, deuda neta/EBITDA -0.8x. Técnicamente 🟢 Divergencia alcista RSI, 🟢 Cruce alcista MACD. Clasificación: descarte.",OK,
TCL.AX,TRANSURBAN STAPLED [TCL],ASX,1.0,script-v2.0,1.0,2026-10-08T14:41:07.084752+02:00,48.7,38.9,40.0,38.0,0.0,4.0,78.0,73.0,5.0,5012958.0,8.2,0.9,,25.7,15.2,-0.2495,False,23.2,27.2,False,13.95,-7.2,False,False,False,Sin señales de recuperación,pass,descarte,pendiente,0.0,desconocido,Pendiente de implementar,ausente,eps_stabilization (media): EPS 0.12 vs 0.04 (annual_eps_fallback) | dividend_maintained (baja): Dividendo actual 5.41% con caída del 17.1%,fuerte,descarte,12.82,12.95,12.82 - 12.95,13.28,13.95,13.28 - 13.95,Pérdida del soporte en 12.82 | ROE negativo durante 2 trimestres consecutivos | Ampliación de capital dilutiva | Recorte de rating a bono basura,6-12,"TRANSURBAN STAPLED [TCL] está un 17.1% por debajo de su máximo 52s. Fundamentalmente débil con ROE 5.0%, deuda neta/EBITDA 8.2x. Técnicamente 🔵 RSI en sobreventa, 🟢 Cruce alcista MACD. Clasificación: descarte.","TRANSURBAN STAPLED [TCL] está un 17.1% por debajo de su máximo 52s. Fundamentalmente débil con ROE 5.0%, deuda neta/EBITDA 8.2x. Técnicamente 🔵 RSI en sobreventa, 🟢 Cruce alcista MACD. Clasificación: descarte.",OK,
NOKIA.HE,Nokia Corporation,EUROSTOXX,1.0,script-v2.0,1.0,2026-10-08T14:39:48.652965+02:00,48.5,46.1,69.0,26.0,0.0,4.0,56.0,44.0,12.0,18204992.0,-0.68,1.0,1.1,19.87,37.6,0.1455,False,52.1,71.4,False,8.81,5.6,True,False,False,Sin señales de recuperación,pass,descarte,pendiente,0.0,desconocido,Pendiente de implementar,ausente,margin_stabilization (media): Margen gross 44.6% vs 44.2% (+0.4 pp) | dividend_maintained (baja): Dividendo actual 1.50% con caída del 38.0%,razonable,descarte,8.64,8.93,8.64 - 8.93,8.67,12.74,8.67 - 12.74,Pérdida del soporte en 8.64 | ROE negativo durante 2 trimestres consecutivos | Ampliación de capital dilutiva | Recorte de rating a bono basura,12-18,"Nokia Corporation está un 38.0% por debajo de su máximo 52s. Fundamentalmente aceptable con ROE 3.5%, deuda neta/EBITDA -0.7x. Técnicamente 🟢 Divergencia alcista RSI, 🟢 Cruce alcista MACD. Clasificación: descarte.","Nokia Corporation está un 38.0% por debajo de su máximo 52s. Fundamentalmente aceptable con ROE 3.5%, deuda neta/EBITDA -0.7x. Técnicamente 🟢 Divergencia alcista RSI, 🟢 Cruce alcista MACD. Clasificación: descarte.",OK,
CS.PA,AXA,EUROSTOXX,1.0,script-v2.0,1.0,2026-10-08T14:39:16.534068+02:00,48.3,53.8,97.0,16.0,0.0,7.0,32.0,32.0,0.0,2758845.0,,1.0,,,8.7,0.9477,False,7.2,17.5,False,40.45,3.0,False,False,True,,pass,pendiente_confirmacion,pendiente,0.0,desconocido,Pendiente de implementar,parcial,"eps_stabilization (media): EPS 4.77 vs 3.63 (annual_eps_fallback) | dividend_maintained (baja): Dividendo actual 5.57% con caída del 8.7% | analyst_upgrade (media): Target 51.93 vs precio 41.68 (+25%), recMean 1.72, recKey buy",incompleto,pendiente_confirmacion,38.48,41.68,38.48 - 41.68,38.81,40.42,38.81 - 40.42,Pérdida del soporte en 38.48 | ROE negativo durante 2 trimestres consecutivos | Ampliación de capital dilutiva | Recorte de rating a bono basura,6-12,"AXA está un 8.7% por debajo de su máximo 52s. Fundamentalmente aceptable con ROE 14.9%, D/E 1.19. Técnicamente 🟢 Divergencia alcista RSI. Clasificación: pendiente_confirmacion.","AXA está un 8.7% por debajo de su máximo 52s. Fundamentalmente aceptable con ROE 14.9%, D/E 1.19. Técnicamente 🟢 Divergencia alcista RSI. Clasificación: pendiente_confirmacion.",OK,
JNJ,Johnson & Johnson,SP500,1.0,script-v2.0,1.0,2026-10-08T14:40:03.488770+02:00,48.2,46.7,100.0,0.0,0.0,12.0,53.0,53.0,0.0,7015743.0,0.81,-10.8,0.2,18.67,8.0,9.8054,False,30.3,15.7,False,242.77,6.5,False,False,False,,pass,descarte,pendiente,0.0,desconocido,Pendiente de implementar,confirmada,margin_stabilization (media): Margen gross 68.2% vs 66.3% (+1.9 pp) | eps_stabilization (media): EPS 2.27 vs 2.14 (Diluted EPS) | debt_reduction (alta): Deuda 49036.0M vs 54987.0M | dividend_maintained (baja): Dividendo actual 2.07% con caída del 8.0%,razonable,descarte,255.42,258.45,255.42 - 258.45,238.91,240.47,238.91 - 240.47,Pérdida del soporte en 255.42 | ROE negativo durante 2 trimestres consecutivos | Ampliación de capital dilutiva | Recorte de rating a bono basura,6-12,"Johnson & Johnson está un 8.0% por debajo de su máximo 52s. Fundamentalmente aceptable con ROE 25.7%, deuda neta/EBITDA 0.8x. Técnicamente 🔵 RSI recuperándose de sobreventa, 🟡 MACD convergiendo. Clasificación: descarte.","Johnson & Johnson está un 8.0% por debajo de su máximo 52s. Fundamentalmente aceptable con ROE 25.7%, deuda neta/EBITDA 0.8x. Técnicamente 🔵 RSI recuperándose de sobreventa, 🟡 MACD convergiendo. Clasificación: descarte.",OK,
SSE.L,SSE PLC ORD 50P,EUROSTOXX,1.0,script-v2.0,1.0,2026-10-08T14:39:59.682188+02:00,48.2,50.6,89.0,17.0,0.0,6.0,41.0,24.0,17.0,2646572.0,3.17,-2.8,,14.34,10.8,12.0377,False,57.4,55.5,False,2472.82,-0.2,True,False,True,,pass,pendiente_confirmacion,pendiente,0.0,desconocido,Pendiente de implementar,parcial,debt_reduction (alta): Deuda 10170.4M vs 10467.9M | dividend_maintained (baja): Dividendo actual 0.03% con caída del 10.8%,incompleto,pendiente_confirmacion,2327.72,2410.16,2327.72 - 2410.16,2352.38,2460.05,2352.38 - 2460.05,Pérdida del soporte en 2327.72 | ROE negativo durante 2 trimestres consecutivos | Ampliación de capital dilutiva | Recorte de rating a bono basura,6-12,"SSE PLC ORD 50P está un 10.8% por debajo de su máximo 52s. Fundamentalmente aceptable con ROE 9.7%, deuda neta/EBITDA 3.2x. Técnicamente 🟡 Apoyo en MA40 semanal, 🟢 base_pattern_detected. Clasificación: pendiente_confirmacion.","SSE PLC ORD 50P está un 10.8% por debajo de su máximo 52s. Fundamentalmente aceptable con ROE 9.7%, deuda neta/EBITDA 3.2x. Técnicamente 🟡 Apoyo en MA40 semanal, 🟢 base_pattern_detected. Clasificación: pendiente_confirmacion.",OK,
UNA.AS,UNILEVER PLC,EUROSTOXX,1.0,script-v2.0,1.0,2026-10-08T14:39:33.685440+02:00,48.0,46.4,80.0,17.0,0.0,4.0,53.0,48.0,5.0,1030534.0,2.41,,,13.41,11.6,0.5888,False,77.9,69.6,False,53.12,2.8,False,False,False,Sin señales de recuperación,pass,descarte,pendiente,0.0,desconocido,Pendiente de implementar,ausente,eps_stabilization (media): EPS 4.32 vs 2.58 (annual_eps_fallback) | dividend_maintained (baja): Dividendo actual 3.50% con caída del 13.8%,razonable,descarte,53.09,54.5,53.09 - 54.50,53.2,53.88,53.20 - 53.88,Pérdida del soporte en 53.09 | ROE negativo durante 2 trimestres consecutivos | Ampliación de capital dilutiva | Recorte de rating a bono basura,6-12,"UNILEVER PLC está un 13.8% por debajo de su máximo 52s. Fundamentalmente aceptable con ROE 31.9%, deuda neta/EBITDA 2.4x. Técnicamente 🟢 Cruce alcista MACD, 🟢 Cerca de soporte. Clasificación: descarte.","UNILEVER PLC está un 13.8% por debajo de su máximo 52s. Fundamentalmente aceptable con ROE 31.9%, deuda neta/EBITDA 2.4x. Técnicamente 🟢 Cruce alcista MACD, 🟢 Cerca de soporte. Clasificación: descarte.",OK,
BHP.AX,BHP GROUP FPO [BHP],ASX,1.0,script-v2.0,1.0,2026-10-08T14:40:59.670075+02:00,48.0,48.3,100.0,3.0,0.0,4.0,47.0,35.0,12.0,7303906.0,0.33,1.4,,11.12,9.1,2.3306,False,45.3,76.2,False,55.91,9.5,True,False,False,Sin señales de recuperación,pass,descarte,pendiente,0.0,desconocido,Pendiente de implementar,ausente,eps_stabilization (media): EPS 1.93 vs 1.77 (annual_eps_fallback) | dividend_maintained (baja): Dividendo actual 3.95% con caída del 11.0%,razonable,descarte,57.56,61.19,57.56 - 61.19,55.72,58.45,55.72 - 58.45,Pérdida del soporte en 57.56 | ROE negativo durante 2 trimestres consecutivos | Ampliación de capital dilutiva | Recorte de rating a bono basura,6-12,"BHP GROUP FPO [BHP] está un 11.0% por debajo de su máximo 52s. Fundamentalmente aceptable con ROE 24.0%, deuda neta/EBITDA 0.3x. Técnicamente 🟢 Cruce alcista MACD, 🟢 base_pattern_detected. Clasificación: descarte.","BHP GROUP FPO [BHP] está un 11.0% por debajo de su máximo 52s. Fundamentalmente aceptable con ROE 24.0%, deuda neta/EBITDA 0.3x. Técnicamente 🟢 Cruce alcista MACD, 🟢 base_pattern_detected. Clasificación: descarte.",OK,
CSL.AX,CSL FPO [CSL],ASX,1.0,script-v2.0,1.0,2026-10-08T14:41:01.361375+02:00,47.9,51.9,78.0,29.0,0.0,1.0,36.0,30.0,6.0,1280227.0,1.85,,,19.31,37.7,10.887,False,57.4,51.6,False,140.41,29.2,False,True,False,Sin señales de recuperación,pass,descarte,pendiente,0.0,desconocido,Pendiente de implementar,ausente,dividend_maintained (baja): Dividendo actual 2.23% con caída del 18.4%,incompleto,descarte,163.46,174.68,163.46 - 174.68,140.86,189.1,140.86 - 189.10,Pérdida del soporte en 174.68 | ROE negativo durante 2 trimestres consecutivos | Ampliación de capital dilutiva | Recorte de rating a bono basura,6-12,"CSL FPO [CSL] está un 18.4% por debajo de su máximo 52s. Fundamentalmente aceptable con ROE -15.8%, deuda neta/EBITDA 1.9x. Técnicamente 🟡 MACD convergiendo, 🟢 Cerca de soporte. Clasificación: descarte.","CSL FPO [CSL] está un 18.4% por debajo de su máximo 52s. Fundamentalmente aceptable con ROE -15.8%, deuda neta/EBITDA 1.9x. Técnicamente 🟡 MACD convergiendo, 🟢 Cerca de soporte. Clasificación: descarte.",OK,
SIE.DE,SIEMENS AG                    N,EUROSTOXX,1.0,script-v2.0,1.0,2026-10-08T14:39:05.669891+02:00,47.8,44.4,94.0,1.0,0.0,12.0,58.0,41.0,17.0,947737.0,3.12,-7.8,-0.0,20.44,9.1,5.8851,False,9.1,37.4,False,257.55,3.0,True,False,False,,pass,descarte,pendiente,0.0,desconocido,Pendiente de implementar,confirmada,margin_stabilization (media): Margen gross 40.9% vs 38.9% (+2.0 pp) | eps_stabilization (media): EPS 2.91 vs 2.58 (Diluted EPS) | debt_reduction (alta): Deuda 49924.0M vs 54161.0M | dividend_maintained (baja): Dividendo actual 2.02% con caída del 9.1%,razonable,descarte,264.52,265.17,264.52 - 265.17,247.94,257.23,247.94 - 257.23,Pérdida del soporte en 264.52 | ROE negativo durante 2 trimestres consecutivos | Ampliación de capital dilutiva | Recorte de rating a bono basura,6-12,"SIEMENS AG                    N está un 9.1% por debajo de su máximo 52s. Fundamentalmente aceptable con ROE 12.5%, deuda neta/EBITDA 3.1x. Técnicamente 🟢 Divergencia alcista RSI, 🟢 Cerca de soporte. Clasificación: descarte.","SIEMENS AG                    N está un 9.1% por debajo de su máximo 52s. Fundamentalmente aceptable con ROE 12.5%, deuda neta/EBITDA 3.1x. Técnicamente 🟢 Divergencia alcista RSI, 🟢 Cerca de soporte. Clasificación: descarte.",OK,
TGT,Target Corporation,SP500,1.0,script-v2.0,1.0,2026-10-08T14:40:18.541284+02:00,47.8,53.1,91.0,20.0,0.0,7.0,32.0,32.0,0.0,3988093.0,1.6,1.9,-1.0,9.58,11.6,10.174,False,2.5,20.5,False,130.69,15.5,False,False,True,,pass,pendiente_confirmacion,pendiente,0.0,desconocido,Pendiente de implementar,parcial,margin_stabilization (media): Margen gross 33.7% vs 29.0% (+4.7 pp) | eps_stabilization (media): EPS 4.11 vs 1.71 (Diluted EPS) | dividend_maintained (baja): Dividendo actual 3.07% con caída del 11.6%,incompleto,pendiente_confirmacion,145.3,150.92,145.30 - 150.92,128.17,145.14,128.17 - 145.14,Pérdida del soporte en 145.30 | ROE negativo durante 2 trimestres consecutivos | Ampliación de capital dilutiva | Recorte de rating a bono basura,6-12,"Target Corporation está un 11.6% por debajo de su máximo 52s. Fundamentalmente aceptable con ROE 26.4%, deuda neta/EBITDA 1.6x. Técnicamente 🟢 Cerca de soporte. Clasificación: pendiente_confirmacion.","Target Corporation está un 11.6% por debajo de su máximo 52s. Fundamentalmente aceptable con ROE 26.4%, deuda neta/EBITDA 1.6x. Técnicamente 🟢 Cerca de soporte. Clasificación: pendiente_confirmacion.",OK,
CSCO,"Cisco Systems, Inc.",SP500,1.0,script-v2.0,1.0,2026-10-08T14:40:29.506851+02:00,47.8,46.7,100.0,0.0,0.0,12.0,51.0,39.0,12.0,19565668.0,0.82,-0.4,-0.0,25.65,9.3,4.6575,False,92.9,95.2,False,99.14,18.4,True,False,False,,pass,descarte,pendiente,0.0,desconocido,Pendiente de implementar,confirmada,margin_stabilization (media): Margen gross 64.1% vs 63.6% (+0.5 pp) | eps_stabilization (media): EPS 0.97 vs 0.85 (Diluted EPS) | debt_reduction (alta): Deuda 31185.0M vs 31303.0M | dividend_maintained (baja): Dividendo actual 1.43% con caída del 10.0%,razonable,descarte,110.43,111.78,110.43 - 111.78,97.55,110.81,97.55 - 110.81,Pérdida del soporte en 110.43 | ROE negativo durante 2 trimestres consecutivos | Ampliación de capital dilutiva | Recorte de rating a bono basura,6-12,"Cisco Systems, Inc. está un 10.0% por debajo de su máximo 52s. Fundamentalmente aceptable con ROE 27.3%, deuda neta/EBITDA 0.8x. Técnicamente 🟢 Divergencia alcista RSI, 🟢 Cruce alcista MACD. Clasificación: descarte.","Cisco Systems, Inc. está un 10.0% por debajo de su máximo 52s. Fundamentalmente aceptable con ROE 27.3%, deuda neta/EBITDA 0.8x. Técnicamente 🟢 Divergencia alcista RSI, 🟢 Cruce alcista MACD. Clasificación: descarte.",OK,
FORTUM.HE,Fortum Corporation,EUROSTOXX,1.0,script-v2.0,1.0,2026-10-08T14:39:47.203152+02:00,47.7,45.9,95.0,3.0,0.0,6.0,53.0,35.0,18.0,1144056.0,1.36,-1.0,0.2,17.79,8.6,1.044,False,57.4,48.1,False,20.58,14.8,True,True,False,,pass,descarte,pendiente,0.0,desconocido,Pendiente de implementar,parcial,debt_reduction (alta): Deuda 3906.0M vs 3947.0M | dividend_maintained (baja): Dividendo actual 3.13% con caída del 8.6%,razonable,descarte,21.72,22.99,21.72 - 22.99,20.41,21.96,20.41 - 21.96,Pérdida del soporte en 22.99 | ROE negativo durante 2 trimestres consecutivos | Ampliación de capital dilutiva | Recorte de rating a bono basura,6-12,"Fortum Corporation está un 8.6% por debajo de su máximo 52s. Fundamentalmente aceptable con ROE 10.0%, deuda neta/EBITDA 1.4x. Técnicamente 🟡 MACD convergiendo, 🟢 Cerca de soporte. Clasificación: descarte.","Fortum Corporation está un 8.6% por debajo de su máximo 52s. Fundamentalmente aceptable con ROE 10.0%, deuda neta/EBITDA 1.4x. Técnicamente 🟡 MACD convergiendo, 🟢 Cerca de soporte. Clasificación: descarte.",OK,
PFE,"Pfizer, Inc.",SP500,1.0,script-v2.0,1.0,2026-10-08T14:40:37.225131+02:00,47.5,49.6,80.0,23.0,0.0,6.0,41.0,35.0,6.0,35941668.0,2.04,-0.4,1.4,8.34,4.1,0.814,False,48.1,28.2,False,26.03,7.6,False,True,True,,pass,pendiente_confirmacion,pendiente,0.0,desconocido,Pendiente de implementar,parcial,debt_reduction (alta): Deuda 63480.0M vs 63730.0M | dividend_maintained (baja): Dividendo actual 6.14% con caída del 4.1%,incompleto,pendiente_confirmacion,27.35,27.5,27.35 - 27.50,24.83,25.86,24.83 - 25.86,Pérdida del soporte en 27.35 | ROE negativo durante 2 trimestres consecutivos | Ampliación de capital dilutiva | Recorte de rating a bono basura,6-12,"Pfizer, Inc. está un 4.1% por debajo de su máximo 52s. Fundamentalmente aceptable con ROE 5.0%, deuda neta/EBITDA 2.0x. Técnicamente 🟡 MACD convergiendo, 🟢 Cerca de soporte. Clasificación: pendiente_confirmacion.","Pfizer, Inc. está un 4.1% por debajo de su máximo 52s. Fundamentalmente aceptable con ROE 5.0%, deuda neta/EBITDA 2.0x. Técnicamente 🟡 MACD convergiendo, 🟢 Cerca de soporte. Clasificación: pendiente_confirmacion.",OK,
BDX,"Becton, Dickinson and Company",SP500,1.0,script-v2.0,1.0,2026-10-08T14:40:16.134110+02:00,47.5,51.6,82.0,25.0,0.0,12.0,35.0,35.0,0.0,1786781.0,2.63,-2.7,0.5,10.65,6.1,7.785,False,37.9,41.3,False,162.05,11.2,False,False,True,,pass,pendiente_confirmacion,pendiente,0.0,desconocido,Pendiente de implementar,confirmada,margin_stabilization (media): Margen gross 46.5% vs 45.7% (+0.8 pp) | eps_stabilization (media): EPS 1.37 vs -1.11 (Diluted EPS) | debt_reduction (alta): Deuda 16808.0M vs 17279.0M | dividend_maintained (baja): Dividendo actual 2.33% con caída del 6.7%,incompleto,pendiente_confirmacion,177.57,180.16,177.57 - 180.16,161.15,164.11,161.15 - 164.11,Pérdida del soporte en 177.57 | ROE negativo durante 2 trimestres consecutivos | Ampliación de capital dilutiva | Recorte de rating a bono basura,6-12,"Becton, Dickinson and Company está un 6.7% por debajo de su máximo 52s. Fundamentalmente aceptable con ROE 6.6%, deuda neta/EBITDA 2.6x. Técnicamente 🟡 MACD convergiendo, 🟢 Cerca de soporte. Clasificación: pendiente_confirmacion.","Becton, Dickinson and Company está un 6.7% por debajo de su máximo 52s. Fundamentalmente aceptable con ROE 6.6%, deuda neta/EBITDA 2.6x. Técnicamente 🟡 MACD convergiendo, 🟢 Cerca de soporte. Clasificación: pendiente_confirmacion.",OK,
U11.SI,UOB,ASIA,1.0,script-v2.0,1.0,2026-10-08T14:41:48.756136+02:00,47.1,53.2,74.0,35.0,0.0,1.0,29.0,29.0,0.0,3597031.0,,21.5,,,8.9,1.3573,False,1.4,48.3,False,38.32,5.0,False,False,False,Sin señales de recuperación,pass,descarte,pendiente,0.0,desconocido,Pendiente de implementar,ausente,dividend_maintained (baja): Dividendo actual 4.37% con caída del 10.9%,incompleto,descarte,35.98,40.25,35.98 - 40.25,38.14,38.38,38.14 - 38.38,Pérdida del soporte en 35.98 | ROE negativo durante 2 trimestres consecutivos | Ampliación de capital dilutiva | Recorte de rating a bono basura,6-12,"UOB está un 10.9% por debajo de su máximo 52s. Fundamentalmente aceptable con ROE 9.2%, dividendo 4.4%. Técnicamente 🟢 Volumen creciente. Clasificación: descarte.","UOB está un 10.9% por debajo de su máximo 52s. Fundamentalmente aceptable con ROE 9.2%, dividendo 4.4%. Técnicamente 🟢 Volumen creciente. Clasificación: descarte.",OK,
GALP.LS,GALP ENERGIA-NOM,EUROSTOXX,1.0,script-v2.0,1.0,2026-10-08T14:39:45.978165+02:00,47.1,49.9,100.0,6.0,0.0,7.0,39.0,21.0,18.0,1513664.0,0.68,5.4,15.5,5.75,2.6,1.0906,False,68.1,43.8,False,19.09,18.3,True,True,True,,pass,pendiente_confirmacion,pendiente,0.0,desconocido,Pendiente de implementar,parcial,margin_stabilization (media): Margen gross 19.6% vs 15.6% (+4.0 pp) | eps_stabilization (media): EPS 1.05 vs -0.15 (Diluted EPS) | dividend_maintained (baja): Dividendo actual 3.01% con caída del 2.6%,incompleto,pendiente_confirmacion,20.88,21.26,20.88 - 21.26,18.95,19.7,18.95 - 19.70,Pérdida del soporte en 20.88 | ROE negativo durante 2 trimestres consecutivos | Ampliación de capital dilutiva | Recorte de rating a bono basura,6-12,"GALP ENERGIA-NOM está un 2.6% por debajo de su máximo 52s. Fundamentalmente aceptable con ROE 24.9%, deuda neta/EBITDA 0.7x. Técnicamente 🟡 MACD convergiendo, 🟢 base_pattern_detected. Clasificación: pendiente_confirmacion.","GALP ENERGIA-NOM está un 2.6% por debajo de su máximo 52s. Fundamentalmente aceptable con ROE 24.9%, deuda neta/EBITDA 0.7x. Técnicamente 🟡 MACD convergiendo, 🟢 base_pattern_detected. Clasificación: pendiente_confirmacion.",OK,
2914.T,JAPAN TOBACCO INC,ASIA,1.0,script-v2.0,1.0,2026-10-08T14:41:32.382880+02:00,47.0,52.6,99.0,12.0,0.0,6.0,30.0,24.0,6.0,4044681.0,0.71,-0.1,,11.14,3.6,306.8064,False,79.6,83.6,False,6160.02,13.0,False,True,True,,pass,pendiente_confirmacion,pendiente,0.0,desconocido,Pendiente de implementar,parcial,debt_reduction (alta): Deuda 1676772.0M vs 1678688.0M | dividend_maintained (baja): Dividendo actual 3.91% con caída del 3.6%,incompleto,pendiente_confirmacion,6805.75,6893.36,6805.75 - 6893.36,6091.92,6135.3,6091.92 - 6135.30,Pérdida del soporte en 6805.75 | ROE negativo durante 2 trimestres consecutivos | Ampliación de capital dilutiva | Recorte de rating a bono basura,6-12,"JAPAN TOBACCO INC está un 3.6% por debajo de su máximo 52s. Fundamentalmente aceptable con ROE 14.3%, deuda neta/EBITDA 0.7x. Técnicamente 🟢 Cerca de soporte, 🟡 trendline_break. Clasificación: pendiente_confirmacion.","JAPAN TOBACCO INC está un 3.6% por debajo de su máximo 52s. Fundamentalmente aceptable con ROE 14.3%, deuda neta/EBITDA 0.7x. Técnicamente 🟢 Cerca de soporte, 🟡 trendline_break. Clasificación: pendiente_confirmacion.",OK,
AI.PA,AIR LIQUIDE,EUROSTOXX,1.0,script-v2.0,1.0,2026-10-08T14:39:13.138336+02:00,47.0,48.7,93.0,10.0,0.0,4.0,42.0,42.0,0.0,759242.0,1.99,36.4,,16.17,8.2,1.97,False,30.4,39.2,False,161.97,3.3,False,False,False,Sin señales de recuperación,pass,descarte,pendiente,0.0,desconocido,Pendiente de implementar,ausente,eps_stabilization (media): EPS 6.08 vs 5.20 (annual_eps_fallback) | dividend_maintained (baja): Dividendo actual 2.01% con caída del 8.2%,incompleto,descarte,164.1,167.24,164.10 - 167.24,154.92,161.26,154.92 - 161.26,Pérdida del soporte en 164.10 | ROE negativo durante 2 trimestres consecutivos | Ampliación de capital dilutiva | Recorte de rating a bono basura,6-12,"AIR LIQUIDE está un 8.2% por debajo de su máximo 52s. Fundamentalmente aceptable con ROE 14.0%, deuda neta/EBITDA 2.0x. Técnicamente 🟢 Divergencia alcista RSI, 🟢 Cerca de soporte. Clasificación: descarte.","AIR LIQUIDE está un 8.2% por debajo de su máximo 52s. Fundamentalmente aceptable con ROE 14.0%, deuda neta/EBITDA 2.0x. Técnicamente 🟢 Divergencia alcista RSI, 🟢 Cerca de soporte. Clasificación: descarte.",OK,
8001.T,ITOCHU CORP,ASIA,1.0,script-v2.0,1.0,2026-10-08T14:41:33.949449+02:00,46.5,45.1,84.0,11.0,0.0,1.0,51.0,27.0,24.0,15187420.0,4.72,15.3,,21.43,10.0,74.233,False,14.0,9.6,True,2019.24,5.9,True,True,False,Sin señales de recuperación,pass,descarte,pendiente,0.0,desconocido,Pendiente de implementar,ausente,dividend_maintained (baja): Dividendo actual 2.06% con caída del 10.9%,razonable,descarte,2074.79,2124.22,2074.79 - 2124.22,2000.18,2039.15,2000.18 - 2039.15,Pérdida del soporte en 2074.79 | ROE negativo durante 2 trimestres consecutivos | Ampliación de capital dilutiva | Recorte de rating a bono basura,6-12,"ITOCHU CORP está un 10.9% por debajo de su máximo 52s. Fundamentalmente aceptable con ROE 14.1%, deuda neta/EBITDA 4.7x. Técnicamente 🟢 Cerca de soporte, 🟢 Estocástico sale de sobreventa. Clasificación: descarte.","ITOCHU CORP está un 10.9% por debajo de su máximo 52s. Fundamentalmente aceptable con ROE 14.1%, deuda neta/EBITDA 4.7x. Técnicamente 🟢 Cerca de soporte, 🟢 Estocástico sale de sobreventa. Clasificación: descarte.",OK,
CL,Colgate-Palmolive Company,SP500,1.0,script-v2.0,1.0,2026-10-08T14:40:11.718138+02:00,46.4,41.8,77.0,11.0,0.0,12.0,60.0,55.0,5.0,4737812.0,1.29,-1.5,0.0,15.3,11.1,-0.2142,False,79.3,72.7,False,88.75,-1.7,False,False,False,,pass,descarte,pendiente,0.0,desconocido,Pendiente de implementar,confirmada,margin_stabilization (media): Margen gross 61.5% vs 60.6% (+0.9 pp) | eps_stabilization (media): EPS 0.86 vs 0.80 (Diluted EPS) | debt_reduction (alta): Deuda 7857.0M vs 7973.0M | dividend_maintained (baja): Dividendo actual 2.43% con caída del 12.2%,razonable,descarte,87.11,87.21,87.11 - 87.21,84.43,87.97,84.43 - 87.97,Pérdida del soporte en 87.11 | ROE negativo durante 2 trimestres consecutivos | Ampliación de capital dilutiva | Recorte de rating a bono basura,6-12,"Colgate-Palmolive Company está un 12.2% por debajo de su máximo 52s. Fundamentalmente aceptable con ROE 267.4%, deuda neta/EBITDA 1.3x. Técnicamente 🟢 Cruce alcista MACD, 🟢 Cerca de soporte. Clasificación: descarte.","Colgate-Palmolive Company está un 12.2% por debajo de su máximo 52s. Fundamentalmente aceptable con ROE 267.4%, deuda neta/EBITDA 1.3x. Técnicamente 🟢 Cruce alcista MACD, 🟢 Cerca de soporte. Clasificación: descarte.",OK,
ADP,"Automatic Data Processing, Inc.",SP500,1.0,script-v2.0,1.0,2026-10-08T14:40:15.527530+02:00,46.2,49.9,99.0,7.0,0.0,1.0,35.0,35.0,0.0,2241635.0,0.2,28.4,2.3,16.56,16.8,10.143,False,47.2,34.6,False,234.81,12.4,False,False,False,Sin señales de recuperación,pass,descarte,pendiente,0.0,desconocido,Pendiente de implementar,ausente,dividend_maintained (baja): Dividendo actual 2.58% con caída del 9.4%,incompleto,descarte,260.55,264.0,260.55 - 264.00,235.08,247.64,235.08 - 247.64,Pérdida del soporte en 260.55 | ROE negativo durante 2 trimestres consecutivos | Ampliación de capital dilutiva | Recorte de rating a bono basura,6-12,"Automatic Data Processing, Inc. está un 9.4% por debajo de su máximo 52s. Fundamentalmente aceptable con ROE 72.2%, deuda neta/EBITDA 0.2x. Técnicamente 🟡 MACD convergiendo, 🟢 Cerca de soporte. Clasificación: descarte.","Automatic Data Processing, Inc. está un 9.4% por debajo de su máximo 52s. Fundamentalmente aceptable con ROE 72.2%, deuda neta/EBITDA 0.2x. Técnicamente 🟡 MACD convergiendo, 🟢 Cerca de soporte. Clasificación: descarte.",OK,
EMR,Emerson Electric Company,SP500,1.0,script-v2.0,1.0,2026-10-08T14:40:13.035440+02:00,46.1,46.2,99.0,0.0,0.0,12.0,46.0,28.0,18.0,2585745.0,1.92,-1.8,0.0,16.58,4.0,5.0874,False,66.8,78.8,False,145.07,9.8,True,True,False,,pass,descarte,pendiente,0.0,desconocido,Pendiente de implementar,confirmada,margin_stabilization (media): Margen gross 54.5% vs 53.1% (+1.4 pp) | eps_stabilization (media): EPS 1.28 vs 1.10 (Diluted EPS) | debt_reduction (alta): Deuda 13802.0M vs 14057.0M | dividend_maintained (baja): Dividendo actual 1.39% con caída del 4.3%,razonable,descarte,153.93,155.2,153.93 - 155.20,141.4,144.27,141.40 - 144.27,Pérdida del soporte en 153.93 | ROE negativo durante 2 trimestres consecutivos | Ampliación de capital dilutiva | Recorte de rating a bono basura,6-12,"Emerson Electric Company está un 4.3% por debajo de su máximo 52s. Fundamentalmente aceptable con ROE 12.8%, deuda neta/EBITDA 1.9x. Técnicamente 🟢 Cerca de soporte, 🟢 base_pattern_detected. Clasificación: descarte.","Emerson Electric Company está un 4.3% por debajo de su máximo 52s. Fundamentalmente aceptable con ROE 12.8%, deuda neta/EBITDA 1.9x. Técnicamente 🟢 Cerca de soporte, 🟢 base_pattern_detected. Clasificación: descarte.",OK,
NESN.SW,NESTLE N,EUROSTOXX,1.0,script-v2.0,1.0,2026-10-08T14:39:49.706017+02:00,46.0,44.7,73.0,20.0,0.0,1.0,50.0,45.0,5.0,3128929.0,3.45,8.6,,15.27,12.5,-0.4297,False,42.6,28.9,False,77.81,-2.1,False,False,False,Sin señales de recuperación,pass,descarte,pendiente,0.0,desconocido,Pendiente de implementar,ausente,dividend_maintained (baja): Dividendo actual 4.07% con caída del 12.5%,razonable,descarte,72.38,76.19,72.38 - 76.19,74.03,77.72,74.03 - 77.72,Pérdida del soporte en 72.38 | ROE negativo durante 2 trimestres consecutivos | Ampliación de capital dilutiva | Recorte de rating a bono basura,6-12,"NESTLE N está un 12.5% por debajo de su máximo 52s. Fundamentalmente aceptable con ROE 26.2%, deuda neta/EBITDA 3.5x. Técnicamente 🟢 Divergencia alcista RSI, 🟡 MACD convergiendo. Clasificación: descarte.","NESTLE N está un 12.5% por debajo de su máximo 52s. Fundamentalmente aceptable con ROE 26.2%, deuda neta/EBITDA 3.5x. Técnicamente 🟢 Divergencia alcista RSI, 🟡 MACD convergiendo. Clasificación: descarte.",OK,
JPM,JP Morgan Chase & Co.,SP500,1.0,script-v2.0,1.0,2026-10-08T14:40:22.526219+02:00,45.7,44.9,78.0,16.0,0.0,4.0,48.0,48.0,0.0,7416553.0,,159.9,,,9.6,8.6156,False,18.7,21.8,False,318.77,3.4,False,False,False,Sin señales de recuperación,pass,descarte,pendiente,0.0,desconocido,Pendiente de implementar,ausente,eps_stabilization (media): EPS 7.70 vs 5.94 (Diluted EPS) | dividend_maintained (baja): Dividendo actual 2.00% con caída del 10.1%,razonable,descarte,304.53,329.58,304.53 - 329.58,311.52,318.9,311.52 - 318.90,Pérdida del soporte en 304.53 | ROE negativo durante 2 trimestres consecutivos | Ampliación de capital dilutiva | Recorte de rating a bono basura,6-12,"JP Morgan Chase & Co. está un 10.1% por debajo de su máximo 52s. Fundamentalmente aceptable con ROE 17.8%, dividendo 2.0%. Técnicamente 🔵 RSI en sobreventa, 🟡 MACD convergiendo. Clasificación: descarte.","JP Morgan Chase & Co. está un 10.1% por debajo de su máximo 52s. Fundamentalmente aceptable con ROE 17.8%, dividendo 2.0%. Técnicamente 🔵 RSI en sobreventa, 🟡 MACD convergiendo. Clasificación: descarte.",OK,
REN.AS,RELX,EUROSTOXX,1.0,script-v2.0,1.0,2026-10-08T14:39:33.652572+02:00,45.6,46.5,70.0,26.0,0.0,7.0,43.0,15.0,28.0,952064.0,2.64,22.6,,18.99,35.6,-0.0143,True,91.6,89.0,False,29.32,6.7,True,True,True,,pass,pendiente_confirmacion,pendiente,0.0,desconocido,Pendiente de implementar,parcial,"eps_stabilization (media): EPS 1.12 vs 1.03 (annual_eps_fallback) | dividend_maintained (baja): Dividendo actual 2.56% con caída del 23.1% | analyst_upgrade (media): Target 47.25 vs precio 31.28 (+51%), recMean 1.00, recKey strong_buy",incompleto,pendiente_confirmacion,28.88,30.16,28.88 - 30.16,29.42,34.58,29.42 - 34.58,Pérdida del soporte en 28.88 | ROE negativo durante 2 trimestres consecutivos | Ampliación de capital dilutiva | Recorte de rating a bono basura,6-12,"RELX está un 23.1% por debajo de su máximo 52s. Fundamentalmente aceptable con ROE 131.9%, deuda neta/EBITDA 2.6x. Técnicamente 🟢 MACD semanal girando al alza, 🟢 base_pattern_detected. Clasificación: pendiente_confirmacion.","RELX está un 23.1% por debajo de su máximo 52s. Fundamentalmente aceptable con ROE 131.9%, deuda neta/EBITDA 2.6x. Técnicamente 🟢 MACD semanal girando al alza, 🟢 base_pattern_detected. Clasificación: pendiente_confirmacion.",OK,
8766.T,TOKIO MARINE HOLDINGS INC,ASIA,1.0,script-v2.0,1.0,2026-10-08T14:41:29.531325+02:00,44.9,45.5,61.0,32.0,0.0,1.0,43.0,37.0,6.0,82389680.0,-2.07,243.4,,13.15,4.2,31.2951,False,83.1,83.6,False,370.76,39.7,False,True,False,Sin señales de recuperación,pass,descarte,pendiente,0.0,desconocido,Pendiente de implementar,ausente,dividend_maintained (baja): Dividendo actual 25.09% con caída del 8.2%,incompleto,descarte,421.53,501.0,421.53 - 501.00,364.42,479.85,364.42 - 479.85,Pérdida del soporte en 501.00 | ROE negativo durante 2 trimestres consecutivos | Ampliación de capital dilutiva | Recorte de rating a bono basura,6-12,"TOKIO MARINE HOLDINGS INC está un 8.2% por debajo de su máximo 52s. Fundamentalmente aceptable con deuda neta/EBITDA -2.1x, dividendo 25.1%. Técnicamente 🟢 Divergencia alcista RSI, 🟢 Cerca de soporte. Clasificación: descarte.","TOKIO MARINE HOLDINGS INC está un 8.2% por debajo de su máximo 52s. Fundamentalmente aceptable con deuda neta/EBITDA -2.1x, dividendo 25.1%. Técnicamente 🟢 Divergencia alcista RSI, 🟢 Cerca de soporte. Clasificación: descarte.",OK,
SUN.AX,SUNCORP FPO [SUN],ASX,1.0,script-v2.0,1.0,2026-10-08T14:41:11.333105+02:00,44.4,41.6,88.0,1.0,0.0,1.0,53.0,35.0,18.0,2938740.0,0.96,5.2,,13.24,17.2,0.5067,False,36.3,28.6,False,17.11,10.7,True,True,False,Sin señales de recuperación,pass,descarte,pendiente,0.0,desconocido,Pendiente de implementar,ausente,dividend_maintained (baja): Dividendo actual 3.64% con caída del 9.1%,razonable,descarte,18.21,18.87,18.21 - 18.87,17.09,17.72,17.09 - 17.72,Pérdida del soporte en 18.21 | ROE negativo durante 2 trimestres consecutivos | Ampliación de capital dilutiva | Recorte de rating a bono basura,6-12,"SUNCORP FPO [SUN] está un 9.1% por debajo de su máximo 52s. Fundamentalmente aceptable con ROE 10.1%, deuda neta/EBITDA 1.0x. Técnicamente 🟡 MACD convergiendo, 🟢 Cerca de soporte. Clasificación: descarte.","SUNCORP FPO [SUN] está un 9.1% por debajo de su máximo 52s. Fundamentalmente aceptable con ROE 10.1%, deuda neta/EBITDA 1.0x. Técnicamente 🟡 MACD convergiendo, 🟢 Cerca de soporte. Clasificación: descarte.",OK,
BAS.DE,BASF SE                       N,EUROSTOXX,1.0,script-v2.0,1.0,2026-10-08T14:39:00.847470+02:00,44.1,41.2,70.0,16.0,0.0,4.0,53.0,35.0,18.0,1813342.0,2.86,12.7,-1.0,9.78,4.4,0.9395,False,77.9,63.2,False,49.15,5.6,True,True,False,Sin señales de recuperación,pass,descarte,pendiente,0.0,desconocido,Pendiente de implementar,ausente,eps_stabilization (media): EPS 4.78 vs 1.06 (Diluted EPS) | dividend_maintained (baja): Dividendo actual 4.33% con caída del 5.7%,razonable,descarte,49.24,51.61,49.24 - 51.61,46.79,48.95,46.79 - 48.95,Pérdida del soporte en 49.24 | ROE negativo durante 2 trimestres consecutivos | Ampliación de capital dilutiva | Recorte de rating a bono basura,6-12,"BASF SE                       N está un 5.7% por debajo de su máximo 52s. Fundamentalmente aceptable con ROE 6.1%, deuda neta/EBITDA 2.9x. Técnicamente 🟢 Cruce alcista MACD, 🟢 base_pattern_detected. Clasificación: descarte.","BASF SE                       N está un 5.7% por debajo de su máximo 52s. Fundamentalmente aceptable con ROE 6.1%, deuda neta/EBITDA 2.9x. Técnicamente 🟢 Cruce alcista MACD, 🟢 base_pattern_detected. Clasificación: descarte.",OK,
EDP.LS,"EDP, SA",EUROSTOXX,1.0,script-v2.0,1.0,2026-10-08T14:39:45.024093+02:00,43.9,52.5,84.0,25.0,0.0,7.0,18.0,12.0,6.0,7511615.0,5.51,3.7,3.5,11.74,2.0,0.1524,False,42.8,44.6,False,4.4,9.0,False,True,False,Sin suelo técnico identificado,pass,descarte,pendiente,0.0,desconocido,Pendiente de implementar,parcial,margin_stabilization (media): Margen gross 39.7% vs 40.0% (-0.3 pp) | eps_stabilization (media): EPS 0.09 vs 0.09 (Diluted EPS) | dividend_maintained (baja): Dividendo actual 4.38% con caída del 2.0%,sin_suelo,descarte,4.45,4.68,4.45 - 4.68,4.17,4.38,4.17 - 4.38,Pérdida del soporte en 4.45 | ROE negativo durante 2 trimestres consecutivos | Ampliación de capital dilutiva | Recorte de rating a bono basura,6-12,"EDP, SA está un 2.0% por debajo de su máximo 52s. Fundamentalmente aceptable con ROE 8.9%, deuda neta/EBITDA 5.5x. Técnicamente 🟡 trendline_break. Clasificación: descarte.","EDP, SA está un 2.0% por debajo de su máximo 52s. Fundamentalmente aceptable con ROE 8.9%, deuda neta/EBITDA 5.5x. Técnicamente 🟡 trendline_break. Clasificación: descarte.",OK,
G.MI,GENERALI,EUROSTOXX,1.0,script-v2.0,1.0,2026-10-08T14:39:37.848873+02:00,43.8,48.5,97.0,6.0,0.0,4.0,30.0,30.0,0.0,2374941.0,4.18,4.8,,12.32,11.4,1.6713,False,7.6,11.8,False,38.56,6.3,False,False,False,Sin señales de recuperación,pass,descarte,pendiente,0.0,desconocido,Pendiente de implementar,ausente,eps_stabilization (media): EPS 1.49 vs 0.70 (Diluted EPS) | dividend_maintained (baja): Dividendo actual 4.00% con caída del 11.4%,incompleto,descarte,38.24,40.99,38.24 - 40.99,38.47,39.3,38.47 - 39.30,Pérdida del soporte en 38.24 | ROE negativo durante 2 trimestres consecutivos | Ampliación de capital dilutiva | Recorte de rating a bono basura,6-12,"GENERALI está un 11.4% por debajo de su máximo 52s. Fundamentalmente aceptable con ROE 15.1%, deuda neta/EBITDA 4.2x. Técnicamente 🔵 RSI en sobreventa. Clasificación: descarte.","GENERALI está un 11.4% por debajo de su máximo 52s. Fundamentalmente aceptable con ROE 15.1%, deuda neta/EBITDA 4.2x. Técnicamente 🔵 RSI en sobreventa. Clasificación: descarte.",OK,
D05.SI,DBS,ASIA,1.0,script-v2.0,1.0,2026-10-08T14:41:47.888442+02:00,43.8,44.7,81.0,13.0,0.0,4.0,41.0,41.0,0.0,4205159.0,,184.1,,,6.6,4.8324,False,7.3,53.2,False,63.97,15.5,False,False,False,Sin señales de recuperación,pass,descarte,pendiente,0.0,desconocido,Pendiente de implementar,ausente,eps_stabilization (media): EPS 1.03 vs 1.02 (Diluted EPS) | dividend_maintained (baja): Dividendo actual 4.31% con caída del 6.6%,incompleto,descarte,64.41,73.85,64.41 - 73.85,63.55,67.19,63.55 - 67.19,Pérdida del soporte en 64.41 | ROE negativo durante 2 trimestres consecutivos | Ampliación de capital dilutiva | Recorte de rating a bono basura,6-12,"DBS está un 6.6% por debajo de su máximo 52s. Fundamentalmente aceptable con ROE 16.2%, dividendo 4.3%. Técnicamente 🔵 RSI en sobreventa, 🟢 Volumen creciente. Clasificación: descarte.","DBS está un 6.6% por debajo de su máximo 52s. Fundamentalmente aceptable con ROE 16.2%, dividendo 4.3%. Técnicamente 🔵 RSI en sobreventa, 🟢 Volumen creciente. Clasificación: descarte.",OK,
MSFT,Microsoft Corporation,SP500,1.0,script-v2.0,1.0,2026-10-08T14:40:55.991636+02:00,43.8,42.5,91.0,0.0,0.0,7.0,48.0,30.0,18.0,27856648.0,0.27,126.1,-0.0,20.52,3.7,26.7925,False,86.7,85.5,False,431.39,22.8,True,True,False,,pass,descarte,pendiente,0.0,desconocido,Pendiente de implementar,parcial,margin_stabilization (media): Margen gross 67.2% vs 67.6% (-0.4 pp) | eps_stabilization (media): EPS 4.81 vs 4.27 (Diluted EPS) | dividend_maintained (baja): Dividendo actual 0.74% con caída del 4.3%,razonable,descarte,487.52,495.84,487.52 - 495.84,432.24,470.66,432.24 - 470.66,Pérdida del soporte en 487.52 | ROE negativo durante 2 trimestres consecutivos | Ampliación de capital dilutiva | Recorte de rating a bono basura,6-12,"Microsoft Corporation está un 4.3% por debajo de su máximo 52s. Fundamentalmente aceptable con ROE 34.0%, deuda neta/EBITDA 0.3x. Técnicamente 🟢 Cruce alcista MACD, 🟢 base_pattern_detected. Clasificación: descarte.","Microsoft Corporation está un 4.3% por debajo de su máximo 52s. Fundamentalmente aceptable con ROE 34.0%, deuda neta/EBITDA 0.3x. Técnicamente 🟢 Cruce alcista MACD, 🟢 base_pattern_detected. Clasificación: descarte.",OK,
SJM,The J.M. Smucker Company,SP500,1.0,script-v2.0,1.0,2026-10-08T14:40:51.130308+02:00,43.5,41.9,67.0,20.0,0.0,12.0,48.0,48.0,0.0,1329553.0,3.05,-2.1,-0.8,8.52,14.7,4.4215,False,9.1,12.8,False,108.51,6.8,False,False,False,,pass,descarte,pendiente,0.0,desconocido,Pendiente de implementar,confirmada,"margin_stabilization (media): Margen gross 44.1% vs 38.0% (+6.1 pp) | debt_reduction (alta): Deuda 6940.2M vs 7089.0M | dividend_maintained (baja): Dividendo actual 3.86% con caída del 14.7% | analyst_upgrade (media): Target 142.12 vs precio 115.93 (+23%), recMean 2.11, recKey buy",razonable,descarte,115.27,115.93,115.27 - 115.93,107.34,115.51,107.34 - 115.51,Pérdida del soporte en 115.27 | ROE negativo durante 2 trimestres consecutivos | Ampliación de capital dilutiva | Recorte de rating a bono basura,6-12,"The J.M. Smucker Company está un 14.7% por debajo de su máximo 52s. Fundamentalmente aceptable con ROE 3.9%, deuda neta/EBITDA 3.0x. Técnicamente 🔵 RSI recuperándose de sobreventa, 🟡 MACD convergiendo. Clasificación: descarte.","The J.M. Smucker Company está un 14.7% por debajo de su máximo 52s. Fundamentalmente aceptable con ROE 3.9%, deuda neta/EBITDA 3.0x. Técnicamente 🔵 RSI recuperándose de sobreventa, 🟡 MACD convergiendo. Clasificación: descarte.",OK,
KO,Coca-Cola Company (The),SP500,1.0,script-v2.0,1.0,2026-10-08T14:40:05.495314+02:00,43.5,43.4,93.0,0.0,0.0,7.0,44.0,44.0,0.0,15853129.0,1.64,0.8,0.0,23.49,6.7,2.8113,False,16.3,24.5,False,80.17,7.0,False,False,True,,pass,pendiente_confirmacion,pendiente,0.0,desconocido,Pendiente de implementar,parcial,margin_stabilization (media): Margen gross 62.9% vs 63.0% (-0.1 pp) | eps_stabilization (media): EPS 1.03 vs 0.91 (Diluted EPS) | dividend_maintained (baja): Dividendo actual 2.47% con caída del 7.2%,incompleto,pendiente_confirmacion,78.83,85.82,78.83 - 85.82,78.62,79.38,78.62 - 79.38,Pérdida del soporte en 78.83 | ROE negativo durante 2 trimestres consecutivos | Ampliación de capital dilutiva | Recorte de rating a bono basura,6-12,"Coca-Cola Company (The) está un 7.2% por debajo de su máximo 52s. Fundamentalmente aceptable con ROE 42.1%, deuda neta/EBITDA 1.6x. Técnicamente 🔵 RSI recuperándose de sobreventa, 🟡 MACD convergiendo. Clasificación: pendiente_confirmacion.","Coca-Cola Company (The) está un 7.2% por debajo de su máximo 52s. Fundamentalmente aceptable con ROE 42.1%, deuda neta/EBITDA 1.6x. Técnicamente 🔵 RSI recuperándose de sobreventa, 🟡 MACD convergiendo. Clasificación: pendiente_confirmacion.",OK,
TXN,Texas Instruments Incorporated,SP500,1.0,script-v2.0,1.0,2026-10-08T14:40:58.846334+02:00,43.3,45.7,98.0,0.0,0.0,7.0,36.0,24.0,12.0,6357304.0,0.74,0.0,0.2,28.46,13.0,9.5355,False,74.9,88.6,False,253.94,13.8,True,False,True,,pass,pendiente_confirmacion,pendiente,0.0,desconocido,Pendiente de implementar,parcial,margin_stabilization (media): Margen gross 61.4% vs 58.0% (+3.3 pp) | eps_stabilization (media): EPS 2.14 vs 1.68 (Diluted EPS) | dividend_maintained (baja): Dividendo actual 2.10% con caída del 13.5%,incompleto,pendiente_confirmacion,271.38,271.62,271.38 - 271.62,248.98,283.93,248.98 - 283.93,Pérdida del soporte en 271.62 | ROE negativo durante 2 trimestres consecutivos | Ampliación de capital dilutiva | Recorte de rating a bono basura,6-12,"Texas Instruments Incorporated está un 13.5% por debajo de su máximo 52s. Fundamentalmente aceptable con ROE 35.2%, deuda neta/EBITDA 0.7x. Técnicamente 🟢 Divergencia alcista RSI, 🟢 base_pattern_detected. Clasificación: pendiente_confirmacion.","Texas Instruments Incorporated está un 13.5% por debajo de su máximo 52s. Fundamentalmente aceptable con ROE 35.2%, deuda neta/EBITDA 0.7x. Técnicamente 🟢 Divergencia alcista RSI, 🟢 base_pattern_detected. Clasificación: pendiente_confirmacion.",OK,
0019.HK,SWIRE PACIFIC A,ASIA,1.0,script-v2.0,1.0,2026-10-08T14:41:38.752036+02:00,43.1,48.5,81.0,20.0,0.0,6.0,27.0,27.0,0.0,1084641.0,4.95,-8.4,,18.1,7.1,6.0582,False,25.9,42.6,False,86.59,15.7,False,False,True,,pass,pendiente_confirmacion,pendiente,0.0,desconocido,Pendiente de implementar,parcial,debt_reduction (alta): Deuda 95141.0M vs 103840.0M | dividend_maintained (baja): Dividendo actual 3.99% con caída del 7.7%,incompleto,pendiente_confirmacion,99.11,100.2,99.11 - 100.20,84.72,92.31,84.72 - 92.31,Pérdida del soporte en 99.11 | ROE negativo durante 2 trimestres consecutivos | Ampliación de capital dilutiva | Recorte de rating a bono basura,6-12,"SWIRE PACIFIC A está un 7.7% por debajo de su máximo 52s. Fundamentalmente aceptable con ROE 3.2%, deuda neta/EBITDA 5.0x. Técnicamente 🟢 Cerca de soporte. Clasificación: pendiente_confirmacion.","SWIRE PACIFIC A está un 7.7% por debajo de su máximo 52s. Fundamentalmente aceptable con ROE 3.2%, deuda neta/EBITDA 5.0x. Técnicamente 🟢 Cerca de soporte. Clasificación: pendiente_confirmacion.",OK,
O39.SI,OCBC Bank,ASIA,1.0,script-v2.0,1.0,2026-10-08T14:41:49.129242+02:00,43.0,40.7,77.0,9.0,0.0,4.0,50.0,50.0,0.0,6699815.0,,69.9,,,11.0,2.4803,False,4.0,33.7,False,24.62,17.8,False,False,False,Sin señales de recuperación,pass,descarte,pendiente,0.0,desconocido,Pendiente de implementar,ausente,eps_stabilization (media): EPS 0.44 vs 0.42 (Diluted EPS) | dividend_maintained (baja): Dividendo actual 3.24% con caída del 11.0%,razonable,descarte,27.97,29.0,27.97 - 29.00,24.37,27.68,24.37 - 27.68,Pérdida del soporte en 27.97 | ROE negativo durante 2 trimestres consecutivos | Ampliación de capital dilutiva | Recorte de rating a bono basura,6-12,"OCBC Bank está un 11.0% por debajo de su máximo 52s. Fundamentalmente aceptable con ROE 12.7%, dividendo 3.2%. Técnicamente 🔵 RSI en sobreventa, 🟢 Volumen creciente. Clasificación: descarte.","OCBC Bank está un 11.0% por debajo de su máximo 52s. Fundamentalmente aceptable con ROE 12.7%, dividendo 3.2%. Técnicamente 🔵 RSI en sobreventa, 🟢 Volumen creciente. Clasificación: descarte.",OK,
ISP.MI,INTESA SANPAOLO,EUROSTOXX,1.0,script-v2.0,1.0,2026-10-08T14:39:37.172220+02:00,42.9,41.2,70.0,16.0,0.0,1.0,48.0,48.0,0.0,45636047.0,,182.8,,,11.7,0.2355,False,9.1,19.2,False,5.93,3.2,False,False,False,Sin señales de recuperación,pass,descarte,pendiente,0.0,desconocido,Pendiente de implementar,ausente,dividend_maintained (baja): Dividendo actual 6.21% con caída del 11.7%,razonable,descarte,5.96,6.12,5.96 - 6.12,5.9,5.94,5.90 - 5.94,Pérdida del soporte en 5.96 | ROE negativo durante 2 trimestres consecutivos | Ampliación de capital dilutiva | Recorte de rating a bono basura,6-12,"INTESA SANPAOLO está un 11.7% por debajo de su máximo 52s. Fundamentalmente aceptable con ROE 14.3%, dividendo 6.2%. Técnicamente 🔵 RSI en sobreventa, 🟢 Cerca de soporte. Clasificación: descarte.","INTESA SANPAOLO está un 11.7% por debajo de su máximo 52s. Fundamentalmente aceptable con ROE 14.3%, dividendo 6.2%. Técnicamente 🔵 RSI en sobreventa, 🟢 Cerca de soporte. Clasificación: descarte.",OK,
HSBA.L,HSBC HOLDINGS PLC ORD $0.50 (UK,EUROSTOXX,1.0,script-v2.0,1.0,2026-10-08T14:39:55.301315+02:00,42.7,43.6,66.0,24.0,0.0,4.0,40.0,35.0,5.0,21995990.0,,723.2,,,14.1,45.566,False,8.2,16.9,False,1380.42,0.2,False,False,False,Sin señales de recuperación,pass,descarte,pendiente,0.0,desconocido,Pendiente de implementar,ausente,eps_stabilization (media): EPS 0.40 vs 0.39 (Diluted EPS) | dividend_maintained (baja): Dividendo actual 0.04% con caída del 14.1%,incompleto,descarte,1303.66,1382.8,1303.66 - 1382.80,1368.5,1373.77,1368.50 - 1373.77,Pérdida del soporte en 1303.66 | ROE negativo durante 2 trimestres consecutivos | Ampliación de capital dilutiva | Recorte de rating a bono basura,6-12,"HSBC HOLDINGS PLC ORD $0.50 (UK está un 14.1% por debajo de su máximo 52s. Fundamentalmente aceptable con ROE 13.1%, dividendo 0.0%. Técnicamente 🔵 RSI en sobreventa, 🟡 Apoyo en MA40 semanal. Clasificación: descarte.","HSBC HOLDINGS PLC ORD $0.50 (UK está un 14.1% por debajo de su máximo 52s. Fundamentalmente aceptable con ROE 13.1%, dividendo 0.0%. Técnicamente 🔵 RSI en sobreventa, 🟡 Apoyo en MA40 semanal. Clasificación: descarte.",OK,
UCG.MI,UNICREDIT,EUROSTOXX,1.0,script-v2.0,1.0,2026-10-08T14:39:38.388550+02:00,42.3,43.1,74.0,16.0,0.0,4.0,40.0,35.0,5.0,4321129.0,,93.0,,,11.8,2.8073,False,11.4,23.0,False,74.06,2.9,False,False,False,Sin señales de recuperación,pass,descarte,pendiente,0.0,desconocido,Pendiente de implementar,ausente,"dividend_maintained (baja): Dividendo actual 4.13% con caída del 11.8% | analyst_upgrade (media): Target 94.59 vs precio 76.19 (+24%), recMean 2.06, recKey buy",incompleto,descarte,72.24,76.19,72.24 - 76.19,73.46,74.31,73.46 - 74.31,Pérdida del soporte en 72.24 | ROE negativo durante 2 trimestres consecutivos | Ampliación de capital dilutiva | Recorte de rating a bono basura,6-12,"UNICREDIT está un 11.8% por debajo de su máximo 52s. Fundamentalmente aceptable con ROE 15.8%, dividendo 4.1%. Técnicamente 🔵 RSI en sobreventa, 🟡 Apoyo en MA40 semanal. Clasificación: descarte.","UNICREDIT está un 11.8% por debajo de su máximo 52s. Fundamentalmente aceptable con ROE 15.8%, dividendo 4.1%. Técnicamente 🔵 RSI en sobreventa, 🟡 Apoyo en MA40 semanal. Clasificación: descarte.",OK,
GPC,Genuine Parts Company,SP500,1.0,script-v2.0,1.0,2026-10-08T14:40:13.176571+02:00,42.1,43.2,64.0,25.0,0.0,12.0,39.0,39.0,0.0,1236903.0,2.97,-0.9,0.7,11.4,14.9,4.22,False,19.7,28.1,False,118.65,5.7,False,False,True,,pass,pendiente_confirmacion,pendiente,0.0,desconocido,Pendiente de implementar,confirmada,margin_stabilization (media): Margen gross 37.8% vs 37.3% (+0.5 pp) | eps_stabilization (media): EPS 1.65 vs 1.37 (Diluted EPS) | debt_reduction (alta): Deuda 6652.8M vs 6713.8M | dividend_maintained (baja): Dividendo actual 3.39% con caída del 17.3%,incompleto,pendiente_confirmacion,108.65,125.41,108.65 - 125.41,118.08,128.83,118.08 - 128.83,Pérdida del soporte en 108.65 | ROE negativo durante 2 trimestres consecutivos | Ampliación de capital dilutiva | Recorte de rating a bono basura,6-12,"Genuine Parts Company está un 17.3% por debajo de su máximo 52s. Fundamentalmente aceptable con ROE 0.7%, deuda neta/EBITDA 3.0x. Técnicamente 🔵 RSI recuperándose de sobreventa, 🟡 MACD convergiendo. Clasificación: pendiente_confirmacion.","Genuine Parts Company está un 17.3% por debajo de su máximo 52s. Fundamentalmente aceptable con ROE 0.7%, deuda neta/EBITDA 3.0x. Técnicamente 🔵 RSI recuperándose de sobreventa, 🟡 MACD convergiendo. Clasificación: pendiente_confirmacion.",OK,
ML.PA,MICHELIN,EUROSTOXX,1.0,script-v2.0,1.0,2026-10-08T14:39:21.001600+02:00,41.5,34.7,0.0,65.0,0.0,1.0,62.0,62.0,0.0,1487509.0,1.12,19.5,,1.12,7.3,0.6906,False,20.0,43.3,False,31.92,3.7,False,False,False,Sin señales de recuperación,pass,descarte,pendiente,0.0,desconocido,Pendiente de implementar,ausente,dividend_maintained (baja): Dividendo actual 13.59% con caída del 7.3%,razonable,descarte,31.42,33.11,31.42 - 33.11,30.36,31.74,30.36 - 31.74,Pérdida del soporte en 31.42 | ROE negativo durante 2 trimestres consecutivos | Ampliación de capital dilutiva | Recorte de rating a bono basura,6-12,"MICHELIN está un 7.3% por debajo de su máximo 52s. Fundamentalmente débil con deuda neta/EBITDA 1.1x, dividendo 13.6%. Técnicamente 🔵 RSI recuperándose de sobreventa, 🟢 Divergencia alcista RSI. Clasificación: descarte.","MICHELIN está un 7.3% por debajo de su máximo 52s. Fundamentalmente débil con deuda neta/EBITDA 1.1x, dividendo 13.6%. Técnicamente 🔵 RSI recuperándose de sobreventa, 🟢 Divergencia alcista RSI. Clasificación: descarte.",OK,
7267.T,HONDA MOTOR CO,ASIA,1.0,script-v2.0,1.0,2026-10-08T14:41:26.592758+02:00,41.2,41.3,52.0,32.0,0.0,7.0,41.0,35.0,6.0,15847785.0,6.92,225.1,0.1,12.24,1.0,75.551,False,78.8,65.7,False,1475.15,16.1,False,True,True,,pass,pendiente_confirmacion,pendiente,0.0,desconocido,Pendiente de implementar,parcial,margin_stabilization (media): Margen gross 22.2% vs 6.4% (+15.8 pp) | eps_stabilization (media): EPS 115.84 vs 46.80 (Diluted EPS) | dividend_maintained (baja): Dividendo actual 4.09% con caída del 3.1%,incompleto,pendiente_confirmacion,1613.0,1648.21,1613.00 - 1648.21,1469.08,1501.52,1469.08 - 1501.52,Pérdida del soporte en 1613.00 | ROE negativo durante 2 trimestres consecutivos | Ampliación de capital dilutiva | Recorte de rating a bono basura,6-12,"HONDA MOTOR CO está un 3.1% por debajo de su máximo 52s. Fundamentalmente aceptable con ROE -0.8%, deuda neta/EBITDA 6.9x. Técnicamente 🟢 Cruce alcista MACD, 🟡 trendline_break. Clasificación: pendiente_confirmacion.","HONDA MOTOR CO está un 3.1% por debajo de su máximo 52s. Fundamentalmente aceptable con ROE -0.8%, deuda neta/EBITDA 6.9x. Técnicamente 🟢 Cruce alcista MACD, 🟡 trendline_break. Clasificación: pendiente_confirmacion.",OK,
FRE.DE,Fresenius SE & Co. KGaA       N,EUROSTOXX,1.0,script-v2.0,1.0,2026-10-08T14:39:03.629453+02:00,41.2,32.5,0.0,61.0,0.0,12.0,67.0,50.0,17.0,991885.0,3.34,-4.1,-0.4,11.59,19.0,0.4393,False,4.6,14.5,False,43.64,-4.3,True,False,False,,pass,descarte,pendiente,0.0,desconocido,Pendiente de implementar,confirmada,"margin_stabilization (media): Margen gross 26.1% vs 26.4% (-0.3 pp) | debt_reduction (alta): Deuda 11419.0M vs 11905.0M | dividend_maintained (baja): Dividendo actual 2.51% con caída del 21.2% | analyst_upgrade (media): Target 55.59 vs precio 41.76 (+33%), recMean 1.50, recKey strong_buy",razonable,descarte,40.4,41.76,40.40 - 41.76,43.84,45.02,43.84 - 45.02,Pérdida del soporte en 40.40 | ROE negativo durante 2 trimestres consecutivos | Ampliación de capital dilutiva | Recorte de rating a bono basura,6-12,"Fresenius SE & Co. KGaA       N está un 21.2% por debajo de su máximo 52s. Fundamentalmente débil con ROE 8.3%, deuda neta/EBITDA 3.3x. Técnicamente 🔵 RSI en sobreventa, 🟢 Cerca de soporte. Clasificación: descarte.","Fresenius SE & Co. KGaA       N está un 21.2% por debajo de su máximo 52s. Fundamentalmente débil con ROE 8.3%, deuda neta/EBITDA 3.3x. Técnicamente 🔵 RSI en sobreventa, 🟢 Cerca de soporte. Clasificación: descarte.",OK,
AAPL,Apple Inc.,SP500,1.0,script-v2.0,1.0,2026-10-08T14:40:54.991868+02:00,41.0,45.7,98.0,0.0,0.0,12.0,27.0,21.0,6.0,45409606.0,0.13,-0.4,-0.0,29.38,2.5,14.9092,False,55.6,44.0,False,291.42,15.5,False,True,True,,pass,pendiente_confirmacion,pendiente,0.0,desconocido,Pendiente de implementar,confirmada,margin_stabilization (media): Margen gross 50.1% vs 49.3% (+0.8 pp) | eps_stabilization (media): EPS 2.02 vs 2.01 (Diluted EPS) | debt_reduction (alta): Deuda 84344.0M vs 84711.0M | dividend_maintained (baja): Dividendo actual 0.32% con caída del 2.5%,incompleto,pendiente_confirmacion,308.6,322.24,308.60 - 322.24,289.73,293.54,289.73 - 293.54,Pérdida del soporte en 308.60 | ROE negativo durante 2 trimestres consecutivos | Ampliación de capital dilutiva | Recorte de rating a bono basura,6-12,"Apple Inc. está un 2.5% por debajo de su máximo 52s. Fundamentalmente aceptable con ROE 148.8%, deuda neta/EBITDA 0.1x. Técnicamente 🟡 MACD convergiendo, 🟡 trendline_break. Clasificación: pendiente_confirmacion.","Apple Inc. está un 2.5% por debajo de su máximo 52s. Fundamentalmente aceptable con ROE 148.8%, deuda neta/EBITDA 0.1x. Técnicamente 🟡 MACD convergiendo, 🟡 trendline_break. Clasificación: pendiente_confirmacion.",OK,
ABBV,AbbVie Inc.,SP500,1.0,script-v2.0,1.0,2026-10-08T14:40:08.111542+02:00,40.3,38.1,69.0,11.0,0.0,12.0,47.0,41.0,6.0,4839026.0,2.09,-2.7,1.4,17.68,1.3,12.0868,False,79.0,74.7,False,231.26,17.3,False,True,False,,pass,descarte,pendiente,0.0,desconocido,Pendiente de implementar,confirmada,margin_stabilization (media): Margen gross 74.7% vs 71.9% (+2.9 pp) | eps_stabilization (media): EPS 2.03 vs 0.39 (Diluted EPS) | debt_reduction (alta): Deuda 70885.0M vs 72858.0M | dividend_maintained (baja): Dividendo actual 2.55% con caída del 1.3%,razonable,descarte,248.24,258.33,248.24 - 258.33,230.22,233.7,230.22 - 233.70,Pérdida del soporte en 248.24 | ROE negativo durante 2 trimestres consecutivos | Ampliación de capital dilutiva | Recorte de rating a bono basura,6-12,"AbbVie Inc. está un 1.3% por debajo de su máximo 52s. Fundamentalmente débil con deuda neta/EBITDA 2.1x, dividendo 2.5%. Técnicamente 🟢 Cruce alcista MACD, 🟢 Volumen creciente. Clasificación: descarte.","AbbVie Inc. está un 1.3% por debajo de su máximo 52s. Fundamentalmente débil con deuda neta/EBITDA 2.1x, dividendo 2.5%. Técnicamente 🟢 Cruce alcista MACD, 🟢 Volumen creciente. Clasificación: descarte.",OK,
9434.T,SOFTBANK CORP.,ASIA,1.0,script-v2.0,1.0,2026-10-08T14:41:22.193664+02:00,39.8,37.1,76.0,3.0,0.0,1.0,48.0,30.0,18.0,79573540.0,3.18,14.7,,10.49,2.8,8.1036,False,44.4,37.6,False,216.63,11.4,True,True,False,Sin señales de recuperación,pass,descarte,pendiente,0.0,desconocido,Pendiente de implementar,ausente,dividend_maintained (baja): Dividendo actual 3.65% con caída del 4.6%,razonable,descarte,232.8,234.01,232.80 - 234.01,214.97,215.75,214.97 - 215.75,Pérdida del soporte en 232.80 | ROE negativo durante 2 trimestres consecutivos | Ampliación de capital dilutiva | Recorte de rating a bono basura,6-12,"SOFTBANK CORP. está un 4.6% por debajo de su máximo 52s. Fundamentalmente débil con ROE 16.7%, deuda neta/EBITDA 3.2x. Técnicamente 🟡 MACD convergiendo, 🟢 Cerca de soporte. Clasificación: descarte.","SOFTBANK CORP. está un 4.6% por debajo de su máximo 52s. Fundamentalmente débil con ROE 16.7%, deuda neta/EBITDA 3.2x. Técnicamente 🟡 MACD convergiendo, 🟢 Cerca de soporte. Clasificación: descarte.",OK,
8316.T,SUMITOMO MITSUI FINANCIAL GROUP,ASIA,1.0,script-v2.0,1.0,2026-10-08T14:41:20.010011+02:00,39.8,38.4,72.0,9.0,0.0,4.0,44.0,44.0,0.0,24426305.0,,81.7,,,6.8,158.4634,False,19.5,49.0,False,2977.53,10.7,False,False,False,Sin señales de recuperación,pass,descarte,pendiente,0.0,desconocido,Pendiente de implementar,ausente,eps_stabilization (media): EPS 131.59 vs 97.44 (Diluted EPS) | dividend_maintained (baja): Dividendo actual 2.73% con caída del 9.2%,incompleto,descarte,3206.87,3297.0,3206.87 - 3297.00,2926.81,3085.5,2926.81 - 3085.50,Pérdida del soporte en 3206.87 | ROE negativo durante 2 trimestres consecutivos | Ampliación de capital dilutiva | Recorte de rating a bono basura,6-12,"SUMITOMO MITSUI FINANCIAL GROUP está un 9.2% por debajo de su máximo 52s. Fundamentalmente débil con ROE 8.6%, dividendo 2.7%. Técnicamente 🟢 Cruce alcista MACD, 🟢 Cerca de soporte. Clasificación: descarte.","SUMITOMO MITSUI FINANCIAL GROUP está un 9.2% por debajo de su máximo 52s. Fundamentalmente débil con ROE 8.6%, dividendo 2.7%. Técnicamente 🟢 Cruce alcista MACD, 🟢 Cerca de soporte. Clasificación: descarte.",OK,
DB1.DE,DEUTSCHE BOERSE AG            N,EUROSTOXX,1.0,script-v2.0,1.0,2026-10-08T14:39:08.750105+02:00,39.5,45.7,98.0,0.0,0.0,4.0,21.0,15.0,6.0,298057.0,1.32,,29.6,17.17,0.9,12.6233,False,84.4,85.5,False,249.86,17.7,False,True,False,Sin señales de recuperación | Sin suelo técnico identificado,pass,descarte,pendiente,0.0,desconocido,Pendiente de implementar,ausente,eps_stabilization (media): EPS 3.21 vs 2.68 (Diluted EPS) | dividend_maintained (baja): Dividendo actual 1.43% con caída del 0.9%,sin_suelo,descarte,275.47,280.49,275.47 - 280.49,248.36,252.28,248.36 - 252.28,Pérdida del soporte en 275.47 | ROE negativo durante 2 trimestres consecutivos | Ampliación de capital dilutiva | Recorte de rating a bono basura,6-12,"DEUTSCHE BOERSE AG            N está un 0.9% por debajo de su máximo 52s. Fundamentalmente aceptable con ROE 20.4%, deuda neta/EBITDA 1.3x. Técnicamente 🟡 trendline_break. Clasificación: descarte.","DEUTSCHE BOERSE AG            N está un 0.9% por debajo de su máximo 52s. Fundamentalmente aceptable con ROE 20.4%, deuda neta/EBITDA 1.3x. Técnicamente 🟡 trendline_break. Clasificación: descarte.",OK,
VOD.L,VODAFONE GROUP PLC ORD USD0.20 ,EUROSTOXX,1.0,script-v2.0,1.0,2026-10-08T14:39:57.726989+02:00,39.0,39.0,47.0,32.0,0.0,4.0,39.0,21.0,18.0,86035254.0,4.46,5.8,,8.17,5.4,4.9096,False,53.7,55.3,False,114.29,9.3,True,True,False,Sin señales de recuperación,pass,descarte,pendiente,0.0,desconocido,Pendiente de implementar,ausente,eps_stabilization (media): EPS -0.02 vs -0.16 (annual_eps_fallback) | dividend_maintained (baja): Dividendo actual 0.03% con caída del 5.4%,incompleto,descarte,122.42,122.79,122.42 - 122.79,112.26,113.27,112.26 - 113.27,Pérdida del soporte en 122.42 | ROE negativo durante 2 trimestres consecutivos | Ampliación de capital dilutiva | Recorte de rating a bono basura,6-12,"VODAFONE GROUP PLC ORD USD0.20  está un 5.4% por debajo de su máximo 52s. Fundamentalmente débil con ROE 0.1%, deuda neta/EBITDA 4.5x. Técnicamente 🟢 Cerca de soporte, 🟢 base_pattern_detected. Clasificación: descarte.","VODAFONE GROUP PLC ORD USD0.20  está un 5.4% por debajo de su máximo 52s. Fundamentalmente débil con ROE 0.1%, deuda neta/EBITDA 4.5x. Técnicamente 🟢 Cerca de soporte, 🟢 base_pattern_detected. Clasificación: descarte.",OK,
UBSG.SW,UBS GROUP N,EUROSTOXX,1.0,script-v2.0,1.0,2026-10-08T14:39:50.172532+02:00,38.8,40.1,71.0,13.0,0.0,1.0,35.0,35.0,0.0,5342712.0,,74.2,,,13.1,1.5757,False,15.5,29.2,False,37.13,5.4,False,False,False,Sin señales de recuperación,pass,descarte,pendiente,0.0,desconocido,Pendiente de implementar,ausente,dividend_maintained (baja): Dividendo actual 2.20% con caída del 13.1%,incompleto,descarte,38.95,39.14,38.95 - 39.14,37.19,38.28,37.19 - 38.28,Pérdida del soporte en 38.95 | ROE negativo durante 2 trimestres consecutivos | Ampliación de capital dilutiva | Recorte de rating a bono basura,6-12,"UBS GROUP N está un 13.1% por debajo de su máximo 52s. Fundamentalmente aceptable con ROE 10.7%, dividendo 2.2%. Técnicamente 🔵 RSI recuperándose de sobreventa, 🟢 Cerca de soporte. Clasificación: descarte.","UBS GROUP N está un 13.1% por debajo de su máximo 52s. Fundamentalmente aceptable con ROE 10.7%, dividendo 2.2%. Técnicamente 🔵 RSI recuperándose de sobreventa, 🟢 Cerca de soporte. Clasificación: descarte.",OK,
PM,Philip Morris International Inc,SP500,1.0,script-v2.0,1.0,2026-10-08T14:40:48.244933+02:00,38.6,39.5,72.0,11.0,0.0,12.0,36.0,30.0,6.0,4651995.0,2.39,-5.4,-0.0,19.17,6.5,5.0799,False,90.8,71.0,False,177.06,8.8,False,True,False,,pass,descarte,pendiente,0.0,desconocido,Pendiente de implementar,confirmada,margin_stabilization (media): Margen gross 68.4% vs 68.1% (+0.4 pp) | eps_stabilization (media): EPS 1.80 vs 1.56 (Diluted EPS) | debt_reduction (alta): Deuda 49139.0M vs 51948.0M | dividend_maintained (baja): Dividendo actual 3.32% con caída del 7.3%,incompleto,descarte,178.94,188.18,178.94 - 188.18,175.54,176.6,175.54 - 176.60,Pérdida del soporte en 178.94 | ROE negativo durante 2 trimestres consecutivos | Ampliación de capital dilutiva | Recorte de rating a bono basura,6-12,"Philip Morris International Inc está un 7.3% por debajo de su máximo 52s. Fundamentalmente débil con deuda neta/EBITDA 2.4x, dividendo 3.3%. Técnicamente 🟢 Cruce alcista MACD, 🟡 trendline_break. Clasificación: descarte.","Philip Morris International Inc está un 7.3% por debajo de su máximo 52s. Fundamentalmente débil con deuda neta/EBITDA 2.4x, dividendo 3.3%. Técnicamente 🟢 Cruce alcista MACD, 🟡 trendline_break. Clasificación: descarte.",OK,
COL.AX,COLESGROUP FPO [COL],ASX,1.0,script-v2.0,1.0,2026-10-08T14:41:08.052193+02:00,38.3,34.1,73.0,0.0,0.0,6.0,51.0,39.0,12.0,2487385.0,3.53,-4.2,,15.11,4.2,0.3678,False,65.3,41.9,False,22.12,4.9,True,False,False,,pass,descarte,pendiente,0.0,desconocido,Pendiente de implementar,parcial,debt_reduction (alta): Deuda 9892.0M vs 10327.0M | dividend_maintained (baja): Dividendo actual 3.19% con caída del 5.7%,razonable,descarte,22.59,23.19,22.59 - 23.19,20.9,22.05,20.90 - 22.05,Pérdida del soporte en 22.59 | ROE negativo durante 2 trimestres consecutivos | Ampliación de capital dilutiva | Recorte de rating a bono basura,6-12,"COLESGROUP FPO [COL] está un 5.7% por debajo de su máximo 52s. Fundamentalmente débil con ROE 28.1%, deuda neta/EBITDA 3.5x. Técnicamente 🟡 MACD convergiendo, 🟢 Cerca de soporte. Clasificación: descarte.","COLESGROUP FPO [COL] está un 5.7% por debajo de su máximo 52s. Fundamentalmente débil con ROE 28.1%, deuda neta/EBITDA 3.5x. Técnicamente 🟡 MACD convergiendo, 🟢 Cerca de soporte. Clasificación: descarte.",OK,
8411.T,MIZUHO FINANCIAL GROUP,ASIA,1.0,script-v2.0,1.0,2026-10-08T14:41:20.555088+02:00,38.2,39.3,74.0,9.0,0.0,4.0,35.0,35.0,0.0,9288681.0,,187.6,,,6.2,459.2233,False,20.5,58.9,False,7409.73,12.7,False,False,False,Sin señales de recuperación,pass,descarte,pendiente,0.0,desconocido,Pendiente de implementar,ausente,eps_stabilization (media): EPS 173.53 vs 115.90 (Diluted EPS) | dividend_maintained (baja): Dividendo actual 1.80% con caída del 6.2%,incompleto,descarte,7854.53,8350.0,7854.53 - 8350.00,7247.5,7567.55,7247.50 - 7567.55,Pérdida del soporte en 7854.53 | ROE negativo durante 2 trimestres consecutivos | Ampliación de capital dilutiva | Recorte de rating a bono basura,6-12,"MIZUHO FINANCIAL GROUP está un 6.2% por debajo de su máximo 52s. Fundamentalmente débil con ROE 12.5%, dividendo 1.8%. Técnicamente 🟢 Cruce alcista MACD. Clasificación: descarte.","MIZUHO FINANCIAL GROUP está un 6.2% por debajo de su máximo 52s. Fundamentalmente débil con ROE 12.5%, dividendo 1.8%. Técnicamente 🟢 Cruce alcista MACD. Clasificación: descarte.",OK,
ASML.AS,ASML HOLDING,EUROSTOXX,1.0,script-v2.0,1.0,2026-10-08T14:39:30.035474+02:00,38.2,35.9,77.0,0.0,0.0,15.0,45.0,33.0,12.0,599237.0,-0.41,-26.7,0.0,45.44,8.2,77.5982,False,63.0,74.6,False,1372.46,16.3,True,False,False,,pass,descarte,pendiente,0.0,desconocido,Pendiente de implementar,confirmada,"margin_stabilization (media): Margen gross 54.0% vs 53.0% (+1.0 pp) | eps_stabilization (media): EPS 7.58 vs 7.15 (Diluted EPS) | debt_reduction (alta): Deuda 1984.4M vs 2705.6M | dividend_maintained (baja): Dividendo actual 0.49% con caída del 8.3% | analyst_upgrade (media): Target 2051.09 vs precio 1595.80 (+29%), recMean 1.40, recKey strong_buy",razonable,descarte,1509.87,1518.49,1509.87 - 1518.49,1354.14,1479.85,1354.14 - 1479.85,Pérdida del soporte en 1518.49 | ROE negativo durante 2 trimestres consecutivos | Ampliación de capital dilutiva | Recorte de rating a bono basura,6-12,"ASML HOLDING está un 8.3% por debajo de su máximo 52s. Fundamentalmente débil con ROE 53.9%, deuda neta/EBITDA -0.4x. Técnicamente 🟢 Divergencia alcista RSI, 🟢 Cerca de soporte. Clasificación: descarte.","ASML HOLDING está un 8.3% por debajo de su máximo 52s. Fundamentalmente débil con ROE 53.9%, deuda neta/EBITDA -0.4x. Técnicamente 🟢 Divergencia alcista RSI, 🟢 Cerca de soporte. Clasificación: descarte.",OK,
INTC,Intel Corporation,SP500,1.0,script-v2.0,1.0,2026-10-08T14:40:30.443036+02:00,38.1,37.8,57.0,21.0,0.0,3.0,39.0,21.0,18.0,106747285.0,1.24,12.2,0.3,36.04,20.5,9.1467,False,31.9,42.1,False,85.48,32.3,True,True,False,Sin señales de recuperación,pass,descarte,pendiente,0.0,desconocido,Pendiente de implementar,ausente,margin_stabilization (media): Margen gross 40.4% vs 39.4% (+1.0 pp),incompleto,descarte,102.31,103.66,102.31 - 103.66,82.34,121.0,82.34 - 121.00,Pérdida del soporte en 103.66 | ROE negativo durante 2 trimestres consecutivos | Ampliación de capital dilutiva | Recorte de rating a bono basura,6-12,"Intel Corporation está un 20.5% por debajo de su máximo 52s. Fundamentalmente débil con ROE -10.7%, deuda neta/EBITDA 1.2x. Técnicamente 🟢 Divergencia alcista RSI, 🟢 base_pattern_detected. Clasificación: descarte.","Intel Corporation está un 20.5% por debajo de su máximo 52s. Fundamentalmente débil con ROE -10.7%, deuda neta/EBITDA 1.2x. Técnicamente 🟢 Divergencia alcista RSI, 🟢 base_pattern_detected. Clasificación: descarte.",OK,
MMM,3M Company,SP500,1.0,script-v2.0,1.0,2026-10-08T14:40:06.794852+02:00,37.8,38.1,77.0,4.0,0.0,7.0,37.0,32.0,5.0,3165087.0,1.21,4.8,0.1,14.11,11.9,2.7855,False,19.9,27.7,False,159.52,1.6,False,False,False,,pass,descarte,pendiente,0.0,desconocido,Pendiente de implementar,parcial,margin_stabilization (media): Margen gross 41.3% vs 40.7% (+0.5 pp) | eps_stabilization (media): EPS 1.78 vs 1.23 (Diluted EPS) | dividend_maintained (baja): Dividendo actual 1.92% con caída del 12.3%,incompleto,descarte,159.5,162.12,159.50 - 162.12,157.16,159.51,157.16 - 159.51,Pérdida del soporte en 159.50 | ROE negativo durante 2 trimestres consecutivos | Ampliación de capital dilutiva | Recorte de rating a bono basura,6-12,"3M Company está un 12.3% por debajo de su máximo 52s. Fundamentalmente débil con ROE 81.9%, deuda neta/EBITDA 1.2x. Técnicamente 🟢 Cerca de soporte, 🟡 Apoyo en MA40 semanal. Clasificación: descarte.","3M Company está un 12.3% por debajo de su máximo 52s. Fundamentalmente débil con ROE 81.9%, deuda neta/EBITDA 1.2x. Técnicamente 🟢 Cerca de soporte, 🟡 Apoyo en MA40 semanal. Clasificación: descarte.",OK,
4502.T,TAKEDA PHARMACEUTICAL CO LTD,ASIA,1.0,script-v2.0,1.0,2026-10-08T14:41:24.366717+02:00,37.3,36.8,56.0,20.0,0.0,4.0,39.0,21.0,18.0,4098281.0,4.06,13.4,-1.0,11.36,1.9,184.6334,False,65.6,53.8,False,5371.36,8.3,True,True,False,Sin señales de recuperación,pass,descarte,pendiente,0.0,desconocido,Pendiente de implementar,ausente,margin_stabilization (media): Margen gross 66.7% vs 62.9% (+3.7 pp) | dividend_maintained (baja): Dividendo actual 3.51% con caída del 3.6%,incompleto,descarte,5503.7,5637.71,5503.70 - 5637.71,5128.05,5289.67,5128.05 - 5289.67,Pérdida del soporte en 5503.70 | ROE negativo durante 2 trimestres consecutivos | Ampliación de capital dilutiva | Recorte de rating a bono basura,6-12,"TAKEDA PHARMACEUTICAL CO LTD está un 3.6% por debajo de su máximo 52s. Fundamentalmente débil con ROE -2.3%, deuda neta/EBITDA 4.1x. Técnicamente 🟡 MACD convergiendo, 🟢 base_pattern_detected. Clasificación: descarte.","TAKEDA PHARMACEUTICAL CO LTD está un 3.6% por debajo de su máximo 52s. Fundamentalmente débil con ROE -2.3%, deuda neta/EBITDA 4.1x. Técnicamente 🟡 MACD convergiendo, 🟢 base_pattern_detected. Clasificación: descarte.",OK,
8306.T,MITSUBISHI UFJ FINANCIAL GROUP ,ASIA,1.0,script-v2.0,1.0,2026-10-08T14:41:19.264771+02:00,35.9,38.9,73.0,9.0,0.0,4.0,27.0,27.0,0.0,41197191.0,,321.1,,,6.9,196.2376,False,0.0,46.9,False,3109.2,12.7,False,False,False,Sin señales de recuperación,pass,descarte,pendiente,0.0,desconocido,Pendiente de implementar,ausente,eps_stabilization (media): EPS 71.59 vs 47.45 (Diluted EPS) | dividend_maintained (baja): Dividendo actual 2.74% con caída del 8.1%,incompleto,descarte,3433.66,3504.0,3433.66 - 3504.00,3048.57,3241.05,3048.57 - 3241.05,Pérdida del soporte en 3433.66 | ROE negativo durante 2 trimestres consecutivos | Ampliación de capital dilutiva | Recorte de rating a bono basura,6-12,"MITSUBISHI UFJ FINANCIAL GROUP  está un 8.1% por debajo de su máximo 52s. Fundamentalmente débil con ROE 9.5%, dividendo 2.7%. Técnicamente 🟢 Cerca de soporte. Clasificación: descarte.","MITSUBISHI UFJ FINANCIAL GROUP  está un 8.1% por debajo de su máximo 52s. Fundamentalmente débil con ROE 9.5%, dividendo 2.7%. Técnicamente 🟢 Cerca de soporte. Clasificación: descarte.",OK,
SON.LS,SONAE,EUROSTOXX,1.0,script-v2.0,1.0,2026-10-08T14:39:47.310287+02:00,35.8,36.7,57.0,19.0,0.0,4.0,33.0,21.0,12.0,1517801.0,5.75,10.1,-6.7,13.21,3.0,0.064,False,60.0,40.0,False,1.93,8.2,True,False,False,Sin señales de recuperación,pass,descarte,pendiente,0.0,desconocido,Pendiente de implementar,ausente,eps_stabilization (media): EPS 0.04 vs 0.02 (Diluted EPS) | dividend_maintained (baja): Dividendo actual 2.87% con caída del 3.0%,incompleto,descarte,1.96,2.04,1.96 - 2.04,1.83,1.92,1.83 - 1.92,Pérdida del soporte en 1.96 | ROE negativo durante 2 trimestres consecutivos | Ampliación de capital dilutiva | Recorte de rating a bono basura,6-12,"SONAE está un 3.0% por debajo de su máximo 52s. Fundamentalmente débil con ROE 8.7%, deuda neta/EBITDA 5.8x. Técnicamente 🟡 MACD convergiendo, 🟢 base_pattern_detected. Clasificación: descarte.","SONAE está un 3.0% por debajo de su máximo 52s. Fundamentalmente débil con ROE 8.7%, deuda neta/EBITDA 5.8x. Técnicamente 🟡 MACD convergiendo, 🟢 base_pattern_detected. Clasificación: descarte.",OK,
AMGN,Amgen Inc.,SP500,1.0,script-v2.0,1.0,2026-10-08T14:40:39.511126+02:00,35.8,36.4,78.0,0.0,0.0,12.0,34.0,28.0,6.0,2729142.0,2.51,-0.0,2.4,15.44,7.6,18.0528,False,71.9,59.7,False,365.59,13.0,False,True,False,,pass,descarte,pendiente,0.0,desconocido,Pendiente de implementar,confirmada,margin_stabilization (media): Margen gross 72.0% vs 68.2% (+3.9 pp) | eps_stabilization (media): EPS 4.37 vs 3.34 (Diluted EPS) | debt_reduction (alta): Deuda 57304.0M vs 57323.0M | dividend_maintained (baja): Dividendo actual 2.44% con caída del 7.6%,incompleto,descarte,408.02,410.14,408.02 - 410.14,362.29,379.98,362.29 - 379.98,Pérdida del soporte en 408.02 | ROE negativo durante 2 trimestres consecutivos | Ampliación de capital dilutiva | Recorte de rating a bono basura,6-12,"Amgen Inc. está un 7.6% por debajo de su máximo 52s. Fundamentalmente débil con ROE 91.5%, deuda neta/EBITDA 2.5x. Técnicamente 🟢 Cerca de soporte, 🟡 trendline_break. Clasificación: descarte.","Amgen Inc. está un 7.6% por debajo de su máximo 52s. Fundamentalmente débil con ROE 91.5%, deuda neta/EBITDA 2.5x. Técnicamente 🟢 Cerca de soporte, 🟡 trendline_break. Clasificación: descarte.",OK,
INGA.AS,ING GROEP N.V.,EUROSTOXX,1.0,script-v2.0,1.0,2026-10-08T14:39:31.448397+02:00,34.7,40.3,76.0,9.0,0.0,4.0,18.0,18.0,0.0,5425806.0,,43.3,,,8.6,1.7985,False,8.7,22.3,False,26.31,12.6,False,False,False,Sin señales de recuperación | Sin suelo técnico identificado,pass,descarte,pendiente,0.0,desconocido,Pendiente de implementar,ausente,eps_stabilization (media): EPS 0.54 vs 0.48 (Diluted EPS) | dividend_maintained (baja): Dividendo actual 3.85% con caída del 8.6%,sin_suelo,descarte,27.29,29.62,27.29 - 29.62,26.26,27.54,26.26 - 27.54,Pérdida del soporte en 27.29 | ROE negativo durante 2 trimestres consecutivos | Ampliación de capital dilutiva | Recorte de rating a bono basura,6-12,"ING GROEP N.V. está un 8.6% por debajo de su máximo 52s. Fundamentalmente aceptable con ROE 17.1%, dividendo 3.9%. Técnicamente sin suelo técnico identificado. Clasificación: descarte.","ING GROEP N.V. está un 8.6% por debajo de su máximo 52s. Fundamentalmente aceptable con ROE 17.1%, dividendo 3.9%. Técnicamente sin suelo técnico identificado. Clasificación: descarte.",OK,
GM,General Motors Company,SP500,1.0,script-v2.0,1.0,2026-10-08T14:40:53.178695+02:00,34.6,34.5,43.0,27.0,0.0,4.0,35.0,30.0,5.0,6684221.0,6.32,0.8,4.4,10.74,11.6,1.5059,False,45.3,42.4,False,80.1,1.1,False,False,False,Sin señales de recuperación,pass,descarte,pendiente,0.0,desconocido,Pendiente de implementar,ausente,"dividend_maintained (baja): Dividendo actual 0.89% con caída del 11.8% | analyst_upgrade (media): Target 104.52 vs precio 80.99 (+29%), recMean 1.62, recKey buy",incompleto,descarte,74.92,80.99,74.92 - 80.99,78.07,80.38,78.07 - 80.38,Pérdida del soporte en 74.92 | ROE negativo durante 2 trimestres consecutivos | Ampliación de capital dilutiva | Recorte de rating a bono basura,6-12,"General Motors Company está un 11.8% por debajo de su máximo 52s. Fundamentalmente débil con ROE 3.2%, deuda neta/EBITDA 6.3x. Técnicamente 🟡 MACD convergiendo, 🟡 Apoyo en MA40 semanal. Clasificación: descarte.","General Motors Company está un 11.8% por debajo de su máximo 52s. Fundamentalmente débil con ROE 3.2%, deuda neta/EBITDA 6.3x. Técnicamente 🟡 MACD convergiendo, 🟡 Apoyo en MA40 semanal. Clasificación: descarte.",OK,
GILD,"Gilead Sciences, Inc.",SP500,1.0,script-v2.0,1.0,2026-10-08T14:40:39.894365+02:00,34.2,27.9,53.0,6.0,0.0,4.0,53.0,35.0,18.0,6007092.0,1.46,18.4,0.0,13.93,5.0,4.8497,False,36.6,22.3,False,136.43,7.6,True,True,False,Sin señales de recuperación,pass,descarte,pendiente,0.0,desconocido,Pendiente de implementar,ausente,margin_stabilization (media): Margen gross 79.8% vs 79.2% (+0.5 pp) | dividend_maintained (baja): Dividendo actual 2.23% con caída del 6.6%,razonable,descarte,142.54,143.5,142.54 - 143.50,133.7,135.63,133.70 - 135.63,Pérdida del soporte en 142.54 | ROE negativo durante 2 trimestres consecutivos | Ampliación de capital dilutiva | Recorte de rating a bono basura,6-12,"Gilead Sciences, Inc. está un 6.6% por debajo de su máximo 52s. Fundamentalmente débil con ROE -20.7%, deuda neta/EBITDA 1.5x. Técnicamente 🟡 MACD convergiendo, 🟢 Cerca de soporte. Clasificación: descarte.","Gilead Sciences, Inc. está un 6.6% por debajo de su máximo 52s. Fundamentalmente débil con ROE -20.7%, deuda neta/EBITDA 1.5x. Técnicamente 🟡 MACD convergiendo, 🟢 Cerca de soporte. Clasificación: descarte.",OK,
MRK,"Merck & Company, Inc.",SP500,1.0,script-v2.0,1.0,2026-10-08T14:40:38.389687+02:00,34.0,31.7,68.0,0.0,0.0,4.0,41.0,35.0,6.0,9770218.0,1.62,9.8,3.0,13.82,8.5,8.8684,False,27.0,17.8,False,123.87,15.3,False,True,False,Sin señales de recuperación,pass,descarte,pendiente,0.0,desconocido,Pendiente de implementar,ausente,eps_stabilization (media): EPS -0.54 vs -1.72 (Diluted EPS) | dividend_maintained (baja): Dividendo actual 2.38% con caída del 9.0%,incompleto,descarte,142.0,142.35,142.00 - 142.35,122.11,133.38,122.11 - 133.38,Pérdida del soporte en 142.00 | ROE negativo durante 2 trimestres consecutivos | Ampliación de capital dilutiva | Recorte de rating a bono basura,6-12,"Merck & Company, Inc. está un 9.0% por debajo de su máximo 52s. Fundamentalmente débil con ROE 7.0%, deuda neta/EBITDA 1.6x. Técnicamente 🟡 MACD convergiendo, 🟢 Cerca de soporte. Clasificación: descarte.","Merck & Company, Inc. está un 9.0% por debajo de su máximo 52s. Fundamentalmente débil con ROE 7.0%, deuda neta/EBITDA 1.6x. Técnicamente 🟡 MACD convergiendo, 🟢 Cerca de soporte. Clasificación: descarte.",OK,
META,"Meta Platforms, Inc.",SP500,1.0,script-v2.0,1.0,2026-10-08T14:40:57.102742+02:00,33.3,33.1,71.0,0.0,0.0,4.0,34.0,16.0,18.0,19228812.0,0.2,29.4,-0.0,16.96,9.0,21.459,False,51.1,61.7,False,625.42,15.3,True,True,False,Sin señales de recuperación,pass,descarte,pendiente,0.0,desconocido,Pendiente de implementar,ausente,margin_stabilization (media): Margen gross 81.4% vs 81.9% (-0.5 pp) | dividend_maintained (baja): Dividendo actual 0.29% con caída del 7.5%,incompleto,descarte,633.08,713.19,633.08 - 713.19,628.57,662.85,628.57 - 662.85,Pérdida del soporte en 713.19 | ROE negativo durante 2 trimestres consecutivos | Ampliación de capital dilutiva | Recorte de rating a bono basura,6-12,"Meta Platforms, Inc. está un 7.5% por debajo de su máximo 52s. Fundamentalmente débil con ROE 29.8%, deuda neta/EBITDA 0.2x. Técnicamente 🟢 Cerca de soporte, 🟢 base_pattern_detected. Clasificación: descarte.","Meta Platforms, Inc. está un 7.5% por debajo de su máximo 52s. Fundamentalmente débil con ROE 29.8%, deuda neta/EBITDA 0.2x. Técnicamente 🟢 Cerca de soporte, 🟢 base_pattern_detected. Clasificación: descarte.",OK,
6861.T,KEYENCE CORP,ASIA,1.0,script-v2.0,1.0,2026-10-08T14:41:26.473629+02:00,33.1,37.8,73.0,7.0,0.0,4.0,19.0,19.0,0.0,626203.0,-2.33,,,29.32,8.7,3102.9872,False,64.3,79.5,False,70869.89,12.9,False,False,False,Sin señales de recuperación | Sin suelo técnico identificado,pass,descarte,pendiente,0.0,desconocido,Pendiente de implementar,ausente,"dividend_maintained (baja): Dividendo actual 0.69% con caída del 9.0% | analyst_upgrade (media): Target 97866.66 vs precio 80000.00 (+22%), recMean 1.47, recKey strong_buy",sin_suelo,descarte,73340.23,80000.0,73340.23 - 80000.00,69372.64,74732.0,69372.64 - 74732.00,Pérdida del soporte en 73340.23 | ROE negativo durante 2 trimestres consecutivos | Ampliación de capital dilutiva | Recorte de rating a bono basura,6-12,"KEYENCE CORP está un 9.0% por debajo de su máximo 52s. Fundamentalmente débil con deuda neta/EBITDA -2.3x, dividendo 0.7%. Técnicamente sin suelo técnico identificado. Clasificación: descarte.","KEYENCE CORP está un 9.0% por debajo de su máximo 52s. Fundamentalmente débil con deuda neta/EBITDA -2.3x, dividendo 0.7%. Técnicamente sin suelo técnico identificado. Clasificación: descarte.",OK,
APA.AX,APA GROUP STAPLED [APA],ASX,1.0,script-v2.0,1.0,2026-10-08T14:41:13.357997+02:00,32.8,24.7,53.0,0.0,0.0,4.0,57.0,39.0,18.0,2626212.0,6.08,1.2,,12.88,2.7,0.3366,False,41.7,27.9,False,9.82,8.9,True,True,False,No supera filtrado cuantitativo mínimo | Sin señales de recuperación,fail,descarte,pendiente,0.0,desconocido,Pendiente de implementar,ausente,eps_stabilization (media): EPS 0.16 vs 0.08 (annual_eps_fallback) | dividend_maintained (baja): Dividendo actual 5.43% con caída del 3.7%,razonable,descarte,10.56,10.63,10.56 - 10.63,9.43,9.76,9.43 - 9.76,Pérdida del soporte en 10.63 | ROE negativo durante 2 trimestres consecutivos | Ampliación de capital dilutiva | Recorte de rating a bono basura,6-12,"APA GROUP STAPLED [APA] está un 3.7% por debajo de su máximo 52s. Fundamentalmente débil con ROE 8.7%, deuda neta/EBITDA 6.1x. Técnicamente 🟡 MACD convergiendo, 🟢 Cerca de soporte. Clasificación: descarte.","APA GROUP STAPLED [APA] está un 3.7% por debajo de su máximo 52s. Fundamentalmente débil con ROE 8.7%, deuda neta/EBITDA 6.1x. Técnicamente 🟡 MACD convergiendo, 🟢 Cerca de soporte. Clasificación: descarte.",OK,
CON.DE,CONTINENTAL AG                I,EUROSTOXX,1.0,script-v2.0,1.0,2026-10-08T14:39:02.925158+02:00,30.5,16.0,0.0,30.0,0.0,7.0,74.0,57.0,17.0,412252.0,2.23,4.0,-1.0,7.46,11.0,0.7778,False,47.6,68.9,False,67.5,2.2,True,False,False,No supera filtrado cuantitativo mínimo,fail,descarte,pendiente,0.0,desconocido,Pendiente de implementar,parcial,margin_stabilization (media): Margen gross 33.0% vs 29.4% (+3.7 pp) | eps_stabilization (media): EPS 1.37 vs 1.00 (Diluted EPS) | dividend_maintained (baja): Dividendo actual 3.91% con caída del 11.0%,fuerte,descarte,68.54,68.98,68.54 - 68.98,65.88,67.38,65.88 - 67.38,Pérdida del soporte en 68.54 | ROE negativo durante 2 trimestres consecutivos | Ampliación de capital dilutiva | Recorte de rating a bono basura,6-12,"CONTINENTAL AG                I está un 11.0% por debajo de su máximo 52s. Fundamentalmente débil con ROE -8.3%, deuda neta/EBITDA 2.2x. Técnicamente 🟢 Divergencia alcista RSI, 🟢 Cruce alcista MACD. Clasificación: descarte.","CONTINENTAL AG                I está un 11.0% por debajo de su máximo 52s. Fundamentalmente débil con ROE -8.3%, deuda neta/EBITDA 2.2x. Técnicamente 🟢 Divergencia alcista RSI, 🟢 Cruce alcista MACD. Clasificación: descarte.",OK,
NAB.AX,NAT. BANK FPO [NAB],ASX,1.0,script-v2.0,1.0,2026-10-08T14:41:02.230938+02:00,29.2,17.6,0.0,33.0,0.0,1.0,64.0,47.0,17.0,4448897.0,,38.0,,,21.9,-0.518,False,8.3,35.9,False,40.52,-6.7,True,False,False,No supera filtrado cuantitativo mínimo | Sin señales de recuperación,fail,descarte,pendiente,0.0,desconocido,Pendiente de implementar,ausente,dividend_maintained (baja): Dividendo actual 4.50% con caída del 23.6%,razonable,descarte,37.57,37.8,37.57 - 37.80,40.55,42.03,40.55 - 42.03,Pérdida del soporte en 37.57 | ROE negativo durante 2 trimestres consecutivos | Ampliación de capital dilutiva | Recorte de rating a bono basura,6-12,"NAT. BANK FPO [NAB] está un 23.6% por debajo de su máximo 52s. Fundamentalmente débil con dividendo 4.5%. Técnicamente 🟢 Divergencia alcista RSI, 🟢 Cerca de soporte. Clasificación: descarte.","NAT. BANK FPO [NAB] está un 23.6% por debajo de su máximo 52s. Fundamentalmente débil con dividendo 4.5%. Técnicamente 🟢 Divergencia alcista RSI, 🟢 Cerca de soporte. Clasificación: descarte.",OK,
DE,Deere & Company,SP500,1.0,script-v2.0,1.0,2026-10-08T14:40:32.263548+02:00,28.2,26.6,57.0,0.0,0.0,1.0,33.0,27.0,6.0,1200362.0,6.7,0.6,-9.3,27.3,8.7,31.7396,False,17.0,39.6,False,595.25,10.4,False,True,False,Sin señales de recuperación,pass,descarte,pendiente,0.0,desconocido,Pendiente de implementar,ausente,dividend_maintained (baja): Dividendo actual 0.99% con caída del 8.9%,incompleto,descarte,644.06,650.24,644.06 - 650.24,587.87,613.04,587.87 - 613.04,Pérdida del soporte en 644.06 | ROE negativo durante 2 trimestres consecutivos | Ampliación de capital dilutiva | Recorte de rating a bono basura,6-12,"Deere & Company está un 8.9% por debajo de su máximo 52s. Fundamentalmente débil con ROE 18.2%, deuda neta/EBITDA 6.7x. Técnicamente 🟢 Cerca de soporte, 🟡 trendline_break. Clasificación: descarte.","Deere & Company está un 8.9% por debajo de su máximo 52s. Fundamentalmente débil con ROE 18.2%, deuda neta/EBITDA 6.7x. Técnicamente 🟢 Cerca de soporte, 🟡 trendline_break. Clasificación: descarte.",OK,
TLS.AX,TELSTRA FPO [TLS],ASX,1.0,script-v2.0,1.0,2026-10-08T14:41:05.902032+02:00,26.5,10.7,0.0,20.0,0.0,4.0,74.0,59.0,15.0,28230240.0,2.49,5.2,,10.33,10.9,-0.0388,True,91.7,54.5,False,4.94,-1.5,False,False,False,No supera filtrado cuantitativo mínimo | Sin señales de recuperación,fail,descarte,pendiente,0.0,desconocido,Pendiente de implementar,ausente,eps_stabilization (media): EPS 0.20 vs 0.19 (annual_eps_fallback) | dividend_maintained (baja): Dividendo actual 4.32% con caída del 12.9%,fuerte,descarte,4.76,4.78,4.76 - 4.78,4.74,4.92,4.74 - 4.92,Pérdida del soporte en 4.76 | ROE negativo durante 2 trimestres consecutivos | Ampliación de capital dilutiva | Recorte de rating a bono basura,6-12,"TELSTRA FPO [TLS] está un 12.9% por debajo de su máximo 52s. Fundamentalmente débil con ROE 15.4%, deuda neta/EBITDA 2.5x. Técnicamente 🟢 Divergencia alcista RSI, 🟢 Cruce alcista MACD. Clasificación: descarte.","TELSTRA FPO [TLS] está un 12.9% por debajo de su máximo 52s. Fundamentalmente débil con ROE 15.4%, deuda neta/EBITDA 2.5x. Técnicamente 🟢 Divergencia alcista RSI, 🟢 Cruce alcista MACD. Clasificación: descarte.",OK,
PUB.PA,PUBLICIS GROUPE SA,EUROSTOXX,1.0,script-v2.0,1.0,2026-10-08T14:39:28.699930+02:00,22.0,13.3,0.0,25.0,0.0,6.0,48.0,48.0,0.0,600099.0,1.14,-3.7,,9.26,9.1,4.6953,False,40.7,34.8,False,83.61,14.0,False,False,False,No supera filtrado cuantitativo mínimo,fail,descarte,pendiente,0.0,desconocido,Pendiente de implementar,parcial,debt_reduction (alta): Deuda 5450.0M vs 5661.0M | dividend_maintained (baja): Dividendo actual 3.93% con caída del 9.1%,razonable,descarte,95.31,95.32,95.31 - 95.32,83.54,89.12,83.54 - 89.12,Pérdida del soporte en 95.31 | ROE negativo durante 2 trimestres consecutivos | Ampliación de capital dilutiva | Recorte de rating a bono basura,6-12,"PUBLICIS GROUPE SA está un 9.1% por debajo de su máximo 52s. Fundamentalmente débil con ROE 16.2%, deuda neta/EBITDA 1.1x. Técnicamente 🔵 RSI recuperándose de sobreventa, 🟡 MACD convergiendo. Clasificación: descarte.","PUBLICIS GROUPE SA está un 9.1% por debajo de su máximo 52s. Fundamentalmente débil con ROE 16.2%, deuda neta/EBITDA 1.1x. Técnicamente 🔵 RSI recuperándose de sobreventa, 🟡 MACD convergiendo. Clasificación: descarte.",OK,
LIN.DE,Linde plc                     R,EUROSTOXX,1.0,script-v2.0,1.0,2026-10-08T14:39:12.130315+02:00,18.0,2.7,0.0,5.0,0.0,4.0,64.0,42.0,22.0,11096.0,1.76,6.4,-0.7,17.01,9.1,-0.3707,True,84.3,89.9,False,421.29,3.1,True,False,False,No supera filtrado cuantitativo mínimo | Sin señales de recuperación,fail,descarte,pendiente,0.0,desconocido,Pendiente de implementar,ausente,eps_stabilization (media): EPS 4.15 vs 3.98 (Diluted EPS) | dividend_maintained (baja): Dividendo actual 1.43% con caída del 9.4%,razonable,descarte,414.55,422.55,414.55 - 422.55,407.49,418.73,407.49 - 418.73,Pérdida del soporte en 422.55 | ROE negativo durante 2 trimestres consecutivos | Ampliación de capital dilutiva | Recorte de rating a bono basura,6-12,"Linde plc                     R está un 9.4% por debajo de su máximo 52s. Fundamentalmente débil con deuda neta/EBITDA 1.8x, dividendo 1.4%. Técnicamente 🟢 Divergencia alcista RSI, 🟢 Cerca de soporte. Clasificación: descarte.","Linde plc                     R está un 9.4% por debajo de su máximo 52s. Fundamentalmente débil con deuda neta/EBITDA 1.8x, dividendo 1.4%. Técnicamente 🟢 Divergencia alcista RSI, 🟢 Cerca de soporte. Clasificación: descarte.",OK,
MQG.AX,MACQ GROUP FPO [MQG],ASX,1.0,script-v2.0,1.0,2026-10-08T14:41:03.940937+02:00,17.4,6.9,0.0,13.0,0.0,3.0,49.0,37.0,12.0,619072.0,14.47,3.2,,,7.9,5.0366,False,65.8,77.2,False,231.63,6.5,True,False,False,No supera filtrado cuantitativo mínimo | Sin señales de recuperación,fail,descarte,pendiente,0.0,desconocido,Pendiente de implementar,ausente,eps_stabilization (media): EPS 12.67 vs 9.76 (annual_eps_fallback),razonable,descarte,239.55,246.79,239.55 - 246.79,227.71,230.57,227.71 - 230.57,Pérdida del soporte en 239.55 | ROE negativo durante 2 trimestres consecutivos | Ampliación de capital dilutiva | Recorte de rating a bono basura,6-12,"MACQ GROUP FPO [MQG] está un 7.9% por debajo de su máximo 52s. Fundamentalmente débil con deuda neta/EBITDA 14.5x. Técnicamente 🟢 Divergencia alcista RSI, 🟢 Cerca de soporte. Clasificación: descarte.","MACQ GROUP FPO [MQG] está un 7.9% por debajo de su máximo 52s. Fundamentalmente débil con deuda neta/EBITDA 14.5x. Técnicamente 🟢 Divergencia alcista RSI, 🟢 Cerca de soporte. Clasificación: descarte.",OK,
ALV.DE,Allianz SE                    v,EUROSTOXX,1.0,script-v2.0,1.0,2026-10-08T14:39:00.687727+02:00,16.2,8.0,0.0,15.0,0.0,12.0,41.0,41.0,0.0,501607.0,-4.77,-4.4,1.0,2.75,9.0,14.3812,False,13.4,20.7,False,390.24,6.0,False,False,False,No supera filtrado cuantitativo mínimo,fail,descarte,pendiente,0.0,desconocido,Pendiente de implementar,confirmada,margin_stabilization (media): Margen operating 17.1% vs 10.5% (+6.6 pp) | eps_stabilization (media): EPS 9.56 vs 6.98 (Diluted EPS) | debt_reduction (alta): Deuda 33706.0M vs 35275.0M | dividend_maintained (baja): Dividendo actual 4.14% con caída del 9.0%,incompleto,descarte,410.6,413.5,410.60 - 413.50,386.41,390.13,386.41 - 390.13,Pérdida del soporte en 410.60 | ROE negativo durante 2 trimestres consecutivos | Ampliación de capital dilutiva | Recorte de rating a bono basura,6-12,"Allianz SE                    v está un 9.0% por debajo de su máximo 52s. Fundamentalmente débil con ROE 19.6%, deuda neta/EBITDA -4.8x. Técnicamente 🟡 MACD convergiendo, 🟢 Cerca de soporte. Clasificación: descarte.","Allianz SE                    v está un 9.0% por debajo de su máximo 52s. Fundamentalmente débil con ROE 19.6%, deuda neta/EBITDA -4.8x. Técnicamente 🟡 MACD convergiendo, 🟢 Cerca de soporte. Clasificación: descarte.",OK,
WOW.AX,WOOLWORTHS FPO [WOW],ASX,1.0,script-v2.0,1.0,2026-10-08T14:41:04.673731+02:00,16.2,0.0,0.0,0.0,0.0,9.0,65.0,53.0,12.0,2204032.0,4.3,-5.2,,17.7,4.4,1.1529,False,78.3,49.5,False,35.98,8.0,True,False,False,No supera filtrado cuantitativo mínimo,fail,descarte,pendiente,0.0,desconocido,Pendiente de implementar,parcial,eps_stabilization (media): EPS 0.93 vs 0.78 (annual_eps_fallback) | debt_reduction (alta): Deuda 16477.0M vs 17385.0M | dividend_maintained (baja): Dividendo actual 2.50% con caída del 5.7%,razonable,descarte,38.12,38.85,38.12 - 38.85,35.01,35.72,35.01 - 35.72,Pérdida del soporte en 38.12 | ROE negativo durante 2 trimestres consecutivos | Ampliación de capital dilutiva | Recorte de rating a bono basura,6-12,"WOOLWORTHS FPO [WOW] está un 5.7% por debajo de su máximo 52s. Fundamentalmente débil con ROE 23.3%, deuda neta/EBITDA 4.3x. Técnicamente 🟢 Divergencia alcista RSI, 🟢 Cruce alcista MACD. Clasificación: descarte.","WOOLWORTHS FPO [WOW] está un 5.7% por debajo de su máximo 52s. Fundamentalmente débil con ROE 23.3%, deuda neta/EBITDA 4.3x. Técnicamente 🟢 Divergencia alcista RSI, 🟢 Cruce alcista MACD. Clasificación: descarte.",OK,
STO.AX,SANTOS FPO [STO],ASX,1.0,script-v2.0,1.0,2026-10-08T14:41:08.637826+02:00,16.0,5.3,0.0,10.0,0.0,1.0,48.0,30.0,18.0,10814015.0,2.36,,,12.84,1.6,0.3636,False,86.5,68.0,False,7.53,15.2,True,True,False,No supera filtrado cuantitativo mínimo | Sin señales de recuperación,fail,descarte,pendiente,0.0,desconocido,Pendiente de implementar,ausente,dividend_maintained (baja): Dividendo actual 3.58% con caída del 1.6%,razonable,descarte,8.24,8.37,8.24 - 8.37,7.44,7.49,7.44 - 7.49,Pérdida del soporte en 8.37 | ROE negativo durante 2 trimestres consecutivos | Ampliación de capital dilutiva | Recorte de rating a bono basura,6-12,"SANTOS FPO [STO] está un 1.6% por debajo de su máximo 52s. Fundamentalmente débil con ROE 4.7%, deuda neta/EBITDA 2.4x. Técnicamente 🟡 MACD convergiendo, 🟢 Cerca de soporte. Clasificación: descarte.","SANTOS FPO [STO] está un 1.6% por debajo de su máximo 52s. Fundamentalmente débil con ROE 4.7%, deuda neta/EBITDA 2.4x. Técnicamente 🟡 MACD convergiendo, 🟢 Cerca de soporte. Clasificación: descarte.",OK,
KBC.BR,KBC,EUROSTOXX,1.0,script-v2.0,1.0,2026-10-08T14:39:44.631911+02:00,15.2,8.5,0.0,16.0,0.0,4.0,35.0,35.0,0.0,344531.0,,99.5,,,10.6,4.6468,False,7.7,16.5,False,116.67,3.4,False,False,False,No supera filtrado cuantitativo mínimo | Sin señales de recuperación,fail,descarte,pendiente,0.0,desconocido,Pendiente de implementar,ausente,eps_stabilization (media): EPS 2.83 vs 1.32 (Diluted EPS) | dividend_maintained (baja): Dividendo actual 4.23% con caída del 10.6%,incompleto,descarte,108.22,120.6,108.22 - 120.60,114.71,116.65,114.71 - 116.65,Pérdida del soporte en 108.22 | ROE negativo durante 2 trimestres consecutivos | Ampliación de capital dilutiva | Recorte de rating a bono basura,6-12,"KBC está un 10.6% por debajo de su máximo 52s. Fundamentalmente débil con ROE 13.7%, dividendo 4.2%. Técnicamente 🔵 RSI en sobreventa. Clasificación: descarte.","KBC está un 10.6% por debajo de su máximo 52s. Fundamentalmente débil con ROE 13.7%, dividendo 4.2%. Técnicamente 🔵 RSI en sobreventa. Clasificación: descarte.",OK,
ANZ.AX,ANZ GROUP FPO [ANZ],ASX,1.0,script-v2.0,1.0,2026-10-08T14:41:03.269523+02:00,11.1,3.7,0.0,7.0,0.0,1.0,33.0,16.0,17.0,4165676.0,,23.8,,,6.8,0.5591,False,23.2,47.4,False,36.52,2.3,True,False,False,No supera filtrado cuantitativo mínimo | Sin señales de recuperación,fail,descarte,pendiente,0.0,desconocido,Pendiente de implementar,ausente,dividend_maintained (baja): Dividendo actual 4.44% con caída del 8.9%,incompleto,descarte,35.33,37.36,35.33 - 37.36,34.85,36.42,34.85 - 36.42,Pérdida del soporte en 35.33 | ROE negativo durante 2 trimestres consecutivos | Ampliación de capital dilutiva | Recorte de rating a bono basura,6-12,"ANZ GROUP FPO [ANZ] está un 8.9% por debajo de su máximo 52s. Fundamentalmente débil con ROE 8.2%, dividendo 4.4%. Técnicamente 🟡 Apoyo en MA40 semanal, 🟢 base_pattern_detected. Clasificación: descarte.","ANZ GROUP FPO [ANZ] está un 8.9% por debajo de su máximo 52s. Fundamentalmente débil con ROE 8.2%, dividendo 4.4%. Técnicamente 🟡 Apoyo en MA40 semanal, 🟢 base_pattern_detected. Clasificación: descarte.",OK,
ROG.SW,,EUROSTOXX,1.0,script-v2.0,1.0,,,,,,,,,,,,,,,,,,,,,,,,,,False,,,,,,,,,,,,,,,,,,,,,,ERROR,Missing market price in yfinance info
