Ticker,Nombre,Mercado,Rules_Version,Model_Version,Config_Version,Evaluation_Timestamp,Score,Score_Cuantitativo,Score_Fundamental,Score_Valoracion,Score_Causal,Score_Recuperacion,Score_Tecnico,Score_Tecnico_Base,Score_Tecnico_Bonus,Vol_Medio_Diario,Net_Debt_EBITDA,Variacion_Deuda_Trimestral_%,Variacion_Margen_pp,EV_EBITDA,Caida_Max_Multianual_%,MACD_Semanal,MACD_Semanal_Giro,Estocastico_K,Estocastico_D,Estocastico_Giro,MA40_Semanal,Dist_MA40_Semanal_%,Base_Pattern_Detected,Trendline_Break,Paso_Filtro,hard_rules_applied,Capa1_Status,Base_Classification,Causal_Classification,Causal_Confidence,Problem_Type,Causal_Justification,Recovery_Status,Recovery_Signals,Technical_Status,Final_Classification,Entry_Zone_Min,Entry_Zone_Max,Entry_Zone,Exit_Zone_Min,Exit_Zone_Max,Exit_Zone,Invalidation_Conditions,Estimated_Horizon_Months,Short_Explanation,Summary_Explanation,Estado,Error
CAP.PA,CAPGEMINI,EUROSTOXX,1.0,script-v2.0,1.0,2026-07-28T10:23:49.666567+02:00,92.4,96.2,93.0,99.0,0.0,4.0,81.0,59.0,22.0,740128.0,2.29,55.8,,7.88,48.2,-6.0971,True,98.9,49.1,False,110.69,-11.5,True,False,True,Sin señales de recuperación,pass,seguimiento,pendiente,0.0,desconocido,Pendiente de implementar,ausente,"dividend_maintained (baja): Dividendo actual 3.47% con caída del 36.0% | analyst_upgrade (media): Target 143.81 vs precio 97.98 (+47%), recMean 1.76, recKey buy",fuerte,seguimiento,94.49,95.77,94.49 - 95.77,111.37,130.09,111.37 - 130.09,Pérdida del soporte en 95.77 | ROE negativo durante 2 trimestres consecutivos | Ampliación de capital dilutiva | Recorte de rating a bono basura,12-18,"CAPGEMINI está un 36.0% por debajo de su máximo 52s. Fundamentalmente sólida con ROE 13.7%, deuda neta/EBITDA 2.3x. Técnicamente 🟢 Divergencia alcista RSI, 🟢 Cruce alcista MACD. Clasificación: seguimiento.","CAPGEMINI está un 36.0% por debajo de su máximo 52s. Fundamentalmente sólida con ROE 13.7%, deuda neta/EBITDA 2.3x. Técnicamente 🟢 Divergencia alcista RSI, 🟢 Cruce alcista MACD. Clasificación: seguimiento.",OK,
RI.PA,PERNOD RICARD,EUROSTOXX,1.0,script-v2.0,1.0,2026-07-28T10:23:58.728701+02:00,83.2,85.3,88.0,83.0,0.0,7.0,77.0,44.0,33.0,683453.0,3.89,8.0,,9.92,47.4,-2.2882,True,96.4,68.1,False,68.34,-3.1,True,True,True,,pass,seguimiento,pendiente,0.0,desconocido,Pendiente de implementar,parcial,"eps_stabilization (media): EPS 6.45 vs 5.83 (annual_eps_fallback) | dividend_maintained (baja): Dividendo actual 7.10% con caída del 38.4% | analyst_upgrade (media): Target 85.05 vs precio 66.24 (+28%), recMean 2.50, recKey buy",fuerte,seguimiento,61.72,63.78,61.72 - 63.78,69.02,91.33,69.02 - 91.33,Pérdida del soporte en 63.78 | ROE negativo durante 2 trimestres consecutivos | Ampliación de capital dilutiva | Recorte de rating a bono basura,12-18,"PERNOD RICARD está un 38.4% por debajo de su máximo 52s. Fundamentalmente sólida con ROE 8.6%, deuda neta/EBITDA 3.9x. Técnicamente 🟢 Divergencia alcista RSI, 🟢 Cerca de soporte. Clasificación: seguimiento.","PERNOD RICARD está un 38.4% por debajo de su máximo 52s. Fundamentalmente sólida con ROE 8.6%, deuda neta/EBITDA 3.9x. Técnicamente 🟢 Divergencia alcista RSI, 🟢 Cerca de soporte. Clasificación: seguimiento.",OK,
CPB,The Campbell's Company,SP500,1.0,script-v2.0,1.0,2026-07-28T10:25:44.581749+02:00,83.2,82.2,79.0,85.0,0.0,4.0,86.0,53.0,33.0,8687625.0,4.07,3.7,0.4,7.98,53.1,-0.8591,True,45.6,23.9,False,24.12,-7.2,True,True,True,Sin señales de recuperación,pass,seguimiento,pendiente,0.0,desconocido,Pendiente de implementar,ausente,margin_stabilization (media): Margen gross 27.5% vs 28.0% (-0.5 pp) | dividend_maintained (baja): Dividendo actual 6.97% con caída del 34.5%,fuerte,seguimiento,21.4,21.6,21.40 - 21.60,24.44,29.04,24.44 - 29.04,Pérdida del soporte en 21.60 | ROE negativo durante 2 trimestres consecutivos | Ampliación de capital dilutiva | Recorte de rating a bono basura,12-18,"The Campbell's Company está un 34.5% por debajo de su máximo 52s. Fundamentalmente sólida con ROE 15.4%, deuda neta/EBITDA 4.1x. Técnicamente 🟡 MACD convergiendo, 🟢 Bajo SMA200 con SMA50 girando. Clasificación: seguimiento.","The Campbell's Company está un 34.5% por debajo de su máximo 52s. Fundamentalmente sólida con ROE 15.4%, deuda neta/EBITDA 4.1x. Técnicamente 🟡 MACD convergiendo, 🟢 Bajo SMA200 con SMA50 girando. Clasificación: seguimiento.",OK,
CSL.AX,CSL FPO [CSL],ASX,1.0,script-v2.0,1.0,2026-07-28T10:25:53.684082+02:00,81.5,85.6,84.0,87.0,0.0,4.0,69.0,53.0,16.0,1875507.0,2.06,,-0.2,14.03,60.3,-11.9896,True,43.6,22.4,False,144.56,-17.3,False,True,True,Sin señales de recuperación,pass,seguimiento,pendiente,0.0,desconocido,Pendiente de implementar,ausente,eps_stabilization (media): EPS 6.17 vs 5.45 (annual_eps_fallback) | dividend_maintained (baja): Dividendo actual 3.56% con caída del 56.7%,razonable,seguimiento,110.72,113.08,110.72 - 113.08,148.14,234.42,148.14 - 234.42,Pérdida del soporte en 113.08 | ROE negativo durante 2 trimestres consecutivos | Ampliación de capital dilutiva | Recorte de rating a bono basura,18-24,"CSL FPO [CSL] está un 56.7% por debajo de su máximo 52s. Fundamentalmente sólida con ROE 6.7%, deuda neta/EBITDA 2.1x. Técnicamente 🟢 Divergencia alcista RSI, 🟡 MACD convergiendo. Clasificación: seguimiento.","CSL FPO [CSL] está un 56.7% por debajo de su máximo 52s. Fundamentalmente sólida con ROE 6.7%, deuda neta/EBITDA 2.1x. Técnicamente 🟢 Divergencia alcista RSI, 🟡 MACD convergiendo. Clasificación: seguimiento.",OK,
0700.HK,TENCENT,ASIA,1.0,script-v2.0,1.0,2026-07-28T10:26:38.181183+02:00,78.6,82.5,99.0,68.0,0.0,7.0,67.0,45.0,22.0,33773121.0,-0.19,,-0.5,14.28,33.8,-25.9847,True,24.2,15.3,False,522.3,-14.4,True,False,True,,pass,seguimiento,pendiente,0.0,desconocido,Pendiente de implementar,parcial,"eps_stabilization (media): EPS 6.30 vs 6.28 (Diluted EPS) | dividend_maintained (baja): Dividendo actual 1.19% con caída del 34.5% | analyst_upgrade (media): Target 690.93 vs precio 447.20 (+55%), recMean 1.33, recKey strong_buy",razonable,seguimiento,424.84,447.2,424.84 - 447.20,537.86,580.55,537.86 - 580.55,Pérdida del soporte en 424.84 | ROE negativo durante 2 trimestres consecutivos | Ampliación de capital dilutiva | Recorte de rating a bono basura,12-18,"TENCENT está un 34.5% por debajo de su máximo 52s. Fundamentalmente sólida con ROE 20.5%, deuda neta/EBITDA -0.2x. Técnicamente 🟢 Divergencia alcista RSI, 🟡 MACD convergiendo. Clasificación: seguimiento.","TENCENT está un 34.5% por debajo de su máximo 52s. Fundamentalmente sólida con ROE 20.5%, deuda neta/EBITDA -0.2x. Técnicamente 🟢 Divergencia alcista RSI, 🟡 MACD convergiendo. Clasificación: seguimiento.",OK,
TWE.AX,TREA WINE FPO [TWE],ASX,1.0,script-v2.0,1.0,2026-07-28T10:26:11.021085+02:00,78.2,80.0,72.0,87.0,0.0,4.0,73.0,50.0,23.0,3694225.0,1.81,,,-21.5,58.8,-0.1171,False,92.5,75.2,False,4.82,0.7,True,True,True,Sin señales de recuperación,pass,seguimiento,pendiente,0.0,desconocido,Pendiente de implementar,ausente,eps_stabilization (media): EPS 0.54 vs 0.13 (annual_eps_fallback) | dividend_maintained (baja): Dividendo actual 8.25% con caída del 40.9%,fuerte,seguimiento,4.61,4.75,4.61 - 4.75,4.89,6.98,4.89 - 6.98,Pérdida del soporte en 4.75 | ROE negativo durante 2 trimestres consecutivos | Ampliación de capital dilutiva | Recorte de rating a bono basura,18-24,"TREA WINE FPO [TWE] está un 40.9% por debajo de su máximo 52s. Fundamentalmente sólida con ROE -9.9%, deuda neta/EBITDA 1.8x. Técnicamente 🟢 Cruce alcista MACD, 🟢 Cerca de soporte. Clasificación: seguimiento.","TREA WINE FPO [TWE] está un 40.9% por debajo de su máximo 52s. Fundamentalmente sólida con ROE -9.9%, deuda neta/EBITDA 1.8x. Técnicamente 🟢 Cruce alcista MACD, 🟢 Cerca de soporte. Clasificación: seguimiento.",OK,
LOW,"Lowe's Companies, Inc.",SP500,1.0,script-v2.0,1.0,2026-07-28T10:25:04.541593+02:00,78.2,80.2,77.0,83.0,0.0,15.0,72.0,50.0,22.0,3058725.0,3.32,-4.7,0.0,12.73,27.0,-9.1358,True,47.1,23.3,False,236.69,-10.6,True,False,True,,pass,entrada_directa,pendiente,0.0,desconocido,Pendiente de implementar,confirmada,"margin_stabilization (media): Margen gross 32.7% vs 32.5% (+0.2 pp) | eps_stabilization (media): EPS 2.90 vs 1.78 (Diluted EPS) | debt_reduction (alta): Deuda 42556.0M vs 44677.0M | dividend_maintained (baja): Dividendo actual 2.36% con caída del 27.8% | analyst_upgrade (media): Target 263.73 vs precio 211.55 (+25%), recKey none",fuerte,entrada_directa,200.97,211.55,200.97 - 211.55,237.2,249.1,237.20 - 249.10,Pérdida del soporte en 200.97 | ROE negativo durante 2 trimestres consecutivos | Ampliación de capital dilutiva | Recorte de rating a bono basura,12-18,"Lowe's Companies, Inc. está un 27.8% por debajo de su máximo 52s. Fundamentalmente sólida con deuda neta/EBITDA 3.3x, dividendo 2.4%. Técnicamente 🟢 Divergencia alcista RSI, 🟡 MACD convergiendo. Clasificación: entrada_directa.","Lowe's Companies, Inc. está un 27.8% por debajo de su máximo 52s. Fundamentalmente sólida con deuda neta/EBITDA 3.3x, dividendo 2.4%. Técnicamente 🟢 Divergencia alcista RSI, 🟡 MACD convergiendo. Clasificación: entrada_directa.",OK,
DSY.PA,DASSAULT SYSTEMES,EUROSTOXX,1.0,script-v2.0,1.0,2026-07-28T10:24:05.502889+02:00,78.1,74.8,94.0,58.0,0.0,7.0,88.0,61.0,27.0,2360592.0,-1.36,36.2,0.0,14.7,49.1,-0.6652,True,98.0,82.5,False,20.26,1.2,True,False,True,,pass,seguimiento,pendiente,0.0,desconocido,Pendiente de implementar,parcial,margin_stabilization (media): Margen gross 84.1% vs 84.0% (+0.1 pp) | eps_stabilization (media): EPS 0.22 vs 0.22 (Diluted EPS) | dividend_maintained (baja): Dividendo actual 1.32% con caída del 32.5%,fuerte,seguimiento,17.49,18.63,17.49 - 18.63,20.66,25.81,20.66 - 25.81,Pérdida del soporte en 17.49 | ROE negativo durante 2 trimestres consecutivos | Ampliación de capital dilutiva | Recorte de rating a bono basura,12-18,"DASSAULT SYSTEMES está un 32.5% por debajo de su máximo 52s. Fundamentalmente sólida con ROE 15.1%, deuda neta/EBITDA -1.4x. Técnicamente 🟢 Divergencia alcista RSI, 🟢 Cruce alcista MACD. Clasificación: seguimiento.","DASSAULT SYSTEMES está un 32.5% por debajo de su máximo 52s. Fundamentalmente sólida con ROE 15.1%, deuda neta/EBITDA -1.4x. Técnicamente 🟢 Divergencia alcista RSI, 🟢 Cruce alcista MACD. Clasificación: seguimiento.",OK,
SAP.DE,SAP SE                        I,EUROSTOXX,1.0,script-v2.0,1.0,2026-07-28T10:23:40.602968+02:00,77.5,73.0,97.0,52.0,0.0,10.0,91.0,64.0,27.0,2873250.0,-0.14,26.4,0.9,14.75,44.3,-10.3035,True,97.4,58.1,False,168.58,-8.7,True,False,True,,pass,seguimiento,pendiente,0.0,desconocido,Pendiente de implementar,parcial,"margin_stabilization (media): Margen gross 73.2% vs 73.0% (+0.2 pp) | eps_stabilization (media): EPS 1.88 vs 1.65 (Diluted EPS) | dividend_maintained (baja): Dividendo actual 1.62% con caída del 40.5% | analyst_upgrade (media): Target 201.91 vs precio 153.98 (+31%), recMean 1.41, recKey strong_buy",fuerte,seguimiento,144.11,148.43,144.11 - 148.43,173.05,219.89,173.05 - 219.89,Pérdida del soporte en 148.43 | ROE negativo durante 2 trimestres consecutivos | Ampliación de capital dilutiva | Recorte de rating a bono basura,18-24,"SAP SE                        I está un 40.5% por debajo de su máximo 52s. Fundamentalmente sólida con ROE 18.3%, deuda neta/EBITDA -0.1x. Técnicamente 🟢 Divergencia alcista RSI, 🟢 Cruce alcista MACD. Clasificación: seguimiento.","SAP SE                        I está un 40.5% por debajo de su máximo 52s. Fundamentalmente sólida con ROE 18.3%, deuda neta/EBITDA -0.1x. Técnicamente 🟢 Divergencia alcista RSI, 🟢 Cruce alcista MACD. Clasificación: seguimiento.",OK,
035420.KS,NAVER,ASIA,1.0,script-v2.0,1.0,2026-07-28T10:26:42.329227+02:00,76.3,76.1,75.0,77.0,0.0,7.0,77.0,50.0,27.0,1989330.0,-1.21,27.2,0.0,10.57,30.9,-7698.4682,True,54.1,68.1,False,229997.09,-8.7,True,False,True,,pass,seguimiento,pendiente,0.0,desconocido,Pendiente de implementar,parcial,"margin_stabilization (media): Margen gross 100.0% vs 100.0% (+0.0 pp) | dividend_maintained (baja): Dividendo actual 1.25% con caída del 30.9% | analyst_upgrade (media): Target 301962.97 vs precio 210000.00 (+44%), recMean 1.67, recKey buy",fuerte,seguimiento,193928.57,210000.0,193928.57 - 210000.00,232334.14,258400.0,232334.14 - 258400.00,Pérdida del soporte en 193928.57 | ROE negativo durante 2 trimestres consecutivos | Ampliación de capital dilutiva | Recorte de rating a bono basura,12-18,"NAVER está un 30.9% por debajo de su máximo 52s. Fundamentalmente sólida con ROE 5.7%, deuda neta/EBITDA -1.2x. Técnicamente 🟢 Divergencia alcista RSI, 🟢 Volumen creciente. Clasificación: seguimiento.","NAVER está un 30.9% por debajo de su máximo 52s. Fundamentalmente sólida con ROE 5.7%, deuda neta/EBITDA -1.2x. Técnicamente 🟢 Divergencia alcista RSI, 🟢 Volumen creciente. Clasificación: seguimiento.",OK,
HEI.DE,Heidelberg Materials AG       I,EUROSTOXX,1.0,script-v2.0,1.0,2026-07-28T10:23:43.702368+02:00,75.7,75.6,90.0,63.0,0.0,7.0,76.0,64.0,12.0,371854.0,1.39,23.5,,8.9,28.0,-5.3051,False,50.7,28.8,False,192.29,-11.2,True,False,True,,pass,seguimiento,pendiente,0.0,desconocido,Pendiente de implementar,parcial,"eps_stabilization (media): EPS 10.92 vs 9.87 (annual_eps_fallback) | dividend_maintained (baja): Dividendo actual 2.11% con caída del 29.4% | analyst_upgrade (media): Target 218.95 vs precio 170.70 (+28%), recMean 2.00, recKey buy",fuerte,seguimiento,170.34,170.7,170.34 - 170.70,192.66,205.53,192.66 - 205.53,Pérdida del soporte en 170.34 | ROE negativo durante 2 trimestres consecutivos | Ampliación de capital dilutiva | Recorte de rating a bono basura,12-18,"Heidelberg Materials AG       I está un 29.4% por debajo de su máximo 52s. Fundamentalmente sólida con ROE 11.1%, deuda neta/EBITDA 1.4x. Técnicamente 🟢 Divergencia alcista RSI, 🟢 Cruce alcista MACD. Clasificación: seguimiento.","Heidelberg Materials AG       I está un 29.4% por debajo de su máximo 52s. Fundamentalmente sólida con ROE 11.1%, deuda neta/EBITDA 1.4x. Técnicamente 🟢 Divergencia alcista RSI, 🟢 Cruce alcista MACD. Clasificación: seguimiento.",OK,
WKL.AS,WOLTERS KLUWER,EUROSTOXX,1.0,script-v2.0,1.0,2026-07-28T10:24:12.091115+02:00,74.5,76.3,79.0,74.0,0.0,12.0,69.0,42.0,27.0,1170798.0,2.09,-4.6,,9.96,60.1,-4.5857,True,99.1,70.8,False,71.67,-3.2,True,False,True,,pass,entrada_escalada,pendiente,0.0,desconocido,Pendiente de implementar,confirmada,"eps_stabilization (media): EPS 5.64 vs 4.52 (annual_eps_fallback) | debt_reduction (alta): Deuda 4972.0M vs 5210.0M | dividend_maintained (baja): Dividendo actual 3.63% con caída del 51.9% | analyst_upgrade (media): Target 91.70 vs precio 69.34 (+32%), recMean 1.73, recKey buy",razonable,entrada_escalada,60.54,63.66,60.54 - 63.66,73.68,122.61,73.68 - 122.61,Pérdida del soporte en 63.66 | ROE negativo durante 2 trimestres consecutivos | Ampliación de capital dilutiva | Recorte de rating a bono basura,18-24,"WOLTERS KLUWER está un 51.9% por debajo de su máximo 52s. Fundamentalmente sólida con ROE 111.7%, deuda neta/EBITDA 2.1x. Técnicamente 🟢 Divergencia alcista RSI, 🟢 Bajo SMA200 con SMA50 girando. Clasificación: entrada_escalada.","WOLTERS KLUWER está un 51.9% por debajo de su máximo 52s. Fundamentalmente sólida con ROE 111.7%, deuda neta/EBITDA 2.1x. Técnicamente 🟢 Divergencia alcista RSI, 🟢 Bajo SMA200 con SMA50 girando. Clasificación: entrada_escalada.",OK,
4568.T,DAIICHI SANKYO COMPANY LIMITED,ASIA,1.0,script-v2.0,1.0,2026-07-28T10:26:20.326714+02:00,73.7,70.3,98.0,46.0,0.0,4.0,84.0,51.0,33.0,7736221.0,-0.34,74.0,,17.06,52.0,-83.5074,True,91.7,79.5,False,2958.07,-2.3,True,True,True,Sin señales de recuperación,pass,seguimiento,pendiente,0.0,desconocido,Pendiente de implementar,ausente,"dividend_maintained (baja): Dividendo actual 3.46% con caída del 30.8% | analyst_upgrade (media): Target 4205.29 vs precio 2889.50 (+46%), recMean 1.41, recKey strong_buy",fuerte,seguimiento,2638.94,2748.75,2638.94 - 2748.75,3054.49,3551.3,3054.49 - 3551.30,Pérdida del soporte en 2748.75 | ROE negativo durante 2 trimestres consecutivos | Ampliación de capital dilutiva | Recorte de rating a bono basura,12-18,"DAIICHI SANKYO COMPANY LIMITED está un 30.8% por debajo de su máximo 52s. Fundamentalmente sólida con ROE 15.8%, deuda neta/EBITDA -0.3x. Técnicamente 🟢 Divergencia alcista RSI, 🟢 Bajo SMA200 con SMA50 girando. Clasificación: seguimiento.","DAIICHI SANKYO COMPANY LIMITED está un 30.8% por debajo de su máximo 52s. Fundamentalmente sólida con ROE 15.8%, deuda neta/EBITDA -0.3x. Técnicamente 🟢 Divergencia alcista RSI, 🟢 Bajo SMA200 con SMA50 girando. Clasificación: seguimiento.",OK,
AD.AS,KONINKLIJKE AHOLD DELHAIZE N.V.,EUROSTOXX,1.0,script-v2.0,1.0,2026-07-28T10:24:14.547343+02:00,73.3,72.1,86.0,60.0,0.0,4.0,77.0,72.0,5.0,2437946.0,2.89,5.5,-0.0,8.47,16.9,-0.5543,False,45.3,24.3,False,36.55,-4.8,False,False,True,Sin señales de recuperación,pass,seguimiento,pendiente,0.0,desconocido,Pendiente de implementar,ausente,margin_stabilization (media): Margen gross 26.8% vs 26.8% (+0.0 pp) | dividend_maintained (baja): Dividendo actual 4.20% con caída del 18.2%,fuerte,seguimiento,34.64,34.78,34.64 - 34.78,36.16,36.53,36.16 - 36.53,Pérdida del soporte en 34.64 | ROE negativo durante 2 trimestres consecutivos | Ampliación de capital dilutiva | Recorte de rating a bono basura,6-12,"KONINKLIJKE AHOLD DELHAIZE N.V. está un 18.2% por debajo de su máximo 52s. Fundamentalmente sólida con ROE 15.0%, deuda neta/EBITDA 2.9x. Técnicamente 🟢 Divergencia alcista RSI, 🟡 MACD convergiendo. Clasificación: seguimiento.","KONINKLIJKE AHOLD DELHAIZE N.V. está un 18.2% por debajo de su máximo 52s. Fundamentalmente sólida con ROE 15.0%, deuda neta/EBITDA 2.9x. Técnicamente 🟢 Divergencia alcista RSI, 🟡 MACD convergiendo. Clasificación: seguimiento.",OK,
EL.PA,ESSILORLUXOTTICA,EUROSTOXX,1.0,script-v2.0,1.0,2026-07-28T10:23:52.761071+02:00,73.2,71.9,81.0,64.0,0.0,4.0,77.0,55.0,22.0,685136.0,1.95,2.5,,15.81,47.0,-17.5482,True,44.8,22.6,False,221.5,-24.3,True,False,True,Sin señales de recuperación,pass,seguimiento,pendiente,0.0,desconocido,Pendiente de implementar,ausente,"dividend_maintained (baja): Dividendo actual 2.39% con caída del 48.2% | analyst_upgrade (media): Target 245.83 vs precio 167.65 (+47%), recMean 1.70, recKey buy",fuerte,seguimiento,164.62,167.65,164.62 - 167.65,227.25,275.23,227.25 - 275.23,Pérdida del soporte en 164.62 | ROE negativo durante 2 trimestres consecutivos | Ampliación de capital dilutiva | Recorte de rating a bono basura,18-24,"ESSILORLUXOTTICA está un 48.2% por debajo de su máximo 52s. Fundamentalmente sólida con ROE 6.1%, deuda neta/EBITDA 1.9x. Técnicamente 🟢 Divergencia alcista RSI, 🟡 MACD convergiendo. Clasificación: seguimiento.","ESSILORLUXOTTICA está un 48.2% por debajo de su máximo 52s. Fundamentalmente sólida con ROE 6.1%, deuda neta/EBITDA 1.9x. Técnicamente 🟢 Divergencia alcista RSI, 🟡 MACD convergiendo. Clasificación: seguimiento.",OK,
FMG.AX,FORTESCUE FPO [FMG],ASX,1.0,script-v2.0,1.0,2026-07-28T10:26:01.627375+02:00,73.1,78.1,100.0,59.0,0.0,1.0,58.0,53.0,5.0,5739357.0,0.12,,,7.11,19.2,-0.3847,False,48.4,47.5,False,20.39,-8.3,False,False,True,Sin señales de recuperación,pass,seguimiento,pendiente,0.0,desconocido,Pendiente de implementar,ausente,dividend_maintained (baja): Dividendo actual 6.63% con caída del 20.0%,razonable,seguimiento,17.76,18.7,17.76 - 18.70,19.87,20.41,19.87 - 20.41,Pérdida del soporte en 17.76 | ROE negativo durante 2 trimestres consecutivos | Ampliación de capital dilutiva | Recorte de rating a bono basura,6-12,"FORTESCUE FPO [FMG] está un 20.0% por debajo de su máximo 52s. Fundamentalmente sólida con ROE 18.7%, deuda neta/EBITDA 0.1x. Técnicamente 🔵 RSI recuperándose de sobreventa, 🟢 Divergencia alcista RSI. Clasificación: seguimiento.","FORTESCUE FPO [FMG] está un 20.0% por debajo de su máximo 52s. Fundamentalmente sólida con ROE 18.7%, deuda neta/EBITDA 0.1x. Técnicamente 🔵 RSI recuperándose de sobreventa, 🟢 Divergencia alcista RSI. Clasificación: seguimiento.",OK,
BMW.DE,BAYERISCHE MOTOREN WERKE AG   S,EUROSTOXX,1.0,script-v2.0,1.0,2026-07-28T10:23:31.423032+02:00,72.7,73.5,57.0,88.0,0.0,7.0,70.0,48.0,22.0,1573746.0,6.56,31.2,-2.4,9.09,35.9,-5.8208,True,82.4,32.5,False,76.49,-22.5,True,False,True,,pass,seguimiento,pendiente,0.0,desconocido,Pendiente de implementar,parcial,"margin_stabilization (media): Margen gross 14.7% vs 14.7% (+0.0 pp) | dividend_maintained (baja): Dividendo actual 7.42% con caída del 39.4% | analyst_upgrade (media): Target 73.82 vs precio 59.30 (+24%), recMean 2.45, recKey buy",fuerte,seguimiento,58.76,59.3,58.76 - 59.30,76.55,83.23,76.55 - 83.23,Pérdida del soporte en 58.76 | ROE negativo durante 2 trimestres consecutivos | Ampliación de capital dilutiva | Recorte de rating a bono basura,12-18,"BAYERISCHE MOTOREN WERKE AG   S está un 39.4% por debajo de su máximo 52s. Fundamentalmente sólida con ROE 7.1%, deuda neta/EBITDA 6.6x. Técnicamente 🟢 Divergencia alcista RSI, 🟢 Cerca de soporte. Clasificación: seguimiento.","BAYERISCHE MOTOREN WERKE AG   S está un 39.4% por debajo de su máximo 52s. Fundamentalmente sólida con ROE 7.1%, deuda neta/EBITDA 6.6x. Técnicamente 🟢 Divergencia alcista RSI, 🟢 Cerca de soporte. Clasificación: seguimiento.",OK,
DG.PA,VINCI,EUROSTOXX,1.0,script-v2.0,1.0,2026-07-28T10:23:50.741453+02:00,72.2,73.9,91.0,59.0,0.0,7.0,67.0,50.0,17.0,871436.0,1.8,3.6,,7.38,14.6,-0.6143,False,30.3,17.4,False,122.78,-3.3,True,False,True,,pass,seguimiento,pendiente,0.0,desconocido,Pendiente de implementar,parcial,"eps_stabilization (media): EPS 8.65 vs 8.43 (annual_eps_fallback) | dividend_maintained (baja): Dividendo actual 4.21% con caída del 17.0% | analyst_upgrade (media): Target 142.90 vs precio 118.75 (+20%), recMean 2.05, recKey buy",razonable,seguimiento,112.81,118.75,112.81 - 118.75,121.68,122.53,121.68 - 122.53,Pérdida del soporte en 112.81 | ROE negativo durante 2 trimestres consecutivos | Ampliación de capital dilutiva | Recorte de rating a bono basura,6-12,"VINCI está un 17.0% por debajo de su máximo 52s. Fundamentalmente sólida con ROE 15.4%, deuda neta/EBITDA 1.8x. Técnicamente 🔵 RSI recuperándose de sobreventa, 🟡 MACD convergiendo. Clasificación: seguimiento.","VINCI está un 17.0% por debajo de su máximo 52s. Fundamentalmente sólida con ROE 15.4%, deuda neta/EBITDA 1.8x. Técnicamente 🔵 RSI recuperándose de sobreventa, 🟡 MACD convergiendo. Clasificación: seguimiento.",OK,
6758.T,SONY GROUP CORPORATION,ASIA,1.0,script-v2.0,1.0,2026-07-28T10:26:21.832447+02:00,72.0,73.3,92.0,57.0,0.0,10.0,68.0,35.0,33.0,22118691.0,-0.27,0.8,0.3,10.67,23.0,-51.0035,True,99.4,80.6,False,3634.25,0.8,True,True,True,,pass,seguimiento,pendiente,0.0,desconocido,Pendiente de implementar,parcial,"margin_stabilization (media): Margen gross 30.8% vs 28.4% (+2.3 pp) | eps_stabilization (media): EPS 13.89 vs -169.03 (Diluted EPS) | dividend_maintained (baja): Dividendo actual 0.96% con caída del 23.3% | analyst_upgrade (media): Target 4686.82 vs precio 3662.00 (+28%), recMean 1.39, recKey strong_buy",razonable,seguimiento,3233.06,3417.36,3233.06 - 3417.36,3702.8,4059.6,3702.80 - 4059.60,Pérdida del soporte en 3233.06 | ROE negativo durante 2 trimestres consecutivos | Ampliación de capital dilutiva | Recorte de rating a bono basura,6-12,"SONY GROUP CORPORATION está un 23.3% por debajo de su máximo 52s. Fundamentalmente sólida con ROE 12.3%, deuda neta/EBITDA -0.3x. Técnicamente 🟢 Divergencia alcista RSI, 🟢 MACD semanal girando al alza. Clasificación: seguimiento.","SONY GROUP CORPORATION está un 23.3% por debajo de su máximo 52s. Fundamentalmente sólida con ROE 12.3%, deuda neta/EBITDA -0.3x. Técnicamente 🟢 Divergencia alcista RSI, 🟢 MACD semanal girando al alza. Clasificación: seguimiento.",OK,
MGR.AX,MIRVAC GRP STAPLED [MGR],ASX,1.0,script-v2.0,1.0,2026-07-28T10:26:10.000368+02:00,71.7,68.6,67.0,70.0,0.0,4.0,81.0,48.0,33.0,12371344.0,5.24,,,14.3,25.0,-0.0462,True,85.4,62.8,False,1.84,-4.5,True,True,True,Sin señales de recuperación,pass,seguimiento,pendiente,0.0,desconocido,Pendiente de implementar,ausente,eps_stabilization (media): EPS 0.02 vs -0.20 (annual_eps_fallback) | dividend_maintained (baja): Dividendo actual 5.70% con caída del 28.7%,fuerte,seguimiento,1.65,1.69,1.65 - 1.69,1.87,2.09,1.87 - 2.09,Pérdida del soporte en 1.65 | ROE negativo durante 2 trimestres consecutivos | Ampliación de capital dilutiva | Recorte de rating a bono basura,12-18,"MIRVAC GRP STAPLED [MGR] está un 28.7% por debajo de su máximo 52s. Fundamentalmente sólida con ROE 4.2%, deuda neta/EBITDA 5.2x. Técnicamente 🟢 Cruce alcista MACD, 🟢 Bajo SMA200 con SMA50 girando. Clasificación: seguimiento.","MIRVAC GRP STAPLED [MGR] está un 28.7% por debajo de su máximo 52s. Fundamentalmente sólida con ROE 4.2%, deuda neta/EBITDA 5.2x. Técnicamente 🟢 Cruce alcista MACD, 🟢 Bajo SMA200 con SMA50 girando. Clasificación: seguimiento.",OK,
RIO.L,RIO TINTO PLC ORD 10P,EUROSTOXX,1.0,script-v2.0,1.0,2026-07-28T10:24:39.546565+02:00,71.3,75.8,95.0,59.0,0.0,1.0,58.0,53.0,5.0,2769987.0,0.71,0.5,,6.42,25.6,129.5979,False,50.6,55.0,False,6702.92,1.2,False,False,True,Sin señales de recuperación,pass,seguimiento,pendiente,0.0,desconocido,Pendiente de implementar,ausente,dividend_maintained (baja): Dividendo actual 0.04% con caída del 25.6%,razonable,seguimiento,6209.27,6785.0,6209.27 - 6785.00,6629.76,7749.45,6629.76 - 7749.45,Pérdida del soporte en 6209.27 | ROE negativo durante 2 trimestres consecutivos | Ampliación de capital dilutiva | Recorte de rating a bono basura,12-18,"RIO TINTO PLC ORD 10P está un 25.6% por debajo de su máximo 52s. Fundamentalmente sólida con ROE 16.4%, deuda neta/EBITDA 0.7x. Técnicamente 🔵 RSI recuperándose de sobreventa, 🟢 Cruce alcista MACD. Clasificación: seguimiento.","RIO TINTO PLC ORD 10P está un 25.6% por debajo de su máximo 52s. Fundamentalmente sólida con ROE 16.4%, deuda neta/EBITDA 0.7x. Técnicamente 🔵 RSI recuperándose de sobreventa, 🟢 Cruce alcista MACD. Clasificación: seguimiento.",OK,
T,AT&T Inc.,SP500,1.0,script-v2.0,1.0,2026-07-28T10:24:52.821869+02:00,71.1,75.1,89.0,63.0,0.0,7.0,59.0,44.0,15.0,60619141.0,3.3,5.4,-0.1,7.42,15.1,-0.8049,True,97.5,92.9,False,24.7,-1.1,False,False,True,,pass,seguimiento,pendiente,0.0,desconocido,Pendiente de implementar,parcial,margin_stabilization (media): Margen gross 61.8% vs 60.1% (+1.7 pp) | eps_stabilization (media): EPS 0.66 vs 0.54 (Diluted EPS) | dividend_maintained (baja): Dividendo actual 4.55% con caída del 18.0%,razonable,seguimiento,22.67,23.53,22.67 - 23.53,24.66,25.32,24.66 - 25.32,Pérdida del soporte en 23.53 | ROE negativo durante 2 trimestres consecutivos | Ampliación de capital dilutiva | Recorte de rating a bono basura,6-12,"AT&T Inc. está un 18.0% por debajo de su máximo 52s. Fundamentalmente sólida con ROE 18.3%, deuda neta/EBITDA 3.3x. Técnicamente 🟢 Divergencia alcista RSI, 🟢 Cerca de soporte. Clasificación: seguimiento.","AT&T Inc. está un 18.0% por debajo de su máximo 52s. Fundamentalmente sólida con ROE 18.3%, deuda neta/EBITDA 3.3x. Técnicamente 🟢 Divergencia alcista RSI, 🟢 Cerca de soporte. Clasificación: seguimiento.",OK,
SGO.PA,SAINT GOBAIN,EUROSTOXX,1.0,script-v2.0,1.0,2026-07-28T10:24:00.649807+02:00,70.9,76.9,95.0,61.0,0.0,12.0,53.0,36.0,17.0,1119710.0,1.55,-1.6,,7.07,25.1,-0.9623,False,66.7,31.9,False,78.17,-2.8,True,False,True,,pass,entrada_escalada,pendiente,0.0,desconocido,Pendiente de implementar,confirmada,"eps_stabilization (media): EPS 5.78 vs 5.64 (annual_eps_fallback) | debt_reduction (alta): Deuda 18088.0M vs 18384.0M | dividend_maintained (baja): Dividendo actual 3.03% con caída del 27.4% | analyst_upgrade (media): Target 96.92 vs precio 76.02 (+27%), recMean 1.89, recKey buy",razonable,entrada_escalada,72.18,76.02,72.18 - 76.02,78.65,88.95,78.65 - 88.95,Pérdida del soporte en 72.18 | ROE negativo durante 2 trimestres consecutivos | Ampliación de capital dilutiva | Recorte de rating a bono basura,12-18,"SAINT GOBAIN está un 27.4% por debajo de su máximo 52s. Fundamentalmente sólida con ROE 11.7%, deuda neta/EBITDA 1.6x. Técnicamente 🟡 MACD convergiendo, 🟡 Apoyo en MA40 semanal. Clasificación: entrada_escalada.","SAINT GOBAIN está un 27.4% por debajo de su máximo 52s. Fundamentalmente sólida con ROE 11.7%, deuda neta/EBITDA 1.6x. Técnicamente 🟡 MACD convergiendo, 🟡 Apoyo en MA40 semanal. Clasificación: entrada_escalada.",OK,
4503.T,ASTELLAS PHARMA,ASIA,1.0,script-v2.0,1.0,2026-07-28T10:26:19.206809+02:00,70.7,79.2,100.0,61.0,0.0,9.0,45.0,28.0,17.0,6879383.0,0.62,-19.1,,6.87,17.8,0.2286,False,93.3,79.6,False,2213.2,0.9,True,False,True,,pass,seguimiento,pendiente,0.0,desconocido,Pendiente de implementar,parcial,eps_stabilization (media): EPS 162.22 vs 28.24 (annual_eps_fallback) | debt_reduction (alta): Deuda 672353.0M vs 831426.0M | dividend_maintained (baja): Dividendo actual 3.58% con caída del 17.8%,razonable,seguimiento,2109.82,2172.5,2109.82 - 2172.50,2154.41,2309.45,2154.41 - 2309.45,Pérdida del soporte en 2109.82 | ROE negativo durante 2 trimestres consecutivos | Ampliación de capital dilutiva | Recorte de rating a bono basura,6-12,"ASTELLAS PHARMA está un 17.8% por debajo de su máximo 52s. Fundamentalmente sólida con ROE 17.4%, deuda neta/EBITDA 0.6x. Técnicamente 🟢 Divergencia alcista RSI, 🟡 Apoyo en MA40 semanal. Clasificación: seguimiento.","ASTELLAS PHARMA está un 17.8% por debajo de su máximo 52s. Fundamentalmente sólida con ROE 17.4%, deuda neta/EBITDA 0.6x. Técnicamente 🟢 Divergencia alcista RSI, 🟡 Apoyo en MA40 semanal. Clasificación: seguimiento.",OK,
9022.T,CENTRAL JAPAN RAILWAY CO,ASIA,1.0,script-v2.0,1.0,2026-07-28T10:26:27.715819+02:00,70.5,76.7,90.0,65.0,0.0,9.0,52.0,37.0,15.0,3312845.0,3.8,-0.0,,7.58,15.0,-87.4842,True,99.0,96.9,False,4034.62,1.4,False,False,True,,pass,seguimiento,pendiente,0.0,desconocido,Pendiente de implementar,parcial,eps_stabilization (media): EPS 570.84 vs 465.88 (annual_eps_fallback) | debt_reduction (alta): Deuda 4308083.9M vs 4308098.0M | dividend_maintained (baja): Dividendo actual 0.78% con caída del 15.3%,razonable,seguimiento,3529.62,4088.22,3529.62 - 4088.22,4060.26,4105.5,4060.26 - 4105.50,Pérdida del soporte en 4088.22 | ROE negativo durante 2 trimestres consecutivos | Ampliación de capital dilutiva | Recorte de rating a bono basura,6-12,"CENTRAL JAPAN RAILWAY CO está un 15.3% por debajo de su máximo 52s. Fundamentalmente sólida con ROE 11.5%, deuda neta/EBITDA 3.8x. Técnicamente 🟢 Divergencia alcista RSI, 🟢 Cerca de soporte. Clasificación: seguimiento.","CENTRAL JAPAN RAILWAY CO está un 15.3% por debajo de su máximo 52s. Fundamentalmente sólida con ROE 11.5%, deuda neta/EBITDA 3.8x. Técnicamente 🟢 Divergencia alcista RSI, 🟢 Cerca de soporte. Clasificación: seguimiento.",OK,
MC.PA,LVMH,EUROSTOXX,1.0,script-v2.0,1.0,2026-07-28T10:23:55.199898+02:00,69.5,74.9,100.0,53.0,0.0,9.0,53.0,41.0,12.0,571223.0,1.13,-7.2,,12.46,37.2,-12.1677,False,20.4,14.6,False,527.12,-12.6,True,False,True,,pass,seguimiento,pendiente,0.0,desconocido,Pendiente de implementar,parcial,"debt_reduction (alta): Deuda 36779.0M vs 39640.0M | dividend_maintained (baja): Dividendo actual 2.82% con caída del 29.7% | analyst_upgrade (media): Target 576.93 vs precio 460.45 (+25%), recMean 1.88, recKey buy",razonable,seguimiento,437.43,460.45,437.43 - 460.45,531.09,556.5,531.09 - 556.50,Pérdida del soporte en 437.43 | ROE negativo durante 2 trimestres consecutivos | Ampliación de capital dilutiva | Recorte de rating a bono basura,12-18,"LVMH está un 29.7% por debajo de su máximo 52s. Fundamentalmente sólida con ROE 16.2%, deuda neta/EBITDA 1.1x. Técnicamente 🟢 Bajo SMA200 con SMA50 girando, 🟢 base_pattern_detected. Clasificación: seguimiento.","LVMH está un 29.7% por debajo de su máximo 52s. Fundamentalmente sólida con ROE 16.2%, deuda neta/EBITDA 1.1x. Técnicamente 🟢 Bajo SMA200 con SMA50 girando, 🟢 base_pattern_detected. Clasificación: seguimiento.",OK,
PEP,"Pepsico, Inc.",SP500,1.0,script-v2.0,1.0,2026-07-28T10:24:49.110347+02:00,69.2,65.2,78.0,54.0,0.0,4.0,81.0,64.0,17.0,8436077.0,2.25,0.9,0.1,12.37,16.9,-2.9884,False,49.4,25.5,False,147.64,-5.3,True,False,True,Sin señales de recuperación,pass,seguimiento,pendiente,0.0,desconocido,Pendiente de implementar,ausente,eps_stabilization (media): EPS 2.18 vs 1.70 (Diluted EPS) | dividend_maintained (baja): Dividendo actual 4.23% con caída del 18.5%,fuerte,seguimiento,134.39,139.79,134.39 - 139.79,145.76,147.56,145.76 - 147.56,Pérdida del soporte en 134.39 | ROE negativo durante 2 trimestres consecutivos | Ampliación de capital dilutiva | Recorte de rating a bono basura,6-12,"Pepsico, Inc. está un 18.5% por debajo de su máximo 52s. Fundamentalmente sólida con ROE 51.5%, deuda neta/EBITDA 2.2x. Técnicamente 🟢 Divergencia alcista RSI, 🟢 Cruce alcista MACD. Clasificación: seguimiento.","Pepsico, Inc. está un 18.5% por debajo de su máximo 52s. Fundamentalmente sólida con ROE 51.5%, deuda neta/EBITDA 2.2x. Técnicamente 🟢 Divergencia alcista RSI, 🟢 Cruce alcista MACD. Clasificación: seguimiento.",OK,
GIS,"General Mills, Inc.",SP500,1.0,script-v2.0,1.0,2026-07-28T10:25:43.183038+02:00,68.8,65.1,64.0,66.0,0.0,9.0,80.0,57.0,23.0,10546011.0,-0.12,-100.0,0.1,6.51,46.6,-1.3697,False,36.9,25.2,False,39.49,-7.3,True,True,True,,pass,seguimiento,pendiente,0.0,desconocido,Pendiente de implementar,parcial,margin_stabilization (media): Margen gross 34.8% vs 30.8% (+4.0 pp) | debt_reduction (alta): Deuda 0.0M vs 13967.7M | dividend_maintained (baja): Dividendo actual 6.66% con caída del 28.7%,fuerte,seguimiento,33.52,34.48,33.52 - 34.48,39.88,43.63,39.88 - 43.63,Pérdida del soporte en 33.52 | ROE negativo durante 2 trimestres consecutivos | Ampliación de capital dilutiva | Recorte de rating a bono basura,12-18,"General Mills, Inc. está un 28.7% por debajo de su máximo 52s. Fundamentalmente sólida con ROE -1.0%, deuda neta/EBITDA -0.1x. Técnicamente 🟢 Divergencia alcista RSI, 🟡 MACD convergiendo. Clasificación: seguimiento.","General Mills, Inc. está un 28.7% por debajo de su máximo 52s. Fundamentalmente sólida con ROE -1.0%, deuda neta/EBITDA -0.1x. Técnicamente 🟢 Divergencia alcista RSI, 🟡 MACD convergiendo. Clasificación: seguimiento.",OK,
AZN.L,ASTRAZENECA PLC ORD SHS $0.25,EUROSTOXX,1.0,script-v2.0,1.0,2026-07-28T10:24:36.111944+02:00,68.7,63.3,91.0,39.0,0.0,10.0,85.0,68.0,17.0,2306208.0,1.32,14.9,-0.2,11.12,19.2,-219.3783,False,63.7,61.5,False,13879.66,-8.4,True,False,True,,pass,seguimiento,pendiente,0.0,desconocido,Pendiente de implementar,parcial,"margin_stabilization (media): Margen gross 82.5% vs 79.9% (+2.6 pp) | eps_stabilization (media): EPS 1.97 vs 1.49 (Diluted EPS) | dividend_maintained (baja): Dividendo actual 0.02% con caída del 19.2% | analyst_upgrade (media): Target 15945.91 vs precio 12711.05 (+25%), recMean 1.83, recKey buy",fuerte,seguimiento,12461.33,12711.05,12461.33 - 12711.05,13372.2,13812.94,13372.20 - 13812.94,Pérdida del soporte en 12461.33 | ROE negativo durante 2 trimestres consecutivos | Ampliación de capital dilutiva | Recorte de rating a bono basura,6-12,"ASTRAZENECA PLC ORD SHS $0.25 está un 19.2% por debajo de su máximo 52s. Fundamentalmente sólida con ROE 23.5%, deuda neta/EBITDA 1.3x. Técnicamente 🔵 RSI recuperándose de sobreventa, 🟢 Divergencia alcista RSI. Clasificación: seguimiento.","ASTRAZENECA PLC ORD SHS $0.25 está un 19.2% por debajo de su máximo 52s. Fundamentalmente sólida con ROE 23.5%, deuda neta/EBITDA 1.3x. Técnicamente 🔵 RSI recuperándose de sobreventa, 🟢 Divergencia alcista RSI. Clasificación: seguimiento.",OK,
7203.T,TOYOTA MOTOR CORP,ASIA,1.0,script-v2.0,1.0,2026-07-28T10:26:13.314631+02:00,68.7,70.9,73.0,69.0,0.0,4.0,62.0,35.0,27.0,28030995.0,5.35,4.2,0.0,12.44,23.7,-90.3693,True,96.8,81.5,False,3186.83,-5.6,True,False,True,Sin señales de recuperación,pass,seguimiento,pendiente,0.0,desconocido,Pendiente de implementar,ausente,"dividend_maintained (baja): Dividendo actual 3.32% con caída del 24.8% | analyst_upgrade (media): Target 3626.00 vs precio 3008.00 (+21%), recMean 1.68, recKey buy",razonable,seguimiento,2801.43,2866.26,2801.43 - 2866.26,3157.37,3400.0,3157.37 - 3400.00,Pérdida del soporte en 2801.43 | ROE negativo durante 2 trimestres consecutivos | Ampliación de capital dilutiva | Recorte de rating a bono basura,6-12,"TOYOTA MOTOR CORP está un 24.8% por debajo de su máximo 52s. Fundamentalmente sólida con ROE 10.2%, deuda neta/EBITDA 5.3x. Técnicamente 🟢 Divergencia alcista RSI, 🟢 MACD semanal girando al alza. Clasificación: seguimiento.","TOYOTA MOTOR CORP está un 24.8% por debajo de su máximo 52s. Fundamentalmente sólida con ROE 10.2%, deuda neta/EBITDA 5.3x. Técnicamente 🟢 Divergencia alcista RSI, 🟢 MACD semanal girando al alza. Clasificación: seguimiento.",OK,
MSFT,Microsoft Corporation,SP500,1.0,script-v2.0,1.0,2026-07-28T10:25:47.476900+02:00,68.3,69.1,91.0,50.0,0.0,7.0,66.0,39.0,27.0,39045725.0,0.26,117.7,-0.0,15.93,29.4,-13.085,True,48.3,33.0,False,425.82,-8.6,True,False,True,,pass,seguimiento,pendiente,0.0,desconocido,Pendiente de implementar,parcial,"margin_stabilization (media): Margen gross 67.6% vs 68.0% (-0.4 pp) | dividend_maintained (baja): Dividendo actual 0.94% con caída del 29.9% | analyst_upgrade (media): Target 556.75 vs precio 389.10 (+43%), recMean 1.33, recKey strong_buy",razonable,seguimiento,352.36,389.1,352.36 - 389.10,434.05,472.13,434.05 - 472.13,Pérdida del soporte en 352.36 | ROE negativo durante 2 trimestres consecutivos | Ampliación de capital dilutiva | Recorte de rating a bono basura,12-18,"Microsoft Corporation está un 29.9% por debajo de su máximo 52s. Fundamentalmente sólida con ROE 34.0%, deuda neta/EBITDA 0.3x. Técnicamente 🟢 Divergencia alcista RSI, 🟢 MACD semanal girando al alza. Clasificación: seguimiento.","Microsoft Corporation está un 29.9% por debajo de su máximo 52s. Fundamentalmente sólida con ROE 34.0%, deuda neta/EBITDA 0.3x. Técnicamente 🟢 Divergencia alcista RSI, 🟢 MACD semanal girando al alza. Clasificación: seguimiento.",OK,
MCD,McDonald's Corporation,SP500,1.0,script-v2.0,1.0,2026-07-28T10:25:04.746797+02:00,68.2,62.3,74.0,52.0,0.0,1.0,86.0,59.0,27.0,4526643.0,3.61,0.1,0.0,16.55,19.8,-9.4822,True,47.0,22.9,False,297.7,-9.1,True,False,True,Sin señales de recuperación,pass,seguimiento,pendiente,0.0,desconocido,Pendiente de implementar,ausente,dividend_maintained (baja): Dividendo actual 2.75% con caída del 20.8%,fuerte,seguimiento,267.6,270.67,267.60 - 270.67,290.49,298.15,290.49 - 298.15,Pérdida del soporte en 267.60 | ROE negativo durante 2 trimestres consecutivos | Ampliación de capital dilutiva | Recorte de rating a bono basura,6-12,"McDonald's Corporation está un 20.8% por debajo de su máximo 52s. Fundamentalmente sólida con deuda neta/EBITDA 3.6x, dividendo 2.8%. Técnicamente 🟢 Divergencia alcista RSI, 🟡 MACD convergiendo. Clasificación: seguimiento.","McDonald's Corporation está un 20.8% por debajo de su máximo 52s. Fundamentalmente sólida con deuda neta/EBITDA 3.6x, dividendo 2.8%. Técnicamente 🟢 Divergencia alcista RSI, 🟡 MACD convergiendo. Clasificación: seguimiento.",OK,
ORG.AX,ORIGIN ENE FPO [ORG],ASX,1.0,script-v2.0,1.0,2026-07-28T10:26:07.539631+02:00,68.2,65.9,83.0,51.0,0.0,4.0,75.0,48.0,27.0,4120436.0,3.01,,,16.82,17.1,-0.2966,True,76.9,77.8,False,11.4,-6.6,True,False,True,Sin señales de recuperación,pass,seguimiento,pendiente,0.0,desconocido,Pendiente de implementar,ausente,eps_stabilization (media): EPS 0.86 vs 0.81 (annual_eps_fallback) | dividend_maintained (baja): Dividendo actual 5.64% con caída del 19.0%,fuerte,seguimiento,10.47,10.64,10.47 - 10.64,11.16,11.43,11.16 - 11.43,Pérdida del soporte en 10.47 | ROE negativo durante 2 trimestres consecutivos | Ampliación de capital dilutiva | Recorte de rating a bono basura,6-12,"ORIGIN ENE FPO [ORG] está un 19.0% por debajo de su máximo 52s. Fundamentalmente sólida con ROE 10.2%, deuda neta/EBITDA 3.0x. Técnicamente 🟢 Divergencia alcista RSI, 🟢 Cerca de soporte. Clasificación: seguimiento.","ORIGIN ENE FPO [ORG] está un 19.0% por debajo de su máximo 52s. Fundamentalmente sólida con ROE 10.2%, deuda neta/EBITDA 3.0x. Técnicamente 🟢 Divergencia alcista RSI, 🟢 Cerca de soporte. Clasificación: seguimiento.",OK,
1299.HK,AIA,ASIA,1.0,script-v2.0,1.0,2026-07-28T10:26:39.608750+02:00,68.0,67.0,91.0,46.0,0.0,7.0,71.0,44.0,27.0,35771842.0,1.18,43.7,,83.02,14.0,-1.1779,True,89.5,90.4,False,80.25,-2.9,True,False,True,,pass,seguimiento,pendiente,0.0,desconocido,Pendiente de implementar,parcial,"eps_stabilization (media): EPS 0.62 vs 0.33 (annual_eps_fallback) | dividend_maintained (baja): Dividendo actual 2.48% con caída del 15.5% | analyst_upgrade (media): Target 104.22 vs precio 77.90 (+34%), recMean 1.30, recKey strong_buy",fuerte,seguimiento,74.4,76.64,74.40 - 76.64,78.33,79.67,78.33 - 79.67,Pérdida del soporte en 74.40 | ROE negativo durante 2 trimestres consecutivos | Ampliación de capital dilutiva | Recorte de rating a bono basura,6-12,"AIA está un 15.5% por debajo de su máximo 52s. Fundamentalmente sólida con ROE 14.8%, deuda neta/EBITDA 1.2x. Técnicamente 🟢 Divergencia alcista RSI, 🟢 Cerca de soporte. Clasificación: seguimiento.","AIA está un 15.5% por debajo de su máximo 52s. Fundamentalmente sólida con ROE 14.8%, deuda neta/EBITDA 1.2x. Técnicamente 🟢 Divergencia alcista RSI, 🟢 Cerca de soporte. Clasificación: seguimiento.",OK,
DTE.DE,DEUTSCHE TELEKOM AG           N,EUROSTOXX,1.0,script-v2.0,1.0,2026-07-28T10:23:34.394412+02:00,66.9,65.5,73.0,59.0,0.0,10.0,71.0,44.0,27.0,7178961.0,3.34,6.1,-16.5,7.14,19.1,-0.6626,True,93.6,64.7,False,28.08,-2.6,True,False,True,,pass,seguimiento,pendiente,0.0,desconocido,Pendiente de implementar,parcial,"margin_stabilization (media): Margen gross 62.1% vs 56.8% (+5.2 pp) | eps_stabilization (media): EPS 0.42 vs 0.36 (Diluted EPS) | dividend_maintained (baja): Dividendo actual 3.66% con caída del 20.4% | analyst_upgrade (media): Target 37.52 vs precio 27.35 (+37%), recMean 1.35, recKey strong_buy",fuerte,seguimiento,27.05,27.15,27.05 - 27.15,28.09,29.21,28.09 - 29.21,Pérdida del soporte en 27.05 | ROE negativo durante 2 trimestres consecutivos | Ampliación de capital dilutiva | Recorte de rating a bono basura,6-12,"DEUTSCHE TELEKOM AG           N está un 20.4% por debajo de su máximo 52s. Fundamentalmente sólida con ROE 14.4%, deuda neta/EBITDA 3.3x. Técnicamente 🟢 Divergencia alcista RSI, 🟢 Cerca de soporte. Clasificación: seguimiento.","DEUTSCHE TELEKOM AG           N está un 20.4% por debajo de su máximo 52s. Fundamentalmente sólida con ROE 14.4%, deuda neta/EBITDA 3.3x. Técnicamente 🟢 Divergencia alcista RSI, 🟢 Cerca de soporte. Clasificación: seguimiento.",OK,
FRE.DE,Fresenius SE & Co. KGaA       I,EUROSTOXX,1.0,script-v2.0,1.0,2026-07-28T10:23:34.813182+02:00,66.8,68.4,78.0,60.0,0.0,15.0,62.0,41.0,21.0,1305160.0,3.25,-0.2,-0.2,11.69,14.3,-0.4631,True,93.1,83.6,False,44.0,0.4,False,True,True,,pass,entrada_escalada,pendiente,0.0,desconocido,Pendiente de implementar,confirmada,"margin_stabilization (media): Margen gross 26.4% vs 24.8% (+1.6 pp) | eps_stabilization (media): EPS 0.77 vs 0.58 (Diluted EPS) | debt_reduction (alta): Deuda 11905.0M vs 11933.0M | dividend_maintained (baja): Dividendo actual 2.38% con caída del 16.6% | analyst_upgrade (media): Target 54.51 vs precio 44.17 (+23%), recMean 1.50, recKey strong_buy",razonable,entrada_escalada,39.84,41.69,39.84 - 41.69,44.22,45.02,44.22 - 45.02,Pérdida del soporte en 41.69 | ROE negativo durante 2 trimestres consecutivos | Ampliación de capital dilutiva | Recorte de rating a bono basura,6-12,"Fresenius SE & Co. KGaA       I está un 16.6% por debajo de su máximo 52s. Fundamentalmente sólida con ROE 7.8%, deuda neta/EBITDA 3.2x. Técnicamente 🟢 Cruce alcista MACD, 🟢 MACD semanal girando al alza. Clasificación: entrada_escalada.","Fresenius SE & Co. KGaA       I está un 16.6% por debajo de su máximo 52s. Fundamentalmente sólida con ROE 7.8%, deuda neta/EBITDA 3.2x. Técnicamente 🟢 Cruce alcista MACD, 🟢 MACD semanal girando al alza. Clasificación: entrada_escalada.",OK,
BDX,"Becton, Dickinson and Company",SP500,1.0,script-v2.0,1.0,2026-07-28T10:25:01.475480+02:00,66.4,64.9,83.0,49.0,0.0,9.0,71.0,53.0,18.0,2713800.0,2.67,-11.6,0.4,9.79,16.9,0.3143,False,71.7,45.5,False,154.04,3.2,True,True,True,,pass,seguimiento,pendiente,0.0,desconocido,Pendiente de implementar,parcial,margin_stabilization (media): Margen gross 45.7% vs 45.9% (-0.2 pp) | debt_reduction (alta): Deuda 17279.0M vs 19539.0M | dividend_maintained (baja): Dividendo actual 2.64% con caída del 15.2%,fuerte,seguimiento,149.27,151.92,149.27 - 151.92,153.07,159.25,153.07 - 159.25,Pérdida del soporte en 151.92 | ROE negativo durante 2 trimestres consecutivos | Ampliación de capital dilutiva | Recorte de rating a bono basura,6-12,"Becton, Dickinson and Company está un 15.2% por debajo de su máximo 52s. Fundamentalmente sólida con ROE 6.7%, deuda neta/EBITDA 2.7x. Técnicamente 🟢 Divergencia alcista RSI, 🟢 Cruce alcista MACD. Clasificación: seguimiento.","Becton, Dickinson and Company está un 15.2% por debajo de su máximo 52s. Fundamentalmente sólida con ROE 6.7%, deuda neta/EBITDA 2.7x. Técnicamente 🟢 Divergencia alcista RSI, 🟢 Cruce alcista MACD. Clasificación: seguimiento.",OK,
QCOM,QUALCOMM Incorporated,SP500,1.0,script-v2.0,1.0,2026-07-28T10:25:53.181143+02:00,66.2,69.7,99.0,44.0,0.0,7.0,56.0,45.0,11.0,22780140.0,0.42,3.1,-0.0,14.21,34.3,5.7319,False,16.8,14.7,True,169.15,0.5,False,False,True,,pass,seguimiento,pendiente,0.0,desconocido,Pendiente de implementar,parcial,"eps_stabilization (media): EPS 6.88 vs 2.78 (Diluted EPS) | dividend_maintained (baja): Dividendo actual 2.16% con caída del 34.6% | analyst_upgrade (media): Target 221.23 vs precio 170.04 (+30%), recMean 2.56, recKey hold",razonable,seguimiento,164.48,170.04,164.48 - 170.04,167.97,220.93,167.97 - 220.93,Pérdida del soporte en 164.48 | ROE negativo durante 2 trimestres consecutivos | Ampliación de capital dilutiva | Recorte de rating a bono basura,12-18,"QUALCOMM Incorporated está un 34.6% por debajo de su máximo 52s. Fundamentalmente sólida con ROE 36.1%, deuda neta/EBITDA 0.4x. Técnicamente 🟡 MACD convergiendo, 🟢 Cerca de soporte. Clasificación: seguimiento.","QUALCOMM Incorporated está un 34.6% por debajo de su máximo 52s. Fundamentalmente sólida con ROE 36.1%, deuda neta/EBITDA 0.4x. Técnicamente 🟡 MACD convergiendo, 🟢 Cerca de soporte. Clasificación: seguimiento.",OK,
GILD,"Gilead Sciences, Inc.",SP500,1.0,script-v2.0,1.0,2026-07-28T10:25:30.070766+02:00,66.0,70.7,100.0,45.0,0.0,12.0,52.0,35.0,17.0,7508422.0,0.84,-11.1,0.0,11.83,16.0,0.1623,False,22.4,24.9,False,131.09,-0.4,True,False,True,,pass,entrada_escalada,pendiente,0.0,desconocido,Pendiente de implementar,confirmada,"margin_stabilization (media): Margen gross 79.2% vs 79.5% (-0.3 pp) | debt_reduction (alta): Deuda 22174.0M vs 24936.0M | dividend_maintained (baja): Dividendo actual 2.51% con caída del 17.0% | analyst_upgrade (media): Target 157.52 vs precio 130.52 (+21%), recMean 1.69, recKey buy",razonable,entrada_escalada,125.47,129.3,125.47 - 129.30,130.09,133.7,130.09 - 133.70,Pérdida del soporte en 125.47 | ROE negativo durante 2 trimestres consecutivos | Ampliación de capital dilutiva | Recorte de rating a bono basura,6-12,"Gilead Sciences, Inc. está un 17.0% por debajo de su máximo 52s. Fundamentalmente sólida con ROE 43.4%, deuda neta/EBITDA 0.8x. Técnicamente 🟢 Divergencia alcista RSI, 🟢 Cerca de soporte. Clasificación: entrada_escalada.","Gilead Sciences, Inc. está un 17.0% por debajo de su máximo 52s. Fundamentalmente sólida con ROE 43.4%, deuda neta/EBITDA 0.8x. Técnicamente 🟢 Divergencia alcista RSI, 🟢 Cerca de soporte. Clasificación: entrada_escalada.",OK,
BEI.DE,BEIERSDORF AG                 I,EUROSTOXX,1.0,script-v2.0,1.0,2026-07-28T10:23:44.299837+02:00,65.6,65.8,69.0,63.0,0.0,4.0,65.0,32.0,33.0,426286.0,-1.47,90.4,,9.29,40.2,-2.7021,True,85.4,52.8,False,83.79,-3.8,True,True,True,Sin señales de recuperación,pass,seguimiento,pendiente,0.0,desconocido,Pendiente de implementar,ausente,eps_stabilization (media): EPS 4.05 vs 3.24 (annual_eps_fallback) | dividend_maintained (baja): Dividendo actual 1.24% con caída del 28.6%,razonable,seguimiento,72.54,73.9,72.54 - 73.90,84.2,95.92,84.20 - 95.92,Pérdida del soporte en 72.54 | ROE negativo durante 2 trimestres consecutivos | Ampliación de capital dilutiva | Recorte de rating a bono basura,12-18,"BEIERSDORF AG                 I está un 28.6% por debajo de su máximo 52s. Fundamentalmente sólida con ROE 11.2%, deuda neta/EBITDA -1.5x. Técnicamente 🟡 MACD convergiendo, 🟢 MACD semanal girando al alza. Clasificación: seguimiento.","BEIERSDORF AG                 I está un 28.6% por debajo de su máximo 52s. Fundamentalmente sólida con ROE 11.2%, deuda neta/EBITDA -1.5x. Técnicamente 🟡 MACD convergiendo, 🟢 MACD semanal girando al alza. Clasificación: seguimiento.",OK,
IBM,International Business Machines,SP500,1.0,script-v2.0,1.0,2026-07-28T10:25:19.014179+02:00,65.6,66.8,94.0,43.0,0.0,12.0,62.0,50.0,12.0,10993327.0,3.47,-6.5,0.1,15.84,34.9,-7.3792,False,16.3,12.1,False,267.57,-19.2,True,False,True,,pass,entrada_escalada,pendiente,0.0,desconocido,Pendiente de implementar,confirmada,margin_stabilization (media): Margen gross 57.7% vs 56.2% (+1.5 pp) | eps_stabilization (media): EPS 2.27 vs 1.28 (Diluted EPS) | debt_reduction (alta): Deuda 65272.0M vs 69802.0M | dividend_maintained (baja): Dividendo actual 3.13% con caída del 34.9%,razonable,entrada_escalada,201.82,216.28,201.82 - 216.28,269.28,282.59,269.28 - 282.59,Pérdida del soporte en 201.82 | ROE negativo durante 2 trimestres consecutivos | Ampliación de capital dilutiva | Recorte de rating a bono basura,12-18,"International Business Machines está un 34.9% por debajo de su máximo 52s. Fundamentalmente sólida con ROE 34.5%, deuda neta/EBITDA 3.5x. Técnicamente 🔵 RSI recuperándose de sobreventa, 🟡 MACD convergiendo. Clasificación: entrada_escalada.","International Business Machines está un 34.9% por debajo de su máximo 52s. Fundamentalmente sólida con ROE 34.5%, deuda neta/EBITDA 3.5x. Técnicamente 🔵 RSI recuperándose de sobreventa, 🟡 MACD convergiendo. Clasificación: entrada_escalada.",OK,
VOW3.DE,VOLKSWAGEN AG                 V,EUROSTOXX,1.0,script-v2.0,1.0,2026-07-28T10:23:38.023026+02:00,65.2,62.2,51.0,72.0,0.0,10.0,74.0,62.0,12.0,1010022.0,11.1,43.9,-2.5,13.71,29.0,-4.3973,False,54.1,36.8,False,86.82,-16.3,True,False,True,,pass,seguimiento,pendiente,0.0,desconocido,Pendiente de implementar,parcial,"margin_stabilization (media): Margen gross 15.1% vs 15.5% (-0.4 pp) | eps_stabilization (media): EPS 2.56 vs 2.55 (Diluted EPS) | dividend_maintained (baja): Dividendo actual 7.24% con caída del 33.4% | analyst_upgrade (media): Target 106.17 vs precio 72.70 (+46%), recMean 2.10, recKey buy",fuerte,seguimiento,69.77,72.7,69.77 - 72.70,86.74,92.78,86.74 - 92.78,Pérdida del soporte en 69.77 | ROE negativo durante 2 trimestres consecutivos | Ampliación de capital dilutiva | Recorte de rating a bono basura,12-18,"VOLKSWAGEN AG                 V está un 33.4% por debajo de su máximo 52s. Fundamentalmente sólida con ROE 2.8%, deuda neta/EBITDA 11.1x. Técnicamente 🔵 RSI recuperándose de sobreventa, 🟢 Divergencia alcista RSI. Clasificación: seguimiento.","VOLKSWAGEN AG                 V está un 33.4% por debajo de su máximo 52s. Fundamentalmente sólida con ROE 2.8%, deuda neta/EBITDA 11.1x. Técnicamente 🔵 RSI recuperándose de sobreventa, 🟢 Divergencia alcista RSI. Clasificación: seguimiento.",OK,
7751.T,CANON INC,ASIA,1.0,script-v2.0,1.0,2026-07-28T10:26:23.149093+02:00,64.3,68.1,91.0,48.0,0.0,1.0,53.0,30.0,23.0,4232658.0,0.85,10.3,,7.23,9.6,14.8098,False,41.8,78.6,False,4378.19,2.3,True,True,True,Sin señales de recuperación,pass,seguimiento,pendiente,0.0,desconocido,Pendiente de implementar,ausente,dividend_maintained (baja): Dividendo actual 3.57% con caída del 11.0%,razonable,seguimiento,4170.48,4271.67,4170.48 - 4271.67,4278.05,4372.71,4278.05 - 4372.71,Pérdida del soporte en 4170.48 | ROE negativo durante 2 trimestres consecutivos | Ampliación de capital dilutiva | Recorte de rating a bono basura,6-12,"CANON INC está un 11.0% por debajo de su máximo 52s. Fundamentalmente sólida con ROE 9.4%, deuda neta/EBITDA 0.8x. Técnicamente 🟢 Volumen creciente, 🟡 Apoyo en MA40 semanal. Clasificación: seguimiento.","CANON INC está un 11.0% por debajo de su máximo 52s. Fundamentalmente sólida con ROE 9.4%, deuda neta/EBITDA 0.8x. Técnicamente 🟢 Volumen creciente, 🟡 Apoyo en MA40 semanal. Clasificación: seguimiento.",OK,
LR.PA,LEGRAND,EUROSTOXX,1.0,script-v2.0,1.0,2026-07-28T10:23:55.678762+02:00,63.9,59.9,94.0,30.0,0.0,10.0,76.0,59.0,17.0,591791.0,2.17,0.1,-0.5,18.21,20.4,0.1642,False,2.5,8.1,False,137.3,-4.8,True,False,False,,pass,descarte,pendiente,0.0,desconocido,Pendiente de implementar,parcial,"margin_stabilization (media): Margen gross 50.5% vs 49.2% (+1.3 pp) | eps_stabilization (media): EPS 1.26 vs 1.12 (Diluted EPS) | dividend_maintained (baja): Dividendo actual 1.82% con caída del 21.7% | analyst_upgrade (media): Target 162.68 vs precio 130.75 (+24%), recMean 2.32, recKey buy",fuerte,descarte,130.05,130.75,130.05 - 130.75,138.13,141.91,138.13 - 141.91,Pérdida del soporte en 130.05 | ROE negativo durante 2 trimestres consecutivos | Ampliación de capital dilutiva | Recorte de rating a bono basura,6-12,"LEGRAND está un 21.7% por debajo de su máximo 52s. Fundamentalmente aceptable con ROE 16.9%, deuda neta/EBITDA 2.2x. Técnicamente 🔵 RSI en sobreventa, 🟢 Divergencia alcista RSI. Clasificación: descarte.","LEGRAND está un 21.7% por debajo de su máximo 52s. Fundamentalmente aceptable con ROE 16.9%, deuda neta/EBITDA 2.2x. Técnicamente 🔵 RSI en sobreventa, 🟢 Divergencia alcista RSI. Clasificación: descarte.",OK,
PHIA.AS,KON.PHILIPS N.V.,EUROSTOXX,1.0,script-v2.0,1.0,2026-07-28T10:24:11.018834+02:00,63.9,60.5,76.0,47.0,0.0,7.0,74.0,57.0,17.0,2003323.0,2.63,3.7,-0.0,13.36,24.3,-0.0431,False,4.6,12.7,False,23.25,-8.9,True,False,True,,pass,seguimiento,pendiente,0.0,desconocido,Pendiente de implementar,parcial,"margin_stabilization (media): Margen gross 45.2% vs 44.9% (+0.3 pp) | dividend_maintained (baja): Dividendo actual 4.01% con caída del 23.5% | analyst_upgrade (media): Target 27.95 vs precio 21.18 (+32%), recKey none",fuerte,seguimiento,20.12,21.18,20.12 - 21.18,23.34,23.54,23.34 - 23.54,Pérdida del soporte en 20.12 | ROE negativo durante 2 trimestres consecutivos | Ampliación de capital dilutiva | Recorte de rating a bono basura,6-12,"KON.PHILIPS N.V. está un 23.5% por debajo de su máximo 52s. Fundamentalmente sólida con ROE 8.4%, deuda neta/EBITDA 2.6x. Técnicamente 🔵 RSI en sobreventa, 🟢 Divergencia alcista RSI. Clasificación: seguimiento.","KON.PHILIPS N.V. está un 23.5% por debajo de su máximo 52s. Fundamentalmente sólida con ROE 8.4%, deuda neta/EBITDA 2.6x. Técnicamente 🔵 RSI en sobreventa, 🟢 Divergencia alcista RSI. Clasificación: seguimiento.",OK,
IP,International Paper Company,SP500,1.0,script-v2.0,1.0,2026-07-28T10:25:47.316048+02:00,63.5,62.1,69.0,56.0,0.0,9.0,68.0,50.0,18.0,6427106.0,2.13,-5.4,-0.1,7.73,25.0,0.3136,False,86.5,83.7,False,37.75,12.3,True,True,True,,pass,seguimiento,pendiente,0.0,desconocido,Pendiente de implementar,parcial,eps_stabilization (media): EPS 0.11 vs -4.52 (Diluted EPS) | debt_reduction (alta): Deuda 9759.0M vs 10317.0M | dividend_maintained (baja): Dividendo actual 4.36% con caída del 24.4%,razonable,seguimiento,35.55,40.65,35.55 - 40.65,38.0,47.71,38.00 - 47.71,Pérdida del soporte en 40.65 | ROE negativo durante 2 trimestres consecutivos | Ampliación de capital dilutiva | Recorte de rating a bono basura,6-12,"International Paper Company está un 24.4% por debajo de su máximo 52s. Fundamentalmente sólida con ROE -16.0%, deuda neta/EBITDA 2.1x. Técnicamente 🟢 Cruce alcista MACD, 🟢 Volumen creciente. Clasificación: seguimiento.","International Paper Company está un 24.4% por debajo de su máximo 52s. Fundamentalmente sólida con ROE -16.0%, deuda neta/EBITDA 2.1x. Técnicamente 🟢 Cruce alcista MACD, 🟢 Volumen creciente. Clasificación: seguimiento.",OK,
Z74.SI,Singtel,ASIA,1.0,script-v2.0,1.0,2026-07-28T10:26:47.678258+02:00,63.0,61.9,95.0,33.0,0.0,4.0,66.0,39.0,27.0,37080678.0,2.34,2.5,,23.57,14.0,-0.0526,True,94.7,62.1,False,4.64,-2.4,True,False,True,Sin señales de recuperación,pass,seguimiento,pendiente,0.0,desconocido,Pendiente de implementar,ausente,eps_stabilization (media): EPS 0.34 vs 0.24 (annual_eps_fallback) | dividend_maintained (baja): Dividendo actual 2.87% con caída del 14.0%,razonable,seguimiento,4.3,4.42,4.30 - 4.42,4.48,4.62,4.48 - 4.62,Pérdida del soporte en 4.30 | ROE negativo durante 2 trimestres consecutivos | Ampliación de capital dilutiva | Recorte de rating a bono basura,6-12,"Singtel está un 14.0% por debajo de su máximo 52s. Fundamentalmente sólida con ROE 20.5%, deuda neta/EBITDA 2.3x. Técnicamente 🟢 Divergencia alcista RSI, 🟢 MACD semanal girando al alza. Clasificación: seguimiento.","Singtel está un 14.0% por debajo de su máximo 52s. Fundamentalmente sólida con ROE 20.5%, deuda neta/EBITDA 2.3x. Técnicamente 🟢 Divergencia alcista RSI, 🟢 MACD semanal girando al alza. Clasificación: seguimiento.",OK,
005380.KS,HyundaiMtr,ASIA,1.0,script-v2.0,1.0,2026-07-28T10:26:44.145023+02:00,63.0,62.7,59.0,66.0,0.0,10.0,64.0,64.0,0.0,1593397.0,12.8,7.0,-0.3,20.82,53.5,-2078.8149,False,4.0,12.8,False,463626.42,-21.5,False,False,True,,pass,seguimiento,pendiente,0.0,desconocido,Pendiente de implementar,parcial,"margin_stabilization (media): Margen gross 17.5% vs 16.7% (+0.7 pp) | eps_stabilization (media): EPS 8897.00 vs 8683.00 (Diluted EPS) | dividend_maintained (baja): Dividendo actual 2.75% con caída del 53.5% | analyst_upgrade (media): Target 703617.06 vs precio 364000.00 (+93%), recMean 1.68, recKey buy",razonable,seguimiento,345800.0,364000.0,345800.00 - 364000.00,441543.86,665550.0,441543.86 - 665550.00,Pérdida del soporte en 345800.00 | ROE negativo durante 2 trimestres consecutivos | Ampliación de capital dilutiva | Recorte de rating a bono basura,18-24,"HyundaiMtr está un 53.5% por debajo de su máximo 52s. Fundamentalmente sólida con ROE 7.2%, deuda neta/EBITDA 12.8x. Técnicamente 🔵 RSI en sobreventa, 🟢 Cruce alcista MACD. Clasificación: seguimiento.","HyundaiMtr está un 53.5% por debajo de su máximo 52s. Fundamentalmente sólida con ROE 7.2%, deuda neta/EBITDA 12.8x. Técnicamente 🔵 RSI en sobreventa, 🟢 Cruce alcista MACD. Clasificación: seguimiento.",OK,
ABT,Abbott Laboratories,SP500,1.0,script-v2.0,1.0,2026-07-28T10:24:52.369638+02:00,62.9,58.2,79.0,40.0,0.0,1.0,77.0,44.0,33.0,13297269.0,2.26,146.3,0.5,17.65,23.6,-3.0322,True,92.5,89.4,False,105.83,-1.3,True,True,False,Sin señales de recuperación,pass,descarte,pendiente,0.0,desconocido,Pendiente de implementar,ausente,dividend_maintained (baja): Dividendo actual 2.41% con caída del 24.0%,fuerte,descarte,90.78,99.42,90.78 - 99.42,107.57,116.87,107.57 - 116.87,Pérdida del soporte en 99.42 | ROE negativo durante 2 trimestres consecutivos | Ampliación de capital dilutiva | Recorte de rating a bono basura,6-12,"Abbott Laboratories está un 24.0% por debajo de su máximo 52s. Fundamentalmente aceptable con deuda neta/EBITDA 2.3x, dividendo 2.4%. Técnicamente 🟢 Divergencia alcista RSI, 🟢 Cerca de soporte. Clasificación: descarte.","Abbott Laboratories está un 24.0% por debajo de su máximo 52s. Fundamentalmente aceptable con deuda neta/EBITDA 2.3x, dividendo 2.4%. Técnicamente 🟢 Divergencia alcista RSI, 🟢 Cerca de soporte. Clasificación: descarte.",OK,
MUV2.DE,MUENCHENER RUECKVERS.-GES. AG N,EUROSTOXX,1.0,script-v2.0,1.0,2026-07-28T10:23:37.788477+02:00,62.7,60.3,96.0,29.0,0.0,4.0,70.0,48.0,22.0,356025.0,,1.1,-0.1,,10.3,-0.9903,True,92.6,64.8,False,504.14,3.9,True,False,True,Sin señales de recuperación,pass,seguimiento,pendiente,0.0,desconocido,Pendiente de implementar,ausente,margin_stabilization (media): Margen operating 13.7% vs 11.8% (+1.9 pp) | dividend_maintained (baja): Dividendo actual 4.58% con caída del 14.4%,fuerte,seguimiento,481.06,522.07,481.06 - 522.07,505.21,520.03,505.21 - 520.03,Pérdida del soporte en 522.07 | ROE negativo durante 2 trimestres consecutivos | Ampliación de capital dilutiva | Recorte de rating a bono basura,6-12,"MUENCHENER RUECKVERS.-GES. AG N está un 14.4% por debajo de su máximo 52s. Fundamentalmente sólida con ROE 19.8%, D/E 0.22. Técnicamente 🟢 Divergencia alcista RSI, 🟡 MACD convergiendo. Clasificación: seguimiento.","MUENCHENER RUECKVERS.-GES. AG N está un 14.4% por debajo de su máximo 52s. Fundamentalmente sólida con ROE 19.8%, D/E 0.22. Técnicamente 🟢 Divergencia alcista RSI, 🟡 MACD convergiendo. Clasificación: seguimiento.",OK,
UCB.BR,UCB,EUROSTOXX,1.0,script-v2.0,1.0,2026-07-28T10:24:23.363846+02:00,62.5,56.4,98.0,20.0,0.0,9.0,81.0,64.0,17.0,226219.0,-0.05,-22.0,,17.86,14.7,1.3979,False,62.3,54.8,False,247.83,-1.0,True,False,False,,pass,descarte,pendiente,0.0,desconocido,Pendiente de implementar,parcial,eps_stabilization (media): EPS 8.03 vs 5.48 (annual_eps_fallback) | debt_reduction (alta): Deuda 2245.0M vs 2878.0M | dividend_maintained (baja): Dividendo actual 0.59% con caída del 15.2%,fuerte,descarte,238.84,245.4,238.84 - 245.40,246.07,247.91,246.07 - 247.91,Pérdida del soporte en 238.84 | ROE negativo durante 2 trimestres consecutivos | Ampliación de capital dilutiva | Recorte de rating a bono basura,6-12,"UCB está un 15.2% por debajo de su máximo 52s. Fundamentalmente aceptable con ROE 14.9%, deuda neta/EBITDA -0.1x. Técnicamente 🟢 Divergencia alcista RSI, 🟢 Cruce alcista MACD. Clasificación: descarte.","UCB está un 15.2% por debajo de su máximo 52s. Fundamentalmente aceptable con ROE 14.9%, deuda neta/EBITDA -0.1x. Técnicamente 🟢 Divergencia alcista RSI, 🟢 Cruce alcista MACD. Clasificación: descarte.",OK,
RIO.AX,RIO TINTO FPO [RIO],ASX,1.0,script-v2.0,1.0,2026-07-28T10:25:59.397656+02:00,62.4,63.2,100.0,31.0,0.0,1.0,60.0,55.0,5.0,1299990.0,0.71,0.5,,14.05,18.5,3.7477,False,33.4,43.5,False,157.54,1.3,False,False,True,Sin señales de recuperación,pass,seguimiento,pendiente,0.0,desconocido,Pendiente de implementar,ausente,dividend_maintained (baja): Dividendo actual 3.69% con caída del 18.5%,razonable,seguimiento,154.9,159.53,154.90 - 159.53,156.08,166.46,156.08 - 166.46,Pérdida del soporte en 154.90 | ROE negativo durante 2 trimestres consecutivos | Ampliación de capital dilutiva | Recorte de rating a bono basura,6-12,"RIO TINTO FPO [RIO] está un 18.5% por debajo de su máximo 52s. Fundamentalmente sólida con ROE 16.4%, deuda neta/EBITDA 0.7x. Técnicamente 🟢 Cruce alcista MACD, 🟢 Cerca de soporte. Clasificación: seguimiento.","RIO TINTO FPO [RIO] está un 18.5% por debajo de su máximo 52s. Fundamentalmente sólida con ROE 16.4%, deuda neta/EBITDA 0.7x. Técnicamente 🟢 Cruce alcista MACD, 🟢 Cerca de soporte. Clasificación: seguimiento.",OK,
WMT,Walmart Inc.,SP500,1.0,script-v2.0,1.0,2026-07-28T10:25:15.537261+02:00,62.1,55.8,91.0,25.0,0.0,10.0,81.0,64.0,17.0,22356085.0,1.45,12.6,-0.0,21.43,17.3,-1.5442,False,43.8,27.3,False,118.33,-5.6,True,False,False,,pass,descarte,pendiente,0.0,desconocido,Pendiente de implementar,parcial,"margin_stabilization (media): Margen gross 25.1% vs 24.7% (+0.5 pp) | eps_stabilization (media): EPS 0.67 vs 0.53 (Diluted EPS) | dividend_maintained (baja): Dividendo actual 0.89% con caída del 17.3% | analyst_upgrade (media): Target 138.27 vs precio 111.74 (+24%), recMean 1.53, recKey buy",fuerte,descarte,107.02,111.74,107.02 - 111.74,114.89,117.46,114.89 - 117.46,Pérdida del soporte en 107.02 | ROE negativo durante 2 trimestres consecutivos | Ampliación de capital dilutiva | Recorte de rating a bono basura,6-12,"Walmart Inc. está un 17.3% por debajo de su máximo 52s. Fundamentalmente aceptable con ROE 24.1%, deuda neta/EBITDA 1.4x. Técnicamente 🟢 Divergencia alcista RSI, 🟢 Cruce alcista MACD. Clasificación: descarte.","Walmart Inc. está un 17.3% por debajo de su máximo 52s. Fundamentalmente aceptable con ROE 24.1%, deuda neta/EBITDA 1.4x. Técnicamente 🟢 Divergencia alcista RSI, 🟢 Cruce alcista MACD. Clasificación: descarte.",OK,
VIV.PA,VIVENDI SE,EUROSTOXX,1.0,script-v2.0,1.0,2026-07-28T10:24:03.492561+02:00,61.2,57.9,51.0,64.0,0.0,7.0,71.0,59.0,12.0,2320681.0,9.16,5.8,,-46.1,81.3,-0.0978,False,45.2,30.5,False,2.22,-11.8,True,False,False,,pass,descarte,pendiente,0.0,desconocido,Pendiente de implementar,parcial,"eps_stabilization (media): EPS 0.02 vs -5.96 (annual_eps_fallback) | dividend_maintained (baja): Dividendo actual 2.05% con caída del 44.2% | analyst_upgrade (media): Target 2.53 vs precio 1.96 (+29%), recMean 2.25, recKey buy",fuerte,descarte,1.93,1.96,1.93 - 1.96,2.27,2.98,2.27 - 2.98,Pérdida del soporte en 1.93 | ROE negativo durante 2 trimestres consecutivos | Ampliación de capital dilutiva | Recorte de rating a bono basura,18-24,"VIVENDI SE está un 44.2% por debajo de su máximo 52s. Fundamentalmente aceptable con ROE 0.4%, deuda neta/EBITDA 9.2x. Técnicamente 🔵 RSI recuperándose de sobreventa, 🟡 MACD convergiendo. Clasificación: descarte.","VIVENDI SE está un 44.2% por debajo de su máximo 52s. Fundamentalmente aceptable con ROE 0.4%, deuda neta/EBITDA 9.2x. Técnicamente 🔵 RSI recuperándose de sobreventa, 🟡 MACD convergiendo. Clasificación: descarte.",OK,
000660.KS,SK hynix,ASIA,1.0,script-v2.0,1.0,2026-07-28T10:26:41.732253+02:00,61.1,75.5,100.0,54.0,0.0,15.0,18.0,18.0,0.0,5732596.0,-0.35,-11.8,3.5,13.68,48.1,291579.4438,False,0.0,10.2,False,1226765.12,26.3,False,False,True,Sin suelo técnico identificado,pass,seguimiento,pendiente,0.0,desconocido,Pendiente de implementar,confirmada,"margin_stabilization (media): Margen gross 79.3% vs 68.8% (+10.5 pp) | eps_stabilization (media): EPS 56670.00 vs 17850.00 (Diluted EPS) | debt_reduction (alta): Deuda 21832415.6M vs 24757848.0M | dividend_maintained (baja): Dividendo actual 0.19% con caída del 48.1% | analyst_upgrade (media): Target 3408502.20 vs precio 1550000.00 (+120%), recMean 1.35, recKey strong_buy",sin_suelo,seguimiento,1182802.27,1550000.0,1182802.27 - 1550000.00,1157750.19,2538950.0,1157750.19 - 2538950.00,Pérdida del soporte en 1182802.27 | ROE negativo durante 2 trimestres consecutivos | Ampliación de capital dilutiva | Recorte de rating a bono basura,18-24,"SK hynix está un 48.1% por debajo de su máximo 52s. Fundamentalmente sólida con ROE 61.2%, deuda neta/EBITDA -0.3x. Técnicamente sin suelo técnico identificado. Clasificación: seguimiento.","SK hynix está un 48.1% por debajo de su máximo 52s. Fundamentalmente sólida con ROE 61.2%, deuda neta/EBITDA -0.3x. Técnicamente sin suelo técnico identificado. Clasificación: seguimiento.",OK,
SSE.L,SSE PLC ORD 50P,EUROSTOXX,1.0,script-v2.0,1.0,2026-07-28T10:24:42.673485+02:00,60.9,62.9,89.0,40.0,0.0,6.0,55.0,38.0,17.0,4028472.0,3.17,-2.8,,13.98,15.1,18.3322,False,46.6,62.6,False,2397.74,-2.0,True,False,True,,pass,seguimiento,pendiente,0.0,desconocido,Pendiente de implementar,parcial,debt_reduction (alta): Deuda 10170.4M vs 10467.9M | dividend_maintained (baja): Dividendo actual 0.03% con caída del 15.1%,razonable,seguimiento,2231.55,2349.0,2231.55 - 2349.00,2352.38,2366.65,2352.38 - 2366.65,Pérdida del soporte en 2231.55 | ROE negativo durante 2 trimestres consecutivos | Ampliación de capital dilutiva | Recorte de rating a bono basura,6-12,"SSE PLC ORD 50P está un 15.1% por debajo de su máximo 52s. Fundamentalmente sólida con ROE 9.7%, deuda neta/EBITDA 3.2x. Técnicamente 🟢 Divergencia alcista RSI, 🟡 Apoyo en MA40 semanal. Clasificación: seguimiento.","SSE PLC ORD 50P está un 15.1% por debajo de su máximo 52s. Fundamentalmente sólida con ROE 9.7%, deuda neta/EBITDA 3.2x. Técnicamente 🟢 Divergencia alcista RSI, 🟡 Apoyo en MA40 semanal. Clasificación: seguimiento.",OK,
PFE,"Pfizer, Inc.",SP500,1.0,script-v2.0,1.0,2026-07-28T10:25:26.994636+02:00,60.9,63.2,84.0,45.0,0.0,7.0,54.0,39.0,15.0,41283766.0,2.03,1.2,1.2,7.56,11.2,-0.1812,True,68.8,66.2,False,25.06,-1.6,False,False,True,,pass,seguimiento,pendiente,0.0,desconocido,Pendiente de implementar,parcial,margin_stabilization (media): Margen gross 75.4% vs 70.0% (+5.5 pp) | eps_stabilization (media): EPS 0.47 vs -0.29 (Diluted EPS) | dividend_maintained (baja): Dividendo actual 6.97% con caída del 14.2%,razonable,seguimiento,23.21,24.67,23.21 - 24.67,24.44,24.9,24.44 - 24.90,Pérdida del soporte en 23.21 | ROE negativo durante 2 trimestres consecutivos | Ampliación de capital dilutiva | Recorte de rating a bono basura,6-12,"Pfizer, Inc. está un 14.2% por debajo de su máximo 52s. Fundamentalmente sólida con ROE 8.3%, deuda neta/EBITDA 2.0x. Técnicamente 🟢 Divergencia alcista RSI, 🟢 MACD semanal girando al alza. Clasificación: seguimiento.","Pfizer, Inc. está un 14.2% por debajo de su máximo 52s. Fundamentalmente sólida con ROE 8.3%, deuda neta/EBITDA 2.0x. Técnicamente 🟢 Divergencia alcista RSI, 🟢 MACD semanal girando al alza. Clasificación: seguimiento.",OK,
IMB.L,IMPERIAL BRANDS PLC ORD 10P,EUROSTOXX,1.0,script-v2.0,1.0,2026-07-28T10:24:45.584604+02:00,60.6,60.1,66.0,55.0,0.0,1.0,62.0,35.0,27.0,2514442.0,2.67,12.4,,8.38,20.5,-61.8719,True,90.7,61.9,False,3004.24,-4.0,True,False,True,Sin señales de recuperación,pass,seguimiento,pendiente,0.0,desconocido,Pendiente de implementar,ausente,dividend_maintained (baja): Dividendo actual 0.06% con caída del 20.6%,razonable,seguimiento,2705.27,2776.01,2705.27 - 2776.01,3009.46,3087.23,3009.46 - 3087.23,Pérdida del soporte en 2705.27 | ROE negativo durante 2 trimestres consecutivos | Ampliación de capital dilutiva | Recorte de rating a bono basura,6-12,"IMPERIAL BRANDS PLC ORD 10P está un 20.6% por debajo de su máximo 52s. Fundamentalmente sólida con ROE 37.2%, deuda neta/EBITDA 2.7x. Técnicamente 🟢 Divergencia alcista RSI, 🟢 MACD semanal girando al alza. Clasificación: seguimiento.","IMPERIAL BRANDS PLC ORD 10P está un 20.6% por debajo de su máximo 52s. Fundamentalmente sólida con ROE 37.2%, deuda neta/EBITDA 2.7x. Técnicamente 🟢 Divergencia alcista RSI, 🟢 MACD semanal girando al alza. Clasificación: seguimiento.",OK,
GOOG,Alphabet Inc.,SP500,1.0,script-v2.0,1.0,2026-07-28T10:25:50.333240+02:00,60.5,56.4,74.0,41.0,0.0,7.0,73.0,56.0,17.0,22582480.0,-0.7,33.5,0.0,22.47,19.2,8.8823,False,19.6,10.8,False,328.07,-0.5,True,False,False,,pass,descarte,pendiente,0.0,desconocido,Pendiente de implementar,parcial,"eps_stabilization (media): EPS 9.11 vs 5.11 (Diluted EPS) | dividend_maintained (baja): Dividendo actual 0.27% con caída del 19.3% | analyst_upgrade (media): Target 421.79 vs precio 326.57 (+29%), recMean 1.41, recKey strong_buy",fuerte,descarte,301.26,326.57,301.26 - 326.57,323.26,343.8,323.26 - 343.80,Pérdida del soporte en 301.26 | ROE negativo durante 2 trimestres consecutivos | Ampliación de capital dilutiva | Recorte de rating a bono basura,6-12,"Alphabet Inc. está un 19.3% por debajo de su máximo 52s. Fundamentalmente aceptable con ROE 48.7%, deuda neta/EBITDA -0.7x. Técnicamente 🟢 Divergencia alcista RSI, 🟡 MACD convergiendo. Clasificación: descarte.","Alphabet Inc. está un 19.3% por debajo de su máximo 52s. Fundamentalmente aceptable con ROE 48.7%, deuda neta/EBITDA -0.7x. Técnicamente 🟢 Divergencia alcista RSI, 🟡 MACD convergiendo. Clasificación: descarte.",OK,
0388.HK,HKEX,ASIA,1.0,script-v2.0,1.0,2026-07-28T10:26:37.163872+02:00,59.6,55.8,91.0,25.0,0.0,7.0,71.0,44.0,27.0,4718718.0,-13.33,39.6,16.6,8.67,10.8,-4.2493,True,83.6,76.5,False,403.32,0.2,True,False,False,,pass,descarte,pendiente,0.0,desconocido,Pendiente de implementar,parcial,"eps_stabilization (media): EPS 4.09 vs 3.22 (Diluted EPS) | dividend_maintained (baja): Dividendo actual 3.23% con caída del 13.3% | analyst_upgrade (media): Target 515.29 vs precio 404.00 (+28%), recMean 1.42, recKey strong_buy",fuerte,descarte,390.17,390.51,390.17 - 390.51,396.1,406.87,396.10 - 406.87,Pérdida del soporte en 390.51 | ROE negativo durante 2 trimestres consecutivos | Ampliación de capital dilutiva | Recorte de rating a bono basura,6-12,"HKEX está un 13.3% por debajo de su máximo 52s. Fundamentalmente aceptable con ROE 35.0%, deuda neta/EBITDA -13.3x. Técnicamente 🟢 Divergencia alcista RSI, 🟢 Cerca de soporte. Clasificación: descarte.","HKEX está un 13.3% por debajo de su máximo 52s. Fundamentalmente aceptable con ROE 35.0%, deuda neta/EBITDA -13.3x. Técnicamente 🟢 Divergencia alcista RSI, 🟢 Cerca de soporte. Clasificación: descarte.",OK,
RNO.PA,RENAULT,EUROSTOXX,1.0,script-v2.0,1.0,2026-07-28T10:24:06.369169+02:00,59.2,55.3,27.0,80.0,0.0,4.0,71.0,44.0,27.0,1401179.0,8.32,2.6,,9.77,42.0,-1.0251,True,97.5,64.0,False,29.31,-6.5,True,False,False,Sin señales de recuperación,pass,descarte,pendiente,0.0,desconocido,Pendiente de implementar,ausente,"dividend_maintained (baja): Dividendo actual 8.03% con caída del 27.8% | analyst_upgrade (media): Target 38.38 vs precio 27.40 (+40%), recMean 2.30, recKey buy",fuerte,descarte,26.45,27.01,26.45 - 27.01,29.4,32.27,29.40 - 32.27,Pérdida del soporte en 26.45 | ROE negativo durante 2 trimestres consecutivos | Ampliación de capital dilutiva | Recorte de rating a bono basura,12-18,"RENAULT está un 27.8% por debajo de su máximo 52s. Fundamentalmente aceptable con ROE -40.4%, deuda neta/EBITDA 8.3x. Técnicamente 🟢 Divergencia alcista RSI, 🟢 Cerca de soporte. Clasificación: descarte.","RENAULT está un 27.8% por debajo de su máximo 52s. Fundamentalmente aceptable con ROE -40.4%, deuda neta/EBITDA 8.3x. Técnicamente 🟢 Divergencia alcista RSI, 🟢 Cerca de soporte. Clasificación: descarte.",OK,
0016.HK,SHK PPT,ASIA,1.0,script-v2.0,1.0,2026-07-28T10:26:31.626975+02:00,59.2,66.2,87.0,48.0,0.0,6.0,38.0,33.0,5.0,5962790.0,2.84,-15.5,,14.98,18.2,0.298,False,57.7,58.8,False,119.53,1.2,False,False,True,,pass,pendiente_confirmacion,pendiente,0.0,desconocido,Pendiente de implementar,parcial,debt_reduction (alta): Deuda 104010.0M vs 123048.0M | dividend_maintained (baja): Dividendo actual 3.12% con caída del 18.7%,incompleto,pendiente_confirmacion,114.86,121.0,114.86 - 121.00,116.65,126.48,116.65 - 126.48,Pérdida del soporte en 114.86 | ROE negativo durante 2 trimestres consecutivos | Ampliación de capital dilutiva | Recorte de rating a bono basura,6-12,"SHK PPT está un 18.7% por debajo de su máximo 52s. Fundamentalmente sólida con ROE 3.7%, deuda neta/EBITDA 2.8x. Técnicamente 🟢 Divergencia alcista RSI, 🟡 Apoyo en MA40 semanal. Clasificación: pendiente_confirmacion.","SHK PPT está un 18.7% por debajo de su máximo 52s. Fundamentalmente sólida con ROE 3.7%, deuda neta/EBITDA 2.8x. Técnicamente 🟢 Divergencia alcista RSI, 🟡 Apoyo en MA40 semanal. Clasificación: pendiente_confirmacion.",OK,
EN.PA,BOUYGUES,EUROSTOXX,1.0,script-v2.0,1.0,2026-07-28T10:23:52.682269+02:00,59.1,60.2,89.0,35.0,0.0,12.0,56.0,39.0,17.0,852345.0,1.81,-0.3,0.3,6.08,12.0,0.7801,False,41.3,60.5,False,46.26,1.3,True,False,True,,pass,entrada_escalada,pendiente,0.0,desconocido,Pendiente de implementar,confirmada,"margin_stabilization (media): Margen gross 57.8% vs 53.5% (+4.3 pp) | debt_reduction (alta): Deuda 15125.0M vs 15168.0M | dividend_maintained (baja): Dividendo actual 4.48% con caída del 12.4% | analyst_upgrade (media): Target 59.03 vs precio 46.87 (+26%), recMean 2.10, recKey buy",razonable,entrada_escalada,44.53,46.87,44.53 - 46.87,45.46,45.86,45.46 - 45.86,Pérdida del soporte en 44.53 | ROE negativo durante 2 trimestres consecutivos | Ampliación de capital dilutiva | Recorte de rating a bono basura,6-12,"BOUYGUES está un 12.4% por debajo de su máximo 52s. Fundamentalmente sólida con ROE 9.1%, deuda neta/EBITDA 1.8x. Técnicamente 🟢 Divergencia alcista RSI, 🟡 Apoyo en MA40 semanal. Clasificación: entrada_escalada.","BOUYGUES está un 12.4% por debajo de su máximo 52s. Fundamentalmente sólida con ROE 9.1%, deuda neta/EBITDA 1.8x. Técnicamente 🟢 Divergencia alcista RSI, 🟡 Apoyo en MA40 semanal. Clasificación: entrada_escalada.",OK,
AMT,American Tower Corporation (REI,SP500,1.0,script-v2.0,1.0,2026-07-28T10:25:37.668958+02:00,59.0,55.3,67.0,45.0,0.0,10.0,70.0,53.0,17.0,3211909.0,6.23,0.4,0.0,18.29,26.6,-3.1298,False,38.2,40.7,False,175.67,-5.1,True,False,False,,pass,descarte,pendiente,0.0,desconocido,Pendiente de implementar,parcial,"margin_stabilization (media): Margen gross 74.3% vs 73.9% (+0.4 pp) | eps_stabilization (media): EPS 1.84 vs 1.75 (Diluted EPS) | dividend_maintained (baja): Dividendo actual 4.19% con caída del 27.2% | analyst_upgrade (media): Target 214.74 vs precio 166.74 (+29%), recMean 1.56, recKey buy",fuerte,descarte,158.4,166.74,158.40 - 166.74,176.18,194.71,176.18 - 194.71,Pérdida del soporte en 158.40 | ROE negativo durante 2 trimestres consecutivos | Ampliación de capital dilutiva | Recorte de rating a bono basura,12-18,"American Tower Corporation (REI está un 27.2% por debajo de su máximo 52s. Fundamentalmente aceptable con ROE 30.0%, deuda neta/EBITDA 6.2x. Técnicamente 🔵 RSI recuperándose de sobreventa, 🟢 Divergencia alcista RSI. Clasificación: descarte.","American Tower Corporation (REI está un 27.2% por debajo de su máximo 52s. Fundamentalmente aceptable con ROE 30.0%, deuda neta/EBITDA 6.2x. Técnicamente 🔵 RSI recuperándose de sobreventa, 🟢 Divergencia alcista RSI. Clasificación: descarte.",OK,
9021.T,WEST JAPAN RAILWAY CO,ASIA,1.0,script-v2.0,1.0,2026-07-28T10:26:27.179106+02:00,58.9,63.9,82.0,48.0,0.0,4.0,44.0,28.0,16.0,3203061.0,3.48,5.3,,7.54,9.9,-36.9756,True,100.0,89.9,False,3000.47,4.3,False,True,True,Sin señales de recuperación,pass,seguimiento,pendiente,0.0,desconocido,Pendiente de implementar,ausente,eps_stabilization (media): EPS 277.73 vs 240.08 (annual_eps_fallback) | dividend_maintained (baja): Dividendo actual 3.12% con caída del 12.6%,incompleto,seguimiento,2732.15,2893.0,2732.15 - 2893.00,3006.22,3040.45,3006.22 - 3040.45,Pérdida del soporte en 2893.00 | ROE negativo durante 2 trimestres consecutivos | Ampliación de capital dilutiva | Recorte de rating a bono basura,6-12,"WEST JAPAN RAILWAY CO está un 12.6% por debajo de su máximo 52s. Fundamentalmente sólida con ROE 10.2%, deuda neta/EBITDA 3.5x. Técnicamente 🟢 Divergencia alcista RSI, 🟢 MACD semanal girando al alza. Clasificación: seguimiento.","WEST JAPAN RAILWAY CO está un 12.6% por debajo de su máximo 52s. Fundamentalmente sólida con ROE 10.2%, deuda neta/EBITDA 3.5x. Técnicamente 🟢 Divergencia alcista RSI, 🟢 MACD semanal girando al alza. Clasificación: seguimiento.",OK,
SAN.PA,SANOFI,EUROSTOXX,1.0,script-v2.0,1.0,2026-07-28T10:23:59.966124+02:00,58.7,57.9,83.0,36.0,0.0,15.0,61.0,28.0,33.0,2417823.0,1.13,-1.5,0.5,8.46,22.6,-0.1612,True,87.1,60.2,False,76.98,1.1,True,True,False,,pass,descarte,pendiente,0.0,desconocido,Pendiente de implementar,confirmada,"margin_stabilization (media): Margen gross 72.1% vs 69.2% (+2.9 pp) | eps_stabilization (media): EPS 1.34 vs -0.66 (Diluted EPS) | debt_reduction (alta): Deuda 20021.0M vs 20329.0M | dividend_maintained (baja): Dividendo actual 5.29% con caída del 14.6% | analyst_upgrade (media): Target 96.14 vs precio 77.86 (+23%), recMean 2.09, recKey buy",razonable,descarte,72.97,75.72,72.97 - 75.72,77.05,77.48,77.05 - 77.48,Pérdida del soporte en 72.97 | ROE negativo durante 2 trimestres consecutivos | Ampliación de capital dilutiva | Recorte de rating a bono basura,6-12,"SANOFI está un 14.6% por debajo de su máximo 52s. Fundamentalmente aceptable con ROE 6.6%, deuda neta/EBITDA 1.1x. Técnicamente 🟢 Divergencia alcista RSI, 🟢 MACD semanal girando al alza. Clasificación: descarte.","SANOFI está un 14.6% por debajo de su máximo 52s. Fundamentalmente aceptable con ROE 6.6%, deuda neta/EBITDA 1.1x. Técnicamente 🟢 Divergencia alcista RSI, 🟢 MACD semanal girando al alza. Clasificación: descarte.",OK,
9020.T,EAST JAPAN RAILWAY CO,ASIA,1.0,script-v2.0,1.0,2026-07-28T10:26:26.000845+02:00,58.4,57.9,68.0,49.0,0.0,4.0,60.0,33.0,27.0,3534051.0,5.36,4.5,,10.33,8.1,-16.9897,True,95.4,86.9,False,3719.55,2.9,True,False,False,Sin señales de recuperación,pass,descarte,pendiente,0.0,desconocido,Pendiente de implementar,ausente,eps_stabilization (media): EPS 219.42 vs 198.29 (annual_eps_fallback) | dividend_maintained (baja): Dividendo actual 2.19% con caída del 9.1%,razonable,descarte,3487.44,3580.12,3487.44 - 3580.12,3579.35,3692.07,3579.35 - 3692.07,Pérdida del soporte en 3580.12 | ROE negativo durante 2 trimestres consecutivos | Ampliación de capital dilutiva | Recorte de rating a bono basura,6-12,"EAST JAPAN RAILWAY CO está un 9.1% por debajo de su máximo 52s. Fundamentalmente aceptable con ROE 8.4%, deuda neta/EBITDA 5.4x. Técnicamente 🟢 Divergencia alcista RSI, 🟢 MACD semanal girando al alza. Clasificación: descarte.","EAST JAPAN RAILWAY CO está un 9.1% por debajo de su máximo 52s. Fundamentalmente aceptable con ROE 8.4%, deuda neta/EBITDA 5.4x. Técnicamente 🟢 Divergencia alcista RSI, 🟢 MACD semanal girando al alza. Clasificación: descarte.",OK,
0012.HK,HENDERSON LAND,ASIA,1.0,script-v2.0,1.0,2026-07-28T10:26:34.506561+02:00,57.8,53.4,55.0,52.0,0.0,1.0,71.0,44.0,27.0,9436370.0,31.25,102.2,,65.66,18.3,-0.6587,True,95.8,93.1,False,29.27,-3.0,True,False,False,Sin señales de recuperación,pass,descarte,pendiente,0.0,desconocido,Pendiente de implementar,ausente,dividend_maintained (baja): Dividendo actual 4.44% con caída del 20.4%,fuerte,descarte,27.64,27.86,27.64 - 27.86,29.11,30.31,29.11 - 30.31,Pérdida del soporte en 27.86 | ROE negativo durante 2 trimestres consecutivos | Ampliación de capital dilutiva | Recorte de rating a bono basura,6-12,"HENDERSON LAND está un 20.4% por debajo de su máximo 52s. Fundamentalmente aceptable con ROE 1.9%, deuda neta/EBITDA 31.2x. Técnicamente 🟢 Divergencia alcista RSI, 🟢 Cerca de soporte. Clasificación: descarte.","HENDERSON LAND está un 20.4% por debajo de su máximo 52s. Fundamentalmente aceptable con ROE 1.9%, deuda neta/EBITDA 31.2x. Técnicamente 🟢 Divergencia alcista RSI, 🟢 Cerca de soporte. Clasificación: descarte.",OK,
SHEL.L,SHELL PLC ORD EUR0.07,EUROSTOXX,1.0,script-v2.0,1.0,2026-07-28T10:24:33.113340+02:00,57.8,62.1,92.0,36.0,0.0,7.0,45.0,33.0,12.0,9904138.0,1.07,0.0,10.2,4.85,13.6,48.109,False,86.1,92.5,False,3027.65,7.3,True,False,True,,pass,seguimiento,pendiente,0.0,desconocido,Pendiente de implementar,parcial,margin_stabilization (media): Margen gross 19.3% vs 11.4% (+7.9 pp) | eps_stabilization (media): EPS 1.00 vs 0.71 (Diluted EPS) | dividend_maintained (baja): Dividendo actual 0.04% con caída del 13.6%,razonable,seguimiento,3121.74,3158.16,3121.74 - 3158.16,3006.99,3194.72,3006.99 - 3194.72,Pérdida del soporte en 3158.16 | ROE negativo durante 2 trimestres consecutivos | Ampliación de capital dilutiva | Recorte de rating a bono basura,6-12,"SHELL PLC ORD EUR0.07 está un 13.6% por debajo de su máximo 52s. Fundamentalmente sólida con ROE 10.7%, deuda neta/EBITDA 1.1x. Técnicamente 🟢 Divergencia alcista RSI, 🟢 Cerca de soporte. Clasificación: seguimiento.","SHELL PLC ORD EUR0.07 está un 13.6% por debajo de su máximo 52s. Fundamentalmente sólida con ROE 10.7%, deuda neta/EBITDA 1.1x. Técnicamente 🟢 Divergencia alcista RSI, 🟢 Cerca de soporte. Clasificación: seguimiento.",OK,
RACE.MI,FERRARI,EUROSTOXX,1.0,script-v2.0,1.0,2026-07-28T10:24:20.998612+02:00,57.8,61.1,100.0,27.0,0.0,7.0,48.0,30.0,18.0,579560.0,0.46,1.6,0.0,24.68,30.2,3.1536,False,96.9,37.1,False,309.65,9.0,True,True,True,,pass,seguimiento,pendiente,0.0,desconocido,Pendiente de implementar,parcial,margin_stabilization (media): Margen gross 51.8% vs 51.9% (-0.1 pp) | eps_stabilization (media): EPS 2.33 vs 2.14 (Diluted EPS) | dividend_maintained (baja): Dividendo actual 1.07% con caída del 24.6%,razonable,seguimiento,314.06,322.02,314.06 - 322.02,310.72,380.38,310.72 - 380.38,Pérdida del soporte en 322.02 | ROE negativo durante 2 trimestres consecutivos | Ampliación de capital dilutiva | Recorte de rating a bono basura,6-12,"FERRARI está un 24.6% por debajo de su máximo 52s. Fundamentalmente sólida con ROE 42.0%, deuda neta/EBITDA 0.5x. Técnicamente 🟡 MACD convergiendo, 🟢 Cerca de soporte. Clasificación: seguimiento.","FERRARI está un 24.6% por debajo de su máximo 52s. Fundamentalmente sólida con ROE 42.0%, deuda neta/EBITDA 0.5x. Técnicamente 🟡 MACD convergiendo, 🟢 Cerca de soporte. Clasificación: seguimiento.",OK,
FORTUM.HE,Fortum Corporation,EUROSTOXX,1.0,script-v2.0,1.0,2026-07-28T10:24:26.738778+02:00,57.5,57.1,96.0,23.0,0.0,6.0,59.0,42.0,17.0,767097.0,1.36,-1.0,0.2,15.53,13.6,0.288,False,32.0,61.1,False,19.53,1.4,True,False,False,,pass,descarte,pendiente,0.0,desconocido,Pendiente de implementar,parcial,debt_reduction (alta): Deuda 3906.0M vs 3947.0M | dividend_maintained (baja): Dividendo actual 3.74% con caída del 13.6%,razonable,descarte,19.4,19.81,19.40 - 19.81,19.33,19.48,19.33 - 19.48,Pérdida del soporte en 19.40 | ROE negativo durante 2 trimestres consecutivos | Ampliación de capital dilutiva | Recorte de rating a bono basura,6-12,"Fortum Corporation está un 13.6% por debajo de su máximo 52s. Fundamentalmente aceptable con ROE 10.0%, deuda neta/EBITDA 1.4x. Técnicamente 🟢 Divergencia alcista RSI, 🟢 Cerca de soporte. Clasificación: descarte.","Fortum Corporation está un 13.6% por debajo de su máximo 52s. Fundamentalmente aceptable con ROE 10.0%, deuda neta/EBITDA 1.4x. Técnicamente 🟢 Divergencia alcista RSI, 🟢 Cerca de soporte. Clasificación: descarte.",OK,
SCG.AX,SCENTRE STAPLED [SCG],ASX,1.0,script-v2.0,1.0,2026-07-28T10:26:09.481090+02:00,57.3,60.5,85.0,39.0,0.0,9.0,48.0,30.0,18.0,12775076.0,5.87,-10.0,,14.25,5.4,0.0403,False,72.2,55.0,False,3.83,3.0,True,True,True,,pass,seguimiento,pendiente,0.0,desconocido,Pendiente de implementar,parcial,eps_stabilization (media): EPS 0.34 vs 0.20 (annual_eps_fallback) | debt_reduction (alta): Deuda 15100.5M vs 16774.4M | dividend_maintained (baja): Dividendo actual 4.56% con caída del 7.5%,razonable,seguimiento,3.65,3.82,3.65 - 3.82,3.63,3.84,3.63 - 3.84,Pérdida del soporte en 3.65 | ROE negativo durante 2 trimestres consecutivos | Ampliación de capital dilutiva | Recorte de rating a bono basura,6-12,"SCENTRE STAPLED [SCG] está un 7.5% por debajo de su máximo 52s. Fundamentalmente sólida con ROE 9.6%, deuda neta/EBITDA 5.9x. Técnicamente 🟡 MACD convergiendo, 🟢 base_pattern_detected. Clasificación: seguimiento.","SCENTRE STAPLED [SCG] está un 7.5% por debajo de su máximo 52s. Fundamentalmente sólida con ROE 9.6%, deuda neta/EBITDA 5.9x. Técnicamente 🟡 MACD convergiendo, 🟢 base_pattern_detected. Clasificación: seguimiento.",OK,
HD,"Home Depot, Inc. (The)",SP500,1.0,script-v2.0,1.0,2026-07-28T10:25:14.350230+02:00,57.2,53.7,75.0,35.0,0.0,12.0,68.0,45.0,23.0,4883259.0,2.49,-2.5,0.0,15.92,20.1,-3.7142,False,40.3,19.6,False,343.95,-2.3,True,True,False,,pass,descarte,pendiente,0.0,desconocido,Pendiente de implementar,confirmada,margin_stabilization (media): Margen gross 33.0% vs 32.6% (+0.4 pp) | eps_stabilization (media): EPS 3.30 vs 2.58 (Diluted EPS) | debt_reduction (alta): Deuda 63731.0M vs 65350.0M | dividend_maintained (baja): Dividendo actual 2.77% con caída del 21.2%,razonable,descarte,321.24,326.79,321.24 - 326.79,346.28,362.74,346.28 - 362.74,Pérdida del soporte en 321.24 | ROE negativo durante 2 trimestres consecutivos | Ampliación de capital dilutiva | Recorte de rating a bono basura,6-12,"Home Depot, Inc. (The) está un 21.2% por debajo de su máximo 52s. Fundamentalmente aceptable con ROE 128.4%, deuda neta/EBITDA 2.5x. Técnicamente 🟡 MACD convergiendo, 🟢 Cerca de soporte. Clasificación: descarte.","Home Depot, Inc. (The) está un 21.2% por debajo de su máximo 52s. Fundamentalmente aceptable con ROE 128.4%, deuda neta/EBITDA 2.5x. Técnicamente 🟡 MACD convergiendo, 🟢 Cerca de soporte. Clasificación: descarte.",OK,
0066.HK,MTR CORPORATION,ASIA,1.0,script-v2.0,1.0,2026-07-28T10:26:35.637099+02:00,56.9,59.6,90.0,33.0,0.0,6.0,49.0,37.0,12.0,5735596.0,1.84,-2.7,,9.35,9.6,0.2897,False,92.4,84.0,False,31.8,4.7,True,False,False,,pass,descarte,pendiente,0.0,desconocido,Pendiente de implementar,parcial,debt_reduction (alta): Deuda 89849.0M vs 92296.0M | dividend_maintained (baja): Dividendo actual 3.93% con caída del 12.1%,razonable,descarte,31.71,31.8,31.71 - 31.80,31.23,32.2,31.23 - 32.20,Pérdida del soporte en 31.80 | ROE negativo durante 2 trimestres consecutivos | Ampliación de capital dilutiva | Recorte de rating a bono basura,6-12,"MTR CORPORATION está un 12.1% por debajo de su máximo 52s. Fundamentalmente aceptable con ROE 7.7%, deuda neta/EBITDA 1.8x. Técnicamente 🟢 Divergencia alcista RSI, 🟢 Cerca de soporte. Clasificación: descarte.","MTR CORPORATION está un 12.1% por debajo de su máximo 52s. Fundamentalmente aceptable con ROE 7.7%, deuda neta/EBITDA 1.8x. Técnicamente 🟢 Divergencia alcista RSI, 🟢 Cerca de soporte. Clasificación: descarte.",OK,
8002.T,MARUBENI CORP,ASIA,1.0,script-v2.0,1.0,2026-07-28T10:26:30.564250+02:00,56.8,60.7,97.0,29.0,0.0,6.0,45.0,33.0,12.0,5039948.0,3.99,-8.9,,23.49,15.8,46.2851,False,69.1,85.4,False,5060.22,4.2,True,False,True,,pass,seguimiento,pendiente,0.0,desconocido,Pendiente de implementar,parcial,debt_reduction (alta): Deuda 2409977.1M vs 2646560.0M | dividend_maintained (baja): Dividendo actual 2.18% con caída del 16.7%,razonable,seguimiento,5018.12,5223.92,5018.12 - 5223.92,4920.35,5378.8,4920.35 - 5378.80,Pérdida del soporte en 5223.92 | ROE negativo durante 2 trimestres consecutivos | Ampliación de capital dilutiva | Recorte de rating a bono basura,6-12,"MARUBENI CORP está un 16.7% por debajo de su máximo 52s. Fundamentalmente sólida con ROE 13.5%, deuda neta/EBITDA 4.0x. Técnicamente 🟢 Divergencia alcista RSI, 🟢 Cerca de soporte. Clasificación: seguimiento.","MARUBENI CORP está un 16.7% por debajo de su máximo 52s. Fundamentalmente sólida con ROE 13.5%, deuda neta/EBITDA 4.0x. Técnicamente 🟢 Divergencia alcista RSI, 🟢 Cerca de soporte. Clasificación: seguimiento.",OK,
GSK.L,GSK PLC ORD 31 1/4P,EUROSTOXX,1.0,script-v2.0,1.0,2026-07-28T10:24:33.305496+02:00,56.8,57.1,88.0,30.0,0.0,7.0,56.0,39.0,17.0,8178789.0,1.37,7.9,0.1,8.23,14.1,13.8295,False,77.9,47.9,False,1942.7,0.9,True,False,False,,pass,descarte,pendiente,0.0,desconocido,Pendiente de implementar,parcial,margin_stabilization (media): Margen gross 75.4% vs 69.2% (+6.3 pp) | eps_stabilization (media): EPS 0.43 vs 0.16 (Diluted EPS) | dividend_maintained (baja): Dividendo actual 0.03% con caída del 14.1%,razonable,descarte,1888.9,1933.32,1888.90 - 1933.32,1922.94,1939.7,1922.94 - 1939.70,Pérdida del soporte en 1888.90 | ROE negativo durante 2 trimestres consecutivos | Ampliación de capital dilutiva | Recorte de rating a bono basura,6-12,"GSK PLC ORD 31 1/4P está un 14.1% por debajo de su máximo 52s. Fundamentalmente aceptable con ROE 40.9%, deuda neta/EBITDA 1.4x. Técnicamente 🟡 MACD convergiendo, 🟢 Cerca de soporte. Clasificación: descarte.","GSK PLC ORD 31 1/4P está un 14.1% por debajo de su máximo 52s. Fundamentalmente aceptable con ROE 40.9%, deuda neta/EBITDA 1.4x. Técnicamente 🟡 MACD convergiendo, 🟢 Cerca de soporte. Clasificación: descarte.",OK,
KPN.AS,KPN KON,EUROSTOXX,1.0,script-v2.0,1.0,2026-07-28T10:24:09.211532+02:00,56.7,51.3,71.0,34.0,0.0,4.0,73.0,68.0,5.0,10683479.0,2.85,3.9,-15.1,9.4,11.6,-0.0043,False,40.3,30.1,False,4.19,-0.8,False,False,False,Sin señales de recuperación,pass,descarte,pendiente,0.0,desconocido,Pendiente de implementar,ausente,margin_stabilization (media): Margen gross 67.9% vs 68.1% (-0.2 pp) | dividend_maintained (baja): Dividendo actual 4.57% con caída del 15.3%,fuerte,descarte,4.13,4.16,4.13 - 4.16,4.17,4.18,4.17 - 4.18,Pérdida del soporte en 4.13 | ROE negativo durante 2 trimestres consecutivos | Ampliación de capital dilutiva | Recorte de rating a bono basura,6-12,"KPN KON está un 15.3% por debajo de su máximo 52s. Fundamentalmente aceptable con ROE 26.1%, deuda neta/EBITDA 2.9x. Técnicamente 🔵 RSI recuperándose de sobreventa, 🟢 Divergencia alcista RSI. Clasificación: descarte.","KPN KON está un 15.3% por debajo de su máximo 52s. Fundamentalmente aceptable con ROE 26.1%, deuda neta/EBITDA 2.9x. Técnicamente 🔵 RSI recuperándose de sobreventa, 🟢 Divergencia alcista RSI. Clasificación: descarte.",OK,
DUK,Duke Energy Corporation (Holdin,SP500,1.0,script-v2.0,1.0,2026-07-28T10:25:31.773299+02:00,56.6,55.8,83.0,32.0,0.0,4.0,59.0,53.0,6.0,3518577.0,5.41,0.4,0.6,11.68,3.4,1.3287,False,69.9,71.2,False,123.46,4.3,False,True,False,Sin señales de recuperación,pass,descarte,pendiente,0.0,desconocido,Pendiente de implementar,ausente,eps_stabilization (media): EPS 1.97 vs 1.50 (Diluted EPS) | dividend_maintained (baja): Dividendo actual 3.37% con caída del 4.2%,razonable,descarte,123.95,125.03,123.95 - 125.03,114.32,123.21,114.32 - 123.21,Pérdida del soporte en 123.95 | ROE negativo durante 2 trimestres consecutivos | Ampliación de capital dilutiva | Recorte de rating a bono basura,6-12,"Duke Energy Corporation (Holdin está un 4.2% por debajo de su máximo 52s. Fundamentalmente aceptable con ROE 9.7%, deuda neta/EBITDA 5.4x. Técnicamente 🟢 Divergencia alcista RSI, 🟢 Cruce alcista MACD. Clasificación: descarte.","Duke Energy Corporation (Holdin está un 4.2% por debajo de su máximo 52s. Fundamentalmente aceptable con ROE 9.7%, deuda neta/EBITDA 5.4x. Técnicamente 🟢 Divergencia alcista RSI, 🟢 Cruce alcista MACD. Clasificación: descarte.",OK,
9432.T,NTT INC,ASIA,1.0,script-v2.0,1.0,2026-07-28T10:26:16.007348+02:00,56.3,56.7,77.0,39.0,0.0,4.0,55.0,33.0,22.0,243375848.0,4.29,8.5,,8.02,3.3,-0.3996,True,96.7,86.8,False,151.7,3.1,True,False,False,Sin señales de recuperación,pass,descarte,pendiente,0.0,desconocido,Pendiente de implementar,ausente,eps_stabilization (media): EPS 12.61 vs 11.96 (annual_eps_fallback) | dividend_maintained (baja): Dividendo actual 3.45% con caída del 6.5%,razonable,descarte,148.22,148.69,148.22 - 148.69,142.12,151.77,142.12 - 151.77,Pérdida del soporte en 148.22 | ROE negativo durante 2 trimestres consecutivos | Ampliación de capital dilutiva | Recorte de rating a bono basura,6-12,"NTT INC está un 6.5% por debajo de su máximo 52s. Fundamentalmente aceptable con ROE 10.0%, deuda neta/EBITDA 4.3x. Técnicamente 🟢 Divergencia alcista RSI, 🟢 MACD semanal girando al alza. Clasificación: descarte.","NTT INC está un 6.5% por debajo de su máximo 52s. Fundamentalmente aceptable con ROE 10.0%, deuda neta/EBITDA 4.3x. Técnicamente 🟢 Divergencia alcista RSI, 🟢 MACD semanal girando al alza. Clasificación: descarte.",OK,
8031.T,MITSUI & CO,ASIA,1.0,script-v2.0,1.0,2026-07-28T10:26:24.528999+02:00,56.0,59.9,77.0,45.0,0.0,4.0,44.0,39.0,5.0,6890618.0,6.58,17.9,,26.57,26.7,-86.6271,False,73.7,84.7,False,5098.3,-4.1,False,False,False,Sin señales de recuperación,pass,descarte,pendiente,0.0,desconocido,Pendiente de implementar,ausente,"dividend_maintained (baja): Dividendo actual 2.86% con caída del 26.7% | analyst_upgrade (media): Target 6166.92 vs precio 4890.00 (+26%), recMean 2.08, recKey buy",incompleto,descarte,4578.71,4890.0,4578.71 - 4890.00,4959.15,5673.75,4959.15 - 5673.75,Pérdida del soporte en 4578.71 | ROE negativo durante 2 trimestres consecutivos | Ampliación de capital dilutiva | Recorte de rating a bono basura,12-18,"MITSUI & CO está un 26.7% por debajo de su máximo 52s. Fundamentalmente aceptable con ROE 10.3%, deuda neta/EBITDA 6.6x. Técnicamente 🟢 Divergencia alcista RSI, 🟡 Apoyo en MA40 semanal. Clasificación: descarte.","MITSUI & CO está un 26.7% por debajo de su máximo 52s. Fundamentalmente aceptable con ROE 10.3%, deuda neta/EBITDA 6.6x. Técnicamente 🟢 Divergencia alcista RSI, 🟡 Apoyo en MA40 semanal. Clasificación: descarte.",OK,
051910.KS,LGCHEM,ASIA,1.0,script-v2.0,1.0,2026-07-28T10:26:42.207303+02:00,55.5,59.0,51.0,66.0,0.0,7.0,45.0,45.0,0.0,328687.0,5.68,5.5,-0.8,13.02,45.0,-20803.4032,False,9.3,31.2,False,337819.84,-28.8,False,False,False,,pass,descarte,pendiente,0.0,desconocido,Pendiente de implementar,parcial,"margin_stabilization (media): Margen gross 18.9% vs 13.4% (+5.5 pp) | dividend_maintained (baja): Dividendo actual 0.83% con caída del 45.0% | analyst_upgrade (media): Target 430800.00 vs precio 240500.00 (+79%), recMean 1.72, recKey buy",razonable,descarte,228475.0,240500.0,228475.00 - 240500.00,338693.41,371875.0,338693.41 - 371875.00,Pérdida del soporte en 228475.00 | ROE negativo durante 2 trimestres consecutivos | Ampliación de capital dilutiva | Recorte de rating a bono basura,18-24,"LGCHEM está un 45.0% por debajo de su máximo 52s. Fundamentalmente aceptable con ROE -5.9%, deuda neta/EBITDA 5.7x. Técnicamente 🟢 Divergencia alcista RSI. Clasificación: descarte.","LGCHEM está un 45.0% por debajo de su máximo 52s. Fundamentalmente aceptable con ROE -5.9%, deuda neta/EBITDA 5.7x. Técnicamente 🟢 Divergencia alcista RSI. Clasificación: descarte.",OK,
005930.KS,SamsungElec,ASIA,1.0,script-v2.0,1.0,2026-07-28T10:26:41.133943+02:00,55.4,63.1,69.0,58.0,0.0,10.0,32.0,32.0,0.0,30909315.0,-0.85,11.5,2.3,11.15,41.3,27340.8987,False,1.8,11.0,False,200368.29,9.8,False,False,True,,pass,pendiente_confirmacion,pendiente,0.0,desconocido,Pendiente de implementar,parcial,"margin_stabilization (media): Margen gross 61.2% vs 47.2% (+14.0 pp) | eps_stabilization (media): EPS 7056.00 vs 1801.00 (Diluted EPS) | dividend_maintained (baja): Dividendo actual 0.68% con caída del 41.3% | analyst_upgrade (media): Target 492536.72 vs precio 220000.00 (+124%), recMean 1.35, recKey strong_buy",incompleto,pendiente_confirmacion,218500.0,220000.0,218500.00 - 220000.00,190734.52,318325.0,190734.52 - 318325.00,Pérdida del soporte en 218500.00 | ROE negativo durante 2 trimestres consecutivos | Ampliación de capital dilutiva | Recorte de rating a bono basura,18-24,"SamsungElec está un 41.3% por debajo de su máximo 52s. Fundamentalmente sólida con ROE 18.9%, deuda neta/EBITDA -0.8x. Técnicamente 🟢 Cerca de soporte. Clasificación: pendiente_confirmacion.","SamsungElec está un 41.3% por debajo de su máximo 52s. Fundamentalmente sólida con ROE 18.9%, deuda neta/EBITDA -0.8x. Técnicamente 🟢 Cerca de soporte. Clasificación: pendiente_confirmacion.",OK,
NG.L,NATIONAL GRID PLC ORD 12 204/47,EUROSTOXX,1.0,script-v2.0,1.0,2026-07-28T10:24:42.699090+02:00,55.4,49.8,69.0,33.0,0.0,4.0,72.0,55.0,17.0,13837390.0,6.39,0.3,,15.05,15.0,1.6367,False,17.2,41.7,False,1234.69,-1.6,True,False,False,Sin señales de recuperación,pass,descarte,pendiente,0.0,desconocido,Pendiente de implementar,ausente,eps_stabilization (media): EPS 0.66 vs 0.61 (annual_eps_fallback) | dividend_maintained (baja): Dividendo actual 0.04% con caída del 15.0%,fuerte,descarte,1153.77,1214.5,1153.77 - 1214.50,1214.22,1228.44,1214.22 - 1228.44,Pérdida del soporte en 1153.77 | ROE negativo durante 2 trimestres consecutivos | Ampliación de capital dilutiva | Recorte de rating a bono basura,6-12,"NATIONAL GRID PLC ORD 12 204/47 está un 15.0% por debajo de su máximo 52s. Fundamentalmente aceptable con ROE 8.4%, deuda neta/EBITDA 6.4x. Técnicamente 🟢 Divergencia alcista RSI, 🟢 Cruce alcista MACD. Clasificación: descarte.","NATIONAL GRID PLC ORD 12 204/47 está un 15.0% por debajo de su máximo 52s. Fundamentalmente aceptable con ROE 8.4%, deuda neta/EBITDA 6.4x. Técnicamente 🟢 Divergencia alcista RSI, 🟢 Cruce alcista MACD. Clasificación: descarte.",OK,
EOAN.DE,E.ON SE                       N,EUROSTOXX,1.0,script-v2.0,1.0,2026-07-28T10:23:34.896098+02:00,55.3,60.7,97.0,29.0,0.0,4.0,39.0,21.0,18.0,4100871.0,3.92,,-0.9,9.82,4.1,0.5429,False,21.0,63.6,False,17.51,8.3,True,True,True,Sin señales de recuperación,pass,seguimiento,pendiente,0.0,desconocido,Pendiente de implementar,ausente,eps_stabilization (media): EPS 0.85 vs -0.02 (Diluted EPS) | dividend_maintained (baja): Dividendo actual 3.00% con caída del 7.0%,incompleto,seguimiento,17.9,18.51,17.90 - 18.51,17.33,17.36,17.33 - 17.36,Pérdida del soporte en 17.90 | ROE negativo durante 2 trimestres consecutivos | Ampliación de capital dilutiva | Recorte de rating a bono basura,6-12,"E.ON SE                       N está un 7.0% por debajo de su máximo 52s. Fundamentalmente sólida con ROE 15.4%, deuda neta/EBITDA 3.9x. Técnicamente 🟢 Divergencia alcista RSI, 🟢 base_pattern_detected. Clasificación: seguimiento.","E.ON SE                       N está un 7.0% por debajo de su máximo 52s. Fundamentalmente sólida con ROE 15.4%, deuda neta/EBITDA 3.9x. Técnicamente 🟢 Divergencia alcista RSI, 🟢 base_pattern_detected. Clasificación: seguimiento.",OK,
3382.T,SEVEN & I HOLDINGS CO LTD,ASIA,1.0,script-v2.0,1.0,2026-07-28T10:26:28.980092+02:00,55.3,55.4,81.0,33.0,0.0,4.0,55.0,37.0,18.0,7771166.0,3.32,,,8.43,15.7,4.8584,False,95.1,92.9,False,2071.29,6.5,True,True,False,Sin señales de recuperación,pass,descarte,pendiente,0.0,desconocido,Pendiente de implementar,ausente,eps_stabilization (media): EPS 26.21 vs 18.96 (Diluted EPS) | dividend_maintained (baja): Dividendo actual 2.72% con caída del 8.8%,razonable,descarte,1956.23,2166.27,1956.23 - 2166.27,2053.88,2054.45,2053.88 - 2054.45,Pérdida del soporte en 2166.27 | ROE negativo durante 2 trimestres consecutivos | Ampliación de capital dilutiva | Recorte de rating a bono basura,6-12,"SEVEN & I HOLDINGS CO LTD está un 8.8% por debajo de su máximo 52s. Fundamentalmente aceptable con ROE 8.0%, deuda neta/EBITDA 3.3x. Técnicamente 🟢 Divergencia alcista RSI, 🟢 Cerca de soporte. Clasificación: descarte.","SEVEN & I HOLDINGS CO LTD está un 8.8% por debajo de su máximo 52s. Fundamentalmente aceptable con ROE 8.0%, deuda neta/EBITDA 3.3x. Técnicamente 🟢 Divergencia alcista RSI, 🟢 Cerca de soporte. Clasificación: descarte.",OK,
8001.T,ITOCHU CORP,ASIA,1.0,script-v2.0,1.0,2026-07-28T10:26:29.928219+02:00,55.2,50.7,88.0,18.0,0.0,4.0,69.0,42.0,27.0,15186541.0,4.44,4.6,,20.68,11.7,-1.3204,True,98.7,92.7,False,1961.93,1.9,True,False,False,Sin señales de recuperación,pass,descarte,pendiente,0.0,desconocido,Pendiente de implementar,ausente,eps_stabilization (media): EPS 128.00 vs 123.13 (annual_eps_fallback) | dividend_maintained (baja): Dividendo actual 2.20% con caída del 12.6%,razonable,descarte,1893.58,1905.79,1893.58 - 1905.79,1929.26,1943.52,1929.26 - 1943.52,Pérdida del soporte en 1905.79 | ROE negativo durante 2 trimestres consecutivos | Ampliación de capital dilutiva | Recorte de rating a bono basura,6-12,"ITOCHU CORP está un 12.6% por debajo de su máximo 52s. Fundamentalmente aceptable con ROE 13.9%, deuda neta/EBITDA 4.4x. Técnicamente 🟢 Divergencia alcista RSI, 🟢 Cerca de soporte. Clasificación: descarte.","ITOCHU CORP está un 12.6% por debajo de su máximo 52s. Fundamentalmente aceptable con ROE 13.9%, deuda neta/EBITDA 4.4x. Técnicamente 🟢 Divergencia alcista RSI, 🟢 Cerca de soporte. Clasificación: descarte.",OK,
QBE.AX,QBE INSUR. FPO [QBE],ASX,1.0,script-v2.0,1.0,2026-07-28T10:26:05.439183+02:00,55.1,61.5,94.0,33.0,0.0,4.0,36.0,30.0,6.0,3198384.0,-0.19,35.8,,11.92,1.2,1.2534,False,78.5,55.3,False,21.33,19.6,False,True,True,Sin señales de recuperación,pass,seguimiento,pendiente,0.0,desconocido,Pendiente de implementar,ausente,eps_stabilization (media): EPS 1.42 vs 1.19 (annual_eps_fallback) | dividend_maintained (baja): Dividendo actual 4.27% con caída del 1.2%,incompleto,seguimiento,24.21,24.44,24.21 - 24.44,21.17,21.96,21.17 - 21.96,Pérdida del soporte en 24.44 | ROE negativo durante 2 trimestres consecutivos | Ampliación de capital dilutiva | Recorte de rating a bono basura,6-12,"QBE INSUR. FPO [QBE] está un 1.2% por debajo de su máximo 52s. Fundamentalmente sólida con ROE 19.3%, deuda neta/EBITDA -0.2x. Técnicamente 🟡 MACD convergiendo, 🟢 Cerca de soporte. Clasificación: seguimiento.","QBE INSUR. FPO [QBE] está un 1.2% por debajo de su máximo 52s. Fundamentalmente sólida con ROE 19.3%, deuda neta/EBITDA -0.2x. Técnicamente 🟡 MACD convergiendo, 🟢 Cerca de soporte. Clasificación: seguimiento.",OK,
BATS.L,BRITISH AMERICAN TOBACCO PLC OR,EUROSTOXX,1.0,script-v2.0,1.0,2026-07-28T10:24:45.657845+02:00,55.0,57.9,91.0,29.0,0.0,9.0,46.0,28.0,18.0,3873250.0,2.66,-0.4,,11.12,13.6,93.0102,False,53.6,48.9,False,4395.15,5.5,True,True,False,,pass,descarte,pendiente,0.0,desconocido,Pendiente de implementar,parcial,eps_stabilization (media): EPS 3.49 vs 1.36 (annual_eps_fallback) | debt_reduction (alta): Deuda 35070.0M vs 35208.0M | dividend_maintained (baja): Dividendo actual 0.05% con caída del 13.6%,razonable,descarte,4523.4,4594.41,4523.40 - 4594.41,4355.0,4562.8,4355.00 - 4562.80,Pérdida del soporte en 4523.40 | ROE negativo durante 2 trimestres consecutivos | Ampliación de capital dilutiva | Recorte de rating a bono basura,6-12,"BRITISH AMERICAN TOBACCO PLC OR está un 13.6% por debajo de su máximo 52s. Fundamentalmente aceptable con ROE 15.8%, deuda neta/EBITDA 2.7x. Técnicamente 🟢 Cerca de soporte, 🟢 base_pattern_detected. Clasificación: descarte.","BRITISH AMERICAN TOBACCO PLC OR está un 13.6% por debajo de su máximo 52s. Fundamentalmente aceptable con ROE 15.8%, deuda neta/EBITDA 2.7x. Técnicamente 🟢 Cerca de soporte, 🟢 base_pattern_detected. Clasificación: descarte.",OK,
ADP,"Automatic Data Processing, Inc.",SP500,1.0,script-v2.0,1.0,2026-07-28T10:25:01.187968+02:00,54.8,60.0,100.0,25.0,0.0,7.0,39.0,21.0,18.0,2782159.0,0.18,1.7,2.3,16.26,20.2,3.4719,False,75.8,45.2,False,230.84,10.5,True,True,True,,pass,pendiente_confirmacion,pendiente,0.0,desconocido,Pendiente de implementar,parcial,margin_stabilization (media): Margen gross 48.3% vs 46.1% (+2.2 pp) | eps_stabilization (media): EPS 3.38 vs 2.62 (Diluted EPS) | dividend_maintained (baja): Dividendo actual 2.67% con caída del 19.3%,incompleto,pendiente_confirmacion,229.91,235.19,229.91 - 235.19,233.48,268.58,233.48 - 268.58,Pérdida del soporte en 235.19 | ROE negativo durante 2 trimestres consecutivos | Ampliación de capital dilutiva | Recorte de rating a bono basura,6-12,"Automatic Data Processing, Inc. está un 19.3% por debajo de su máximo 52s. Fundamentalmente aceptable con ROE 71.2%, deuda neta/EBITDA 0.2x. Técnicamente 🟡 MACD convergiendo, 🟢 base_pattern_detected. Clasificación: pendiente_confirmacion.","Automatic Data Processing, Inc. está un 19.3% por debajo de su máximo 52s. Fundamentalmente aceptable con ROE 71.2%, deuda neta/EBITDA 0.2x. Técnicamente 🟡 MACD convergiendo, 🟢 base_pattern_detected. Clasificación: pendiente_confirmacion.",OK,
HEN3.DE,Henkel AG & Co. KGaA          I,EUROSTOXX,1.0,script-v2.0,1.0,2026-07-28T10:23:37.558661+02:00,54.5,60.7,97.0,29.0,0.0,9.0,36.0,30.0,6.0,446728.0,0.18,-0.1,,9.63,8.3,1.7536,False,95.3,59.9,False,69.53,9.6,False,True,True,,pass,pendiente_confirmacion,pendiente,0.0,desconocido,Pendiente de implementar,parcial,eps_stabilization (media): EPS 4.92 vs 4.80 (annual_eps_fallback) | debt_reduction (alta): Deuda 3708.0M vs 3711.0M | dividend_maintained (baja): Dividendo actual 2.72% con caída del 9.5%,incompleto,pendiente_confirmacion,70.96,73.15,70.96 - 73.15,69.29,71.57,69.29 - 71.57,Pérdida del soporte en 73.15 | ROE negativo durante 2 trimestres consecutivos | Ampliación de capital dilutiva | Recorte de rating a bono basura,6-12,"Henkel AG & Co. KGaA          I está un 9.5% por debajo de su máximo 52s. Fundamentalmente sólida con ROE 9.7%, deuda neta/EBITDA 0.2x. Técnicamente 🟡 MACD convergiendo, 🟢 Cerca de soporte. Clasificación: pendiente_confirmacion.","Henkel AG & Co. KGaA          I está un 9.5% por debajo de su máximo 52s. Fundamentalmente sólida con ROE 9.7%, deuda neta/EBITDA 0.2x. Técnicamente 🟡 MACD convergiendo, 🟢 Cerca de soporte. Clasificación: pendiente_confirmacion.",OK,
TTE.PA,TOTALENERGIES,EUROSTOXX,1.0,script-v2.0,1.0,2026-07-28T10:24:02.544107+02:00,54.5,61.6,100.0,28.0,0.0,6.0,33.0,33.0,0.0,4281736.0,0.79,-1.7,7.0,5.02,7.5,2.2855,False,71.1,86.0,False,65.93,12.6,False,False,True,,pass,pendiente_confirmacion,pendiente,0.0,desconocido,Pendiente de implementar,parcial,debt_reduction (alta): Deuda 62917.0M vs 64008.0M | dividend_maintained (baja): Dividendo actual 4.85% con caída del 8.8%,incompleto,pendiente_confirmacion,71.99,72.54,71.99 - 72.54,64.85,69.14,64.85 - 69.14,Pérdida del soporte en 71.99 | ROE negativo durante 2 trimestres consecutivos | Ampliación de capital dilutiva | Recorte de rating a bono basura,6-12,"TOTALENERGIES está un 8.8% por debajo de su máximo 52s. Fundamentalmente sólida con ROE 14.5%, deuda neta/EBITDA 0.8x. Técnicamente 🟢 Divergencia alcista RSI, 🟢 Cerca de soporte. Clasificación: pendiente_confirmacion.","TOTALENERGIES está un 8.8% por debajo de su máximo 52s. Fundamentalmente sólida con ROE 14.5%, deuda neta/EBITDA 0.8x. Técnicamente 🟢 Divergencia alcista RSI, 🟢 Cerca de soporte. Clasificación: pendiente_confirmacion.",OK,
BOQ.AX,BANK QLD FPO [BOQ],ASX,1.0,script-v2.0,1.0,2026-07-28T10:26:12.887540+02:00,54.4,49.5,57.0,43.0,0.0,9.0,69.0,42.0,27.0,2024414.0,,-1.7,,,14.7,-0.0674,True,91.7,87.5,False,6.48,1.3,True,False,False,,pass,descarte,pendiente,0.0,desconocido,Pendiente de implementar,parcial,eps_stabilization (media): EPS 0.41 vs 0.18 (annual_eps_fallback) | debt_reduction (alta): Deuda 16714.0M vs 17008.0M | dividend_maintained (baja): Dividendo actual 6.10% con caída del 18.7%,razonable,descarte,6.28,6.37,6.28 - 6.37,6.48,6.86,6.48 - 6.86,Pérdida del soporte en 6.37 | ROE negativo durante 2 trimestres consecutivos | Ampliación de capital dilutiva | Recorte de rating a bono basura,6-12,"BANK QLD FPO [BOQ] está un 18.7% por debajo de su máximo 52s. Fundamentalmente aceptable con ROE 1.6%, dividendo 6.1%. Técnicamente 🟢 Divergencia alcista RSI, 🟢 Cerca de soporte. Clasificación: descarte.","BANK QLD FPO [BOQ] está un 18.7% por debajo de su máximo 52s. Fundamentalmente aceptable con ROE 1.6%, dividendo 6.1%. Técnicamente 🟢 Divergencia alcista RSI, 🟢 Cerca de soporte. Clasificación: descarte.",OK,
NAB.AX,NAT. BANK FPO [NAB],ASX,1.0,script-v2.0,1.0,2026-07-28T10:25:55.931542+02:00,54.3,43.8,71.0,20.0,0.0,1.0,86.0,53.0,33.0,5797092.0,,38.0,,,14.9,-0.4525,True,90.3,95.3,False,40.95,0.6,True,True,False,Sin señales de recuperación,pass,descarte,pendiente,0.0,desconocido,Pendiente de implementar,ausente,dividend_maintained (baja): Dividendo actual 4.13% con caída del 16.7%,fuerte,descarte,38.22,39.16,38.22 - 39.16,40.96,42.03,40.96 - 42.03,Pérdida del soporte en 39.16 | ROE negativo durante 2 trimestres consecutivos | Ampliación de capital dilutiva | Recorte de rating a bono basura,6-12,"NAT. BANK FPO [NAB] está un 16.7% por debajo de su máximo 52s. Fundamentalmente aceptable con ROE 9.9%, dividendo 4.1%. Técnicamente 🟢 Divergencia alcista RSI, 🟢 Cruce alcista MACD. Clasificación: descarte.","NAT. BANK FPO [NAB] está un 16.7% por debajo de su máximo 52s. Fundamentalmente aceptable con ROE 9.9%, dividendo 4.1%. Técnicamente 🟢 Divergencia alcista RSI, 🟢 Cruce alcista MACD. Clasificación: descarte.",OK,
DGE.L,DIAGEO PLC ORD 28 101/108P,EUROSTOXX,1.0,script-v2.0,1.0,2026-07-28T10:24:43.938133+02:00,54.2,55.0,79.0,34.0,0.0,9.0,52.0,19.0,33.0,5154233.0,3.57,-0.5,,9.63,39.1,-19.6874,True,76.5,64.7,False,1598.61,1.9,True,True,False,,pass,descarte,pendiente,0.0,desconocido,Pendiente de implementar,parcial,"debt_reduction (alta): Deuda 24290.0M vs 24401.0M | dividend_maintained (baja): Dividendo actual 0.04% con caída del 24.0% | analyst_upgrade (media): Target 1958.49 vs precio 1628.50 (+20%), recMean 1.91, recKey buy",razonable,descarte,1454.16,1539.27,1454.16 - 1539.27,1609.7,1820.7,1609.70 - 1820.70,Pérdida del soporte en 1454.16 | ROE negativo durante 2 trimestres consecutivos | Ampliación de capital dilutiva | Recorte de rating a bono basura,6-12,"DIAGEO PLC ORD 28 101/108P está un 24.0% por debajo de su máximo 52s. Fundamentalmente aceptable con ROE 19.7%, deuda neta/EBITDA 3.6x. Técnicamente 🟢 MACD semanal girando al alza, 🟡 Apoyo en MA40 semanal. Clasificación: descarte.","DIAGEO PLC ORD 28 101/108P está un 24.0% por debajo de su máximo 52s. Fundamentalmente aceptable con ROE 19.7%, deuda neta/EBITDA 3.6x. Técnicamente 🟢 MACD semanal girando al alza, 🟡 Apoyo en MA40 semanal. Clasificación: descarte.",OK,
PUB.PA,PUBLICIS GROUPE SA,EUROSTOXX,1.0,script-v2.0,1.0,2026-07-28T10:24:05.762764+02:00,54.0,60.0,100.0,25.0,0.0,9.0,36.0,30.0,6.0,664551.0,1.14,-0.2,,8.85,8.7,3.2275,False,94.7,56.8,False,79.55,15.5,False,True,True,,pass,pendiente_confirmacion,pendiente,0.0,desconocido,Pendiente de implementar,parcial,"debt_reduction (alta): Deuda 5450.0M vs 5459.0M | dividend_maintained (baja): Dividendo actual 4.08% con caída del 1.0% | analyst_upgrade (media): Target 111.00 vs precio 91.84 (+21%), recMean 1.47, recKey strong_buy",incompleto,pendiente_confirmacion,83.61,84.61,83.61 - 84.61,78.86,79.3,78.86 - 79.30,Pérdida del soporte en 83.61 | ROE negativo durante 2 trimestres consecutivos | Ampliación de capital dilutiva | Recorte de rating a bono basura,6-12,"PUBLICIS GROUPE SA está un 1.0% por debajo de su máximo 52s. Fundamentalmente aceptable con ROE 16.2%, deuda neta/EBITDA 1.1x. Técnicamente 🟢 Cruce alcista MACD, 🟡 trendline_break. Clasificación: pendiente_confirmacion.","PUBLICIS GROUPE SA está un 1.0% por debajo de su máximo 52s. Fundamentalmente aceptable con ROE 16.2%, deuda neta/EBITDA 1.1x. Técnicamente 🟢 Cruce alcista MACD, 🟡 trendline_break. Clasificación: pendiente_confirmacion.",OK,
NEE,"NextEra Energy, Inc.",SP500,1.0,script-v2.0,1.0,2026-07-28T10:25:31.909120+02:00,54.0,51.0,83.0,23.0,0.0,7.0,63.0,46.0,17.0,11584182.0,7.35,5.5,0.2,20.81,9.4,0.7642,False,48.9,65.7,False,87.2,1.9,True,False,False,,pass,descarte,pendiente,0.0,desconocido,Pendiente de implementar,parcial,margin_stabilization (media): Margen gross 62.4% vs 58.9% (+3.5 pp) | eps_stabilization (media): EPS 1.50 vs 1.04 (Diluted EPS) | dividend_maintained (baja): Dividendo actual 2.80% con caída del 10.0%,razonable,descarte,87.49,88.15,87.49 - 88.15,83.94,86.72,83.94 - 86.72,Pérdida del soporte en 88.15 | ROE negativo durante 2 trimestres consecutivos | Ampliación de capital dilutiva | Recorte de rating a bono basura,6-12,"NextEra Energy, Inc. está un 10.0% por debajo de su máximo 52s. Fundamentalmente aceptable con ROE 11.7%, deuda neta/EBITDA 7.3x. Técnicamente 🟢 Divergencia alcista RSI, 🟢 Cerca de soporte. Clasificación: descarte.","NextEra Energy, Inc. está un 10.0% por debajo de su máximo 52s. Fundamentalmente aceptable con ROE 11.7%, deuda neta/EBITDA 7.3x. Técnicamente 🟢 Divergencia alcista RSI, 🟢 Cerca de soporte. Clasificación: descarte.",OK,
ADS.DE,adidas AG                     N,EUROSTOXX,1.0,script-v2.0,1.0,2026-07-28T10:23:41.137209+02:00,54.0,53.0,93.0,18.0,0.0,7.0,57.0,39.0,18.0,665039.0,2.06,7.1,0.0,14.96,29.6,7.1312,False,68.5,36.7,False,156.31,15.6,True,True,False,,pass,descarte,pendiente,0.0,desconocido,Pendiente de implementar,parcial,margin_stabilization (media): Margen gross 51.1% vs 50.8% (+0.3 pp) | eps_stabilization (media): EPS 2.72 vs 0.46 (Diluted EPS) | dividend_maintained (baja): Dividendo actual 1.55% con caída del 10.7%,razonable,descarte,172.98,175.38,172.98 - 175.38,157.58,172.04,157.58 - 172.04,Pérdida del soporte en 175.38 | ROE negativo durante 2 trimestres consecutivos | Ampliación de capital dilutiva | Recorte de rating a bono basura,6-12,"adidas AG                     N está un 10.7% por debajo de su máximo 52s. Fundamentalmente aceptable con ROE 22.9%, deuda neta/EBITDA 2.1x. Técnicamente 🟡 MACD convergiendo, 🟢 Cerca de soporte. Clasificación: descarte.","adidas AG                     N está un 10.7% por debajo de su máximo 52s. Fundamentalmente aceptable con ROE 22.9%, deuda neta/EBITDA 2.1x. Técnicamente 🟡 MACD convergiendo, 🟢 Cerca de soporte. Clasificación: descarte.",OK,
BEN.AX,BEN ADE BK FPO [BEN],ASX,1.0,script-v2.0,1.0,2026-07-28T10:26:11.997505+02:00,53.8,53.1,60.0,47.0,0.0,6.0,56.0,28.0,28.0,1228437.0,,-16.1,,,14.5,-0.0246,True,92.2,89.9,False,10.63,4.9,True,True,False,,pass,descarte,pendiente,0.0,desconocido,Pendiente de implementar,parcial,debt_reduction (alta): Deuda 9544.2M vs 11371.4M | dividend_maintained (baja): Dividendo actual 5.38% con caída del 18.8%,razonable,descarte,10.2,10.51,10.20 - 10.51,10.71,11.67,10.71 - 11.67,Pérdida del soporte en 10.20 | ROE negativo durante 2 trimestres consecutivos | Ampliación de capital dilutiva | Recorte de rating a bono basura,6-12,"BEN ADE BK FPO [BEN] está un 18.8% por debajo de su máximo 52s. Fundamentalmente aceptable con ROE -1.2%, dividendo 5.4%. Técnicamente 🟢 Divergencia alcista RSI, 🟢 MACD semanal girando al alza. Clasificación: descarte.","BEN ADE BK FPO [BEN] está un 18.8% por debajo de su máximo 52s. Fundamentalmente aceptable con ROE -1.2%, dividendo 5.4%. Técnicamente 🟢 Divergencia alcista RSI, 🟢 MACD semanal girando al alza. Clasificación: descarte.",OK,
BA.L,BAE SYSTEMS PLC ORD 2.5P,EUROSTOXX,1.0,script-v2.0,1.0,2026-07-28T10:24:42.833903+02:00,53.5,49.3,100.0,5.0,0.0,9.0,66.0,44.0,22.0,6385374.0,1.59,-2.9,,18.32,13.5,-11.8293,True,99.2,88.8,False,1958.17,4.3,True,False,False,,pass,descarte,pendiente,0.0,desconocido,Pendiente de implementar,parcial,eps_stabilization (media): EPS 0.68 vs 0.64 (annual_eps_fallback) | debt_reduction (alta): Deuda 9159.0M vs 9428.0M | dividend_maintained (baja): Dividendo actual 0.02% con caída del 13.5%,razonable,descarte,1883.5,1904.47,1883.50 - 1904.47,1952.3,2006.0,1952.30 - 2006.00,Pérdida del soporte en 1883.50 | ROE negativo durante 2 trimestres consecutivos | Ampliación de capital dilutiva | Recorte de rating a bono basura,6-12,"BAE SYSTEMS PLC ORD 2.5P está un 13.5% por debajo de su máximo 52s. Fundamentalmente aceptable con ROE 18.1%, deuda neta/EBITDA 1.6x. Técnicamente 🟢 Divergencia alcista RSI, 🟢 Cruce alcista MACD. Clasificación: descarte.","BAE SYSTEMS PLC ORD 2.5P está un 13.5% por debajo de su máximo 52s. Fundamentalmente aceptable con ROE 18.1%, deuda neta/EBITDA 1.6x. Técnicamente 🟢 Divergencia alcista RSI, 🟢 Cruce alcista MACD. Clasificación: descarte.",OK,
NESTE.HE,Neste Corporation,EUROSTOXX,1.0,script-v2.0,1.0,2026-07-28T10:24:26.811744+02:00,53.4,55.2,100.0,16.0,0.0,12.0,48.0,30.0,18.0,1209963.0,1.33,-9.8,5.0,9.74,12.1,2.2922,False,35.8,63.1,False,23.99,24.7,True,True,False,,pass,descarte,pendiente,0.0,desconocido,Pendiente de implementar,confirmada,margin_stabilization (media): Margen gross 21.4% vs 19.4% (+2.0 pp) | eps_stabilization (media): EPS 0.99 vs 0.69 (Diluted EPS) | debt_reduction (alta): Deuda 4698.0M vs 5207.0M | dividend_maintained (baja): Dividendo actual 0.67% con caída del 12.1%,razonable,descarte,26.58,28.91,26.58 - 28.91,23.32,28.95,23.32 - 28.95,Pérdida del soporte en 26.58 | ROE negativo durante 2 trimestres consecutivos | Ampliación de capital dilutiva | Recorte de rating a bono basura,6-12,"Neste Corporation está un 12.1% por debajo de su máximo 52s. Fundamentalmente aceptable con ROE 19.4%, deuda neta/EBITDA 1.3x. Técnicamente 🟢 Volumen creciente, 🟢 base_pattern_detected. Clasificación: descarte.","Neste Corporation está un 12.1% por debajo de su máximo 52s. Fundamentalmente aceptable con ROE 19.4%, deuda neta/EBITDA 1.3x. Técnicamente 🟢 Volumen creciente, 🟢 base_pattern_detected. Clasificación: descarte.",OK,
META,"Meta Platforms, Inc.",SP500,1.0,script-v2.0,1.0,2026-07-28T10:25:50.308067+02:00,53.1,53.1,75.0,34.0,0.0,10.0,53.0,36.0,17.0,18282250.0,0.05,3.4,-0.0,13.84,25.2,-10.0763,False,15.4,19.6,False,625.68,-5.1,True,False,False,,pass,descarte,pendiente,0.0,desconocido,Pendiente de implementar,parcial,"margin_stabilization (media): Margen gross 81.9% vs 81.8% (+0.1 pp) | eps_stabilization (media): EPS 10.44 vs 8.88 (Diluted EPS) | dividend_maintained (baja): Dividendo actual 0.35% con caída del 25.4% | analyst_upgrade (media): Target 825.84 vs precio 593.87 (+39%), recMean 1.35, recKey strong_buy",razonable,descarte,556.49,593.87,556.49 - 593.87,636.53,676.81,636.53 - 676.81,Pérdida del soporte en 556.49 | ROE negativo durante 2 trimestres consecutivos | Ampliación de capital dilutiva | Recorte de rating a bono basura,12-18,"Meta Platforms, Inc. está un 25.4% por debajo de su máximo 52s. Fundamentalmente aceptable con ROE 32.9%, deuda neta/EBITDA 0.1x. Técnicamente 🟢 Bajo SMA200 con SMA50 girando, 🟡 Apoyo en MA40 semanal. Clasificación: descarte.","Meta Platforms, Inc. está un 25.4% por debajo de su máximo 52s. Fundamentalmente aceptable con ROE 32.9%, deuda neta/EBITDA 0.1x. Técnicamente 🟢 Bajo SMA200 con SMA50 girando, 🟡 Apoyo en MA40 semanal. Clasificación: descarte.",OK,
SOLB.BR,SOLVAY,EUROSTOXX,1.0,script-v2.0,1.0,2026-07-28T10:24:23.828135+02:00,52.6,51.2,56.0,47.0,0.0,7.0,57.0,39.0,18.0,367909.0,2.66,3.1,-0.0,7.05,19.6,0.3246,False,70.4,66.3,False,25.41,4.5,True,True,False,,pass,descarte,pendiente,0.0,desconocido,Pendiente de implementar,parcial,margin_stabilization (media): Margen gross 23.3% vs 21.5% (+1.8 pp) | eps_stabilization (media): EPS 0.24 vs -0.90 (Diluted EPS) | dividend_maintained (baja): Dividendo actual 9.15% con caída del 12.1%,razonable,descarte,25.17,26.39,25.17 - 26.39,25.4,25.67,25.40 - 25.67,Pérdida del soporte en 25.17 | ROE negativo durante 2 trimestres consecutivos | Ampliación de capital dilutiva | Recorte de rating a bono basura,6-12,"SOLVAY está un 12.1% por debajo de su máximo 52s. Fundamentalmente aceptable con ROE -1.5%, deuda neta/EBITDA 2.7x. Técnicamente 🟢 Cruce alcista MACD, 🟢 base_pattern_detected. Clasificación: descarte.","SOLVAY está un 12.1% por debajo de su máximo 52s. Fundamentalmente aceptable con ROE -1.5%, deuda neta/EBITDA 2.7x. Técnicamente 🟢 Cruce alcista MACD, 🟢 base_pattern_detected. Clasificación: descarte.",OK,
ULVR.L,UNILEVER PLC ORD 3.5P,EUROSTOXX,1.0,script-v2.0,1.0,2026-07-28T10:24:36.435131+02:00,52.6,46.2,83.0,14.0,0.0,6.0,72.0,44.0,28.0,5376449.0,2.14,-7.8,,11.63,11.1,-15.2574,True,96.9,70.5,False,4688.83,5.0,True,True,False,,pass,descarte,pendiente,0.0,desconocido,Pendiente de implementar,parcial,debt_reduction (alta): Deuda 28278.0M vs 30655.0M | dividend_maintained (baja): Dividendo actual 0.03% con caída del 11.1%,fuerte,descarte,4437.94,4748.51,4437.94 - 4748.51,4693.67,4710.79,4693.67 - 4710.79,Pérdida del soporte en 4748.51 | ROE negativo durante 2 trimestres consecutivos | Ampliación de capital dilutiva | Recorte de rating a bono basura,6-12,"UNILEVER PLC ORD 3.5P está un 11.1% por debajo de su máximo 52s. Fundamentalmente aceptable con ROE 31.0%, deuda neta/EBITDA 2.1x. Técnicamente 🟢 Cruce alcista MACD, 🟢 Cerca de soporte. Clasificación: descarte.","UNILEVER PLC ORD 3.5P está un 11.1% por debajo de su máximo 52s. Fundamentalmente aceptable con ROE 31.0%, deuda neta/EBITDA 2.1x. Técnicamente 🟢 Cruce alcista MACD, 🟢 Cerca de soporte. Clasificación: descarte.",OK,
VZ,Verizon Communications Inc.,SP500,1.0,script-v2.0,1.0,2026-07-28T10:24:54.535173+02:00,52.5,55.1,86.0,28.0,0.0,4.0,45.0,33.0,12.0,27101396.0,3.74,3.8,0.6,7.7,5.5,0.3881,False,96.4,88.1,False,43.79,8.1,True,False,False,Sin señales de recuperación,pass,descarte,pendiente,0.0,desconocido,Pendiente de implementar,ausente,margin_stabilization (media): Margen gross 60.3% vs 54.7% (+5.6 pp) | dividend_maintained (baja): Dividendo actual 5.98% con caída del 8.4%,razonable,descarte,44.87,45.02,44.87 - 45.02,43.17,43.93,43.17 - 43.93,Pérdida del soporte en 45.02 | ROE negativo durante 2 trimestres consecutivos | Ampliación de capital dilutiva | Recorte de rating a bono basura,6-12,"Verizon Communications Inc. está un 8.4% por debajo de su máximo 52s. Fundamentalmente aceptable con ROE 15.8%, deuda neta/EBITDA 3.7x. Técnicamente 🟢 Divergencia alcista RSI, 🟢 Cerca de soporte. Clasificación: descarte.","Verizon Communications Inc. está un 8.4% por debajo de su máximo 52s. Fundamentalmente aceptable con ROE 15.8%, deuda neta/EBITDA 3.7x. Técnicamente 🟢 Divergencia alcista RSI, 🟢 Cerca de soporte. Clasificación: descarte.",OK,
OR.PA,L'OREAL,EUROSTOXX,1.0,script-v2.0,1.0,2026-07-28T10:23:57.817305+02:00,52.3,52.7,97.0,14.0,0.0,1.0,51.0,39.0,12.0,411745.0,0.21,35.0,,20.47,5.4,4.3403,False,55.8,32.0,False,367.88,3.0,True,False,False,Sin señales de recuperación,pass,descarte,pendiente,0.0,desconocido,Pendiente de implementar,ausente,dividend_maintained (baja): Dividendo actual 1.90% con caída del 7.2%,razonable,descarte,374.81,379.0,374.81 - 379.00,347.1,367.46,347.10 - 367.46,Pérdida del soporte en 374.81 | ROE negativo durante 2 trimestres consecutivos | Ampliación de capital dilutiva | Recorte de rating a bono basura,6-12,"L'OREAL está un 7.2% por debajo de su máximo 52s. Fundamentalmente aceptable con ROE 18.0%, deuda neta/EBITDA 0.2x. Técnicamente 🟡 MACD convergiendo, 🟢 Cerca de soporte. Clasificación: descarte.","L'OREAL está un 7.2% por debajo de su máximo 52s. Fundamentalmente aceptable con ROE 18.0%, deuda neta/EBITDA 0.2x. Técnicamente 🟡 MACD convergiendo, 🟢 Cerca de soporte. Clasificación: descarte.",OK,
HEIA.AS,HEINEKEN,EUROSTOXX,1.0,script-v2.0,1.0,2026-07-28T10:24:08.878725+02:00,52.1,53.5,86.0,25.0,0.0,4.0,48.0,30.0,18.0,830467.0,2.63,9.6,,10.86,6.0,1.8699,False,91.9,57.9,False,70.55,11.0,True,True,False,Sin señales de recuperación,pass,descarte,pendiente,0.0,desconocido,Pendiente de implementar,ausente,eps_stabilization (media): EPS 3.38 vs 1.74 (annual_eps_fallback) | dividend_maintained (baja): Dividendo actual 2.43% con caída del 2.4%,razonable,descarte,72.18,75.42,72.18 - 75.42,68.2,70.15,68.20 - 70.15,Pérdida del soporte en 75.42 | ROE negativo durante 2 trimestres consecutivos | Ampliación de capital dilutiva | Recorte de rating a bono basura,6-12,"HEINEKEN está un 2.4% por debajo de su máximo 52s. Fundamentalmente aceptable con ROE 9.9%, deuda neta/EBITDA 2.6x. Técnicamente 🟡 MACD convergiendo, 🟢 Cerca de soporte. Clasificación: descarte.","HEINEKEN está un 2.4% por debajo de su máximo 52s. Fundamentalmente aceptable con ROE 9.9%, deuda neta/EBITDA 2.6x. Técnicamente 🟡 MACD convergiendo, 🟢 Cerca de soporte. Clasificación: descarte.",OK,
EDP.LS,"EDP, SA",EUROSTOXX,1.0,script-v2.0,1.0,2026-07-28T10:24:24.068498+02:00,52.1,48.8,76.0,25.0,0.0,7.0,62.0,44.0,18.0,8876147.0,5.23,0.1,3.4,11.47,3.6,0.1389,False,43.5,64.8,False,4.16,8.7,True,True,False,,pass,descarte,pendiente,0.0,desconocido,Pendiente de implementar,parcial,margin_stabilization (media): Margen gross 40.0% vs 33.9% (+6.1 pp) | eps_stabilization (media): EPS 0.09 vs 0.06 (Diluted EPS) | dividend_maintained (baja): Dividendo actual 4.64% con caída del 5.1%,razonable,descarte,4.33,4.47,4.33 - 4.47,4.05,4.16,4.05 - 4.16,Pérdida del soporte en 4.33 | ROE negativo durante 2 trimestres consecutivos | Ampliación de capital dilutiva | Recorte de rating a bono basura,6-12,"EDP, SA está un 5.1% por debajo de su máximo 52s. Fundamentalmente aceptable con ROE 7.8%, deuda neta/EBITDA 5.2x. Técnicamente 🟢 Cruce alcista MACD, 🟢 Cerca de soporte. Clasificación: descarte.","EDP, SA está un 5.1% por debajo de su máximo 52s. Fundamentalmente aceptable con ROE 7.8%, deuda neta/EBITDA 5.2x. Técnicamente 🟢 Cruce alcista MACD, 🟢 Cerca de soporte. Clasificación: descarte.",OK,
LMT,Lockheed Martin Corporation,SP500,1.0,script-v2.0,1.0,2026-07-28T10:25:25.336578+02:00,52.0,48.7,86.0,16.0,0.0,12.0,62.0,50.0,12.0,1302169.0,1.73,-0.8,0.0,15.56,15.6,0.2657,False,91.7,92.5,False,545.25,6.4,True,False,False,,pass,descarte,pendiente,0.0,desconocido,Pendiente de implementar,confirmada,margin_stabilization (media): Margen gross 12.2% vs 11.5% (+0.7 pp) | eps_stabilization (media): EPS 7.94 vs 6.44 (Diluted EPS) | debt_reduction (alta): Deuda 20538.0M vs 20697.0M | dividend_maintained (baja): Dividendo actual 2.38% con caída del 16.2%,razonable,descarte,500.41,523.61,500.41 - 523.61,538.83,588.2,538.83 - 588.20,Pérdida del soporte en 500.41 | ROE negativo durante 2 trimestres consecutivos | Ampliación de capital dilutiva | Recorte de rating a bono basura,6-12,"Lockheed Martin Corporation está un 16.2% por debajo de su máximo 52s. Fundamentalmente aceptable con ROE 89.2%, deuda neta/EBITDA 1.7x. Técnicamente 🟢 Divergencia alcista RSI, 🟢 Cruce alcista MACD. Clasificación: descarte.","Lockheed Martin Corporation está un 16.2% por debajo de su máximo 52s. Fundamentalmente aceptable con ROE 89.2%, deuda neta/EBITDA 1.7x. Técnicamente 🟢 Divergencia alcista RSI, 🟢 Cruce alcista MACD. Clasificación: descarte.",OK,
ED,"Consolidated Edison, Inc.",SP500,1.0,script-v2.0,1.0,2026-07-28T10:25:02.212024+02:00,52.0,55.0,95.0,20.0,0.0,12.0,43.0,25.0,18.0,2427517.0,4.49,-4.2,0.2,11.32,3.3,1.9334,False,35.7,46.4,False,105.85,5.3,True,True,True,,pass,pendiente_confirmacion,pendiente,0.0,desconocido,Pendiente de implementar,confirmada,margin_stabilization (media): Margen gross 54.6% vs 51.1% (+3.5 pp) | eps_stabilization (media): EPS 2.54 vs 0.82 (Diluted EPS) | debt_reduction (alta): Deuda 27177.0M vs 28376.0M | dividend_maintained (baja): Dividendo actual 3.15% con caída del 4.1%,incompleto,pendiente_confirmacion,107.48,108.77,107.48 - 108.77,98.8,104.88,98.80 - 104.88,Pérdida del soporte en 107.48 | ROE negativo durante 2 trimestres consecutivos | Ampliación de capital dilutiva | Recorte de rating a bono basura,6-12,"Consolidated Edison, Inc. está un 4.1% por debajo de su máximo 52s. Fundamentalmente aceptable con ROE 8.7%, deuda neta/EBITDA 4.5x. Técnicamente 🟢 Cerca de soporte, 🟢 base_pattern_detected. Clasificación: pendiente_confirmacion.","Consolidated Edison, Inc. está un 4.1% por debajo de su máximo 52s. Fundamentalmente aceptable con ROE 8.7%, deuda neta/EBITDA 4.5x. Técnicamente 🟢 Cerca de soporte, 🟢 base_pattern_detected. Clasificación: pendiente_confirmacion.",OK,
9433.T,KDDI CORPORATION,ASIA,1.0,script-v2.0,1.0,2026-07-28T10:26:17.049111+02:00,51.9,56.9,99.0,20.0,0.0,9.0,37.0,19.0,18.0,9317056.0,2.46,-0.4,,9.19,1.0,78.0991,False,87.8,93.4,False,2666.67,12.2,True,True,True,,pass,pendiente_confirmacion,pendiente,0.0,desconocido,Pendiente de implementar,parcial,eps_stabilization (media): EPS 183.55 vs 169.28 (annual_eps_fallback) | debt_reduction (alta): Deuda 5375349.8M vs 5397863.0M | dividend_maintained (baja): Dividendo actual 2.81% con caída del 1.0%,incompleto,pendiente_confirmacion,2750.58,2820.0,2750.58 - 2820.00,2569.55,2630.2,2569.55 - 2630.20,Pérdida del soporte en 2820.00 | ROE negativo durante 2 trimestres consecutivos | Ampliación de capital dilutiva | Recorte de rating a bono basura,6-12,"KDDI CORPORATION está un 1.0% por debajo de su máximo 52s. Fundamentalmente aceptable con ROE 14.0%, deuda neta/EBITDA 2.5x. Técnicamente 🟢 base_pattern_detected, 🟡 trendline_break. Clasificación: pendiente_confirmacion.","KDDI CORPORATION está un 1.0% por debajo de su máximo 52s. Fundamentalmente aceptable con ROE 14.0%, deuda neta/EBITDA 2.5x. Técnicamente 🟢 base_pattern_detected, 🟡 trendline_break. Clasificación: pendiente_confirmacion.",OK,
105560.KS,KBFinancialGroup,ASIA,1.0,script-v2.0,1.0,2026-07-28T10:26:44.741976+02:00,51.2,55.3,74.0,39.0,0.0,7.0,39.0,21.0,18.0,1501926.0,,30.7,,,15.1,8902.493,False,4.9,19.1,False,147403.09,12.1,True,True,True,,pass,pendiente_confirmacion,pendiente,0.0,desconocido,Pendiente de implementar,parcial,"eps_stabilization (media): EPS 5120.00 vs 4458.00 (Diluted EPS) | dividend_maintained (baja): Dividendo actual 2.80% con caída del 15.1% | analyst_upgrade (media): Target 211395.00 vs precio 165200.00 (+28%), recMean 1.40, recKey strong_buy",incompleto,pendiente_confirmacion,163162.0,164100.0,163162.00 - 164100.00,142874.82,165325.0,142874.82 - 165325.00,Pérdida del soporte en 164100.00 | ROE negativo durante 2 trimestres consecutivos | Ampliación de capital dilutiva | Recorte de rating a bono basura,6-12,"KBFinancialGroup está un 15.1% por debajo de su máximo 52s. Fundamentalmente aceptable con ROE 10.2%, dividendo 2.8%. Técnicamente 🟢 Cerca de soporte, 🟢 base_pattern_detected. Clasificación: pendiente_confirmacion.","KBFinancialGroup está un 15.1% por debajo de su máximo 52s. Fundamentalmente aceptable con ROE 10.2%, dividendo 2.8%. Técnicamente 🟢 Cerca de soporte, 🟢 base_pattern_detected. Clasificación: pendiente_confirmacion.",OK,
DBK.DE,DEUTSCHE BANK AG              N,EUROSTOXX,1.0,script-v2.0,1.0,2026-07-28T10:23:41.230519+02:00,51.2,50.7,64.0,39.0,0.0,4.0,53.0,35.0,18.0,5094348.0,,216.1,,,6.2,0.8457,False,53.6,29.0,False,29.01,6.8,True,True,False,Sin señales de recuperación,pass,descarte,pendiente,0.0,desconocido,Pendiente de implementar,ausente,eps_stabilization (media): EPS 1.06 vs 0.67 (Diluted EPS) | dividend_maintained (baja): Dividendo actual 3.23% con caída del 9.5%,razonable,descarte,29.56,29.65,29.56 - 29.65,28.97,29.12,28.97 - 29.12,Pérdida del soporte en 29.65 | ROE negativo durante 2 trimestres consecutivos | Ampliación de capital dilutiva | Recorte de rating a bono basura,6-12,"DEUTSCHE BANK AG              N está un 9.5% por debajo de su máximo 52s. Fundamentalmente aceptable con ROE 8.7%, dividendo 3.2%. Técnicamente 🟡 MACD convergiendo, 🟢 Cerca de soporte. Clasificación: descarte.","DEUTSCHE BANK AG              N está un 9.5% por debajo de su máximo 52s. Fundamentalmente aceptable con ROE 8.7%, dividendo 3.2%. Técnicamente 🟡 MACD convergiendo, 🟢 Cerca de soporte. Clasificación: descarte.",OK,
REN.AS,RELX,EUROSTOXX,1.0,script-v2.0,1.0,2026-07-28T10:24:11.678038+02:00,51.0,51.3,70.0,35.0,0.0,7.0,50.0,28.0,22.0,1230821.0,2.64,18.2,,19.4,34.0,-0.6271,True,98.7,80.1,False,30.64,5.3,True,False,False,,pass,descarte,pendiente,0.0,desconocido,Pendiente de implementar,parcial,"eps_stabilization (media): EPS 1.12 vs 1.03 (annual_eps_fallback) | dividend_maintained (baja): Dividendo actual 2.48% con caída del 29.9% | analyst_upgrade (media): Target 47.15 vs precio 32.26 (+46%), recMean 1.00, recKey strong_buy",razonable,descarte,28.64,29.95,28.64 - 29.95,31.03,39.12,31.03 - 39.12,Pérdida del soporte en 29.95 | ROE negativo durante 2 trimestres consecutivos | Ampliación de capital dilutiva | Recorte de rating a bono basura,12-18,"RELX está un 29.9% por debajo de su máximo 52s. Fundamentalmente aceptable con ROE 131.9%, deuda neta/EBITDA 2.6x. Técnicamente 🟢 Divergencia alcista RSI, 🟢 MACD semanal girando al alza. Clasificación: descarte.","RELX está un 29.9% por debajo de su máximo 52s. Fundamentalmente aceptable con ROE 131.9%, deuda neta/EBITDA 2.6x. Técnicamente 🟢 Divergencia alcista RSI, 🟢 MACD semanal girando al alza. Clasificación: descarte.",OK,
CA.PA,CARREFOUR,EUROSTOXX,1.0,script-v2.0,1.0,2026-07-28T10:23:49.596640+02:00,50.9,53.1,67.0,41.0,0.0,1.0,44.0,32.0,12.0,2411387.0,4.63,316.0,,8.01,5.3,0.592,False,47.5,45.8,False,14.64,9.4,True,False,False,Sin señales de recuperación,pass,descarte,pendiente,0.0,desconocido,Pendiente de implementar,ausente,dividend_maintained (baja): Dividendo actual 6.05% con caída del 8.6%,incompleto,descarte,15.73,16.02,15.73 - 16.02,14.48,14.91,14.48 - 14.91,Pérdida del soporte en 15.73 | ROE negativo durante 2 trimestres consecutivos | Ampliación de capital dilutiva | Recorte de rating a bono basura,6-12,"CARREFOUR está un 8.6% por debajo de su máximo 52s. Fundamentalmente aceptable con ROE 8.4%, deuda neta/EBITDA 4.6x. Técnicamente 🟢 Cerca de soporte, 🟢 base_pattern_detected. Clasificación: descarte.","CARREFOUR está un 8.6% por debajo de su máximo 52s. Fundamentalmente aceptable con ROE 8.4%, deuda neta/EBITDA 4.6x. Técnicamente 🟢 Cerca de soporte, 🟢 base_pattern_detected. Clasificación: descarte.",OK,
LSEG.L,LONDON STOCK EXCHANGE GROUP PLC,EUROSTOXX,1.0,script-v2.0,1.0,2026-07-28T10:24:45.756858+02:00,50.5,40.7,77.0,9.0,0.0,7.0,80.0,53.0,27.0,1434811.0,2.27,17.5,,16.3,26.1,-33.6693,True,62.5,53.2,False,8818.92,2.1,True,False,False,,pass,descarte,pendiente,0.0,desconocido,Pendiente de implementar,parcial,"eps_stabilization (media): EPS 2.37 vs 1.28 (annual_eps_fallback) | dividend_maintained (baja): Dividendo actual 0.02% con caída del 12.5% | analyst_upgrade (media): Target 12076.67 vs precio 9002.00 (+34%), recMean 1.47, recKey strong_buy",fuerte,descarte,8849.68,8925.33,8849.68 - 8925.33,8746.5,8794.33,8746.50 - 8794.33,Pérdida del soporte en 8925.33 | ROE negativo durante 2 trimestres consecutivos | Ampliación de capital dilutiva | Recorte de rating a bono basura,6-12,"LONDON STOCK EXCHANGE GROUP PLC está un 12.5% por debajo de su máximo 52s. Fundamentalmente aceptable con ROE 6.4%, deuda neta/EBITDA 2.3x. Técnicamente 🟢 Divergencia alcista RSI, 🟢 Cruce alcista MACD. Clasificación: descarte.","LONDON STOCK EXCHANGE GROUP PLC está un 12.5% por debajo de su máximo 52s. Fundamentalmente aceptable con ROE 6.4%, deuda neta/EBITDA 2.3x. Técnicamente 🟢 Divergencia alcista RSI, 🟢 Cruce alcista MACD. Clasificación: descarte.",OK,
TLS.AX,TELSTRA FPO [TLS],ASX,1.0,script-v2.0,1.0,2026-07-28T10:25:59.078972+02:00,50.5,48.9,82.0,20.0,0.0,4.0,55.0,50.0,5.0,24161609.0,2.42,,,10.59,10.2,-0.0066,False,70.0,47.8,False,5.03,-0.3,False,False,False,Sin señales de recuperación,pass,descarte,pendiente,0.0,desconocido,Pendiente de implementar,ausente,eps_stabilization (media): EPS 0.19 vs 0.14 (annual_eps_fallback) | dividend_maintained (baja): Dividendo actual 4.19% con caída del 10.2%,razonable,descarte,4.76,5.01,4.76 - 5.01,4.74,5.01,4.74 - 5.01,Pérdida del soporte en 4.76 | ROE negativo durante 2 trimestres consecutivos | Ampliación de capital dilutiva | Recorte de rating a bono basura,6-12,"TELSTRA FPO [TLS] está un 10.2% por debajo de su máximo 52s. Fundamentalmente aceptable con ROE 14.8%, deuda neta/EBITDA 2.4x. Técnicamente 🟢 Divergencia alcista RSI, 🟢 Volumen creciente. Clasificación: descarte.","TELSTRA FPO [TLS] está un 10.2% por debajo de su máximo 52s. Fundamentalmente aceptable con ROE 14.8%, deuda neta/EBITDA 2.4x. Técnicamente 🟢 Divergencia alcista RSI, 🟢 Volumen creciente. Clasificación: descarte.",OK,
PG,Procter & Gamble Company (The),SP500,1.0,script-v2.0,1.0,2026-07-28T10:24:48.976285+02:00,50.4,49.9,100.0,6.0,0.0,1.0,52.0,35.0,17.0,8678143.0,0.99,1.1,0.7,14.85,13.9,0.1171,False,,,False,146.29,1.6,True,False,False,Sin señales de recuperación,pass,descarte,pendiente,0.0,desconocido,Pendiente de implementar,ausente,dividend_maintained (baja): Dividendo actual 2.93% con caída del 11.1%,razonable,descarte,144.01,148.63,144.01 - 148.63,142.16,142.16,142.16,Pérdida del soporte en 144.01 | ROE negativo durante 2 trimestres consecutivos | Ampliación de capital dilutiva | Recorte de rating a bono basura,6-12,"Procter & Gamble Company (The) está un 11.1% por debajo de su máximo 52s. Fundamentalmente aceptable con ROE 31.1%, deuda neta/EBITDA 1.0x. Técnicamente 🟡 MACD convergiendo, 🟢 Cerca de soporte. Clasificación: descarte.","Procter & Gamble Company (The) está un 11.1% por debajo de su máximo 52s. Fundamentalmente aceptable con ROE 31.1%, deuda neta/EBITDA 1.0x. Técnicamente 🟡 MACD convergiendo, 🟢 Cerca de soporte. Clasificación: descarte.",OK,
AVGO,Broadcom Inc.,SP500,1.0,script-v2.0,1.0,2026-07-28T10:25:50.409673+02:00,50.2,53.6,100.0,13.0,0.0,15.0,40.0,28.0,12.0,25917532.0,1.08,-1.7,8.1,44.4,22.5,9.9076,False,51.1,56.5,False,364.26,5.2,True,False,True,,pass,pendiente_confirmacion,pendiente,0.0,desconocido,Pendiente de implementar,confirmada,"margin_stabilization (media): Margen gross 69.5% vs 68.1% (+1.3 pp) | eps_stabilization (media): EPS 1.91 vs 1.50 (Diluted EPS) | debt_reduction (alta): Deuda 64907.0M vs 66057.0M | dividend_maintained (baja): Dividendo actual 0.68% con caída del 22.6% | analyst_upgrade (media): Target 525.44 vs precio 383.22 (+37%), recMean 1.31, recKey strong_buy",incompleto,pendiente_confirmacion,309.53,383.22,309.53 - 383.22,364.07,420.75,364.07 - 420.75,Pérdida del soporte en 309.53 | ROE negativo durante 2 trimestres consecutivos | Ampliación de capital dilutiva | Recorte de rating a bono basura,6-12,"Broadcom Inc. está un 22.6% por debajo de su máximo 52s. Fundamentalmente aceptable con ROE 37.3%, deuda neta/EBITDA 1.1x. Técnicamente 🟢 Divergencia alcista RSI, 🟢 base_pattern_detected. Clasificación: pendiente_confirmacion.","Broadcom Inc. está un 22.6% por debajo de su máximo 52s. Fundamentalmente aceptable con ROE 37.3%, deuda neta/EBITDA 1.1x. Técnicamente 🟢 Divergencia alcista RSI, 🟢 base_pattern_detected. Clasificación: pendiente_confirmacion.",OK,
0002.HK,CLP HOLDINGS,ASIA,1.0,script-v2.0,1.0,2026-07-28T10:26:32.659570+02:00,50.1,59.8,95.0,29.0,0.0,6.0,21.0,15.0,6.0,3271799.0,2.46,-3.8,,11.16,0.3,1.7445,False,93.0,83.4,False,72.11,7.9,False,True,False,Sin suelo técnico identificado,pass,descarte,pendiente,0.0,desconocido,Pendiente de implementar,parcial,debt_reduction (alta): Deuda 63065.0M vs 65558.0M | dividend_maintained (baja): Dividendo actual 4.11% con caída del 0.3%,sin_suelo,descarte,72.57,75.01,72.57 - 75.01,66.3,71.1,66.30 - 71.10,Pérdida del soporte en 72.57 | ROE negativo durante 2 trimestres consecutivos | Ampliación de capital dilutiva | Recorte de rating a bono basura,6-12,"CLP HOLDINGS está un 0.3% por debajo de su máximo 52s. Fundamentalmente aceptable con ROE 10.1%, deuda neta/EBITDA 2.5x. Técnicamente 🟡 trendline_break. Clasificación: descarte.","CLP HOLDINGS está un 0.3% por debajo de su máximo 52s. Fundamentalmente aceptable con ROE 10.1%, deuda neta/EBITDA 2.5x. Técnicamente 🟡 trendline_break. Clasificación: descarte.",OK,
GALP.LS,GALP ENERGIA-NOM,EUROSTOXX,1.0,script-v2.0,1.0,2026-07-28T10:24:26.711956+02:00,50.1,49.9,100.0,6.0,0.0,9.0,51.0,33.0,18.0,1910221.0,0.95,-11.0,17.3,6.76,11.3,0.4841,False,32.8,64.1,False,17.98,8.0,True,True,False,,pass,descarte,pendiente,0.0,desconocido,Pendiente de implementar,parcial,margin_stabilization (media): Margen gross 15.6% vs 12.1% (+3.5 pp) | debt_reduction (alta): Deuda 4362.0M vs 4899.0M | dividend_maintained (baja): Dividendo actual 3.40% con caída del 12.8%,razonable,descarte,18.22,19.11,18.22 - 19.11,17.89,18.92,17.89 - 18.92,Pérdida del soporte en 18.22 | ROE negativo durante 2 trimestres consecutivos | Ampliación de capital dilutiva | Recorte de rating a bono basura,6-12,"GALP ENERGIA-NOM está un 12.8% por debajo de su máximo 52s. Fundamentalmente aceptable con ROE 16.1%, deuda neta/EBITDA 0.9x. Técnicamente 🟢 Divergencia alcista RSI, 🟢 base_pattern_detected. Clasificación: descarte.","GALP ENERGIA-NOM está un 12.8% por debajo de su máximo 52s. Fundamentalmente aceptable con ROE 16.1%, deuda neta/EBITDA 0.9x. Técnicamente 🟢 Divergencia alcista RSI, 🟢 base_pattern_detected. Clasificación: descarte.",OK,
BA,Boeing Company (The),SP500,1.0,script-v2.0,1.0,2026-07-28T10:25:25.018578+02:00,49.8,41.0,41.0,41.0,0.0,11.0,76.0,59.0,17.0,6195819.0,4.0,-8.9,-0.1,-60.19,16.8,-1.1817,False,30.4,21.0,False,218.48,-3.2,True,False,False,,pass,descarte,pendiente,0.0,desconocido,Pendiente de implementar,parcial,"margin_stabilization (media): Margen gross 11.5% vs 7.6% (+3.9 pp) | debt_reduction (alta): Deuda 49614.0M vs 54433.0M | analyst_upgrade (media): Target 270.08 vs precio 211.50 (+28%), recMean 1.68, recKey buy",fuerte,descarte,190.13,211.5,190.13 - 211.50,216.2,218.35,216.20 - 218.35,Pérdida del soporte en 190.13 | ROE negativo durante 2 trimestres consecutivos | Ampliación de capital dilutiva | Recorte de rating a bono basura,6-12,"Boeing Company (The) está un 16.8% por debajo de su máximo 52s. Fundamentalmente aceptable con ROE 169.9%, deuda neta/EBITDA 4.0x. Técnicamente 🔵 RSI recuperándose de sobreventa, 🟢 Divergencia alcista RSI. Clasificación: descarte.","Boeing Company (The) está un 16.8% por debajo de su máximo 52s. Fundamentalmente aceptable con ROE 169.9%, deuda neta/EBITDA 4.0x. Técnicamente 🔵 RSI recuperándose de sobreventa, 🟢 Divergencia alcista RSI. Clasificación: descarte.",OK,
BN.PA,DANONE,EUROSTOXX,1.0,script-v2.0,1.0,2026-07-28T10:23:47.558894+02:00,49.8,52.0,92.0,17.0,0.0,1.0,43.0,25.0,18.0,1658566.0,1.91,4.0,,12.06,6.8,0.8194,False,67.7,33.7,False,69.36,4.1,True,True,False,Sin señales de recuperación,pass,descarte,pendiente,0.0,desconocido,Pendiente de implementar,ausente,dividend_maintained (baja): Dividendo actual 3.12% con caída del 9.9%,incompleto,descarte,66.62,67.94,66.62 - 67.94,68.12,69.56,68.12 - 69.56,Pérdida del soporte en 66.62 | ROE negativo durante 2 trimestres consecutivos | Ampliación de capital dilutiva | Recorte de rating a bono basura,6-12,"DANONE está un 9.9% por debajo de su máximo 52s. Fundamentalmente aceptable con ROE 10.8%, deuda neta/EBITDA 1.9x. Técnicamente 🟡 MACD convergiendo, 🟢 base_pattern_detected. Clasificación: descarte.","DANONE está un 9.9% por debajo de su máximo 52s. Fundamentalmente aceptable con ROE 10.8%, deuda neta/EBITDA 1.9x. Técnicamente 🟡 MACD convergiendo, 🟢 base_pattern_detected. Clasificación: descarte.",OK,
CS.PA,AXA,EUROSTOXX,1.0,script-v2.0,1.0,2026-07-28T10:23:50.408857+02:00,49.6,54.2,99.0,15.0,0.0,9.0,36.0,30.0,6.0,3391848.0,-0.73,-20.9,,7.53,0.3,1.9525,False,93.7,77.3,False,38.79,17.0,False,True,True,,pass,pendiente_confirmacion,pendiente,0.0,desconocido,Pendiente de implementar,parcial,eps_stabilization (media): EPS 4.77 vs 3.63 (annual_eps_fallback) | debt_reduction (alta): Deuda 60343.0M vs 76318.0M | dividend_maintained (baja): Dividendo actual 5.11% con caída del 0.3%,incompleto,pendiente_confirmacion,42.36,43.35,42.36 - 43.35,38.56,38.68,38.56 - 38.68,Pérdida del soporte en 43.35 | ROE negativo durante 2 trimestres consecutivos | Ampliación de capital dilutiva | Recorte de rating a bono basura,6-12,"AXA está un 0.3% por debajo de su máximo 52s. Fundamentalmente aceptable con ROE 13.4%, deuda neta/EBITDA -0.7x. Técnicamente 🟡 MACD convergiendo, 🟢 Cerca de soporte. Clasificación: pendiente_confirmacion.","AXA está un 0.3% por debajo de su máximo 52s. Fundamentalmente aceptable con ROE 13.4%, deuda neta/EBITDA -0.7x. Técnicamente 🟡 MACD convergiendo, 🟢 Cerca de soporte. Clasificación: pendiente_confirmacion.",OK,
PRY.MI,PRYSMIAN,EUROSTOXX,1.0,script-v2.0,1.0,2026-07-28T10:24:20.567461+02:00,49.6,53.2,98.0,14.0,0.0,7.0,39.0,39.0,0.0,1133900.0,1.54,4.1,0.8,15.51,24.4,8.1741,False,4.2,12.5,False,111.12,7.0,False,False,True,,pass,pendiente_confirmacion,pendiente,0.0,desconocido,Pendiente de implementar,parcial,"eps_stabilization (media): EPS 0.80 vs 0.52 (Diluted EPS) | dividend_maintained (baja): Dividendo actual 0.76% con caída del 24.4% | analyst_upgrade (media): Target 153.65 vs precio 118.90 (+29%), recMean 1.95, recKey buy",incompleto,pendiente_confirmacion,117.21,118.9,117.21 - 118.90,109.8,133.66,109.80 - 133.66,Pérdida del soporte en 117.21 | ROE negativo durante 2 trimestres consecutivos | Ampliación de capital dilutiva | Recorte de rating a bono basura,6-12,"PRYSMIAN está un 24.4% por debajo de su máximo 52s. Fundamentalmente aceptable con ROE 22.7%, deuda neta/EBITDA 1.5x. Técnicamente 🔵 RSI en sobreventa, 🟢 Cerca de soporte. Clasificación: pendiente_confirmacion.","PRYSMIAN está un 24.4% por debajo de su máximo 52s. Fundamentalmente aceptable con ROE 22.7%, deuda neta/EBITDA 1.5x. Técnicamente 🔵 RSI en sobreventa, 🟢 Cerca de soporte. Clasificación: pendiente_confirmacion.",OK,
VCX.AX,VICINITY STAPLED [VCX],ASX,1.0,script-v2.0,1.0,2026-07-28T10:26:10.232605+02:00,49.5,55.6,86.0,29.0,0.0,4.0,31.0,25.0,6.0,10377452.0,5.63,,,19.73,1.1,0.0537,False,76.9,64.1,False,2.49,6.6,False,True,False,Sin señales de recuperación,pass,descarte,pendiente,0.0,desconocido,Pendiente de implementar,ausente,eps_stabilization (media): EPS 0.22 vs 0.12 (annual_eps_fallback) | dividend_maintained (baja): Dividendo actual 4.51% con caída del 1.1%,incompleto,descarte,2.5,2.58,2.50 - 2.58,2.29,2.49,2.29 - 2.49,Pérdida del soporte en 2.50 | ROE negativo durante 2 trimestres consecutivos | Ampliación de capital dilutiva | Recorte de rating a bono basura,6-12,"VICINITY STAPLED [VCX] está un 1.1% por debajo de su máximo 52s. Fundamentalmente aceptable con ROE 11.7%, deuda neta/EBITDA 5.6x. Técnicamente 🟡 MACD convergiendo, 🟡 trendline_break. Clasificación: descarte.","VICINITY STAPLED [VCX] está un 1.1% por debajo de su máximo 52s. Fundamentalmente aceptable con ROE 11.7%, deuda neta/EBITDA 5.6x. Técnicamente 🟡 MACD convergiendo, 🟡 trendline_break. Clasificación: descarte.",OK,
SHW,Sherwin-Williams Company (The),SP500,1.0,script-v2.0,1.0,2026-07-28T10:25:08.013948+02:00,49.3,41.5,66.0,20.0,0.0,7.0,73.0,50.0,23.0,2366832.0,3.16,12.8,0.0,20.77,17.1,-2.0103,False,49.8,24.8,False,331.47,-1.3,True,True,False,,pass,descarte,pendiente,0.0,desconocido,Pendiente de implementar,parcial,margin_stabilization (media): Margen gross 49.1% vs 48.5% (+0.6 pp) | eps_stabilization (media): EPS 2.15 vs 1.92 (Diluted EPS) | dividend_maintained (baja): Dividendo actual 0.98% con caída del 13.8%,fuerte,descarte,313.35,319.47,313.35 - 319.47,322.7,331.29,322.70 - 331.29,Pérdida del soporte en 313.35 | ROE negativo durante 2 trimestres consecutivos | Ampliación de capital dilutiva | Recorte de rating a bono basura,6-12,"Sherwin-Williams Company (The) está un 13.8% por debajo de su máximo 52s. Fundamentalmente aceptable con ROE 60.7%, deuda neta/EBITDA 3.2x. Técnicamente 🟡 MACD convergiendo, 🟢 Cerca de soporte. Clasificación: descarte.","Sherwin-Williams Company (The) está un 13.8% por debajo de su máximo 52s. Fundamentalmente aceptable con ROE 60.7%, deuda neta/EBITDA 3.2x. Técnicamente 🟡 MACD convergiendo, 🟢 Cerca de soporte. Clasificación: descarte.",OK,
DB1.DE,DEUTSCHE BOERSE AG            N,EUROSTOXX,1.0,script-v2.0,1.0,2026-07-28T10:23:40.681739+02:00,49.2,46.7,100.0,0.0,0.0,9.0,57.0,39.0,18.0,377378.0,1.32,-35.4,29.6,15.62,8.2,6.3891,False,85.4,63.9,False,232.98,13.0,True,True,False,,pass,descarte,pendiente,0.0,desconocido,Pendiente de implementar,parcial,eps_stabilization (media): EPS 3.21 vs 2.68 (Diluted EPS) | debt_reduction (alta): Deuda 6187.0M vs 9583.0M | dividend_maintained (baja): Dividendo actual 1.60% con caída del 2.4%,razonable,descarte,249.91,258.0,249.91 - 258.00,229.16,231.4,229.16 - 231.40,Pérdida del soporte en 258.00 | ROE negativo durante 2 trimestres consecutivos | Ampliación de capital dilutiva | Recorte de rating a bono basura,6-12,"DEUTSCHE BOERSE AG            N está un 2.4% por debajo de su máximo 52s. Fundamentalmente aceptable con ROE 20.4%, deuda neta/EBITDA 1.3x. Técnicamente 🟢 Cruce alcista MACD, 🟢 Cerca de soporte. Clasificación: descarte.","DEUTSCHE BOERSE AG            N está un 2.4% por debajo de su máximo 52s. Fundamentalmente aceptable con ROE 20.4%, deuda neta/EBITDA 1.3x. Técnicamente 🟢 Cruce alcista MACD, 🟢 Cerca de soporte. Clasificación: descarte.",OK,
FDX,FedEx Corporation,SP500,1.0,script-v2.0,1.0,2026-07-28T10:25:21.610383+02:00,49.1,50.8,86.0,20.0,0.0,7.0,44.0,44.0,0.0,2068057.0,2.48,2.2,5.6,8.69,9.7,14.2829,False,37.2,53.8,False,280.29,10.9,False,False,True,,pass,pendiente_confirmacion,pendiente,0.0,desconocido,Pendiente de implementar,parcial,margin_stabilization (media): Margen gross 22.7% vs 21.3% (+1.3 pp) | eps_stabilization (media): EPS 6.60 vs 4.41 (Diluted EPS) | dividend_maintained (baja): Dividendo actual 1.57% con caída del 10.0%,incompleto,pendiente_confirmacion,310.05,310.79,310.05 - 310.79,272.16,293.56,272.16 - 293.56,Pérdida del soporte en 310.05 | ROE negativo durante 2 trimestres consecutivos | Ampliación de capital dilutiva | Recorte de rating a bono basura,6-12,"FedEx Corporation está un 10.0% por debajo de su máximo 52s. Fundamentalmente aceptable con ROE 14.8%, deuda neta/EBITDA 2.5x. Técnicamente 🟢 Cruce alcista MACD, 🟢 Cerca de soporte. Clasificación: pendiente_confirmacion.","FedEx Corporation está un 10.0% por debajo de su máximo 52s. Fundamentalmente aceptable con ROE 14.8%, deuda neta/EBITDA 2.5x. Técnicamente 🟢 Cruce alcista MACD, 🟢 Cerca de soporte. Clasificación: pendiente_confirmacion.",OK,
0083.HK,SINO LAND,ASIA,1.0,script-v2.0,1.0,2026-07-28T10:26:36.998055+02:00,48.8,50.5,59.0,43.0,0.0,4.0,44.0,39.0,5.0,9060872.0,-14.68,74.4,,16.72,19.7,-0.1435,False,69.6,75.0,False,11.23,-5.1,False,False,False,Sin señales de recuperación,pass,descarte,pendiente,0.0,desconocido,Pendiente de implementar,ausente,"dividend_maintained (baja): Dividendo actual 5.44% con caída del 19.8% | analyst_upgrade (media): Target 13.34 vs precio 10.66 (+25%), recMean 1.50, recKey strong_buy",incompleto,descarte,10.13,10.66,10.13 - 10.66,11.08,11.3,11.08 - 11.30,Pérdida del soporte en 10.13 | ROE negativo durante 2 trimestres consecutivos | Ampliación de capital dilutiva | Recorte de rating a bono basura,6-12,"SINO LAND está un 19.8% por debajo de su máximo 52s. Fundamentalmente aceptable con ROE 2.2%, deuda neta/EBITDA -14.7x. Técnicamente 🟢 Divergencia alcista RSI, 🟡 Apoyo en MA40 semanal. Clasificación: descarte.","SINO LAND está un 19.8% por debajo de su máximo 52s. Fundamentalmente aceptable con ROE 2.2%, deuda neta/EBITDA -14.7x. Técnicamente 🟢 Divergencia alcista RSI, 🟡 Apoyo en MA40 semanal. Clasificación: descarte.",OK,
KER.PA,KERING,EUROSTOXX,1.0,script-v2.0,1.0,2026-07-28T10:23:53.751690+02:00,48.8,41.7,47.0,37.0,0.0,6.0,70.0,53.0,17.0,285934.0,5.6,-4.6,,17.63,28.8,-3.2075,False,56.6,30.1,False,267.4,-7.1,True,False,False,,pass,descarte,pendiente,0.0,desconocido,Pendiente de implementar,parcial,debt_reduction (alta): Deuda 18564.0M vs 19452.0M | dividend_maintained (baja): Dividendo actual 1.21% con caída del 29.9%,fuerte,descarte,242.04,248.45,242.04 - 248.45,270.37,301.07,270.37 - 301.07,Pérdida del soporte en 242.04 | ROE negativo durante 2 trimestres consecutivos | Ampliación de capital dilutiva | Recorte de rating a bono basura,12-18,"KERING está un 29.9% por debajo de su máximo 52s. Fundamentalmente aceptable con ROE 0.2%, deuda neta/EBITDA 5.6x. Técnicamente 🟡 MACD convergiendo, 🟢 Bajo SMA200 con SMA50 girando. Clasificación: descarte.","KERING está un 29.9% por debajo de su máximo 52s. Fundamentalmente aceptable con ROE 0.2%, deuda neta/EBITDA 5.6x. Técnicamente 🟡 MACD convergiendo, 🟢 Bajo SMA200 con SMA50 girando. Clasificación: descarte.",OK,
ACA.PA,CREDIT AGRICOLE,EUROSTOXX,1.0,script-v2.0,1.0,2026-07-28T10:24:04.577860+02:00,48.1,48.2,69.0,30.0,0.0,1.0,48.0,30.0,18.0,5477810.0,,66.0,,,0.3,0.6242,False,96.8,92.5,False,16.36,14.0,True,True,False,Sin señales de recuperación,pass,descarte,pendiente,0.0,desconocido,Pendiente de implementar,ausente,dividend_maintained (baja): Dividendo actual 6.06% con caída del 2.6%,razonable,descarte,15.97,17.19,15.97 - 17.19,16.26,16.27,16.26 - 16.27,Pérdida del soporte en 15.97 | ROE negativo durante 2 trimestres consecutivos | Ampliación de capital dilutiva | Recorte de rating a bono basura,6-12,"CREDIT AGRICOLE está un 2.6% por debajo de su máximo 52s. Fundamentalmente aceptable con ROE 9.3%, dividendo 6.1%. Técnicamente 🟢 Cruce alcista MACD, 🟢 base_pattern_detected. Clasificación: descarte.","CREDIT AGRICOLE está un 2.6% por debajo de su máximo 52s. Fundamentalmente aceptable con ROE 9.3%, dividendo 6.1%. Técnicamente 🟢 Cruce alcista MACD, 🟢 base_pattern_detected. Clasificación: descarte.",OK,
RTX,RTX Corporation,SP500,1.0,script-v2.0,1.0,2026-07-28T10:25:23.653974+02:00,48.0,44.3,95.0,0.0,0.0,12.0,59.0,41.0,18.0,5409783.0,1.92,-0.2,-0.0,20.55,0.9,6.0923,False,93.5,88.9,False,188.63,15.8,True,True,False,,pass,descarte,pendiente,0.0,desconocido,Pendiente de implementar,confirmada,margin_stabilization (media): Margen gross 20.8% vs 20.8% (-0.0 pp) | eps_stabilization (media): EPS 1.57 vs 1.51 (Diluted EPS) | debt_reduction (alta): Deuda 38856.0M vs 38935.0M | dividend_maintained (baja): Dividendo actual 1.34% con caída del 0.9%,razonable,descarte,185.49,187.03,185.49 - 187.03,185.78,187.33,185.78 - 187.33,Pérdida del soporte en 185.49 | ROE negativo durante 2 trimestres consecutivos | Ampliación de capital dilutiva | Recorte de rating a bono basura,6-12,"RTX Corporation está un 0.9% por debajo de su máximo 52s. Fundamentalmente aceptable con ROE 12.3%, deuda neta/EBITDA 1.9x. Técnicamente 🟢 Cruce alcista MACD, 🟢 Volumen creciente. Clasificación: descarte.","RTX Corporation está un 0.9% por debajo de su máximo 52s. Fundamentalmente aceptable con ROE 12.3%, deuda neta/EBITDA 1.9x. Técnicamente 🟢 Cruce alcista MACD, 🟢 Volumen creciente. Clasificación: descarte.",OK,
GD,General Dynamics Corporation,SP500,1.0,script-v2.0,1.0,2026-07-28T10:25:25.180630+02:00,47.5,45.7,98.0,0.0,0.0,4.0,53.0,35.0,18.0,1295204.0,0.95,0.4,-0.0,17.15,0.9,10.8688,False,89.1,76.0,False,347.83,11.9,True,True,False,Sin señales de recuperación,pass,descarte,pendiente,0.0,desconocido,Pendiente de implementar,ausente,margin_stabilization (media): Margen gross 15.9% vs 14.9% (+1.0 pp) | dividend_maintained (baja): Dividendo actual 1.63% con caída del 0.9%,razonable,descarte,342.81,354.18,342.81 - 354.18,333.68,345.41,333.68 - 345.41,Pérdida del soporte en 342.81 | ROE negativo durante 2 trimestres consecutivos | Ampliación de capital dilutiva | Recorte de rating a bono basura,6-12,"General Dynamics Corporation está un 0.9% por debajo de su máximo 52s. Fundamentalmente aceptable con ROE 18.0%, deuda neta/EBITDA 0.9x. Técnicamente 🟢 Cruce alcista MACD, 🟢 base_pattern_detected. Clasificación: descarte.","General Dynamics Corporation está un 0.9% por debajo de su máximo 52s. Fundamentalmente aceptable con ROE 18.0%, deuda neta/EBITDA 0.9x. Técnicamente 🟢 Cruce alcista MACD, 🟢 base_pattern_detected. Clasificación: descarte.",OK,
2914.T,JAPAN TOBACCO INC,ASIA,1.0,script-v2.0,1.0,2026-07-28T10:26:28.832647+02:00,47.5,49.3,92.0,12.0,0.0,4.0,42.0,24.0,18.0,4669173.0,1.02,22.2,,11.8,0.1,238.8107,False,99.3,92.5,False,5791.19,14.8,True,True,False,Sin señales de recuperación,pass,descarte,pendiente,0.0,desconocido,Pendiente de implementar,ausente,eps_stabilization (media): EPS 110.97 vs 88.68 (Diluted EPS) | dividend_maintained (baja): Dividendo actual 3.64% con caída del 0.1%,incompleto,descarte,5729.85,6089.78,5729.85 - 6089.78,5654.2,5675.58,5654.20 - 5675.58,Pérdida del soporte en 5729.85 | ROE negativo durante 2 trimestres consecutivos | Ampliación de capital dilutiva | Recorte de rating a bono basura,6-12,"JAPAN TOBACCO INC está un 0.1% por debajo de su máximo 52s. Fundamentalmente aceptable con ROE 13.6%, deuda neta/EBITDA 1.0x. Técnicamente 🟢 Divergencia alcista RSI, 🟢 base_pattern_detected. Clasificación: descarte.","JAPAN TOBACCO INC está un 0.1% por debajo de su máximo 52s. Fundamentalmente aceptable con ROE 13.6%, deuda neta/EBITDA 1.0x. Técnicamente 🟢 Divergencia alcista RSI, 🟢 base_pattern_detected. Clasificación: descarte.",OK,
TXN,Texas Instruments Incorporated,SP500,1.0,script-v2.0,1.0,2026-07-28T10:25:50.908566+02:00,47.4,51.6,98.0,11.0,0.0,7.0,35.0,23.0,12.0,8720972.0,0.74,0.0,0.2,27.54,16.4,22.1845,False,13.8,17.8,False,228.42,22.3,True,False,True,,pass,pendiente_confirmacion,pendiente,0.0,desconocido,Pendiente de implementar,parcial,margin_stabilization (media): Margen gross 61.4% vs 58.0% (+3.3 pp) | eps_stabilization (media): EPS 2.14 vs 1.68 (Diluted EPS) | dividend_maintained (baja): Dividendo actual 2.03% con caída del 16.4%,incompleto,pendiente_confirmacion,262.9,279.41,262.90 - 279.41,223.29,283.93,223.29 - 283.93,Pérdida del soporte en 262.90 | ROE negativo durante 2 trimestres consecutivos | Ampliación de capital dilutiva | Recorte de rating a bono basura,6-12,"Texas Instruments Incorporated está un 16.4% por debajo de su máximo 52s. Fundamentalmente aceptable con ROE 35.2%, deuda neta/EBITDA 0.7x. Técnicamente 🟢 base_pattern_detected. Clasificación: pendiente_confirmacion.","Texas Instruments Incorporated está un 16.4% por debajo de su máximo 52s. Fundamentalmente aceptable con ROE 35.2%, deuda neta/EBITDA 0.7x. Técnicamente 🟢 base_pattern_detected. Clasificación: pendiente_confirmacion.",OK,
AMC.AX,AMCOR PLC CDI 1:1 [AMC],ASX,1.0,script-v2.0,1.0,2026-07-28T10:26:04.873041+02:00,47.3,48.7,69.0,31.0,0.0,7.0,43.0,25.0,18.0,606469.0,4.74,4.6,0.1,13.89,15.6,0.7621,False,94.3,65.4,False,59.86,8.2,True,True,True,,pass,pendiente_confirmacion,pendiente,0.0,desconocido,Pendiente de implementar,parcial,margin_stabilization (media): Margen gross 20.1% vs 19.1% (+1.1 pp) | eps_stabilization (media): EPS 0.60 vs 0.38 (Diluted EPS) | dividend_maintained (baja): Dividendo actual 5.88% con caída del 15.2%,incompleto,pendiente_confirmacion,58.64,60.92,58.64 - 60.92,59.73,64.94,59.73 - 64.94,Pérdida del soporte en 60.92 | ROE negativo durante 2 trimestres consecutivos | Ampliación de capital dilutiva | Recorte de rating a bono basura,6-12,"AMCOR PLC CDI 1:1 [AMC] está un 15.2% por debajo de su máximo 52s. Fundamentalmente aceptable con ROE 8.7%, deuda neta/EBITDA 4.7x. Técnicamente 🟡 MACD convergiendo, 🟢 base_pattern_detected. Clasificación: pendiente_confirmacion.","AMCOR PLC CDI 1:1 [AMC] está un 15.2% por debajo de su máximo 52s. Fundamentalmente aceptable con ROE 8.7%, deuda neta/EBITDA 4.7x. Técnicamente 🟡 MACD convergiendo, 🟢 base_pattern_detected. Clasificación: pendiente_confirmacion.",OK,
G.MI,GENERALI,EUROSTOXX,1.0,script-v2.0,1.0,2026-07-28T10:24:17.516736+02:00,47.2,48.0,96.0,6.0,0.0,4.0,45.0,39.0,6.0,2628815.0,4.02,2.4,,12.71,0.5,2.6015,False,97.9,87.2,False,35.81,22.1,False,True,False,Sin señales de recuperación,pass,descarte,pendiente,0.0,desconocido,Pendiente de implementar,ausente,eps_stabilization (media): EPS 1.49 vs 0.70 (Diluted EPS) | dividend_maintained (baja): Dividendo actual 3.75% con caída del 0.5%,razonable,descarte,41.18,41.75,41.18 - 41.75,35.35,37.34,35.35 - 37.34,Pérdida del soporte en 41.75 | ROE negativo durante 2 trimestres consecutivos | Ampliación de capital dilutiva | Recorte de rating a bono basura,6-12,"GENERALI está un 0.5% por debajo de su máximo 52s. Fundamentalmente aceptable con ROE 13.7%, deuda neta/EBITDA 4.0x. Técnicamente 🟢 Cruce alcista MACD, 🟢 Cerca de soporte. Clasificación: descarte.","GENERALI está un 0.5% por debajo de su máximo 52s. Fundamentalmente aceptable con ROE 13.7%, deuda neta/EBITDA 4.0x. Técnicamente 🟢 Cruce alcista MACD, 🟢 Cerca de soporte. Clasificación: descarte.",OK,
ENI.MI,ENI,EUROSTOXX,1.0,script-v2.0,1.0,2026-07-28T10:24:15.154064+02:00,47.2,47.9,81.0,19.0,0.0,7.0,45.0,33.0,12.0,9876466.0,1.81,6.9,12.2,7.72,10.0,0.8424,False,66.9,87.2,False,19.67,13.1,True,False,False,,pass,descarte,pendiente,0.0,desconocido,Pendiente de implementar,parcial,margin_stabilization (media): Margen gross 10.1% vs 5.5% (+4.7 pp) | eps_stabilization (media): EPS 0.34 vs 0.01 (Diluted EPS) | dividend_maintained (baja): Dividendo actual 4.81% con caída del 11.0%,razonable,descarte,21.72,22.05,21.72 - 22.05,19.29,21.27,19.29 - 21.27,Pérdida del soporte en 21.72 | ROE negativo durante 2 trimestres consecutivos | Ampliación de capital dilutiva | Recorte de rating a bono basura,6-12,"ENI está un 11.0% por debajo de su máximo 52s. Fundamentalmente aceptable con ROE 5.9%, deuda neta/EBITDA 1.8x. Técnicamente 🟢 Divergencia alcista RSI, 🟢 Cerca de soporte. Clasificación: descarte.","ENI está un 11.0% por debajo de su máximo 52s. Fundamentalmente aceptable con ROE 5.9%, deuda neta/EBITDA 1.8x. Técnicamente 🟢 Divergencia alcista RSI, 🟢 Cerca de soporte. Clasificación: descarte.",OK,
0003.HK,HK & CHINA GAS,ASIA,1.0,script-v2.0,1.0,2026-07-28T10:26:33.075931+02:00,47.1,48.5,88.0,14.0,0.0,9.0,43.0,28.0,15.0,25826430.0,4.51,-1.6,,16.59,6.1,-0.0379,True,96.7,89.0,False,7.0,0.7,False,False,True,,pass,pendiente_confirmacion,pendiente,0.0,desconocido,Pendiente de implementar,parcial,eps_stabilization (media): EPS 0.30 vs 0.30 (annual_eps_fallback) | debt_reduction (alta): Deuda 61059.1M vs 62062.6M | dividend_maintained (baja): Dividendo actual 4.96% con caída del 9.1%,incompleto,pendiente_confirmacion,6.81,6.93,6.81 - 6.93,6.6,6.98,6.60 - 6.98,Pérdida del soporte en 6.93 | ROE negativo durante 2 trimestres consecutivos | Ampliación de capital dilutiva | Recorte de rating a bono basura,6-12,"HK & CHINA GAS está un 9.1% por debajo de su máximo 52s. Fundamentalmente aceptable con ROE 9.6%, deuda neta/EBITDA 4.5x. Técnicamente 🟢 Cerca de soporte, 🟢 MACD semanal girando al alza. Clasificación: pendiente_confirmacion.","HK & CHINA GAS está un 9.1% por debajo de su máximo 52s. Fundamentalmente aceptable con ROE 9.6%, deuda neta/EBITDA 4.5x. Técnicamente 🟢 Cerca de soporte, 🟢 MACD semanal girando al alza. Clasificación: pendiente_confirmacion.",OK,
JNJ,Johnson & Johnson,SP500,1.0,script-v2.0,1.0,2026-07-28T10:24:47.267642+02:00,47.0,46.7,100.0,0.0,0.0,12.0,48.0,30.0,18.0,8232129.0,0.81,-10.8,0.2,19.19,1.3,11.9511,False,87.8,73.4,False,227.37,17.0,True,True,False,,pass,descarte,pendiente,0.0,desconocido,Pendiente de implementar,confirmada,margin_stabilization (media): Margen gross 68.2% vs 66.3% (+1.9 pp) | eps_stabilization (media): EPS 2.27 vs 2.14 (Diluted EPS) | debt_reduction (alta): Deuda 49036.0M vs 54987.0M | dividend_maintained (baja): Dividendo actual 2.02% con caída del 1.3%,razonable,descarte,232.56,242.46,232.56 - 242.46,223.32,229.02,223.32 - 229.02,Pérdida del soporte en 232.56 | ROE negativo durante 2 trimestres consecutivos | Ampliación de capital dilutiva | Recorte de rating a bono basura,6-12,"Johnson & Johnson está un 1.3% por debajo de su máximo 52s. Fundamentalmente aceptable con ROE 25.7%, deuda neta/EBITDA 0.8x. Técnicamente 🟢 Cruce alcista MACD, 🟢 base_pattern_detected. Clasificación: descarte.","Johnson & Johnson está un 1.3% por debajo de su máximo 52s. Fundamentalmente aceptable con ROE 25.7%, deuda neta/EBITDA 0.8x. Técnicamente 🟢 Cruce alcista MACD, 🟢 base_pattern_detected. Clasificación: descarte.",OK,
GPT.AX,GPT STAPLED [GPT],ASX,1.0,script-v2.0,1.0,2026-07-28T10:26:08.219406+02:00,46.9,52.5,77.0,31.0,0.0,4.0,30.0,24.0,6.0,5068463.0,8.41,15.2,,23.06,7.0,0.034,False,95.8,82.9,False,4.93,3.7,False,True,False,Sin señales de recuperación,pass,descarte,pendiente,0.0,desconocido,Pendiente de implementar,ausente,eps_stabilization (media): EPS 0.51 vs -0.10 (annual_eps_fallback) | dividend_maintained (baja): Dividendo actual 4.70% con caída del 11.1%,incompleto,descarte,4.8,4.84,4.80 - 4.84,4.89,4.94,4.89 - 4.94,Pérdida del soporte en 4.80 | ROE negativo durante 2 trimestres consecutivos | Ampliación de capital dilutiva | Recorte de rating a bono basura,6-12,"GPT STAPLED [GPT] está un 11.1% por debajo de su máximo 52s. Fundamentalmente aceptable con ROE 9.5%, deuda neta/EBITDA 8.4x. Técnicamente 🟡 trendline_break. Clasificación: descarte.","GPT STAPLED [GPT] está un 11.1% por debajo de su máximo 52s. Fundamentalmente aceptable con ROE 9.5%, deuda neta/EBITDA 8.4x. Técnicamente 🟡 trendline_break. Clasificación: descarte.",OK,
ALV.DE,Allianz SE                    v,EUROSTOXX,1.0,script-v2.0,1.0,2026-07-28T10:23:31.158010+02:00,46.8,50.5,91.0,15.0,0.0,12.0,36.0,30.0,6.0,616803.0,-1.4,-100.0,6.3,7.07,0.2,19.473,False,96.2,80.9,False,370.14,17.0,False,True,True,,pass,pendiente_confirmacion,pendiente,0.0,desconocido,Pendiente de implementar,confirmada,margin_stabilization (media): Margen operating 17.1% vs 10.5% (+6.6 pp) | eps_stabilization (media): EPS 9.56 vs 6.98 (Diluted EPS) | debt_reduction (alta): Deuda 0.0M vs 36881.0M | dividend_maintained (baja): Dividendo actual 3.95% con caída del 0.2%,incompleto,pendiente_confirmacion,402.05,412.65,402.05 - 412.65,367.04,368.64,367.04 - 368.64,Pérdida del soporte en 412.65 | ROE negativo durante 2 trimestres consecutivos | Ampliación de capital dilutiva | Recorte de rating a bono basura,6-12,"Allianz SE                    v está un 0.2% por debajo de su máximo 52s. Fundamentalmente aceptable con ROE 18.7%, deuda neta/EBITDA -1.4x. Técnicamente 🟡 MACD convergiendo, 🟢 Cerca de soporte. Clasificación: pendiente_confirmacion.","Allianz SE                    v está un 0.2% por debajo de su máximo 52s. Fundamentalmente aceptable con ROE 18.7%, deuda neta/EBITDA -1.4x. Técnicamente 🟡 MACD convergiendo, 🟢 Cerca de soporte. Clasificación: pendiente_confirmacion.",OK,
ABI.BR,AB INBEV,EUROSTOXX,1.0,script-v2.0,1.0,2026-07-28T10:24:21.294013+02:00,46.8,50.3,85.0,20.0,0.0,12.0,36.0,30.0,6.0,1999630.0,3.11,-3.0,-0.0,10.68,3.1,3.351,False,75.9,60.3,False,62.52,15.8,False,True,True,,pass,pendiente_confirmacion,pendiente,0.0,desconocido,Pendiente de implementar,confirmada,margin_stabilization (media): Margen gross 56.6% vs 55.4% (+1.3 pp) | eps_stabilization (media): EPS 1.30 vs 0.99 (Diluted EPS) | debt_reduction (alta): Deuda 73334.0M vs 75580.0M | dividend_maintained (baja): Dividendo actual 1.59% con caída del 3.1%,incompleto,pendiente_confirmacion,67.97,70.86,67.97 - 70.86,61.68,63.48,61.68 - 63.48,Pérdida del soporte en 67.97 | ROE negativo durante 2 trimestres consecutivos | Ampliación de capital dilutiva | Recorte de rating a bono basura,6-12,"AB INBEV está un 3.1% por debajo de su máximo 52s. Fundamentalmente aceptable con deuda neta/EBITDA 3.1x, dividendo 1.6%. Técnicamente 🟢 Cruce alcista MACD, 🟡 trendline_break. Clasificación: pendiente_confirmacion.","AB INBEV está un 3.1% por debajo de su máximo 52s. Fundamentalmente aceptable con deuda neta/EBITDA 3.1x, dividendo 1.6%. Técnicamente 🟢 Cruce alcista MACD, 🟡 trendline_break. Clasificación: pendiente_confirmacion.",OK,
SRG.MI,SNAM,EUROSTOXX,1.0,script-v2.0,1.0,2026-07-28T10:24:17.905772+02:00,46.7,40.6,71.0,14.0,0.0,6.0,65.0,53.0,12.0,5994996.0,5.69,-5.3,-22.0,12.72,7.1,0.1129,False,59.0,69.9,False,5.97,3.9,True,False,False,,pass,descarte,pendiente,0.0,desconocido,Pendiente de implementar,parcial,debt_reduction (alta): Deuda 18501.0M vs 19535.0M | dividend_maintained (baja): Dividendo actual 4.84% con caída del 9.7%,razonable,descarte,6.1,6.19,6.10 - 6.19,5.84,5.89,5.84 - 5.89,Pérdida del soporte en 6.10 | ROE negativo durante 2 trimestres consecutivos | Ampliación de capital dilutiva | Recorte de rating a bono basura,6-12,"SNAM está un 9.7% por debajo de su máximo 52s. Fundamentalmente aceptable con ROE 11.2%, deuda neta/EBITDA 5.7x. Técnicamente 🟢 Divergencia alcista RSI, 🟢 Cruce alcista MACD. Clasificación: descarte.","SNAM está un 9.7% por debajo de su máximo 52s. Fundamentalmente aceptable con ROE 11.2%, deuda neta/EBITDA 5.7x. Técnicamente 🟢 Divergencia alcista RSI, 🟢 Cruce alcista MACD. Clasificación: descarte.",OK,
WFC,Wells Fargo & Company,SP500,1.0,script-v2.0,1.0,2026-07-28T10:25:11.078954+02:00,46.6,47.8,75.0,24.0,0.0,4.0,43.0,25.0,18.0,16486229.0,,137.8,,,9.8,1.1318,False,57.7,46.3,False,84.29,3.5,True,True,False,Sin señales de recuperación,pass,descarte,pendiente,0.0,desconocido,Pendiente de implementar,ausente,eps_stabilization (media): EPS 2.00 vs 1.60 (Diluted EPS) | dividend_maintained (baja): Dividendo actual 2.06% con caída del 10.7%,incompleto,descarte,82.07,82.5,82.07 - 82.50,83.1,84.1,83.10 - 84.10,Pérdida del soporte en 82.07 | ROE negativo durante 2 trimestres consecutivos | Ampliación de capital dilutiva | Recorte de rating a bono basura,6-12,"Wells Fargo & Company está un 10.7% por debajo de su máximo 52s. Fundamentalmente aceptable con ROE 12.6%, dividendo 2.1%. Técnicamente 🟡 MACD convergiendo, 🟢 base_pattern_detected. Clasificación: descarte.","Wells Fargo & Company está un 10.7% por debajo de su máximo 52s. Fundamentalmente aceptable con ROE 12.6%, dividendo 2.1%. Técnicamente 🟡 MACD convergiendo, 🟢 base_pattern_detected. Clasificación: descarte.",OK,
ZURN.SW,ZURICH INSURANCE N,EUROSTOXX,1.0,script-v2.0,1.0,2026-07-28T10:24:33.662382+02:00,46.5,50.0,90.0,15.0,0.0,4.0,36.0,30.0,6.0,259304.0,-1.7,22.3,,6.69,0.2,21.6553,False,94.7,85.3,False,554.1,12.7,False,True,False,Sin señales de recuperación,pass,descarte,pendiente,0.0,desconocido,Pendiente de implementar,ausente,eps_stabilization (media): EPS 47.20 vs 40.15 (annual_eps_fallback) | dividend_maintained (baja): Dividendo actual 4.80% con caída del 0.2%,incompleto,descarte,586.29,605.53,586.29 - 605.53,532.1,550.65,532.10 - 550.65,Pérdida del soporte en 605.53 | ROE negativo durante 2 trimestres consecutivos | Ampliación de capital dilutiva | Recorte de rating a bono basura,6-12,"ZURICH INSURANCE N está un 0.2% por debajo de su máximo 52s. Fundamentalmente aceptable con ROE 25.2%, deuda neta/EBITDA -1.7x. Técnicamente 🟡 MACD convergiendo, 🟢 Cerca de soporte. Clasificación: descarte.","ZURICH INSURANCE N está un 0.2% por debajo de su máximo 52s. Fundamentalmente aceptable con ROE 25.2%, deuda neta/EBITDA -1.7x. Técnicamente 🟡 MACD convergiendo, 🟢 Cerca de soporte. Clasificación: descarte.",OK,
LLOY.L,LLOYDS BANKING GROUP PLC ORD 10,EUROSTOXX,1.0,script-v2.0,1.0,2026-07-28T10:24:36.724870+02:00,46.4,45.9,64.0,30.0,0.0,4.0,48.0,30.0,18.0,166602693.0,,69.6,,,2.3,4.7969,False,65.9,60.8,False,100.26,13.0,True,True,False,Sin señales de recuperación,pass,descarte,pendiente,0.0,desconocido,Pendiente de implementar,ausente,eps_stabilization (media): EPS 0.02 vs 0.02 (Diluted EPS) | dividend_maintained (baja): Dividendo actual 0.04% con caída del 2.3%,razonable,descarte,106.43,109.52,106.43 - 109.52,98.6,99.14,98.60 - 99.14,Pérdida del soporte en 109.52 | ROE negativo durante 2 trimestres consecutivos | Ampliación de capital dilutiva | Recorte de rating a bono basura,6-12,"LLOYDS BANKING GROUP PLC ORD 10 está un 2.3% por debajo de su máximo 52s. Fundamentalmente aceptable con ROE 10.8%, dividendo 0.0%. Técnicamente 🟡 MACD convergiendo, 🟢 Cerca de soporte. Clasificación: descarte.","LLOYDS BANKING GROUP PLC ORD 10 está un 2.3% por debajo de su máximo 52s. Fundamentalmente aceptable con ROE 10.8%, dividendo 0.0%. Técnicamente 🟡 MACD convergiendo, 🟢 Cerca de soporte. Clasificación: descarte.",OK,
BMY,Bristol-Myers Squibb Company,SP500,1.0,script-v2.0,1.0,2026-07-28T10:25:28.618433+02:00,46.3,47.7,84.0,16.0,0.0,12.0,42.0,24.0,18.0,11822064.0,1.89,-1.5,1.5,8.63,1.4,1.7367,False,86.8,87.1,False,55.42,12.9,True,True,True,,pass,pendiente_confirmacion,pendiente,0.0,desconocido,Pendiente de implementar,confirmada,margin_stabilization (media): Margen gross 70.2% vs 67.2% (+3.0 pp) | eps_stabilization (media): EPS 1.31 vs 0.53 (Diluted EPS) | debt_reduction (alta): Deuda 46429.0M vs 47139.0M | dividend_maintained (baja): Dividendo actual 4.03% con caída del 1.4%,incompleto,pendiente_confirmacion,56.54,57.15,56.54 - 57.15,53.92,54.12,53.92 - 54.12,Pérdida del soporte en 56.54 | ROE negativo durante 2 trimestres consecutivos | Ampliación de capital dilutiva | Recorte de rating a bono basura,6-12,"Bristol-Myers Squibb Company está un 1.4% por debajo de su máximo 52s. Fundamentalmente aceptable con ROE 38.7%, deuda neta/EBITDA 1.9x. Técnicamente 🟢 Divergencia alcista RSI, 🟢 base_pattern_detected. Clasificación: pendiente_confirmacion.","Bristol-Myers Squibb Company está un 1.4% por debajo de su máximo 52s. Fundamentalmente aceptable con ROE 38.7%, deuda neta/EBITDA 1.9x. Técnicamente 🟢 Divergencia alcista RSI, 🟢 base_pattern_detected. Clasificación: pendiente_confirmacion.",OK,
6861.T,KEYENCE CORP,ASIA,1.0,script-v2.0,1.0,2026-07-28T10:26:21.475011+02:00,46.3,51.1,82.0,24.0,0.0,7.0,32.0,32.0,0.0,764321.0,-2.44,,,26.91,15.7,3399.3928,False,23.6,30.3,False,64515.93,10.0,False,False,True,,pass,pendiente_confirmacion,pendiente,0.0,desconocido,Pendiente de implementar,parcial,"eps_stabilization (media): EPS 1835.63 vs 1643.77 (annual_eps_fallback) | dividend_maintained (baja): Dividendo actual 0.78% con caída del 15.7% | analyst_upgrade (media): Target 89075.00 vs precio 70950.00 (+26%), recKey none",incompleto,pendiente_confirmacion,68965.0,70950.0,68965.00 - 70950.00,63802.5,71544.5,63802.50 - 71544.50,Pérdida del soporte en 68965.00 | ROE negativo durante 2 trimestres consecutivos | Ampliación de capital dilutiva | Recorte de rating a bono basura,6-12,"KEYENCE CORP está un 15.7% por debajo de su máximo 52s. Fundamentalmente aceptable con ROE 13.5%, deuda neta/EBITDA -2.4x. Técnicamente 🟢 Cerca de soporte. Clasificación: pendiente_confirmacion.","KEYENCE CORP está un 15.7% por debajo de su máximo 52s. Fundamentalmente aceptable con ROE 13.5%, deuda neta/EBITDA -2.4x. Técnicamente 🟢 Cerca de soporte. Clasificación: pendiente_confirmacion.",OK,
SIE.DE,SIEMENS AG                    N,EUROSTOXX,1.0,script-v2.0,1.0,2026-07-28T10:23:37.709786+02:00,46.1,43.9,94.0,0.0,0.0,9.0,53.0,35.0,18.0,1037714.0,3.84,-4.1,-0.0,22.29,4.8,10.1811,False,73.7,55.1,False,245.82,10.2,True,True,False,,pass,descarte,pendiente,0.0,desconocido,Pendiente de implementar,parcial,eps_stabilization (media): EPS 2.58 vs 2.58 (Diluted EPS) | debt_reduction (alta): Deuda 54161.0M vs 56465.0M | dividend_maintained (baja): Dividendo actual 1.97% con caída del 4.8%,razonable,descarte,262.35,270.93,262.35 - 270.93,241.95,245.46,241.95 - 245.46,Pérdida del soporte en 262.35 | ROE negativo durante 2 trimestres consecutivos | Ampliación de capital dilutiva | Recorte de rating a bono basura,6-12,"SIEMENS AG                    N está un 4.8% por debajo de su máximo 52s. Fundamentalmente aceptable con ROE 12.6%, deuda neta/EBITDA 3.8x. Técnicamente 🟡 MACD convergiendo, 🟢 Cerca de soporte. Clasificación: descarte.","SIEMENS AG                    N está un 4.8% por debajo de su máximo 52s. Fundamentalmente aceptable con ROE 12.6%, deuda neta/EBITDA 3.8x. Técnicamente 🟡 MACD convergiendo, 🟢 Cerca de soporte. Clasificación: descarte.",OK,
CB,Chubb Limited,SP500,1.0,script-v2.0,1.0,2026-07-28T10:25:08.649754+02:00,46.0,48.7,86.0,16.0,0.0,4.0,38.0,32.0,6.0,1801772.0,0.84,18.5,-1.3,10.74,1.7,11.5581,False,79.6,56.8,False,320.1,12.1,False,True,False,Sin señales de recuperación,pass,descarte,pendiente,0.0,desconocido,Pendiente de implementar,ausente,eps_stabilization (media): EPS 7.30 vs 5.88 (Diluted EPS) | dividend_maintained (baja): Dividendo actual 1.14% con caída del 1.7%,incompleto,descarte,322.56,334.04,322.56 - 334.04,310.5,315.44,310.50 - 315.44,Pérdida del soporte en 322.56 | ROE negativo durante 2 trimestres consecutivos | Ampliación de capital dilutiva | Recorte de rating a bono basura,6-12,"Chubb Limited está un 1.7% por debajo de su máximo 52s. Fundamentalmente aceptable con ROE 14.8%, deuda neta/EBITDA 0.8x. Técnicamente 🟡 MACD convergiendo, 🟢 Volumen creciente. Clasificación: descarte.","Chubb Limited está un 1.7% por debajo de su máximo 52s. Fundamentalmente aceptable con ROE 14.8%, deuda neta/EBITDA 0.8x. Técnicamente 🟡 MACD convergiendo, 🟢 Volumen creciente. Clasificación: descarte.",OK,
UPS,"United Parcel Service, Inc.",SP500,1.0,script-v2.0,1.0,2026-07-28T10:25:21.685746+02:00,45.7,49.6,88.0,16.0,0.0,1.0,34.0,16.0,18.0,5612624.0,1.93,0.3,4.8,10.05,13.1,3.8831,False,44.8,54.9,False,102.92,9.7,True,True,False,Sin señales de recuperación,pass,descarte,pendiente,0.0,desconocido,Pendiente de implementar,ausente,dividend_maintained (baja): Dividendo actual 5.81% con caída del 7.7%,incompleto,descarte,107.18,108.06,107.18 - 108.06,100.82,104.05,100.82 - 104.05,Pérdida del soporte en 107.18 | ROE negativo durante 2 trimestres consecutivos | Ampliación de capital dilutiva | Recorte de rating a bono basura,6-12,"United Parcel Service, Inc. está un 7.7% por debajo de su máximo 52s. Fundamentalmente aceptable con ROE 33.4%, deuda neta/EBITDA 1.9x. Técnicamente 🟢 base_pattern_detected, 🟡 trendline_break. Clasificación: descarte.","United Parcel Service, Inc. está un 7.7% por debajo de su máximo 52s. Fundamentalmente aceptable con ROE 33.4%, deuda neta/EBITDA 1.9x. Técnicamente 🟢 base_pattern_detected, 🟡 trendline_break. Clasificación: descarte.",OK,
KMB,Kimberly-Clark Corporation,SP500,1.0,script-v2.0,1.0,2026-07-28T10:25:40.945545+02:00,45.6,47.8,75.0,24.0,0.0,12.0,39.0,21.0,18.0,4498672.0,1.96,-2.6,1.2,13.03,21.6,2.0066,False,61.1,35.8,False,101.54,9.7,True,True,True,,pass,pendiente_confirmacion,pendiente,0.0,desconocido,Pendiente de implementar,confirmada,margin_stabilization (media): Margen gross 36.8% vs 35.9% (+0.9 pp) | eps_stabilization (media): EPS 2.00 vs 1.50 (Diluted EPS) | debt_reduction (alta): Deuda 7106.0M vs 7296.0M | dividend_maintained (baja): Dividendo actual 4.59% con caída del 18.9%,incompleto,pendiente_confirmacion,103.74,105.66,103.74 - 105.66,101.72,116.84,101.72 - 116.84,Pérdida del soporte en 105.66 | ROE negativo durante 2 trimestres consecutivos | Ampliación de capital dilutiva | Recorte de rating a bono basura,6-12,"Kimberly-Clark Corporation está un 18.9% por debajo de su máximo 52s. Fundamentalmente aceptable con ROE 111.7%, deuda neta/EBITDA 2.0x. Técnicamente 🟡 MACD convergiendo, 🟢 base_pattern_detected. Clasificación: pendiente_confirmacion.","Kimberly-Clark Corporation está un 18.9% por debajo de su máximo 52s. Fundamentalmente aceptable con ROE 111.7%, deuda neta/EBITDA 2.0x. Técnicamente 🟡 MACD convergiendo, 🟢 base_pattern_detected. Clasificación: pendiente_confirmacion.",OK,
8411.T,MIZUHO FINANCIAL GROUP,ASIA,1.0,script-v2.0,1.0,2026-07-28T10:26:15.646472+02:00,45.6,38.9,73.0,9.0,0.0,4.0,66.0,48.0,18.0,10476588.0,,149.5,,,6.9,585.6934,False,40.9,69.0,False,6692.94,22.7,True,True,False,Sin señales de recuperación,pass,descarte,pendiente,0.0,desconocido,Pendiente de implementar,ausente,eps_stabilization (media): EPS 350.20 vs 267.88 (annual_eps_fallback) | dividend_maintained (baja): Dividendo actual 1.83% con caída del 6.9%,razonable,descarte,7846.82,8108.0,7846.82 - 8108.00,6484.66,7493.6,6484.66 - 7493.60,Pérdida del soporte en 8108.00 | ROE negativo durante 2 trimestres consecutivos | Ampliación de capital dilutiva | Recorte de rating a bono basura,6-12,"MIZUHO FINANCIAL GROUP está un 6.9% por debajo de su máximo 52s. Fundamentalmente débil con ROE 11.4%, dividendo 1.8%. Técnicamente 🟢 Cruce alcista MACD, 🟢 Cerca de soporte. Clasificación: descarte.","MIZUHO FINANCIAL GROUP está un 6.9% por debajo de su máximo 52s. Fundamentalmente débil con ROE 11.4%, dividendo 1.8%. Técnicamente 🟢 Cruce alcista MACD, 🟢 Cerca de soporte. Clasificación: descarte.",OK,
GLE.PA,SOCIETE GENERALE,EUROSTOXX,1.0,script-v2.0,1.0,2026-07-28T10:23:54.676182+02:00,45.5,44.7,66.0,26.0,0.0,4.0,48.0,30.0,18.0,1692195.0,,78.7,,,2.2,3.495,False,85.3,76.5,False,67.84,14.0,True,True,False,Sin señales de recuperación,pass,descarte,pendiente,0.0,desconocido,Pendiente de implementar,ausente,eps_stabilization (media): EPS 2.05 vs 1.88 (Diluted EPS) | dividend_maintained (baja): Dividendo actual 2.08% con caída del 2.2%,razonable,descarte,68.5,73.87,68.50 - 73.87,67.03,67.21,67.03 - 67.21,Pérdida del soporte en 68.50 | ROE negativo durante 2 trimestres consecutivos | Ampliación de capital dilutiva | Recorte de rating a bono basura,6-12,"SOCIETE GENERALE está un 2.2% por debajo de su máximo 52s. Fundamentalmente aceptable con ROE 8.9%, dividendo 2.1%. Técnicamente 🟢 Cruce alcista MACD, 🟢 base_pattern_detected. Clasificación: descarte.","SOCIETE GENERALE está un 2.2% por debajo de su máximo 52s. Fundamentalmente aceptable con ROE 8.9%, dividendo 2.1%. Técnicamente 🟢 Cruce alcista MACD, 🟢 base_pattern_detected. Clasificación: descarte.",OK,
BRK-B,Berkshire Hathaway Inc. New,SP500,1.0,script-v2.0,1.0,2026-07-28T10:25:14.710011+02:00,45.5,45.3,48.0,43.0,0.0,5.0,46.0,35.0,11.0,4930488.0,-2.28,-0.2,-1.1,-2.25,8.3,2.0075,False,59.0,36.8,False,490.99,1.3,False,True,False,Sin señales de recuperación,pass,descarte,pendiente,0.0,desconocido,Pendiente de implementar,ausente,debt_reduction (alta): Deuda 128886.0M vs 129081.0M,razonable,descarte,478.8,489.23,478.80 - 489.23,439.32,490.07,439.32 - 490.07,Pérdida del soporte en 478.80 | ROE negativo durante 2 trimestres consecutivos | Ampliación de capital dilutiva | Recorte de rating a bono basura,6-12,"Berkshire Hathaway Inc. New está un 3.8% por debajo de su máximo 52s. Fundamentalmente aceptable con ROE 10.5%, deuda neta/EBITDA -2.3x. Técnicamente 🟡 MACD convergiendo, 🟢 Cerca de soporte. Clasificación: descarte.","Berkshire Hathaway Inc. New está un 3.8% por debajo de su máximo 52s. Fundamentalmente aceptable con ROE 10.5%, deuda neta/EBITDA -2.3x. Técnicamente 🟡 MACD convergiendo, 🟢 Cerca de soporte. Clasificación: descarte.",OK,
WDS.AX,WOODSIDE FPO [WDS],ASX,1.0,script-v2.0,1.0,2026-07-28T10:26:04.281665+02:00,45.4,47.3,83.0,16.0,0.0,1.0,40.0,28.0,12.0,5221520.0,0.99,1.2,,9.1,9.9,0.8563,False,90.0,84.1,False,28.25,14.3,True,False,False,Sin señales de recuperación,pass,descarte,pendiente,0.0,desconocido,Pendiente de implementar,ausente,dividend_maintained (baja): Dividendo actual 5.11% con caída del 9.9%,incompleto,descarte,30.08,30.23,30.08 - 30.23,27.82,30.45,27.82 - 30.45,Pérdida del soporte en 30.23 | ROE negativo durante 2 trimestres consecutivos | Ampliación de capital dilutiva | Recorte de rating a bono basura,6-12,"WOODSIDE FPO [WDS] está un 9.9% por debajo de su máximo 52s. Fundamentalmente aceptable con ROE 7.2%, deuda neta/EBITDA 1.0x. Técnicamente 🟢 Divergencia alcista RSI, 🟢 base_pattern_detected. Clasificación: descarte.","WOODSIDE FPO [WDS] está un 9.9% por debajo de su máximo 52s. Fundamentalmente aceptable con ROE 7.2%, deuda neta/EBITDA 1.0x. Técnicamente 🟢 Divergencia alcista RSI, 🟢 base_pattern_detected. Clasificación: descarte.",OK,
MRK,"Merck & Company, Inc.",SP500,1.0,script-v2.0,1.0,2026-07-28T10:25:28.345651+02:00,45.4,41.6,88.0,1.0,0.0,9.0,57.0,39.0,18.0,10240716.0,1.47,-0.4,2.8,12.41,1.3,5.986,False,85.7,89.7,False,112.53,16.2,True,True,False,,pass,descarte,pendiente,0.0,desconocido,Pendiente de implementar,parcial,margin_stabilization (media): Margen gross 74.2% vs 66.2% (+8.1 pp) | debt_reduction (alta): Deuda 49117.0M vs 49339.0M | dividend_maintained (baja): Dividendo actual 2.60% con caída del 1.3%,razonable,descarte,121.09,124.4,121.09 - 124.40,109.45,112.65,109.45 - 112.65,Pérdida del soporte en 124.40 | ROE negativo durante 2 trimestres consecutivos | Ampliación de capital dilutiva | Recorte de rating a bono basura,6-12,"Merck & Company, Inc. está un 1.3% por debajo de su máximo 52s. Fundamentalmente aceptable con ROE 18.9%, deuda neta/EBITDA 1.5x. Técnicamente 🟢 Cruce alcista MACD, 🟢 Cerca de soporte. Clasificación: descarte.","Merck & Company, Inc. está un 1.3% por debajo de su máximo 52s. Fundamentalmente aceptable con ROE 18.9%, deuda neta/EBITDA 1.5x. Técnicamente 🟢 Cruce alcista MACD, 🟢 Cerca de soporte. Clasificación: descarte.",OK,
UNH,UnitedHealth Group Incorporated,SP500,1.0,script-v2.0,1.0,2026-07-28T10:25:14.125064+02:00,45.4,51.6,98.0,11.0,0.0,12.0,27.0,21.0,6.0,6658133.0,1.73,-6.5,0.7,17.38,31.0,28.2478,False,10.4,14.4,False,342.07,22.1,False,True,True,,pass,pendiente_confirmacion,pendiente,0.0,desconocido,Pendiente de implementar,confirmada,margin_stabilization (media): Margen gross 22.7% vs 16.3% (+6.4 pp) | eps_stabilization (media): EPS 6.90 vs 0.01 (Diluted EPS) | debt_reduction (alta): Deuda 73328.0M vs 78389.0M | dividend_maintained (baja): Dividendo actual 2.22% con caída del 9.5%,incompleto,pendiente_confirmacion,406.99,415.0,406.99 - 415.00,340.16,392.38,340.16 - 392.38,Pérdida del soporte en 415.00 | ROE negativo durante 2 trimestres consecutivos | Ampliación de capital dilutiva | Recorte de rating a bono basura,6-12,"UnitedHealth Group Incorporated está un 9.5% por debajo de su máximo 52s. Fundamentalmente aceptable con ROE 14.2%, deuda neta/EBITDA 1.7x. Técnicamente 🟢 Cerca de soporte, 🟡 trendline_break. Clasificación: pendiente_confirmacion.","UnitedHealth Group Incorporated está un 9.5% por debajo de su máximo 52s. Fundamentalmente aceptable con ROE 14.2%, deuda neta/EBITDA 1.7x. Técnicamente 🟢 Cerca de soporte, 🟡 trendline_break. Clasificación: pendiente_confirmacion.",OK,
0941.HK,CHINA MOBILE,ASIA,1.0,script-v2.0,1.0,2026-07-28T10:26:38.419977+02:00,45.3,48.1,63.0,35.0,0.0,4.0,37.0,37.0,0.0,18009195.0,-0.87,11.3,,5.51,3.5,0.3031,False,100.0,97.8,False,80.21,3.8,False,False,False,Sin señales de recuperación,pass,descarte,pendiente,0.0,desconocido,Pendiente de implementar,ausente,eps_stabilization (media): EPS 6.42 vs 6.15 (annual_eps_fallback) | dividend_maintained (baja): Dividendo actual 6.05% con caída del 8.1%,incompleto,descarte,80.62,80.73,80.62 - 80.73,77.01,80.39,77.01 - 80.39,Pérdida del soporte en 80.62 | ROE negativo durante 2 trimestres consecutivos | Ampliación de capital dilutiva | Recorte de rating a bono basura,6-12,"CHINA MOBILE está un 8.1% por debajo de su máximo 52s. Fundamentalmente aceptable con ROE 9.6%, deuda neta/EBITDA -0.9x. Técnicamente 🟢 Divergencia alcista RSI, 🟢 Cerca de soporte. Clasificación: descarte.","CHINA MOBILE está un 8.1% por debajo de su máximo 52s. Fundamentalmente aceptable con ROE 9.6%, deuda neta/EBITDA -0.9x. Técnicamente 🟢 Divergencia alcista RSI, 🟢 Cerca de soporte. Clasificación: descarte.",OK,
BHP.L,BHP GROUP LIMITED ORD NPV (DI),EUROSTOXX,1.0,script-v2.0,1.0,2026-07-28T10:24:39.804322+02:00,45.3,48.7,93.0,10.0,0.0,4.0,35.0,35.0,0.0,792044.0,0.6,19.2,,6.8,11.2,155.5283,False,68.3,75.0,False,2702.11,14.9,False,False,False,Sin señales de recuperación,pass,descarte,pendiente,0.0,desconocido,Pendiente de implementar,ausente,eps_stabilization (media): EPS 1.77 vs 1.55 (annual_eps_fallback) | dividend_maintained (baja): Dividendo actual 0.03% con caída del 11.2%,incompleto,descarte,2933.88,3104.0,2933.88 - 3104.00,2670.15,2970.75,2670.15 - 2970.75,Pérdida del soporte en 2933.88 | ROE negativo durante 2 trimestres consecutivos | Ampliación de capital dilutiva | Recorte de rating a bono basura,6-12,"BHP GROUP LIMITED ORD NPV (DI) está un 11.2% por debajo de su máximo 52s. Fundamentalmente aceptable con ROE 24.7%, deuda neta/EBITDA 0.6x. Técnicamente 🟢 Cruce alcista MACD. Clasificación: descarte.","BHP GROUP LIMITED ORD NPV (DI) está un 11.2% por debajo de su máximo 52s. Fundamentalmente aceptable con ROE 24.7%, deuda neta/EBITDA 0.6x. Técnicamente 🟢 Cruce alcista MACD. Clasificación: descarte.",OK,
BNP.PA,BNP PARIBAS ACT.A,EUROSTOXX,1.0,script-v2.0,1.0,2026-07-28T10:23:47.424342+02:00,45.2,48.3,59.0,39.0,0.0,4.0,36.0,30.0,6.0,2001069.0,,64.0,,,0.9,6.2907,False,91.6,81.4,False,86.38,24.8,False,True,False,Sin señales de recuperación,pass,descarte,pendiente,0.0,desconocido,Pendiente de implementar,ausente,eps_stabilization (media): EPS 2.92 vs 2.70 (Diluted EPS) | dividend_maintained (baja): Dividendo actual 9.23% con caída del 0.9%,incompleto,descarte,98.41,99.24,98.41 - 99.24,84.98,92.48,84.98 - 92.48,Pérdida del soporte en 99.24 | ROE negativo durante 2 trimestres consecutivos | Ampliación de capital dilutiva | Recorte de rating a bono basura,6-12,"BNP PARIBAS ACT.A está un 0.9% por debajo de su máximo 52s. Fundamentalmente aceptable con dividendo 9.2%. Técnicamente 🟢 Cruce alcista MACD, 🟡 trendline_break. Clasificación: descarte.","BNP PARIBAS ACT.A está un 0.9% por debajo de su máximo 52s. Fundamentalmente aceptable con dividendo 9.2%. Técnicamente 🟢 Cruce alcista MACD, 🟡 trendline_break. Clasificación: descarte.",OK,
SJM,The J.M. Smucker Company,SP500,1.0,script-v2.0,1.0,2026-07-28T10:25:41.595106+02:00,45.0,46.3,66.0,29.0,0.0,12.0,41.0,35.0,6.0,1761400.0,3.67,-4.4,1.0,10.38,0.5,4.1214,False,95.6,90.7,False,103.75,16.7,False,True,True,,pass,pendiente_confirmacion,pendiente,0.0,desconocido,Pendiente de implementar,confirmada,margin_stabilization (media): Margen gross 38.0% vs 35.4% (+2.6 pp) | eps_stabilization (media): EPS 3.64 vs -6.79 (Diluted EPS) | debt_reduction (alta): Deuda 7129.8M vs 7454.3M | dividend_maintained (baja): Dividendo actual 3.70% con caída del 0.5%,incompleto,pendiente_confirmacion,109.32,111.69,109.32 - 111.69,102.63,103.42,102.63 - 103.42,Pérdida del soporte en 111.69 | ROE negativo durante 2 trimestres consecutivos | Ampliación de capital dilutiva | Recorte de rating a bono basura,6-12,"The J.M. Smucker Company está un 0.5% por debajo de su máximo 52s. Fundamentalmente aceptable con ROE -2.4%, deuda neta/EBITDA 3.7x. Técnicamente 🟢 Cruce alcista MACD, 🟡 trendline_break. Clasificación: pendiente_confirmacion.","The J.M. Smucker Company está un 0.5% por debajo de su máximo 52s. Fundamentalmente aceptable con ROE -2.4%, deuda neta/EBITDA 3.7x. Técnicamente 🟢 Cruce alcista MACD, 🟡 trendline_break. Clasificación: pendiente_confirmacion.",OK,
STO.AX,SANTOS FPO [STO],ASX,1.0,script-v2.0,1.0,2026-07-28T10:26:02.129452+02:00,44.8,43.3,70.0,20.0,0.0,1.0,49.0,37.0,12.0,11606789.0,2.0,12.7,,10.56,5.7,0.1688,False,50.0,62.1,False,7.11,9.3,True,False,False,Sin señales de recuperación,pass,descarte,pendiente,0.0,desconocido,Pendiente de implementar,ausente,dividend_maintained (baja): Dividendo actual 4.50% con caída del 5.7%,razonable,descarte,7.45,7.63,7.45 - 7.63,7.0,7.03,7.00 - 7.03,Pérdida del soporte en 7.45 | ROE negativo durante 2 trimestres consecutivos | Ampliación de capital dilutiva | Recorte de rating a bono basura,6-12,"SANTOS FPO [STO] está un 5.7% por debajo de su máximo 52s. Fundamentalmente aceptable con ROE 5.2%, deuda neta/EBITDA 2.0x. Técnicamente 🟢 Divergencia alcista RSI, 🟢 Cerca de soporte. Clasificación: descarte.","SANTOS FPO [STO] está un 5.7% por debajo de su máximo 52s. Fundamentalmente aceptable con ROE 5.2%, deuda neta/EBITDA 2.0x. Técnicamente 🟢 Divergencia alcista RSI, 🟢 Cerca de soporte. Clasificación: descarte.",OK,
CON.DE,CONTINENTAL AG                I,EUROSTOXX,1.0,script-v2.0,1.0,2026-07-28T10:23:34.537705+02:00,44.8,46.0,62.0,32.0,0.0,12.0,41.0,35.0,6.0,439367.0,2.09,-3.1,-0.1,7.85,7.5,2.7172,False,66.0,30.0,False,65.9,8.8,False,True,True,,pass,pendiente_confirmacion,pendiente,0.0,desconocido,Pendiente de implementar,confirmada,margin_stabilization (media): Margen gross 29.4% vs 25.4% (+4.0 pp) | eps_stabilization (media): EPS 1.00 vs -3.78 (Diluted EPS) | debt_reduction (alta): Deuda 6611.0M vs 6822.0M | dividend_maintained (baja): Dividendo actual 3.77% con caída del 7.5%,incompleto,pendiente_confirmacion,69.14,71.27,69.14 - 71.27,65.13,65.88,65.13 - 65.88,Pérdida del soporte en 69.14 | ROE negativo durante 2 trimestres consecutivos | Ampliación de capital dilutiva | Recorte de rating a bono basura,6-12,"CONTINENTAL AG                I está un 7.5% por debajo de su máximo 52s. Fundamentalmente aceptable con ROE -4.4%, deuda neta/EBITDA 2.1x. Técnicamente 🟡 MACD convergiendo, 🟢 Cerca de soporte. Clasificación: pendiente_confirmacion.","CONTINENTAL AG                I está un 7.5% por debajo de su máximo 52s. Fundamentalmente aceptable con ROE -4.4%, deuda neta/EBITDA 2.1x. Técnicamente 🟡 MACD convergiendo, 🟢 Cerca de soporte. Clasificación: pendiente_confirmacion.",OK,
NOKIA.HE,Nokia Corporation,EUROSTOXX,1.0,script-v2.0,1.0,2026-07-28T10:24:30.043079+02:00,44.5,47.7,69.0,29.0,0.0,7.0,35.0,30.0,5.0,15727464.0,-0.68,1.0,1.1,16.4,45.8,0.7093,False,,,False,7.9,2.4,False,False,True,,pass,pendiente_confirmacion,pendiente,0.0,desconocido,Pendiente de implementar,parcial,"margin_stabilization (media): Margen gross 44.6% vs 44.2% (+0.4 pp) | dividend_maintained (baja): Dividendo actual 1.73% con caída del 46.0% | analyst_upgrade (media): Target 10.37 vs precio 8.09 (+28%), recMean 2.57, recKey hold",incompleto,pendiente_confirmacion,6.62,8.09,6.62 - 8.09,12.74,12.74,12.74,Pérdida del soporte en 6.62 | ROE negativo durante 2 trimestres consecutivos | Ampliación de capital dilutiva | Recorte de rating a bono basura,18-24,"Nokia Corporation está un 46.0% por debajo de su máximo 52s. Fundamentalmente aceptable con ROE 3.5%, deuda neta/EBITDA -0.7x. Técnicamente 🔵 RSI en sobreventa, 🟡 Apoyo en MA40 semanal. Clasificación: pendiente_confirmacion.","Nokia Corporation está un 46.0% por debajo de su máximo 52s. Fundamentalmente aceptable con ROE 3.5%, deuda neta/EBITDA -0.7x. Técnicamente 🔵 RSI en sobreventa, 🟡 Apoyo en MA40 semanal. Clasificación: pendiente_confirmacion.",OK,
GS,"Goldman Sachs Group, Inc. (The)",SP500,1.0,script-v2.0,1.0,2026-07-28T10:25:11.293011+02:00,44.5,42.6,81.0,9.0,0.0,4.0,50.0,44.0,6.0,2137672.0,,106.1,,,9.2,56.8904,False,25.6,43.7,False,918.24,14.2,False,True,False,Sin señales de recuperación,pass,descarte,pendiente,0.0,desconocido,Pendiente de implementar,ausente,eps_stabilization (media): EPS 20.98 vs 17.55 (Diluted EPS) | dividend_maintained (baja): Dividendo actual 1.91% con caída del 9.2%,razonable,descarte,1019.79,1040.94,1019.79 - 1040.94,904.29,980.89,904.29 - 980.89,Pérdida del soporte en 1019.79 | ROE negativo durante 2 trimestres consecutivos | Ampliación de capital dilutiva | Recorte de rating a bono basura,6-12,"Goldman Sachs Group, Inc. (The) está un 9.2% por debajo de su máximo 52s. Fundamentalmente aceptable con ROE 17.0%, D/E 6.47. Técnicamente 🟢 Cruce alcista MACD, 🟢 Cerca de soporte. Clasificación: descarte.","Goldman Sachs Group, Inc. (The) está un 9.2% por debajo de su máximo 52s. Fundamentalmente aceptable con ROE 17.0%, D/E 6.47. Técnicamente 🟢 Cruce alcista MACD, 🟢 Cerca de soporte. Clasificación: descarte.",OK,
WY,Weyerhaeuser Company,SP500,1.0,script-v2.0,1.0,2026-07-28T10:25:47.945257+02:00,44.5,39.7,69.0,14.0,0.0,15.0,59.0,42.0,17.0,5468951.0,7.38,-2.6,0.2,32.08,25.7,-0.0457,False,54.6,50.2,False,23.89,0.1,True,False,False,,pass,descarte,pendiente,0.0,desconocido,Pendiente de implementar,confirmada,"margin_stabilization (media): Margen gross 18.4% vs 10.4% (+8.0 pp) | eps_stabilization (media): EPS 0.22 vs 0.10 (Diluted EPS) | debt_reduction (alta): Deuda 5449.0M vs 5597.0M | dividend_maintained (baja): Dividendo actual 3.51% con caída del 13.8% | analyst_upgrade (media): Target 31.09 vs precio 23.91 (+30%), recMean 1.67, recKey buy",razonable,descarte,23.34,23.91,23.34 - 23.91,23.59,23.79,23.59 - 23.79,Pérdida del soporte en 23.34 | ROE negativo durante 2 trimestres consecutivos | Ampliación de capital dilutiva | Recorte de rating a bono basura,6-12,"Weyerhaeuser Company está un 13.8% por debajo de su máximo 52s. Fundamentalmente débil con ROE 4.2%, deuda neta/EBITDA 7.4x. Técnicamente 🟢 Divergencia alcista RSI, 🟢 Cerca de soporte. Clasificación: descarte.","Weyerhaeuser Company está un 13.8% por debajo de su máximo 52s. Fundamentalmente débil con ROE 4.2%, deuda neta/EBITDA 7.4x. Técnicamente 🟢 Divergencia alcista RSI, 🟢 Cerca de soporte. Clasificación: descarte.",OK,
COST,Costco Wholesale Corporation,SP500,1.0,script-v2.0,1.0,2026-07-28T10:25:16.936529+02:00,44.3,42.5,91.0,0.0,0.0,7.0,50.0,35.0,15.0,2378185.0,-0.07,25.3,-0.0,30.48,13.1,-7.7147,True,,,False,955.87,-0.4,False,False,False,,pass,descarte,pendiente,0.0,desconocido,Pendiente de implementar,parcial,margin_stabilization (media): Margen gross 12.8% vs 12.8% (+0.0 pp) | eps_stabilization (media): EPS 4.93 vs 4.58 (Diluted EPS) | dividend_maintained (baja): Dividendo actual 0.62% con caída del 13.2%,razonable,descarte,904.0,951.58,904.00 - 951.58,932.02,932.02,932.02,Pérdida del soporte en 904.00 | ROE negativo durante 2 trimestres consecutivos | Ampliación de capital dilutiva | Recorte de rating a bono basura,6-12,"Costco Wholesale Corporation está un 13.2% por debajo de su máximo 52s. Fundamentalmente aceptable con ROE 29.2%, deuda neta/EBITDA -0.1x. Técnicamente 🟢 Divergencia alcista RSI, 🟢 MACD semanal girando al alza. Clasificación: descarte.","Costco Wholesale Corporation está un 13.2% por debajo de su máximo 52s. Fundamentalmente aceptable con ROE 29.2%, deuda neta/EBITDA -0.1x. Técnicamente 🟢 Divergencia alcista RSI, 🟢 MACD semanal girando al alza. Clasificación: descarte.",OK,
HRL,Hormel Foods Corporation,SP500,1.0,script-v2.0,1.0,2026-07-28T10:25:41.513957+02:00,44.2,43.0,59.0,29.0,0.0,9.0,48.0,30.0,18.0,5087324.0,-0.26,-91.3,0.0,11.2,16.5,0.6882,False,93.2,69.2,False,22.9,13.7,True,True,False,,pass,descarte,pendiente,0.0,desconocido,Pendiente de implementar,parcial,margin_stabilization (media): Margen gross 17.4% vs 15.5% (+1.9 pp) | debt_reduction (alta): Deuda 250.0M vs 2857.5M | dividend_maintained (baja): Dividendo actual 4.49% con caída del 11.2%,razonable,descarte,23.7,23.99,23.70 - 23.99,22.72,24.95,22.72 - 24.95,Pérdida del soporte en 23.99 | ROE negativo durante 2 trimestres consecutivos | Ampliación de capital dilutiva | Recorte de rating a bono basura,6-12,"Hormel Foods Corporation está un 11.2% por debajo de su máximo 52s. Fundamentalmente aceptable con ROE 5.8%, deuda neta/EBITDA -0.3x. Técnicamente 🟢 Cruce alcista MACD, 🟢 base_pattern_detected. Clasificación: descarte.","Hormel Foods Corporation está un 11.2% por debajo de su máximo 52s. Fundamentalmente aceptable con ROE 5.8%, deuda neta/EBITDA -0.3x. Técnicamente 🟢 Cruce alcista MACD, 🟢 base_pattern_detected. Clasificación: descarte.",OK,
055550.KS,ShinhanGroup,ASIA,1.0,script-v2.0,1.0,2026-07-28T10:26:44.642931+02:00,44.1,45.8,73.0,22.0,0.0,7.0,39.0,21.0,18.0,1477369.0,,21.7,,,10.9,5065.5193,False,22.5,38.3,False,91099.35,10.8,True,True,True,,pass,pendiente_confirmacion,pendiente,0.0,desconocido,Pendiente de implementar,parcial,"eps_stabilization (media): EPS 3327.00 vs 1070.12 (Diluted EPS) | dividend_maintained (baja): Dividendo actual 2.93% con caída del 10.9% | analyst_upgrade (media): Target 129450.00 vs precio 100900.00 (+28%), recMean 1.40, recKey strong_buy",incompleto,pendiente_confirmacion,96163.24,100430.0,96163.24 - 100430.00,88495.89,96305.0,88495.89 - 96305.00,Pérdida del soporte en 96163.24 | ROE negativo durante 2 trimestres consecutivos | Ampliación de capital dilutiva | Recorte de rating a bono basura,6-12,"ShinhanGroup está un 10.9% por debajo de su máximo 52s. Fundamentalmente aceptable con ROE 8.9%, dividendo 2.9%. Técnicamente 🟢 Cerca de soporte, 🟢 base_pattern_detected. Clasificación: pendiente_confirmacion.","ShinhanGroup está un 10.9% por debajo de su máximo 52s. Fundamentalmente aceptable con ROE 8.9%, dividendo 2.9%. Técnicamente 🟢 Cerca de soporte, 🟢 base_pattern_detected. Clasificación: pendiente_confirmacion.",OK,
ITW,Illinois Tool Works Inc.,SP500,1.0,script-v2.0,1.0,2026-07-28T10:25:01.671592+02:00,43.8,37.8,81.0,0.0,0.0,9.0,62.0,44.0,18.0,1450172.0,1.76,-0.7,0.0,19.09,4.9,4.691,False,87.2,65.8,False,260.29,9.4,True,True,False,,pass,descarte,pendiente,0.0,desconocido,Pendiente de implementar,parcial,margin_stabilization (media): Margen gross 43.8% vs 44.2% (-0.4 pp) | debt_reduction (alta): Deuda 9148.0M vs 9211.0M | dividend_maintained (baja): Dividendo actual 2.26% con caída del 6.0%,razonable,descarte,256.94,260.55,256.94 - 260.55,257.69,258.28,257.69 - 258.28,Pérdida del soporte en 256.94 | ROE negativo durante 2 trimestres consecutivos | Ampliación de capital dilutiva | Recorte de rating a bono basura,6-12,"Illinois Tool Works Inc. está un 6.0% por debajo de su máximo 52s. Fundamentalmente débil con ROE 96.8%, deuda neta/EBITDA 1.8x. Técnicamente 🟢 Divergencia alcista RSI, 🟢 Cruce alcista MACD. Clasificación: descarte.","Illinois Tool Works Inc. está un 6.0% por debajo de su máximo 52s. Fundamentalmente débil con ROE 96.8%, deuda neta/EBITDA 1.8x. Técnicamente 🟢 Divergencia alcista RSI, 🟢 Cruce alcista MACD. Clasificación: descarte.",OK,
BARC.L,BARCLAYS PLC ORD 25P,EUROSTOXX,1.0,script-v2.0,1.0,2026-07-28T10:24:39.376729+02:00,43.8,45.4,63.0,30.0,0.0,4.0,39.0,21.0,18.0,46483461.0,,245.1,,,5.5,24.7682,False,25.8,58.4,False,453.23,10.8,True,True,False,Sin señales de recuperación,pass,descarte,pendiente,0.0,desconocido,Pendiente de implementar,ausente,eps_stabilization (media): EPS 0.14 vs 0.09 (Diluted EPS) | dividend_maintained (baja): Dividendo actual 0.02% con caída del 5.5%,incompleto,descarte,489.32,501.9,489.32 - 501.90,448.0,451.6,448.00 - 451.60,Pérdida del soporte en 501.90 | ROE negativo durante 2 trimestres consecutivos | Ampliación de capital dilutiva | Recorte de rating a bono basura,6-12,"BARCLAYS PLC ORD 25P está un 5.5% por debajo de su máximo 52s. Fundamentalmente aceptable con ROE 9.6%, dividendo 0.0%. Técnicamente 🟢 Cerca de soporte, 🟢 base_pattern_detected. Clasificación: descarte.","BARCLAYS PLC ORD 25P está un 5.5% por debajo de su máximo 52s. Fundamentalmente aceptable con ROE 9.6%, dividendo 0.0%. Técnicamente 🟢 Cerca de soporte, 🟢 base_pattern_detected. Clasificación: descarte.",OK,
BHP.AX,BHP GROUP FPO [BHP],ASX,1.0,script-v2.0,1.0,2026-07-28T10:25:53.591846+02:00,43.8,46.7,100.0,0.0,0.0,4.0,35.0,35.0,0.0,8676998.0,0.6,19.2,,12.39,10.0,2.8193,False,62.2,63.6,False,52.02,14.1,False,False,False,Sin señales de recuperación,pass,descarte,pendiente,0.0,desconocido,Pendiente de implementar,ausente,eps_stabilization (media): EPS 1.77 vs 1.55 (annual_eps_fallback) | dividend_maintained (baja): Dividendo actual 3.30% con caída del 10.0%,incompleto,descarte,56.29,59.37,56.29 - 59.37,51.49,56.08,51.49 - 56.08,Pérdida del soporte en 56.29 | ROE negativo durante 2 trimestres consecutivos | Ampliación de capital dilutiva | Recorte de rating a bono basura,6-12,"BHP GROUP FPO [BHP] está un 10.0% por debajo de su máximo 52s. Fundamentalmente aceptable con ROE 24.7%, deuda neta/EBITDA 0.6x. Técnicamente 🟢 Cruce alcista MACD. Clasificación: descarte.","BHP GROUP FPO [BHP] está un 10.0% por debajo de su máximo 52s. Fundamentalmente aceptable con ROE 24.7%, deuda neta/EBITDA 0.6x. Técnicamente 🟢 Cruce alcista MACD. Clasificación: descarte.",OK,
MO,"Altria Group, Inc.",SP500,1.0,script-v2.0,1.0,2026-07-28T10:25:39.746334+02:00,43.8,52.3,79.0,29.0,0.0,9.0,18.0,12.0,6.0,8447919.0,1.33,-4.3,14.7,9.05,3.2,2.9057,False,55.8,51.4,False,64.3,13.4,False,True,False,Sin suelo técnico identificado,pass,descarte,pendiente,0.0,desconocido,Pendiente de implementar,parcial,margin_stabilization (media): Margen gross 73.7% vs 71.5% (+2.2 pp) | debt_reduction (alta): Deuda 24602.0M vs 25709.0M | dividend_maintained (baja): Dividendo actual 5.82% con caída del 3.2%,sin_suelo,descarte,69.16,71.5,69.16 - 71.50,63.77,63.99,63.77 - 63.99,Pérdida del soporte en 69.16 | ROE negativo durante 2 trimestres consecutivos | Ampliación de capital dilutiva | Recorte de rating a bono basura,6-12,"Altria Group, Inc. está un 3.2% por debajo de su máximo 52s. Fundamentalmente aceptable con deuda neta/EBITDA 1.3x, dividendo 5.8%. Técnicamente 🟡 trendline_break. Clasificación: descarte.","Altria Group, Inc. está un 3.2% por debajo de su máximo 52s. Fundamentalmente aceptable con deuda neta/EBITDA 1.3x, dividendo 5.8%. Técnicamente 🟡 trendline_break. Clasificación: descarte.",OK,
BAYN.DE,Bayer AG                      N,EUROSTOXX,1.0,script-v2.0,1.0,2026-07-28T10:23:31.676988+02:00,43.7,40.6,55.0,28.0,0.0,12.0,53.0,35.0,18.0,3121539.0,3.17,-4.4,0.8,7.75,12.3,3.0116,False,27.0,13.5,False,39.12,20.8,True,True,False,,pass,descarte,pendiente,0.0,desconocido,Pendiente de implementar,confirmada,margin_stabilization (media): Margen gross 61.0% vs 60.6% (+0.3 pp) | eps_stabilization (media): EPS 2.81 vs -0.98 (Diluted EPS) | debt_reduction (alta): Deuda 38887.0M vs 40697.0M | dividend_maintained (baja): Dividendo actual 0.23% con caída del 12.3%,razonable,descarte,42.41,46.82,42.41 - 46.82,38.22,45.83,38.22 - 45.83,Pérdida del soporte en 46.82 | ROE negativo durante 2 trimestres consecutivos | Ampliación de capital dilutiva | Recorte de rating a bono basura,6-12,"Bayer AG                      N está un 12.3% por debajo de su máximo 52s. Fundamentalmente aceptable con ROE -6.9%, deuda neta/EBITDA 3.2x. Técnicamente 🟡 MACD convergiendo, 🟢 Cerca de soporte. Clasificación: descarte.","Bayer AG                      N está un 12.3% por debajo de su máximo 52s. Fundamentalmente aceptable con ROE -6.9%, deuda neta/EBITDA 3.2x. Técnicamente 🟡 MACD convergiendo, 🟢 Cerca de soporte. Clasificación: descarte.",OK,
WES.AX,WESFARMER FPO [WES],ASX,1.0,script-v2.0,1.0,2026-07-28T10:25:58.911916+02:00,43.7,40.6,87.0,0.0,0.0,4.0,53.0,35.0,18.0,1771824.0,2.57,,,23.85,4.6,2.8756,False,44.3,22.8,False,80.48,10.9,True,True,False,Sin señales de recuperación,pass,descarte,pendiente,0.0,desconocido,Pendiente de implementar,ausente,eps_stabilization (media): EPS 2.58 vs 2.26 (annual_eps_fallback) | dividend_maintained (baja): Dividendo actual 2.39% con caída del 6.3%,razonable,descarte,85.27,86.47,85.27 - 86.47,80.89,80.96,80.89 - 80.96,Pérdida del soporte en 86.47 | ROE negativo durante 2 trimestres consecutivos | Ampliación de capital dilutiva | Recorte de rating a bono basura,6-12,"WESFARMER FPO [WES] está un 6.3% por debajo de su máximo 52s. Fundamentalmente aceptable con ROE 36.4%, deuda neta/EBITDA 2.6x. Técnicamente 🟡 MACD convergiendo, 🟢 Cerca de soporte. Clasificación: descarte.","WESFARMER FPO [WES] está un 6.3% por debajo de su máximo 52s. Fundamentalmente aceptable con ROE 36.4%, deuda neta/EBITDA 2.6x. Técnicamente 🟡 MACD convergiendo, 🟢 Cerca de soporte. Clasificación: descarte.",OK,
XOM,ExxonMobil Holdings Corporation,SP500,1.0,script-v2.0,1.0,2026-07-28T10:24:55.446214+02:00,43.6,46.1,92.0,6.0,0.0,1.0,36.0,24.0,12.0,16843204.0,0.7,9.5,9.3,12.27,11.7,3.2906,False,81.8,88.7,False,139.35,11.1,True,False,False,Sin señales de recuperación,pass,descarte,pendiente,0.0,desconocido,Pendiente de implementar,ausente,dividend_maintained (baja): Dividendo actual 2.66% con caída del 12.3%,incompleto,descarte,143.18,146.61,143.18 - 146.61,137.12,149.95,137.12 - 149.95,Pérdida del soporte en 143.18 | ROE negativo durante 2 trimestres consecutivos | Ampliación de capital dilutiva | Recorte de rating a bono basura,6-12,"ExxonMobil Holdings Corporation está un 12.3% por debajo de su máximo 52s. Fundamentalmente aceptable con ROE 9.9%, deuda neta/EBITDA 0.7x. Técnicamente 🟢 Divergencia alcista RSI, 🟢 base_pattern_detected. Clasificación: descarte.","ExxonMobil Holdings Corporation está un 12.3% por debajo de su máximo 52s. Fundamentalmente aceptable con ROE 9.9%, deuda neta/EBITDA 0.7x. Técnicamente 🟢 Divergencia alcista RSI, 🟢 base_pattern_detected. Clasificación: descarte.",OK,
7267.T,HONDA MOTOR CO,ASIA,1.0,script-v2.0,1.0,2026-07-28T10:26:22.817562+02:00,43.5,42.1,49.0,36.0,0.0,1.0,48.0,30.0,18.0,19454915.0,8.44,212.2,-0.0,14.92,3.9,30.1893,False,96.8,73.4,False,1458.74,10.5,True,True,False,Sin señales de recuperación,pass,descarte,pendiente,0.0,desconocido,Pendiente de implementar,ausente,dividend_maintained (baja): Dividendo actual 4.34% con caída del 6.8%,razonable,descarte,1468.5,1508.04,1468.50 - 1508.04,1457.95,1470.5,1457.95 - 1470.50,Pérdida del soporte en 1508.04 | ROE negativo durante 2 trimestres consecutivos | Ampliación de capital dilutiva | Recorte de rating a bono basura,6-12,"HONDA MOTOR CO está un 6.8% por debajo de su máximo 52s. Fundamentalmente aceptable con ROE -2.8%, deuda neta/EBITDA 8.4x. Técnicamente 🟢 Cruce alcista MACD, 🟢 base_pattern_detected. Clasificación: descarte.","HONDA MOTOR CO está un 6.8% por debajo de su máximo 52s. Fundamentalmente aceptable con ROE -2.8%, deuda neta/EBITDA 8.4x. Técnicamente 🟢 Cruce alcista MACD, 🟢 base_pattern_detected. Clasificación: descarte.",OK,
ANZ.AX,ANZ GROUP FPO [ANZ],ASX,1.0,script-v2.0,1.0,2026-07-28T10:25:56.364948+02:00,43.5,35.9,69.0,7.0,0.0,1.0,66.0,48.0,18.0,4744950.0,,23.8,,,7.1,0.2607,False,87.1,90.8,False,35.85,3.8,True,True,False,Sin señales de recuperación,pass,descarte,pendiente,0.0,desconocido,Pendiente de implementar,ausente,dividend_maintained (baja): Dividendo actual 4.46% con caída del 9.2%,razonable,descarte,34.64,35.33,34.64 - 35.33,34.85,35.76,34.85 - 35.76,Pérdida del soporte en 34.64 | ROE negativo durante 2 trimestres consecutivos | Ampliación de capital dilutiva | Recorte de rating a bono basura,6-12,"ANZ GROUP FPO [ANZ] está un 9.2% por debajo de su máximo 52s. Fundamentalmente débil con ROE 8.2%, dividendo 4.5%. Técnicamente 🟢 Divergencia alcista RSI, 🟢 Cruce alcista MACD. Clasificación: descarte.","ANZ GROUP FPO [ANZ] está un 9.2% por debajo de su máximo 52s. Fundamentalmente débil con ROE 8.2%, dividendo 4.5%. Técnicamente 🟢 Divergencia alcista RSI, 🟢 Cruce alcista MACD. Clasificación: descarte.",OK,
NOVN.SW,NOVARTIS N,EUROSTOXX,1.0,script-v2.0,1.0,2026-07-28T10:24:29.792405+02:00,43.5,42.0,90.0,0.0,0.0,7.0,48.0,30.0,18.0,2764114.0,1.79,4.3,0.2,12.38,0.4,4.0523,False,97.9,89.5,False,115.25,11.4,True,True,False,,pass,descarte,pendiente,0.0,desconocido,Pendiente de implementar,parcial,margin_stabilization (media): Margen gross 75.2% vs 74.4% (+0.8 pp) | eps_stabilization (media): EPS 1.71 vs 1.65 (Diluted EPS) | dividend_maintained (baja): Dividendo actual 2.88% con caída del 2.0%,razonable,descarte,117.34,121.84,117.34 - 121.84,111.35,113.8,111.35 - 113.80,Pérdida del soporte en 117.34 | ROE negativo durante 2 trimestres consecutivos | Ampliación de capital dilutiva | Recorte de rating a bono basura,6-12,"NOVARTIS N está un 2.0% por debajo de su máximo 52s. Fundamentalmente aceptable con ROE 30.3%, deuda neta/EBITDA 1.8x. Técnicamente 🟢 Cruce alcista MACD, 🟢 base_pattern_detected. Clasificación: descarte.","NOVARTIS N está un 2.0% por debajo de su máximo 52s. Fundamentalmente aceptable con ROE 30.3%, deuda neta/EBITDA 1.8x. Técnicamente 🟢 Cruce alcista MACD, 🟢 base_pattern_detected. Clasificación: descarte.",OK,
AIR.PA,AIRBUS SE,EUROSTOXX,1.0,script-v2.0,1.0,2026-07-28T10:23:46.809053+02:00,43.5,42.0,90.0,0.0,0.0,1.0,48.0,30.0,18.0,1276642.0,-0.16,32.2,0.8,21.34,2.3,6.1077,False,97.7,80.4,False,187.44,13.3,True,True,False,Sin señales de recuperación,pass,descarte,pendiente,0.0,desconocido,Pendiente de implementar,ausente,dividend_maintained (baja): Dividendo actual 1.51% con caída del 4.1%,razonable,descarte,188.08,188.5,188.08 - 188.50,187.69,188.11,187.69 - 188.11,Pérdida del soporte en 188.50 | ROE negativo durante 2 trimestres consecutivos | Ampliación de capital dilutiva | Recorte de rating a bono basura,6-12,"AIRBUS SE está un 4.1% por debajo de su máximo 52s. Fundamentalmente aceptable con ROE 19.7%, deuda neta/EBITDA -0.2x. Técnicamente 🟢 Cruce alcista MACD, 🟢 base_pattern_detected. Clasificación: descarte.","AIRBUS SE está un 4.1% por debajo de su máximo 52s. Fundamentalmente aceptable con ROE 19.7%, deuda neta/EBITDA -0.2x. Técnicamente 🟢 Cruce alcista MACD, 🟢 base_pattern_detected. Clasificación: descarte.",OK,
C6L.SI,SIA,ASIA,1.0,script-v2.0,1.0,2026-07-28T10:26:47.784919+02:00,43.4,45.9,72.0,23.0,0.0,7.0,36.0,30.0,6.0,8389131.0,0.09,2.1,3.1,5.79,2.3,0.3031,False,73.5,46.2,False,6.74,14.8,False,True,True,,pass,pendiente_confirmacion,pendiente,0.0,desconocido,Pendiente de implementar,parcial,margin_stabilization (media): Margen operating 14.6% vs 14.4% (+0.2 pp) | eps_stabilization (media): EPS 0.16 vs 0.06 (Diluted EPS) | dividend_maintained (baja): Dividendo actual 5.68% con caída del 2.3%,incompleto,pendiente_confirmacion,7.29,7.53,7.29 - 7.53,6.71,6.73,6.71 - 6.73,Pérdida del soporte en 7.53 | ROE negativo durante 2 trimestres consecutivos | Ampliación de capital dilutiva | Recorte de rating a bono basura,6-12,"SIA está un 2.3% por debajo de su máximo 52s. Fundamentalmente aceptable con ROE 7.2%, deuda neta/EBITDA 0.1x. Técnicamente 🟡 MACD convergiendo, 🟢 Cerca de soporte. Clasificación: pendiente_confirmacion.","SIA está un 2.3% por debajo de su máximo 52s. Fundamentalmente aceptable con ROE 7.2%, deuda neta/EBITDA 0.1x. Técnicamente 🟡 MACD convergiendo, 🟢 Cerca de soporte. Clasificación: pendiente_confirmacion.",OK,
TGT,Target Corporation,SP500,1.0,script-v2.0,1.0,2026-07-28T10:25:04.909148+02:00,43.3,50.7,95.0,12.0,0.0,9.0,21.0,15.0,6.0,4914804.0,1.89,-5.0,-0.1,9.53,10.1,7.6243,False,77.5,64.8,False,114.84,22.2,False,True,False,Sin suelo técnico identificado,pass,descarte,pendiente,0.0,desconocido,Pendiente de implementar,parcial,margin_stabilization (media): Margen gross 29.0% vs 26.6% (+2.4 pp) | debt_reduction (alta): Deuda 19272.0M vs 20290.0M | dividend_maintained (baja): Dividendo actual 3.31% con caída del 2.8%,sin_suelo,descarte,117.8,130.62,117.80 - 130.62,111.62,122.74,111.62 - 122.74,Pérdida del soporte en 117.80 | ROE negativo durante 2 trimestres consecutivos | Ampliación de capital dilutiva | Recorte de rating a bono basura,6-12,"Target Corporation está un 2.8% por debajo de su máximo 52s. Fundamentalmente aceptable con ROE 22.0%, deuda neta/EBITDA 1.9x. Técnicamente 🟡 trendline_break. Clasificación: descarte.","Target Corporation está un 2.8% por debajo de su máximo 52s. Fundamentalmente aceptable con ROE 22.0%, deuda neta/EBITDA 1.9x. Técnicamente 🟡 trendline_break. Clasificación: descarte.",OK,
KO,Coca-Cola Company (The),SP500,1.0,script-v2.0,1.0,2026-07-28T10:24:49.428505+02:00,43.3,44.8,96.0,0.0,0.0,12.0,39.0,21.0,18.0,17472833.0,1.84,-1.9,0.0,23.61,1.9,2.5879,False,68.5,34.9,False,75.89,10.8,True,True,True,,pass,pendiente_confirmacion,pendiente,0.0,desconocido,Pendiente de implementar,confirmada,margin_stabilization (media): Margen gross 63.0% vs 60.0% (+2.9 pp) | eps_stabilization (media): EPS 0.91 vs 0.53 (Diluted EPS) | debt_reduction (alta): Deuda 44647.0M vs 45492.0M | dividend_maintained (baja): Dividendo actual 2.52% con caída del 1.9%,incompleto,pendiente_confirmacion,77.06,81.22,77.06 - 81.22,72.83,74.89,72.83 - 74.89,Pérdida del soporte en 77.06 | ROE negativo durante 2 trimestres consecutivos | Ampliación de capital dilutiva | Recorte de rating a bono basura,6-12,"Coca-Cola Company (The) está un 1.9% por debajo de su máximo 52s. Fundamentalmente aceptable con ROE 43.4%, deuda neta/EBITDA 1.8x. Técnicamente 🟡 MACD convergiendo, 🟢 base_pattern_detected. Clasificación: pendiente_confirmacion.","Coca-Cola Company (The) está un 1.9% por debajo de su máximo 52s. Fundamentalmente aceptable con ROE 43.4%, deuda neta/EBITDA 1.8x. Técnicamente 🟡 MACD convergiendo, 🟢 base_pattern_detected. Clasificación: pendiente_confirmacion.",OK,
BAS.DE,BASF SE                       N,EUROSTOXX,1.0,script-v2.0,1.0,2026-07-28T10:23:31.596657+02:00,43.1,45.2,74.0,20.0,0.0,7.0,37.0,37.0,0.0,2440323.0,3.54,2.0,-1.9,11.07,10.4,0.6468,False,51.4,52.5,False,46.71,4.2,False,False,True,,pass,pendiente_confirmacion,pendiente,0.0,desconocido,Pendiente de implementar,parcial,margin_stabilization (media): Margen gross 25.9% vs 22.1% (+3.8 pp) | eps_stabilization (media): EPS 1.06 vs 0.09 (Diluted EPS) | dividend_maintained (baja): Dividendo actual 4.62% con caída del 11.6%,incompleto,pendiente_confirmacion,47.41,48.67,47.41 - 48.67,46.35,46.79,46.35 - 46.79,Pérdida del soporte en 47.41 | ROE negativo durante 2 trimestres consecutivos | Ampliación de capital dilutiva | Recorte de rating a bono basura,6-12,"BASF SE                       N está un 11.6% por debajo de su máximo 52s. Fundamentalmente aceptable con ROE 4.4%, deuda neta/EBITDA 3.5x. Técnicamente 🟢 Divergencia alcista RSI, 🟢 Cerca de soporte. Clasificación: pendiente_confirmacion.","BASF SE                       N está un 11.6% por debajo de su máximo 52s. Fundamentalmente aceptable con ROE 4.4%, deuda neta/EBITDA 3.5x. Técnicamente 🟢 Divergencia alcista RSI, 🟢 Cerca de soporte. Clasificación: pendiente_confirmacion.",OK,
CSCO,"Cisco Systems, Inc.",SP500,1.0,script-v2.0,1.0,2026-07-28T10:25:18.676379+02:00,43.0,45.7,98.0,0.0,0.0,4.0,35.0,35.0,0.0,25007491.0,0.96,9.7,-0.0,27.51,11.8,9.8204,False,50.0,44.8,False,90.26,26.9,False,False,False,Sin señales de recuperación,pass,descarte,pendiente,0.0,desconocido,Pendiente de implementar,ausente,eps_stabilization (media): EPS 0.85 vs 0.80 (Diluted EPS) | dividend_maintained (baja): Dividendo actual 1.47% con caída del 12.1%,incompleto,descarte,113.9,114.57,113.90 - 114.57,87.94,110.81,87.94 - 110.81,Pérdida del soporte en 113.90 | ROE negativo durante 2 trimestres consecutivos | Ampliación de capital dilutiva | Recorte de rating a bono basura,6-12,"Cisco Systems, Inc. está un 12.1% por debajo de su máximo 52s. Fundamentalmente aceptable con ROE 25.2%, deuda neta/EBITDA 1.0x. Técnicamente 🟡 MACD convergiendo, 🟢 Cerca de soporte. Clasificación: descarte.","Cisco Systems, Inc. está un 12.1% por debajo de su máximo 52s. Fundamentalmente aceptable con ROE 25.2%, deuda neta/EBITDA 1.0x. Técnicamente 🟡 MACD convergiendo, 🟢 Cerca de soporte. Clasificación: descarte.",OK,
EMR,Emerson Electric Company,SP500,1.0,script-v2.0,1.0,2026-07-28T10:24:58.055370+02:00,42.9,41.5,89.0,0.0,0.0,7.0,47.0,35.0,12.0,2823987.0,2.09,1.0,-0.0,16.32,8.9,1.9722,False,91.4,84.2,False,139.29,7.2,True,False,False,,pass,descarte,pendiente,0.0,desconocido,Pendiente de implementar,parcial,margin_stabilization (media): Margen gross 53.1% vs 53.2% (-0.1 pp) | eps_stabilization (media): EPS 1.10 vs 1.07 (Diluted EPS) | dividend_maintained (baja): Dividendo actual 1.49% con caída del 9.6%,razonable,descarte,134.85,140.42,134.85 - 140.42,138.37,140.38,138.37 - 140.38,Pérdida del soporte en 134.85 | ROE negativo durante 2 trimestres consecutivos | Ampliación de capital dilutiva | Recorte de rating a bono basura,6-12,"Emerson Electric Company está un 9.6% por debajo de su máximo 52s. Fundamentalmente aceptable con ROE 12.3%, deuda neta/EBITDA 2.1x. Técnicamente 🟢 Cruce alcista MACD, 🟢 base_pattern_detected. Clasificación: descarte.","Emerson Electric Company está un 9.6% por debajo de su máximo 52s. Fundamentalmente aceptable con ROE 12.3%, deuda neta/EBITDA 2.1x. Técnicamente 🟢 Cruce alcista MACD, 🟢 base_pattern_detected. Clasificación: descarte.",OK,
UCG.MI,UNICREDIT,EUROSTOXX,1.0,script-v2.0,1.0,2026-07-28T10:24:17.838652+02:00,42.8,39.3,74.0,9.0,0.0,1.0,53.0,35.0,18.0,5501155.0,,14.6,,,2.2,4.4187,False,62.9,33.8,False,69.44,18.1,True,True,False,Sin señales de recuperación,pass,descarte,pendiente,0.0,desconocido,Pendiente de implementar,ausente,dividend_maintained (baja): Dividendo actual 3.84% con caída del 2.2%,razonable,descarte,77.36,79.24,77.36 - 79.24,68.78,71.3,68.78 - 71.30,Pérdida del soporte en 79.24 | ROE negativo durante 2 trimestres consecutivos | Ampliación de capital dilutiva | Recorte de rating a bono basura,6-12,"UNICREDIT está un 2.2% por debajo de su máximo 52s. Fundamentalmente débil con ROE 15.8%, dividendo 3.8%. Técnicamente 🟡 MACD convergiendo, 🟢 Cerca de soporte. Clasificación: descarte.","UNICREDIT está un 2.2% por debajo de su máximo 52s. Fundamentalmente débil con ROE 15.8%, dividendo 3.8%. Técnicamente 🟡 MACD convergiendo, 🟢 Cerca de soporte. Clasificación: descarte.",OK,
IAG.AX,INSUR.AUST FPO [IAG],ASX,1.0,script-v2.0,1.0,2026-07-28T10:26:07.020754+02:00,42.6,48.5,96.0,7.0,0.0,4.0,25.0,19.0,6.0,5400022.0,0.95,,,11.37,2.9,0.2441,False,84.4,89.7,False,7.62,13.0,False,True,False,Sin señales de recuperación,pass,descarte,pendiente,0.0,desconocido,Pendiente de implementar,ausente,eps_stabilization (media): EPS 0.56 vs 0.36 (annual_eps_fallback) | dividend_maintained (baja): Dividendo actual 3.60% con caída del 6.1%,incompleto,descarte,8.03,8.05,8.03 - 8.05,7.6,7.79,7.60 - 7.79,Pérdida del soporte en 8.03 | ROE negativo durante 2 trimestres consecutivos | Ampliación de capital dilutiva | Recorte de rating a bono basura,6-12,"INSUR.AUST FPO [IAG] está un 6.1% por debajo de su máximo 52s. Fundamentalmente aceptable con ROE 15.7%, deuda neta/EBITDA 0.9x. Técnicamente 🟡 trendline_break. Clasificación: descarte.","INSUR.AUST FPO [IAG] está un 6.1% por debajo de su máximo 52s. Fundamentalmente aceptable con ROE 15.7%, deuda neta/EBITDA 0.9x. Técnicamente 🟡 trendline_break. Clasificación: descarte.",OK,
JPM,JP Morgan Chase & Co.,SP500,1.0,script-v2.0,1.0,2026-07-28T10:25:07.800184+02:00,42.5,40.7,77.0,9.0,0.0,4.0,48.0,30.0,18.0,9407724.0,,166.8,,,0.8,12.79,False,91.4,95.2,False,310.45,14.7,True,True,False,Sin señales de recuperación,pass,descarte,pendiente,0.0,desconocido,Pendiente de implementar,ausente,eps_stabilization (media): EPS 7.70 vs 5.94 (Diluted EPS) | dividend_maintained (baja): Dividendo actual 1.68% con caída del 0.8%,razonable,descarte,322.52,328.62,322.52 - 328.62,305.19,308.28,305.19 - 308.28,Pérdida del soporte en 328.62 | ROE negativo durante 2 trimestres consecutivos | Ampliación de capital dilutiva | Recorte de rating a bono basura,6-12,"JP Morgan Chase & Co. está un 0.8% por debajo de su máximo 52s. Fundamentalmente aceptable con ROE 17.8%, dividendo 1.7%. Técnicamente 🟢 Cruce alcista MACD, 🟢 base_pattern_detected. Clasificación: descarte.","JP Morgan Chase & Co. está un 0.8% por debajo de su máximo 52s. Fundamentalmente aceptable con ROE 17.8%, dividendo 1.7%. Técnicamente 🟢 Cruce alcista MACD, 🟢 base_pattern_detected. Clasificación: descarte.",OK,
F,Ford Motor Company,SP500,1.0,script-v2.0,1.0,2026-07-28T10:25:44.769052+02:00,42.2,38.6,45.0,33.0,0.0,12.0,53.0,35.0,18.0,63450425.0,18.18,-3.8,5.0,25.9,17.4,0.5023,False,88.3,76.0,False,13.28,10.5,True,True,False,,pass,descarte,pendiente,0.0,desconocido,Pendiente de implementar,confirmada,margin_stabilization (media): Margen gross 11.9% vs -18.7% (+30.6 pp) | eps_stabilization (media): EPS 0.63 vs 0.60 (Diluted EPS) | debt_reduction (alta): Deuda 159511.0M vs 165738.0M | dividend_maintained (baja): Dividendo actual 4.09% con caída del 17.4%,razonable,descarte,13.57,14.41,13.57 - 14.41,13.08,15.11,13.08 - 15.11,Pérdida del soporte en 13.57 | ROE negativo durante 2 trimestres consecutivos | Ampliación de capital dilutiva | Recorte de rating a bono basura,6-12,"Ford Motor Company está un 17.4% por debajo de su máximo 52s. Fundamentalmente débil con ROE -14.8%, deuda neta/EBITDA 18.2x. Técnicamente 🟢 Divergencia alcista RSI, 🟢 Volumen creciente. Clasificación: descarte.","Ford Motor Company está un 17.4% por debajo de su máximo 52s. Fundamentalmente débil con ROE -14.8%, deuda neta/EBITDA 18.2x. Técnicamente 🟢 Divergencia alcista RSI, 🟢 Volumen creciente. Clasificación: descarte.",OK,
GPC,Genuine Parts Company,SP500,1.0,script-v2.0,1.0,2026-07-28T10:24:58.427132+02:00,42.1,43.2,64.0,25.0,0.0,12.0,39.0,21.0,18.0,1817617.0,2.97,-0.9,0.7,11.55,14.1,1.717,False,82.4,57.4,False,117.47,8.7,True,True,True,,pass,pendiente_confirmacion,pendiente,0.0,desconocido,Pendiente de implementar,confirmada,margin_stabilization (media): Margen gross 37.8% vs 37.3% (+0.5 pp) | eps_stabilization (media): EPS 1.65 vs 1.37 (Diluted EPS) | debt_reduction (alta): Deuda 6652.8M vs 6713.8M | dividend_maintained (baja): Dividendo actual 3.33% con caída del 15.7%,incompleto,pendiente_confirmacion,109.12,120.67,109.12 - 120.67,117.4,128.83,117.40 - 128.83,Pérdida del soporte en 120.67 | ROE negativo durante 2 trimestres consecutivos | Ampliación de capital dilutiva | Recorte de rating a bono basura,6-12,"Genuine Parts Company está un 15.7% por debajo de su máximo 52s. Fundamentalmente aceptable con ROE 0.7%, deuda neta/EBITDA 3.0x. Técnicamente 🟡 MACD convergiendo, 🟢 base_pattern_detected. Clasificación: pendiente_confirmacion.","Genuine Parts Company está un 15.7% por debajo de su máximo 52s. Fundamentalmente aceptable con ROE 0.7%, deuda neta/EBITDA 3.0x. Técnicamente 🟡 MACD convergiendo, 🟢 base_pattern_detected. Clasificación: pendiente_confirmacion.",OK,
8058.T,MITSUBISHI CORP,ASIA,1.0,script-v2.0,1.0,2026-07-28T10:26:24.895775+02:00,42.0,48.1,79.0,21.0,0.0,1.0,24.0,24.0,0.0,10720800.0,6.78,9.9,,33.83,20.6,48.9196,False,67.9,79.5,False,4556.48,4.8,False,False,False,Sin señales de recuperación | Sin suelo técnico identificado,pass,descarte,pendiente,0.0,desconocido,Pendiente de implementar,ausente,dividend_maintained (baja): Dividendo actual 2.62% con caída del 20.6%,sin_suelo,descarte,4398.6,4739.44,4398.60 - 4739.44,4451.57,5110.2,4451.57 - 5110.20,Pérdida del soporte en 4398.60 | ROE negativo durante 2 trimestres consecutivos | Ampliación de capital dilutiva | Recorte de rating a bono basura,6-12,"MITSUBISHI CORP está un 20.6% por debajo de su máximo 52s. Fundamentalmente aceptable con ROE 9.0%, deuda neta/EBITDA 6.8x. Técnicamente 🟢 Divergencia alcista RSI. Clasificación: descarte.","MITSUBISHI CORP está un 20.6% por debajo de su máximo 52s. Fundamentalmente aceptable con ROE 9.0%, deuda neta/EBITDA 6.8x. Técnicamente 🟢 Divergencia alcista RSI. Clasificación: descarte.",OK,
8316.T,SUMITOMO MITSUI FINANCIAL GROUP,ASIA,1.0,script-v2.0,1.0,2026-07-28T10:26:15.183433+02:00,42.0,37.0,69.0,9.0,0.0,4.0,57.0,39.0,18.0,13824670.0,,115.8,,,4.5,491.8854,False,52.3,79.2,False,5555.27,24.8,True,True,False,Sin señales de recuperación,pass,descarte,pendiente,0.0,desconocido,Pendiente de implementar,ausente,eps_stabilization (media): EPS 301.48 vs 241.45 (annual_eps_fallback) | dividend_maintained (baja): Dividendo actual 1.95% con caída del 4.5%,razonable,descarte,6470.08,6639.0,6470.08 - 6639.00,5383.55,6171.0,5383.55 - 6171.00,Pérdida del soporte en 6639.00 | ROE negativo durante 2 trimestres consecutivos | Ampliación de capital dilutiva | Recorte de rating a bono basura,6-12,"SUMITOMO MITSUI FINANCIAL GROUP está un 4.5% por debajo de su máximo 52s. Fundamentalmente débil con ROE 6.9%, dividendo 1.9%. Técnicamente 🟢 Cruce alcista MACD, 🟢 Cerca de soporte. Clasificación: descarte.","SUMITOMO MITSUI FINANCIAL GROUP está un 4.5% por debajo de su máximo 52s. Fundamentalmente débil con ROE 6.9%, dividendo 1.9%. Técnicamente 🟢 Cruce alcista MACD, 🟢 Cerca de soporte. Clasificación: descarte.",OK,
WBC.AX,WESTPAC FPO [WBC],ASX,1.0,script-v2.0,1.0,2026-07-28T10:25:56.167068+02:00,41.9,36.9,71.0,7.0,0.0,1.0,57.0,42.0,15.0,5020531.0,,21.4,,,10.5,-0.3547,True,93.4,97.8,False,37.9,0.3,False,False,False,Sin señales de recuperación,pass,descarte,pendiente,0.0,desconocido,Pendiente de implementar,ausente,dividend_maintained (baja): Dividendo actual 4.05% con caída del 12.2%,razonable,descarte,35.92,36.56,35.92 - 36.56,36.82,37.86,36.82 - 37.86,Pérdida del soporte en 36.56 | ROE negativo durante 2 trimestres consecutivos | Ampliación de capital dilutiva | Recorte de rating a bono basura,6-12,"WESTPAC FPO [WBC] está un 12.2% por debajo de su máximo 52s. Fundamentalmente débil con ROE 9.8%, dividendo 4.0%. Técnicamente 🟢 Divergencia alcista RSI, 🟢 Cerca de soporte. Clasificación: descarte.","WESTPAC FPO [WBC] está un 12.2% por debajo de su máximo 52s. Fundamentalmente débil con ROE 9.8%, dividendo 4.0%. Técnicamente 🟢 Divergencia alcista RSI, 🟢 Cerca de soporte. Clasificación: descarte.",OK,
4502.T,TAKEDA PHARMACEUTICAL CO LTD,ASIA,1.0,script-v2.0,1.0,2026-07-28T10:26:18.888893+02:00,41.9,37.5,62.0,16.0,0.0,1.0,55.0,37.0,18.0,4172475.0,3.95,12.8,-1.0,11.32,4.8,122.9636,False,90.5,95.2,False,5130.81,12.0,True,True,False,Sin señales de recuperación,pass,descarte,pendiente,0.0,desconocido,Pendiente de implementar,ausente,dividend_maintained (baja): Dividendo actual 3.55% con caída del 4.8%,razonable,descarte,5197.2,5516.97,5197.20 - 5516.97,5027.88,5128.05,5027.88 - 5128.05,Pérdida del soporte en 5516.97 | ROE negativo durante 2 trimestres consecutivos | Ampliación de capital dilutiva | Recorte de rating a bono basura,6-12,"TAKEDA PHARMACEUTICAL CO LTD está un 4.8% por debajo de su máximo 52s. Fundamentalmente débil con ROE -2.1%, deuda neta/EBITDA 4.0x. Técnicamente 🟢 Divergencia alcista RSI, 🟢 Cerca de soporte. Clasificación: descarte.","TAKEDA PHARMACEUTICAL CO LTD está un 4.8% por debajo de su máximo 52s. Fundamentalmente débil con ROE -2.1%, deuda neta/EBITDA 4.0x. Técnicamente 🟢 Divergencia alcista RSI, 🟢 Cerca de soporte. Clasificación: descarte.",OK,
1038.HK,CKI HOLDINGS,ASIA,1.0,script-v2.0,1.0,2026-07-28T10:26:39.578817+02:00,41.8,40.7,69.0,16.0,0.0,4.0,45.0,33.0,12.0,2230191.0,15.93,1.9,,197.6,4.7,0.7766,False,97.5,93.2,False,59.58,5.5,True,False,False,Sin señales de recuperación,pass,descarte,pendiente,0.0,desconocido,Pendiente de implementar,ausente,eps_stabilization (media): EPS 3.28 vs 3.22 (annual_eps_fallback) | dividend_maintained (baja): Dividendo actual 4.15% con caída del 7.4%,razonable,descarte,60.11,60.62,60.11 - 60.62,57.72,58.49,57.72 - 58.49,Pérdida del soporte en 60.62 | ROE negativo durante 2 trimestres consecutivos | Ampliación de capital dilutiva | Recorte de rating a bono basura,6-12,"CKI HOLDINGS está un 7.4% por debajo de su máximo 52s. Fundamentalmente aceptable con ROE 6.1%, deuda neta/EBITDA 15.9x. Técnicamente 🟢 Divergencia alcista RSI, 🟢 Cerca de soporte. Clasificación: descarte.","CKI HOLDINGS está un 7.4% por debajo de su máximo 52s. Fundamentalmente aceptable con ROE 6.1%, deuda neta/EBITDA 15.9x. Técnicamente 🟢 Divergencia alcista RSI, 🟢 Cerca de soporte. Clasificación: descarte.",OK,
PSA,Public Storage,SP500,1.0,script-v2.0,1.0,2026-07-28T10:25:38.285058+02:00,41.7,45.3,97.0,0.0,0.0,9.0,31.0,25.0,6.0,1023772.0,2.88,-2.2,1.9,20.72,6.1,10.3186,False,70.8,40.2,False,289.9,11.8,False,True,True,,pass,pendiente_confirmacion,pendiente,0.0,desconocido,Pendiente de implementar,parcial,eps_stabilization (media): EPS 0.54 vs 0.52 (Diluted EPS) | debt_reduction (alta): Deuda 10032.3M vs 10253.9M | dividend_maintained (baja): Dividendo actual 3.70% con caída del 2.3%,incompleto,pendiente_confirmacion,299.12,312.98,299.12 - 312.98,282.02,288.66,282.02 - 288.66,Pérdida del soporte en 299.12 | ROE negativo durante 2 trimestres consecutivos | Ampliación de capital dilutiva | Recorte de rating a bono basura,6-12,"Public Storage está un 2.3% por debajo de su máximo 52s. Fundamentalmente aceptable con ROE 20.2%, deuda neta/EBITDA 2.9x. Técnicamente 🟡 MACD convergiendo, 🟡 trendline_break. Clasificación: pendiente_confirmacion.","Public Storage está un 2.3% por debajo de su máximo 52s. Fundamentalmente aceptable con ROE 20.2%, deuda neta/EBITDA 2.9x. Técnicamente 🟡 MACD convergiendo, 🟡 trendline_break. Clasificación: pendiente_confirmacion.",OK,
AEP,American Electric Power Company,SP500,1.0,script-v2.0,1.0,2026-07-28T10:25:33.389220+02:00,41.5,37.7,74.0,6.0,0.0,1.0,53.0,35.0,18.0,4960624.0,5.61,4.6,-13.2,13.69,5.0,3.2661,False,36.9,39.3,False,126.02,6.0,True,True,False,Sin señales de recuperación,pass,descarte,pendiente,0.0,desconocido,Pendiente de implementar,ausente,dividend_maintained (baja): Dividendo actual 2.84% con caída del 5.0%,razonable,descarte,129.12,131.33,129.12 - 131.33,119.49,124.77,119.49 - 124.77,Pérdida del soporte en 129.12 | ROE negativo durante 2 trimestres consecutivos | Ampliación de capital dilutiva | Recorte de rating a bono basura,6-12,"American Electric Power Company está un 5.0% por debajo de su máximo 52s. Fundamentalmente débil con ROE 12.6%, deuda neta/EBITDA 5.6x. Técnicamente 🟡 MACD convergiendo, 🟢 Cerca de soporte. Clasificación: descarte.","American Electric Power Company está un 5.0% por debajo de su máximo 52s. Fundamentalmente débil con ROE 12.6%, deuda neta/EBITDA 5.6x. Técnicamente 🟡 MACD convergiendo, 🟢 Cerca de soporte. Clasificación: descarte.",OK,
SO,Southern Company (The),SP500,1.0,script-v2.0,1.0,2026-07-28T10:25:31.588789+02:00,41.5,37.7,74.0,6.0,0.0,7.0,53.0,35.0,18.0,5851290.0,5.37,2.6,0.1,13.35,2.8,1.3061,False,54.0,51.0,False,91.87,5.0,True,True,False,,pass,descarte,pendiente,0.0,desconocido,Pendiente de implementar,parcial,margin_stabilization (media): Margen gross 46.5% vs 40.0% (+6.5 pp) | eps_stabilization (media): EPS 1.20 vs 0.38 (Diluted EPS) | dividend_maintained (baja): Dividendo actual 3.15% con caída del 4.3%,razonable,descarte,92.42,94.24,92.42 - 94.24,85.71,91.86,85.71 - 91.86,Pérdida del soporte en 92.42 | ROE negativo durante 2 trimestres consecutivos | Ampliación de capital dilutiva | Recorte de rating a bono basura,6-12,"Southern Company (The) está un 4.3% por debajo de su máximo 52s. Fundamentalmente débil con ROE 11.0%, deuda neta/EBITDA 5.4x. Técnicamente 🟡 MACD convergiendo, 🟢 Cerca de soporte. Clasificación: descarte.","Southern Company (The) está un 4.3% por debajo de su máximo 52s. Fundamentalmente débil con ROE 11.0%, deuda neta/EBITDA 5.4x. Técnicamente 🟡 MACD convergiendo, 🟢 Cerca de soporte. Clasificación: descarte.",OK,
CAT,"Caterpillar, Inc.",SP500,1.0,script-v2.0,1.0,2026-07-28T10:25:20.241904+02:00,41.3,41.4,75.0,12.0,0.0,12.0,41.0,41.0,0.0,3118875.0,2.73,-0.6,-3.0,30.36,18.5,66.7092,False,25.3,33.0,False,747.58,16.8,False,False,True,,pass,pendiente_confirmacion,pendiente,0.0,desconocido,Pendiente de implementar,confirmada,margin_stabilization (media): Margen gross 33.1% vs 28.6% (+4.5 pp) | eps_stabilization (media): EPS 5.47 vs 5.12 (Diluted EPS) | debt_reduction (alta): Deuda 43066.0M vs 43330.0M | dividend_maintained (baja): Dividendo actual 0.75% con caída del 18.6%,incompleto,pendiente_confirmacion,846.42,873.28,846.42 - 873.28,729.24,912.44,729.24 - 912.44,Pérdida del soporte en 846.42 | ROE negativo durante 2 trimestres consecutivos | Ampliación de capital dilutiva | Recorte de rating a bono basura,6-12,"Caterpillar, Inc. está un 18.6% por debajo de su máximo 52s. Fundamentalmente aceptable con ROE 51.3%, deuda neta/EBITDA 2.7x. Técnicamente 🟡 MACD convergiendo, 🟢 Cerca de soporte. Clasificación: pendiente_confirmacion.","Caterpillar, Inc. está un 18.6% por debajo de su máximo 52s. Fundamentalmente aceptable con ROE 51.3%, deuda neta/EBITDA 2.7x. Técnicamente 🟡 MACD convergiendo, 🟢 Cerca de soporte. Clasificación: pendiente_confirmacion.",OK,
KBC.BR,KBC,EUROSTOXX,1.0,script-v2.0,1.0,2026-07-28T10:24:23.896500+02:00,41.1,38.9,73.0,9.0,0.0,1.0,48.0,30.0,18.0,383381.0,,79.6,,,0.6,4.5236,False,89.4,78.2,False,110.16,11.4,True,True,False,Sin señales de recuperación,pass,descarte,pendiente,0.0,desconocido,Pendiente de implementar,ausente,dividend_maintained (baja): Dividendo actual 4.15% con caída del 2.0%,razonable,descarte,117.05,117.31,117.05 - 117.31,106.5,109.23,106.50 - 109.23,Pérdida del soporte en 117.31 | ROE negativo durante 2 trimestres consecutivos | Ampliación de capital dilutiva | Recorte de rating a bono basura,6-12,"KBC está un 2.0% por debajo de su máximo 52s. Fundamentalmente débil con ROE 13.4%, dividendo 4.2%. Técnicamente 🟡 MACD convergiendo, 🟢 Cerca de soporte. Clasificación: descarte.","KBC está un 2.0% por debajo de su máximo 52s. Fundamentalmente débil con ROE 13.4%, dividendo 4.2%. Técnicamente 🟡 MACD convergiendo, 🟢 Cerca de soporte. Clasificación: descarte.",OK,
D,"Dominion Energy, Inc.",SP500,1.0,script-v2.0,1.0,2026-07-28T10:25:34.859683+02:00,40.9,45.6,76.0,19.0,0.0,4.0,27.0,21.0,6.0,7059045.0,6.29,6.7,-0.2,14.47,3.7,2.7957,False,26.3,50.1,False,62.78,11.9,False,True,False,Sin señales de recuperación,pass,descarte,pendiente,0.0,desconocido,Pendiente de implementar,ausente,eps_stabilization (media): EPS 0.69 vs 0.65 (Diluted EPS) | dividend_maintained (baja): Dividendo actual 3.80% con caída del 3.7%,incompleto,descarte,66.8,68.03,66.80 - 68.03,62.04,62.08,62.04 - 62.08,Pérdida del soporte en 66.80 | ROE negativo durante 2 trimestres consecutivos | Ampliación de capital dilutiva | Recorte de rating a bono basura,6-12,"Dominion Energy, Inc. está un 3.7% por debajo de su máximo 52s. Fundamentalmente aceptable con ROE 9.8%, deuda neta/EBITDA 6.3x. Técnicamente 🟢 Cerca de soporte, 🟡 trendline_break. Clasificación: descarte.","Dominion Energy, Inc. está un 3.7% por debajo de su máximo 52s. Fundamentalmente aceptable con ROE 9.8%, deuda neta/EBITDA 6.3x. Técnicamente 🟢 Cerca de soporte, 🟡 trendline_break. Clasificación: descarte.",OK,
CVX,Chevron Corporation,SP500,1.0,script-v2.0,1.0,2026-07-28T10:24:55.270791+02:00,40.8,42.3,77.0,12.0,0.0,1.0,36.0,24.0,12.0,9267722.0,1.06,11.5,12.2,11.12,10.7,3.5324,False,68.2,82.3,False,174.69,8.8,True,False,False,Sin señales de recuperación,pass,descarte,pendiente,0.0,desconocido,Pendiente de implementar,ausente,dividend_maintained (baja): Dividendo actual 3.75% con caída del 11.5%,incompleto,descarte,179.12,182.7,179.12 - 182.70,172.45,182.5,172.45 - 182.50,Pérdida del soporte en 179.12 | ROE negativo durante 2 trimestres consecutivos | Ampliación de capital dilutiva | Recorte de rating a bono basura,6-12,"Chevron Corporation está un 11.5% por debajo de su máximo 52s. Fundamentalmente aceptable con ROE 6.6%, deuda neta/EBITDA 1.1x. Técnicamente 🟢 Divergencia alcista RSI, 🟢 base_pattern_detected. Clasificación: descarte.","Chevron Corporation está un 11.5% por debajo de su máximo 52s. Fundamentalmente aceptable con ROE 6.6%, deuda neta/EBITDA 1.1x. Técnicamente 🟢 Divergencia alcista RSI, 🟢 base_pattern_detected. Clasificación: descarte.",OK,
AMGN,Amgen Inc.,SP500,1.0,script-v2.0,1.0,2026-07-28T10:25:28.477325+02:00,40.7,33.6,72.0,0.0,0.0,4.0,62.0,44.0,18.0,2716654.0,2.68,5.0,3.2,14.68,3.1,9.783,False,78.8,66.4,False,344.2,9.3,True,True,False,Sin señales de recuperación,pass,descarte,pendiente,0.0,desconocido,Pendiente de implementar,ausente,eps_stabilization (media): EPS 3.34 vs 2.45 (Diluted EPS) | dividend_maintained (baja): Dividendo actual 2.68% con caída del 3.8%,razonable,descarte,350.13,371.45,350.13 - 371.45,332.6,338.24,332.60 - 338.24,Pérdida del soporte en 371.45 | ROE negativo durante 2 trimestres consecutivos | Ampliación de capital dilutiva | Recorte de rating a bono basura,6-12,"Amgen Inc. está un 3.8% por debajo de su máximo 52s. Fundamentalmente débil con ROE 101.3%, deuda neta/EBITDA 2.7x. Técnicamente 🟢 Cruce alcista MACD, 🟢 Cerca de soporte. Clasificación: descarte.","Amgen Inc. está un 3.8% por debajo de su máximo 52s. Fundamentalmente débil con ROE 101.3%, deuda neta/EBITDA 2.7x. Técnicamente 🟢 Cruce alcista MACD, 🟢 Cerca de soporte. Clasificación: descarte.",OK,
SU.PA,SCHNEIDER ELECTRIC SE,EUROSTOXX,1.0,script-v2.0,1.0,2026-07-28T10:24:00.921774+02:00,40.6,46.5,94.0,5.0,0.0,1.0,23.0,23.0,0.0,941171.0,1.93,28.0,,20.8,10.7,6.7045,False,26.6,40.3,False,250.96,4.5,False,False,False,Sin señales de recuperación | Sin suelo técnico identificado,pass,descarte,pendiente,0.0,desconocido,Pendiente de implementar,ausente,dividend_maintained (baja): Dividendo actual 1.60% con caída del 10.7%,sin_suelo,descarte,241.96,262.25,241.96 - 262.25,249.64,251.11,249.64 - 251.11,Pérdida del soporte en 241.96 | ROE negativo durante 2 trimestres consecutivos | Ampliación de capital dilutiva | Recorte de rating a bono basura,6-12,"SCHNEIDER ELECTRIC SE está un 10.7% por debajo de su máximo 52s. Fundamentalmente aceptable con ROE 15.6%, deuda neta/EBITDA 1.9x. Técnicamente sin suelo técnico identificado. Clasificación: descarte.","SCHNEIDER ELECTRIC SE está un 10.7% por debajo de su máximo 52s. Fundamentalmente aceptable con ROE 15.6%, deuda neta/EBITDA 1.9x. Técnicamente sin suelo técnico identificado. Clasificación: descarte.",OK,
TEN.MI,TENARIS,EUROSTOXX,1.0,script-v2.0,1.0,2026-07-28T10:24:20.472814+02:00,40.5,44.7,74.0,19.0,0.0,7.0,28.0,28.0,0.0,1520379.0,-1.04,5.5,4.5,7.9,11.4,1.2017,False,44.8,72.3,False,21.76,13.3,False,False,True,,pass,pendiente_confirmacion,pendiente,0.0,desconocido,Pendiente de implementar,parcial,margin_stabilization (media): Margen gross 33.9% vs 33.9% (-0.0 pp) | eps_stabilization (media): EPS 0.54 vs 0.44 (Diluted EPS) | dividend_maintained (baja): Dividendo actual 3.12% con caída del 11.4%,incompleto,pendiente_confirmacion,23.9,24.64,23.90 - 24.64,21.31,23.65,21.31 - 23.65,Pérdida del soporte en 23.90 | ROE negativo durante 2 trimestres consecutivos | Ampliación de capital dilutiva | Recorte de rating a bono basura,6-12,"TENARIS está un 11.4% por debajo de su máximo 52s. Fundamentalmente aceptable con ROE 11.6%, deuda neta/EBITDA -1.0x. Técnicamente 🟢 Cerca de soporte. Clasificación: pendiente_confirmacion.","TENARIS está un 11.4% por debajo de su máximo 52s. Fundamentalmente aceptable con ROE 11.6%, deuda neta/EBITDA -1.0x. Técnicamente 🟢 Cerca de soporte. Clasificación: pendiente_confirmacion.",OK,
AI.PA,AIR LIQUIDE,EUROSTOXX,1.0,script-v2.0,1.0,2026-07-28T10:23:46.627830+02:00,40.3,44.8,96.0,0.0,0.0,4.0,27.0,21.0,6.0,952618.0,1.29,7.9,,16.41,5.1,5.9563,False,21.1,36.7,False,156.44,10.5,False,True,False,Sin señales de recuperación,pass,descarte,pendiente,0.0,desconocido,Pendiente de implementar,ausente,eps_stabilization (media): EPS 6.08 vs 5.20 (annual_eps_fallback) | dividend_maintained (baja): Dividendo actual 1.94% con caída del 5.1%,incompleto,descarte,170.04,172.3,170.04 - 172.30,154.92,155.71,154.92 - 155.71,Pérdida del soporte en 172.30 | ROE negativo durante 2 trimestres consecutivos | Ampliación de capital dilutiva | Recorte de rating a bono basura,6-12,"AIR LIQUIDE está un 5.1% por debajo de su máximo 52s. Fundamentalmente aceptable con ROE 13.4%, deuda neta/EBITDA 1.3x. Técnicamente 🟢 Cerca de soporte, 🟡 trendline_break. Clasificación: descarte.","AIR LIQUIDE está un 5.1% por debajo de su máximo 52s. Fundamentalmente aceptable con ROE 13.4%, deuda neta/EBITDA 1.3x. Técnicamente 🟢 Cerca de soporte, 🟡 trendline_break. Clasificación: descarte.",OK,
SRE,DBA Sempra,SP500,1.0,script-v2.0,1.0,2026-07-28T10:25:35.094775+02:00,40.3,36.4,62.0,14.0,0.0,7.0,52.0,35.0,17.0,3621291.0,6.34,4.0,-5.4,18.82,9.0,0.778,False,27.9,48.0,False,91.22,0.0,True,False,False,,pass,descarte,pendiente,0.0,desconocido,Pendiente de implementar,parcial,margin_stabilization (media): Margen gross 52.6% vs 49.0% (+3.6 pp) | eps_stabilization (media): EPS 1.58 vs 0.54 (Diluted EPS) | dividend_maintained (baja): Dividendo actual 2.88% con caída del 9.7%,razonable,descarte,89.56,91.25,89.56 - 91.25,85.88,90.89,85.88 - 90.89,Pérdida del soporte en 89.56 | ROE negativo durante 2 trimestres consecutivos | Ampliación de capital dilutiva | Recorte de rating a bono basura,6-12,"DBA Sempra está un 9.7% por debajo de su máximo 52s. Fundamentalmente débil con ROE 5.7%, deuda neta/EBITDA 6.3x. Técnicamente 🟢 Divergencia alcista RSI, 🟢 Cerca de soporte. Clasificación: descarte.","DBA Sempra está un 9.7% por debajo de su máximo 52s. Fundamentalmente débil con ROE 5.7%, deuda neta/EBITDA 6.3x. Técnicamente 🟢 Divergencia alcista RSI, 🟢 Cerca de soporte. Clasificación: descarte.",OK,
U11.SI,UOB,ASIA,1.0,script-v2.0,1.0,2026-07-28T10:26:47.571144+02:00,40.2,46.3,74.0,22.0,0.0,1.0,22.0,16.0,6.0,3374931.0,,59.1,,,4.3,1.8908,False,40.8,50.7,False,36.97,16.8,False,True,False,Sin señales de recuperación | Sin suelo técnico identificado,pass,descarte,pendiente,0.0,desconocido,Pendiente de implementar,ausente,dividend_maintained (baja): Dividendo actual 3.29% con caída del 4.3%,sin_suelo,descarte,40.26,41.84,40.26 - 41.84,36.67,38.38,36.67 - 38.38,Pérdida del soporte en 41.84 | ROE negativo durante 2 trimestres consecutivos | Ampliación de capital dilutiva | Recorte de rating a bono basura,6-12,"UOB está un 4.3% por debajo de su máximo 52s. Fundamentalmente aceptable con ROE 9.2%, dividendo 3.3%. Técnicamente 🟢 Cerca de soporte, 🟡 trendline_break. Clasificación: descarte.","UOB está un 4.3% por debajo de su máximo 52s. Fundamentalmente aceptable con ROE 9.2%, dividendo 3.3%. Técnicamente 🟢 Cerca de soporte, 🟡 trendline_break. Clasificación: descarte.",OK,
MMM,3M Company,SP500,1.0,script-v2.0,1.0,2026-07-28T10:24:50.818650+02:00,40.2,35.9,77.0,0.0,0.0,7.0,53.0,35.0,18.0,3905580.0,1.21,4.8,0.1,15.39,0.6,3.5975,False,95.9,81.0,False,158.37,12.5,True,True,False,,pass,descarte,pendiente,0.0,desconocido,Pendiente de implementar,parcial,margin_stabilization (media): Margen gross 41.3% vs 40.7% (+0.5 pp) | eps_stabilization (media): EPS 1.78 vs 1.23 (Diluted EPS) | dividend_maintained (baja): Dividendo actual 1.75% con caída del 0.6%,razonable,descarte,157.73,160.34,157.73 - 160.34,152.4,157.43,152.40 - 157.43,Pérdida del soporte en 160.34 | ROE negativo durante 2 trimestres consecutivos | Ampliación de capital dilutiva | Recorte de rating a bono basura,6-12,"3M Company está un 0.6% por debajo de su máximo 52s. Fundamentalmente débil con ROE 81.9%, deuda neta/EBITDA 1.2x. Técnicamente 🟢 Cruce alcista MACD, 🟢 base_pattern_detected. Clasificación: descarte.","3M Company está un 0.6% por debajo de su máximo 52s. Fundamentalmente débil con ROE 81.9%, deuda neta/EBITDA 1.2x. Técnicamente 🟢 Cruce alcista MACD, 🟢 base_pattern_detected. Clasificación: descarte.",OK,
BP.L,BP PLC $0.25,EUROSTOXX,1.0,script-v2.0,1.0,2026-07-28T10:24:33.520074+02:00,40.2,44.7,74.0,19.0,0.0,7.0,27.0,15.0,12.0,41650613.0,1.12,2.3,9.7,4.13,12.9,7.3007,False,67.3,85.8,False,497.37,6.7,True,False,True,,pass,pendiente_confirmacion,pendiente,0.0,desconocido,Pendiente de implementar,parcial,margin_stabilization (media): Margen gross 24.2% vs 16.2% (+8.0 pp) | eps_stabilization (media): EPS 0.25 vs -0.22 (Diluted EPS) | dividend_maintained (baja): Dividendo actual 0.05% con caída del 12.9%,incompleto,pendiente_confirmacion,489.27,515.32,489.27 - 515.32,491.88,517.99,491.88 - 517.99,Pérdida del soporte en 489.27 | ROE negativo durante 2 trimestres consecutivos | Ampliación de capital dilutiva | Recorte de rating a bono basura,6-12,"BP PLC $0.25 está un 12.9% por debajo de su máximo 52s. Fundamentalmente aceptable con ROE 5.8%, deuda neta/EBITDA 1.1x. Técnicamente 🟢 base_pattern_detected. Clasificación: pendiente_confirmacion.","BP PLC $0.25 está un 12.9% por debajo de su máximo 52s. Fundamentalmente aceptable con ROE 5.8%, deuda neta/EBITDA 1.1x. Técnicamente 🟢 base_pattern_detected. Clasificación: pendiente_confirmacion.",OK,
AAPL,Apple Inc.,SP500,1.0,script-v2.0,1.0,2026-07-28T10:25:47.752888+02:00,40.2,46.7,100.0,0.0,0.0,9.0,21.0,15.0,6.0,55288427.0,0.1,-6.4,0.1,31.03,0.8,17.7392,False,91.8,79.0,False,279.38,20.6,False,True,False,Sin suelo técnico identificado,pass,descarte,pendiente,0.0,desconocido,Pendiente de implementar,parcial,margin_stabilization (media): Margen gross 49.3% vs 48.2% (+1.1 pp) | debt_reduction (alta): Deuda 84711.0M vs 90509.0M | dividend_maintained (baja): Dividendo actual 0.32% con caída del 0.8%,sin_suelo,descarte,306.99,312.09,306.99 - 312.09,276.07,288.63,276.07 - 288.63,Pérdida del soporte en 312.09 | ROE negativo durante 2 trimestres consecutivos | Ampliación de capital dilutiva | Recorte de rating a bono basura,6-12,"Apple Inc. está un 0.8% por debajo de su máximo 52s. Fundamentalmente aceptable con ROE 141.5%, deuda neta/EBITDA 0.1x. Técnicamente 🟡 trendline_break. Clasificación: descarte.","Apple Inc. está un 0.8% por debajo de su máximo 52s. Fundamentalmente aceptable con ROE 141.5%, deuda neta/EBITDA 0.1x. Técnicamente 🟡 trendline_break. Clasificación: descarte.",OK,
SUN.AX,SUNCORP FPO [SUN],ASX,1.0,script-v2.0,1.0,2026-07-28T10:26:05.265602+02:00,40.0,38.3,81.0,1.0,0.0,4.0,45.0,39.0,6.0,2901043.0,0.74,,,14.31,17.4,0.5442,False,87.3,82.8,False,17.31,12.9,False,True,False,Sin señales de recuperación,pass,descarte,pendiente,0.0,desconocido,Pendiente de implementar,ausente,eps_stabilization (media): EPS 1.59 vs 1.04 (annual_eps_fallback) | dividend_maintained (baja): Dividendo actual 1.74% con caída del 10.9%,razonable,descarte,18.48,18.89,18.48 - 18.89,17.39,18.63,17.39 - 18.63,Pérdida del soporte en 18.89 | ROE negativo durante 2 trimestres consecutivos | Ampliación de capital dilutiva | Recorte de rating a bono basura,6-12,"SUNCORP FPO [SUN] está un 10.9% por debajo de su máximo 52s. Fundamentalmente débil con ROE 8.4%, deuda neta/EBITDA 0.7x. Técnicamente 🟢 Cruce alcista MACD, 🟢 Cerca de soporte. Clasificación: descarte.","SUNCORP FPO [SUN] está un 10.9% por debajo de su máximo 52s. Fundamentalmente débil con ROE 8.4%, deuda neta/EBITDA 0.7x. Técnicamente 🟢 Cruce alcista MACD, 🟢 Cerca de soporte. Clasificación: descarte.",OK,
C,"Citigroup, Inc.",SP500,1.0,script-v2.0,1.0,2026-07-28T10:25:11.082515+02:00,39.9,44.9,71.0,22.0,0.0,4.0,25.0,25.0,0.0,12678229.0,,121.3,,,10.0,6.6189,False,35.0,30.4,False,119.34,11.5,False,False,False,Sin señales de recuperación,pass,descarte,pendiente,0.0,desconocido,Pendiente de implementar,ausente,eps_stabilization (media): EPS 3.15 vs 3.06 (Diluted EPS) | dividend_maintained (baja): Dividendo actual 2.01% con caída del 10.0%,incompleto,descarte,124.03,133.1,124.03 - 133.10,117.44,125.77,117.44 - 125.77,Pérdida del soporte en 124.03 | ROE negativo durante 2 trimestres consecutivos | Ampliación de capital dilutiva | Recorte de rating a bono basura,6-12,"Citigroup, Inc. está un 10.0% por debajo de su máximo 52s. Fundamentalmente aceptable con ROE 8.5%, dividendo 2.0%. Técnicamente 🟡 MACD convergiendo. Clasificación: descarte.","Citigroup, Inc. está un 10.0% por debajo de su máximo 52s. Fundamentalmente aceptable con ROE 8.5%, dividendo 2.0%. Técnicamente 🟡 MACD convergiendo. Clasificación: descarte.",OK,
0006.HK,POWER ASSETS,ASIA,1.0,script-v2.0,1.0,2026-07-28T10:26:34.425466+02:00,39.7,37.9,63.0,16.0,0.0,9.0,45.0,33.0,12.0,3838465.0,1.85,-12.0,,301.73,8.7,0.5601,False,85.7,84.1,False,57.37,3.4,True,False,False,,pass,descarte,pendiente,0.0,desconocido,Pendiente de implementar,parcial,eps_stabilization (media): EPS 2.87 vs 2.82 (annual_eps_fallback) | debt_reduction (alta): Deuda 3320.0M vs 3771.0M | dividend_maintained (baja): Dividendo actual 4.76% con caída del 11.6%,razonable,descarte,58.38,58.48,58.38 - 58.48,56.34,56.99,56.34 - 56.99,Pérdida del soporte en 58.48 | ROE negativo durante 2 trimestres consecutivos | Ampliación de capital dilutiva | Recorte de rating a bono basura,6-12,"POWER ASSETS está un 11.6% por debajo de su máximo 52s. Fundamentalmente débil con ROE 7.0%, deuda neta/EBITDA 1.9x. Técnicamente 🟢 Divergencia alcista RSI, 🟢 Cerca de soporte. Clasificación: descarte.","POWER ASSETS está un 11.6% por debajo de su máximo 52s. Fundamentalmente débil con ROE 7.0%, deuda neta/EBITDA 1.9x. Técnicamente 🟢 Divergencia alcista RSI, 🟢 Cerca de soporte. Clasificación: descarte.",OK,
ABBV,AbbVie Inc.,SP500,1.0,script-v2.0,1.0,2026-07-28T10:24:51.994202+02:00,39.5,36.7,66.0,11.0,0.0,1.0,48.0,30.0,18.0,6922734.0,2.12,8.0,1.4,17.3,2.0,11.3515,False,74.8,71.6,False,221.96,15.7,True,True,False,Sin señales de recuperación,pass,descarte,pendiente,0.0,desconocido,Pendiente de implementar,ausente,dividend_maintained (baja): Dividendo actual 2.69% con caída del 2.0%,razonable,descarte,231.88,246.51,231.88 - 246.51,220.63,222.79,220.63 - 222.79,Pérdida del soporte en 246.51 | ROE negativo durante 2 trimestres consecutivos | Ampliación de capital dilutiva | Recorte de rating a bono basura,6-12,"AbbVie Inc. está un 2.0% por debajo de su máximo 52s. Fundamentalmente débil con deuda neta/EBITDA 2.1x, dividendo 2.7%. Técnicamente 🟡 MACD convergiendo, 🟢 Cerca de soporte. Clasificación: descarte.","AbbVie Inc. está un 2.0% por debajo de su máximo 52s. Fundamentalmente débil con deuda neta/EBITDA 2.1x, dividendo 2.7%. Técnicamente 🟡 MACD convergiendo, 🟢 Cerca de soporte. Clasificación: descarte.",OK,
ISP.MI,INTESA SANPAOLO,EUROSTOXX,1.0,script-v2.0,1.0,2026-07-28T10:24:15.258421+02:00,39.4,37.5,70.0,9.0,0.0,4.0,45.0,39.0,6.0,56644799.0,,41.0,,,0.1,0.2797,False,99.2,84.0,False,5.63,16.5,False,True,False,Sin señales de recuperación,pass,descarte,pendiente,0.0,desconocido,Pendiente de implementar,ausente,eps_stabilization (media): EPS 0.16 vs 0.10 (Diluted EPS) | dividend_maintained (baja): Dividendo actual 5.80% con caída del 0.1%,razonable,descarte,6.0,6.25,6.00 - 6.25,5.58,5.58,5.58,Pérdida del soporte en 6.25 | ROE negativo durante 2 trimestres consecutivos | Ampliación de capital dilutiva | Recorte de rating a bono basura,6-12,"INTESA SANPAOLO está un 0.1% por debajo de su máximo 52s. Fundamentalmente débil con ROE 14.0%, dividendo 5.8%. Técnicamente 🟢 Cruce alcista MACD, 🟢 Cerca de soporte. Clasificación: descarte.","INTESA SANPAOLO está un 0.1% por debajo de su máximo 52s. Fundamentalmente débil con ROE 14.0%, dividendo 5.8%. Técnicamente 🟢 Cruce alcista MACD, 🟢 Cerca de soporte. Clasificación: descarte.",OK,
RWE.DE,RWE AG                        I,EUROSTOXX,1.0,script-v2.0,1.0,2026-07-28T10:23:43.774454+02:00,39.1,38.9,65.0,16.0,0.0,1.0,40.0,28.0,12.0,1650524.0,10.88,55.4,0.9,56.26,6.9,2.0618,False,36.2,67.4,False,51.96,9.0,True,False,False,Sin señales de recuperación,pass,descarte,pendiente,0.0,desconocido,Pendiente de implementar,ausente,dividend_maintained (baja): Dividendo actual 2.12% con caída del 8.7%,incompleto,descarte,54.2,56.31,54.20 - 56.31,51.25,52.7,51.25 - 52.70,Pérdida del soporte en 54.20 | ROE negativo durante 2 trimestres consecutivos | Ampliación de capital dilutiva | Recorte de rating a bono basura,6-12,"RWE AG                        I está un 8.7% por debajo de su máximo 52s. Fundamentalmente débil con ROE 6.8%, deuda neta/EBITDA 10.9x. Técnicamente 🟢 Cerca de soporte, 🟢 base_pattern_detected. Clasificación: descarte.","RWE AG                        I está un 8.7% por debajo de su máximo 52s. Fundamentalmente débil con ROE 6.8%, deuda neta/EBITDA 10.9x. Técnicamente 🟢 Cerca de soporte, 🟢 base_pattern_detected. Clasificación: descarte.",OK,
UNA.AS,UNILEVER PLC,EUROSTOXX,1.0,script-v2.0,1.0,2026-07-28T10:24:11.765849+02:00,39.0,35.9,77.0,0.0,0.0,6.0,48.0,30.0,18.0,1299174.0,2.14,-7.8,,13.2,7.5,0.4758,False,96.2,48.3,False,53.16,8.5,True,True,False,,pass,descarte,pendiente,0.0,desconocido,Pendiente de implementar,parcial,debt_reduction (alta): Deuda 28278.0M vs 30655.0M | dividend_maintained (baja): Dividendo actual 3.38% con caída del 9.0%,razonable,descarte,51.67,54.77,51.67 - 54.77,53.01,53.88,53.01 - 53.88,Pérdida del soporte en 54.77 | ROE negativo durante 2 trimestres consecutivos | Ampliación de capital dilutiva | Recorte de rating a bono basura,6-12,"UNILEVER PLC está un 9.0% por debajo de su máximo 52s. Fundamentalmente débil con ROE 31.0%, deuda neta/EBITDA 2.1x. Técnicamente 🟢 Cruce alcista MACD, 🟢 base_pattern_detected. Clasificación: descarte.","UNILEVER PLC está un 9.0% por debajo de su máximo 52s. Fundamentalmente débil con ROE 31.0%, deuda neta/EBITDA 2.1x. Técnicamente 🟢 Cruce alcista MACD, 🟢 base_pattern_detected. Clasificación: descarte.",OK,
BAC,Bank of America Corporation,SP500,1.0,script-v2.0,1.0,2026-07-28T10:25:08.548029+02:00,38.9,38.9,73.0,9.0,0.0,4.0,39.0,21.0,18.0,36037208.0,,111.7,,,1.4,2.7952,False,81.7,84.6,False,53.36,16.4,True,True,False,Sin señales de recuperación,pass,descarte,pendiente,0.0,desconocido,Pendiente de implementar,ausente,eps_stabilization (media): EPS 1.21 vs 1.11 (Diluted EPS) | dividend_maintained (baja): Dividendo actual 2.06% con caída del 1.4%,incompleto,descarte,56.24,57.98,56.24 - 57.98,52.89,53.54,52.89 - 53.54,Pérdida del soporte en 57.98 | ROE negativo durante 2 trimestres consecutivos | Ampliación de capital dilutiva | Recorte de rating a bono basura,6-12,"Bank of America Corporation está un 1.4% por debajo de su máximo 52s. Fundamentalmente débil con ROE 11.2%, dividendo 2.1%. Técnicamente 🟡 MACD convergiendo, 🟢 base_pattern_detected. Clasificación: descarte.","Bank of America Corporation está un 1.4% por debajo de su máximo 52s. Fundamentalmente débil con ROE 11.2%, dividendo 2.1%. Técnicamente 🟡 MACD convergiendo, 🟢 base_pattern_detected. Clasificación: descarte.",OK,
AFL,AFLAC Incorporated,SP500,1.0,script-v2.0,1.0,2026-07-28T10:25:05.353589+02:00,38.8,44.7,89.0,6.0,0.0,1.0,21.0,15.0,6.0,2449229.0,1.05,72.0,-1.9,12.01,0.2,3.8968,False,96.0,81.6,False,113.02,12.0,False,True,False,Sin señales de recuperación | Sin suelo técnico identificado,pass,descarte,pendiente,0.0,desconocido,Pendiente de implementar,ausente,dividend_maintained (baja): Dividendo actual 1.93% con caída del 0.2%,sin_suelo,descarte,112.66,118.52,112.66 - 118.52,107.84,112.13,107.84 - 112.13,Pérdida del soporte en 112.66 | ROE negativo durante 2 trimestres consecutivos | Ampliación de capital dilutiva | Recorte de rating a bono basura,6-12,"AFLAC Incorporated está un 0.2% por debajo de su máximo 52s. Fundamentalmente aceptable con ROE 16.5%, deuda neta/EBITDA 1.1x. Técnicamente 🟡 trendline_break. Clasificación: descarte.","AFLAC Incorporated está un 0.2% por debajo de su máximo 52s. Fundamentalmente aceptable con ROE 16.5%, deuda neta/EBITDA 1.1x. Técnicamente 🟡 trendline_break. Clasificación: descarte.",OK,
ORA.PA,ORANGE,EUROSTOXX,1.0,script-v2.0,1.0,2026-07-28T10:23:58.041199+02:00,38.5,39.1,62.0,19.0,0.0,1.0,37.0,37.0,0.0,4325572.0,3.02,509.7,,7.69,8.9,0.2503,False,67.1,59.8,False,15.88,5.2,False,False,False,Sin señales de recuperación,pass,descarte,pendiente,0.0,desconocido,Pendiente de implementar,ausente,dividend_maintained (baja): Dividendo actual 4.49% con caída del 11.1%,incompleto,descarte,16.61,16.71,16.61 - 16.71,15.73,15.98,15.73 - 15.98,Pérdida del soporte en 16.61 | ROE negativo durante 2 trimestres consecutivos | Ampliación de capital dilutiva | Recorte de rating a bono basura,6-12,"ORANGE está un 11.1% por debajo de su máximo 52s. Fundamentalmente débil con ROE 3.2%, deuda neta/EBITDA 3.0x. Técnicamente 🟢 Divergencia alcista RSI, 🟢 Cerca de soporte. Clasificación: descarte.","ORANGE está un 11.1% por debajo de su máximo 52s. Fundamentalmente débil con ROE 3.2%, deuda neta/EBITDA 3.0x. Técnicamente 🟢 Divergencia alcista RSI, 🟢 Cerca de soporte. Clasificación: descarte.",OK,
8306.T,MITSUBISHI UFJ FINANCIAL GROUP ,ASIA,1.0,script-v2.0,1.0,2026-07-28T10:26:14.140190+02:00,38.4,38.9,73.0,9.0,0.0,4.0,37.0,19.0,18.0,41782758.0,,236.8,,,4.0,259.4462,False,64.8,85.5,False,2841.25,28.9,True,True,False,Sin señales de recuperación,pass,descarte,pendiente,0.0,desconocido,Pendiente de implementar,ausente,eps_stabilization (media): EPS 212.34 vs 159.48 (annual_eps_fallback) | dividend_maintained (baja): Dividendo actual 2.62% con caída del 4.0%,incompleto,descarte,3302.26,3396.0,3302.26 - 3396.00,2773.56,3241.05,2773.56 - 3241.05,Pérdida del soporte en 3396.00 | ROE negativo durante 2 trimestres consecutivos | Ampliación de capital dilutiva | Recorte de rating a bono basura,6-12,"MITSUBISHI UFJ FINANCIAL GROUP  está un 4.0% por debajo de su máximo 52s. Fundamentalmente débil con ROE 9.4%, dividendo 2.6%. Técnicamente 🟢 base_pattern_detected, 🟡 trendline_break. Clasificación: descarte.","MITSUBISHI UFJ FINANCIAL GROUP  está un 4.0% por debajo de su máximo 52s. Fundamentalmente débil con ROE 9.4%, dividendo 2.6%. Técnicamente 🟢 base_pattern_detected, 🟡 trendline_break. Clasificación: descarte.",OK,
VOD.L,VODAFONE GROUP PLC ORD USD0.20 ,EUROSTOXX,1.0,script-v2.0,1.0,2026-07-28T10:24:40.765881+02:00,38.2,39.0,47.0,32.0,0.0,4.0,36.0,24.0,12.0,84289238.0,4.46,5.8,,7.97,8.0,2.8003,False,97.5,83.3,False,106.96,12.7,True,False,False,Sin señales de recuperación,pass,descarte,pendiente,0.0,desconocido,Pendiente de implementar,ausente,eps_stabilization (media): EPS -0.02 vs -0.16 (annual_eps_fallback) | dividend_maintained (baja): Dividendo actual 0.03% con caída del 8.0%,incompleto,descarte,109.36,109.73,109.36 - 109.73,105.25,111.43,105.25 - 111.43,Pérdida del soporte en 109.36 | ROE negativo durante 2 trimestres consecutivos | Ampliación de capital dilutiva | Recorte de rating a bono basura,6-12,"VODAFONE GROUP PLC ORD USD0.20  está un 8.0% por debajo de su máximo 52s. Fundamentalmente débil con ROE 0.1%, deuda neta/EBITDA 4.5x. Técnicamente 🟢 Divergencia alcista RSI, 🟢 base_pattern_detected. Clasificación: descarte.","VODAFONE GROUP PLC ORD USD0.20  está un 8.0% por debajo de su máximo 52s. Fundamentalmente débil con ROE 0.1%, deuda neta/EBITDA 4.5x. Técnicamente 🟢 Divergencia alcista RSI, 🟢 base_pattern_detected. Clasificación: descarte.",OK,
NESN.SW,NESTLE N,EUROSTOXX,1.0,script-v2.0,1.0,2026-07-28T10:24:29.951954+02:00,38.0,37.1,76.0,3.0,0.0,6.0,41.0,35.0,6.0,3624570.0,3.45,-4.2,,16.03,6.1,1.8634,False,32.9,22.2,False,77.26,5.8,False,True,False,,pass,descarte,pendiente,0.0,desconocido,Pendiente de implementar,parcial,debt_reduction (alta): Deuda 62845.0M vs 65604.0M | dividend_maintained (baja): Dividendo actual 3.79% con caída del 6.1%,incompleto,descarte,75.17,81.18,75.17 - 81.18,74.03,77.04,74.03 - 77.04,Pérdida del soporte en 75.17 | ROE negativo durante 2 trimestres consecutivos | Ampliación de capital dilutiva | Recorte de rating a bono basura,6-12,"NESTLE N está un 6.1% por debajo de su máximo 52s. Fundamentalmente débil con ROE 26.2%, deuda neta/EBITDA 3.5x. Técnicamente 🟢 Cruce alcista MACD, 🟡 trendline_break. Clasificación: descarte.","NESTLE N está un 6.1% por debajo de su máximo 52s. Fundamentalmente débil con ROE 26.2%, deuda neta/EBITDA 3.5x. Técnicamente 🟢 Cruce alcista MACD, 🟡 trendline_break. Clasificación: descarte.",OK,
INTC,Intel Corporation,SP500,1.0,script-v2.0,1.0,2026-07-28T10:25:17.644963+02:00,37.9,37.8,57.0,21.0,0.0,6.0,38.0,38.0,0.0,131600435.0,1.24,12.2,0.3,29.62,35.6,13.5566,False,15.9,18.0,False,68.86,33.1,False,False,False,,pass,descarte,pendiente,0.0,desconocido,Pendiente de implementar,parcial,"margin_stabilization (media): Margen gross 40.4% vs 39.4% (+1.0 pp) | analyst_upgrade (media): Target 115.65 vs precio 91.67 (+26%), recMean 2.60, recKey hold",incompleto,descarte,89.59,91.67,89.59 - 91.67,66.03,121.0,66.03 - 121.00,Pérdida del soporte en 89.59 | ROE negativo durante 2 trimestres consecutivos | Ampliación de capital dilutiva | Recorte de rating a bono basura,12-18,"Intel Corporation está un 35.6% por debajo de su máximo 52s. Fundamentalmente débil con ROE -10.7%, deuda neta/EBITDA 1.2x. Técnicamente 🟢 Volumen creciente, 🟢 Cerca de soporte. Clasificación: descarte.","Intel Corporation está un 35.6% por debajo de su máximo 52s. Fundamentalmente débil con ROE -10.7%, deuda neta/EBITDA 1.2x. Técnicamente 🟢 Volumen creciente, 🟢 Cerca de soporte. Clasificación: descarte.",OK,
9434.T,SOFTBANK CORP.,ASIA,1.0,script-v2.0,1.0,2026-07-28T10:26:18.359531+02:00,37.8,38.5,79.0,3.0,0.0,4.0,36.0,24.0,12.0,78647055.0,2.84,0.3,,9.95,3.2,1.7486,False,94.2,88.3,False,214.53,7.6,True,False,False,Sin señales de recuperación,pass,descarte,pendiente,0.0,desconocido,Pendiente de implementar,ausente,eps_stabilization (media): EPS 11.27 vs 10.84 (annual_eps_fallback) | dividend_maintained (baja): Dividendo actual 3.81% con caída del 6.9%,incompleto,descarte,210.49,215.1,210.49 - 215.10,210.72,214.0,210.72 - 214.00,Pérdida del soporte en 210.49 | ROE negativo durante 2 trimestres consecutivos | Ampliación de capital dilutiva | Recorte de rating a bono basura,6-12,"SOFTBANK CORP. está un 6.9% por debajo de su máximo 52s. Fundamentalmente débil con ROE 16.3%, deuda neta/EBITDA 2.8x. Técnicamente 🟢 Divergencia alcista RSI, 🟢 base_pattern_detected. Clasificación: descarte.","SOFTBANK CORP. está un 6.9% por debajo de su máximo 52s. Fundamentalmente débil con ROE 16.3%, deuda neta/EBITDA 2.8x. Técnicamente 🟢 Divergencia alcista RSI, 🟢 base_pattern_detected. Clasificación: descarte.",OK,
GM,General Motors Company,SP500,1.0,script-v2.0,1.0,2026-07-28T10:25:44.603244+02:00,37.8,30.7,43.0,20.0,0.0,1.0,59.0,41.0,18.0,8073793.0,6.32,0.8,4.4,11.06,0.2,1.9463,False,99.7,80.1,False,77.83,11.8,True,True,False,Sin señales de recuperación,pass,descarte,pendiente,0.0,desconocido,Pendiente de implementar,ausente,dividend_maintained (baja): Dividendo actual 0.83% con caída del 0.7%,razonable,descarte,74.98,79.14,74.98 - 79.14,74.48,76.34,74.48 - 76.34,Pérdida del soporte en 74.98 | ROE negativo durante 2 trimestres consecutivos | Ampliación de capital dilutiva | Recorte de rating a bono basura,6-12,"General Motors Company está un 0.7% por debajo de su máximo 52s. Fundamentalmente débil con ROE 3.2%, deuda neta/EBITDA 6.3x. Técnicamente 🟢 Cruce alcista MACD, 🟢 Volumen creciente. Clasificación: descarte.","General Motors Company está un 0.7% por debajo de su máximo 52s. Fundamentalmente débil con ROE 3.2%, deuda neta/EBITDA 6.3x. Técnicamente 🟢 Cruce alcista MACD, 🟢 Volumen creciente. Clasificación: descarte.",OK,
HSBA.L,HSBC HOLDINGS PLC ORD $0.50 (UK,EUROSTOXX,1.0,script-v2.0,1.0,2026-07-28T10:24:36.758692+02:00,37.8,39.4,65.0,17.0,0.0,4.0,33.0,15.0,18.0,22287066.0,,202.0,,,2.3,86.5676,False,98.0,90.6,False,1279.12,21.5,True,True,False,Sin señales de recuperación,pass,descarte,pendiente,0.0,desconocido,Pendiente de implementar,ausente,eps_stabilization (media): EPS 0.40 vs 0.39 (Diluted EPS) | dividend_maintained (baja): Dividendo actual 0.04% con caída del 2.3%,incompleto,descarte,1422.4,1425.56,1422.40 - 1425.56,1254.02,1351.5,1254.02 - 1351.50,Pérdida del soporte en 1422.40 | ROE negativo durante 2 trimestres consecutivos | Ampliación de capital dilutiva | Recorte de rating a bono basura,6-12,"HSBC HOLDINGS PLC ORD $0.50 (UK está un 2.3% por debajo de su máximo 52s. Fundamentalmente débil con ROE 11.6%, dividendo 0.0%. Técnicamente 🟢 base_pattern_detected, 🟡 trendline_break. Clasificación: descarte.","HSBC HOLDINGS PLC ORD $0.50 (UK está un 2.3% por debajo de su máximo 52s. Fundamentalmente débil con ROE 11.6%, dividendo 0.0%. Técnicamente 🟢 base_pattern_detected, 🟡 trendline_break. Clasificación: descarte.",OK,
CL,Colgate-Palmolive Company,SP500,1.0,script-v2.0,1.0,2026-07-28T10:24:57.843467+02:00,37.7,35.9,77.0,0.0,0.0,12.0,43.0,25.0,18.0,5161758.0,1.33,-6.8,0.0,16.36,11.8,1.8236,False,45.4,33.7,False,85.89,7.1,True,True,False,,pass,descarte,pendiente,0.0,desconocido,Pendiente de implementar,confirmada,margin_stabilization (media): Margen gross 60.6% vs 60.2% (+0.4 pp) | eps_stabilization (media): EPS 0.80 vs -0.05 (Diluted EPS) | debt_reduction (alta): Deuda 7973.0M vs 8554.0M | dividend_maintained (baja): Dividendo actual 2.30% con caída del 7.4%,incompleto,descarte,86.39,90.12,86.39 - 90.12,84.43,84.68,84.43 - 84.68,Pérdida del soporte en 86.39 | ROE negativo durante 2 trimestres consecutivos | Ampliación de capital dilutiva | Recorte de rating a bono basura,6-12,"Colgate-Palmolive Company está un 7.4% por debajo de su máximo 52s. Fundamentalmente débil con ROE 363.6%, deuda neta/EBITDA 1.3x. Técnicamente 🟡 MACD convergiendo, 🟢 base_pattern_detected. Clasificación: descarte.","Colgate-Palmolive Company está un 7.4% por debajo de su máximo 52s. Fundamentalmente débil con ROE 363.6%, deuda neta/EBITDA 1.3x. Técnicamente 🟡 MACD convergiendo, 🟢 base_pattern_detected. Clasificación: descarte.",OK,
SWK,"Stanley Black & Decker, Inc.",SP500,1.0,script-v2.0,1.0,2026-07-28T10:24:58.598422+02:00,37.3,39.4,73.0,10.0,0.0,1.0,31.0,25.0,6.0,1668106.0,3.97,16.2,0.2,12.73,8.3,4.4759,False,99.4,60.6,False,77.7,21.2,False,True,False,Sin señales de recuperación,pass,descarte,pendiente,0.0,desconocido,Pendiente de implementar,ausente,dividend_maintained (baja): Dividendo actual 3.57% con caída del 1.0%,incompleto,descarte,83.86,85.06,83.86 - 85.06,76.17,80.89,76.17 - 80.89,Pérdida del soporte en 85.06 | ROE negativo durante 2 trimestres consecutivos | Ampliación de capital dilutiva | Recorte de rating a bono basura,6-12,"Stanley Black & Decker, Inc. está un 1.0% por debajo de su máximo 52s. Fundamentalmente débil con ROE 4.2%, deuda neta/EBITDA 4.0x. Técnicamente 🟡 MACD convergiendo, 🟡 trendline_break. Clasificación: descarte.","Stanley Black & Decker, Inc. está un 1.0% por debajo de su máximo 52s. Fundamentalmente débil con ROE 4.2%, deuda neta/EBITDA 4.0x. Técnicamente 🟡 MACD convergiendo, 🟡 trendline_break. Clasificación: descarte.",OK,
0005.HK,HSBC HOLDINGS,ASIA,1.0,script-v2.0,1.0,2026-07-28T10:26:31.855881+02:00,37.2,42.7,72.0,17.0,0.0,4.0,21.0,15.0,6.0,14869791.0,,202.0,,,0.9,9.6819,False,89.7,93.5,False,131.59,23.1,False,True,False,Sin señales de recuperación | Sin suelo técnico identificado,pass,descarte,pendiente,0.0,desconocido,Pendiente de implementar,ausente,eps_stabilization (media): EPS 0.40 vs 0.39 (Diluted EPS) | dividend_maintained (baja): Dividendo actual 3.62% con caída del 0.9%,sin_suelo,descarte,142.0,148.8,142.00 - 148.80,128.09,138.89,128.09 - 138.89,Pérdida del soporte en 142.00 | ROE negativo durante 2 trimestres consecutivos | Ampliación de capital dilutiva | Recorte de rating a bono basura,6-12,"HSBC HOLDINGS está un 0.9% por debajo de su máximo 52s. Fundamentalmente aceptable con ROE 11.6%, dividendo 3.6%. Técnicamente 🟡 trendline_break. Clasificación: descarte.","HSBC HOLDINGS está un 0.9% por debajo de su máximo 52s. Fundamentalmente aceptable con ROE 11.6%, dividendo 3.6%. Técnicamente 🟡 trendline_break. Clasificación: descarte.",OK,
ASML.AS,ASML HOLDING,EUROSTOXX,1.0,script-v2.0,1.0,2026-07-28T10:24:07.590211+02:00,37.0,42.3,77.0,12.0,0.0,15.0,21.0,21.0,0.0,714274.0,-0.41,-26.7,0.0,40.3,19.6,123.3926,False,,,False,1216.02,14.9,False,False,False,Sin suelo técnico identificado,pass,descarte,pendiente,0.0,desconocido,Pendiente de implementar,confirmada,"margin_stabilization (media): Margen gross 54.0% vs 53.0% (+1.0 pp) | eps_stabilization (media): EPS 7.58 vs 7.15 (Diluted EPS) | debt_reduction (alta): Deuda 1984.4M vs 2705.6M | dividend_maintained (baja): Dividendo actual 0.56% con caída del 19.7% | analyst_upgrade (media): Target 1995.11 vs precio 1397.80 (+43%), recMean 1.41, recKey strong_buy",sin_suelo,descarte,1377.24,1397.8,1377.24 - 1397.80,1479.85,1479.85,1479.85,Pérdida del soporte en 1377.24 | ROE negativo durante 2 trimestres consecutivos | Ampliación de capital dilutiva | Recorte de rating a bono basura,6-12,"ASML HOLDING está un 19.7% por debajo de su máximo 52s. Fundamentalmente aceptable con ROE 53.9%, deuda neta/EBITDA -0.4x. Técnicamente 🟢 Cerca de soporte. Clasificación: descarte.","ASML HOLDING está un 19.7% por debajo de su máximo 52s. Fundamentalmente aceptable con ROE 53.9%, deuda neta/EBITDA -0.4x. Técnicamente 🟢 Cerca de soporte. Clasificación: descarte.",OK,
INGA.AS,ING GROEP N.V.,EUROSTOXX,1.0,script-v2.0,1.0,2026-07-28T10:24:09.013500+02:00,37.0,40.3,76.0,9.0,0.0,4.0,27.0,21.0,6.0,7206592.0,,58.7,,,1.0,1.661,False,83.8,70.5,False,24.29,20.0,False,True,False,Sin señales de recuperación,pass,descarte,pendiente,0.0,desconocido,Pendiente de implementar,ausente,eps_stabilization (media): EPS 0.54 vs 0.48 (Diluted EPS) | dividend_maintained (baja): Dividendo actual 3.74% con caída del 1.0%,incompleto,descarte,27.18,27.36,27.18 - 27.36,23.97,25.02,23.97 - 25.02,Pérdida del soporte en 27.18 | ROE negativo durante 2 trimestres consecutivos | Ampliación de capital dilutiva | Recorte de rating a bono basura,6-12,"ING GROEP N.V. está un 1.0% por debajo de su máximo 52s. Fundamentalmente aceptable con ROE 16.6%, dividendo 3.7%. Técnicamente 🟡 MACD convergiendo, 🟡 trendline_break. Clasificación: descarte.","ING GROEP N.V. está un 1.0% por debajo de su máximo 52s. Fundamentalmente aceptable con ROE 16.6%, dividendo 3.7%. Técnicamente 🟡 MACD convergiendo, 🟡 trendline_break. Clasificación: descarte.",OK,
PM,Philip Morris International Inc,SP500,1.0,script-v2.0,1.0,2026-07-28T10:25:38.230547+02:00,36.1,37.1,67.0,11.0,0.0,12.0,33.0,15.0,18.0,4987166.0,2.16,-5.5,-0.0,17.58,2.1,7.0491,False,82.8,72.9,False,169.0,15.8,True,True,False,,pass,descarte,pendiente,0.0,desconocido,Pendiente de implementar,confirmada,margin_stabilization (media): Margen gross 68.4% vs 68.1% (+0.4 pp) | eps_stabilization (media): EPS 0.23 vs 0.20 (Diluted EPS) | debt_reduction (alta): Deuda 49113.0M vs 51948.0M | dividend_maintained (baja): Dividendo actual 3.01% con caída del 2.1%,incompleto,descarte,182.43,185.71,182.43 - 185.71,166.82,169.81,166.82 - 169.81,Pérdida del soporte en 185.71 | ROE negativo durante 2 trimestres consecutivos | Ampliación de capital dilutiva | Recorte de rating a bono basura,6-12,"Philip Morris International Inc está un 2.1% por debajo de su máximo 52s. Fundamentalmente débil con deuda neta/EBITDA 2.2x, dividendo 3.0%. Técnicamente 🟢 base_pattern_detected, 🟡 trendline_break. Clasificación: descarte.","Philip Morris International Inc está un 2.1% por debajo de su máximo 52s. Fundamentalmente débil con deuda neta/EBITDA 2.2x, dividendo 3.0%. Técnicamente 🟢 base_pattern_detected, 🟡 trendline_break. Clasificación: descarte.",OK,
TIT.MI,TELECOM ITALIA,EUROSTOXX,1.0,script-v2.0,1.0,2026-07-28T10:24:18.124323+02:00,36.1,24.9,27.0,23.0,0.0,3.0,70.0,64.0,6.0,11912285.0,3.06,10.7,5.4,7.72,9.8,0.5394,False,7.8,3.0,True,6.3,17.2,False,False,False,No supera filtrado cuantitativo mínimo | Sin señales de recuperación,fail,descarte,pendiente,0.0,desconocido,Pendiente de implementar,ausente,margin_stabilization (media): Margen gross 43.2% vs 25.6% (+17.6 pp),fuerte,descarte,7.2,7.39,7.20 - 7.39,6.21,6.96,6.21 - 6.96,Pérdida del soporte en 7.20 | ROE negativo durante 2 trimestres consecutivos | Ampliación de capital dilutiva | Recorte de rating a bono basura,6-12,"TELECOM ITALIA está un 9.8% por debajo de su máximo 52s. Fundamentalmente débil con ROE 3.1%, deuda neta/EBITDA 3.1x. Técnicamente 🔵 RSI en sobreventa, 🟡 MACD convergiendo. Clasificación: descarte.","TELECOM ITALIA está un 9.8% por debajo de su máximo 52s. Fundamentalmente débil con ROE 3.1%, deuda neta/EBITDA 3.1x. Técnicamente 🔵 RSI en sobreventa, 🟡 MACD convergiendo. Clasificación: descarte.",OK,
ENEL.MI,ENEL,EUROSTOXX,1.0,script-v2.0,1.0,2026-07-28T10:24:14.683857+02:00,36.0,38.9,80.0,3.0,0.0,4.0,27.0,21.0,6.0,19536071.0,3.24,3.0,-8.4,9.06,1.0,0.3031,False,74.9,57.2,False,9.16,8.9,False,True,False,Sin señales de recuperación,pass,descarte,pendiente,0.0,desconocido,Pendiente de implementar,ausente,margin_stabilization (media): Margen gross 55.8% vs 34.2% (+21.7 pp) | dividend_maintained (baja): Dividendo actual 5.21% con caída del 3.2%,incompleto,descarte,9.22,9.66,9.22 - 9.66,8.76,9.08,8.76 - 9.08,Pérdida del soporte en 9.22 | ROE negativo durante 2 trimestres consecutivos | Ampliación de capital dilutiva | Recorte de rating a bono basura,6-12,"ENEL está un 3.2% por debajo de su máximo 52s. Fundamentalmente débil con ROE 10.6%, deuda neta/EBITDA 3.2x. Técnicamente 🟡 MACD convergiendo, 🟡 trendline_break. Clasificación: descarte.","ENEL está un 3.2% por debajo de su máximo 52s. Fundamentalmente débil con ROE 10.6%, deuda neta/EBITDA 3.2x. Técnicamente 🟡 MACD convergiendo, 🟡 trendline_break. Clasificación: descarte.",OK,
ML.PA,MICHELIN,EUROSTOXX,1.0,script-v2.0,1.0,2026-07-28T10:23:56.835010+02:00,35.7,30.9,0.0,58.0,0.0,6.0,50.0,32.0,18.0,1625632.0,0.63,-11.9,,0.63,4.1,1.4311,False,40.1,33.3,False,30.12,13.8,True,True,False,,pass,descarte,pendiente,0.0,desconocido,Pendiente de implementar,parcial,debt_reduction (alta): Deuda 6608.0M vs 7497.0M | dividend_maintained (baja): Dividendo actual 13.13% con caída del 4.1%,razonable,descarte,32.78,33.1,32.78 - 33.10,29.78,30.36,29.78 - 30.36,Pérdida del soporte en 32.78 | ROE negativo durante 2 trimestres consecutivos | Ampliación de capital dilutiva | Recorte de rating a bono basura,6-12,"MICHELIN está un 4.1% por debajo de su máximo 52s. Fundamentalmente débil con deuda neta/EBITDA 0.6x, dividendo 13.1%. Técnicamente 🟢 Volumen creciente, 🟢 Cerca de soporte. Clasificación: descarte.","MICHELIN está un 4.1% por debajo de su máximo 52s. Fundamentalmente débil con deuda neta/EBITDA 0.6x, dividendo 13.1%. Técnicamente 🟢 Volumen creciente, 🟢 Cerca de soporte. Clasificación: descarte.",OK,
DE,Deere & Company,SP500,1.0,script-v2.0,1.0,2026-07-28T10:25:21.446452+02:00,35.3,29.4,63.0,0.0,0.0,12.0,53.0,35.0,18.0,1273698.0,4.6,-22.8,-8.5,24.19,6.8,19.9322,False,83.0,62.4,False,549.15,13.8,True,True,False,,pass,descarte,pendiente,0.0,desconocido,Pendiente de implementar,confirmada,margin_stabilization (media): Margen gross 36.9% vs 32.8% (+4.1 pp) | eps_stabilization (media): EPS 6.55 vs 2.42 (Diluted EPS) | debt_reduction (alta): Deuda 48473.0M vs 62799.0M | dividend_maintained (baja): Dividendo actual 1.04% con caída del 7.3%,razonable,descarte,567.51,583.3,567.51 - 583.30,541.16,573.06,541.16 - 573.06,Pérdida del soporte en 567.51 | ROE negativo durante 2 trimestres consecutivos | Ampliación de capital dilutiva | Recorte de rating a bono basura,6-12,"Deere & Company está un 7.3% por debajo de su máximo 52s. Fundamentalmente débil con ROE 18.3%, deuda neta/EBITDA 4.6x. Técnicamente 🟢 Cruce alcista MACD, 🟢 base_pattern_detected. Clasificación: descarte.","Deere & Company está un 7.3% por debajo de su máximo 52s. Fundamentalmente débil con ROE 18.3%, deuda neta/EBITDA 4.6x. Técnicamente 🟢 Cruce alcista MACD, 🟢 base_pattern_detected. Clasificación: descarte.",OK,
MQG.AX,MACQ GROUP FPO [MQG],ASX,1.0,script-v2.0,1.0,2026-07-28T10:25:56.455360+02:00,35.2,38.0,78.0,3.0,0.0,9.0,27.0,21.0,6.0,739515.0,4.49,-41.2,,8.95,1.6,12.3203,False,63.4,69.2,False,218.81,17.2,False,True,False,,pass,descarte,pendiente,0.0,desconocido,Pendiente de implementar,parcial,eps_stabilization (media): EPS 12.67 vs 9.76 (annual_eps_fallback) | debt_reduction (alta): Deuda 194256.0M vs 330185.0M | dividend_maintained (baja): Dividendo actual 2.61% con caída del 1.6%,incompleto,descarte,247.22,247.55,247.22 - 247.55,217.9,221.48,217.90 - 221.48,Pérdida del soporte en 247.55 | ROE negativo durante 2 trimestres consecutivos | Ampliación de capital dilutiva | Recorte de rating a bono basura,6-12,"MACQ GROUP FPO [MQG] está un 1.6% por debajo de su máximo 52s. Fundamentalmente débil con ROE 11.2%, deuda neta/EBITDA 4.5x. Técnicamente 🟢 Cerca de soporte, 🟡 trendline_break. Clasificación: descarte.","MACQ GROUP FPO [MQG] está un 1.6% por debajo de su máximo 52s. Fundamentalmente débil con ROE 11.2%, deuda neta/EBITDA 4.5x. Técnicamente 🟢 Cerca de soporte, 🟡 trendline_break. Clasificación: descarte.",OK,
0019.HK,SWIRE PACIFIC A,ASIA,1.0,script-v2.0,1.0,2026-07-28T10:26:35.382478+02:00,34.6,34.8,62.0,11.0,0.0,6.0,34.0,28.0,6.0,972742.0,5.17,-5.3,,17.85,0.4,4.2276,False,97.4,95.8,False,77.98,24.3,False,True,False,,pass,descarte,pendiente,0.0,desconocido,Pendiente de implementar,parcial,debt_reduction (alta): Deuda 98287.0M vs 103840.0M | dividend_maintained (baja): Dividendo actual 3.92% con caída del 0.4%,incompleto,descarte,80.25,85.0,80.25 - 85.00,76.01,82.75,76.01 - 82.75,Pérdida del soporte en 80.25 | ROE negativo durante 2 trimestres consecutivos | Ampliación de capital dilutiva | Recorte de rating a bono basura,6-12,"SWIRE PACIFIC A está un 0.4% por debajo de su máximo 52s. Fundamentalmente débil con ROE 1.1%, deuda neta/EBITDA 5.2x. Técnicamente 🟢 Divergencia alcista RSI, 🟡 trendline_break. Clasificación: descarte.","SWIRE PACIFIC A está un 0.4% por debajo de su máximo 52s. Fundamentalmente débil con ROE 1.1%, deuda neta/EBITDA 5.2x. Técnicamente 🟢 Divergencia alcista RSI, 🟡 trendline_break. Clasificación: descarte.",OK,
CBA.AX,CWLTH BANK FPO [CBA],ASX,1.0,script-v2.0,1.0,2026-07-28T10:25:53.383074+02:00,34.5,34.1,73.0,0.0,0.0,4.0,36.0,24.0,12.0,2178484.0,,57.8,,,4.2,1.5221,False,100.0,97.3,False,165.24,8.2,True,False,False,Sin señales de recuperación,pass,descarte,pendiente,0.0,desconocido,Pendiente de implementar,ausente,eps_stabilization (media): EPS 6.04 vs 5.58 (annual_eps_fallback) | dividend_maintained (baja): Dividendo actual 2.77% con caída del 3.7%,incompleto,descarte,165.55,165.61,165.55 - 165.61,157.75,164.96,157.75 - 164.96,Pérdida del soporte en 165.61 | ROE negativo durante 2 trimestres consecutivos | Ampliación de capital dilutiva | Recorte de rating a bono basura,6-12,"CWLTH BANK FPO [CBA] está un 3.7% por debajo de su máximo 52s. Fundamentalmente débil con ROE 13.6%, dividendo 2.8%. Técnicamente 🟢 Divergencia alcista RSI, 🟢 base_pattern_detected. Clasificación: descarte.","CWLTH BANK FPO [CBA] está un 3.7% por debajo de su máximo 52s. Fundamentalmente débil con ROE 13.6%, dividendo 2.8%. Técnicamente 🟢 Divergencia alcista RSI, 🟢 base_pattern_detected. Clasificación: descarte.",OK,
O39.SI,OCBC Bank,ASIA,1.0,script-v2.0,1.0,2026-07-28T10:26:47.217188+02:00,34.5,36.1,67.0,9.0,0.0,4.0,30.0,24.0,6.0,6626740.0,,48.1,,,1.3,2.229,False,83.5,93.6,False,21.65,33.6,False,True,False,Sin señales de recuperación,pass,descarte,pendiente,0.0,desconocido,Pendiente de implementar,ausente,eps_stabilization (media): EPS 0.44 vs 0.42 (Diluted EPS) | dividend_maintained (baja): Dividendo actual 2.90% con caída del 1.3%,incompleto,descarte,25.46,28.25,25.46 - 28.25,21.19,24.91,21.19 - 24.91,Pérdida del soporte en 28.25 | ROE negativo durante 2 trimestres consecutivos | Ampliación de capital dilutiva | Recorte de rating a bono basura,6-12,"OCBC Bank está un 1.3% por debajo de su máximo 52s. Fundamentalmente débil con dividendo 2.9%. Técnicamente 🟢 Cerca de soporte, 🟡 trendline_break. Clasificación: descarte.","OCBC Bank está un 1.3% por debajo de su máximo 52s. Fundamentalmente débil con dividendo 2.9%. Técnicamente 🟢 Cerca de soporte, 🟡 trendline_break. Clasificación: descarte.",OK,
SPG,"Simon Property Group, Inc.",SP500,1.0,script-v2.0,1.0,2026-07-28T10:25:36.556372+02:00,34.4,36.9,71.0,7.0,0.0,6.0,27.0,21.0,6.0,1900779.0,5.79,-0.7,-0.5,21.38,0.0,11.4026,False,99.7,79.2,False,195.38,18.6,False,True,False,,pass,descarte,pendiente,0.0,desconocido,Pendiente de implementar,parcial,debt_reduction (alta): Deuda 28989.0M vs 29186.7M | dividend_maintained (baja): Dividendo actual 3.80% con caída del 0.0%,incompleto,descarte,214.44,220.04,214.44 - 220.04,192.17,196.97,192.17 - 196.97,Pérdida del soporte en 220.04 | ROE negativo durante 2 trimestres consecutivos | Ampliación de capital dilutiva | Recorte de rating a bono basura,6-12,"Simon Property Group, Inc. está un 0.0% por debajo de su máximo 52s. Fundamentalmente débil con ROE 113.6%, deuda neta/EBITDA 5.8x. Técnicamente 🟡 MACD convergiendo, 🟡 trendline_break. Clasificación: descarte.","Simon Property Group, Inc. está un 0.0% por debajo de su máximo 52s. Fundamentalmente débil con ROE 113.6%, deuda neta/EBITDA 5.8x. Técnicamente 🟡 MACD convergiendo, 🟡 trendline_break. Clasificación: descarte.",OK,
O,Realty Income Corporation,SP500,1.0,script-v2.0,1.0,2026-07-28T10:25:35.227039+02:00,34.3,31.7,60.0,7.0,0.0,4.0,42.0,24.0,18.0,5947338.0,5.72,3.2,0.1,17.79,2.5,1.368,False,62.2,57.1,False,60.55,8.2,True,True,False,Sin señales de recuperación,pass,descarte,pendiente,0.0,desconocido,Pendiente de implementar,ausente,eps_stabilization (media): EPS 0.33 vs 0.32 (Diluted EPS) | dividend_maintained (baja): Dividendo actual 4.96% con caída del 3.6%,incompleto,descarte,61.62,62.27,61.62 - 62.27,57.75,60.08,57.75 - 60.08,Pérdida del soporte en 61.62 | ROE negativo durante 2 trimestres consecutivos | Ampliación de capital dilutiva | Recorte de rating a bono basura,6-12,"Realty Income Corporation está un 3.6% por debajo de su máximo 52s. Fundamentalmente débil con ROE 2.8%, deuda neta/EBITDA 5.7x. Técnicamente 🟢 Divergencia alcista RSI, 🟢 base_pattern_detected. Clasificación: descarte.","Realty Income Corporation está un 3.6% por debajo de su máximo 52s. Fundamentalmente débil con ROE 2.8%, deuda neta/EBITDA 5.7x. Técnicamente 🟢 Divergencia alcista RSI, 🟢 base_pattern_detected. Clasificación: descarte.",OK,
VIE.PA,VEOLIA ENVIRON.,EUROSTOXX,1.0,script-v2.0,1.0,2026-07-28T10:24:02.868105+02:00,34.2,36.6,67.0,10.0,0.0,4.0,27.0,27.0,0.0,1753801.0,3.33,43.3,,8.27,5.2,1.5725,False,16.2,26.9,False,32.05,11.4,False,False,False,Sin señales de recuperación,pass,descarte,pendiente,0.0,desconocido,Pendiente de implementar,ausente,eps_stabilization (media): EPS 1.54 vs 1.40 (annual_eps_fallback) | dividend_maintained (baja): Dividendo actual 4.20% con caída del 5.2%,incompleto,descarte,34.37,35.69,34.37 - 35.69,31.74,32.01,31.74 - 32.01,Pérdida del soporte en 34.37 | ROE negativo durante 2 trimestres consecutivos | Ampliación de capital dilutiva | Recorte de rating a bono basura,6-12,"VEOLIA ENVIRON. está un 5.2% por debajo de su máximo 52s. Fundamentalmente débil con ROE 12.2%, deuda neta/EBITDA 3.3x. Técnicamente 🟢 Cerca de soporte. Clasificación: descarte.","VEOLIA ENVIRON. está un 5.2% por debajo de su máximo 52s. Fundamentalmente débil con ROE 12.2%, deuda neta/EBITDA 3.3x. Técnicamente 🟢 Cerca de soporte. Clasificación: descarte.",OK,
MS,Morgan Stanley,SP500,1.0,script-v2.0,1.0,2026-07-28T10:25:12.064774+02:00,34.1,36.5,68.0,9.0,0.0,4.0,27.0,21.0,6.0,5886433.0,,56.4,,,7.6,12.8109,False,28.8,34.9,False,184.76,16.1,False,True,False,Sin señales de recuperación,pass,descarte,pendiente,0.0,desconocido,Pendiente de implementar,ausente,eps_stabilization (media): EPS 3.46 vs 3.43 (Diluted EPS) | dividend_maintained (baja): Dividendo actual 2.14% con caída del 7.6%,incompleto,descarte,206.65,212.65,206.65 - 212.65,181.92,197.41,181.92 - 197.41,Pérdida del soporte en 206.65 | ROE negativo durante 2 trimestres consecutivos | Ampliación de capital dilutiva | Recorte de rating a bono basura,6-12,"Morgan Stanley está un 7.6% por debajo de su máximo 52s. Fundamentalmente débil con D/E 5.02, dividendo 2.1%. Técnicamente 🟢 Cerca de soporte, 🟡 trendline_break. Clasificación: descarte.","Morgan Stanley está un 7.6% por debajo de su máximo 52s. Fundamentalmente débil con D/E 5.02, dividendo 2.1%. Técnicamente 🟢 Cerca de soporte, 🟡 trendline_break. Clasificación: descarte.",OK,
COL.AX,COLESGROUP FPO [COL],ASX,1.0,script-v2.0,1.0,2026-07-28T10:26:01.282660+02:00,34.0,29.4,63.0,0.0,0.0,1.0,48.0,30.0,18.0,3028916.0,3.91,,,16.24,3.3,0.5797,False,93.3,87.8,False,21.93,8.5,True,True,False,Sin señales de recuperación,pass,descarte,pendiente,0.0,desconocido,Pendiente de implementar,ausente,dividend_maintained (baja): Dividendo actual 3.07% con caída del 3.3%,razonable,descarte,21.52,22.95,21.52 - 22.95,20.9,21.93,20.90 - 21.93,Pérdida del soporte en 21.52 | ROE negativo durante 2 trimestres consecutivos | Ampliación de capital dilutiva | Recorte de rating a bono basura,6-12,"COLESGROUP FPO [COL] está un 3.3% por debajo de su máximo 52s. Fundamentalmente débil con ROE 26.5%, deuda neta/EBITDA 3.9x. Técnicamente 🟢 Cruce alcista MACD, 🟢 base_pattern_detected. Clasificación: descarte.","COLESGROUP FPO [COL] está un 3.3% por debajo de su máximo 52s. Fundamentalmente débil con ROE 26.5%, deuda neta/EBITDA 3.9x. Técnicamente 🟢 Cruce alcista MACD, 🟢 base_pattern_detected. Clasificación: descarte.",OK,
SON.LS,SONAE,EUROSTOXX,1.0,script-v2.0,1.0,2026-07-28T10:24:26.593142+02:00,33.8,37.0,61.0,16.0,0.0,1.0,24.0,18.0,6.0,1729250.0,5.15,7.6,-6.9,11.88,6.3,0.1051,False,0.0,8.0,False,1.79,12.8,False,True,False,Sin señales de recuperación | Sin suelo técnico identificado,pass,descarte,pendiente,0.0,desconocido,Pendiente de implementar,ausente,dividend_maintained (baja): Dividendo actual 2.97% con caída del 6.3%,sin_suelo,descarte,1.86,2.0,1.86 - 2.00,1.76,1.83,1.76 - 1.83,Pérdida del soporte en 1.86 | ROE negativo durante 2 trimestres consecutivos | Ampliación de capital dilutiva | Recorte de rating a bono basura,6-12,"SONAE está un 6.3% por debajo de su máximo 52s. Fundamentalmente débil con ROE 8.0%, deuda neta/EBITDA 5.2x. Técnicamente 🟡 trendline_break. Clasificación: descarte.","SONAE está un 6.3% por debajo de su máximo 52s. Fundamentalmente débil con ROE 8.0%, deuda neta/EBITDA 5.2x. Técnicamente 🟡 trendline_break. Clasificación: descarte.",OK,
TCL.AX,TRANSURBAN STAPLED [TCL],ASX,1.0,script-v2.0,1.0,2026-07-28T10:26:01.659315+02:00,31.1,29.4,47.0,14.0,0.0,1.0,36.0,30.0,6.0,5610398.0,8.67,,,29.04,3.6,0.2672,False,78.4,62.9,False,14.05,4.8,False,True,False,Sin señales de recuperación,pass,descarte,pendiente,0.0,desconocido,Pendiente de implementar,ausente,dividend_maintained (baja): Dividendo actual 4.76% con caída del 5.8%,incompleto,descarte,13.73,14.6,13.73 - 14.60,13.28,14.03,13.28 - 14.03,Pérdida del soporte en 13.73 | ROE negativo durante 2 trimestres consecutivos | Ampliación de capital dilutiva | Recorte de rating a bono basura,6-12,"TRANSURBAN STAPLED [TCL] está un 5.8% por debajo de su máximo 52s. Fundamentalmente débil con ROE 5.4%, deuda neta/EBITDA 8.7x. Técnicamente 🟡 MACD convergiendo, 🟡 trendline_break. Clasificación: descarte.","TRANSURBAN STAPLED [TCL] está un 5.8% por debajo de su máximo 52s. Fundamentalmente débil con ROE 5.4%, deuda neta/EBITDA 8.7x. Técnicamente 🟡 MACD convergiendo, 🟡 trendline_break. Clasificación: descarte.",OK,
D05.SI,DBS,ASIA,1.0,script-v2.0,1.0,2026-07-28T10:26:44.994132+02:00,29.9,29.9,64.0,0.0,0.0,4.0,30.0,24.0,6.0,5130780.0,,140.1,,,0.7,4.7749,False,90.0,96.7,False,58.6,26.1,False,True,False,Sin señales de recuperación,pass,descarte,pendiente,0.0,desconocido,Pendiente de implementar,ausente,eps_stabilization (media): EPS 1.03 vs 1.02 (Diluted EPS) | dividend_maintained (baja): Dividendo actual 4.39% con caída del 0.7%,incompleto,descarte,66.67,70.39,66.67 - 70.39,57.82,63.22,57.82 - 63.22,Pérdida del soporte en 70.39 | ROE negativo durante 2 trimestres consecutivos | Ampliación de capital dilutiva | Recorte de rating a bono basura,6-12,"DBS está un 0.7% por debajo de su máximo 52s. Fundamentalmente débil con dividendo 4.4%. Técnicamente 🟢 Cerca de soporte, 🟡 trendline_break. Clasificación: descarte.","DBS está un 0.7% por debajo de su máximo 52s. Fundamentalmente débil con dividendo 4.4%. Técnicamente 🟢 Cerca de soporte, 🟡 trendline_break. Clasificación: descarte.",OK,
UBSG.SW,UBS GROUP N,EUROSTOXX,1.0,script-v2.0,1.0,2026-07-28T10:24:30.214477+02:00,28.8,31.1,62.0,4.0,0.0,4.0,22.0,16.0,6.0,6010613.0,,70.9,,,4.3,2.8174,False,37.7,44.2,False,34.52,23.2,False,True,False,Sin señales de recuperación | Sin suelo técnico identificado,pass,descarte,pendiente,0.0,desconocido,Pendiente de implementar,ausente,eps_stabilization (media): EPS 0.94 vs 0.37 (Diluted EPS) | dividend_maintained (baja): Dividendo actual 2.02% con caída del 4.3%,sin_suelo,descarte,40.07,41.52,40.07 - 41.52,34.04,37.77,34.04 - 37.77,Pérdida del soporte en 41.52 | ROE negativo durante 2 trimestres consecutivos | Ampliación de capital dilutiva | Recorte de rating a bono basura,6-12,"UBS GROUP N está un 4.3% por debajo de su máximo 52s. Fundamentalmente débil con ROE 10.2%, dividendo 2.0%. Técnicamente 🟢 Cerca de soporte, 🟡 trendline_break. Clasificación: descarte.","UBS GROUP N está un 4.3% por debajo de su máximo 52s. Fundamentalmente débil con ROE 10.2%, dividendo 2.0%. Técnicamente 🟢 Cerca de soporte, 🟡 trendline_break. Clasificación: descarte.",OK,
8766.T,TOKIO MARINE HOLDINGS INC,ASIA,1.0,script-v2.0,1.0,2026-07-28T10:26:25.922147+02:00,26.9,28.9,62.0,0.0,0.0,4.0,21.0,15.0,6.0,5978845.0,-1.75,193.2,,14.56,0.7,421.1926,False,93.3,94.1,False,6553.37,25.6,False,True,False,Sin señales de recuperación | Sin suelo técnico identificado,pass,descarte,pendiente,0.0,desconocido,Pendiente de implementar,ausente,eps_stabilization (media): EPS 279.15 vs 231.23 (annual_eps_fallback) | dividend_maintained (baja): Dividendo actual 2.98% con caída del 0.7%,sin_suelo,descarte,7104.08,7457.52,7104.08 - 7457.52,6497.5,7046.5,6497.50 - 7046.50,Pérdida del soporte en 7104.08 | ROE negativo durante 2 trimestres consecutivos | Ampliación de capital dilutiva | Recorte de rating a bono basura,6-12,"TOKIO MARINE HOLDINGS INC está un 0.7% por debajo de su máximo 52s. Fundamentalmente débil con ROE 8.7%, deuda neta/EBITDA -1.8x. Técnicamente 🟡 trendline_break. Clasificación: descarte.","TOKIO MARINE HOLDINGS INC está un 0.7% por debajo de su máximo 52s. Fundamentalmente débil con ROE 8.7%, deuda neta/EBITDA -1.8x. Técnicamente 🟡 trendline_break. Clasificación: descarte.",OK,
WOW.AX,WOOLWORTHS FPO [WOW],ASX,1.0,script-v2.0,1.0,2026-07-28T10:25:58.806556+02:00,26.0,25.7,55.0,0.0,0.0,4.0,27.0,21.0,6.0,2324401.0,4.82,,,19.46,2.4,1.9899,False,67.2,51.0,False,33.73,18.0,False,True,False,Sin señales de recuperación,pass,descarte,pendiente,0.0,desconocido,Pendiente de implementar,ausente,eps_stabilization (media): EPS 0.78 vs 0.09 (annual_eps_fallback) | dividend_maintained (baja): Dividendo actual 2.26% con caída del 2.4%,incompleto,descarte,36.48,37.92,36.48 - 37.92,33.16,34.64,33.16 - 34.64,Pérdida del soporte en 36.48 | ROE negativo durante 2 trimestres consecutivos | Ampliación de capital dilutiva | Recorte de rating a bono basura,6-12,"WOOLWORTHS FPO [WOW] está un 2.4% por debajo de su máximo 52s. Fundamentalmente débil con ROE 11.9%, deuda neta/EBITDA 4.8x. Técnicamente 🟡 MACD convergiendo, 🟡 trendline_break. Clasificación: descarte.","WOOLWORTHS FPO [WOW] está un 2.4% por debajo de su máximo 52s. Fundamentalmente débil con ROE 11.9%, deuda neta/EBITDA 4.8x. Técnicamente 🟡 MACD convergiendo, 🟡 trendline_break. Clasificación: descarte.",OK,
APA.AX,APA GROUP STAPLED [APA],ASX,1.0,script-v2.0,1.0,2026-07-28T10:26:07.891167+02:00,22.9,19.6,42.0,0.0,0.0,1.0,33.0,15.0,18.0,2949115.0,6.66,,,13.59,4.7,0.3418,False,86.3,88.6,False,9.36,9.8,True,True,False,No supera filtrado cuantitativo mínimo | Sin señales de recuperación,fail,descarte,pendiente,0.0,desconocido,Pendiente de implementar,ausente,dividend_maintained (baja): Dividendo actual 5.64% con caída del 7.4%,incompleto,descarte,9.67,10.09,9.67 - 10.09,9.28,9.43,9.28 - 9.43,Pérdida del soporte en 9.67 | ROE negativo durante 2 trimestres consecutivos | Ampliación de capital dilutiva | Recorte de rating a bono basura,6-12,"APA GROUP STAPLED [APA] está un 7.4% por debajo de su máximo 52s. Fundamentalmente débil con ROE 6.8%, deuda neta/EBITDA 6.7x. Técnicamente 🟢 base_pattern_detected, 🟡 trendline_break. Clasificación: descarte.","APA GROUP STAPLED [APA] está un 7.4% por debajo de su máximo 52s. Fundamentalmente débil con ROE 6.8%, deuda neta/EBITDA 6.7x. Técnicamente 🟢 base_pattern_detected, 🟡 trendline_break. Clasificación: descarte.",OK,
LIN.DE,Linde plc                     R,EUROSTOXX,1.0,script-v2.0,1.0,2026-07-28T10:23:44.366695+02:00,8.8,0.0,0.0,0.0,0.0,12.0,35.0,35.0,0.0,16990.0,1.7,-6.2,-0.3,17.46,6.7,14.5874,False,18.1,18.2,False,408.12,9.6,False,False,False,No supera filtrado cuantitativo mínimo,fail,descarte,pendiente,0.0,desconocido,Pendiente de implementar,confirmada,margin_stabilization (media): Margen gross 48.5% vs 48.1% (+0.4 pp) | eps_stabilization (media): EPS 3.98 vs 3.26 (Diluted EPS) | debt_reduction (alta): Deuda 26317.0M vs 28069.0M | dividend_maintained (baja): Dividendo actual 1.36% con caída del 6.7%,incompleto,descarte,426.99,447.2,426.99 - 447.20,405.49,407.49,405.49 - 407.49,Pérdida del soporte en 426.99 | ROE negativo durante 2 trimestres consecutivos | Ampliación de capital dilutiva | Recorte de rating a bono basura,6-12,"Linde plc                     R está un 6.7% por debajo de su máximo 52s. Fundamentalmente débil con deuda neta/EBITDA 1.7x, dividendo 1.4%. Técnicamente 🟡 MACD convergiendo, 🟢 Cerca de soporte. Clasificación: descarte.","Linde plc                     R está un 6.7% por debajo de su máximo 52s. Fundamentalmente débil con deuda neta/EBITDA 1.7x, dividendo 1.4%. Técnicamente 🟡 MACD convergiendo, 🟢 Cerca de soporte. Clasificación: descarte.",OK,
ROG.SW,,EUROSTOXX,1.0,script-v2.0,1.0,,,,,,,,,,,,,,,,,,,,,,,,,,False,,,,,,,,,,,,,,,,,,,,,,ERROR,Missing market price in yfinance info
