Ticker,Nombre,Mercado,Rules_Version,Model_Version,Config_Version,Evaluation_Timestamp,Score,Score_Cuantitativo,Score_Fundamental,Score_Valoracion,Score_Causal,Score_Recuperacion,Score_Tecnico,Score_Tecnico_Base,Score_Tecnico_Bonus,Vol_Medio_Diario,Net_Debt_EBITDA,Variacion_Deuda_Trimestral_%,Variacion_Margen_pp,EV_EBITDA,Caida_Max_Multianual_%,MACD_Semanal,MACD_Semanal_Giro,Estocastico_K,Estocastico_D,Estocastico_Giro,MA40_Semanal,Dist_MA40_Semanal_%,Base_Pattern_Detected,Trendline_Break,Paso_Filtro,hard_rules_applied,Capa1_Status,Base_Classification,Causal_Classification,Causal_Confidence,Problem_Type,Causal_Justification,Recovery_Status,Recovery_Signals,Technical_Status,Final_Classification,Entry_Zone_Min,Entry_Zone_Max,Entry_Zone,Exit_Zone_Min,Exit_Zone_Max,Exit_Zone,Invalidation_Conditions,Estimated_Horizon_Months,Short_Explanation,Summary_Explanation,Estado,Error
MC.PA,LVMH,EUROSTOXX,1.0,script-v2.0,1.0,2026-09-14T13:30:14.908638+02:00,83.2,81.3,100.0,65.0,0.0,4.0,89.0,77.0,12.0,528262.0,1.24,1.1,,11.54,43.3,-20.7646,False,17.9,12.7,False,498.52,-16.7,True,False,True,Sin señales de recuperación,pass,seguimiento,pendiente,0.0,desconocido,Pendiente de implementar,ausente,"dividend_maintained (baja): Dividendo actual 3.13% con caída del 36.6% | analyst_upgrade (media): Target 564.58 vs precio 415.30 (+36%), recMean 1.88, recKey buy",fuerte,seguimiento,405.25,415.3,405.25 - 415.30,506.68,556.5,506.68 - 556.50,Pérdida del soporte en 405.25 | ROE negativo durante 2 trimestres consecutivos | Ampliación de capital dilutiva | Recorte de rating a bono basura,12-18,"LVMH está un 36.6% por debajo de su máximo 52s. Fundamentalmente sólida con ROE 16.6%, deuda neta/EBITDA 1.2x. Técnicamente 🔵 RSI en sobreventa, 🟢 Divergencia alcista RSI. Clasificación: seguimiento.","LVMH está un 36.6% por debajo de su máximo 52s. Fundamentalmente sólida con ROE 16.6%, deuda neta/EBITDA 1.2x. Técnicamente 🔵 RSI en sobreventa, 🟢 Divergencia alcista RSI. Clasificación: seguimiento.",OK,
RI.PA,PERNOD RICARD,EUROSTOXX,1.0,script-v2.0,1.0,2026-09-14T13:30:17.777334+02:00,81.4,83.2,80.0,86.0,0.0,7.0,76.0,59.0,17.0,695413.0,3.91,0.7,,9.76,51.1,-1.4633,False,25.8,12.2,False,66.43,-7.5,True,False,True,,pass,seguimiento,pendiente,0.0,desconocido,Pendiente de implementar,parcial,"eps_stabilization (media): EPS 6.45 vs 5.83 (annual_eps_fallback) | dividend_maintained (baja): Dividendo actual 7.65% con caída del 33.2% | analyst_upgrade (media): Target 81.71 vs precio 61.46 (+33%), recMean 2.50, recKey buy",fuerte,seguimiento,60.01,61.46,60.01 - 61.46,66.92,78.23,66.92 - 78.23,Pérdida del soporte en 60.01 | ROE negativo durante 2 trimestres consecutivos | Ampliación de capital dilutiva | Recorte de rating a bono basura,12-18,"PERNOD RICARD está un 33.2% por debajo de su máximo 52s. Fundamentalmente sólida con ROE 7.6%, deuda neta/EBITDA 3.9x. Técnicamente 🔵 RSI recuperándose de sobreventa, 🟡 MACD convergiendo. Clasificación: seguimiento.","PERNOD RICARD está un 33.2% por debajo de su máximo 52s. Fundamentalmente sólida con ROE 7.6%, deuda neta/EBITDA 3.9x. Técnicamente 🔵 RSI recuperándose de sobreventa, 🟡 MACD convergiendo. Clasificación: seguimiento.",OK,
0700.HK,TENCENT,ASIA,1.0,script-v2.0,1.0,2026-09-14T13:32:54.116714+02:00,80.4,86.6,93.0,81.0,0.0,7.0,62.0,50.0,12.0,28059284.0,0.04,14.4,-0.7,13.32,36.2,-18.3414,False,26.2,16.3,False,493.78,-12.8,True,False,True,,pass,seguimiento,pendiente,0.0,desconocido,Pendiente de implementar,parcial,"margin_stabilization (media): Margen gross 57.8% vs 56.9% (+0.9 pp) | dividend_maintained (baja): Dividendo actual 1.23% con caída del 37.0% | analyst_upgrade (media): Target 664.17 vs precio 430.60 (+54%), recMean 1.39, recKey strong_buy",razonable,seguimiento,409.07,430.6,409.07 - 430.60,506.97,580.55,506.97 - 580.55,Pérdida del soporte en 409.07 | ROE negativo durante 2 trimestres consecutivos | Ampliación de capital dilutiva | Recorte de rating a bono basura,12-18,"TENCENT está un 37.0% por debajo de su máximo 52s. Fundamentalmente sólida con ROE 19.9%, deuda neta/EBITDA 0.0x. Técnicamente 🟡 MACD convergiendo, 🟢 Bajo SMA200 con SMA50 girando. Clasificación: seguimiento.","TENCENT está un 37.0% por debajo de su máximo 52s. Fundamentalmente sólida con ROE 19.9%, deuda neta/EBITDA 0.0x. Técnicamente 🟡 MACD convergiendo, 🟢 Bajo SMA200 con SMA50 girando. Clasificación: seguimiento.",OK,
EL.PA,ESSILORLUXOTTICA,EUROSTOXX,1.0,script-v2.0,1.0,2026-09-14T13:30:11.304909+02:00,79.2,75.3,78.0,73.0,0.0,4.0,91.0,73.0,18.0,718564.0,2.29,6.4,,13.9,53.4,-16.089,False,14.8,10.1,True,196.63,-25.0,True,False,True,Sin señales de recuperación,pass,seguimiento,pendiente,0.0,desconocido,Pendiente de implementar,ausente,"dividend_maintained (baja): Dividendo actual 2.71% con caída del 54.5% | analyst_upgrade (media): Target 242.70 vs precio 147.45 (+65%), recMean 1.65, recKey buy",fuerte,seguimiento,144.65,147.45,144.65 - 147.45,203.3,275.23,203.30 - 275.23,Pérdida del soporte en 144.65 | ROE negativo durante 2 trimestres consecutivos | Ampliación de capital dilutiva | Recorte de rating a bono basura,18-24,"ESSILORLUXOTTICA está un 54.5% por debajo de su máximo 52s. Fundamentalmente sólida con ROE 6.7%, deuda neta/EBITDA 2.3x. Técnicamente 🔵 RSI en sobreventa, 🟢 Divergencia alcista RSI. Clasificación: seguimiento.","ESSILORLUXOTTICA está un 54.5% por debajo de su máximo 52s. Fundamentalmente sólida con ROE 6.7%, deuda neta/EBITDA 2.3x. Técnicamente 🔵 RSI en sobreventa, 🟢 Divergencia alcista RSI. Clasificación: seguimiento.",OK,
DG.PA,VINCI,EUROSTOXX,1.0,script-v2.0,1.0,2026-09-14T13:30:09.531879+02:00,79.1,83.1,89.0,78.0,0.0,7.0,67.0,55.0,12.0,872386.0,2.02,9.7,,7.14,20.7,-2.8657,False,1.4,5.0,False,123.06,-10.4,True,False,True,,pass,seguimiento,pendiente,0.0,desconocido,Pendiente de implementar,parcial,"eps_stabilization (media): EPS 8.65 vs 8.43 (annual_eps_fallback) | dividend_maintained (baja): Dividendo actual 4.58% con caída del 22.9% | analyst_upgrade (media): Target 143.19 vs precio 110.30 (+30%), recMean 2.00, recKey buy",razonable,seguimiento,104.78,110.3,104.78 - 110.30,121.68,123.08,121.68 - 123.08,Pérdida del soporte en 104.78 | ROE negativo durante 2 trimestres consecutivos | Ampliación de capital dilutiva | Recorte de rating a bono basura,6-12,"VINCI está un 22.9% por debajo de su máximo 52s. Fundamentalmente sólida con ROE 16.3%, deuda neta/EBITDA 2.0x. Técnicamente 🔵 RSI en sobreventa, 🟡 MACD convergiendo. Clasificación: seguimiento.","VINCI está un 22.9% por debajo de su máximo 52s. Fundamentalmente sólida con ROE 16.3%, deuda neta/EBITDA 2.0x. Técnicamente 🔵 RSI en sobreventa, 🟡 MACD convergiendo. Clasificación: seguimiento.",OK,
LOW,"Lowe's Companies, Inc.",SP500,1.0,script-v2.0,1.0,2026-09-14T13:31:20.112295+02:00,78.7,82.5,74.0,90.0,0.0,15.0,67.0,55.0,12.0,3052975.0,3.05,-1.2,-0.1,11.73,32.1,-8.3287,False,7.1,6.5,False,233.35,-15.7,True,False,True,,pass,entrada_escalada,pendiente,0.0,desconocido,Pendiente de implementar,confirmada,"margin_stabilization (media): Margen gross 33.0% vs 32.7% (+0.4 pp) | eps_stabilization (media): EPS 4.27 vs 2.90 (Diluted EPS) | debt_reduction (alta): Deuda 42031.0M vs 42540.0M | dividend_maintained (baja): Dividendo actual 2.54% con caída del 32.8% | analyst_upgrade (media): Target 252.30 vs precio 196.82 (+28%), recMean 1.80, recKey buy",razonable,entrada_escalada,186.98,196.82,186.98 - 196.82,233.62,249.1,233.62 - 249.10,Pérdida del soporte en 186.98 | ROE negativo durante 2 trimestres consecutivos | Ampliación de capital dilutiva | Recorte de rating a bono basura,12-18,"Lowe's Companies, Inc. está un 32.8% por debajo de su máximo 52s. Fundamentalmente sólida con deuda neta/EBITDA 3.0x, dividendo 2.5%. Técnicamente 🔵 RSI en sobreventa, 🟡 MACD convergiendo. Clasificación: entrada_escalada.","Lowe's Companies, Inc. está un 32.8% por debajo de su máximo 52s. Fundamentalmente sólida con deuda neta/EBITDA 3.0x, dividendo 2.5%. Técnicamente 🔵 RSI en sobreventa, 🟡 MACD convergiendo. Clasificación: entrada_escalada.",OK,
IP,International Paper Company,SP500,1.0,script-v2.0,1.0,2026-09-14T13:32:01.821433+02:00,77.8,73.5,66.0,80.0,0.0,4.0,91.0,68.0,23.0,5059075.0,2.33,3.8,-0.1,6.96,38.6,0.2355,False,6.4,4.0,True,37.62,-8.7,True,False,True,Sin señales de recuperación,pass,seguimiento,pendiente,0.0,desconocido,Pendiente de implementar,ausente,"dividend_maintained (baja): Dividendo actual 5.38% con caída del 31.6% | analyst_upgrade (media): Target 47.82 vs precio 34.36 (+39%), recMean 1.58, recKey buy",fuerte,seguimiento,33.01,34.36,33.01 - 34.36,37.5,42.71,37.50 - 42.71,Pérdida del soporte en 33.01 | ROE negativo durante 2 trimestres consecutivos | Ampliación de capital dilutiva | Recorte de rating a bono basura,12-18,"International Paper Company está un 31.6% por debajo de su máximo 52s. Fundamentalmente sólida con ROE -16.5%, deuda neta/EBITDA 2.3x. Técnicamente 🔵 RSI en sobreventa, 🟡 MACD convergiendo. Clasificación: seguimiento.","International Paper Company está un 31.6% por debajo de su máximo 52s. Fundamentalmente sólida con ROE -16.5%, deuda neta/EBITDA 2.3x. Técnicamente 🔵 RSI en sobreventa, 🟡 MACD convergiendo. Clasificación: seguimiento.",OK,
CAP.PA,CAPGEMINI,EUROSTOXX,1.0,script-v2.0,1.0,2026-09-14T13:30:08.655998+02:00,77.5,80.7,94.0,69.0,0.0,4.0,68.0,35.0,33.0,638004.0,2.56,7.7,,8.19,42.1,-0.0279,True,84.2,39.0,False,106.75,2.7,True,True,True,Sin señales de recuperación,pass,seguimiento,pendiente,0.0,desconocido,Pendiente de implementar,ausente,"dividend_maintained (baja): Dividendo actual 3.10% con caída del 28.4% | analyst_upgrade (media): Target 140.51 vs precio 109.65 (+28%), recMean 1.76, recKey buy",razonable,seguimiento,101.87,104.96,101.87 - 104.96,108.38,130.09,108.38 - 130.09,Pérdida del soporte en 104.96 | ROE negativo durante 2 trimestres consecutivos | Ampliación de capital dilutiva | Recorte de rating a bono basura,12-18,"CAPGEMINI está un 28.4% por debajo de su máximo 52s. Fundamentalmente sólida con ROE 12.2%, deuda neta/EBITDA 2.6x. Técnicamente 🟡 MACD convergiendo, 🟢 Cerca de soporte. Clasificación: seguimiento.","CAPGEMINI está un 28.4% por debajo de su máximo 52s. Fundamentalmente sólida con ROE 12.2%, deuda neta/EBITDA 2.6x. Técnicamente 🟡 MACD convergiendo, 🟢 Cerca de soporte. Clasificación: seguimiento.",OK,
BEI.DE,BEIERSDORF AG                 I,EUROSTOXX,1.0,script-v2.0,1.0,2026-09-14T13:30:03.310853+02:00,77.5,78.0,86.0,71.0,0.0,6.0,76.0,59.0,17.0,389071.0,-1.73,-3.5,,8.4,44.4,-1.6386,False,21.0,9.0,False,81.55,-8.2,True,False,True,,pass,seguimiento,pendiente,0.0,desconocido,Pendiente de implementar,parcial,debt_reduction (alta): Deuda 110.0M vs 114.0M | dividend_maintained (baja): Dividendo actual 1.34% con caída del 32.0%,fuerte,seguimiento,73.06,74.86,73.06 - 74.86,82.08,93.63,82.08 - 93.63,Pérdida del soporte en 73.06 | ROE negativo durante 2 trimestres consecutivos | Ampliación de capital dilutiva | Recorte de rating a bono basura,12-18,"BEIERSDORF AG                 I está un 32.0% por debajo de su máximo 52s. Fundamentalmente sólida con ROE 10.9%, deuda neta/EBITDA -1.7x. Técnicamente 🟡 MACD convergiendo, 🟢 Bajo SMA200 con SMA50 girando. Clasificación: seguimiento.","BEIERSDORF AG                 I está un 32.0% por debajo de su máximo 52s. Fundamentalmente sólida con ROE 10.9%, deuda neta/EBITDA -1.7x. Técnicamente 🟡 MACD convergiendo, 🟢 Bajo SMA200 con SMA50 girando. Clasificación: seguimiento.",OK,
MGR.AX,MIRVAC GRP STAPLED [MGR],ASX,1.0,script-v2.0,1.0,2026-09-14T13:32:26.313874+02:00,76.5,75.6,82.0,70.0,0.0,9.0,79.0,56.0,23.0,12434084.0,4.12,-13.4,,12.03,23.3,-0.0036,False,33.9,20.5,False,1.79,0.1,True,True,True,,pass,seguimiento,pendiente,0.0,desconocido,Pendiente de implementar,parcial,eps_stabilization (media): EPS 0.02 vs -0.20 (annual_eps_fallback) | debt_reduction (alta): Deuda 3934.0M vs 4544.0M | dividend_maintained (baja): Dividendo actual 5.57% con caída del 27.0%,fuerte,seguimiento,1.78,1.78,1.78,1.8,2.09,1.80 - 2.09,Pérdida del soporte en 1.78 | ROE negativo durante 2 trimestres consecutivos | Ampliación de capital dilutiva | Recorte de rating a bono basura,12-18,"MIRVAC GRP STAPLED [MGR] está un 27.0% por debajo de su máximo 52s. Fundamentalmente sólida con ROE 7.4%, deuda neta/EBITDA 4.1x. Técnicamente 🟡 MACD convergiendo, 🟢 Volumen creciente. Clasificación: seguimiento.","MIRVAC GRP STAPLED [MGR] está un 27.0% por debajo de su máximo 52s. Fundamentalmente sólida con ROE 7.4%, deuda neta/EBITDA 4.1x. Técnicamente 🟡 MACD convergiendo, 🟢 Volumen creciente. Clasificación: seguimiento.",OK,
SGO.PA,SAINT GOBAIN,EUROSTOXX,1.0,script-v2.0,1.0,2026-09-14T13:30:17.802195+02:00,76.3,86.5,95.0,79.0,0.0,12.0,46.0,41.0,5.0,1011984.0,1.75,-2.6,,7.17,31.0,-0.8913,False,0.0,4.0,False,77.76,-10.0,False,False,True,,pass,entrada_escalada,pendiente,0.0,desconocido,Pendiente de implementar,confirmada,"eps_stabilization (media): EPS 5.78 vs 5.64 (annual_eps_fallback) | debt_reduction (alta): Deuda 17270.0M vs 17729.0M | dividend_maintained (baja): Dividendo actual 3.29% con caída del 27.0% | analyst_upgrade (media): Target 97.72 vs precio 70.01 (+40%), recMean 1.94, recKey buy",razonable,entrada_escalada,66.27,70.01,66.27 - 70.01,78.08,81.48,78.08 - 81.48,Pérdida del soporte en 66.27 | ROE negativo durante 2 trimestres consecutivos | Ampliación de capital dilutiva | Recorte de rating a bono basura,12-18,"SAINT GOBAIN está un 27.0% por debajo de su máximo 52s. Fundamentalmente sólida con ROE 11.0%, deuda neta/EBITDA 1.8x. Técnicamente 🔵 RSI en sobreventa, 🟡 Apoyo en MA40 semanal. Clasificación: entrada_escalada.","SAINT GOBAIN está un 27.0% por debajo de su máximo 52s. Fundamentalmente sólida con ROE 11.0%, deuda neta/EBITDA 1.8x. Técnicamente 🔵 RSI en sobreventa, 🟡 Apoyo en MA40 semanal. Clasificación: entrada_escalada.",OK,
9022.T,CENTRAL JAPAN RAILWAY CO,ASIA,1.0,script-v2.0,1.0,2026-09-14T13:32:43.670821+02:00,76.3,79.1,77.0,81.0,0.0,4.0,68.0,45.0,23.0,2845665.0,4.28,11.6,,7.84,19.6,-14.9813,False,39.3,27.5,False,3987.85,-3.0,True,True,True,Sin señales de recuperación,pass,seguimiento,pendiente,0.0,desconocido,Pendiente de implementar,ausente,eps_stabilization (media): EPS 149.59 vs 147.88 (Diluted EPS) | dividend_maintained (baja): Dividendo actual 0.83% con caída del 19.9%,razonable,seguimiento,3761.67,3849.16,3761.67 - 3849.16,4023.04,4105.5,4023.04 - 4105.50,Pérdida del soporte en 3761.67 | ROE negativo durante 2 trimestres consecutivos | Ampliación de capital dilutiva | Recorte de rating a bono basura,6-12,"CENTRAL JAPAN RAILWAY CO está un 19.9% por debajo de su máximo 52s. Fundamentalmente sólida con ROE 11.2%, deuda neta/EBITDA 4.3x. Técnicamente 🟡 MACD convergiendo, 🟢 Cerca de soporte. Clasificación: seguimiento.","CENTRAL JAPAN RAILWAY CO está un 19.9% por debajo de su máximo 52s. Fundamentalmente sólida con ROE 11.2%, deuda neta/EBITDA 4.3x. Técnicamente 🟡 MACD convergiendo, 🟢 Cerca de soporte. Clasificación: seguimiento.",OK,
ADS.DE,adidas AG                     N,EUROSTOXX,1.0,script-v2.0,1.0,2026-09-14T13:29:59.450017+02:00,76.0,74.1,97.0,54.0,0.0,7.0,82.0,77.0,5.0,721187.0,1.66,0.4,0.0,11.19,44.2,-2.3885,False,22.5,20.6,False,154.76,-7.5,False,False,True,,pass,seguimiento,pendiente,0.0,desconocido,Pendiente de implementar,parcial,"margin_stabilization (media): Margen gross 52.5% vs 51.1% (+1.4 pp) | dividend_maintained (baja): Dividendo actual 1.96% con caída del 27.1% | analyst_upgrade (media): Target 200.65 vs precio 143.20 (+40%), recMean 1.73, recKey buy",fuerte,seguimiento,139.04,143.2,139.04 - 143.20,155.48,166.94,155.48 - 166.94,Pérdida del soporte en 139.04 | ROE negativo durante 2 trimestres consecutivos | Ampliación de capital dilutiva | Recorte de rating a bono basura,12-18,"adidas AG                     N está un 27.1% por debajo de su máximo 52s. Fundamentalmente sólida con ROE 24.3%, deuda neta/EBITDA 1.7x. Técnicamente 🔵 RSI en sobreventa, 🟢 Divergencia alcista RSI. Clasificación: seguimiento.","adidas AG                     N está un 27.1% por debajo de su máximo 52s. Fundamentalmente sólida con ROE 24.3%, deuda neta/EBITDA 1.7x. Técnicamente 🔵 RSI en sobreventa, 🟢 Divergencia alcista RSI. Clasificación: seguimiento.",OK,
3382.T,SEVEN & I HOLDINGS CO LTD,ASIA,1.0,script-v2.0,1.0,2026-09-14T13:32:44.663488+02:00,75.7,78.3,82.0,75.0,0.0,4.0,68.0,45.0,23.0,8550625.0,3.32,,,8.13,20.9,7.9745,False,66.1,52.1,False,2039.05,-0.1,True,True,True,Sin señales de recuperación,pass,seguimiento,pendiente,0.0,desconocido,Pendiente de implementar,ausente,eps_stabilization (media): EPS 26.21 vs 18.96 (Diluted EPS) | dividend_maintained (baja): Dividendo actual 2.94% con caída del 15.7%,razonable,seguimiento,1955.0,2033.48,1955.00 - 2033.48,2039.65,2054.45,2039.65 - 2054.45,Pérdida del soporte en 1955.00 | ROE negativo durante 2 trimestres consecutivos | Ampliación de capital dilutiva | Recorte de rating a bono basura,6-12,"SEVEN & I HOLDINGS CO LTD está un 15.7% por debajo de su máximo 52s. Fundamentalmente sólida con ROE 8.0%, deuda neta/EBITDA 3.3x. Técnicamente 🟡 MACD convergiendo, 🟢 Cerca de soporte. Clasificación: seguimiento.","SEVEN & I HOLDINGS CO LTD está un 15.7% por debajo de su máximo 52s. Fundamentalmente sólida con ROE 8.0%, deuda neta/EBITDA 3.3x. Técnicamente 🟡 MACD convergiendo, 🟢 Cerca de soporte. Clasificación: seguimiento.",OK,
AZN.L,ASTRAZENECA PLC ORD SHS $0.25,EUROSTOXX,1.0,script-v2.0,1.0,2026-09-14T13:30:53.389285+02:00,75.4,71.9,98.0,49.0,0.0,12.0,86.0,64.0,22.0,3163528.0,1.38,-4.6,-0.2,10.5,23.4,-518.1553,True,53.0,30.7,False,13616.92,-11.6,True,False,True,,pass,entrada_directa,pendiente,0.0,desconocido,Pendiente de implementar,confirmada,"margin_stabilization (media): Margen gross 83.6% vs 82.5% (+1.1 pp) | debt_reduction (alta): Deuda 32350.0M vs 33918.0M | dividend_maintained (baja): Dividendo actual 0.02% con caída del 23.5% | analyst_upgrade (media): Target 15734.79 vs precio 12042.00 (+31%), recMean 1.80, recKey buy",fuerte,entrada_directa,11504.42,12042.0,11504.42 - 12042.00,13372.2,13649.33,13372.20 - 13649.33,Pérdida del soporte en 11504.42 | ROE negativo durante 2 trimestres consecutivos | Ampliación de capital dilutiva | Recorte de rating a bono basura,6-12,"ASTRAZENECA PLC ORD SHS $0.25 está un 23.5% por debajo de su máximo 52s. Fundamentalmente sólida con ROE 22.0%, deuda neta/EBITDA 1.4x. Técnicamente 🟢 Divergencia alcista RSI, 🟢 Cruce alcista MACD. Clasificación: entrada_directa.","ASTRAZENECA PLC ORD SHS $0.25 está un 23.5% por debajo de su máximo 52s. Fundamentalmente sólida con ROE 22.0%, deuda neta/EBITDA 1.4x. Técnicamente 🟢 Divergencia alcista RSI, 🟢 Cruce alcista MACD. Clasificación: entrada_directa.",OK,
035420.KS,NAVER,ASIA,1.0,script-v2.0,1.0,2026-09-14T13:32:58.702859+02:00,75.0,76.1,75.0,77.0,0.0,10.0,72.0,55.0,17.0,1120477.0,-1.11,15.6,0.0,9.61,32.9,-4132.2896,False,7.4,11.7,False,223485.07,-8.7,True,False,True,,pass,seguimiento,pendiente,0.0,desconocido,Pendiente de implementar,parcial,"margin_stabilization (media): Margen gross 100.0% vs 100.0% (+0.0 pp) | eps_stabilization (media): EPS 4635.00 vs 1864.00 (Diluted EPS) | dividend_maintained (baja): Dividendo actual 1.29% con caída del 32.9% | analyst_upgrade (media): Target 301653.84 vs precio 204000.00 (+48%), recMean 1.58, recKey buy",fuerte,seguimiento,199435.71,204000.0,199435.71 - 204000.00,225402.79,258400.0,225402.79 - 258400.00,Pérdida del soporte en 199435.71 | ROE negativo durante 2 trimestres consecutivos | Ampliación de capital dilutiva | Recorte de rating a bono basura,12-18,"NAVER está un 32.9% por debajo de su máximo 52s. Fundamentalmente sólida con ROE 6.4%, deuda neta/EBITDA -1.1x. Técnicamente 🟢 Divergencia alcista RSI, 🟢 Bajo SMA200 con SMA50 girando. Clasificación: seguimiento.","NAVER está un 32.9% por debajo de su máximo 52s. Fundamentalmente sólida con ROE 6.4%, deuda neta/EBITDA -1.1x. Técnicamente 🟢 Divergencia alcista RSI, 🟢 Bajo SMA200 con SMA50 girando. Clasificación: seguimiento.",OK,
4503.T,ASTELLAS PHARMA,ASIA,1.0,script-v2.0,1.0,2026-09-14T13:32:35.236050+02:00,74.9,79.2,100.0,61.0,0.0,9.0,62.0,39.0,23.0,6360485.0,0.52,-29.1,,6.52,15.6,29.1848,False,40.4,23.6,False,2294.41,-0.1,True,True,True,,pass,seguimiento,pendiente,0.0,desconocido,Pendiente de implementar,parcial,eps_stabilization (media): EPS 78.96 vs 38.11 (Diluted EPS) | debt_reduction (alta): Deuda 589870.0M vs 831426.0M | dividend_maintained (baja): Dividendo actual 3.49% con caída del 15.6%,razonable,seguimiento,2250.0,2267.71,2250.00 - 2267.71,2263.69,2309.45,2263.69 - 2309.45,Pérdida del soporte en 2250.00 | ROE negativo durante 2 trimestres consecutivos | Ampliación de capital dilutiva | Recorte de rating a bono basura,6-12,"ASTELLAS PHARMA está un 15.6% por debajo de su máximo 52s. Fundamentalmente sólida con ROE 21.3%, deuda neta/EBITDA 0.5x. Técnicamente 🟡 MACD convergiendo, 🟢 Cerca de soporte. Clasificación: seguimiento.","ASTELLAS PHARMA está un 15.6% por debajo de su máximo 52s. Fundamentalmente sólida con ROE 21.3%, deuda neta/EBITDA 0.5x. Técnicamente 🟡 MACD convergiendo, 🟢 Cerca de soporte. Clasificación: seguimiento.",OK,
FMG.AX,FORTESCUE FPO [FMG],ASX,1.0,script-v2.0,1.0,2026-09-14T13:32:16.346614+02:00,74.5,82.7,96.0,71.0,0.0,1.0,50.0,38.0,12.0,6410302.0,0.1,9.0,,6.38,26.6,-0.7515,False,0.0,17.9,False,19.35,-14.6,True,False,True,Sin señales de recuperación,pass,seguimiento,pendiente,0.0,desconocido,Pendiente de implementar,ausente,dividend_maintained (baja): Dividendo actual 6.53% con caída del 29.3%,razonable,seguimiento,15.7,16.53,15.70 - 16.53,19.56,19.87,19.56 - 19.87,Pérdida del soporte en 15.70 | ROE negativo durante 2 trimestres consecutivos | Ampliación de capital dilutiva | Recorte de rating a bono basura,12-18,"FORTESCUE FPO [FMG] está un 29.3% por debajo de su máximo 52s. Fundamentalmente sólida con ROE 14.2%, deuda neta/EBITDA 0.1x. Técnicamente 🟢 Divergencia alcista RSI, 🟢 base_pattern_detected. Clasificación: seguimiento.","FORTESCUE FPO [FMG] está un 29.3% por debajo de su máximo 52s. Fundamentalmente sólida con ROE 14.2%, deuda neta/EBITDA 0.1x. Técnicamente 🟢 Divergencia alcista RSI, 🟢 base_pattern_detected. Clasificación: seguimiento.",OK,
AD.AS,KONINKLIJKE AHOLD DELHAIZE N.V.,EUROSTOXX,1.0,script-v2.0,1.0,2026-09-14T13:30:31.313740+02:00,74.5,76.1,83.0,70.0,0.0,7.0,70.0,48.0,22.0,2615469.0,2.98,256.9,-0.0,7.97,23.4,-1.4139,True,91.9,56.7,False,35.51,-11.1,True,False,True,,pass,seguimiento,pendiente,0.0,desconocido,Pendiente de implementar,parcial,"margin_stabilization (media): Margen gross 26.4% vs 26.8% (-0.4 pp) | dividend_maintained (baja): Dividendo actual 3.93% con caída del 25.8% | analyst_upgrade (media): Target 38.58 vs precio 31.58 (+22%), recMean 2.47, recKey buy",fuerte,seguimiento,30.96,31.58,30.96 - 31.58,35.5,36.16,35.50 - 36.16,Pérdida del soporte en 30.96 | ROE negativo durante 2 trimestres consecutivos | Ampliación de capital dilutiva | Recorte de rating a bono basura,12-18,"KONINKLIJKE AHOLD DELHAIZE N.V. está un 25.8% por debajo de su máximo 52s. Fundamentalmente sólida con ROE 15.7%, deuda neta/EBITDA 3.0x. Técnicamente 🟢 Divergencia alcista RSI, 🟢 Cerca de soporte. Clasificación: seguimiento.","KONINKLIJKE AHOLD DELHAIZE N.V. está un 25.8% por debajo de su máximo 52s. Fundamentalmente sólida con ROE 15.7%, deuda neta/EBITDA 3.0x. Técnicamente 🟢 Divergencia alcista RSI, 🟢 Cerca de soporte. Clasificación: seguimiento.",OK,
0066.HK,MTR CORPORATION,ASIA,1.0,script-v2.0,1.0,2026-09-14T13:32:52.310486+02:00,74.0,73.3,93.0,56.0,0.0,1.0,76.0,53.0,23.0,5618209.0,1.6,119.5,,7.44,10.1,0.4501,False,59.6,76.6,False,32.03,2.2,True,True,True,Sin señales de recuperación,pass,seguimiento,pendiente,0.0,desconocido,Pendiente de implementar,ausente,dividend_maintained (baja): Dividendo actual 4.00% con caída del 13.6%,fuerte,seguimiento,31.13,32.24,31.13 - 32.24,31.77,32.2,31.77 - 32.20,Pérdida del soporte en 31.13 | ROE negativo durante 2 trimestres consecutivos | Ampliación de capital dilutiva | Recorte de rating a bono basura,6-12,"MTR CORPORATION está un 13.6% por debajo de su máximo 52s. Fundamentalmente sólida con ROE 11.1%, deuda neta/EBITDA 1.6x. Técnicamente 🟢 Cruce alcista MACD, 🟢 Cerca de soporte. Clasificación: seguimiento.","MTR CORPORATION está un 13.6% por debajo de su máximo 52s. Fundamentalmente sólida con ROE 11.1%, deuda neta/EBITDA 1.6x. Técnicamente 🟢 Cruce alcista MACD, 🟢 Cerca de soporte. Clasificación: seguimiento.",OK,
RIO.L,RIO TINTO PLC ORD 10P,EUROSTOXX,1.0,script-v2.0,1.0,2026-09-14T13:30:56.462362+02:00,73.7,77.6,100.0,58.0,0.0,6.0,62.0,45.0,17.0,2928383.0,0.58,-2.8,,6.09,21.3,166.054,False,2.6,11.8,False,7065.6,1.6,True,False,True,,pass,seguimiento,pendiente,0.0,desconocido,Pendiente de implementar,parcial,debt_reduction (alta): Deuda 22852.0M vs 23517.0M | dividend_maintained (baja): Dividendo actual 0.05% con caída del 21.3%,razonable,seguimiento,6682.13,7175.81,6682.13 - 7175.81,6992.42,7749.45,6992.42 - 7749.45,Pérdida del soporte en 6682.13 | ROE negativo durante 2 trimestres consecutivos | Ampliación de capital dilutiva | Recorte de rating a bono basura,6-12,"RIO TINTO PLC ORD 10P está un 21.3% por debajo de su máximo 52s. Fundamentalmente sólida con ROE 19.3%, deuda neta/EBITDA 0.6x. Técnicamente 🟢 Cruce alcista MACD, 🟡 Apoyo en MA40 semanal. Clasificación: seguimiento.","RIO TINTO PLC ORD 10P está un 21.3% por debajo de su máximo 52s. Fundamentalmente sólida con ROE 19.3%, deuda neta/EBITDA 0.6x. Técnicamente 🟢 Cruce alcista MACD, 🟡 Apoyo en MA40 semanal. Clasificación: seguimiento.",OK,
MCD,McDonald's Corporation,SP500,1.0,script-v2.0,1.0,2026-09-14T13:31:22.321494+02:00,73.6,69.5,78.0,62.0,0.0,15.0,86.0,68.0,18.0,4587254.0,3.6,-0.5,0.0,15.57,24.7,-9.7805,False,2.0,1.8,True,290.36,-13.0,True,False,True,,pass,entrada_directa,pendiente,0.0,desconocido,Pendiente de implementar,confirmada,"margin_stabilization (media): Margen gross 58.0% vs 55.9% (+2.1 pp) | eps_stabilization (media): EPS 3.32 vs 2.78 (Diluted EPS) | debt_reduction (alta): Deuda 54604.0M vs 54881.0M | dividend_maintained (baja): Dividendo actual 2.95% con caída del 26.1% | analyst_upgrade (media): Target 314.81 vs precio 252.53 (+25%), recMean 2.06, recKey buy",fuerte,entrada_directa,239.9,252.53,239.90 - 252.53,290.49,290.97,290.49 - 290.97,Pérdida del soporte en 239.90 | ROE negativo durante 2 trimestres consecutivos | Ampliación de capital dilutiva | Recorte de rating a bono basura,12-18,"McDonald's Corporation está un 26.1% por debajo de su máximo 52s. Fundamentalmente sólida con deuda neta/EBITDA 3.6x, dividendo 3.0%. Técnicamente 🔵 RSI en sobreventa, 🟢 Divergencia alcista RSI. Clasificación: entrada_directa.","McDonald's Corporation está un 26.1% por debajo de su máximo 52s. Fundamentalmente sólida con deuda neta/EBITDA 3.6x, dividendo 3.0%. Técnicamente 🔵 RSI en sobreventa, 🟢 Divergencia alcista RSI. Clasificación: entrada_directa.",OK,
SCG.AX,SCENTRE STAPLED [SCG],ASX,1.0,script-v2.0,1.0,2026-09-14T13:32:25.913072+02:00,73.3,76.4,86.0,68.0,0.0,9.0,64.0,59.0,5.0,11881163.0,5.58,-16.4,,12.99,14.3,-0.034,False,28.6,16.9,False,3.69,-5.5,False,False,True,,pass,seguimiento,pendiente,0.0,desconocido,Pendiente de implementar,parcial,eps_stabilization (media): EPS 0.34 vs 0.20 (annual_eps_fallback) | debt_reduction (alta): Deuda 14029.0M vs 16774.4M | dividend_maintained (baja): Dividendo actual 5.16% con caída del 18.3%,razonable,seguimiento,3.2,3.49,3.20 - 3.49,3.63,3.71,3.63 - 3.71,Pérdida del soporte en 3.20 | ROE negativo durante 2 trimestres consecutivos | Ampliación de capital dilutiva | Recorte de rating a bono basura,6-12,"SCENTRE STAPLED [SCG] está un 18.3% por debajo de su máximo 52s. Fundamentalmente sólida con ROE 10.4%, deuda neta/EBITDA 5.6x. Técnicamente 🔵 RSI en sobreventa, 🟡 MACD convergiendo. Clasificación: seguimiento.","SCENTRE STAPLED [SCG] está un 18.3% por debajo de su máximo 52s. Fundamentalmente sólida con ROE 10.4%, deuda neta/EBITDA 5.6x. Técnicamente 🔵 RSI en sobreventa, 🟡 MACD convergiendo. Clasificación: seguimiento.",OK,
BN.PA,DANONE,EUROSTOXX,1.0,script-v2.0,1.0,2026-09-14T13:30:06.255653+02:00,72.7,68.9,87.0,53.0,0.0,4.0,84.0,73.0,11.0,1342608.0,2.01,20.9,,10.79,19.7,-1.1765,False,15.7,5.5,True,67.5,-7.9,False,False,True,Sin señales de recuperación,pass,seguimiento,pendiente,0.0,desconocido,Pendiente de implementar,ausente,"dividend_maintained (baja): Dividendo actual 3.62% con caída del 22.4% | analyst_upgrade (media): Target 79.93 vs precio 62.15 (+29%), recMean 2.27, recKey buy",fuerte,seguimiento,60.92,62.15,60.92 - 62.15,68.04,68.12,68.04 - 68.12,Pérdida del soporte en 60.92 | ROE negativo durante 2 trimestres consecutivos | Ampliación de capital dilutiva | Recorte de rating a bono basura,6-12,"DANONE está un 22.4% por debajo de su máximo 52s. Fundamentalmente sólida con ROE 12.2%, deuda neta/EBITDA 2.0x. Técnicamente 🔵 RSI en sobreventa, 🟢 Cruce alcista MACD. Clasificación: seguimiento.","DANONE está un 22.4% por debajo de su máximo 52s. Fundamentalmente sólida con ROE 12.2%, deuda neta/EBITDA 2.0x. Técnicamente 🔵 RSI en sobreventa, 🟢 Cruce alcista MACD. Clasificación: seguimiento.",OK,
7203.T,TOYOTA MOTOR CORP,ASIA,1.0,script-v2.0,1.0,2026-09-14T13:32:29.408585+02:00,72.5,73.9,75.0,73.0,0.0,10.0,68.0,45.0,23.0,28596666.0,5.46,1.7,0.1,12.04,23.2,-19.7699,False,25.9,23.4,False,3182.03,-4.9,True,True,True,,pass,seguimiento,pendiente,0.0,desconocido,Pendiente de implementar,parcial,"margin_stabilization (media): Margen gross 18.0% vs 15.1% (+2.9 pp) | eps_stabilization (media): EPS 120.69 vs 64.56 (Diluted EPS) | dividend_maintained (baja): Dividendo actual 3.31% con caída del 24.4% | analyst_upgrade (media): Target 3704.11 vs precio 3025.00 (+22%), recMean 1.74, recKey buy",razonable,seguimiento,2834.6,2997.76,2834.60 - 2997.76,3164.74,3400.0,3164.74 - 3400.00,Pérdida del soporte en 2834.60 | ROE negativo durante 2 trimestres consecutivos | Ampliación de capital dilutiva | Recorte de rating a bono basura,6-12,"TOYOTA MOTOR CORP está un 24.4% por debajo de su máximo 52s. Fundamentalmente sólida con ROE 12.4%, deuda neta/EBITDA 5.5x. Técnicamente 🟢 Divergencia alcista RSI, 🟡 MACD convergiendo. Clasificación: seguimiento.","TOYOTA MOTOR CORP está un 24.4% por debajo de su máximo 52s. Fundamentalmente sólida con ROE 12.4%, deuda neta/EBITDA 5.5x. Técnicamente 🟢 Divergencia alcista RSI, 🟡 MACD convergiendo. Clasificación: seguimiento.",OK,
HEI.DE,Heidelberg Materials AG       I,EUROSTOXX,1.0,script-v2.0,1.0,2026-09-14T13:30:02.657140+02:00,72.3,79.8,91.0,70.0,0.0,4.0,50.0,38.0,12.0,388016.0,1.91,46.9,,8.87,35.8,-7.8894,False,8.1,6.8,False,184.0,-17.2,True,False,True,Sin señales de recuperación,pass,seguimiento,pendiente,0.0,desconocido,Pendiente de implementar,ausente,"dividend_maintained (baja): Dividendo actual 2.36% con caída del 37.0% | analyst_upgrade (media): Target 214.70 vs precio 152.30 (+41%), recKey none",razonable,seguimiento,144.69,152.3,144.69 - 152.30,186.47,205.53,186.47 - 205.53,Pérdida del soporte en 144.69 | ROE negativo durante 2 trimestres consecutivos | Ampliación de capital dilutiva | Recorte de rating a bono basura,12-18,"Heidelberg Materials AG       I está un 37.0% por debajo de su máximo 52s. Fundamentalmente sólida con ROE 11.7%, deuda neta/EBITDA 1.9x. Técnicamente 🟢 Divergencia alcista RSI, 🟢 base_pattern_detected. Clasificación: seguimiento.","Heidelberg Materials AG       I está un 37.0% por debajo de su máximo 52s. Fundamentalmente sólida con ROE 11.7%, deuda neta/EBITDA 1.9x. Técnicamente 🟢 Divergencia alcista RSI, 🟢 base_pattern_detected. Clasificación: seguimiento.",OK,
CPB,The Campbell's Company,SP500,1.0,script-v2.0,1.0,2026-09-14T13:31:58.711397+02:00,71.8,75.0,67.0,82.0,0.0,4.0,62.0,45.0,17.0,8161670.0,4.15,0.9,-0.3,8.2,55.5,-0.4555,False,8.7,16.3,False,23.14,-9.2,True,False,True,Sin señales de recuperación,pass,seguimiento,pendiente,0.0,desconocido,Pendiente de implementar,ausente,margin_stabilization (media): Margen gross 27.5% vs 28.0% (-0.5 pp) | dividend_maintained (baja): Dividendo actual 4.76% con caída del 38.5%,razonable,seguimiento,20.85,21.0,20.85 - 21.00,23.34,29.04,23.34 - 29.04,Pérdida del soporte en 20.85 | ROE negativo durante 2 trimestres consecutivos | Ampliación de capital dilutiva | Recorte de rating a bono basura,12-18,"The Campbell's Company está un 38.5% por debajo de su máximo 52s. Fundamentalmente sólida con ROE 10.1%, deuda neta/EBITDA 4.2x. Técnicamente 🟢 Bajo SMA200 con SMA50 girando, 🟢 Cerca de soporte. Clasificación: seguimiento.","The Campbell's Company está un 38.5% por debajo de su máximo 52s. Fundamentalmente sólida con ROE 10.1%, deuda neta/EBITDA 4.2x. Técnicamente 🟢 Bajo SMA200 con SMA50 girando, 🟢 Cerca de soporte. Clasificación: seguimiento.",OK,
0016.HK,SHK PPT,ASIA,1.0,script-v2.0,1.0,2026-09-14T13:32:47.390744+02:00,71.5,72.7,86.0,61.0,0.0,7.0,68.0,56.0,12.0,5546824.0,2.47,,,14.28,25.4,-1.7771,False,22.0,21.4,False,123.14,-10.3,True,False,True,,pass,seguimiento,pendiente,0.0,desconocido,Pendiente de implementar,parcial,"eps_stabilization (media): EPS 7.39 vs 6.65 (annual_eps_fallback) | dividend_maintained (baja): Dividendo actual 3.54% con caída del 25.8% | analyst_upgrade (media): Target 138.49 vs precio 110.40 (+25%), recMean 1.86, recKey buy",razonable,seguimiento,104.88,110.4,104.88 - 110.40,120.99,126.48,120.99 - 126.48,Pérdida del soporte en 104.88 | ROE negativo durante 2 trimestres consecutivos | Ampliación de capital dilutiva | Recorte de rating a bono basura,12-18,"SHK PPT está un 25.8% por debajo de su máximo 52s. Fundamentalmente sólida con ROE 3.5%, deuda neta/EBITDA 2.5x. Técnicamente 🟢 Divergencia alcista RSI, 🟢 Bajo SMA200 con SMA50 girando. Clasificación: seguimiento.","SHK PPT está un 25.8% por debajo de su máximo 52s. Fundamentalmente sólida con ROE 3.5%, deuda neta/EBITDA 2.5x. Técnicamente 🟢 Divergencia alcista RSI, 🟢 Bajo SMA200 con SMA50 girando. Clasificación: seguimiento.",OK,
PHIA.AS,KON.PHILIPS N.V.,EUROSTOXX,1.0,script-v2.0,1.0,2026-09-14T13:30:28.442310+02:00,71.4,68.2,81.0,57.0,0.0,15.0,81.0,64.0,17.0,1791929.0,2.35,-7.8,-0.0,10.91,22.6,-0.2649,False,20.5,8.2,False,23.24,-6.8,True,False,True,,pass,entrada_directa,pendiente,0.0,desconocido,Pendiente de implementar,confirmada,"margin_stabilization (media): Margen gross 49.3% vs 45.2% (+4.1 pp) | eps_stabilization (media): EPS 0.40 vs 0.16 (Diluted EPS) | debt_reduction (alta): Deuda 7465.0M vs 8097.0M | dividend_maintained (baja): Dividendo actual 3.92% con caída del 21.8% | analyst_upgrade (media): Target 26.89 vs precio 21.66 (+24%), recMean 2.40, recKey buy",fuerte,entrada_directa,20.77,21.66,20.77 - 21.66,23.28,23.54,23.28 - 23.54,Pérdida del soporte en 20.77 | ROE negativo durante 2 trimestres consecutivos | Ampliación de capital dilutiva | Recorte de rating a bono basura,6-12,"KON.PHILIPS N.V. está un 21.8% por debajo de su máximo 52s. Fundamentalmente sólida con ROE 10.2%, deuda neta/EBITDA 2.4x. Técnicamente 🔵 RSI en sobreventa, 🟡 MACD convergiendo. Clasificación: entrada_directa.","KON.PHILIPS N.V. está un 21.8% por debajo de su máximo 52s. Fundamentalmente sólida con ROE 10.2%, deuda neta/EBITDA 2.4x. Técnicamente 🔵 RSI en sobreventa, 🟡 MACD convergiendo. Clasificación: entrada_directa.",OK,
EN.PA,BOUYGUES,EUROSTOXX,1.0,script-v2.0,1.0,2026-09-14T13:30:11.848997+02:00,70.8,72.1,87.0,59.0,0.0,15.0,67.0,50.0,17.0,726287.0,2.15,-2.7,0.5,6.22,18.1,-0.5713,False,7.3,13.0,False,47.28,-7.8,True,False,True,,pass,entrada_escalada,pendiente,0.0,desconocido,Pendiente de implementar,confirmada,"margin_stabilization (media): Margen gross 57.6% vs 57.8% (-0.2 pp) | eps_stabilization (media): EPS 0.98 vs -0.24 (Diluted EPS) | debt_reduction (alta): Deuda 14707.0M vs 15110.0M | dividend_maintained (baja): Dividendo actual 4.82% con caída del 18.5% | analyst_upgrade (media): Target 59.67 vs precio 43.61 (+37%), recMean 2.00, recKey buy",razonable,entrada_escalada,43.5,43.61,43.50 - 43.61,45.46,47.08,45.46 - 47.08,Pérdida del soporte en 43.50 | ROE negativo durante 2 trimestres consecutivos | Ampliación de capital dilutiva | Recorte de rating a bono basura,6-12,"BOUYGUES está un 18.5% por debajo de su máximo 52s. Fundamentalmente sólida con ROE 9.7%, deuda neta/EBITDA 2.1x. Técnicamente 🔵 RSI en sobreventa, 🟢 Cerca de soporte. Clasificación: entrada_escalada.","BOUYGUES está un 18.5% por debajo de su máximo 52s. Fundamentalmente sólida con ROE 9.7%, deuda neta/EBITDA 2.1x. Técnicamente 🔵 RSI en sobreventa, 🟢 Cerca de soporte. Clasificación: entrada_escalada.",OK,
ORA.PA,ORANGE,EUROSTOXX,1.0,script-v2.0,1.0,2026-09-14T13:30:17.062182+02:00,70.7,70.2,83.0,59.0,0.0,4.0,72.0,55.0,17.0,4763995.0,3.74,654.5,,7.43,14.2,-0.1367,False,80.3,61.9,False,16.3,-3.5,True,False,True,Sin señales de recuperación,pass,seguimiento,pendiente,0.0,desconocido,Pendiente de implementar,ausente,"dividend_maintained (baja): Dividendo actual 4.77% con caída del 16.4% | analyst_upgrade (media): Target 19.14 vs precio 15.73 (+22%), recMean 1.88, recKey buy",fuerte,seguimiento,14.94,15.73,14.94 - 15.73,15.98,16.18,15.98 - 16.18,Pérdida del soporte en 14.94 | ROE negativo durante 2 trimestres consecutivos | Ampliación de capital dilutiva | Recorte de rating a bono basura,6-12,"ORANGE está un 16.4% por debajo de su máximo 52s. Fundamentalmente sólida con ROE 14.2%, deuda neta/EBITDA 3.7x. Técnicamente 🟢 Divergencia alcista RSI, 🟢 Cruce alcista MACD. Clasificación: seguimiento.","ORANGE está un 16.4% por debajo de su máximo 52s. Fundamentalmente sólida con ROE 14.2%, deuda neta/EBITDA 3.7x. Técnicamente 🟢 Divergencia alcista RSI, 🟢 Cruce alcista MACD. Clasificación: seguimiento.",OK,
1299.HK,AIA,ASIA,1.0,script-v2.0,1.0,2026-09-14T13:32:55.553085+02:00,70.6,70.1,92.0,51.0,0.0,4.0,72.0,39.0,33.0,28300555.0,1.64,45.4,,88.83,16.1,-1.0357,True,41.4,38.5,False,79.24,-4.8,True,True,True,Sin señales de recuperación,pass,seguimiento,pendiente,0.0,desconocido,Pendiente de implementar,ausente,"dividend_maintained (baja): Dividendo actual 2.62% con caída del 18.1% | analyst_upgrade (media): Target 102.52 vs precio 75.45 (+36%), recMean 1.30, recKey strong_buy",fuerte,seguimiento,71.2,74.93,71.20 - 74.93,78.33,79.25,78.33 - 79.25,Pérdida del soporte en 71.20 | ROE negativo durante 2 trimestres consecutivos | Ampliación de capital dilutiva | Recorte de rating a bono basura,6-12,"AIA está un 18.1% por debajo de su máximo 52s. Fundamentalmente sólida con ROE 19.6%, deuda neta/EBITDA 1.6x. Técnicamente 🟢 Divergencia alcista RSI, 🟢 MACD semanal girando al alza. Clasificación: seguimiento.","AIA está un 18.1% por debajo de su máximo 52s. Fundamentalmente sólida con ROE 19.6%, deuda neta/EBITDA 1.6x. Técnicamente 🟢 Divergencia alcista RSI, 🟢 MACD semanal girando al alza. Clasificación: seguimiento.",OK,
IMB.L,IMPERIAL BRANDS PLC ORD 10P,EUROSTOXX,1.0,script-v2.0,1.0,2026-09-14T13:31:02.206057+02:00,70.2,66.5,66.0,67.0,0.0,4.0,81.0,59.0,22.0,3080651.0,2.67,12.4,,7.73,29.9,-117.2816,True,73.8,48.5,False,2896.13,-12.2,True,False,True,Sin señales de recuperación,pass,seguimiento,pendiente,0.0,desconocido,Pendiente de implementar,ausente,"dividend_maintained (baja): Dividendo actual 0.07% con caída del 30.0% | analyst_upgrade (media): Target 3290.91 vs precio 2544.00 (+29%), recMean 1.83, recKey buy",fuerte,seguimiento,2456.5,2544.0,2456.50 - 2544.00,2923.7,3087.23,2923.70 - 3087.23,Pérdida del soporte en 2456.50 | ROE negativo durante 2 trimestres consecutivos | Ampliación de capital dilutiva | Recorte de rating a bono basura,12-18,"IMPERIAL BRANDS PLC ORD 10P está un 30.0% por debajo de su máximo 52s. Fundamentalmente sólida con ROE 37.2%, deuda neta/EBITDA 2.7x. Técnicamente 🟢 Cruce alcista MACD, 🟢 Cerca de soporte. Clasificación: seguimiento.","IMPERIAL BRANDS PLC ORD 10P está un 30.0% por debajo de su máximo 52s. Fundamentalmente sólida con ROE 37.2%, deuda neta/EBITDA 2.7x. Técnicamente 🟢 Cruce alcista MACD, 🟢 Cerca de soporte. Clasificación: seguimiento.",OK,
UCB.BR,UCB,EUROSTOXX,1.0,script-v2.0,1.0,2026-09-14T13:30:40.768994+02:00,70.2,66.9,93.0,44.0,0.0,7.0,80.0,68.0,12.0,225173.0,0.84,59.8,,12.57,27.5,-9.4874,False,31.0,18.0,False,244.17,-14.6,True,False,True,,pass,seguimiento,pendiente,0.0,desconocido,Pendiente de implementar,parcial,"eps_stabilization (media): EPS 8.03 vs 1.76 (annual_eps_fallback) | dividend_maintained (baja): Dividendo actual 0.70% con caída del 27.9% | analyst_upgrade (media): Target 285.00 vs precio 208.60 (+37%), recMean 1.60, recKey buy",fuerte,seguimiento,200.7,208.6,200.70 - 208.60,245.46,246.07,245.46 - 246.07,Pérdida del soporte en 200.70 | ROE negativo durante 2 trimestres consecutivos | Ampliación de capital dilutiva | Recorte de rating a bono basura,12-18,"UCB está un 27.9% por debajo de su máximo 52s. Fundamentalmente sólida con ROE 20.6%, deuda neta/EBITDA 0.8x. Técnicamente 🔵 RSI recuperándose de sobreventa, 🟢 Divergencia alcista RSI. Clasificación: seguimiento.","UCB está un 27.9% por debajo de su máximo 52s. Fundamentalmente sólida con ROE 20.6%, deuda neta/EBITDA 0.8x. Técnicamente 🔵 RSI recuperándose de sobreventa, 🟢 Divergencia alcista RSI. Clasificación: seguimiento.",OK,
8002.T,MARUBENI CORP,ASIA,1.0,script-v2.0,1.0,2026-09-14T13:32:46.757091+02:00,69.7,67.3,95.0,43.0,0.0,1.0,77.0,44.0,33.0,4463555.0,3.96,0.5,,20.09,18.7,-10.4863,True,62.1,53.7,False,5225.9,-2.6,True,True,True,Sin señales de recuperación,pass,seguimiento,pendiente,0.0,desconocido,Pendiente de implementar,ausente,dividend_maintained (baja): Dividendo actual 2.26% con caída del 19.5%,fuerte,seguimiento,4771.7,5041.28,4771.70 - 5041.28,5125.71,5378.8,5125.71 - 5378.80,Pérdida del soporte en 4771.70 | ROE negativo durante 2 trimestres consecutivos | Ampliación de capital dilutiva | Recorte de rating a bono basura,6-12,"MARUBENI CORP está un 19.5% por debajo de su máximo 52s. Fundamentalmente sólida con ROE 14.2%, deuda neta/EBITDA 4.0x. Técnicamente 🟢 Divergencia alcista RSI, 🟢 MACD semanal girando al alza. Clasificación: seguimiento.","MARUBENI CORP está un 19.5% por debajo de su máximo 52s. Fundamentalmente sólida con ROE 14.2%, deuda neta/EBITDA 4.0x. Técnicamente 🟢 Divergencia alcista RSI, 🟢 MACD semanal girando al alza. Clasificación: seguimiento.",OK,
GSK.L,GSK PLC ORD 31 1/4P,EUROSTOXX,1.0,script-v2.0,1.0,2026-09-14T13:30:51.791846+02:00,69.3,71.8,91.0,55.0,0.0,6.0,62.0,45.0,17.0,7180864.0,1.4,-4.0,0.7,7.92,19.0,-23.1523,False,52.3,18.3,False,1953.75,-5.4,True,False,True,,pass,seguimiento,pendiente,0.0,desconocido,Pendiente de implementar,parcial,debt_reduction (alta): Deuda 18293.0M vs 19056.0M | dividend_maintained (baja): Dividendo actual 0.04% con caída del 19.0%,razonable,seguimiento,1689.85,1848.15,1689.85 - 1848.15,1939.7,1949.37,1939.70 - 1949.37,Pérdida del soporte en 1689.85 | ROE negativo durante 2 trimestres consecutivos | Ampliación de capital dilutiva | Recorte de rating a bono basura,6-12,"GSK PLC ORD 31 1/4P está un 19.0% por debajo de su máximo 52s. Fundamentalmente sólida con ROE 33.4%, deuda neta/EBITDA 1.4x. Técnicamente 🟢 Divergencia alcista RSI, 🟡 MACD convergiendo. Clasificación: seguimiento.","GSK PLC ORD 31 1/4P está un 19.0% por debajo de su máximo 52s. Fundamentalmente sólida con ROE 33.4%, deuda neta/EBITDA 1.4x. Técnicamente 🟢 Divergencia alcista RSI, 🟡 MACD convergiendo. Clasificación: seguimiento.",OK,
BMW.DE,BAYERISCHE MOTOREN WERKE AG   S,EUROSTOXX,1.0,script-v2.0,1.0,2026-09-14T13:29:50.818744+02:00,69.2,70.9,57.0,83.0,0.0,1.0,64.0,42.0,22.0,1596847.0,7.33,36.6,-2.4,10.22,31.8,-3.7463,True,81.2,78.7,False,72.54,-13.0,True,False,True,Sin señales de recuperación,pass,seguimiento,pendiente,0.0,desconocido,Pendiente de implementar,ausente,dividend_maintained (baja): Dividendo actual 6.97% con caída del 35.5%,razonable,seguimiento,57.77,59.54,57.77 - 59.54,73.4,83.23,73.40 - 83.23,Pérdida del soporte en 57.77 | ROE negativo durante 2 trimestres consecutivos | Ampliación de capital dilutiva | Recorte de rating a bono basura,12-18,"BAYERISCHE MOTOREN WERKE AG   S está un 35.5% por debajo de su máximo 52s. Fundamentalmente sólida con ROE 6.6%, deuda neta/EBITDA 7.3x. Técnicamente 🟢 Divergencia alcista RSI, 🟢 Bajo SMA200 con SMA50 girando. Clasificación: seguimiento.","BAYERISCHE MOTOREN WERKE AG   S está un 35.5% por debajo de su máximo 52s. Fundamentalmente sólida con ROE 6.6%, deuda neta/EBITDA 7.3x. Técnicamente 🟢 Divergencia alcista RSI, 🟢 Bajo SMA200 con SMA50 girando. Clasificación: seguimiento.",OK,
BATS.L,BRITISH AMERICAN TOBACCO PLC OR,EUROSTOXX,1.0,script-v2.0,1.0,2026-09-14T13:31:02.261764+02:00,69.2,73.6,88.0,61.0,0.0,12.0,56.0,39.0,17.0,3471116.0,2.9,-0.0,,10.85,21.3,-54.7223,False,87.1,53.6,False,4395.5,-3.9,True,False,True,,pass,entrada_escalada,pendiente,0.0,desconocido,Pendiente de implementar,confirmada,"eps_stabilization (media): EPS 3.49 vs 1.36 (annual_eps_fallback) | debt_reduction (alta): Deuda 35063.0M vs 35070.0M | dividend_maintained (baja): Dividendo actual 0.06% con caída del 21.3% | analyst_upgrade (media): Target 5146.15 vs precio 4224.00 (+22%), recMean 1.69, recKey buy",razonable,entrada_escalada,4144.47,4224.0,4144.47 - 4224.00,4393.39,4562.8,4393.39 - 4562.80,Pérdida del soporte en 4144.47 | ROE negativo durante 2 trimestres consecutivos | Ampliación de capital dilutiva | Recorte de rating a bono basura,6-12,"BRITISH AMERICAN TOBACCO PLC OR está un 21.3% por debajo de su máximo 52s. Fundamentalmente sólida con ROE 13.4%, deuda neta/EBITDA 2.9x. Técnicamente 🟢 Cerca de soporte, 🟡 Apoyo en MA40 semanal. Clasificación: entrada_escalada.","BRITISH AMERICAN TOBACCO PLC OR está un 21.3% por debajo de su máximo 52s. Fundamentalmente sólida con ROE 13.4%, deuda neta/EBITDA 2.9x. Técnicamente 🟢 Cerca de soporte, 🟡 Apoyo en MA40 semanal. Clasificación: entrada_escalada.",OK,
AMC.AX,AMCOR PLC CDI 1:1 [AMC],ASX,1.0,script-v2.0,1.0,2026-09-14T13:32:20.141199+02:00,67.9,70.5,78.0,64.0,0.0,12.0,60.0,55.0,5.0,600182.0,3.97,-9.4,0.0,11.8,22.0,1.0267,False,3.3,5.5,False,59.48,-0.8,False,False,True,,pass,entrada_escalada,pendiente,0.0,desconocido,Pendiente de implementar,confirmada,margin_stabilization (media): Margen gross 20.9% vs 20.1% (+0.8 pp) | eps_stabilization (media): EPS 0.83 vs 0.60 (Diluted EPS) | debt_reduction (alta): Deuda 15140.0M vs 16706.0M | dividend_maintained (baja): Dividendo actual 6.24% con caída del 17.0%,razonable,entrada_escalada,56.97,59.02,56.97 - 59.02,59.61,60.43,59.61 - 60.43,Pérdida del soporte en 56.97 | ROE negativo durante 2 trimestres consecutivos | Ampliación de capital dilutiva | Recorte de rating a bono basura,6-12,"AMCOR PLC CDI 1:1 [AMC] está un 17.0% por debajo de su máximo 52s. Fundamentalmente sólida con ROE 9.4%, deuda neta/EBITDA 4.0x. Técnicamente 🔵 RSI en sobreventa, 🟢 Cerca de soporte. Clasificación: entrada_escalada.","AMCOR PLC CDI 1:1 [AMC] está un 17.0% por debajo de su máximo 52s. Fundamentalmente sólida con ROE 9.4%, deuda neta/EBITDA 4.0x. Técnicamente 🔵 RSI en sobreventa, 🟢 Cerca de soporte. Clasificación: entrada_escalada.",OK,
SAN.PA,SANOFI,EUROSTOXX,1.0,script-v2.0,1.0,2026-09-14T13:30:17.925489+02:00,67.3,69.1,76.0,63.0,0.0,7.0,62.0,45.0,17.0,2113135.0,1.27,17.8,0.7,7.78,25.3,-0.3195,False,30.5,11.0,False,75.91,-1.1,True,False,True,,pass,seguimiento,pendiente,0.0,desconocido,Pendiente de implementar,parcial,"margin_stabilization (media): Margen gross 75.5% vs 72.1% (+3.4 pp) | dividend_maintained (baja): Dividendo actual 5.49% con caída del 17.6% | analyst_upgrade (media): Target 94.06 vs precio 75.09 (+25%), recMean 2.12, recKey buy",razonable,seguimiento,73.75,75.09,73.75 - 75.09,76.02,77.48,76.02 - 77.48,Pérdida del soporte en 73.75 | ROE negativo durante 2 trimestres consecutivos | Ampliación de capital dilutiva | Recorte de rating a bono basura,6-12,"SANOFI está un 17.6% por debajo de su máximo 52s. Fundamentalmente sólida con ROE 5.7%, deuda neta/EBITDA 1.3x. Técnicamente 🟡 MACD convergiendo, 🟢 Cerca de soporte. Clasificación: seguimiento.","SANOFI está un 17.6% por debajo de su máximo 52s. Fundamentalmente sólida con ROE 5.7%, deuda neta/EBITDA 1.3x. Técnicamente 🟡 MACD convergiendo, 🟢 Cerca de soporte. Clasificación: seguimiento.",OK,
DUK,Duke Energy Corporation (Holdin,SP500,1.0,script-v2.0,1.0,2026-09-14T13:31:46.548238+02:00,67.1,63.5,88.0,42.0,0.0,4.0,78.0,61.0,17.0,4060346.0,5.51,1.1,0.6,11.3,9.7,-0.54,False,12.0,15.6,False,122.69,-2.7,True,False,True,Sin señales de recuperación,pass,seguimiento,pendiente,0.0,desconocido,Pendiente de implementar,ausente,margin_stabilization (media): Margen gross 54.8% vs 48.8% (+6.0 pp) | dividend_maintained (baja): Dividendo actual 3.63% con caída del 11.2%,fuerte,seguimiento,113.45,119.42,113.45 - 119.42,114.32,122.35,114.32 - 122.35,Pérdida del soporte en 113.45 | ROE negativo durante 2 trimestres consecutivos | Ampliación de capital dilutiva | Recorte de rating a bono basura,6-12,"Duke Energy Corporation (Holdin está un 11.2% por debajo de su máximo 52s. Fundamentalmente sólida con ROE 9.9%, deuda neta/EBITDA 5.5x. Técnicamente 🟢 Divergencia alcista RSI, 🟢 Cruce alcista MACD. Clasificación: seguimiento.","Duke Energy Corporation (Holdin está un 11.2% por debajo de su máximo 52s. Fundamentalmente sólida con ROE 9.9%, deuda neta/EBITDA 5.5x. Técnicamente 🟢 Divergencia alcista RSI, 🟢 Cruce alcista MACD. Clasificación: seguimiento.",OK,
4568.T,DAIICHI SANKYO COMPANY LIMITED,ASIA,1.0,script-v2.0,1.0,2026-09-14T13:32:35.671059+02:00,67.1,69.8,97.0,46.0,0.0,4.0,59.0,36.0,23.0,6378444.0,-0.44,148.8,,15.78,42.7,-23.1576,False,59.7,34.6,False,2826.66,0.7,True,True,True,Sin señales de recuperación,pass,seguimiento,pendiente,0.0,desconocido,Pendiente de implementar,ausente,"dividend_maintained (baja): Dividendo actual 3.51% con caída del 31.9% | analyst_upgrade (media): Target 4096.25 vs precio 2845.50 (+44%), recMean 1.50, recKey strong_buy",razonable,seguimiento,2690.83,2764.06,2690.83 - 2764.06,2898.83,3551.3,2898.83 - 3551.30,Pérdida del soporte en 2690.83 | ROE negativo durante 2 trimestres consecutivos | Ampliación de capital dilutiva | Recorte de rating a bono basura,12-18,"DAIICHI SANKYO COMPANY LIMITED está un 31.9% por debajo de su máximo 52s. Fundamentalmente sólida con ROE 14.8%, deuda neta/EBITDA -0.4x. Técnicamente 🟡 MACD convergiendo, 🟡 Apoyo en MA40 semanal. Clasificación: seguimiento.","DAIICHI SANKYO COMPANY LIMITED está un 31.9% por debajo de su máximo 52s. Fundamentalmente sólida con ROE 14.8%, deuda neta/EBITDA -0.4x. Técnicamente 🟡 MACD convergiendo, 🟡 Apoyo en MA40 semanal. Clasificación: seguimiento.",OK,
9021.T,WEST JAPAN RAILWAY CO,ASIA,1.0,script-v2.0,1.0,2026-09-14T13:32:43.446778+02:00,66.6,68.1,82.0,56.0,0.0,1.0,62.0,39.0,23.0,2635707.0,3.67,6.6,,7.7,11.7,12.73,False,81.2,59.1,False,2986.33,2.7,True,True,True,Sin señales de recuperación,pass,seguimiento,pendiente,0.0,desconocido,Pendiente de implementar,ausente,dividend_maintained (baja): Dividendo actual 3.18% con caída del 13.1%,razonable,seguimiento,2817.19,2964.55,2817.19 - 2964.55,2985.92,2998.8,2985.92 - 2998.80,Pérdida del soporte en 2817.19 | ROE negativo durante 2 trimestres consecutivos | Ampliación de capital dilutiva | Recorte de rating a bono basura,6-12,"WEST JAPAN RAILWAY CO está un 13.1% por debajo de su máximo 52s. Fundamentalmente sólida con ROE 9.3%, deuda neta/EBITDA 3.7x. Técnicamente 🟢 Cruce alcista MACD, 🟡 Apoyo en MA40 semanal. Clasificación: seguimiento.","WEST JAPAN RAILWAY CO está un 13.1% por debajo de su máximo 52s. Fundamentalmente sólida con ROE 9.3%, deuda neta/EBITDA 3.7x. Técnicamente 🟢 Cruce alcista MACD, 🟡 Apoyo en MA40 semanal. Clasificación: seguimiento.",OK,
C6L.SI,SIA,ASIA,1.0,script-v2.0,1.0,2026-09-14T13:33:05.060459+02:00,66.3,65.5,74.0,58.0,0.0,1.0,69.0,64.0,5.0,7748436.0,0.09,0.0,4.7,5.02,16.3,0.0261,False,6.7,8.3,False,6.83,-2.9,False,False,True,Sin señales de recuperación,pass,seguimiento,pendiente,0.0,desconocido,Pendiente de implementar,ausente,dividend_maintained (baja): Dividendo actual 6.64% con caída del 16.3%,razonable,seguimiento,6.25,6.63,6.25 - 6.63,6.73,6.8,6.73 - 6.80,Pérdida del soporte en 6.25 | ROE negativo durante 2 trimestres consecutivos | Ampliación de capital dilutiva | Recorte de rating a bono basura,6-12,"SIA está un 16.3% por debajo de su máximo 52s. Fundamentalmente sólida con ROE 7.2%, deuda neta/EBITDA 0.1x. Técnicamente 🔵 RSI en sobreventa, 🟢 Cruce alcista MACD. Clasificación: seguimiento.","SIA está un 16.3% por debajo de su máximo 52s. Fundamentalmente sólida con ROE 7.2%, deuda neta/EBITDA 0.1x. Técnicamente 🔵 RSI en sobreventa, 🟢 Cruce alcista MACD. Clasificación: seguimiento.",OK,
005380.KS,HyundaiMtr,ASIA,1.0,script-v2.0,1.0,2026-09-14T13:33:00.225977+02:00,66.0,63.6,62.0,65.0,0.0,10.0,73.0,61.0,12.0,832278.0,7.79,3.3,0.0,16.41,52.3,-28083.9582,False,9.1,16.3,False,482980.36,-23.1,True,False,True,,pass,seguimiento,pendiente,0.0,desconocido,Pendiente de implementar,parcial,"margin_stabilization (media): Margen gross 17.8% vs 17.5% (+0.3 pp) | eps_stabilization (media): EPS 9621.00 vs 8897.00 (Diluted EPS) | dividend_maintained (baja): Dividendo actual 2.69% con caída del 52.6% | analyst_upgrade (media): Target 653191.50 vs precio 371500.00 (+76%), recMean 1.66, recKey buy",fuerte,seguimiento,336373.72,371500.0,336373.72 - 371500.00,463465.43,665550.0,463465.43 - 665550.00,Pérdida del soporte en 336373.72 | ROE negativo durante 2 trimestres consecutivos | Ampliación de capital dilutiva | Recorte de rating a bono basura,18-24,"HyundaiMtr está un 52.6% por debajo de su máximo 52s. Fundamentalmente sólida con ROE 7.2%, deuda neta/EBITDA 7.8x. Técnicamente 🟢 Divergencia alcista RSI, 🟢 Cruce alcista MACD. Clasificación: seguimiento.","HyundaiMtr está un 52.6% por debajo de su máximo 52s. Fundamentalmente sólida con ROE 7.2%, deuda neta/EBITDA 7.8x. Técnicamente 🟢 Divergencia alcista RSI, 🟢 Cruce alcista MACD. Clasificación: seguimiento.",OK,
7751.T,CANON INC,ASIA,1.0,script-v2.0,1.0,2026-09-14T13:32:38.687360+02:00,65.4,68.5,92.0,48.0,0.0,1.0,56.0,39.0,17.0,3878950.0,0.72,34.2,,6.13,10.2,59.6114,False,34.9,21.8,False,4411.35,0.9,True,False,True,Sin señales de recuperación,pass,seguimiento,pendiente,0.0,desconocido,Pendiente de implementar,ausente,dividend_maintained (baja): Dividendo actual 3.60% con caída del 11.6%,razonable,seguimiento,4252.03,4450.0,4252.03 - 4450.00,4278.05,4415.71,4278.05 - 4415.71,Pérdida del soporte en 4252.03 | ROE negativo durante 2 trimestres consecutivos | Ampliación de capital dilutiva | Recorte de rating a bono basura,6-12,"CANON INC está un 11.6% por debajo de su máximo 52s. Fundamentalmente sólida con ROE 10.4%, deuda neta/EBITDA 0.7x. Técnicamente 🟡 MACD convergiendo, 🟢 Cerca de soporte. Clasificación: seguimiento.","CANON INC está un 11.6% por debajo de su máximo 52s. Fundamentalmente sólida con ROE 10.4%, deuda neta/EBITDA 0.7x. Técnicamente 🟡 MACD convergiendo, 🟢 Cerca de soporte. Clasificación: seguimiento.",OK,
AVGO,Broadcom Inc.,SP500,1.0,script-v2.0,1.0,2026-09-14T13:32:05.856815+02:00,65.2,61.6,100.0,28.0,0.0,15.0,76.0,59.0,17.0,23786801.0,0.68,-8.5,6.8,33.74,26.8,2.4638,False,57.4,58.6,False,366.79,-1.3,True,False,True,,pass,entrada_directa,pendiente,0.0,desconocido,Pendiente de implementar,confirmada,"margin_stabilization (media): Margen gross 69.1% vs 69.5% (-0.3 pp) | eps_stabilization (media): EPS 2.68 vs 1.91 (Diluted EPS) | debt_reduction (alta): Deuda 59419.0M vs 64907.0M | dividend_maintained (baja): Dividendo actual 0.72% con caída del 26.9% | analyst_upgrade (media): Target 531.85 vs precio 361.99 (+47%), recMean 1.26, recKey strong_buy",fuerte,entrada_directa,289.5,361.99,289.50 - 361.99,369.44,420.75,369.44 - 420.75,Pérdida del soporte en 289.50 | ROE negativo durante 2 trimestres consecutivos | Ampliación de capital dilutiva | Recorte de rating a bono basura,12-18,"Broadcom Inc. está un 26.9% por debajo de su máximo 52s. Fundamentalmente sólida con ROE 44.2%, deuda neta/EBITDA 0.7x. Técnicamente 🔵 RSI recuperándose de sobreventa, 🟢 Cruce alcista MACD. Clasificación: entrada_directa.","Broadcom Inc. está un 26.9% por debajo de su máximo 52s. Fundamentalmente sólida con ROE 44.2%, deuda neta/EBITDA 0.7x. Técnicamente 🔵 RSI recuperándose de sobreventa, 🟢 Cruce alcista MACD. Clasificación: entrada_directa.",OK,
GPT.AX,GPT STAPLED [GPT],ASX,1.0,script-v2.0,1.0,2026-09-14T13:32:24.057250+02:00,64.7,66.3,78.0,56.0,0.0,7.0,60.0,55.0,5.0,5801511.0,9.11,17.2,,22.84,18.1,-0.0584,False,30.9,16.0,False,4.84,-7.1,False,False,True,,pass,seguimiento,pendiente,0.0,desconocido,Pendiente de implementar,parcial,"eps_stabilization (media): EPS 0.51 vs -0.10 (annual_eps_fallback) | dividend_maintained (baja): Dividendo actual 5.33% con caída del 21.7% | analyst_upgrade (media): Target 5.43 vs precio 4.50 (+21%), recMean 2.50, recKey buy",razonable,seguimiento,4.27,4.5,4.27 - 4.50,4.87,4.89,4.87 - 4.89,Pérdida del soporte en 4.27 | ROE negativo durante 2 trimestres consecutivos | Ampliación de capital dilutiva | Recorte de rating a bono basura,6-12,"GPT STAPLED [GPT] está un 21.7% por debajo de su máximo 52s. Fundamentalmente sólida con ROE 10.0%, deuda neta/EBITDA 9.1x. Técnicamente 🔵 RSI en sobreventa, 🟡 MACD convergiendo. Clasificación: seguimiento.","GPT STAPLED [GPT] está un 21.7% por debajo de su máximo 52s. Fundamentalmente sólida con ROE 10.0%, deuda neta/EBITDA 9.1x. Técnicamente 🔵 RSI en sobreventa, 🟡 MACD convergiendo. Clasificación: seguimiento.",OK,
HRL,Hormel Foods Corporation,SP500,1.0,script-v2.0,1.0,2026-09-14T13:31:56.821876+02:00,64.7,64.9,59.0,70.0,0.0,9.0,64.0,64.0,0.0,4448088.0,-0.26,-91.2,0.0,8.69,34.1,-0.1737,False,3.4,2.7,False,23.02,-10.7,False,False,True,,pass,seguimiento,pendiente,0.0,desconocido,Pendiente de implementar,parcial,"debt_reduction (alta): Deuda 250.0M vs 2856.3M | dividend_maintained (baja): Dividendo actual 5.69% con caída del 22.7% | analyst_upgrade (media): Target 26.12 vs precio 20.57 (+27%), recKey none",razonable,seguimiento,20.48,20.57,20.48 - 20.57,22.61,22.99,22.61 - 22.99,Pérdida del soporte en 20.48 | ROE negativo durante 2 trimestres consecutivos | Ampliación de capital dilutiva | Recorte de rating a bono basura,6-12,"Hormel Foods Corporation está un 22.7% por debajo de su máximo 52s. Fundamentalmente sólida con ROE 4.3%, deuda neta/EBITDA -0.3x. Técnicamente 🔵 RSI en sobreventa, 🟡 MACD convergiendo. Clasificación: seguimiento.","Hormel Foods Corporation está un 22.7% por debajo de su máximo 52s. Fundamentalmente sólida con ROE 4.3%, deuda neta/EBITDA -0.3x. Técnicamente 🔵 RSI en sobreventa, 🟡 MACD convergiendo. Clasificación: seguimiento.",OK,
NG.L,NATIONAL GRID PLC ORD 12 204/47,EUROSTOXX,1.0,script-v2.0,1.0,2026-09-14T13:30:59.190100+02:00,64.5,63.7,69.0,59.0,0.0,7.0,67.0,50.0,17.0,10466867.0,6.39,0.3,,14.4,21.7,-24.4719,False,5.9,5.5,False,1237.05,-9.6,True,False,True,,pass,seguimiento,pendiente,0.0,desconocido,Pendiente de implementar,parcial,"eps_stabilization (media): EPS 0.66 vs 0.61 (annual_eps_fallback) | dividend_maintained (baja): Dividendo actual 0.04% con caída del 21.7% | analyst_upgrade (media): Target 1354.67 vs precio 1118.50 (+21%), recMean 2.53, recKey hold",razonable,seguimiento,1062.58,1118.5,1062.58 - 1118.50,1214.22,1233.68,1214.22 - 1233.68,Pérdida del soporte en 1062.58 | ROE negativo durante 2 trimestres consecutivos | Ampliación de capital dilutiva | Recorte de rating a bono basura,6-12,"NATIONAL GRID PLC ORD 12 204/47 está un 21.7% por debajo de su máximo 52s. Fundamentalmente sólida con ROE 8.4%, deuda neta/EBITDA 6.4x. Técnicamente 🔵 RSI en sobreventa, 🟢 Divergencia alcista RSI. Clasificación: seguimiento.","NATIONAL GRID PLC ORD 12 204/47 está un 21.7% por debajo de su máximo 52s. Fundamentalmente sólida con ROE 8.4%, deuda neta/EBITDA 6.4x. Técnicamente 🔵 RSI en sobreventa, 🟢 Divergencia alcista RSI. Clasificación: seguimiento.",OK,
BA.L,BAE SYSTEMS PLC ORD 2.5P,EUROSTOXX,1.0,script-v2.0,1.0,2026-09-14T13:31:00.874249+02:00,64.5,60.7,97.0,29.0,0.0,7.0,76.0,59.0,17.0,6394950.0,1.32,1.1,,16.5,18.1,3.1068,False,25.1,17.5,False,2014.81,-4.1,True,False,True,,pass,seguimiento,pendiente,0.0,desconocido,Pendiente de implementar,parcial,"eps_stabilization (media): EPS 0.68 vs 0.64 (annual_eps_fallback) | dividend_maintained (baja): Dividendo actual 0.02% con caída del 18.2% | analyst_upgrade (media): Target 2330.65 vs precio 1931.50 (+21%), recMean 2.25, recKey buy",fuerte,seguimiento,1883.5,1931.5,1883.50 - 1931.50,1997.05,2006.0,1997.05 - 2006.00,Pérdida del soporte en 1883.50 | ROE negativo durante 2 trimestres consecutivos | Ampliación de capital dilutiva | Recorte de rating a bono basura,6-12,"BAE SYSTEMS PLC ORD 2.5P está un 18.2% por debajo de su máximo 52s. Fundamentalmente sólida con ROE 18.6%, deuda neta/EBITDA 1.3x. Técnicamente 🔵 RSI recuperándose de sobreventa, 🟡 MACD convergiendo. Clasificación: seguimiento.","BAE SYSTEMS PLC ORD 2.5P está un 18.2% por debajo de su máximo 52s. Fundamentalmente sólida con ROE 18.6%, deuda neta/EBITDA 1.3x. Técnicamente 🔵 RSI recuperándose de sobreventa, 🟡 MACD convergiendo. Clasificación: seguimiento.",OK,
PEP,"Pepsico, Inc.",SP500,1.0,script-v2.0,1.0,2026-09-14T13:31:06.929433+02:00,64.3,65.7,78.0,55.0,0.0,4.0,60.0,43.0,17.0,8305643.0,2.25,0.9,0.1,12.11,18.1,-2.5111,False,3.4,3.9,False,145.83,-6.5,True,False,True,Sin señales de recuperación,pass,seguimiento,pendiente,0.0,desconocido,Pendiente de implementar,ausente,eps_stabilization (media): EPS 2.18 vs 1.70 (Diluted EPS) | dividend_maintained (baja): Dividendo actual 4.34% con caída del 20.5%,razonable,seguimiento,129.5,136.32,129.50 - 136.32,145.5,145.76,145.50 - 145.76,Pérdida del soporte en 129.50 | ROE negativo durante 2 trimestres consecutivos | Ampliación de capital dilutiva | Recorte de rating a bono basura,6-12,"Pepsico, Inc. está un 20.5% por debajo de su máximo 52s. Fundamentalmente sólida con ROE 51.5%, deuda neta/EBITDA 2.2x. Técnicamente 🟢 Divergencia alcista RSI, 🟡 Apoyo en MA40 semanal. Clasificación: seguimiento.","Pepsico, Inc. está un 20.5% por debajo de su máximo 52s. Fundamentalmente sólida con ROE 51.5%, deuda neta/EBITDA 2.2x. Técnicamente 🟢 Divergencia alcista RSI, 🟡 Apoyo en MA40 semanal. Clasificación: seguimiento.",OK,
ABT,Abbott Laboratories,SP500,1.0,script-v2.0,1.0,2026-09-14T13:31:08.845694+02:00,64.0,61.0,85.0,40.0,0.0,1.0,73.0,50.0,23.0,10862877.0,2.32,136.1,0.6,17.48,25.5,1.3318,False,2.9,2.6,True,103.66,-1.6,True,False,True,Sin señales de recuperación,pass,seguimiento,pendiente,0.0,desconocido,Pendiente de implementar,ausente,dividend_maintained (baja): Dividendo actual 2.47% con caída del 25.8%,fuerte,seguimiento,98.87,101.95,98.87 - 101.95,104.8,116.87,104.80 - 116.87,Pérdida del soporte en 98.87 | ROE negativo durante 2 trimestres consecutivos | Ampliación de capital dilutiva | Recorte de rating a bono basura,12-18,"Abbott Laboratories está un 25.8% por debajo de su máximo 52s. Fundamentalmente sólida con ROE 10.6%, deuda neta/EBITDA 2.3x. Técnicamente 🔵 RSI en sobreventa, 🟢 Cerca de soporte. Clasificación: seguimiento.","Abbott Laboratories está un 25.8% por debajo de su máximo 52s. Fundamentalmente sólida con ROE 10.6%, deuda neta/EBITDA 2.3x. Técnicamente 🔵 RSI en sobreventa, 🟢 Cerca de soporte. Clasificación: seguimiento.",OK,
LMT,Lockheed Martin Corporation,SP500,1.0,script-v2.0,1.0,2026-09-14T13:31:39.600478+02:00,64.0,58.3,86.0,34.0,0.0,15.0,81.0,64.0,17.0,1210759.0,1.73,-0.8,0.0,14.23,23.3,1.5572,False,5.2,6.4,False,557.95,-6.1,True,False,False,,pass,descarte,pendiente,0.0,desconocido,Pendiente de implementar,confirmada,"margin_stabilization (media): Margen gross 12.2% vs 11.5% (+0.7 pp) | eps_stabilization (media): EPS 7.94 vs 6.44 (Diluted EPS) | debt_reduction (alta): Deuda 20538.0M vs 20697.0M | dividend_maintained (baja): Dividendo actual 2.63% con caída del 24.2% | analyst_upgrade (media): Target 637.84 vs precio 524.19 (+22%), recMean 2.43, recKey buy",fuerte,descarte,499.76,524.19,499.76 - 524.19,551.44,588.2,551.44 - 588.20,Pérdida del soporte en 499.76 | ROE negativo durante 2 trimestres consecutivos | Ampliación de capital dilutiva | Recorte de rating a bono basura,6-12,"Lockheed Martin Corporation está un 24.2% por debajo de su máximo 52s. Fundamentalmente aceptable con ROE 89.2%, deuda neta/EBITDA 1.7x. Técnicamente 🔵 RSI recuperándose de sobreventa, 🟡 MACD convergiendo. Clasificación: descarte.","Lockheed Martin Corporation está un 24.2% por debajo de su máximo 52s. Fundamentalmente aceptable con ROE 89.2%, deuda neta/EBITDA 1.7x. Técnicamente 🔵 RSI recuperándose de sobreventa, 🟡 MACD convergiendo. Clasificación: descarte.",OK,
UPS,"United Parcel Service, Inc.",SP500,1.0,script-v2.0,1.0,2026-09-14T13:31:37.040597+02:00,63.8,66.1,88.0,47.0,0.0,1.0,57.0,52.0,5.0,4832562.0,1.99,0.0,5.9,9.05,21.6,0.7827,False,17.7,11.1,False,102.91,-2.6,False,False,True,Sin señales de recuperación,pass,seguimiento,pendiente,0.0,desconocido,Pendiente de implementar,ausente,dividend_maintained (baja): Dividendo actual 6.54% con caída del 18.1%,razonable,seguimiento,97.23,100.28,97.23 - 100.28,102.14,104.05,102.14 - 104.05,Pérdida del soporte en 97.23 | ROE negativo durante 2 trimestres consecutivos | Ampliación de capital dilutiva | Recorte de rating a bono basura,6-12,"United Parcel Service, Inc. está un 18.1% por debajo de su máximo 52s. Fundamentalmente sólida con ROE 29.6%, deuda neta/EBITDA 2.0x. Técnicamente 🟡 MACD convergiendo, 🟢 Cerca de soporte. Clasificación: seguimiento.","United Parcel Service, Inc. está un 18.1% por debajo de su máximo 52s. Fundamentalmente sólida con ROE 29.6%, deuda neta/EBITDA 2.0x. Técnicamente 🟡 MACD convergiendo, 🟢 Cerca de soporte. Clasificación: seguimiento.",OK,
PG,Procter & Gamble Company (The),SP500,1.0,script-v2.0,1.0,2026-09-14T13:31:05.805844+02:00,63.2,58.9,100.0,23.0,0.0,6.0,76.0,59.0,17.0,9145851.0,1.01,-5.4,0.7,14.7,15.8,-0.483,False,52.5,25.9,False,146.29,-0.7,True,False,False,,pass,descarte,pendiente,0.0,desconocido,Pendiente de implementar,parcial,debt_reduction (alta): Deuda 35025.0M vs 37026.0M | dividend_maintained (baja): Dividendo actual 2.99% con caída del 13.1%,fuerte,descarte,141.95,145.27,141.95 - 145.27,142.16,145.81,142.16 - 145.81,Pérdida del soporte en 141.95 | ROE negativo durante 2 trimestres consecutivos | Ampliación de capital dilutiva | Recorte de rating a bono basura,6-12,"Procter & Gamble Company (The) está un 13.1% por debajo de su máximo 52s. Fundamentalmente aceptable con ROE 30.3%, deuda neta/EBITDA 1.0x. Técnicamente 🟢 Divergencia alcista RSI, 🟡 MACD convergiendo. Clasificación: descarte.","Procter & Gamble Company (The) está un 13.1% por debajo de su máximo 52s. Fundamentalmente aceptable con ROE 30.3%, deuda neta/EBITDA 1.0x. Técnicamente 🟢 Divergencia alcista RSI, 🟡 MACD convergiendo. Clasificación: descarte.",OK,
EOAN.DE,E.ON SE                       N,EUROSTOXX,1.0,script-v2.0,1.0,2026-09-14T13:29:54.019707+02:00,63.0,63.3,98.0,33.0,0.0,4.0,62.0,45.0,17.0,4228629.0,3.87,,-2.4,9.18,12.0,-0.0013,False,21.0,38.0,False,17.97,-3.0,True,False,True,Sin señales de recuperación,pass,seguimiento,pendiente,0.0,desconocido,Pendiente de implementar,ausente,margin_stabilization (media): Margen gross 26.6% vs 24.8% (+1.8 pp) | dividend_maintained (baja): Dividendo actual 3.27% con caída del 14.6%,razonable,seguimiento,16.55,17.42,16.55 - 17.42,17.33,17.8,17.33 - 17.80,Pérdida del soporte en 16.55 | ROE negativo durante 2 trimestres consecutivos | Ampliación de capital dilutiva | Recorte de rating a bono basura,6-12,"E.ON SE                       N está un 14.6% por debajo de su máximo 52s. Fundamentalmente sólida con ROE 15.5%, deuda neta/EBITDA 3.9x. Técnicamente 🟢 Divergencia alcista RSI, 🟡 Apoyo en MA40 semanal. Clasificación: seguimiento.","E.ON SE                       N está un 14.6% por debajo de su máximo 52s. Fundamentalmente sólida con ROE 15.5%, deuda neta/EBITDA 3.9x. Técnicamente 🟢 Divergencia alcista RSI, 🟡 Apoyo en MA40 semanal. Clasificación: seguimiento.",OK,
005930.KS,SamsungElec,ASIA,1.0,script-v2.0,1.0,2026-09-14T13:32:56.961544+02:00,62.9,67.9,78.0,59.0,0.0,15.0,48.0,36.0,12.0,27315288.0,-0.74,-20.4,3.3,6.83,33.4,12615.2125,False,16.7,44.9,False,228709.2,8.9,True,False,True,,pass,entrada_escalada,pendiente,0.0,desconocido,Pendiente de implementar,confirmada,"margin_stabilization (media): Margen gross 69.6% vs 61.2% (+8.4 pp) | eps_stabilization (media): EPS 10733.00 vs 7056.00 (Diluted EPS) | debt_reduction (alta): Deuda 22408721.3M vs 28138794.0M | dividend_maintained (baja): Dividendo actual 0.60% con caída del 33.5% | analyst_upgrade (media): Target 475850.10 vs precio 249000.00 (+91%), recMean 1.36, recKey strong_buy",razonable,entrada_escalada,244583.33,249000.0,244583.33 - 249000.00,216337.37,318325.0,216337.37 - 318325.00,Pérdida del soporte en 244583.33 | ROE negativo durante 2 trimestres consecutivos | Ampliación de capital dilutiva | Recorte de rating a bono basura,12-18,"SamsungElec está un 33.5% por debajo de su máximo 52s. Fundamentalmente sólida con ROE 30.8%, deuda neta/EBITDA -0.7x. Técnicamente 🟢 Divergencia alcista RSI, 🟢 Cerca de soporte. Clasificación: entrada_escalada.","SamsungElec está un 33.5% por debajo de su máximo 52s. Fundamentalmente sólida con ROE 30.8%, deuda neta/EBITDA -0.7x. Técnicamente 🟢 Divergencia alcista RSI, 🟢 Cerca de soporte. Clasificación: entrada_escalada.",OK,
IBM,International Business Machines,SP500,1.0,script-v2.0,1.0,2026-09-14T13:31:35.296438+02:00,62.9,58.8,94.0,28.0,0.0,12.0,75.0,48.0,27.0,8849643.0,3.47,-6.5,0.1,17.39,26.3,-6.4828,True,97.7,74.4,False,256.49,-5.1,True,False,False,,pass,descarte,pendiente,0.0,desconocido,Pendiente de implementar,confirmada,margin_stabilization (media): Margen gross 57.7% vs 56.2% (+1.5 pp) | eps_stabilization (media): EPS 2.27 vs 1.28 (Diluted EPS) | debt_reduction (alta): Deuda 65272.0M vs 69802.0M | dividend_maintained (baja): Dividendo actual 2.78% con caída del 26.8%,fuerte,descarte,237.1,241.94,237.10 - 241.94,258.03,282.59,258.03 - 282.59,Pérdida del soporte en 241.94 | ROE negativo durante 2 trimestres consecutivos | Ampliación de capital dilutiva | Recorte de rating a bono basura,12-18,"International Business Machines está un 26.8% por debajo de su máximo 52s. Fundamentalmente aceptable con ROE 34.5%, deuda neta/EBITDA 3.5x. Técnicamente 🟢 Divergencia alcista RSI, 🟢 Cerca de soporte. Clasificación: descarte.","International Business Machines está un 26.8% por debajo de su máximo 52s. Fundamentalmente aceptable con ROE 34.5%, deuda neta/EBITDA 3.5x. Técnicamente 🟢 Divergencia alcista RSI, 🟢 Cerca de soporte. Clasificación: descarte.",OK,
9020.T,EAST JAPAN RAILWAY CO,ASIA,1.0,script-v2.0,1.0,2026-09-14T13:32:41.678689+02:00,62.8,57.8,61.0,55.0,0.0,1.0,78.0,45.0,33.0,3056069.0,5.68,7.6,,10.28,13.9,-21.607,True,75.5,45.0,False,3657.93,-1.9,True,True,False,Sin señales de recuperación,pass,descarte,pendiente,0.0,desconocido,Pendiente de implementar,ausente,dividend_maintained (baja): Dividendo actual 2.34% con caída del 14.8%,fuerte,descarte,3439.53,3552.92,3439.53 - 3552.92,3579.35,3674.52,3579.35 - 3674.52,Pérdida del soporte en 3439.53 | ROE negativo durante 2 trimestres consecutivos | Ampliación de capital dilutiva | Recorte de rating a bono basura,6-12,"EAST JAPAN RAILWAY CO está un 14.8% por debajo de su máximo 52s. Fundamentalmente aceptable con ROE 7.9%, deuda neta/EBITDA 5.7x. Técnicamente 🟡 MACD convergiendo, 🟢 Cerca de soporte. Clasificación: descarte.","EAST JAPAN RAILWAY CO está un 14.8% por debajo de su máximo 52s. Fundamentalmente aceptable con ROE 7.9%, deuda neta/EBITDA 5.7x. Técnicamente 🟡 MACD convergiendo, 🟢 Cerca de soporte. Clasificación: descarte.",OK,
VCX.AX,VICINITY STAPLED [VCX],ASX,1.0,script-v2.0,1.0,2026-09-14T13:32:26.347353+02:00,62.8,63.7,84.0,46.0,0.0,4.0,60.0,55.0,5.0,10361107.0,5.64,2.3,,18.45,10.3,0.0107,False,21.4,17.6,False,2.46,-2.7,False,False,True,Sin señales de recuperación,pass,seguimiento,pendiente,0.0,desconocido,Pendiente de implementar,ausente,eps_stabilization (media): EPS 0.30 vs 0.22 (annual_eps_fallback) | dividend_maintained (baja): Dividendo actual 5.02% con caída del 12.5%,razonable,seguimiento,2.26,2.39,2.26 - 2.39,2.32,2.45,2.32 - 2.45,Pérdida del soporte en 2.26 | ROE negativo durante 2 trimestres consecutivos | Ampliación de capital dilutiva | Recorte de rating a bono basura,6-12,"VICINITY STAPLED [VCX] está un 12.5% por debajo de su máximo 52s. Fundamentalmente sólida con ROE 12.0%, deuda neta/EBITDA 5.6x. Técnicamente 🔵 RSI en sobreventa, 🟡 MACD convergiendo. Clasificación: seguimiento.","VICINITY STAPLED [VCX] está un 12.5% por debajo de su máximo 52s. Fundamentalmente sólida con ROE 12.0%, deuda neta/EBITDA 5.6x. Técnicamente 🔵 RSI en sobreventa, 🟡 MACD convergiendo. Clasificación: seguimiento.",OK,
051910.KS,LGCHEM,ASIA,1.0,script-v2.0,1.0,2026-09-14T13:32:58.258460+02:00,62.5,58.7,47.0,69.0,0.0,10.0,74.0,52.0,22.0,215945.0,5.53,13.1,-1.5,12.49,38.7,-18178.5509,True,23.8,39.5,False,319385.62,-16.1,True,False,False,,pass,descarte,pendiente,0.0,desconocido,Pendiente de implementar,parcial,"margin_stabilization (media): Margen gross 21.1% vs 18.9% (+2.2 pp) | eps_stabilization (media): EPS 1445.00 vs -4449.00 (Diluted EPS) | dividend_maintained (baja): Dividendo actual 0.75% con caída del 38.7% | analyst_upgrade (media): Target 401800.00 vs precio 268000.00 (+50%), recMean 1.72, recKey buy",fuerte,descarte,265930.0,266000.0,265930.00 - 266000.00,323605.82,371875.0,323605.82 - 371875.00,Pérdida del soporte en 266000.00 | ROE negativo durante 2 trimestres consecutivos | Ampliación de capital dilutiva | Recorte de rating a bono basura,12-18,"LGCHEM está un 38.7% por debajo de su máximo 52s. Fundamentalmente aceptable con ROE -5.7%, deuda neta/EBITDA 5.5x. Técnicamente 🟢 Divergencia alcista RSI, 🟢 Volumen creciente. Clasificación: descarte.","LGCHEM está un 38.7% por debajo de su máximo 52s. Fundamentalmente aceptable con ROE -5.7%, deuda neta/EBITDA 5.5x. Técnicamente 🟢 Divergencia alcista RSI, 🟢 Volumen creciente. Clasificación: descarte.",OK,
GIS,"General Mills, Inc.",SP500,1.0,script-v2.0,1.0,2026-09-14T13:31:58.555398+02:00,62.5,65.6,64.0,67.0,0.0,9.0,53.0,36.0,17.0,9756545.0,-0.12,-100.0,0.1,6.38,47.6,-0.2081,False,3.6,5.6,False,38.53,-6.9,True,False,True,,pass,seguimiento,pendiente,0.0,desconocido,Pendiente de implementar,parcial,margin_stabilization (media): Margen gross 34.8% vs 30.8% (+4.0 pp) | debt_reduction (alta): Deuda 0.0M vs 13967.7M | dividend_maintained (baja): Dividendo actual 6.81% con caída del 30.2%,razonable,seguimiento,33.65,35.85,33.65 - 35.85,38.72,43.63,38.72 - 43.63,Pérdida del soporte en 33.65 | ROE negativo durante 2 trimestres consecutivos | Ampliación de capital dilutiva | Recorte de rating a bono basura,12-18,"General Mills, Inc. está un 30.2% por debajo de su máximo 52s. Fundamentalmente sólida con ROE -1.0%, deuda neta/EBITDA -0.1x. Técnicamente 🟢 Bajo SMA200 con SMA50 girando, 🟡 Apoyo en MA40 semanal. Clasificación: seguimiento.","General Mills, Inc. está un 30.2% por debajo de su máximo 52s. Fundamentalmente sólida con ROE -1.0%, deuda neta/EBITDA -0.1x. Técnicamente 🟢 Bajo SMA200 con SMA50 girando, 🟡 Apoyo en MA40 semanal. Clasificación: seguimiento.",OK,
NEE,"NextEra Energy, Inc.",SP500,1.0,script-v2.0,1.0,2026-09-14T13:31:47.714610+02:00,62.3,63.7,84.0,46.0,0.0,7.0,58.0,41.0,17.0,11054422.0,7.35,5.5,0.2,19.88,15.4,-0.8976,False,43.0,42.6,False,86.76,-5.1,True,False,True,,pass,seguimiento,pendiente,0.0,desconocido,Pendiente de implementar,parcial,margin_stabilization (media): Margen gross 62.4% vs 58.9% (+3.5 pp) | eps_stabilization (media): EPS 1.50 vs 1.04 (Diluted EPS) | dividend_maintained (baja): Dividendo actual 3.03% con caída del 16.6%,razonable,seguimiento,78.19,82.31,78.19 - 82.31,83.94,86.56,83.94 - 86.56,Pérdida del soporte en 78.19 | ROE negativo durante 2 trimestres consecutivos | Ampliación de capital dilutiva | Recorte de rating a bono basura,6-12,"NextEra Energy, Inc. está un 16.6% por debajo de su máximo 52s. Fundamentalmente sólida con ROE 11.7%, deuda neta/EBITDA 7.3x. Técnicamente 🟡 Apoyo en MA40 semanal, 🟢 base_pattern_detected. Clasificación: seguimiento.","NextEra Energy, Inc. está un 16.6% por debajo de su máximo 52s. Fundamentalmente sólida con ROE 11.7%, deuda neta/EBITDA 7.3x. Técnicamente 🟡 Apoyo en MA40 semanal, 🟢 base_pattern_detected. Clasificación: seguimiento.",OK,
WKL.AS,WOLTERS KLUWER,EUROSTOXX,1.0,script-v2.0,1.0,2026-09-14T13:30:29.036322+02:00,62.0,68.3,72.0,65.0,0.0,7.0,43.0,25.0,18.0,1137054.0,2.08,12.5,,9.68,58.9,-0.6915,False,77.2,32.1,False,66.81,5.4,True,True,True,,pass,pendiente_confirmacion,pendiente,0.0,desconocido,Pendiente de implementar,parcial,"eps_stabilization (media): EPS 5.64 vs 4.52 (annual_eps_fallback) | dividend_maintained (baja): Dividendo actual 3.69% con caída del 40.0% | analyst_upgrade (media): Target 90.09 vs precio 70.40 (+28%), recMean 1.69, recKey buy",incompleto,pendiente_confirmacion,66.2,66.67,66.20 - 66.67,67.7,99.75,67.70 - 99.75,Pérdida del soporte en 66.67 | ROE negativo durante 2 trimestres consecutivos | Ampliación de capital dilutiva | Recorte de rating a bono basura,12-18,"WOLTERS KLUWER está un 40.0% por debajo de su máximo 52s. Fundamentalmente sólida con ROE 146.1%, deuda neta/EBITDA 2.1x. Técnicamente 🟡 MACD convergiendo, 🟢 base_pattern_detected. Clasificación: pendiente_confirmacion.","WOLTERS KLUWER está un 40.0% por debajo de su máximo 52s. Fundamentalmente sólida con ROE 146.1%, deuda neta/EBITDA 2.1x. Técnicamente 🟡 MACD convergiendo, 🟢 base_pattern_detected. Clasificación: pendiente_confirmacion.",OK,
6758.T,SONY GROUP CORPORATION,ASIA,1.0,script-v2.0,1.0,2026-09-14T13:32:37.740607+02:00,61.6,64.5,89.0,43.0,0.0,10.0,53.0,35.0,18.0,17507800.0,-0.14,12.0,0.2,10.31,20.4,72.915,False,42.2,21.0,False,3534.51,7.2,True,True,True,,pass,seguimiento,pendiente,0.0,desconocido,Pendiente de implementar,parcial,"margin_stabilization (media): Margen gross 36.7% vs 30.8% (+5.9 pp) | eps_stabilization (media): EPS 57.82 vs 13.89 (Diluted EPS) | dividend_maintained (baja): Dividendo actual 0.92% con caída del 20.7% | analyst_upgrade (media): Target 4865.91 vs precio 3788.00 (+28%), recMean 1.35, recKey strong_buy",razonable,seguimiento,3655.0,3662.48,3655.00 - 3662.48,3603.11,4059.6,3603.11 - 4059.60,Pérdida del soporte en 3655.00 | ROE negativo durante 2 trimestres consecutivos | Ampliación de capital dilutiva | Recorte de rating a bono basura,6-12,"SONY GROUP CORPORATION está un 20.7% por debajo de su máximo 52s. Fundamentalmente sólida con ROE 13.2%, deuda neta/EBITDA -0.1x. Técnicamente 🟡 MACD convergiendo, 🟢 Cerca de soporte. Clasificación: seguimiento.","SONY GROUP CORPORATION está un 20.7% por debajo de su máximo 52s. Fundamentalmente sólida con ROE 13.2%, deuda neta/EBITDA -0.1x. Técnicamente 🟡 MACD convergiendo, 🟢 Cerca de soporte. Clasificación: seguimiento.",OK,
COST,Costco Wholesale Corporation,SP500,1.0,script-v2.0,1.0,2026-09-14T13:31:32.667371+02:00,61.6,55.8,91.0,25.0,0.0,7.0,79.0,56.0,23.0,2179483.0,-0.07,25.3,-0.0,28.98,17.4,-12.0393,False,8.3,6.3,True,960.69,-5.8,True,False,False,,pass,descarte,pendiente,0.0,desconocido,Pendiente de implementar,parcial,margin_stabilization (media): Margen gross 12.8% vs 12.8% (+0.0 pp) | eps_stabilization (media): EPS 4.93 vs 4.58 (Diluted EPS) | dividend_maintained (baja): Dividendo actual 0.65% con caída del 17.5%,fuerte,descarte,859.53,904.77,859.53 - 904.77,932.02,958.18,932.02 - 958.18,Pérdida del soporte en 859.53 | ROE negativo durante 2 trimestres consecutivos | Ampliación de capital dilutiva | Recorte de rating a bono basura,6-12,"Costco Wholesale Corporation está un 17.5% por debajo de su máximo 52s. Fundamentalmente aceptable con ROE 29.2%, deuda neta/EBITDA -0.1x. Técnicamente 🟢 Divergencia alcista RSI, 🟡 MACD convergiendo. Clasificación: descarte.","Costco Wholesale Corporation está un 17.5% por debajo de su máximo 52s. Fundamentalmente aceptable con ROE 29.2%, deuda neta/EBITDA -0.1x. Técnicamente 🟢 Divergencia alcista RSI, 🟡 MACD convergiendo. Clasificación: descarte.",OK,
SO,Southern Company (The),SP500,1.0,script-v2.0,1.0,2026-09-14T13:31:47.247671+02:00,60.9,54.2,75.0,36.0,0.0,4.0,81.0,64.0,17.0,5795841.0,5.2,1.4,0.1,12.43,11.5,-0.7568,False,5.0,13.6,False,91.31,-4.5,True,False,False,Sin señales de recuperación,pass,descarte,pendiente,0.0,desconocido,Pendiente de implementar,ausente,margin_stabilization (media): Margen gross 51.3% vs 46.5% (+4.8 pp) | dividend_maintained (baja): Dividendo actual 3.49% con caída del 13.6%,fuerte,descarte,82.81,87.17,82.81 - 87.17,85.71,91.06,85.71 - 91.06,Pérdida del soporte en 82.81 | ROE negativo durante 2 trimestres consecutivos | Ampliación de capital dilutiva | Recorte de rating a bono basura,6-12,"Southern Company (The) está un 13.6% por debajo de su máximo 52s. Fundamentalmente aceptable con ROE 11.5%, deuda neta/EBITDA 5.2x. Técnicamente 🔵 RSI en sobreventa, 🟢 Cruce alcista MACD. Clasificación: descarte.","Southern Company (The) está un 13.6% por debajo de su máximo 52s. Fundamentalmente aceptable con ROE 11.5%, deuda neta/EBITDA 5.2x. Técnicamente 🔵 RSI en sobreventa, 🟢 Cruce alcista MACD. Clasificación: descarte.",OK,
SSE.L,SSE PLC ORD 50P,EUROSTOXX,1.0,script-v2.0,1.0,2026-09-14T13:30:59.502260+02:00,60.9,62.9,89.0,40.0,0.0,6.0,55.0,38.0,17.0,3011595.0,3.17,-2.8,,13.91,15.7,-3.5528,False,6.6,20.8,False,2449.84,-4.8,True,False,True,,pass,seguimiento,pendiente,0.0,desconocido,Pendiente de implementar,parcial,debt_reduction (alta): Deuda 10170.4M vs 10467.9M | dividend_maintained (baja): Dividendo actual 0.03% con caída del 15.7%,razonable,seguimiento,2324.72,2332.0,2324.72 - 2332.00,2352.38,2433.61,2352.38 - 2433.61,Pérdida del soporte en 2324.72 | ROE negativo durante 2 trimestres consecutivos | Ampliación de capital dilutiva | Recorte de rating a bono basura,6-12,"SSE PLC ORD 50P está un 15.7% por debajo de su máximo 52s. Fundamentalmente sólida con ROE 9.7%, deuda neta/EBITDA 3.2x. Técnicamente 🟢 Cerca de soporte, 🟡 Apoyo en MA40 semanal. Clasificación: seguimiento.","SSE PLC ORD 50P está un 15.7% por debajo de su máximo 52s. Fundamentalmente sólida con ROE 9.7%, deuda neta/EBITDA 3.2x. Técnicamente 🟢 Cerca de soporte, 🟡 Apoyo en MA40 semanal. Clasificación: seguimiento.",OK,
HEIA.AS,HEINEKEN,EUROSTOXX,1.0,script-v2.0,1.0,2026-09-14T13:30:26.019993+02:00,60.9,69.5,93.0,49.0,0.0,7.0,35.0,30.0,5.0,792809.0,3.22,7.1,,10.65,9.3,0.9133,False,63.9,23.0,False,70.6,2.8,False,False,True,,pass,pendiente_confirmacion,pendiente,0.0,desconocido,Pendiente de implementar,parcial,"eps_stabilization (media): EPS 3.38 vs 1.74 (annual_eps_fallback) | dividend_maintained (baja): Dividendo actual 2.64% con caída del 9.7% | analyst_upgrade (media): Target 89.09 vs precio 72.60 (+23%), recMean 1.83, recKey buy",incompleto,pendiente_confirmacion,65.21,72.6,65.21 - 72.60,68.37,70.43,68.37 - 70.43,Pérdida del soporte en 65.21 | ROE negativo durante 2 trimestres consecutivos | Ampliación de capital dilutiva | Recorte de rating a bono basura,6-12,"HEINEKEN está un 9.7% por debajo de su máximo 52s. Fundamentalmente sólida con ROE 12.1%, deuda neta/EBITDA 3.2x. Técnicamente 🟡 MACD convergiendo, 🟡 Apoyo en MA40 semanal. Clasificación: pendiente_confirmacion.","HEINEKEN está un 9.7% por debajo de su máximo 52s. Fundamentalmente sólida con ROE 12.1%, deuda neta/EBITDA 3.2x. Técnicamente 🟡 MACD convergiendo, 🟡 Apoyo en MA40 semanal. Clasificación: pendiente_confirmacion.",OK,
VIV.PA,VIVENDI SE,EUROSTOXX,1.0,script-v2.0,1.0,2026-09-14T13:30:20.794402+02:00,60.2,57.6,48.0,66.0,0.0,7.0,68.0,68.0,0.0,2491429.0,9.68,30.7,,-49.81,85.2,-0.1905,False,40.1,23.9,False,2.03,-23.6,False,False,False,,pass,descarte,pendiente,0.0,desconocido,Pendiente de implementar,parcial,"eps_stabilization (media): EPS 0.94 vs 0.75 (annual_eps_fallback) | dividend_maintained (baja): Dividendo actual 2.59% con caída del 51.8% | analyst_upgrade (media): Target 2.19 vs precio 1.55 (+42%), recMean 2.43, recKey buy",razonable,descarte,1.46,1.55,1.46 - 1.55,2.06,2.73,2.06 - 2.73,Pérdida del soporte en 1.46 | ROE negativo durante 2 trimestres consecutivos | Ampliación de capital dilutiva | Recorte de rating a bono basura,18-24,"VIVENDI SE está un 51.8% por debajo de su máximo 52s. Fundamentalmente aceptable con ROE 0.3%, deuda neta/EBITDA 9.7x. Técnicamente 🔵 RSI recuperándose de sobreventa, 🟢 Divergencia alcista RSI. Clasificación: descarte.","VIVENDI SE está un 51.8% por debajo de su máximo 52s. Fundamentalmente aceptable con ROE 0.3%, deuda neta/EBITDA 9.7x. Técnicamente 🔵 RSI recuperándose de sobreventa, 🟢 Divergencia alcista RSI. Clasificación: descarte.",OK,
PRY.MI,PRYSMIAN,EUROSTOXX,1.0,script-v2.0,1.0,2026-09-14T13:30:38.261482+02:00,60.2,56.9,98.0,21.0,0.0,10.0,70.0,53.0,17.0,1133400.0,1.59,1.3,0.9,15.95,24.2,2.2009,False,24.7,55.4,False,118.21,0.8,True,False,False,,pass,descarte,pendiente,0.0,desconocido,Pendiente de implementar,parcial,"margin_stabilization (media): Margen gross 35.7% vs 35.5% (+0.3 pp) | eps_stabilization (media): EPS 0.80 vs 0.52 (Diluted EPS) | dividend_maintained (baja): Dividendo actual 0.76% con caída del 24.2% | analyst_upgrade (media): Target 156.06 vs precio 119.20 (+31%), recMean 1.75, recKey buy",fuerte,descarte,117.22,119.2,117.22 - 119.20,116.11,133.66,116.11 - 133.66,Pérdida del soporte en 117.22 | ROE negativo durante 2 trimestres consecutivos | Ampliación de capital dilutiva | Recorte de rating a bono basura,6-12,"PRYSMIAN está un 24.2% por debajo de su máximo 52s. Fundamentalmente aceptable con ROE 22.4%, deuda neta/EBITDA 1.6x. Técnicamente 🟢 Divergencia alcista RSI, 🟢 Cerca de soporte. Clasificación: descarte.","PRYSMIAN está un 24.2% por debajo de su máximo 52s. Fundamentalmente aceptable con ROE 22.4%, deuda neta/EBITDA 1.6x. Técnicamente 🟢 Divergencia alcista RSI, 🟢 Cerca de soporte. Clasificación: descarte.",OK,
KMB,Kimberly-Clark Corporation,SP500,1.0,script-v2.0,1.0,2026-09-14T13:31:55.481514+02:00,60.1,61.1,75.0,49.0,0.0,12.0,57.0,52.0,5.0,4145183.0,1.6,-7.7,0.9,11.02,30.1,1.0198,False,6.2,5.5,False,100.84,-2.7,False,False,True,,pass,entrada_escalada,pendiente,0.0,desconocido,Pendiente de implementar,confirmada,"margin_stabilization (media): Margen gross 38.3% vs 36.8% (+1.4 pp) | debt_reduction (alta): Deuda 6539.0M vs 7084.0M | dividend_maintained (baja): Dividendo actual 5.22% con caída del 23.2% | analyst_upgrade (media): Target 117.80 vs precio 98.15 (+20%), recMean 2.44, recKey buy",razonable,entrada_escalada,92.29,98.15,92.29 - 98.15,100.6,108.61,100.60 - 108.61,Pérdida del soporte en 92.29 | ROE negativo durante 2 trimestres consecutivos | Ampliación de capital dilutiva | Recorte de rating a bono basura,6-12,"Kimberly-Clark Corporation está un 23.2% por debajo de su máximo 52s. Fundamentalmente sólida con ROE 104.9%, deuda neta/EBITDA 1.6x. Técnicamente 🔵 RSI en sobreventa, 🟢 Volumen creciente. Clasificación: entrada_escalada.","Kimberly-Clark Corporation está un 23.2% por debajo de su máximo 52s. Fundamentalmente sólida con ROE 104.9%, deuda neta/EBITDA 1.6x. Técnicamente 🔵 RSI en sobreventa, 🟢 Volumen creciente. Clasificación: entrada_escalada.",OK,
DTE.DE,DEUTSCHE TELEKOM AG           N,EUROSTOXX,1.0,script-v2.0,1.0,2026-09-14T13:29:53.741204+02:00,59.9,63.9,82.0,48.0,0.0,10.0,48.0,25.0,23.0,6240856.0,3.31,2.8,-16.2,7.21,14.2,0.0219,False,83.8,49.1,False,28.48,1.9,True,True,True,,pass,seguimiento,pendiente,0.0,desconocido,Pendiente de implementar,parcial,"margin_stabilization (media): Margen gross 63.2% vs 62.1% (+1.1 pp) | eps_stabilization (media): EPS 0.51 vs 0.42 (Diluted EPS) | dividend_maintained (baja): Dividendo actual 3.45% con caída del 15.6% | analyst_upgrade (media): Target 36.93 vs precio 29.01 (+27%), recMean 1.44, recKey strong_buy",razonable,seguimiento,27.12,27.73,27.12 - 27.73,28.28,29.21,28.28 - 29.21,Pérdida del soporte en 27.12 | ROE negativo durante 2 trimestres consecutivos | Ampliación de capital dilutiva | Recorte de rating a bono basura,6-12,"DEUTSCHE TELEKOM AG           N está un 15.6% por debajo de su máximo 52s. Fundamentalmente sólida con ROE 15.1%, deuda neta/EBITDA 3.3x. Técnicamente 🟡 MACD convergiendo, 🟡 Apoyo en MA40 semanal. Clasificación: seguimiento.","DEUTSCHE TELEKOM AG           N está un 15.6% por debajo de su máximo 52s. Fundamentalmente sólida con ROE 15.1%, deuda neta/EBITDA 3.3x. Técnicamente 🟡 MACD convergiendo, 🟡 Apoyo en MA40 semanal. Clasificación: seguimiento.",OK,
VOW3.DE,VOLKSWAGEN AG                 V,EUROSTOXX,1.0,script-v2.0,1.0,2026-09-14T13:29:57.075737+02:00,59.6,55.8,51.0,60.0,0.0,10.0,71.0,44.0,27.0,1055025.0,11.1,43.9,-2.5,13.98,20.0,-1.7139,True,84.4,80.7,False,84.36,-3.0,True,False,False,,pass,descarte,pendiente,0.0,desconocido,Pendiente de implementar,parcial,"margin_stabilization (media): Margen gross 15.1% vs 15.5% (-0.4 pp) | eps_stabilization (media): EPS 2.56 vs 2.55 (Diluted EPS) | dividend_maintained (baja): Dividendo actual 6.43% con caída del 25.0% | analyst_upgrade (media): Target 104.79 vs precio 81.86 (+28%), recMean 2.10, recKey buy",fuerte,descarte,75.07,80.0,75.07 - 80.00,84.88,92.78,84.88 - 92.78,Pérdida del soporte en 80.00 | ROE negativo durante 2 trimestres consecutivos | Ampliación de capital dilutiva | Recorte de rating a bono basura,12-18,"VOLKSWAGEN AG                 V está un 25.0% por debajo de su máximo 52s. Fundamentalmente aceptable con ROE 2.8%, deuda neta/EBITDA 11.1x. Técnicamente 🟢 Divergencia alcista RSI, 🟢 Cerca de soporte. Clasificación: descarte.","VOLKSWAGEN AG                 V está un 25.0% por debajo de su máximo 52s. Fundamentalmente aceptable con ROE 2.8%, deuda neta/EBITDA 11.1x. Técnicamente 🟢 Divergencia alcista RSI, 🟢 Cerca de soporte. Clasificación: descarte.",OK,
Z74.SI,Singtel,ASIA,1.0,script-v2.0,1.0,2026-09-14T13:33:03.619621+02:00,59.4,60.9,87.0,38.0,0.0,1.0,55.0,32.0,23.0,27159111.0,2.32,2.5,,23.78,13.4,-0.0047,False,27.8,49.1,False,4.53,-1.5,True,True,True,Sin señales de recuperación,pass,seguimiento,pendiente,0.0,desconocido,Pendiente de implementar,ausente,dividend_maintained (baja): Dividendo actual 2.91% con caída del 15.4%,razonable,seguimiento,4.28,4.4,4.28 - 4.40,4.48,4.54,4.48 - 4.54,Pérdida del soporte en 4.28 | ROE negativo durante 2 trimestres consecutivos | Ampliación de capital dilutiva | Recorte de rating a bono basura,6-12,"Singtel está un 15.4% por debajo de su máximo 52s. Fundamentalmente sólida con deuda neta/EBITDA 2.3x, dividendo 2.9%. Técnicamente 🟢 Cerca de soporte, 🟡 Apoyo en MA40 semanal. Clasificación: seguimiento.","Singtel está un 15.4% por debajo de su máximo 52s. Fundamentalmente sólida con deuda neta/EBITDA 2.3x, dividendo 2.9%. Técnicamente 🟢 Cerca de soporte, 🟡 Apoyo en MA40 semanal. Clasificación: seguimiento.",OK,
VIE.PA,VEOLIA ENVIRON.,EUROSTOXX,1.0,script-v2.0,1.0,2026-09-14T13:30:20.705490+02:00,59.4,56.1,62.0,51.0,0.0,4.0,69.0,64.0,5.0,1648337.0,4.21,67.3,,8.65,17.3,-0.0642,False,0.3,4.1,False,32.92,-5.4,False,False,False,Sin señales de recuperación,pass,descarte,pendiente,0.0,desconocido,Pendiente de implementar,ausente,"dividend_maintained (baja): Dividendo actual 4.82% con caída del 17.3% | analyst_upgrade (media): Target 39.56 vs precio 31.15 (+27%), recMean 1.65, recKey buy",razonable,descarte,30.32,31.15,30.32 - 31.15,32.01,32.71,32.01 - 32.71,Pérdida del soporte en 30.32 | ROE negativo durante 2 trimestres consecutivos | Ampliación de capital dilutiva | Recorte de rating a bono basura,6-12,"VEOLIA ENVIRON. está un 17.3% por debajo de su máximo 52s. Fundamentalmente aceptable con ROE 13.4%, deuda neta/EBITDA 4.2x. Técnicamente 🔵 RSI en sobreventa, 🟡 MACD convergiendo. Clasificación: descarte.","VEOLIA ENVIRON. está un 17.3% por debajo de su máximo 52s. Fundamentalmente aceptable con ROE 13.4%, deuda neta/EBITDA 4.2x. Técnicamente 🔵 RSI en sobreventa, 🟡 MACD convergiendo. Clasificación: descarte.",OK,
ED,"Consolidated Edison, Inc.",SP500,1.0,script-v2.0,1.0,2026-09-14T13:31:19.050451+02:00,59.2,62.6,93.0,36.0,0.0,1.0,49.0,32.0,17.0,2264408.0,4.36,4.2,0.2,10.75,6.9,0.5086,False,27.9,39.9,False,106.54,-0.1,True,False,True,Sin señales de recuperación,pass,seguimiento,pendiente,0.0,desconocido,Pendiente de implementar,ausente,dividend_maintained (baja): Dividendo actual 3.30% con caída del 8.4%,razonable,seguimiento,106.04,106.46,106.04 - 106.46,98.8,105.87,98.80 - 105.87,Pérdida del soporte en 106.04 | ROE negativo durante 2 trimestres consecutivos | Ampliación de capital dilutiva | Recorte de rating a bono basura,6-12,"Consolidated Edison, Inc. está un 8.4% por debajo de su máximo 52s. Fundamentalmente sólida con ROE 9.0%, deuda neta/EBITDA 4.4x. Técnicamente 🟢 Cerca de soporte, 🟡 Apoyo en MA40 semanal. Clasificación: seguimiento.","Consolidated Edison, Inc. está un 8.4% por debajo de su máximo 52s. Fundamentalmente sólida con ROE 9.0%, deuda neta/EBITDA 4.4x. Técnicamente 🟢 Cerca de soporte, 🟡 Apoyo en MA40 semanal. Clasificación: seguimiento.",OK,
HD,"Home Depot, Inc. (The)",SP500,1.0,script-v2.0,1.0,2026-09-14T13:31:30.898971+02:00,59.1,54.9,73.0,39.0,0.0,10.0,72.0,55.0,17.0,4185495.0,2.48,0.0,-0.4,14.98,26.0,-4.497,False,12.5,6.2,False,338.28,-8.7,True,False,False,,pass,descarte,pendiente,0.0,desconocido,Pendiente de implementar,parcial,"margin_stabilization (media): Margen gross 33.7% vs 33.0% (+0.7 pp) | eps_stabilization (media): EPS 4.79 vs 3.30 (Diluted EPS) | dividend_maintained (baja): Dividendo actual 3.02% con caída del 27.7% | analyst_upgrade (media): Target 377.19 vs precio 308.74 (+22%), recMean 1.94, recKey buy",fuerte,descarte,284.85,308.74,284.85 - 308.74,338.28,362.74,338.28 - 362.74,Pérdida del soporte en 284.85 | ROE negativo durante 2 trimestres consecutivos | Ampliación de capital dilutiva | Recorte de rating a bono basura,12-18,"Home Depot, Inc. (The) está un 27.7% por debajo de su máximo 52s. Fundamentalmente aceptable con ROE 104.3%, deuda neta/EBITDA 2.5x. Técnicamente 🔵 RSI en sobreventa, 🟡 MACD convergiendo. Clasificación: descarte.","Home Depot, Inc. (The) está un 27.7% por debajo de su máximo 52s. Fundamentalmente aceptable con ROE 104.3%, deuda neta/EBITDA 2.5x. Técnicamente 🔵 RSI en sobreventa, 🟡 MACD convergiendo. Clasificación: descarte.",OK,
0006.HK,POWER ASSETS,ASIA,1.0,script-v2.0,1.0,2026-09-14T13:32:49.710831+02:00,59.1,61.2,98.0,29.0,0.0,9.0,53.0,35.0,18.0,2971353.0,-111.13,-16.6,,229.85,4.1,0.9452,False,98.6,91.5,False,58.48,5.2,True,True,True,,pass,seguimiento,pendiente,0.0,desconocido,Pendiente de implementar,parcial,eps_stabilization (media): EPS 2.93 vs 2.82 (annual_eps_fallback) | debt_reduction (alta): Deuda 2770.0M vs 3320.0M | dividend_maintained (baja): Dividendo actual 4.59% con caída del 8.3%,razonable,seguimiento,57.66,58.63,57.66 - 58.63,56.99,57.5,56.99 - 57.50,Pérdida del soporte en 57.66 | ROE negativo durante 2 trimestres consecutivos | Ampliación de capital dilutiva | Recorte de rating a bono basura,6-12,"POWER ASSETS está un 8.3% por debajo de su máximo 52s. Fundamentalmente sólida con ROE 18.6%, deuda neta/EBITDA -111.1x. Técnicamente 🟢 Cruce alcista MACD, 🟢 base_pattern_detected. Clasificación: seguimiento.","POWER ASSETS está un 8.3% por debajo de su máximo 52s. Fundamentalmente sólida con ROE 18.6%, deuda neta/EBITDA -111.1x. Técnicamente 🟢 Cruce alcista MACD, 🟢 base_pattern_detected. Clasificación: seguimiento.",OK,
8031.T,MITSUI & CO,ASIA,1.0,script-v2.0,1.0,2026-09-14T13:32:40.252289+02:00,59.0,56.7,78.0,38.0,0.0,7.0,66.0,33.0,33.0,6454598.0,6.44,21.5,,25.27,22.6,-31.4486,True,65.3,53.3,False,5255.87,-1.7,True,True,False,,pass,descarte,pendiente,0.0,desconocido,Pendiente de implementar,parcial,"eps_stabilization (media): EPS 103.65 vs 66.63 (Diluted EPS) | dividend_maintained (baja): Dividendo actual 2.71% con caída del 22.6% | analyst_upgrade (media): Target 6209.17 vs precio 5164.00 (+20%), recMean 2.08, recKey buy",razonable,descarte,4716.57,4885.1,4716.57 - 4885.10,5152.19,5673.75,5152.19 - 5673.75,Pérdida del soporte en 4716.57 | ROE negativo durante 2 trimestres consecutivos | Ampliación de capital dilutiva | Recorte de rating a bono basura,6-12,"MITSUI & CO está un 22.6% por debajo de su máximo 52s. Fundamentalmente aceptable con ROE 11.4%, deuda neta/EBITDA 6.4x. Técnicamente 🟢 Divergencia alcista RSI, 🟢 MACD semanal girando al alza. Clasificación: descarte.","MITSUI & CO está un 22.6% por debajo de su máximo 52s. Fundamentalmente aceptable con ROE 11.4%, deuda neta/EBITDA 6.4x. Técnicamente 🟢 Divergencia alcista RSI, 🟢 MACD semanal girando al alza. Clasificación: descarte.",OK,
MUV2.DE,MUENCHENER RUECKVERS.-GES. AG N,EUROSTOXX,1.0,script-v2.0,1.0,2026-09-14T13:29:56.827744+02:00,58.9,63.8,99.0,33.0,0.0,7.0,44.0,39.0,5.0,279114.0,,9.4,2.4,,12.5,3.7368,False,48.8,32.4,False,504.1,1.3,False,False,True,,pass,pendiente_confirmacion,pendiente,0.0,desconocido,Pendiente de implementar,parcial,margin_stabilization (media): Margen operating 15.6% vs 13.7% (+1.9 pp) | eps_stabilization (media): EPS 17.50 vs 13.41 (Diluted EPS) | dividend_maintained (baja): Dividendo actual 4.70% con caída del 11.3%,incompleto,pendiente_confirmacion,504.54,510.8,504.54 - 510.80,489.26,504.43,489.26 - 504.43,Pérdida del soporte en 504.54 | ROE negativo durante 2 trimestres consecutivos | Ampliación de capital dilutiva | Recorte de rating a bono basura,6-12,"MUENCHENER RUECKVERS.-GES. AG N está un 11.3% por debajo de su máximo 52s. Fundamentalmente sólida con ROE 21.3%, D/E 0.24. Técnicamente 🟡 MACD convergiendo, 🟢 Cerca de soporte. Clasificación: pendiente_confirmacion.","MUENCHENER RUECKVERS.-GES. AG N está un 11.3% por debajo de su máximo 52s. Fundamentalmente sólida con ROE 21.3%, D/E 0.24. Técnicamente 🟡 MACD convergiendo, 🟢 Cerca de soporte. Clasificación: pendiente_confirmacion.",OK,
T,AT&T Inc.,SP500,1.0,script-v2.0,1.0,2026-09-14T13:31:10.107075+02:00,58.7,58.6,89.0,32.0,0.0,7.0,59.0,41.0,18.0,60117959.0,3.3,5.4,-0.1,7.67,9.4,0.0947,False,76.8,48.0,False,24.78,5.2,True,True,False,,pass,descarte,pendiente,0.0,desconocido,Pendiente de implementar,parcial,margin_stabilization (media): Margen gross 61.8% vs 60.1% (+1.7 pp) | eps_stabilization (media): EPS 0.66 vs 0.54 (Diluted EPS) | dividend_maintained (baja): Dividendo actual 4.26% con caída del 12.5%,razonable,descarte,23.84,24.8,23.84 - 24.80,24.71,25.32,24.71 - 25.32,Pérdida del soporte en 24.80 | ROE negativo durante 2 trimestres consecutivos | Ampliación de capital dilutiva | Recorte de rating a bono basura,6-12,"AT&T Inc. está un 12.5% por debajo de su máximo 52s. Fundamentalmente aceptable con ROE 18.3%, deuda neta/EBITDA 3.3x. Técnicamente 🟡 MACD convergiendo, 🟢 Volumen creciente. Clasificación: descarte.","AT&T Inc. está un 12.5% por debajo de su máximo 52s. Fundamentalmente aceptable con ROE 18.3%, deuda neta/EBITDA 3.3x. Técnicamente 🟡 MACD convergiendo, 🟢 Volumen creciente. Clasificación: descarte.",OK,
LR.PA,LEGRAND,EUROSTOXX,1.0,script-v2.0,1.0,2026-09-14T13:30:14.272734+02:00,58.7,54.3,82.0,30.0,0.0,10.0,72.0,55.0,17.0,582156.0,2.59,16.8,-0.2,19.38,18.5,-0.2947,False,3.1,42.2,False,138.99,-3.7,True,False,False,,pass,descarte,pendiente,0.0,desconocido,Pendiente de implementar,parcial,"margin_stabilization (media): Margen gross 50.5% vs 50.5% (-0.1 pp) | eps_stabilization (media): EPS 1.26 vs 1.12 (Diluted EPS) | dividend_maintained (baja): Dividendo actual 1.78% con caída del 19.8% | analyst_upgrade (media): Target 166.44 vs precio 133.85 (+24%), recMean 2.06, recKey buy",fuerte,descarte,133.79,133.85,133.79 - 133.85,138.2,141.91,138.20 - 141.91,Pérdida del soporte en 133.79 | ROE negativo durante 2 trimestres consecutivos | Ampliación de capital dilutiva | Recorte de rating a bono basura,6-12,"LEGRAND está un 19.8% por debajo de su máximo 52s. Fundamentalmente aceptable con ROE 18.2%, deuda neta/EBITDA 2.6x. Técnicamente 🟢 Divergencia alcista RSI, 🟢 Cerca de soporte. Clasificación: descarte.","LEGRAND está un 19.8% por debajo de su máximo 52s. Fundamentalmente aceptable con ROE 18.2%, deuda neta/EBITDA 2.6x. Técnicamente 🟢 Divergencia alcista RSI, 🟢 Cerca de soporte. Clasificación: descarte.",OK,
RIO.AX,RIO TINTO FPO [RIO],ASX,1.0,script-v2.0,1.0,2026-09-14T13:32:15.298239+02:00,58.6,60.5,100.0,26.0,0.0,6.0,53.0,41.0,12.0,1220289.0,0.58,-3.3,,12.8,12.6,3.8883,False,10.2,14.4,False,162.88,3.3,True,False,True,,pass,seguimiento,pendiente,0.0,desconocido,Pendiente de implementar,parcial,debt_reduction (alta): Deuda 22852.0M vs 23640.0M | dividend_maintained (baja): Dividendo actual 3.98% con caída del 14.1%,razonable,seguimiento,168.08,168.2,168.08 - 168.20,161.54,166.46,161.54 - 166.46,Pérdida del soporte en 168.08 | ROE negativo durante 2 trimestres consecutivos | Ampliación de capital dilutiva | Recorte de rating a bono basura,6-12,"RIO TINTO FPO [RIO] está un 14.1% por debajo de su máximo 52s. Fundamentalmente sólida con ROE 19.3%, deuda neta/EBITDA 0.6x. Técnicamente 🟢 Divergencia alcista RSI, 🟢 Cerca de soporte. Clasificación: seguimiento.","RIO TINTO FPO [RIO] está un 14.1% por debajo de su máximo 52s. Fundamentalmente sólida con ROE 19.3%, deuda neta/EBITDA 0.6x. Técnicamente 🟢 Divergencia alcista RSI, 🟢 Cerca de soporte. Clasificación: seguimiento.",OK,
1038.HK,CKI HOLDINGS,ASIA,1.0,script-v2.0,1.0,2026-09-14T13:32:55.407942+02:00,58.6,62.1,100.0,29.0,0.0,4.0,48.0,30.0,18.0,1540173.0,-38.56,3.7,,153.1,0.8,1.6865,False,83.7,90.6,False,61.16,7.8,True,True,True,Sin señales de recuperación,pass,seguimiento,pendiente,0.0,desconocido,Pendiente de implementar,ausente,eps_stabilization (media): EPS 3.28 vs 3.22 (annual_eps_fallback) | dividend_maintained (baja): Dividendo actual 3.99% con caída del 2.9%,razonable,seguimiento,59.86,62.61,59.86 - 62.61,57.72,60.09,57.72 - 60.09,Pérdida del soporte en 59.86 | ROE negativo durante 2 trimestres consecutivos | Ampliación de capital dilutiva | Recorte de rating a bono basura,6-12,"CKI HOLDINGS está un 2.9% por debajo de su máximo 52s. Fundamentalmente sólida con ROE 17.2%, deuda neta/EBITDA -38.6x. Técnicamente 🟢 Cruce alcista MACD, 🟢 base_pattern_detected. Clasificación: seguimiento.","CKI HOLDINGS está un 2.9% por debajo de su máximo 52s. Fundamentalmente sólida con ROE 17.2%, deuda neta/EBITDA -38.6x. Técnicamente 🟢 Cruce alcista MACD, 🟢 base_pattern_detected. Clasificación: seguimiento.",OK,
0388.HK,HKEX,ASIA,1.0,script-v2.0,1.0,2026-09-14T13:32:52.968179+02:00,58.3,57.1,96.0,23.0,0.0,10.0,62.0,45.0,17.0,4000833.0,-6.9,8.0,15.4,13.66,10.7,2.0401,False,28.4,15.6,False,396.92,0.1,True,False,False,,pass,descarte,pendiente,0.0,desconocido,Pendiente de implementar,parcial,"margin_stabilization (media): Margen gross 85.3% vs 80.1% (+5.2 pp) | eps_stabilization (media): EPS 4.09 vs 3.22 (Diluted EPS) | dividend_maintained (baja): Dividendo actual 3.74% con caída del 13.6% | analyst_upgrade (media): Target 516.25 vs precio 397.40 (+30%), recMean 1.42, recKey strong_buy",razonable,descarte,397.27,397.4,397.27 - 397.40,391.17,397.6,391.17 - 397.60,Pérdida del soporte en 397.27 | ROE negativo durante 2 trimestres consecutivos | Ampliación de capital dilutiva | Recorte de rating a bono basura,6-12,"HKEX está un 13.6% por debajo de su máximo 52s. Fundamentalmente aceptable con ROE 33.6%, deuda neta/EBITDA -6.9x. Técnicamente 🟡 MACD convergiendo, 🟢 Cerca de soporte. Clasificación: descarte.","HKEX está un 13.6% por debajo de su máximo 52s. Fundamentalmente aceptable con ROE 33.6%, deuda neta/EBITDA -6.9x. Técnicamente 🟡 MACD convergiendo, 🟢 Cerca de soporte. Clasificación: descarte.",OK,
RNO.PA,RENAULT,EUROSTOXX,1.0,script-v2.0,1.0,2026-09-14T13:30:23.414944+02:00,57.9,59.5,35.0,81.0,0.0,4.0,53.0,35.0,18.0,1422776.0,8.23,5.0,,9.85,36.0,0.0633,False,97.3,81.5,False,28.67,5.3,True,True,False,Sin señales de recuperación,pass,descarte,pendiente,0.0,desconocido,Pendiente de implementar,ausente,"dividend_maintained (baja): Dividendo actual 7.28% con caída del 20.5% | analyst_upgrade (media): Target 38.59 vs precio 30.20 (+28%), recMean 2.35, recKey buy",razonable,descarte,26.69,27.76,26.69 - 27.76,28.8,32.27,28.80 - 32.27,Pérdida del soporte en 26.69 | ROE negativo durante 2 trimestres consecutivos | Ampliación de capital dilutiva | Recorte de rating a bono basura,6-12,"RENAULT está un 20.5% por debajo de su máximo 52s. Fundamentalmente aceptable con ROE 5.0%, deuda neta/EBITDA 8.2x. Técnicamente 🟢 Cruce alcista MACD, 🟢 base_pattern_detected. Clasificación: descarte.","RENAULT está un 20.5% por debajo de su máximo 52s. Fundamentalmente aceptable con ROE 5.0%, deuda neta/EBITDA 8.2x. Técnicamente 🟢 Cruce alcista MACD, 🟢 base_pattern_detected. Clasificación: descarte.",OK,
WES.AX,WESFARMER FPO [WES],ASX,1.0,script-v2.0,1.0,2026-09-14T13:32:13.557743+02:00,57.8,52.7,82.0,27.0,0.0,1.0,73.0,68.0,5.0,1694529.0,2.53,13.9,,19.72,21.2,-0.4901,False,1.4,3.6,False,79.39,-8.6,False,False,False,Sin señales de recuperación,pass,descarte,pendiente,0.0,desconocido,Pendiente de implementar,ausente,dividend_maintained (baja): Dividendo actual 3.06% con caída del 23.4%,fuerte,descarte,70.76,72.57,70.76 - 72.57,79.67,80.5,79.67 - 80.50,Pérdida del soporte en 70.76 | ROE negativo durante 2 trimestres consecutivos | Ampliación de capital dilutiva | Recorte de rating a bono basura,6-12,"WESFARMER FPO [WES] está un 23.4% por debajo de su máximo 52s. Fundamentalmente aceptable con ROE 33.5%, deuda neta/EBITDA 2.5x. Técnicamente 🔵 RSI en sobreventa, 🟡 MACD convergiendo. Clasificación: descarte.","WESFARMER FPO [WES] está un 23.4% por debajo de su máximo 52s. Fundamentalmente aceptable con ROE 33.5%, deuda neta/EBITDA 2.5x. Técnicamente 🔵 RSI en sobreventa, 🟡 MACD convergiendo. Clasificación: descarte.",OK,
WMT,Walmart Inc.,SP500,1.0,script-v2.0,1.0,2026-09-14T13:31:32.055117+02:00,57.6,58.2,95.0,26.0,0.0,7.0,56.0,39.0,17.0,24252751.0,1.44,1.2,-0.4,20.88,20.5,-3.2938,False,68.9,56.6,False,118.43,-9.5,True,False,False,,pass,descarte,pendiente,0.0,desconocido,Pendiente de implementar,parcial,margin_stabilization (media): Margen gross 26.1% vs 25.1% (+1.0 pp) | eps_stabilization (media): EPS 0.80 vs 0.67 (Diluted EPS) | dividend_maintained (baja): Dividendo actual 0.92% con caída del 20.7%,razonable,descarte,101.79,107.15,101.79 - 107.15,114.89,118.21,114.89 - 118.21,Pérdida del soporte en 101.79 | ROE negativo durante 2 trimestres consecutivos | Ampliación de capital dilutiva | Recorte de rating a bono basura,6-12,"Walmart Inc. está un 20.7% por debajo de su máximo 52s. Fundamentalmente aceptable con ROE 22.3%, deuda neta/EBITDA 1.4x. Técnicamente 🟢 Divergencia alcista RSI, 🟡 Apoyo en MA40 semanal. Clasificación: descarte.","Walmart Inc. está un 20.7% por debajo de su máximo 52s. Fundamentalmente aceptable con ROE 22.3%, deuda neta/EBITDA 1.4x. Técnicamente 🟢 Divergencia alcista RSI, 🟡 Apoyo en MA40 semanal. Clasificación: descarte.",OK,
SHEL.L,SHELL PLC ORD EUR0.07,EUROSTOXX,1.0,script-v2.0,1.0,2026-09-14T13:30:50.289789+02:00,57.6,62.8,98.0,32.0,0.0,12.0,42.0,24.0,18.0,9652010.0,0.72,-3.4,9.3,4.17,4.4,118.0957,False,98.3,90.1,False,3140.01,14.5,True,True,True,,pass,pendiente_confirmacion,pendiente,0.0,desconocido,Pendiente de implementar,confirmada,margin_stabilization (media): Margen gross 19.5% vs 19.3% (+0.2 pp) | eps_stabilization (media): EPS 1.92 vs 1.00 (Diluted EPS) | debt_reduction (alta): Deuda 73076.0M vs 75644.0M | dividend_maintained (baja): Dividendo actual 0.03% con caída del 4.4%,incompleto,pendiente_confirmacion,3314.0,3431.39,3314.00 - 3431.39,3106.11,3194.72,3106.11 - 3194.72,Pérdida del soporte en 3431.39 | ROE negativo durante 2 trimestres consecutivos | Ampliación de capital dilutiva | Recorte de rating a bono basura,6-12,"SHELL PLC ORD EUR0.07 está un 4.4% por debajo de su máximo 52s. Fundamentalmente sólida con ROE 14.3%, deuda neta/EBITDA 0.7x. Técnicamente 🟢 Cerca de soporte, 🟢 base_pattern_detected. Clasificación: pendiente_confirmacion.","SHELL PLC ORD EUR0.07 está un 4.4% por debajo de su máximo 52s. Fundamentalmente sólida con ROE 14.3%, deuda neta/EBITDA 0.7x. Técnicamente 🟢 Cerca de soporte, 🟢 base_pattern_detected. Clasificación: pendiente_confirmacion.",OK,
000660.KS,SK hynix,ASIA,1.0,script-v2.0,1.0,2026-09-14T13:32:57.836308+02:00,57.5,67.4,77.0,59.0,0.0,15.0,28.0,28.0,0.0,5298864.0,-0.47,-3.3,4.1,8.51,43.2,111181.67,False,41.9,69.1,False,1424451.9,19.1,False,False,True,,pass,pendiente_confirmacion,pendiente,0.0,desconocido,Pendiente de implementar,confirmada,"margin_stabilization (media): Margen gross 83.2% vs 79.3% (+3.9 pp) | eps_stabilization (media): EPS 131478.00 vs 56670.00 (Diluted EPS) | debt_reduction (alta): Deuda 21113138.6M vs 21832416.0M | dividend_maintained (baja): Dividendo actual 0.09% con caída del 43.2% | analyst_upgrade (media): Target 3197603.80 vs precio 1697000.00 (+88%), recMean 1.34, recKey strong_buy",incompleto,pendiente_confirmacion,1563887.49,1697000.0,1563887.49 - 1697000.00,1341934.66,2538950.0,1341934.66 - 2538950.00,Pérdida del soporte en 1563887.49 | ROE negativo durante 2 trimestres consecutivos | Ampliación de capital dilutiva | Recorte de rating a bono basura,18-24,"SK hynix está un 43.2% por debajo de su máximo 52s. Fundamentalmente sólida con ROE 92.7%, deuda neta/EBITDA -0.5x. Técnicamente 🟢 Divergencia alcista RSI. Clasificación: pendiente_confirmacion.","SK hynix está un 43.2% por debajo de su máximo 52s. Fundamentalmente sólida con ROE 92.7%, deuda neta/EBITDA -0.5x. Técnicamente 🟢 Divergencia alcista RSI. Clasificación: pendiente_confirmacion.",OK,
GOOG,Alphabet Inc.,SP500,1.0,script-v2.0,1.0,2026-09-14T13:32:05.094262+02:00,57.1,55.9,74.0,40.0,0.0,7.0,61.0,44.0,17.0,19815543.0,-0.7,435.1,0.0,23.09,17.0,4.5228,False,44.2,26.0,False,335.5,-0.0,True,False,False,,pass,descarte,pendiente,0.0,desconocido,Pendiente de implementar,parcial,"eps_stabilization (media): EPS 9.11 vs 5.11 (Diluted EPS) | dividend_maintained (baja): Dividendo actual 0.26% con caída del 17.1% | analyst_upgrade (media): Target 422.34 vs precio 335.45 (+26%), recMean 1.37, recKey strong_buy",razonable,descarte,314.69,335.45,314.69 - 335.45,335.16,343.8,335.16 - 343.80,Pérdida del soporte en 314.69 | ROE negativo durante 2 trimestres consecutivos | Ampliación de capital dilutiva | Recorte de rating a bono basura,6-12,"Alphabet Inc. está un 17.1% por debajo de su máximo 52s. Fundamentalmente aceptable con ROE 48.7%, deuda neta/EBITDA -0.7x. Técnicamente 🟢 Divergencia alcista RSI, 🟡 MACD convergiendo. Clasificación: descarte.","Alphabet Inc. está un 17.1% por debajo de su máximo 52s. Fundamentalmente aceptable con ROE 48.7%, deuda neta/EBITDA -0.7x. Técnicamente 🟢 Divergencia alcista RSI, 🟡 MACD convergiendo. Clasificación: descarte.",OK,
0003.HK,HK & CHINA GAS,ASIA,1.0,script-v2.0,1.0,2026-09-14T13:32:49.560408+02:00,57.0,52.4,86.0,23.0,0.0,4.0,71.0,48.0,23.0,32039151.0,4.59,2.0,,17.2,5.0,0.0766,False,15.9,36.6,False,6.91,2.7,True,True,False,Sin señales de recuperación,pass,descarte,pendiente,0.0,desconocido,Pendiente de implementar,ausente,eps_stabilization (media): EPS 0.30 vs 0.30 (annual_eps_fallback) | dividend_maintained (baja): Dividendo actual 4.93% con caída del 8.6%,fuerte,descarte,6.8,6.91,6.80 - 6.91,6.6,6.9,6.60 - 6.90,Pérdida del soporte en 6.80 | ROE negativo durante 2 trimestres consecutivos | Ampliación de capital dilutiva | Recorte de rating a bono basura,6-12,"HK & CHINA GAS está un 8.6% por debajo de su máximo 52s. Fundamentalmente aceptable con ROE 10.5%, deuda neta/EBITDA 4.6x. Técnicamente 🟢 Cruce alcista MACD, 🟢 Cerca de soporte. Clasificación: descarte.","HK & CHINA GAS está un 8.6% por debajo de su máximo 52s. Fundamentalmente aceptable con ROE 10.5%, deuda neta/EBITDA 4.6x. Técnicamente 🟢 Cruce alcista MACD, 🟢 Cerca de soporte. Clasificación: descarte.",OK,
SRG.MI,SNAM,EUROSTOXX,1.0,script-v2.0,1.0,2026-09-14T13:30:35.246576+02:00,57.0,53.0,61.0,46.0,0.0,4.0,69.0,64.0,5.0,6214450.0,6.2,17.9,-29.3,12.29,17.9,-0.1031,False,7.1,7.6,False,6.02,-8.9,False,False,False,Sin señales de recuperación,pass,descarte,pendiente,0.0,desconocido,Pendiente de implementar,ausente,margin_stabilization (media): Margen gross 110.4% vs 77.6% (+32.8 pp) | dividend_maintained (baja): Dividendo actual 5.47% con caída del 20.2%,razonable,descarte,5.45,5.48,5.45 - 5.48,5.84,5.98,5.84 - 5.98,Pérdida del soporte en 5.45 | ROE negativo durante 2 trimestres consecutivos | Ampliación de capital dilutiva | Recorte de rating a bono basura,6-12,"SNAM está un 20.2% por debajo de su máximo 52s. Fundamentalmente aceptable con ROE 12.4%, deuda neta/EBITDA 6.2x. Técnicamente 🔵 RSI en sobreventa, 🟡 MACD convergiendo. Clasificación: descarte.","SNAM está un 20.2% por debajo de su máximo 52s. Fundamentalmente aceptable con ROE 12.4%, deuda neta/EBITDA 6.2x. Técnicamente 🔵 RSI en sobreventa, 🟡 MACD convergiendo. Clasificación: descarte.",OK,
LSEG.L,LONDON STOCK EXCHANGE GROUP PLC,EUROSTOXX,1.0,script-v2.0,1.0,2026-09-14T13:31:03.546409+02:00,56.9,51.8,79.0,28.0,0.0,7.0,72.0,55.0,17.0,1399312.0,2.96,35.9,,16.74,29.3,-92.7668,False,44.4,18.8,False,8768.27,-1.8,True,False,False,,pass,descarte,pendiente,0.0,desconocido,Pendiente de implementar,parcial,"eps_stabilization (media): EPS 2.37 vs 1.28 (annual_eps_fallback) | dividend_maintained (baja): Dividendo actual 0.02% con caída del 15.1% | analyst_upgrade (media): Target 11804.00 vs precio 8610.00 (+37%), recMean 1.47, recKey strong_buy",fuerte,descarte,8240.19,8610.0,8240.19 - 8610.00,8619.0,8737.54,8619.00 - 8737.54,Pérdida del soporte en 8240.19 | ROE negativo durante 2 trimestres consecutivos | Ampliación de capital dilutiva | Recorte de rating a bono basura,6-12,"LONDON STOCK EXCHANGE GROUP PLC está un 15.1% por debajo de su máximo 52s. Fundamentalmente aceptable con ROE 7.7%, deuda neta/EBITDA 3.0x. Técnicamente 🟢 Divergencia alcista RSI, 🟡 MACD convergiendo. Clasificación: descarte.","LONDON STOCK EXCHANGE GROUP PLC está un 15.1% por debajo de su máximo 52s. Fundamentalmente aceptable con ROE 7.7%, deuda neta/EBITDA 3.0x. Técnicamente 🟢 Divergencia alcista RSI, 🟡 MACD convergiendo. Clasificación: descarte.",OK,
WY,Weyerhaeuser Company,SP500,1.0,script-v2.0,1.0,2026-09-14T13:32:02.354458+02:00,56.8,55.1,69.0,43.0,0.0,12.0,62.0,45.0,17.0,5358525.0,7.15,-0.0,0.2,30.26,30.8,-0.1803,False,8.1,5.8,False,24.03,-8.2,True,False,False,,pass,descarte,pendiente,0.0,desconocido,Pendiente de implementar,confirmada,"eps_stabilization (media): EPS 0.23 vs 0.22 (Diluted EPS) | debt_reduction (alta): Deuda 5449.0M vs 5449.0M | dividend_maintained (baja): Dividendo actual 3.81% con caída del 20.5% | analyst_upgrade (media): Target 31.00 vs precio 22.06 (+41%), recMean 1.67, recKey buy",razonable,descarte,20.96,22.06,20.96 - 22.06,23.59,23.86,23.59 - 23.86,Pérdida del soporte en 20.96 | ROE negativo durante 2 trimestres consecutivos | Ampliación de capital dilutiva | Recorte de rating a bono basura,6-12,"Weyerhaeuser Company está un 20.5% por debajo de su máximo 52s. Fundamentalmente aceptable con ROE 5.0%, deuda neta/EBITDA 7.2x. Técnicamente 🔵 RSI en sobreventa, 🟡 Apoyo en MA40 semanal. Clasificación: descarte.","Weyerhaeuser Company está un 20.5% por debajo de su máximo 52s. Fundamentalmente aceptable con ROE 5.0%, deuda neta/EBITDA 7.2x. Técnicamente 🔵 RSI en sobreventa, 🟡 Apoyo en MA40 semanal. Clasificación: descarte.",OK,
SRE,DBA Sempra,SP500,1.0,script-v2.0,1.0,2026-09-14T13:31:50.861168+02:00,56.6,51.5,67.0,38.0,0.0,7.0,72.0,55.0,17.0,3901238.0,6.23,0.6,-5.8,17.32,16.9,-1.7454,False,49.3,55.4,False,90.17,-7.6,True,False,False,,pass,descarte,pendiente,0.0,desconocido,Pendiente de implementar,parcial,"margin_stabilization (media): Margen gross 54.7% vs 52.6% (+2.1 pp) | dividend_maintained (baja): Dividendo actual 3.16% con caída del 17.5% | analyst_upgrade (media): Target 101.82 vs precio 83.34 (+22%), recMean 1.58, recKey buy",fuerte,descarte,83.16,83.34,83.16 - 83.34,85.88,90.11,85.88 - 90.11,Pérdida del soporte en 83.16 | ROE negativo durante 2 trimestres consecutivos | Ampliación de capital dilutiva | Recorte de rating a bono basura,6-12,"DBA Sempra está un 17.5% por debajo de su máximo 52s. Fundamentalmente aceptable con ROE 6.7%, deuda neta/EBITDA 6.2x. Técnicamente 🟢 Divergencia alcista RSI, 🟢 Cerca de soporte. Clasificación: descarte.","DBA Sempra está un 17.5% por debajo de su máximo 52s. Fundamentalmente aceptable con ROE 6.7%, deuda neta/EBITDA 6.2x. Técnicamente 🟢 Divergencia alcista RSI, 🟢 Cerca de soporte. Clasificación: descarte.",OK,
HEN3.DE,Henkel AG & Co. KGaA          I,EUROSTOXX,1.0,script-v2.0,1.0,2026-09-14T13:29:56.263328+02:00,56.5,63.3,90.0,40.0,0.0,1.0,36.0,36.0,0.0,386910.0,0.71,81.1,,9.74,11.5,1.6897,False,27.7,11.6,False,70.84,3.8,False,False,True,Sin señales de recuperación,pass,seguimiento,pendiente,0.0,desconocido,Pendiente de implementar,ausente,dividend_maintained (baja): Dividendo actual 2.82% con caída del 12.7%,incompleto,seguimiento,68.94,73.5,68.94 - 73.50,70.53,71.57,70.53 - 71.57,Pérdida del soporte en 68.94 | ROE negativo durante 2 trimestres consecutivos | Ampliación de capital dilutiva | Recorte de rating a bono basura,6-12,"Henkel AG & Co. KGaA          I está un 12.7% por debajo de su máximo 52s. Fundamentalmente sólida con ROE 9.4%, deuda neta/EBITDA 0.7x. Técnicamente 🟡 MACD convergiendo. Clasificación: seguimiento.","Henkel AG & Co. KGaA          I está un 12.7% por debajo de su máximo 52s. Fundamentalmente sólida con ROE 9.4%, deuda neta/EBITDA 0.7x. Técnicamente 🟡 MACD convergiendo. Clasificación: seguimiento.",OK,
0012.HK,HENDERSON LAND,ASIA,1.0,script-v2.0,1.0,2026-09-14T13:32:50.213443+02:00,56.4,54.5,55.0,54.0,0.0,4.0,62.0,45.0,17.0,8582166.0,20.38,90.3,,41.95,24.3,-0.5073,False,8.8,17.3,False,28.55,-9.6,True,False,False,Sin señales de recuperación,pass,descarte,pendiente,0.0,desconocido,Pendiente de implementar,ausente,"dividend_maintained (baja): Dividendo actual 4.88% con caída del 27.7% | analyst_upgrade (media): Target 31.38 vs precio 25.80 (+22%), recMean 2.33, recKey buy",razonable,descarte,24.25,25.8,24.25 - 25.80,28.6,30.31,28.60 - 30.31,Pérdida del soporte en 24.25 | ROE negativo durante 2 trimestres consecutivos | Ampliación de capital dilutiva | Recorte de rating a bono basura,12-18,"HENDERSON LAND está un 27.7% por debajo de su máximo 52s. Fundamentalmente aceptable con ROE 2.5%, deuda neta/EBITDA 20.4x. Técnicamente 🟢 Divergencia alcista RSI, 🟢 Bajo SMA200 con SMA50 girando. Clasificación: descarte.","HENDERSON LAND está un 27.7% por debajo de su máximo 52s. Fundamentalmente aceptable con ROE 2.5%, deuda neta/EBITDA 20.4x. Técnicamente 🟢 Divergencia alcista RSI, 🟢 Bajo SMA200 con SMA50 girando. Clasificación: descarte.",OK,
BEN.AX,BEN ADE BK FPO [BEN],ASX,1.0,script-v2.0,1.0,2026-09-14T13:32:28.753458+02:00,56.4,56.5,56.0,57.0,0.0,4.0,56.0,39.0,17.0,1570602.0,,13.3,,,18.6,0.005,False,33.8,25.4,False,10.3,-0.2,True,False,False,Sin señales de recuperación,pass,descarte,pendiente,0.0,desconocido,Pendiente de implementar,ausente,eps_stabilization (media): EPS 0.63 vs -0.17 (annual_eps_fallback) | dividend_maintained (baja): Dividendo actual 6.42% con caída del 22.8%,razonable,descarte,9.96,10.28,9.96 - 10.28,10.25,11.32,10.25 - 11.32,Pérdida del soporte en 9.96 | ROE negativo durante 2 trimestres consecutivos | Ampliación de capital dilutiva | Recorte de rating a bono basura,6-12,"BEN ADE BK FPO [BEN] está un 22.8% por debajo de su máximo 52s. Fundamentalmente aceptable con ROE 5.6%, dividendo 6.4%. Técnicamente 🟡 MACD convergiendo, 🟢 Cerca de soporte. Clasificación: descarte.","BEN ADE BK FPO [BEN] está un 22.8% por debajo de su máximo 52s. Fundamentalmente aceptable con ROE 5.6%, dividendo 6.4%. Técnicamente 🟡 MACD convergiendo, 🟢 Cerca de soporte. Clasificación: descarte.",OK,
TTE.PA,TOTALENERGIES,EUROSTOXX,1.0,script-v2.0,1.0,2026-09-14T13:30:20.260040+02:00,56.2,58.9,100.0,23.0,0.0,6.0,48.0,30.0,18.0,3780233.0,0.79,-1.7,7.0,5.27,0.9,2.7716,False,92.4,89.2,False,70.05,13.5,True,True,False,,pass,descarte,pendiente,0.0,desconocido,Pendiente de implementar,parcial,debt_reduction (alta): Deuda 62917.0M vs 64008.0M | dividend_maintained (baja): Dividendo actual 4.53% con caída del 2.2%,razonable,descarte,72.69,74.65,72.69 - 74.65,68.96,69.14,68.96 - 69.14,Pérdida del soporte en 72.69 | ROE negativo durante 2 trimestres consecutivos | Ampliación de capital dilutiva | Recorte de rating a bono basura,6-12,"TOTALENERGIES está un 2.2% por debajo de su máximo 52s. Fundamentalmente aceptable con ROE 14.5%, deuda neta/EBITDA 0.8x. Técnicamente 🟢 Cruce alcista MACD, 🟢 base_pattern_detected. Clasificación: descarte.","TOTALENERGIES está un 2.2% por debajo de su máximo 52s. Fundamentalmente aceptable con ROE 14.5%, deuda neta/EBITDA 0.8x. Técnicamente 🟢 Cruce alcista MACD, 🟢 base_pattern_detected. Clasificación: descarte.",OK,
WBC.AX,WESTPAC FPO [WBC],ASX,1.0,script-v2.0,1.0,2026-09-14T13:32:10.638580+02:00,56.1,54.5,71.0,40.0,0.0,1.0,61.0,44.0,17.0,4532543.0,,21.4,,,18.7,-0.8049,False,57.4,39.4,False,37.46,-7.8,True,False,False,Sin señales de recuperación,pass,descarte,pendiente,0.0,desconocido,Pendiente de implementar,ausente,dividend_maintained (baja): Dividendo actual 4.46% con caída del 20.3%,razonable,descarte,32.8,34.53,32.80 - 34.53,36.82,37.48,36.82 - 37.48,Pérdida del soporte en 32.80 | ROE negativo durante 2 trimestres consecutivos | Ampliación de capital dilutiva | Recorte de rating a bono basura,6-12,"WESTPAC FPO [WBC] está un 20.3% por debajo de su máximo 52s. Fundamentalmente aceptable con ROE 9.8%, dividendo 4.5%. Técnicamente 🟢 Divergencia alcista RSI, 🟡 Apoyo en MA40 semanal. Clasificación: descarte.","WESTPAC FPO [WBC] está un 20.3% por debajo de su máximo 52s. Fundamentalmente aceptable con ROE 9.8%, dividendo 4.5%. Técnicamente 🟢 Divergencia alcista RSI, 🟡 Apoyo en MA40 semanal. Clasificación: descarte.",OK,
ENI.MI,ENI,EUROSTOXX,1.0,script-v2.0,1.0,2026-09-14T13:30:32.373008+02:00,55.9,58.5,99.0,23.0,0.0,7.0,48.0,30.0,18.0,8985759.0,1.65,1.2,12.0,7.31,2.4,0.9842,False,82.8,78.6,False,21.12,14.3,True,True,False,,pass,descarte,pendiente,0.0,desconocido,Pendiente de implementar,parcial,margin_stabilization (media): Margen gross 12.6% vs 6.5% (+6.1 pp) | eps_stabilization (media): EPS 1.09 vs 0.34 (Diluted EPS) | dividend_maintained (baja): Dividendo actual 4.47% con caída del 3.5%,razonable,descarte,22.68,22.95,22.68 - 22.95,20.73,21.27,20.73 - 21.27,Pérdida del soporte en 22.68 | ROE negativo durante 2 trimestres consecutivos | Ampliación de capital dilutiva | Recorte de rating a bono basura,6-12,"ENI está un 3.5% por debajo de su máximo 52s. Fundamentalmente aceptable con ROE 10.9%, deuda neta/EBITDA 1.6x. Técnicamente 🟢 Cruce alcista MACD, 🟢 base_pattern_detected. Clasificación: descarte.","ENI está un 3.5% por debajo de su máximo 52s. Fundamentalmente aceptable con ROE 10.9%, deuda neta/EBITDA 1.6x. Técnicamente 🟢 Cruce alcista MACD, 🟢 base_pattern_detected. Clasificación: descarte.",OK,
AFL,AFLAC Incorporated,SP500,1.0,script-v2.0,1.0,2026-09-14T13:31:22.125847+02:00,55.5,54.1,85.0,27.0,0.0,1.0,60.0,55.0,5.0,2220585.0,1.19,104.6,-6.9,10.72,11.0,1.7704,False,30.1,17.6,False,113.9,1.2,False,False,False,Sin señales de recuperación,pass,descarte,pendiente,0.0,desconocido,Pendiente de implementar,ausente,dividend_maintained (baja): Dividendo actual 2.12% con caída del 11.5%,razonable,descarte,114.38,115.28,114.38 - 115.28,110.69,113.62,110.69 - 113.62,Pérdida del soporte en 114.38 | ROE negativo durante 2 trimestres consecutivos | Ampliación de capital dilutiva | Recorte de rating a bono basura,6-12,"AFLAC Incorporated está un 11.5% por debajo de su máximo 52s. Fundamentalmente aceptable con ROE 16.9%, deuda neta/EBITDA 1.2x. Técnicamente 🟢 Cruce alcista MACD, 🟢 Cerca de soporte. Clasificación: descarte.","AFLAC Incorporated está un 11.5% por debajo de su máximo 52s. Fundamentalmente aceptable con ROE 16.9%, deuda neta/EBITDA 1.2x. Técnicamente 🟢 Cruce alcista MACD, 🟢 Cerca de soporte. Clasificación: descarte.",OK,
DSY.PA,DASSAULT SYSTEMES,EUROSTOXX,1.0,script-v2.0,1.0,2026-09-14T13:30:23.155438+02:00,55.5,60.4,94.0,31.0,0.0,7.0,41.0,35.0,6.0,1947574.0,-1.36,36.2,0.0,14.56,47.3,0.2819,False,40.6,22.0,False,19.93,6.5,False,True,True,,pass,pendiente_confirmacion,pendiente,0.0,desconocido,Pendiente de implementar,parcial,margin_stabilization (media): Margen gross 84.1% vs 84.0% (+0.1 pp) | eps_stabilization (media): EPS 0.22 vs 0.22 (Diluted EPS) | dividend_maintained (baja): Dividendo actual 1.27% con caída del 30.1%,incompleto,pendiente_confirmacion,20.62,20.81,20.62 - 20.81,20.08,25.81,20.08 - 25.81,Pérdida del soporte en 20.81 | ROE negativo durante 2 trimestres consecutivos | Ampliación de capital dilutiva | Recorte de rating a bono basura,12-18,"DASSAULT SYSTEMES está un 30.1% por debajo de su máximo 52s. Fundamentalmente sólida con ROE 15.1%, deuda neta/EBITDA -1.4x. Técnicamente 🟡 MACD convergiendo, 🟢 Cerca de soporte. Clasificación: pendiente_confirmacion.","DASSAULT SYSTEMES está un 30.1% por debajo de su máximo 52s. Fundamentalmente sólida con ROE 15.1%, deuda neta/EBITDA -1.4x. Técnicamente 🟡 MACD convergiendo, 🟢 Cerca de soporte. Clasificación: pendiente_confirmacion.",OK,
RACE.MI,FERRARI,EUROSTOXX,1.0,script-v2.0,1.0,2026-09-14T13:30:38.276776+02:00,55.2,60.0,100.0,25.0,0.0,7.0,41.0,35.0,6.0,463856.0,0.7,8.1,0.0,26.07,26.3,12.7879,False,56.9,40.6,False,313.51,13.7,False,True,True,,pass,pendiente_confirmacion,pendiente,0.0,desconocido,Pendiente de implementar,parcial,margin_stabilization (media): Margen gross 52.6% vs 51.8% (+0.8 pp) | eps_stabilization (media): EPS 2.62 vs 2.33 (Diluted EPS) | dividend_maintained (baja): Dividendo actual 1.02% con caída del 17.3%,incompleto,pendiente_confirmacion,346.22,350.09,346.22 - 350.09,312.87,366.52,312.87 - 366.52,Pérdida del soporte en 350.09 | ROE negativo durante 2 trimestres consecutivos | Ampliación de capital dilutiva | Recorte de rating a bono basura,6-12,"FERRARI está un 17.3% por debajo de su máximo 52s. Fundamentalmente aceptable con ROE 45.4%, deuda neta/EBITDA 0.7x. Técnicamente 🟡 MACD convergiendo, 🟢 Cerca de soporte. Clasificación: pendiente_confirmacion.","FERRARI está un 17.3% por debajo de su máximo 52s. Fundamentalmente aceptable con ROE 45.4%, deuda neta/EBITDA 0.7x. Técnicamente 🟡 MACD convergiendo, 🟢 Cerca de soporte. Clasificación: pendiente_confirmacion.",OK,
ENEL.MI,ENEL,EUROSTOXX,1.0,script-v2.0,1.0,2026-09-14T13:30:32.063376+02:00,54.5,52.7,81.0,28.0,0.0,1.0,60.0,55.0,5.0,18689511.0,3.33,4.3,-10.1,8.36,12.6,0.0059,False,3.8,10.1,False,9.32,-5.3,False,False,False,Sin señales de recuperación,pass,descarte,pendiente,0.0,desconocido,Pendiente de implementar,ausente,dividend_maintained (baja): Dividendo actual 5.89% con caída del 14.4%,razonable,descarte,8.39,8.83,8.39 - 8.83,8.76,9.29,8.76 - 9.29,Pérdida del soporte en 8.39 | ROE negativo durante 2 trimestres consecutivos | Ampliación de capital dilutiva | Recorte de rating a bono basura,6-12,"ENEL está un 14.4% por debajo de su máximo 52s. Fundamentalmente aceptable con ROE 12.3%, deuda neta/EBITDA 3.3x. Técnicamente 🔵 RSI en sobreventa, 🟡 MACD convergiendo. Clasificación: descarte.","ENEL está un 14.4% por debajo de su máximo 52s. Fundamentalmente aceptable con ROE 12.3%, deuda neta/EBITDA 3.3x. Técnicamente 🔵 RSI en sobreventa, 🟡 MACD convergiendo. Clasificación: descarte.",OK,
SAP.DE,SAP SE                        I,EUROSTOXX,1.0,script-v2.0,1.0,2026-09-14T13:29:59.062147+02:00,54.4,54.9,97.0,18.0,0.0,7.0,53.0,35.0,18.0,2701121.0,-0.14,26.4,0.9,17.3,32.8,4.7203,False,67.5,34.4,False,164.29,13.0,True,True,False,,pass,descarte,pendiente,0.0,desconocido,Pendiente de implementar,parcial,margin_stabilization (media): Margen gross 73.2% vs 73.0% (+0.2 pp) | eps_stabilization (media): EPS 1.88 vs 1.65 (Diluted EPS) | dividend_maintained (baja): Dividendo actual 1.35% con caída del 24.0%,razonable,descarte,165.58,177.45,165.58 - 177.45,165.97,207.66,165.97 - 207.66,Pérdida del soporte en 177.45 | ROE negativo durante 2 trimestres consecutivos | Ampliación de capital dilutiva | Recorte de rating a bono basura,6-12,"SAP SE                        I está un 24.0% por debajo de su máximo 52s. Fundamentalmente aceptable con ROE 18.3%, deuda neta/EBITDA -0.1x. Técnicamente 🟡 MACD convergiendo, 🟢 Cerca de soporte. Clasificación: descarte.","SAP SE                        I está un 24.0% por debajo de su máximo 52s. Fundamentalmente aceptable con ROE 18.3%, deuda neta/EBITDA -0.1x. Técnicamente 🟡 MACD convergiendo, 🟢 Cerca de soporte. Clasificación: descarte.",OK,
0083.HK,SINO LAND,ASIA,1.0,script-v2.0,1.0,2026-09-14T13:32:52.725898+02:00,54.4,55.8,59.0,53.0,0.0,7.0,50.0,38.0,12.0,7794672.0,-17.65,107.0,,15.34,23.8,-0.2602,False,16.9,17.5,False,11.26,-10.1,True,False,False,,pass,descarte,pendiente,0.0,desconocido,Pendiente de implementar,parcial,"eps_stabilization (media): EPS 0.49 vs 0.45 (annual_eps_fallback) | dividend_maintained (baja): Dividendo actual 5.73% con caída del 23.9% | analyst_upgrade (media): Target 12.90 vs precio 10.12 (+27%), recMean 1.60, recKey buy",razonable,descarte,9.61,10.12,9.61 - 10.12,11.2,11.3,11.20 - 11.30,Pérdida del soporte en 9.61 | ROE negativo durante 2 trimestres consecutivos | Ampliación de capital dilutiva | Recorte de rating a bono basura,6-12,"SINO LAND está un 23.9% por debajo de su máximo 52s. Fundamentalmente aceptable con ROE 2.7%, deuda neta/EBITDA -17.6x. Técnicamente 🟢 Divergencia alcista RSI, 🟢 base_pattern_detected. Clasificación: descarte.","SINO LAND está un 23.9% por debajo de su máximo 52s. Fundamentalmente aceptable con ROE 2.7%, deuda neta/EBITDA -17.6x. Técnicamente 🟢 Divergencia alcista RSI, 🟢 base_pattern_detected. Clasificación: descarte.",OK,
CBA.AX,CWLTH BANK FPO [CBA],ASX,1.0,script-v2.0,1.0,2026-09-14T13:32:09.072501+02:00,54.3,51.1,74.0,31.0,0.0,4.0,64.0,47.0,17.0,2017797.0,,67.1,,,15.5,-1.6566,False,33.9,26.6,False,163.39,-5.2,True,False,False,Sin señales de recuperación,pass,descarte,pendiente,0.0,desconocido,Pendiente de implementar,ausente,eps_stabilization (media): EPS 6.49 vs 6.04 (annual_eps_fallback) | dividend_maintained (baja): Dividendo actual 3.26% con caída del 16.5%,razonable,descarte,147.22,154.97,147.22 - 154.97,157.75,162.72,157.75 - 162.72,Pérdida del soporte en 147.22 | ROE negativo durante 2 trimestres consecutivos | Ampliación de capital dilutiva | Recorte de rating a bono basura,6-12,"CWLTH BANK FPO [CBA] está un 16.5% por debajo de su máximo 52s. Fundamentalmente aceptable con ROE 13.9%, dividendo 3.3%. Técnicamente 🟡 MACD convergiendo, 🟡 Apoyo en MA40 semanal. Clasificación: descarte.","CWLTH BANK FPO [CBA] está un 16.5% por debajo de su máximo 52s. Fundamentalmente aceptable con ROE 13.9%, dividendo 3.3%. Técnicamente 🟡 MACD convergiendo, 🟡 Apoyo en MA40 semanal. Clasificación: descarte.",OK,
ORG.AX,ORIGIN ENE FPO [ORG],ASX,1.0,script-v2.0,1.0,2026-09-14T13:32:23.470693+02:00,54.1,56.1,94.0,23.0,0.0,4.0,48.0,30.0,18.0,4364907.0,2.41,3.4,,14.0,6.8,0.0843,False,88.4,81.8,False,11.14,4.7,True,True,False,Sin señales de recuperación,pass,descarte,pendiente,0.0,desconocido,Pendiente de implementar,ausente,eps_stabilization (media): EPS 0.91 vs 0.86 (annual_eps_fallback) | dividend_maintained (baja): Dividendo actual 5.15% con caída del 10.2%,razonable,descarte,10.9,11.36,10.90 - 11.36,11.04,11.08,11.04 - 11.08,Pérdida del soporte en 11.36 | ROE negativo durante 2 trimestres consecutivos | Ampliación de capital dilutiva | Recorte de rating a bono basura,6-12,"ORIGIN ENE FPO [ORG] está un 10.2% por debajo de su máximo 52s. Fundamentalmente aceptable con ROE 15.7%, deuda neta/EBITDA 2.4x. Técnicamente 🟡 MACD convergiendo, 🟢 Cerca de soporte. Clasificación: descarte.","ORIGIN ENE FPO [ORG] está un 10.2% por debajo de su máximo 52s. Fundamentalmente aceptable con ROE 15.7%, deuda neta/EBITDA 2.4x. Técnicamente 🟡 MACD convergiendo, 🟢 Cerca de soporte. Clasificación: descarte.",OK,
VZ,Verizon Communications Inc.,SP500,1.0,script-v2.0,1.0,2026-09-14T13:31:10.483052+02:00,53.6,53.8,89.0,23.0,0.0,9.0,53.0,35.0,18.0,26031256.0,3.76,-1.1,0.1,7.9,0.6,1.4299,False,84.8,61.0,False,45.35,11.6,True,True,False,,pass,descarte,pendiente,0.0,desconocido,Pendiente de implementar,parcial,margin_stabilization (media): Margen gross 61.8% vs 60.3% (+1.5 pp) | debt_reduction (alta): Deuda 193646.0M vs 195872.0M | dividend_maintained (baja): Dividendo actual 5.59% con caída del 2.1%,razonable,descarte,46.86,48.97,46.86 - 48.97,43.93,44.9,43.93 - 44.90,Pérdida del soporte en 48.97 | ROE negativo durante 2 trimestres consecutivos | Ampliación de capital dilutiva | Recorte de rating a bono basura,6-12,"Verizon Communications Inc. está un 2.1% por debajo de su máximo 52s. Fundamentalmente aceptable con ROE 15.8%, deuda neta/EBITDA 3.8x. Técnicamente 🟡 MACD convergiendo, 🟢 Cerca de soporte. Clasificación: descarte.","Verizon Communications Inc. está un 2.1% por debajo de su máximo 52s. Fundamentalmente aceptable con ROE 15.8%, deuda neta/EBITDA 3.8x. Técnicamente 🟡 MACD convergiendo, 🟢 Cerca de soporte. Clasificación: descarte.",OK,
UNH,UnitedHealth Group Incorporated,SP500,1.0,script-v2.0,1.0,2026-09-14T13:31:29.782827+02:00,53.5,61.6,100.0,28.0,0.0,9.0,29.0,29.0,0.0,5312277.0,1.57,-5.9,0.2,14.6,37.3,14.6261,False,10.4,33.0,False,352.97,7.4,False,False,True,,pass,pendiente_confirmacion,pendiente,0.0,desconocido,Pendiente de implementar,parcial,"debt_reduction (alta): Deuda 73328.0M vs 77917.0M | dividend_maintained (baja): Dividendo actual 2.45% con caída del 17.9% | analyst_upgrade (media): Target 475.23 vs precio 379.09 (+25%), recMean 1.56, recKey buy",incompleto,pendiente_confirmacion,351.59,379.09,351.59 - 379.09,350.8,392.38,350.80 - 392.38,Pérdida del soporte en 351.59 | ROE negativo durante 2 trimestres consecutivos | Ampliación de capital dilutiva | Recorte de rating a bono basura,6-12,"UnitedHealth Group Incorporated está un 17.9% por debajo de su máximo 52s. Fundamentalmente sólida con ROE 14.2%, deuda neta/EBITDA 1.6x. Técnicamente 🟢 Volumen creciente. Clasificación: pendiente_confirmacion.","UnitedHealth Group Incorporated está un 17.9% por debajo de su máximo 52s. Fundamentalmente sólida con ROE 14.2%, deuda neta/EBITDA 1.6x. Técnicamente 🟢 Volumen creciente. Clasificación: pendiente_confirmacion.",OK,
KER.PA,KERING,EUROSTOXX,1.0,script-v2.0,1.0,2026-09-14T13:30:12.120776+02:00,53.5,49.0,57.0,42.0,0.0,6.0,67.0,50.0,17.0,307131.0,3.75,-1.3,,15.72,31.3,-3.0012,False,34.3,26.4,False,261.07,-8.2,True,False,False,,pass,descarte,pendiente,0.0,desconocido,Pendiente de implementar,parcial,debt_reduction (alta): Deuda 17907.0M vs 18149.0M | dividend_maintained (baja): Dividendo actual 1.25% con caída del 32.4%,razonable,descarte,227.62,239.6,227.62 - 239.60,262.79,301.07,262.79 - 301.07,Pérdida del soporte en 227.62 | ROE negativo durante 2 trimestres consecutivos | Ampliación de capital dilutiva | Recorte de rating a bono basura,12-18,"KERING está un 32.4% por debajo de su máximo 52s. Fundamentalmente aceptable con ROE -1.6%, deuda neta/EBITDA 3.8x. Técnicamente 🔵 RSI recuperándose de sobreventa, 🟡 MACD convergiendo. Clasificación: descarte.","KERING está un 32.4% por debajo de su máximo 52s. Fundamentalmente aceptable con ROE -1.6%, deuda neta/EBITDA 3.8x. Técnicamente 🔵 RSI recuperándose de sobreventa, 🟡 MACD convergiendo. Clasificación: descarte.",OK,
NESTE.HE,Neste Corporation,EUROSTOXX,1.0,script-v2.0,1.0,2026-09-14T13:30:44.940842+02:00,53.4,55.2,100.0,16.0,0.0,12.0,48.0,30.0,18.0,1178329.0,1.33,-9.8,5.0,10.61,3.4,2.2264,False,71.1,72.1,False,26.45,24.4,True,True,False,,pass,descarte,pendiente,0.0,desconocido,Pendiente de implementar,confirmada,margin_stabilization (media): Margen gross 21.4% vs 19.4% (+2.0 pp) | eps_stabilization (media): EPS 0.99 vs 0.69 (Diluted EPS) | debt_reduction (alta): Deuda 4698.0M vs 5207.0M | dividend_maintained (baja): Dividendo actual 0.61% con caída del 3.4%,razonable,descarte,30.77,30.98,30.77 - 30.98,25.67,28.95,25.67 - 28.95,Pérdida del soporte en 30.77 | ROE negativo durante 2 trimestres consecutivos | Ampliación de capital dilutiva | Recorte de rating a bono basura,6-12,"Neste Corporation está un 3.4% por debajo de su máximo 52s. Fundamentalmente aceptable con ROE 19.4%, deuda neta/EBITDA 1.3x. Técnicamente 🟢 Cruce alcista MACD, 🟢 base_pattern_detected. Clasificación: descarte.","Neste Corporation está un 3.4% por debajo de su máximo 52s. Fundamentalmente aceptable con ROE 19.4%, deuda neta/EBITDA 1.3x. Técnicamente 🟢 Cruce alcista MACD, 🟢 base_pattern_detected. Clasificación: descarte.",OK,
META,"Meta Platforms, Inc.",SP500,1.0,script-v2.0,1.0,2026-09-14T13:32:05.011120+02:00,53.0,45.4,71.0,23.0,0.0,4.0,76.0,48.0,28.0,18264382.0,0.2,29.4,-0.0,15.26,18.3,-6.9581,True,86.3,88.9,False,619.49,4.6,True,True,False,Sin señales de recuperación,pass,descarte,pendiente,0.0,desconocido,Pendiente de implementar,ausente,margin_stabilization (media): Margen gross 81.4% vs 81.9% (-0.5 pp) | dividend_maintained (baja): Dividendo actual 0.32% con caída del 18.1%,fuerte,descarte,600.9,626.0,600.90 - 626.00,622.58,672.18,622.58 - 672.18,Pérdida del soporte en 626.00 | ROE negativo durante 2 trimestres consecutivos | Ampliación de capital dilutiva | Recorte de rating a bono basura,6-12,"Meta Platforms, Inc. está un 18.1% por debajo de su máximo 52s. Fundamentalmente aceptable con ROE 29.8%, deuda neta/EBITDA 0.2x. Técnicamente 🟢 Divergencia alcista RSI, 🟢 Volumen creciente. Clasificación: descarte.","Meta Platforms, Inc. está un 18.1% por debajo de su máximo 52s. Fundamentalmente aceptable con ROE 29.8%, deuda neta/EBITDA 0.2x. Técnicamente 🟢 Divergencia alcista RSI, 🟢 Volumen creciente. Clasificación: descarte.",OK,
0002.HK,CLP HOLDINGS,ASIA,1.0,script-v2.0,1.0,2026-09-14T13:32:48.851868+02:00,53.0,57.0,89.0,29.0,0.0,1.0,41.0,35.0,6.0,3373342.0,2.63,9.8,,11.4,1.4,1.8373,False,68.6,81.4,False,73.8,6.0,False,True,False,Sin señales de recuperación,pass,descarte,pendiente,0.0,desconocido,Pendiente de implementar,ausente,dividend_maintained (baja): Dividendo actual 4.09% con caída del 1.9%,incompleto,descarte,73.84,77.18,73.84 - 77.18,67.83,72.88,67.83 - 72.88,Pérdida del soporte en 73.84 | ROE negativo durante 2 trimestres consecutivos | Ampliación de capital dilutiva | Recorte de rating a bono basura,6-12,"CLP HOLDINGS está un 1.9% por debajo de su máximo 52s. Fundamentalmente aceptable con ROE 10.1%, deuda neta/EBITDA 2.6x. Técnicamente 🟢 Cruce alcista MACD, 🟡 trendline_break. Clasificación: descarte.","CLP HOLDINGS está un 1.9% por debajo de su máximo 52s. Fundamentalmente aceptable con ROE 10.1%, deuda neta/EBITDA 2.6x. Técnicamente 🟢 Cruce alcista MACD, 🟡 trendline_break. Clasificación: descarte.",OK,
BRK-B,Berkshire Hathaway Inc. New,SP500,1.0,script-v2.0,1.0,2026-09-14T13:31:29.157943+02:00,53.0,52.9,54.0,52.0,0.0,11.0,53.0,35.0,18.0,4451008.0,-1.81,-0.2,12.0,-1.79,5.8,5.2739,False,97.9,84.6,False,492.24,3.7,True,True,False,,pass,descarte,pendiente,0.0,desconocido,Pendiente de implementar,parcial,margin_stabilization (media): Margen operating 28.3% vs 14.8% (+13.5 pp) | eps_stabilization (media): EPS 11.91 vs 4.68 (Diluted EPS) | debt_reduction (alta): Deuda 128599.0M vs 128886.0M,razonable,descarte,482.73,503.85,482.73 - 503.85,457.08,492.51,457.08 - 492.51,Pérdida del soporte en 482.73 | ROE negativo durante 2 trimestres consecutivos | Ampliación de capital dilutiva | Recorte de rating a bono basura,6-12,"Berkshire Hathaway Inc. New está un 5.1% por debajo de su máximo 52s. Fundamentalmente aceptable con ROE 12.1%, deuda neta/EBITDA -1.8x. Técnicamente 🟢 Cruce alcista MACD, 🟢 base_pattern_detected. Clasificación: descarte.","Berkshire Hathaway Inc. New está un 5.1% por debajo de su máximo 52s. Fundamentalmente aceptable con ROE 12.1%, deuda neta/EBITDA -1.8x. Técnicamente 🟢 Cruce alcista MACD, 🟢 base_pattern_detected. Clasificación: descarte.",OK,
0941.HK,CHINA MOBILE,ASIA,1.0,script-v2.0,1.0,2026-09-14T13:32:54.944271+02:00,52.9,50.9,69.0,35.0,0.0,12.0,59.0,48.0,11.0,14766903.0,-0.86,-2.3,,5.74,4.8,0.5953,False,36.2,24.5,False,77.08,2.8,False,True,False,,pass,descarte,pendiente,0.0,desconocido,Pendiente de implementar,confirmada,"eps_stabilization (media): EPS 6.42 vs 6.15 (annual_eps_fallback) | debt_reduction (alta): Deuda 98828.0M vs 101197.0M | dividend_maintained (baja): Dividendo actual 6.84% con caída del 10.9% | analyst_upgrade (media): Target 97.23 vs precio 79.20 (+23%), recMean 1.60, recKey buy",razonable,descarte,78.21,78.78,78.21 - 78.78,75.56,77.41,75.56 - 77.41,Pérdida del soporte en 78.21 | ROE negativo durante 2 trimestres consecutivos | Ampliación de capital dilutiva | Recorte de rating a bono basura,6-12,"CHINA MOBILE está un 10.9% por debajo de su máximo 52s. Fundamentalmente aceptable con ROE 9.3%, deuda neta/EBITDA -0.9x. Técnicamente 🟢 Divergencia alcista RSI, 🟡 MACD convergiendo. Clasificación: descarte.","CHINA MOBILE está un 10.9% por debajo de su máximo 52s. Fundamentalmente aceptable con ROE 9.3%, deuda neta/EBITDA -0.9x. Técnicamente 🟢 Divergencia alcista RSI, 🟡 MACD convergiendo. Clasificación: descarte.",OK,
GD,General Dynamics Corporation,SP500,1.0,script-v2.0,1.0,2026-09-14T13:31:40.150013+02:00,52.9,47.2,100.0,1.0,0.0,12.0,70.0,53.0,17.0,1154214.0,0.78,-3.6,-0.0,15.27,11.0,8.5067,False,10.8,5.9,False,353.78,0.6,True,False,False,,pass,descarte,pendiente,0.0,desconocido,Pendiente de implementar,confirmada,margin_stabilization (media): Margen gross 15.5% vs 15.9% (-0.4 pp) | eps_stabilization (media): EPS 4.24 vs 4.10 (Diluted EPS) | debt_reduction (alta): Deuda 9479.0M vs 9832.0M | dividend_maintained (baja): Dividendo actual 1.79% con caída del 11.0%,fuerte,descarte,335.27,355.9,335.27 - 355.90,340.0,352.67,340.00 - 352.67,Pérdida del soporte en 335.27 | ROE negativo durante 2 trimestres consecutivos | Ampliación de capital dilutiva | Recorte de rating a bono basura,6-12,"General Dynamics Corporation está un 11.0% por debajo de su máximo 52s. Fundamentalmente aceptable con ROE 17.8%, deuda neta/EBITDA 0.8x. Técnicamente 🔵 RSI en sobreventa, 🟡 MACD convergiendo. Clasificación: descarte.","General Dynamics Corporation está un 11.0% por debajo de su máximo 52s. Fundamentalmente aceptable con ROE 17.8%, deuda neta/EBITDA 0.8x. Técnicamente 🔵 RSI en sobreventa, 🟡 MACD convergiendo. Clasificación: descarte.",OK,
TWE.AX,TREA WINE FPO [TWE],ASX,1.0,script-v2.0,1.0,2026-09-14T13:32:27.029633+02:00,52.8,59.7,56.0,63.0,0.0,11.0,32.0,32.0,0.0,3573817.0,,-9.2,,-6.71,56.5,0.1291,False,0.0,2.9,False,4.78,7.0,False,False,True,,pass,pendiente_confirmacion,pendiente,0.0,desconocido,Pendiente de implementar,parcial,"eps_stabilization (media): EPS 0.54 vs 0.13 (annual_eps_fallback) | debt_reduction (alta): Deuda 1996.7M vs 2198.6M | analyst_upgrade (media): Target 6.33 vs precio 5.11 (+24%), recMean 2.43, recKey buy",incompleto,pendiente_confirmacion,4.9,5.11,4.90 - 5.11,4.8,6.53,4.80 - 6.53,Pérdida del soporte en 4.90 | ROE negativo durante 2 trimestres consecutivos | Ampliación de capital dilutiva | Recorte de rating a bono basura,12-18,"TREA WINE FPO [TWE] está un 33.5% por debajo de su máximo 52s. Fundamentalmente aceptable con ROE -26.5%, D/E 0.60. Técnicamente 🟢 Cerca de soporte. Clasificación: pendiente_confirmacion.","TREA WINE FPO [TWE] está un 33.5% por debajo de su máximo 52s. Fundamentalmente aceptable con ROE -26.5%, D/E 0.60. Técnicamente 🟢 Cerca de soporte. Clasificación: pendiente_confirmacion.",OK,
EDP.LS,"EDP, SA",EUROSTOXX,1.0,script-v2.0,1.0,2026-09-14T13:30:42.172157+02:00,52.6,52.5,84.0,25.0,0.0,7.0,53.0,35.0,18.0,7967119.0,5.51,3.7,3.5,11.75,3.8,0.1356,False,29.2,66.1,False,4.32,7.8,True,True,False,,pass,descarte,pendiente,0.0,desconocido,Pendiente de implementar,parcial,margin_stabilization (media): Margen gross 39.7% vs 40.0% (-0.3 pp) | eps_stabilization (media): EPS 0.09 vs 0.09 (Diluted EPS) | dividend_maintained (baja): Dividendo actual 4.51% con caída del 3.8%,razonable,descarte,4.4,4.58,4.40 - 4.58,4.11,4.27,4.11 - 4.27,Pérdida del soporte en 4.40 | ROE negativo durante 2 trimestres consecutivos | Ampliación de capital dilutiva | Recorte de rating a bono basura,6-12,"EDP, SA está un 3.8% por debajo de su máximo 52s. Fundamentalmente aceptable con ROE 8.9%, deuda neta/EBITDA 5.5x. Técnicamente 🟢 Cruce alcista MACD, 🟢 base_pattern_detected. Clasificación: descarte.","EDP, SA está un 3.8% por debajo de su máximo 52s. Fundamentalmente aceptable con ROE 8.9%, deuda neta/EBITDA 5.5x. Técnicamente 🟢 Cruce alcista MACD, 🟢 base_pattern_detected. Clasificación: descarte.",OK,
AMT,American Tower Corporation (REI,SP500,1.0,script-v2.0,1.0,2026-09-14T13:31:52.475423+02:00,52.5,48.1,63.0,35.0,0.0,12.0,66.0,39.0,27.0,2876672.0,6.14,-0.3,-0.0,18.83,21.2,-0.9223,True,66.2,39.9,False,176.0,1.1,True,False,False,,pass,descarte,pendiente,0.0,desconocido,Pendiente de implementar,confirmada,"eps_stabilization (media): EPS 1.86 vs 1.84 (Diluted EPS) | debt_reduction (alta): Deuda 44979.9M vs 45131.2M | dividend_maintained (baja): Dividendo actual 3.92% con caída del 10.7% | analyst_upgrade (media): Target 215.70 vs precio 177.85 (+21%), recMean 1.52, recKey buy",razonable,descarte,168.4,171.68,168.40 - 171.68,169.26,175.36,169.26 - 175.36,Pérdida del soporte en 168.40 | ROE negativo durante 2 trimestres consecutivos | Ampliación de capital dilutiva | Recorte de rating a bono basura,6-12,"American Tower Corporation (REI está un 10.7% por debajo de su máximo 52s. Fundamentalmente aceptable con ROE 33.9%, deuda neta/EBITDA 6.1x. Técnicamente 🟢 Divergencia alcista RSI, 🟡 MACD convergiendo. Clasificación: descarte.","American Tower Corporation (REI está un 10.7% por debajo de su máximo 52s. Fundamentalmente aceptable con ROE 33.9%, deuda neta/EBITDA 6.1x. Técnicamente 🟢 Divergencia alcista RSI, 🟡 MACD convergiendo. Clasificación: descarte.",OK,
ZURN.SW,ZURICH INSURANCE N,EUROSTOXX,1.0,script-v2.0,1.0,2026-09-14T13:30:50.684871+02:00,52.5,55.4,97.0,19.0,0.0,9.0,44.0,44.0,0.0,238926.0,-1.5,-2.1,,6.26,5.1,12.3134,False,48.6,26.0,False,562.93,5.5,False,False,True,,pass,pendiente_confirmacion,pendiente,0.0,desconocido,Pendiente de implementar,parcial,eps_stabilization (media): EPS 47.20 vs 40.15 (annual_eps_fallback) | debt_reduction (alta): Deuda 15358.0M vs 15681.0M | dividend_maintained (baja): Dividendo actual 5.05% con caída del 5.1%,incompleto,pendiente_confirmacion,593.04,593.8,593.04 - 593.80,532.1,560.89,532.10 - 560.89,Pérdida del soporte en 593.04 | ROE negativo durante 2 trimestres consecutivos | Ampliación de capital dilutiva | Recorte de rating a bono basura,6-12,"ZURICH INSURANCE N está un 5.1% por debajo de su máximo 52s. Fundamentalmente aceptable con ROE 25.7%, deuda neta/EBITDA -1.5x. Técnicamente 🟢 Divergencia alcista RSI, 🟡 MACD convergiendo. Clasificación: pendiente_confirmacion.","ZURICH INSURANCE N está un 5.1% por debajo de su máximo 52s. Fundamentalmente aceptable con ROE 25.7%, deuda neta/EBITDA -1.5x. Técnicamente 🟢 Divergencia alcista RSI, 🟡 MACD convergiendo. Clasificación: pendiente_confirmacion.",OK,
GLE.PA,SOCIETE GENERALE,EUROSTOXX,1.0,script-v2.0,1.0,2026-09-14T13:30:11.921566+02:00,52.0,51.0,67.0,37.0,0.0,4.0,55.0,55.0,0.0,1661203.0,,117.1,,,13.4,2.2685,False,51.8,59.9,False,71.28,3.1,False,False,False,Sin señales de recuperación,pass,descarte,pendiente,0.0,desconocido,Pendiente de implementar,ausente,eps_stabilization (media): EPS 2.05 vs 1.88 (Diluted EPS) | dividend_maintained (baja): Dividendo actual 2.38% con caída del 13.4%,razonable,descarte,71.22,73.48,71.22 - 73.48,70.92,72.1,70.92 - 72.10,Pérdida del soporte en 71.22 | ROE negativo durante 2 trimestres consecutivos | Ampliación de capital dilutiva | Recorte de rating a bono basura,6-12,"SOCIETE GENERALE está un 13.4% por debajo de su máximo 52s. Fundamentalmente aceptable con ROE 9.5%, dividendo 2.4%. Técnicamente 🟢 Cruce alcista MACD, 🟢 Cerca de soporte. Clasificación: descarte.","SOCIETE GENERALE está un 13.4% por debajo de su máximo 52s. Fundamentalmente aceptable con ROE 9.5%, dividendo 2.4%. Técnicamente 🟢 Cruce alcista MACD, 🟢 Cerca de soporte. Clasificación: descarte.",OK,
ABI.BR,AB INBEV,EUROSTOXX,1.0,script-v2.0,1.0,2026-09-14T13:30:39.179903+02:00,51.9,59.8,95.0,29.0,0.0,12.0,28.0,28.0,0.0,1798126.0,3.28,-0.4,0.0,10.38,9.3,1.5131,False,79.2,39.7,False,65.38,5.7,False,False,True,,pass,pendiente_confirmacion,pendiente,0.0,desconocido,Pendiente de implementar,confirmada,margin_stabilization (media): Margen gross 57.5% vs 56.6% (+0.9 pp) | eps_stabilization (media): EPS 1.90 vs 1.30 (Diluted EPS) | debt_reduction (alta): Deuda 72732.0M vs 73027.0M | dividend_maintained (baja): Dividendo actual 1.66% con caída del 9.3%,incompleto,pendiente_confirmacion,68.46,69.1,68.46 - 69.10,64.56,64.75,64.56 - 64.75,Pérdida del soporte en 68.46 | ROE negativo durante 2 trimestres consecutivos | Ampliación de capital dilutiva | Recorte de rating a bono basura,6-12,"AB INBEV está un 9.3% por debajo de su máximo 52s. Fundamentalmente aceptable con ROE 11.4%, deuda neta/EBITDA 3.3x. Técnicamente 🟢 Cerca de soporte. Clasificación: pendiente_confirmacion.","AB INBEV está un 9.3% por debajo de su máximo 52s. Fundamentalmente aceptable con ROE 11.4%, deuda neta/EBITDA 3.3x. Técnicamente 🟢 Cerca de soporte. Clasificación: pendiente_confirmacion.",OK,
9433.T,KDDI CORPORATION,ASIA,1.0,script-v2.0,1.0,2026-09-14T13:32:32.611662+02:00,51.9,56.9,99.0,20.0,0.0,9.0,37.0,19.0,18.0,8855769.0,2.48,-1.9,,9.17,1.6,101.9785,False,89.0,91.4,False,2729.63,12.5,True,True,True,,pass,pendiente_confirmacion,pendiente,0.0,desconocido,Pendiente de implementar,parcial,eps_stabilization (media): EPS 51.33 vs 43.00 (Diluted EPS) | debt_reduction (alta): Deuda 5296146.1M vs 5397863.0M | dividend_maintained (baja): Dividendo actual 2.74% con caída del 1.6%,incompleto,pendiente_confirmacion,2838.5,2900.72,2838.50 - 2900.72,2652.85,2713.44,2652.85 - 2713.44,Pérdida del soporte en 2838.50 | ROE negativo durante 2 trimestres consecutivos | Ampliación de capital dilutiva | Recorte de rating a bono basura,6-12,"KDDI CORPORATION está un 1.6% por debajo de su máximo 52s. Fundamentalmente aceptable con ROE 14.6%, deuda neta/EBITDA 2.5x. Técnicamente 🟢 base_pattern_detected, 🟡 trendline_break. Clasificación: pendiente_confirmacion.","KDDI CORPORATION está un 1.6% por debajo de su máximo 52s. Fundamentalmente aceptable con ROE 14.6%, deuda neta/EBITDA 2.5x. Técnicamente 🟢 base_pattern_detected, 🟡 trendline_break. Clasificación: pendiente_confirmacion.",OK,
RWE.DE,RWE AG                        I,EUROSTOXX,1.0,script-v2.0,1.0,2026-09-14T13:30:01.961842+02:00,51.8,52.0,84.0,24.0,0.0,4.0,51.0,33.0,18.0,1549117.0,4.68,51.8,1.2,25.9,5.9,1.7777,False,25.4,55.0,False,54.68,5.9,True,True,False,Sin señales de recuperación,pass,descarte,pendiente,0.0,desconocido,Pendiente de implementar,ausente,eps_stabilization (media): EPS 2.16 vs 0.03 (Diluted EPS) | dividend_maintained (baja): Dividendo actual 2.07% con caída del 6.6%,razonable,descarte,55.4,57.58,55.40 - 57.58,52.7,53.97,52.70 - 53.97,Pérdida del soporte en 55.40 | ROE negativo durante 2 trimestres consecutivos | Ampliación de capital dilutiva | Recorte de rating a bono basura,6-12,"RWE AG                        I está un 6.6% por debajo de su máximo 52s. Fundamentalmente aceptable con ROE 8.5%, deuda neta/EBITDA 4.7x. Técnicamente 🟢 Cerca de soporte, 🟢 base_pattern_detected. Clasificación: descarte.","RWE AG                        I está un 6.6% por debajo de su máximo 52s. Fundamentalmente aceptable con ROE 8.5%, deuda neta/EBITDA 4.7x. Técnicamente 🟢 Cerca de soporte, 🟢 base_pattern_detected. Clasificación: descarte.",OK,
BARC.L,BARCLAYS PLC ORD 25P,EUROSTOXX,1.0,script-v2.0,1.0,2026-09-14T13:30:56.764028+02:00,51.7,53.9,63.0,46.0,0.0,4.0,45.0,45.0,0.0,38580055.0,,471.7,,,10.1,15.1571,False,31.2,43.7,False,467.69,3.5,False,False,False,Sin señales de recuperación,pass,descarte,pendiente,0.0,desconocido,Pendiente de implementar,ausente,eps_stabilization (media): EPS 0.17 vs 0.14 (Diluted EPS) | dividend_maintained (baja): Dividendo actual 0.02% con caída del 10.1%,razonable,descarte,440.93,483.95,440.93 - 483.95,457.55,466.07,457.55 - 466.07,Pérdida del soporte en 440.93 | ROE negativo durante 2 trimestres consecutivos | Ampliación de capital dilutiva | Recorte de rating a bono basura,6-12,"BARCLAYS PLC ORD 25P está un 10.1% por debajo de su máximo 52s. Fundamentalmente aceptable con ROE 10.1%, dividendo 0.0%. Técnicamente 🟢 Cruce alcista MACD. Clasificación: descarte.","BARCLAYS PLC ORD 25P está un 10.1% por debajo de su máximo 52s. Fundamentalmente aceptable con ROE 10.1%, dividendo 0.0%. Técnicamente 🟢 Cruce alcista MACD. Clasificación: descarte.",OK,
REN.AS,RELX,EUROSTOXX,1.0,script-v2.0,1.0,2026-09-14T13:30:28.981257+02:00,51.7,52.9,70.0,38.0,0.0,7.0,48.0,30.0,18.0,1119148.0,2.64,22.6,,18.07,36.8,-0.0532,False,66.7,27.5,False,29.63,3.7,True,True,False,,pass,descarte,pendiente,0.0,desconocido,Pendiente de implementar,parcial,"eps_stabilization (media): EPS 1.12 vs 1.03 (annual_eps_fallback) | dividend_maintained (baja): Dividendo actual 2.60% con caída del 25.4% | analyst_upgrade (media): Target 47.15 vs precio 30.72 (+53%), recKey none",razonable,descarte,28.92,30.07,28.92 - 30.07,29.81,35.02,29.81 - 35.02,Pérdida del soporte en 28.92 | ROE negativo durante 2 trimestres consecutivos | Ampliación de capital dilutiva | Recorte de rating a bono basura,12-18,"RELX está un 25.4% por debajo de su máximo 52s. Fundamentalmente aceptable con ROE 131.9%, deuda neta/EBITDA 2.6x. Técnicamente 🟡 MACD convergiendo, 🟢 base_pattern_detected. Clasificación: descarte.","RELX está un 25.4% por debajo de su máximo 52s. Fundamentalmente aceptable con ROE 131.9%, deuda neta/EBITDA 2.6x. Técnicamente 🟡 MACD convergiendo, 🟢 base_pattern_detected. Clasificación: descarte.",OK,
NOVN.SW,NOVARTIS N,EUROSTOXX,1.0,script-v2.0,1.0,2026-09-14T13:30:48.415859+02:00,51.6,50.5,90.0,16.0,0.0,7.0,55.0,50.0,5.0,2715892.0,1.79,4.3,0.2,11.03,13.2,1.3764,False,21.4,12.5,False,119.0,-3.3,False,False,False,,pass,descarte,pendiente,0.0,desconocido,Pendiente de implementar,parcial,margin_stabilization (media): Margen gross 75.2% vs 74.4% (+0.8 pp) | eps_stabilization (media): EPS 1.71 vs 1.65 (Diluted EPS) | dividend_maintained (baja): Dividendo actual 3.21% con caída del 13.2%,razonable,descarte,109.34,115.1,109.34 - 115.10,112.78,117.93,112.78 - 117.93,Pérdida del soporte en 109.34 | ROE negativo durante 2 trimestres consecutivos | Ampliación de capital dilutiva | Recorte de rating a bono basura,6-12,"NOVARTIS N está un 13.2% por debajo de su máximo 52s. Fundamentalmente aceptable con ROE 30.3%, deuda neta/EBITDA 1.8x. Técnicamente 🔵 RSI recuperándose de sobreventa, 🟡 MACD convergiendo. Clasificación: descarte.","NOVARTIS N está un 13.2% por debajo de su máximo 52s. Fundamentalmente aceptable con ROE 30.3%, deuda neta/EBITDA 1.8x. Técnicamente 🔵 RSI recuperándose de sobreventa, 🟡 MACD convergiendo. Clasificación: descarte.",OK,
BMY,Bristol-Myers Squibb Company,SP500,1.0,script-v2.0,1.0,2026-09-14T13:31:43.851645+02:00,51.5,51.7,88.0,20.0,0.0,12.0,51.0,27.0,24.0,11262520.0,1.8,-3.0,1.5,8.66,7.3,2.8465,False,7.4,3.9,True,58.36,9.0,True,True,False,,pass,descarte,pendiente,0.0,desconocido,Pendiente de implementar,confirmada,margin_stabilization (media): Margen gross 71.3% vs 70.2% (+1.1 pp) | eps_stabilization (media): EPS 1.62 vs 1.31 (Diluted EPS) | debt_reduction (alta): Deuda 45053.0M vs 46428.0M | dividend_maintained (baja): Dividendo actual 3.96% con caída del 7.3%,razonable,descarte,62.81,63.43,62.81 - 63.43,57.69,58.34,57.69 - 58.34,Pérdida del soporte en 62.81 | ROE negativo durante 2 trimestres consecutivos | Ampliación de capital dilutiva | Recorte de rating a bono basura,6-12,"Bristol-Myers Squibb Company está un 7.3% por debajo de su máximo 52s. Fundamentalmente aceptable con ROE 46.6%, deuda neta/EBITDA 1.8x. Técnicamente 🟢 Cerca de soporte, 🟢 Estocástico sale de sobreventa. Clasificación: descarte.","Bristol-Myers Squibb Company está un 7.3% por debajo de su máximo 52s. Fundamentalmente aceptable con ROE 46.6%, deuda neta/EBITDA 1.8x. Técnicamente 🟢 Cerca de soporte, 🟢 Estocástico sale de sobreventa. Clasificación: descarte.",OK,
MO,"Altria Group, Inc.",SP500,1.0,script-v2.0,1.0,2026-09-14T13:31:55.460642+02:00,51.5,52.3,79.0,29.0,0.0,9.0,49.0,37.0,12.0,8642361.0,1.41,-0.1,14.7,8.73,10.5,0.9183,False,59.5,55.8,False,66.08,4.4,True,False,False,,pass,descarte,pendiente,0.0,desconocido,Pendiente de implementar,parcial,eps_stabilization (media): EPS 1.37 vs 1.30 (Diluted EPS) | debt_reduction (alta): Deuda 24577.0M vs 24602.0M | dividend_maintained (baja): Dividendo actual 6.44% con caída del 10.5%,razonable,descarte,68.58,68.98,68.58 - 68.98,65.4,65.5,65.40 - 65.50,Pérdida del soporte en 68.58 | ROE negativo durante 2 trimestres consecutivos | Ampliación de capital dilutiva | Recorte de rating a bono basura,6-12,"Altria Group, Inc. está un 10.5% por debajo de su máximo 52s. Fundamentalmente aceptable con deuda neta/EBITDA 1.4x, dividendo 6.4%. Técnicamente 🟢 Divergencia alcista RSI, 🟢 Cerca de soporte. Clasificación: descarte.","Altria Group, Inc. está un 10.5% por debajo de su máximo 52s. Fundamentalmente aceptable con deuda neta/EBITDA 1.4x, dividendo 6.4%. Técnicamente 🟢 Divergencia alcista RSI, 🟢 Cerca de soporte. Clasificación: descarte.",OK,
CVX,Chevron Corporation,SP500,1.0,script-v2.0,1.0,2026-09-14T13:31:11.993071+02:00,51.3,53.1,100.0,12.0,0.0,12.0,46.0,28.0,18.0,8424051.0,0.56,-18.4,12.3,8.96,1.5,8.5151,False,82.9,83.6,False,181.38,18.0,True,True,False,,pass,descarte,pendiente,0.0,desconocido,Pendiente de implementar,confirmada,margin_stabilization (media): Margen gross 36.5% vs 28.4% (+8.1 pp) | eps_stabilization (media): EPS 6.11 vs 1.11 (Diluted EPS) | debt_reduction (alta): Deuda 37075.0M vs 45428.0M | dividend_maintained (baja): Dividendo actual 3.33% con caída del 1.5%,razonable,descarte,193.67,207.12,193.67 - 207.12,179.53,184.79,179.53 - 184.79,Pérdida del soporte en 207.12 | ROE negativo durante 2 trimestres consecutivos | Ampliación de capital dilutiva | Recorte de rating a bono basura,6-12,"Chevron Corporation está un 1.5% por debajo de su máximo 52s. Fundamentalmente aceptable con ROE 12.2%, deuda neta/EBITDA 0.6x. Técnicamente 🟢 Cerca de soporte, 🟢 base_pattern_detected. Clasificación: descarte.","Chevron Corporation está un 1.5% por debajo de su máximo 52s. Fundamentalmente aceptable con ROE 12.2%, deuda neta/EBITDA 0.6x. Técnicamente 🟢 Cerca de soporte, 🟢 base_pattern_detected. Clasificación: descarte.",OK,
ULVR.L,UNILEVER PLC ORD 3.5P,EUROSTOXX,1.0,script-v2.0,1.0,2026-09-14T13:30:53.494366+02:00,51.3,51.7,80.0,27.0,0.0,1.0,50.0,39.0,11.0,3631286.0,2.41,4.7,,11.61,15.6,17.2834,False,46.6,18.2,False,4652.06,0.6,False,True,False,Sin señales de recuperación,pass,descarte,pendiente,0.0,desconocido,Pendiente de implementar,ausente,dividend_maintained (baja): Dividendo actual 0.04% con caída del 15.6%,razonable,descarte,4510.31,4673.18,4510.31 - 4673.18,4659.73,4710.79,4659.73 - 4710.79,Pérdida del soporte en 4510.31 | ROE negativo durante 2 trimestres consecutivos | Ampliación de capital dilutiva | Recorte de rating a bono basura,6-12,"UNILEVER PLC ORD 3.5P está un 15.6% por debajo de su máximo 52s. Fundamentalmente aceptable con ROE 31.9%, deuda neta/EBITDA 2.4x. Técnicamente 🟡 MACD convergiendo, 🟢 Cerca de soporte. Clasificación: descarte.","UNILEVER PLC ORD 3.5P está un 15.6% por debajo de su máximo 52s. Fundamentalmente aceptable con ROE 31.9%, deuda neta/EBITDA 2.4x. Técnicamente 🟡 MACD convergiendo, 🟢 Cerca de soporte. Clasificación: descarte.",OK,
SPG,"Simon Property Group, Inc.",SP500,1.0,script-v2.0,1.0,2026-09-14T13:31:51.844639+02:00,51.2,44.0,68.0,23.0,0.0,7.0,73.0,62.0,11.0,1748812.0,5.54,1.6,-0.5,18.76,13.2,5.6642,False,6.6,4.1,True,199.17,2.8,False,False,False,,pass,descarte,pendiente,0.0,desconocido,Pendiente de implementar,parcial,margin_stabilization (media): Margen gross 83.1% vs 80.3% (+2.8 pp) | eps_stabilization (media): EPS 1.49 vs 1.48 (Diluted EPS) | dividend_maintained (baja): Dividendo actual 4.35% con caída del 14.1%,fuerte,descarte,195.39,204.83,195.39 - 204.83,197.92,202.72,197.92 - 202.72,Pérdida del soporte en 195.39 | ROE negativo durante 2 trimestres consecutivos | Ampliación de capital dilutiva | Recorte de rating a bono basura,6-12,"Simon Property Group, Inc. está un 14.1% por debajo de su máximo 52s. Fundamentalmente aceptable con ROE 120.5%, deuda neta/EBITDA 5.5x. Técnicamente 🔵 RSI en sobreventa, 🟡 MACD convergiendo. Clasificación: descarte.","Simon Property Group, Inc. está un 14.1% por debajo de su máximo 52s. Fundamentalmente aceptable con ROE 120.5%, deuda neta/EBITDA 5.5x. Técnicamente 🔵 RSI en sobreventa, 🟡 MACD convergiendo. Clasificación: descarte.",OK,
BDX,"Becton, Dickinson and Company",SP500,1.0,script-v2.0,1.0,2026-09-14T13:31:18.124249+02:00,51.0,51.6,82.0,25.0,0.0,12.0,49.0,25.0,24.0,2097535.0,2.63,-2.7,0.5,10.54,7.3,8.2837,False,15.8,13.9,True,159.19,11.7,True,True,False,,pass,descarte,pendiente,0.0,desconocido,Pendiente de implementar,confirmada,margin_stabilization (media): Margen gross 46.5% vs 45.7% (+0.8 pp) | eps_stabilization (media): EPS 1.37 vs -1.11 (Diluted EPS) | debt_reduction (alta): Deuda 16808.0M vs 17279.0M | dividend_maintained (baja): Dividendo actual 2.36% con caída del 7.9%,razonable,descarte,161.5,171.01,161.50 - 171.01,158.3,164.11,158.30 - 164.11,Pérdida del soporte en 161.50 | ROE negativo durante 2 trimestres consecutivos | Ampliación de capital dilutiva | Recorte de rating a bono basura,6-12,"Becton, Dickinson and Company está un 7.9% por debajo de su máximo 52s. Fundamentalmente aceptable con ROE 6.6%, deuda neta/EBITDA 2.6x. Técnicamente 🟡 MACD convergiendo, 🟢 Estocástico sale de sobreventa. Clasificación: descarte.","Becton, Dickinson and Company está un 7.9% por debajo de su máximo 52s. Fundamentalmente aceptable con ROE 6.6%, deuda neta/EBITDA 2.6x. Técnicamente 🟡 MACD convergiendo, 🟢 Estocástico sale de sobreventa. Clasificación: descarte.",OK,
PSA,Public Storage,SP500,1.0,script-v2.0,1.0,2026-09-14T13:31:54.011040+02:00,50.9,46.5,94.0,5.0,0.0,4.0,64.0,53.0,11.0,995882.0,2.89,1.5,1.9,19.33,14.0,4.9742,False,11.6,6.6,True,297.37,-0.3,False,False,False,Sin señales de recuperación,pass,descarte,pendiente,0.0,desconocido,Pendiente de implementar,ausente,margin_stabilization (media): Margen gross 72.1% vs 72.1% (+0.0 pp) | dividend_maintained (baja): Dividendo actual 4.05% con caída del 11.6%,razonable,descarte,261.06,296.5,261.06 - 296.50,285.22,295.23,285.22 - 295.23,Pérdida del soporte en 261.06 | ROE negativo durante 2 trimestres consecutivos | Ampliación de capital dilutiva | Recorte de rating a bono basura,6-12,"Public Storage está un 11.6% por debajo de su máximo 52s. Fundamentalmente aceptable con ROE 21.9%, deuda neta/EBITDA 2.9x. Técnicamente 🔵 RSI en sobreventa, 🟡 MACD convergiendo. Clasificación: descarte.","Public Storage está un 11.6% por debajo de su máximo 52s. Fundamentalmente aceptable con ROE 21.9%, deuda neta/EBITDA 2.9x. Técnicamente 🔵 RSI en sobreventa, 🟡 MACD convergiendo. Clasificación: descarte.",OK,
GALP.LS,GALP ENERGIA-NOM,EUROSTOXX,1.0,script-v2.0,1.0,2026-09-14T13:30:44.290356+02:00,50.8,54.7,100.0,15.0,0.0,7.0,39.0,21.0,18.0,1610832.0,0.68,5.4,15.5,5.66,1.5,0.9156,False,77.6,72.1,False,18.46,17.1,True,True,True,,pass,pendiente_confirmacion,pendiente,0.0,desconocido,Pendiente de implementar,parcial,margin_stabilization (media): Margen gross 19.6% vs 15.6% (+4.0 pp) | eps_stabilization (media): EPS 1.05 vs -0.15 (Diluted EPS) | dividend_maintained (baja): Dividendo actual 3.15% con caída del 2.9%,incompleto,pendiente_confirmacion,20.17,20.37,20.17 - 20.37,18.27,18.92,18.27 - 18.92,Pérdida del soporte en 20.37 | ROE negativo durante 2 trimestres consecutivos | Ampliación de capital dilutiva | Recorte de rating a bono basura,6-12,"GALP ENERGIA-NOM está un 2.9% por debajo de su máximo 52s. Fundamentalmente aceptable con ROE 24.9%, deuda neta/EBITDA 0.7x. Técnicamente 🟡 MACD convergiendo, 🟢 base_pattern_detected. Clasificación: pendiente_confirmacion.","GALP ENERGIA-NOM está un 2.9% por debajo de su máximo 52s. Fundamentalmente aceptable con ROE 24.9%, deuda neta/EBITDA 0.7x. Técnicamente 🟡 MACD convergiendo, 🟢 base_pattern_detected. Clasificación: pendiente_confirmacion.",OK,
SWK,"Stanley Black & Decker, Inc.",SP500,1.0,script-v2.0,1.0,2026-09-14T13:31:15.358008+02:00,50.8,53.0,85.0,25.0,0.0,12.0,44.0,44.0,0.0,1795811.0,2.58,-19.8,0.3,10.1,14.0,5.4595,False,10.4,7.1,False,81.89,9.0,False,False,True,,pass,pendiente_confirmacion,pendiente,0.0,desconocido,Pendiente de implementar,confirmada,margin_stabilization (media): Margen gross 33.0% vs 30.1% (+2.9 pp) | eps_stabilization (media): EPS 2.33 vs 0.39 (Diluted EPS) | debt_reduction (alta): Deuda 5211.5M vs 6501.2M | dividend_maintained (baja): Dividendo actual 3.77% con caída del 14.7%,incompleto,pendiente_confirmacion,88.82,89.24,88.82 - 89.24,80.96,88.98,80.96 - 88.98,Pérdida del soporte en 88.82 | ROE negativo durante 2 trimestres consecutivos | Ampliación de capital dilutiva | Recorte de rating a bono basura,6-12,"Stanley Black & Decker, Inc. está un 14.7% por debajo de su máximo 52s. Fundamentalmente aceptable con ROE 6.9%, deuda neta/EBITDA 2.6x. Técnicamente 🔵 RSI en sobreventa, 🟢 Cerca de soporte. Clasificación: pendiente_confirmacion.","Stanley Black & Decker, Inc. está un 14.7% por debajo de su máximo 52s. Fundamentalmente aceptable con ROE 6.9%, deuda neta/EBITDA 2.6x. Técnicamente 🔵 RSI en sobreventa, 🟢 Cerca de soporte. Clasificación: pendiente_confirmacion.",OK,
TXN,Texas Instruments Incorporated,SP500,1.0,script-v2.0,1.0,2026-09-14T13:32:06.566103+02:00,50.8,52.1,98.0,12.0,0.0,10.0,47.0,35.0,12.0,7714996.0,0.74,0.0,0.2,26.52,19.1,9.4558,False,81.6,63.7,False,243.22,10.5,True,False,False,,pass,descarte,pendiente,0.0,desconocido,Pendiente de implementar,parcial,"margin_stabilization (media): Margen gross 61.4% vs 58.0% (+3.3 pp) | eps_stabilization (media): EPS 2.14 vs 1.68 (Diluted EPS) | dividend_maintained (baja): Dividendo actual 2.11% con caída del 19.6% | analyst_upgrade (media): Target 324.71 vs precio 268.70 (+21%), recMean 2.08, recKey buy",razonable,descarte,209.56,268.7,209.56 - 268.70,239.63,283.93,239.63 - 283.93,Pérdida del soporte en 209.56 | ROE negativo durante 2 trimestres consecutivos | Ampliación de capital dilutiva | Recorte de rating a bono basura,6-12,"Texas Instruments Incorporated está un 19.6% por debajo de su máximo 52s. Fundamentalmente aceptable con ROE 35.2%, deuda neta/EBITDA 0.7x. Técnicamente 🟢 Cruce alcista MACD, 🟢 base_pattern_detected. Clasificación: descarte.","Texas Instruments Incorporated está un 19.6% por debajo de su máximo 52s. Fundamentalmente aceptable con ROE 35.2%, deuda neta/EBITDA 0.7x. Técnicamente 🟢 Cruce alcista MACD, 🟢 base_pattern_detected. Clasificación: descarte.",OK,
AEP,American Electric Power Company,SP500,1.0,script-v2.0,1.0,2026-09-14T13:31:48.415005+02:00,50.6,49.9,76.0,27.0,0.0,4.0,53.0,36.0,17.0,4368835.0,5.86,3.4,-14.2,13.43,11.6,-0.2267,False,52.1,56.0,False,125.8,-2.0,True,False,False,Sin señales de recuperación,pass,descarte,pendiente,0.0,desconocido,Pendiente de implementar,ausente,margin_stabilization (media): Margen gross 62.4% vs 58.0% (+4.4 pp) | dividend_maintained (baja): Dividendo actual 3.08% con caída del 12.3%,razonable,descarte,117.16,123.33,117.16 - 123.33,119.49,125.35,119.49 - 125.35,Pérdida del soporte en 117.16 | ROE negativo durante 2 trimestres consecutivos | Ampliación de capital dilutiva | Recorte de rating a bono basura,6-12,"American Electric Power Company está un 12.3% por debajo de su máximo 52s. Fundamentalmente aceptable con ROE 10.1%, deuda neta/EBITDA 5.9x. Técnicamente 🟡 Apoyo en MA40 semanal, 🟢 base_pattern_detected. Clasificación: descarte.","American Electric Power Company está un 12.3% por debajo de su máximo 52s. Fundamentalmente aceptable con ROE 10.1%, deuda neta/EBITDA 5.9x. Técnicamente 🟡 Apoyo en MA40 semanal, 🟢 base_pattern_detected. Clasificación: descarte.",OK,
CB,Chubb Limited,SP500,1.0,script-v2.0,1.0,2026-09-14T13:31:23.065891+02:00,50.6,54.5,86.0,27.0,0.0,7.0,39.0,39.0,0.0,1775738.0,1.15,43.2,-0.7,10.28,7.3,6.9492,False,36.6,31.8,False,326.99,3.4,False,False,True,,pass,pendiente_confirmacion,pendiente,0.0,desconocido,Pendiente de implementar,parcial,margin_stabilization (media): Margen operating 24.0% vs 21.5% (+2.4 pp) | eps_stabilization (media): EPS 7.30 vs 5.88 (Diluted EPS) | dividend_maintained (baja): Dividendo actual 1.21% con caída del 7.6%,incompleto,pendiente_confirmacion,337.18,338.25,337.18 - 338.25,311.02,325.18,311.02 - 325.18,Pérdida del soporte en 337.18 | ROE negativo durante 2 trimestres consecutivos | Ampliación de capital dilutiva | Recorte de rating a bono basura,6-12,"Chubb Limited está un 7.6% por debajo de su máximo 52s. Fundamentalmente aceptable con ROE 14.8%, deuda neta/EBITDA 1.1x. Técnicamente 🟡 MACD convergiendo, 🟢 Cerca de soporte. Clasificación: pendiente_confirmacion.","Chubb Limited está un 7.6% por debajo de su máximo 52s. Fundamentalmente aceptable con ROE 14.8%, deuda neta/EBITDA 1.1x. Técnicamente 🟡 MACD convergiendo, 🟢 Cerca de soporte. Clasificación: pendiente_confirmacion.",OK,
OR.PA,L'OREAL,EUROSTOXX,1.0,script-v2.0,1.0,2026-09-14T13:30:14.825234+02:00,50.5,52.7,97.0,14.0,0.0,1.0,44.0,39.0,5.0,343212.0,1.22,40.3,,20.77,5.1,4.1307,False,36.3,27.2,False,372.54,2.2,False,False,False,Sin señales de recuperación,pass,descarte,pendiente,0.0,desconocido,Pendiente de implementar,ausente,dividend_maintained (baja): Dividendo actual 1.89% con caída del 6.2%,incompleto,descarte,362.32,380.6,362.32 - 380.60,344.93,371.53,344.93 - 371.53,Pérdida del soporte en 362.32 | ROE negativo durante 2 trimestres consecutivos | Ampliación de capital dilutiva | Recorte de rating a bono basura,6-12,"L'OREAL está un 6.2% por debajo de su máximo 52s. Fundamentalmente aceptable con ROE 19.4%, deuda neta/EBITDA 1.2x. Técnicamente 🟡 MACD convergiendo, 🟢 Cerca de soporte. Clasificación: descarte.","L'OREAL está un 6.2% por debajo de su máximo 52s. Fundamentalmente aceptable con ROE 19.4%, deuda neta/EBITDA 1.2x. Técnicamente 🟡 MACD convergiendo, 🟢 Cerca de soporte. Clasificación: descarte.",OK,
9432.T,NTT INC,ASIA,1.0,script-v2.0,1.0,2026-09-14T13:32:32.486789+02:00,50.3,51.1,73.0,32.0,0.0,4.0,48.0,30.0,18.0,239787269.0,4.03,11.8,,7.99,0.3,5.8985,False,94.8,93.3,False,154.6,15.3,True,True,False,Sin señales de recuperación,pass,descarte,pendiente,0.0,desconocido,Pendiente de implementar,ausente,eps_stabilization (media): EPS 3.38 vs 3.14 (Diluted EPS) | dividend_maintained (baja): Dividendo actual 3.03% con caída del 0.3%,razonable,descarte,159.92,167.35,159.92 - 167.35,152.06,153.8,152.06 - 153.80,Pérdida del soporte en 167.35 | ROE negativo durante 2 trimestres consecutivos | Ampliación de capital dilutiva | Recorte de rating a bono basura,6-12,"NTT INC está un 0.3% por debajo de su máximo 52s. Fundamentalmente aceptable con ROE 10.7%, deuda neta/EBITDA 4.0x. Técnicamente 🟢 Cruce alcista MACD, 🟢 base_pattern_detected. Clasificación: descarte.","NTT INC está un 0.3% por debajo de su máximo 52s. Fundamentalmente aceptable con ROE 10.7%, deuda neta/EBITDA 4.0x. Técnicamente 🟢 Cruce alcista MACD, 🟢 base_pattern_detected. Clasificación: descarte.",OK,
BP.L,BP PLC $0.25,EUROSTOXX,1.0,script-v2.0,1.0,2026-09-14T13:30:51.482329+02:00,50.1,49.8,85.0,19.0,0.0,9.0,51.0,33.0,18.0,43661944.0,0.9,-2.0,8.5,3.6,6.0,13.0412,False,97.4,90.6,False,513.38,11.6,True,True,False,,pass,descarte,pendiente,0.0,desconocido,Pendiente de implementar,parcial,eps_stabilization (media): EPS 0.25 vs 0.25 (Diluted EPS) | debt_reduction (alta): Deuda 72693.0M vs 74178.0M | dividend_maintained (baja): Dividendo actual 0.04% con caída del 6.0%,razonable,descarte,528.8,571.57,528.80 - 571.57,507.81,517.99,507.81 - 517.99,Pérdida del soporte en 571.57 | ROE negativo durante 2 trimestres consecutivos | Ampliación de capital dilutiva | Recorte de rating a bono basura,6-12,"BP PLC $0.25 está un 6.0% por debajo de su máximo 52s. Fundamentalmente aceptable con ROE 8.9%, deuda neta/EBITDA 0.9x. Técnicamente 🟢 Divergencia alcista RSI, 🟢 Cerca de soporte. Clasificación: descarte.","BP PLC $0.25 está un 6.0% por debajo de su máximo 52s. Fundamentalmente aceptable con ROE 8.9%, deuda neta/EBITDA 0.9x. Técnicamente 🟢 Divergencia alcista RSI, 🟢 Cerca de soporte. Clasificación: descarte.",OK,
QCOM,QUALCOMM Incorporated,SP500,1.0,script-v2.0,1.0,2026-09-14T13:32:07.823592+02:00,50.0,57.3,100.0,20.0,0.0,6.0,28.0,28.0,0.0,14383574.0,0.58,-0.0,0.0,16.51,29.3,0.0114,False,88.4,79.9,False,167.53,8.6,False,False,True,,pass,pendiente_confirmacion,pendiente,0.0,desconocido,Pendiente de implementar,parcial,debt_reduction (alta): Deuda 15270.0M vs 15270.0M | dividend_maintained (baja): Dividendo actual 2.02% con caída del 30.0%,incompleto,pendiente_confirmacion,167.8,171.19,167.80 - 171.19,166.46,220.93,166.46 - 220.93,Pérdida del soporte en 171.19 | ROE negativo durante 2 trimestres consecutivos | Ampliación de capital dilutiva | Recorte de rating a bono basura,12-18,"QUALCOMM Incorporated está un 30.0% por debajo de su máximo 52s. Fundamentalmente aceptable con ROE 33.8%, deuda neta/EBITDA 0.6x. Técnicamente 🟢 Divergencia alcista RSI. Clasificación: pendiente_confirmacion.","QUALCOMM Incorporated está un 30.0% por debajo de su máximo 52s. Fundamentalmente aceptable con ROE 33.8%, deuda neta/EBITDA 0.6x. Técnicamente 🟢 Divergencia alcista RSI. Clasificación: pendiente_confirmacion.",OK,
BA,Boeing Company (The),SP500,1.0,script-v2.0,1.0,2026-09-14T13:31:41.705706+02:00,50.0,44.3,48.0,41.0,0.0,11.0,67.0,50.0,17.0,5565879.0,3.95,-11.2,-0.2,-67.39,17.3,-1.5504,False,54.4,20.5,False,222.39,-5.4,True,False,False,,pass,descarte,pendiente,0.0,desconocido,Pendiente de implementar,parcial,"margin_stabilization (media): Margen gross 11.5% vs 7.6% (+3.9 pp) | debt_reduction (alta): Deuda 48362.0M vs 54433.0M | analyst_upgrade (media): Target 274.85 vs precio 210.45 (+31%), recMean 1.54, recKey buy",razonable,descarte,187.72,210.45,187.72 - 210.45,216.2,220.74,216.20 - 220.74,Pérdida del soporte en 187.72 | ROE negativo durante 2 trimestres consecutivos | Ampliación de capital dilutiva | Recorte de rating a bono basura,6-12,"Boeing Company (The) está un 17.3% por debajo de su máximo 52s. Fundamentalmente aceptable con ROE 173.5%, deuda neta/EBITDA 4.0x. Técnicamente 🔵 RSI recuperándose de sobreventa, 🟡 MACD convergiendo. Clasificación: descarte.","Boeing Company (The) está un 17.3% por debajo de su máximo 52s. Fundamentalmente aceptable con ROE 173.5%, deuda neta/EBITDA 4.0x. Técnicamente 🔵 RSI recuperándose de sobreventa, 🟡 MACD convergiendo. Clasificación: descarte.",OK,
RTX,RTX Corporation,SP500,1.0,script-v2.0,1.0,2026-09-14T13:31:39.246514+02:00,49.9,44.9,95.0,1.0,0.0,12.0,65.0,48.0,17.0,4722175.0,1.92,-0.2,-0.0,18.8,12.7,6.5871,False,8.0,6.6,False,193.73,2.0,True,False,False,,pass,descarte,pendiente,0.0,desconocido,Pendiente de implementar,confirmada,margin_stabilization (media): Margen gross 20.8% vs 20.8% (-0.0 pp) | eps_stabilization (media): EPS 1.57 vs 1.51 (Diluted EPS) | debt_reduction (alta): Deuda 38856.0M vs 38935.0M | dividend_maintained (baja): Dividendo actual 1.48% con caída del 12.9%,razonable,descarte,181.55,197.68,181.55 - 197.68,192.36,192.85,192.36 - 192.85,Pérdida del soporte en 181.55 | ROE negativo durante 2 trimestres consecutivos | Ampliación de capital dilutiva | Recorte de rating a bono basura,6-12,"RTX Corporation está un 12.9% por debajo de su máximo 52s. Fundamentalmente aceptable con ROE 12.3%, deuda neta/EBITDA 1.9x. Técnicamente 🔵 RSI en sobreventa, 🟡 MACD convergiendo. Clasificación: descarte.","RTX Corporation está un 12.9% por debajo de su máximo 52s. Fundamentalmente aceptable con ROE 12.3%, deuda neta/EBITDA 1.9x. Técnicamente 🔵 RSI en sobreventa, 🟡 MACD convergiendo. Clasificación: descarte.",OK,
O,Realty Income Corporation,SP500,1.0,script-v2.0,1.0,2026-09-14T13:31:51.044757+02:00,49.7,43.6,66.0,24.0,0.0,7.0,68.0,45.0,23.0,5575572.0,5.74,3.8,0.2,16.7,10.6,0.3537,False,8.1,4.1,True,60.98,-2.4,True,False,False,,pass,descarte,pendiente,0.0,desconocido,Pendiente de implementar,parcial,margin_stabilization (media): Margen gross 92.1% vs 91.9% (+0.2 pp) | eps_stabilization (media): EPS 0.37 vs 0.33 (Diluted EPS) | dividend_maintained (baja): Dividendo actual 5.48% con caída del 12.4%,razonable,descarte,56.52,59.5,56.52 - 59.50,57.75,60.66,57.75 - 60.66,Pérdida del soporte en 56.52 | ROE negativo durante 2 trimestres consecutivos | Ampliación de capital dilutiva | Recorte de rating a bono basura,6-12,"Realty Income Corporation está un 12.4% por debajo de su máximo 52s. Fundamentalmente aceptable con ROE 3.2%, deuda neta/EBITDA 5.7x. Técnicamente 🔵 RSI en sobreventa, 🟢 Estocástico sale de sobreventa. Clasificación: descarte.","Realty Income Corporation está un 12.4% por debajo de su máximo 52s. Fundamentalmente aceptable con ROE 3.2%, deuda neta/EBITDA 5.7x. Técnicamente 🔵 RSI en sobreventa, 🟢 Estocástico sale de sobreventa. Clasificación: descarte.",OK,
TEN.MI,TENARIS,EUROSTOXX,1.0,script-v2.0,1.0,2026-09-14T13:30:38.109248+02:00,49.5,51.0,83.0,23.0,0.0,6.0,45.0,33.0,12.0,1365243.0,-0.85,-5.6,4.6,8.32,11.6,0.4579,False,79.6,79.6,False,22.95,7.1,True,False,False,,pass,descarte,pendiente,0.0,desconocido,Pendiente de implementar,parcial,debt_reduction (alta): Deuda 447.0M vs 473.5M | dividend_maintained (baja): Dividendo actual 4.19% con caída del 11.6%,razonable,descarte,23.63,24.02,23.63 - 24.02,22.66,23.65,22.66 - 23.65,Pérdida del soporte en 23.63 | ROE negativo durante 2 trimestres consecutivos | Ampliación de capital dilutiva | Recorte de rating a bono basura,6-12,"TENARIS está un 11.6% por debajo de su máximo 52s. Fundamentalmente aceptable con ROE 11.6%, deuda neta/EBITDA -0.8x. Técnicamente 🟢 Divergencia alcista RSI, 🟢 Cerca de soporte. Clasificación: descarte.","TENARIS está un 11.6% por debajo de su máximo 52s. Fundamentalmente aceptable con ROE 11.6%, deuda neta/EBITDA -0.8x. Técnicamente 🟢 Divergencia alcista RSI, 🟢 Cerca de soporte. Clasificación: descarte.",OK,
D,"Dominion Energy, Inc.",SP500,1.0,script-v2.0,1.0,2026-09-14T13:31:49.749911+02:00,49.5,41.7,70.0,17.0,0.0,4.0,73.0,68.0,5.0,4727725.0,6.43,4.2,-0.0,13.9,10.9,1.1324,False,11.1,23.8,False,63.28,1.7,False,False,False,Sin señales de recuperación,pass,descarte,pendiente,0.0,desconocido,Pendiente de implementar,ausente,margin_stabilization (media): Margen gross 45.7% vs 44.2% (+1.6 pp) | dividend_maintained (baja): Dividendo actual 4.15% con caída del 11.8%,fuerte,descarte,60.03,64.36,60.03 - 64.36,62.04,62.96,62.04 - 62.96,Pérdida del soporte en 60.03 | ROE negativo durante 2 trimestres consecutivos | Ampliación de capital dilutiva | Recorte de rating a bono basura,6-12,"Dominion Energy, Inc. está un 11.8% por debajo de su máximo 52s. Fundamentalmente aceptable con ROE 8.3%, deuda neta/EBITDA 6.4x. Técnicamente 🔵 RSI en sobreventa, 🟢 Cruce alcista MACD. Clasificación: descarte.","Dominion Energy, Inc. está un 11.8% por debajo de su máximo 52s. Fundamentalmente aceptable con ROE 8.3%, deuda neta/EBITDA 6.4x. Técnicamente 🔵 RSI en sobreventa, 🟢 Cruce alcista MACD. Clasificación: descarte.",OK,
XOM,ExxonMobil Holdings Corporation,SP500,1.0,script-v2.0,1.0,2026-09-14T13:31:11.834894+02:00,49.5,53.1,100.0,12.0,0.0,12.0,39.0,21.0,18.0,15380395.0,0.47,-11.1,9.3,10.61,4.7,5.9183,False,88.5,77.9,False,145.31,14.2,True,True,True,,pass,pendiente_confirmacion,pendiente,0.0,desconocido,Pendiente de implementar,confirmada,margin_stabilization (media): Margen gross 22.5% vs 16.7% (+5.8 pp) | eps_stabilization (media): EPS 3.48 vs 1.00 (Diluted EPS) | debt_reduction (alta): Deuda 42368.0M vs 47661.0M | dividend_maintained (baja): Dividendo actual 2.48% con caída del 5.9%,incompleto,pendiente_confirmacion,144.43,154.57,144.43 - 154.57,144.05,149.95,144.05 - 149.95,Pérdida del soporte en 144.43 | ROE negativo durante 2 trimestres consecutivos | Ampliación de capital dilutiva | Recorte de rating a bono basura,6-12,"ExxonMobil Holdings Corporation está un 5.9% por debajo de su máximo 52s. Fundamentalmente aceptable con ROE 12.6%, deuda neta/EBITDA 0.5x. Técnicamente 🟡 MACD convergiendo, 🟢 base_pattern_detected. Clasificación: pendiente_confirmacion.","ExxonMobil Holdings Corporation está un 5.9% por debajo de su máximo 52s. Fundamentalmente aceptable con ROE 12.6%, deuda neta/EBITDA 0.5x. Técnicamente 🟡 MACD convergiendo, 🟢 base_pattern_detected. Clasificación: pendiente_confirmacion.",OK,
CSCO,"Cisco Systems, Inc.",SP500,1.0,script-v2.0,1.0,2026-09-14T13:31:32.578277+02:00,49.0,46.7,100.0,0.0,0.0,15.0,56.0,44.0,12.0,21197024.0,0.82,-0.4,-0.0,24.53,13.7,6.1114,False,85.3,40.3,False,96.02,16.8,True,False,False,,pass,descarte,pendiente,0.0,desconocido,Pendiente de implementar,confirmada,"margin_stabilization (media): Margen gross 64.1% vs 63.6% (+0.5 pp) | eps_stabilization (media): EPS 0.97 vs 0.85 (Diluted EPS) | debt_reduction (alta): Deuda 31185.0M vs 31303.0M | dividend_maintained (baja): Dividendo actual 1.50% con caída del 14.0% | analyst_upgrade (media): Target 137.62 vs precio 112.13 (+23%), recMean 1.82, recKey buy",razonable,descarte,111.95,112.13,111.95 - 112.13,94.92,110.81,94.92 - 110.81,Pérdida del soporte en 111.95 | ROE negativo durante 2 trimestres consecutivos | Ampliación de capital dilutiva | Recorte de rating a bono basura,6-12,"Cisco Systems, Inc. está un 14.0% por debajo de su máximo 52s. Fundamentalmente aceptable con ROE 27.3%, deuda neta/EBITDA 0.8x. Técnicamente 🟢 Cruce alcista MACD, 🟢 Cerca de soporte. Clasificación: descarte.","Cisco Systems, Inc. está un 14.0% por debajo de su máximo 52s. Fundamentalmente aceptable con ROE 27.3%, deuda neta/EBITDA 0.8x. Técnicamente 🟢 Cruce alcista MACD, 🟢 Cerca de soporte. Clasificación: descarte.",OK,
CSL.AX,CSL FPO [CSL],ASX,1.0,script-v2.0,1.0,2026-09-14T13:32:09.313881+02:00,48.7,52.9,78.0,31.0,0.0,6.0,36.0,30.0,6.0,1527142.0,1.85,-8.9,-1.0,17.91,41.1,6.5824,False,62.2,37.8,False,139.57,22.9,False,True,True,,pass,pendiente_confirmacion,pendiente,0.0,desconocido,Pendiente de implementar,parcial,debt_reduction (alta): Deuda 10896.0M vs 11964.0M | dividend_maintained (baja): Dividendo actual 2.38% con caída del 22.9%,incompleto,pendiente_confirmacion,142.37,168.53,142.37 - 168.53,140.58,189.1,140.58 - 189.10,Pérdida del soporte en 168.53 | ROE negativo durante 2 trimestres consecutivos | Ampliación de capital dilutiva | Recorte de rating a bono basura,6-12,"CSL FPO [CSL] está un 22.9% por debajo de su máximo 52s. Fundamentalmente aceptable con ROE -15.8%, deuda neta/EBITDA 1.9x. Técnicamente 🟡 MACD convergiendo, 🟢 Cerca de soporte. Clasificación: pendiente_confirmacion.","CSL FPO [CSL] está un 22.9% por debajo de su máximo 52s. Fundamentalmente aceptable con ROE -15.8%, deuda neta/EBITDA 1.9x. Técnicamente 🟡 MACD convergiendo, 🟢 Cerca de soporte. Clasificación: pendiente_confirmacion.",OK,
WDS.AX,WOODSIDE FPO [WDS],ASX,1.0,script-v2.0,1.0,2026-09-14T13:32:20.170777+02:00,48.5,48.7,86.0,16.0,0.0,6.0,48.0,30.0,18.0,4904210.0,1.15,-0.4,,9.68,5.4,1.1995,False,87.9,79.4,False,29.01,14.0,True,True,False,,pass,descarte,pendiente,0.0,desconocido,Pendiente de implementar,parcial,debt_reduction (alta): Deuda 13668.0M vs 13722.0M | dividend_maintained (baja): Dividendo actual 4.93% con caída del 7.6%,razonable,descarte,29.58,31.3,29.58 - 31.30,28.62,30.45,28.62 - 30.45,Pérdida del soporte en 29.58 | ROE negativo durante 2 trimestres consecutivos | Ampliación de capital dilutiva | Recorte de rating a bono basura,6-12,"WOODSIDE FPO [WDS] está un 7.6% por debajo de su máximo 52s. Fundamentalmente aceptable con ROE 7.7%, deuda neta/EBITDA 1.1x. Técnicamente 🟢 Cruce alcista MACD, 🟢 base_pattern_detected. Clasificación: descarte.","WOODSIDE FPO [WDS] está un 7.6% por debajo de su máximo 52s. Fundamentalmente aceptable con ROE 7.7%, deuda neta/EBITDA 1.1x. Técnicamente 🟢 Cruce alcista MACD, 🟢 base_pattern_detected. Clasificación: descarte.",OK,
SHW,Sherwin-Williams Company (The),SP500,1.0,script-v2.0,1.0,2026-09-14T13:31:23.809133+02:00,48.5,43.3,70.0,20.0,0.0,10.0,64.0,47.0,17.0,2122372.0,3.13,9.0,0.0,19.7,18.0,2.4816,False,19.7,9.2,False,332.73,-2.8,True,False,False,,pass,descarte,pendiente,0.0,desconocido,Pendiente de implementar,parcial,"margin_stabilization (media): Margen gross 49.2% vs 49.1% (+0.1 pp) | eps_stabilization (media): EPS 3.43 vs 2.15 (Diluted EPS) | dividend_maintained (baja): Dividendo actual 0.99% con caída del 14.4% | analyst_upgrade (media): Target 391.00 vs precio 323.31 (+21%), recMean 2.00, recKey buy",razonable,descarte,302.92,323.31,302.92 - 323.31,321.1,332.52,321.10 - 332.52,Pérdida del soporte en 302.92 | ROE negativo durante 2 trimestres consecutivos | Ampliación de capital dilutiva | Recorte de rating a bono basura,6-12,"Sherwin-Williams Company (The) está un 14.4% por debajo de su máximo 52s. Fundamentalmente aceptable con ROE 65.1%, deuda neta/EBITDA 3.1x. Técnicamente 🟡 MACD convergiendo, 🟡 Apoyo en MA40 semanal. Clasificación: descarte.","Sherwin-Williams Company (The) está un 14.4% por debajo de su máximo 52s. Fundamentalmente aceptable con ROE 65.1%, deuda neta/EBITDA 3.1x. Técnicamente 🟡 MACD convergiendo, 🟡 Apoyo en MA40 semanal. Clasificación: descarte.",OK,
ACA.PA,CREDIT AGRICOLE,EUROSTOXX,1.0,script-v2.0,1.0,2026-09-14T13:30:22.725287+02:00,48.4,50.9,69.0,35.0,0.0,4.0,41.0,41.0,0.0,4429547.0,,101.4,,,9.4,0.7203,False,29.5,35.7,False,17.03,8.5,False,False,False,Sin señales de recuperación,pass,descarte,pendiente,0.0,desconocido,Pendiente de implementar,ausente,eps_stabilization (media): EPS 0.59 vs 0.52 (Diluted EPS) | dividend_maintained (baja): Dividendo actual 9.20% con caída del 9.4%,incompleto,descarte,18.26,18.49,18.26 - 18.49,16.94,17.34,16.94 - 17.34,Pérdida del soporte en 18.26 | ROE negativo durante 2 trimestres consecutivos | Ampliación de capital dilutiva | Recorte de rating a bono basura,6-12,"CREDIT AGRICOLE está un 9.4% por debajo de su máximo 52s. Fundamentalmente aceptable con ROE 8.6%, dividendo 9.2%. Técnicamente 🟡 MACD convergiendo, 🟢 Cerca de soporte. Clasificación: descarte.","CREDIT AGRICOLE está un 9.4% por debajo de su máximo 52s. Fundamentalmente aceptable con ROE 8.6%, dividendo 9.2%. Técnicamente 🟡 MACD convergiendo, 🟢 Cerca de soporte. Clasificación: descarte.",OK,
FDX,FedEx Corporation,SP500,1.0,script-v2.0,1.0,2026-09-14T13:31:38.078575+02:00,48.3,50.8,86.0,20.0,0.0,7.0,41.0,41.0,0.0,1768596.0,2.48,2.2,5.6,8.71,9.3,11.0716,False,15.3,10.6,False,296.92,5.1,False,False,True,,pass,pendiente_confirmacion,pendiente,0.0,desconocido,Pendiente de implementar,parcial,margin_stabilization (media): Margen gross 22.7% vs 21.3% (+1.3 pp) | eps_stabilization (media): EPS 6.60 vs 4.41 (Diluted EPS) | dividend_maintained (baja): Dividendo actual 1.56% con caída del 9.7%,incompleto,pendiente_confirmacion,305.08,311.99,305.08 - 311.99,292.43,293.56,292.43 - 293.56,Pérdida del soporte en 305.08 | ROE negativo durante 2 trimestres consecutivos | Ampliación de capital dilutiva | Recorte de rating a bono basura,6-12,"FedEx Corporation está un 9.7% por debajo de su máximo 52s. Fundamentalmente aceptable con ROE 14.8%, deuda neta/EBITDA 2.5x. Técnicamente 🟡 MACD convergiendo, 🟢 Cerca de soporte. Clasificación: pendiente_confirmacion.","FedEx Corporation está un 9.7% por debajo de su máximo 52s. Fundamentalmente aceptable con ROE 14.8%, deuda neta/EBITDA 2.5x. Técnicamente 🟡 MACD convergiendo, 🟢 Cerca de soporte. Clasificación: pendiente_confirmacion.",OK,
CA.PA,CARREFOUR,EUROSTOXX,1.0,script-v2.0,1.0,2026-09-14T13:30:08.272926+02:00,48.1,53.1,67.0,41.0,0.0,1.0,33.0,15.0,18.0,2084133.0,4.63,316.0,,8.05,1.1,0.4393,False,83.8,77.4,False,15.09,9.4,True,True,False,Sin señales de recuperación,pass,descarte,pendiente,0.0,desconocido,Pendiente de implementar,ausente,dividend_maintained (baja): Dividendo actual 5.88% con caída del 5.9%,incompleto,descarte,15.51,16.04,15.51 - 16.04,14.91,14.93,14.91 - 14.93,Pérdida del soporte en 15.51 | ROE negativo durante 2 trimestres consecutivos | Ampliación de capital dilutiva | Recorte de rating a bono basura,6-12,"CARREFOUR está un 5.9% por debajo de su máximo 52s. Fundamentalmente aceptable con ROE 8.4%, deuda neta/EBITDA 4.6x. Técnicamente 🟢 base_pattern_detected, 🟡 trendline_break. Clasificación: descarte.","CARREFOUR está un 5.9% por debajo de su máximo 52s. Fundamentalmente aceptable con ROE 8.4%, deuda neta/EBITDA 4.6x. Técnicamente 🟢 base_pattern_detected, 🟡 trendline_break. Clasificación: descarte.",OK,
DGE.L,DIAGEO PLC ORD 28 101/108P,EUROSTOXX,1.0,script-v2.0,1.0,2026-09-14T13:31:00.907591+02:00,48.0,45.1,76.0,18.0,0.0,9.0,57.0,39.0,18.0,4974718.0,3.18,-5.6,,9.05,38.1,18.9976,False,42.1,22.6,False,1593.53,3.9,True,True,False,,pass,descarte,pendiente,0.0,desconocido,Pendiente de implementar,parcial,"debt_reduction (alta): Deuda 22196.0M vs 23512.0M | dividend_maintained (baja): Dividendo actual 0.03% con caída del 13.0% | analyst_upgrade (media): Target 2000.12 vs precio 1655.50 (+21%), recMean 2.00, recKey buy",razonable,descarte,1618.0,1644.59,1618.00 - 1644.59,1594.35,1618.32,1594.35 - 1618.32,Pérdida del soporte en 1618.00 | ROE negativo durante 2 trimestres consecutivos | Ampliación de capital dilutiva | Recorte de rating a bono basura,6-12,"DIAGEO PLC ORD 28 101/108P está un 13.0% por debajo de su máximo 52s. Fundamentalmente aceptable con ROE 15.0%, deuda neta/EBITDA 3.2x. Técnicamente 🟡 MACD convergiendo, 🟢 Cerca de soporte. Clasificación: descarte.","DIAGEO PLC ORD 28 101/108P está un 13.0% por debajo de su máximo 52s. Fundamentalmente aceptable con ROE 15.0%, deuda neta/EBITDA 3.2x. Técnicamente 🟡 MACD convergiendo, 🟢 Cerca de soporte. Clasificación: descarte.",OK,
ADP,"Automatic Data Processing, Inc.",SP500,1.0,script-v2.0,1.0,2026-09-14T13:31:16.909696+02:00,47.7,49.9,99.0,7.0,0.0,1.0,41.0,35.0,6.0,2465970.0,0.2,28.4,2.3,16.82,15.5,13.0773,False,22.1,11.4,False,233.72,14.8,False,True,False,Sin señales de recuperación,pass,descarte,pendiente,0.0,desconocido,Pendiente de implementar,ausente,dividend_maintained (baja): Dividendo actual 2.53% con caída del 9.0%,incompleto,descarte,263.56,263.84,263.56 - 263.84,233.87,250.69,233.87 - 250.69,Pérdida del soporte en 263.84 | ROE negativo durante 2 trimestres consecutivos | Ampliación de capital dilutiva | Recorte de rating a bono basura,6-12,"Automatic Data Processing, Inc. está un 9.0% por debajo de su máximo 52s. Fundamentalmente aceptable con ROE 72.2%, deuda neta/EBITDA 0.2x. Técnicamente 🟡 MACD convergiendo, 🟢 Cerca de soporte. Clasificación: descarte.","Automatic Data Processing, Inc. está un 9.0% por debajo de su máximo 52s. Fundamentalmente aceptable con ROE 72.2%, deuda neta/EBITDA 0.2x. Técnicamente 🟡 MACD convergiendo, 🟢 Cerca de soporte. Clasificación: descarte.",OK,
FORTUM.HE,Fortum Corporation,EUROSTOXX,1.0,script-v2.0,1.0,2026-09-14T13:30:45.100217+02:00,47.7,45.9,95.0,3.0,0.0,6.0,53.0,35.0,18.0,1002148.0,1.36,-1.0,0.2,18.27,9.2,0.7143,False,60.2,67.3,False,20.11,16.7,True,True,False,,pass,descarte,pendiente,0.0,desconocido,Pendiente de implementar,parcial,debt_reduction (alta): Deuda 3906.0M vs 3947.0M | dividend_maintained (baja): Dividendo actual 3.15% con caída del 9.2%,razonable,descarte,19.8,20.34,19.80 - 20.34,19.81,21.96,19.81 - 21.96,Pérdida del soporte en 19.80 | ROE negativo durante 2 trimestres consecutivos | Ampliación de capital dilutiva | Recorte de rating a bono basura,6-12,"Fortum Corporation está un 9.2% por debajo de su máximo 52s. Fundamentalmente aceptable con ROE 10.0%, deuda neta/EBITDA 1.4x. Técnicamente 🟢 Divergencia alcista RSI, 🟢 Volumen creciente. Clasificación: descarte.","Fortum Corporation está un 9.2% por debajo de su máximo 52s. Fundamentalmente aceptable con ROE 10.0%, deuda neta/EBITDA 1.4x. Técnicamente 🟢 Divergencia alcista RSI, 🟢 Volumen creciente. Clasificación: descarte.",OK,
KPN.AS,KPN KON,EUROSTOXX,1.0,script-v2.0,1.0,2026-09-14T13:30:26.405400+02:00,47.6,43.8,71.0,20.0,0.0,4.0,59.0,44.0,15.0,10287256.0,2.85,3.9,-15.1,9.28,11.3,-0.0453,True,93.4,68.1,False,4.24,-1.6,False,False,False,Sin señales de recuperación,pass,descarte,pendiente,0.0,desconocido,Pendiente de implementar,ausente,margin_stabilization (media): Margen gross 67.9% vs 68.1% (-0.2 pp) | dividend_maintained (baja): Dividendo actual 4.55% con caída del 14.9%,razonable,descarte,4.06,4.11,4.06 - 4.11,4.17,4.22,4.17 - 4.22,Pérdida del soporte en 4.06 | ROE negativo durante 2 trimestres consecutivos | Ampliación de capital dilutiva | Recorte de rating a bono basura,6-12,"KPN KON está un 14.9% por debajo de su máximo 52s. Fundamentalmente aceptable con ROE 26.1%, deuda neta/EBITDA 2.9x. Técnicamente 🟢 Divergencia alcista RSI, 🟢 Cerca de soporte. Clasificación: descarte.","KPN KON está un 14.9% por debajo de su máximo 52s. Fundamentalmente aceptable con ROE 26.1%, deuda neta/EBITDA 2.9x. Técnicamente 🟢 Divergencia alcista RSI, 🟢 Cerca de soporte. Clasificación: descarte.",OK,
8058.T,MITSUBISHI CORP,ASIA,1.0,script-v2.0,1.0,2026-09-14T13:32:40.656783+02:00,47.5,48.0,80.0,20.0,0.0,4.0,46.0,28.0,18.0,8185315.0,5.99,9.6,,30.56,17.0,73.5919,False,69.4,70.1,False,4766.4,4.7,True,True,False,Sin señales de recuperación,pass,descarte,pendiente,0.0,desconocido,Pendiente de implementar,ausente,eps_stabilization (media): EPS 200.58 vs 176.11 (annual_eps_fallback) | dividend_maintained (baja): Dividendo actual 2.50% con caída del 17.0%,razonable,descarte,4582.67,4753.16,4582.67 - 4753.16,4656.71,5110.2,4656.71 - 5110.20,Pérdida del soporte en 4582.67 | ROE negativo durante 2 trimestres consecutivos | Ampliación de capital dilutiva | Recorte de rating a bono basura,6-12,"MITSUBISHI CORP está un 17.0% por debajo de su máximo 52s. Fundamentalmente aceptable con ROE 10.1%, deuda neta/EBITDA 6.0x. Técnicamente 🟢 Divergencia alcista RSI, 🟢 base_pattern_detected. Clasificación: descarte.","MITSUBISHI CORP está un 17.0% por debajo de su máximo 52s. Fundamentalmente aceptable con ROE 10.1%, deuda neta/EBITDA 6.0x. Técnicamente 🟢 Divergencia alcista RSI, 🟢 base_pattern_detected. Clasificación: descarte.",OK,
U11.SI,UOB,ASIA,1.0,script-v2.0,1.0,2026-09-14T13:33:03.392262+02:00,47.2,46.3,74.0,22.0,0.0,1.0,50.0,44.0,6.0,3321321.0,,21.5,,,4.2,1.5569,False,89.1,50.6,False,37.7,12.3,False,True,False,Sin señales de recuperación,pass,descarte,pendiente,0.0,desconocido,Pendiente de implementar,ausente,dividend_maintained (baja): Dividendo actual 4.16% con caída del 6.2%,razonable,descarte,40.21,41.78,40.21 - 41.78,37.3,38.38,37.30 - 38.38,Pérdida del soporte en 40.21 | ROE negativo durante 2 trimestres consecutivos | Ampliación de capital dilutiva | Recorte de rating a bono basura,6-12,"UOB está un 6.2% por debajo de su máximo 52s. Fundamentalmente aceptable con ROE 9.2%, dividendo 4.2%. Técnicamente 🟢 Cruce alcista MACD, 🟢 Cerca de soporte. Clasificación: descarte.","UOB está un 6.2% por debajo de su máximo 52s. Fundamentalmente aceptable con ROE 9.2%, dividendo 4.2%. Técnicamente 🟢 Cruce alcista MACD, 🟢 Cerca de soporte. Clasificación: descarte.",OK,
2914.T,JAPAN TOBACCO INC,ASIA,1.0,script-v2.0,1.0,2026-09-14T13:32:43.775897+02:00,47.2,52.6,99.0,12.0,0.0,6.0,31.0,25.0,6.0,4363590.0,0.71,-0.1,,10.7,6.3,324.8061,False,43.2,26.7,False,6051.97,11.7,False,True,True,,pass,pendiente_confirmacion,pendiente,0.0,desconocido,Pendiente de implementar,parcial,debt_reduction (alta): Deuda 1676772.0M vs 1678688.0M | dividend_maintained (baja): Dividendo actual 4.02% con caída del 6.3%,incompleto,pendiente_confirmacion,5782.48,6696.54,5782.48 - 6696.54,5990.59,6135.3,5990.59 - 6135.30,Pérdida del soporte en 5782.48 | ROE negativo durante 2 trimestres consecutivos | Ampliación de capital dilutiva | Recorte de rating a bono basura,6-12,"JAPAN TOBACCO INC está un 6.3% por debajo de su máximo 52s. Fundamentalmente aceptable con ROE 14.3%, deuda neta/EBITDA 0.7x. Técnicamente 🟡 MACD convergiendo, 🟡 trendline_break. Clasificación: pendiente_confirmacion.","JAPAN TOBACCO INC está un 6.3% por debajo de su máximo 52s. Fundamentalmente aceptable con ROE 14.3%, deuda neta/EBITDA 0.7x. Técnicamente 🟡 MACD convergiendo, 🟡 trendline_break. Clasificación: pendiente_confirmacion.",OK,
NOKIA.HE,Nokia Corporation,EUROSTOXX,1.0,script-v2.0,1.0,2026-09-14T13:30:47.399292+02:00,47.2,46.6,69.0,27.0,0.0,7.0,49.0,37.0,12.0,15023148.0,-0.68,1.0,1.1,19.9,41.1,0.1471,False,36.4,63.7,False,8.5,3.4,True,False,False,,pass,descarte,pendiente,0.0,desconocido,Pendiente de implementar,parcial,"margin_stabilization (media): Margen gross 44.6% vs 44.2% (+0.4 pp) | dividend_maintained (baja): Dividendo actual 1.59% con caída del 41.4% | analyst_upgrade (media): Target 10.58 vs precio 8.79 (+20%), recMean 2.57, recKey hold",razonable,descarte,8.38,8.79,8.38 - 8.79,8.28,12.74,8.28 - 12.74,Pérdida del soporte en 8.38 | ROE negativo durante 2 trimestres consecutivos | Ampliación de capital dilutiva | Recorte de rating a bono basura,18-24,"Nokia Corporation está un 41.4% por debajo de su máximo 52s. Fundamentalmente aceptable con ROE 3.5%, deuda neta/EBITDA -0.7x. Técnicamente 🟢 Divergencia alcista RSI, 🟢 Cerca de soporte. Clasificación: descarte.","Nokia Corporation está un 41.4% por debajo de su máximo 52s. Fundamentalmente aceptable con ROE 3.5%, deuda neta/EBITDA -0.7x. Técnicamente 🟢 Divergencia alcista RSI, 🟢 Cerca de soporte. Clasificación: descarte.",OK,
CAT,"Caterpillar, Inc.",SP500,1.0,script-v2.0,1.0,2026-09-14T13:31:36.150919+02:00,47.0,41.1,72.0,14.0,0.0,7.0,65.0,53.0,12.0,3114979.0,2.41,4.8,-2.7,25.57,23.6,21.8624,False,74.8,66.1,False,785.03,4.3,True,False,False,,pass,descarte,pendiente,0.0,desconocido,Pendiente de implementar,parcial,margin_stabilization (media): Margen gross 36.0% vs 33.1% (+2.9 pp) | eps_stabilization (media): EPS 7.77 vs 5.47 (Diluted EPS) | dividend_maintained (baja): Dividendo actual 0.80% con caída del 23.7%,razonable,descarte,802.25,818.57,802.25 - 818.57,776.51,912.44,776.51 - 912.44,Pérdida del soporte en 802.25 | ROE negativo durante 2 trimestres consecutivos | Ampliación de capital dilutiva | Recorte de rating a bono basura,6-12,"Caterpillar, Inc. está un 23.7% por debajo de su máximo 52s. Fundamentalmente aceptable con ROE 57.0%, deuda neta/EBITDA 2.4x. Técnicamente 🟢 Divergencia alcista RSI, 🟢 Cruce alcista MACD. Clasificación: descarte.","Caterpillar, Inc. está un 23.7% por debajo de su máximo 52s. Fundamentalmente aceptable con ROE 57.0%, deuda neta/EBITDA 2.4x. Técnicamente 🟢 Divergencia alcista RSI, 🟢 Cruce alcista MACD. Clasificación: descarte.",OK,
DB1.DE,DEUTSCHE BOERSE AG            N,EUROSTOXX,1.0,script-v2.0,1.0,2026-09-14T13:29:59.785830+02:00,47.0,46.7,100.0,0.0,0.0,9.0,48.0,30.0,18.0,311397.0,1.32,-35.4,29.6,16.31,2.5,12.0075,False,62.9,40.9,False,244.66,16.3,True,True,False,,pass,descarte,pendiente,0.0,desconocido,Pendiente de implementar,parcial,eps_stabilization (media): EPS 3.21 vs 2.68 (Diluted EPS) | debt_reduction (alta): Deuda 6187.0M vs 9583.0M | dividend_maintained (baja): Dividendo actual 1.48% con caída del 2.5%,razonable,descarte,270.3,272.82,270.30 - 272.82,242.0,248.03,242.00 - 248.03,Pérdida del soporte en 272.82 | ROE negativo durante 2 trimestres consecutivos | Ampliación de capital dilutiva | Recorte de rating a bono basura,6-12,"DEUTSCHE BOERSE AG            N está un 2.5% por debajo de su máximo 52s. Fundamentalmente aceptable con ROE 20.4%, deuda neta/EBITDA 1.3x. Técnicamente 🟡 MACD convergiendo, 🟢 Cerca de soporte. Clasificación: descarte.","DEUTSCHE BOERSE AG            N está un 2.5% por debajo de su máximo 52s. Fundamentalmente aceptable con ROE 20.4%, deuda neta/EBITDA 1.3x. Técnicamente 🟡 MACD convergiendo, 🟢 Cerca de soporte. Clasificación: descarte.",OK,
MS,Morgan Stanley,SP500,1.0,script-v2.0,1.0,2026-09-14T13:31:28.521828+02:00,47.0,42.6,81.0,9.0,0.0,4.0,60.0,48.0,12.0,5215725.0,,54.1,,,7.2,9.8851,False,57.0,55.9,False,191.56,11.9,True,False,False,Sin señales de recuperación,pass,descarte,pendiente,0.0,desconocido,Pendiente de implementar,ausente,eps_stabilization (media): EPS 3.46 vs 3.43 (Diluted EPS) | dividend_maintained (baja): Dividendo actual 2.15% con caída del 7.7%,razonable,descarte,209.07,214.38,209.07 - 214.38,190.43,197.41,190.43 - 197.41,Pérdida del soporte en 209.07 | ROE negativo durante 2 trimestres consecutivos | Ampliación de capital dilutiva | Recorte de rating a bono basura,6-12,"Morgan Stanley está un 7.7% por debajo de su máximo 52s. Fundamentalmente aceptable con ROE 18.0%, D/E 5.17. Técnicamente 🟢 Cruce alcista MACD, 🟢 Cerca de soporte. Clasificación: descarte.","Morgan Stanley está un 7.7% por debajo de su máximo 52s. Fundamentalmente aceptable con ROE 18.0%, D/E 5.17. Técnicamente 🟢 Cruce alcista MACD, 🟢 Cerca de soporte. Clasificación: descarte.",OK,
AMGN,Amgen Inc.,SP500,1.0,script-v2.0,1.0,2026-09-14T13:31:44.731779+02:00,46.9,43.9,78.0,14.0,0.0,12.0,56.0,44.0,12.0,2686109.0,2.51,-0.0,2.4,14.32,15.6,21.2112,False,0.2,1.7,False,357.17,5.7,True,False,False,,pass,descarte,pendiente,0.0,desconocido,Pendiente de implementar,confirmada,margin_stabilization (media): Margen gross 72.0% vs 68.2% (+3.9 pp) | eps_stabilization (media): EPS 4.37 vs 3.34 (Diluted EPS) | debt_reduction (alta): Deuda 57304.0M vs 57323.0M | dividend_maintained (baja): Dividendo actual 2.67% con caída del 15.6%,razonable,descarte,373.78,377.35,373.78 - 377.35,355.31,379.98,355.31 - 379.98,Pérdida del soporte en 373.78 | ROE negativo durante 2 trimestres consecutivos | Ampliación de capital dilutiva | Recorte de rating a bono basura,6-12,"Amgen Inc. está un 15.6% por debajo de su máximo 52s. Fundamentalmente aceptable con ROE 91.5%, deuda neta/EBITDA 2.5x. Técnicamente 🔵 RSI en sobreventa, 🟢 Cerca de soporte. Clasificación: descarte.","Amgen Inc. está un 15.6% por debajo de su máximo 52s. Fundamentalmente aceptable con ROE 91.5%, deuda neta/EBITDA 2.5x. Técnicamente 🔵 RSI en sobreventa, 🟢 Cerca de soporte. Clasificación: descarte.",OK,
SIE.DE,SIEMENS AG                    N,EUROSTOXX,1.0,script-v2.0,1.0,2026-09-14T13:29:56.633724+02:00,46.9,49.2,94.0,10.0,0.0,12.0,40.0,23.0,17.0,966308.0,3.12,-7.8,-0.0,20.03,10.9,7.1679,False,6.1,8.5,False,254.46,2.1,True,False,True,,pass,pendiente_confirmacion,pendiente,0.0,desconocido,Pendiente de implementar,confirmada,margin_stabilization (media): Margen gross 40.9% vs 38.9% (+2.0 pp) | eps_stabilization (media): EPS 2.91 vs 2.58 (Diluted EPS) | debt_reduction (alta): Deuda 49924.0M vs 54161.0M | dividend_maintained (baja): Dividendo actual 2.06% con caída del 10.9%,incompleto,pendiente_confirmacion,240.2,259.9,240.20 - 259.90,247.94,253.03,247.94 - 253.03,Pérdida del soporte en 240.20 | ROE negativo durante 2 trimestres consecutivos | Ampliación de capital dilutiva | Recorte de rating a bono basura,6-12,"SIEMENS AG                    N está un 10.9% por debajo de su máximo 52s. Fundamentalmente aceptable con ROE 12.5%, deuda neta/EBITDA 3.1x. Técnicamente 🟡 Apoyo en MA40 semanal, 🟢 base_pattern_detected. Clasificación: pendiente_confirmacion.","SIEMENS AG                    N está un 10.9% por debajo de su máximo 52s. Fundamentalmente aceptable con ROE 12.5%, deuda neta/EBITDA 3.1x. Técnicamente 🟡 Apoyo en MA40 semanal, 🟢 base_pattern_detected. Clasificación: pendiente_confirmacion.",OK,
ITW,Illinois Tool Works Inc.,SP500,1.0,script-v2.0,1.0,2026-09-14T13:31:16.845665+02:00,46.8,41.7,78.0,10.0,0.0,7.0,62.0,57.0,5.0,1329537.0,1.84,6.0,0.0,17.73,11.2,4.9986,False,27.3,14.9,False,266.39,0.7,False,False,False,,pass,descarte,pendiente,0.0,desconocido,Pendiente de implementar,parcial,margin_stabilization (media): Margen gross 44.1% vs 43.8% (+0.3 pp) | eps_stabilization (media): EPS 2.84 vs 2.66 (Diluted EPS) | dividend_maintained (baja): Dividendo actual 2.57% con caída del 11.5%,razonable,descarte,257.53,268.16,257.53 - 268.16,257.69,265.28,257.69 - 265.28,Pérdida del soporte en 257.53 | ROE negativo durante 2 trimestres consecutivos | Ampliación de capital dilutiva | Recorte de rating a bono basura,6-12,"Illinois Tool Works Inc. está un 11.5% por debajo de su máximo 52s. Fundamentalmente aceptable con ROE 104.6%, deuda neta/EBITDA 1.8x. Técnicamente 🔵 RSI recuperándose de sobreventa, 🟡 MACD convergiendo. Clasificación: descarte.","Illinois Tool Works Inc. está un 11.5% por debajo de su máximo 52s. Fundamentalmente aceptable con ROE 104.6%, deuda neta/EBITDA 1.8x. Técnicamente 🔵 RSI recuperándose de sobreventa, 🟡 MACD convergiendo. Clasificación: descarte.",OK,
BNP.PA,BNP PARIBAS ACT.A,EUROSTOXX,1.0,script-v2.0,1.0,2026-09-14T13:30:06.940392+02:00,46.8,48.7,70.0,30.0,0.0,4.0,41.0,41.0,0.0,1772548.0,,140.4,,,9.7,5.0803,False,36.5,40.5,False,92.95,10.5,False,False,False,Sin señales de recuperación,pass,descarte,pendiente,0.0,desconocido,Pendiente de implementar,ausente,eps_stabilization (media): EPS 3.96 vs 2.92 (Diluted EPS) | dividend_maintained (baja): Dividendo actual 5.65% con caída del 9.7%,incompleto,descarte,99.71,102.74,99.71 - 102.74,91.76,96.75,91.76 - 96.75,Pérdida del soporte en 99.71 | ROE negativo durante 2 trimestres consecutivos | Ampliación de capital dilutiva | Recorte de rating a bono basura,6-12,"BNP PARIBAS ACT.A está un 9.7% por debajo de su máximo 52s. Fundamentalmente aceptable con ROE 10.5%, dividendo 5.7%. Técnicamente 🟡 MACD convergiendo, 🟢 Cerca de soporte. Clasificación: descarte.","BNP PARIBAS ACT.A está un 9.7% por debajo de su máximo 52s. Fundamentalmente aceptable con ROE 10.5%, dividendo 5.7%. Técnicamente 🟡 MACD convergiendo, 🟢 Cerca de soporte. Clasificación: descarte.",OK,
EMR,Emerson Electric Company,SP500,1.0,script-v2.0,1.0,2026-09-14T13:31:13.526849+02:00,46.6,46.2,99.0,0.0,0.0,12.0,48.0,30.0,18.0,2704759.0,1.92,-1.8,0.0,15.93,8.2,4.6559,False,43.4,29.3,False,142.73,6.6,True,True,False,,pass,descarte,pendiente,0.0,desconocido,Pendiente de implementar,confirmada,margin_stabilization (media): Margen gross 54.5% vs 53.1% (+1.4 pp) | eps_stabilization (media): EPS 1.28 vs 1.10 (Diluted EPS) | debt_reduction (alta): Deuda 13802.0M vs 14057.0M | dividend_maintained (baja): Dividendo actual 1.46% con caída del 8.5%,razonable,descarte,137.59,149.81,137.59 - 149.81,141.4,142.28,141.40 - 142.28,Pérdida del soporte en 137.59 | ROE negativo durante 2 trimestres consecutivos | Ampliación de capital dilutiva | Recorte de rating a bono basura,6-12,"Emerson Electric Company está un 8.5% por debajo de su máximo 52s. Fundamentalmente aceptable con ROE 12.8%, deuda neta/EBITDA 1.9x. Técnicamente 🟡 MACD convergiendo, 🟢 base_pattern_detected. Clasificación: descarte.","Emerson Electric Company está un 8.5% por debajo de su máximo 52s. Fundamentalmente aceptable con ROE 12.8%, deuda neta/EBITDA 1.9x. Técnicamente 🟡 MACD convergiendo, 🟢 base_pattern_detected. Clasificación: descarte.",OK,
CL,Colgate-Palmolive Company,SP500,1.0,script-v2.0,1.0,2026-09-14T13:31:13.679030+02:00,46.4,41.8,77.0,11.0,0.0,12.0,60.0,55.0,5.0,4690817.0,1.29,-1.5,0.0,15.24,14.5,0.8749,False,6.8,10.7,False,87.83,-1.2,False,False,False,,pass,descarte,pendiente,0.0,desconocido,Pendiente de implementar,confirmada,margin_stabilization (media): Margen gross 61.5% vs 60.6% (+0.9 pp) | eps_stabilization (media): EPS 0.86 vs 0.80 (Diluted EPS) | debt_reduction (alta): Deuda 7857.0M vs 7973.0M | dividend_maintained (baja): Dividendo actual 2.44% con caída del 12.6%,razonable,descarte,86.6,86.8,86.60 - 86.80,84.43,87.14,84.43 - 87.14,Pérdida del soporte en 86.60 | ROE negativo durante 2 trimestres consecutivos | Ampliación de capital dilutiva | Recorte de rating a bono basura,6-12,"Colgate-Palmolive Company está un 12.6% por debajo de su máximo 52s. Fundamentalmente aceptable con ROE 267.4%, deuda neta/EBITDA 1.3x. Técnicamente 🔵 RSI en sobreventa, 🟢 Cerca de soporte. Clasificación: descarte.","Colgate-Palmolive Company está un 12.6% por debajo de su máximo 52s. Fundamentalmente aceptable con ROE 267.4%, deuda neta/EBITDA 1.3x. Técnicamente 🔵 RSI en sobreventa, 🟢 Cerca de soporte. Clasificación: descarte.",OK,
GS,"Goldman Sachs Group, Inc. (The)",SP500,1.0,script-v2.0,1.0,2026-09-14T13:31:27.807660+02:00,46.0,42.6,81.0,9.0,0.0,4.0,56.0,44.0,12.0,1980159.0,,106.4,,,10.4,38.2556,False,52.5,47.2,False,949.37,8.4,True,False,False,Sin señales de recuperación,pass,descarte,pendiente,0.0,desconocido,Pendiente de implementar,ausente,eps_stabilization (media): EPS 20.98 vs 17.55 (Diluted EPS) | dividend_maintained (baja): Dividendo actual 1.94% con caída del 10.8%,razonable,descarte,1003.62,1029.18,1003.62 - 1029.18,944.52,980.89,944.52 - 980.89,Pérdida del soporte en 1003.62 | ROE negativo durante 2 trimestres consecutivos | Ampliación de capital dilutiva | Recorte de rating a bono basura,6-12,"Goldman Sachs Group, Inc. (The) está un 10.8% por debajo de su máximo 52s. Fundamentalmente aceptable con ROE 16.9%, D/E 7.25. Técnicamente 🟢 Cruce alcista MACD, 🟢 Cerca de soporte. Clasificación: descarte.","Goldman Sachs Group, Inc. (The) está un 10.8% por debajo de su máximo 52s. Fundamentalmente aceptable con ROE 16.9%, D/E 7.25. Técnicamente 🟢 Cruce alcista MACD, 🟢 Cerca de soporte. Clasificación: descarte.",OK,
NESN.SW,NESTLE N,EUROSTOXX,1.0,script-v2.0,1.0,2026-09-14T13:30:47.330721+02:00,45.0,39.4,73.0,10.0,0.0,1.0,62.0,57.0,5.0,3278202.0,3.45,8.6,,15.58,8.9,0.4719,False,51.7,22.0,False,77.84,1.9,False,False,False,Sin señales de recuperación,pass,descarte,pendiente,0.0,desconocido,Pendiente de implementar,ausente,dividend_maintained (baja): Dividendo actual 3.91% con caída del 8.9%,razonable,descarte,78.09,79.34,78.09 - 79.34,74.03,77.67,74.03 - 77.67,Pérdida del soporte en 78.09 | ROE negativo durante 2 trimestres consecutivos | Ampliación de capital dilutiva | Recorte de rating a bono basura,6-12,"NESTLE N está un 8.9% por debajo de su máximo 52s. Fundamentalmente débil con ROE 26.2%, deuda neta/EBITDA 3.5x. Técnicamente 🟢 Divergencia alcista RSI, 🟢 Cruce alcista MACD. Clasificación: descarte.","NESTLE N está un 8.9% por debajo de su máximo 52s. Fundamentalmente débil con ROE 26.2%, deuda neta/EBITDA 3.5x. Técnicamente 🟢 Divergencia alcista RSI, 🟢 Cruce alcista MACD. Clasificación: descarte.",OK,
AIR.PA,AIRBUS SE,EUROSTOXX,1.0,script-v2.0,1.0,2026-09-14T13:30:05.692721+02:00,44.8,44.7,90.0,5.0,0.0,7.0,45.0,45.0,0.0,981251.0,0.13,30.4,0.9,17.66,9.8,5.4722,False,17.1,23.7,False,187.93,4.3,False,False,False,,pass,descarte,pendiente,0.0,desconocido,Pendiente de implementar,parcial,margin_stabilization (media): Margen gross 18.4% vs 12.3% (+6.1 pp) | eps_stabilization (media): EPS 2.10 vs 0.74 (Diluted EPS) | dividend_maintained (baja): Dividendo actual 1.63% con caída del 11.4%,razonable,descarte,191.1,195.98,191.10 - 195.98,188.1,188.11,188.10 - 188.11,Pérdida del soporte en 191.10 | ROE negativo durante 2 trimestres consecutivos | Ampliación de capital dilutiva | Recorte de rating a bono basura,6-12,"AIRBUS SE está un 11.4% por debajo de su máximo 52s. Fundamentalmente aceptable con ROE 23.2%, deuda neta/EBITDA 0.1x. Técnicamente 🟡 MACD convergiendo, 🟢 Cerca de soporte. Clasificación: descarte.","AIRBUS SE está un 11.4% por debajo de su máximo 52s. Fundamentalmente aceptable con ROE 23.2%, deuda neta/EBITDA 0.1x. Técnicamente 🟡 MACD convergiendo, 🟢 Cerca de soporte. Clasificación: descarte.",OK,
DBK.DE,DEUTSCHE BANK AG              N,EUROSTOXX,1.0,script-v2.0,1.0,2026-09-14T13:29:59.981930+02:00,44.8,50.7,64.0,39.0,0.0,1.0,27.0,21.0,6.0,4694880.0,,296.4,,,4.9,1.7553,False,40.3,62.2,False,29.76,14.5,False,True,False,Sin señales de recuperación,pass,descarte,pendiente,0.0,desconocido,Pendiente de implementar,ausente,dividend_maintained (baja): Dividendo actual 2.93% con caída del 4.9%,incompleto,descarte,32.75,33.65,32.75 - 33.65,29.67,30.46,29.67 - 30.46,Pérdida del soporte en 33.65 | ROE negativo durante 2 trimestres consecutivos | Ampliación de capital dilutiva | Recorte de rating a bono basura,6-12,"DEUTSCHE BANK AG              N está un 4.9% por debajo de su máximo 52s. Fundamentalmente aceptable con ROE 8.9%, dividendo 2.9%. Técnicamente 🟢 Cerca de soporte, 🟡 trendline_break. Clasificación: descarte.","DEUTSCHE BANK AG              N está un 4.9% por debajo de su máximo 52s. Fundamentalmente aceptable con ROE 8.9%, dividendo 2.9%. Técnicamente 🟢 Cerca de soporte, 🟡 trendline_break. Clasificación: descarte.",OK,
JNJ,Johnson & Johnson,SP500,1.0,script-v2.0,1.0,2026-09-14T13:31:04.047285+02:00,44.8,46.7,100.0,0.0,0.0,12.0,39.0,21.0,18.0,7686738.0,0.81,-10.8,0.2,19.16,5.5,12.5058,False,10.2,14.5,False,236.87,12.1,True,True,True,,pass,pendiente_confirmacion,pendiente,0.0,desconocido,Pendiente de implementar,confirmada,margin_stabilization (media): Margen gross 68.2% vs 66.3% (+1.9 pp) | eps_stabilization (media): EPS 2.27 vs 2.14 (Diluted EPS) | debt_reduction (alta): Deuda 49036.0M vs 54987.0M | dividend_maintained (baja): Dividendo actual 2.02% con caída del 5.5%,incompleto,pendiente_confirmacion,253.56,261.76,253.56 - 261.76,234.88,238.91,234.88 - 238.91,Pérdida del soporte en 253.56 | ROE negativo durante 2 trimestres consecutivos | Ampliación de capital dilutiva | Recorte de rating a bono basura,6-12,"Johnson & Johnson está un 5.5% por debajo de su máximo 52s. Fundamentalmente aceptable con ROE 25.7%, deuda neta/EBITDA 0.8x. Técnicamente 🟢 Cerca de soporte, 🟢 base_pattern_detected. Clasificación: pendiente_confirmacion.","Johnson & Johnson está un 5.5% por debajo de su máximo 52s. Fundamentalmente aceptable con ROE 25.7%, deuda neta/EBITDA 0.8x. Técnicamente 🟢 Cerca de soporte, 🟢 base_pattern_detected. Clasificación: pendiente_confirmacion.",OK,
ASML.AS,ASML HOLDING,EUROSTOXX,1.0,script-v2.0,1.0,2026-09-14T13:30:25.709534+02:00,44.6,42.9,77.0,13.0,0.0,15.0,50.0,50.0,0.0,647078.0,-0.41,-26.7,0.0,41.68,20.0,67.3283,False,3.2,38.5,False,1321.16,5.3,False,False,False,,pass,descarte,pendiente,0.0,desconocido,Pendiente de implementar,confirmada,"margin_stabilization (media): Margen gross 54.0% vs 53.0% (+1.0 pp) | eps_stabilization (media): EPS 7.58 vs 7.15 (Diluted EPS) | debt_reduction (alta): Deuda 1984.4M vs 2705.6M | dividend_maintained (baja): Dividendo actual 0.56% con caída del 20.1% | analyst_upgrade (media): Target 2023.94 vs precio 1391.80 (+45%), recMean 1.40, recKey strong_buy",razonable,descarte,1370.42,1391.8,1370.42 - 1391.80,1295.86,1479.85,1295.86 - 1479.85,Pérdida del soporte en 1370.42 | ROE negativo durante 2 trimestres consecutivos | Ampliación de capital dilutiva | Recorte de rating a bono basura,6-12,"ASML HOLDING está un 20.1% por debajo de su máximo 52s. Fundamentalmente aceptable con ROE 53.9%, deuda neta/EBITDA -0.4x. Técnicamente 🟢 Cruce alcista MACD, 🟢 Cerca de soporte. Clasificación: descarte.","ASML HOLDING está un 20.1% por debajo de su máximo 52s. Fundamentalmente aceptable con ROE 53.9%, deuda neta/EBITDA -0.4x. Técnicamente 🟢 Cruce alcista MACD, 🟢 Cerca de soporte. Clasificación: descarte.",OK,
055550.KS,ShinhanGroup,ASIA,1.0,script-v2.0,1.0,2026-09-14T13:33:00.629719+02:00,44.5,45.3,72.0,22.0,0.0,4.0,42.0,24.0,18.0,1269858.0,,61.9,,,1.6,5757.4683,False,83.2,71.6,False,96417.98,18.9,True,True,False,Sin señales de recuperación,pass,descarte,pendiente,0.0,desconocido,Pendiente de implementar,ausente,eps_stabilization (media): EPS 3750.00 vs 3327.00 (Diluted EPS) | dividend_maintained (baja): Dividendo actual 2.58% con caída del 1.6%,incompleto,descarte,106499.9,109800.0,106499.90 - 109800.00,93564.88,99025.0,93564.88 - 99025.00,Pérdida del soporte en 109800.00 | ROE negativo durante 2 trimestres consecutivos | Ampliación de capital dilutiva | Recorte de rating a bono basura,6-12,"ShinhanGroup está un 1.6% por debajo de su máximo 52s. Fundamentalmente aceptable con ROE 8.9%, dividendo 2.6%. Técnicamente 🟢 Cerca de soporte, 🟢 base_pattern_detected. Clasificación: descarte.","ShinhanGroup está un 1.6% por debajo de su máximo 52s. Fundamentalmente aceptable con ROE 8.9%, dividendo 2.6%. Técnicamente 🟢 Cerca de soporte, 🟢 base_pattern_detected. Clasificación: descarte.",OK,
KO,Coca-Cola Company (The),SP500,1.0,script-v2.0,1.0,2026-09-14T13:31:05.599436+02:00,44.3,43.4,93.0,0.0,0.0,7.0,47.0,35.0,12.0,17270238.0,1.64,0.8,0.0,24.12,4.5,3.5862,False,17.3,9.4,True,78.81,12.0,False,True,False,,pass,descarte,pendiente,0.0,desconocido,Pendiente de implementar,parcial,margin_stabilization (media): Margen gross 62.9% vs 63.0% (-0.1 pp) | eps_stabilization (media): EPS 1.03 vs 0.91 (Diluted EPS) | dividend_maintained (baja): Dividendo actual 2.40% con caída del 4.5%,razonable,descarte,86.55,86.56,86.55 - 86.56,78.24,78.62,78.24 - 78.62,Pérdida del soporte en 86.56 | ROE negativo durante 2 trimestres consecutivos | Ampliación de capital dilutiva | Recorte de rating a bono basura,6-12,"Coca-Cola Company (The) está un 4.5% por debajo de su máximo 52s. Fundamentalmente aceptable con ROE 42.1%, deuda neta/EBITDA 1.6x. Técnicamente 🟡 MACD convergiendo, 🟢 Cerca de soporte. Clasificación: descarte.","Coca-Cola Company (The) está un 4.5% por debajo de su máximo 52s. Fundamentalmente aceptable con ROE 42.1%, deuda neta/EBITDA 1.6x. Técnicamente 🟡 MACD convergiendo, 🟢 Cerca de soporte. Clasificación: descarte.",OK,
MMM,3M Company,SP500,1.0,script-v2.0,1.0,2026-09-14T13:31:07.286049+02:00,44.0,38.1,77.0,4.0,0.0,7.0,62.0,62.0,0.0,3302625.0,1.21,4.8,0.1,14.33,10.4,5.1478,False,18.8,9.7,False,159.18,3.6,False,False,False,,pass,descarte,pendiente,0.0,desconocido,Pendiente de implementar,parcial,margin_stabilization (media): Margen gross 41.3% vs 40.7% (+0.5 pp) | eps_stabilization (media): EPS 1.78 vs 1.23 (Diluted EPS) | dividend_maintained (baja): Dividendo actual 1.89% con caída del 10.8%,razonable,descarte,158.32,164.97,158.32 - 164.97,157.16,159.51,157.16 - 159.51,Pérdida del soporte en 158.32 | ROE negativo durante 2 trimestres consecutivos | Ampliación de capital dilutiva | Recorte de rating a bono basura,6-12,"3M Company está un 10.8% por debajo de su máximo 52s. Fundamentalmente débil con ROE 81.9%, deuda neta/EBITDA 1.2x. Técnicamente 🔵 RSI en sobreventa, 🟡 MACD convergiendo. Clasificación: descarte.","3M Company está un 10.8% por debajo de su máximo 52s. Fundamentalmente débil con ROE 81.9%, deuda neta/EBITDA 1.2x. Técnicamente 🔵 RSI en sobreventa, 🟡 MACD convergiendo. Clasificación: descarte.",OK,
BHP.L,BHP GROUP LIMITED ORD NPV (DI),EUROSTOXX,1.0,script-v2.0,1.0,2026-09-14T13:30:57.744967+02:00,44.0,48.7,93.0,10.0,0.0,4.0,30.0,18.0,12.0,814089.0,0.33,1.4,,6.0,12.9,148.719,False,0.4,6.7,False,2913.87,7.4,True,False,False,Sin señales de recuperación,pass,descarte,pendiente,0.0,desconocido,Pendiente de implementar,ausente,eps_stabilization (media): EPS 1.93 vs 1.77 (annual_eps_fallback) | dividend_maintained (baja): Dividendo actual 0.04% con caída del 12.9%,incompleto,descarte,2959.67,3129.0,2959.67 - 3129.00,2879.54,3053.2,2879.54 - 3053.20,Pérdida del soporte en 2959.67 | ROE negativo durante 2 trimestres consecutivos | Ampliación de capital dilutiva | Recorte de rating a bono basura,6-12,"BHP GROUP LIMITED ORD NPV (DI) está un 12.9% por debajo de su máximo 52s. Fundamentalmente aceptable con ROE 24.0%, deuda neta/EBITDA 0.3x. Técnicamente 🟢 base_pattern_detected. Clasificación: descarte.","BHP GROUP LIMITED ORD NPV (DI) está un 12.9% por debajo de su máximo 52s. Fundamentalmente aceptable con ROE 24.0%, deuda neta/EBITDA 0.3x. Técnicamente 🟢 base_pattern_detected. Clasificación: descarte.",OK,
PFE,"Pfizer, Inc.",SP500,1.0,script-v2.0,1.0,2026-09-14T13:31:42.398153+02:00,44.0,49.6,80.0,23.0,0.0,6.0,27.0,21.0,6.0,41770066.0,2.04,-0.4,1.4,8.28,5.1,0.6959,False,17.7,14.8,False,25.63,8.1,False,True,True,,pass,pendiente_confirmacion,pendiente,0.0,desconocido,Pendiente de implementar,parcial,debt_reduction (alta): Deuda 63480.0M vs 63730.0M | dividend_maintained (baja): Dividendo actual 6.20% con caída del 5.1%,incompleto,pendiente_confirmacion,26.14,27.64,26.14 - 27.64,24.83,25.53,24.83 - 25.53,Pérdida del soporte en 27.64 | ROE negativo durante 2 trimestres consecutivos | Ampliación de capital dilutiva | Recorte de rating a bono basura,6-12,"Pfizer, Inc. está un 5.1% por debajo de su máximo 52s. Fundamentalmente aceptable con ROE 5.0%, deuda neta/EBITDA 2.0x. Técnicamente 🟢 Cerca de soporte, 🟡 trendline_break. Clasificación: pendiente_confirmacion.","Pfizer, Inc. está un 5.1% por debajo de su máximo 52s. Fundamentalmente aceptable con ROE 5.0%, deuda neta/EBITDA 2.0x. Técnicamente 🟢 Cerca de soporte, 🟡 trendline_break. Clasificación: pendiente_confirmacion.",OK,
CS.PA,AXA,EUROSTOXX,1.0,script-v2.0,1.0,2026-09-14T13:30:09.212323+02:00,43.8,50.1,97.0,9.0,0.0,4.0,25.0,25.0,0.0,2712497.0,,1.0,,,4.5,1.4263,False,52.9,37.3,False,40.14,8.6,False,False,False,Sin señales de recuperación,pass,descarte,pendiente,0.0,desconocido,Pendiente de implementar,ausente,eps_stabilization (media): EPS 4.77 vs 3.63 (annual_eps_fallback) | dividend_maintained (baja): Dividendo actual 5.32% con caída del 4.5%,incompleto,descarte,38.48,43.6,38.48 - 43.60,38.81,39.86,38.81 - 39.86,Pérdida del soporte en 38.48 | ROE negativo durante 2 trimestres consecutivos | Ampliación de capital dilutiva | Recorte de rating a bono basura,6-12,"AXA está un 4.5% por debajo de su máximo 52s. Fundamentalmente aceptable con ROE 14.9%, D/E 1.19. Técnicamente 🟡 MACD convergiendo. Clasificación: descarte.","AXA está un 4.5% por debajo de su máximo 52s. Fundamentalmente aceptable con ROE 14.9%, D/E 1.19. Técnicamente 🟡 MACD convergiendo. Clasificación: descarte.",OK,
MSFT,Microsoft Corporation,SP500,1.0,script-v2.0,1.0,2026-09-14T13:32:03.151460+02:00,43.8,42.5,91.0,0.0,0.0,7.0,48.0,30.0,18.0,35445946.0,0.27,126.1,-0.0,19.21,9.9,20.0791,False,38.3,35.7,False,427.78,15.9,True,True,False,,pass,descarte,pendiente,0.0,desconocido,Pendiente de implementar,parcial,margin_stabilization (media): Margen gross 67.2% vs 67.6% (-0.4 pp) | eps_stabilization (media): EPS 4.81 vs 4.27 (Diluted EPS) | dividend_maintained (baja): Dividendo actual 0.73% con caída del 10.5%,razonable,descarte,453.12,492.2,453.12 - 492.20,429.65,470.66,429.65 - 470.66,Pérdida del soporte en 492.20 | ROE negativo durante 2 trimestres consecutivos | Ampliación de capital dilutiva | Recorte de rating a bono basura,6-12,"Microsoft Corporation está un 10.5% por debajo de su máximo 52s. Fundamentalmente aceptable con ROE 34.0%, deuda neta/EBITDA 0.3x. Técnicamente 🟡 MACD convergiendo, 🟢 Cerca de soporte. Clasificación: descarte.","Microsoft Corporation está un 10.5% por debajo de su máximo 52s. Fundamentalmente aceptable con ROE 34.0%, deuda neta/EBITDA 0.3x. Técnicamente 🟡 MACD convergiendo, 🟢 Cerca de soporte. Clasificación: descarte.",OK,
BHP.AX,BHP GROUP FPO [BHP],ASX,1.0,script-v2.0,1.0,2026-09-14T13:32:08.057348+02:00,43.7,48.3,100.0,3.0,0.0,4.0,30.0,18.0,12.0,7816934.0,0.33,1.4,,10.85,10.0,2.8159,False,9.4,15.2,False,54.57,11.0,True,False,False,Sin señales de recuperación,pass,descarte,pendiente,0.0,desconocido,Pendiente de implementar,ausente,eps_stabilization (media): EPS 1.93 vs 1.77 (annual_eps_fallback) | dividend_maintained (baja): Dividendo actual 3.99% con caída del 11.9%,incompleto,descarte,55.85,60.59,55.85 - 60.59,54.05,58.45,54.05 - 58.45,Pérdida del soporte en 55.85 | ROE negativo durante 2 trimestres consecutivos | Ampliación de capital dilutiva | Recorte de rating a bono basura,6-12,"BHP GROUP FPO [BHP] está un 11.9% por debajo de su máximo 52s. Fundamentalmente aceptable con ROE 24.0%, deuda neta/EBITDA 0.3x. Técnicamente 🟢 base_pattern_detected. Clasificación: descarte.","BHP GROUP FPO [BHP] está un 11.9% por debajo de su máximo 52s. Fundamentalmente aceptable con ROE 24.0%, deuda neta/EBITDA 0.3x. Técnicamente 🟢 base_pattern_detected. Clasificación: descarte.",OK,
105560.KS,KBFinancialGroup,ASIA,1.0,script-v2.0,1.0,2026-09-14T13:33:00.890631+02:00,43.6,45.8,73.0,22.0,0.0,4.0,37.0,19.0,18.0,1319285.0,,35.0,,,6.0,7998.8571,False,99.5,83.1,False,155532.11,16.8,True,True,False,Sin señales de recuperación,pass,descarte,pendiente,0.0,desconocido,Pendiente de implementar,ausente,eps_stabilization (media): EPS 5508.00 vs 5120.00 (Diluted EPS) | dividend_maintained (baja): Dividendo actual 2.54% con caída del 6.6%,incompleto,descarte,161398.03,171053.62,161398.03 - 171053.62,150753.22,165325.0,150753.22 - 165325.00,Pérdida del soporte en 161398.03 | ROE negativo durante 2 trimestres consecutivos | Ampliación de capital dilutiva | Recorte de rating a bono basura,6-12,"KBFinancialGroup está un 6.6% por debajo de su máximo 52s. Fundamentalmente aceptable con ROE 10.2%, dividendo 2.5%. Técnicamente 🟢 base_pattern_detected, 🟡 trendline_break. Clasificación: descarte.","KBFinancialGroup está un 6.6% por debajo de su máximo 52s. Fundamentalmente aceptable con ROE 10.2%, dividendo 2.5%. Técnicamente 🟢 base_pattern_detected, 🟡 trendline_break. Clasificación: descarte.",OK,
SU.PA,SCHNEIDER ELECTRIC SE,EUROSTOXX,1.0,script-v2.0,1.0,2026-09-14T13:30:19.866148+02:00,43.3,44.8,96.0,0.0,0.0,4.0,39.0,27.0,12.0,820541.0,1.91,16.4,,21.16,12.2,9.8413,False,2.2,20.2,False,262.91,4.3,True,False,False,Sin señales de recuperación,pass,descarte,pendiente,0.0,desconocido,Pendiente de implementar,ausente,"dividend_maintained (baja): Dividendo actual 1.53% con caída del 12.2% | analyst_upgrade (media): Target 329.51 vs precio 274.25 (+20%), recMean 1.50, recKey strong_buy",incompleto,descarte,266.33,274.25,266.33 - 274.25,260.87,265.45,260.87 - 265.45,Pérdida del soporte en 266.33 | ROE negativo durante 2 trimestres consecutivos | Ampliación de capital dilutiva | Recorte de rating a bono basura,6-12,"SCHNEIDER ELECTRIC SE está un 12.2% por debajo de su máximo 52s. Fundamentalmente aceptable con ROE 18.6%, deuda neta/EBITDA 1.9x. Técnicamente 🟢 Cerca de soporte, 🟢 base_pattern_detected. Clasificación: descarte.","SCHNEIDER ELECTRIC SE está un 12.2% por debajo de su máximo 52s. Fundamentalmente aceptable con ROE 18.6%, deuda neta/EBITDA 1.9x. Técnicamente 🟢 Cerca de soporte, 🟢 base_pattern_detected. Clasificación: descarte.",OK,
0019.HK,SWIRE PACIFIC A,ASIA,1.0,script-v2.0,1.0,2026-09-14T13:32:51.482299+02:00,43.1,48.5,81.0,20.0,0.0,6.0,27.0,21.0,6.0,1071383.0,4.95,-8.4,,18.32,4.9,7.0067,False,28.6,52.8,False,83.68,22.6,False,True,True,,pass,pendiente_confirmacion,pendiente,0.0,desconocido,Pendiente de implementar,parcial,debt_reduction (alta): Deuda 95141.0M vs 103840.0M | dividend_maintained (baja): Dividendo actual 3.90% con caída del 5.5%,incompleto,pendiente_confirmacion,97.23,100.31,97.23 - 100.31,81.51,92.31,81.51 - 92.31,Pérdida del soporte en 100.31 | ROE negativo durante 2 trimestres consecutivos | Ampliación de capital dilutiva | Recorte de rating a bono basura,6-12,"SWIRE PACIFIC A está un 5.5% por debajo de su máximo 52s. Fundamentalmente aceptable con ROE 3.2%, deuda neta/EBITDA 5.0x. Técnicamente 🟢 Cerca de soporte, 🟡 trendline_break. Clasificación: pendiente_confirmacion.","SWIRE PACIFIC A está un 5.5% por debajo de su máximo 52s. Fundamentalmente aceptable con ROE 3.2%, deuda neta/EBITDA 5.0x. Técnicamente 🟢 Cerca de soporte, 🟡 trendline_break. Clasificación: pendiente_confirmacion.",OK,
F,Ford Motor Company,SP500,1.0,script-v2.0,1.0,2026-09-14T13:31:59.996837+02:00,43.0,40.4,42.0,39.0,0.0,1.0,51.0,39.0,12.0,49650083.0,18.47,2.4,5.0,25.77,20.6,0.3753,False,55.0,34.7,False,13.37,4.5,True,False,False,Sin señales de recuperación,pass,descarte,pendiente,0.0,desconocido,Pendiente de implementar,ausente,dividend_maintained (baja): Dividendo actual 4.29% con caída del 21.4%,razonable,descarte,13.72,13.97,13.72 - 13.97,13.26,15.11,13.26 - 15.11,Pérdida del soporte en 13.72 | ROE negativo durante 2 trimestres consecutivos | Ampliación de capital dilutiva | Recorte de rating a bono basura,6-12,"Ford Motor Company está un 21.4% por debajo de su máximo 52s. Fundamentalmente aceptable con ROE -18.3%, deuda neta/EBITDA 18.5x. Técnicamente 🟡 MACD convergiendo, 🟢 Cerca de soporte. Clasificación: descarte.","Ford Motor Company está un 21.4% por debajo de su máximo 52s. Fundamentalmente aceptable con ROE -18.3%, deuda neta/EBITDA 18.5x. Técnicamente 🟡 MACD convergiendo, 🟢 Cerca de soporte. Clasificación: descarte.",OK,
7267.T,HONDA MOTOR CO,ASIA,1.0,script-v2.0,1.0,2026-09-14T13:32:38.291076+02:00,42.9,43.5,52.0,36.0,0.0,7.0,41.0,35.0,6.0,17219130.0,6.92,225.1,0.1,12.18,4.7,72.4908,False,57.6,44.7,False,1488.82,12.8,False,True,True,,pass,pendiente_confirmacion,pendiente,0.0,desconocido,Pendiente de implementar,parcial,margin_stabilization (media): Margen gross 22.2% vs 6.4% (+15.8 pp) | eps_stabilization (media): EPS 115.84 vs 46.80 (Diluted EPS) | dividend_maintained (baja): Dividendo actual 4.17% con caída del 4.7%,incompleto,pendiente_confirmacion,1630.07,1638.25,1630.07 - 1638.25,1483.42,1498.12,1483.42 - 1498.12,Pérdida del soporte en 1638.25 | ROE negativo durante 2 trimestres consecutivos | Ampliación de capital dilutiva | Recorte de rating a bono basura,6-12,"HONDA MOTOR CO está un 4.7% por debajo de su máximo 52s. Fundamentalmente aceptable con ROE -0.8%, deuda neta/EBITDA 6.9x. Técnicamente 🟡 MACD convergiendo, 🟢 Cerca de soporte. Clasificación: pendiente_confirmacion.","HONDA MOTOR CO está un 4.7% por debajo de su máximo 52s. Fundamentalmente aceptable con ROE -0.8%, deuda neta/EBITDA 6.9x. Técnicamente 🟡 MACD convergiendo, 🟢 Cerca de soporte. Clasificación: pendiente_confirmacion.",OK,
TGT,Target Corporation,SP500,1.0,script-v2.0,1.0,2026-09-14T13:31:20.541696+02:00,42.8,51.0,91.0,16.0,0.0,7.0,18.0,12.0,6.0,4336635.0,1.6,1.9,-1.0,9.84,8.7,12.2399,False,9.0,11.4,False,124.74,24.9,False,True,False,Sin suelo técnico identificado,pass,descarte,pendiente,0.0,desconocido,Pendiente de implementar,parcial,margin_stabilization (media): Margen gross 33.7% vs 29.0% (+4.7 pp) | eps_stabilization (media): EPS 4.11 vs 1.71 (Diluted EPS) | dividend_maintained (baja): Dividendo actual 2.98% con caída del 8.7%,sin_suelo,descarte,145.3,148.37,145.30 - 148.37,122.26,145.14,122.26 - 145.14,Pérdida del soporte en 145.30 | ROE negativo durante 2 trimestres consecutivos | Ampliación de capital dilutiva | Recorte de rating a bono basura,6-12,"Target Corporation está un 8.7% por debajo de su máximo 52s. Fundamentalmente aceptable con ROE 26.4%, deuda neta/EBITDA 1.6x. Técnicamente 🟡 trendline_break. Clasificación: descarte.","Target Corporation está un 8.7% por debajo de su máximo 52s. Fundamentalmente aceptable con ROE 26.4%, deuda neta/EBITDA 1.6x. Técnicamente 🟡 trendline_break. Clasificación: descarte.",OK,
9434.T,SOFTBANK CORP.,ASIA,1.0,script-v2.0,1.0,2026-09-14T13:32:34.545634+02:00,42.5,37.1,76.0,3.0,0.0,1.0,59.0,41.0,18.0,79219174.0,3.18,14.7,,10.65,0.3,7.9398,False,95.7,90.8,False,218.23,14.9,True,True,False,Sin señales de recuperación,pass,descarte,pendiente,0.0,desconocido,Pendiente de implementar,ausente,dividend_maintained (baja): Dividendo actual 3.51% con caída del 0.3%,razonable,descarte,229.46,234.03,229.46 - 234.03,213.78,217.52,213.78 - 217.52,Pérdida del soporte en 234.03 | ROE negativo durante 2 trimestres consecutivos | Ampliación de capital dilutiva | Recorte de rating a bono basura,6-12,"SOFTBANK CORP. está un 0.3% por debajo de su máximo 52s. Fundamentalmente débil con ROE 16.7%, deuda neta/EBITDA 3.2x. Técnicamente 🟢 Cruce alcista MACD, 🟢 Volumen creciente. Clasificación: descarte.","SOFTBANK CORP. está un 0.3% por debajo de su máximo 52s. Fundamentalmente débil con ROE 16.7%, deuda neta/EBITDA 3.2x. Técnicamente 🟢 Cruce alcista MACD, 🟢 Volumen creciente. Clasificación: descarte.",OK,
BOQ.AX,BANK QLD FPO [BOQ],ASX,1.0,script-v2.0,1.0,2026-09-14T13:32:29.107792+02:00,42.3,42.1,57.0,29.0,0.0,9.0,43.0,25.0,18.0,1663577.0,,-1.7,,,12.6,0.0432,False,63.4,58.5,False,6.38,3.1,True,True,True,,pass,pendiente_confirmacion,pendiente,0.0,desconocido,Pendiente de implementar,parcial,eps_stabilization (media): EPS 0.41 vs 0.18 (annual_eps_fallback) | debt_reduction (alta): Deuda 16714.0M vs 17008.0M | dividend_maintained (baja): Dividendo actual 6.09% con caída del 12.2%,incompleto,pendiente_confirmacion,6.13,6.4,6.13 - 6.40,6.34,6.36,6.34 - 6.36,Pérdida del soporte en 6.13 | ROE negativo durante 2 trimestres consecutivos | Ampliación de capital dilutiva | Recorte de rating a bono basura,6-12,"BANK QLD FPO [BOQ] está un 12.2% por debajo de su máximo 52s. Fundamentalmente aceptable con ROE 1.6%, dividendo 6.1%. Técnicamente 🟡 MACD convergiendo, 🟢 base_pattern_detected. Clasificación: pendiente_confirmacion.","BANK QLD FPO [BOQ] está un 12.2% por debajo de su máximo 52s. Fundamentalmente aceptable con ROE 1.6%, dividendo 6.1%. Técnicamente 🟡 MACD convergiendo, 🟢 base_pattern_detected. Clasificación: pendiente_confirmacion.",OK,
AI.PA,AIR LIQUIDE,EUROSTOXX,1.0,script-v2.0,1.0,2026-09-14T13:30:04.972007+02:00,42.0,45.0,93.0,3.0,0.0,4.0,33.0,27.0,6.0,821787.0,1.99,36.4,,15.99,8.1,2.8579,False,16.5,9.1,True,160.1,4.7,False,False,False,Sin señales de recuperación,pass,descarte,pendiente,0.0,desconocido,Pendiente de implementar,ausente,eps_stabilization (media): EPS 6.08 vs 5.20 (annual_eps_fallback) | dividend_maintained (baja): Dividendo actual 2.01% con caída del 8.1%,incompleto,descarte,164.15,167.56,164.15 - 167.56,154.92,158.94,154.92 - 158.94,Pérdida del soporte en 164.15 | ROE negativo durante 2 trimestres consecutivos | Ampliación de capital dilutiva | Recorte de rating a bono basura,6-12,"AIR LIQUIDE está un 8.1% por debajo de su máximo 52s. Fundamentalmente aceptable con ROE 14.0%, deuda neta/EBITDA 2.0x. Técnicamente 🟢 Cerca de soporte, 🟢 Estocástico sale de sobreventa. Clasificación: descarte.","AIR LIQUIDE está un 8.1% por debajo de su máximo 52s. Fundamentalmente aceptable con ROE 14.0%, deuda neta/EBITDA 2.0x. Técnicamente 🟢 Cerca de soporte, 🟢 Estocástico sale de sobreventa. Clasificación: descarte.",OK,
AAPL,Apple Inc.,SP500,1.0,script-v2.0,1.0,2026-09-14T13:32:03.302074+02:00,42.0,45.7,98.0,0.0,0.0,12.0,31.0,25.0,6.0,54055456.0,0.13,-0.4,-0.0,29.0,3.5,13.5017,False,85.9,67.7,False,285.06,16.6,False,True,True,,pass,pendiente_confirmacion,pendiente,0.0,desconocido,Pendiente de implementar,confirmada,margin_stabilization (media): Margen gross 50.1% vs 49.3% (+0.8 pp) | eps_stabilization (media): EPS 2.02 vs 2.01 (Diluted EPS) | debt_reduction (alta): Deuda 84344.0M vs 84711.0M | dividend_maintained (baja): Dividendo actual 0.33% con caída del 3.6%,incompleto,pendiente_confirmacion,303.83,317.83,303.83 - 317.83,284.54,292.88,284.54 - 292.88,Pérdida del soporte en 303.83 | ROE negativo durante 2 trimestres consecutivos | Ampliación de capital dilutiva | Recorte de rating a bono basura,6-12,"Apple Inc. está un 3.6% por debajo de su máximo 52s. Fundamentalmente aceptable con ROE 148.8%, deuda neta/EBITDA 0.1x. Técnicamente 🟢 Volumen creciente, 🟡 trendline_break. Clasificación: pendiente_confirmacion.","Apple Inc. está un 3.6% por debajo de su máximo 52s. Fundamentalmente aceptable con ROE 148.8%, deuda neta/EBITDA 0.1x. Técnicamente 🟢 Volumen creciente, 🟡 trendline_break. Clasificación: pendiente_confirmacion.",OK,
SOLB.BR,SOLVAY,EUROSTOXX,1.0,script-v2.0,1.0,2026-09-14T13:30:41.348834+02:00,41.9,36.3,48.0,26.0,0.0,4.0,59.0,42.0,17.0,318295.0,3.17,1.8,-0.0,7.89,21.8,0.0975,False,42.2,47.4,False,25.63,0.8,True,False,False,Sin señales de recuperación,pass,descarte,pendiente,0.0,desconocido,Pendiente de implementar,ausente,eps_stabilization (media): EPS 0.36 vs 0.24 (Diluted EPS) | dividend_maintained (baja): Dividendo actual 9.40% con caída del 13.5%,razonable,descarte,25.47,25.84,25.47 - 25.84,25.38,25.6,25.38 - 25.60,Pérdida del soporte en 25.47 | ROE negativo durante 2 trimestres consecutivos | Ampliación de capital dilutiva | Recorte de rating a bono basura,6-12,"SOLVAY está un 13.5% por debajo de su máximo 52s. Fundamentalmente débil con ROE 0.8%, deuda neta/EBITDA 3.2x. Técnicamente 🟢 Divergencia alcista RSI, 🟢 Cerca de soporte. Clasificación: descarte.","SOLVAY está un 13.5% por debajo de su máximo 52s. Fundamentalmente débil con ROE 0.8%, deuda neta/EBITDA 3.2x. Técnicamente 🟢 Divergencia alcista RSI, 🟢 Cerca de soporte. Clasificación: descarte.",OK,
G.MI,GENERALI,EUROSTOXX,1.0,script-v2.0,1.0,2026-09-14T13:30:35.152705+02:00,41.6,48.5,97.0,6.0,0.0,4.0,21.0,15.0,6.0,2190851.0,4.18,4.8,,12.97,0.3,2.514,False,94.2,89.9,False,37.97,19.4,False,True,False,Sin señales de recuperación | Sin suelo técnico identificado,pass,descarte,pendiente,0.0,desconocido,Pendiente de implementar,ausente,eps_stabilization (media): EPS 1.49 vs 0.70 (Diluted EPS) | dividend_maintained (baja): Dividendo actual 3.62% con caída del 0.3%,sin_suelo,descarte,42.03,43.58,42.03 - 43.58,37.47,38.66,37.47 - 38.66,Pérdida del soporte en 42.03 | ROE negativo durante 2 trimestres consecutivos | Ampliación de capital dilutiva | Recorte de rating a bono basura,6-12,"GENERALI está un 0.3% por debajo de su máximo 52s. Fundamentalmente aceptable con ROE 15.1%, deuda neta/EBITDA 4.2x. Técnicamente 🟡 trendline_break. Clasificación: descarte.","GENERALI está un 0.3% por debajo de su máximo 52s. Fundamentalmente aceptable con ROE 15.1%, deuda neta/EBITDA 4.2x. Técnicamente 🟡 trendline_break. Clasificación: descarte.",OK,
INTC,Intel Corporation,SP500,1.0,script-v2.0,1.0,2026-09-14T13:31:33.897341+02:00,41.4,38.9,57.0,23.0,0.0,3.0,49.0,37.0,12.0,110321322.0,1.24,12.2,0.3,32.99,27.7,7.189,False,82.6,83.7,False,77.64,32.6,True,False,False,Sin señales de recuperación,pass,descarte,pendiente,0.0,desconocido,Pendiente de implementar,ausente,margin_stabilization (media): Margen gross 40.4% vs 39.4% (+1.0 pp),razonable,descarte,98.33,98.35,98.33 - 98.35,75.54,121.0,75.54 - 121.00,Pérdida del soporte en 98.33 | ROE negativo durante 2 trimestres consecutivos | Ampliación de capital dilutiva | Recorte de rating a bono basura,12-18,"Intel Corporation está un 27.7% por debajo de su máximo 52s. Fundamentalmente débil con ROE -10.7%, deuda neta/EBITDA 1.2x. Técnicamente 🟢 Divergencia alcista RSI, 🟢 Cerca de soporte. Clasificación: descarte.","Intel Corporation está un 27.7% por debajo de su máximo 52s. Fundamentalmente débil con ROE -10.7%, deuda neta/EBITDA 1.2x. Técnicamente 🟢 Divergencia alcista RSI, 🟢 Cerca de soporte. Clasificación: descarte.",OK,
PM,Philip Morris International Inc,SP500,1.0,script-v2.0,1.0,2026-09-14T13:31:53.575196+02:00,41.2,39.0,71.0,11.0,0.0,12.0,48.0,30.0,18.0,4973858.0,2.39,-5.4,-0.0,19.03,8.0,5.6288,False,64.2,50.1,False,174.97,9.2,True,True,False,,pass,descarte,pendiente,0.0,desconocido,Pendiente de implementar,confirmada,margin_stabilization (media): Margen gross 68.4% vs 68.1% (+0.4 pp) | eps_stabilization (media): EPS 1.80 vs 1.56 (Diluted EPS) | debt_reduction (alta): Deuda 49139.0M vs 51948.0M | dividend_maintained (baja): Dividendo actual 3.08% con caída del 8.0%,razonable,descarte,178.89,188.51,178.89 - 188.51,173.3,176.6,173.30 - 176.60,Pérdida del soporte en 178.89 | ROE negativo durante 2 trimestres consecutivos | Ampliación de capital dilutiva | Recorte de rating a bono basura,6-12,"Philip Morris International Inc está un 8.0% por debajo de su máximo 52s. Fundamentalmente débil con deuda neta/EBITDA 2.4x, dividendo 3.1%. Técnicamente 🟡 MACD convergiendo, 🟢 base_pattern_detected. Clasificación: descarte.","Philip Morris International Inc está un 8.0% por debajo de su máximo 52s. Fundamentalmente débil con deuda neta/EBITDA 2.4x, dividendo 3.1%. Técnicamente 🟡 MACD convergiendo, 🟢 base_pattern_detected. Clasificación: descarte.",OK,
4502.T,TAKEDA PHARMACEUTICAL CO LTD,ASIA,1.0,script-v2.0,1.0,2026-09-14T13:32:34.953352+02:00,40.8,36.8,56.0,20.0,0.0,4.0,53.0,35.0,18.0,3955612.0,4.06,13.4,-1.0,11.23,4.9,161.598,False,50.0,35.0,False,5370.48,6.8,True,True,False,Sin señales de recuperación,pass,descarte,pendiente,0.0,desconocido,Pendiente de implementar,ausente,margin_stabilization (media): Margen gross 66.7% vs 62.9% (+3.7 pp) | dividend_maintained (baja): Dividendo actual 3.56% con caída del 4.9%,razonable,descarte,5597.29,5606.84,5597.29 - 5606.84,5128.05,5271.54,5128.05 - 5271.54,Pérdida del soporte en 5597.29 | ROE negativo durante 2 trimestres consecutivos | Ampliación de capital dilutiva | Recorte de rating a bono basura,6-12,"TAKEDA PHARMACEUTICAL CO LTD está un 4.9% por debajo de su máximo 52s. Fundamentalmente débil con ROE -2.3%, deuda neta/EBITDA 4.1x. Técnicamente 🟡 MACD convergiendo, 🟢 Cerca de soporte. Clasificación: descarte.","TAKEDA PHARMACEUTICAL CO LTD está un 4.9% por debajo de su máximo 52s. Fundamentalmente débil con ROE -2.3%, deuda neta/EBITDA 4.1x. Técnicamente 🟡 MACD convergiendo, 🟢 Cerca de soporte. Clasificación: descarte.",OK,
JPM,JP Morgan Chase & Co.,SP500,1.0,script-v2.0,1.0,2026-09-14T13:31:24.982700+02:00,40.8,40.7,77.0,9.0,0.0,4.0,41.0,35.0,6.0,7952185.0,,159.9,,,2.8,14.9388,False,53.2,43.4,False,318.22,11.9,False,True,False,Sin señales de recuperación,pass,descarte,pendiente,0.0,desconocido,Pendiente de implementar,ausente,eps_stabilization (media): EPS 7.70 vs 5.94 (Diluted EPS) | dividend_maintained (baja): Dividendo actual 1.68% con caída del 2.8%,incompleto,descarte,341.67,351.71,341.67 - 351.71,311.52,317.5,311.52 - 317.50,Pérdida del soporte en 341.67 | ROE negativo durante 2 trimestres consecutivos | Ampliación de capital dilutiva | Recorte de rating a bono basura,6-12,"JP Morgan Chase & Co. está un 2.8% por debajo de su máximo 52s. Fundamentalmente aceptable con ROE 17.8%, dividendo 1.7%. Técnicamente 🟡 MACD convergiendo, 🟢 Cerca de soporte. Clasificación: descarte.","JP Morgan Chase & Co. está un 2.8% por debajo de su máximo 52s. Fundamentalmente aceptable con ROE 17.8%, dividendo 1.7%. Técnicamente 🟡 MACD convergiendo, 🟢 Cerca de soporte. Clasificación: descarte.",OK,
SON.LS,SONAE,EUROSTOXX,1.0,script-v2.0,1.0,2026-09-14T13:30:44.616146+02:00,40.3,32.4,58.0,10.0,0.0,4.0,64.0,64.0,0.0,1408072.0,5.75,10.1,-6.7,13.04,6.0,0.064,False,70.1,40.9,False,1.89,7.0,False,False,False,Sin señales de recuperación,pass,descarte,pendiente,0.0,desconocido,Pendiente de implementar,ausente,eps_stabilization (media): EPS 0.04 vs 0.02 (Diluted EPS) | dividend_maintained (baja): Dividendo actual 2.96% con caída del 6.0%,razonable,descarte,1.94,2.03,1.94 - 2.03,1.83,1.87,1.83 - 1.87,Pérdida del soporte en 1.94 | ROE negativo durante 2 trimestres consecutivos | Ampliación de capital dilutiva | Recorte de rating a bono basura,6-12,"SONAE está un 6.0% por debajo de su máximo 52s. Fundamentalmente débil con ROE 8.7%, deuda neta/EBITDA 5.8x. Técnicamente 🟢 Divergencia alcista RSI, 🟢 Cruce alcista MACD. Clasificación: descarte.","SONAE está un 6.0% por debajo de su máximo 52s. Fundamentalmente débil con ROE 8.7%, deuda neta/EBITDA 5.8x. Técnicamente 🟢 Divergencia alcista RSI, 🟢 Cruce alcista MACD. Clasificación: descarte.",OK,
UNA.AS,UNILEVER PLC,EUROSTOXX,1.0,script-v2.0,1.0,2026-09-14T13:30:29.085178+02:00,40.0,36.7,74.0,4.0,0.0,4.0,50.0,39.0,11.0,1058901.0,2.41,4.7,,13.12,11.5,0.764,False,49.9,19.5,False,53.16,2.9,False,True,False,Sin señales de recuperación,pass,descarte,pendiente,0.0,desconocido,Pendiente de implementar,ausente,eps_stabilization (media): EPS 4.32 vs 2.58 (annual_eps_fallback) | dividend_maintained (baja): Dividendo actual 3.49% con caída del 13.7%,razonable,descarte,53.12,54.51,53.12 - 54.51,53.09,53.88,53.09 - 53.88,Pérdida del soporte en 53.12 | ROE negativo durante 2 trimestres consecutivos | Ampliación de capital dilutiva | Recorte de rating a bono basura,6-12,"UNILEVER PLC está un 13.7% por debajo de su máximo 52s. Fundamentalmente débil con ROE 31.9%, deuda neta/EBITDA 2.4x. Técnicamente 🟡 MACD convergiendo, 🟢 Cerca de soporte. Clasificación: descarte.","UNILEVER PLC está un 13.7% por debajo de su máximo 52s. Fundamentalmente débil con ROE 31.9%, deuda neta/EBITDA 2.4x. Técnicamente 🟡 MACD convergiendo, 🟢 Cerca de soporte. Clasificación: descarte.",OK,
C,"Citigroup, Inc.",SP500,1.0,script-v2.0,1.0,2026-09-14T13:31:26.727356+02:00,40.0,44.4,70.0,22.0,0.0,4.0,27.0,15.0,12.0,11213211.0,,132.2,,,5.7,5.2746,False,77.9,88.5,False,124.01,11.9,True,False,False,Sin señales de recuperación,pass,descarte,pendiente,0.0,desconocido,Pendiente de implementar,ausente,eps_stabilization (media): EPS 3.15 vs 3.06 (Diluted EPS) | dividend_maintained (baja): Dividendo actual 1.93% con caída del 6.2%,incompleto,descarte,128.21,134.75,128.21 - 134.75,123.01,125.77,123.01 - 125.77,Pérdida del soporte en 128.21 | ROE negativo durante 2 trimestres consecutivos | Ampliación de capital dilutiva | Recorte de rating a bono basura,6-12,"Citigroup, Inc. está un 6.2% por debajo de su máximo 52s. Fundamentalmente aceptable con ROE 8.5%, dividendo 1.9%. Técnicamente 🟢 base_pattern_detected. Clasificación: descarte.","Citigroup, Inc. está un 6.2% por debajo de su máximo 52s. Fundamentalmente aceptable con ROE 8.5%, dividendo 1.9%. Técnicamente 🟢 base_pattern_detected. Clasificación: descarte.",OK,
8001.T,ITOCHU CORP,ASIA,1.0,script-v2.0,1.0,2026-09-14T13:32:46.276057+02:00,39.8,40.8,84.0,3.0,0.0,1.0,37.0,19.0,18.0,13820155.0,4.72,15.3,,22.43,1.4,80.3128,False,88.3,86.0,False,2018.67,15.9,True,True,False,Sin señales de recuperación,pass,descarte,pendiente,0.0,desconocido,Pendiente de implementar,ausente,dividend_maintained (baja): Dividendo actual 1.88% con caída del 1.4%,incompleto,descarte,2048.28,2095.5,2048.28 - 2095.50,1989.32,2017.47,1989.32 - 2017.47,Pérdida del soporte en 2095.50 | ROE negativo durante 2 trimestres consecutivos | Ampliación de capital dilutiva | Recorte de rating a bono basura,6-12,"ITOCHU CORP está un 1.4% por debajo de su máximo 52s. Fundamentalmente aceptable con ROE 14.1%, deuda neta/EBITDA 4.7x. Técnicamente 🟢 base_pattern_detected, 🟡 trendline_break. Clasificación: descarte.","ITOCHU CORP está un 1.4% por debajo de su máximo 52s. Fundamentalmente aceptable con ROE 14.1%, deuda neta/EBITDA 4.7x. Técnicamente 🟢 base_pattern_detected, 🟡 trendline_break. Clasificación: descarte.",OK,
SUN.AX,SUNCORP FPO [SUN],ASX,1.0,script-v2.0,1.0,2026-09-14T13:32:20.972188+02:00,39.8,41.1,88.0,0.0,0.0,1.0,36.0,30.0,6.0,2860160.0,0.96,5.2,,13.79,13.5,0.6835,False,100.0,86.4,False,17.0,16.5,False,True,False,Sin señales de recuperación,pass,descarte,pendiente,0.0,desconocido,Pendiente de implementar,ausente,dividend_maintained (baja): Dividendo actual 3.48% con caída del 6.6%,incompleto,descarte,18.07,18.68,18.07 - 18.68,16.87,18.03,16.87 - 18.03,Pérdida del soporte en 18.07 | ROE negativo durante 2 trimestres consecutivos | Ampliación de capital dilutiva | Recorte de rating a bono basura,6-12,"SUNCORP FPO [SUN] está un 6.6% por debajo de su máximo 52s. Fundamentalmente aceptable con ROE 10.1%, deuda neta/EBITDA 1.0x. Técnicamente 🟢 Cruce alcista MACD, 🟡 trendline_break. Clasificación: descarte.","SUNCORP FPO [SUN] está un 6.6% por debajo de su máximo 52s. Fundamentalmente aceptable con ROE 10.1%, deuda neta/EBITDA 1.0x. Técnicamente 🟢 Cruce alcista MACD, 🟡 trendline_break. Clasificación: descarte.",OK,
6861.T,KEYENCE CORP,ASIA,1.0,script-v2.0,1.0,2026-09-14T13:32:38.000589+02:00,39.6,37.8,73.0,7.0,0.0,4.0,45.0,45.0,0.0,629180.0,-2.33,,,27.73,13.6,3382.7902,False,23.0,19.9,False,69294.04,9.6,False,False,False,Sin señales de recuperación,pass,descarte,pendiente,0.0,desconocido,Pendiente de implementar,ausente,"dividend_maintained (baja): Dividendo actual 0.72% con caída del 13.6% | analyst_upgrade (media): Target 97866.66 vs precio 75960.00 (+29%), recMean 1.47, recKey strong_buy",razonable,descarte,73615.0,75960.0,73615.00 - 75960.00,67694.1,74732.0,67694.10 - 74732.00,Pérdida del soporte en 73615.00 | ROE negativo durante 2 trimestres consecutivos | Ampliación de capital dilutiva | Recorte de rating a bono basura,6-12,"KEYENCE CORP está un 13.6% por debajo de su máximo 52s. Fundamentalmente débil con deuda neta/EBITDA -2.3x, dividendo 0.7%. Técnicamente 🟡 MACD convergiendo, 🟢 Cerca de soporte. Clasificación: descarte.","KEYENCE CORP está un 13.6% por debajo de su máximo 52s. Fundamentalmente débil con deuda neta/EBITDA -2.3x, dividendo 0.7%. Técnicamente 🟡 MACD convergiendo, 🟢 Cerca de soporte. Clasificación: descarte.",OK,
ABBV,AbbVie Inc.,SP500,1.0,script-v2.0,1.0,2026-09-14T13:31:08.139736+02:00,38.8,38.1,69.0,11.0,0.0,12.0,41.0,35.0,6.0,6421882.0,2.09,-2.7,1.4,16.86,3.9,11.4044,False,51.4,37.6,False,226.91,13.3,False,True,False,,pass,descarte,pendiente,0.0,desconocido,Pendiente de implementar,confirmada,margin_stabilization (media): Margen gross 74.7% vs 71.9% (+2.9 pp) | eps_stabilization (media): EPS 2.03 vs 0.39 (Diluted EPS) | debt_reduction (alta): Deuda 70885.0M vs 72858.0M | dividend_maintained (baja): Dividendo actual 2.69% con caída del 3.9%,incompleto,descarte,246.64,254.22,246.64 - 254.22,226.31,227.35,226.31 - 227.35,Pérdida del soporte en 246.64 | ROE negativo durante 2 trimestres consecutivos | Ampliación de capital dilutiva | Recorte de rating a bono basura,6-12,"AbbVie Inc. está un 3.9% por debajo de su máximo 52s. Fundamentalmente débil con deuda neta/EBITDA 2.1x, dividendo 2.7%. Técnicamente 🟡 MACD convergiendo, 🟢 Cerca de soporte. Clasificación: descarte.","AbbVie Inc. está un 3.9% por debajo de su máximo 52s. Fundamentalmente débil con deuda neta/EBITDA 2.1x, dividendo 2.7%. Técnicamente 🟡 MACD convergiendo, 🟢 Cerca de soporte. Clasificación: descarte.",OK,
BAS.DE,BASF SE                       N,EUROSTOXX,1.0,script-v2.0,1.0,2026-09-14T13:29:50.673736+02:00,38.4,41.2,70.0,16.0,0.0,4.0,30.0,12.0,18.0,1910618.0,2.86,12.7,-1.0,9.87,3.5,1.3029,False,42.5,46.4,False,48.53,8.0,True,True,False,Sin señales de recuperación,pass,descarte,pendiente,0.0,desconocido,Pendiente de implementar,ausente,eps_stabilization (media): EPS 4.78 vs 1.06 (Diluted EPS) | dividend_maintained (baja): Dividendo actual 4.29% con caída del 4.8%,incompleto,descarte,49.02,50.6,49.02 - 50.60,46.79,48.11,46.79 - 48.11,Pérdida del soporte en 49.02 | ROE negativo durante 2 trimestres consecutivos | Ampliación de capital dilutiva | Recorte de rating a bono basura,6-12,"BASF SE                       N está un 4.8% por debajo de su máximo 52s. Fundamentalmente aceptable con ROE 6.1%, deuda neta/EBITDA 2.9x. Técnicamente 🟢 base_pattern_detected, 🟡 trendline_break. Clasificación: descarte.","BASF SE                       N está un 4.8% por debajo de su máximo 52s. Fundamentalmente aceptable con ROE 6.1%, deuda neta/EBITDA 2.9x. Técnicamente 🟢 base_pattern_detected, 🟡 trendline_break. Clasificación: descarte.",OK,
ISP.MI,INTESA SANPAOLO,EUROSTOXX,1.0,script-v2.0,1.0,2026-09-14T13:30:32.157647+02:00,38.4,37.5,70.0,9.0,0.0,1.0,41.0,35.0,6.0,48763278.0,,182.8,,,3.1,0.3494,False,50.6,55.5,False,5.88,14.3,False,True,False,Sin señales de recuperación,pass,descarte,pendiente,0.0,desconocido,Pendiente de implementar,ausente,dividend_maintained (baja): Dividendo actual 5.66% con caída del 3.1%,incompleto,descarte,6.51,6.61,6.51 - 6.61,5.83,5.9,5.83 - 5.90,Pérdida del soporte en 6.51 | ROE negativo durante 2 trimestres consecutivos | Ampliación de capital dilutiva | Recorte de rating a bono basura,6-12,"INTESA SANPAOLO está un 3.1% por debajo de su máximo 52s. Fundamentalmente débil con ROE 14.3%, dividendo 5.7%. Técnicamente 🟡 MACD convergiendo, 🟢 Cerca de soporte. Clasificación: descarte.","INTESA SANPAOLO está un 3.1% por debajo de su máximo 52s. Fundamentalmente débil con ROE 14.3%, dividendo 5.7%. Técnicamente 🟡 MACD convergiendo, 🟢 Cerca de soporte. Clasificación: descarte.",OK,
BAYN.DE,Bayer AG                      N,EUROSTOXX,1.0,script-v2.0,1.0,2026-09-14T13:29:50.946730+02:00,38.2,40.6,55.0,28.0,0.0,6.0,31.0,25.0,6.0,2738080.0,3.29,-5.6,1.6,7.97,6.8,2.9916,False,98.4,56.3,False,42.46,18.4,False,True,True,,pass,pendiente_confirmacion,pendiente,0.0,desconocido,Pendiente de implementar,parcial,debt_reduction (alta): Deuda 38431.0M vs 40697.0M | dividend_maintained (baja): Dividendo actual 0.22% con caída del 6.8%,incompleto,pendiente_confirmacion,47.29,48.62,47.29 - 48.62,41.81,45.83,41.81 - 45.83,Pérdida del soporte en 47.29 | ROE negativo durante 2 trimestres consecutivos | Ampliación de capital dilutiva | Recorte de rating a bono basura,6-12,"Bayer AG                      N está un 6.8% por debajo de su máximo 52s. Fundamentalmente aceptable con ROE -5.7%, deuda neta/EBITDA 3.3x. Técnicamente 🟡 MACD convergiendo, 🟡 trendline_break. Clasificación: pendiente_confirmacion.","Bayer AG                      N está un 6.8% por debajo de su máximo 52s. Fundamentalmente aceptable con ROE -5.7%, deuda neta/EBITDA 3.3x. Técnicamente 🟡 MACD convergiendo, 🟡 trendline_break. Clasificación: pendiente_confirmacion.",OK,
BAC,Bank of America Corporation,SP500,1.0,script-v2.0,1.0,2026-09-14T13:31:25.261441+02:00,38.1,38.9,73.0,9.0,0.0,4.0,36.0,30.0,6.0,32281717.0,,115.6,,,3.4,3.0712,False,62.5,70.8,False,54.68,14.7,False,True,False,Sin señales de recuperación,pass,descarte,pendiente,0.0,desconocido,Pendiente de implementar,ausente,eps_stabilization (media): EPS 1.21 vs 1.11 (Diluted EPS) | dividend_maintained (baja): Dividendo actual 2.04% con caída del 3.9%,incompleto,descarte,59.45,61.72,59.45 - 61.72,54.53,55.45,54.53 - 55.45,Pérdida del soporte en 59.45 | ROE negativo durante 2 trimestres consecutivos | Ampliación de capital dilutiva | Recorte de rating a bono basura,6-12,"Bank of America Corporation está un 3.9% por debajo de su máximo 52s. Fundamentalmente débil con ROE 11.2%, dividendo 2.0%. Técnicamente 🟡 MACD convergiendo, 🟡 trendline_break. Clasificación: descarte.","Bank of America Corporation está un 3.9% por debajo de su máximo 52s. Fundamentalmente débil con ROE 11.2%, dividendo 2.0%. Técnicamente 🟡 MACD convergiendo, 🟡 trendline_break. Clasificación: descarte.",OK,
8316.T,SUMITOMO MITSUI FINANCIAL GROUP,ASIA,1.0,script-v2.0,1.0,2026-09-14T13:32:32.086290+02:00,38.0,37.0,69.0,9.0,0.0,4.0,41.0,35.0,6.0,12189452.0,,81.7,,,3.2,409.7409,False,70.8,61.2,False,5978.18,17.6,False,True,False,Sin señales de recuperación,pass,descarte,pendiente,0.0,desconocido,Pendiente de implementar,ausente,eps_stabilization (media): EPS 131.59 vs 97.44 (Diluted EPS) | dividend_maintained (baja): Dividendo actual 1.28% con caída del 3.2%,incompleto,descarte,6507.83,6859.84,6507.83 - 6859.84,5839.28,6171.0,5839.28 - 6171.00,Pérdida del soporte en 6507.83 | ROE negativo durante 2 trimestres consecutivos | Ampliación de capital dilutiva | Recorte de rating a bono basura,6-12,"SUMITOMO MITSUI FINANCIAL GROUP está un 3.2% por debajo de su máximo 52s. Fundamentalmente débil con ROE 8.6%, dividendo 1.3%. Técnicamente 🟢 Cruce alcista MACD, 🟡 trendline_break. Clasificación: descarte.","SUMITOMO MITSUI FINANCIAL GROUP está un 3.2% por debajo de su máximo 52s. Fundamentalmente débil con ROE 8.6%, dividendo 1.3%. Técnicamente 🟢 Cruce alcista MACD, 🟡 trendline_break. Clasificación: descarte.",OK,
0005.HK,HSBC HOLDINGS,ASIA,1.0,script-v2.0,1.0,2026-09-14T13:32:46.859696+02:00,37.8,43.1,73.0,17.0,0.0,4.0,22.0,16.0,6.0,13031328.0,,723.2,,,2.8,9.2436,False,67.0,60.4,False,141.49,16.5,False,True,False,Sin señales de recuperación | Sin suelo técnico identificado,pass,descarte,pendiente,0.0,desconocido,Pendiente de implementar,ausente,eps_stabilization (media): EPS 0.40 vs 0.39 (Diluted EPS) | dividend_maintained (baja): Dividendo actual 3.56% con caída del 2.8%,sin_suelo,descarte,159.3,161.1,159.30 - 161.10,138.2,144.24,138.20 - 144.24,Pérdida del soporte en 159.30 | ROE negativo durante 2 trimestres consecutivos | Ampliación de capital dilutiva | Recorte de rating a bono basura,6-12,"HSBC HOLDINGS está un 2.8% por debajo de su máximo 52s. Fundamentalmente aceptable con ROE 13.1%, dividendo 3.6%. Técnicamente 🟢 Cerca de soporte, 🟡 trendline_break. Clasificación: descarte.","HSBC HOLDINGS está un 2.8% por debajo de su máximo 52s. Fundamentalmente aceptable con ROE 13.1%, dividendo 3.6%. Técnicamente 🟢 Cerca de soporte, 🟡 trendline_break. Clasificación: descarte.",OK,
WFC,Wells Fargo & Company,SP500,1.0,script-v2.0,1.0,2026-09-14T13:31:26.303937+02:00,37.7,41.9,75.0,13.0,0.0,4.0,25.0,19.0,6.0,14584259.0,,121.3,,,6.1,1.925,False,88.3,88.5,False,84.26,7.2,False,True,False,Sin señales de recuperación,pass,descarte,pendiente,0.0,desconocido,Pendiente de implementar,ausente,eps_stabilization (media): EPS 2.00 vs 1.60 (Diluted EPS) | dividend_maintained (baja): Dividendo actual 2.22% con caída del 7.6%,incompleto,descarte,82.89,86.83,82.89 - 86.83,83.1,84.3,83.10 - 84.30,Pérdida del soporte en 82.89 | ROE negativo durante 2 trimestres consecutivos | Ampliación de capital dilutiva | Recorte de rating a bono basura,6-12,"Wells Fargo & Company está un 7.6% por debajo de su máximo 52s. Fundamentalmente aceptable con ROE 12.6%, dividendo 2.2%. Técnicamente 🟡 trendline_break. Clasificación: descarte.","Wells Fargo & Company está un 7.6% por debajo de su máximo 52s. Fundamentalmente aceptable con ROE 12.6%, dividendo 2.2%. Técnicamente 🟡 trendline_break. Clasificación: descarte.",OK,
INGA.AS,ING GROEP N.V.,EUROSTOXX,1.0,script-v2.0,1.0,2026-09-14T13:30:26.314160+02:00,37.7,40.3,76.0,9.0,0.0,4.0,30.0,24.0,6.0,5729109.0,,43.3,,,1.5,2.1591,False,79.6,82.1,False,25.73,23.7,False,True,False,Sin señales de recuperación,pass,descarte,pendiente,0.0,desconocido,Pendiente de implementar,ausente,eps_stabilization (media): EPS 0.54 vs 0.48 (Diluted EPS) | dividend_maintained (baja): Dividendo actual 3.58% con caída del 1.5%,incompleto,descarte,29.89,30.37,29.89 - 30.37,25.37,27.45,25.37 - 27.45,Pérdida del soporte en 30.37 | ROE negativo durante 2 trimestres consecutivos | Ampliación de capital dilutiva | Recorte de rating a bono basura,6-12,"ING GROEP N.V. está un 1.5% por debajo de su máximo 52s. Fundamentalmente aceptable con ROE 17.1%, dividendo 3.6%. Técnicamente 🟢 Cerca de soporte, 🟡 trendline_break. Clasificación: descarte.","ING GROEP N.V. está un 1.5% por debajo de su máximo 52s. Fundamentalmente aceptable con ROE 17.1%, dividendo 3.6%. Técnicamente 🟢 Cerca de soporte, 🟡 trendline_break. Clasificación: descarte.",OK,
VOD.L,VODAFONE GROUP PLC ORD USD0.20 ,EUROSTOXX,1.0,script-v2.0,1.0,2026-09-14T13:30:57.938348+02:00,37.5,39.0,47.0,32.0,0.0,4.0,33.0,15.0,18.0,88808656.0,4.46,5.8,,8.19,0.7,5.1582,False,96.8,94.3,False,112.28,16.0,True,True,False,Sin señales de recuperación,pass,descarte,pendiente,0.0,desconocido,Pendiente de implementar,ausente,eps_stabilization (media): EPS -0.02 vs -0.16 (annual_eps_fallback) | dividend_maintained (baja): Dividendo actual 0.03% con caída del 0.7%,incompleto,descarte,111.6,117.27,111.60 - 117.27,110.4,111.43,110.40 - 111.43,Pérdida del soporte en 111.60 | ROE negativo durante 2 trimestres consecutivos | Ampliación de capital dilutiva | Recorte de rating a bono basura,6-12,"VODAFONE GROUP PLC ORD USD0.20  está un 0.7% por debajo de su máximo 52s. Fundamentalmente débil con ROE 0.1%, deuda neta/EBITDA 4.5x. Técnicamente 🟢 base_pattern_detected, 🟡 trendline_break. Clasificación: descarte.","VODAFONE GROUP PLC ORD USD0.20  está un 0.7% por debajo de su máximo 52s. Fundamentalmente débil con ROE 0.1%, deuda neta/EBITDA 4.5x. Técnicamente 🟢 base_pattern_detected, 🟡 trendline_break. Clasificación: descarte.",OK,
SJM,The J.M. Smucker Company,SP500,1.0,script-v2.0,1.0,2026-09-14T13:31:57.422745+02:00,37.4,39.8,67.0,16.0,0.0,9.0,30.0,18.0,12.0,1409041.0,3.05,-2.1,-0.8,8.76,10.9,6.2795,False,7.3,6.6,True,106.2,14.1,False,True,False,,pass,descarte,pendiente,0.0,desconocido,Pendiente de implementar,parcial,margin_stabilization (media): Margen gross 44.1% vs 38.0% (+6.1 pp) | debt_reduction (alta): Deuda 6940.2M vs 7089.0M | dividend_maintained (baja): Dividendo actual 3.70% con caída del 10.9%,incompleto,descarte,113.63,119.46,113.63 - 119.46,105.37,115.51,105.37 - 115.51,Pérdida del soporte en 113.63 | ROE negativo durante 2 trimestres consecutivos | Ampliación de capital dilutiva | Recorte de rating a bono basura,6-12,"The J.M. Smucker Company está un 10.9% por debajo de su máximo 52s. Fundamentalmente débil con ROE 3.9%, deuda neta/EBITDA 3.0x. Técnicamente 🟢 Estocástico sale de sobreventa, 🟡 trendline_break. Clasificación: descarte.","The J.M. Smucker Company está un 10.9% por debajo de su máximo 52s. Fundamentalmente débil con ROE 3.9%, deuda neta/EBITDA 3.0x. Técnicamente 🟢 Estocástico sale de sobreventa, 🟡 trendline_break. Clasificación: descarte.",OK,
8306.T,MITSUBISHI UFJ FINANCIAL GROUP ,ASIA,1.0,script-v2.0,1.0,2026-09-14T13:32:29.860037+02:00,36.9,38.9,73.0,9.0,0.0,4.0,31.0,25.0,6.0,39393263.0,,321.1,,,2.4,245.1552,False,70.6,62.6,False,3063.19,21.4,False,True,False,Sin señales de recuperación,pass,descarte,pendiente,0.0,desconocido,Pendiente de implementar,ausente,eps_stabilization (media): EPS 71.59 vs 47.45 (Diluted EPS) | dividend_maintained (baja): Dividendo actual 2.58% con caída del 2.4%,incompleto,descarte,3422.4,3596.22,3422.40 - 3596.22,2994.53,3241.05,2994.53 - 3241.05,Pérdida del soporte en 3422.40 | ROE negativo durante 2 trimestres consecutivos | Ampliación de capital dilutiva | Recorte de rating a bono basura,6-12,"MITSUBISHI UFJ FINANCIAL GROUP  está un 2.4% por debajo de su máximo 52s. Fundamentalmente débil con ROE 9.5%, dividendo 2.6%. Técnicamente 🟡 MACD convergiendo, 🟡 trendline_break. Clasificación: descarte.","MITSUBISHI UFJ FINANCIAL GROUP  está un 2.4% por debajo de su máximo 52s. Fundamentalmente débil con ROE 9.5%, dividendo 2.6%. Técnicamente 🟡 MACD convergiendo, 🟡 trendline_break. Clasificación: descarte.",OK,
GPC,Genuine Parts Company,SP500,1.0,script-v2.0,1.0,2026-09-14T13:31:14.934278+02:00,36.6,35.8,63.0,12.0,0.0,12.0,39.0,21.0,18.0,1608390.0,2.97,-0.9,0.7,11.96,9.3,6.0384,False,20.7,40.2,False,118.22,13.1,True,True,False,,pass,descarte,pendiente,0.0,desconocido,Pendiente de implementar,confirmada,margin_stabilization (media): Margen gross 37.8% vs 37.3% (+0.5 pp) | eps_stabilization (media): EPS 1.65 vs 1.37 (Diluted EPS) | debt_reduction (alta): Deuda 6652.8M vs 6713.8M | dividend_maintained (baja): Dividendo actual 3.18% con caída del 11.8%,incompleto,descarte,129.75,131.17,129.75 - 131.17,117.83,128.83,117.83 - 128.83,Pérdida del soporte en 131.17 | ROE negativo durante 2 trimestres consecutivos | Ampliación de capital dilutiva | Recorte de rating a bono basura,6-12,"Genuine Parts Company está un 11.8% por debajo de su máximo 52s. Fundamentalmente débil con ROE 0.7%, deuda neta/EBITDA 3.0x. Técnicamente 🟢 Cerca de soporte, 🟢 base_pattern_detected. Clasificación: descarte.","Genuine Parts Company está un 11.8% por debajo de su máximo 52s. Fundamentalmente débil con ROE 0.7%, deuda neta/EBITDA 3.0x. Técnicamente 🟢 Cerca de soporte, 🟢 base_pattern_detected. Clasificación: descarte.",OK,
UCG.MI,UNICREDIT,EUROSTOXX,1.0,script-v2.0,1.0,2026-09-14T13:30:35.178427+02:00,36.2,39.3,74.0,9.0,0.0,1.0,27.0,21.0,6.0,4507275.0,,93.0,,,2.5,4.439,False,56.9,60.0,False,73.33,14.9,False,True,False,Sin señales de recuperación,pass,descarte,pendiente,0.0,desconocido,Pendiente de implementar,ausente,dividend_maintained (baja): Dividendo actual 3.74% con caída del 2.5%,incompleto,descarte,81.15,83.19,81.15 - 83.19,72.74,73.46,72.74 - 73.46,Pérdida del soporte en 81.15 | ROE negativo durante 2 trimestres consecutivos | Ampliación de capital dilutiva | Recorte de rating a bono basura,6-12,"UNICREDIT está un 2.5% por debajo de su máximo 52s. Fundamentalmente débil con ROE 15.8%, dividendo 3.7%. Técnicamente 🟢 Cerca de soporte, 🟡 trendline_break. Clasificación: descarte.","UNICREDIT está un 2.5% por debajo de su máximo 52s. Fundamentalmente débil con ROE 15.8%, dividendo 3.7%. Técnicamente 🟢 Cerca de soporte, 🟡 trendline_break. Clasificación: descarte.",OK,
O39.SI,OCBC Bank,ASIA,1.0,script-v2.0,1.0,2026-09-14T13:33:03.365448+02:00,36.0,35.9,77.0,0.0,0.0,4.0,36.0,30.0,6.0,6215876.0,,69.9,,,2.2,2.914,False,58.1,45.0,False,23.74,34.2,False,True,False,Sin señales de recuperación,pass,descarte,pendiente,0.0,desconocido,Pendiente de implementar,ausente,eps_stabilization (media): EPS 0.44 vs 0.42 (Diluted EPS) | dividend_maintained (baja): Dividendo actual 2.95% con caída del 2.2%,incompleto,descarte,29.68,30.72,29.68 - 30.72,23.18,27.68,23.18 - 27.68,Pérdida del soporte en 30.72 | ROE negativo durante 2 trimestres consecutivos | Ampliación de capital dilutiva | Recorte de rating a bono basura,6-12,"OCBC Bank está un 2.2% por debajo de su máximo 52s. Fundamentalmente débil con ROE 12.7%, dividendo 3.0%. Técnicamente 🟡 MACD convergiendo, 🟢 Cerca de soporte. Clasificación: descarte.","OCBC Bank está un 2.2% por debajo de su máximo 52s. Fundamentalmente débil con ROE 12.7%, dividendo 3.0%. Técnicamente 🟡 MACD convergiendo, 🟢 Cerca de soporte. Clasificación: descarte.",OK,
TCL.AX,TRANSURBAN STAPLED [TCL],ASX,1.0,script-v2.0,1.0,2026-09-14T13:32:16.322028+02:00,35.8,29.3,40.0,20.0,0.0,4.0,55.0,50.0,5.0,5255391.0,8.2,0.9,,26.72,10.7,-0.0473,False,14.1,16.7,False,14.02,-2.8,False,False,False,Sin señales de recuperación,pass,descarte,pendiente,0.0,desconocido,Pendiente de implementar,ausente,eps_stabilization (media): EPS 0.12 vs 0.04 (annual_eps_fallback) | dividend_maintained (baja): Dividendo actual 5.14% con caída del 12.7%,razonable,descarte,12.95,13.63,12.95 - 13.63,13.28,14.03,13.28 - 14.03,Pérdida del soporte en 12.95 | ROE negativo durante 2 trimestres consecutivos | Ampliación de capital dilutiva | Recorte de rating a bono basura,6-12,"TRANSURBAN STAPLED [TCL] está un 12.7% por debajo de su máximo 52s. Fundamentalmente débil con ROE 5.0%, deuda neta/EBITDA 8.2x. Técnicamente 🔵 RSI recuperándose de sobreventa, 🟡 MACD convergiendo. Clasificación: descarte.","TRANSURBAN STAPLED [TCL] está un 12.7% por debajo de su máximo 52s. Fundamentalmente débil con ROE 5.0%, deuda neta/EBITDA 8.2x. Técnicamente 🔵 RSI recuperándose de sobreventa, 🟡 MACD convergiendo. Clasificación: descarte.",OK,
8411.T,MIZUHO FINANCIAL GROUP,ASIA,1.0,script-v2.0,1.0,2026-09-14T13:32:32.094175+02:00,35.8,39.3,74.0,9.0,0.0,4.0,25.0,19.0,6.0,9202650.0,,187.6,,,1.2,561.5433,False,84.8,73.4,False,7261.65,21.0,False,True,False,Sin señales de recuperación,pass,descarte,pendiente,0.0,desconocido,Pendiente de implementar,ausente,eps_stabilization (media): EPS 173.53 vs 115.90 (Diluted EPS) | dividend_maintained (baja): Dividendo actual 1.71% con caída del 1.2%,incompleto,descarte,7826.8,8405.58,7826.80 - 8405.58,7067.93,7559.9,7067.93 - 7559.90,Pérdida del soporte en 7826.80 | ROE negativo durante 2 trimestres consecutivos | Ampliación de capital dilutiva | Recorte de rating a bono basura,6-12,"MIZUHO FINANCIAL GROUP está un 1.2% por debajo de su máximo 52s. Fundamentalmente débil con ROE 12.5%, dividendo 1.7%. Técnicamente 🟡 trendline_break. Clasificación: descarte.","MIZUHO FINANCIAL GROUP está un 1.2% por debajo de su máximo 52s. Fundamentalmente débil con ROE 12.5%, dividendo 1.7%. Técnicamente 🟡 trendline_break. Clasificación: descarte.",OK,
LLOY.L,LLOYDS BANKING GROUP PLC ORD 10,EUROSTOXX,1.0,script-v2.0,1.0,2026-09-14T13:30:54.870767+02:00,34.5,38.9,64.0,17.0,0.0,4.0,21.0,21.0,0.0,134215532.0,,66.3,,,6.5,3.7092,False,38.5,37.0,False,103.83,6.2,False,False,False,Sin señales de recuperación | Sin suelo técnico identificado,pass,descarte,pendiente,0.0,desconocido,Pendiente de implementar,ausente,eps_stabilization (media): EPS 0.02 vs 0.02 (Diluted EPS) | dividend_maintained (baja): Dividendo actual 0.04% con caída del 6.5%,sin_suelo,descarte,109.72,110.25,109.72 - 110.25,100.22,103.32,100.22 - 103.32,Pérdida del soporte en 109.72 | ROE negativo durante 2 trimestres consecutivos | Ampliación de capital dilutiva | Recorte de rating a bono basura,6-12,"LLOYDS BANKING GROUP PLC ORD 10 está un 6.5% por debajo de su máximo 52s. Fundamentalmente débil con ROE 11.3%, dividendo 0.0%. Técnicamente 🟢 Cerca de soporte. Clasificación: descarte.","LLOYDS BANKING GROUP PLC ORD 10 está un 6.5% por debajo de su máximo 52s. Fundamentalmente débil con ROE 11.3%, dividendo 0.0%. Técnicamente 🟢 Cerca de soporte. Clasificación: descarte.",OK,
HSBA.L,HSBC HOLDINGS PLC ORD $0.50 (UK,EUROSTOXX,1.0,script-v2.0,1.0,2026-09-14T13:30:54.363743+02:00,34.4,39.9,66.0,17.0,0.0,4.0,18.0,12.0,6.0,22508673.0,,723.2,,,3.8,78.124,False,56.3,50.3,False,1361.19,13.8,False,True,False,Sin señales de recuperación | Sin suelo técnico identificado,pass,descarte,pendiente,0.0,desconocido,Pendiente de implementar,ausente,eps_stabilization (media): EPS 0.40 vs 0.39 (Diluted EPS) | dividend_maintained (baja): Dividendo actual 0.04% con caída del 3.8%,sin_suelo,descarte,1469.09,1524.83,1469.09 - 1524.83,1338.63,1368.5,1338.63 - 1368.50,Pérdida del soporte en 1469.09 | ROE negativo durante 2 trimestres consecutivos | Ampliación de capital dilutiva | Recorte de rating a bono basura,6-12,"HSBC HOLDINGS PLC ORD $0.50 (UK está un 3.8% por debajo de su máximo 52s. Fundamentalmente débil con ROE 13.1%, dividendo 0.0%. Técnicamente 🟡 trendline_break. Clasificación: descarte.","HSBC HOLDINGS PLC ORD $0.50 (UK está un 3.8% por debajo de su máximo 52s. Fundamentalmente débil con ROE 13.1%, dividendo 0.0%. Técnicamente 🟡 trendline_break. Clasificación: descarte.",OK,
GM,General Motors Company,SP500,1.0,script-v2.0,1.0,2026-09-14T13:32:00.055189+02:00,34.3,30.7,43.0,20.0,0.0,1.0,45.0,39.0,6.0,6956212.0,6.32,0.8,4.4,10.98,6.6,3.1234,False,52.8,39.5,False,80.12,6.9,False,True,False,Sin señales de recuperación,pass,descarte,pendiente,0.0,desconocido,Pendiente de implementar,ausente,dividend_maintained (baja): Dividendo actual 0.84% con caída del 6.8%,razonable,descarte,83.83,85.06,83.83 - 85.06,78.07,79.85,78.07 - 79.85,Pérdida del soporte en 85.06 | ROE negativo durante 2 trimestres consecutivos | Ampliación de capital dilutiva | Recorte de rating a bono basura,6-12,"General Motors Company está un 6.8% por debajo de su máximo 52s. Fundamentalmente débil con ROE 3.2%, deuda neta/EBITDA 6.3x. Técnicamente 🟡 MACD convergiendo, 🟢 Cerca de soporte. Clasificación: descarte.","General Motors Company está un 6.8% por debajo de su máximo 52s. Fundamentalmente débil con ROE 3.2%, deuda neta/EBITDA 6.3x. Técnicamente 🟡 MACD convergiendo, 🟢 Cerca de soporte. Clasificación: descarte.",OK,
D05.SI,DBS,ASIA,1.0,script-v2.0,1.0,2026-09-14T13:33:01.924816+02:00,33.7,35.9,77.0,0.0,0.0,4.0,27.0,21.0,6.0,4303020.0,,184.1,,,1.8,5.5965,False,61.9,51.2,False,62.29,24.7,False,True,False,Sin señales de recuperación,pass,descarte,pendiente,0.0,desconocido,Pendiente de implementar,ausente,eps_stabilization (media): EPS 1.03 vs 1.02 (Diluted EPS) | dividend_maintained (baja): Dividendo actual 4.09% con caída del 1.8%,incompleto,descarte,72.82,74.29,72.82 - 74.29,61.31,67.19,61.31 - 67.19,Pérdida del soporte en 72.82 | ROE negativo durante 2 trimestres consecutivos | Ampliación de capital dilutiva | Recorte de rating a bono basura,6-12,"DBS está un 1.8% por debajo de su máximo 52s. Fundamentalmente débil con ROE 16.2%, dividendo 4.1%. Técnicamente 🟡 MACD convergiendo, 🟡 trendline_break. Clasificación: descarte.","DBS está un 1.8% por debajo de su máximo 52s. Fundamentalmente débil con ROE 16.2%, dividendo 4.1%. Técnicamente 🟡 MACD convergiendo, 🟡 trendline_break. Clasificación: descarte.",OK,
LIN.DE,Linde plc                     R,EUROSTOXX,1.0,script-v2.0,1.0,2026-09-14T13:30:03.624790+02:00,32.2,17.6,0.0,33.0,0.0,4.0,76.0,59.0,17.0,13463.0,1.76,6.4,-0.7,15.99,15.2,-1.5572,False,33.6,18.7,False,416.39,-2.7,True,False,False,No supera filtrado cuantitativo mínimo | Sin señales de recuperación,fail,descarte,pendiente,0.0,desconocido,Pendiente de implementar,ausente,eps_stabilization (media): EPS 4.15 vs 3.98 (Diluted EPS) | dividend_maintained (baja): Dividendo actual 1.53% con caída del 15.5%,fuerte,descarte,384.75,405.0,384.75 - 405.00,407.49,412.28,407.49 - 412.28,Pérdida del soporte en 384.75 | ROE negativo durante 2 trimestres consecutivos | Ampliación de capital dilutiva | Recorte de rating a bono basura,6-12,"Linde plc                     R está un 15.5% por debajo de su máximo 52s. Fundamentalmente débil con deuda neta/EBITDA 1.8x, dividendo 1.5%. Técnicamente 🔵 RSI recuperándose de sobreventa, 🟢 Divergencia alcista RSI. Clasificación: descarte.","Linde plc                     R está un 15.5% por debajo de su máximo 52s. Fundamentalmente débil con deuda neta/EBITDA 1.8x, dividendo 1.5%. Técnicamente 🔵 RSI recuperándose de sobreventa, 🟢 Divergencia alcista RSI. Clasificación: descarte.",OK,
COL.AX,COLESGROUP FPO [COL],ASX,1.0,script-v2.0,1.0,2026-09-14T13:32:17.535825+02:00,31.8,34.1,73.0,0.0,0.0,6.0,25.0,25.0,0.0,2753258.0,3.53,-4.2,,15.28,3.2,0.486,False,53.3,59.2,False,21.94,6.8,False,False,False,,pass,descarte,pendiente,0.0,desconocido,Pendiente de implementar,parcial,debt_reduction (alta): Deuda 9892.0M vs 10327.0M | dividend_maintained (baja): Dividendo actual 3.16% con caída del 4.7%,incompleto,descarte,22.06,23.24,22.06 - 23.24,20.9,21.86,20.90 - 21.86,Pérdida del soporte en 22.06 | ROE negativo durante 2 trimestres consecutivos | Ampliación de capital dilutiva | Recorte de rating a bono basura,6-12,"COLESGROUP FPO [COL] está un 4.7% por debajo de su máximo 52s. Fundamentalmente débil con ROE 28.1%, deuda neta/EBITDA 3.5x. Técnicamente 🟡 MACD convergiendo. Clasificación: descarte.","COLESGROUP FPO [COL] está un 4.7% por debajo de su máximo 52s. Fundamentalmente débil con ROE 28.1%, deuda neta/EBITDA 3.5x. Técnicamente 🟡 MACD convergiendo. Clasificación: descarte.",OK,
NAB.AX,NAT. BANK FPO [NAB],ASX,1.0,script-v2.0,1.0,2026-09-14T13:32:10.480788+02:00,31.8,17.1,0.0,32.0,0.0,1.0,76.0,59.0,17.0,4722285.0,,38.0,,,20.0,-0.3854,False,62.4,47.9,False,40.76,-5.0,True,False,False,No supera filtrado cuantitativo mínimo | Sin señales de recuperación,fail,descarte,pendiente,0.0,desconocido,Pendiente de implementar,ausente,dividend_maintained (baja): Dividendo actual 4.39% con caída del 21.7%,fuerte,descarte,38.04,38.72,38.04 - 38.72,40.72,42.03,40.72 - 42.03,Pérdida del soporte en 38.04 | ROE negativo durante 2 trimestres consecutivos | Ampliación de capital dilutiva | Recorte de rating a bono basura,6-12,"NAT. BANK FPO [NAB] está un 21.7% por debajo de su máximo 52s. Fundamentalmente débil con dividendo 4.4%. Técnicamente 🟢 Cruce alcista MACD, 🟢 Cerca de soporte. Clasificación: descarte.","NAT. BANK FPO [NAB] está un 21.7% por debajo de su máximo 52s. Fundamentalmente débil con dividendo 4.4%. Técnicamente 🟢 Cruce alcista MACD, 🟢 Cerca de soporte. Clasificación: descarte.",OK,
UBSG.SW,UBS GROUP N,EUROSTOXX,1.0,script-v2.0,1.0,2026-09-14T13:30:48.786468+02:00,31.6,33.1,71.0,0.0,0.0,1.0,27.0,21.0,6.0,5283846.0,,74.2,,,2.9,2.797,False,39.3,58.3,False,36.88,18.6,False,True,False,Sin señales de recuperación,pass,descarte,pendiente,0.0,desconocido,Pendiente de implementar,ausente,dividend_maintained (baja): Dividendo actual 1.97% con caída del 2.9%,incompleto,descarte,42.19,43.29,42.19 - 43.29,36.37,38.28,36.37 - 38.28,Pérdida del soporte en 42.19 | ROE negativo durante 2 trimestres consecutivos | Ampliación de capital dilutiva | Recorte de rating a bono basura,6-12,"UBS GROUP N está un 2.9% por debajo de su máximo 52s. Fundamentalmente débil con ROE 10.7%, dividendo 2.0%. Técnicamente 🟢 Cerca de soporte, 🟡 trendline_break. Clasificación: descarte.","UBS GROUP N está un 2.9% por debajo de su máximo 52s. Fundamentalmente débil con ROE 10.7%, dividendo 2.0%. Técnicamente 🟢 Cerca de soporte, 🟡 trendline_break. Clasificación: descarte.",OK,
MRK,"Merck & Company, Inc.",SP500,1.0,script-v2.0,1.0,2026-09-14T13:31:43.199351+02:00,31.3,31.7,68.0,0.0,0.0,4.0,30.0,12.0,18.0,10373827.0,1.62,9.8,3.0,13.92,8.3,9.4455,False,1.9,7.5,False,120.14,19.8,True,True,False,Sin señales de recuperación,pass,descarte,pendiente,0.0,desconocido,Pendiente de implementar,ausente,eps_stabilization (media): EPS -0.54 vs -1.72 (Diluted EPS) | dividend_maintained (baja): Dividendo actual 2.36% con caída del 8.3%,incompleto,descarte,125.43,136.04,125.43 - 136.04,118.49,133.38,118.49 - 133.38,Pérdida del soporte en 125.43 | ROE negativo durante 2 trimestres consecutivos | Ampliación de capital dilutiva | Recorte de rating a bono basura,6-12,"Merck & Company, Inc. está un 8.3% por debajo de su máximo 52s. Fundamentalmente débil con ROE 7.0%, deuda neta/EBITDA 1.6x. Técnicamente 🟢 base_pattern_detected, 🟡 trendline_break. Clasificación: descarte.","Merck & Company, Inc. está un 8.3% por debajo de su máximo 52s. Fundamentalmente débil con ROE 7.0%, deuda neta/EBITDA 1.6x. Técnicamente 🟢 base_pattern_detected, 🟡 trendline_break. Clasificación: descarte.",OK,
GILD,"Gilead Sciences, Inc.",SP500,1.0,script-v2.0,1.0,2026-09-14T13:31:45.092602+02:00,31.0,28.4,54.0,6.0,0.0,4.0,39.0,21.0,18.0,6852267.0,1.46,18.4,0.0,13.66,7.5,3.8167,False,5.8,16.5,False,134.4,6.9,True,True,False,Sin señales de recuperación,pass,descarte,pendiente,0.0,desconocido,Pendiente de implementar,ausente,margin_stabilization (media): Margen gross 79.8% vs 79.2% (+0.5 pp) | dividend_maintained (baja): Dividendo actual 2.28% con caída del 8.6%,incompleto,descarte,138.09,143.18,138.09 - 143.18,133.7,133.79,133.70 - 133.79,Pérdida del soporte en 143.18 | ROE negativo durante 2 trimestres consecutivos | Ampliación de capital dilutiva | Recorte de rating a bono basura,6-12,"Gilead Sciences, Inc. está un 8.6% por debajo de su máximo 52s. Fundamentalmente débil con ROE -20.7%, deuda neta/EBITDA 1.5x. Técnicamente 🟢 Cerca de soporte, 🟢 base_pattern_detected. Clasificación: descarte.","Gilead Sciences, Inc. está un 8.6% por debajo de su máximo 52s. Fundamentalmente débil con ROE -20.7%, deuda neta/EBITDA 1.5x. Técnicamente 🟢 Cerca de soporte, 🟢 base_pattern_detected. Clasificación: descarte.",OK,
TIT.MI,TELECOM ITALIA,EUROSTOXX,1.0,script-v2.0,1.0,2026-09-14T13:30:35.621344+02:00,30.9,28.1,34.0,23.0,0.0,8.0,39.0,39.0,0.0,10042690.0,2.98,-7.6,5.8,7.67,6.7,0.3657,False,50.9,36.9,False,6.78,12.7,False,False,False,,pass,descarte,pendiente,0.0,desconocido,Pendiente de implementar,parcial,margin_stabilization (media): Margen gross 44.3% vs 43.2% (+1.1 pp) | debt_reduction (alta): Deuda 13523.0M vs 14636.0M,incompleto,descarte,7.4,7.64,7.40 - 7.64,6.66,6.96,6.66 - 6.96,Pérdida del soporte en 7.40 | ROE negativo durante 2 trimestres consecutivos | Ampliación de capital dilutiva | Recorte de rating a bono basura,6-12,"TELECOM ITALIA está un 6.7% por debajo de su máximo 52s. Fundamentalmente débil con ROE 3.9%, deuda neta/EBITDA 3.0x. Técnicamente 🟡 MACD convergiendo, 🟢 Cerca de soporte. Clasificación: descarte.","TELECOM ITALIA está un 6.7% por debajo de su máximo 52s. Fundamentalmente débil con ROE 3.9%, deuda neta/EBITDA 3.0x. Técnicamente 🟡 MACD convergiendo, 🟢 Cerca de soporte. Clasificación: descarte.",OK,
ML.PA,MICHELIN,EUROSTOXX,1.0,script-v2.0,1.0,2026-09-14T13:30:15.061628+02:00,27.7,30.9,0.0,58.0,0.0,1.0,18.0,18.0,0.0,1519101.0,1.12,19.5,,1.12,7.1,1.0394,False,2.7,5.7,False,31.45,5.6,False,False,False,Sin señales de recuperación | Sin suelo técnico identificado,pass,descarte,pendiente,0.0,desconocido,Pendiente de implementar,ausente,dividend_maintained (baja): Dividendo actual 13.55% con caída del 7.1%,sin_suelo,descarte,31.42,33.2,31.42 - 33.20,30.36,31.11,30.36 - 31.11,Pérdida del soporte en 31.42 | ROE negativo durante 2 trimestres consecutivos | Ampliación de capital dilutiva | Recorte de rating a bono basura,6-12,"MICHELIN está un 7.1% por debajo de su máximo 52s. Fundamentalmente débil con deuda neta/EBITDA 1.1x, dividendo 13.6%. Técnicamente sin suelo técnico identificado. Clasificación: descarte.","MICHELIN está un 7.1% por debajo de su máximo 52s. Fundamentalmente débil con deuda neta/EBITDA 1.1x, dividendo 13.6%. Técnicamente sin suelo técnico identificado. Clasificación: descarte.",OK,
APA.AX,APA GROUP STAPLED [APA],ASX,1.0,script-v2.0,1.0,2026-09-14T13:32:23.384342+02:00,27.0,24.7,53.0,0.0,0.0,4.0,34.0,16.0,18.0,2716006.0,6.08,1.2,,13.09,1.1,0.3796,False,64.7,74.7,False,9.68,12.3,True,True,False,No supera filtrado cuantitativo mínimo | Sin señales de recuperación,fail,descarte,pendiente,0.0,desconocido,Pendiente de implementar,ausente,eps_stabilization (media): EPS 0.16 vs 0.08 (annual_eps_fallback) | dividend_maintained (baja): Dividendo actual 5.34% con caída del 2.1%,incompleto,descarte,10.34,10.68,10.34 - 10.68,9.43,9.58,9.43 - 9.58,Pérdida del soporte en 10.68 | ROE negativo durante 2 trimestres consecutivos | Ampliación de capital dilutiva | Recorte de rating a bono basura,6-12,"APA GROUP STAPLED [APA] está un 2.1% por debajo de su máximo 52s. Fundamentalmente débil con ROE 8.7%, deuda neta/EBITDA 6.1x. Técnicamente 🟢 Cerca de soporte, 🟢 base_pattern_detected. Clasificación: descarte.","APA GROUP STAPLED [APA] está un 2.1% por debajo de su máximo 52s. Fundamentalmente débil con ROE 8.7%, deuda neta/EBITDA 6.1x. Técnicamente 🟢 Cerca de soporte, 🟢 base_pattern_detected. Clasificación: descarte.",OK,
8766.T,TOKIO MARINE HOLDINGS INC,ASIA,1.0,script-v2.0,1.0,2026-09-14T13:32:40.954513+02:00,27.0,24.7,53.0,0.0,0.0,1.0,34.0,28.0,6.0,5214815.0,-2.07,243.4,,13.6,3.1,356.9413,False,93.8,78.4,False,6934.84,18.3,False,True,False,No supera filtrado cuantitativo mínimo | Sin señales de recuperación,fail,descarte,pendiente,0.0,desconocido,Pendiente de implementar,ausente,dividend_maintained (baja): Dividendo actual 1.59% con caída del 3.1%,incompleto,descarte,7185.87,7767.18,7185.87 - 7767.18,6798.65,7197.8,6798.65 - 7197.80,Pérdida del soporte en 7185.87 | ROE negativo durante 2 trimestres consecutivos | Ampliación de capital dilutiva | Recorte de rating a bono basura,6-12,"TOKIO MARINE HOLDINGS INC está un 3.1% por debajo de su máximo 52s. Fundamentalmente débil con deuda neta/EBITDA -2.1x, dividendo 1.6%. Técnicamente 🟢 Divergencia alcista RSI, 🟡 trendline_break. Clasificación: descarte.","TOKIO MARINE HOLDINGS INC está un 3.1% por debajo de su máximo 52s. Fundamentalmente débil con deuda neta/EBITDA -2.1x, dividendo 1.6%. Técnicamente 🟢 Divergencia alcista RSI, 🟡 trendline_break. Clasificación: descarte.",OK,
DE,Deere & Company,SP500,1.0,script-v2.0,1.0,2026-09-14T13:31:35.609374+02:00,26.6,28.5,61.0,0.0,0.0,6.0,21.0,15.0,6.0,1226043.0,4.61,-24.5,-9.3,25.8,4.3,29.1485,False,66.0,71.2,False,575.53,17.4,False,True,False,Sin suelo técnico identificado,pass,descarte,pendiente,0.0,desconocido,Pendiente de implementar,parcial,debt_reduction (alta): Deuda 48473.0M vs 64162.0M | dividend_maintained (baja): Dividendo actual 0.96% con caída del 4.3%,sin_suelo,descarte,576.83,623.01,576.83 - 623.01,570.25,600.0,570.25 - 600.00,Pérdida del soporte en 576.83 | ROE negativo durante 2 trimestres consecutivos | Ampliación de capital dilutiva | Recorte de rating a bono basura,6-12,"Deere & Company está un 4.3% por debajo de su máximo 52s. Fundamentalmente débil con ROE 18.2%, deuda neta/EBITDA 4.6x. Técnicamente 🟡 trendline_break. Clasificación: descarte.","Deere & Company está un 4.3% por debajo de su máximo 52s. Fundamentalmente débil con ROE 18.2%, deuda neta/EBITDA 4.6x. Técnicamente 🟡 trendline_break. Clasificación: descarte.",OK,
FRE.DE,Fresenius SE & Co. KGaA       N,EUROSTOXX,1.0,script-v2.0,1.0,2026-09-14T13:29:53.894208+02:00,23.1,17.1,0.0,32.0,0.0,12.0,41.0,35.0,6.0,1030487.0,3.34,-4.1,-0.4,11.91,11.8,0.7438,False,67.0,54.2,False,43.86,3.6,False,True,False,No supera filtrado cuantitativo mínimo,fail,descarte,pendiente,0.0,desconocido,Pendiente de implementar,confirmada,"margin_stabilization (media): Margen gross 26.1% vs 26.4% (-0.3 pp) | debt_reduction (alta): Deuda 11419.0M vs 11905.0M | dividend_maintained (baja): Dividendo actual 2.31% con caída del 14.2% | analyst_upgrade (media): Target 55.59 vs precio 45.43 (+22%), recMean 1.50, recKey strong_buy",incompleto,descarte,42.84,44.72,42.84 - 44.72,43.98,45.02,43.98 - 45.02,Pérdida del soporte en 42.84 | ROE negativo durante 2 trimestres consecutivos | Ampliación de capital dilutiva | Recorte de rating a bono basura,6-12,"Fresenius SE & Co. KGaA       N está un 14.2% por debajo de su máximo 52s. Fundamentalmente débil con ROE 8.3%, deuda neta/EBITDA 3.3x. Técnicamente 🟡 MACD convergiendo, 🟡 trendline_break. Clasificación: descarte.","Fresenius SE & Co. KGaA       N está un 14.2% por debajo de su máximo 52s. Fundamentalmente débil con ROE 8.3%, deuda neta/EBITDA 3.3x. Técnicamente 🟡 MACD convergiendo, 🟡 trendline_break. Clasificación: descarte.",OK,
TLS.AX,TELSTRA FPO [TLS],ASX,1.0,script-v2.0,1.0,2026-09-14T13:32:14.840600+02:00,22.8,10.7,0.0,20.0,0.0,4.0,59.0,44.0,15.0,27282759.0,2.49,5.2,,10.38,11.5,-0.0527,True,90.0,91.5,False,4.92,-1.9,False,False,False,No supera filtrado cuantitativo mínimo | Sin señales de recuperación,fail,descarte,pendiente,0.0,desconocido,Pendiente de implementar,ausente,eps_stabilization (media): EPS 0.20 vs 0.19 (annual_eps_fallback) | dividend_maintained (baja): Dividendo actual 4.35% con caída del 13.4%,razonable,descarte,4.76,4.79,4.76 - 4.79,4.74,4.91,4.74 - 4.91,Pérdida del soporte en 4.76 | ROE negativo durante 2 trimestres consecutivos | Ampliación de capital dilutiva | Recorte de rating a bono basura,6-12,"TELSTRA FPO [TLS] está un 13.4% por debajo de su máximo 52s. Fundamentalmente débil con ROE 15.4%, deuda neta/EBITDA 2.5x. Técnicamente 🟢 Divergencia alcista RSI, 🟢 Cerca de soporte. Clasificación: descarte.","TELSTRA FPO [TLS] está un 13.4% por debajo de su máximo 52s. Fundamentalmente débil con ROE 15.4%, deuda neta/EBITDA 2.5x. Técnicamente 🟢 Divergencia alcista RSI, 🟢 Cerca de soporte. Clasificación: descarte.",OK,
CON.DE,CONTINENTAL AG                I,EUROSTOXX,1.0,script-v2.0,1.0,2026-09-14T13:29:53.556414+02:00,22.5,16.0,0.0,30.0,0.0,7.0,42.0,42.0,0.0,404632.0,2.23,4.0,-1.0,7.47,10.5,1.4013,False,21.7,40.2,False,67.22,3.2,False,False,False,No supera filtrado cuantitativo mínimo,fail,descarte,pendiente,0.0,desconocido,Pendiente de implementar,parcial,margin_stabilization (media): Margen gross 33.0% vs 29.4% (+3.7 pp) | eps_stabilization (media): EPS 1.37 vs 1.00 (Diluted EPS) | dividend_maintained (baja): Dividendo actual 3.89% con caída del 10.5%,incompleto,descarte,68.8,69.4,68.80 - 69.40,65.88,66.78,65.88 - 66.78,Pérdida del soporte en 68.80 | ROE negativo durante 2 trimestres consecutivos | Ampliación de capital dilutiva | Recorte de rating a bono basura,6-12,"CONTINENTAL AG                I está un 10.5% por debajo de su máximo 52s. Fundamentalmente débil con ROE -8.3%, deuda neta/EBITDA 2.2x. Técnicamente 🟢 Divergencia alcista RSI, 🟢 Cerca de soporte. Clasificación: descarte.","CONTINENTAL AG                I está un 10.5% por debajo de su máximo 52s. Fundamentalmente débil con ROE -8.3%, deuda neta/EBITDA 2.2x. Técnicamente 🟢 Divergencia alcista RSI, 🟢 Cerca de soporte. Clasificación: descarte.",OK,
PUB.PA,PUBLICIS GROUPE SA,EUROSTOXX,1.0,script-v2.0,1.0,2026-09-14T13:30:23.705395+02:00,20.2,13.3,0.0,25.0,0.0,6.0,41.0,35.0,6.0,643027.0,1.14,-3.7,,9.39,4.4,6.018,False,54.8,30.1,False,82.82,21.0,False,True,False,No supera filtrado cuantitativo mínimo,fail,descarte,pendiente,0.0,desconocido,Pendiente de implementar,parcial,debt_reduction (alta): Deuda 5450.0M vs 5661.0M | dividend_maintained (baja): Dividendo actual 3.74% con caída del 4.4%,incompleto,descarte,95.48,96.7,95.48 - 96.70,82.27,89.12,82.27 - 89.12,Pérdida del soporte en 96.70 | ROE negativo durante 2 trimestres consecutivos | Ampliación de capital dilutiva | Recorte de rating a bono basura,6-12,"PUBLICIS GROUPE SA está un 4.4% por debajo de su máximo 52s. Fundamentalmente débil con ROE 16.2%, deuda neta/EBITDA 1.1x. Técnicamente 🟡 MACD convergiendo, 🟢 Cerca de soporte. Clasificación: descarte.","PUBLICIS GROUPE SA está un 4.4% por debajo de su máximo 52s. Fundamentalmente débil con ROE 16.2%, deuda neta/EBITDA 1.1x. Técnicamente 🟡 MACD convergiendo, 🟢 Cerca de soporte. Clasificación: descarte.",OK,
QBE.AX,QBE INSUR. FPO [QBE],ASX,1.0,script-v2.0,1.0,2026-09-14T13:32:20.582736+02:00,19.2,17.6,0.0,33.0,0.0,4.0,24.0,24.0,0.0,3448387.0,-0.51,51.6,,10.05,9.9,0.3768,False,96.9,70.2,False,21.72,5.6,False,False,False,No supera filtrado cuantitativo mínimo | Sin señales de recuperación | Sin suelo técnico identificado,fail,descarte,pendiente,0.0,desconocido,Pendiente de implementar,ausente,eps_stabilization (media): EPS 1.40 vs 1.19 (annual_eps_fallback) | dividend_maintained (baja): Dividendo actual 4.84% con caída del 11.2%,sin_suelo,descarte,21.64,22.94,21.64 - 22.94,21.51,21.96,21.51 - 21.96,Pérdida del soporte en 21.64 | ROE negativo durante 2 trimestres consecutivos | Ampliación de capital dilutiva | Recorte de rating a bono basura,6-12,"QBE INSUR. FPO [QBE] está un 11.2% por debajo de su máximo 52s. Fundamentalmente débil con ROE 19.3%, deuda neta/EBITDA -0.5x. Técnicamente sin suelo técnico identificado. Clasificación: descarte.","QBE INSUR. FPO [QBE] está un 11.2% por debajo de su máximo 52s. Fundamentalmente débil con ROE 19.3%, deuda neta/EBITDA -0.5x. Técnicamente sin suelo técnico identificado. Clasificación: descarte.",OK,
IAG.AX,INSUR.AUST FPO [IAG],ASX,1.0,script-v2.0,1.0,2026-09-14T13:32:23.193031+02:00,16.8,6.4,0.0,12.0,0.0,4.0,48.0,30.0,18.0,4973194.0,0.6,128641.6,,10.43,5.4,0.1795,False,80.3,66.3,False,7.52,8.6,True,True,False,No supera filtrado cuantitativo mínimo | Sin señales de recuperación,fail,descarte,pendiente,0.0,desconocido,Pendiente de implementar,ausente,eps_stabilization (media): EPS 0.43 vs 0.39 (annual_eps_fallback) | dividend_maintained (baja): Dividendo actual 3.92% con caída del 6.3%,razonable,descarte,7.72,8.05,7.72 - 8.05,7.41,7.49,7.41 - 7.49,Pérdida del soporte en 7.72 | ROE negativo durante 2 trimestres consecutivos | Ampliación de capital dilutiva | Recorte de rating a bono basura,6-12,"INSUR.AUST FPO [IAG] está un 6.3% por debajo de su máximo 52s. Fundamentalmente débil con ROE 15.6%, deuda neta/EBITDA 0.6x. Técnicamente 🟢 Cruce alcista MACD, 🟢 base_pattern_detected. Clasificación: descarte.","INSUR.AUST FPO [IAG] está un 6.3% por debajo de su máximo 52s. Fundamentalmente débil con ROE 15.6%, deuda neta/EBITDA 0.6x. Técnicamente 🟢 Cruce alcista MACD, 🟢 base_pattern_detected. Clasificación: descarte.",OK,
ALV.DE,Allianz SE                    v,EUROSTOXX,1.0,script-v2.0,1.0,2026-09-14T13:29:50.848258+02:00,16.2,8.0,0.0,15.0,0.0,12.0,41.0,35.0,6.0,507800.0,-4.77,-4.4,1.0,3.19,2.5,21.8592,False,45.6,37.5,False,386.84,14.6,False,True,False,No supera filtrado cuantitativo mínimo,fail,descarte,pendiente,0.0,desconocido,Pendiente de implementar,confirmada,margin_stabilization (media): Margen operating 17.1% vs 10.5% (+6.6 pp) | eps_stabilization (media): EPS 9.56 vs 6.98 (Diluted EPS) | debt_reduction (alta): Deuda 33706.0M vs 35275.0M | dividend_maintained (baja): Dividendo actual 3.86% con caída del 2.5%,incompleto,descarte,435.25,436.92,435.25 - 436.92,383.74,386.41,383.74 - 386.41,Pérdida del soporte en 436.92 | ROE negativo durante 2 trimestres consecutivos | Ampliación de capital dilutiva | Recorte de rating a bono basura,6-12,"Allianz SE                    v está un 2.5% por debajo de su máximo 52s. Fundamentalmente débil con ROE 19.6%, deuda neta/EBITDA -4.8x. Técnicamente 🟡 MACD convergiendo, 🟢 Cerca de soporte. Clasificación: descarte.","Allianz SE                    v está un 2.5% por debajo de su máximo 52s. Fundamentalmente débil con ROE 19.6%, deuda neta/EBITDA -4.8x. Técnicamente 🟡 MACD convergiendo, 🟢 Cerca de soporte. Clasificación: descarte.",OK,
ANZ.AX,ANZ GROUP FPO [ANZ],ASX,1.0,script-v2.0,1.0,2026-09-14T13:32:11.983873+02:00,16.1,3.7,0.0,7.0,0.0,1.0,53.0,35.0,18.0,4210898.0,,23.8,,,6.3,0.5916,False,59.9,44.3,False,36.36,3.3,True,True,False,No supera filtrado cuantitativo mínimo | Sin señales de recuperación,fail,descarte,pendiente,0.0,desconocido,Pendiente de implementar,ausente,dividend_maintained (baja): Dividendo actual 4.42% con caída del 8.4%,razonable,descarte,35.1,36.99,35.10 - 36.99,34.85,36.15,34.85 - 36.15,Pérdida del soporte en 35.10 | ROE negativo durante 2 trimestres consecutivos | Ampliación de capital dilutiva | Recorte de rating a bono basura,6-12,"ANZ GROUP FPO [ANZ] está un 8.4% por debajo de su máximo 52s. Fundamentalmente débil con ROE 8.2%, dividendo 4.4%. Técnicamente 🟡 MACD convergiendo, 🟢 base_pattern_detected. Clasificación: descarte.","ANZ GROUP FPO [ANZ] está un 8.4% por debajo de su máximo 52s. Fundamentalmente débil con ROE 8.2%, dividendo 4.4%. Técnicamente 🟡 MACD convergiendo, 🟢 base_pattern_detected. Clasificación: descarte.",OK,
STO.AX,SANTOS FPO [STO],ASX,1.0,script-v2.0,1.0,2026-09-14T13:32:18.117318+02:00,12.2,5.3,0.0,10.0,0.0,1.0,33.0,15.0,18.0,11173632.0,2.36,9.9,,12.9,0.2,0.3385,False,97.7,91.3,False,7.32,19.2,True,True,False,No supera filtrado cuantitativo mínimo | Sin señales de recuperación,fail,descarte,pendiente,0.0,desconocido,Pendiente de implementar,ausente,dividend_maintained (baja): Dividendo actual 3.55% con caída del 0.2%,incompleto,descarte,7.87,8.21,7.87 - 8.21,7.21,7.44,7.21 - 7.44,Pérdida del soporte en 8.21 | ROE negativo durante 2 trimestres consecutivos | Ampliación de capital dilutiva | Recorte de rating a bono basura,6-12,"SANTOS FPO [STO] está un 0.2% por debajo de su máximo 52s. Fundamentalmente débil con ROE 4.7%, deuda neta/EBITDA 2.4x. Técnicamente 🟢 base_pattern_detected, 🟡 trendline_break. Clasificación: descarte.","SANTOS FPO [STO] está un 0.2% por debajo de su máximo 52s. Fundamentalmente débil con ROE 4.7%, deuda neta/EBITDA 2.4x. Técnicamente 🟢 base_pattern_detected, 🟡 trendline_break. Clasificación: descarte.",OK,
MQG.AX,MACQ GROUP FPO [MQG],ASX,1.0,script-v2.0,1.0,2026-09-14T13:32:12.348785+02:00,10.9,6.9,0.0,13.0,0.0,3.0,23.0,23.0,0.0,609799.0,14.47,3.2,,,8.5,7.7519,False,10.4,19.8,False,228.46,7.3,False,False,False,No supera filtrado cuantitativo mínimo | Sin señales de recuperación | Sin suelo técnico identificado,fail,descarte,pendiente,0.0,desconocido,Pendiente de implementar,ausente,eps_stabilization (media): EPS 12.67 vs 9.76 (annual_eps_fallback),sin_suelo,descarte,230.49,245.04,230.49 - 245.04,226.14,227.71,226.14 - 227.71,Pérdida del soporte en 230.49 | ROE negativo durante 2 trimestres consecutivos | Ampliación de capital dilutiva | Recorte de rating a bono basura,6-12,MACQ GROUP FPO [MQG] está un 8.5% por debajo de su máximo 52s. Fundamentalmente débil con deuda neta/EBITDA 14.5x. Técnicamente sin suelo técnico identificado. Clasificación: descarte.,MACQ GROUP FPO [MQG] está un 8.5% por debajo de su máximo 52s. Fundamentalmente débil con deuda neta/EBITDA 14.5x. Técnicamente sin suelo técnico identificado. Clasificación: descarte.,OK,
KBC.BR,KBC,EUROSTOXX,1.0,script-v2.0,1.0,2026-09-14T13:30:41.874085+02:00,10.3,4.8,0.0,9.0,0.0,4.0,27.0,21.0,6.0,339084.0,,99.5,,,2.3,6.4329,False,38.6,38.6,False,115.34,13.6,False,True,False,No supera filtrado cuantitativo mínimo | Sin señales de recuperación,fail,descarte,pendiente,0.0,desconocido,Pendiente de implementar,ausente,eps_stabilization (media): EPS 2.83 vs 1.32 (Diluted EPS) | dividend_maintained (baja): Dividendo actual 3.89% con caída del 2.5%,incompleto,descarte,126.73,127.77,126.73 - 127.77,114.24,114.29,114.24 - 114.29,Pérdida del soporte en 127.77 | ROE negativo durante 2 trimestres consecutivos | Ampliación de capital dilutiva | Recorte de rating a bono basura,6-12,"KBC está un 2.5% por debajo de su máximo 52s. Fundamentalmente débil con ROE 13.7%, dividendo 3.9%. Técnicamente 🟢 Cerca de soporte, 🟡 trendline_break. Clasificación: descarte.","KBC está un 2.5% por debajo de su máximo 52s. Fundamentalmente débil con ROE 13.7%, dividendo 3.9%. Técnicamente 🟢 Cerca de soporte, 🟡 trendline_break. Clasificación: descarte.",OK,
WOW.AX,WOOLWORTHS FPO [WOW],ASX,1.0,script-v2.0,1.0,2026-09-14T13:32:13.444920+02:00,8.8,0.0,0.0,0.0,0.0,9.0,35.0,35.0,0.0,2334029.0,4.3,-5.2,,17.8,4.7,1.4985,False,26.3,28.4,False,35.25,9.9,False,False,False,No supera filtrado cuantitativo mínimo,fail,descarte,pendiente,0.0,desconocido,Pendiente de implementar,parcial,eps_stabilization (media): EPS 0.93 vs 0.78 (annual_eps_fallback) | debt_reduction (alta): Deuda 16477.0M vs 17385.0M | dividend_maintained (baja): Dividendo actual 2.50% con caída del 5.9%,incompleto,descarte,37.88,38.75,37.88 - 38.75,34.84,35.01,34.84 - 35.01,Pérdida del soporte en 37.88 | ROE negativo durante 2 trimestres consecutivos | Ampliación de capital dilutiva | Recorte de rating a bono basura,6-12,"WOOLWORTHS FPO [WOW] está un 5.9% por debajo de su máximo 52s. Fundamentalmente débil con ROE 23.3%, deuda neta/EBITDA 4.3x. Técnicamente 🟡 MACD convergiendo, 🟢 Cerca de soporte. Clasificación: descarte.","WOOLWORTHS FPO [WOW] está un 5.9% por debajo de su máximo 52s. Fundamentalmente débil con ROE 23.3%, deuda neta/EBITDA 4.3x. Técnicamente 🟡 MACD convergiendo, 🟢 Cerca de soporte. Clasificación: descarte.",OK,
ROG.SW,,EUROSTOXX,1.0,script-v2.0,1.0,,,,,,,,,,,,,,,,,,,,,,,,,,False,,,,,,,,,,,,,,,,,,,,,,ERROR,Missing market price in yfinance info
