Ticker,Nombre,Mercado,Rules_Version,Model_Version,Config_Version,Evaluation_Timestamp,Score,Score_Cuantitativo,Score_Fundamental,Score_Valoracion,Score_Causal,Score_Recuperacion,Score_Tecnico,Score_Tecnico_Base,Score_Tecnico_Bonus,Vol_Medio_Diario,Net_Debt_EBITDA,Variacion_Deuda_Trimestral_%,Variacion_Margen_pp,EV_EBITDA,Caida_Max_Multianual_%,MACD_Semanal,MACD_Semanal_Giro,Estocastico_K,Estocastico_D,Estocastico_Giro,MA40_Semanal,Dist_MA40_Semanal_%,Base_Pattern_Detected,Trendline_Break,Paso_Filtro,hard_rules_applied,Capa1_Status,Base_Classification,Causal_Classification,Causal_Confidence,Problem_Type,Causal_Justification,Recovery_Status,Recovery_Signals,Technical_Status,Final_Classification,Entry_Zone_Min,Entry_Zone_Max,Entry_Zone,Exit_Zone_Min,Exit_Zone_Max,Exit_Zone,Invalidation_Conditions,Estimated_Horizon_Months,Short_Explanation,Summary_Explanation,Estado,Error
MC.PA,LVMH,EUROSTOXX,1.0,script-v2.0,1.0,2026-10-07T14:29:13.371292+02:00,91.8,94.1,100.0,89.0,0.0,4.0,85.0,73.0,12.0,528302.0,1.24,1.1,,10.8,47.9,-29.5696,False,16.1,17.4,False,480.26,-20.6,True,False,True,Sin señales de recuperación,pass,seguimiento,pendiente,0.0,desconocido,Pendiente de implementar,ausente,"dividend_maintained (baja): Dividendo actual 3.41% con caída del 41.7% | analyst_upgrade (media): Target 526.49 vs precio 381.50 (+38%), recMean 1.89, recKey buy",fuerte,seguimiento,376.0,381.5,376.00 - 381.50,486.74,556.5,486.74 - 556.50,Pérdida del soporte en 376.00 | ROE negativo durante 2 trimestres consecutivos | Ampliación de capital dilutiva | Recorte de rating a bono basura,18-24,"LVMH está un 41.7% por debajo de su máximo 52s. Fundamentalmente sólida con ROE 16.6%, deuda neta/EBITDA 1.2x. Técnicamente 🔵 RSI en sobreventa, 🟢 Cruce alcista MACD. Clasificación: seguimiento.","LVMH está un 41.7% por debajo de su máximo 52s. Fundamentalmente sólida con ROE 16.6%, deuda neta/EBITDA 1.2x. Técnicamente 🔵 RSI en sobreventa, 🟢 Cruce alcista MACD. Clasificación: seguimiento.",OK,
DG.PA,VINCI,EUROSTOXX,1.0,script-v2.0,1.0,2026-10-07T14:29:10.398348+02:00,84.6,83.1,89.0,78.0,0.0,7.0,89.0,77.0,12.0,864884.0,2.02,9.7,,7.04,22.2,-3.9644,False,45.4,40.5,False,122.47,-11.7,True,False,True,,pass,seguimiento,pendiente,0.0,desconocido,Pendiente de implementar,parcial,"eps_stabilization (media): EPS 8.65 vs 8.43 (annual_eps_fallback) | dividend_maintained (baja): Dividendo actual 4.62% con caída del 24.4% | analyst_upgrade (media): Target 142.95 vs precio 108.20 (+32%), recMean 1.90, recKey buy",fuerte,seguimiento,104.25,108.2,104.25 - 108.20,121.68,122.47,121.68 - 122.47,Pérdida del soporte en 104.25 | ROE negativo durante 2 trimestres consecutivos | Ampliación de capital dilutiva | Recorte de rating a bono basura,6-12,"VINCI está un 24.4% por debajo de su máximo 52s. Fundamentalmente sólida con ROE 16.3%, deuda neta/EBITDA 2.0x. Técnicamente 🔵 RSI recuperándose de sobreventa, 🟢 Divergencia alcista RSI. Clasificación: seguimiento.","VINCI está un 24.4% por debajo de su máximo 52s. Fundamentalmente sólida con ROE 16.3%, deuda neta/EBITDA 2.0x. Técnicamente 🔵 RSI recuperándose de sobreventa, 🟢 Divergencia alcista RSI. Clasificación: seguimiento.",OK,
HEI.DE,Heidelberg Materials AG       I,EUROSTOXX,1.0,script-v2.0,1.0,2026-10-07T14:29:04.920592+02:00,82.8,80.8,92.0,71.0,0.0,4.0,89.0,77.0,12.0,420263.0,1.91,46.9,,8.52,39.1,-10.1244,False,58.8,63.1,False,178.45,-19.1,True,False,True,Sin señales de recuperación,pass,seguimiento,pendiente,0.0,desconocido,Pendiente de implementar,ausente,"dividend_maintained (baja): Dividendo actual 2.49% con caída del 40.3% | analyst_upgrade (media): Target 207.26 vs precio 144.40 (+44%), recMean 2.00, recKey buy",fuerte,seguimiento,144.17,144.4,144.17 - 144.40,180.24,205.53,180.24 - 205.53,Pérdida del soporte en 144.17 | ROE negativo durante 2 trimestres consecutivos | Ampliación de capital dilutiva | Recorte de rating a bono basura,18-24,"Heidelberg Materials AG       I está un 40.3% por debajo de su máximo 52s. Fundamentalmente sólida con ROE 11.7%, deuda neta/EBITDA 1.9x. Técnicamente 🔵 RSI recuperándose de sobreventa, 🟢 Divergencia alcista RSI. Clasificación: seguimiento.","Heidelberg Materials AG       I está un 40.3% por debajo de su máximo 52s. Fundamentalmente sólida con ROE 11.7%, deuda neta/EBITDA 1.9x. Técnicamente 🔵 RSI recuperándose de sobreventa, 🟢 Divergencia alcista RSI. Clasificación: seguimiento.",OK,
9021.T,WEST JAPAN RAILWAY CO,ASIA,1.0,script-v2.0,1.0,2026-10-07T14:31:01.364661+02:00,82.5,83.6,82.0,85.0,0.0,1.0,79.0,56.0,23.0,2425256.0,3.67,6.6,,7.52,16.7,5.2659,False,2.8,1.1,True,2928.35,-2.8,True,False,True,Sin señales de recuperación,pass,seguimiento,pendiente,0.0,desconocido,Pendiente de implementar,ausente,dividend_maintained (baja): Dividendo actual 3.55% con caída del 19.3%,fuerte,seguimiento,2761.0,2845.5,2761.00 - 2845.50,2933.39,2998.8,2933.39 - 2998.80,Pérdida del soporte en 2761.00 | ROE negativo durante 2 trimestres consecutivos | Ampliación de capital dilutiva | Recorte de rating a bono basura,6-12,"WEST JAPAN RAILWAY CO está un 19.3% por debajo de su máximo 52s. Fundamentalmente sólida con ROE 9.3%, deuda neta/EBITDA 3.7x. Técnicamente 🟡 MACD convergiendo, 🟢 Cerca de soporte. Clasificación: seguimiento.","WEST JAPAN RAILWAY CO está un 19.3% por debajo de su máximo 52s. Fundamentalmente sólida con ROE 9.3%, deuda neta/EBITDA 3.7x. Técnicamente 🟡 MACD convergiendo, 🟢 Cerca de soporte. Clasificación: seguimiento.",OK,
035420.KS,NAVER,ASIA,1.0,script-v2.0,1.0,2026-10-07T14:31:14.565718+02:00,82.2,81.9,75.0,88.0,0.0,10.0,83.0,71.0,12.0,946236.0,-1.11,15.6,0.0,8.85,37.8,-7379.7573,False,0.0,3.8,False,220060.62,-14.1,True,False,True,,pass,seguimiento,pendiente,0.0,desconocido,Pendiente de implementar,parcial,"margin_stabilization (media): Margen gross 100.0% vs 100.0% (+0.0 pp) | eps_stabilization (media): EPS 4635.00 vs 1864.00 (Diluted EPS) | dividend_maintained (baja): Dividendo actual 1.39% con caída del 37.8% | analyst_upgrade (media): Target 293076.94 vs precio 189000.00 (+55%), recMean 1.73, recKey buy",fuerte,seguimiento,182800.0,189000.0,182800.00 - 189000.00,221730.67,258400.0,221730.67 - 258400.00,Pérdida del soporte en 182800.00 | ROE negativo durante 2 trimestres consecutivos | Ampliación de capital dilutiva | Recorte de rating a bono basura,12-18,"NAVER está un 37.8% por debajo de su máximo 52s. Fundamentalmente sólida con ROE 6.4%, deuda neta/EBITDA -1.1x. Técnicamente 🔵 RSI en sobreventa, 🟡 MACD convergiendo. Clasificación: seguimiento.","NAVER está un 37.8% por debajo de su máximo 52s. Fundamentalmente sólida con ROE 6.4%, deuda neta/EBITDA -1.1x. Técnicamente 🔵 RSI en sobreventa, 🟡 MACD convergiendo. Clasificación: seguimiento.",OK,
RIO.L,RIO TINTO PLC ORD 10P,EUROSTOXX,1.0,script-v2.0,1.0,2026-10-07T14:29:43.561071+02:00,81.8,80.8,100.0,64.0,0.0,6.0,85.0,68.0,17.0,2843891.0,0.58,-2.8,,5.94,22.3,83.5611,False,39.8,52.6,False,7152.84,-1.0,True,False,True,,pass,seguimiento,pendiente,0.0,desconocido,Pendiente de implementar,parcial,debt_reduction (alta): Deuda 22852.0M vs 23517.0M | dividend_maintained (baja): Dividendo actual 0.05% con caída del 22.3%,fuerte,seguimiento,7057.39,7084.0,7057.39 - 7084.00,7126.56,7749.45,7126.56 - 7749.45,Pérdida del soporte en 7057.39 | ROE negativo durante 2 trimestres consecutivos | Ampliación de capital dilutiva | Recorte de rating a bono basura,6-12,"RIO TINTO PLC ORD 10P está un 22.3% por debajo de su máximo 52s. Fundamentalmente sólida con ROE 19.3%, deuda neta/EBITDA 0.6x. Técnicamente 🔵 RSI recuperándose de sobreventa, 🟢 Divergencia alcista RSI. Clasificación: seguimiento.","RIO TINTO PLC ORD 10P está un 22.3% por debajo de su máximo 52s. Fundamentalmente sólida con ROE 19.3%, deuda neta/EBITDA 0.6x. Técnicamente 🔵 RSI recuperándose de sobreventa, 🟢 Divergencia alcista RSI. Clasificación: seguimiento.",OK,
0066.HK,MTR CORPORATION,ASIA,1.0,script-v2.0,1.0,2026-10-07T14:31:08.499908+02:00,81.0,83.7,96.0,73.0,0.0,1.0,73.0,56.0,17.0,5323297.0,3.1,,,8.62,13.9,0.2372,False,29.3,18.3,False,32.26,-2.9,True,False,True,Sin señales de recuperación,pass,seguimiento,pendiente,0.0,desconocido,Pendiente de implementar,ausente,dividend_maintained (baja): Dividendo actual 4.18% con caída del 17.3%,fuerte,seguimiento,31.18,31.32,31.18 - 31.32,31.99,32.2,31.99 - 32.20,Pérdida del soporte en 31.18 | ROE negativo durante 2 trimestres consecutivos | Ampliación de capital dilutiva | Recorte de rating a bono basura,6-12,"MTR CORPORATION está un 17.3% por debajo de su máximo 52s. Fundamentalmente sólida con ROE 11.1%, deuda neta/EBITDA 3.1x. Técnicamente 🟡 MACD convergiendo, 🟢 Cerca de soporte. Clasificación: seguimiento.","MTR CORPORATION está un 17.3% por debajo de su máximo 52s. Fundamentalmente sólida con ROE 11.1%, deuda neta/EBITDA 3.1x. Técnicamente 🟡 MACD convergiendo, 🟢 Cerca de soporte. Clasificación: seguimiento.",OK,
IP,International Paper Company,SP500,1.0,script-v2.0,1.0,2026-10-07T14:30:30.320060+02:00,80.7,80.9,66.0,94.0,0.0,4.0,80.0,68.0,12.0,5058890.0,2.33,3.8,-0.1,6.66,42.5,-0.9272,False,19.9,13.8,False,37.17,-13.5,True,False,True,Sin señales de recuperación,pass,seguimiento,pendiente,0.0,desconocido,Pendiente de implementar,ausente,"dividend_maintained (baja): Dividendo actual 5.76% con caída del 36.0% | analyst_upgrade (media): Target 46.73 vs precio 32.14 (+45%), recMean 1.58, recKey buy",fuerte,seguimiento,31.36,32.14,31.36 - 32.14,37.21,42.71,37.21 - 42.71,Pérdida del soporte en 31.36 | ROE negativo durante 2 trimestres consecutivos | Ampliación de capital dilutiva | Recorte de rating a bono basura,12-18,"International Paper Company está un 36.0% por debajo de su máximo 52s. Fundamentalmente sólida con ROE -16.5%, deuda neta/EBITDA 2.3x. Técnicamente 🔵 RSI en sobreventa, 🟡 MACD convergiendo. Clasificación: seguimiento.","International Paper Company está un 36.0% por debajo de su máximo 52s. Fundamentalmente sólida con ROE -16.5%, deuda neta/EBITDA 2.3x. Técnicamente 🔵 RSI en sobreventa, 🟡 MACD convergiendo. Clasificación: seguimiento.",OK,
9022.T,CENTRAL JAPAN RAILWAY CO,ASIA,1.0,script-v2.0,1.0,2026-10-07T14:31:01.707396+02:00,80.5,82.3,77.0,87.0,0.0,7.0,75.0,52.0,23.0,2510505.0,4.28,11.6,,7.64,24.9,-43.6719,False,8.0,2.8,True,3915.86,-8.1,True,False,True,,pass,seguimiento,pendiente,0.0,desconocido,Pendiente de implementar,parcial,"eps_stabilization (media): EPS 149.59 vs 147.88 (Diluted EPS) | dividend_maintained (baja): Dividendo actual 0.89% con caída del 25.5% | analyst_upgrade (media): Target 4452.73 vs precio 3600.00 (+24%), recMean 2.36, recKey buy",fuerte,seguimiento,3547.85,3600.0,3547.85 - 3600.00,3969.69,4105.5,3969.69 - 4105.50,Pérdida del soporte en 3547.85 | ROE negativo durante 2 trimestres consecutivos | Ampliación de capital dilutiva | Recorte de rating a bono basura,12-18,"CENTRAL JAPAN RAILWAY CO está un 25.5% por debajo de su máximo 52s. Fundamentalmente sólida con ROE 11.2%, deuda neta/EBITDA 4.3x. Técnicamente 🟡 MACD convergiendo, 🟢 Cerca de soporte. Clasificación: seguimiento.","CENTRAL JAPAN RAILWAY CO está un 25.5% por debajo de su máximo 52s. Fundamentalmente sólida con ROE 11.2%, deuda neta/EBITDA 4.3x. Técnicamente 🟡 MACD convergiendo, 🟢 Cerca de soporte. Clasificación: seguimiento.",OK,
FMG.AX,FORTESCUE FPO [FMG],ASX,1.0,script-v2.0,1.0,2026-10-07T14:30:40.428099+02:00,80.2,82.7,96.0,71.0,0.0,1.0,73.0,61.0,12.0,6540403.0,0.1,9.0,,6.28,28.9,-0.8639,False,0.0,19.6,False,19.0,-15.7,True,False,True,Sin señales de recuperación,pass,seguimiento,pendiente,0.0,desconocido,Pendiente de implementar,ausente,dividend_maintained (baja): Dividendo actual 6.75% con caída del 31.5%,fuerte,seguimiento,15.21,16.01,15.21 - 16.01,19.18,19.87,19.18 - 19.87,Pérdida del soporte en 15.21 | ROE negativo durante 2 trimestres consecutivos | Ampliación de capital dilutiva | Recorte de rating a bono basura,12-18,"FORTESCUE FPO [FMG] está un 31.5% por debajo de su máximo 52s. Fundamentalmente sólida con ROE 14.2%, deuda neta/EBITDA 0.1x. Técnicamente 🟢 Divergencia alcista RSI, 🟢 Cruce alcista MACD. Clasificación: seguimiento.","FORTESCUE FPO [FMG] está un 31.5% por debajo de su máximo 52s. Fundamentalmente sólida con ROE 14.2%, deuda neta/EBITDA 0.1x. Técnicamente 🟢 Divergencia alcista RSI, 🟢 Cruce alcista MACD. Clasificación: seguimiento.",OK,
LOW,"Lowe's Companies, Inc.",SP500,1.0,script-v2.0,1.0,2026-10-07T14:30:00.665412+02:00,79.5,83.6,74.0,92.0,0.0,15.0,67.0,55.0,12.0,3141459.0,3.05,-1.2,-0.1,11.15,36.6,-11.9518,False,25.0,12.6,False,227.9,-19.4,True,False,True,,pass,entrada_escalada,pendiente,0.0,desconocido,Pendiente de implementar,confirmada,"margin_stabilization (media): Margen gross 33.0% vs 32.7% (+0.4 pp) | eps_stabilization (media): EPS 4.27 vs 2.90 (Diluted EPS) | debt_reduction (alta): Deuda 42031.0M vs 42540.0M | dividend_maintained (baja): Dividendo actual 2.72% con caída del 37.3% | analyst_upgrade (media): Target 250.18 vs precio 183.67 (+36%), recMean 1.86, recKey buy",razonable,entrada_escalada,174.49,183.67,174.49 - 183.67,229.24,249.1,229.24 - 249.10,Pérdida del soporte en 174.49 | ROE negativo durante 2 trimestres consecutivos | Ampliación de capital dilutiva | Recorte de rating a bono basura,12-18,"Lowe's Companies, Inc. está un 37.3% por debajo de su máximo 52s. Fundamentalmente sólida con deuda neta/EBITDA 3.0x, dividendo 2.7%. Técnicamente 🔵 RSI en sobreventa, 🟡 MACD convergiendo. Clasificación: entrada_escalada.","Lowe's Companies, Inc. está un 37.3% por debajo de su máximo 52s. Fundamentalmente sólida con deuda neta/EBITDA 3.0x, dividendo 2.7%. Técnicamente 🔵 RSI en sobreventa, 🟡 MACD convergiendo. Clasificación: entrada_escalada.",OK,
BMW.DE,BAYERISCHE MOTOREN WERKE AG   S,EUROSTOXX,1.0,script-v2.0,1.0,2026-10-07T14:28:56.411300+02:00,78.7,79.5,63.0,94.0,0.0,4.0,76.0,64.0,12.0,1562531.0,7.33,,-2.4,9.86,42.0,-4.57,False,12.4,15.8,False,69.89,-23.2,True,False,True,Sin señales de recuperación,pass,seguimiento,pendiente,0.0,desconocido,Pendiente de implementar,ausente,"dividend_maintained (baja): Dividendo actual 8.20% con caída del 45.2% | analyst_upgrade (media): Target 70.02 vs precio 53.68 (+30%), recMean 2.57, recKey hold",fuerte,seguimiento,52.36,53.68,52.36 - 53.68,70.68,83.23,70.68 - 83.23,Pérdida del soporte en 52.36 | ROE negativo durante 2 trimestres consecutivos | Ampliación de capital dilutiva | Recorte de rating a bono basura,18-24,"BAYERISCHE MOTOREN WERKE AG   S está un 45.2% por debajo de su máximo 52s. Fundamentalmente sólida con ROE 6.6%, deuda neta/EBITDA 7.3x. Técnicamente 🔵 RSI en sobreventa, 🟡 MACD convergiendo. Clasificación: seguimiento.","BAYERISCHE MOTOREN WERKE AG   S está un 45.2% por debajo de su máximo 52s. Fundamentalmente sólida con ROE 6.6%, deuda neta/EBITDA 7.3x. Técnicamente 🔵 RSI en sobreventa, 🟡 MACD convergiendo. Clasificación: seguimiento.",OK,
0700.HK,TENCENT,ASIA,1.0,script-v2.0,1.0,2026-10-07T14:31:10.382069+02:00,78.2,87.6,94.0,82.0,0.0,7.0,50.0,38.0,12.0,24784150.0,0.04,14.4,-0.7,13.31,37.7,-19.2218,False,8.9,16.0,False,480.0,-12.4,True,False,True,,pass,seguimiento,pendiente,0.0,desconocido,Pendiente de implementar,parcial,"margin_stabilization (media): Margen gross 57.8% vs 56.9% (+0.9 pp) | dividend_maintained (baja): Dividendo actual 1.26% con caída del 38.2% | analyst_upgrade (media): Target 663.48 vs precio 420.60 (+58%), recMean 1.39, recKey strong_buy",razonable,seguimiento,399.57,420.6,399.57 - 420.60,493.07,578.85,493.07 - 578.85,Pérdida del soporte en 399.57 | ROE negativo durante 2 trimestres consecutivos | Ampliación de capital dilutiva | Recorte de rating a bono basura,12-18,"TENCENT está un 38.2% por debajo de su máximo 52s. Fundamentalmente sólida con ROE 19.9%, deuda neta/EBITDA 0.0x. Técnicamente 🟢 Divergencia alcista RSI, 🟢 base_pattern_detected. Clasificación: seguimiento.","TENCENT está un 38.2% por debajo de su máximo 52s. Fundamentalmente sólida con ROE 19.9%, deuda neta/EBITDA 0.0x. Técnicamente 🟢 Divergencia alcista RSI, 🟢 base_pattern_detected. Clasificación: seguimiento.",OK,
0016.HK,SHK PPT,ASIA,1.0,script-v2.0,1.0,2026-10-07T14:31:04.989785+02:00,78.1,77.5,86.0,70.0,0.0,7.0,80.0,68.0,12.0,5041490.0,2.47,,,13.87,27.9,-3.6637,False,40.3,20.4,False,123.91,-13.9,True,False,True,,pass,seguimiento,pendiente,0.0,desconocido,Pendiente de implementar,parcial,"eps_stabilization (media): EPS 7.39 vs 6.65 (annual_eps_fallback) | dividend_maintained (baja): Dividendo actual 3.54% con caída del 28.3% | analyst_upgrade (media): Target 142.99 vs precio 106.70 (+34%), recMean 1.77, recKey buy",fuerte,seguimiento,105.56,106.7,105.56 - 106.70,121.82,126.48,121.82 - 126.48,Pérdida del soporte en 105.56 | ROE negativo durante 2 trimestres consecutivos | Ampliación de capital dilutiva | Recorte de rating a bono basura,12-18,"SHK PPT está un 28.3% por debajo de su máximo 52s. Fundamentalmente sólida con ROE 3.5%, deuda neta/EBITDA 2.5x. Técnicamente 🔵 RSI recuperándose de sobreventa, 🟢 Divergencia alcista RSI. Clasificación: seguimiento.","SHK PPT está un 28.3% por debajo de su máximo 52s. Fundamentalmente sólida con ROE 3.5%, deuda neta/EBITDA 2.5x. Técnicamente 🔵 RSI recuperándose de sobreventa, 🟢 Divergencia alcista RSI. Clasificación: seguimiento.",OK,
EN.PA,BOUYGUES,EUROSTOXX,1.0,script-v2.0,1.0,2026-10-07T14:29:11.439234+02:00,77.9,79.5,87.0,73.0,0.0,15.0,73.0,73.0,0.0,652332.0,2.15,-2.7,0.5,5.99,23.5,-1.363,False,12.3,14.6,False,47.17,-13.6,False,False,True,,pass,entrada_directa,pendiente,0.0,desconocido,Pendiente de implementar,confirmada,"margin_stabilization (media): Margen gross 57.6% vs 57.8% (-0.2 pp) | eps_stabilization (media): EPS 0.98 vs -0.24 (Diluted EPS) | debt_reduction (alta): Deuda 14707.0M vs 15110.0M | dividend_maintained (baja): Dividendo actual 5.15% con caída del 23.8% | analyst_upgrade (media): Target 59.60 vs precio 40.74 (+46%), recMean 1.90, recKey buy",fuerte,entrada_directa,40.17,40.74,40.17 - 40.74,45.46,47.16,45.46 - 47.16,Pérdida del soporte en 40.17 | ROE negativo durante 2 trimestres consecutivos | Ampliación de capital dilutiva | Recorte de rating a bono basura,6-12,"BOUYGUES está un 23.8% por debajo de su máximo 52s. Fundamentalmente sólida con ROE 9.7%, deuda neta/EBITDA 2.1x. Técnicamente 🔵 RSI en sobreventa, 🟢 Divergencia alcista RSI. Clasificación: entrada_directa.","BOUYGUES está un 23.8% por debajo de su máximo 52s. Fundamentalmente sólida con ROE 9.7%, deuda neta/EBITDA 2.1x. Técnicamente 🔵 RSI en sobreventa, 🟢 Divergencia alcista RSI. Clasificación: entrada_directa.",OK,
7203.T,TOYOTA MOTOR CORP,ASIA,1.0,script-v2.0,1.0,2026-10-07T14:30:49.862480+02:00,77.2,77.7,75.0,80.0,0.0,10.0,76.0,59.0,17.0,28574641.0,5.46,1.7,0.1,11.82,25.2,-29.446,False,29.0,33.7,False,3100.09,-6.4,True,False,True,,pass,seguimiento,pendiente,0.0,desconocido,Pendiente de implementar,parcial,"margin_stabilization (media): Margen gross 18.0% vs 15.1% (+2.9 pp) | eps_stabilization (media): EPS 120.69 vs 64.56 (Diluted EPS) | dividend_maintained (baja): Dividendo actual 3.45% con caída del 27.5% | analyst_upgrade (media): Target 3698.63 vs precio 2900.50 (+28%), recMean 1.74, recKey buy",fuerte,seguimiento,2803.23,2900.5,2803.23 - 2900.50,3108.15,3400.0,3108.15 - 3400.00,Pérdida del soporte en 2803.23 | ROE negativo durante 2 trimestres consecutivos | Ampliación de capital dilutiva | Recorte de rating a bono basura,12-18,"TOYOTA MOTOR CORP está un 27.5% por debajo de su máximo 52s. Fundamentalmente sólida con ROE 12.4%, deuda neta/EBITDA 5.5x. Técnicamente 🟡 MACD convergiendo, 🟢 Bajo SMA200 con SMA50 girando. Clasificación: seguimiento.","TOYOTA MOTOR CORP está un 27.5% por debajo de su máximo 52s. Fundamentalmente sólida con ROE 12.4%, deuda neta/EBITDA 5.5x. Técnicamente 🟡 MACD convergiendo, 🟢 Bajo SMA200 con SMA50 girando. Clasificación: seguimiento.",OK,
1299.HK,AIA,ASIA,1.0,script-v2.0,1.0,2026-10-07T14:31:12.069681+02:00,76.7,78.6,93.0,66.0,0.0,4.0,71.0,59.0,12.0,28121220.0,1.64,45.4,,81.57,23.5,-1.7703,False,8.0,8.5,False,78.48,-12.3,True,False,True,Sin señales de recuperación,pass,seguimiento,pendiente,0.0,desconocido,Pendiente de implementar,ausente,"dividend_maintained (baja): Dividendo actual 2.88% con caída del 25.3% | analyst_upgrade (media): Target 102.81 vs precio 68.80 (+49%), recMean 1.30, recKey strong_buy",fuerte,seguimiento,65.36,68.8,65.36 - 68.80,78.33,78.99,78.33 - 78.99,Pérdida del soporte en 65.36 | ROE negativo durante 2 trimestres consecutivos | Ampliación de capital dilutiva | Recorte de rating a bono basura,12-18,"AIA está un 25.3% por debajo de su máximo 52s. Fundamentalmente sólida con ROE 19.6%, deuda neta/EBITDA 1.6x. Técnicamente 🔵 RSI en sobreventa, 🟡 MACD convergiendo. Clasificación: seguimiento.","AIA está un 25.3% por debajo de su máximo 52s. Fundamentalmente sólida con ROE 19.6%, deuda neta/EBITDA 1.6x. Técnicamente 🔵 RSI en sobreventa, 🟡 MACD convergiendo. Clasificación: seguimiento.",OK,
SGO.PA,SAINT GOBAIN,EUROSTOXX,1.0,script-v2.0,1.0,2026-10-07T14:29:16.398131+02:00,76.7,88.6,95.0,83.0,0.0,12.0,41.0,41.0,0.0,972277.0,1.75,-2.6,,6.84,35.5,-2.5291,False,1.8,10.6,False,76.52,-14.4,False,False,True,,pass,pendiente_confirmacion,pendiente,0.0,desconocido,Pendiente de implementar,confirmada,"eps_stabilization (media): EPS 5.78 vs 5.64 (annual_eps_fallback) | debt_reduction (alta): Deuda 17270.0M vs 17729.0M | dividend_maintained (baja): Dividendo actual 3.51% con caída del 28.5% | analyst_upgrade (media): Target 96.09 vs precio 65.50 (+47%), recMean 1.94, recKey buy",incompleto,pendiente_confirmacion,62.22,65.5,62.22 - 65.50,76.8,77.83,76.80 - 77.83,Pérdida del soporte en 62.22 | ROE negativo durante 2 trimestres consecutivos | Ampliación de capital dilutiva | Recorte de rating a bono basura,12-18,"SAINT GOBAIN está un 28.5% por debajo de su máximo 52s. Fundamentalmente sólida con ROE 11.0%, deuda neta/EBITDA 1.8x. Técnicamente 🔵 RSI en sobreventa. Clasificación: pendiente_confirmacion.","SAINT GOBAIN está un 28.5% por debajo de su máximo 52s. Fundamentalmente sólida con ROE 11.0%, deuda neta/EBITDA 1.8x. Técnicamente 🔵 RSI en sobreventa. Clasificación: pendiente_confirmacion.",OK,
EOAN.DE,E.ON SE                       N,EUROSTOXX,1.0,script-v2.0,1.0,2026-10-07T14:28:58.693204+02:00,76.3,73.5,98.0,52.0,0.0,7.0,85.0,68.0,17.0,4049303.0,3.87,,-2.4,9.04,14.8,-0.1902,False,23.7,32.6,False,18.07,-6.7,True,False,True,,pass,seguimiento,pendiente,0.0,desconocido,Pendiente de implementar,parcial,"margin_stabilization (media): Margen gross 26.6% vs 24.8% (+1.8 pp) | dividend_maintained (baja): Dividendo actual 3.38% con caída del 17.3% | analyst_upgrade (media): Target 21.04 vs precio 16.86 (+25%), recMean 1.81, recKey buy",fuerte,seguimiento,16.01,16.85,16.01 - 16.85,17.33,18.0,17.33 - 18.00,Pérdida del soporte en 16.01 | ROE negativo durante 2 trimestres consecutivos | Ampliación de capital dilutiva | Recorte de rating a bono basura,6-12,"E.ON SE                       N está un 17.3% por debajo de su máximo 52s. Fundamentalmente sólida con ROE 15.5%, deuda neta/EBITDA 3.9x. Técnicamente 🔵 RSI recuperándose de sobreventa, 🟢 Divergencia alcista RSI. Clasificación: seguimiento.","E.ON SE                       N está un 17.3% por debajo de su máximo 52s. Fundamentalmente sólida con ROE 15.5%, deuda neta/EBITDA 3.9x. Técnicamente 🔵 RSI recuperándose de sobreventa, 🟢 Divergencia alcista RSI. Clasificación: seguimiento.",OK,
GIS,"General Mills, Inc.",SP500,1.0,script-v2.0,1.0,2026-10-07T14:30:27.557006+02:00,75.6,79.1,70.0,87.0,0.0,12.0,65.0,59.0,6.0,9588778.0,3.86,-2.5,0.1,8.9,51.7,-1.1251,False,16.6,12.8,True,37.42,-14.0,False,False,True,,pass,entrada_escalada,pendiente,0.0,desconocido,Pendiente de implementar,confirmada,margin_stabilization (media): Margen gross 34.8% vs 30.8% (+4.0 pp) | eps_stabilization (media): EPS 0.74 vs -3.74 (Diluted EPS) | debt_reduction (alta): Deuda 13615.6M vs 13967.7M | dividend_maintained (baja): Dividendo actual 7.58% con caída del 36.8%,razonable,entrada_escalada,30.57,32.18,30.57 - 32.18,37.87,43.29,37.87 - 43.29,Pérdida del soporte en 30.57 | ROE negativo durante 2 trimestres consecutivos | Ampliación de capital dilutiva | Recorte de rating a bono basura,12-18,"General Mills, Inc. está un 36.8% por debajo de su máximo 52s. Fundamentalmente sólida con ROE -10.5%, deuda neta/EBITDA 3.9x. Técnicamente 🔵 RSI en sobreventa, 🟡 MACD convergiendo. Clasificación: entrada_escalada.","General Mills, Inc. está un 36.8% por debajo de su máximo 52s. Fundamentalmente sólida con ROE -10.5%, deuda neta/EBITDA 3.9x. Técnicamente 🔵 RSI en sobreventa, 🟡 MACD convergiendo. Clasificación: entrada_escalada.",OK,
HRL,Hormel Foods Corporation,SP500,1.0,script-v2.0,1.0,2026-10-07T14:30:25.924562+02:00,75.2,76.6,83.0,71.0,0.0,9.0,71.0,71.0,0.0,4573421.0,1.57,-0.0,0.0,10.23,36.3,-0.7834,False,27.2,38.5,False,22.75,-12.6,False,False,True,,pass,seguimiento,pendiente,0.0,desconocido,Pendiente de implementar,parcial,"debt_reduction (alta): Deuda 2855.1M vs 2856.3M | dividend_maintained (baja): Dividendo actual 5.89% con caída del 25.3% | analyst_upgrade (media): Target 25.94 vs precio 19.88 (+30%), recMean 2.60, recKey hold",fuerte,seguimiento,19.44,19.88,19.44 - 19.88,22.61,22.79,22.61 - 22.79,Pérdida del soporte en 19.44 | ROE negativo durante 2 trimestres consecutivos | Ampliación de capital dilutiva | Recorte de rating a bono basura,12-18,"Hormel Foods Corporation está un 25.3% por debajo de su máximo 52s. Fundamentalmente sólida con ROE 4.3%, deuda neta/EBITDA 1.6x. Técnicamente 🔵 RSI en sobreventa, 🟢 Divergencia alcista RSI. Clasificación: seguimiento.","Hormel Foods Corporation está un 25.3% por debajo de su máximo 52s. Fundamentalmente sólida con ROE 4.3%, deuda neta/EBITDA 1.6x. Técnicamente 🔵 RSI en sobreventa, 🟢 Divergencia alcista RSI. Clasificación: seguimiento.",OK,
NEE,"NextEra Energy, Inc.",SP500,1.0,script-v2.0,1.0,2026-10-07T14:30:20.254776+02:00,75.0,71.7,84.0,61.0,0.0,10.0,85.0,73.0,12.0,11312342.0,7.35,5.5,0.2,19.24,20.0,-2.2737,False,49.9,35.3,False,86.65,-10.1,True,False,True,,pass,seguimiento,pendiente,0.0,desconocido,Pendiente de implementar,parcial,"margin_stabilization (media): Margen gross 62.4% vs 58.9% (+3.5 pp) | eps_stabilization (media): EPS 1.50 vs 1.04 (Diluted EPS) | dividend_maintained (baja): Dividendo actual 3.20% con caída del 21.1% | analyst_upgrade (media): Target 97.42 vs precio 77.88 (+25%), recMean 1.90, recKey buy",fuerte,seguimiento,74.41,77.88,74.41 - 77.88,83.94,86.29,83.94 - 86.29,Pérdida del soporte en 74.41 | ROE negativo durante 2 trimestres consecutivos | Ampliación de capital dilutiva | Recorte de rating a bono basura,6-12,"NextEra Energy, Inc. está un 21.1% por debajo de su máximo 52s. Fundamentalmente sólida con ROE 11.7%, deuda neta/EBITDA 7.3x. Técnicamente 🔵 RSI recuperándose de sobreventa, 🟢 Cruce alcista MACD. Clasificación: seguimiento.","NextEra Energy, Inc. está un 21.1% por debajo de su máximo 52s. Fundamentalmente sólida con ROE 11.7%, deuda neta/EBITDA 7.3x. Técnicamente 🔵 RSI recuperándose de sobreventa, 🟢 Cruce alcista MACD. Clasificación: seguimiento.",OK,
ORA.PA,ORANGE,EUROSTOXX,1.0,script-v2.0,1.0,2026-10-07T14:29:14.518213+02:00,74.6,75.8,79.0,73.0,0.0,4.0,71.0,59.0,12.0,4982684.0,3.74,654.5,,7.1,22.0,-0.4791,False,39.1,26.7,False,16.31,-12.3,True,False,True,Sin señales de recuperación,pass,seguimiento,pendiente,0.0,desconocido,Pendiente de implementar,ausente,"dividend_maintained (baja): Dividendo actual 5.24% con caída del 24.0% | analyst_upgrade (media): Target 19.04 vs precio 14.30 (+33%), recMean 2.00, recKey buy",fuerte,seguimiento,13.52,14.3,13.52 - 14.30,15.98,16.27,15.98 - 16.27,Pérdida del soporte en 13.52 | ROE negativo durante 2 trimestres consecutivos | Ampliación de capital dilutiva | Recorte de rating a bono basura,6-12,"ORANGE está un 24.0% por debajo de su máximo 52s. Fundamentalmente sólida con ROE 14.2%, deuda neta/EBITDA 3.7x. Técnicamente 🔵 RSI recuperándose de sobreventa, 🟢 Cruce alcista MACD. Clasificación: seguimiento.","ORANGE está un 24.0% por debajo de su máximo 52s. Fundamentalmente sólida con ROE 14.2%, deuda neta/EBITDA 3.7x. Técnicamente 🔵 RSI recuperándose de sobreventa, 🟢 Cruce alcista MACD. Clasificación: seguimiento.",OK,
AD.AS,KONINKLIJKE AHOLD DELHAIZE N.V.,EUROSTOXX,1.0,script-v2.0,1.0,2026-10-07T14:29:24.646133+02:00,74.5,76.1,83.0,70.0,0.0,7.0,70.0,48.0,22.0,2555359.0,2.98,256.9,-0.0,8.1,23.3,-1.3191,True,40.4,36.9,False,35.36,-10.6,True,False,True,,pass,seguimiento,pendiente,0.0,desconocido,Pendiente de implementar,parcial,"margin_stabilization (media): Margen gross 26.4% vs 26.8% (-0.4 pp) | dividend_maintained (baja): Dividendo actual 3.92% con caída del 25.7% | analyst_upgrade (media): Target 38.37 vs precio 31.60 (+21%), recMean 2.47, recKey buy",fuerte,seguimiento,30.96,31.6,30.96 - 31.60,35.31,36.16,35.31 - 36.16,Pérdida del soporte en 30.96 | ROE negativo durante 2 trimestres consecutivos | Ampliación de capital dilutiva | Recorte de rating a bono basura,12-18,"KONINKLIJKE AHOLD DELHAIZE N.V. está un 25.7% por debajo de su máximo 52s. Fundamentalmente sólida con ROE 15.7%, deuda neta/EBITDA 3.0x. Técnicamente 🟢 Divergencia alcista RSI, 🟢 Cerca de soporte. Clasificación: seguimiento.","KONINKLIJKE AHOLD DELHAIZE N.V. está un 25.7% por debajo de su máximo 52s. Fundamentalmente sólida con ROE 15.7%, deuda neta/EBITDA 3.0x. Técnicamente 🟢 Divergencia alcista RSI, 🟢 Cerca de soporte. Clasificación: seguimiento.",OK,
BN.PA,DANONE,EUROSTOXX,1.0,script-v2.0,1.0,2026-10-07T14:29:07.290943+02:00,74.2,76.3,87.0,67.0,0.0,4.0,68.0,68.0,0.0,1242097.0,2.01,20.9,,10.42,24.0,-2.1827,False,40.5,29.2,False,66.33,-11.2,False,False,True,Sin señales de recuperación,pass,seguimiento,pendiente,0.0,desconocido,Pendiente de implementar,ausente,"dividend_maintained (baja): Dividendo actual 3.82% con caída del 26.5% | analyst_upgrade (media): Target 78.93 vs precio 58.88 (+34%), recMean 2.18, recKey buy",razonable,seguimiento,57.26,58.88,57.26 - 58.88,66.77,68.12,66.77 - 68.12,Pérdida del soporte en 57.26 | ROE negativo durante 2 trimestres consecutivos | Ampliación de capital dilutiva | Recorte de rating a bono basura,12-18,"DANONE está un 26.5% por debajo de su máximo 52s. Fundamentalmente sólida con ROE 12.2%, deuda neta/EBITDA 2.0x. Técnicamente 🔵 RSI recuperándose de sobreventa, 🟢 Cruce alcista MACD. Clasificación: seguimiento.","DANONE está un 26.5% por debajo de su máximo 52s. Fundamentalmente sólida con ROE 12.2%, deuda neta/EBITDA 2.0x. Técnicamente 🔵 RSI recuperándose de sobreventa, 🟢 Cruce alcista MACD. Clasificación: seguimiento.",OK,
EL.PA,ESSILORLUXOTTICA,EUROSTOXX,1.0,script-v2.0,1.0,2026-10-07T14:29:10.624149+02:00,74.0,75.3,78.0,73.0,0.0,4.0,70.0,48.0,22.0,732752.0,2.29,6.4,,13.93,53.9,-16.1092,True,57.1,55.6,False,187.44,-22.2,True,False,True,Sin señales de recuperación,pass,seguimiento,pendiente,0.0,desconocido,Pendiente de implementar,ausente,"dividend_maintained (baja): Dividendo actual 2.74% con caída del 54.9% | analyst_upgrade (media): Target 227.30 vs precio 145.90 (+56%), recMean 1.83, recKey buy",fuerte,seguimiento,141.56,145.9,141.56 - 145.90,190.88,275.23,190.88 - 275.23,Pérdida del soporte en 141.56 | ROE negativo durante 2 trimestres consecutivos | Ampliación de capital dilutiva | Recorte de rating a bono basura,18-24,"ESSILORLUXOTTICA está un 54.9% por debajo de su máximo 52s. Fundamentalmente sólida con ROE 6.7%, deuda neta/EBITDA 2.3x. Técnicamente 🟢 Divergencia alcista RSI, 🟢 Cerca de soporte. Clasificación: seguimiento.","ESSILORLUXOTTICA está un 54.9% por debajo de su máximo 52s. Fundamentalmente sólida con ROE 6.7%, deuda neta/EBITDA 2.3x. Técnicamente 🟢 Divergencia alcista RSI, 🟢 Cerca de soporte. Clasificación: seguimiento.",OK,
GSK.L,GSK PLC ORD 31 1/4P,EUROSTOXX,1.0,script-v2.0,1.0,2026-10-07T14:29:39.580488+02:00,73.8,72.3,91.0,56.0,0.0,9.0,78.0,61.0,17.0,6597610.0,1.4,-4.0,0.7,7.9,22.1,-33.0717,False,20.4,12.3,False,1953.22,-9.0,True,False,True,,pass,seguimiento,pendiente,0.0,desconocido,Pendiente de implementar,parcial,"debt_reduction (alta): Deuda 18293.0M vs 19056.0M | dividend_maintained (baja): Dividendo actual 0.04% con caída del 22.2% | analyst_upgrade (media): Target 2172.91 vs precio 1776.50 (+22%), recMean 2.52, recKey hold",fuerte,seguimiento,1689.85,1776.5,1689.85 - 1776.50,1939.7,1951.96,1939.70 - 1951.96,Pérdida del soporte en 1689.85 | ROE negativo durante 2 trimestres consecutivos | Ampliación de capital dilutiva | Recorte de rating a bono basura,6-12,"GSK PLC ORD 31 1/4P está un 22.2% por debajo de su máximo 52s. Fundamentalmente sólida con ROE 33.4%, deuda neta/EBITDA 1.4x. Técnicamente 🟢 Divergencia alcista RSI, 🟡 MACD convergiendo. Clasificación: seguimiento.","GSK PLC ORD 31 1/4P está un 22.2% por debajo de su máximo 52s. Fundamentalmente sólida con ROE 33.4%, deuda neta/EBITDA 1.4x. Técnicamente 🟢 Divergencia alcista RSI, 🟡 MACD convergiendo. Clasificación: seguimiento.",OK,
UCB.BR,UCB,EUROSTOXX,1.0,script-v2.0,1.0,2026-10-07T14:29:31.338457+02:00,73.5,74.3,93.0,58.0,0.0,7.0,71.0,59.0,12.0,234306.0,0.9,24.7,,13.19,29.7,-10.6868,False,18.8,14.1,False,242.02,-16.5,True,False,True,,pass,seguimiento,pendiente,0.0,desconocido,Pendiente de implementar,parcial,"eps_stabilization (media): EPS 8.03 vs 1.76 (annual_eps_fallback) | dividend_maintained (baja): Dividendo actual 0.72% con caída del 30.2% | analyst_upgrade (media): Target 285.00 vs precio 202.20 (+41%), recMean 1.60, recKey buy",fuerte,seguimiento,192.09,202.2,192.09 - 202.20,242.69,246.07,242.69 - 246.07,Pérdida del soporte en 192.09 | ROE negativo durante 2 trimestres consecutivos | Ampliación de capital dilutiva | Recorte de rating a bono basura,12-18,"UCB está un 30.2% por debajo de su máximo 52s. Fundamentalmente sólida con ROE 20.6%, deuda neta/EBITDA 0.9x. Técnicamente 🔵 RSI recuperándose de sobreventa, 🟢 Divergencia alcista RSI. Clasificación: seguimiento.","UCB está un 30.2% por debajo de su máximo 52s. Fundamentalmente sólida con ROE 20.6%, deuda neta/EBITDA 0.9x. Técnicamente 🔵 RSI recuperándose de sobreventa, 🟢 Divergencia alcista RSI. Clasificación: seguimiento.",OK,
RI.PA,PERNOD RICARD,EUROSTOXX,1.0,script-v2.0,1.0,2026-10-07T14:29:15.398591+02:00,73.4,79.9,73.0,86.0,0.0,12.0,54.0,39.0,15.0,667796.0,4.07,-6.8,,10.15,49.2,-2.0048,True,69.7,37.9,False,65.47,-7.9,False,False,True,,pass,entrada_escalada,pendiente,0.0,desconocido,Pendiente de implementar,confirmada,"eps_stabilization (media): EPS 6.45 vs 5.83 (annual_eps_fallback) | debt_reduction (alta): Deuda 12677.0M vs 13602.0M | dividend_maintained (baja): Dividendo actual 7.79% con caída del 33.3% | analyst_upgrade (media): Target 81.82 vs precio 60.30 (+36%), recMean 2.50, recKey buy",razonable,entrada_escalada,59.35,60.3,59.35 - 60.30,65.69,76.79,65.69 - 76.79,Pérdida del soporte en 59.35 | ROE negativo durante 2 trimestres consecutivos | Ampliación de capital dilutiva | Recorte de rating a bono basura,12-18,"PERNOD RICARD está un 33.3% por debajo de su máximo 52s. Fundamentalmente sólida con ROE 7.6%, deuda neta/EBITDA 4.1x. Técnicamente 🟢 Cerca de soporte, 🟢 MACD semanal girando al alza. Clasificación: entrada_escalada.","PERNOD RICARD está un 33.3% por debajo de su máximo 52s. Fundamentalmente sólida con ROE 7.6%, deuda neta/EBITDA 4.1x. Técnicamente 🟢 Cerca de soporte, 🟢 MACD semanal girando al alza. Clasificación: entrada_escalada.",OK,
4503.T,ASTELLAS PHARMA,ASIA,1.0,script-v2.0,1.0,2026-10-07T14:30:54.714280+02:00,73.4,79.2,100.0,61.0,0.0,9.0,56.0,39.0,17.0,6289320.0,0.52,-29.1,,6.53,15.6,31.5812,False,25.3,30.2,False,2276.81,-0.9,True,False,True,,pass,seguimiento,pendiente,0.0,desconocido,Pendiente de implementar,parcial,eps_stabilization (media): EPS 78.96 vs 38.11 (Diluted EPS) | debt_reduction (alta): Deuda 589870.0M vs 831426.0M | dividend_maintained (baja): Dividendo actual 3.55% con caída del 17.0%,razonable,seguimiento,2211.77,2255.5,2211.77 - 2255.50,2251.54,2309.45,2251.54 - 2309.45,Pérdida del soporte en 2211.77 | ROE negativo durante 2 trimestres consecutivos | Ampliación de capital dilutiva | Recorte de rating a bono basura,6-12,"ASTELLAS PHARMA está un 17.0% por debajo de su máximo 52s. Fundamentalmente sólida con ROE 21.3%, deuda neta/EBITDA 0.5x. Técnicamente 🟡 MACD convergiendo, 🟢 Cerca de soporte. Clasificación: seguimiento.","ASTELLAS PHARMA está un 17.0% por debajo de su máximo 52s. Fundamentalmente sólida con ROE 21.3%, deuda neta/EBITDA 0.5x. Técnicamente 🟡 MACD convergiendo, 🟢 Cerca de soporte. Clasificación: seguimiento.",OK,
SCG.AX,SCENTRE STAPLED [SCG],ASX,1.0,script-v2.0,1.0,2026-10-07T14:30:47.049424+02:00,73.2,77.6,84.0,72.0,0.0,4.0,60.0,55.0,5.0,10958228.0,5.58,,,12.86,15.8,-0.074,False,61.2,37.5,False,3.64,-5.9,False,False,True,Sin señales de recuperación,pass,seguimiento,pendiente,0.0,desconocido,Pendiente de implementar,ausente,eps_stabilization (media): EPS 0.34 vs 0.20 (annual_eps_fallback) | dividend_maintained (baja): Dividendo actual 5.25% con caída del 19.7%,razonable,seguimiento,3.26,3.43,3.26 - 3.43,3.63,3.66,3.63 - 3.66,Pérdida del soporte en 3.26 | ROE negativo durante 2 trimestres consecutivos | Ampliación de capital dilutiva | Recorte de rating a bono basura,6-12,"SCENTRE STAPLED [SCG] está un 19.7% por debajo de su máximo 52s. Fundamentalmente sólida con ROE 10.4%, deuda neta/EBITDA 5.6x. Técnicamente 🟢 Divergencia alcista RSI, 🟢 Cruce alcista MACD. Clasificación: seguimiento.","SCENTRE STAPLED [SCG] está un 19.7% por debajo de su máximo 52s. Fundamentalmente sólida con ROE 10.4%, deuda neta/EBITDA 5.6x. Técnicamente 🟢 Divergencia alcista RSI, 🟢 Cruce alcista MACD. Clasificación: seguimiento.",OK,
AZN.L,ASTRAZENECA PLC ORD SHS $0.25,EUROSTOXX,1.0,script-v2.0,1.0,2026-10-07T14:29:39.774250+02:00,73.2,71.9,98.0,49.0,0.0,12.0,77.0,55.0,22.0,3427070.0,1.38,-4.6,-0.2,10.7,23.5,-442.582,True,30.2,19.1,False,13516.64,-10.9,True,False,True,,pass,entrada_directa,pendiente,0.0,desconocido,Pendiente de implementar,confirmada,"margin_stabilization (media): Margen gross 83.6% vs 82.5% (+1.1 pp) | debt_reduction (alta): Deuda 32350.0M vs 33918.0M | dividend_maintained (baja): Dividendo actual 0.02% con caída del 23.5% | analyst_upgrade (media): Target 15897.78 vs precio 12040.00 (+32%), recMean 1.72, recKey buy",fuerte,entrada_directa,11530.87,12040.0,11530.87 - 12040.00,13372.2,13533.18,13372.20 - 13533.18,Pérdida del soporte en 11530.87 | ROE negativo durante 2 trimestres consecutivos | Ampliación de capital dilutiva | Recorte de rating a bono basura,6-12,"ASTRAZENECA PLC ORD SHS $0.25 está un 23.5% por debajo de su máximo 52s. Fundamentalmente sólida con ROE 22.0%, deuda neta/EBITDA 1.4x. Técnicamente 🟢 Divergencia alcista RSI, 🟡 MACD convergiendo. Clasificación: entrada_directa.","ASTRAZENECA PLC ORD SHS $0.25 está un 23.5% por debajo de su máximo 52s. Fundamentalmente sólida con ROE 22.0%, deuda neta/EBITDA 1.4x. Técnicamente 🟢 Divergencia alcista RSI, 🟡 MACD convergiendo. Clasificación: entrada_directa.",OK,
BEI.DE,BEIERSDORF AG                 I,EUROSTOXX,1.0,script-v2.0,1.0,2026-10-07T14:29:05.090242+02:00,73.1,75.5,84.0,68.0,0.0,1.0,66.0,39.0,27.0,354105.0,-1.73,,,8.83,42.7,-1.3004,True,54.9,42.8,False,80.43,-4.0,True,False,True,Sin señales de recuperación,pass,seguimiento,pendiente,0.0,desconocido,Pendiente de implementar,ausente,dividend_maintained (baja): Dividendo actual 1.29% con caída del 29.9%,razonable,seguimiento,73.16,77.24,73.16 - 77.24,80.73,93.63,80.73 - 93.63,Pérdida del soporte en 73.16 | ROE negativo durante 2 trimestres consecutivos | Ampliación de capital dilutiva | Recorte de rating a bono basura,12-18,"BEIERSDORF AG                 I está un 29.9% por debajo de su máximo 52s. Fundamentalmente sólida con ROE 10.9%, deuda neta/EBITDA -1.7x. Técnicamente 🟢 Divergencia alcista RSI, 🟢 MACD semanal girando al alza. Clasificación: seguimiento.","BEIERSDORF AG                 I está un 29.9% por debajo de su máximo 52s. Fundamentalmente sólida con ROE 10.9%, deuda neta/EBITDA -1.7x. Técnicamente 🟢 Divergencia alcista RSI, 🟢 MACD semanal girando al alza. Clasificación: seguimiento.",OK,
T,AT&T Inc.,SP500,1.0,script-v2.0,1.0,2026-10-07T14:29:53.149941+02:00,73.1,75.1,89.0,63.0,0.0,7.0,67.0,50.0,17.0,48819853.0,3.3,5.4,-0.1,7.42,15.0,0.1009,False,22.2,11.2,False,24.91,-1.9,True,False,True,,pass,seguimiento,pendiente,0.0,desconocido,Pendiente de implementar,parcial,margin_stabilization (media): Margen gross 61.8% vs 60.1% (+1.7 pp) | eps_stabilization (media): EPS 0.66 vs 0.54 (Diluted EPS) | dividend_maintained (baja): Dividendo actual 4.54% con caída del 17.0%,razonable,seguimiento,22.46,24.43,22.46 - 24.43,24.8,25.02,24.80 - 25.02,Pérdida del soporte en 22.46 | ROE negativo durante 2 trimestres consecutivos | Ampliación de capital dilutiva | Recorte de rating a bono basura,6-12,"AT&T Inc. está un 17.0% por debajo de su máximo 52s. Fundamentalmente sólida con ROE 18.3%, deuda neta/EBITDA 3.3x. Técnicamente 🔵 RSI recuperándose de sobreventa, 🟡 MACD convergiendo. Clasificación: seguimiento.","AT&T Inc. está un 17.0% por debajo de su máximo 52s. Fundamentalmente sólida con ROE 18.3%, deuda neta/EBITDA 3.3x. Técnicamente 🔵 RSI recuperándose de sobreventa, 🟡 MACD convergiendo. Clasificación: seguimiento.",OK,
MCD,McDonald's Corporation,SP500,1.0,script-v2.0,1.0,2026-10-07T14:30:00.775245+02:00,72.8,74.7,79.0,71.0,0.0,15.0,67.0,55.0,12.0,4987996.0,3.6,-0.5,0.0,14.62,30.6,-14.0938,False,14.2,12.8,False,283.53,-18.0,True,False,True,,pass,entrada_escalada,pendiente,0.0,desconocido,Pendiente de implementar,confirmada,"margin_stabilization (media): Margen gross 58.0% vs 55.9% (+2.1 pp) | eps_stabilization (media): EPS 3.32 vs 2.78 (Diluted EPS) | debt_reduction (alta): Deuda 54604.0M vs 54881.0M | dividend_maintained (baja): Dividendo actual 3.32% con caída del 32.0% | analyst_upgrade (media): Target 293.76 vs precio 232.45 (+26%), recMean 2.06, recKey buy",razonable,entrada_escalada,220.83,232.45,220.83 - 232.45,285.57,290.49,285.57 - 290.49,Pérdida del soporte en 220.83 | ROE negativo durante 2 trimestres consecutivos | Ampliación de capital dilutiva | Recorte de rating a bono basura,12-18,"McDonald's Corporation está un 32.0% por debajo de su máximo 52s. Fundamentalmente sólida con deuda neta/EBITDA 3.6x, dividendo 3.3%. Técnicamente 🔵 RSI en sobreventa, 🟡 MACD convergiendo. Clasificación: entrada_escalada.","McDonald's Corporation está un 32.0% por debajo de su máximo 52s. Fundamentalmente sólida con deuda neta/EBITDA 3.6x, dividendo 3.3%. Técnicamente 🔵 RSI en sobreventa, 🟡 MACD convergiendo. Clasificación: entrada_escalada.",OK,
3382.T,SEVEN & I HOLDINGS CO LTD,ASIA,1.0,script-v2.0,1.0,2026-10-07T14:31:02.753159+02:00,72.8,78.8,82.0,76.0,0.0,4.0,55.0,38.0,17.0,8965501.0,3.32,,,8.05,23.7,-1.3301,False,5.0,11.0,False,2023.41,-2.8,True,False,True,Sin señales de recuperación,pass,seguimiento,pendiente,0.0,desconocido,Pendiente de implementar,ausente,eps_stabilization (media): EPS 26.21 vs 18.96 (Diluted EPS) | dividend_maintained (baja): Dividendo actual 3.05% con caída del 18.6%,razonable,seguimiento,1956.8,1967.5,1956.80 - 1967.50,2035.14,2054.45,2035.14 - 2054.45,Pérdida del soporte en 1956.80 | ROE negativo durante 2 trimestres consecutivos | Ampliación de capital dilutiva | Recorte de rating a bono basura,6-12,"SEVEN & I HOLDINGS CO LTD está un 18.6% por debajo de su máximo 52s. Fundamentalmente sólida con ROE 8.0%, deuda neta/EBITDA 3.3x. Técnicamente 🟢 Cerca de soporte, 🟡 Apoyo en MA40 semanal. Clasificación: seguimiento.","SEVEN & I HOLDINGS CO LTD está un 18.6% por debajo de su máximo 52s. Fundamentalmente sólida con ROE 8.0%, deuda neta/EBITDA 3.3x. Técnicamente 🟢 Cerca de soporte, 🟡 Apoyo en MA40 semanal. Clasificación: seguimiento.",OK,
PEP,"Pepsico, Inc.",SP500,1.0,script-v2.0,1.0,2026-10-07T14:29:50.236568+02:00,72.5,74.3,78.0,71.0,0.0,4.0,67.0,55.0,12.0,8164884.0,2.25,0.9,0.1,11.35,24.5,-4.5827,False,13.9,10.9,False,144.39,-12.9,True,False,True,Sin señales de recuperación,pass,seguimiento,pendiente,0.0,desconocido,Pendiente de implementar,ausente,eps_stabilization (media): EPS 2.18 vs 1.70 (Diluted EPS) | dividend_maintained (baja): Dividendo actual 4.71% con caída del 26.7%,razonable,seguimiento,119.42,125.71,119.42 - 125.71,144.35,145.76,144.35 - 145.76,Pérdida del soporte en 119.42 | ROE negativo durante 2 trimestres consecutivos | Ampliación de capital dilutiva | Recorte de rating a bono basura,12-18,"Pepsico, Inc. está un 26.7% por debajo de su máximo 52s. Fundamentalmente sólida con ROE 51.5%, deuda neta/EBITDA 2.2x. Técnicamente 🔵 RSI en sobreventa, 🟡 MACD convergiendo. Clasificación: seguimiento.","Pepsico, Inc. está un 26.7% por debajo de su máximo 52s. Fundamentalmente sólida con ROE 51.5%, deuda neta/EBITDA 2.2x. Técnicamente 🔵 RSI en sobreventa, 🟡 MACD convergiendo. Clasificación: seguimiento.",OK,
CAP.PA,CAPGEMINI,EUROSTOXX,1.0,script-v2.0,1.0,2026-10-07T14:29:09.258680+02:00,72.5,79.1,94.0,66.0,0.0,4.0,53.0,35.0,18.0,596972.0,2.56,7.7,,8.58,38.7,0.5972,False,60.7,57.4,False,104.33,5.3,True,True,True,Sin señales de recuperación,pass,seguimiento,pendiente,0.0,desconocido,Pendiente de implementar,ausente,"dividend_maintained (baja): Dividendo actual 3.09% con caída del 28.2% | analyst_upgrade (media): Target 140.51 vs precio 109.90 (+28%), recMean 1.76, recKey buy",razonable,seguimiento,100.03,106.96,100.03 - 106.96,105.4,130.09,105.40 - 130.09,Pérdida del soporte en 100.03 | ROE negativo durante 2 trimestres consecutivos | Ampliación de capital dilutiva | Recorte de rating a bono basura,12-18,"CAPGEMINI está un 28.2% por debajo de su máximo 52s. Fundamentalmente sólida con ROE 12.2%, deuda neta/EBITDA 2.6x. Técnicamente 🟢 Cruce alcista MACD, 🟢 base_pattern_detected. Clasificación: seguimiento.","CAPGEMINI está un 28.2% por debajo de su máximo 52s. Fundamentalmente sólida con ROE 12.2%, deuda neta/EBITDA 2.6x. Técnicamente 🟢 Cruce alcista MACD, 🟢 base_pattern_detected. Clasificación: seguimiento.",OK,
UPS,"United Parcel Service, Inc.",SP500,1.0,script-v2.0,1.0,2026-10-07T14:30:11.562468+02:00,72.3,71.5,88.0,57.0,0.0,4.0,75.0,64.0,11.0,4868312.0,1.99,0.0,5.9,8.55,27.2,-1.6165,False,16.3,14.5,True,102.73,-9.4,False,False,True,Sin señales de recuperación,pass,seguimiento,pendiente,0.0,desconocido,Pendiente de implementar,ausente,"dividend_maintained (baja): Dividendo actual 7.05% con caída del 23.9% | analyst_upgrade (media): Target 115.23 vs precio 93.11 (+24%), recMean 2.17, recKey buy",fuerte,seguimiento,92.99,93.11,92.99 - 93.11,102.4,104.05,102.40 - 104.05,Pérdida del soporte en 92.99 | ROE negativo durante 2 trimestres consecutivos | Ampliación de capital dilutiva | Recorte de rating a bono basura,6-12,"United Parcel Service, Inc. está un 23.9% por debajo de su máximo 52s. Fundamentalmente sólida con ROE 29.6%, deuda neta/EBITDA 2.0x. Técnicamente 🔵 RSI en sobreventa, 🟡 MACD convergiendo. Clasificación: seguimiento.","United Parcel Service, Inc. está un 23.9% por debajo de su máximo 52s. Fundamentalmente sólida con ROE 29.6%, deuda neta/EBITDA 2.0x. Técnicamente 🔵 RSI en sobreventa, 🟡 MACD convergiendo. Clasificación: seguimiento.",OK,
BATS.L,BRITISH AMERICAN TOBACCO PLC OR,EUROSTOXX,1.0,script-v2.0,1.0,2026-10-07T14:29:46.234754+02:00,71.6,74.1,88.0,62.0,0.0,12.0,64.0,59.0,5.0,3442511.0,2.9,-0.0,,10.65,24.5,-89.5191,False,29.4,17.7,False,4383.05,-7.6,False,False,True,,pass,entrada_escalada,pendiente,0.0,desconocido,Pendiente de implementar,confirmada,"eps_stabilization (media): EPS 3.49 vs 1.36 (annual_eps_fallback) | debt_reduction (alta): Deuda 35063.0M vs 35070.0M | dividend_maintained (baja): Dividendo actual 0.06% con caída del 24.6% | analyst_upgrade (media): Target 5153.85 vs precio 4050.00 (+27%), recMean 1.62, recKey buy",razonable,entrada_escalada,3847.5,4050.0,3847.50 - 4050.00,4376.36,4562.8,4376.36 - 4562.80,Pérdida del soporte en 3847.50 | ROE negativo durante 2 trimestres consecutivos | Ampliación de capital dilutiva | Recorte de rating a bono basura,6-12,"BRITISH AMERICAN TOBACCO PLC OR está un 24.6% por debajo de su máximo 52s. Fundamentalmente sólida con ROE 13.4%, deuda neta/EBITDA 2.9x. Técnicamente 🔵 RSI recuperándose de sobreventa, 🟢 Divergencia alcista RSI. Clasificación: entrada_escalada.","BRITISH AMERICAN TOBACCO PLC OR está un 24.6% por debajo de su máximo 52s. Fundamentalmente sólida con ROE 13.4%, deuda neta/EBITDA 2.9x. Técnicamente 🔵 RSI recuperándose de sobreventa, 🟢 Divergencia alcista RSI. Clasificación: entrada_escalada.",OK,
DTE.DE,DEUTSCHE TELEKOM AG           N,EUROSTOXX,1.0,script-v2.0,1.0,2026-10-07T14:28:58.496380+02:00,71.0,72.4,82.0,64.0,0.0,10.0,67.0,50.0,17.0,5702371.0,3.31,2.8,-16.2,6.96,20.7,-0.3219,False,55.9,38.2,False,28.44,-5.7,True,False,True,,pass,seguimiento,pendiente,0.0,desconocido,Pendiente de implementar,parcial,"margin_stabilization (media): Margen gross 63.2% vs 62.1% (+1.1 pp) | eps_stabilization (media): EPS 0.51 vs 0.42 (Diluted EPS) | dividend_maintained (baja): Dividendo actual 3.73% con caída del 22.0% | analyst_upgrade (media): Target 36.43 vs precio 26.81 (+36%), recMean 1.67, recKey buy",razonable,seguimiento,23.53,26.81,23.53 - 26.81,28.35,29.21,28.35 - 29.21,Pérdida del soporte en 23.53 | ROE negativo durante 2 trimestres consecutivos | Ampliación de capital dilutiva | Recorte de rating a bono basura,6-12,"DEUTSCHE TELEKOM AG           N está un 22.0% por debajo de su máximo 52s. Fundamentalmente sólida con ROE 15.1%, deuda neta/EBITDA 3.3x. Técnicamente 🔵 RSI recuperándose de sobreventa, 🟡 MACD convergiendo. Clasificación: seguimiento.","DEUTSCHE TELEKOM AG           N está un 22.0% por debajo de su máximo 52s. Fundamentalmente sólida con ROE 15.1%, deuda neta/EBITDA 3.3x. Técnicamente 🔵 RSI recuperándose de sobreventa, 🟡 MACD convergiendo. Clasificación: seguimiento.",OK,
9020.T,EAST JAPAN RAILWAY CO,ASIA,1.0,script-v2.0,1.0,2026-10-07T14:31:00.140450+02:00,70.8,70.1,61.0,78.0,0.0,4.0,73.0,50.0,23.0,3084920.0,5.68,7.6,,10.02,19.1,-51.1084,False,17.1,10.0,True,3557.88,-6.5,True,False,True,Sin señales de recuperación,pass,seguimiento,pendiente,0.0,desconocido,Pendiente de implementar,ausente,"dividend_maintained (baja): Dividendo actual 2.52% con caída del 21.0% | analyst_upgrade (media): Target 4028.33 vs precio 3328.00 (+21%), recMean 2.33, recKey buy",fuerte,seguimiento,3161.6,3328.0,3161.60 - 3328.00,3579.35,3595.35,3579.35 - 3595.35,Pérdida del soporte en 3161.60 | ROE negativo durante 2 trimestres consecutivos | Ampliación de capital dilutiva | Recorte de rating a bono basura,6-12,"EAST JAPAN RAILWAY CO está un 21.0% por debajo de su máximo 52s. Fundamentalmente sólida con ROE 7.9%, deuda neta/EBITDA 5.7x. Técnicamente 🔵 RSI recuperándose de sobreventa, 🟡 MACD convergiendo. Clasificación: seguimiento.","EAST JAPAN RAILWAY CO está un 21.0% por debajo de su máximo 52s. Fundamentalmente sólida con ROE 7.9%, deuda neta/EBITDA 5.7x. Técnicamente 🔵 RSI recuperándose de sobreventa, 🟡 MACD convergiendo. Clasificación: seguimiento.",OK,
8002.T,MARUBENI CORP,ASIA,1.0,script-v2.0,1.0,2026-10-07T14:31:04.047259+02:00,70.3,67.8,95.0,44.0,0.0,4.0,78.0,61.0,17.0,4685333.0,3.96,0.5,,19.37,22.7,-51.8434,False,34.4,32.3,False,5201.59,-8.0,True,False,True,Sin señales de recuperación,pass,seguimiento,pendiente,0.0,desconocido,Pendiente de implementar,ausente,"dividend_maintained (baja): Dividendo actual 2.40% con caída del 24.4% | analyst_upgrade (media): Target 5993.64 vs precio 4787.00 (+25%), recKey none",fuerte,seguimiento,4718.7,4787.0,4718.70 - 4787.00,5124.58,5378.8,5124.58 - 5378.80,Pérdida del soporte en 4718.70 | ROE negativo durante 2 trimestres consecutivos | Ampliación de capital dilutiva | Recorte de rating a bono basura,6-12,"MARUBENI CORP está un 24.4% por debajo de su máximo 52s. Fundamentalmente sólida con ROE 14.2%, deuda neta/EBITDA 4.0x. Técnicamente 🟢 Divergencia alcista RSI, 🟡 MACD convergiendo. Clasificación: seguimiento.","MARUBENI CORP está un 24.4% por debajo de su máximo 52s. Fundamentalmente sólida con ROE 14.2%, deuda neta/EBITDA 4.0x. Técnicamente 🟢 Divergencia alcista RSI, 🟡 MACD convergiendo. Clasificación: seguimiento.",OK,
4568.T,DAIICHI SANKYO COMPANY LIMITED,ASIA,1.0,script-v2.0,1.0,2026-10-07T14:30:55.599171+02:00,70.1,75.1,97.0,56.0,0.0,4.0,55.0,38.0,17.0,6170241.0,-0.44,148.8,,15.66,44.1,-9.4078,False,5.2,22.7,False,2742.31,-1.5,True,False,True,Sin señales de recuperación,pass,seguimiento,pendiente,0.0,desconocido,Pendiente de implementar,ausente,"dividend_maintained (baja): Dividendo actual 3.70% con caída del 35.3% | analyst_upgrade (media): Target 4077.50 vs precio 2702.50 (+51%), recMean 1.50, recKey strong_buy",razonable,seguimiento,2643.36,2702.5,2643.36 - 2702.50,2794.54,3551.3,2794.54 - 3551.30,Pérdida del soporte en 2643.36 | ROE negativo durante 2 trimestres consecutivos | Ampliación de capital dilutiva | Recorte de rating a bono basura,12-18,"DAIICHI SANKYO COMPANY LIMITED está un 35.3% por debajo de su máximo 52s. Fundamentalmente sólida con ROE 14.8%, deuda neta/EBITDA -0.4x. Técnicamente 🟢 Cerca de soporte, 🟡 Apoyo en MA40 semanal. Clasificación: seguimiento.","DAIICHI SANKYO COMPANY LIMITED está un 35.3% por debajo de su máximo 52s. Fundamentalmente sólida con ROE 14.8%, deuda neta/EBITDA -0.4x. Técnicamente 🟢 Cerca de soporte, 🟡 Apoyo en MA40 semanal. Clasificación: seguimiento.",OK,
DUK,Duke Energy Corporation (Holdin,SP500,1.0,script-v2.0,1.0,2026-10-07T14:30:18.989378+02:00,70.1,63.5,88.0,42.0,0.0,1.0,90.0,73.0,17.0,4083350.0,5.51,1.5,1.6,11.12,12.5,-2.0408,False,52.8,33.6,False,122.87,-5.9,True,False,True,Sin señales de recuperación,pass,seguimiento,pendiente,0.0,desconocido,Pendiente de implementar,ausente,dividend_maintained (baja): Dividendo actual 3.75% con caída del 14.0%,fuerte,seguimiento,112.4,115.66,112.40 - 115.66,114.32,122.38,114.32 - 122.38,Pérdida del soporte en 112.40 | ROE negativo durante 2 trimestres consecutivos | Ampliación de capital dilutiva | Recorte de rating a bono basura,6-12,"Duke Energy Corporation (Holdin está un 14.0% por debajo de su máximo 52s. Fundamentalmente sólida con ROE 9.9%, deuda neta/EBITDA 5.5x. Técnicamente 🔵 RSI recuperándose de sobreventa, 🟢 Cruce alcista MACD. Clasificación: seguimiento.","Duke Energy Corporation (Holdin está un 14.0% por debajo de su máximo 52s. Fundamentalmente sólida con ROE 9.9%, deuda neta/EBITDA 5.5x. Técnicamente 🔵 RSI recuperándose de sobreventa, 🟢 Cruce alcista MACD. Clasificación: seguimiento.",OK,
Z74.SI,Singtel,ASIA,1.0,script-v2.0,1.0,2026-10-07T14:31:17.896137+02:00,69.8,67.8,87.0,51.0,0.0,7.0,76.0,59.0,17.0,25644009.0,2.32,2.5,,22.59,16.5,-0.0377,False,47.6,29.5,False,4.51,-4.7,True,False,True,,pass,seguimiento,pendiente,0.0,desconocido,Pendiente de implementar,parcial,"eps_stabilization (media): EPS 0.34 vs 0.24 (annual_eps_fallback) | dividend_maintained (baja): Dividendo actual 3.02% con caída del 18.4% | analyst_upgrade (media): Target 5.32 vs precio 4.30 (+24%), recMean 1.57, recKey buy",fuerte,seguimiento,4.27,4.3,4.27 - 4.30,4.48,4.52,4.48 - 4.52,Pérdida del soporte en 4.27 | ROE negativo durante 2 trimestres consecutivos | Ampliación de capital dilutiva | Recorte de rating a bono basura,6-12,"Singtel está un 18.4% por debajo de su máximo 52s. Fundamentalmente sólida con deuda neta/EBITDA 2.3x, dividendo 3.0%. Técnicamente 🔵 RSI recuperándose de sobreventa, 🟡 MACD convergiendo. Clasificación: seguimiento.","Singtel está un 18.4% por debajo de su máximo 52s. Fundamentalmente sólida con deuda neta/EBITDA 2.3x, dividendo 3.0%. Técnicamente 🔵 RSI recuperándose de sobreventa, 🟡 MACD convergiendo. Clasificación: seguimiento.",OK,
CPB,The Campbell's Company,SP500,1.0,script-v2.0,1.0,2026-10-07T14:30:27.774819+02:00,69.5,77.7,67.0,87.0,0.0,4.0,45.0,45.0,0.0,6989829.0,4.36,5.3,-0.3,8.04,57.0,-0.8907,False,3.8,12.9,False,22.14,-14.2,False,False,True,Sin señales de recuperación,pass,seguimiento,pendiente,0.0,desconocido,Pendiente de implementar,ausente,margin_stabilization (media): Margen gross 27.5% vs 28.0% (-0.5 pp) | dividend_maintained (baja): Dividendo actual 5.26% con caída del 40.7%,razonable,seguimiento,18.05,19.0,18.05 - 19.00,22.4,27.23,22.40 - 27.23,Pérdida del soporte en 18.05 | ROE negativo durante 2 trimestres consecutivos | Ampliación de capital dilutiva | Recorte de rating a bono basura,18-24,"The Campbell's Company está un 40.7% por debajo de su máximo 52s. Fundamentalmente sólida con ROE 10.1%, deuda neta/EBITDA 4.4x. Técnicamente 🔵 RSI en sobreventa. Clasificación: seguimiento.","The Campbell's Company está un 40.7% por debajo de su máximo 52s. Fundamentalmente sólida con ROE 10.1%, deuda neta/EBITDA 4.4x. Técnicamente 🔵 RSI en sobreventa. Clasificación: seguimiento.",OK,
GLE.PA,SOCIETE GENERALE,EUROSTOXX,1.0,script-v2.0,1.0,2026-10-07T14:29:11.455927+02:00,69.3,70.1,68.0,72.0,0.0,7.0,67.0,50.0,17.0,1834350.0,,117.1,,,24.1,0.19,False,2.2,16.0,False,70.45,-9.6,True,False,True,,pass,seguimiento,pendiente,0.0,desconocido,Pendiente de implementar,parcial,"eps_stabilization (media): EPS 2.05 vs 1.88 (Diluted EPS) | dividend_maintained (baja): Dividendo actual 2.75% con caída del 24.9% | analyst_upgrade (media): Target 89.39 vs precio 63.69 (+40%), recMean 1.90, recKey buy",razonable,seguimiento,60.51,63.69,60.51 - 63.69,70.81,72.1,70.81 - 72.10,Pérdida del soporte en 60.51 | ROE negativo durante 2 trimestres consecutivos | Ampliación de capital dilutiva | Recorte de rating a bono basura,6-12,"SOCIETE GENERALE está un 24.9% por debajo de su máximo 52s. Fundamentalmente sólida con ROE 9.5%, dividendo 2.8%. Técnicamente 🔵 RSI en sobreventa, 🟢 Divergencia alcista RSI. Clasificación: seguimiento.","SOCIETE GENERALE está un 24.9% por debajo de su máximo 52s. Fundamentalmente sólida con ROE 9.5%, dividendo 2.8%. Técnicamente 🔵 RSI en sobreventa, 🟢 Divergencia alcista RSI. Clasificación: seguimiento.",OK,
FDX,FedEx Corporation,SP500,1.0,script-v2.0,1.0,2026-10-07T14:30:13.282064+02:00,69.3,71.1,86.0,58.0,0.0,10.0,64.0,59.0,5.0,1575695.0,2.48,2.2,5.6,8.26,15.7,2.0601,False,32.6,32.5,False,301.86,-4.3,False,False,True,,pass,seguimiento,pendiente,0.0,desconocido,Pendiente de implementar,parcial,"margin_stabilization (media): Margen gross 22.7% vs 21.3% (+1.3 pp) | eps_stabilization (media): EPS 6.60 vs 4.41 (Diluted EPS) | dividend_maintained (baja): Dividendo actual 1.69% con caída del 16.3% | analyst_upgrade (media): Target 354.96 vs precio 289.03 (+23%), recMean 1.79, recKey buy",razonable,seguimiento,274.58,289.03,274.58 - 289.03,293.56,297.62,293.56 - 297.62,Pérdida del soporte en 274.58 | ROE negativo durante 2 trimestres consecutivos | Ampliación de capital dilutiva | Recorte de rating a bono basura,6-12,"FedEx Corporation está un 16.3% por debajo de su máximo 52s. Fundamentalmente sólida con ROE 14.8%, deuda neta/EBITDA 2.5x. Técnicamente 🔵 RSI recuperándose de sobreventa, 🟢 Cruce alcista MACD. Clasificación: seguimiento.","FedEx Corporation está un 16.3% por debajo de su máximo 52s. Fundamentalmente sólida con ROE 14.8%, deuda neta/EBITDA 2.5x. Técnicamente 🔵 RSI recuperándose de sobreventa, 🟢 Cruce alcista MACD. Clasificación: seguimiento.",OK,
MGR.AX,MIRVAC GRP STAPLED [MGR],ASX,1.0,script-v2.0,1.0,2026-10-07T14:30:47.263775+02:00,68.5,72.4,82.0,64.0,0.0,9.0,57.0,24.0,33.0,13015962.0,4.12,-13.4,,12.17,22.8,-0.0056,True,67.2,53.0,False,1.78,1.7,True,True,True,,pass,seguimiento,pendiente,0.0,desconocido,Pendiente de implementar,parcial,eps_stabilization (media): EPS 0.02 vs -0.20 (annual_eps_fallback) | debt_reduction (alta): Deuda 3934.0M vs 4544.0M | dividend_maintained (baja): Dividendo actual 5.54% con caída del 26.6%,razonable,seguimiento,1.69,1.8,1.69 - 1.80,1.79,2.09,1.79 - 2.09,Pérdida del soporte en 1.69 | ROE negativo durante 2 trimestres consecutivos | Ampliación de capital dilutiva | Recorte de rating a bono basura,12-18,"MIRVAC GRP STAPLED [MGR] está un 26.6% por debajo de su máximo 52s. Fundamentalmente sólida con ROE 7.4%, deuda neta/EBITDA 4.1x. Técnicamente 🟢 MACD semanal girando al alza, 🟡 Apoyo en MA40 semanal. Clasificación: seguimiento.","MIRVAC GRP STAPLED [MGR] está un 26.6% por debajo de su máximo 52s. Fundamentalmente sólida con ROE 7.4%, deuda neta/EBITDA 4.1x. Técnicamente 🟢 MACD semanal girando al alza, 🟡 Apoyo en MA40 semanal. Clasificación: seguimiento.",OK,
FRE.DE,Fresenius SE & Co. KGaA       N,EUROSTOXX,1.0,script-v2.0,1.0,2026-10-07T14:28:59.039398+02:00,68.5,69.0,85.0,55.0,0.0,12.0,67.0,50.0,17.0,997046.0,3.34,-4.1,-0.4,11.68,15.0,0.6012,False,24.9,25.4,False,43.69,0.2,True,False,True,,pass,entrada_escalada,pendiente,0.0,desconocido,Pendiente de implementar,confirmada,"margin_stabilization (media): Margen gross 26.1% vs 26.4% (-0.3 pp) | debt_reduction (alta): Deuda 11419.0M vs 11905.0M | dividend_maintained (baja): Dividendo actual 2.40% con caída del 17.3% | analyst_upgrade (media): Target 55.59 vs precio 43.78 (+27%), recMean 1.50, recKey strong_buy",razonable,entrada_escalada,40.4,43.78,40.40 - 43.78,43.87,45.02,43.87 - 45.02,Pérdida del soporte en 40.40 | ROE negativo durante 2 trimestres consecutivos | Ampliación de capital dilutiva | Recorte de rating a bono basura,6-12,"Fresenius SE & Co. KGaA       N está un 17.3% por debajo de su máximo 52s. Fundamentalmente sólida con ROE 8.3%, deuda neta/EBITDA 3.3x. Técnicamente 🔵 RSI recuperándose de sobreventa, 🟡 MACD convergiendo. Clasificación: entrada_escalada.","Fresenius SE & Co. KGaA       N está un 17.3% por debajo de su máximo 52s. Fundamentalmente sólida con ROE 8.3%, deuda neta/EBITDA 3.3x. Técnicamente 🔵 RSI recuperándose de sobreventa, 🟡 MACD convergiendo. Clasificación: entrada_escalada.",OK,
ADS.DE,adidas AG                     N,EUROSTOXX,1.0,script-v2.0,1.0,2026-10-07T14:29:02.815528+02:00,68.4,73.5,97.0,53.0,0.0,7.0,53.0,48.0,5.0,680514.0,1.66,0.4,0.0,11.34,42.9,-3.8127,False,78.4,60.6,False,153.47,-4.5,False,False,True,,pass,seguimiento,pendiente,0.0,desconocido,Pendiente de implementar,parcial,"margin_stabilization (media): Margen gross 52.5% vs 51.1% (+1.4 pp) | dividend_maintained (baja): Dividendo actual 1.91% con caída del 25.4% | analyst_upgrade (media): Target 196.08 vs precio 146.50 (+34%), recMean 1.77, recKey buy",razonable,seguimiento,139.61,146.5,139.61 - 146.50,154.11,166.94,154.11 - 166.94,Pérdida del soporte en 139.61 | ROE negativo durante 2 trimestres consecutivos | Ampliación de capital dilutiva | Recorte de rating a bono basura,12-18,"adidas AG                     N está un 25.4% por debajo de su máximo 52s. Fundamentalmente sólida con ROE 24.3%, deuda neta/EBITDA 1.7x. Técnicamente 🟢 Divergencia alcista RSI, 🟢 Cerca de soporte. Clasificación: seguimiento.","adidas AG                     N está un 25.4% por debajo de su máximo 52s. Fundamentalmente sólida con ROE 24.3%, deuda neta/EBITDA 1.7x. Técnicamente 🟢 Divergencia alcista RSI, 🟢 Cerca de soporte. Clasificación: seguimiento.",OK,
ED,"Consolidated Edison, Inc.",SP500,1.0,script-v2.0,1.0,2026-10-07T14:29:59.419122+02:00,68.3,65.8,93.0,42.0,0.0,1.0,76.0,59.0,17.0,2198171.0,4.36,4.2,0.2,10.67,8.1,-0.418,False,60.1,37.8,False,107.33,-2.1,True,False,True,Sin señales de recuperación,pass,seguimiento,pendiente,0.0,desconocido,Pendiente de implementar,ausente,dividend_maintained (baja): Dividendo actual 3.34% con caída del 9.6%,fuerte,seguimiento,99.86,105.12,99.86 - 105.12,98.8,106.61,98.80 - 106.61,Pérdida del soporte en 99.86 | ROE negativo durante 2 trimestres consecutivos | Ampliación de capital dilutiva | Recorte de rating a bono basura,6-12,"Consolidated Edison, Inc. está un 9.6% por debajo de su máximo 52s. Fundamentalmente sólida con ROE 9.0%, deuda neta/EBITDA 4.4x. Técnicamente 🟢 Divergencia alcista RSI, 🟢 Cruce alcista MACD. Clasificación: seguimiento.","Consolidated Edison, Inc. está un 9.6% por debajo de su máximo 52s. Fundamentalmente sólida con ROE 9.0%, deuda neta/EBITDA 4.4x. Técnicamente 🟢 Divergencia alcista RSI, 🟢 Cruce alcista MACD. Clasificación: seguimiento.",OK,
GS,"Goldman Sachs Group, Inc. (The)",SP500,1.0,script-v2.0,1.0,2026-10-07T14:30:05.111972+02:00,67.8,64.5,81.0,50.0,0.0,7.0,78.0,55.0,23.0,1997528.0,,132.4,,,21.9,2.9958,False,18.6,16.9,True,952.53,-5.8,True,False,True,,pass,seguimiento,pendiente,0.0,desconocido,Pendiente de implementar,parcial,"eps_stabilization (media): EPS 20.98 vs 17.55 (Diluted EPS) | dividend_maintained (baja): Dividendo actual 2.23% con caída del 22.3% | analyst_upgrade (media): Target 1079.50 vs precio 897.18 (+20%), recMean 2.60, recKey hold",fuerte,seguimiento,852.32,897.18,852.32 - 897.18,952.46,980.89,952.46 - 980.89,Pérdida del soporte en 852.32 | ROE negativo durante 2 trimestres consecutivos | Ampliación de capital dilutiva | Recorte de rating a bono basura,6-12,"Goldman Sachs Group, Inc. (The) está un 22.3% por debajo de su máximo 52s. Fundamentalmente sólida con ROE 16.9%, D/E 7.25. Técnicamente 🔵 RSI en sobreventa, 🟡 MACD convergiendo. Clasificación: seguimiento.","Goldman Sachs Group, Inc. (The) está un 22.3% por debajo de su máximo 52s. Fundamentalmente sólida con ROE 16.9%, D/E 7.25. Técnicamente 🔵 RSI en sobreventa, 🟡 MACD convergiendo. Clasificación: seguimiento.",OK,
IMB.L,IMPERIAL BRANDS PLC ORD 10P,EUROSTOXX,1.0,script-v2.0,1.0,2026-10-07T14:29:47.880948+02:00,67.4,66.5,66.0,67.0,0.0,4.0,70.0,48.0,22.0,2822343.0,2.67,12.4,,7.69,31.6,-126.6578,True,71.7,53.2,False,2843.48,-12.6,True,False,True,Sin señales de recuperación,pass,seguimiento,pendiente,0.0,desconocido,Pendiente de implementar,ausente,"dividend_maintained (baja): Dividendo actual 0.07% con caída del 31.6% | analyst_upgrade (media): Target 3259.09 vs precio 2484.00 (+31%), recMean 1.83, recKey buy",fuerte,seguimiento,2440.33,2484.0,2440.33 - 2484.00,2858.51,3087.23,2858.51 - 3087.23,Pérdida del soporte en 2440.33 | ROE negativo durante 2 trimestres consecutivos | Ampliación de capital dilutiva | Recorte de rating a bono basura,12-18,"IMPERIAL BRANDS PLC ORD 10P está un 31.6% por debajo de su máximo 52s. Fundamentalmente sólida con ROE 37.2%, deuda neta/EBITDA 2.7x. Técnicamente 🟢 Divergencia alcista RSI, 🟢 Cerca de soporte. Clasificación: seguimiento.","IMPERIAL BRANDS PLC ORD 10P está un 31.6% por debajo de su máximo 52s. Fundamentalmente sólida con ROE 37.2%, deuda neta/EBITDA 2.7x. Técnicamente 🟢 Divergencia alcista RSI, 🟢 Cerca de soporte. Clasificación: seguimiento.",OK,
VCX.AX,VICINITY STAPLED [VCX],ASX,1.0,script-v2.0,1.0,2026-10-07T14:30:47.638479+02:00,67.2,73.3,84.0,64.0,0.0,4.0,49.0,44.0,5.0,12159205.0,5.64,2.3,,18.02,12.9,-0.0331,False,61.1,37.0,False,2.44,-5.1,False,False,True,Sin señales de recuperación,pass,seguimiento,pendiente,0.0,desconocido,Pendiente de implementar,ausente,eps_stabilization (media): EPS 0.30 vs 0.22 (annual_eps_fallback) | dividend_maintained (baja): Dividendo actual 5.17% con caída del 15.0%,razonable,seguimiento,2.24,2.32,2.24 - 2.32,2.32,2.44,2.32 - 2.44,Pérdida del soporte en 2.24 | ROE negativo durante 2 trimestres consecutivos | Ampliación de capital dilutiva | Recorte de rating a bono basura,6-12,"VICINITY STAPLED [VCX] está un 15.0% por debajo de su máximo 52s. Fundamentalmente sólida con ROE 12.0%, deuda neta/EBITDA 5.6x. Técnicamente 🟢 Cerca de soporte, 🟡 Apoyo en MA40 semanal. Clasificación: seguimiento.","VICINITY STAPLED [VCX] está un 15.0% por debajo de su máximo 52s. Fundamentalmente sólida con ROE 12.0%, deuda neta/EBITDA 5.6x. Técnicamente 🟢 Cerca de soporte, 🟡 Apoyo en MA40 semanal. Clasificación: seguimiento.",OK,
005380.KS,HyundaiMtr,ASIA,1.0,script-v2.0,1.0,2026-10-07T14:31:15.199307+02:00,67.2,67.3,63.0,71.0,0.0,10.0,67.0,55.0,12.0,653250.0,7.79,3.3,0.0,15.73,56.8,-37549.8901,False,2.5,8.1,False,487204.01,-31.0,True,False,True,,pass,seguimiento,pendiente,0.0,desconocido,Pendiente de implementar,parcial,"margin_stabilization (media): Margen gross 17.8% vs 17.5% (+0.3 pp) | eps_stabilization (media): EPS 9621.00 vs 8897.00 (Diluted EPS) | dividend_maintained (baja): Dividendo actual 2.98% con caída del 57.1% | analyst_upgrade (media): Target 633004.00 vs precio 336000.00 (+88%), recMean 1.66, recKey buy",razonable,seguimiento,319200.0,336000.0,319200.00 - 336000.00,469449.53,665550.0,469449.53 - 665550.00,Pérdida del soporte en 319200.00 | ROE negativo durante 2 trimestres consecutivos | Ampliación de capital dilutiva | Recorte de rating a bono basura,18-24,"HyundaiMtr está un 57.1% por debajo de su máximo 52s. Fundamentalmente sólida con ROE 7.2%, deuda neta/EBITDA 7.8x. Técnicamente 🔵 RSI en sobreventa, 🟢 Divergencia alcista RSI. Clasificación: seguimiento.","HyundaiMtr está un 57.1% por debajo de su máximo 52s. Fundamentalmente sólida con ROE 7.2%, deuda neta/EBITDA 7.8x. Técnicamente 🔵 RSI en sobreventa, 🟢 Divergencia alcista RSI. Clasificación: seguimiento.",OK,
SAN.PA,SANOFI,EUROSTOXX,1.0,script-v2.0,1.0,2026-10-07T14:29:15.893827+02:00,67.2,69.6,76.0,64.0,0.0,7.0,60.0,43.0,17.0,2024641.0,1.27,17.8,0.7,7.54,29.0,-1.119,False,30.2,16.6,False,75.4,-5.3,True,False,True,,pass,seguimiento,pendiente,0.0,desconocido,Pendiente de implementar,parcial,"margin_stabilization (media): Margen gross 75.5% vs 72.1% (+3.4 pp) | dividend_maintained (baja): Dividendo actual 5.77% con caída del 21.6% | analyst_upgrade (media): Target 94.06 vs precio 71.44 (+32%), recMean 2.12, recKey buy",razonable,seguimiento,67.87,71.44,67.87 - 71.44,75.47,77.48,75.47 - 77.48,Pérdida del soporte en 67.87 | ROE negativo durante 2 trimestres consecutivos | Ampliación de capital dilutiva | Recorte de rating a bono basura,6-12,"SANOFI está un 21.6% por debajo de su máximo 52s. Fundamentalmente sólida con ROE 5.7%, deuda neta/EBITDA 1.3x. Técnicamente 🟡 MACD convergiendo, 🟡 Apoyo en MA40 semanal. Clasificación: seguimiento.","SANOFI está un 21.6% por debajo de su máximo 52s. Fundamentalmente sólida con ROE 5.7%, deuda neta/EBITDA 1.3x. Técnicamente 🟡 MACD convergiendo, 🟡 Apoyo en MA40 semanal. Clasificación: seguimiento.",OK,
VOW3.DE,VOLKSWAGEN AG                 V,EUROSTOXX,1.0,script-v2.0,1.0,2026-10-07T14:29:00.571404+02:00,66.7,62.2,51.0,72.0,0.0,10.0,80.0,68.0,12.0,1072331.0,11.1,43.9,-2.5,13.66,31.3,-3.17,False,24.5,15.7,False,82.1,-14.3,True,False,True,,pass,seguimiento,pendiente,0.0,desconocido,Pendiente de implementar,parcial,"margin_stabilization (media): Margen gross 15.1% vs 15.5% (-0.4 pp) | eps_stabilization (media): EPS 2.56 vs 2.55 (Diluted EPS) | dividend_maintained (baja): Dividendo actual 7.48% con caída del 35.6% | analyst_upgrade (media): Target 104.33 vs precio 70.32 (+48%), recMean 2.17, recKey buy",fuerte,seguimiento,67.02,70.32,67.02 - 70.32,82.7,92.78,82.70 - 92.78,Pérdida del soporte en 67.02 | ROE negativo durante 2 trimestres consecutivos | Ampliación de capital dilutiva | Recorte de rating a bono basura,12-18,"VOLKSWAGEN AG                 V está un 35.6% por debajo de su máximo 52s. Fundamentalmente sólida con ROE 2.8%, deuda neta/EBITDA 11.1x. Técnicamente 🔵 RSI recuperándose de sobreventa, 🟢 Divergencia alcista RSI. Clasificación: seguimiento.","VOLKSWAGEN AG                 V está un 35.6% por debajo de su máximo 52s. Fundamentalmente sólida con ROE 2.8%, deuda neta/EBITDA 11.1x. Técnicamente 🔵 RSI recuperándose de sobreventa, 🟢 Divergencia alcista RSI. Clasificación: seguimiento.",OK,
MS,Morgan Stanley,SP500,1.0,script-v2.0,1.0,2026-10-07T14:30:06.453819+02:00,66.5,61.7,82.0,44.0,0.0,4.0,81.0,64.0,17.0,5138470.0,,54.1,,,17.3,3.0148,False,35.2,32.0,False,193.38,-1.2,True,False,True,Sin señales de recuperación,pass,seguimiento,pendiente,0.0,desconocido,Pendiente de implementar,ausente,eps_stabilization (media): EPS 3.46 vs 3.43 (Diluted EPS) | dividend_maintained (baja): Dividendo actual 2.41% con caída del 17.8%,fuerte,seguimiento,184.79,191.02,184.79 - 191.02,192.67,197.41,192.67 - 197.41,Pérdida del soporte en 184.79 | ROE negativo durante 2 trimestres consecutivos | Ampliación de capital dilutiva | Recorte de rating a bono basura,6-12,"Morgan Stanley está un 17.8% por debajo de su máximo 52s. Fundamentalmente sólida con ROE 18.0%, D/E 5.17. Técnicamente 🔵 RSI en sobreventa, 🟡 MACD convergiendo. Clasificación: seguimiento.","Morgan Stanley está un 17.8% por debajo de su máximo 52s. Fundamentalmente sólida con ROE 18.0%, D/E 5.17. Técnicamente 🔵 RSI en sobreventa, 🟡 MACD convergiendo. Clasificación: seguimiento.",OK,
ABT,Abbott Laboratories,SP500,1.0,script-v2.0,1.0,2026-10-07T14:29:51.439361+02:00,66.4,61.5,85.0,41.0,0.0,4.0,81.0,64.0,17.0,9568760.0,2.32,136.1,0.6,16.92,28.2,-0.1741,False,32.7,37.2,False,101.37,-3.2,True,False,True,Sin señales de recuperación,pass,seguimiento,pendiente,0.0,desconocido,Pendiente de implementar,ausente,"dividend_maintained (baja): Dividendo actual 2.57% con caída del 27.4% | analyst_upgrade (media): Target 120.74 vs precio 98.16 (+23%), recMean 1.44, recKey strong_buy",fuerte,seguimiento,95.06,98.16,95.06 - 98.16,102.89,114.86,102.89 - 114.86,Pérdida del soporte en 95.06 | ROE negativo durante 2 trimestres consecutivos | Ampliación de capital dilutiva | Recorte de rating a bono basura,12-18,"Abbott Laboratories está un 27.4% por debajo de su máximo 52s. Fundamentalmente sólida con ROE 10.6%, deuda neta/EBITDA 2.3x. Técnicamente 🔵 RSI recuperándose de sobreventa, 🟡 MACD convergiendo. Clasificación: seguimiento.","Abbott Laboratories está un 27.4% por debajo de su máximo 52s. Fundamentalmente sólida con ROE 10.6%, deuda neta/EBITDA 2.3x. Técnicamente 🔵 RSI recuperándose de sobreventa, 🟡 MACD convergiendo. Clasificación: seguimiento.",OK,
HD,"Home Depot, Inc. (The)",SP500,1.0,script-v2.0,1.0,2026-10-07T14:30:07.488998+02:00,66.1,62.8,74.0,53.0,0.0,10.0,76.0,64.0,12.0,4197481.0,2.48,0.0,-0.4,14.08,31.3,-12.0758,False,28.7,19.2,False,333.08,-13.9,True,False,True,,pass,seguimiento,pendiente,0.0,desconocido,Pendiente de implementar,parcial,"margin_stabilization (media): Margen gross 33.7% vs 33.0% (+0.7 pp) | eps_stabilization (media): EPS 4.79 vs 3.30 (Diluted EPS) | dividend_maintained (baja): Dividendo actual 3.25% con caída del 27.9% | analyst_upgrade (media): Target 377.19 vs precio 286.69 (+32%), recMean 1.94, recKey buy",fuerte,seguimiento,281.0,286.69,281.00 - 286.69,333.98,337.99,333.98 - 337.99,Pérdida del soporte en 281.00 | ROE negativo durante 2 trimestres consecutivos | Ampliación de capital dilutiva | Recorte de rating a bono basura,12-18,"Home Depot, Inc. (The) está un 27.9% por debajo de su máximo 52s. Fundamentalmente sólida con ROE 104.3%, deuda neta/EBITDA 2.5x. Técnicamente 🔵 RSI en sobreventa, 🟡 MACD convergiendo. Clasificación: seguimiento.","Home Depot, Inc. (The) está un 27.9% por debajo de su máximo 52s. Fundamentalmente sólida con ROE 104.3%, deuda neta/EBITDA 2.5x. Técnicamente 🔵 RSI en sobreventa, 🟡 MACD convergiendo. Clasificación: seguimiento.",OK,
KPN.AS,KPN KON,EUROSTOXX,1.0,script-v2.0,1.0,2026-10-07T14:29:22.624763+02:00,66.0,60.6,75.0,48.0,0.0,4.0,82.0,59.0,23.0,10441082.0,2.85,3.9,-15.1,8.98,16.6,-0.0776,False,12.6,12.1,True,4.25,-7.8,True,False,True,Sin señales de recuperación,pass,seguimiento,pendiente,0.0,desconocido,Pendiente de implementar,ausente,margin_stabilization (media): Margen gross 67.9% vs 68.1% (-0.2 pp) | dividend_maintained (baja): Dividendo actual 4.84% con caída del 20.0%,fuerte,seguimiento,3.72,3.92,3.72 - 3.92,4.17,4.24,4.17 - 4.24,Pérdida del soporte en 3.72 | ROE negativo durante 2 trimestres consecutivos | Ampliación de capital dilutiva | Recorte de rating a bono basura,6-12,"KPN KON está un 20.0% por debajo de su máximo 52s. Fundamentalmente sólida con ROE 26.1%, deuda neta/EBITDA 2.9x. Técnicamente 🔵 RSI recuperándose de sobreventa, 🟢 Divergencia alcista RSI. Clasificación: seguimiento.","KPN KON está un 20.0% por debajo de su máximo 52s. Fundamentalmente sólida con ROE 26.1%, deuda neta/EBITDA 2.9x. Técnicamente 🔵 RSI recuperándose de sobreventa, 🟢 Divergencia alcista RSI. Clasificación: seguimiento.",OK,
WY,Weyerhaeuser Company,SP500,1.0,script-v2.0,1.0,2026-10-07T14:30:30.471610+02:00,65.9,64.2,69.0,60.0,0.0,12.0,71.0,59.0,12.0,5972962.0,7.15,-0.0,0.2,26.64,40.9,-1.1114,False,8.7,5.2,False,23.69,-21.5,True,False,True,,pass,entrada_directa,pendiente,0.0,desconocido,Pendiente de implementar,confirmada,"eps_stabilization (media): EPS 0.23 vs 0.22 (Diluted EPS) | debt_reduction (alta): Deuda 5449.0M vs 5449.0M | dividend_maintained (baja): Dividendo actual 4.52% con caída del 33.0% | analyst_upgrade (media): Target 29.91 vs precio 18.60 (+61%), recMean 1.67, recKey buy",fuerte,entrada_directa,17.67,18.6,17.67 - 18.60,23.59,23.73,23.59 - 23.73,Pérdida del soporte en 17.67 | ROE negativo durante 2 trimestres consecutivos | Ampliación de capital dilutiva | Recorte de rating a bono basura,12-18,"Weyerhaeuser Company está un 33.0% por debajo de su máximo 52s. Fundamentalmente sólida con ROE 5.0%, deuda neta/EBITDA 7.2x. Técnicamente 🔵 RSI en sobreventa, 🟡 MACD convergiendo. Clasificación: entrada_directa.","Weyerhaeuser Company está un 33.0% por debajo de su máximo 52s. Fundamentalmente sólida con ROE 5.0%, deuda neta/EBITDA 7.2x. Técnicamente 🔵 RSI en sobreventa, 🟡 MACD convergiendo. Clasificación: entrada_directa.",OK,
HEIA.AS,HEINEKEN,EUROSTOXX,1.0,script-v2.0,1.0,2026-10-07T14:29:22.180446+02:00,65.8,70.0,94.0,49.0,0.0,7.0,53.0,48.0,5.0,744438.0,3.22,7.1,,10.65,11.7,0.2056,False,51.1,40.3,False,70.7,-0.1,False,False,True,,pass,seguimiento,pendiente,0.0,desconocido,Pendiente de implementar,parcial,"eps_stabilization (media): EPS 3.38 vs 1.74 (annual_eps_fallback) | dividend_maintained (baja): Dividendo actual 2.72% con caída del 12.2% | analyst_upgrade (media): Target 88.83 vs precio 70.64 (+26%), recMean 1.83, recKey buy",razonable,seguimiento,63.91,70.64,63.91 - 70.64,68.37,70.62,68.37 - 70.62,Pérdida del soporte en 63.91 | ROE negativo durante 2 trimestres consecutivos | Ampliación de capital dilutiva | Recorte de rating a bono basura,6-12,"HEINEKEN está un 12.2% por debajo de su máximo 52s. Fundamentalmente sólida con ROE 12.1%, deuda neta/EBITDA 3.2x. Técnicamente 🟢 Divergencia alcista RSI, 🟢 Cruce alcista MACD. Clasificación: seguimiento.","HEINEKEN está un 12.2% por debajo de su máximo 52s. Fundamentalmente sólida con ROE 12.1%, deuda neta/EBITDA 3.2x. Técnicamente 🟢 Divergencia alcista RSI, 🟢 Cruce alcista MACD. Clasificación: seguimiento.",OK,
VIV.PA,VIVENDI SE,EUROSTOXX,1.0,script-v2.0,1.0,2026-10-07T14:29:18.523216+02:00,65.7,58.6,49.0,67.0,0.0,7.0,87.0,77.0,10.0,2500051.0,9.68,30.7,,-48.28,86.2,-0.2047,True,29.4,19.4,False,1.96,-26.4,False,False,False,,pass,descarte,pendiente,0.0,desconocido,Pendiente de implementar,parcial,"eps_stabilization (media): EPS 0.94 vs 0.75 (annual_eps_fallback) | dividend_maintained (baja): Dividendo actual 2.77% con caída del 55.1% | analyst_upgrade (media): Target 2.12 vs precio 1.44 (+47%), recKey none",fuerte,descarte,1.4,1.44,1.40 - 1.44,1.99,2.73,1.99 - 2.73,Pérdida del soporte en 1.40 | ROE negativo durante 2 trimestres consecutivos | Ampliación de capital dilutiva | Recorte de rating a bono basura,18-24,"VIVENDI SE está un 55.1% por debajo de su máximo 52s. Fundamentalmente aceptable con ROE 0.3%, deuda neta/EBITDA 9.7x. Técnicamente 🔵 RSI recuperándose de sobreventa, 🟢 Divergencia alcista RSI. Clasificación: descarte.","VIVENDI SE está un 55.1% por debajo de su máximo 52s. Fundamentalmente aceptable con ROE 0.3%, deuda neta/EBITDA 9.7x. Técnicamente 🔵 RSI recuperándose de sobreventa, 🟢 Divergencia alcista RSI. Clasificación: descarte.",OK,
BAC,Bank of America Corporation,SP500,1.0,script-v2.0,1.0,2026-10-07T14:30:04.387597+02:00,65.3,67.1,74.0,61.0,0.0,7.0,60.0,55.0,5.0,33362707.0,,115.6,,,16.7,1.0101,False,21.4,16.9,False,54.76,-1.2,False,False,True,,pass,seguimiento,pendiente,0.0,desconocido,Pendiente de implementar,parcial,"eps_stabilization (media): EPS 1.21 vs 1.11 (Diluted EPS) | dividend_maintained (baja): Dividendo actual 2.37% con caída del 17.1% | analyst_upgrade (media): Target 67.33 vs precio 54.09 (+24%), recMean 1.50, recKey strong_buy",razonable,seguimiento,50.91,54.09,50.91 - 54.09,54.82,55.45,54.82 - 55.45,Pérdida del soporte en 50.91 | ROE negativo durante 2 trimestres consecutivos | Ampliación de capital dilutiva | Recorte de rating a bono basura,6-12,"Bank of America Corporation está un 17.1% por debajo de su máximo 52s. Fundamentalmente sólida con ROE 11.2%, dividendo 2.4%. Técnicamente 🔵 RSI en sobreventa, 🟡 MACD convergiendo. Clasificación: seguimiento.","Bank of America Corporation está un 17.1% por debajo de su máximo 52s. Fundamentalmente sólida con ROE 11.2%, dividendo 2.4%. Técnicamente 🔵 RSI en sobreventa, 🟡 MACD convergiendo. Clasificación: seguimiento.",OK,
IBM,International Business Machines,SP500,1.0,script-v2.0,1.0,2026-10-07T14:30:11.491155+02:00,65.3,64.1,94.0,38.0,0.0,12.0,69.0,57.0,12.0,8178890.0,3.47,-6.5,0.1,16.13,33.0,-8.4683,False,10.9,11.7,False,249.4,-11.3,True,False,True,,pass,entrada_escalada,pendiente,0.0,desconocido,Pendiente de implementar,confirmada,margin_stabilization (media): Margen gross 57.7% vs 56.2% (+1.5 pp) | eps_stabilization (media): EPS 2.27 vs 1.28 (Diluted EPS) | debt_reduction (alta): Deuda 65272.0M vs 69802.0M | dividend_maintained (baja): Dividendo actual 3.05% con caída del 33.4%,razonable,entrada_escalada,200.38,221.29,200.38 - 221.29,251.99,282.59,251.99 - 282.59,Pérdida del soporte en 200.38 | ROE negativo durante 2 trimestres consecutivos | Ampliación de capital dilutiva | Recorte de rating a bono basura,12-18,"International Business Machines está un 33.4% por debajo de su máximo 52s. Fundamentalmente sólida con ROE 34.5%, deuda neta/EBITDA 3.5x. Técnicamente 🔵 RSI recuperándose de sobreventa, 🟡 MACD convergiendo. Clasificación: entrada_escalada.","International Business Machines está un 33.4% por debajo de su máximo 52s. Fundamentalmente sólida con ROE 34.5%, deuda neta/EBITDA 3.5x. Técnicamente 🔵 RSI recuperándose de sobreventa, 🟡 MACD convergiendo. Clasificación: entrada_escalada.",OK,
VIE.PA,VEOLIA ENVIRON.,EUROSTOXX,1.0,script-v2.0,1.0,2026-10-07T14:29:17.901469+02:00,65.0,63.1,62.0,64.0,0.0,4.0,71.0,66.0,5.0,1570103.0,4.21,67.3,,8.64,18.2,-0.5058,False,36.5,37.3,False,33.13,-7.1,False,False,True,Sin señales de recuperación,pass,seguimiento,pendiente,0.0,desconocido,Pendiente de implementar,ausente,"dividend_maintained (baja): Dividendo actual 4.87% con caída del 18.2% | analyst_upgrade (media): Target 39.14 vs precio 30.79 (+27%), recMean 1.72, recKey buy",fuerte,seguimiento,30.06,30.79,30.06 - 30.79,32.01,32.99,32.01 - 32.99,Pérdida del soporte en 30.06 | ROE negativo durante 2 trimestres consecutivos | Ampliación de capital dilutiva | Recorte de rating a bono basura,6-12,"VEOLIA ENVIRON. está un 18.2% por debajo de su máximo 52s. Fundamentalmente sólida con ROE 13.4%, deuda neta/EBITDA 4.2x. Técnicamente 🔵 RSI recuperándose de sobreventa, 🟢 Divergencia alcista RSI. Clasificación: seguimiento.","VEOLIA ENVIRON. está un 18.2% por debajo de su máximo 52s. Fundamentalmente sólida con ROE 13.4%, deuda neta/EBITDA 4.2x. Técnicamente 🔵 RSI recuperándose de sobreventa, 🟢 Divergencia alcista RSI. Clasificación: seguimiento.",OK,
SO,Southern Company (The),SP500,1.0,script-v2.0,1.0,2026-10-07T14:30:19.053970+02:00,64.8,61.1,75.0,49.0,0.0,4.0,76.0,59.0,17.0,5669368.0,5.2,1.4,0.1,12.29,13.2,-1.9889,False,73.5,50.4,False,91.35,-6.5,True,False,True,Sin señales de recuperación,pass,seguimiento,pendiente,0.0,desconocido,Pendiente de implementar,ausente,margin_stabilization (media): Margen gross 51.3% vs 46.5% (+4.8 pp) | dividend_maintained (baja): Dividendo actual 3.56% con caída del 15.3%,fuerte,seguimiento,81.69,85.44,81.69 - 85.44,85.71,91.0,85.71 - 91.00,Pérdida del soporte en 81.69 | ROE negativo durante 2 trimestres consecutivos | Ampliación de capital dilutiva | Recorte de rating a bono basura,6-12,"Southern Company (The) está un 15.3% por debajo de su máximo 52s. Fundamentalmente sólida con ROE 11.5%, deuda neta/EBITDA 5.2x. Técnicamente 🟢 Cruce alcista MACD, 🟢 Cerca de soporte. Clasificación: seguimiento.","Southern Company (The) está un 15.3% por debajo de su máximo 52s. Fundamentalmente sólida con ROE 11.5%, deuda neta/EBITDA 5.2x. Técnicamente 🟢 Cruce alcista MACD, 🟢 Cerca de soporte. Clasificación: seguimiento.",OK,
O,Realty Income Corporation,SP500,1.0,script-v2.0,1.0,2026-10-07T14:30:22.534215+02:00,64.5,60.7,66.0,56.0,0.0,10.0,76.0,64.0,12.0,6459910.0,5.74,3.8,0.2,15.77,18.1,-1.2496,False,22.0,14.6,False,60.72,-10.7,True,False,True,,pass,seguimiento,pendiente,0.0,desconocido,Pendiente de implementar,parcial,"margin_stabilization (media): Margen gross 92.1% vs 91.9% (+0.2 pp) | eps_stabilization (media): EPS 0.37 vs 0.33 (Diluted EPS) | dividend_maintained (baja): Dividendo actual 6.01% con caída del 20.2% | analyst_upgrade (media): Target 66.39 vs precio 54.25 (+22%), recMean 2.52, recKey hold",fuerte,seguimiento,54.06,54.25,54.06 - 54.25,57.75,60.42,57.75 - 60.42,Pérdida del soporte en 54.06 | ROE negativo durante 2 trimestres consecutivos | Ampliación de capital dilutiva | Recorte de rating a bono basura,6-12,"Realty Income Corporation está un 20.2% por debajo de su máximo 52s. Fundamentalmente sólida con ROE 3.2%, deuda neta/EBITDA 5.7x. Técnicamente 🔵 RSI en sobreventa, 🟡 MACD convergiendo. Clasificación: seguimiento.","Realty Income Corporation está un 20.2% por debajo de su máximo 52s. Fundamentalmente sólida con ROE 3.2%, deuda neta/EBITDA 5.7x. Técnicamente 🔵 RSI en sobreventa, 🟡 MACD convergiendo. Clasificación: seguimiento.",OK,
WFC,Wells Fargo & Company,SP500,1.0,script-v2.0,1.0,2026-10-07T14:30:04.722211+02:00,64.4,67.5,75.0,61.0,0.0,7.0,55.0,50.0,5.0,14202760.0,,121.3,,,15.2,0.4668,False,35.5,27.5,False,83.28,-2.1,False,False,True,,pass,seguimiento,pendiente,0.0,desconocido,Pendiente de implementar,parcial,"eps_stabilization (media): EPS 2.00 vs 1.60 (Diluted EPS) | dividend_maintained (baja): Dividendo actual 2.45% con caída del 16.6% | analyst_upgrade (media): Target 99.20 vs precio 81.51 (+22%), recMean 1.81, recKey buy",razonable,seguimiento,74.75,81.51,74.75 - 81.51,83.1,83.95,83.10 - 83.95,Pérdida del soporte en 74.75 | ROE negativo durante 2 trimestres consecutivos | Ampliación de capital dilutiva | Recorte de rating a bono basura,6-12,"Wells Fargo & Company está un 16.6% por debajo de su máximo 52s. Fundamentalmente sólida con ROE 12.6%, dividendo 2.5%. Técnicamente 🔵 RSI recuperándose de sobreventa, 🟡 MACD convergiendo. Clasificación: seguimiento.","Wells Fargo & Company está un 16.6% por debajo de su máximo 52s. Fundamentalmente sólida con ROE 12.6%, dividendo 2.5%. Técnicamente 🔵 RSI recuperándose de sobreventa, 🟡 MACD convergiendo. Clasificación: seguimiento.",OK,
BARC.L,BARCLAYS PLC ORD 25P,EUROSTOXX,1.0,script-v2.0,1.0,2026-10-07T14:29:42.049133+02:00,64.2,67.3,63.0,71.0,0.0,7.0,55.0,50.0,5.0,38174188.0,,471.7,,,19.7,1.6023,False,4.7,17.3,False,465.2,-7.0,False,False,True,,pass,seguimiento,pendiente,0.0,desconocido,Pendiente de implementar,parcial,"eps_stabilization (media): EPS 0.17 vs 0.14 (Diluted EPS) | dividend_maintained (baja): Dividendo actual 0.03% con caída del 19.7% | analyst_upgrade (media): Target 575.06 vs precio 432.45 (+33%), recMean 1.88, recKey buy",razonable,seguimiento,411.8,432.45,411.80 - 432.45,457.55,467.32,457.55 - 467.32,Pérdida del soporte en 411.80 | ROE negativo durante 2 trimestres consecutivos | Ampliación de capital dilutiva | Recorte de rating a bono basura,6-12,"BARCLAYS PLC ORD 25P está un 19.7% por debajo de su máximo 52s. Fundamentalmente sólida con ROE 10.1%, dividendo 0.0%. Técnicamente 🔵 RSI en sobreventa, 🟢 Cerca de soporte. Clasificación: seguimiento.","BARCLAYS PLC ORD 25P está un 19.7% por debajo de su máximo 52s. Fundamentalmente sólida con ROE 10.1%, dividendo 0.0%. Técnicamente 🔵 RSI en sobreventa, 🟢 Cerca de soporte. Clasificación: seguimiento.",OK,
RIO.AX,RIO TINTO FPO [RIO],ASX,1.0,script-v2.0,1.0,2026-10-07T14:30:38.908084+02:00,63.9,60.5,100.0,26.0,0.0,6.0,74.0,57.0,17.0,1085246.0,0.58,-3.3,,12.76,13.4,2.1254,False,70.0,71.3,False,164.79,1.2,True,False,True,,pass,seguimiento,pendiente,0.0,desconocido,Pendiente de implementar,parcial,debt_reduction (alta): Deuda 22852.0M vs 23640.0M | dividend_maintained (baja): Dividendo actual 3.98% con caída del 14.9%,fuerte,seguimiento,164.47,166.74,164.47 - 166.74,164.34,166.46,164.34 - 166.46,Pérdida del soporte en 164.47 | ROE negativo durante 2 trimestres consecutivos | Ampliación de capital dilutiva | Recorte de rating a bono basura,6-12,"RIO TINTO FPO [RIO] está un 14.9% por debajo de su máximo 52s. Fundamentalmente sólida con ROE 19.3%, deuda neta/EBITDA 0.6x. Técnicamente 🟢 Divergencia alcista RSI, 🟢 Cruce alcista MACD. Clasificación: seguimiento.","RIO TINTO FPO [RIO] está un 14.9% por debajo de su máximo 52s. Fundamentalmente sólida con ROE 19.3%, deuda neta/EBITDA 0.6x. Técnicamente 🟢 Divergencia alcista RSI, 🟢 Cruce alcista MACD. Clasificación: seguimiento.",OK,
GD,General Dynamics Corporation,SP500,1.0,script-v2.0,1.0,2026-10-07T14:30:13.920643+02:00,63.8,63.7,100.0,32.0,0.0,15.0,64.0,59.0,5.0,1125160.0,0.78,-3.6,-0.0,14.27,17.2,-1.4369,False,11.2,9.9,False,353.94,-6.4,False,False,True,,pass,entrada_escalada,pendiente,0.0,desconocido,Pendiente de implementar,confirmada,"margin_stabilization (media): Margen gross 15.5% vs 15.9% (-0.4 pp) | eps_stabilization (media): EPS 4.24 vs 4.10 (Diluted EPS) | debt_reduction (alta): Deuda 9479.0M vs 9832.0M | dividend_maintained (baja): Dividendo actual 1.92% con caída del 17.2% | analyst_upgrade (media): Target 419.78 vs precio 331.33 (+27%), recMean 2.08, recKey buy",razonable,entrada_escalada,305.43,331.33,305.43 - 331.33,340.0,353.39,340.00 - 353.39,Pérdida del soporte en 305.43 | ROE negativo durante 2 trimestres consecutivos | Ampliación de capital dilutiva | Recorte de rating a bono basura,6-12,"General Dynamics Corporation está un 17.2% por debajo de su máximo 52s. Fundamentalmente sólida con ROE 17.8%, deuda neta/EBITDA 0.8x. Técnicamente 🔵 RSI en sobreventa, 🟡 MACD convergiendo. Clasificación: entrada_escalada.","General Dynamics Corporation está un 17.2% por debajo de su máximo 52s. Fundamentalmente sólida con ROE 17.8%, deuda neta/EBITDA 0.8x. Técnicamente 🔵 RSI en sobreventa, 🟡 MACD convergiendo. Clasificación: entrada_escalada.",OK,
KMB,Kimberly-Clark Corporation,SP500,1.0,script-v2.0,1.0,2026-10-07T14:30:25.716597+02:00,63.7,60.6,75.0,48.0,0.0,12.0,73.0,68.0,5.0,3901143.0,1.6,-7.7,0.9,10.88,31.1,-1.1375,False,47.2,26.0,False,100.75,-3.9,False,False,True,,pass,entrada_directa,pendiente,0.0,desconocido,Pendiente de implementar,confirmada,"margin_stabilization (media): Margen gross 38.3% vs 36.8% (+1.4 pp) | debt_reduction (alta): Deuda 6539.0M vs 7084.0M | dividend_maintained (baja): Dividendo actual 5.29% con caída del 21.4% | analyst_upgrade (media): Target 116.20 vs precio 96.77 (+20%), recMean 2.44, recKey buy",fuerte,entrada_directa,92.56,96.77,92.56 - 96.77,100.37,104.63,100.37 - 104.63,Pérdida del soporte en 92.56 | ROE negativo durante 2 trimestres consecutivos | Ampliación de capital dilutiva | Recorte de rating a bono basura,6-12,"Kimberly-Clark Corporation está un 21.4% por debajo de su máximo 52s. Fundamentalmente sólida con ROE 104.9%, deuda neta/EBITDA 1.6x. Técnicamente 🔵 RSI recuperándose de sobreventa, 🟢 Cruce alcista MACD. Clasificación: entrada_directa.","Kimberly-Clark Corporation está un 21.4% por debajo de su máximo 52s. Fundamentalmente sólida con ROE 104.9%, deuda neta/EBITDA 1.6x. Técnicamente 🔵 RSI recuperándose de sobreventa, 🟢 Cruce alcista MACD. Clasificación: entrada_directa.",OK,
RNO.PA,RENAULT,EUROSTOXX,1.0,script-v2.0,1.0,2026-10-07T14:29:20.464791+02:00,63.4,63.8,35.0,89.0,0.0,4.0,62.0,45.0,17.0,1416979.0,8.23,5.0,,9.68,43.2,-0.5441,False,58.3,34.5,False,28.03,-4.3,True,False,True,Sin señales de recuperación,pass,seguimiento,pendiente,0.0,desconocido,Pendiente de implementar,ausente,"dividend_maintained (baja): Dividendo actual 8.21% con caída del 29.4% | analyst_upgrade (media): Target 38.84 vs precio 26.81 (+45%), recMean 2.32, recKey buy",razonable,seguimiento,26.59,26.81,26.59 - 26.81,28.19,32.27,28.19 - 32.27,Pérdida del soporte en 26.59 | ROE negativo durante 2 trimestres consecutivos | Ampliación de capital dilutiva | Recorte de rating a bono basura,12-18,"RENAULT está un 29.4% por debajo de su máximo 52s. Fundamentalmente sólida con ROE 5.0%, deuda neta/EBITDA 8.2x. Técnicamente 🟡 MACD convergiendo, 🟢 Cerca de soporte. Clasificación: seguimiento.","RENAULT está un 29.4% por debajo de su máximo 52s. Fundamentalmente sólida con ROE 5.0%, deuda neta/EBITDA 8.2x. Técnicamente 🟡 MACD convergiendo, 🟢 Cerca de soporte. Clasificación: seguimiento.",OK,
0388.HK,HKEX,ASIA,1.0,script-v2.0,1.0,2026-10-07T14:31:09.915955+02:00,63.4,64.5,96.0,37.0,0.0,10.0,60.0,43.0,17.0,3565500.0,-6.9,8.0,15.4,13.0,14.8,-2.1227,False,24.6,24.6,False,395.44,-4.2,True,False,True,,pass,seguimiento,pendiente,0.0,desconocido,Pendiente de implementar,parcial,"margin_stabilization (media): Margen gross 85.3% vs 80.1% (+5.2 pp) | eps_stabilization (media): EPS 4.09 vs 3.22 (Diluted EPS) | dividend_maintained (baja): Dividendo actual 3.92% con caída del 17.6% | analyst_upgrade (media): Target 516.80 vs precio 379.00 (+36%), recMean 1.47, recKey strong_buy",razonable,seguimiento,360.05,379.0,360.05 - 379.00,391.17,396.99,391.17 - 396.99,Pérdida del soporte en 360.05 | ROE negativo durante 2 trimestres consecutivos | Ampliación de capital dilutiva | Recorte de rating a bono basura,6-12,"HKEX está un 17.6% por debajo de su máximo 52s. Fundamentalmente sólida con ROE 33.6%, deuda neta/EBITDA -6.9x. Técnicamente 🟡 MACD convergiendo, 🟡 Apoyo en MA40 semanal. Clasificación: seguimiento.","HKEX está un 17.6% por debajo de su máximo 52s. Fundamentalmente sólida con ROE 33.6%, deuda neta/EBITDA -6.9x. Técnicamente 🟡 MACD convergiendo, 🟡 Apoyo en MA40 semanal. Clasificación: seguimiento.",OK,
LMT,Lockheed Martin Corporation,SP500,1.0,script-v2.0,1.0,2026-10-07T14:30:13.894754+02:00,63.1,58.8,86.0,35.0,0.0,15.0,76.0,59.0,17.0,1131532.0,1.73,-0.8,0.0,13.89,25.3,-6.4681,False,26.3,20.1,False,562.16,-9.3,True,False,False,,pass,descarte,pendiente,0.0,desconocido,Pendiente de implementar,confirmada,"margin_stabilization (media): Margen gross 12.2% vs 11.5% (+0.7 pp) | eps_stabilization (media): EPS 7.94 vs 6.44 (Diluted EPS) | debt_reduction (alta): Deuda 20538.0M vs 20697.0M | dividend_maintained (baja): Dividendo actual 2.71% con caída del 26.3% | analyst_upgrade (media): Target 637.85 vs precio 510.12 (+25%), recMean 2.43, recKey buy",fuerte,descarte,503.59,510.12,503.59 - 510.12,557.35,588.2,557.35 - 588.20,Pérdida del soporte en 503.59 | ROE negativo durante 2 trimestres consecutivos | Ampliación de capital dilutiva | Recorte de rating a bono basura,12-18,"Lockheed Martin Corporation está un 26.3% por debajo de su máximo 52s. Fundamentalmente aceptable con ROE 89.2%, deuda neta/EBITDA 1.7x. Técnicamente 🔵 RSI recuperándose de sobreventa, 🟡 MACD convergiendo. Clasificación: descarte.","Lockheed Martin Corporation está un 26.3% por debajo de su máximo 52s. Fundamentalmente aceptable con ROE 89.2%, deuda neta/EBITDA 1.7x. Técnicamente 🔵 RSI recuperándose de sobreventa, 🟡 MACD convergiendo. Clasificación: descarte.",OK,
AMT,American Tower Corporation (REI,SP500,1.0,script-v2.0,1.0,2026-10-07T14:30:23.394252+02:00,63.0,58.7,63.0,55.0,0.0,12.0,76.0,59.0,17.0,2616779.0,6.14,-0.3,-0.0,17.96,26.2,-2.3637,False,29.5,16.2,False,173.82,-5.2,True,False,False,,pass,descarte,pendiente,0.0,desconocido,Pendiente de implementar,confirmada,"eps_stabilization (media): EPS 1.86 vs 1.84 (Diluted EPS) | debt_reduction (alta): Deuda 44979.9M vs 45131.2M | dividend_maintained (baja): Dividendo actual 4.35% con caída del 16.0% | analyst_upgrade (media): Target 215.74 vs precio 164.78 (+31%), recMean 1.52, recKey buy",fuerte,descarte,156.54,164.78,156.54 - 164.78,166.67,173.15,166.67 - 173.15,Pérdida del soporte en 156.54 | ROE negativo durante 2 trimestres consecutivos | Ampliación de capital dilutiva | Recorte de rating a bono basura,6-12,"American Tower Corporation (REI está un 16.0% por debajo de su máximo 52s. Fundamentalmente aceptable con ROE 33.9%, deuda neta/EBITDA 6.1x. Técnicamente 🔵 RSI recuperándose de sobreventa, 🟢 Divergencia alcista RSI. Clasificación: descarte.","American Tower Corporation (REI está un 16.0% por debajo de su máximo 52s. Fundamentalmente aceptable con ROE 33.9%, deuda neta/EBITDA 6.1x. Técnicamente 🔵 RSI recuperándose de sobreventa, 🟢 Divergencia alcista RSI. Clasificación: descarte.",OK,
051910.KS,LGCHEM,ASIA,1.0,script-v2.0,1.0,2026-10-07T14:31:13.218390+02:00,62.9,54.5,39.0,68.0,0.0,10.0,88.0,66.0,22.0,192987.0,5.53,13.1,-1.5,12.59,36.7,-17117.9745,True,90.9,78.3,False,314394.88,-11.9,True,False,False,,pass,descarte,pendiente,0.0,desconocido,Pendiente de implementar,parcial,"margin_stabilization (media): Margen gross 21.1% vs 18.9% (+2.2 pp) | eps_stabilization (media): EPS 1445.00 vs -4449.00 (Diluted EPS) | dividend_maintained (baja): Dividendo actual 0.72% con caída del 36.7% | analyst_upgrade (media): Target 399800.00 vs precio 277000.00 (+44%), recMean 1.72, recKey buy",fuerte,descarte,265500.0,266330.0,265500.00 - 266330.00,315729.85,371875.0,315729.85 - 371875.00,Pérdida del soporte en 265500.00 | ROE negativo durante 2 trimestres consecutivos | Ampliación de capital dilutiva | Recorte de rating a bono basura,12-18,"LGCHEM está un 36.7% por debajo de su máximo 52s. Fundamentalmente aceptable con ROE -5.7%, deuda neta/EBITDA 5.5x. Técnicamente 🟢 Divergencia alcista RSI, 🟢 Cruce alcista MACD. Clasificación: descarte.","LGCHEM está un 36.7% por debajo de su máximo 52s. Fundamentalmente aceptable con ROE -5.7%, deuda neta/EBITDA 5.5x. Técnicamente 🟢 Divergencia alcista RSI, 🟢 Cruce alcista MACD. Clasificación: descarte.",OK,
GPT.AX,GPT STAPLED [GPT],ASX,1.0,script-v2.0,1.0,2026-10-07T14:30:45.665238+02:00,62.8,69.1,84.0,56.0,0.0,7.0,44.0,39.0,5.0,5843716.0,9.11,,,23.09,17.7,-0.0988,False,63.0,37.1,False,4.78,-5.4,False,False,True,,pass,pendiente_confirmacion,pendiente,0.0,desconocido,Pendiente de implementar,parcial,"eps_stabilization (media): EPS 0.51 vs -0.10 (annual_eps_fallback) | dividend_maintained (baja): Dividendo actual 5.31% con caída del 21.4% | analyst_upgrade (media): Target 5.43 vs precio 4.52 (+20%), recMean 2.33, recKey buy",incompleto,pendiente_confirmacion,4.29,4.52,4.29 - 4.52,4.81,4.89,4.81 - 4.89,Pérdida del soporte en 4.29 | ROE negativo durante 2 trimestres consecutivos | Ampliación de capital dilutiva | Recorte de rating a bono basura,6-12,"GPT STAPLED [GPT] está un 21.4% por debajo de su máximo 52s. Fundamentalmente sólida con ROE 10.0%, deuda neta/EBITDA 9.1x. Técnicamente 🟢 Divergencia alcista RSI, 🟡 Apoyo en MA40 semanal. Clasificación: pendiente_confirmacion.","GPT STAPLED [GPT] está un 21.4% por debajo de su máximo 52s. Fundamentalmente sólida con ROE 10.0%, deuda neta/EBITDA 9.1x. Técnicamente 🟢 Divergencia alcista RSI, 🟡 Apoyo en MA40 semanal. Clasificación: pendiente_confirmacion.",OK,
0006.HK,POWER ASSETS,ASIA,1.0,script-v2.0,1.0,2026-10-07T14:31:06.580325+02:00,62.7,64.9,98.0,36.0,0.0,9.0,56.0,39.0,17.0,2708229.0,-111.13,-16.6,,219.54,7.5,0.6376,False,32.4,27.3,False,58.94,0.6,True,False,True,,pass,seguimiento,pendiente,0.0,desconocido,Pendiente de implementar,parcial,eps_stabilization (media): EPS 2.93 vs 2.82 (annual_eps_fallback) | debt_reduction (alta): Deuda 2770.0M vs 3320.0M | dividend_maintained (baja): Dividendo actual 4.76% con caída del 11.6%,razonable,seguimiento,57.74,59.3,57.74 - 59.30,56.99,58.3,56.99 - 58.30,Pérdida del soporte en 57.74 | ROE negativo durante 2 trimestres consecutivos | Ampliación de capital dilutiva | Recorte de rating a bono basura,6-12,"POWER ASSETS está un 11.6% por debajo de su máximo 52s. Fundamentalmente sólida con ROE 18.6%, deuda neta/EBITDA -111.1x. Técnicamente 🟡 MACD convergiendo, 🟢 Cerca de soporte. Clasificación: seguimiento.","POWER ASSETS está un 11.6% por debajo de su máximo 52s. Fundamentalmente sólida con ROE 18.6%, deuda neta/EBITDA -111.1x. Técnicamente 🟡 MACD convergiendo, 🟢 Cerca de soporte. Clasificación: seguimiento.",OK,
VZ,Verizon Communications Inc.,SP500,1.0,script-v2.0,1.0,2026-10-07T14:29:53.639529+02:00,62.6,60.2,89.0,35.0,0.0,9.0,70.0,53.0,17.0,22022231.0,3.76,-1.1,0.1,7.52,11.0,0.7206,False,14.7,8.1,False,46.17,-0.4,True,False,True,,pass,seguimiento,pendiente,0.0,desconocido,Pendiente de implementar,parcial,margin_stabilization (media): Margen gross 61.8% vs 60.3% (+1.5 pp) | debt_reduction (alta): Deuda 193646.0M vs 195872.0M | dividend_maintained (baja): Dividendo actual 6.15% con caída del 11.0%,fuerte,seguimiento,44.6,45.98,44.60 - 45.98,43.93,45.63,43.93 - 45.63,Pérdida del soporte en 44.60 | ROE negativo durante 2 trimestres consecutivos | Ampliación de capital dilutiva | Recorte de rating a bono basura,6-12,"Verizon Communications Inc. está un 11.0% por debajo de su máximo 52s. Fundamentalmente sólida con ROE 15.8%, deuda neta/EBITDA 3.8x. Técnicamente 🔵 RSI recuperándose de sobreventa, 🟡 MACD convergiendo. Clasificación: seguimiento.","Verizon Communications Inc. está un 11.0% por debajo de su máximo 52s. Fundamentalmente sólida con ROE 15.8%, deuda neta/EBITDA 3.8x. Técnicamente 🔵 RSI recuperándose de sobreventa, 🟡 MACD convergiendo. Clasificación: seguimiento.",OK,
0012.HK,HENDERSON LAND,ASIA,1.0,script-v2.0,1.0,2026-10-07T14:31:07.480915+02:00,62.5,57.3,61.0,54.0,0.0,4.0,78.0,61.0,17.0,8368847.0,20.38,,,41.57,23.9,-0.579,False,47.4,29.9,False,28.43,-8.7,True,False,False,Sin señales de recuperación,pass,descarte,pendiente,0.0,desconocido,Pendiente de implementar,ausente,"dividend_maintained (baja): Dividendo actual 4.86% con caída del 27.3% | analyst_upgrade (media): Target 31.28 vs precio 25.94 (+21%), recMean 2.33, recKey buy",fuerte,descarte,25.83,25.94,25.83 - 25.94,28.44,30.31,28.44 - 30.31,Pérdida del soporte en 25.83 | ROE negativo durante 2 trimestres consecutivos | Ampliación de capital dilutiva | Recorte de rating a bono basura,12-18,"HENDERSON LAND está un 27.3% por debajo de su máximo 52s. Fundamentalmente aceptable con ROE 2.5%, deuda neta/EBITDA 20.4x. Técnicamente 🟢 Divergencia alcista RSI, 🟡 MACD convergiendo. Clasificación: descarte.","HENDERSON LAND está un 27.3% por debajo de su máximo 52s. Fundamentalmente aceptable con ROE 2.5%, deuda neta/EBITDA 20.4x. Técnicamente 🟢 Divergencia alcista RSI, 🟡 MACD convergiendo. Clasificación: descarte.",OK,
WKL.AS,WOLTERS KLUWER,EUROSTOXX,1.0,script-v2.0,1.0,2026-10-07T14:29:24.635649+02:00,62.5,64.0,72.0,57.0,0.0,7.0,58.0,30.0,28.0,1248212.0,2.08,12.5,,10.03,58.6,-0.1152,True,98.4,77.9,False,65.56,8.2,True,True,True,,pass,seguimiento,pendiente,0.0,desconocido,Pendiente de implementar,parcial,"eps_stabilization (media): EPS 5.64 vs 4.52 (annual_eps_fallback) | dividend_maintained (baja): Dividendo actual 3.67% con caída del 38.4% | analyst_upgrade (media): Target 89.78 vs precio 70.90 (+27%), recMean 1.69, recKey buy",razonable,seguimiento,66.5,68.63,66.50 - 68.63,66.1,97.88,66.10 - 97.88,Pérdida del soporte en 66.50 | ROE negativo durante 2 trimestres consecutivos | Ampliación de capital dilutiva | Recorte de rating a bono basura,12-18,"WOLTERS KLUWER está un 38.4% por debajo de su máximo 52s. Fundamentalmente sólida con ROE 146.1%, deuda neta/EBITDA 2.1x. Técnicamente 🟢 Cruce alcista MACD, 🟢 MACD semanal girando al alza. Clasificación: seguimiento.","WOLTERS KLUWER está un 38.4% por debajo de su máximo 52s. Fundamentalmente sólida con ROE 146.1%, deuda neta/EBITDA 2.1x. Técnicamente 🟢 Cruce alcista MACD, 🟢 MACD semanal girando al alza. Clasificación: seguimiento.",OK,
SU.PA,SCHNEIDER ELECTRIC SE,EUROSTOXX,1.0,script-v2.0,1.0,2026-10-07T14:29:16.343446+02:00,62.4,60.3,96.0,29.0,0.0,4.0,69.0,52.0,17.0,833662.0,1.91,16.4,,19.14,18.6,7.0815,False,0.1,2.9,False,266.97,-4.7,True,False,True,Sin señales de recuperación,pass,seguimiento,pendiente,0.0,desconocido,Pendiente de implementar,ausente,"dividend_maintained (baja): Dividendo actual 1.65% con caída del 18.6% | analyst_upgrade (media): Target 327.49 vs precio 254.30 (+29%), recMean 1.62, recKey buy",razonable,seguimiento,241.59,254.3,241.59 - 254.30,265.45,265.79,265.45 - 265.79,Pérdida del soporte en 241.59 | ROE negativo durante 2 trimestres consecutivos | Ampliación de capital dilutiva | Recorte de rating a bono basura,6-12,"SCHNEIDER ELECTRIC SE está un 18.6% por debajo de su máximo 52s. Fundamentalmente sólida con ROE 18.6%, deuda neta/EBITDA 1.9x. Técnicamente 🔵 RSI en sobreventa, 🟢 Volumen creciente. Clasificación: seguimiento.","SCHNEIDER ELECTRIC SE está un 18.6% por debajo de su máximo 52s. Fundamentalmente sólida con ROE 18.6%, deuda neta/EBITDA 1.9x. Técnicamente 🔵 RSI en sobreventa, 🟢 Volumen creciente. Clasificación: seguimiento.",OK,
005930.KS,SamsungElec,ASIA,1.0,script-v2.0,1.0,2026-10-07T14:31:12.697771+02:00,62.3,66.8,78.0,57.0,0.0,15.0,49.0,37.0,12.0,23424700.0,-0.74,-20.4,3.3,7.19,28.2,12580.5306,False,57.0,66.2,False,241018.95,11.4,True,False,True,,pass,entrada_escalada,pendiente,0.0,desconocido,Pendiente de implementar,confirmada,"margin_stabilization (media): Margen gross 69.6% vs 61.2% (+8.4 pp) | eps_stabilization (media): EPS 10733.00 vs 7056.00 (Diluted EPS) | debt_reduction (alta): Deuda 22408721.3M vs 28138794.0M | dividend_maintained (baja): Dividendo actual 0.56% con caída del 28.3% | analyst_upgrade (media): Target 478627.88 vs precio 268500.00 (+78%), recMean 1.36, recKey strong_buy",razonable,entrada_escalada,256830.0,262640.92,256830.00 - 262640.92,227978.31,318325.0,227978.31 - 318325.00,Pérdida del soporte en 262640.92 | ROE negativo durante 2 trimestres consecutivos | Ampliación de capital dilutiva | Recorte de rating a bono basura,12-18,"SamsungElec está un 28.3% por debajo de su máximo 52s. Fundamentalmente sólida con ROE 30.8%, deuda neta/EBITDA -0.7x. Técnicamente 🟢 Divergencia alcista RSI, 🟢 Cerca de soporte. Clasificación: entrada_escalada.","SamsungElec está un 28.3% por debajo de su máximo 52s. Fundamentalmente sólida con ROE 30.8%, deuda neta/EBITDA -0.7x. Técnicamente 🟢 Divergencia alcista RSI, 🟢 Cerca de soporte. Clasificación: entrada_escalada.",OK,
ABI.BR,AB INBEV,EUROSTOXX,1.0,script-v2.0,1.0,2026-10-07T14:29:31.111005+02:00,62.2,68.3,95.0,45.0,0.0,15.0,44.0,39.0,5.0,1662844.0,3.28,-0.4,0.0,10.42,12.0,0.6274,False,54.2,46.4,False,66.29,1.1,False,False,True,,pass,pendiente_confirmacion,pendiente,0.0,desconocido,Pendiente de implementar,confirmada,"margin_stabilization (media): Margen gross 57.5% vs 56.6% (+0.9 pp) | eps_stabilization (media): EPS 1.90 vs 1.30 (Diluted EPS) | debt_reduction (alta): Deuda 72732.0M vs 73027.0M | dividend_maintained (baja): Dividendo actual 1.72% con caída del 12.0% | analyst_upgrade (media): Target 83.88 vs precio 67.02 (+25%), recMean 1.60, recKey buy",incompleto,pendiente_confirmacion,61.2,67.02,61.20 - 67.02,64.75,65.84,64.75 - 65.84,Pérdida del soporte en 61.20 | ROE negativo durante 2 trimestres consecutivos | Ampliación de capital dilutiva | Recorte de rating a bono basura,6-12,"AB INBEV está un 12.0% por debajo de su máximo 52s. Fundamentalmente sólida con ROE 11.4%, deuda neta/EBITDA 3.3x. Técnicamente 🟢 Cruce alcista MACD, 🟡 Apoyo en MA40 semanal. Clasificación: pendiente_confirmacion.","AB INBEV está un 12.0% por debajo de su máximo 52s. Fundamentalmente sólida con ROE 11.4%, deuda neta/EBITDA 3.3x. Técnicamente 🟢 Cruce alcista MACD, 🟡 Apoyo en MA40 semanal. Clasificación: pendiente_confirmacion.",OK,
BA.L,BAE SYSTEMS PLC ORD 2.5P,EUROSTOXX,1.0,script-v2.0,1.0,2026-10-07T14:29:45.727028+02:00,62.2,61.3,97.0,30.0,0.0,7.0,65.0,48.0,17.0,5670488.0,1.32,1.1,,16.16,21.9,-13.6607,False,3.3,10.3,False,2030.81,-9.3,True,False,True,,pass,seguimiento,pendiente,0.0,desconocido,Pendiente de implementar,parcial,"eps_stabilization (media): EPS 0.68 vs 0.64 (annual_eps_fallback) | dividend_maintained (baja): Dividendo actual 0.02% con caída del 21.9% | analyst_upgrade (media): Target 2322.65 vs precio 1842.50 (+26%), recMean 2.25, recKey buy",razonable,seguimiento,1672.75,1842.5,1672.75 - 1842.50,2006.0,2021.93,2006.00 - 2021.93,Pérdida del soporte en 1672.75 | ROE negativo durante 2 trimestres consecutivos | Ampliación de capital dilutiva | Recorte de rating a bono basura,6-12,"BAE SYSTEMS PLC ORD 2.5P está un 21.9% por debajo de su máximo 52s. Fundamentalmente sólida con ROE 18.6%, deuda neta/EBITDA 1.3x. Técnicamente 🔵 RSI en sobreventa, 🟢 Bajo SMA200 con SMA50 girando. Clasificación: seguimiento.","BAE SYSTEMS PLC ORD 2.5P está un 21.9% por debajo de su máximo 52s. Fundamentalmente sólida con ROE 18.6%, deuda neta/EBITDA 1.3x. Técnicamente 🔵 RSI en sobreventa, 🟢 Bajo SMA200 con SMA50 girando. Clasificación: seguimiento.",OK,
CA.PA,CARREFOUR,EUROSTOXX,1.0,script-v2.0,1.0,2026-10-07T14:29:08.756105+02:00,62.1,61.1,67.0,56.0,0.0,1.0,65.0,53.0,12.0,1910845.0,4.63,316.0,,7.93,6.8,0.2903,False,33.6,22.3,False,15.27,3.5,True,False,True,Sin señales de recuperación,pass,seguimiento,pendiente,0.0,desconocido,Pendiente de implementar,ausente,dividend_maintained (baja): Dividendo actual 6.14% con caída del 9.9%,razonable,seguimiento,15.6,15.8,15.60 - 15.80,14.91,15.23,14.91 - 15.23,Pérdida del soporte en 15.60 | ROE negativo durante 2 trimestres consecutivos | Ampliación de capital dilutiva | Recorte de rating a bono basura,6-12,"CARREFOUR está un 9.9% por debajo de su máximo 52s. Fundamentalmente sólida con ROE 8.4%, deuda neta/EBITDA 4.6x. Técnicamente 🔵 RSI recuperándose de sobreventa, 🟡 MACD convergiendo. Clasificación: seguimiento.","CARREFOUR está un 9.9% por debajo de su máximo 52s. Fundamentalmente sólida con ROE 8.4%, deuda neta/EBITDA 4.6x. Técnicamente 🔵 RSI recuperándose de sobreventa, 🟡 MACD convergiendo. Clasificación: seguimiento.",OK,
6758.T,SONY GROUP CORPORATION,ASIA,1.0,script-v2.0,1.0,2026-10-07T14:30:56.662340+02:00,62.0,65.0,89.0,44.0,0.0,10.0,53.0,35.0,18.0,15817236.0,-0.14,12.0,0.2,10.69,20.9,66.6076,False,61.7,66.5,False,3496.18,7.1,True,True,True,,pass,seguimiento,pendiente,0.0,desconocido,Pendiente de implementar,parcial,"margin_stabilization (media): Margen gross 36.7% vs 30.8% (+5.9 pp) | eps_stabilization (media): EPS 57.82 vs 13.89 (Diluted EPS) | dividend_maintained (baja): Dividendo actual 0.94% con caída del 21.6% | analyst_upgrade (media): Target 4853.91 vs precio 3743.00 (+30%), recMean 1.35, recKey strong_buy",razonable,seguimiento,3471.29,3733.25,3471.29 - 3733.25,3539.24,4059.6,3539.24 - 4059.60,Pérdida del soporte en 3471.29 | ROE negativo durante 2 trimestres consecutivos | Ampliación de capital dilutiva | Recorte de rating a bono basura,6-12,"SONY GROUP CORPORATION está un 21.6% por debajo de su máximo 52s. Fundamentalmente sólida con ROE 13.2%, deuda neta/EBITDA -0.1x. Técnicamente 🟢 Cruce alcista MACD, 🟢 base_pattern_detected. Clasificación: seguimiento.","SONY GROUP CORPORATION está un 21.6% por debajo de su máximo 52s. Fundamentalmente sólida con ROE 13.2%, deuda neta/EBITDA -0.1x. Técnicamente 🟢 Cruce alcista MACD, 🟢 base_pattern_detected. Clasificación: seguimiento.",OK,
000660.KS,SK hynix,ASIA,1.0,script-v2.0,1.0,2026-10-07T14:31:13.073083+02:00,61.9,68.5,77.0,61.0,0.0,15.0,42.0,30.0,12.0,4598522.0,-0.47,-3.3,4.1,8.32,42.3,100101.9959,False,19.7,40.9,False,1518628.31,13.5,True,False,True,,pass,pendiente_confirmacion,pendiente,0.0,desconocido,Pendiente de implementar,confirmada,"margin_stabilization (media): Margen gross 83.2% vs 79.3% (+3.9 pp) | eps_stabilization (media): EPS 131478.00 vs 56670.00 (Diluted EPS) | debt_reduction (alta): Deuda 21113138.6M vs 21832416.0M | dividend_maintained (baja): Dividendo actual 0.09% con caída del 42.3% | analyst_upgrade (media): Target 3141024.80 vs precio 1723000.00 (+82%), recMean 1.33, recKey strong_buy",incompleto,pendiente_confirmacion,1679874.24,1714321.35,1679874.24 - 1714321.35,1429498.75,2538950.0,1429498.75 - 2538950.00,Pérdida del soporte en 1714321.35 | ROE negativo durante 2 trimestres consecutivos | Ampliación de capital dilutiva | Recorte de rating a bono basura,18-24,"SK hynix está un 42.3% por debajo de su máximo 52s. Fundamentalmente sólida con ROE 92.7%, deuda neta/EBITDA -0.5x. Técnicamente 🟢 Divergencia alcista RSI, 🟢 Cerca de soporte. Clasificación: pendiente_confirmacion.","SK hynix está un 42.3% por debajo de su máximo 52s. Fundamentalmente sólida con ROE 92.7%, deuda neta/EBITDA -0.5x. Técnicamente 🟢 Divergencia alcista RSI, 🟢 Cerca de soporte. Clasificación: pendiente_confirmacion.",OK,
NG.L,NATIONAL GRID PLC ORD 12 204/47,EUROSTOXX,1.0,script-v2.0,1.0,2026-10-07T14:29:44.080656+02:00,61.8,63.7,69.0,59.0,0.0,4.0,56.0,39.0,17.0,9775773.0,6.39,0.3,,14.54,20.4,-26.0188,False,51.2,64.6,False,1237.16,-8.1,True,False,True,Sin señales de recuperación,pass,seguimiento,pendiente,0.0,desconocido,Pendiente de implementar,ausente,eps_stabilization (media): EPS 0.66 vs 0.61 (annual_eps_fallback) | dividend_maintained (baja): Dividendo actual 0.04% con caída del 20.4%,razonable,seguimiento,1080.15,1137.0,1080.15 - 1137.00,1214.22,1233.94,1214.22 - 1233.94,Pérdida del soporte en 1080.15 | ROE negativo durante 2 trimestres consecutivos | Ampliación de capital dilutiva | Recorte de rating a bono basura,6-12,"NATIONAL GRID PLC ORD 12 204/47 está un 20.4% por debajo de su máximo 52s. Fundamentalmente sólida con ROE 8.4%, deuda neta/EBITDA 6.4x. Técnicamente 🟢 Divergencia alcista RSI, 🟡 Apoyo en MA40 semanal. Clasificación: seguimiento.","NATIONAL GRID PLC ORD 12 204/47 está un 20.4% por debajo de su máximo 52s. Fundamentalmente sólida con ROE 8.4%, deuda neta/EBITDA 6.4x. Técnicamente 🟢 Divergencia alcista RSI, 🟡 Apoyo en MA40 semanal. Clasificación: seguimiento.",OK,
LSEG.L,LONDON STOCK EXCHANGE GROUP PLC,EUROSTOXX,1.0,script-v2.0,1.0,2026-10-07T14:29:47.767369+02:00,61.8,55.1,85.0,29.0,0.0,7.0,82.0,55.0,27.0,1350115.0,2.96,,,16.97,31.5,-173.1122,True,84.7,79.7,False,8710.24,-4.2,True,False,False,,pass,descarte,pendiente,0.0,desconocido,Pendiente de implementar,parcial,"eps_stabilization (media): EPS 2.37 vs 1.28 (annual_eps_fallback) | dividend_maintained (baja): Dividendo actual 0.02% con caída del 17.7% | analyst_upgrade (media): Target 11691.88 vs precio 8344.00 (+40%), recMean 1.50, recKey strong_buy",fuerte,descarte,8155.93,8344.0,8155.93 - 8344.00,8619.0,8697.72,8619.00 - 8697.72,Pérdida del soporte en 8155.93 | ROE negativo durante 2 trimestres consecutivos | Ampliación de capital dilutiva | Recorte de rating a bono basura,6-12,"LONDON STOCK EXCHANGE GROUP PLC está un 17.7% por debajo de su máximo 52s. Fundamentalmente aceptable con ROE 7.7%, deuda neta/EBITDA 3.0x. Técnicamente 🟢 Cruce alcista MACD, 🟢 Cerca de soporte. Clasificación: descarte.","LONDON STOCK EXCHANGE GROUP PLC está un 17.7% por debajo de su máximo 52s. Fundamentalmente aceptable con ROE 7.7%, deuda neta/EBITDA 3.0x. Técnicamente 🟢 Cruce alcista MACD, 🟢 Cerca de soporte. Clasificación: descarte.",OK,
HEN3.DE,Henkel AG & Co. KGaA          I,EUROSTOXX,1.0,script-v2.0,1.0,2026-10-07T14:29:00.720876+02:00,61.8,63.3,90.0,40.0,0.0,1.0,57.0,57.0,0.0,360072.0,0.72,82.7,,9.89,11.3,1.152,False,55.5,35.6,False,71.25,3.5,False,False,True,Sin señales de recuperación,pass,seguimiento,pendiente,0.0,desconocido,Pendiente de implementar,ausente,dividend_maintained (baja): Dividendo actual 2.81% con caída del 12.4%,razonable,seguimiento,73.39,73.74,73.39 - 73.74,71.1,71.57,71.10 - 71.57,Pérdida del soporte en 73.39 | ROE negativo durante 2 trimestres consecutivos | Ampliación de capital dilutiva | Recorte de rating a bono basura,6-12,"Henkel AG & Co. KGaA          I está un 12.4% por debajo de su máximo 52s. Fundamentalmente sólida con ROE 9.4%, deuda neta/EBITDA 0.7x. Técnicamente 🟢 Divergencia alcista RSI, 🟢 Cruce alcista MACD. Clasificación: seguimiento.","Henkel AG & Co. KGaA          I está un 12.4% por debajo de su máximo 52s. Fundamentalmente sólida con ROE 9.4%, deuda neta/EBITDA 0.7x. Técnicamente 🟢 Divergencia alcista RSI, 🟢 Cruce alcista MACD. Clasificación: seguimiento.",OK,
WMT,Walmart Inc.,SP500,1.0,script-v2.0,1.0,2026-10-07T14:30:08.869812+02:00,61.6,58.2,95.0,26.0,0.0,7.0,72.0,45.0,27.0,23684867.0,1.44,1.2,-0.4,20.89,20.5,-3.3001,True,48.6,26.3,False,117.77,-9.0,True,False,False,,pass,descarte,pendiente,0.0,desconocido,Pendiente de implementar,parcial,margin_stabilization (media): Margen gross 26.1% vs 25.1% (+1.0 pp) | eps_stabilization (media): EPS 0.80 vs 0.67 (Diluted EPS) | dividend_maintained (baja): Dividendo actual 0.92% con caída del 20.7%,fuerte,descarte,101.84,107.2,101.84 - 107.20,114.89,117.8,114.89 - 117.80,Pérdida del soporte en 101.84 | ROE negativo durante 2 trimestres consecutivos | Ampliación de capital dilutiva | Recorte de rating a bono basura,6-12,"Walmart Inc. está un 20.7% por debajo de su máximo 52s. Fundamentalmente aceptable con ROE 22.3%, deuda neta/EBITDA 1.4x. Técnicamente 🟢 Divergencia alcista RSI, 🟡 MACD convergiendo. Clasificación: descarte.","Walmart Inc. está un 20.7% por debajo de su máximo 52s. Fundamentalmente aceptable con ROE 22.3%, deuda neta/EBITDA 1.4x. Técnicamente 🟢 Divergencia alcista RSI, 🟡 MACD convergiendo. Clasificación: descarte.",OK,
AMC.AX,AMCOR PLC CDI 1:1 [AMC],ASX,1.0,script-v2.0,1.0,2026-10-07T14:30:42.771372+02:00,61.5,67.3,78.0,58.0,0.0,15.0,44.0,39.0,5.0,624656.0,3.97,-9.4,0.0,11.78,20.9,0.5662,False,43.5,48.5,False,59.5,0.6,False,False,True,,pass,pendiente_confirmacion,pendiente,0.0,desconocido,Pendiente de implementar,confirmada,"margin_stabilization (media): Margen gross 20.9% vs 20.1% (+0.8 pp) | eps_stabilization (media): EPS 0.83 vs 0.60 (Diluted EPS) | debt_reduction (alta): Deuda 15140.0M vs 16706.0M | dividend_maintained (baja): Dividendo actual 6.15% con caída del 15.8% | analyst_upgrade (media): Target 71.99 vs precio 59.86 (+20%), recMean 2.13, recKey buy",incompleto,pendiente_confirmacion,56.97,59.86,56.97 - 59.86,59.57,60.43,59.57 - 60.43,Pérdida del soporte en 56.97 | ROE negativo durante 2 trimestres consecutivos | Ampliación de capital dilutiva | Recorte de rating a bono basura,6-12,"AMCOR PLC CDI 1:1 [AMC] está un 15.8% por debajo de su máximo 52s. Fundamentalmente sólida con ROE 9.4%, deuda neta/EBITDA 4.0x. Técnicamente 🟢 Cerca de soporte, 🟡 Apoyo en MA40 semanal. Clasificación: pendiente_confirmacion.","AMCOR PLC CDI 1:1 [AMC] está un 15.8% por debajo de su máximo 52s. Fundamentalmente sólida con ROE 9.4%, deuda neta/EBITDA 4.0x. Técnicamente 🟢 Cerca de soporte, 🟡 Apoyo en MA40 semanal. Clasificación: pendiente_confirmacion.",OK,
ACA.PA,CREDIT AGRICOLE,EUROSTOXX,1.0,script-v2.0,1.0,2026-10-07T14:29:18.448142+02:00,61.5,65.3,69.0,62.0,0.0,7.0,50.0,45.0,5.0,4335558.0,,101.4,,,19.1,0.2942,False,1.7,15.3,False,17.08,-3.3,False,False,True,,pass,seguimiento,pendiente,0.0,desconocido,Pendiente de implementar,parcial,"eps_stabilization (media): EPS 0.59 vs 0.52 (Diluted EPS) | dividend_maintained (baja): Dividendo actual 6.84% con caída del 19.1% | analyst_upgrade (media): Target 20.79 vs precio 16.51 (+26%), recMean 2.41, recKey buy",razonable,seguimiento,14.95,16.51,14.95 - 16.51,17.11,17.34,17.11 - 17.34,Pérdida del soporte en 14.95 | ROE negativo durante 2 trimestres consecutivos | Ampliación de capital dilutiva | Recorte de rating a bono basura,6-12,"CREDIT AGRICOLE está un 19.1% por debajo de su máximo 52s. Fundamentalmente sólida con ROE 8.6%, dividendo 6.8%. Técnicamente 🔵 RSI en sobreventa, 🟡 Apoyo en MA40 semanal. Clasificación: seguimiento.","CREDIT AGRICOLE está un 19.1% por debajo de su máximo 52s. Fundamentalmente sólida con ROE 8.6%, dividendo 6.8%. Técnicamente 🔵 RSI en sobreventa, 🟡 Apoyo en MA40 semanal. Clasificación: seguimiento.",OK,
KER.PA,KERING,EUROSTOXX,1.0,script-v2.0,1.0,2026-10-07T14:29:12.328914+02:00,61.4,56.5,57.0,56.0,0.0,9.0,76.0,64.0,12.0,317531.0,3.75,-1.3,,14.5,40.1,-10.0627,False,16.4,19.0,False,254.54,-17.9,True,False,False,,pass,descarte,pendiente,0.0,desconocido,Pendiente de implementar,parcial,"debt_reduction (alta): Deuda 17907.0M vs 18149.0M | dividend_maintained (baja): Dividendo actual 1.43% con caída del 41.0% | analyst_upgrade (media): Target 267.40 vs precio 209.10 (+28%), recMean 2.88, recKey hold",fuerte,descarte,203.2,209.1,203.20 - 209.10,256.62,301.07,256.62 - 301.07,Pérdida del soporte en 203.20 | ROE negativo durante 2 trimestres consecutivos | Ampliación de capital dilutiva | Recorte de rating a bono basura,18-24,"KERING está un 41.0% por debajo de su máximo 52s. Fundamentalmente aceptable con ROE -1.6%, deuda neta/EBITDA 3.8x. Técnicamente 🔵 RSI en sobreventa, 🟡 MACD convergiendo. Clasificación: descarte.","KERING está un 41.0% por debajo de su máximo 52s. Fundamentalmente aceptable con ROE -1.6%, deuda neta/EBITDA 3.8x. Técnicamente 🔵 RSI en sobreventa, 🟡 MACD convergiendo. Clasificación: descarte.",OK,
MUV2.DE,MUENCHENER RUECKVERS.-GES. AG N,EUROSTOXX,1.0,script-v2.0,1.0,2026-10-07T14:29:01.267341+02:00,61.1,63.8,99.0,33.0,0.0,7.0,53.0,48.0,5.0,273808.0,,9.4,2.4,,11.9,3.164,False,92.5,82.3,False,502.73,2.3,False,False,True,,pass,seguimiento,pendiente,0.0,desconocido,Pendiente de implementar,parcial,margin_stabilization (media): Margen operating 15.6% vs 13.7% (+1.9 pp) | eps_stabilization (media): EPS 17.50 vs 13.41 (Diluted EPS) | dividend_maintained (baja): Dividendo actual 4.67% con caída del 10.6%,razonable,seguimiento,501.29,513.36,501.29 - 513.36,489.26,503.38,489.26 - 503.38,Pérdida del soporte en 501.29 | ROE negativo durante 2 trimestres consecutivos | Ampliación de capital dilutiva | Recorte de rating a bono basura,6-12,"MUENCHENER RUECKVERS.-GES. AG N está un 10.6% por debajo de su máximo 52s. Fundamentalmente sólida con ROE 21.3%, D/E 0.24. Técnicamente 🟢 Cruce alcista MACD, 🟢 Cerca de soporte. Clasificación: seguimiento.","MUENCHENER RUECKVERS.-GES. AG N está un 10.6% por debajo de su máximo 52s. Fundamentalmente sólida con ROE 21.3%, D/E 0.24. Técnicamente 🟢 Cruce alcista MACD, 🟢 Cerca de soporte. Clasificación: seguimiento.",OK,
8031.T,MITSUI & CO,ASIA,1.0,script-v2.0,1.0,2026-10-07T14:30:58.930985+02:00,60.8,60.4,78.0,45.0,0.0,7.0,62.0,45.0,17.0,6193086.0,6.44,21.5,,24.92,25.4,-25.6666,False,25.2,31.6,False,5217.15,-5.9,True,False,True,,pass,seguimiento,pendiente,0.0,desconocido,Pendiente de implementar,parcial,"eps_stabilization (media): EPS 103.65 vs 66.63 (Diluted EPS) | dividend_maintained (baja): Dividendo actual 2.65% con caída del 26.5% | analyst_upgrade (media): Target 6209.17 vs precio 4907.00 (+27%), recMean 2.08, recKey buy",razonable,seguimiento,4662.94,4907.0,4662.94 - 4907.00,5146.17,5673.75,5146.17 - 5673.75,Pérdida del soporte en 4662.94 | ROE negativo durante 2 trimestres consecutivos | Ampliación de capital dilutiva | Recorte de rating a bono basura,12-18,"MITSUI & CO está un 26.5% por debajo de su máximo 52s. Fundamentalmente sólida con ROE 11.4%, deuda neta/EBITDA 6.4x. Técnicamente 🟡 MACD convergiendo, 🟢 Cerca de soporte. Clasificación: seguimiento.","MITSUI & CO está un 26.5% por debajo de su máximo 52s. Fundamentalmente sólida con ROE 11.4%, deuda neta/EBITDA 6.4x. Técnicamente 🟡 MACD convergiendo, 🟢 Cerca de soporte. Clasificación: seguimiento.",OK,
AVGO,Broadcom Inc.,SP500,1.0,script-v2.0,1.0,2026-10-07T14:30:32.438925+02:00,60.6,57.9,100.0,21.0,0.0,15.0,69.0,42.0,27.0,22575003.0,0.68,-8.5,6.8,35.01,23.8,-1.588,True,86.6,79.1,False,367.37,2.3,True,False,False,,pass,descarte,pendiente,0.0,desconocido,Pendiente de implementar,confirmada,"margin_stabilization (media): Margen gross 69.1% vs 69.5% (-0.3 pp) | eps_stabilization (media): EPS 2.68 vs 1.91 (Diluted EPS) | debt_reduction (alta): Deuda 59419.0M vs 64907.0M | dividend_maintained (baja): Dividendo actual 0.69% con caída del 24.1% | analyst_upgrade (media): Target 531.31 vs precio 375.81 (+41%), recMean 1.26, recKey strong_buy",razonable,descarte,372.16,373.18,372.16 - 373.18,366.64,420.75,366.64 - 420.75,Pérdida del soporte en 373.18 | ROE negativo durante 2 trimestres consecutivos | Ampliación de capital dilutiva | Recorte de rating a bono basura,6-12,"Broadcom Inc. está un 24.1% por debajo de su máximo 52s. Fundamentalmente aceptable con ROE 44.2%, deuda neta/EBITDA 0.7x. Técnicamente 🟢 Divergencia alcista RSI, 🟢 Cerca de soporte. Clasificación: descarte.","Broadcom Inc. está un 24.1% por debajo de su máximo 52s. Fundamentalmente aceptable con ROE 44.2%, deuda neta/EBITDA 0.7x. Técnicamente 🟢 Divergencia alcista RSI, 🟢 Cerca de soporte. Clasificación: descarte.",OK,
ORG.AX,ORIGIN ENE FPO [ORG],ASX,1.0,script-v2.0,1.0,2026-10-07T14:30:45.549299+02:00,60.5,63.1,94.0,36.0,0.0,4.0,53.0,36.0,17.0,4185488.0,2.41,3.4,,13.44,12.0,0.0161,False,22.3,15.8,False,11.15,-1.3,True,False,True,Sin señales de recuperación,pass,seguimiento,pendiente,0.0,desconocido,Pendiente de implementar,ausente,eps_stabilization (media): EPS 0.91 vs 0.86 (annual_eps_fallback) | dividend_maintained (baja): Dividendo actual 5.45% con caída del 14.3%,razonable,seguimiento,10.2,11.01,10.20 - 11.01,10.91,11.1,10.91 - 11.10,Pérdida del soporte en 10.20 | ROE negativo durante 2 trimestres consecutivos | Ampliación de capital dilutiva | Recorte de rating a bono basura,6-12,"ORIGIN ENE FPO [ORG] está un 14.3% por debajo de su máximo 52s. Fundamentalmente sólida con ROE 15.7%, deuda neta/EBITDA 2.4x. Técnicamente 🟡 MACD convergiendo, 🟡 Apoyo en MA40 semanal. Clasificación: seguimiento.","ORIGIN ENE FPO [ORG] está un 14.3% por debajo de su máximo 52s. Fundamentalmente sólida con ROE 15.7%, deuda neta/EBITDA 2.4x. Técnicamente 🟡 MACD convergiendo, 🟡 Apoyo en MA40 semanal. Clasificación: seguimiento.",OK,
BEN.AX,BEN ADE BK FPO [BEN],ASX,1.0,script-v2.0,1.0,2026-10-07T14:30:49.409890+02:00,60.3,59.7,56.0,63.0,0.0,4.0,62.0,45.0,17.0,1513247.0,,13.3,,,19.1,-0.0251,False,32.7,34.5,False,10.32,-1.0,True,False,False,Sin señales de recuperación,pass,descarte,pendiente,0.0,desconocido,Pendiente de implementar,ausente,eps_stabilization (media): EPS 0.63 vs -0.17 (annual_eps_fallback) | dividend_maintained (baja): Dividendo actual 6.46% con caída del 22.9%,razonable,descarte,10.01,10.22,10.01 - 10.22,10.3,11.27,10.30 - 11.27,Pérdida del soporte en 10.01 | ROE negativo durante 2 trimestres consecutivos | Ampliación de capital dilutiva | Recorte de rating a bono basura,6-12,"BEN ADE BK FPO [BEN] está un 22.9% por debajo de su máximo 52s. Fundamentalmente aceptable con ROE 5.6%, dividendo 6.5%. Técnicamente 🟡 MACD convergiendo, 🟢 Cerca de soporte. Clasificación: descarte.","BEN ADE BK FPO [BEN] está un 22.9% por debajo de su máximo 52s. Fundamentalmente aceptable con ROE 5.6%, dividendo 6.5%. Técnicamente 🟡 MACD convergiendo, 🟢 Cerca de soporte. Clasificación: descarte.",OK,
C6L.SI,SIA,ASIA,1.0,script-v2.0,1.0,2026-10-07T14:31:19.544926+02:00,60.1,65.5,74.0,58.0,0.0,1.0,44.0,39.0,5.0,6369267.0,0.09,0.0,4.7,5.05,15.7,-0.0453,False,62.9,62.9,False,6.85,-2.4,False,False,True,Sin señales de recuperación,pass,seguimiento,pendiente,0.0,desconocido,Pendiente de implementar,ausente,dividend_maintained (baja): Dividendo actual 6.59% con caída del 15.7%,incompleto,seguimiento,6.25,6.68,6.25 - 6.68,6.73,6.83,6.73 - 6.83,Pérdida del soporte en 6.25 | ROE negativo durante 2 trimestres consecutivos | Ampliación de capital dilutiva | Recorte de rating a bono basura,6-12,"SIA está un 15.7% por debajo de su máximo 52s. Fundamentalmente sólida con ROE 7.2%, deuda neta/EBITDA 0.1x. Técnicamente 🟢 Divergencia alcista RSI, 🟡 Apoyo en MA40 semanal. Clasificación: seguimiento.","SIA está un 15.7% por debajo de su máximo 52s. Fundamentalmente sólida con ROE 7.2%, deuda neta/EBITDA 0.1x. Técnicamente 🟢 Divergencia alcista RSI, 🟡 Apoyo en MA40 semanal. Clasificación: seguimiento.",OK,
PHIA.AS,KON.PHILIPS N.V.,EUROSTOXX,1.0,script-v2.0,1.0,2026-10-07T14:29:22.695006+02:00,59.9,68.2,81.0,57.0,0.0,15.0,35.0,30.0,5.0,1649032.0,2.35,-7.8,-0.0,11.08,22.6,-0.4214,False,44.7,31.4,False,23.21,-6.7,False,False,True,,pass,pendiente_confirmacion,pendiente,0.0,desconocido,Pendiente de implementar,confirmada,"margin_stabilization (media): Margen gross 49.3% vs 45.2% (+4.1 pp) | eps_stabilization (media): EPS 0.40 vs 0.16 (Diluted EPS) | debt_reduction (alta): Deuda 7465.0M vs 8097.0M | dividend_maintained (baja): Dividendo actual 3.93% con caída del 21.8% | analyst_upgrade (media): Target 26.89 vs precio 21.65 (+24%), recMean 2.40, recKey buy",incompleto,pendiente_confirmacion,20.57,21.65,20.57 - 21.65,23.22,23.54,23.22 - 23.54,Pérdida del soporte en 20.57 | ROE negativo durante 2 trimestres consecutivos | Ampliación de capital dilutiva | Recorte de rating a bono basura,6-12,"KON.PHILIPS N.V. está un 21.8% por debajo de su máximo 52s. Fundamentalmente sólida con ROE 10.2%, deuda neta/EBITDA 2.4x. Técnicamente 🟡 Apoyo en MA40 semanal. Clasificación: pendiente_confirmacion.","KON.PHILIPS N.V. está un 21.8% por debajo de su máximo 52s. Fundamentalmente sólida con ROE 10.2%, deuda neta/EBITDA 2.4x. Técnicamente 🟡 Apoyo en MA40 semanal. Clasificación: pendiente_confirmacion.",OK,
SRE,DBA Sempra,SP500,1.0,script-v2.0,1.0,2026-10-07T14:30:21.200138+02:00,59.6,52.5,68.0,39.0,0.0,7.0,81.0,64.0,17.0,3654520.0,6.23,0.6,-5.8,16.94,19.6,-2.8219,False,66.8,45.1,False,88.69,-9.8,True,False,False,,pass,descarte,pendiente,0.0,desconocido,Pendiente de implementar,parcial,"margin_stabilization (media): Margen gross 54.7% vs 52.6% (+2.1 pp) | dividend_maintained (baja): Dividendo actual 3.29% con caída del 20.9% | analyst_upgrade (media): Target 99.92 vs precio 79.97 (+25%), recMean 1.60, recKey buy",fuerte,descarte,76.21,79.97,76.21 - 79.97,85.88,88.64,85.88 - 88.64,Pérdida del soporte en 76.21 | ROE negativo durante 2 trimestres consecutivos | Ampliación de capital dilutiva | Recorte de rating a bono basura,6-12,"DBA Sempra está un 20.9% por debajo de su máximo 52s. Fundamentalmente aceptable con ROE 6.7%, deuda neta/EBITDA 6.2x. Técnicamente 🟢 Divergencia alcista RSI, 🟢 Cruce alcista MACD. Clasificación: descarte.","DBA Sempra está un 20.9% por debajo de su máximo 52s. Fundamentalmente aceptable con ROE 6.7%, deuda neta/EBITDA 6.2x. Técnicamente 🟢 Divergencia alcista RSI, 🟢 Cruce alcista MACD. Clasificación: descarte.",OK,
ULVR.L,UNILEVER PLC ORD 3.5P,EUROSTOXX,1.0,script-v2.0,1.0,2026-10-07T14:29:41.054811+02:00,59.4,62.5,86.0,42.0,0.0,1.0,50.0,45.0,5.0,3485518.0,2.41,,,11.65,17.1,1.2142,False,46.9,32.5,False,4630.57,-0.7,False,False,True,Sin señales de recuperación,pass,seguimiento,pendiente,0.0,desconocido,Pendiente de implementar,ausente,dividend_maintained (baja): Dividendo actual 0.04% con caída del 17.1%,razonable,seguimiento,4541.22,4596.0,4541.22 - 4596.00,4642.41,4710.79,4642.41 - 4710.79,Pérdida del soporte en 4541.22 | ROE negativo durante 2 trimestres consecutivos | Ampliación de capital dilutiva | Recorte de rating a bono basura,6-12,"UNILEVER PLC ORD 3.5P está un 17.1% por debajo de su máximo 52s. Fundamentalmente sólida con ROE 31.9%, deuda neta/EBITDA 2.4x. Técnicamente 🟡 MACD convergiendo, 🟢 Cerca de soporte. Clasificación: seguimiento.","UNILEVER PLC ORD 3.5P está un 17.1% por debajo de su máximo 52s. Fundamentalmente sólida con ROE 31.9%, deuda neta/EBITDA 2.4x. Técnicamente 🟡 MACD convergiendo, 🟢 Cerca de soporte. Clasificación: seguimiento.",OK,
D,"Dominion Energy, Inc.",SP500,1.0,script-v2.0,1.0,2026-10-07T14:30:21.197341+02:00,59.3,54.8,66.0,45.0,0.0,1.0,73.0,68.0,5.0,4191281.0,6.43,10.2,-1.2,13.65,14.2,-0.1917,False,51.1,39.3,False,63.72,-2.7,False,False,False,Sin señales de recuperación,pass,descarte,pendiente,0.0,desconocido,Pendiente de implementar,ausente,dividend_maintained (baja): Dividendo actual 4.31% con caída del 15.1%,fuerte,descarte,59.75,62.0,59.75 - 62.00,62.04,63.31,62.04 - 63.31,Pérdida del soporte en 59.75 | ROE negativo durante 2 trimestres consecutivos | Ampliación de capital dilutiva | Recorte de rating a bono basura,6-12,"Dominion Energy, Inc. está un 15.1% por debajo de su máximo 52s. Fundamentalmente aceptable con ROE 8.3%, deuda neta/EBITDA 6.4x. Técnicamente 🔵 RSI recuperándose de sobreventa, 🟢 Cruce alcista MACD. Clasificación: descarte.","Dominion Energy, Inc. está un 15.1% por debajo de su máximo 52s. Fundamentalmente aceptable con ROE 8.3%, deuda neta/EBITDA 6.4x. Técnicamente 🔵 RSI recuperándose de sobreventa, 🟢 Cruce alcista MACD. Clasificación: descarte.",OK,
BNP.PA,BNP PARIBAS ACT.A,EUROSTOXX,1.0,script-v2.0,1.0,2026-10-07T14:29:08.237048+02:00,59.2,62.5,70.0,56.0,0.0,7.0,49.0,44.0,5.0,1906258.0,,140.4,,,16.9,2.576,False,16.8,31.7,False,91.26,0.3,False,False,True,,pass,seguimiento,pendiente,0.0,desconocido,Pendiente de implementar,parcial,"eps_stabilization (media): EPS 3.96 vs 2.92 (Diluted EPS) | dividend_maintained (baja): Dividendo actual 7.06% con caída del 19.6% | analyst_upgrade (media): Target 119.28 vs precio 91.50 (+30%), recMean 1.68, recKey buy",razonable,seguimiento,88.77,91.5,88.77 - 91.50,90.95,96.75,90.95 - 96.75,Pérdida del soporte en 88.77 | ROE negativo durante 2 trimestres consecutivos | Ampliación de capital dilutiva | Recorte de rating a bono basura,6-12,"BNP PARIBAS ACT.A está un 19.6% por debajo de su máximo 52s. Fundamentalmente sólida con ROE 10.5%, dividendo 7.1%. Técnicamente 🔵 RSI en sobreventa, 🟢 Cerca de soporte. Clasificación: seguimiento.","BNP PARIBAS ACT.A está un 19.6% por debajo de su máximo 52s. Fundamentalmente sólida con ROE 10.5%, dividendo 7.1%. Técnicamente 🔵 RSI en sobreventa, 🟢 Cerca de soporte. Clasificación: seguimiento.",OK,
ENEL.MI,ENEL,EUROSTOXX,1.0,script-v2.0,1.0,2026-10-07T14:29:26.161335+02:00,59.2,59.7,81.0,41.0,0.0,1.0,58.0,53.0,5.0,18396395.0,3.33,4.3,-10.1,8.3,13.8,-0.1039,False,16.3,29.5,False,9.35,-7.0,False,False,False,Sin señales de recuperación,pass,descarte,pendiente,0.0,desconocido,Pendiente de implementar,ausente,dividend_maintained (baja): Dividendo actual 5.97% con caída del 15.6%,razonable,descarte,8.26,8.7,8.26 - 8.70,8.76,9.33,8.76 - 9.33,Pérdida del soporte en 8.26 | ROE negativo durante 2 trimestres consecutivos | Ampliación de capital dilutiva | Recorte de rating a bono basura,6-12,"ENEL está un 15.6% por debajo de su máximo 52s. Fundamentalmente aceptable con ROE 12.3%, deuda neta/EBITDA 3.3x. Técnicamente 🔵 RSI recuperándose de sobreventa, 🟢 Divergencia alcista RSI. Clasificación: descarte.","ENEL está un 15.6% por debajo de su máximo 52s. Fundamentalmente aceptable con ROE 12.3%, deuda neta/EBITDA 3.3x. Técnicamente 🔵 RSI recuperándose de sobreventa, 🟢 Divergencia alcista RSI. Clasificación: descarte.",OK,
PG,Procter & Gamble Company (The),SP500,1.0,script-v2.0,1.0,2026-10-07T14:29:48.939547+02:00,59.0,53.6,100.0,13.0,0.0,6.0,75.0,48.0,27.0,8599743.0,1.01,-5.4,0.7,14.99,14.0,-0.1408,True,79.8,48.8,False,146.9,1.0,True,False,False,,pass,descarte,pendiente,0.0,desconocido,Pendiente de implementar,parcial,debt_reduction (alta): Deuda 35025.0M vs 37026.0M | dividend_maintained (baja): Dividendo actual 2.93% con caída del 11.3%,fuerte,descarte,142.75,145.7,142.75 - 145.70,142.16,146.25,142.16 - 146.25,Pérdida del soporte en 142.75 | ROE negativo durante 2 trimestres consecutivos | Ampliación de capital dilutiva | Recorte de rating a bono basura,6-12,"Procter & Gamble Company (The) está un 11.3% por debajo de su máximo 52s. Fundamentalmente aceptable con ROE 30.3%, deuda neta/EBITDA 1.0x. Técnicamente 🟢 Divergencia alcista RSI, 🟡 MACD convergiendo. Clasificación: descarte.","Procter & Gamble Company (The) está un 11.3% por debajo de su máximo 52s. Fundamentalmente aceptable con ROE 30.3%, deuda neta/EBITDA 1.0x. Técnicamente 🟢 Divergencia alcista RSI, 🟡 MACD convergiendo. Clasificación: descarte.",OK,
7751.T,CANON INC,ASIA,1.0,script-v2.0,1.0,2026-10-07T14:30:57.752581+02:00,58.9,68.5,92.0,48.0,0.0,1.0,30.0,24.0,6.0,3570838.0,0.72,34.2,,6.43,6.7,74.4135,False,71.4,77.7,False,4417.7,4.6,False,True,True,Sin señales de recuperación,pass,seguimiento,pendiente,0.0,desconocido,Pendiente de implementar,ausente,dividend_maintained (baja): Dividendo actual 3.46% con caída del 8.2%,incompleto,seguimiento,4273.29,4558.46,4273.29 - 4558.46,4278.05,4428.83,4278.05 - 4428.83,Pérdida del soporte en 4273.29 | ROE negativo durante 2 trimestres consecutivos | Ampliación de capital dilutiva | Recorte de rating a bono basura,6-12,"CANON INC está un 8.2% por debajo de su máximo 52s. Fundamentalmente sólida con ROE 10.4%, deuda neta/EBITDA 0.7x. Técnicamente 🟡 trendline_break. Clasificación: seguimiento.","CANON INC está un 8.2% por debajo de su máximo 52s. Fundamentalmente sólida con ROE 10.4%, deuda neta/EBITDA 0.7x. Técnicamente 🟡 trendline_break. Clasificación: seguimiento.",OK,
ZURN.SW,ZURICH INSURANCE N,EUROSTOXX,1.0,script-v2.0,1.0,2026-10-07T14:29:37.522855+02:00,58.8,59.1,97.0,26.0,0.0,9.0,58.0,53.0,5.0,252363.0,-1.5,-2.1,,6.12,8.5,6.4755,False,31.5,33.2,False,563.52,1.7,False,False,False,,pass,descarte,pendiente,0.0,desconocido,Pendiente de implementar,parcial,eps_stabilization (media): EPS 47.20 vs 40.15 (annual_eps_fallback) | debt_reduction (alta): Deuda 15358.0M vs 15681.0M | dividend_maintained (baja): Dividendo actual 5.24% con caída del 8.5%,razonable,descarte,544.35,573.0,544.35 - 573.00,532.1,563.96,532.10 - 563.96,Pérdida del soporte en 544.35 | ROE negativo durante 2 trimestres consecutivos | Ampliación de capital dilutiva | Recorte de rating a bono basura,6-12,"ZURICH INSURANCE N está un 8.5% por debajo de su máximo 52s. Fundamentalmente aceptable con ROE 25.7%, deuda neta/EBITDA -1.5x. Técnicamente 🔵 RSI recuperándose de sobreventa, 🟢 Divergencia alcista RSI. Clasificación: descarte.","ZURICH INSURANCE N está un 8.5% por debajo de su máximo 52s. Fundamentalmente aceptable con ROE 25.7%, deuda neta/EBITDA -1.5x. Técnicamente 🔵 RSI recuperándose de sobreventa, 🟢 Divergencia alcista RSI. Clasificación: descarte.",OK,
F,Ford Motor Company,SP500,1.0,script-v2.0,1.0,2026-10-07T14:30:28.249636+02:00,58.8,51.1,42.0,59.0,0.0,4.0,82.0,59.0,23.0,47692462.0,18.47,2.4,5.0,24.88,30.2,-0.0886,False,19.3,13.8,True,13.32,-7.8,True,False,False,Sin señales de recuperación,pass,descarte,pendiente,0.0,desconocido,Pendiente de implementar,ausente,"dividend_maintained (baja): Dividendo actual 4.89% con caída del 30.9% | analyst_upgrade (media): Target 15.92 vs precio 12.28 (+30%), recMean 2.35, recKey buy",fuerte,descarte,11.79,12.28,11.79 - 12.28,13.26,15.11,13.26 - 15.11,Pérdida del soporte en 11.79 | ROE negativo durante 2 trimestres consecutivos | Ampliación de capital dilutiva | Recorte de rating a bono basura,12-18,"Ford Motor Company está un 30.9% por debajo de su máximo 52s. Fundamentalmente aceptable con ROE -18.3%, deuda neta/EBITDA 18.5x. Técnicamente 🔵 RSI recuperándose de sobreventa, 🟡 MACD convergiendo. Clasificación: descarte.","Ford Motor Company está un 30.9% por debajo de su máximo 52s. Fundamentalmente aceptable con ROE -18.3%, deuda neta/EBITDA 18.5x. Técnicamente 🔵 RSI recuperándose de sobreventa, 🟡 MACD convergiendo. Clasificación: descarte.",OK,
DBK.DE,DEUTSCHE BANK AG              N,EUROSTOXX,1.0,script-v2.0,1.0,2026-10-07T14:29:03.408443+02:00,58.4,64.5,65.0,64.0,0.0,1.0,40.0,35.0,5.0,4766372.0,,296.4,,,16.5,0.9499,False,6.0,18.2,False,29.64,0.9,False,False,True,Sin señales de recuperación,pass,seguimiento,pendiente,0.0,desconocido,Pendiente de implementar,ausente,dividend_maintained (baja): Dividendo actual 3.34% con caída del 16.5%,incompleto,seguimiento,25.98,29.92,25.98 - 29.92,29.83,30.46,29.83 - 30.46,Pérdida del soporte en 25.98 | ROE negativo durante 2 trimestres consecutivos | Ampliación de capital dilutiva | Recorte de rating a bono basura,6-12,"DEUTSCHE BANK AG              N está un 16.5% por debajo de su máximo 52s. Fundamentalmente sólida con ROE 8.9%, dividendo 3.3%. Técnicamente 🔵 RSI en sobreventa, 🟡 Apoyo en MA40 semanal. Clasificación: seguimiento.","DEUTSCHE BANK AG              N está un 16.5% por debajo de su máximo 52s. Fundamentalmente sólida con ROE 8.9%, dividendo 3.3%. Técnicamente 🔵 RSI en sobreventa, 🟡 Apoyo en MA40 semanal. Clasificación: seguimiento.",OK,
RTX,RTX Corporation,SP500,1.0,script-v2.0,1.0,2026-10-07T14:30:13.628852+02:00,58.2,57.7,95.0,25.0,0.0,15.0,60.0,55.0,5.0,4400160.0,1.92,-0.2,-0.0,17.57,19.0,1.0801,False,5.8,7.8,False,194.38,-5.7,False,False,False,,pass,descarte,pendiente,0.0,desconocido,Pendiente de implementar,confirmada,"margin_stabilization (media): Margen gross 20.8% vs 20.8% (-0.0 pp) | eps_stabilization (media): EPS 1.57 vs 1.51 (Diluted EPS) | debt_reduction (alta): Deuda 38856.0M vs 38935.0M | dividend_maintained (baja): Dividendo actual 1.59% con caída del 19.2% | analyst_upgrade (media): Target 234.14 vs precio 183.29 (+28%), recMean 1.83, recKey buy",razonable,descarte,172.71,183.29,172.71 - 183.29,192.85,193.89,192.85 - 193.89,Pérdida del soporte en 172.71 | ROE negativo durante 2 trimestres consecutivos | Ampliación de capital dilutiva | Recorte de rating a bono basura,6-12,"RTX Corporation está un 19.2% por debajo de su máximo 52s. Fundamentalmente aceptable con ROE 12.3%, deuda neta/EBITDA 1.9x. Técnicamente 🔵 RSI en sobreventa, 🟡 MACD convergiendo. Clasificación: descarte.","RTX Corporation está un 19.2% por debajo de su máximo 52s. Fundamentalmente aceptable con ROE 12.3%, deuda neta/EBITDA 1.9x. Técnicamente 🔵 RSI en sobreventa, 🟡 MACD convergiendo. Clasificación: descarte.",OK,
AIR.PA,AIRBUS SE,EUROSTOXX,1.0,script-v2.0,1.0,2026-10-07T14:29:07.229397+02:00,58.1,57.5,90.0,29.0,0.0,10.0,60.0,55.0,5.0,966243.0,0.13,30.4,0.9,16.66,13.8,2.3976,False,13.5,18.9,False,187.47,-0.1,False,False,False,,pass,descarte,pendiente,0.0,desconocido,Pendiente de implementar,parcial,"margin_stabilization (media): Margen gross 18.4% vs 12.3% (+6.1 pp) | eps_stabilization (media): EPS 2.10 vs 0.74 (Diluted EPS) | dividend_maintained (baja): Dividendo actual 1.71% con caída del 15.4% | analyst_upgrade (media): Target 230.96 vs precio 187.20 (+23%), recMean 1.79, recKey buy",razonable,descarte,167.37,187.2,167.37 - 187.20,188.11,188.15,188.11 - 188.15,Pérdida del soporte en 167.37 | ROE negativo durante 2 trimestres consecutivos | Ampliación de capital dilutiva | Recorte de rating a bono basura,6-12,"AIRBUS SE está un 15.4% por debajo de su máximo 52s. Fundamentalmente aceptable con ROE 23.2%, deuda neta/EBITDA 0.1x. Técnicamente 🔵 RSI en sobreventa, 🟡 MACD convergiendo. Clasificación: descarte.","AIRBUS SE está un 15.4% por debajo de su máximo 52s. Fundamentalmente aceptable con ROE 23.2%, deuda neta/EBITDA 0.1x. Técnicamente 🔵 RSI en sobreventa, 🟡 MACD convergiendo. Clasificación: descarte.",OK,
CBA.AX,CWLTH BANK FPO [CBA],ASX,1.0,script-v2.0,1.0,2026-10-07T14:30:34.549115+02:00,58.1,54.2,75.0,36.0,0.0,4.0,70.0,53.0,17.0,1993828.0,,67.1,,,18.0,-3.3671,False,42.0,55.6,False,162.99,-7.7,True,False,False,Sin señales de recuperación,pass,descarte,pendiente,0.0,desconocido,Pendiente de implementar,ausente,eps_stabilization (media): EPS 6.49 vs 6.04 (annual_eps_fallback) | dividend_maintained (baja): Dividendo actual 3.36% con caída del 19.0%,fuerte,descarte,142.85,150.37,142.85 - 150.37,157.75,162.87,157.75 - 162.87,Pérdida del soporte en 142.85 | ROE negativo durante 2 trimestres consecutivos | Ampliación de capital dilutiva | Recorte de rating a bono basura,6-12,"CWLTH BANK FPO [CBA] está un 19.0% por debajo de su máximo 52s. Fundamentalmente aceptable con ROE 13.9%, dividendo 3.4%. Técnicamente 🔵 RSI recuperándose de sobreventa, 🟢 Divergencia alcista RSI. Clasificación: descarte.","CWLTH BANK FPO [CBA] está un 19.0% por debajo de su máximo 52s. Fundamentalmente aceptable con ROE 13.9%, dividendo 3.4%. Técnicamente 🔵 RSI recuperándose de sobreventa, 🟢 Divergencia alcista RSI. Clasificación: descarte.",OK,
TTE.PA,TOTALENERGIES,EUROSTOXX,1.0,script-v2.0,1.0,2026-10-07T14:29:17.720783+02:00,58.0,61.6,100.0,28.0,0.0,6.0,47.0,35.0,12.0,3580884.0,0.79,-1.7,7.0,5.1,5.4,2.4285,False,37.2,34.8,False,70.97,7.1,True,False,True,,pass,seguimiento,pendiente,0.0,desconocido,Pendiente de implementar,parcial,debt_reduction (alta): Deuda 62917.0M vs 64008.0M | dividend_maintained (baja): Dividendo actual 4.74% con caída del 6.6%,razonable,seguimiento,72.53,76.01,72.53 - 76.01,69.14,70.33,69.14 - 70.33,Pérdida del soporte en 72.53 | ROE negativo durante 2 trimestres consecutivos | Ampliación de capital dilutiva | Recorte de rating a bono basura,6-12,"TOTALENERGIES está un 6.6% por debajo de su máximo 52s. Fundamentalmente sólida con ROE 14.5%, deuda neta/EBITDA 0.8x. Técnicamente 🟡 MACD convergiendo, 🟢 Cerca de soporte. Clasificación: seguimiento.","TOTALENERGIES está un 6.6% por debajo de su máximo 52s. Fundamentalmente sólida con ROE 14.5%, deuda neta/EBITDA 0.8x. Técnicamente 🟡 MACD convergiendo, 🟢 Cerca de soporte. Clasificación: seguimiento.",OK,
0002.HK,CLP HOLDINGS,ASIA,1.0,script-v2.0,1.0,2026-10-07T14:31:06.068112+02:00,58.0,60.7,89.0,36.0,0.0,1.0,50.0,45.0,5.0,3272518.0,2.63,9.8,,11.12,4.2,1.2093,False,44.6,26.2,False,74.44,2.2,False,False,True,Sin señales de recuperación,pass,seguimiento,pendiente,0.0,desconocido,Pendiente de implementar,ausente,dividend_maintained (baja): Dividendo actual 4.21% con caída del 4.7%,razonable,seguimiento,74.47,76.05,74.47 - 76.05,67.83,73.79,67.83 - 73.79,Pérdida del soporte en 74.47 | ROE negativo durante 2 trimestres consecutivos | Ampliación de capital dilutiva | Recorte de rating a bono basura,6-12,"CLP HOLDINGS está un 4.7% por debajo de su máximo 52s. Fundamentalmente sólida con ROE 10.1%, deuda neta/EBITDA 2.6x. Técnicamente 🟡 MACD convergiendo, 🟢 Cerca de soporte. Clasificación: seguimiento.","CLP HOLDINGS está un 4.7% por debajo de su máximo 52s. Fundamentalmente sólida con ROE 10.1%, deuda neta/EBITDA 2.6x. Técnicamente 🟡 MACD convergiendo, 🟢 Cerca de soporte. Clasificación: seguimiento.",OK,
8058.T,MITSUBISHI CORP,ASIA,1.0,script-v2.0,1.0,2026-10-07T14:30:59.267197+02:00,57.5,56.0,80.0,35.0,0.0,4.0,62.0,45.0,17.0,7798126.0,5.99,9.6,,29.18,21.2,41.431,False,16.7,20.5,False,4795.82,-2.5,True,False,False,Sin señales de recuperación,pass,descarte,pendiente,0.0,desconocido,Pendiente de implementar,ausente,eps_stabilization (media): EPS 81.08 vs 51.34 (Diluted EPS) | dividend_maintained (baja): Dividendo actual 2.69% con caída del 22.2%,razonable,descarte,4569.6,4676.0,4569.60 - 4676.00,4677.34,5110.2,4677.34 - 5110.20,Pérdida del soporte en 4569.60 | ROE negativo durante 2 trimestres consecutivos | Ampliación de capital dilutiva | Recorte de rating a bono basura,6-12,"MITSUBISHI CORP está un 22.2% por debajo de su máximo 52s. Fundamentalmente aceptable con ROE 10.1%, deuda neta/EBITDA 6.0x. Técnicamente 🟡 MACD convergiendo, 🟢 Cerca de soporte. Clasificación: descarte.","MITSUBISHI CORP está un 22.2% por debajo de su máximo 52s. Fundamentalmente aceptable con ROE 10.1%, deuda neta/EBITDA 6.0x. Técnicamente 🟡 MACD convergiendo, 🟢 Cerca de soporte. Clasificación: descarte.",OK,
UNH,UnitedHealth Group Incorporated,SP500,1.0,script-v2.0,1.0,2026-10-07T14:30:06.922343+02:00,57.2,61.6,100.0,28.0,0.0,9.0,44.0,44.0,0.0,4881390.0,1.57,-5.9,0.2,14.51,37.4,6.5531,False,73.0,67.3,False,355.56,5.8,False,False,True,,pass,pendiente_confirmacion,pendiente,0.0,desconocido,Pendiente de implementar,parcial,"debt_reduction (alta): Deuda 73328.0M vs 77917.0M | dividend_maintained (baja): Dividendo actual 2.47% con caída del 18.5% | analyst_upgrade (media): Target 481.72 vs precio 376.32 (+28%), recMean 1.58, recKey buy",incompleto,pendiente_confirmacion,357.5,376.32,357.50 - 376.32,353.07,392.38,353.07 - 392.38,Pérdida del soporte en 357.50 | ROE negativo durante 2 trimestres consecutivos | Ampliación de capital dilutiva | Recorte de rating a bono basura,6-12,"UnitedHealth Group Incorporated está un 18.5% por debajo de su máximo 52s. Fundamentalmente sólida con ROE 14.2%, deuda neta/EBITDA 1.6x. Técnicamente 🟢 Divergencia alcista RSI, 🟢 Cruce alcista MACD. Clasificación: pendiente_confirmacion.","UnitedHealth Group Incorporated está un 18.5% por debajo de su máximo 52s. Fundamentalmente sólida con ROE 14.2%, deuda neta/EBITDA 1.6x. Técnicamente 🟢 Divergencia alcista RSI, 🟢 Cruce alcista MACD. Clasificación: pendiente_confirmacion.",OK,
RACE.MI,FERRARI,EUROSTOXX,1.0,script-v2.0,1.0,2026-10-07T14:29:30.523963+02:00,57.0,60.0,100.0,25.0,0.0,7.0,48.0,48.0,0.0,410026.0,0.7,8.1,0.0,25.29,28.9,10.24,False,11.4,10.4,False,315.84,8.8,False,False,False,,pass,descarte,pendiente,0.0,desconocido,Pendiente de implementar,parcial,margin_stabilization (media): Margen gross 52.6% vs 51.8% (+0.8 pp) | eps_stabilization (media): EPS 2.62 vs 2.33 (Diluted EPS) | dividend_maintained (baja): Dividendo actual 1.05% con caída del 18.6%,razonable,descarte,326.84,343.65,326.84 - 343.65,315.59,359.04,315.59 - 359.04,Pérdida del soporte en 326.84 | ROE negativo durante 2 trimestres consecutivos | Ampliación de capital dilutiva | Recorte de rating a bono basura,6-12,"FERRARI está un 18.6% por debajo de su máximo 52s. Fundamentalmente aceptable con ROE 45.4%, deuda neta/EBITDA 0.7x. Técnicamente 🔵 RSI recuperándose de sobreventa, 🟡 MACD convergiendo. Clasificación: descarte.","FERRARI está un 18.6% por debajo de su máximo 52s. Fundamentalmente aceptable con ROE 45.4%, deuda neta/EBITDA 0.7x. Técnicamente 🔵 RSI recuperándose de sobreventa, 🟡 MACD convergiendo. Clasificación: descarte.",OK,
OR.PA,L'OREAL,EUROSTOXX,1.0,script-v2.0,1.0,2026-10-07T14:29:14.341617+02:00,57.0,52.7,97.0,14.0,0.0,1.0,70.0,53.0,17.0,303312.0,1.22,40.3,,20.45,6.9,1.9234,False,18.1,18.7,False,373.66,-0.1,True,False,False,Sin señales de recuperación,pass,descarte,pendiente,0.0,desconocido,Pendiente de implementar,ausente,dividend_maintained (baja): Dividendo actual 1.93% con caída del 8.0%,fuerte,descarte,368.38,373.2,368.38 - 373.20,344.93,372.96,344.93 - 372.96,Pérdida del soporte en 368.38 | ROE negativo durante 2 trimestres consecutivos | Ampliación de capital dilutiva | Recorte de rating a bono basura,6-12,"L'OREAL está un 8.0% por debajo de su máximo 52s. Fundamentalmente aceptable con ROE 19.4%, deuda neta/EBITDA 1.2x. Técnicamente 🔵 RSI recuperándose de sobreventa, 🟡 MACD convergiendo. Clasificación: descarte.","L'OREAL está un 8.0% por debajo de su máximo 52s. Fundamentalmente aceptable con ROE 19.4%, deuda neta/EBITDA 1.2x. Técnicamente 🔵 RSI recuperándose de sobreventa, 🟡 MACD convergiendo. Clasificación: descarte.",OK,
IAG.AX,INSUR.AUST FPO [IAG],ASX,1.0,script-v2.0,1.0,2026-10-07T14:30:44.896741+02:00,57.0,59.1,90.0,32.0,0.0,4.0,51.0,39.0,12.0,4692112.0,0.6,128641.6,,10.03,8.9,0.1041,False,43.7,25.5,False,7.53,4.5,True,False,False,Sin señales de recuperación,pass,descarte,pendiente,0.0,desconocido,Pendiente de implementar,ausente,eps_stabilization (media): EPS 0.43 vs 0.39 (annual_eps_fallback) | dividend_maintained (baja): Dividendo actual 4.07% con caída del 9.7%,razonable,descarte,7.72,7.87,7.72 - 7.87,7.41,7.52,7.41 - 7.52,Pérdida del soporte en 7.72 | ROE negativo durante 2 trimestres consecutivos | Ampliación de capital dilutiva | Recorte de rating a bono basura,6-12,"INSUR.AUST FPO [IAG] está un 9.7% por debajo de su máximo 52s. Fundamentalmente aceptable con ROE 15.6%, deuda neta/EBITDA 0.6x. Técnicamente 🟡 MACD convergiendo, 🟢 Cerca de soporte. Clasificación: descarte.","INSUR.AUST FPO [IAG] está un 9.7% por debajo de su máximo 52s. Fundamentalmente aceptable con ROE 15.6%, deuda neta/EBITDA 0.6x. Técnicamente 🟡 MACD convergiendo, 🟢 Cerca de soporte. Clasificación: descarte.",OK,
MO,"Altria Group, Inc.",SP500,1.0,script-v2.0,1.0,2026-10-07T14:30:25.174631+02:00,57.0,56.1,79.0,36.0,0.0,9.0,60.0,48.0,12.0,8462731.0,1.41,-0.1,14.7,8.67,9.6,0.774,False,61.4,41.8,False,66.42,3.2,True,False,False,,pass,descarte,pendiente,0.0,desconocido,Pendiente de implementar,parcial,eps_stabilization (media): EPS 1.37 vs 1.30 (Diluted EPS) | debt_reduction (alta): Deuda 24577.0M vs 24602.0M | dividend_maintained (baja): Dividendo actual 6.48% con caída del 11.0%,razonable,descarte,67.51,67.57,67.51 - 67.57,65.5,65.55,65.50 - 65.55,Pérdida del soporte en 67.57 | ROE negativo durante 2 trimestres consecutivos | Ampliación de capital dilutiva | Recorte de rating a bono basura,6-12,"Altria Group, Inc. está un 11.0% por debajo de su máximo 52s. Fundamentalmente aceptable con deuda neta/EBITDA 1.4x, dividendo 6.5%. Técnicamente 🟢 Divergencia alcista RSI, 🟡 MACD convergiendo. Clasificación: descarte.","Altria Group, Inc. está un 11.0% por debajo de su máximo 52s. Fundamentalmente aceptable con deuda neta/EBITDA 1.4x, dividendo 6.5%. Técnicamente 🟢 Divergencia alcista RSI, 🟡 MACD convergiendo. Clasificación: descarte.",OK,
1038.HK,CKI HOLDINGS,ASIA,1.0,script-v2.0,1.0,2026-10-07T14:31:10.835815+02:00,56.9,62.1,100.0,29.0,0.0,4.0,41.0,35.0,6.0,1308234.0,-38.56,3.7,,150.36,1.9,1.6294,False,68.9,66.7,False,61.89,5.3,False,True,True,Sin señales de recuperación,pass,seguimiento,pendiente,0.0,desconocido,Pendiente de implementar,ausente,eps_stabilization (media): EPS 3.28 vs 3.22 (annual_eps_fallback) | dividend_maintained (baja): Dividendo actual 4.03% con caída del 4.0%,incompleto,seguimiento,62.32,64.05,62.32 - 64.05,57.72,61.18,57.72 - 61.18,Pérdida del soporte en 62.32 | ROE negativo durante 2 trimestres consecutivos | Ampliación de capital dilutiva | Recorte de rating a bono basura,6-12,"CKI HOLDINGS está un 4.0% por debajo de su máximo 52s. Fundamentalmente sólida con ROE 17.2%, deuda neta/EBITDA -38.6x. Técnicamente 🟡 MACD convergiendo, 🟢 Cerca de soporte. Clasificación: seguimiento.","CKI HOLDINGS está un 4.0% por debajo de su máximo 52s. Fundamentalmente sólida con ROE 17.2%, deuda neta/EBITDA -38.6x. Técnicamente 🟡 MACD convergiendo, 🟢 Cerca de soporte. Clasificación: seguimiento.",OK,
AFL,AFLAC Incorporated,SP500,1.0,script-v2.0,1.0,2026-10-07T14:30:01.775351+02:00,56.7,57.3,85.0,33.0,0.0,1.0,55.0,50.0,5.0,2059904.0,1.19,104.6,-6.9,10.59,12.3,0.1852,False,50.6,33.0,False,114.44,-0.7,False,False,False,Sin señales de recuperación,pass,descarte,pendiente,0.0,desconocido,Pendiente de implementar,ausente,dividend_maintained (baja): Dividendo actual 2.15% con caída del 12.7%,razonable,descarte,107.95,113.63,107.95 - 113.63,110.69,114.17,110.69 - 114.17,Pérdida del soporte en 107.95 | ROE negativo durante 2 trimestres consecutivos | Ampliación de capital dilutiva | Recorte de rating a bono basura,6-12,"AFLAC Incorporated está un 12.7% por debajo de su máximo 52s. Fundamentalmente aceptable con ROE 16.9%, deuda neta/EBITDA 1.2x. Técnicamente 🔵 RSI recuperándose de sobreventa, 🟡 MACD convergiendo. Clasificación: descarte.","AFLAC Incorporated está un 12.7% por debajo de su máximo 52s. Fundamentalmente aceptable con ROE 16.9%, deuda neta/EBITDA 1.2x. Técnicamente 🔵 RSI recuperándose de sobreventa, 🟡 MACD convergiendo. Clasificación: descarte.",OK,
BA,Boeing Company (The),SP500,1.0,script-v2.0,1.0,2026-10-07T14:30:15.819674+02:00,56.6,50.1,48.0,52.0,0.0,11.0,76.0,64.0,12.0,6501237.0,3.95,-11.2,-0.2,-61.76,25.4,-6.336,False,29.0,31.2,False,220.32,-13.8,True,False,False,,pass,descarte,pendiente,0.0,desconocido,Pendiente de implementar,parcial,"margin_stabilization (media): Margen gross 11.5% vs 7.6% (+3.9 pp) | debt_reduction (alta): Deuda 48362.0M vs 54433.0M | analyst_upgrade (media): Target 273.12 vs precio 189.82 (+44%), recMean 1.50, recKey strong_buy",fuerte,descarte,184.01,189.82,184.01 - 189.82,216.2,220.6,216.20 - 220.60,Pérdida del soporte en 184.01 | ROE negativo durante 2 trimestres consecutivos | Ampliación de capital dilutiva | Recorte de rating a bono basura,12-18,"Boeing Company (The) está un 25.4% por debajo de su máximo 52s. Fundamentalmente aceptable con ROE 173.5%, deuda neta/EBITDA 4.0x. Técnicamente 🔵 RSI recuperándose de sobreventa, 🟡 MACD convergiendo. Clasificación: descarte.","Boeing Company (The) está un 25.4% por debajo de su máximo 52s. Fundamentalmente aceptable con ROE 173.5%, deuda neta/EBITDA 4.0x. Técnicamente 🔵 RSI recuperándose de sobreventa, 🟡 MACD convergiendo. Clasificación: descarte.",OK,
DGE.L,DIAGEO PLC ORD 28 101/108P,EUROSTOXX,1.0,script-v2.0,1.0,2026-10-07T14:29:46.308803+02:00,56.6,52.5,76.0,32.0,0.0,9.0,69.0,64.0,5.0,4801710.0,3.18,-5.6,,9.05,40.2,7.4072,False,29.0,20.2,False,1591.54,0.6,False,False,False,,pass,descarte,pendiente,0.0,desconocido,Pendiente de implementar,parcial,"debt_reduction (alta): Deuda 22196.0M vs 23512.0M | dividend_maintained (baja): Dividendo actual 0.03% con caída del 15.9% | analyst_upgrade (media): Target 2039.60 vs precio 1601.00 (+27%), recMean 1.00, recKey strong_buy",razonable,descarte,1600.88,1601.0,1600.88 - 1601.00,1588.63,1618.32,1588.63 - 1618.32,Pérdida del soporte en 1600.88 | ROE negativo durante 2 trimestres consecutivos | Ampliación de capital dilutiva | Recorte de rating a bono basura,6-12,"DIAGEO PLC ORD 28 101/108P está un 15.9% por debajo de su máximo 52s. Fundamentalmente aceptable con ROE 15.0%, deuda neta/EBITDA 3.2x. Técnicamente 🔵 RSI recuperándose de sobreventa, 🟡 MACD convergiendo. Clasificación: descarte.","DIAGEO PLC ORD 28 101/108P está un 15.9% por debajo de su máximo 52s. Fundamentalmente aceptable con ROE 15.0%, deuda neta/EBITDA 3.2x. Técnicamente 🔵 RSI recuperándose de sobreventa, 🟡 MACD convergiendo. Clasificación: descarte.",OK,
GOOG,Alphabet Inc.,SP500,1.0,script-v2.0,1.0,2026-10-07T14:30:32.346561+02:00,55.7,49.6,80.0,23.0,0.0,7.0,74.0,57.0,17.0,17919028.0,-0.7,,0.0,23.74,14.7,3.1063,False,43.7,37.6,False,338.59,1.8,True,False,False,,pass,descarte,pendiente,0.0,desconocido,Pendiente de implementar,parcial,"eps_stabilization (media): EPS 9.11 vs 5.11 (Diluted EPS) | dividend_maintained (baja): Dividendo actual 0.26% con caída del 14.8% | analyst_upgrade (media): Target 419.65 vs precio 344.59 (+22%), recMean 1.38, recKey strong_buy",fuerte,descarte,337.94,342.5,337.94 - 342.50,337.43,343.8,337.43 - 343.80,Pérdida del soporte en 337.94 | ROE negativo durante 2 trimestres consecutivos | Ampliación de capital dilutiva | Recorte de rating a bono basura,6-12,"Alphabet Inc. está un 14.8% por debajo de su máximo 52s. Fundamentalmente aceptable con ROE 48.7%, deuda neta/EBITDA -0.7x. Técnicamente 🟢 Divergencia alcista RSI, 🟢 Cruce alcista MACD. Clasificación: descarte.","Alphabet Inc. está un 14.8% por debajo de su máximo 52s. Fundamentalmente aceptable con ROE 48.7%, deuda neta/EBITDA -0.7x. Técnicamente 🟢 Divergencia alcista RSI, 🟢 Cruce alcista MACD. Clasificación: descarte.",OK,
DSY.PA,DASSAULT SYSTEMES,EUROSTOXX,1.0,script-v2.0,1.0,2026-10-07T14:29:19.823165+02:00,55.4,58.8,94.0,28.0,0.0,7.0,45.0,39.0,6.0,1887525.0,-1.36,36.2,0.0,15.56,46.6,0.2812,False,88.8,86.6,False,19.75,9.0,False,True,False,,pass,descarte,pendiente,0.0,desconocido,Pendiente de implementar,parcial,margin_stabilization (media): Margen gross 84.1% vs 84.0% (+0.1 pp) | eps_stabilization (media): EPS 0.22 vs 0.22 (Diluted EPS) | dividend_maintained (baja): Dividendo actual 1.25% con caída del 29.1%,razonable,descarte,20.81,21.4,20.81 - 21.40,19.87,25.81,19.87 - 25.81,Pérdida del soporte en 20.81 | ROE negativo durante 2 trimestres consecutivos | Ampliación de capital dilutiva | Recorte de rating a bono basura,12-18,"DASSAULT SYSTEMES está un 29.1% por debajo de su máximo 52s. Fundamentalmente aceptable con ROE 15.1%, deuda neta/EBITDA -1.4x. Técnicamente 🟢 Cruce alcista MACD, 🟢 Cerca de soporte. Clasificación: descarte.","DASSAULT SYSTEMES está un 29.1% por debajo de su máximo 52s. Fundamentalmente aceptable con ROE 15.1%, deuda neta/EBITDA -1.4x. Técnicamente 🟢 Cruce alcista MACD, 🟢 Cerca de soporte. Clasificación: descarte.",OK,
SHEL.L,SHELL PLC ORD EUR0.07,EUROSTOXX,1.0,script-v2.0,1.0,2026-10-07T14:29:38.665999+02:00,55.4,64.9,98.0,36.0,0.0,12.0,27.0,21.0,6.0,10043589.0,0.72,-3.4,9.3,4.27,2.3,141.6071,False,93.6,86.5,False,3206.64,14.5,False,True,True,,pass,pendiente_confirmacion,pendiente,0.0,desconocido,Pendiente de implementar,confirmada,margin_stabilization (media): Margen gross 19.5% vs 19.3% (+0.2 pp) | eps_stabilization (media): EPS 1.92 vs 1.00 (Diluted EPS) | debt_reduction (alta): Deuda 73076.0M vs 75644.0M | dividend_maintained (baja): Dividendo actual 0.03% con caída del 2.3%,incompleto,pendiente_confirmacion,3460.57,3473.35,3460.57 - 3473.35,3179.66,3194.72,3179.66 - 3194.72,Pérdida del soporte en 3473.35 | ROE negativo durante 2 trimestres consecutivos | Ampliación de capital dilutiva | Recorte de rating a bono basura,6-12,"SHELL PLC ORD EUR0.07 está un 2.3% por debajo de su máximo 52s. Fundamentalmente sólida con ROE 14.3%, deuda neta/EBITDA 0.7x. Técnicamente 🟡 MACD convergiendo, 🟡 trendline_break. Clasificación: pendiente_confirmacion.","SHELL PLC ORD EUR0.07 está un 2.3% por debajo de su máximo 52s. Fundamentalmente sólida con ROE 14.3%, deuda neta/EBITDA 0.7x. Técnicamente 🟡 MACD convergiendo, 🟡 trendline_break. Clasificación: pendiente_confirmacion.",OK,
AEP,American Electric Power Company,SP500,1.0,script-v2.0,1.0,2026-10-07T14:30:20.700694+02:00,55.4,49.9,76.0,27.0,0.0,4.0,72.0,55.0,17.0,3828790.0,5.86,3.4,-14.2,13.33,12.8,-1.5254,False,96.7,67.7,False,126.55,-3.9,True,False,False,Sin señales de recuperación,pass,descarte,pendiente,0.0,desconocido,Pendiente de implementar,ausente,margin_stabilization (media): Margen gross 62.4% vs 58.0% (+4.4 pp) | dividend_maintained (baja): Dividendo actual 3.12% con caída del 13.5%,fuerte,descarte,115.59,121.67,115.59 - 121.67,119.49,125.74,119.49 - 125.74,Pérdida del soporte en 115.59 | ROE negativo durante 2 trimestres consecutivos | Ampliación de capital dilutiva | Recorte de rating a bono basura,6-12,"American Electric Power Company está un 13.5% por debajo de su máximo 52s. Fundamentalmente aceptable con ROE 10.1%, deuda neta/EBITDA 5.9x. Técnicamente 🟢 Divergencia alcista RSI, 🟢 Cruce alcista MACD. Clasificación: descarte.","American Electric Power Company está un 13.5% por debajo de su máximo 52s. Fundamentalmente aceptable con ROE 10.1%, deuda neta/EBITDA 5.9x. Técnicamente 🟢 Divergencia alcista RSI, 🟢 Cruce alcista MACD. Clasificación: descarte.",OK,
WBC.AX,WESTPAC FPO [WBC],ASX,1.0,script-v2.0,1.0,2026-10-07T14:30:36.774813+02:00,55.2,55.0,71.0,41.0,0.0,1.0,56.0,39.0,17.0,4416652.0,,21.4,,,19.4,-0.8233,False,28.4,41.0,False,37.18,-7.9,True,False,False,Sin señales de recuperación,pass,descarte,pendiente,0.0,desconocido,Pendiente de implementar,ausente,dividend_maintained (baja): Dividendo actual 4.50% con caída del 21.0%,razonable,descarte,32.53,34.24,32.53 - 34.24,36.82,37.24,36.82 - 37.24,Pérdida del soporte en 32.53 | ROE negativo durante 2 trimestres consecutivos | Ampliación de capital dilutiva | Recorte de rating a bono basura,6-12,"WESTPAC FPO [WBC] está un 21.0% por debajo de su máximo 52s. Fundamentalmente aceptable con ROE 9.8%, dividendo 4.5%. Técnicamente 🟢 Divergencia alcista RSI, 🟡 Apoyo en MA40 semanal. Clasificación: descarte.","WESTPAC FPO [WBC] está un 21.0% por debajo de su máximo 52s. Fundamentalmente aceptable con ROE 9.8%, dividendo 4.5%. Técnicamente 🟢 Divergencia alcista RSI, 🟡 Apoyo en MA40 semanal. Clasificación: descarte.",OK,
RWE.DE,RWE AG                        I,EUROSTOXX,1.0,script-v2.0,1.0,2026-10-07T14:29:04.500427+02:00,54.9,58.5,90.0,31.0,0.0,4.0,44.0,32.0,12.0,1362924.0,4.68,,1.2,25.46,6.6,1.6249,False,1.1,12.5,False,55.8,3.0,True,False,False,Sin señales de recuperación,pass,descarte,pendiente,0.0,desconocido,Pendiente de implementar,ausente,eps_stabilization (media): EPS 2.16 vs 0.03 (Diluted EPS) | dividend_maintained (baja): Dividendo actual 2.09% con caída del 7.3%,incompleto,descarte,55.9,57.48,55.90 - 57.48,52.7,55.45,52.70 - 55.45,Pérdida del soporte en 55.90 | ROE negativo durante 2 trimestres consecutivos | Ampliación de capital dilutiva | Recorte de rating a bono basura,6-12,"RWE AG                        I está un 7.3% por debajo de su máximo 52s. Fundamentalmente aceptable con ROE 8.5%, deuda neta/EBITDA 4.7x. Técnicamente 🟢 Cerca de soporte, 🟢 base_pattern_detected. Clasificación: descarte.","RWE AG                        I está un 7.3% por debajo de su máximo 52s. Fundamentalmente aceptable con ROE 8.5%, deuda neta/EBITDA 4.7x. Técnicamente 🟢 Cerca de soporte, 🟢 base_pattern_detected. Clasificación: descarte.",OK,
PUB.PA,PUBLICIS GROUPE SA,EUROSTOXX,1.0,script-v2.0,1.0,2026-10-07T14:29:19.873073+02:00,54.8,60.0,100.0,25.0,0.0,6.0,39.0,39.0,0.0,603140.0,1.14,-3.7,,9.18,9.3,4.6809,False,37.6,27.6,False,83.61,13.8,False,False,True,,pass,pendiente_confirmacion,pendiente,0.0,desconocido,Pendiente de implementar,parcial,debt_reduction (alta): Deuda 5450.0M vs 5661.0M | dividend_maintained (baja): Dividendo actual 3.94% con caída del 9.3%,incompleto,pendiente_confirmacion,83.61,95.14,83.61 - 95.14,83.48,89.12,83.48 - 89.12,Pérdida del soporte en 83.61 | ROE negativo durante 2 trimestres consecutivos | Ampliación de capital dilutiva | Recorte de rating a bono basura,6-12,"PUBLICIS GROUPE SA está un 9.3% por debajo de su máximo 52s. Fundamentalmente aceptable con ROE 16.2%, deuda neta/EBITDA 1.1x. Técnicamente 🔵 RSI recuperándose de sobreventa, 🟡 MACD convergiendo. Clasificación: pendiente_confirmacion.","PUBLICIS GROUPE SA está un 9.3% por debajo de su máximo 52s. Fundamentalmente aceptable con ROE 16.2%, deuda neta/EBITDA 1.1x. Técnicamente 🔵 RSI recuperándose de sobreventa, 🟡 MACD convergiendo. Clasificación: pendiente_confirmacion.",OK,
LLOY.L,LLOYDS BANKING GROUP PLC ORD 10,EUROSTOXX,1.0,script-v2.0,1.0,2026-10-07T14:29:42.060180+02:00,54.6,52.8,64.0,43.0,0.0,4.0,60.0,55.0,5.0,143162303.0,,66.3,,,13.2,1.7372,False,8.5,23.9,False,104.34,-1.9,False,False,False,Sin señales de recuperación,pass,descarte,pendiente,0.0,desconocido,Pendiente de implementar,ausente,eps_stabilization (media): EPS 0.02 vs 0.02 (Diluted EPS) | dividend_maintained (baja): Dividendo actual 0.04% con caída del 13.2%,razonable,descarte,101.43,102.35,101.43 - 102.35,100.22,104.3,100.22 - 104.30,Pérdida del soporte en 101.43 | ROE negativo durante 2 trimestres consecutivos | Ampliación de capital dilutiva | Recorte de rating a bono basura,6-12,"LLOYDS BANKING GROUP PLC ORD 10 está un 13.2% por debajo de su máximo 52s. Fundamentalmente aceptable con ROE 11.3%, dividendo 0.0%. Técnicamente 🔵 RSI recuperándose de sobreventa, 🟢 Divergencia alcista RSI. Clasificación: descarte.","LLOYDS BANKING GROUP PLC ORD 10 está un 13.2% por debajo de su máximo 52s. Fundamentalmente aceptable con ROE 11.3%, dividendo 0.0%. Técnicamente 🔵 RSI recuperándose de sobreventa, 🟢 Divergencia alcista RSI. Clasificación: descarte.",OK,
0083.HK,SINO LAND,ASIA,1.0,script-v2.0,1.0,2026-10-07T14:31:08.678585+02:00,54.6,55.8,59.0,53.0,0.0,7.0,51.0,39.0,12.0,7679190.0,-17.57,107.0,,15.14,24.2,-0.3108,False,61.3,55.7,False,11.24,-10.4,True,False,False,,pass,descarte,pendiente,0.0,desconocido,Pendiente de implementar,parcial,"eps_stabilization (media): EPS 0.49 vs 0.45 (annual_eps_fallback) | dividend_maintained (baja): Dividendo actual 5.76% con caída del 24.3% | analyst_upgrade (media): Target 12.80 vs precio 10.07 (+27%), recMean 1.60, recKey buy",razonable,descarte,9.57,10.07,9.57 - 10.07,11.17,11.3,11.17 - 11.30,Pérdida del soporte en 9.57 | ROE negativo durante 2 trimestres consecutivos | Ampliación de capital dilutiva | Recorte de rating a bono basura,6-12,"SINO LAND está un 24.3% por debajo de su máximo 52s. Fundamentalmente aceptable con ROE 2.7%, deuda neta/EBITDA -17.6x. Técnicamente 🟢 Divergencia alcista RSI, 🟢 base_pattern_detected. Clasificación: descarte.","SINO LAND está un 24.3% por debajo de su máximo 52s. Fundamentalmente aceptable con ROE 2.7%, deuda neta/EBITDA -17.6x. Técnicamente 🟢 Divergencia alcista RSI, 🟢 base_pattern_detected. Clasificación: descarte.",OK,
TIT.MI,TELECOM ITALIA,EUROSTOXX,1.0,script-v2.0,1.0,2026-10-07T14:29:28.915403+02:00,54.3,51.1,34.0,66.0,0.0,8.0,64.0,64.0,0.0,13444734.0,2.98,-7.6,5.8,6.77,26.6,0.0748,False,4.1,3.1,False,6.89,-12.8,False,False,False,,pass,descarte,pendiente,0.0,desconocido,Pendiente de implementar,parcial,margin_stabilization (media): Margen gross 44.3% vs 43.2% (+1.1 pp) | debt_reduction (alta): Deuda 13523.0M vs 14636.0M,razonable,descarte,5.71,6.01,5.71 - 6.01,6.86,6.96,6.86 - 6.96,Pérdida del soporte en 5.71 | ROE negativo durante 2 trimestres consecutivos | Ampliación de capital dilutiva | Recorte de rating a bono basura,12-18,"TELECOM ITALIA está un 26.6% por debajo de su máximo 52s. Fundamentalmente aceptable con ROE 3.9%, deuda neta/EBITDA 3.0x. Técnicamente 🔵 RSI en sobreventa, 🟢 Divergencia alcista RSI. Clasificación: descarte.","TELECOM ITALIA está un 26.6% por debajo de su máximo 52s. Fundamentalmente aceptable con ROE 3.9%, deuda neta/EBITDA 3.0x. Técnicamente 🔵 RSI en sobreventa, 🟢 Divergencia alcista RSI. Clasificación: descarte.",OK,
QBE.AX,QBE INSUR. FPO [QBE],ASX,1.0,script-v2.0,1.0,2026-10-07T14:30:43.038690+02:00,54.2,64.3,100.0,33.0,0.0,4.0,24.0,24.0,0.0,3430634.0,-0.51,,,10.54,5.5,0.4407,False,98.6,88.0,False,22.09,8.8,False,False,True,Sin señales de recuperación | Sin suelo técnico identificado,pass,seguimiento,pendiente,0.0,desconocido,Pendiente de implementar,ausente,eps_stabilization (media): EPS 1.40 vs 1.19 (annual_eps_fallback) | dividend_maintained (baja): Dividendo actual 4.62% con caída del 6.9%,sin_suelo,seguimiento,22.76,23.01,22.76 - 23.01,21.93,21.96,21.93 - 21.96,Pérdida del soporte en 22.76 | ROE negativo durante 2 trimestres consecutivos | Ampliación de capital dilutiva | Recorte de rating a bono basura,6-12,"QBE INSUR. FPO [QBE] está un 6.9% por debajo de su máximo 52s. Fundamentalmente sólida con ROE 19.3%, deuda neta/EBITDA -0.5x. Técnicamente 🟢 Divergencia alcista RSI. Clasificación: seguimiento.","QBE INSUR. FPO [QBE] está un 6.9% por debajo de su máximo 52s. Fundamentalmente sólida con ROE 19.3%, deuda neta/EBITDA -0.5x. Técnicamente 🟢 Divergencia alcista RSI. Clasificación: seguimiento.",OK,
SRG.MI,SNAM,EUROSTOXX,1.0,script-v2.0,1.0,2026-10-07T14:29:28.693316+02:00,54.2,53.0,61.0,46.0,0.0,4.0,58.0,53.0,5.0,5775723.0,6.2,17.9,-29.3,12.34,17.1,-0.1225,False,21.1,24.1,False,6.04,-8.3,False,False,False,Sin señales de recuperación,pass,descarte,pendiente,0.0,desconocido,Pendiente de implementar,ausente,margin_stabilization (media): Margen gross 110.4% vs 77.6% (+32.8 pp) | dividend_maintained (baja): Dividendo actual 5.42% con caída del 19.4%,razonable,descarte,5.26,5.54,5.26 - 5.54,5.84,6.0,5.84 - 6.00,Pérdida del soporte en 5.26 | ROE negativo durante 2 trimestres consecutivos | Ampliación de capital dilutiva | Recorte de rating a bono basura,6-12,"SNAM está un 19.4% por debajo de su máximo 52s. Fundamentalmente aceptable con ROE 12.4%, deuda neta/EBITDA 6.2x. Técnicamente 🔵 RSI recuperándose de sobreventa, 🟢 Divergencia alcista RSI. Clasificación: descarte.","SNAM está un 19.4% por debajo de su máximo 52s. Fundamentalmente aceptable con ROE 12.4%, deuda neta/EBITDA 6.2x. Técnicamente 🔵 RSI recuperándose de sobreventa, 🟢 Divergencia alcista RSI. Clasificación: descarte.",OK,
NOVN.SW,NOVARTIS N,EUROSTOXX,1.0,script-v2.0,1.0,2026-10-07T14:29:36.896365+02:00,54.1,50.5,90.0,16.0,0.0,7.0,65.0,48.0,17.0,2739992.0,1.79,4.3,0.2,11.45,10.2,0.4665,False,55.2,40.1,False,119.92,-0.7,True,False,False,,pass,descarte,pendiente,0.0,desconocido,Pendiente de implementar,parcial,margin_stabilization (media): Margen gross 75.2% vs 74.4% (+0.8 pp) | eps_stabilization (media): EPS 1.71 vs 1.65 (Diluted EPS) | dividend_maintained (baja): Dividendo actual 3.11% con caída del 10.2%,razonable,descarte,117.74,119.1,117.74 - 119.10,112.78,119.31,112.78 - 119.31,Pérdida del soporte en 117.74 | ROE negativo durante 2 trimestres consecutivos | Ampliación de capital dilutiva | Recorte de rating a bono basura,6-12,"NOVARTIS N está un 10.2% por debajo de su máximo 52s. Fundamentalmente aceptable con ROE 30.3%, deuda neta/EBITDA 1.8x. Técnicamente 🟢 Divergencia alcista RSI, 🟢 Cerca de soporte. Clasificación: descarte.","NOVARTIS N está un 10.2% por debajo de su máximo 52s. Fundamentalmente aceptable con ROE 30.3%, deuda neta/EBITDA 1.8x. Técnicamente 🟢 Divergencia alcista RSI, 🟢 Cerca de soporte. Clasificación: descarte.",OK,
BAYN.DE,Bayer AG                      N,EUROSTOXX,1.0,script-v2.0,1.0,2026-10-07T14:28:56.291050+02:00,54.0,55.6,54.0,57.0,0.0,4.0,49.0,44.0,5.0,2093272.0,3.29,,1.6,7.61,18.4,1.9673,False,4.6,6.6,False,43.14,1.9,False,False,False,Sin señales de recuperación,pass,descarte,pendiente,0.0,desconocido,Pendiente de implementar,ausente,"dividend_maintained (baja): Dividendo actual 0.25% con caída del 18.4% | analyst_upgrade (media): Target 58.22 vs precio 43.98 (+32%), recMean 1.89, recKey buy",razonable,descarte,43.64,43.98,43.64 - 43.98,43.05,45.83,43.05 - 45.83,Pérdida del soporte en 43.64 | ROE negativo durante 2 trimestres consecutivos | Ampliación de capital dilutiva | Recorte de rating a bono basura,6-12,"Bayer AG                      N está un 18.4% por debajo de su máximo 52s. Fundamentalmente aceptable con ROE -5.7%, deuda neta/EBITDA 3.3x. Técnicamente 🔵 RSI en sobreventa, 🟢 Cerca de soporte. Clasificación: descarte.","Bayer AG                      N está un 18.4% por debajo de su máximo 52s. Fundamentalmente aceptable con ROE -5.7%, deuda neta/EBITDA 3.3x. Técnicamente 🔵 RSI en sobreventa, 🟢 Cerca de soporte. Clasificación: descarte.",OK,
C,"Citigroup, Inc.",SP500,1.0,script-v2.0,1.0,2026-10-07T14:30:04.847647+02:00,54.0,48.6,71.0,29.0,0.0,4.0,70.0,53.0,17.0,10224584.0,,132.2,,,12.7,2.8941,False,40.7,36.2,False,125.61,2.3,True,False,False,Sin señales de recuperación,pass,descarte,pendiente,0.0,desconocido,Pendiente de implementar,ausente,eps_stabilization (media): EPS 3.15 vs 3.06 (Diluted EPS) | dividend_maintained (baja): Dividendo actual 2.09% con caída del 13.1%,fuerte,descarte,128.2,128.52,128.20 - 128.52,125.22,125.77,125.22 - 125.77,Pérdida del soporte en 128.20 | ROE negativo durante 2 trimestres consecutivos | Ampliación de capital dilutiva | Recorte de rating a bono basura,6-12,"Citigroup, Inc. está un 13.1% por debajo de su máximo 52s. Fundamentalmente aceptable con ROE 8.5%, dividendo 2.1%. Técnicamente 🔵 RSI recuperándose de sobreventa, 🟡 MACD convergiendo. Clasificación: descarte.","Citigroup, Inc. está un 13.1% por debajo de su máximo 52s. Fundamentalmente aceptable con ROE 8.5%, dividendo 2.1%. Técnicamente 🔵 RSI recuperándose de sobreventa, 🟡 MACD convergiendo. Clasificación: descarte.",OK,
REN.AS,RELX,EUROSTOXX,1.0,script-v2.0,1.0,2026-10-07T14:29:24.473859+02:00,53.9,50.8,70.0,34.0,0.0,7.0,63.0,35.0,28.0,955263.0,2.64,22.6,,18.81,36.6,-0.051,True,92.2,84.5,False,29.31,5.1,True,True,False,,pass,descarte,pendiente,0.0,desconocido,Pendiente de implementar,parcial,"eps_stabilization (media): EPS 1.12 vs 1.03 (annual_eps_fallback) | dividend_maintained (baja): Dividendo actual 2.60% con caída del 24.2% | analyst_upgrade (media): Target 47.25 vs precio 30.82 (+53%), recMean 1.00, recKey strong_buy",razonable,descarte,28.88,30.16,28.88 - 30.16,29.43,34.58,29.43 - 34.58,Pérdida del soporte en 28.88 | ROE negativo durante 2 trimestres consecutivos | Ampliación de capital dilutiva | Recorte de rating a bono basura,6-12,"RELX está un 24.2% por debajo de su máximo 52s. Fundamentalmente aceptable con ROE 131.9%, deuda neta/EBITDA 2.6x. Técnicamente 🟢 Cruce alcista MACD, 🟢 MACD semanal girando al alza. Clasificación: descarte.","RELX está un 24.2% por debajo de su máximo 52s. Fundamentalmente aceptable con ROE 131.9%, deuda neta/EBITDA 2.6x. Técnicamente 🟢 Cruce alcista MACD, 🟢 MACD semanal girando al alza. Clasificación: descarte.",OK,
BMY,Bristol-Myers Squibb Company,SP500,1.0,script-v2.0,1.0,2026-10-07T14:30:16.817340+02:00,53.8,57.1,88.0,30.0,0.0,12.0,44.0,27.0,17.0,11168292.0,1.8,-3.0,1.5,8.23,12.3,1.7302,False,23.5,21.2,False,58.74,1.4,True,False,True,,pass,pendiente_confirmacion,pendiente,0.0,desconocido,Pendiente de implementar,confirmada,margin_stabilization (media): Margen gross 71.3% vs 70.2% (+1.1 pp) | eps_stabilization (media): EPS 1.62 vs 1.31 (Diluted EPS) | debt_reduction (alta): Deuda 45053.0M vs 46428.0M | dividend_maintained (baja): Dividendo actual 4.23% con caída del 13.2%,incompleto,pendiente_confirmacion,54.7,59.59,54.70 - 59.59,58.19,58.34,58.19 - 58.34,Pérdida del soporte en 54.70 | ROE negativo durante 2 trimestres consecutivos | Ampliación de capital dilutiva | Recorte de rating a bono basura,6-12,"Bristol-Myers Squibb Company está un 13.2% por debajo de su máximo 52s. Fundamentalmente aceptable con ROE 46.6%, deuda neta/EBITDA 1.8x. Técnicamente 🟡 Apoyo en MA40 semanal, 🟢 base_pattern_detected. Clasificación: pendiente_confirmacion.","Bristol-Myers Squibb Company está un 13.2% por debajo de su máximo 52s. Fundamentalmente aceptable con ROE 46.6%, deuda neta/EBITDA 1.8x. Técnicamente 🟡 Apoyo en MA40 semanal, 🟢 base_pattern_detected. Clasificación: pendiente_confirmacion.",OK,
COST,Costco Wholesale Corporation,SP500,1.0,script-v2.0,1.0,2026-10-07T14:30:08.893140+02:00,53.8,48.1,95.0,7.0,0.0,7.0,71.0,44.0,27.0,2111040.0,-0.89,5.0,-0.1,28.0,14.5,-12.9684,True,97.5,86.7,False,966.23,-3.2,True,False,False,,pass,descarte,pendiente,0.0,desconocido,Pendiente de implementar,parcial,margin_stabilization (media): Margen gross 12.8% vs 12.8% (+0.0 pp) | eps_stabilization (media): EPS 4.93 vs 4.58 (Diluted EPS) | dividend_maintained (baja): Dividendo actual 0.63% con caída del 14.7%,fuerte,descarte,928.27,932.58,928.27 - 932.58,932.02,960.15,932.02 - 960.15,Pérdida del soporte en 928.27 | ROE negativo durante 2 trimestres consecutivos | Ampliación de capital dilutiva | Recorte de rating a bono basura,6-12,"Costco Wholesale Corporation está un 14.7% por debajo de su máximo 52s. Fundamentalmente aceptable con ROE 28.4%, deuda neta/EBITDA -0.9x. Técnicamente 🟢 Divergencia alcista RSI, 🟢 Cerca de soporte. Clasificación: descarte.","Costco Wholesale Corporation está un 14.7% por debajo de su máximo 52s. Fundamentalmente aceptable con ROE 28.4%, deuda neta/EBITDA -0.9x. Técnicamente 🟢 Divergencia alcista RSI, 🟢 Cerca de soporte. Clasificación: descarte.",OK,
BRK-B,Berkshire Hathaway Inc. New,SP500,1.0,script-v2.0,1.0,2026-10-07T14:30:06.530116+02:00,53.7,52.9,54.0,52.0,0.0,11.0,56.0,39.0,17.0,4310846.0,-1.81,-0.2,12.0,-1.79,6.7,4.5909,False,39.9,31.3,False,493.09,2.5,True,False,False,,pass,descarte,pendiente,0.0,desconocido,Pendiente de implementar,parcial,margin_stabilization (media): Margen operating 28.3% vs 14.8% (+13.5 pp) | eps_stabilization (media): EPS 11.91 vs 4.68 (Diluted EPS) | debt_reduction (alta): Deuda 128599.0M vs 128886.0M,razonable,descarte,487.12,505.54,487.12 - 505.54,457.08,492.79,457.08 - 492.79,Pérdida del soporte en 487.12 | ROE negativo durante 2 trimestres consecutivos | Ampliación de capital dilutiva | Recorte de rating a bono basura,6-12,"Berkshire Hathaway Inc. New está un 6.0% por debajo de su máximo 52s. Fundamentalmente aceptable con ROE 12.1%, deuda neta/EBITDA -1.8x. Técnicamente 🟡 MACD convergiendo, 🟢 Cerca de soporte. Clasificación: descarte.","Berkshire Hathaway Inc. New está un 6.0% por debajo de su máximo 52s. Fundamentalmente aceptable con ROE 12.1%, deuda neta/EBITDA -1.8x. Técnicamente 🟡 MACD convergiendo, 🟢 Cerca de soporte. Clasificación: descarte.",OK,
PSA,Public Storage,SP500,1.0,script-v2.0,1.0,2026-10-07T14:30:23.737479+02:00,53.3,49.7,94.0,11.0,0.0,4.0,64.0,59.0,5.0,978284.0,2.89,1.5,1.9,18.79,13.9,-1.3853,False,26.5,17.0,False,297.71,-4.0,False,False,False,Sin señales de recuperación,pass,descarte,pendiente,0.0,desconocido,Pendiente de implementar,ausente,margin_stabilization (media): Margen gross 72.1% vs 72.1% (+0.0 pp) | dividend_maintained (baja): Dividendo actual 4.20% con caída del 14.8%,razonable,descarte,271.56,285.85,271.56 - 285.85,285.22,294.58,285.22 - 294.58,Pérdida del soporte en 271.56 | ROE negativo durante 2 trimestres consecutivos | Ampliación de capital dilutiva | Recorte de rating a bono basura,6-12,"Public Storage está un 14.8% por debajo de su máximo 52s. Fundamentalmente aceptable con ROE 21.9%, deuda neta/EBITDA 2.9x. Técnicamente 🔵 RSI recuperándose de sobreventa, 🟢 Cruce alcista MACD. Clasificación: descarte.","Public Storage está un 14.8% por debajo de su máximo 52s. Fundamentalmente aceptable con ROE 21.9%, deuda neta/EBITDA 2.9x. Técnicamente 🔵 RSI recuperándose de sobreventa, 🟢 Cruce alcista MACD. Clasificación: descarte.",OK,
CB,Chubb Limited,SP500,1.0,script-v2.0,1.0,2026-10-07T14:30:02.509317+02:00,53.1,54.5,86.0,27.0,0.0,7.0,49.0,44.0,5.0,1772342.0,1.15,43.2,-0.7,10.18,8.4,3.6236,False,52.2,36.8,False,329.68,1.4,False,False,False,,pass,descarte,pendiente,0.0,desconocido,Pendiente de implementar,parcial,margin_stabilization (media): Margen operating 24.0% vs 21.5% (+2.4 pp) | eps_stabilization (media): EPS 7.30 vs 5.88 (Diluted EPS) | dividend_maintained (baja): Dividendo actual 1.22% con caída del 8.7%,razonable,descarte,327.52,334.21,327.52 - 334.21,311.02,328.38,311.02 - 328.38,Pérdida del soporte en 327.52 | ROE negativo durante 2 trimestres consecutivos | Ampliación de capital dilutiva | Recorte de rating a bono basura,6-12,"Chubb Limited está un 8.7% por debajo de su máximo 52s. Fundamentalmente aceptable con ROE 14.8%, deuda neta/EBITDA 1.1x. Técnicamente 🟡 MACD convergiendo, 🟢 Cerca de soporte. Clasificación: descarte.","Chubb Limited está un 8.7% por debajo de su máximo 52s. Fundamentalmente aceptable con ROE 14.8%, deuda neta/EBITDA 1.1x. Técnicamente 🟡 MACD convergiendo, 🟢 Cerca de soporte. Clasificación: descarte.",OK,
ALV.DE,Allianz SE                    v,EUROSTOXX,1.0,script-v2.0,1.0,2026-10-07T14:28:56.468483+02:00,53.0,54.7,100.0,15.0,0.0,12.0,48.0,48.0,0.0,504166.0,-4.77,-4.4,1.0,2.81,8.3,14.6445,False,19.6,23.9,False,390.33,6.8,False,False,False,,pass,descarte,pendiente,0.0,desconocido,Pendiente de implementar,confirmada,margin_stabilization (media): Margen operating 17.1% vs 10.5% (+6.6 pp) | eps_stabilization (media): EPS 9.56 vs 6.98 (Diluted EPS) | debt_reduction (alta): Deuda 33706.0M vs 35275.0M | dividend_maintained (baja): Dividendo actual 4.10% con caída del 8.3%,razonable,descarte,410.6,416.8,410.60 - 416.80,386.41,389.93,386.41 - 389.93,Pérdida del soporte en 410.60 | ROE negativo durante 2 trimestres consecutivos | Ampliación de capital dilutiva | Recorte de rating a bono basura,6-12,"Allianz SE                    v está un 8.3% por debajo de su máximo 52s. Fundamentalmente aceptable con ROE 19.6%, deuda neta/EBITDA -4.8x. Técnicamente 🔵 RSI recuperándose de sobreventa, 🟡 MACD convergiendo. Clasificación: descarte.","Allianz SE                    v está un 8.3% por debajo de su máximo 52s. Fundamentalmente aceptable con ROE 19.6%, deuda neta/EBITDA -4.8x. Técnicamente 🔵 RSI recuperándose de sobreventa, 🟡 MACD convergiendo. Clasificación: descarte.",OK,
CVX,Chevron Corporation,SP500,1.0,script-v2.0,1.0,2026-10-07T14:29:54.888007+02:00,53.0,53.1,100.0,12.0,0.0,12.0,53.0,35.0,18.0,8319801.0,0.56,-18.4,12.3,8.71,4.7,8.5212,False,61.2,45.1,False,187.41,10.8,True,True,False,,pass,descarte,pendiente,0.0,desconocido,Pendiente de implementar,confirmada,margin_stabilization (media): Margen gross 36.5% vs 28.4% (+8.1 pp) | eps_stabilization (media): EPS 6.11 vs 1.11 (Diluted EPS) | debt_reduction (alta): Deuda 37075.0M vs 45428.0M | dividend_maintained (baja): Dividendo actual 3.43% con caída del 4.7%,razonable,descarte,200.1,202.6,200.10 - 202.60,184.76,185.11,184.76 - 185.11,Pérdida del soporte en 200.10 | ROE negativo durante 2 trimestres consecutivos | Ampliación de capital dilutiva | Recorte de rating a bono basura,6-12,"Chevron Corporation está un 4.7% por debajo de su máximo 52s. Fundamentalmente aceptable con ROE 12.2%, deuda neta/EBITDA 0.6x. Técnicamente 🟡 MACD convergiendo, 🟢 Cerca de soporte. Clasificación: descarte.","Chevron Corporation está un 4.7% por debajo de su máximo 52s. Fundamentalmente aceptable con ROE 12.2%, deuda neta/EBITDA 0.6x. Técnicamente 🟡 MACD convergiendo, 🟢 Cerca de soporte. Clasificación: descarte.",OK,
TWE.AX,TREA WINE FPO [TWE],ASX,1.0,script-v2.0,1.0,2026-10-07T14:30:48.040955+02:00,53.0,57.6,56.0,59.0,0.0,8.0,39.0,33.0,6.0,3505362.0,,-9.2,,-7.06,52.6,0.1726,False,75.4,74.6,False,4.8,16.0,False,True,True,,pass,pendiente_confirmacion,pendiente,0.0,desconocido,Pendiente de implementar,parcial,eps_stabilization (media): EPS 0.54 vs 0.13 (annual_eps_fallback) | debt_reduction (alta): Deuda 1996.7M vs 2198.6M,incompleto,pendiente_confirmacion,5.36,5.44,5.36 - 5.44,4.8,5.94,4.80 - 5.94,Pérdida del soporte en 5.36 | ROE negativo durante 2 trimestres consecutivos | Ampliación de capital dilutiva | Recorte de rating a bono basura,6-12,"TREA WINE FPO [TWE] está un 20.3% por debajo de su máximo 52s. Fundamentalmente aceptable con ROE -26.5%, D/E 0.60. Técnicamente 🟢 Divergencia alcista RSI, 🟢 Cerca de soporte. Clasificación: pendiente_confirmacion.","TREA WINE FPO [TWE] está un 20.3% por debajo de su máximo 52s. Fundamentalmente aceptable con ROE -26.5%, D/E 0.60. Técnicamente 🟢 Divergencia alcista RSI, 🟢 Cerca de soporte. Clasificación: pendiente_confirmacion.",OK,
QCOM,QUALCOMM Incorporated,SP500,1.0,script-v2.0,1.0,2026-10-07T14:30:34.491085+02:00,52.8,57.3,100.0,20.0,0.0,6.0,39.0,21.0,18.0,12324285.0,0.58,-0.0,0.0,16.43,29.7,2.9204,False,16.9,21.0,False,168.9,7.2,True,True,True,,pass,pendiente_confirmacion,pendiente,0.0,desconocido,Pendiente de implementar,parcial,debt_reduction (alta): Deuda 15270.0M vs 15270.0M | dividend_maintained (baja): Dividendo actual 2.03% con caída del 30.4%,incompleto,pendiente_confirmacion,171.47,172.56,171.47 - 172.56,167.94,220.93,167.94 - 220.93,Pérdida del soporte en 172.56 | ROE negativo durante 2 trimestres consecutivos | Ampliación de capital dilutiva | Recorte de rating a bono basura,12-18,"QUALCOMM Incorporated está un 30.4% por debajo de su máximo 52s. Fundamentalmente aceptable con ROE 33.8%, deuda neta/EBITDA 0.6x. Técnicamente 🟢 Cerca de soporte, 🟢 base_pattern_detected. Clasificación: pendiente_confirmacion.","QUALCOMM Incorporated está un 30.4% por debajo de su máximo 52s. Fundamentalmente aceptable con ROE 33.8%, deuda neta/EBITDA 0.6x. Técnicamente 🟢 Cerca de soporte, 🟢 base_pattern_detected. Clasificación: pendiente_confirmacion.",OK,
SOLB.BR,SOLVAY,EUROSTOXX,1.0,script-v2.0,1.0,2026-10-07T14:29:32.561122+02:00,52.8,46.4,48.0,45.0,0.0,4.0,72.0,55.0,17.0,318378.0,3.17,1.8,-0.0,7.71,23.5,-0.1562,False,61.8,44.7,False,25.64,-1.4,True,False,False,Sin señales de recuperación,pass,descarte,pendiente,0.0,desconocido,Pendiente de implementar,ausente,eps_stabilization (media): EPS 0.36 vs 0.24 (Diluted EPS) | dividend_maintained (baja): Dividendo actual 9.61% con caída del 15.3%,fuerte,descarte,24.02,25.28,24.02 - 25.28,25.38,25.64,25.38 - 25.64,Pérdida del soporte en 24.02 | ROE negativo durante 2 trimestres consecutivos | Ampliación de capital dilutiva | Recorte de rating a bono basura,6-12,"SOLVAY está un 15.3% por debajo de su máximo 52s. Fundamentalmente aceptable con ROE 0.8%, deuda neta/EBITDA 3.2x. Técnicamente 🟢 Divergencia alcista RSI, 🟢 Cruce alcista MACD. Clasificación: descarte.","SOLVAY está un 15.3% por debajo de su máximo 52s. Fundamentalmente aceptable con ROE 0.8%, deuda neta/EBITDA 3.2x. Técnicamente 🟢 Divergencia alcista RSI, 🟢 Cruce alcista MACD. Clasificación: descarte.",OK,
SSE.L,SSE PLC ORD 50P,EUROSTOXX,1.0,script-v2.0,1.0,2026-10-07T14:29:45.782895+02:00,52.6,53.8,89.0,23.0,0.0,6.0,49.0,32.0,17.0,2655088.0,3.17,-2.8,,14.4,12.1,9.1659,False,27.9,52.5,False,2471.92,-1.6,True,False,False,,pass,descarte,pendiente,0.0,desconocido,Pendiente de implementar,parcial,debt_reduction (alta): Deuda 10170.4M vs 10467.9M | dividend_maintained (baja): Dividendo actual 0.03% con caída del 12.1%,razonable,descarte,2327.72,2406.7,2327.72 - 2406.70,2352.38,2458.31,2352.38 - 2458.31,Pérdida del soporte en 2327.72 | ROE negativo durante 2 trimestres consecutivos | Ampliación de capital dilutiva | Recorte de rating a bono basura,6-12,"SSE PLC ORD 50P está un 12.1% por debajo de su máximo 52s. Fundamentalmente aceptable con ROE 9.7%, deuda neta/EBITDA 3.2x. Técnicamente 🟢 Cerca de soporte, 🟡 Apoyo en MA40 semanal. Clasificación: descarte.","SSE PLC ORD 50P está un 12.1% por debajo de su máximo 52s. Fundamentalmente aceptable con ROE 9.7%, deuda neta/EBITDA 3.2x. Técnicamente 🟢 Cerca de soporte, 🟡 Apoyo en MA40 semanal. Clasificación: descarte.",OK,
PRY.MI,PRYSMIAN,EUROSTOXX,1.0,script-v2.0,1.0,2026-10-07T14:29:29.987317+02:00,52.5,55.0,95.0,20.0,0.0,10.0,45.0,33.0,12.0,1147911.0,1.88,1.3,-0.3,19.2,20.6,1.7631,False,45.5,70.8,False,121.24,3.0,True,False,False,,pass,descarte,pendiente,0.0,desconocido,Pendiente de implementar,parcial,"margin_stabilization (media): Margen gross 35.7% vs 35.5% (+0.3 pp) | eps_stabilization (media): EPS 0.80 vs 0.52 (Diluted EPS) | dividend_maintained (baja): Dividendo actual 0.72% con caída del 20.6% | analyst_upgrade (media): Target 157.41 vs precio 124.90 (+26%), recMean 1.71, recKey buy",razonable,descarte,118.21,124.01,118.21 - 124.01,119.79,133.66,119.79 - 133.66,Pérdida del soporte en 118.21 | ROE negativo durante 2 trimestres consecutivos | Ampliación de capital dilutiva | Recorte de rating a bono basura,6-12,"PRYSMIAN está un 20.6% por debajo de su máximo 52s. Fundamentalmente aceptable con ROE 22.4%, deuda neta/EBITDA 1.9x. Técnicamente 🟢 Divergencia alcista RSI, 🟢 base_pattern_detected. Clasificación: descarte.","PRYSMIAN está un 20.6% por debajo de su máximo 52s. Fundamentalmente aceptable con ROE 22.4%, deuda neta/EBITDA 1.9x. Técnicamente 🟢 Divergencia alcista RSI, 🟢 base_pattern_detected. Clasificación: descarte.",OK,
XOM,ExxonMobil Holdings Corporation,SP500,1.0,script-v2.0,1.0,2026-10-07T14:29:53.891606+02:00,51.8,53.1,100.0,12.0,0.0,12.0,48.0,30.0,18.0,14114001.0,0.47,-11.1,9.3,10.52,5.5,6.1081,False,85.4,71.5,False,149.93,9.7,True,True,False,,pass,descarte,pendiente,0.0,desconocido,Pendiente de implementar,confirmada,margin_stabilization (media): Margen gross 22.5% vs 16.7% (+5.8 pp) | eps_stabilization (media): EPS 3.48 vs 1.00 (Diluted EPS) | debt_reduction (alta): Deuda 42368.0M vs 47661.0M | dividend_maintained (baja): Dividendo actual 2.50% con caída del 6.8%,razonable,descarte,151.55,160.59,151.55 - 160.59,148.15,149.95,148.15 - 149.95,Pérdida del soporte en 151.55 | ROE negativo durante 2 trimestres consecutivos | Ampliación de capital dilutiva | Recorte de rating a bono basura,6-12,"ExxonMobil Holdings Corporation está un 6.8% por debajo de su máximo 52s. Fundamentalmente aceptable con ROE 12.6%, deuda neta/EBITDA 0.5x. Técnicamente 🟢 Cruce alcista MACD, 🟢 base_pattern_detected. Clasificación: descarte.","ExxonMobil Holdings Corporation está un 6.8% por debajo de su máximo 52s. Fundamentalmente aceptable con ROE 12.6%, deuda neta/EBITDA 0.5x. Técnicamente 🟢 Cruce alcista MACD, 🟢 base_pattern_detected. Clasificación: descarte.",OK,
BHP.AX,BHP GROUP FPO [BHP],ASX,1.0,script-v2.0,1.0,2026-10-07T14:30:34.495992+02:00,51.7,48.3,100.0,3.0,0.0,4.0,62.0,44.0,18.0,7329157.0,0.33,1.4,,11.19,7.2,2.4311,False,85.1,86.7,False,55.94,11.6,True,True,False,Sin señales de recuperación,pass,descarte,pendiente,0.0,desconocido,Pendiente de implementar,ausente,eps_stabilization (media): EPS 1.93 vs 1.77 (annual_eps_fallback) | dividend_maintained (baja): Dividendo actual 3.88% con caída del 9.2%,razonable,descarte,61.97,62.05,61.97 - 62.05,55.63,58.45,55.63 - 58.45,Pérdida del soporte en 61.97 | ROE negativo durante 2 trimestres consecutivos | Ampliación de capital dilutiva | Recorte de rating a bono basura,6-12,"BHP GROUP FPO [BHP] está un 9.2% por debajo de su máximo 52s. Fundamentalmente aceptable con ROE 24.0%, deuda neta/EBITDA 0.3x. Técnicamente 🟢 Cruce alcista MACD, 🟢 Cerca de soporte. Clasificación: descarte.","BHP GROUP FPO [BHP] está un 9.2% por debajo de su máximo 52s. Fundamentalmente aceptable con ROE 24.0%, deuda neta/EBITDA 0.3x. Técnicamente 🟢 Cruce alcista MACD, 🟢 Cerca de soporte. Clasificación: descarte.",OK,
NESTE.HE,Neste Corporation,EUROSTOXX,1.0,script-v2.0,1.0,2026-10-07T14:29:35.021582+02:00,51.6,55.2,100.0,16.0,0.0,12.0,41.0,35.0,6.0,1253623.0,1.33,-9.8,5.0,10.34,9.6,2.1168,False,27.6,23.6,False,27.52,18.0,False,True,True,,pass,pendiente_confirmacion,pendiente,0.0,desconocido,Pendiente de implementar,confirmada,margin_stabilization (media): Margen gross 21.4% vs 19.4% (+2.0 pp) | eps_stabilization (media): EPS 0.99 vs 0.69 (Diluted EPS) | debt_reduction (alta): Deuda 4698.0M vs 5207.0M | dividend_maintained (baja): Dividendo actual 0.62% con caída del 9.6%,incompleto,pendiente_confirmacion,31.07,31.96,31.07 - 31.96,27.11,30.55,27.11 - 30.55,Pérdida del soporte en 31.07 | ROE negativo durante 2 trimestres consecutivos | Ampliación de capital dilutiva | Recorte de rating a bono basura,6-12,"Neste Corporation está un 9.6% por debajo de su máximo 52s. Fundamentalmente aceptable con ROE 19.4%, deuda neta/EBITDA 1.3x. Técnicamente 🟡 MACD convergiendo, 🟢 Cerca de soporte. Clasificación: pendiente_confirmacion.","Neste Corporation está un 9.6% por debajo de su máximo 52s. Fundamentalmente aceptable con ROE 19.4%, deuda neta/EBITDA 1.3x. Técnicamente 🟡 MACD convergiendo, 🟢 Cerca de soporte. Clasificación: pendiente_confirmacion.",OK,
NAB.AX,NAT. BANK FPO [NAB],ASX,1.0,script-v2.0,1.0,2026-10-07T14:30:36.608038+02:00,51.5,46.9,64.0,32.0,0.0,1.0,65.0,48.0,17.0,4438163.0,,38.0,,,20.7,-0.4701,False,40.3,46.5,False,40.54,-5.3,True,False,False,Sin señales de recuperación,pass,descarte,pendiente,0.0,desconocido,Pendiente de implementar,ausente,dividend_maintained (baja): Dividendo actual 4.43% con caída del 22.3%,razonable,descarte,37.57,38.4,37.57 - 38.40,40.57,42.03,40.57 - 42.03,Pérdida del soporte en 37.57 | ROE negativo durante 2 trimestres consecutivos | Ampliación de capital dilutiva | Recorte de rating a bono basura,6-12,"NAT. BANK FPO [NAB] está un 22.3% por debajo de su máximo 52s. Fundamentalmente aceptable con dividendo 4.4%. Técnicamente 🟢 Divergencia alcista RSI, 🟢 Cerca de soporte. Clasificación: descarte.","NAT. BANK FPO [NAB] está un 22.3% por debajo de su máximo 52s. Fundamentalmente aceptable con dividendo 4.4%. Técnicamente 🟢 Divergencia alcista RSI, 🟢 Cerca de soporte. Clasificación: descarte.",OK,
9433.T,KDDI CORPORATION,ASIA,1.0,script-v2.0,1.0,2026-10-07T14:30:52.925830+02:00,51.4,59.5,99.0,25.0,0.0,9.0,27.0,27.0,0.0,8861281.0,2.48,-1.9,,8.85,6.5,85.6798,False,4.5,6.8,False,2711.8,6.1,False,False,True,,pass,pendiente_confirmacion,pendiente,0.0,desconocido,Pendiente de implementar,parcial,eps_stabilization (media): EPS 51.33 vs 43.00 (Diluted EPS) | debt_reduction (alta): Deuda 5296146.1M vs 5397863.0M | dividend_maintained (baja): Dividendo actual 2.92% con caída del 7.8%,incompleto,pendiente_confirmacion,2798.51,2877.0,2798.51 - 2877.00,2652.85,2699.97,2652.85 - 2699.97,Pérdida del soporte en 2798.51 | ROE negativo durante 2 trimestres consecutivos | Ampliación de capital dilutiva | Recorte de rating a bono basura,6-12,"KDDI CORPORATION está un 7.8% por debajo de su máximo 52s. Fundamentalmente aceptable con ROE 14.6%, deuda neta/EBITDA 2.5x. Técnicamente 🟢 Cerca de soporte. Clasificación: pendiente_confirmacion.","KDDI CORPORATION está un 7.8% por debajo de su máximo 52s. Fundamentalmente aceptable con ROE 14.6%, deuda neta/EBITDA 2.5x. Técnicamente 🟢 Cerca de soporte. Clasificación: pendiente_confirmacion.",OK,
0941.HK,CHINA MOBILE,ASIA,1.0,script-v2.0,1.0,2026-10-07T14:31:10.838449+02:00,51.4,50.9,69.0,35.0,0.0,12.0,53.0,48.0,5.0,12017860.0,-0.86,-2.3,,5.74,5.0,0.4677,False,56.3,49.0,False,77.13,2.5,False,False,False,,pass,descarte,pendiente,0.0,desconocido,Pendiente de implementar,confirmada,"eps_stabilization (media): EPS 6.42 vs 6.15 (annual_eps_fallback) | debt_reduction (alta): Deuda 98828.0M vs 101197.0M | dividend_maintained (baja): Dividendo actual 6.86% con caída del 11.1% | analyst_upgrade (media): Target 95.17 vs precio 79.05 (+20%), recMean 1.60, recKey buy",razonable,descarte,78.25,79.05,78.25 - 79.05,75.56,77.23,75.56 - 77.23,Pérdida del soporte en 78.25 | ROE negativo durante 2 trimestres consecutivos | Ampliación de capital dilutiva | Recorte de rating a bono basura,6-12,"CHINA MOBILE está un 11.1% por debajo de su máximo 52s. Fundamentalmente aceptable con ROE 9.3%, deuda neta/EBITDA -0.9x. Técnicamente 🟢 Cruce alcista MACD, 🟢 Cerca de soporte. Clasificación: descarte.","CHINA MOBILE está un 11.1% por debajo de su máximo 52s. Fundamentalmente aceptable con ROE 9.3%, deuda neta/EBITDA -0.9x. Técnicamente 🟢 Cruce alcista MACD, 🟢 Cerca de soporte. Clasificación: descarte.",OK,
WDS.AX,WOODSIDE FPO [WDS],ASX,1.0,script-v2.0,1.0,2026-10-07T14:30:42.410777+02:00,51.0,55.6,86.0,29.0,0.0,6.0,37.0,25.0,12.0,4477883.0,1.15,-0.4,,9.29,9.9,0.9058,False,35.3,23.4,False,29.71,6.0,True,False,True,,pass,pendiente_confirmacion,pendiente,0.0,desconocido,Pendiente de implementar,parcial,debt_reduction (alta): Deuda 13668.0M vs 13722.0M | dividend_maintained (baja): Dividendo actual 5.17% con caída del 12.1%,incompleto,pendiente_confirmacion,29.71,31.5,29.71 - 31.50,29.34,30.45,29.34 - 30.45,Pérdida del soporte en 29.71 | ROE negativo durante 2 trimestres consecutivos | Ampliación de capital dilutiva | Recorte de rating a bono basura,6-12,"WOODSIDE FPO [WDS] está un 12.1% por debajo de su máximo 52s. Fundamentalmente aceptable con ROE 7.7%, deuda neta/EBITDA 1.1x. Técnicamente 🟡 MACD convergiendo, 🟢 base_pattern_detected. Clasificación: pendiente_confirmacion.","WOODSIDE FPO [WDS] está un 12.1% por debajo de su máximo 52s. Fundamentalmente aceptable con ROE 7.7%, deuda neta/EBITDA 1.1x. Técnicamente 🟡 MACD convergiendo, 🟢 base_pattern_detected. Clasificación: pendiente_confirmacion.",OK,
SWK,"Stanley Black & Decker, Inc.",SP500,1.0,script-v2.0,1.0,2026-10-07T14:29:56.997959+02:00,50.8,53.0,85.0,25.0,0.0,12.0,44.0,44.0,0.0,1753073.0,2.58,-19.8,0.3,10.17,13.3,3.5514,False,63.5,68.9,False,83.67,7.6,False,False,True,,pass,pendiente_confirmacion,pendiente,0.0,desconocido,Pendiente de implementar,confirmada,margin_stabilization (media): Margen gross 33.0% vs 30.1% (+2.9 pp) | eps_stabilization (media): EPS 2.33 vs 0.39 (Diluted EPS) | debt_reduction (alta): Deuda 5211.5M vs 6501.2M | dividend_maintained (baja): Dividendo actual 3.73% con caída del 14.0%,incompleto,pendiente_confirmacion,85.76,89.99,85.76 - 89.99,82.63,88.98,82.63 - 88.98,Pérdida del soporte en 85.76 | ROE negativo durante 2 trimestres consecutivos | Ampliación de capital dilutiva | Recorte de rating a bono basura,6-12,"Stanley Black & Decker, Inc. está un 14.0% por debajo de su máximo 52s. Fundamentalmente aceptable con ROE 6.9%, deuda neta/EBITDA 2.6x. Técnicamente 🟢 Cruce alcista MACD, 🟢 Cerca de soporte. Clasificación: pendiente_confirmacion.","Stanley Black & Decker, Inc. está un 14.0% por debajo de su máximo 52s. Fundamentalmente aceptable con ROE 6.9%, deuda neta/EBITDA 2.6x. Técnicamente 🟢 Cruce alcista MACD, 🟢 Cerca de soporte. Clasificación: pendiente_confirmacion.",OK,
BOQ.AX,BANK QLD FPO [BOQ],ASX,1.0,script-v2.0,1.0,2026-10-07T14:30:49.715677+02:00,50.5,47.4,57.0,39.0,0.0,9.0,60.0,43.0,17.0,1606193.0,,-1.7,,,15.2,0.0418,False,16.7,21.7,False,6.4,-0.4,True,False,False,,pass,descarte,pendiente,0.0,desconocido,Pendiente de implementar,parcial,eps_stabilization (media): EPS 0.41 vs 0.18 (annual_eps_fallback) | debt_reduction (alta): Deuda 16714.0M vs 17008.0M | dividend_maintained (baja): Dividendo actual 6.28% con caída del 14.8%,razonable,descarte,6.17,6.37,6.17 - 6.37,6.36,6.38,6.36 - 6.38,Pérdida del soporte en 6.17 | ROE negativo durante 2 trimestres consecutivos | Ampliación de capital dilutiva | Recorte de rating a bono basura,6-12,"BANK QLD FPO [BOQ] está un 14.8% por debajo de su máximo 52s. Fundamentalmente aceptable con ROE 1.6%, dividendo 6.3%. Técnicamente 🟢 Cerca de soporte, 🟡 Apoyo en MA40 semanal. Clasificación: descarte.","BANK QLD FPO [BOQ] está un 14.8% por debajo de su máximo 52s. Fundamentalmente aceptable con ROE 1.6%, dividendo 6.3%. Técnicamente 🟢 Cerca de soporte, 🟡 Apoyo en MA40 semanal. Clasificación: descarte.",OK,
9432.T,NTT INC,ASIA,1.0,script-v2.0,1.0,2026-10-07T14:30:52.225536+02:00,50.3,51.1,73.0,32.0,0.0,4.0,48.0,30.0,18.0,227697141.0,4.03,11.8,,7.87,2.9,6.4243,False,48.4,34.9,False,153.61,12.0,True,True,False,Sin señales de recuperación,pass,descarte,pendiente,0.0,desconocido,Pendiente de implementar,ausente,eps_stabilization (media): EPS 3.38 vs 3.14 (Diluted EPS) | dividend_maintained (baja): Dividendo actual 3.14% con caída del 4.4%,razonable,descarte,164.55,165.58,164.55 - 165.58,153.03,153.08,153.03 - 153.08,Pérdida del soporte en 165.58 | ROE negativo durante 2 trimestres consecutivos | Ampliación de capital dilutiva | Recorte de rating a bono basura,6-12,"NTT INC está un 4.4% por debajo de su máximo 52s. Fundamentalmente aceptable con ROE 10.7%, deuda neta/EBITDA 4.0x. Técnicamente 🟡 MACD convergiendo, 🟢 Cerca de soporte. Clasificación: descarte.","NTT INC está un 4.4% por debajo de su máximo 52s. Fundamentalmente aceptable con ROE 10.7%, deuda neta/EBITDA 4.0x. Técnicamente 🟡 MACD convergiendo, 🟢 Cerca de soporte. Clasificación: descarte.",OK,
CS.PA,AXA,EUROSTOXX,1.0,script-v2.0,1.0,2026-10-07T14:29:09.463173+02:00,50.1,53.8,97.0,16.0,0.0,7.0,39.0,39.0,0.0,2765273.0,,1.0,,,7.9,0.9788,False,14.2,20.6,False,40.46,4.0,False,False,True,,pass,pendiente_confirmacion,pendiente,0.0,desconocido,Pendiente de implementar,parcial,"eps_stabilization (media): EPS 4.77 vs 3.63 (annual_eps_fallback) | dividend_maintained (baja): Dividendo actual 5.51% con caída del 7.9% | analyst_upgrade (media): Target 51.93 vs precio 42.07 (+23%), recMean 1.72, recKey buy",incompleto,pendiente_confirmacion,38.48,42.07,38.48 - 42.07,38.81,40.4,38.81 - 40.40,Pérdida del soporte en 38.48 | ROE negativo durante 2 trimestres consecutivos | Ampliación de capital dilutiva | Recorte de rating a bono basura,6-12,"AXA está un 7.9% por debajo de su máximo 52s. Fundamentalmente aceptable con ROE 14.9%, D/E 1.19. Técnicamente 🔵 RSI recuperándose de sobreventa, 🟢 Divergencia alcista RSI. Clasificación: pendiente_confirmacion.","AXA está un 7.9% por debajo de su máximo 52s. Fundamentalmente aceptable con ROE 14.9%, D/E 1.19. Técnicamente 🔵 RSI recuperándose de sobreventa, 🟢 Divergencia alcista RSI. Clasificación: pendiente_confirmacion.",OK,
TLS.AX,TELSTRA FPO [TLS],ASX,1.0,script-v2.0,1.0,2026-10-07T14:30:38.756063+02:00,50.0,48.0,80.0,20.0,0.0,4.0,56.0,41.0,15.0,28424778.0,2.49,5.2,,10.34,12.0,-0.0435,True,38.5,35.0,False,4.93,-2.7,False,False,False,Sin señales de recuperación,pass,descarte,pendiente,0.0,desconocido,Pendiente de implementar,ausente,eps_stabilization (media): EPS 0.20 vs 0.19 (annual_eps_fallback) | dividend_maintained (baja): Dividendo actual 4.38% con caída del 14.0%,razonable,descarte,4.76,4.78,4.76 - 4.78,4.74,4.92,4.74 - 4.92,Pérdida del soporte en 4.76 | ROE negativo durante 2 trimestres consecutivos | Ampliación de capital dilutiva | Recorte de rating a bono basura,6-12,"TELSTRA FPO [TLS] está un 14.0% por debajo de su máximo 52s. Fundamentalmente aceptable con ROE 15.4%, deuda neta/EBITDA 2.5x. Técnicamente 🟢 Divergencia alcista RSI, 🟢 Cerca de soporte. Clasificación: descarte.","TELSTRA FPO [TLS] está un 14.0% por debajo de su máximo 52s. Fundamentalmente aceptable con ROE 15.4%, deuda neta/EBITDA 2.5x. Técnicamente 🟢 Divergencia alcista RSI, 🟢 Cerca de soporte. Clasificación: descarte.",OK,
SPG,"Simon Property Group, Inc.",SP500,1.0,script-v2.0,1.0,2026-10-07T14:30:22.804094+02:00,49.9,50.9,68.0,36.0,0.0,7.0,47.0,42.0,5.0,1326050.0,5.54,1.6,-0.5,18.56,14.5,1.8467,False,41.8,37.1,False,201.63,0.1,False,False,False,,pass,descarte,pendiente,0.0,desconocido,Pendiente de implementar,parcial,margin_stabilization (media): Margen gross 83.1% vs 80.3% (+2.8 pp) | eps_stabilization (media): EPS 1.49 vs 1.48 (Diluted EPS) | dividend_maintained (baja): Dividendo actual 4.41% con caída del 15.4%,razonable,descarte,191.65,201.74,191.65 - 201.74,200.28,202.72,200.28 - 202.72,Pérdida del soporte en 191.65 | ROE negativo durante 2 trimestres consecutivos | Ampliación de capital dilutiva | Recorte de rating a bono basura,6-12,"Simon Property Group, Inc. está un 15.4% por debajo de su máximo 52s. Fundamentalmente aceptable con ROE 120.5%, deuda neta/EBITDA 5.5x. Técnicamente 🔵 RSI en sobreventa, 🟡 Apoyo en MA40 semanal. Clasificación: descarte.","Simon Property Group, Inc. está un 15.4% por debajo de su máximo 52s. Fundamentalmente aceptable con ROE 120.5%, deuda neta/EBITDA 5.5x. Técnicamente 🔵 RSI en sobreventa, 🟡 Apoyo en MA40 semanal. Clasificación: descarte.",OK,
0003.HK,HK & CHINA GAS,ASIA,1.0,script-v2.0,1.0,2026-10-07T14:31:06.625313+02:00,49.8,52.4,86.0,23.0,0.0,4.0,42.0,25.0,17.0,29370349.0,4.61,2.6,,17.02,5.8,0.073,False,42.9,48.2,False,6.93,1.6,True,False,False,Sin señales de recuperación,pass,descarte,pendiente,0.0,desconocido,Pendiente de implementar,ausente,eps_stabilization (media): EPS 0.30 vs 0.30 (annual_eps_fallback) | dividend_maintained (baja): Dividendo actual 4.97% con caída del 9.3%,incompleto,descarte,6.85,7.04,6.85 - 7.04,6.6,6.91,6.60 - 6.91,Pérdida del soporte en 6.85 | ROE negativo durante 2 trimestres consecutivos | Ampliación de capital dilutiva | Recorte de rating a bono basura,6-12,"HK & CHINA GAS está un 9.3% por debajo de su máximo 52s. Fundamentalmente aceptable con ROE 10.5%, deuda neta/EBITDA 4.6x. Técnicamente 🟢 Cerca de soporte, 🟡 Apoyo en MA40 semanal. Clasificación: descarte.","HK & CHINA GAS está un 9.3% por debajo de su máximo 52s. Fundamentalmente aceptable con ROE 10.5%, deuda neta/EBITDA 4.6x. Técnicamente 🟢 Cerca de soporte, 🟡 Apoyo en MA40 semanal. Clasificación: descarte.",OK,
WES.AX,WESFARMER FPO [WES],ASX,1.0,script-v2.0,1.0,2026-10-07T14:30:38.778338+02:00,49.7,51.6,82.0,25.0,0.0,1.0,44.0,39.0,5.0,1676969.0,2.53,13.9,,20.44,17.2,-1.1933,False,77.7,69.9,False,79.11,-3.6,False,False,False,Sin señales de recuperación,pass,descarte,pendiente,0.0,desconocido,Pendiente de implementar,ausente,dividend_maintained (baja): Dividendo actual 2.91% con caída del 19.4%,incompleto,descarte,70.94,76.3,70.94 - 76.30,79.28,80.5,79.28 - 80.50,Pérdida del soporte en 70.94 | ROE negativo durante 2 trimestres consecutivos | Ampliación de capital dilutiva | Recorte de rating a bono basura,6-12,"WESFARMER FPO [WES] está un 19.4% por debajo de su máximo 52s. Fundamentalmente aceptable con ROE 33.5%, deuda neta/EBITDA 2.5x. Técnicamente 🟢 Divergencia alcista RSI, 🟡 Apoyo en MA40 semanal. Clasificación: descarte.","WESFARMER FPO [WES] está un 19.4% por debajo de su máximo 52s. Fundamentalmente aceptable con ROE 33.5%, deuda neta/EBITDA 2.5x. Técnicamente 🟢 Divergencia alcista RSI, 🟡 Apoyo en MA40 semanal. Clasificación: descarte.",OK,
TGT,Target Corporation,SP500,1.0,script-v2.0,1.0,2026-10-07T14:30:00.580006+02:00,49.6,53.1,91.0,20.0,0.0,7.0,39.0,39.0,0.0,4023535.0,1.6,1.9,-1.0,9.76,9.6,10.446,False,36.1,30.9,False,130.77,18.0,False,False,True,,pass,pendiente_confirmacion,pendiente,0.0,desconocido,Pendiente de implementar,parcial,margin_stabilization (media): Margen gross 33.7% vs 29.0% (+4.7 pp) | eps_stabilization (media): EPS 4.11 vs 1.71 (Diluted EPS) | dividend_maintained (baja): Dividendo actual 3.01% con caída del 9.6%,incompleto,pendiente_confirmacion,153.76,154.33,153.76 - 154.33,127.9,145.14,127.90 - 145.14,Pérdida del soporte en 153.76 | ROE negativo durante 2 trimestres consecutivos | Ampliación de capital dilutiva | Recorte de rating a bono basura,6-12,"Target Corporation está un 9.6% por debajo de su máximo 52s. Fundamentalmente aceptable con ROE 26.4%, deuda neta/EBITDA 1.6x. Técnicamente 🟡 MACD convergiendo, 🟢 Cerca de soporte. Clasificación: pendiente_confirmacion.","Target Corporation está un 9.6% por debajo de su máximo 52s. Fundamentalmente aceptable con ROE 26.4%, deuda neta/EBITDA 1.6x. Técnicamente 🟡 MACD convergiendo, 🟢 Cerca de soporte. Clasificación: pendiente_confirmacion.",OK,
U11.SI,UOB,ASIA,1.0,script-v2.0,1.0,2026-10-07T14:31:17.834152+02:00,49.6,53.2,74.0,35.0,0.0,1.0,39.0,33.0,6.0,3640494.0,,21.5,,,4.0,1.532,False,44.7,72.2,False,38.37,10.6,False,True,False,Sin señales de recuperación,pass,descarte,pendiente,0.0,desconocido,Pendiente de implementar,ausente,dividend_maintained (baja): Dividendo actual 4.15% con caída del 6.0%,incompleto,descarte,40.7,41.87,40.70 - 41.87,38.11,38.38,38.11 - 38.38,Pérdida del soporte en 40.70 | ROE negativo durante 2 trimestres consecutivos | Ampliación de capital dilutiva | Recorte de rating a bono basura,6-12,"UOB está un 6.0% por debajo de su máximo 52s. Fundamentalmente aceptable con ROE 9.2%, dividendo 4.2%. Técnicamente 🟢 Cerca de soporte, 🟡 trendline_break. Clasificación: descarte.","UOB está un 6.0% por debajo de su máximo 52s. Fundamentalmente aceptable con ROE 9.2%, dividendo 4.2%. Técnicamente 🟢 Cerca de soporte, 🟡 trendline_break. Clasificación: descarte.",OK,
NESN.SW,NESTLE N,EUROSTOXX,1.0,script-v2.0,1.0,2026-10-07T14:29:36.813377+02:00,49.5,44.7,73.0,20.0,0.0,1.0,64.0,59.0,5.0,3163043.0,3.45,8.6,,15.22,13.4,-0.4896,False,24.3,13.9,False,77.79,-3.0,False,False,False,Sin señales de recuperación,pass,descarte,pendiente,0.0,desconocido,Pendiente de implementar,ausente,dividend_maintained (baja): Dividendo actual 4.11% con caída del 13.4%,razonable,descarte,71.67,75.44,71.67 - 75.44,74.03,77.72,74.03 - 77.72,Pérdida del soporte en 71.67 | ROE negativo durante 2 trimestres consecutivos | Ampliación de capital dilutiva | Recorte de rating a bono basura,6-12,"NESTLE N está un 13.4% por debajo de su máximo 52s. Fundamentalmente aceptable con ROE 26.2%, deuda neta/EBITDA 3.5x. Técnicamente 🔵 RSI recuperándose de sobreventa, 🟢 Divergencia alcista RSI. Clasificación: descarte.","NESTLE N está un 13.4% por debajo de su máximo 52s. Fundamentalmente aceptable con ROE 26.2%, deuda neta/EBITDA 3.5x. Técnicamente 🔵 RSI recuperándose de sobreventa, 🟢 Divergencia alcista RSI. Clasificación: descarte.",OK,
ADP,"Automatic Data Processing, Inc.",SP500,1.0,script-v2.0,1.0,2026-10-07T14:29:58.113791+02:00,49.4,49.9,99.0,7.0,0.0,1.0,48.0,48.0,0.0,2245207.0,0.2,28.4,2.3,16.46,17.3,10.0122,False,36.9,20.7,False,234.77,11.8,False,False,False,Sin señales de recuperación,pass,descarte,pendiente,0.0,desconocido,Pendiente de implementar,ausente,dividend_maintained (baja): Dividendo actual 2.59% con caída del 10.4%,razonable,descarte,255.27,262.36,255.27 - 262.36,235.03,248.88,235.03 - 248.88,Pérdida del soporte en 255.27 | ROE negativo durante 2 trimestres consecutivos | Ampliación de capital dilutiva | Recorte de rating a bono basura,6-12,"Automatic Data Processing, Inc. está un 10.4% por debajo de su máximo 52s. Fundamentalmente aceptable con ROE 72.2%, deuda neta/EBITDA 0.2x. Técnicamente 🔵 RSI recuperándose de sobreventa, 🟡 MACD convergiendo. Clasificación: descarte.","Automatic Data Processing, Inc. está un 10.4% por debajo de su máximo 52s. Fundamentalmente aceptable con ROE 72.2%, deuda neta/EBITDA 0.2x. Técnicamente 🔵 RSI recuperándose de sobreventa, 🟡 MACD convergiendo. Clasificación: descarte.",OK,
CSCO,"Cisco Systems, Inc.",SP500,1.0,script-v2.0,1.0,2026-10-07T14:30:09.056447+02:00,49.0,46.7,100.0,0.0,0.0,12.0,56.0,44.0,12.0,19581906.0,0.82,-0.4,-0.0,25.76,8.8,4.7014,False,96.8,97.4,False,99.16,18.9,True,False,False,,pass,descarte,pendiente,0.0,desconocido,Pendiente de implementar,confirmada,margin_stabilization (media): Margen gross 64.1% vs 63.6% (+0.5 pp) | eps_stabilization (media): EPS 0.97 vs 0.85 (Diluted EPS) | debt_reduction (alta): Deuda 31185.0M vs 31303.0M | dividend_maintained (baja): Dividendo actual 1.42% con caída del 9.5%,razonable,descarte,110.43,111.73,110.43 - 111.73,97.34,110.81,97.34 - 110.81,Pérdida del soporte en 110.43 | ROE negativo durante 2 trimestres consecutivos | Ampliación de capital dilutiva | Recorte de rating a bono basura,6-12,"Cisco Systems, Inc. está un 9.5% por debajo de su máximo 52s. Fundamentalmente aceptable con ROE 27.3%, deuda neta/EBITDA 0.8x. Técnicamente 🟢 Divergencia alcista RSI, 🟢 Cruce alcista MACD. Clasificación: descarte.","Cisco Systems, Inc. está un 9.5% por debajo de su máximo 52s. Fundamentalmente aceptable con ROE 27.3%, deuda neta/EBITDA 0.8x. Técnicamente 🟢 Divergencia alcista RSI, 🟢 Cruce alcista MACD. Clasificación: descarte.",OK,
TEN.MI,TENARIS,EUROSTOXX,1.0,script-v2.0,1.0,2026-10-07T14:29:29.047096+02:00,49.0,44.7,82.0,12.0,0.0,6.0,62.0,44.0,18.0,1330249.0,-0.85,-5.6,4.6,8.56,8.4,0.506,False,73.3,78.8,False,23.62,7.9,True,True,False,,pass,descarte,pendiente,0.0,desconocido,Pendiente de implementar,parcial,debt_reduction (alta): Deuda 447.0M vs 473.5M | dividend_maintained (baja): Dividendo actual 3.02% con caída del 8.4%,razonable,descarte,23.62,24.06,23.62 - 24.06,23.36,23.65,23.36 - 23.65,Pérdida del soporte en 23.62 | ROE negativo durante 2 trimestres consecutivos | Ampliación de capital dilutiva | Recorte de rating a bono basura,6-12,"TENARIS está un 8.4% por debajo de su máximo 52s. Fundamentalmente aceptable con ROE 11.6%, deuda neta/EBITDA -0.8x. Técnicamente 🟢 Divergencia alcista RSI, 🟢 Cruce alcista MACD. Clasificación: descarte.","TENARIS está un 8.4% por debajo de su máximo 52s. Fundamentalmente aceptable con ROE 11.6%, deuda neta/EBITDA -0.8x. Técnicamente 🟢 Divergencia alcista RSI, 🟢 Cruce alcista MACD. Clasificación: descarte.",OK,
ENI.MI,ENI,EUROSTOXX,1.0,script-v2.0,1.0,2026-10-07T14:29:26.572060+02:00,49.0,52.3,95.0,15.0,0.0,7.0,39.0,21.0,18.0,8419819.0,1.65,8.2,15.3,7.34,1.7,1.0092,False,77.4,75.1,False,21.52,13.1,True,True,True,,pass,pendiente_confirmacion,pendiente,0.0,desconocido,Pendiente de implementar,parcial,margin_stabilization (media): Margen gross 6.5% vs 5.9% (+0.5 pp) | eps_stabilization (media): EPS 1.09 vs 0.34 (Diluted EPS) | dividend_maintained (baja): Dividendo actual 4.44% con caída del 2.7%,incompleto,pendiente_confirmacion,22.56,23.6,22.56 - 23.60,21.26,21.27,21.26 - 21.27,Pérdida del soporte en 22.56 | ROE negativo durante 2 trimestres consecutivos | Ampliación de capital dilutiva | Recorte de rating a bono basura,6-12,"ENI está un 2.7% por debajo de su máximo 52s. Fundamentalmente aceptable con ROE 10.9%, deuda neta/EBITDA 1.6x. Técnicamente 🟡 MACD convergiendo, 🟢 base_pattern_detected. Clasificación: pendiente_confirmacion.","ENI está un 2.7% por debajo de su máximo 52s. Fundamentalmente aceptable con ROE 10.9%, deuda neta/EBITDA 1.6x. Técnicamente 🟡 MACD convergiendo, 🟢 base_pattern_detected. Clasificación: pendiente_confirmacion.",OK,
SAP.DE,SAP SE                        I,EUROSTOXX,1.0,script-v2.0,1.0,2026-10-07T14:29:02.682190+02:00,48.9,52.2,97.0,13.0,0.0,7.0,39.0,21.0,18.0,2525065.0,-0.14,26.4,0.9,18.41,32.1,6.2981,False,77.3,72.3,False,162.96,15.2,True,True,True,,pass,pendiente_confirmacion,pendiente,0.0,desconocido,Pendiente de implementar,parcial,margin_stabilization (media): Margen gross 73.2% vs 73.0% (+0.2 pp) | eps_stabilization (media): EPS 1.88 vs 1.65 (Diluted EPS) | dividend_maintained (baja): Dividendo actual 1.33% con caída del 23.2%,incompleto,pendiente_confirmacion,177.83,181.62,177.83 - 181.62,164.18,207.66,164.18 - 207.66,Pérdida del soporte en 177.83 | ROE negativo durante 2 trimestres consecutivos | Ampliación de capital dilutiva | Recorte de rating a bono basura,6-12,"SAP SE                        I está un 23.2% por debajo de su máximo 52s. Fundamentalmente aceptable con ROE 18.3%, deuda neta/EBITDA -0.1x. Técnicamente 🟡 MACD convergiendo, 🟢 base_pattern_detected. Clasificación: pendiente_confirmacion.","SAP SE                        I está un 23.2% por debajo de su máximo 52s. Fundamentalmente aceptable con ROE 18.3%, deuda neta/EBITDA -0.1x. Técnicamente 🟡 MACD convergiendo, 🟢 base_pattern_detected. Clasificación: pendiente_confirmacion.",OK,
TCL.AX,TRANSURBAN STAPLED [TCL],ASX,1.0,script-v2.0,1.0,2026-10-07T14:30:40.815591+02:00,48.7,38.9,40.0,38.0,0.0,4.0,78.0,73.0,5.0,5023577.0,8.2,0.9,,25.81,15.1,-0.2487,False,23.0,31.1,False,13.95,-7.1,False,False,False,Sin señales de recuperación,pass,descarte,pendiente,0.0,desconocido,Pendiente de implementar,ausente,eps_stabilization (media): EPS 0.12 vs 0.04 (annual_eps_fallback) | dividend_maintained (baja): Dividendo actual 5.40% con caída del 17.0%,fuerte,descarte,12.82,12.96,12.82 - 12.96,13.28,13.96,13.28 - 13.96,Pérdida del soporte en 12.82 | ROE negativo durante 2 trimestres consecutivos | Ampliación de capital dilutiva | Recorte de rating a bono basura,6-12,"TRANSURBAN STAPLED [TCL] está un 17.0% por debajo de su máximo 52s. Fundamentalmente débil con ROE 5.0%, deuda neta/EBITDA 8.2x. Técnicamente 🔵 RSI en sobreventa, 🟢 Cruce alcista MACD. Clasificación: descarte.","TRANSURBAN STAPLED [TCL] está un 17.0% por debajo de su máximo 52s. Fundamentalmente débil con ROE 5.0%, deuda neta/EBITDA 8.2x. Técnicamente 🔵 RSI en sobreventa, 🟢 Cruce alcista MACD. Clasificación: descarte.",OK,
NOKIA.HE,Nokia Corporation,EUROSTOXX,1.0,script-v2.0,1.0,2026-10-07T14:29:35.215520+02:00,48.5,46.1,69.0,26.0,0.0,4.0,56.0,44.0,12.0,18222854.0,-0.68,1.0,1.1,19.99,36.6,0.1581,False,69.1,66.7,False,8.81,7.4,True,False,False,Sin señales de recuperación,pass,descarte,pendiente,0.0,desconocido,Pendiente de implementar,ausente,margin_stabilization (media): Margen gross 44.6% vs 44.2% (+0.4 pp) | dividend_maintained (baja): Dividendo actual 1.48% con caída del 36.9%,razonable,descarte,8.53,8.9,8.53 - 8.90,8.64,12.74,8.64 - 12.74,Pérdida del soporte en 8.53 | ROE negativo durante 2 trimestres consecutivos | Ampliación de capital dilutiva | Recorte de rating a bono basura,12-18,"Nokia Corporation está un 36.9% por debajo de su máximo 52s. Fundamentalmente aceptable con ROE 3.5%, deuda neta/EBITDA -0.7x. Técnicamente 🟢 Divergencia alcista RSI, 🟢 Cruce alcista MACD. Clasificación: descarte.","Nokia Corporation está un 36.9% por debajo de su máximo 52s. Fundamentalmente aceptable con ROE 3.5%, deuda neta/EBITDA -0.7x. Técnicamente 🟢 Divergencia alcista RSI, 🟢 Cruce alcista MACD. Clasificación: descarte.",OK,
BHP.L,BHP GROUP LIMITED ORD NPV (DI),EUROSTOXX,1.0,script-v2.0,1.0,2026-10-07T14:29:43.535166+02:00,48.3,48.7,93.0,10.0,0.0,4.0,47.0,35.0,12.0,886652.0,0.33,1.4,,6.06,9.8,117.1603,False,60.7,70.6,False,2988.16,8.4,True,False,False,Sin señales de recuperación,pass,descarte,pendiente,0.0,desconocido,Pendiente de implementar,ausente,eps_stabilization (media): EPS 1.93 vs 1.77 (annual_eps_fallback) | dividend_maintained (baja): Dividendo actual 0.04% con caída del 9.8%,razonable,descarte,3053.61,3240.0,3053.61 - 3240.00,2966.87,3053.2,2966.87 - 3053.20,Pérdida del soporte en 3053.61 | ROE negativo durante 2 trimestres consecutivos | Ampliación de capital dilutiva | Recorte de rating a bono basura,6-12,"BHP GROUP LIMITED ORD NPV (DI) está un 9.8% por debajo de su máximo 52s. Fundamentalmente aceptable con ROE 24.0%, deuda neta/EBITDA 0.3x. Técnicamente 🟢 Cruce alcista MACD, 🟢 base_pattern_detected. Clasificación: descarte.","BHP GROUP LIMITED ORD NPV (DI) está un 9.8% por debajo de su máximo 52s. Fundamentalmente aceptable con ROE 24.0%, deuda neta/EBITDA 0.3x. Técnicamente 🟢 Cruce alcista MACD, 🟢 base_pattern_detected. Clasificación: descarte.",OK,
8316.T,SUMITOMO MITSUI FINANCIAL GROUP,ASIA,1.0,script-v2.0,1.0,2026-10-07T14:30:51.721774+02:00,48.1,47.5,72.0,26.0,0.0,4.0,50.0,44.0,6.0,24535923.0,,81.7,,,4.7,164.4463,False,51.6,60.0,False,2979.41,13.2,False,True,False,Sin señales de recuperación,pass,descarte,pendiente,0.0,desconocido,Pendiente de implementar,ausente,eps_stabilization (media): EPS 131.59 vs 97.44 (Diluted EPS) | dividend_maintained (baja): Dividendo actual 2.67% con caída del 7.1%,razonable,descarte,3206.87,3341.29,3206.87 - 3341.29,2921.99,3085.5,2921.99 - 3085.50,Pérdida del soporte en 3206.87 | ROE negativo durante 2 trimestres consecutivos | Ampliación de capital dilutiva | Recorte de rating a bono basura,6-12,"SUMITOMO MITSUI FINANCIAL GROUP está un 7.1% por debajo de su máximo 52s. Fundamentalmente aceptable con ROE 8.6%, dividendo 2.7%. Técnicamente 🟢 Cruce alcista MACD, 🟢 Cerca de soporte. Clasificación: descarte.","SUMITOMO MITSUI FINANCIAL GROUP está un 7.1% por debajo de su máximo 52s. Fundamentalmente aceptable con ROE 8.6%, dividendo 2.7%. Técnicamente 🟢 Cruce alcista MACD, 🟢 Cerca de soporte. Clasificación: descarte.",OK,
GALP.LS,GALP ENERGIA-NOM,EUROSTOXX,1.0,script-v2.0,1.0,2026-10-07T14:29:33.291788+02:00,48.1,49.9,100.0,6.0,0.0,7.0,43.0,25.0,18.0,1543501.0,0.68,5.4,15.5,5.74,5.0,1.0467,False,38.8,36.9,False,19.08,15.5,True,True,True,,pass,pendiente_confirmacion,pendiente,0.0,desconocido,Pendiente de implementar,parcial,margin_stabilization (media): Margen gross 19.6% vs 15.6% (+4.0 pp) | eps_stabilization (media): EPS 1.05 vs -0.15 (Diluted EPS) | dividend_maintained (baja): Dividendo actual 3.09% con caída del 5.0%,incompleto,pendiente_confirmacion,20.88,21.2,20.88 - 21.20,18.91,19.7,18.91 - 19.70,Pérdida del soporte en 20.88 | ROE negativo durante 2 trimestres consecutivos | Ampliación de capital dilutiva | Recorte de rating a bono basura,6-12,"GALP ENERGIA-NOM está un 5.0% por debajo de su máximo 52s. Fundamentalmente aceptable con ROE 24.9%, deuda neta/EBITDA 0.7x. Técnicamente 🟡 MACD convergiendo, 🟢 base_pattern_detected. Clasificación: pendiente_confirmacion.","GALP ENERGIA-NOM está un 5.0% por debajo de su máximo 52s. Fundamentalmente aceptable con ROE 24.9%, deuda neta/EBITDA 0.7x. Técnicamente 🟡 MACD convergiendo, 🟢 base_pattern_detected. Clasificación: pendiente_confirmacion.",OK,
SHW,Sherwin-Williams Company (The),SP500,1.0,script-v2.0,1.0,2026-10-07T14:30:02.750154+02:00,48.0,43.3,70.0,20.0,0.0,10.0,62.0,45.0,17.0,1796235.0,3.13,9.0,0.0,19.59,18.5,-1.3875,False,33.9,27.7,False,332.65,-3.5,True,False,False,,pass,descarte,pendiente,0.0,desconocido,Pendiente de implementar,parcial,"margin_stabilization (media): Margen gross 49.2% vs 49.1% (+0.1 pp) | eps_stabilization (media): EPS 3.43 vs 2.15 (Diluted EPS) | dividend_maintained (baja): Dividendo actual 1.00% con caída del 15.0% | analyst_upgrade (media): Target 387.18 vs precio 321.16 (+21%), recMean 2.00, recKey buy",razonable,descarte,307.1,321.16,307.10 - 321.16,321.1,331.87,321.10 - 331.87,Pérdida del soporte en 307.10 | ROE negativo durante 2 trimestres consecutivos | Ampliación de capital dilutiva | Recorte de rating a bono basura,6-12,"Sherwin-Williams Company (The) está un 15.0% por debajo de su máximo 52s. Fundamentalmente aceptable con ROE 65.1%, deuda neta/EBITDA 3.1x. Técnicamente 🟢 Cerca de soporte, 🟡 Apoyo en MA40 semanal. Clasificación: descarte.","Sherwin-Williams Company (The) está un 15.0% por debajo de su máximo 52s. Fundamentalmente aceptable con ROE 65.1%, deuda neta/EBITDA 3.1x. Técnicamente 🟢 Cerca de soporte, 🟡 Apoyo en MA40 semanal. Clasificación: descarte.",OK,
CSL.AX,CSL FPO [CSL],ASX,1.0,script-v2.0,1.0,2026-10-07T14:30:34.708378+02:00,47.9,51.9,78.0,29.0,0.0,1.0,36.0,30.0,6.0,1285490.0,1.85,,,19.0,37.6,10.9293,False,61.5,42.5,False,140.42,29.6,False,True,False,Sin señales de recuperación,pass,descarte,pendiente,0.0,desconocido,Pendiente de implementar,ausente,dividend_maintained (baja): Dividendo actual 2.23% con caída del 18.2%,incompleto,descarte,162.36,174.68,162.36 - 174.68,140.81,189.1,140.81 - 189.10,Pérdida del soporte en 174.68 | ROE negativo durante 2 trimestres consecutivos | Ampliación de capital dilutiva | Recorte de rating a bono basura,6-12,"CSL FPO [CSL] está un 18.2% por debajo de su máximo 52s. Fundamentalmente aceptable con ROE -15.8%, deuda neta/EBITDA 1.9x. Técnicamente 🟡 MACD convergiendo, 🟢 Cerca de soporte. Clasificación: descarte.","CSL FPO [CSL] está un 18.2% por debajo de su máximo 52s. Fundamentalmente aceptable con ROE -15.8%, deuda neta/EBITDA 1.9x. Técnicamente 🟡 MACD convergiendo, 🟢 Cerca de soporte. Clasificación: descarte.",OK,
BDX,"Becton, Dickinson and Company",SP500,1.0,script-v2.0,1.0,2026-10-07T14:29:58.344793+02:00,47.5,51.6,82.0,25.0,0.0,12.0,35.0,35.0,0.0,1792489.0,2.63,-2.7,0.5,10.65,6.1,7.7962,False,39.1,32.0,False,162.05,11.3,False,False,True,,pass,pendiente_confirmacion,pendiente,0.0,desconocido,Pendiente de implementar,confirmada,margin_stabilization (media): Margen gross 46.5% vs 45.7% (+0.8 pp) | eps_stabilization (media): EPS 1.37 vs -1.11 (Diluted EPS) | debt_reduction (alta): Deuda 16808.0M vs 17279.0M | dividend_maintained (baja): Dividendo actual 2.33% con caída del 6.6%,incompleto,pendiente_confirmacion,177.57,180.3,177.57 - 180.30,161.0,164.11,161.00 - 164.11,Pérdida del soporte en 177.57 | ROE negativo durante 2 trimestres consecutivos | Ampliación de capital dilutiva | Recorte de rating a bono basura,6-12,"Becton, Dickinson and Company está un 6.6% por debajo de su máximo 52s. Fundamentalmente aceptable con ROE 6.6%, deuda neta/EBITDA 2.6x. Técnicamente 🟡 MACD convergiendo, 🟢 Cerca de soporte. Clasificación: pendiente_confirmacion.","Becton, Dickinson and Company está un 6.6% por debajo de su máximo 52s. Fundamentalmente aceptable con ROE 6.6%, deuda neta/EBITDA 2.6x. Técnicamente 🟡 MACD convergiendo, 🟢 Cerca de soporte. Clasificación: pendiente_confirmacion.",OK,
BP.L,BP PLC $0.25,EUROSTOXX,1.0,script-v2.0,1.0,2026-10-07T14:29:39.228911+02:00,47.1,49.8,85.0,19.0,0.0,9.0,39.0,21.0,18.0,46066763.0,0.9,-2.0,8.5,3.58,6.9,14.2295,False,87.1,75.1,False,522.91,8.4,True,True,True,,pass,pendiente_confirmacion,pendiente,0.0,desconocido,Pendiente de implementar,parcial,eps_stabilization (media): EPS 0.25 vs 0.25 (Diluted EPS) | debt_reduction (alta): Deuda 72693.0M vs 74178.0M | dividend_maintained (baja): Dividendo actual 0.04% con caída del 7.0%,incompleto,pendiente_confirmacion,512.77,544.85,512.77 - 544.85,517.62,517.99,517.62 - 517.99,Pérdida del soporte en 512.77 | ROE negativo durante 2 trimestres consecutivos | Ampliación de capital dilutiva | Recorte de rating a bono basura,6-12,"BP PLC $0.25 está un 7.0% por debajo de su máximo 52s. Fundamentalmente aceptable con ROE 8.9%, deuda neta/EBITDA 0.9x. Técnicamente 🟡 MACD convergiendo, 🟢 base_pattern_detected. Clasificación: pendiente_confirmacion.","BP PLC $0.25 está un 7.0% por debajo de su máximo 52s. Fundamentalmente aceptable con ROE 8.9%, deuda neta/EBITDA 0.9x. Técnicamente 🟡 MACD convergiendo, 🟢 base_pattern_detected. Clasificación: pendiente_confirmacion.",OK,
2914.T,JAPAN TOBACCO INC,ASIA,1.0,script-v2.0,1.0,2026-10-07T14:31:01.948032+02:00,47.0,52.6,99.0,12.0,0.0,6.0,30.0,24.0,6.0,4075135.0,0.71,-0.1,,11.06,3.2,309.1995,False,91.0,85.7,False,6160.77,13.5,False,True,True,,pass,pendiente_confirmacion,pendiente,0.0,desconocido,Pendiente de implementar,parcial,debt_reduction (alta): Deuda 1676772.0M vs 1678688.0M | dividend_maintained (baja): Dividendo actual 3.89% con caída del 3.2%,incompleto,pendiente_confirmacion,6805.75,6883.38,6805.75 - 6883.38,6084.92,6135.3,6084.92 - 6135.30,Pérdida del soporte en 6805.75 | ROE negativo durante 2 trimestres consecutivos | Ampliación de capital dilutiva | Recorte de rating a bono basura,6-12,"JAPAN TOBACCO INC está un 3.2% por debajo de su máximo 52s. Fundamentalmente aceptable con ROE 14.3%, deuda neta/EBITDA 0.7x. Técnicamente 🟢 Cerca de soporte, 🟡 trendline_break. Clasificación: pendiente_confirmacion.","JAPAN TOBACCO INC está un 3.2% por debajo de su máximo 52s. Fundamentalmente aceptable con ROE 14.3%, deuda neta/EBITDA 0.7x. Técnicamente 🟢 Cerca de soporte, 🟡 trendline_break. Clasificación: pendiente_confirmacion.",OK,
JNJ,Johnson & Johnson,SP500,1.0,script-v2.0,1.0,2026-10-07T14:29:48.698532+02:00,46.8,46.7,100.0,0.0,0.0,12.0,47.0,41.0,6.0,7037106.0,0.81,-10.8,0.2,18.42,9.4,9.5126,False,15.0,7.1,True,242.68,5.0,False,False,False,,pass,descarte,pendiente,0.0,desconocido,Pendiente de implementar,confirmada,margin_stabilization (media): Margen gross 68.2% vs 66.3% (+1.9 pp) | eps_stabilization (media): EPS 2.27 vs 2.14 (Diluted EPS) | debt_reduction (alta): Deuda 49036.0M vs 54987.0M | dividend_maintained (baja): Dividendo actual 2.10% con caída del 9.4%,razonable,descarte,222.28,254.78,222.28 - 254.78,238.91,240.2,238.91 - 240.20,Pérdida del soporte en 222.28 | ROE negativo durante 2 trimestres consecutivos | Ampliación de capital dilutiva | Recorte de rating a bono basura,6-12,"Johnson & Johnson está un 9.4% por debajo de su máximo 52s. Fundamentalmente aceptable con ROE 25.7%, deuda neta/EBITDA 0.8x. Técnicamente 🔵 RSI en sobreventa, 🟢 Volumen creciente. Clasificación: descarte.","Johnson & Johnson está un 9.4% por debajo de su máximo 52s. Fundamentalmente aceptable con ROE 25.7%, deuda neta/EBITDA 0.8x. Técnicamente 🔵 RSI en sobreventa, 🟢 Volumen creciente. Clasificación: descarte.",OK,
BAS.DE,BASF SE                       N,EUROSTOXX,1.0,script-v2.0,1.0,2026-10-07T14:28:56.533073+02:00,46.5,44.9,70.0,23.0,0.0,4.0,51.0,39.0,12.0,1828137.0,2.86,12.7,-1.0,9.77,5.6,0.8908,False,60.6,48.5,False,49.13,4.4,True,False,False,Sin señales de recuperación,pass,descarte,pendiente,0.0,desconocido,Pendiente de implementar,ausente,eps_stabilization (media): EPS 4.78 vs 1.06 (Diluted EPS) | dividend_maintained (baja): Dividendo actual 4.39% con caída del 6.8%,razonable,descarte,49.24,51.3,49.24 - 51.30,46.79,48.9,46.79 - 48.90,Pérdida del soporte en 49.24 | ROE negativo durante 2 trimestres consecutivos | Ampliación de capital dilutiva | Recorte de rating a bono basura,6-12,"BASF SE                       N está un 6.8% por debajo de su máximo 52s. Fundamentalmente aceptable con ROE 6.1%, deuda neta/EBITDA 2.9x. Técnicamente 🟡 MACD convergiendo, 🟢 Cerca de soporte. Clasificación: descarte.","BASF SE                       N está un 6.8% por debajo de su máximo 52s. Fundamentalmente aceptable con ROE 6.1%, deuda neta/EBITDA 2.9x. Técnicamente 🟡 MACD convergiendo, 🟢 Cerca de soporte. Clasificación: descarte.",OK,
CL,Colgate-Palmolive Company,SP500,1.0,script-v2.0,1.0,2026-10-07T14:29:55.646892+02:00,46.4,41.8,77.0,11.0,0.0,12.0,60.0,55.0,5.0,4744139.0,1.29,-1.5,0.0,15.31,11.1,-0.211,False,80.3,48.6,False,88.75,-1.7,False,False,False,,pass,descarte,pendiente,0.0,desconocido,Pendiente de implementar,confirmada,margin_stabilization (media): Margen gross 61.5% vs 60.6% (+0.9 pp) | eps_stabilization (media): EPS 0.86 vs 0.80 (Diluted EPS) | debt_reduction (alta): Deuda 7857.0M vs 7973.0M | dividend_maintained (baja): Dividendo actual 2.43% con caída del 12.2%,razonable,descarte,87.11,87.25,87.11 - 87.25,84.43,87.91,84.43 - 87.91,Pérdida del soporte en 87.11 | ROE negativo durante 2 trimestres consecutivos | Ampliación de capital dilutiva | Recorte de rating a bono basura,6-12,"Colgate-Palmolive Company está un 12.2% por debajo de su máximo 52s. Fundamentalmente aceptable con ROE 267.4%, deuda neta/EBITDA 1.3x. Técnicamente 🟢 Cruce alcista MACD, 🟢 Cerca de soporte. Clasificación: descarte.","Colgate-Palmolive Company está un 12.2% por debajo de su máximo 52s. Fundamentalmente aceptable con ROE 267.4%, deuda neta/EBITDA 1.3x. Técnicamente 🟢 Cruce alcista MACD, 🟢 Cerca de soporte. Clasificación: descarte.",OK,
G.MI,GENERALI,EUROSTOXX,1.0,script-v2.0,1.0,2026-10-07T14:29:26.870876+02:00,46.1,48.5,97.0,6.0,0.0,4.0,39.0,39.0,0.0,2358154.0,4.18,4.8,,12.43,9.4,1.7423,False,13.6,15.8,False,38.58,8.6,False,False,False,Sin señales de recuperación,pass,descarte,pendiente,0.0,desconocido,Pendiente de implementar,ausente,eps_stabilization (media): EPS 1.49 vs 0.70 (Diluted EPS) | dividend_maintained (baja): Dividendo actual 3.92% con caída del 9.4%,incompleto,descarte,38.24,41.88,38.24 - 41.88,38.44,39.3,38.44 - 39.30,Pérdida del soporte en 38.24 | ROE negativo durante 2 trimestres consecutivos | Ampliación de capital dilutiva | Recorte de rating a bono basura,6-12,"GENERALI está un 9.4% por debajo de su máximo 52s. Fundamentalmente aceptable con ROE 15.1%, deuda neta/EBITDA 4.2x. Técnicamente 🔵 RSI recuperándose de sobreventa, 🟡 MACD convergiendo. Clasificación: descarte.","GENERALI está un 9.4% por debajo de su máximo 52s. Fundamentalmente aceptable con ROE 15.1%, deuda neta/EBITDA 4.2x. Técnicamente 🔵 RSI recuperándose de sobreventa, 🟡 MACD convergiendo. Clasificación: descarte.",OK,
EMR,Emerson Electric Company,SP500,1.0,script-v2.0,1.0,2026-10-07T14:29:55.954058+02:00,46.1,46.2,99.0,0.0,0.0,12.0,46.0,28.0,18.0,2582595.0,1.92,-0.8,0.5,16.78,2.6,5.2613,False,79.1,85.6,False,145.13,11.2,True,True,False,,pass,descarte,pendiente,0.0,desconocido,Pendiente de implementar,confirmada,margin_stabilization (media): Margen gross 53.1% vs 53.2% (-0.1 pp) | eps_stabilization (media): EPS 1.28 vs 1.10 (Diluted EPS) | debt_reduction (alta): Deuda 13802.0M vs 13920.0M | dividend_maintained (baja): Dividendo actual 1.38% con caída del 3.0%,razonable,descarte,153.93,155.04,153.93 - 155.04,141.4,144.13,141.40 - 144.13,Pérdida del soporte en 153.93 | ROE negativo durante 2 trimestres consecutivos | Ampliación de capital dilutiva | Recorte de rating a bono basura,6-12,"Emerson Electric Company está un 3.0% por debajo de su máximo 52s. Fundamentalmente aceptable con ROE 12.8%, deuda neta/EBITDA 1.9x. Técnicamente 🟢 Cerca de soporte, 🟢 base_pattern_detected. Clasificación: descarte.","Emerson Electric Company está un 3.0% por debajo de su máximo 52s. Fundamentalmente aceptable con ROE 12.8%, deuda neta/EBITDA 1.9x. Técnicamente 🟢 Cerca de soporte, 🟢 base_pattern_detected. Clasificación: descarte.",OK,
UNA.AS,UNILEVER PLC,EUROSTOXX,1.0,script-v2.0,1.0,2026-10-07T14:29:24.283497+02:00,45.8,46.4,80.0,17.0,0.0,4.0,44.0,39.0,5.0,1032227.0,2.41,,,13.28,12.0,0.5689,False,69.0,48.4,False,53.12,2.4,False,False,False,Sin señales de recuperación,pass,descarte,pendiente,0.0,desconocido,Pendiente de implementar,ausente,eps_stabilization (media): EPS 4.32 vs 2.58 (annual_eps_fallback) | dividend_maintained (baja): Dividendo actual 3.51% con caída del 14.2%,incompleto,descarte,53.09,54.38,53.09 - 54.38,53.19,53.88,53.19 - 53.88,Pérdida del soporte en 53.09 | ROE negativo durante 2 trimestres consecutivos | Ampliación de capital dilutiva | Recorte de rating a bono basura,6-12,"UNILEVER PLC está un 14.2% por debajo de su máximo 52s. Fundamentalmente aceptable con ROE 31.9%, deuda neta/EBITDA 2.4x. Técnicamente 🟡 MACD convergiendo, 🟢 Cerca de soporte. Clasificación: descarte.","UNILEVER PLC está un 14.2% por debajo de su máximo 52s. Fundamentalmente aceptable con ROE 31.9%, deuda neta/EBITDA 2.4x. Técnicamente 🟡 MACD convergiendo, 🟢 Cerca de soporte. Clasificación: descarte.",OK,
PFE,"Pfizer, Inc.",SP500,1.0,script-v2.0,1.0,2026-10-07T14:30:16.071707+02:00,45.5,49.6,80.0,23.0,0.0,6.0,33.0,27.0,6.0,36050185.0,2.04,-0.4,1.4,8.23,5.9,0.7741,False,20.8,23.0,False,26.02,5.7,False,True,True,,pass,pendiente_confirmacion,pendiente,0.0,desconocido,Pendiente de implementar,parcial,debt_reduction (alta): Deuda 63480.0M vs 63730.0M | dividend_maintained (baja): Dividendo actual 6.25% con caída del 5.9%,incompleto,pendiente_confirmacion,27.41,27.44,27.41 - 27.44,24.83,25.84,24.83 - 25.84,Pérdida del soporte en 27.41 | ROE negativo durante 2 trimestres consecutivos | Ampliación de capital dilutiva | Recorte de rating a bono basura,6-12,"Pfizer, Inc. está un 5.9% por debajo de su máximo 52s. Fundamentalmente aceptable con ROE 5.0%, deuda neta/EBITDA 2.0x. Técnicamente 🟢 Cerca de soporte, 🟡 trendline_break. Clasificación: pendiente_confirmacion.","Pfizer, Inc. está un 5.9% por debajo de su máximo 52s. Fundamentalmente aceptable con ROE 5.0%, deuda neta/EBITDA 2.0x. Técnicamente 🟢 Cerca de soporte, 🟡 trendline_break. Clasificación: pendiente_confirmacion.",OK,
0019.HK,SWIRE PACIFIC A,ASIA,1.0,script-v2.0,1.0,2026-10-07T14:31:08.225553+02:00,45.1,48.5,81.0,20.0,0.0,6.0,35.0,35.0,0.0,1086274.0,4.95,-8.4,,17.98,5.9,6.162,False,60.3,50.1,False,86.62,17.2,False,False,True,,pass,pendiente_confirmacion,pendiente,0.0,desconocido,Pendiente de implementar,parcial,debt_reduction (alta): Deuda 95141.0M vs 103840.0M | dividend_maintained (baja): Dividendo actual 3.94% con caída del 6.5%,incompleto,pendiente_confirmacion,99.11,101.5,99.11 - 101.50,84.53,92.31,84.53 - 92.31,Pérdida del soporte en 99.11 | ROE negativo durante 2 trimestres consecutivos | Ampliación de capital dilutiva | Recorte de rating a bono basura,6-12,"SWIRE PACIFIC A está un 6.5% por debajo de su máximo 52s. Fundamentalmente aceptable con ROE 3.2%, deuda neta/EBITDA 5.0x. Técnicamente 🟡 MACD convergiendo, 🟢 Cerca de soporte. Clasificación: pendiente_confirmacion.","SWIRE PACIFIC A está un 6.5% por debajo de su máximo 52s. Fundamentalmente aceptable con ROE 3.2%, deuda neta/EBITDA 5.0x. Técnicamente 🟡 MACD convergiendo, 🟢 Cerca de soporte. Clasificación: pendiente_confirmacion.",OK,
MSFT,Microsoft Corporation,SP500,1.0,script-v2.0,1.0,2026-10-07T14:30:30.622339+02:00,45.1,42.5,91.0,0.0,0.0,7.0,53.0,35.0,18.0,27999145.0,0.27,126.1,-0.0,20.51,3.8,26.7558,False,85.7,84.9,False,431.38,22.7,True,True,False,,pass,descarte,pendiente,0.0,desconocido,Pendiente de implementar,parcial,margin_stabilization (media): Margen gross 67.2% vs 67.6% (-0.4 pp) | eps_stabilization (media): EPS 4.81 vs 4.27 (Diluted EPS) | dividend_maintained (baja): Dividendo actual 0.74% con caída del 4.4%,razonable,descarte,487.52,493.09,487.52 - 493.09,432.0,470.66,432.00 - 470.66,Pérdida del soporte en 487.52 | ROE negativo durante 2 trimestres consecutivos | Ampliación de capital dilutiva | Recorte de rating a bono basura,6-12,"Microsoft Corporation está un 4.4% por debajo de su máximo 52s. Fundamentalmente aceptable con ROE 34.0%, deuda neta/EBITDA 0.3x. Técnicamente 🟢 Cruce alcista MACD, 🟢 base_pattern_detected. Clasificación: descarte.","Microsoft Corporation está un 4.4% por debajo de su máximo 52s. Fundamentalmente aceptable con ROE 34.0%, deuda neta/EBITDA 0.3x. Técnicamente 🟢 Cruce alcista MACD, 🟢 base_pattern_detected. Clasificación: descarte.",OK,
LR.PA,LEGRAND,EUROSTOXX,1.0,script-v2.0,1.0,2026-10-07T14:29:12.507690+02:00,45.0,38.3,81.0,1.0,0.0,7.0,65.0,42.0,23.0,559925.0,2.59,16.8,-0.2,20.15,12.9,0.3146,False,64.1,80.0,False,140.23,2.0,True,True,False,,pass,descarte,pendiente,0.0,desconocido,Pendiente de implementar,parcial,margin_stabilization (media): Margen gross 50.5% vs 50.5% (-0.1 pp) | eps_stabilization (media): EPS 1.26 vs 1.12 (Diluted EPS) | dividend_maintained (baja): Dividendo actual 1.66% con caída del 14.3%,razonable,descarte,137.1,138.25,137.10 - 138.25,139.47,141.91,139.47 - 141.91,Pérdida del soporte en 137.10 | ROE negativo durante 2 trimestres consecutivos | Ampliación de capital dilutiva | Recorte de rating a bono basura,6-12,"LEGRAND está un 14.3% por debajo de su máximo 52s. Fundamentalmente débil con ROE 18.2%, deuda neta/EBITDA 2.6x. Técnicamente 🟢 Divergencia alcista RSI, 🟢 Cerca de soporte. Clasificación: descarte.","LEGRAND está un 14.3% por debajo de su máximo 52s. Fundamentalmente débil con ROE 18.2%, deuda neta/EBITDA 2.6x. Técnicamente 🟢 Divergencia alcista RSI, 🟢 Cerca de soporte. Clasificación: descarte.",OK,
AI.PA,AIR LIQUIDE,EUROSTOXX,1.0,script-v2.0,1.0,2026-10-07T14:29:06.703921+02:00,45.0,46.1,93.0,5.0,0.0,4.0,42.0,42.0,0.0,766190.0,1.99,36.4,,16.21,7.4,2.0881,False,42.6,48.1,False,162.0,4.1,False,False,False,Sin señales de recuperación,pass,descarte,pendiente,0.0,desconocido,Pendiente de implementar,ausente,eps_stabilization (media): EPS 6.08 vs 5.20 (annual_eps_fallback) | dividend_maintained (baja): Dividendo actual 1.99% con caída del 7.4%,incompleto,descarte,164.1,168.72,164.10 - 168.72,154.92,161.14,154.92 - 161.14,Pérdida del soporte en 164.10 | ROE negativo durante 2 trimestres consecutivos | Ampliación de capital dilutiva | Recorte de rating a bono basura,6-12,"AIR LIQUIDE está un 7.4% por debajo de su máximo 52s. Fundamentalmente aceptable con ROE 14.0%, deuda neta/EBITDA 2.0x. Técnicamente 🟢 Divergencia alcista RSI, 🟢 Cerca de soporte. Clasificación: descarte.","AIR LIQUIDE está un 7.4% por debajo de su máximo 52s. Fundamentalmente aceptable con ROE 14.0%, deuda neta/EBITDA 2.0x. Técnicamente 🟢 Divergencia alcista RSI, 🟢 Cerca de soporte. Clasificación: descarte.",OK,
8766.T,TOKIO MARINE HOLDINGS INC,ASIA,1.0,script-v2.0,1.0,2026-10-07T14:30:59.314351+02:00,44.9,45.5,61.0,32.0,0.0,1.0,43.0,37.0,6.0,82424403.0,-2.07,243.4,,13.33,4.6,31.1276,False,81.5,82.0,False,370.7,39.2,False,True,False,Sin señales de recuperación,pass,descarte,pendiente,0.0,desconocido,Pendiente de implementar,ausente,dividend_maintained (baja): Dividendo actual 25.19% con caída del 8.6%,incompleto,descarte,419.53,501.0,419.53 - 501.00,363.24,479.85,363.24 - 479.85,Pérdida del soporte en 501.00 | ROE negativo durante 2 trimestres consecutivos | Ampliación de capital dilutiva | Recorte de rating a bono basura,6-12,"TOKIO MARINE HOLDINGS INC está un 8.6% por debajo de su máximo 52s. Fundamentalmente aceptable con deuda neta/EBITDA -2.1x, dividendo 25.2%. Técnicamente 🟢 Divergencia alcista RSI, 🟢 Cerca de soporte. Clasificación: descarte.","TOKIO MARINE HOLDINGS INC está un 8.6% por debajo de su máximo 52s. Fundamentalmente aceptable con deuda neta/EBITDA -2.1x, dividendo 25.2%. Técnicamente 🟢 Divergencia alcista RSI, 🟢 Cerca de soporte. Clasificación: descarte.",OK,
SIE.DE,SIEMENS AG                    N,EUROSTOXX,1.0,script-v2.0,1.0,2026-10-07T14:29:00.835292+02:00,44.8,43.4,93.0,0.0,0.0,12.0,49.0,37.0,12.0,952360.0,3.12,-7.8,-0.0,20.92,6.9,6.4017,False,34.6,54.4,False,257.71,5.4,True,False,False,,pass,descarte,pendiente,0.0,desconocido,Pendiente de implementar,confirmada,margin_stabilization (media): Margen gross 40.9% vs 38.9% (+2.0 pp) | eps_stabilization (media): EPS 2.91 vs 2.58 (Diluted EPS) | debt_reduction (alta): Deuda 49924.0M vs 54161.0M | dividend_maintained (baja): Dividendo actual 1.97% con caída del 6.9%,razonable,descarte,264.52,271.65,264.52 - 271.65,247.94,257.06,247.94 - 257.06,Pérdida del soporte en 264.52 | ROE negativo durante 2 trimestres consecutivos | Ampliación de capital dilutiva | Recorte de rating a bono basura,6-12,"SIEMENS AG                    N está un 6.9% por debajo de su máximo 52s. Fundamentalmente aceptable con ROE 12.5%, deuda neta/EBITDA 3.1x. Técnicamente 🟢 Divergencia alcista RSI, 🟢 Cerca de soporte. Clasificación: descarte.","SIEMENS AG                    N está un 6.9% por debajo de su máximo 52s. Fundamentalmente aceptable con ROE 12.5%, deuda neta/EBITDA 3.1x. Técnicamente 🟢 Divergencia alcista RSI, 🟢 Cerca de soporte. Clasificación: descarte.",OK,
JPM,JP Morgan Chase & Co.,SP500,1.0,script-v2.0,1.0,2026-10-07T14:30:03.108280+02:00,44.7,44.9,78.0,16.0,0.0,4.0,44.0,44.0,0.0,7596275.0,,159.9,,,9.2,8.7512,False,24.7,22.8,False,318.81,3.9,False,False,False,Sin señales de recuperación,pass,descarte,pendiente,0.0,desconocido,Pendiente de implementar,ausente,eps_stabilization (media): EPS 7.70 vs 5.94 (Diluted EPS) | dividend_maintained (baja): Dividendo actual 1.99% con caída del 9.6%,incompleto,descarte,304.53,331.28,304.53 - 331.28,311.52,318.79,311.52 - 318.79,Pérdida del soporte en 304.53 | ROE negativo durante 2 trimestres consecutivos | Ampliación de capital dilutiva | Recorte de rating a bono basura,6-12,"JP Morgan Chase & Co. está un 9.6% por debajo de su máximo 52s. Fundamentalmente aceptable con ROE 17.8%, dividendo 2.0%. Técnicamente 🔵 RSI recuperándose de sobreventa, 🟡 MACD convergiendo. Clasificación: descarte.","JP Morgan Chase & Co. está un 9.6% por debajo de su máximo 52s. Fundamentalmente aceptable con ROE 17.8%, dividendo 2.0%. Técnicamente 🔵 RSI recuperándose de sobreventa, 🟡 MACD convergiendo. Clasificación: descarte.",OK,
ITW,Illinois Tool Works Inc.,SP500,1.0,script-v2.0,1.0,2026-10-07T14:29:57.861192+02:00,44.5,41.7,78.0,10.0,0.0,7.0,53.0,48.0,5.0,1308276.0,1.84,6.0,0.0,17.67,10.9,2.2151,False,60.5,47.9,False,266.77,0.1,False,False,False,,pass,descarte,pendiente,0.0,desconocido,Pendiente de implementar,parcial,margin_stabilization (media): Margen gross 44.1% vs 43.8% (+0.3 pp) | eps_stabilization (media): EPS 2.84 vs 2.66 (Diluted EPS) | dividend_maintained (baja): Dividendo actual 2.58% con caída del 11.9%,razonable,descarte,262.29,267.14,262.29 - 267.14,257.69,265.47,257.69 - 265.47,Pérdida del soporte en 262.29 | ROE negativo durante 2 trimestres consecutivos | Ampliación de capital dilutiva | Recorte de rating a bono basura,6-12,"Illinois Tool Works Inc. está un 11.9% por debajo de su máximo 52s. Fundamentalmente aceptable con ROE 104.6%, deuda neta/EBITDA 1.8x. Técnicamente 🟢 Cruce alcista MACD, 🟢 Cerca de soporte. Clasificación: descarte.","Illinois Tool Works Inc. está un 11.9% por debajo de su máximo 52s. Fundamentalmente aceptable con ROE 104.6%, deuda neta/EBITDA 1.8x. Técnicamente 🟢 Cruce alcista MACD, 🟢 Cerca de soporte. Clasificación: descarte.",OK,
GPC,Genuine Parts Company,SP500,1.0,script-v2.0,1.0,2026-10-07T14:29:56.155266+02:00,44.4,43.2,64.0,25.0,0.0,12.0,48.0,48.0,0.0,1250775.0,2.97,-0.9,0.7,11.53,13.6,4.3771,False,38.7,32.7,False,118.7,7.3,False,False,False,,pass,descarte,pendiente,0.0,desconocido,Pendiente de implementar,confirmada,margin_stabilization (media): Margen gross 37.8% vs 37.3% (+0.5 pp) | eps_stabilization (media): EPS 1.65 vs 1.37 (Diluted EPS) | debt_reduction (alta): Deuda 6652.8M vs 6713.8M | dividend_maintained (baja): Dividendo actual 3.34% con caída del 16.0%,razonable,descarte,127.12,127.38,127.12 - 127.38,118.07,128.83,118.07 - 128.83,Pérdida del soporte en 127.12 | ROE negativo durante 2 trimestres consecutivos | Ampliación de capital dilutiva | Recorte de rating a bono basura,6-12,"Genuine Parts Company está un 16.0% por debajo de su máximo 52s. Fundamentalmente aceptable con ROE 0.7%, deuda neta/EBITDA 3.0x. Técnicamente 🔵 RSI recuperándose de sobreventa, 🟡 MACD convergiendo. Clasificación: descarte.","Genuine Parts Company está un 16.0% por debajo de su máximo 52s. Fundamentalmente aceptable con ROE 0.7%, deuda neta/EBITDA 3.0x. Técnicamente 🔵 RSI recuperándose de sobreventa, 🟡 MACD convergiendo. Clasificación: descarte.",OK,
055550.KS,ShinhanGroup,ASIA,1.0,script-v2.0,1.0,2026-10-07T14:31:15.370657+02:00,44.1,45.8,73.0,22.0,0.0,7.0,39.0,27.0,12.0,1138560.0,,61.9,,,11.3,3963.6224,False,9.0,9.4,False,98606.48,4.8,True,False,True,,pass,pendiente_confirmacion,pendiente,0.0,desconocido,Pendiente de implementar,parcial,"eps_stabilization (media): EPS 3750.00 vs 3327.00 (Diluted EPS) | dividend_maintained (baja): Dividendo actual 2.87% con caída del 11.3% | analyst_upgrade (media): Target 133157.89 vs precio 103300.00 (+29%), recMean 1.40, recKey strong_buy",incompleto,pendiente_confirmacion,102645.75,103300.0,102645.75 - 103300.00,95830.08,99025.0,95830.08 - 99025.00,Pérdida del soporte en 102645.75 | ROE negativo durante 2 trimestres consecutivos | Ampliación de capital dilutiva | Recorte de rating a bono basura,6-12,"ShinhanGroup está un 11.3% por debajo de su máximo 52s. Fundamentalmente aceptable con ROE 8.9%, dividendo 2.9%. Técnicamente 🟢 Cerca de soporte, 🟢 base_pattern_detected. Clasificación: pendiente_confirmacion.","ShinhanGroup está un 11.3% por debajo de su máximo 52s. Fundamentalmente aceptable con ROE 8.9%, dividendo 2.9%. Técnicamente 🟢 Cerca de soporte, 🟢 base_pattern_detected. Clasificación: pendiente_confirmacion.",OK,
EDP.LS,"EDP, SA",EUROSTOXX,1.0,script-v2.0,1.0,2026-10-07T14:29:33.139827+02:00,43.9,52.5,84.0,25.0,0.0,7.0,18.0,12.0,6.0,7522682.0,5.51,3.7,3.5,11.77,3.0,0.1486,False,7.5,38.6,False,4.4,7.9,False,True,False,Sin suelo técnico identificado,pass,descarte,pendiente,0.0,desconocido,Pendiente de implementar,parcial,margin_stabilization (media): Margen gross 39.7% vs 40.0% (-0.3 pp) | eps_stabilization (media): EPS 0.09 vs 0.09 (Diluted EPS) | dividend_maintained (baja): Dividendo actual 4.42% con caída del 3.0%,sin_suelo,descarte,4.45,4.67,4.45 - 4.67,4.17,4.38,4.17 - 4.38,Pérdida del soporte en 4.45 | ROE negativo durante 2 trimestres consecutivos | Ampliación de capital dilutiva | Recorte de rating a bono basura,6-12,"EDP, SA está un 3.0% por debajo de su máximo 52s. Fundamentalmente aceptable con ROE 8.9%, deuda neta/EBITDA 5.5x. Técnicamente 🟡 trendline_break. Clasificación: descarte.","EDP, SA está un 3.0% por debajo de su máximo 52s. Fundamentalmente aceptable con ROE 8.9%, deuda neta/EBITDA 5.5x. Técnicamente 🟡 trendline_break. Clasificación: descarte.",OK,
STO.AX,SANTOS FPO [STO],ASX,1.0,script-v2.0,1.0,2026-10-07T14:30:40.920897+02:00,43.8,40.8,76.0,10.0,0.0,1.0,53.0,35.0,18.0,10967000.0,2.36,,,12.87,3.1,0.3532,False,57.6,55.1,False,7.52,13.5,True,True,False,Sin señales de recuperación,pass,descarte,pendiente,0.0,desconocido,Pendiente de implementar,ausente,dividend_maintained (baja): Dividendo actual 3.63% con caída del 3.1%,razonable,descarte,8.22,8.34,8.22 - 8.34,7.42,7.49,7.42 - 7.49,Pérdida del soporte en 8.34 | ROE negativo durante 2 trimestres consecutivos | Ampliación de capital dilutiva | Recorte de rating a bono basura,6-12,"SANTOS FPO [STO] está un 3.1% por debajo de su máximo 52s. Fundamentalmente aceptable con ROE 4.7%, deuda neta/EBITDA 2.4x. Técnicamente 🟡 MACD convergiendo, 🟢 Cerca de soporte. Clasificación: descarte.","SANTOS FPO [STO] está un 3.1% por debajo de su máximo 52s. Fundamentalmente aceptable con ROE 4.7%, deuda neta/EBITDA 2.4x. Técnicamente 🟡 MACD convergiendo, 🟢 Cerca de soporte. Clasificación: descarte.",OK,
8001.T,ITOCHU CORP,ASIA,1.0,script-v2.0,1.0,2026-10-07T14:31:04.395739+02:00,43.5,45.1,84.0,11.0,0.0,1.0,39.0,21.0,18.0,15209291.0,4.72,15.3,,21.6,9.0,76.0678,False,2.5,11.2,False,2019.82,7.0,True,True,False,Sin señales de recuperación,pass,descarte,pendiente,0.0,desconocido,Pendiente de implementar,ausente,dividend_maintained (baja): Dividendo actual 2.04% con caída del 9.9%,incompleto,descarte,2120.22,2156.0,2120.22 - 2156.00,1998.83,2039.15,1998.83 - 2039.15,Pérdida del soporte en 2156.00 | ROE negativo durante 2 trimestres consecutivos | Ampliación de capital dilutiva | Recorte de rating a bono basura,6-12,"ITOCHU CORP está un 9.9% por debajo de su máximo 52s. Fundamentalmente aceptable con ROE 14.1%, deuda neta/EBITDA 4.7x. Técnicamente 🟢 Cerca de soporte, 🟢 base_pattern_detected. Clasificación: descarte.","ITOCHU CORP está un 9.9% por debajo de su máximo 52s. Fundamentalmente aceptable con ROE 14.1%, deuda neta/EBITDA 4.7x. Técnicamente 🟢 Cerca de soporte, 🟢 base_pattern_detected. Clasificación: descarte.",OK,
105560.KS,KBFinancialGroup,ASIA,1.0,script-v2.0,1.0,2026-10-07T14:31:15.467542+02:00,43.5,46.3,74.0,22.0,0.0,7.0,35.0,35.0,0.0,1176122.0,,35.0,,,12.8,5693.6015,False,19.6,13.3,False,158982.39,6.0,False,False,True,,pass,pendiente_confirmacion,pendiente,0.0,desconocido,Pendiente de implementar,parcial,"eps_stabilization (media): EPS 5508.00 vs 5120.00 (Diluted EPS) | dividend_maintained (baja): Dividendo actual 2.74% con caída del 13.4% | analyst_upgrade (media): Target 216345.00 vs precio 168500.00 (+28%), recMean 1.40, recKey strong_buy",incompleto,pendiente_confirmacion,162698.25,168500.0,162698.25 - 168500.00,154248.72,165325.0,154248.72 - 165325.00,Pérdida del soporte en 162698.25 | ROE negativo durante 2 trimestres consecutivos | Ampliación de capital dilutiva | Recorte de rating a bono basura,6-12,"KBFinancialGroup está un 13.4% por debajo de su máximo 52s. Fundamentalmente aceptable con ROE 10.2%, dividendo 2.7%. Técnicamente 🟡 MACD convergiendo, 🟢 Cerca de soporte. Clasificación: pendiente_confirmacion.","KBFinancialGroup está un 13.4% por debajo de su máximo 52s. Fundamentalmente aceptable con ROE 10.2%, dividendo 2.7%. Técnicamente 🟡 MACD convergiendo, 🟢 Cerca de soporte. Clasificación: pendiente_confirmacion.",OK,
KO,Coca-Cola Company (The),SP500,1.0,script-v2.0,1.0,2026-10-07T14:29:50.607309+02:00,43.5,43.4,93.0,0.0,0.0,7.0,44.0,44.0,0.0,15871893.0,1.64,0.8,0.0,23.58,6.3,2.8392,False,24.6,22.9,False,80.18,7.5,False,False,True,,pass,pendiente_confirmacion,pendiente,0.0,desconocido,Pendiente de implementar,parcial,margin_stabilization (media): Margen gross 62.9% vs 63.0% (-0.1 pp) | eps_stabilization (media): EPS 1.03 vs 0.91 (Diluted EPS) | dividend_maintained (baja): Dividendo actual 2.46% con caída del 6.8%,incompleto,pendiente_confirmacion,78.83,86.17,78.83 - 86.17,78.62,79.3,78.62 - 79.30,Pérdida del soporte en 78.83 | ROE negativo durante 2 trimestres consecutivos | Ampliación de capital dilutiva | Recorte de rating a bono basura,6-12,"Coca-Cola Company (The) está un 6.8% por debajo de su máximo 52s. Fundamentalmente aceptable con ROE 42.1%, deuda neta/EBITDA 1.6x. Técnicamente 🔵 RSI recuperándose de sobreventa, 🟡 MACD convergiendo. Clasificación: pendiente_confirmacion.","Coca-Cola Company (The) está un 6.8% por debajo de su máximo 52s. Fundamentalmente aceptable con ROE 42.1%, deuda neta/EBITDA 1.6x. Técnicamente 🔵 RSI recuperándose de sobreventa, 🟡 MACD convergiendo. Clasificación: pendiente_confirmacion.",OK,
TXN,Texas Instruments Incorporated,SP500,1.0,script-v2.0,1.0,2026-10-07T14:30:32.779668+02:00,43.3,45.7,98.0,0.0,0.0,7.0,36.0,24.0,12.0,6388062.0,0.74,0.0,0.2,29.25,10.6,10.1936,False,96.4,94.3,False,254.15,17.0,True,False,True,,pass,pendiente_confirmacion,pendiente,0.0,desconocido,Pendiente de implementar,parcial,margin_stabilization (media): Margen gross 61.4% vs 58.0% (+3.3 pp) | eps_stabilization (media): EPS 2.14 vs 1.68 (Diluted EPS) | dividend_maintained (baja): Dividendo actual 2.05% con caída del 11.0%,incompleto,pendiente_confirmacion,271.12,271.62,271.12 - 271.62,248.4,283.93,248.40 - 283.93,Pérdida del soporte en 271.62 | ROE negativo durante 2 trimestres consecutivos | Ampliación de capital dilutiva | Recorte de rating a bono basura,6-12,"Texas Instruments Incorporated está un 11.0% por debajo de su máximo 52s. Fundamentalmente aceptable con ROE 35.2%, deuda neta/EBITDA 0.7x. Técnicamente 🟢 Divergencia alcista RSI, 🟢 base_pattern_detected. Clasificación: pendiente_confirmacion.","Texas Instruments Incorporated está un 11.0% por debajo de su máximo 52s. Fundamentalmente aceptable con ROE 35.2%, deuda neta/EBITDA 0.7x. Técnicamente 🟢 Divergencia alcista RSI, 🟢 base_pattern_detected. Clasificación: pendiente_confirmacion.",OK,
SJM,The J.M. Smucker Company,SP500,1.0,script-v2.0,1.0,2026-10-07T14:30:26.415640+02:00,43.2,41.9,67.0,20.0,0.0,12.0,47.0,41.0,6.0,1343496.0,3.05,-2.1,-0.8,8.56,14.0,4.4909,False,17.7,17.1,True,108.53,7.6,False,False,False,,pass,descarte,pendiente,0.0,desconocido,Pendiente de implementar,confirmada,"margin_stabilization (media): Margen gross 44.1% vs 38.0% (+6.1 pp) | debt_reduction (alta): Deuda 6940.2M vs 7089.0M | dividend_maintained (baja): Dividendo actual 3.84% con caída del 14.0% | analyst_upgrade (media): Target 142.12 vs precio 116.80 (+22%), recMean 2.11, recKey buy",razonable,descarte,115.27,116.8,115.27 - 116.80,107.25,115.51,107.25 - 115.51,Pérdida del soporte en 115.27 | ROE negativo durante 2 trimestres consecutivos | Ampliación de capital dilutiva | Recorte de rating a bono basura,6-12,"The J.M. Smucker Company está un 14.0% por debajo de su máximo 52s. Fundamentalmente aceptable con ROE 3.9%, deuda neta/EBITDA 3.0x. Técnicamente 🟡 MACD convergiendo, 🟢 Cerca de soporte. Clasificación: descarte.","The J.M. Smucker Company está un 14.0% por debajo de su máximo 52s. Fundamentalmente aceptable con ROE 3.9%, deuda neta/EBITDA 3.0x. Técnicamente 🟡 MACD convergiendo, 🟢 Cerca de soporte. Clasificación: descarte.",OK,
CON.DE,CONTINENTAL AG                I,EUROSTOXX,1.0,script-v2.0,1.0,2026-10-07T14:28:58.388895+02:00,43.2,37.7,59.0,19.0,0.0,7.0,60.0,48.0,12.0,411008.0,2.23,4.0,-1.0,7.5,8.4,0.9397,False,84.8,74.1,False,67.55,5.1,True,False,False,,pass,descarte,pendiente,0.0,desconocido,Pendiente de implementar,parcial,margin_stabilization (media): Margen gross 33.0% vs 29.4% (+3.7 pp) | eps_stabilization (media): EPS 1.37 vs 1.00 (Diluted EPS) | dividend_maintained (baja): Dividendo actual 3.80% con caída del 8.4%,razonable,descarte,68.54,69.57,68.54 - 69.57,65.88,67.36,65.88 - 67.36,Pérdida del soporte en 68.54 | ROE negativo durante 2 trimestres consecutivos | Ampliación de capital dilutiva | Recorte de rating a bono basura,6-12,"CONTINENTAL AG                I está un 8.4% por debajo de su máximo 52s. Fundamentalmente débil con ROE -8.3%, deuda neta/EBITDA 2.2x. Técnicamente 🟢 Divergencia alcista RSI, 🟢 Cruce alcista MACD. Clasificación: descarte.","CONTINENTAL AG                I está un 8.4% por debajo de su máximo 52s. Fundamentalmente débil con ROE -8.3%, deuda neta/EBITDA 2.2x. Técnicamente 🟢 Divergencia alcista RSI, 🟢 Cruce alcista MACD. Clasificación: descarte.",OK,
MMM,3M Company,SP500,1.0,script-v2.0,1.0,2026-10-07T14:29:51.305406+02:00,43.0,38.1,77.0,4.0,0.0,7.0,58.0,53.0,5.0,3151106.0,1.21,4.8,0.1,14.23,11.1,2.9068,False,33.6,25.0,False,159.56,2.6,False,False,False,,pass,descarte,pendiente,0.0,desconocido,Pendiente de implementar,parcial,margin_stabilization (media): Margen gross 41.3% vs 40.7% (+0.5 pp) | eps_stabilization (media): EPS 1.78 vs 1.23 (Diluted EPS) | dividend_maintained (baja): Dividendo actual 1.91% con caída del 11.5%,razonable,descarte,159.29,163.64,159.29 - 163.64,157.16,159.49,157.16 - 159.49,Pérdida del soporte en 159.29 | ROE negativo durante 2 trimestres consecutivos | Ampliación de capital dilutiva | Recorte de rating a bono basura,6-12,"3M Company está un 11.5% por debajo de su máximo 52s. Fundamentalmente débil con ROE 81.9%, deuda neta/EBITDA 1.2x. Técnicamente 🔵 RSI recuperándose de sobreventa, 🟡 MACD convergiendo. Clasificación: descarte.","3M Company está un 11.5% por debajo de su máximo 52s. Fundamentalmente débil con ROE 81.9%, deuda neta/EBITDA 1.2x. Técnicamente 🔵 RSI recuperándose de sobreventa, 🟡 MACD convergiendo. Clasificación: descarte.",OK,
SUN.AX,SUNCORP FPO [SUN],ASX,1.0,script-v2.0,1.0,2026-10-07T14:30:42.865195+02:00,42.9,41.6,88.0,1.0,0.0,1.0,47.0,35.0,12.0,2931028.0,0.96,5.2,,13.13,18.1,0.4915,False,28.3,16.5,False,17.11,9.6,True,False,False,Sin señales de recuperación,pass,descarte,pendiente,0.0,desconocido,Pendiente de implementar,ausente,dividend_maintained (baja): Dividendo actual 3.68% con caída del 10.0%,razonable,descarte,18.22,18.76,18.22 - 18.76,17.08,17.72,17.08 - 17.72,Pérdida del soporte en 18.22 | ROE negativo durante 2 trimestres consecutivos | Ampliación de capital dilutiva | Recorte de rating a bono basura,6-12,"SUNCORP FPO [SUN] está un 10.0% por debajo de su máximo 52s. Fundamentalmente aceptable con ROE 10.1%, deuda neta/EBITDA 1.0x. Técnicamente 🟡 MACD convergiendo, 🟢 Cerca de soporte. Clasificación: descarte.","SUNCORP FPO [SUN] está un 10.0% por debajo de su máximo 52s. Fundamentalmente aceptable con ROE 10.1%, deuda neta/EBITDA 1.0x. Técnicamente 🟡 MACD convergiendo, 🟢 Cerca de soporte. Clasificación: descarte.",OK,
HSBA.L,HSBC HOLDINGS PLC ORD $0.50 (UK,EUROSTOXX,1.0,script-v2.0,1.0,2026-10-07T14:29:41.176495+02:00,42.7,43.6,66.0,24.0,0.0,4.0,40.0,35.0,5.0,21851621.0,,227.0,,,11.9,48.3899,False,6.2,27.1,False,1381.31,2.7,False,False,False,Sin señales de recuperación,pass,descarte,pendiente,0.0,desconocido,Pendiente de implementar,ausente,eps_stabilization (media): EPS 0.40 vs 0.39 (Diluted EPS) | dividend_maintained (baja): Dividendo actual 0.04% con caída del 11.9%,incompleto,descarte,1303.66,1418.2,1303.66 - 1418.20,1368.5,1372.73,1368.50 - 1372.73,Pérdida del soporte en 1303.66 | ROE negativo durante 2 trimestres consecutivos | Ampliación de capital dilutiva | Recorte de rating a bono basura,6-12,"HSBC HOLDINGS PLC ORD $0.50 (UK está un 11.9% por debajo de su máximo 52s. Fundamentalmente aceptable con ROE 13.1%, dividendo 0.0%. Técnicamente 🔵 RSI en sobreventa, 🟡 Apoyo en MA40 semanal. Clasificación: descarte.","HSBC HOLDINGS PLC ORD $0.50 (UK está un 11.9% por debajo de su máximo 52s. Fundamentalmente aceptable con ROE 13.1%, dividendo 0.0%. Técnicamente 🔵 RSI en sobreventa, 🟡 Apoyo en MA40 semanal. Clasificación: descarte.",OK,
0005.HK,HSBC HOLDINGS,ASIA,1.0,script-v2.0,1.0,2026-10-07T14:31:04.253311+02:00,42.1,43.1,73.0,17.0,0.0,4.0,39.0,39.0,0.0,11661259.0,,227.0,,,11.2,5.8524,False,13.9,19.7,False,143.49,4.5,False,False,False,Sin señales de recuperación,pass,descarte,pendiente,0.0,desconocido,Pendiente de implementar,ausente,eps_stabilization (media): EPS 0.40 vs 0.39 (Diluted EPS) | dividend_maintained (baja): Dividendo actual 3.92% con caída del 11.7%,incompleto,descarte,145.96,149.9,145.96 - 149.90,141.83,144.24,141.83 - 144.24,Pérdida del soporte en 145.96 | ROE negativo durante 2 trimestres consecutivos | Ampliación de capital dilutiva | Recorte de rating a bono basura,6-12,"HSBC HOLDINGS está un 11.7% por debajo de su máximo 52s. Fundamentalmente aceptable con ROE 13.1%, dividendo 3.9%. Técnicamente 🔵 RSI en sobreventa, 🟢 Cerca de soporte. Clasificación: descarte.","HSBC HOLDINGS está un 11.7% por debajo de su máximo 52s. Fundamentalmente aceptable con ROE 13.1%, dividendo 3.9%. Técnicamente 🔵 RSI en sobreventa, 🟢 Cerca de soporte. Clasificación: descarte.",OK,
UBSG.SW,UBS GROUP N,EUROSTOXX,1.0,script-v2.0,1.0,2026-10-07T14:29:37.414422+02:00,42.0,40.1,71.0,13.0,0.0,1.0,48.0,48.0,0.0,5341556.0,,74.2,,,12.2,1.6092,False,26.3,38.8,False,37.15,6.5,False,False,False,Sin señales de recuperación,pass,descarte,pendiente,0.0,desconocido,Pendiente de implementar,ausente,dividend_maintained (baja): Dividendo actual 2.17% con caída del 12.2%,razonable,descarte,38.95,39.56,38.95 - 39.56,37.17,38.28,37.17 - 38.28,Pérdida del soporte en 38.95 | ROE negativo durante 2 trimestres consecutivos | Ampliación de capital dilutiva | Recorte de rating a bono basura,6-12,"UBS GROUP N está un 12.2% por debajo de su máximo 52s. Fundamentalmente aceptable con ROE 10.7%, dividendo 2.2%. Técnicamente 🔵 RSI recuperándose de sobreventa, 🟡 MACD convergiendo. Clasificación: descarte.","UBS GROUP N está un 12.2% por debajo de su máximo 52s. Fundamentalmente aceptable con ROE 10.7%, dividendo 2.2%. Técnicamente 🔵 RSI recuperándose de sobreventa, 🟡 MACD convergiendo. Clasificación: descarte.",OK,
AAPL,Apple Inc.,SP500,1.0,script-v2.0,1.0,2026-10-07T14:30:30.521427+02:00,42.0,45.7,98.0,0.0,0.0,12.0,31.0,25.0,6.0,45521668.0,0.13,-0.4,-0.0,29.12,3.4,14.6667,False,40.0,38.9,False,291.34,14.5,False,True,True,,pass,pendiente_confirmacion,pendiente,0.0,desconocido,Pendiente de implementar,confirmada,margin_stabilization (media): Margen gross 50.1% vs 49.3% (+0.8 pp) | eps_stabilization (media): EPS 2.02 vs 2.01 (Diluted EPS) | debt_reduction (alta): Deuda 84344.0M vs 84711.0M | dividend_maintained (baja): Dividendo actual 0.32% con caída del 3.4%,incompleto,pendiente_confirmacion,308.6,322.3,308.60 - 322.30,289.41,293.54,289.41 - 293.54,Pérdida del soporte en 308.60 | ROE negativo durante 2 trimestres consecutivos | Ampliación de capital dilutiva | Recorte de rating a bono basura,6-12,"Apple Inc. está un 3.4% por debajo de su máximo 52s. Fundamentalmente aceptable con ROE 148.8%, deuda neta/EBITDA 0.1x. Técnicamente 🟡 MACD convergiendo, 🟡 trendline_break. Clasificación: pendiente_confirmacion.","Apple Inc. está un 3.4% por debajo de su máximo 52s. Fundamentalmente aceptable con ROE 148.8%, deuda neta/EBITDA 0.1x. Técnicamente 🟡 MACD convergiendo, 🟡 trendline_break. Clasificación: pendiente_confirmacion.",OK,
FORTUM.HE,Fortum Corporation,EUROSTOXX,1.0,script-v2.0,1.0,2026-10-07T14:29:34.727856+02:00,42.0,45.9,95.0,3.0,0.0,6.0,30.0,12.0,18.0,1137587.0,1.36,-1.0,0.2,17.91,10.6,1.0009,False,28.9,35.1,False,20.57,12.2,True,True,True,,pass,pendiente_confirmacion,pendiente,0.0,desconocido,Pendiente de implementar,parcial,debt_reduction (alta): Deuda 3906.0M vs 3947.0M | dividend_maintained (baja): Dividendo actual 3.20% con caída del 10.6%,incompleto,pendiente_confirmacion,21.03,21.63,21.03 - 21.63,20.38,21.96,20.38 - 21.96,Pérdida del soporte en 21.03 | ROE negativo durante 2 trimestres consecutivos | Ampliación de capital dilutiva | Recorte de rating a bono basura,6-12,"Fortum Corporation está un 10.6% por debajo de su máximo 52s. Fundamentalmente aceptable con ROE 10.0%, deuda neta/EBITDA 1.4x. Técnicamente 🟢 base_pattern_detected, 🟡 trendline_break. Clasificación: pendiente_confirmacion.","Fortum Corporation está un 10.6% por debajo de su máximo 52s. Fundamentalmente aceptable con ROE 10.0%, deuda neta/EBITDA 1.4x. Técnicamente 🟢 base_pattern_detected, 🟡 trendline_break. Clasificación: pendiente_confirmacion.",OK,
D05.SI,DBS,ASIA,1.0,script-v2.0,1.0,2026-10-07T14:31:17.251757+02:00,41.3,44.7,81.0,13.0,0.0,4.0,31.0,25.0,6.0,4187652.0,,184.1,,,2.0,5.1228,False,52.4,74.0,False,64.06,21.0,False,True,False,Sin señales de recuperación,pass,descarte,pendiente,0.0,desconocido,Pendiente de implementar,ausente,eps_stabilization (media): EPS 1.03 vs 1.02 (Diluted EPS) | dividend_maintained (baja): Dividendo actual 4.10% con caída del 2.0%,incompleto,descarte,74.35,76.53,74.35 - 76.53,63.45,67.19,63.45 - 67.19,Pérdida del soporte en 74.35 | ROE negativo durante 2 trimestres consecutivos | Ampliación de capital dilutiva | Recorte de rating a bono basura,6-12,"DBS está un 2.0% por debajo de su máximo 52s. Fundamentalmente aceptable con ROE 16.2%, dividendo 4.1%. Técnicamente 🟢 Cerca de soporte, 🟡 trendline_break. Clasificación: descarte.","DBS está un 2.0% por debajo de su máximo 52s. Fundamentalmente aceptable con ROE 16.2%, dividendo 4.1%. Técnicamente 🟢 Cerca de soporte, 🟡 trendline_break. Clasificación: descarte.",OK,
SON.LS,SONAE,EUROSTOXX,1.0,script-v2.0,1.0,2026-10-07T14:29:34.565250+02:00,41.2,39.3,58.0,23.0,0.0,4.0,47.0,35.0,12.0,1514264.0,5.75,10.1,-6.7,13.12,4.9,0.0608,False,33.3,19.0,False,1.93,6.2,True,False,False,Sin señales de recuperación,pass,descarte,pendiente,0.0,desconocido,Pendiente de implementar,ausente,eps_stabilization (media): EPS 0.04 vs 0.02 (Diluted EPS) | dividend_maintained (baja): Dividendo actual 2.93% con caída del 4.9%,razonable,descarte,1.96,2.04,1.96 - 2.04,1.83,1.92,1.83 - 1.92,Pérdida del soporte en 1.96 | ROE negativo durante 2 trimestres consecutivos | Ampliación de capital dilutiva | Recorte de rating a bono basura,6-12,"SONAE está un 4.9% por debajo de su máximo 52s. Fundamentalmente débil con ROE 8.7%, deuda neta/EBITDA 5.8x. Técnicamente 🟡 MACD convergiendo, 🟢 Cerca de soporte. Clasificación: descarte.","SONAE está un 4.9% por debajo de su máximo 52s. Fundamentalmente débil con ROE 8.7%, deuda neta/EBITDA 5.8x. Técnicamente 🟡 MACD convergiendo, 🟢 Cerca de soporte. Clasificación: descarte.",OK,
VOD.L,VODAFONE GROUP PLC ORD USD0.20 ,EUROSTOXX,1.0,script-v2.0,1.0,2026-10-07T14:29:44.060559+02:00,41.2,39.0,47.0,32.0,0.0,4.0,48.0,30.0,18.0,86543806.0,4.46,5.8,,8.1,3.5,5.1131,False,67.9,56.2,False,114.35,11.5,True,True,False,Sin señales de recuperación,pass,descarte,pendiente,0.0,desconocido,Pendiente de implementar,ausente,eps_stabilization (media): EPS -0.02 vs -0.16 (annual_eps_fallback) | dividend_maintained (baja): Dividendo actual 0.03% con caída del 3.5%,razonable,descarte,122.42,122.75,122.42 - 122.75,112.26,113.13,112.26 - 113.13,Pérdida del soporte en 122.42 | ROE negativo durante 2 trimestres consecutivos | Ampliación de capital dilutiva | Recorte de rating a bono basura,6-12,"VODAFONE GROUP PLC ORD USD0.20  está un 3.5% por debajo de su máximo 52s. Fundamentalmente débil con ROE 0.1%, deuda neta/EBITDA 4.5x. Técnicamente 🟡 MACD convergiendo, 🟢 Cerca de soporte. Clasificación: descarte.","VODAFONE GROUP PLC ORD USD0.20  está un 3.5% por debajo de su máximo 52s. Fundamentalmente débil con ROE 0.1%, deuda neta/EBITDA 4.5x. Técnicamente 🟡 MACD convergiendo, 🟢 Cerca de soporte. Clasificación: descarte.",OK,
CAT,"Caterpillar, Inc.",SP500,1.0,script-v2.0,1.0,2026-10-07T14:30:11.363902+02:00,41.2,40.0,72.0,12.0,0.0,7.0,45.0,33.0,12.0,2641004.0,2.41,4.8,-2.7,26.84,19.4,14.9726,False,83.7,85.0,False,809.98,6.6,True,False,False,,pass,descarte,pendiente,0.0,desconocido,Pendiente de implementar,parcial,margin_stabilization (media): Margen gross 36.0% vs 33.1% (+2.9 pp) | eps_stabilization (media): EPS 5.47 vs 5.12 (Diluted EPS) | dividend_maintained (baja): Dividendo actual 0.76% con caída del 19.6%,razonable,descarte,822.44,844.31,822.44 - 844.31,796.17,912.44,796.17 - 912.44,Pérdida del soporte en 844.31 | ROE negativo durante 2 trimestres consecutivos | Ampliación de capital dilutiva | Recorte de rating a bono basura,6-12,"Caterpillar, Inc. está un 19.6% por debajo de su máximo 52s. Fundamentalmente aceptable con ROE 57.0%, deuda neta/EBITDA 2.4x. Técnicamente 🟢 Divergencia alcista RSI, 🟢 Cerca de soporte. Clasificación: descarte.","Caterpillar, Inc. está un 19.6% por debajo de su máximo 52s. Fundamentalmente aceptable con ROE 57.0%, deuda neta/EBITDA 2.4x. Técnicamente 🟢 Divergencia alcista RSI, 🟢 Cerca de soporte. Clasificación: descarte.",OK,
MQG.AX,MACQ GROUP FPO [MQG],ASX,1.0,script-v2.0,1.0,2026-10-07T14:30:36.862511+02:00,41.1,38.5,79.0,3.0,0.0,9.0,49.0,37.0,12.0,620140.0,4.49,-41.2,,8.81,7.1,5.1945,False,78.8,86.4,False,231.68,7.4,True,False,False,,pass,descarte,pendiente,0.0,desconocido,Pendiente de implementar,parcial,eps_stabilization (media): EPS 12.67 vs 9.76 (annual_eps_fallback) | debt_reduction (alta): Deuda 194256.0M vs 330185.0M | dividend_maintained (baja): Dividendo actual 2.69% con caída del 7.1%,razonable,descarte,239.55,248.77,239.55 - 248.77,227.71,230.34,227.71 - 230.34,Pérdida del soporte en 239.55 | ROE negativo durante 2 trimestres consecutivos | Ampliación de capital dilutiva | Recorte de rating a bono basura,6-12,"MACQ GROUP FPO [MQG] está un 7.1% por debajo de su máximo 52s. Fundamentalmente débil con ROE 11.2%, deuda neta/EBITDA 4.5x. Técnicamente 🟢 Divergencia alcista RSI, 🟢 Cerca de soporte. Clasificación: descarte.","MACQ GROUP FPO [MQG] está un 7.1% por debajo de su máximo 52s. Fundamentalmente débil con ROE 11.2%, deuda neta/EBITDA 4.5x. Técnicamente 🟢 Divergencia alcista RSI, 🟢 Cerca de soporte. Clasificación: descarte.",OK,
KBC.BR,KBC,EUROSTOXX,1.0,script-v2.0,1.0,2026-10-07T14:29:32.619510+02:00,41.0,43.1,74.0,16.0,0.0,4.0,35.0,35.0,0.0,343145.0,,99.5,,,9.7,4.7465,False,0.8,15.7,False,116.7,4.4,False,False,False,Sin señales de recuperación,pass,descarte,pendiente,0.0,desconocido,Pendiente de implementar,ausente,eps_stabilization (media): EPS 2.83 vs 1.32 (Diluted EPS) | dividend_maintained (baja): Dividendo actual 4.19% con caída del 9.7%,incompleto,descarte,108.22,121.85,108.22 - 121.85,114.71,116.57,114.71 - 116.57,Pérdida del soporte en 108.22 | ROE negativo durante 2 trimestres consecutivos | Ampliación de capital dilutiva | Recorte de rating a bono basura,6-12,"KBC está un 9.7% por debajo de su máximo 52s. Fundamentalmente aceptable con ROE 13.7%, dividendo 4.2%. Técnicamente 🔵 RSI en sobreventa. Clasificación: descarte.","KBC está un 9.7% por debajo de su máximo 52s. Fundamentalmente aceptable con ROE 13.7%, dividendo 4.2%. Técnicamente 🔵 RSI en sobreventa. Clasificación: descarte.",OK,
4502.T,TAKEDA PHARMACEUTICAL CO LTD,ASIA,1.0,script-v2.0,1.0,2026-10-07T14:30:54.684230+02:00,40.8,36.8,56.0,20.0,0.0,4.0,53.0,35.0,18.0,4105720.0,4.06,13.4,-1.0,11.3,2.8,180.6448,False,50.0,44.7,False,5370.11,7.4,True,True,False,Sin señales de recuperación,pass,descarte,pendiente,0.0,desconocido,Pendiente de implementar,ausente,margin_stabilization (media): Margen gross 66.7% vs 62.9% (+3.7 pp) | dividend_maintained (baja): Dividendo actual 3.54% con caída del 4.4%,razonable,descarte,5501.17,5632.41,5501.17 - 5632.41,5128.05,5282.24,5128.05 - 5282.24,Pérdida del soporte en 5501.17 | ROE negativo durante 2 trimestres consecutivos | Ampliación de capital dilutiva | Recorte de rating a bono basura,6-12,"TAKEDA PHARMACEUTICAL CO LTD está un 4.4% por debajo de su máximo 52s. Fundamentalmente débil con ROE -2.3%, deuda neta/EBITDA 4.1x. Técnicamente 🟡 MACD convergiendo, 🟢 Cerca de soporte. Clasificación: descarte.","TAKEDA PHARMACEUTICAL CO LTD está un 4.4% por debajo de su máximo 52s. Fundamentalmente débil con ROE -2.3%, deuda neta/EBITDA 4.1x. Técnicamente 🟡 MACD convergiendo, 🟢 Cerca de soporte. Clasificación: descarte.",OK,
ISP.MI,INTESA SANPAOLO,EUROSTOXX,1.0,script-v2.0,1.0,2026-10-07T14:29:26.733391+02:00,40.6,41.2,70.0,16.0,0.0,1.0,39.0,39.0,0.0,45711694.0,,182.8,,,10.1,0.2442,False,1.3,24.4,False,5.93,5.1,False,False,False,Sin señales de recuperación,pass,descarte,pendiente,0.0,desconocido,Pendiente de implementar,ausente,dividend_maintained (baja): Dividendo actual 6.10% con caída del 10.1%,incompleto,descarte,5.96,6.23,5.96 - 6.23,5.9,5.94,5.90 - 5.94,Pérdida del soporte en 5.96 | ROE negativo durante 2 trimestres consecutivos | Ampliación de capital dilutiva | Recorte de rating a bono basura,6-12,"INTESA SANPAOLO está un 10.1% por debajo de su máximo 52s. Fundamentalmente aceptable con ROE 14.3%, dividendo 6.1%. Técnicamente 🔵 RSI en sobreventa, 🟢 Cerca de soporte. Clasificación: descarte.","INTESA SANPAOLO está un 10.1% por debajo de su máximo 52s. Fundamentalmente aceptable con ROE 14.3%, dividendo 6.1%. Técnicamente 🔵 RSI en sobreventa, 🟢 Cerca de soporte. Clasificación: descarte.",OK,
PM,Philip Morris International Inc,SP500,1.0,script-v2.0,1.0,2026-10-07T14:30:24.241565+02:00,40.4,39.5,72.0,11.0,0.0,12.0,43.0,25.0,18.0,4647535.0,2.39,-5.4,-0.0,18.97,7.6,4.8973,False,66.6,51.9,False,177.0,7.6,True,True,False,,pass,descarte,pendiente,0.0,desconocido,Pendiente de implementar,confirmada,margin_stabilization (media): Margen gross 68.4% vs 68.1% (+0.4 pp) | eps_stabilization (media): EPS 1.80 vs 1.56 (Diluted EPS) | debt_reduction (alta): Deuda 49139.0M vs 51948.0M | dividend_maintained (baja): Dividendo actual 3.36% con caída del 8.4%,incompleto,descarte,178.54,188.29,178.54 - 188.29,175.33,176.6,175.33 - 176.60,Pérdida del soporte en 178.54 | ROE negativo durante 2 trimestres consecutivos | Ampliación de capital dilutiva | Recorte de rating a bono basura,6-12,"Philip Morris International Inc está un 8.4% por debajo de su máximo 52s. Fundamentalmente débil con deuda neta/EBITDA 2.4x, dividendo 3.4%. Técnicamente 🟡 MACD convergiendo, 🟢 base_pattern_detected. Clasificación: descarte.","Philip Morris International Inc está un 8.4% por debajo de su máximo 52s. Fundamentalmente débil con deuda neta/EBITDA 2.4x, dividendo 3.4%. Técnicamente 🟡 MACD convergiendo, 🟢 base_pattern_detected. Clasificación: descarte.",OK,
9434.T,SOFTBANK CORP.,ASIA,1.0,script-v2.0,1.0,2026-10-07T14:30:54.104875+02:00,39.8,37.1,76.0,3.0,0.0,1.0,48.0,30.0,18.0,79490193.0,3.18,14.7,,10.46,3.1,8.0557,False,38.6,29.7,False,216.61,11.1,True,True,False,Sin señales de recuperación,pass,descarte,pendiente,0.0,desconocido,Pendiente de implementar,ausente,dividend_maintained (baja): Dividendo actual 3.66% con caída del 4.8%,razonable,descarte,232.8,233.53,232.80 - 233.53,214.97,215.59,214.97 - 215.59,Pérdida del soporte en 232.80 | ROE negativo durante 2 trimestres consecutivos | Ampliación de capital dilutiva | Recorte de rating a bono basura,6-12,"SOFTBANK CORP. está un 4.8% por debajo de su máximo 52s. Fundamentalmente débil con ROE 16.7%, deuda neta/EBITDA 3.2x. Técnicamente 🟡 MACD convergiendo, 🟢 Cerca de soporte. Clasificación: descarte.","SOFTBANK CORP. está un 4.8% por debajo de su máximo 52s. Fundamentalmente débil con ROE 16.7%, deuda neta/EBITDA 3.2x. Técnicamente 🟡 MACD convergiendo, 🟢 Cerca de soporte. Clasificación: descarte.",OK,
8411.T,MIZUHO FINANCIAL GROUP,ASIA,1.0,script-v2.0,1.0,2026-10-07T14:30:52.058973+02:00,39.8,39.3,74.0,9.0,0.0,4.0,41.0,35.0,6.0,9296338.0,,187.6,,,2.9,482.6763,False,62.8,74.1,False,7417.08,16.5,False,True,False,Sin señales de recuperación,pass,descarte,pendiente,0.0,desconocido,Pendiente de implementar,ausente,eps_stabilization (media): EPS 173.53 vs 115.90 (Diluted EPS) | dividend_maintained (baja): Dividendo actual 1.74% con caída del 2.9%,incompleto,descarte,7854.53,8417.76,7854.53 - 8417.76,7233.37,7567.55,7233.37 - 7567.55,Pérdida del soporte en 7854.53 | ROE negativo durante 2 trimestres consecutivos | Ampliación de capital dilutiva | Recorte de rating a bono basura,6-12,"MIZUHO FINANCIAL GROUP está un 2.9% por debajo de su máximo 52s. Fundamentalmente débil con ROE 12.5%, dividendo 1.7%. Técnicamente 🟢 Cruce alcista MACD, 🟡 trendline_break. Clasificación: descarte.","MIZUHO FINANCIAL GROUP está un 2.9% por debajo de su máximo 52s. Fundamentalmente débil con ROE 12.5%, dividendo 1.7%. Técnicamente 🟢 Cruce alcista MACD, 🟡 trendline_break. Clasificación: descarte.",OK,
DB1.DE,DEUTSCHE BOERSE AG            N,EUROSTOXX,1.0,script-v2.0,1.0,2026-10-07T14:29:02.890818+02:00,39.5,45.7,98.0,0.0,0.0,4.0,21.0,15.0,6.0,297684.0,1.32,,29.6,17.34,1.5,12.4798,False,78.9,86.7,False,249.82,17.0,False,True,False,Sin señales de recuperación | Sin suelo técnico identificado,pass,descarte,pendiente,0.0,desconocido,Pendiente de implementar,ausente,eps_stabilization (media): EPS 3.21 vs 2.68 (Diluted EPS) | dividend_maintained (baja): Dividendo actual 1.44% con caída del 1.5%,sin_suelo,descarte,275.47,279.89,275.47 - 279.89,247.98,252.28,247.98 - 252.28,Pérdida del soporte en 275.47 | ROE negativo durante 2 trimestres consecutivos | Ampliación de capital dilutiva | Recorte de rating a bono basura,6-12,"DEUTSCHE BOERSE AG            N está un 1.5% por debajo de su máximo 52s. Fundamentalmente aceptable con ROE 20.4%, deuda neta/EBITDA 1.3x. Técnicamente 🟡 trendline_break. Clasificación: descarte.","DEUTSCHE BOERSE AG            N está un 1.5% por debajo de su máximo 52s. Fundamentalmente aceptable con ROE 20.4%, deuda neta/EBITDA 1.3x. Técnicamente 🟡 trendline_break. Clasificación: descarte.",OK,
7267.T,HONDA MOTOR CO,ASIA,1.0,script-v2.0,1.0,2026-10-07T14:30:57.235968+02:00,39.4,43.5,52.0,36.0,0.0,7.0,27.0,21.0,6.0,15901658.0,6.92,225.1,0.1,12.25,2.7,73.2376,False,52.2,61.0,False,1474.42,14.2,False,True,True,,pass,pendiente_confirmacion,pendiente,0.0,desconocido,Pendiente de implementar,parcial,margin_stabilization (media): Margen gross 22.2% vs 6.4% (+15.8 pp) | eps_stabilization (media): EPS 115.84 vs 46.80 (Diluted EPS) | dividend_maintained (baja): Dividendo actual 4.16% con caída del 4.7%,incompleto,pendiente_confirmacion,1613.0,1644.05,1613.00 - 1644.05,1468.03,1501.52,1468.03 - 1501.52,Pérdida del soporte en 1613.00 | ROE negativo durante 2 trimestres consecutivos | Ampliación de capital dilutiva | Recorte de rating a bono basura,6-12,"HONDA MOTOR CO está un 4.7% por debajo de su máximo 52s. Fundamentalmente aceptable con ROE -0.8%, deuda neta/EBITDA 6.9x. Técnicamente 🟢 Cerca de soporte, 🟡 trendline_break. Clasificación: pendiente_confirmacion.","HONDA MOTOR CO está un 4.7% por debajo de su máximo 52s. Fundamentalmente aceptable con ROE -0.8%, deuda neta/EBITDA 6.9x. Técnicamente 🟢 Cerca de soporte, 🟡 trendline_break. Clasificación: pendiente_confirmacion.",OK,
ANZ.AX,ANZ GROUP FPO [ANZ],ASX,1.0,script-v2.0,1.0,2026-10-07T14:30:36.756214+02:00,39.0,35.9,69.0,7.0,0.0,1.0,48.0,30.0,18.0,4140173.0,,23.8,,,5.3,0.6062,False,61.3,54.6,False,36.53,3.9,True,True,False,Sin señales de recuperación,pass,descarte,pendiente,0.0,desconocido,Pendiente de implementar,ausente,dividend_maintained (baja): Dividendo actual 4.37% con caída del 7.4%,razonable,descarte,35.33,37.51,35.33 - 37.51,34.85,36.41,34.85 - 36.41,Pérdida del soporte en 35.33 | ROE negativo durante 2 trimestres consecutivos | Ampliación de capital dilutiva | Recorte de rating a bono basura,6-12,"ANZ GROUP FPO [ANZ] está un 7.4% por debajo de su máximo 52s. Fundamentalmente débil con ROE 8.2%, dividendo 4.4%. Técnicamente 🟡 MACD convergiendo, 🟢 base_pattern_detected. Clasificación: descarte.","ANZ GROUP FPO [ANZ] está un 7.4% por debajo de su máximo 52s. Fundamentalmente débil con ROE 8.2%, dividendo 4.4%. Técnicamente 🟡 MACD convergiendo, 🟢 base_pattern_detected. Clasificación: descarte.",OK,
COL.AX,COLESGROUP FPO [COL],ASX,1.0,script-v2.0,1.0,2026-10-07T14:30:40.510506+02:00,38.7,34.6,73.0,1.0,0.0,6.0,51.0,39.0,12.0,2488304.0,3.53,-4.2,,15.11,5.5,0.3431,False,33.7,32.2,False,22.11,3.5,True,False,False,,pass,descarte,pendiente,0.0,desconocido,Pendiente de implementar,parcial,debt_reduction (alta): Deuda 9892.0M vs 10327.0M | dividend_maintained (baja): Dividendo actual 3.23% con caída del 7.0%,razonable,descarte,22.59,22.88,22.59 - 22.88,20.9,22.04,20.90 - 22.04,Pérdida del soporte en 22.59 | ROE negativo durante 2 trimestres consecutivos | Ampliación de capital dilutiva | Recorte de rating a bono basura,6-12,"COLESGROUP FPO [COL] está un 7.0% por debajo de su máximo 52s. Fundamentalmente débil con ROE 28.1%, deuda neta/EBITDA 3.5x. Técnicamente 🔵 RSI recuperándose de sobreventa, 🟢 Cerca de soporte. Clasificación: descarte.","COLESGROUP FPO [COL] está un 7.0% por debajo de su máximo 52s. Fundamentalmente débil con ROE 28.1%, deuda neta/EBITDA 3.5x. Técnicamente 🔵 RSI recuperándose de sobreventa, 🟢 Cerca de soporte. Clasificación: descarte.",OK,
ASML.AS,ASML HOLDING,EUROSTOXX,1.0,script-v2.0,1.0,2026-10-07T14:29:20.507714+02:00,38.2,35.9,77.0,0.0,0.0,15.0,45.0,33.0,12.0,598787.0,-0.41,-26.7,0.0,46.18,8.3,77.5343,False,69.0,83.7,False,1372.44,16.2,True,False,False,,pass,descarte,pendiente,0.0,desconocido,Pendiente de implementar,confirmada,"margin_stabilization (media): Margen gross 54.0% vs 53.0% (+1.0 pp) | eps_stabilization (media): EPS 7.58 vs 7.15 (Diluted EPS) | debt_reduction (alta): Deuda 1984.4M vs 2705.6M | dividend_maintained (baja): Dividendo actual 0.49% con caída del 8.4% | analyst_upgrade (media): Target 2051.09 vs precio 1595.00 (+29%), recMean 1.40, recKey strong_buy",razonable,descarte,1506.45,1518.49,1506.45 - 1518.49,1350.56,1479.85,1350.56 - 1479.85,Pérdida del soporte en 1518.49 | ROE negativo durante 2 trimestres consecutivos | Ampliación de capital dilutiva | Recorte de rating a bono basura,6-12,"ASML HOLDING está un 8.4% por debajo de su máximo 52s. Fundamentalmente débil con ROE 53.9%, deuda neta/EBITDA -0.4x. Técnicamente 🟢 Divergencia alcista RSI, 🟢 Cerca de soporte. Clasificación: descarte.","ASML HOLDING está un 8.4% por debajo de su máximo 52s. Fundamentalmente débil con ROE 53.9%, deuda neta/EBITDA -0.4x. Técnicamente 🟢 Divergencia alcista RSI, 🟢 Cerca de soporte. Clasificación: descarte.",OK,
INTC,Intel Corporation,SP500,1.0,script-v2.0,1.0,2026-10-07T14:30:09.606661+02:00,38.1,37.8,57.0,21.0,0.0,3.0,39.0,21.0,18.0,107100340.0,1.24,12.2,0.3,35.85,21.0,9.0972,False,34.3,56.0,False,85.47,31.6,True,True,False,Sin señales de recuperación,pass,descarte,pendiente,0.0,desconocido,Pendiente de implementar,ausente,margin_stabilization (media): Margen gross 40.4% vs 39.4% (+1.0 pp),incompleto,descarte,101.77,103.66,101.77 - 103.66,81.96,121.0,81.96 - 121.00,Pérdida del soporte en 103.66 | ROE negativo durante 2 trimestres consecutivos | Ampliación de capital dilutiva | Recorte de rating a bono basura,6-12,"Intel Corporation está un 21.0% por debajo de su máximo 52s. Fundamentalmente débil con ROE -10.7%, deuda neta/EBITDA 1.2x. Técnicamente 🟢 Divergencia alcista RSI, 🟢 base_pattern_detected. Clasificación: descarte.","Intel Corporation está un 21.0% por debajo de su máximo 52s. Fundamentalmente débil con ROE -10.7%, deuda neta/EBITDA 1.2x. Técnicamente 🟢 Divergencia alcista RSI, 🟢 base_pattern_detected. Clasificación: descarte.",OK,
ABBV,AbbVie Inc.,SP500,1.0,script-v2.0,1.0,2026-10-07T14:29:52.251813+02:00,38.0,38.1,69.0,11.0,0.0,12.0,38.0,32.0,6.0,4862490.0,2.09,-2.7,1.4,17.41,1.0,11.7142,False,76.6,62.8,False,231.14,15.4,False,True,False,,pass,descarte,pendiente,0.0,desconocido,Pendiente de implementar,confirmada,margin_stabilization (media): Margen gross 74.7% vs 71.9% (+2.9 pp) | eps_stabilization (media): EPS 2.03 vs 0.39 (Diluted EPS) | debt_reduction (alta): Deuda 70885.0M vs 72858.0M | dividend_maintained (baja): Dividendo actual 2.59% con caída del 1.0%,incompleto,descarte,248.24,258.17,248.24 - 258.17,228.98,229.96,228.98 - 229.96,Pérdida del soporte en 248.24 | ROE negativo durante 2 trimestres consecutivos | Ampliación de capital dilutiva | Recorte de rating a bono basura,6-12,"AbbVie Inc. está un 1.0% por debajo de su máximo 52s. Fundamentalmente débil con deuda neta/EBITDA 2.1x, dividendo 2.6%. Técnicamente 🟡 MACD convergiendo, 🟢 Volumen creciente. Clasificación: descarte.","AbbVie Inc. está un 1.0% por debajo de su máximo 52s. Fundamentalmente débil con deuda neta/EBITDA 2.1x, dividendo 2.6%. Técnicamente 🟡 MACD convergiendo, 🟢 Volumen creciente. Clasificación: descarte.",OK,
UCG.MI,UNICREDIT,EUROSTOXX,1.0,script-v2.0,1.0,2026-10-07T14:29:28.171620+02:00,38.0,43.1,74.0,16.0,0.0,4.0,23.0,23.0,0.0,4332493.0,,93.0,,,10.3,2.911,False,4.7,29.0,False,74.1,4.6,False,False,False,Sin señales de recuperación | Sin suelo técnico identificado,pass,descarte,pendiente,0.0,desconocido,Pendiente de implementar,ausente,"dividend_maintained (baja): Dividendo actual 4.07% con caída del 10.3% | analyst_upgrade (media): Target 94.59 vs precio 77.49 (+22%), recMean 2.06, recKey buy",sin_suelo,descarte,72.24,77.49,72.24 - 77.49,73.46,74.27,73.46 - 74.27,Pérdida del soporte en 72.24 | ROE negativo durante 2 trimestres consecutivos | Ampliación de capital dilutiva | Recorte de rating a bono basura,6-12,"UNICREDIT está un 10.3% por debajo de su máximo 52s. Fundamentalmente aceptable con ROE 15.8%, dividendo 4.1%. Técnicamente sin suelo técnico identificado. Clasificación: descarte.","UNICREDIT está un 10.3% por debajo de su máximo 52s. Fundamentalmente aceptable con ROE 15.8%, dividendo 4.1%. Técnicamente sin suelo técnico identificado. Clasificación: descarte.",OK,
O39.SI,OCBC Bank,ASIA,1.0,script-v2.0,1.0,2026-10-07T14:31:17.394288+02:00,37.8,40.7,77.0,9.0,0.0,4.0,29.0,29.0,0.0,6445055.0,,69.9,,,7.0,2.584,False,8.1,54.0,False,24.65,22.9,False,False,False,Sin señales de recuperación,pass,descarte,pendiente,0.0,desconocido,Pendiente de implementar,ausente,eps_stabilization (media): EPS 0.44 vs 0.42 (Diluted EPS) | dividend_maintained (baja): Dividendo actual 3.10% con caída del 7.0%,incompleto,descarte,27.97,30.3,27.97 - 30.30,24.32,27.68,24.32 - 27.68,Pérdida del soporte en 27.97 | ROE negativo durante 2 trimestres consecutivos | Ampliación de capital dilutiva | Recorte de rating a bono basura,6-12,"OCBC Bank está un 7.0% por debajo de su máximo 52s. Fundamentalmente aceptable con ROE 12.7%, dividendo 3.1%. Técnicamente 🟢 Volumen creciente. Clasificación: descarte.","OCBC Bank está un 7.0% por debajo de su máximo 52s. Fundamentalmente aceptable con ROE 12.7%, dividendo 3.1%. Técnicamente 🟢 Volumen creciente. Clasificación: descarte.",OK,
ML.PA,MICHELIN,EUROSTOXX,1.0,script-v2.0,1.0,2026-10-07T14:29:13.469486+02:00,36.5,30.9,0.0,58.0,0.0,1.0,53.0,53.0,0.0,1495358.0,1.12,19.5,,1.12,5.2,0.7496,False,69.3,54.0,False,31.94,6.0,False,False,False,Sin señales de recuperación,pass,descarte,pendiente,0.0,desconocido,Pendiente de implementar,ausente,dividend_maintained (baja): Dividendo actual 13.29% con caída del 5.2%,razonable,descarte,33.47,33.85,33.47 - 33.85,30.36,31.71,30.36 - 31.71,Pérdida del soporte en 33.47 | ROE negativo durante 2 trimestres consecutivos | Ampliación de capital dilutiva | Recorte de rating a bono basura,6-12,"MICHELIN está un 5.2% por debajo de su máximo 52s. Fundamentalmente débil con deuda neta/EBITDA 1.1x, dividendo 13.3%. Técnicamente 🟢 Divergencia alcista RSI, 🟢 Cruce alcista MACD. Clasificación: descarte.","MICHELIN está un 5.2% por debajo de su máximo 52s. Fundamentalmente débil con deuda neta/EBITDA 1.1x, dividendo 13.3%. Técnicamente 🟢 Divergencia alcista RSI, 🟢 Cruce alcista MACD. Clasificación: descarte.",OK,
INGA.AS,ING GROEP N.V.,EUROSTOXX,1.0,script-v2.0,1.0,2026-10-07T14:29:22.291462+02:00,36.5,40.3,76.0,9.0,0.0,4.0,25.0,25.0,0.0,5422717.0,,43.3,,,6.8,1.8435,False,8.7,33.3,False,26.33,14.7,False,False,False,Sin señales de recuperación,pass,descarte,pendiente,0.0,desconocido,Pendiente de implementar,ausente,eps_stabilization (media): EPS 0.54 vs 0.48 (Diluted EPS) | dividend_maintained (baja): Dividendo actual 3.78% con caída del 6.8%,incompleto,descarte,27.29,30.19,27.29 - 30.19,26.22,27.54,26.22 - 27.54,Pérdida del soporte en 27.29 | ROE negativo durante 2 trimestres consecutivos | Ampliación de capital dilutiva | Recorte de rating a bono basura,6-12,"ING GROEP N.V. está un 6.8% por debajo de su máximo 52s. Fundamentalmente aceptable con ROE 17.1%, dividendo 3.8%. Técnicamente 🔵 RSI recuperándose de sobreventa. Clasificación: descarte.","ING GROEP N.V. está un 6.8% por debajo de su máximo 52s. Fundamentalmente aceptable con ROE 17.1%, dividendo 3.8%. Técnicamente 🔵 RSI recuperándose de sobreventa. Clasificación: descarte.",OK,
WOW.AX,WOOLWORTHS FPO [WOW],ASX,1.0,script-v2.0,1.0,2026-10-07T14:30:38.845083+02:00,36.0,29.4,63.0,0.0,0.0,9.0,56.0,44.0,12.0,2201410.0,4.3,-5.2,,17.66,6.0,1.1027,False,39.1,36.8,False,35.97,6.3,True,False,False,,pass,descarte,pendiente,0.0,desconocido,Pendiente de implementar,parcial,eps_stabilization (media): EPS 0.93 vs 0.78 (annual_eps_fallback) | debt_reduction (alta): Deuda 16477.0M vs 17385.0M | dividend_maintained (baja): Dividendo actual 2.54% con caída del 7.2%,razonable,descarte,38.12,38.22,38.12 - 38.22,35.01,35.67,35.01 - 35.67,Pérdida del soporte en 38.12 | ROE negativo durante 2 trimestres consecutivos | Ampliación de capital dilutiva | Recorte de rating a bono basura,6-12,"WOOLWORTHS FPO [WOW] está un 7.2% por debajo de su máximo 52s. Fundamentalmente débil con ROE 23.3%, deuda neta/EBITDA 4.3x. Técnicamente 🔵 RSI recuperándose de sobreventa, 🟢 Divergencia alcista RSI. Clasificación: descarte.","WOOLWORTHS FPO [WOW] está un 7.2% por debajo de su máximo 52s. Fundamentalmente débil con ROE 23.3%, deuda neta/EBITDA 4.3x. Técnicamente 🔵 RSI recuperándose de sobreventa, 🟢 Divergencia alcista RSI. Clasificación: descarte.",OK,
GM,General Motors Company,SP500,1.0,script-v2.0,1.0,2026-10-07T14:30:28.353576+02:00,34.6,34.5,43.0,27.0,0.0,4.0,35.0,30.0,5.0,6668659.0,6.32,0.8,4.4,10.79,10.5,1.5872,False,48.8,32.7,False,80.12,2.4,False,False,False,Sin señales de recuperación,pass,descarte,pendiente,0.0,desconocido,Pendiente de implementar,ausente,"dividend_maintained (baja): Dividendo actual 0.88% con caída del 10.7% | analyst_upgrade (media): Target 104.61 vs precio 82.01 (+28%), recMean 1.62, recKey buy",incompleto,descarte,74.92,82.01,74.92 - 82.01,78.07,80.38,78.07 - 80.38,Pérdida del soporte en 74.92 | ROE negativo durante 2 trimestres consecutivos | Ampliación de capital dilutiva | Recorte de rating a bono basura,6-12,"General Motors Company está un 10.7% por debajo de su máximo 52s. Fundamentalmente débil con ROE 3.2%, deuda neta/EBITDA 6.3x. Técnicamente 🟡 MACD convergiendo, 🟡 Apoyo en MA40 semanal. Clasificación: descarte.","General Motors Company está un 10.7% por debajo de su máximo 52s. Fundamentalmente débil con ROE 3.2%, deuda neta/EBITDA 6.3x. Técnicamente 🟡 MACD convergiendo, 🟡 Apoyo en MA40 semanal. Clasificación: descarte.",OK,
6861.T,KEYENCE CORP,ASIA,1.0,script-v2.0,1.0,2026-10-07T14:30:57.075506+02:00,33.6,37.8,73.0,7.0,0.0,1.0,21.0,15.0,6.0,627991.0,-2.33,,,29.94,6.9,3227.4317,False,83.2,89.4,False,70908.89,15.0,False,True,False,Sin señales de recuperación | Sin suelo técnico identificado,pass,descarte,pendiente,0.0,desconocido,Pendiente de implementar,ausente,dividend_maintained (baja): Dividendo actual 0.67% con caída del 7.2%,sin_suelo,descarte,73340.23,79966.01,73340.23 - 79966.01,69247.56,74732.0,69247.56 - 74732.00,Pérdida del soporte en 73340.23 | ROE negativo durante 2 trimestres consecutivos | Ampliación de capital dilutiva | Recorte de rating a bono basura,6-12,"KEYENCE CORP está un 7.2% por debajo de su máximo 52s. Fundamentalmente débil con deuda neta/EBITDA -2.3x, dividendo 0.7%. Técnicamente 🟡 trendline_break. Clasificación: descarte.","KEYENCE CORP está un 7.2% por debajo de su máximo 52s. Fundamentalmente débil con deuda neta/EBITDA -2.3x, dividendo 0.7%. Técnicamente 🟡 trendline_break. Clasificación: descarte.",OK,
8306.T,MITSUBISHI UFJ FINANCIAL GROUP ,ASIA,1.0,script-v2.0,1.0,2026-10-07T14:30:50.342074+02:00,33.6,38.9,73.0,9.0,0.0,4.0,18.0,12.0,6.0,41262268.0,,321.1,,,3.8,205.6507,False,57.8,64.9,False,3112.15,16.4,False,True,False,Sin señales de recuperación | Sin suelo técnico identificado,pass,descarte,pendiente,0.0,desconocido,Pendiente de implementar,ausente,eps_stabilization (media): EPS 71.59 vs 47.45 (Diluted EPS) | dividend_maintained (baja): Dividendo actual 2.65% con caída del 5.0%,sin_suelo,descarte,3433.66,3586.87,3433.66 - 3586.87,3043.0,3241.05,3043.00 - 3241.05,Pérdida del soporte en 3433.66 | ROE negativo durante 2 trimestres consecutivos | Ampliación de capital dilutiva | Recorte de rating a bono basura,6-12,"MITSUBISHI UFJ FINANCIAL GROUP  está un 5.0% por debajo de su máximo 52s. Fundamentalmente débil con ROE 9.5%, dividendo 2.6%. Técnicamente 🟡 trendline_break. Clasificación: descarte.","MITSUBISHI UFJ FINANCIAL GROUP  está un 5.0% por debajo de su máximo 52s. Fundamentalmente débil con ROE 9.5%, dividendo 2.6%. Técnicamente 🟡 trendline_break. Clasificación: descarte.",OK,
META,"Meta Platforms, Inc.",SP500,1.0,script-v2.0,1.0,2026-10-07T14:30:32.207141+02:00,33.3,33.1,71.0,0.0,0.0,4.0,34.0,16.0,18.0,19235093.0,0.2,29.4,-0.0,17.37,6.8,22.8606,False,65.8,64.1,False,625.86,18.1,True,True,False,Sin señales de recuperación,pass,descarte,pendiente,0.0,desconocido,Pendiente de implementar,ausente,margin_stabilization (media): Margen gross 81.4% vs 81.9% (-0.5 pp) | dividend_maintained (baja): Dividendo actual 0.28% con caída del 5.2%,incompleto,descarte,630.52,713.19,630.52 - 713.19,628.27,662.85,628.27 - 662.85,Pérdida del soporte en 713.19 | ROE negativo durante 2 trimestres consecutivos | Ampliación de capital dilutiva | Recorte de rating a bono basura,6-12,"Meta Platforms, Inc. está un 5.2% por debajo de su máximo 52s. Fundamentalmente débil con ROE 29.8%, deuda neta/EBITDA 0.2x. Técnicamente 🟢 Cerca de soporte, 🟢 base_pattern_detected. Clasificación: descarte.","Meta Platforms, Inc. está un 5.2% por debajo de su máximo 52s. Fundamentalmente débil con ROE 29.8%, deuda neta/EBITDA 0.2x. Técnicamente 🟢 Cerca de soporte, 🟢 base_pattern_detected. Clasificación: descarte.",OK,
GILD,"Gilead Sciences, Inc.",SP500,1.0,script-v2.0,1.0,2026-10-07T14:30:18.140317+02:00,32.5,28.4,54.0,6.0,0.0,4.0,45.0,27.0,18.0,6059551.0,1.46,18.4,0.0,13.71,6.7,4.6407,False,14.1,15.4,False,136.36,5.8,True,True,False,Sin señales de recuperación,pass,descarte,pendiente,0.0,desconocido,Pendiente de implementar,ausente,margin_stabilization (media): Margen gross 79.8% vs 79.2% (+0.5 pp) | dividend_maintained (baja): Dividendo actual 2.27% con caída del 8.3%,razonable,descarte,142.54,143.24,142.54 - 143.24,133.7,135.49,133.70 - 135.49,Pérdida del soporte en 142.54 | ROE negativo durante 2 trimestres consecutivos | Ampliación de capital dilutiva | Recorte de rating a bono basura,6-12,"Gilead Sciences, Inc. está un 8.3% por debajo de su máximo 52s. Fundamentalmente débil con ROE -20.7%, deuda neta/EBITDA 1.5x. Técnicamente 🟢 Cerca de soporte, 🟢 base_pattern_detected. Clasificación: descarte.","Gilead Sciences, Inc. está un 8.3% por debajo de su máximo 52s. Fundamentalmente débil con ROE -20.7%, deuda neta/EBITDA 1.5x. Técnicamente 🟢 Cerca de soporte, 🟢 base_pattern_detected. Clasificación: descarte.",OK,
AMGN,Amgen Inc.,SP500,1.0,script-v2.0,1.0,2026-10-07T14:30:17.945709+02:00,32.0,36.4,78.0,0.0,0.0,12.0,19.0,19.0,0.0,2721678.0,2.51,-0.0,2.4,15.11,9.9,17.2168,False,52.5,54.0,False,365.33,10.2,False,False,False,Sin suelo técnico identificado,pass,descarte,pendiente,0.0,desconocido,Pendiente de implementar,confirmada,margin_stabilization (media): Margen gross 72.0% vs 68.2% (+3.9 pp) | eps_stabilization (media): EPS 4.37 vs 3.34 (Diluted EPS) | debt_reduction (alta): Deuda 57304.0M vs 57323.0M | dividend_maintained (baja): Dividendo actual 2.50% con caída del 9.9%,sin_suelo,descarte,374.12,402.6,374.12 - 402.60,361.81,379.98,361.81 - 379.98,Pérdida del soporte en 374.12 | ROE negativo durante 2 trimestres consecutivos | Ampliación de capital dilutiva | Recorte de rating a bono basura,6-12,"Amgen Inc. está un 9.9% por debajo de su máximo 52s. Fundamentalmente débil con ROE 91.5%, deuda neta/EBITDA 2.5x. Técnicamente sin suelo técnico identificado. Clasificación: descarte.","Amgen Inc. está un 9.9% por debajo de su máximo 52s. Fundamentalmente débil con ROE 91.5%, deuda neta/EBITDA 2.5x. Técnicamente sin suelo técnico identificado. Clasificación: descarte.",OK,
APA.AX,APA GROUP STAPLED [APA],ASX,1.0,script-v2.0,1.0,2026-10-07T14:30:44.918914+02:00,31.0,24.7,53.0,0.0,0.0,4.0,50.0,32.0,18.0,2621612.0,6.08,1.2,,12.89,3.7,0.3278,False,18.0,22.7,False,9.82,7.8,True,True,False,No supera filtrado cuantitativo mínimo | Sin señales de recuperación,fail,descarte,pendiente,0.0,desconocido,Pendiente de implementar,ausente,eps_stabilization (media): EPS 0.16 vs 0.08 (annual_eps_fallback) | dividend_maintained (baja): Dividendo actual 5.48% con caída del 4.7%,razonable,descarte,9.88,10.55,9.88 - 10.55,9.43,9.75,9.43 - 9.75,Pérdida del soporte en 9.88 | ROE negativo durante 2 trimestres consecutivos | Ampliación de capital dilutiva | Recorte de rating a bono basura,6-12,"APA GROUP STAPLED [APA] está un 4.7% por debajo de su máximo 52s. Fundamentalmente débil con ROE 8.7%, deuda neta/EBITDA 6.1x. Técnicamente 🟡 MACD convergiendo, 🟢 base_pattern_detected. Clasificación: descarte.","APA GROUP STAPLED [APA] está un 4.7% por debajo de su máximo 52s. Fundamentalmente débil con ROE 8.7%, deuda neta/EBITDA 6.1x. Técnicamente 🟡 MACD convergiendo, 🟢 base_pattern_detected. Clasificación: descarte.",OK,
DE,Deere & Company,SP500,1.0,script-v2.0,1.0,2026-10-07T14:30:11.194651+02:00,30.2,26.6,57.0,0.0,0.0,1.0,41.0,35.0,6.0,1197095.0,6.7,0.6,-9.3,28.11,5.1,33.8073,False,51.3,52.9,False,595.9,14.6,False,True,False,Sin señales de recuperación,pass,descarte,pendiente,0.0,desconocido,Pendiente de implementar,ausente,dividend_maintained (baja): Dividendo actual 0.95% con caída del 5.3%,incompleto,descarte,649.87,663.87,649.87 - 663.87,586.94,613.04,586.94 - 613.04,Pérdida del soporte en 663.87 | ROE negativo durante 2 trimestres consecutivos | Ampliación de capital dilutiva | Recorte de rating a bono basura,6-12,"Deere & Company está un 5.3% por debajo de su máximo 52s. Fundamentalmente débil con ROE 18.2%, deuda neta/EBITDA 6.7x. Técnicamente 🟡 MACD convergiendo, 🟢 Cerca de soporte. Clasificación: descarte.","Deere & Company está un 5.3% por debajo de su máximo 52s. Fundamentalmente débil con ROE 18.2%, deuda neta/EBITDA 6.7x. Técnicamente 🟡 MACD convergiendo, 🟢 Cerca de soporte. Clasificación: descarte.",OK,
MRK,"Merck & Company, Inc.",SP500,1.0,script-v2.0,1.0,2026-10-07T14:30:16.704710+02:00,28.3,31.7,68.0,0.0,0.0,4.0,18.0,18.0,0.0,9794562.0,1.62,9.8,3.0,13.75,9.0,8.8006,False,21.3,14.6,False,123.85,14.6,False,False,False,Sin señales de recuperación | Sin suelo técnico identificado,pass,descarte,pendiente,0.0,desconocido,Pendiente de implementar,ausente,eps_stabilization (media): EPS -0.54 vs -1.72 (Diluted EPS) | dividend_maintained (baja): Dividendo actual 2.40% con caída del 9.5%,sin_suelo,descarte,124.69,141.94,124.69 - 141.94,121.89,133.38,121.89 - 133.38,Pérdida del soporte en 124.69 | ROE negativo durante 2 trimestres consecutivos | Ampliación de capital dilutiva | Recorte de rating a bono basura,6-12,"Merck & Company, Inc. está un 9.5% por debajo de su máximo 52s. Fundamentalmente débil con ROE 7.0%, deuda neta/EBITDA 1.6x. Técnicamente sin suelo técnico identificado. Clasificación: descarte.","Merck & Company, Inc. está un 9.5% por debajo de su máximo 52s. Fundamentalmente débil con ROE 7.0%, deuda neta/EBITDA 1.6x. Técnicamente sin suelo técnico identificado. Clasificación: descarte.",OK,
LIN.DE,Linde plc                     R,EUROSTOXX,1.0,script-v2.0,1.0,2026-10-07T14:29:05.753021+02:00,11.2,0.0,0.0,0.0,0.0,4.0,45.0,33.0,12.0,11142.0,1.76,6.4,-0.7,17.24,7.7,0.1558,False,100.0,98.9,False,421.46,4.6,True,False,False,No supera filtrado cuantitativo mínimo | Sin señales de recuperación,fail,descarte,pendiente,0.0,desconocido,Pendiente de implementar,ausente,eps_stabilization (media): EPS 4.15 vs 3.98 (Diluted EPS) | dividend_maintained (baja): Dividendo actual 1.41% con caída del 8.1%,razonable,descarte,414.72,422.92,414.72 - 422.92,407.49,418.37,407.49 - 418.37,Pérdida del soporte en 422.92 | ROE negativo durante 2 trimestres consecutivos | Ampliación de capital dilutiva | Recorte de rating a bono basura,6-12,"Linde plc                     R está un 8.1% por debajo de su máximo 52s. Fundamentalmente débil con deuda neta/EBITDA 1.8x, dividendo 1.4%. Técnicamente 🟢 Divergencia alcista RSI, 🟢 Cerca de soporte. Clasificación: descarte.","Linde plc                     R está un 8.1% por debajo de su máximo 52s. Fundamentalmente débil con deuda neta/EBITDA 1.8x, dividendo 1.4%. Técnicamente 🟢 Divergencia alcista RSI, 🟢 Cerca de soporte. Clasificación: descarte.",OK,
ROG.SW,,EUROSTOXX,1.0,script-v2.0,1.0,,,,,,,,,,,,,,,,,,,,,,,,,,False,,,,,,,,,,,,,,,,,,,,,,ERROR,Missing market price in yfinance info
