Ticker,Nombre,Mercado,Rules_Version,Model_Version,Config_Version,Evaluation_Timestamp,Score,Score_Cuantitativo,Score_Fundamental,Score_Valoracion,Score_Causal,Score_Recuperacion,Score_Tecnico,Score_Tecnico_Base,Score_Tecnico_Bonus,Vol_Medio_Diario,Net_Debt_EBITDA,Variacion_Deuda_Trimestral_%,Variacion_Margen_pp,EV_EBITDA,Caida_Max_Multianual_%,MACD_Semanal,MACD_Semanal_Giro,Estocastico_K,Estocastico_D,Estocastico_Giro,MA40_Semanal,Dist_MA40_Semanal_%,Base_Pattern_Detected,Trendline_Break,Paso_Filtro,hard_rules_applied,Capa1_Status,Base_Classification,Causal_Classification,Causal_Confidence,Problem_Type,Causal_Justification,Recovery_Status,Recovery_Signals,Technical_Status,Final_Classification,Entry_Zone_Min,Entry_Zone_Max,Entry_Zone,Exit_Zone_Min,Exit_Zone_Max,Exit_Zone,Invalidation_Conditions,Estimated_Horizon_Months,Short_Explanation,Summary_Explanation,Estado,Error
FMG.AX,FORTESCUE FPO [FMG],ASX,1.0,script-v2.0,1.0,2026-09-05T11:51:17.311298+02:00,81.5,83.1,98.0,70.0,0.0,1.0,77.0,65.0,12.0,6491683.0,0.1,,,6.59,23.6,-0.6407,False,50.1,27.5,False,19.59,-12.1,True,False,True,Sin señales de recuperación,pass,seguimiento,pendiente,0.0,desconocido,Pendiente de implementar,ausente,dividend_maintained (baja): Dividendo actual 6.27% con caída del 26.3%,fuerte,seguimiento,16.36,17.22,16.36 - 17.22,19.64,19.87,19.64 - 19.87,Pérdida del soporte en 16.36 | ROE negativo durante 2 trimestres consecutivos | Ampliación de capital dilutiva | Recorte de rating a bono basura,12-18,"FORTESCUE FPO [FMG] está un 26.3% por debajo de su máximo 52s. Fundamentalmente sólida con ROE 14.2%, deuda neta/EBITDA 0.1x. Técnicamente 🟢 Divergencia alcista RSI, 🟢 Cruce alcista MACD. Clasificación: seguimiento.","FORTESCUE FPO [FMG] está un 26.3% por debajo de su máximo 52s. Fundamentalmente sólida con ROE 14.2%, deuda neta/EBITDA 0.1x. Técnicamente 🟢 Divergencia alcista RSI, 🟢 Cruce alcista MACD. Clasificación: seguimiento.",OK,
RI.PA,PERNOD RICARD,EUROSTOXX,1.0,script-v2.0,1.0,2026-09-05T11:49:42.175995+02:00,80.2,81.6,80.0,83.0,0.0,7.0,76.0,59.0,17.0,697964.0,3.91,0.7,,9.97,50.9,-1.0146,False,0.0,7.7,False,67.1,-8.0,True,False,True,,pass,seguimiento,pendiente,0.0,desconocido,Pendiente de implementar,parcial,"eps_stabilization (media): EPS 6.45 vs 5.83 (annual_eps_fallback) | dividend_maintained (baja): Dividendo actual 7.61% con caída del 36.5% | analyst_upgrade (media): Target 81.71 vs precio 61.76 (+32%), recMean 2.50, recKey buy",fuerte,seguimiento,60.14,61.76,60.14 - 61.76,67.29,82.62,67.29 - 82.62,Pérdida del soporte en 60.14 | ROE negativo durante 2 trimestres consecutivos | Ampliación de capital dilutiva | Recorte de rating a bono basura,12-18,"PERNOD RICARD está un 36.5% por debajo de su máximo 52s. Fundamentalmente sólida con ROE 7.6%, deuda neta/EBITDA 3.9x. Técnicamente 🟡 MACD convergiendo, 🟢 Bajo SMA200 con SMA50 girando. Clasificación: seguimiento.","PERNOD RICARD está un 36.5% por debajo de su máximo 52s. Fundamentalmente sólida con ROE 7.6%, deuda neta/EBITDA 3.9x. Técnicamente 🟡 MACD convergiendo, 🟢 Bajo SMA200 con SMA50 girando. Clasificación: seguimiento.",OK,
9022.T,CENTRAL JAPAN RAILWAY CO,ASIA,1.0,script-v2.0,1.0,2026-09-05T11:51:37.635365+02:00,79.8,79.1,77.0,81.0,0.0,4.0,82.0,59.0,23.0,2964149.0,4.28,11.6,,7.89,19.8,-20.4481,False,32.4,48.5,False,4012.35,-3.9,True,True,True,Sin señales de recuperación,pass,seguimiento,pendiente,0.0,desconocido,Pendiente de implementar,ausente,eps_stabilization (media): EPS 149.59 vs 147.88 (Diluted EPS) | dividend_maintained (baja): Dividendo actual 0.83% con caída del 20.1%,fuerte,seguimiento,3766.0,3800.18,3766.00 - 3800.18,4029.0,4105.5,4029.00 - 4105.50,Pérdida del soporte en 3766.00 | ROE negativo durante 2 trimestres consecutivos | Ampliación de capital dilutiva | Recorte de rating a bono basura,6-12,"CENTRAL JAPAN RAILWAY CO está un 20.1% por debajo de su máximo 52s. Fundamentalmente sólida con ROE 11.2%, deuda neta/EBITDA 4.3x. Técnicamente 🟢 Cruce alcista MACD, 🟢 Cerca de soporte. Clasificación: seguimiento.","CENTRAL JAPAN RAILWAY CO está un 20.1% por debajo de su máximo 52s. Fundamentalmente sólida con ROE 11.2%, deuda neta/EBITDA 4.3x. Técnicamente 🟢 Cruce alcista MACD, 🟢 Cerca de soporte. Clasificación: seguimiento.",OK,
EN.PA,BOUYGUES,EUROSTOXX,1.0,script-v2.0,1.0,2026-09-05T11:49:37.706392+02:00,77.7,71.5,87.0,58.0,0.0,15.0,96.0,79.0,17.0,751252.0,2.15,-2.7,0.5,6.26,16.4,-0.1258,False,26.4,18.5,False,47.16,-5.6,True,False,True,,pass,entrada_directa,pendiente,0.0,desconocido,Pendiente de implementar,confirmada,"margin_stabilization (media): Margen gross 57.6% vs 57.8% (-0.2 pp) | eps_stabilization (media): EPS 0.98 vs -0.24 (Diluted EPS) | debt_reduction (alta): Deuda 14707.0M vs 15110.0M | dividend_maintained (baja): Dividendo actual 4.72% con caída del 16.8% | analyst_upgrade (media): Target 60.00 vs precio 44.51 (+35%), recMean 2.00, recKey buy",fuerte,entrada_directa,43.5,44.51,43.50 - 44.51,45.46,46.99,45.46 - 46.99,Pérdida del soporte en 43.50 | ROE negativo durante 2 trimestres consecutivos | Ampliación de capital dilutiva | Recorte de rating a bono basura,6-12,"BOUYGUES está un 16.8% por debajo de su máximo 52s. Fundamentalmente sólida con ROE 9.7%, deuda neta/EBITDA 2.1x. Técnicamente 🔵 RSI recuperándose de sobreventa, 🟢 Divergencia alcista RSI. Clasificación: entrada_directa.","BOUYGUES está un 16.8% por debajo de su máximo 52s. Fundamentalmente sólida con ROE 9.7%, deuda neta/EBITDA 2.1x. Técnicamente 🔵 RSI recuperándose de sobreventa, 🟢 Divergencia alcista RSI. Clasificación: entrada_directa.",OK,
0700.HK,TENCENT,ASIA,1.0,script-v2.0,1.0,2026-09-05T11:51:46.182511+02:00,77.5,84.6,99.0,72.0,0.0,7.0,56.0,44.0,12.0,29275897.0,0.04,,-0.2,13.75,34.4,-17.3009,False,33.6,15.1,False,502.61,-11.9,True,False,True,,pass,seguimiento,pendiente,0.0,desconocido,Pendiente de implementar,parcial,"eps_stabilization (media): EPS 6.30 vs 6.28 (Diluted EPS) | dividend_maintained (baja): Dividendo actual 1.20% con caída del 35.2% | analyst_upgrade (media): Target 665.95 vs precio 442.80 (+50%), recMean 1.33, recKey strong_buy",razonable,seguimiento,420.66,442.8,420.66 - 442.80,512.97,580.55,512.97 - 580.55,Pérdida del soporte en 420.66 | ROE negativo durante 2 trimestres consecutivos | Ampliación de capital dilutiva | Recorte de rating a bono basura,12-18,"TENCENT está un 35.2% por debajo de su máximo 52s. Fundamentalmente sólida con ROE 19.9%, deuda neta/EBITDA 0.0x. Técnicamente 🟡 MACD convergiendo, 🟢 Bajo SMA200 con SMA50 girando. Clasificación: seguimiento.","TENCENT está un 35.2% por debajo de su máximo 52s. Fundamentalmente sólida con ROE 19.9%, deuda neta/EBITDA 0.0x. Técnicamente 🟡 MACD convergiendo, 🟢 Bajo SMA200 con SMA50 girando. Clasificación: seguimiento.",OK,
LOW,"Lowe's Companies, Inc.",SP500,1.0,script-v2.0,1.0,2026-09-05T11:50:31.968288+02:00,77.2,79.3,74.0,84.0,0.0,15.0,71.0,59.0,12.0,3049301.0,3.05,-5.9,-0.3,12.06,29.5,-7.4859,False,19.3,10.3,False,234.55,-12.8,True,False,True,,pass,entrada_directa,pendiente,0.0,desconocido,Pendiente de implementar,confirmada,"margin_stabilization (media): Margen gross 32.7% vs 32.5% (+0.2 pp) | eps_stabilization (media): EPS 2.90 vs 1.78 (Diluted EPS) | debt_reduction (alta): Deuda 42031.0M vs 44677.0M | dividend_maintained (baja): Dividendo actual 2.45% con caída del 30.2% | analyst_upgrade (media): Target 253.76 vs precio 204.45 (+24%), recMean 1.80, recKey buy",fuerte,entrada_directa,194.23,204.45,194.23 - 204.45,234.14,249.1,234.14 - 249.10,Pérdida del soporte en 194.23 | ROE negativo durante 2 trimestres consecutivos | Ampliación de capital dilutiva | Recorte de rating a bono basura,12-18,"Lowe's Companies, Inc. está un 30.2% por debajo de su máximo 52s. Fundamentalmente sólida con deuda neta/EBITDA 3.0x, dividendo 2.5%. Técnicamente 🔵 RSI recuperándose de sobreventa, 🟢 Divergencia alcista RSI. Clasificación: entrada_directa.","Lowe's Companies, Inc. está un 30.2% por debajo de su máximo 52s. Fundamentalmente sólida con deuda neta/EBITDA 3.0x, dividendo 2.5%. Técnicamente 🔵 RSI recuperándose de sobreventa, 🟢 Divergencia alcista RSI. Clasificación: entrada_directa.",OK,
AD.AS,KONINKLIJKE AHOLD DELHAIZE N.V.,EUROSTOXX,1.0,script-v2.0,1.0,2026-09-05T11:49:53.802363+02:00,77.0,76.1,83.0,70.0,0.0,7.0,80.0,68.0,12.0,2605958.0,2.98,256.9,-0.0,8.11,23.2,-1.3211,False,83.1,46.3,False,35.64,-11.2,True,False,True,,pass,seguimiento,pendiente,0.0,desconocido,Pendiente de implementar,parcial,"margin_stabilization (media): Margen gross 26.4% vs 26.8% (-0.4 pp) | dividend_maintained (baja): Dividendo actual 3.92% con caída del 25.6% | analyst_upgrade (media): Target 38.58 vs precio 31.66 (+22%), recMean 2.47, recKey buy",fuerte,seguimiento,30.96,31.66,30.96 - 31.66,35.58,36.16,35.58 - 36.16,Pérdida del soporte en 30.96 | ROE negativo durante 2 trimestres consecutivos | Ampliación de capital dilutiva | Recorte de rating a bono basura,12-18,"KONINKLIJKE AHOLD DELHAIZE N.V. está un 25.6% por debajo de su máximo 52s. Fundamentalmente sólida con ROE 15.7%, deuda neta/EBITDA 3.0x. Técnicamente 🟢 Divergencia alcista RSI, 🟢 Cruce alcista MACD. Clasificación: seguimiento.","KONINKLIJKE AHOLD DELHAIZE N.V. está un 25.6% por debajo de su máximo 52s. Fundamentalmente sólida con ROE 15.7%, deuda neta/EBITDA 3.0x. Técnicamente 🟢 Divergencia alcista RSI, 🟢 Cruce alcista MACD. Clasificación: seguimiento.",OK,
CAP.PA,CAPGEMINI,EUROSTOXX,1.0,script-v2.0,1.0,2026-09-05T11:49:35.510868+02:00,76.6,82.5,91.0,75.0,0.0,4.0,59.0,36.0,23.0,656321.0,2.56,67.8,,8.38,43.8,-0.6487,False,30.9,41.0,False,108.51,-1.9,True,True,True,Sin señales de recuperación,pass,seguimiento,pendiente,0.0,desconocido,Pendiente de implementar,ausente,"dividend_maintained (baja): Dividendo actual 3.20% con caída del 30.5% | analyst_upgrade (media): Target 140.51 vs precio 106.40 (+32%), recMean 1.76, recKey buy",razonable,seguimiento,100.51,104.96,100.51 - 104.96,108.99,130.09,108.99 - 130.09,Pérdida del soporte en 104.96 | ROE negativo durante 2 trimestres consecutivos | Ampliación de capital dilutiva | Recorte de rating a bono basura,12-18,"CAPGEMINI está un 30.5% por debajo de su máximo 52s. Fundamentalmente sólida con ROE 12.2%, deuda neta/EBITDA 2.6x. Técnicamente 🟢 Cerca de soporte, 🟡 Apoyo en MA40 semanal. Clasificación: seguimiento.","CAPGEMINI está un 30.5% por debajo de su máximo 52s. Fundamentalmente sólida con ROE 12.2%, deuda neta/EBITDA 2.6x. Técnicamente 🟢 Cerca de soporte, 🟡 Apoyo en MA40 semanal. Clasificación: seguimiento.",OK,
HEI.DE,Heidelberg Materials AG       I,EUROSTOXX,1.0,script-v2.0,1.0,2026-09-05T11:49:31.291287+02:00,76.2,76.6,91.0,64.0,0.0,4.0,75.0,53.0,22.0,380190.0,1.91,46.9,,9.37,29.7,-6.6332,True,64.7,49.8,False,187.15,-11.0,True,False,True,Sin señales de recuperación,pass,seguimiento,pendiente,0.0,desconocido,Pendiente de implementar,ausente,"dividend_maintained (baja): Dividendo actual 2.16% con caída del 31.1% | analyst_upgrade (media): Target 214.70 vs precio 166.60 (+29%), recKey none",fuerte,seguimiento,163.36,166.04,163.36 - 166.04,187.77,205.53,187.77 - 205.53,Pérdida del soporte en 163.36 | ROE negativo durante 2 trimestres consecutivos | Ampliación de capital dilutiva | Recorte de rating a bono basura,12-18,"Heidelberg Materials AG       I está un 31.1% por debajo de su máximo 52s. Fundamentalmente sólida con ROE 11.7%, deuda neta/EBITDA 1.9x. Técnicamente 🟢 Divergencia alcista RSI, 🟢 Cerca de soporte. Clasificación: seguimiento.","Heidelberg Materials AG       I está un 31.1% por debajo de su máximo 52s. Fundamentalmente sólida con ROE 11.7%, deuda neta/EBITDA 1.9x. Técnicamente 🟢 Divergencia alcista RSI, 🟢 Cerca de soporte. Clasificación: seguimiento.",OK,
MC.PA,LVMH,EUROSTOXX,1.0,script-v2.0,1.0,2026-09-05T11:49:40.015369+02:00,75.8,78.7,100.0,60.0,0.0,4.0,67.0,55.0,12.0,530824.0,1.24,1.1,,11.87,41.5,-15.8708,False,10.4,12.9,False,508.57,-15.6,True,False,True,Sin señales de recuperación,pass,seguimiento,pendiente,0.0,desconocido,Pendiente de implementar,ausente,"dividend_maintained (baja): Dividendo actual 3.03% con caída del 34.5% | analyst_upgrade (media): Target 566.00 vs precio 429.10 (+32%), recMean 1.88, recKey buy",razonable,seguimiento,407.64,429.1,407.64 - 429.10,511.51,556.5,511.51 - 556.50,Pérdida del soporte en 407.64 | ROE negativo durante 2 trimestres consecutivos | Ampliación de capital dilutiva | Recorte de rating a bono basura,12-18,"LVMH está un 34.5% por debajo de su máximo 52s. Fundamentalmente sólida con ROE 16.6%, deuda neta/EBITDA 1.2x. Técnicamente 🔵 RSI en sobreventa, 🟢 Divergencia alcista RSI. Clasificación: seguimiento.","LVMH está un 34.5% por debajo de su máximo 52s. Fundamentalmente sólida con ROE 16.6%, deuda neta/EBITDA 1.2x. Técnicamente 🔵 RSI en sobreventa, 🟢 Divergencia alcista RSI. Clasificación: seguimiento.",OK,
DG.PA,VINCI,EUROSTOXX,1.0,script-v2.0,1.0,2026-09-05T11:49:36.269305+02:00,75.8,75.7,89.0,64.0,0.0,7.0,76.0,59.0,17.0,888023.0,2.02,9.7,,7.24,18.0,-1.7802,False,23.9,13.2,False,123.34,-7.6,True,False,True,,pass,seguimiento,pendiente,0.0,desconocido,Pendiente de implementar,parcial,"eps_stabilization (media): EPS 8.65 vs 8.43 (annual_eps_fallback) | dividend_maintained (baja): Dividendo actual 4.43% con caída del 20.4% | analyst_upgrade (media): Target 143.10 vs precio 113.95 (+26%), recMean 2.00, recKey buy",fuerte,seguimiento,111.6,113.95,111.60 - 113.95,121.68,123.22,121.68 - 123.22,Pérdida del soporte en 111.60 | ROE negativo durante 2 trimestres consecutivos | Ampliación de capital dilutiva | Recorte de rating a bono basura,6-12,"VINCI está un 20.4% por debajo de su máximo 52s. Fundamentalmente sólida con ROE 16.3%, deuda neta/EBITDA 2.0x. Técnicamente 🔵 RSI recuperándose de sobreventa, 🟡 MACD convergiendo. Clasificación: seguimiento.","VINCI está un 20.4% por debajo de su máximo 52s. Fundamentalmente sólida con ROE 16.3%, deuda neta/EBITDA 2.0x. Técnicamente 🔵 RSI recuperándose de sobreventa, 🟡 MACD convergiendo. Clasificación: seguimiento.",OK,
EL.PA,ESSILORLUXOTTICA,EUROSTOXX,1.0,script-v2.0,1.0,2026-09-05T11:49:37.589943+02:00,74.8,75.3,78.0,73.0,0.0,4.0,73.0,61.0,12.0,707510.0,2.29,6.4,,14.17,52.6,-15.6378,False,5.5,12.5,False,203.56,-26.4,True,False,True,Sin señales de recuperación,pass,seguimiento,pendiente,0.0,desconocido,Pendiente de implementar,ausente,"dividend_maintained (baja): Dividendo actual 2.67% con caída del 53.7% | analyst_upgrade (media): Target 242.70 vs precio 149.80 (+62%), recMean 1.65, recKey buy",fuerte,seguimiento,142.31,149.8,142.31 - 149.80,207.15,275.23,207.15 - 275.23,Pérdida del soporte en 142.31 | ROE negativo durante 2 trimestres consecutivos | Ampliación de capital dilutiva | Recorte de rating a bono basura,18-24,"ESSILORLUXOTTICA está un 53.7% por debajo de su máximo 52s. Fundamentalmente sólida con ROE 6.7%, deuda neta/EBITDA 2.3x. Técnicamente 🔵 RSI en sobreventa, 🟢 Divergencia alcista RSI. Clasificación: seguimiento.","ESSILORLUXOTTICA está un 53.7% por debajo de su máximo 52s. Fundamentalmente sólida con ROE 6.7%, deuda neta/EBITDA 2.3x. Técnicamente 🔵 RSI en sobreventa, 🟢 Divergencia alcista RSI. Clasificación: seguimiento.",OK,
IP,International Paper Company,SP500,1.0,script-v2.0,1.0,2026-09-05T11:51:06.023424+02:00,74.5,72.4,66.0,78.0,0.0,4.0,81.0,64.0,17.0,5260182.0,2.33,3.8,-0.1,7.35,33.4,0.6269,False,25.7,14.1,False,37.7,-1.2,True,False,True,Sin señales de recuperación,pass,seguimiento,pendiente,0.0,desconocido,Pendiente de implementar,ausente,"dividend_maintained (baja): Dividendo actual 4.97% con caída del 25.9% | analyst_upgrade (media): Target 48.00 vs precio 37.24 (+29%), recMean 1.75, recKey buy",fuerte,seguimiento,37.0,37.24,37.00 - 37.24,37.5,42.71,37.50 - 42.71,Pérdida del soporte en 37.00 | ROE negativo durante 2 trimestres consecutivos | Ampliación de capital dilutiva | Recorte de rating a bono basura,12-18,"International Paper Company está un 25.9% por debajo de su máximo 52s. Fundamentalmente sólida con ROE -16.5%, deuda neta/EBITDA 2.3x. Técnicamente 🔵 RSI recuperándose de sobreventa, 🟡 MACD convergiendo. Clasificación: seguimiento.","International Paper Company está un 25.9% por debajo de su máximo 52s. Fundamentalmente sólida con ROE -16.5%, deuda neta/EBITDA 2.3x. Técnicamente 🔵 RSI recuperándose de sobreventa, 🟡 MACD convergiendo. Clasificación: seguimiento.",OK,
BEI.DE,BEIERSDORF AG                 I,EUROSTOXX,1.0,script-v2.0,1.0,2026-09-05T11:49:31.552100+02:00,74.0,76.4,86.0,68.0,0.0,6.0,67.0,50.0,17.0,392198.0,-1.73,-3.5,,8.83,43.3,-1.2957,False,17.2,20.0,False,82.39,-7.2,True,False,True,,pass,seguimiento,pendiente,0.0,desconocido,Pendiente de implementar,parcial,debt_reduction (alta): Deuda 110.0M vs 114.0M | dividend_maintained (baja): Dividendo actual 1.31% con caída del 30.6%,razonable,seguimiento,72.86,76.44,72.86 - 76.44,82.42,93.63,82.42 - 93.63,Pérdida del soporte en 72.86 | ROE negativo durante 2 trimestres consecutivos | Ampliación de capital dilutiva | Recorte de rating a bono basura,12-18,"BEIERSDORF AG                 I está un 30.6% por debajo de su máximo 52s. Fundamentalmente sólida con ROE 10.9%, deuda neta/EBITDA -1.7x. Técnicamente 🟢 Bajo SMA200 con SMA50 girando, 🟢 Cerca de soporte. Clasificación: seguimiento.","BEIERSDORF AG                 I está un 30.6% por debajo de su máximo 52s. Fundamentalmente sólida con ROE 10.9%, deuda neta/EBITDA -1.7x. Técnicamente 🟢 Bajo SMA200 con SMA50 girando, 🟢 Cerca de soporte. Clasificación: seguimiento.",OK,
ADS.DE,adidas AG                     N,EUROSTOXX,1.0,script-v2.0,1.0,2026-09-05T11:49:28.987144+02:00,73.9,73.5,97.0,53.0,0.0,7.0,75.0,70.0,5.0,732079.0,1.66,0.4,0.0,11.61,41.9,0.1371,False,23.8,18.6,False,155.75,-4.2,False,False,True,,pass,seguimiento,pendiente,0.0,desconocido,Pendiente de implementar,parcial,"margin_stabilization (media): Margen gross 52.5% vs 51.1% (+1.4 pp) | dividend_maintained (baja): Dividendo actual 1.88% con caída del 24.1% | analyst_upgrade (media): Target 201.59 vs precio 149.15 (+35%), recMean 1.73, recKey buy",fuerte,seguimiento,148.48,149.15,148.48 - 149.15,155.61,166.94,155.61 - 166.94,Pérdida del soporte en 148.48 | ROE negativo durante 2 trimestres consecutivos | Ampliación de capital dilutiva | Recorte de rating a bono basura,6-12,"adidas AG                     N está un 24.1% por debajo de su máximo 52s. Fundamentalmente sólida con ROE 24.3%, deuda neta/EBITDA 1.7x. Técnicamente 🟢 Divergencia alcista RSI, 🟢 Cruce alcista MACD. Clasificación: seguimiento.","adidas AG                     N está un 24.1% por debajo de su máximo 52s. Fundamentalmente sólida con ROE 24.3%, deuda neta/EBITDA 1.7x. Técnicamente 🟢 Divergencia alcista RSI, 🟢 Cruce alcista MACD. Clasificación: seguimiento.",OK,
ORA.PA,ORANGE,EUROSTOXX,1.0,script-v2.0,1.0,2026-09-05T11:49:42.281960+02:00,73.8,72.3,83.0,63.0,0.0,4.0,78.0,61.0,17.0,4831159.0,3.74,654.5,,7.38,16.3,-0.0775,False,34.3,38.4,False,16.18,-5.2,True,False,True,Sin señales de recuperación,pass,seguimiento,pendiente,0.0,desconocido,Pendiente de implementar,ausente,"dividend_maintained (baja): Dividendo actual 4.89% con caída del 18.4% | analyst_upgrade (media): Target 19.14 vs precio 15.34 (+25%), recMean 2.00, recKey buy",fuerte,seguimiento,14.8,15.34,14.80 - 15.34,15.98,16.13,15.98 - 16.13,Pérdida del soporte en 14.80 | ROE negativo durante 2 trimestres consecutivos | Ampliación de capital dilutiva | Recorte de rating a bono basura,6-12,"ORANGE está un 18.4% por debajo de su máximo 52s. Fundamentalmente sólida con ROE 14.2%, deuda neta/EBITDA 3.7x. Técnicamente 🟢 Divergencia alcista RSI, 🟡 MACD convergiendo. Clasificación: seguimiento.","ORANGE está un 18.4% por debajo de su máximo 52s. Fundamentalmente sólida con ROE 14.2%, deuda neta/EBITDA 3.7x. Técnicamente 🟢 Divergencia alcista RSI, 🟡 MACD convergiendo. Clasificación: seguimiento.",OK,
0016.HK,SHK PPT,ASIA,1.0,script-v2.0,1.0,2026-09-05T11:51:41.165706+02:00,73.8,69.0,85.0,55.0,0.0,1.0,88.0,65.0,23.0,5521023.0,2.84,,,14.78,19.2,-0.0836,False,48.9,32.4,False,122.59,-2.5,True,True,True,Sin señales de recuperación,pass,seguimiento,pendiente,0.0,desconocido,Pendiente de implementar,ausente,dividend_maintained (baja): Dividendo actual 3.16% con caída del 19.7%,fuerte,seguimiento,119.1,119.14,119.10 - 119.14,120.56,126.48,120.56 - 126.48,Pérdida del soporte en 119.10 | ROE negativo durante 2 trimestres consecutivos | Ampliación de capital dilutiva | Recorte de rating a bono basura,6-12,"SHK PPT está un 19.7% por debajo de su máximo 52s. Fundamentalmente sólida con ROE 3.7%, deuda neta/EBITDA 2.8x. Técnicamente 🟢 Divergencia alcista RSI, 🟡 MACD convergiendo. Clasificación: seguimiento.","SHK PPT está un 19.7% por debajo de su máximo 52s. Fundamentalmente sólida con ROE 3.7%, deuda neta/EBITDA 2.8x. Técnicamente 🟢 Divergencia alcista RSI, 🟡 MACD convergiendo. Clasificación: seguimiento.",OK,
8002.T,MARUBENI CORP,ASIA,1.0,script-v2.0,1.0,2026-09-05T11:51:39.871539+02:00,73.5,67.3,95.0,43.0,0.0,1.0,92.0,59.0,33.0,4463793.0,3.96,0.5,,20.17,19.0,-16.1943,True,63.6,78.6,False,5190.72,-2.3,True,True,True,Sin señales de recuperación,pass,seguimiento,pendiente,0.0,desconocido,Pendiente de implementar,ausente,dividend_maintained (baja): Dividendo actual 2.27% con caída del 19.8%,fuerte,seguimiento,4798.26,4994.2,4798.26 - 4994.20,5090.44,5378.8,5090.44 - 5378.80,Pérdida del soporte en 4798.26 | ROE negativo durante 2 trimestres consecutivos | Ampliación de capital dilutiva | Recorte de rating a bono basura,6-12,"MARUBENI CORP está un 19.8% por debajo de su máximo 52s. Fundamentalmente sólida con ROE 14.2%, deuda neta/EBITDA 4.0x. Técnicamente 🟢 Divergencia alcista RSI, 🟢 Cruce alcista MACD. Clasificación: seguimiento.","MARUBENI CORP está un 19.8% por debajo de su máximo 52s. Fundamentalmente sólida con ROE 14.2%, deuda neta/EBITDA 4.0x. Técnicamente 🟢 Divergencia alcista RSI, 🟢 Cruce alcista MACD. Clasificación: seguimiento.",OK,
SGO.PA,SAINT GOBAIN,EUROSTOXX,1.0,script-v2.0,1.0,2026-09-05T11:49:43.402075+02:00,72.8,78.0,94.0,64.0,0.0,12.0,57.0,52.0,5.0,1037128.0,1.75,-6.1,,7.48,25.4,0.3323,False,13.6,8.4,False,78.42,-3.4,False,False,True,,pass,entrada_escalada,pendiente,0.0,desconocido,Pendiente de implementar,confirmada,"eps_stabilization (media): EPS 5.78 vs 5.64 (annual_eps_fallback) | debt_reduction (alta): Deuda 17270.0M vs 18384.0M | dividend_maintained (baja): Dividendo actual 3.04% con caída del 20.9% | analyst_upgrade (media): Target 97.72 vs precio 75.78 (+29%), recMean 1.94, recKey buy",razonable,entrada_escalada,72.87,75.78,72.87 - 75.78,78.32,81.48,78.32 - 81.48,Pérdida del soporte en 72.87 | ROE negativo durante 2 trimestres consecutivos | Ampliación de capital dilutiva | Recorte de rating a bono basura,6-12,"SAINT GOBAIN está un 20.9% por debajo de su máximo 52s. Fundamentalmente sólida con ROE 11.0%, deuda neta/EBITDA 1.8x. Técnicamente 🟡 MACD convergiendo, 🟢 Cerca de soporte. Clasificación: entrada_escalada.","SAINT GOBAIN está un 20.9% por debajo de su máximo 52s. Fundamentalmente sólida con ROE 11.0%, deuda neta/EBITDA 1.8x. Técnicamente 🟡 MACD convergiendo, 🟢 Cerca de soporte. Clasificación: entrada_escalada.",OK,
7203.T,TOYOTA MOTOR CORP,ASIA,1.0,script-v2.0,1.0,2026-09-05T11:51:26.635952+02:00,72.7,73.9,75.0,73.0,0.0,10.0,69.0,36.0,33.0,28947595.0,5.46,1.7,0.1,12.14,21.8,-24.5857,True,45.0,53.6,False,3185.62,-3.3,True,True,True,,pass,seguimiento,pendiente,0.0,desconocido,Pendiente de implementar,parcial,"margin_stabilization (media): Margen gross 18.0% vs 15.1% (+2.9 pp) | eps_stabilization (media): EPS 120.69 vs 64.56 (Diluted EPS) | dividend_maintained (baja): Dividendo actual 3.25% con caída del 23.0% | analyst_upgrade (media): Target 3698.56 vs precio 3081.00 (+20%), recMean 1.74, recKey buy",razonable,seguimiento,2822.94,2965.71,2822.94 - 2965.71,3167.24,3400.0,3167.24 - 3400.00,Pérdida del soporte en 2822.94 | ROE negativo durante 2 trimestres consecutivos | Ampliación de capital dilutiva | Recorte de rating a bono basura,6-12,"TOYOTA MOTOR CORP está un 23.0% por debajo de su máximo 52s. Fundamentalmente sólida con ROE 12.4%, deuda neta/EBITDA 5.5x. Técnicamente 🟢 Divergencia alcista RSI, 🟢 MACD semanal girando al alza. Clasificación: seguimiento.","TOYOTA MOTOR CORP está un 23.0% por debajo de su máximo 52s. Fundamentalmente sólida con ROE 12.4%, deuda neta/EBITDA 5.5x. Técnicamente 🟢 Divergencia alcista RSI, 🟢 MACD semanal girando al alza. Clasificación: seguimiento.",OK,
CPB,The Campbell's Company,SP500,1.0,script-v2.0,1.0,2026-09-05T11:51:03.716521+02:00,72.0,74.6,81.0,69.0,0.0,4.0,64.0,47.0,17.0,8294269.0,3.95,0.9,0.4,8.0,55.2,-0.3678,False,10.8,37.4,False,23.32,-8.3,True,False,True,Sin señales de recuperación,pass,seguimiento,pendiente,0.0,desconocido,Pendiente de implementar,ausente,margin_stabilization (media): Margen gross 27.5% vs 28.0% (-0.5 pp) | dividend_maintained (baja): Dividendo actual 4.68% con caída del 37.4%,razonable,seguimiento,19.85,21.38,19.85 - 21.38,23.51,29.04,23.51 - 29.04,Pérdida del soporte en 19.85 | ROE negativo durante 2 trimestres consecutivos | Ampliación de capital dilutiva | Recorte de rating a bono basura,12-18,"The Campbell's Company está un 37.4% por debajo de su máximo 52s. Fundamentalmente sólida con ROE 15.4%, deuda neta/EBITDA 4.0x. Técnicamente 🟢 Bajo SMA200 con SMA50 girando, 🟢 Volumen creciente. Clasificación: seguimiento.","The Campbell's Company está un 37.4% por debajo de su máximo 52s. Fundamentalmente sólida con ROE 15.4%, deuda neta/EBITDA 4.0x. Técnicamente 🟢 Bajo SMA200 con SMA50 girando, 🟢 Volumen creciente. Clasificación: seguimiento.",OK,
BATS.L,BRITISH AMERICAN TOBACCO PLC OR,EUROSTOXX,1.0,script-v2.0,1.0,2026-09-05T11:50:17.410831+02:00,71.8,74.1,88.0,62.0,0.0,12.0,65.0,48.0,17.0,3466388.0,2.9,-0.0,,10.9,23.2,-35.2517,False,38.9,36.9,False,4400.34,-6.3,True,False,True,,pass,entrada_escalada,pendiente,0.0,desconocido,Pendiente de implementar,confirmada,"eps_stabilization (media): EPS 3.49 vs 1.36 (annual_eps_fallback) | debt_reduction (alta): Deuda 35063.0M vs 35070.0M | dividend_maintained (baja): Dividendo actual 0.06% con caída del 23.2% | analyst_upgrade (media): Target 5150.00 vs precio 4125.00 (+25%), recMean 1.69, recKey buy",razonable,entrada_escalada,3892.24,4125.0,3892.24 - 4125.00,4397.47,4562.8,4397.47 - 4562.80,Pérdida del soporte en 3892.24 | ROE negativo durante 2 trimestres consecutivos | Ampliación de capital dilutiva | Recorte de rating a bono basura,6-12,"BRITISH AMERICAN TOBACCO PLC OR está un 23.2% por debajo de su máximo 52s. Fundamentalmente sólida con ROE 13.4%, deuda neta/EBITDA 2.9x. Técnicamente 🔵 RSI recuperándose de sobreventa, 🟡 Apoyo en MA40 semanal. Clasificación: entrada_escalada.","BRITISH AMERICAN TOBACCO PLC OR está un 23.2% por debajo de su máximo 52s. Fundamentalmente sólida con ROE 13.4%, deuda neta/EBITDA 2.9x. Técnicamente 🔵 RSI recuperándose de sobreventa, 🟡 Apoyo en MA40 semanal. Clasificación: entrada_escalada.",OK,
035420.KS,NAVER,ASIA,1.0,script-v2.0,1.0,2026-09-05T11:51:49.962412+02:00,71.8,75.1,74.0,76.0,0.0,7.0,62.0,45.0,17.0,1494939.0,-1.11,35.0,0.0,9.96,29.8,-3209.3091,False,32.8,21.9,False,225444.19,-5.3,True,False,True,,pass,seguimiento,pendiente,0.0,desconocido,Pendiente de implementar,parcial,"margin_stabilization (media): Margen gross 100.0% vs 100.0% (+0.0 pp) | dividend_maintained (baja): Dividendo actual 1.23% con caída del 29.8% | analyst_upgrade (media): Target 303074.06 vs precio 213500.00 (+42%), recMean 1.56, recKey buy",razonable,seguimiento,199792.86,207434.0,199792.86 - 207434.00,226693.01,258400.0,226693.01 - 258400.00,Pérdida del soporte en 199792.86 | ROE negativo durante 2 trimestres consecutivos | Ampliación de capital dilutiva | Recorte de rating a bono basura,12-18,"NAVER está un 29.8% por debajo de su máximo 52s. Fundamentalmente sólida con ROE 6.4%, deuda neta/EBITDA -1.1x. Técnicamente 🟢 Divergencia alcista RSI, 🟡 MACD convergiendo. Clasificación: seguimiento.","NAVER está un 29.8% por debajo de su máximo 52s. Fundamentalmente sólida con ROE 6.4%, deuda neta/EBITDA -1.1x. Técnicamente 🟢 Divergencia alcista RSI, 🟡 MACD convergiendo. Clasificación: seguimiento.",OK,
IMB.L,IMPERIAL BRANDS PLC ORD 10P,EUROSTOXX,1.0,script-v2.0,1.0,2026-09-05T11:50:17.344066+02:00,71.2,66.5,66.0,67.0,0.0,4.0,85.0,73.0,12.0,2982794.0,2.67,12.4,,7.73,31.4,-111.7555,False,16.2,22.8,False,2930.94,-15.1,True,False,True,Sin señales de recuperación,pass,seguimiento,pendiente,0.0,desconocido,Pendiente de implementar,ausente,"dividend_maintained (baja): Dividendo actual 0.07% con caída del 31.5% | analyst_upgrade (media): Target 3290.91 vs precio 2489.00 (+32%), recKey none",fuerte,seguimiento,2476.0,2489.0,2476.00 - 2489.00,2945.95,3087.23,2945.95 - 3087.23,Pérdida del soporte en 2476.00 | ROE negativo durante 2 trimestres consecutivos | Ampliación de capital dilutiva | Recorte de rating a bono basura,12-18,"IMPERIAL BRANDS PLC ORD 10P está un 31.5% por debajo de su máximo 52s. Fundamentalmente sólida con ROE 37.2%, deuda neta/EBITDA 2.7x. Técnicamente 🔵 RSI en sobreventa, 🟢 Cruce alcista MACD. Clasificación: seguimiento.","IMPERIAL BRANDS PLC ORD 10P está un 31.5% por debajo de su máximo 52s. Fundamentalmente sólida con ROE 37.2%, deuda neta/EBITDA 2.7x. Técnicamente 🔵 RSI en sobreventa, 🟢 Cruce alcista MACD. Clasificación: seguimiento.",OK,
BN.PA,DANONE,EUROSTOXX,1.0,script-v2.0,1.0,2026-09-05T11:49:33.852039+02:00,71.0,68.3,87.0,52.0,0.0,4.0,79.0,68.0,11.0,1370293.0,2.01,20.9,,11.12,17.7,-0.5286,False,16.6,9.2,True,68.09,-6.4,False,False,True,Sin señales de recuperación,pass,seguimiento,pendiente,0.0,desconocido,Pendiente de implementar,ausente,"dividend_maintained (baja): Dividendo actual 3.53% con caída del 20.5% | analyst_upgrade (media): Target 80.02 vs precio 63.72 (+26%), recMean 2.27, recKey buy",fuerte,seguimiento,60.92,63.72,60.92 - 63.72,68.12,68.35,68.12 - 68.35,Pérdida del soporte en 60.92 | ROE negativo durante 2 trimestres consecutivos | Ampliación de capital dilutiva | Recorte de rating a bono basura,6-12,"DANONE está un 20.5% por debajo de su máximo 52s. Fundamentalmente sólida con ROE 12.2%, deuda neta/EBITDA 2.0x. Técnicamente 🔵 RSI en sobreventa, 🟡 MACD convergiendo. Clasificación: seguimiento.","DANONE está un 20.5% por debajo de su máximo 52s. Fundamentalmente sólida con ROE 12.2%, deuda neta/EBITDA 2.0x. Técnicamente 🔵 RSI en sobreventa, 🟡 MACD convergiendo. Clasificación: seguimiento.",OK,
4568.T,DAIICHI SANKYO COMPANY LIMITED,ASIA,1.0,script-v2.0,1.0,2026-09-05T11:51:32.294830+02:00,70.7,74.6,97.0,55.0,0.0,4.0,59.0,36.0,23.0,6550587.0,-0.44,148.8,,15.91,51.2,-37.0964,False,44.0,61.4,False,2854.38,-2.1,True,True,True,Sin señales de recuperación,pass,seguimiento,pendiente,0.0,desconocido,Pendiente de implementar,ausente,"dividend_maintained (baja): Dividendo actual 3.58% con caída del 33.1% | analyst_upgrade (media): Target 4096.25 vs precio 2794.00 (+47%), recMean 1.50, recKey strong_buy",razonable,seguimiento,2699.69,2744.47,2699.69 - 2744.47,2918.39,3551.3,2918.39 - 3551.30,Pérdida del soporte en 2699.69 | ROE negativo durante 2 trimestres consecutivos | Ampliación de capital dilutiva | Recorte de rating a bono basura,12-18,"DAIICHI SANKYO COMPANY LIMITED está un 33.1% por debajo de su máximo 52s. Fundamentalmente sólida con ROE 14.8%, deuda neta/EBITDA -0.4x. Técnicamente 🟢 Cerca de soporte, 🟡 Apoyo en MA40 semanal. Clasificación: seguimiento.","DAIICHI SANKYO COMPANY LIMITED está un 33.1% por debajo de su máximo 52s. Fundamentalmente sólida con ROE 14.8%, deuda neta/EBITDA -0.4x. Técnicamente 🟢 Cerca de soporte, 🟡 Apoyo en MA40 semanal. Clasificación: seguimiento.",OK,
GPT.AX,GPT STAPLED [GPT],ASX,1.0,script-v2.0,1.0,2026-09-05T11:51:23.714117+02:00,69.5,66.3,78.0,56.0,0.0,4.0,79.0,68.0,11.0,5600426.0,9.11,17.2,,23.52,16.1,-0.0022,False,15.9,9.7,True,4.88,-5.6,False,False,True,Sin señales de recuperación,pass,seguimiento,pendiente,0.0,desconocido,Pendiente de implementar,ausente,eps_stabilization (media): EPS 0.51 vs -0.10 (annual_eps_fallback) | dividend_maintained (baja): Dividendo actual 5.21% con caída del 19.8%,fuerte,seguimiento,4.59,4.61,4.59 - 4.61,4.89,4.9,4.89 - 4.90,Pérdida del soporte en 4.59 | ROE negativo durante 2 trimestres consecutivos | Ampliación de capital dilutiva | Recorte de rating a bono basura,6-12,"GPT STAPLED [GPT] está un 19.8% por debajo de su máximo 52s. Fundamentalmente sólida con ROE 10.0%, deuda neta/EBITDA 9.1x. Técnicamente 🔵 RSI en sobreventa, 🟡 MACD convergiendo. Clasificación: seguimiento.","GPT STAPLED [GPT] está un 19.8% por debajo de su máximo 52s. Fundamentalmente sólida con ROE 10.0%, deuda neta/EBITDA 9.1x. Técnicamente 🔵 RSI en sobreventa, 🟡 MACD convergiendo. Clasificación: seguimiento.",OK,
000660.KS,SK hynix,ASIA,1.0,script-v2.0,1.0,2026-09-05T11:51:49.787021+02:00,69.0,79.7,100.0,62.0,0.0,15.0,37.0,37.0,0.0,5396027.0,-0.03,-87.1,11.4,1.03,44.8,133031.5882,False,52.7,43.5,False,1364539.88,20.7,False,False,True,,pass,pendiente_confirmacion,pendiente,0.0,desconocido,Pendiente de implementar,confirmada,"margin_stabilization (media): Margen gross 79.3% vs 68.8% (+10.5 pp) | eps_stabilization (media): EPS 56670.00 vs 17850.00 (Diluted EPS) | debt_reduction (alta): Deuda 3194454.0M vs 24757848.0M | dividend_maintained (baja): Dividendo actual 0.09% con caída del 44.9% | analyst_upgrade (media): Target 3189709.00 vs precio 1647000.00 (+94%), recMean 1.34, recKey strong_buy",incompleto,pendiente_confirmacion,1566831.24,1647000.0,1566831.24 - 1647000.00,1305547.82,2538950.0,1305547.82 - 2538950.00,Pérdida del soporte en 1566831.24 | ROE negativo durante 2 trimestres consecutivos | Ampliación de capital dilutiva | Recorte de rating a bono basura,18-24,"SK hynix está un 44.9% por debajo de su máximo 52s. Fundamentalmente sólida con ROE 354.1%, deuda neta/EBITDA -0.0x. Técnicamente 🟢 Divergencia alcista RSI, 🟢 Cerca de soporte. Clasificación: pendiente_confirmacion.","SK hynix está un 44.9% por debajo de su máximo 52s. Fundamentalmente sólida con ROE 354.1%, deuda neta/EBITDA -0.0x. Técnicamente 🟢 Divergencia alcista RSI, 🟢 Cerca de soporte. Clasificación: pendiente_confirmacion.",OK,
SCG.AX,SCENTRE STAPLED [SCG],ASX,1.0,script-v2.0,1.0,2026-09-05T11:51:23.626308+02:00,68.9,75.9,86.0,67.0,0.0,9.0,48.0,43.0,5.0,11912362.0,5.58,-16.4,,13.14,12.6,-0.0038,False,18.6,21.3,False,3.72,-4.2,False,False,True,,pass,seguimiento,pendiente,0.0,desconocido,Pendiente de implementar,parcial,eps_stabilization (media): EPS 0.34 vs 0.20 (annual_eps_fallback) | debt_reduction (alta): Deuda 14029.0M vs 16774.4M | dividend_maintained (baja): Dividendo actual 5.06% con caída del 16.6%,razonable,seguimiento,3.2,3.56,3.20 - 3.56,3.63,3.72,3.63 - 3.72,Pérdida del soporte en 3.20 | ROE negativo durante 2 trimestres consecutivos | Ampliación de capital dilutiva | Recorte de rating a bono basura,6-12,"SCENTRE STAPLED [SCG] está un 16.6% por debajo de su máximo 52s. Fundamentalmente sólida con ROE 10.4%, deuda neta/EBITDA 5.6x. Técnicamente 🟡 MACD convergiendo, 🟡 Apoyo en MA40 semanal. Clasificación: seguimiento.","SCENTRE STAPLED [SCG] está un 16.6% por debajo de su máximo 52s. Fundamentalmente sólida con ROE 10.4%, deuda neta/EBITDA 5.6x. Técnicamente 🟡 MACD convergiendo, 🟡 Apoyo en MA40 semanal. Clasificación: seguimiento.",OK,
AZN.L,ASTRAZENECA PLC ORD SHS $0.25,EUROSTOXX,1.0,script-v2.0,1.0,2026-09-05T11:50:10.750618+02:00,68.9,71.9,98.0,49.0,0.0,12.0,60.0,48.0,12.0,3148482.0,1.38,-4.6,-0.2,10.73,23.7,-497.1113,False,52.4,58.3,False,13698.95,-12.4,True,False,True,,pass,entrada_escalada,pendiente,0.0,desconocido,Pendiente de implementar,confirmada,"margin_stabilization (media): Margen gross 83.6% vs 82.5% (+1.1 pp) | debt_reduction (alta): Deuda 32350.0M vs 33918.0M | dividend_maintained (baja): Dividendo actual 0.02% con caída del 23.7% | analyst_upgrade (media): Target 15757.64 vs precio 12006.00 (+31%), recMean 1.79, recKey buy",razonable,entrada_escalada,11496.49,12006.0,11496.49 - 12006.00,13372.2,13710.12,13372.20 - 13710.12,Pérdida del soporte en 11496.49 | ROE negativo durante 2 trimestres consecutivos | Ampliación de capital dilutiva | Recorte de rating a bono basura,6-12,"ASTRAZENECA PLC ORD SHS $0.25 está un 23.7% por debajo de su máximo 52s. Fundamentalmente sólida con ROE 22.0%, deuda neta/EBITDA 1.4x. Técnicamente 🟢 Divergencia alcista RSI, 🟢 Cerca de soporte. Clasificación: entrada_escalada.","ASTRAZENECA PLC ORD SHS $0.25 está un 23.7% por debajo de su máximo 52s. Fundamentalmente sólida con ROE 22.0%, deuda neta/EBITDA 1.4x. Técnicamente 🟢 Divergencia alcista RSI, 🟢 Cerca de soporte. Clasificación: entrada_escalada.",OK,
UCB.BR,UCB,EUROSTOXX,1.0,script-v2.0,1.0,2026-09-05T11:50:01.111503+02:00,68.8,71.1,93.0,52.0,0.0,7.0,62.0,50.0,12.0,219751.0,0.84,59.8,,12.86,26.8,-7.5372,False,0.0,40.6,False,245.81,-14.3,True,False,True,,pass,seguimiento,pendiente,0.0,desconocido,Pendiente de implementar,parcial,"eps_stabilization (media): EPS 8.03 vs 1.76 (annual_eps_fallback) | dividend_maintained (baja): Dividendo actual 0.69% con caída del 27.3% | analyst_upgrade (media): Target 285.00 vs precio 210.60 (+35%), recMean 1.60, recKey buy",razonable,seguimiento,200.07,210.6,200.07 - 210.60,246.07,246.19,246.07 - 246.19,Pérdida del soporte en 200.07 | ROE negativo durante 2 trimestres consecutivos | Ampliación de capital dilutiva | Recorte de rating a bono basura,12-18,"UCB está un 27.3% por debajo de su máximo 52s. Fundamentalmente sólida con ROE 20.6%, deuda neta/EBITDA 0.8x. Técnicamente 🟢 Divergencia alcista RSI, 🟢 base_pattern_detected. Clasificación: seguimiento.","UCB está un 27.3% por debajo de su máximo 52s. Fundamentalmente sólida con ROE 20.6%, deuda neta/EBITDA 0.8x. Técnicamente 🟢 Divergencia alcista RSI, 🟢 base_pattern_detected. Clasificación: seguimiento.",OK,
PHIA.AS,KON.PHILIPS N.V.,EUROSTOXX,1.0,script-v2.0,1.0,2026-09-05T11:49:51.445857+02:00,68.8,67.7,81.0,56.0,0.0,15.0,72.0,55.0,17.0,1829163.0,2.35,-7.8,-0.0,11.4,20.1,-0.0189,False,18.7,15.6,False,23.28,-4.0,True,False,True,,pass,entrada_directa,pendiente,0.0,desconocido,Pendiente de implementar,confirmada,"margin_stabilization (media): Margen gross 49.3% vs 45.2% (+4.1 pp) | eps_stabilization (media): EPS 0.40 vs 0.16 (Diluted EPS) | debt_reduction (alta): Deuda 7465.0M vs 8097.0M | dividend_maintained (baja): Dividendo actual 3.80% con caída del 19.3% | analyst_upgrade (media): Target 27.00 vs precio 22.35 (+21%), recKey none",fuerte,entrada_directa,22.27,22.35,22.27 - 22.35,23.32,23.54,23.32 - 23.54,Pérdida del soporte en 22.27 | ROE negativo durante 2 trimestres consecutivos | Ampliación de capital dilutiva | Recorte de rating a bono basura,6-12,"KON.PHILIPS N.V. está un 19.3% por debajo de su máximo 52s. Fundamentalmente sólida con ROE 10.2%, deuda neta/EBITDA 2.4x. Técnicamente 🔵 RSI en sobreventa, 🟢 Cerca de soporte. Clasificación: entrada_directa.","KON.PHILIPS N.V. está un 19.3% por debajo de su máximo 52s. Fundamentalmente sólida con ROE 10.2%, deuda neta/EBITDA 2.4x. Técnicamente 🔵 RSI en sobreventa, 🟢 Cerca de soporte. Clasificación: entrada_directa.",OK,
BMW.DE,BAYERISCHE MOTOREN WERKE AG   S,EUROSTOXX,1.0,script-v2.0,1.0,2026-09-05T11:49:21.973735+02:00,68.4,70.9,57.0,83.0,0.0,1.0,61.0,39.0,22.0,1624107.0,7.33,36.6,-2.4,10.21,32.2,-4.5279,True,86.1,76.8,False,73.94,-15.1,True,False,True,Sin señales de recuperación,pass,seguimiento,pendiente,0.0,desconocido,Pendiente de implementar,ausente,dividend_maintained (baja): Dividendo actual 7.01% con caída del 35.9%,razonable,seguimiento,57.46,59.11,57.46 - 59.11,73.85,83.23,73.85 - 83.23,Pérdida del soporte en 57.46 | ROE negativo durante 2 trimestres consecutivos | Ampliación de capital dilutiva | Recorte de rating a bono basura,12-18,"BAYERISCHE MOTOREN WERKE AG   S está un 35.9% por debajo de su máximo 52s. Fundamentalmente sólida con ROE 6.6%, deuda neta/EBITDA 7.3x. Técnicamente 🟢 Divergencia alcista RSI, 🟢 MACD semanal girando al alza. Clasificación: seguimiento.","BAYERISCHE MOTOREN WERKE AG   S está un 35.9% por debajo de su máximo 52s. Fundamentalmente sólida con ROE 6.6%, deuda neta/EBITDA 7.3x. Técnicamente 🟢 Divergencia alcista RSI, 🟢 MACD semanal girando al alza. Clasificación: seguimiento.",OK,
1299.HK,AIA,ASIA,1.0,script-v2.0,1.0,2026-09-05T11:51:47.684784+02:00,68.3,67.5,92.0,46.0,0.0,4.0,71.0,44.0,27.0,32945642.0,1.64,56.0,,91.67,13.8,-1.1709,True,83.9,88.0,False,79.31,-2.3,True,False,True,Sin señales de recuperación,pass,seguimiento,pendiente,0.0,desconocido,Pendiente de implementar,ausente,"dividend_maintained (baja): Dividendo actual 2.55% con caída del 15.9% | analyst_upgrade (media): Target 102.49 vs precio 77.50 (+32%), recMean 1.30, recKey strong_buy",fuerte,seguimiento,74.43,75.72,74.43 - 75.72,78.33,79.35,78.33 - 79.35,Pérdida del soporte en 75.72 | ROE negativo durante 2 trimestres consecutivos | Ampliación de capital dilutiva | Recorte de rating a bono basura,6-12,"AIA está un 15.9% por debajo de su máximo 52s. Fundamentalmente sólida con ROE 19.6%, deuda neta/EBITDA 1.6x. Técnicamente 🟢 Divergencia alcista RSI, 🟢 Cerca de soporte. Clasificación: seguimiento.","AIA está un 15.9% por debajo de su máximo 52s. Fundamentalmente sólida con ROE 19.6%, deuda neta/EBITDA 1.6x. Técnicamente 🟢 Divergencia alcista RSI, 🟢 Cerca de soporte. Clasificación: seguimiento.",OK,
NG.L,NATIONAL GRID PLC ORD 12 204/47,EUROSTOXX,1.0,script-v2.0,1.0,2026-09-05T11:50:15.144597+02:00,67.8,63.7,69.0,59.0,0.0,4.0,80.0,63.0,17.0,10449844.0,6.39,0.3,,14.54,19.4,-16.023,False,24.1,17.0,False,1237.14,-7.0,True,False,True,Sin señales de recuperación,pass,seguimiento,pendiente,0.0,desconocido,Pendiente de implementar,ausente,eps_stabilization (media): EPS 0.66 vs 0.61 (annual_eps_fallback) | dividend_maintained (baja): Dividendo actual 0.04% con caída del 19.4%,fuerte,seguimiento,1093.45,1151.0,1093.45 - 1151.00,1214.22,1233.66,1214.22 - 1233.66,Pérdida del soporte en 1093.45 | ROE negativo durante 2 trimestres consecutivos | Ampliación de capital dilutiva | Recorte de rating a bono basura,6-12,"NATIONAL GRID PLC ORD 12 204/47 está un 19.4% por debajo de su máximo 52s. Fundamentalmente sólida con ROE 8.4%, deuda neta/EBITDA 6.4x. Técnicamente 🟢 Divergencia alcista RSI, 🟡 MACD convergiendo. Clasificación: seguimiento.","NATIONAL GRID PLC ORD 12 204/47 está un 19.4% por debajo de su máximo 52s. Fundamentalmente sólida con ROE 8.4%, deuda neta/EBITDA 6.4x. Técnicamente 🟢 Divergencia alcista RSI, 🟡 MACD convergiendo. Clasificación: seguimiento.",OK,
3382.T,SEVEN & I HOLDINGS CO LTD,ASIA,1.0,script-v2.0,1.0,2026-09-05T11:51:38.891219+02:00,67.8,68.1,82.0,56.0,0.0,4.0,67.0,44.0,23.0,8592915.0,3.32,,,8.25,20.1,7.7514,False,85.1,86.6,False,2041.79,0.9,True,True,True,Sin señales de recuperación,pass,seguimiento,pendiente,0.0,desconocido,Pendiente de implementar,ausente,eps_stabilization (media): EPS 26.21 vs 18.96 (Diluted EPS) | dividend_maintained (baja): Dividendo actual 2.91% con caída del 14.7%,razonable,seguimiento,1958.71,2019.68,1958.71 - 2019.68,2037.92,2054.45,2037.92 - 2054.45,Pérdida del soporte en 1958.71 | ROE negativo durante 2 trimestres consecutivos | Ampliación de capital dilutiva | Recorte de rating a bono basura,6-12,"SEVEN & I HOLDINGS CO LTD está un 14.7% por debajo de su máximo 52s. Fundamentalmente sólida con ROE 8.0%, deuda neta/EBITDA 3.3x. Técnicamente 🟢 Cruce alcista MACD, 🟢 Cerca de soporte. Clasificación: seguimiento.","SEVEN & I HOLDINGS CO LTD está un 14.7% por debajo de su máximo 52s. Fundamentalmente sólida con ROE 8.0%, deuda neta/EBITDA 3.3x. Técnicamente 🟢 Cruce alcista MACD, 🟢 Cerca de soporte. Clasificación: seguimiento.",OK,
GSK.L,GSK PLC ORD 31 1/4P,EUROSTOXX,1.0,script-v2.0,1.0,2026-09-05T11:50:09.858901+02:00,67.6,71.8,91.0,55.0,0.0,6.0,55.0,38.0,17.0,7440843.0,1.4,-4.0,0.7,8.2,19.1,-11.9041,False,16.2,35.7,False,1954.0,-5.5,True,False,True,,pass,seguimiento,pendiente,0.0,desconocido,Pendiente de implementar,parcial,debt_reduction (alta): Deuda 18293.0M vs 19056.0M | dividend_maintained (baja): Dividendo actual 0.04% con caída del 19.1%,razonable,seguimiento,1689.85,1846.5,1689.85 - 1846.50,1939.7,1948.82,1939.70 - 1948.82,Pérdida del soporte en 1689.85 | ROE negativo durante 2 trimestres consecutivos | Ampliación de capital dilutiva | Recorte de rating a bono basura,6-12,"GSK PLC ORD 31 1/4P está un 19.1% por debajo de su máximo 52s. Fundamentalmente sólida con ROE 33.4%, deuda neta/EBITDA 1.4x. Técnicamente 🟢 Divergencia alcista RSI, 🟡 Apoyo en MA40 semanal. Clasificación: seguimiento.","GSK PLC ORD 31 1/4P está un 19.1% por debajo de su máximo 52s. Fundamentalmente sólida con ROE 33.4%, deuda neta/EBITDA 1.4x. Técnicamente 🟢 Divergencia alcista RSI, 🟡 Apoyo en MA40 semanal. Clasificación: seguimiento.",OK,
9020.T,EAST JAPAN RAILWAY CO,ASIA,1.0,script-v2.0,1.0,2026-09-05T11:51:36.774286+02:00,67.4,69.5,61.0,77.0,0.0,1.0,61.0,44.0,17.0,3188322.0,5.68,7.6,,10.32,15.5,-26.3205,False,46.7,54.0,False,3675.46,-4.2,True,False,True,Sin señales de recuperación,pass,seguimiento,pendiente,0.0,desconocido,Pendiente de implementar,ausente,dividend_maintained (baja): Dividendo actual 2.39% con caída del 16.4%,razonable,seguimiento,3443.66,3520.0,3443.66 - 3520.00,3579.35,3681.24,3579.35 - 3681.24,Pérdida del soporte en 3443.66 | ROE negativo durante 2 trimestres consecutivos | Ampliación de capital dilutiva | Recorte de rating a bono basura,6-12,"EAST JAPAN RAILWAY CO está un 16.4% por debajo de su máximo 52s. Fundamentalmente sólida con ROE 7.9%, deuda neta/EBITDA 5.7x. Técnicamente 🟢 Cerca de soporte, 🟡 Apoyo en MA40 semanal. Clasificación: seguimiento.","EAST JAPAN RAILWAY CO está un 16.4% por debajo de su máximo 52s. Fundamentalmente sólida con ROE 7.9%, deuda neta/EBITDA 5.7x. Técnicamente 🟢 Cerca de soporte, 🟡 Apoyo en MA40 semanal. Clasificación: seguimiento.",OK,
MGR.AX,MIRVAC GRP STAPLED [MGR],ASX,1.0,script-v2.0,1.0,2026-09-05T11:51:23.838321+02:00,66.5,70.9,80.0,63.0,0.0,4.0,53.0,30.0,23.0,11973315.0,4.12,,,12.39,21.6,-0.0036,False,56.5,59.4,False,1.8,1.9,True,True,True,Sin señales de recuperación,pass,seguimiento,pendiente,0.0,desconocido,Pendiente de implementar,ausente,eps_stabilization (media): EPS 0.02 vs -0.20 (annual_eps_fallback) | dividend_maintained (baja): Dividendo actual 5.45% con caída del 25.4%,razonable,seguimiento,1.77,1.78,1.77 - 1.78,1.81,2.09,1.81 - 2.09,Pérdida del soporte en 1.78 | ROE negativo durante 2 trimestres consecutivos | Ampliación de capital dilutiva | Recorte de rating a bono basura,12-18,"MIRVAC GRP STAPLED [MGR] está un 25.4% por debajo de su máximo 52s. Fundamentalmente sólida con ROE 7.4%, deuda neta/EBITDA 4.1x. Técnicamente 🟢 Cerca de soporte, 🟡 Apoyo en MA40 semanal. Clasificación: seguimiento.","MIRVAC GRP STAPLED [MGR] está un 25.4% por debajo de su máximo 52s. Fundamentalmente sólida con ROE 7.4%, deuda neta/EBITDA 4.1x. Técnicamente 🟢 Cerca de soporte, 🟡 Apoyo en MA40 semanal. Clasificación: seguimiento.",OK,
NEE,"NextEra Energy, Inc.",SP500,1.0,script-v2.0,1.0,2026-09-05T11:50:54.410846+02:00,66.5,61.6,84.0,42.0,0.0,7.0,81.0,64.0,17.0,11046115.0,7.35,5.5,0.2,20.04,14.3,-0.707,False,43.8,45.4,False,86.74,-3.8,True,False,True,,pass,seguimiento,pendiente,0.0,desconocido,Pendiente de implementar,parcial,margin_stabilization (media): Margen gross 62.4% vs 58.9% (+3.5 pp) | eps_stabilization (media): EPS 1.50 vs 1.04 (Diluted EPS) | dividend_maintained (baja): Dividendo actual 2.98% con caída del 15.5%,fuerte,seguimiento,79.26,83.43,79.26 - 83.43,83.94,86.54,83.94 - 86.54,Pérdida del soporte en 79.26 | ROE negativo durante 2 trimestres consecutivos | Ampliación de capital dilutiva | Recorte de rating a bono basura,6-12,"NextEra Energy, Inc. está un 15.5% por debajo de su máximo 52s. Fundamentalmente sólida con ROE 11.7%, deuda neta/EBITDA 7.3x. Técnicamente 🔵 RSI recuperándose de sobreventa, 🟢 Cruce alcista MACD. Clasificación: seguimiento.","NextEra Energy, Inc. está un 15.5% por debajo de su máximo 52s. Fundamentalmente sólida con ROE 11.7%, deuda neta/EBITDA 7.3x. Técnicamente 🔵 RSI recuperándose de sobreventa, 🟢 Cruce alcista MACD. Clasificación: seguimiento.",OK,
MCD,McDonald's Corporation,SP500,1.0,script-v2.0,1.0,2026-09-05T11:50:33.891619+02:00,65.8,69.5,78.0,62.0,0.0,15.0,55.0,43.0,12.0,4598893.0,3.6,-0.5,0.0,15.72,23.7,-9.1258,False,1.2,14.4,False,291.68,-12.3,True,False,True,,pass,entrada_escalada,pendiente,0.0,desconocido,Pendiente de implementar,confirmada,"margin_stabilization (media): Margen gross 58.0% vs 55.9% (+2.1 pp) | eps_stabilization (media): EPS 3.32 vs 2.78 (Diluted EPS) | debt_reduction (alta): Deuda 54604.0M vs 54881.0M | dividend_maintained (baja): Dividendo actual 2.91% con caída del 25.2% | analyst_upgrade (media): Target 315.39 vs precio 255.69 (+23%), recMean 2.06, recKey buy",razonable,entrada_escalada,242.91,255.69,242.91 - 255.69,290.49,291.84,290.49 - 291.84,Pérdida del soporte en 242.91 | ROE negativo durante 2 trimestres consecutivos | Ampliación de capital dilutiva | Recorte de rating a bono basura,12-18,"McDonald's Corporation está un 25.2% por debajo de su máximo 52s. Fundamentalmente sólida con deuda neta/EBITDA 3.6x, dividendo 2.9%. Técnicamente 🟢 Divergencia alcista RSI, 🟢 base_pattern_detected. Clasificación: entrada_escalada.","McDonald's Corporation está un 25.2% por debajo de su máximo 52s. Fundamentalmente sólida con deuda neta/EBITDA 3.6x, dividendo 2.9%. Técnicamente 🟢 Divergencia alcista RSI, 🟢 base_pattern_detected. Clasificación: entrada_escalada.",OK,
8031.T,MITSUI & CO,ASIA,1.0,script-v2.0,1.0,2026-09-05T11:51:34.883099+02:00,65.7,59.9,78.0,44.0,0.0,7.0,83.0,50.0,33.0,6343460.0,6.44,21.5,,25.12,24.8,-63.1172,True,47.5,70.6,False,5218.7,-3.8,True,True,False,,pass,descarte,pendiente,0.0,desconocido,Pendiente de implementar,parcial,"eps_stabilization (media): EPS 103.65 vs 66.63 (Diluted EPS) | dividend_maintained (baja): Dividendo actual 2.79% con caída del 24.8% | analyst_upgrade (media): Target 6092.50 vs precio 5019.00 (+21%), recMean 2.08, recKey buy",fuerte,descarte,4695.54,4810.9,4695.54 - 4810.90,5118.92,5673.75,5118.92 - 5673.75,Pérdida del soporte en 4695.54 | ROE negativo durante 2 trimestres consecutivos | Ampliación de capital dilutiva | Recorte de rating a bono basura,6-12,"MITSUI & CO está un 24.8% por debajo de su máximo 52s. Fundamentalmente aceptable con ROE 11.4%, deuda neta/EBITDA 6.4x. Técnicamente 🟢 Divergencia alcista RSI, 🟢 Volumen creciente. Clasificación: descarte.","MITSUI & CO está un 24.8% por debajo de su máximo 52s. Fundamentalmente aceptable con ROE 11.4%, deuda neta/EBITDA 6.4x. Técnicamente 🟢 Divergencia alcista RSI, 🟢 Volumen creciente. Clasificación: descarte.",OK,
RNO.PA,RENAULT,EUROSTOXX,1.0,script-v2.0,1.0,2026-09-05T11:49:47.685565+02:00,64.6,60.1,35.0,82.0,0.0,4.0,78.0,45.0,33.0,1432019.0,8.23,5.6,,9.83,38.3,-0.224,True,70.1,51.4,False,28.9,0.8,True,True,True,Sin señales de recuperación,pass,seguimiento,pendiente,0.0,desconocido,Pendiente de implementar,ausente,"dividend_maintained (baja): Dividendo actual 7.55% con caída del 23.3% | analyst_upgrade (media): Target 38.54 vs precio 29.14 (+32%), recMean 2.35, recKey buy",fuerte,seguimiento,26.56,27.39,26.56 - 27.39,28.86,32.27,28.86 - 32.27,Pérdida del soporte en 26.56 | ROE negativo durante 2 trimestres consecutivos | Ampliación de capital dilutiva | Recorte de rating a bono basura,6-12,"RENAULT está un 23.3% por debajo de su máximo 52s. Fundamentalmente sólida con ROE 5.0%, deuda neta/EBITDA 8.2x. Técnicamente 🟢 Cruce alcista MACD, 🟢 Volumen creciente. Clasificación: seguimiento.","RENAULT está un 23.3% por debajo de su máximo 52s. Fundamentalmente sólida con ROE 5.0%, deuda neta/EBITDA 8.2x. Técnicamente 🟢 Cruce alcista MACD, 🟢 Volumen creciente. Clasificación: seguimiento.",OK,
WKL.AS,WOLTERS KLUWER,EUROSTOXX,1.0,script-v2.0,1.0,2026-09-05T11:49:52.425225+02:00,64.5,68.3,72.0,65.0,0.0,7.0,53.0,30.0,23.0,1148792.0,2.08,36.4,,9.98,59.8,-1.2519,False,44.8,50.7,False,67.7,1.7,True,True,True,,pass,seguimiento,pendiente,0.0,desconocido,Pendiente de implementar,parcial,"eps_stabilization (media): EPS 5.64 vs 4.52 (annual_eps_fallback) | dividend_maintained (baja): Dividendo actual 3.78% con caída del 41.3% | analyst_upgrade (media): Target 89.43 vs precio 68.86 (+30%), recMean 1.73, recKey buy",razonable,seguimiento,65.09,66.67,65.09 - 66.67,68.22,99.75,68.22 - 99.75,Pérdida del soporte en 66.67 | ROE negativo durante 2 trimestres consecutivos | Ampliación de capital dilutiva | Recorte de rating a bono basura,18-24,"WOLTERS KLUWER está un 41.3% por debajo de su máximo 52s. Fundamentalmente sólida con ROE 146.1%, deuda neta/EBITDA 2.1x. Técnicamente 🟢 Cerca de soporte, 🟡 Apoyo en MA40 semanal. Clasificación: seguimiento.","WOLTERS KLUWER está un 41.3% por debajo de su máximo 52s. Fundamentalmente sólida con ROE 146.1%, deuda neta/EBITDA 2.1x. Técnicamente 🟢 Cerca de soporte, 🟡 Apoyo en MA40 semanal. Clasificación: seguimiento.",OK,
MUV2.DE,MUENCHENER RUECKVERS.-GES. AG N,EUROSTOXX,1.0,script-v2.0,1.0,2026-09-05T11:49:26.596487+02:00,64.3,63.8,99.0,33.0,0.0,7.0,66.0,48.0,18.0,274941.0,,9.4,2.4,,9.6,4.821,False,82.5,81.2,False,504.74,4.5,True,True,True,,pass,seguimiento,pendiente,0.0,desconocido,Pendiente de implementar,parcial,margin_stabilization (media): Margen operating 15.6% vs 13.7% (+1.9 pp) | eps_stabilization (media): EPS 17.50 vs 13.41 (Diluted EPS) | dividend_maintained (baja): Dividendo actual 4.55% con caída del 8.3%,razonable,seguimiento,504.1,512.79,504.10 - 512.79,489.26,504.6,489.26 - 504.60,Pérdida del soporte en 504.10 | ROE negativo durante 2 trimestres consecutivos | Ampliación de capital dilutiva | Recorte de rating a bono basura,6-12,"MUENCHENER RUECKVERS.-GES. AG N está un 8.3% por debajo de su máximo 52s. Fundamentalmente sólida con ROE 21.3%, D/E 0.24. Técnicamente 🟢 Cruce alcista MACD, 🟢 Cerca de soporte. Clasificación: seguimiento.","MUENCHENER RUECKVERS.-GES. AG N está un 8.3% por debajo de su máximo 52s. Fundamentalmente sólida con ROE 21.3%, D/E 0.24. Técnicamente 🟢 Cruce alcista MACD, 🟢 Cerca de soporte. Clasificación: seguimiento.",OK,
9021.T,WEST JAPAN RAILWAY CO,ASIA,1.0,script-v2.0,1.0,2026-09-05T11:51:37.214759+02:00,64.1,68.1,82.0,56.0,0.0,1.0,52.0,19.0,33.0,2756001.0,3.67,6.6,,7.73,13.0,-3.9063,True,85.4,79.1,False,2984.65,1.2,True,True,True,Sin señales de recuperación,pass,seguimiento,pendiente,0.0,desconocido,Pendiente de implementar,ausente,dividend_maintained (baja): Dividendo actual 3.23% con caída del 14.4%,razonable,seguimiento,2814.5,2925.62,2814.50 - 2925.62,2985.08,2998.8,2985.08 - 2998.80,Pérdida del soporte en 2814.50 | ROE negativo durante 2 trimestres consecutivos | Ampliación de capital dilutiva | Recorte de rating a bono basura,6-12,"WEST JAPAN RAILWAY CO está un 14.4% por debajo de su máximo 52s. Fundamentalmente sólida con ROE 9.3%, deuda neta/EBITDA 3.7x. Técnicamente 🟢 MACD semanal girando al alza, 🟡 Apoyo en MA40 semanal. Clasificación: seguimiento.","WEST JAPAN RAILWAY CO está un 14.4% por debajo de su máximo 52s. Fundamentalmente sólida con ROE 9.3%, deuda neta/EBITDA 3.7x. Técnicamente 🟢 MACD semanal girando al alza, 🟡 Apoyo en MA40 semanal. Clasificación: seguimiento.",OK,
0066.HK,MTR CORPORATION,ASIA,1.0,script-v2.0,1.0,2026-09-05T11:51:44.570683+02:00,64.1,71.1,93.0,52.0,0.0,1.0,43.0,25.0,18.0,5725571.0,1.6,119.5,,7.44,9.5,0.4395,False,72.5,44.7,False,31.88,3.3,True,True,True,Sin señales de recuperación,pass,seguimiento,pendiente,0.0,desconocido,Pendiente de implementar,ausente,dividend_maintained (baja): Dividendo actual 3.98% con caída del 13.0%,incompleto,seguimiento,31.05,31.96,31.05 - 31.96,31.65,32.2,31.65 - 32.20,Pérdida del soporte en 31.05 | ROE negativo durante 2 trimestres consecutivos | Ampliación de capital dilutiva | Recorte de rating a bono basura,6-12,"MTR CORPORATION está un 13.0% por debajo de su máximo 52s. Fundamentalmente sólida con ROE 11.1%, deuda neta/EBITDA 1.6x. Técnicamente 🟡 MACD convergiendo, 🟢 base_pattern_detected. Clasificación: seguimiento.","MTR CORPORATION está un 13.0% por debajo de su máximo 52s. Fundamentalmente sólida con ROE 11.1%, deuda neta/EBITDA 1.6x. Técnicamente 🟡 MACD convergiendo, 🟢 base_pattern_detected. Clasificación: seguimiento.",OK,
AVGO,Broadcom Inc.,SP500,1.0,script-v2.0,1.0,2026-09-05T11:51:08.590940+02:00,64.0,61.6,100.0,28.0,0.0,15.0,71.0,54.0,17.0,24443645.0,0.68,-10.0,7.3,33.45,27.6,4.3301,False,35.8,29.8,False,367.44,-2.6,True,False,True,,pass,entrada_directa,pendiente,0.0,desconocido,Pendiente de implementar,confirmada,"margin_stabilization (media): Margen gross 69.5% vs 68.1% (+1.3 pp) | eps_stabilization (media): EPS 1.91 vs 1.50 (Diluted EPS) | debt_reduction (alta): Deuda 59419.0M vs 66057.0M | dividend_maintained (baja): Dividendo actual 0.73% con caída del 27.7% | analyst_upgrade (media): Target 533.41 vs precio 357.89 (+49%), recMean 1.27, recKey strong_buy",fuerte,entrada_directa,307.38,357.9,307.38 - 357.90,369.03,420.75,369.03 - 420.75,Pérdida del soporte en 307.38 | ROE negativo durante 2 trimestres consecutivos | Ampliación de capital dilutiva | Recorte de rating a bono basura,12-18,"Broadcom Inc. está un 27.7% por debajo de su máximo 52s. Fundamentalmente sólida con ROE 44.2%, deuda neta/EBITDA 0.7x. Técnicamente 🟡 MACD convergiendo, 🟢 Volumen creciente. Clasificación: entrada_directa.","Broadcom Inc. está un 27.7% por debajo de su máximo 52s. Fundamentalmente sólida con ROE 44.2%, deuda neta/EBITDA 0.7x. Técnicamente 🟡 MACD convergiendo, 🟢 Volumen creciente. Clasificación: entrada_directa.",OK,
RIO.L,RIO TINTO PLC ORD 10P,EUROSTOXX,1.0,script-v2.0,1.0,2026-09-05T11:50:13.211166+02:00,63.6,72.8,100.0,49.0,0.0,6.0,36.0,24.0,12.0,3037578.0,0.58,-2.8,,6.28,16.2,211.2117,False,78.6,74.6,False,6978.92,9.5,True,False,True,,pass,pendiente_confirmacion,pendiente,0.0,desconocido,Pendiente de implementar,parcial,debt_reduction (alta): Deuda 22852.0M vs 23517.0M | dividend_maintained (baja): Dividendo actual 0.05% con caída del 16.2%,incompleto,pendiente_confirmacion,7173.82,7209.74,7173.82 - 7209.74,6928.69,7749.45,6928.69 - 7749.45,Pérdida del soporte en 7209.74 | ROE negativo durante 2 trimestres consecutivos | Ampliación de capital dilutiva | Recorte de rating a bono basura,6-12,"RIO TINTO PLC ORD 10P está un 16.2% por debajo de su máximo 52s. Fundamentalmente sólida con ROE 19.3%, deuda neta/EBITDA 0.6x. Técnicamente 🟢 Divergencia alcista RSI, 🟢 base_pattern_detected. Clasificación: pendiente_confirmacion.","RIO TINTO PLC ORD 10P está un 16.2% por debajo de su máximo 52s. Fundamentalmente sólida con ROE 19.3%, deuda neta/EBITDA 0.6x. Técnicamente 🟢 Divergencia alcista RSI, 🟢 base_pattern_detected. Clasificación: pendiente_confirmacion.",OK,
SRE,DBA Sempra,SP500,1.0,script-v2.0,1.0,2026-09-05T11:50:56.171476+02:00,63.4,51.5,67.0,38.0,0.0,7.0,99.0,82.0,17.0,3963680.0,6.23,0.6,-5.8,17.4,16.2,-1.5227,False,52.0,53.1,False,90.3,-6.9,True,False,False,,pass,descarte,pendiente,0.0,desconocido,Pendiente de implementar,parcial,"margin_stabilization (media): Margen gross 54.7% vs 52.6% (+2.1 pp) | dividend_maintained (baja): Dividendo actual 3.13% con caída del 16.8% | analyst_upgrade (media): Target 101.82 vs precio 84.04 (+21%), recMean 1.58, recKey buy",fuerte,descarte,83.16,84.04,83.16 - 84.04,85.88,90.21,85.88 - 90.21,Pérdida del soporte en 83.16 | ROE negativo durante 2 trimestres consecutivos | Ampliación de capital dilutiva | Recorte de rating a bono basura,6-12,"DBA Sempra está un 16.8% por debajo de su máximo 52s. Fundamentalmente aceptable con ROE 6.7%, deuda neta/EBITDA 6.2x. Técnicamente 🔵 RSI recuperándose de sobreventa, 🟢 Divergencia alcista RSI. Clasificación: descarte.","DBA Sempra está un 16.8% por debajo de su máximo 52s. Fundamentalmente aceptable con ROE 6.7%, deuda neta/EBITDA 6.2x. Técnicamente 🔵 RSI recuperándose de sobreventa, 🟢 Divergencia alcista RSI. Clasificación: descarte.",OK,
SHEL.L,SHELL PLC ORD EUR0.07,EUROSTOXX,1.0,script-v2.0,1.0,2026-09-05T11:50:08.558106+02:00,63.4,64.9,98.0,36.0,0.0,12.0,59.0,41.0,18.0,9527400.0,0.72,-3.4,9.3,4.07,8.5,89.9104,False,78.6,81.0,False,3097.43,11.0,True,True,True,,pass,entrada_escalada,pendiente,0.0,desconocido,Pendiente de implementar,confirmada,margin_stabilization (media): Margen gross 19.5% vs 19.3% (+0.2 pp) | eps_stabilization (media): EPS 1.92 vs 1.00 (Diluted EPS) | debt_reduction (alta): Deuda 73076.0M vs 75644.0M | dividend_maintained (baja): Dividendo actual 0.03% con caída del 8.6%,razonable,entrada_escalada,3238.5,3431.29,3238.50 - 3431.29,3083.67,3194.72,3083.67 - 3194.72,Pérdida del soporte en 3431.29 | ROE negativo durante 2 trimestres consecutivos | Ampliación de capital dilutiva | Recorte de rating a bono basura,6-12,"SHELL PLC ORD EUR0.07 está un 8.6% por debajo de su máximo 52s. Fundamentalmente sólida con ROE 14.3%, deuda neta/EBITDA 0.7x. Técnicamente 🟡 MACD convergiendo, 🟢 Volumen creciente. Clasificación: entrada_escalada.","SHELL PLC ORD EUR0.07 está un 8.6% por debajo de su máximo 52s. Fundamentalmente sólida con ROE 14.3%, deuda neta/EBITDA 0.7x. Técnicamente 🟡 MACD convergiendo, 🟢 Volumen creciente. Clasificación: entrada_escalada.",OK,
EOAN.DE,E.ON SE                       N,EUROSTOXX,1.0,script-v2.0,1.0,2026-09-05T11:49:24.233770+02:00,63.4,61.5,94.0,33.0,0.0,4.0,69.0,52.0,17.0,4279771.0,3.87,,-3.8,9.14,11.6,0.1076,False,33.6,29.4,False,17.83,-1.9,True,False,True,Sin señales de recuperación,pass,seguimiento,pendiente,0.0,desconocido,Pendiente de implementar,ausente,eps_stabilization (media): EPS 0.85 vs -0.02 (Diluted EPS) | dividend_maintained (baja): Dividendo actual 3.26% con caída del 14.2%,razonable,seguimiento,16.62,17.5,16.62 - 17.50,17.33,17.74,17.33 - 17.74,Pérdida del soporte en 16.62 | ROE negativo durante 2 trimestres consecutivos | Ampliación de capital dilutiva | Recorte de rating a bono basura,6-12,"E.ON SE                       N está un 14.2% por debajo de su máximo 52s. Fundamentalmente sólida con ROE 15.5%, deuda neta/EBITDA 3.9x. Técnicamente 🟢 Cruce alcista MACD, 🟡 Apoyo en MA40 semanal. Clasificación: seguimiento.","E.ON SE                       N está un 14.2% por debajo de su máximo 52s. Fundamentalmente sólida con ROE 15.5%, deuda neta/EBITDA 3.9x. Técnicamente 🟢 Cruce alcista MACD, 🟡 Apoyo en MA40 semanal. Clasificación: seguimiento.",OK,
GIS,"General Mills, Inc.",SP500,1.0,script-v2.0,1.0,2026-09-05T11:51:03.323199+02:00,63.1,64.5,64.0,65.0,0.0,9.0,59.0,36.0,23.0,9779600.0,-0.12,-100.0,0.1,6.79,44.2,-0.0619,False,13.5,37.5,False,38.73,-1.1,True,True,True,,pass,seguimiento,pendiente,0.0,desconocido,Pendiente de implementar,parcial,margin_stabilization (media): Margen gross 34.8% vs 30.8% (+4.0 pp) | debt_reduction (alta): Deuda 0.0M vs 13967.7M | dividend_maintained (baja): Dividendo actual 6.37% con caída del 25.4%,razonable,seguimiento,37.68,37.69,37.68 - 37.69,38.9,43.63,38.90 - 43.63,Pérdida del soporte en 37.68 | ROE negativo durante 2 trimestres consecutivos | Ampliación de capital dilutiva | Recorte de rating a bono basura,12-18,"General Mills, Inc. está un 25.4% por debajo de su máximo 52s. Fundamentalmente sólida con ROE -1.0%, deuda neta/EBITDA -0.1x. Técnicamente 🟢 Cerca de soporte, 🟡 Apoyo en MA40 semanal. Clasificación: seguimiento.","General Mills, Inc. está un 25.4% por debajo de su máximo 52s. Fundamentalmente sólida con ROE -1.0%, deuda neta/EBITDA -0.1x. Técnicamente 🟢 Cerca de soporte, 🟡 Apoyo en MA40 semanal. Clasificación: seguimiento.",OK,
TTE.PA,TOTALENERGIES,EUROSTOXX,1.0,script-v2.0,1.0,2026-09-05T11:49:44.564193+02:00,63.0,58.9,100.0,23.0,0.0,6.0,75.0,57.0,18.0,3840138.0,0.79,-1.7,7.0,5.12,5.2,2.4391,False,42.4,70.9,False,68.79,10.6,True,True,False,,pass,descarte,pendiente,0.0,desconocido,Pendiente de implementar,parcial,debt_reduction (alta): Deuda 62917.0M vs 64008.0M | dividend_maintained (baja): Dividendo actual 4.73% con caída del 6.4%,fuerte,descarte,72.39,73.51,72.39 - 73.51,68.35,69.14,68.35 - 69.14,Pérdida del soporte en 72.39 | ROE negativo durante 2 trimestres consecutivos | Ampliación de capital dilutiva | Recorte de rating a bono basura,6-12,"TOTALENERGIES está un 6.4% por debajo de su máximo 52s. Fundamentalmente aceptable con ROE 14.5%, deuda neta/EBITDA 0.8x. Técnicamente 🟢 Divergencia alcista RSI, 🟢 Cruce alcista MACD. Clasificación: descarte.","TOTALENERGIES está un 6.4% por debajo de su máximo 52s. Fundamentalmente aceptable con ROE 14.5%, deuda neta/EBITDA 0.8x. Técnicamente 🟢 Divergencia alcista RSI, 🟢 Cruce alcista MACD. Clasificación: descarte.",OK,
4503.T,ASTELLAS PHARMA,ASIA,1.0,script-v2.0,1.0,2026-09-05T11:51:30.991809+02:00,63.0,69.6,100.0,43.0,0.0,9.0,43.0,25.0,18.0,6483519.0,0.52,-29.1,,6.83,13.3,37.7833,False,51.5,67.0,False,2280.95,3.3,True,True,True,,pass,pendiente_confirmacion,pendiente,0.0,desconocido,Pendiente de implementar,parcial,eps_stabilization (media): EPS 78.96 vs 38.11 (Diluted EPS) | debt_reduction (alta): Deuda 589870.0M vs 831426.0M | dividend_maintained (baja): Dividendo actual 3.40% con caída del 13.3%,incompleto,pendiente_confirmacion,2254.04,2290.5,2254.04 - 2290.50,2250.96,2309.45,2250.96 - 2309.45,Pérdida del soporte en 2290.50 | ROE negativo durante 2 trimestres consecutivos | Ampliación de capital dilutiva | Recorte de rating a bono basura,6-12,"ASTELLAS PHARMA está un 13.3% por debajo de su máximo 52s. Fundamentalmente sólida con ROE 21.3%, deuda neta/EBITDA 0.5x. Técnicamente 🟢 Cerca de soporte, 🟢 base_pattern_detected. Clasificación: pendiente_confirmacion.","ASTELLAS PHARMA está un 13.3% por debajo de su máximo 52s. Fundamentalmente sólida con ROE 21.3%, deuda neta/EBITDA 0.5x. Técnicamente 🟢 Cerca de soporte, 🟢 base_pattern_detected. Clasificación: pendiente_confirmacion.",OK,
IBM,International Business Machines,SP500,1.0,script-v2.0,1.0,2026-09-05T11:50:44.289096+02:00,62.9,58.8,94.0,28.0,0.0,12.0,75.0,48.0,27.0,8994266.0,3.47,-6.5,0.1,16.91,28.8,-7.2857,True,50.0,45.5,False,257.96,-8.9,True,False,False,,pass,descarte,pendiente,0.0,desconocido,Pendiente de implementar,confirmada,margin_stabilization (media): Margen gross 57.7% vs 56.2% (+1.5 pp) | eps_stabilization (media): EPS 2.27 vs 1.28 (Diluted EPS) | debt_reduction (alta): Deuda 65272.0M vs 69802.0M | dividend_maintained (baja): Dividendo actual 2.88% con caída del 29.3%,fuerte,descarte,223.98,234.89,223.98 - 234.89,259.0,282.59,259.00 - 282.59,Pérdida del soporte en 223.98 | ROE negativo durante 2 trimestres consecutivos | Ampliación de capital dilutiva | Recorte de rating a bono basura,12-18,"International Business Machines está un 29.3% por debajo de su máximo 52s. Fundamentalmente aceptable con ROE 34.5%, deuda neta/EBITDA 3.5x. Técnicamente 🟢 Divergencia alcista RSI, 🟢 Cerca de soporte. Clasificación: descarte.","International Business Machines está un 29.3% por debajo de su máximo 52s. Fundamentalmente aceptable con ROE 34.5%, deuda neta/EBITDA 3.5x. Técnicamente 🟢 Divergencia alcista RSI, 🟢 Cerca de soporte. Clasificación: descarte.",OK,
005930.KS,SamsungElec,ASIA,1.0,script-v2.0,1.0,2026-09-05T11:51:48.354748+02:00,62.8,67.3,78.0,58.0,0.0,15.0,49.0,37.0,12.0,27912493.0,-0.74,-11.2,12.1,6.71,31.7,17034.7338,False,27.8,18.7,False,221385.81,15.4,True,False,True,,pass,entrada_escalada,pendiente,0.0,desconocido,Pendiente de implementar,confirmada,"margin_stabilization (media): Margen gross 61.2% vs 47.2% (+14.0 pp) | eps_stabilization (media): EPS 7056.00 vs 1801.00 (Diluted EPS) | debt_reduction (alta): Deuda 22408721.3M vs 25239139.0M | dividend_maintained (baja): Dividendo actual 0.59% con caída del 31.8% | analyst_upgrade (media): Target 472178.47 vs precio 255500.00 (+85%), recMean 1.35, recKey strong_buy",razonable,entrada_escalada,244900.0,255500.0,244900.00 - 255500.00,211370.99,318325.0,211370.99 - 318325.00,Pérdida del soporte en 244900.00 | ROE negativo durante 2 trimestres consecutivos | Ampliación de capital dilutiva | Recorte de rating a bono basura,12-18,"SamsungElec está un 31.8% por debajo de su máximo 52s. Fundamentalmente sólida con ROE 30.8%, deuda neta/EBITDA -0.7x. Técnicamente 🟢 Divergencia alcista RSI, 🟢 Cerca de soporte. Clasificación: entrada_escalada.","SamsungElec está un 31.8% por debajo de su máximo 52s. Fundamentalmente sólida con ROE 30.8%, deuda neta/EBITDA -0.7x. Técnicamente 🟢 Divergencia alcista RSI, 🟢 Cerca de soporte. Clasificación: entrada_escalada.",OK,
PG,Procter & Gamble Company (The),SP500,1.0,script-v2.0,1.0,2026-09-05T11:50:20.679812+02:00,62.8,55.7,100.0,17.0,0.0,6.0,84.0,57.0,27.0,9026884.0,1.01,-5.4,0.7,14.8,15.1,-0.4772,True,69.1,78.1,False,146.16,0.2,True,False,False,,pass,descarte,pendiente,0.0,desconocido,Pendiente de implementar,parcial,debt_reduction (alta): Deuda 35025.0M vs 37026.0M | dividend_maintained (baja): Dividendo actual 2.97% con caída del 12.4%,fuerte,descarte,141.85,146.3,141.85 - 146.30,142.16,145.83,142.16 - 145.83,Pérdida del soporte en 141.85 | ROE negativo durante 2 trimestres consecutivos | Ampliación de capital dilutiva | Recorte de rating a bono basura,6-12,"Procter & Gamble Company (The) está un 12.4% por debajo de su máximo 52s. Fundamentalmente aceptable con ROE 30.3%, deuda neta/EBITDA 1.0x. Técnicamente 🟢 Divergencia alcista RSI, 🟢 Cruce alcista MACD. Clasificación: descarte.","Procter & Gamble Company (The) está un 12.4% por debajo de su máximo 52s. Fundamentalmente aceptable con ROE 30.3%, deuda neta/EBITDA 1.0x. Técnicamente 🟢 Divergencia alcista RSI, 🟢 Cruce alcista MACD. Clasificación: descarte.",OK,
HEIA.AS,HEINEKEN,EUROSTOXX,1.0,script-v2.0,1.0,2026-09-05T11:49:49.271878+02:00,62.8,67.7,89.0,49.0,0.0,7.0,48.0,48.0,0.0,835836.0,3.22,17.4,,10.92,9.8,1.3307,False,72.3,65.3,False,70.47,3.6,False,False,True,,pass,seguimiento,pendiente,0.0,desconocido,Pendiente de implementar,parcial,"eps_stabilization (media): EPS 3.38 vs 1.74 (annual_eps_fallback) | dividend_maintained (baja): Dividendo actual 2.63% con caída del 9.2% | analyst_upgrade (media): Target 89.09 vs precio 73.02 (+22%), recKey none",razonable,seguimiento,72.81,73.02,72.81 - 73.02,68.37,70.36,68.37 - 70.36,Pérdida del soporte en 72.81 | ROE negativo durante 2 trimestres consecutivos | Ampliación de capital dilutiva | Recorte de rating a bono basura,6-12,"HEINEKEN está un 9.2% por debajo de su máximo 52s. Fundamentalmente sólida con ROE 12.1%, deuda neta/EBITDA 3.2x. Técnicamente 🟢 Cruce alcista MACD, 🟢 Cerca de soporte. Clasificación: seguimiento.","HEINEKEN está un 9.2% por debajo de su máximo 52s. Fundamentalmente sólida con ROE 12.1%, deuda neta/EBITDA 3.2x. Técnicamente 🟢 Cruce alcista MACD, 🟢 Cerca de soporte. Clasificación: seguimiento.",OK,
VOW3.DE,VOLKSWAGEN AG                 V,EUROSTOXX,1.0,script-v2.0,1.0,2026-09-05T11:49:26.526719+02:00,62.8,56.3,51.0,61.0,0.0,10.0,82.0,55.0,27.0,1019802.0,11.1,43.9,-2.5,13.98,20.5,-2.7311,True,79.8,60.5,False,85.33,-4.7,True,False,False,,pass,descarte,pendiente,0.0,desconocido,Pendiente de implementar,parcial,"margin_stabilization (media): Margen gross 15.1% vs 15.5% (-0.4 pp) | eps_stabilization (media): EPS 2.56 vs 2.55 (Diluted EPS) | dividend_maintained (baja): Dividendo actual 6.47% con caída del 25.5% | analyst_upgrade (media): Target 104.50 vs precio 81.30 (+29%), recMean 2.10, recKey buy",fuerte,descarte,74.08,79.79,74.08 - 79.79,85.06,92.78,85.06 - 92.78,Pérdida del soporte en 79.79 | ROE negativo durante 2 trimestres consecutivos | Ampliación de capital dilutiva | Recorte de rating a bono basura,12-18,"VOLKSWAGEN AG                 V está un 25.5% por debajo de su máximo 52s. Fundamentalmente aceptable con ROE 2.8%, deuda neta/EBITDA 11.1x. Técnicamente 🟢 Divergencia alcista RSI, 🟢 Volumen creciente. Clasificación: descarte.","VOLKSWAGEN AG                 V está un 25.5% por debajo de su máximo 52s. Fundamentalmente aceptable con ROE 2.8%, deuda neta/EBITDA 11.1x. Técnicamente 🟢 Divergencia alcista RSI, 🟢 Volumen creciente. Clasificación: descarte.",OK,
DTE.DE,DEUTSCHE TELEKOM AG           N,EUROSTOXX,1.0,script-v2.0,1.0,2026-09-05T11:49:23.967462+02:00,62.8,66.0,82.0,52.0,0.0,10.0,53.0,30.0,23.0,6437185.0,3.31,2.8,-16.2,7.19,16.0,-0.1112,False,40.1,48.6,False,28.36,0.1,True,True,True,,pass,seguimiento,pendiente,0.0,desconocido,Pendiente de implementar,parcial,"margin_stabilization (media): Margen gross 63.2% vs 62.1% (+1.1 pp) | eps_stabilization (media): EPS 0.51 vs 0.42 (Diluted EPS) | dividend_maintained (baja): Dividendo actual 3.52% con caída del 17.3% | analyst_upgrade (media): Target 36.93 vs precio 28.40 (+30%), recMean 1.44, recKey strong_buy",razonable,seguimiento,27.09,27.37,27.09 - 27.37,28.24,29.21,28.24 - 29.21,Pérdida del soporte en 27.09 | ROE negativo durante 2 trimestres consecutivos | Ampliación de capital dilutiva | Recorte de rating a bono basura,6-12,"DEUTSCHE TELEKOM AG           N está un 17.3% por debajo de su máximo 52s. Fundamentalmente sólida con ROE 15.1%, deuda neta/EBITDA 3.3x. Técnicamente 🟢 Cerca de soporte, 🟡 Apoyo en MA40 semanal. Clasificación: seguimiento.","DEUTSCHE TELEKOM AG           N está un 17.3% por debajo de su máximo 52s. Fundamentalmente sólida con ROE 15.1%, deuda neta/EBITDA 3.3x. Técnicamente 🟢 Cerca de soporte, 🟡 Apoyo en MA40 semanal. Clasificación: seguimiento.",OK,
WMT,Walmart Inc.,SP500,1.0,script-v2.0,1.0,2026-09-05T11:50:42.062258+02:00,62.5,56.3,91.0,26.0,0.0,7.0,81.0,64.0,17.0,24416948.0,1.44,11.9,-0.1,20.88,20.5,-3.222,False,34.6,35.1,False,118.61,-9.7,True,False,False,,pass,descarte,pendiente,0.0,desconocido,Pendiente de implementar,parcial,margin_stabilization (media): Margen gross 25.1% vs 24.7% (+0.5 pp) | eps_stabilization (media): EPS 0.67 vs 0.53 (Diluted EPS) | dividend_maintained (baja): Dividendo actual 0.92% con caída del 20.7%,fuerte,descarte,102.21,107.14,102.21 - 107.14,114.89,118.15,114.89 - 118.15,Pérdida del soporte en 102.21 | ROE negativo durante 2 trimestres consecutivos | Ampliación de capital dilutiva | Recorte de rating a bono basura,6-12,"Walmart Inc. está un 20.7% por debajo de su máximo 52s. Fundamentalmente aceptable con ROE 22.3%, deuda neta/EBITDA 1.4x. Técnicamente 🟢 Divergencia alcista RSI, 🟢 Cruce alcista MACD. Clasificación: descarte.","Walmart Inc. está un 20.7% por debajo de su máximo 52s. Fundamentalmente aceptable con ROE 22.3%, deuda neta/EBITDA 1.4x. Técnicamente 🟢 Divergencia alcista RSI, 🟢 Cruce alcista MACD. Clasificación: descarte.",OK,
BA.L,BAE SYSTEMS PLC ORD 2.5P,EUROSTOXX,1.0,script-v2.0,1.0,2026-09-05T11:50:16.254942+02:00,62.3,60.7,97.0,29.0,0.0,4.0,67.0,50.0,17.0,6443444.0,1.32,1.1,,16.97,17.1,23.5444,False,0.8,3.3,False,2003.4,-2.3,True,False,True,Sin señales de recuperación,pass,seguimiento,pendiente,0.0,desconocido,Pendiente de implementar,ausente,eps_stabilization (media): EPS 0.68 vs 0.64 (annual_eps_fallback) | dividend_maintained (baja): Dividendo actual 0.02% con caída del 17.1%,razonable,seguimiento,1883.5,1956.5,1883.50 - 1956.50,1989.89,2006.0,1989.89 - 2006.00,Pérdida del soporte en 1883.50 | ROE negativo durante 2 trimestres consecutivos | Ampliación de capital dilutiva | Recorte de rating a bono basura,6-12,"BAE SYSTEMS PLC ORD 2.5P está un 17.1% por debajo de su máximo 52s. Fundamentalmente sólida con ROE 18.6%, deuda neta/EBITDA 1.3x. Técnicamente 🔵 RSI en sobreventa, 🟢 Cerca de soporte. Clasificación: seguimiento.","BAE SYSTEMS PLC ORD 2.5P está un 17.1% por debajo de su máximo 52s. Fundamentalmente sólida con ROE 18.6%, deuda neta/EBITDA 1.3x. Técnicamente 🔵 RSI en sobreventa, 🟢 Cerca de soporte. Clasificación: seguimiento.",OK,
051910.KS,LGCHEM,ASIA,1.0,script-v2.0,1.0,2026-09-05T11:51:49.897355+02:00,61.7,58.2,47.0,68.0,0.0,7.0,72.0,50.0,22.0,222018.0,5.53,19.3,-0.3,12.64,35.5,-18894.8843,True,62.9,57.4,False,324565.33,-13.1,True,False,False,,pass,descarte,pendiente,0.0,desconocido,Pendiente de implementar,parcial,"margin_stabilization (media): Margen gross 18.9% vs 13.4% (+5.5 pp) | dividend_maintained (baja): Dividendo actual 0.71% con caída del 35.5% | analyst_upgrade (media): Target 404200.00 vs precio 282000.00 (+43%), recMean 1.72, recKey buy",fuerte,descarte,266000.0,266930.0,266000.00 - 266930.00,327254.11,371875.0,327254.11 - 371875.00,Pérdida del soporte en 266000.00 | ROE negativo durante 2 trimestres consecutivos | Ampliación de capital dilutiva | Recorte de rating a bono basura,12-18,"LGCHEM está un 35.5% por debajo de su máximo 52s. Fundamentalmente aceptable con ROE -5.7%, deuda neta/EBITDA 5.5x. Técnicamente 🟢 Divergencia alcista RSI, 🟢 Volumen creciente. Clasificación: descarte.","LGCHEM está un 35.5% por debajo de su máximo 52s. Fundamentalmente aceptable con ROE -5.7%, deuda neta/EBITDA 5.5x. Técnicamente 🟢 Divergencia alcista RSI, 🟢 Volumen creciente. Clasificación: descarte.",OK,
005380.KS,HyundaiMtr,ASIA,1.0,script-v2.0,1.0,2026-09-05T11:51:50.890373+02:00,61.4,62.2,59.0,65.0,0.0,10.0,59.0,47.0,12.0,887651.0,7.79,7.9,-0.3,16.43,50.7,-21839.6926,False,11.0,8.1,False,479323.13,-20.0,True,False,True,,pass,seguimiento,pendiente,0.0,desconocido,Pendiente de implementar,parcial,"margin_stabilization (media): Margen gross 17.5% vs 16.7% (+0.7 pp) | eps_stabilization (media): EPS 8897.00 vs 8683.00 (Diluted EPS) | dividend_maintained (baja): Dividendo actual 2.61% con caída del 51.0% | analyst_upgrade (media): Target 660691.50 vs precio 383500.00 (+72%), recMean 1.66, recKey buy",razonable,seguimiento,381587.93,383500.0,381587.93 - 383500.00,459860.34,665550.0,459860.34 - 665550.00,Pérdida del soporte en 381587.93 | ROE negativo durante 2 trimestres consecutivos | Ampliación de capital dilutiva | Recorte de rating a bono basura,18-24,"HyundaiMtr está un 51.0% por debajo de su máximo 52s. Fundamentalmente sólida con ROE 7.2%, deuda neta/EBITDA 7.8x. Técnicamente 🟢 Divergencia alcista RSI, 🟢 Cerca de soporte. Clasificación: seguimiento.","HyundaiMtr está un 51.0% por debajo de su máximo 52s. Fundamentalmente sólida con ROE 7.2%, deuda neta/EBITDA 7.8x. Técnicamente 🟢 Divergencia alcista RSI, 🟢 Cerca de soporte. Clasificación: seguimiento.",OK,
WY,Weyerhaeuser Company,SP500,1.0,script-v2.0,1.0,2026-09-05T11:51:06.368074+02:00,61.1,52.5,69.0,38.0,0.0,12.0,87.0,64.0,23.0,5422308.0,7.15,-0.0,0.2,31.27,27.8,-0.0305,False,16.0,10.2,True,24.01,-4.1,True,False,False,,pass,descarte,pendiente,0.0,desconocido,Pendiente de implementar,confirmada,"eps_stabilization (media): EPS 0.22 vs 0.22 (Diluted EPS) | debt_reduction (alta): Deuda 5449.0M vs 5449.0M | dividend_maintained (baja): Dividendo actual 3.65% con caída del 17.0% | analyst_upgrade (media): Target 31.00 vs precio 23.02 (+35%), recMean 1.67, recKey buy",fuerte,descarte,22.1,23.02,22.10 - 23.02,23.59,23.83,23.59 - 23.83,Pérdida del soporte en 22.10 | ROE negativo durante 2 trimestres consecutivos | Ampliación de capital dilutiva | Recorte de rating a bono basura,6-12,"Weyerhaeuser Company está un 17.0% por debajo de su máximo 52s. Fundamentalmente aceptable con ROE 5.0%, deuda neta/EBITDA 7.2x. Técnicamente 🔵 RSI recuperándose de sobreventa, 🟡 MACD convergiendo. Clasificación: descarte.","Weyerhaeuser Company está un 17.0% por debajo de su máximo 52s. Fundamentalmente aceptable con ROE 5.0%, deuda neta/EBITDA 7.2x. Técnicamente 🔵 RSI recuperándose de sobreventa, 🟡 MACD convergiendo. Clasificación: descarte.",OK,
DSY.PA,DASSAULT SYSTEMES,EUROSTOXX,1.0,script-v2.0,1.0,2026-09-05T11:49:47.166980+02:00,61.0,67.3,94.0,44.0,0.0,7.0,42.0,36.0,6.0,2013085.0,-1.36,36.2,0.0,15.18,47.9,0.3065,False,0.5,34.8,False,20.06,4.8,False,True,True,,pass,pendiente_confirmacion,pendiente,0.0,desconocido,Pendiente de implementar,parcial,margin_stabilization (media): Margen gross 84.1% vs 84.0% (+0.1 pp) | eps_stabilization (media): EPS 0.22 vs 0.22 (Diluted EPS) | dividend_maintained (baja): Dividendo actual 1.28% con caída del 30.8%,incompleto,pendiente_confirmacion,20.4,20.81,20.40 - 20.81,20.15,25.81,20.15 - 25.81,Pérdida del soporte en 20.81 | ROE negativo durante 2 trimestres consecutivos | Ampliación de capital dilutiva | Recorte de rating a bono basura,12-18,"DASSAULT SYSTEMES está un 30.8% por debajo de su máximo 52s. Fundamentalmente sólida con ROE 15.1%, deuda neta/EBITDA -1.4x. Técnicamente 🟢 Cerca de soporte, 🟡 trendline_break. Clasificación: pendiente_confirmacion.","DASSAULT SYSTEMES está un 30.8% por debajo de su máximo 52s. Fundamentalmente sólida con ROE 15.1%, deuda neta/EBITDA -1.4x. Técnicamente 🟢 Cerca de soporte, 🟡 trendline_break. Clasificación: pendiente_confirmacion.",OK,
DUK,Duke Energy Corporation (Holdin,SP500,1.0,script-v2.0,1.0,2026-09-05T11:50:52.580672+02:00,60.8,63.5,88.0,42.0,0.0,4.0,53.0,36.0,17.0,4011734.0,5.51,1.1,0.6,11.34,9.0,-0.2758,False,17.8,25.5,False,122.54,-1.9,True,False,True,Sin señales de recuperación,pass,seguimiento,pendiente,0.0,desconocido,Pendiente de implementar,ausente,margin_stabilization (media): Margen gross 54.8% vs 48.8% (+6.0 pp) | dividend_maintained (baja): Dividendo actual 3.61% con caída del 10.6%,razonable,seguimiento,114.21,120.22,114.21 - 120.22,114.32,122.34,114.32 - 122.34,Pérdida del soporte en 114.21 | ROE negativo durante 2 trimestres consecutivos | Ampliación de capital dilutiva | Recorte de rating a bono basura,6-12,"Duke Energy Corporation (Holdin está un 10.6% por debajo de su máximo 52s. Fundamentalmente sólida con ROE 9.9%, deuda neta/EBITDA 5.5x. Técnicamente 🔵 RSI recuperándose de sobreventa, 🟡 Apoyo en MA40 semanal. Clasificación: seguimiento.","Duke Energy Corporation (Holdin está un 10.6% por debajo de su máximo 52s. Fundamentalmente sólida con ROE 9.9%, deuda neta/EBITDA 5.5x. Técnicamente 🔵 RSI recuperándose de sobreventa, 🟡 Apoyo en MA40 semanal. Clasificación: seguimiento.",OK,
0006.HK,POWER ASSETS,ASIA,1.0,script-v2.0,1.0,2026-09-05T11:51:43.412878+02:00,60.4,61.2,90.0,36.0,0.0,4.0,58.0,35.0,23.0,3144597.0,-111.13,10.4,,224.83,7.1,0.6999,False,40.3,34.7,False,58.68,2.8,True,True,True,Sin señales de recuperación,pass,seguimiento,pendiente,0.0,desconocido,Pendiente de implementar,ausente,eps_stabilization (media): EPS 2.82 vs 2.65 (annual_eps_fallback) | dividend_maintained (baja): Dividendo actual 4.68% con caída del 10.1%,razonable,seguimiento,56.82,58.87,56.82 - 58.87,56.99,57.9,56.99 - 57.90,Pérdida del soporte en 56.82 | ROE negativo durante 2 trimestres consecutivos | Ampliación de capital dilutiva | Recorte de rating a bono basura,6-12,"POWER ASSETS está un 10.1% por debajo de su máximo 52s. Fundamentalmente sólida con ROE 18.6%, deuda neta/EBITDA -111.1x. Técnicamente 🟡 MACD convergiendo, 🟡 Apoyo en MA40 semanal. Clasificación: seguimiento.","POWER ASSETS está un 10.1% por debajo de su máximo 52s. Fundamentalmente sólida con ROE 18.6%, deuda neta/EBITDA -111.1x. Técnicamente 🟡 MACD convergiendo, 🟡 Apoyo en MA40 semanal. Clasificación: seguimiento.",OK,
VIE.PA,VEOLIA ENVIRON.,EUROSTOXX,1.0,script-v2.0,1.0,2026-09-05T11:49:45.215800+02:00,60.4,56.1,62.0,51.0,0.0,4.0,73.0,68.0,5.0,1642709.0,4.21,69.2,,8.71,15.3,0.4231,False,11.8,7.1,False,32.76,-2.6,False,False,False,Sin señales de recuperación,pass,descarte,pendiente,0.0,desconocido,Pendiente de implementar,ausente,"dividend_maintained (baja): Dividendo actual 4.70% con caída del 15.3% | analyst_upgrade (media): Target 39.35 vs precio 31.90 (+23%), recKey none",fuerte,descarte,30.32,31.9,30.32 - 31.90,32.01,32.61,32.01 - 32.61,Pérdida del soporte en 30.32 | ROE negativo durante 2 trimestres consecutivos | Ampliación de capital dilutiva | Recorte de rating a bono basura,6-12,"VEOLIA ENVIRON. está un 15.3% por debajo de su máximo 52s. Fundamentalmente aceptable con ROE 13.4%, deuda neta/EBITDA 4.2x. Técnicamente 🔵 RSI en sobreventa, 🟡 MACD convergiendo. Clasificación: descarte.","VEOLIA ENVIRON. está un 15.3% por debajo de su máximo 52s. Fundamentalmente aceptable con ROE 13.4%, deuda neta/EBITDA 4.2x. Técnicamente 🔵 RSI en sobreventa, 🟡 MACD convergiendo. Clasificación: descarte.",OK,
0012.HK,HENDERSON LAND,ASIA,1.0,script-v2.0,1.0,2026-09-05T11:51:43.493709+02:00,60.2,53.9,55.0,53.0,0.0,1.0,79.0,62.0,17.0,8906980.0,20.38,90.3,,42.41,21.6,-0.3459,False,27.0,16.9,False,28.66,-6.8,True,False,False,Sin señales de recuperación,pass,descarte,pendiente,0.0,desconocido,Pendiente de implementar,ausente,dividend_maintained (baja): Dividendo actual 4.72% con caída del 25.1%,fuerte,descarte,26.41,26.72,26.41 - 26.72,28.68,30.31,28.68 - 30.31,Pérdida del soporte en 26.41 | ROE negativo durante 2 trimestres consecutivos | Ampliación de capital dilutiva | Recorte de rating a bono basura,12-18,"HENDERSON LAND está un 25.1% por debajo de su máximo 52s. Fundamentalmente aceptable con ROE 2.5%, deuda neta/EBITDA 20.4x. Técnicamente 🟢 Divergencia alcista RSI, 🟡 MACD convergiendo. Clasificación: descarte.","HENDERSON LAND está un 25.1% por debajo de su máximo 52s. Fundamentalmente aceptable con ROE 2.5%, deuda neta/EBITDA 20.4x. Técnicamente 🟢 Divergencia alcista RSI, 🟡 MACD convergiendo. Clasificación: descarte.",OK,
7751.T,CANON INC,ASIA,1.0,script-v2.0,1.0,2026-09-05T11:51:34.661299+02:00,59.9,68.5,92.0,48.0,0.0,1.0,34.0,16.0,18.0,3950638.0,0.72,34.2,,6.4,6.8,83.2417,False,54.1,66.4,False,4415.14,4.5,True,True,True,Sin señales de recuperación,pass,seguimiento,pendiente,0.0,desconocido,Pendiente de implementar,ausente,dividend_maintained (baja): Dividendo actual 3.47% con caída del 8.3%,incompleto,seguimiento,4242.96,4478.32,4242.96 - 4478.32,4278.05,4413.39,4278.05 - 4413.39,Pérdida del soporte en 4242.96 | ROE negativo durante 2 trimestres consecutivos | Ampliación de capital dilutiva | Recorte de rating a bono basura,6-12,"CANON INC está un 8.3% por debajo de su máximo 52s. Fundamentalmente sólida con ROE 10.4%, deuda neta/EBITDA 0.7x. Técnicamente 🟢 base_pattern_detected, 🟡 trendline_break. Clasificación: seguimiento.","CANON INC está un 8.3% por debajo de su máximo 52s. Fundamentalmente sólida con ROE 10.4%, deuda neta/EBITDA 0.7x. Técnicamente 🟢 base_pattern_detected, 🟡 trendline_break. Clasificación: seguimiento.",OK,
0083.HK,SINO LAND,ASIA,1.0,script-v2.0,1.0,2026-09-05T11:51:45.282405+02:00,59.5,55.3,59.0,52.0,0.0,7.0,72.0,55.0,17.0,8148177.0,-17.65,107.0,,16.64,20.6,-0.2046,False,52.8,39.7,False,11.28,-6.6,True,False,False,,pass,descarte,pendiente,0.0,desconocido,Pendiente de implementar,parcial,"eps_stabilization (media): EPS 0.49 vs 0.45 (annual_eps_fallback) | dividend_maintained (baja): Dividendo actual 5.50% con caída del 20.8% | analyst_upgrade (media): Target 12.94 vs precio 10.54 (+23%), recMean 1.60, recKey buy",fuerte,descarte,10.22,10.5,10.22 - 10.50,11.2,11.3,11.20 - 11.30,Pérdida del soporte en 10.22 | ROE negativo durante 2 trimestres consecutivos | Ampliación de capital dilutiva | Recorte de rating a bono basura,6-12,"SINO LAND está un 20.8% por debajo de su máximo 52s. Fundamentalmente aceptable con ROE 2.7%, deuda neta/EBITDA -17.6x. Técnicamente 🟢 Divergencia alcista RSI, 🟡 MACD convergiendo. Clasificación: descarte.","SINO LAND está un 20.8% por debajo de su máximo 52s. Fundamentalmente aceptable con ROE 2.7%, deuda neta/EBITDA -17.6x. Técnicamente 🟢 Divergencia alcista RSI, 🟡 MACD convergiendo. Clasificación: descarte.",OK,
GOOG,Alphabet Inc.,SP500,1.0,script-v2.0,1.0,2026-09-05T11:51:08.451685+02:00,59.4,55.9,74.0,40.0,0.0,7.0,70.0,53.0,17.0,20243135.0,-0.7,435.1,0.0,23.08,17.0,5.7192,False,33.2,36.4,False,335.15,0.0,True,False,False,,pass,descarte,pendiente,0.0,desconocido,Pendiente de implementar,parcial,"eps_stabilization (media): EPS 9.11 vs 5.11 (Diluted EPS) | dividend_maintained (baja): Dividendo actual 0.26% con caída del 17.1% | analyst_upgrade (media): Target 422.34 vs precio 335.31 (+26%), recMean 1.37, recKey strong_buy",fuerte,descarte,314.69,335.31,314.69 - 335.31,334.34,343.8,334.34 - 343.80,Pérdida del soporte en 314.69 | ROE negativo durante 2 trimestres consecutivos | Ampliación de capital dilutiva | Recorte de rating a bono basura,6-12,"Alphabet Inc. está un 17.1% por debajo de su máximo 52s. Fundamentalmente aceptable con ROE 48.7%, deuda neta/EBITDA -0.7x. Técnicamente 🔵 RSI recuperándose de sobreventa, 🟢 Divergencia alcista RSI. Clasificación: descarte.","Alphabet Inc. está un 17.1% por debajo de su máximo 52s. Fundamentalmente aceptable con ROE 48.7%, deuda neta/EBITDA -0.7x. Técnicamente 🔵 RSI recuperándose de sobreventa, 🟢 Divergencia alcista RSI. Clasificación: descarte.",OK,
ED,"Consolidated Edison, Inc.",SP500,1.0,script-v2.0,1.0,2026-09-05T11:50:31.467517+02:00,59.4,62.6,93.0,36.0,0.0,1.0,50.0,33.0,17.0,2276158.0,4.36,4.2,0.2,10.8,6.2,0.689,False,41.6,55.9,False,106.24,1.0,True,False,True,Sin señales de recuperación,pass,seguimiento,pendiente,0.0,desconocido,Pendiente de implementar,ausente,dividend_maintained (baja): Dividendo actual 3.27% con caída del 7.7%,razonable,seguimiento,106.08,107.29,106.08 - 107.29,98.8,105.7,98.80 - 105.70,Pérdida del soporte en 106.08 | ROE negativo durante 2 trimestres consecutivos | Ampliación de capital dilutiva | Recorte de rating a bono basura,6-12,"Consolidated Edison, Inc. está un 7.7% por debajo de su máximo 52s. Fundamentalmente sólida con ROE 9.0%, deuda neta/EBITDA 4.4x. Técnicamente 🟢 Cerca de soporte, 🟡 Apoyo en MA40 semanal. Clasificación: seguimiento.","Consolidated Edison, Inc. está un 7.7% por debajo de su máximo 52s. Fundamentalmente sólida con ROE 9.0%, deuda neta/EBITDA 4.4x. Técnicamente 🟢 Cerca de soporte, 🟡 Apoyo en MA40 semanal. Clasificación: seguimiento.",OK,
HRL,Hormel Foods Corporation,SP500,1.0,script-v2.0,1.0,2026-09-05T11:51:01.241934+02:00,59.2,56.0,56.0,56.0,0.0,12.0,69.0,64.0,5.0,4420237.0,-0.26,-91.3,-0.0,9.12,31.0,0.0641,False,10.8,16.7,False,23.09,-6.7,False,False,False,,pass,descarte,pendiente,0.0,desconocido,Pendiente de implementar,confirmada,"margin_stabilization (media): Margen gross 17.4% vs 15.5% (+1.9 pp) | debt_reduction (alta): Deuda 250.0M vs 2857.5M | dividend_maintained (baja): Dividendo actual 5.43% con caída del 19.0% | analyst_upgrade (media): Target 26.12 vs precio 21.54 (+21%), recMean 2.60, recKey hold",razonable,descarte,20.69,21.54,20.69 - 21.54,22.61,23.0,22.61 - 23.00,Pérdida del soporte en 20.69 | ROE negativo durante 2 trimestres consecutivos | Ampliación de capital dilutiva | Recorte de rating a bono basura,6-12,"Hormel Foods Corporation está un 19.0% por debajo de su máximo 52s. Fundamentalmente aceptable con ROE 4.3%, deuda neta/EBITDA -0.3x. Técnicamente 🔵 RSI en sobreventa, 🟡 MACD convergiendo. Clasificación: descarte.","Hormel Foods Corporation está un 19.0% por debajo de su máximo 52s. Fundamentalmente aceptable con ROE 4.3%, deuda neta/EBITDA -0.3x. Técnicamente 🔵 RSI en sobreventa, 🟡 MACD convergiendo. Clasificación: descarte.",OK,
SAN.PA,SANOFI,EUROSTOXX,1.0,script-v2.0,1.0,2026-09-05T11:49:42.950557+02:00,59.1,63.2,76.0,52.0,0.0,7.0,47.0,30.0,17.0,2222259.0,1.27,17.8,0.7,8.04,24.2,-0.0375,False,10.5,27.7,False,76.19,0.1,True,False,True,,pass,seguimiento,pendiente,0.0,desconocido,Pendiente de implementar,parcial,"margin_stabilization (media): Margen gross 75.5% vs 72.1% (+3.4 pp) | dividend_maintained (baja): Dividendo actual 5.40% con caída del 16.3% | analyst_upgrade (media): Target 94.28 vs precio 76.26 (+24%), recMean 2.08, recKey buy",razonable,seguimiento,73.75,76.26,73.75 - 76.26,76.21,77.48,76.21 - 77.48,Pérdida del soporte en 73.75 | ROE negativo durante 2 trimestres consecutivos | Ampliación de capital dilutiva | Recorte de rating a bono basura,6-12,"SANOFI está un 16.3% por debajo de su máximo 52s. Fundamentalmente sólida con ROE 5.7%, deuda neta/EBITDA 1.3x. Técnicamente 🟢 Cerca de soporte, 🟡 Apoyo en MA40 semanal. Clasificación: seguimiento.","SANOFI está un 16.3% por debajo de su máximo 52s. Fundamentalmente sólida con ROE 5.7%, deuda neta/EBITDA 1.3x. Técnicamente 🟢 Cerca de soporte, 🟡 Apoyo en MA40 semanal. Clasificación: seguimiento.",OK,
T,AT&T Inc.,SP500,1.0,script-v2.0,1.0,2026-09-05T11:50:23.770413+02:00,59.0,62.3,89.0,39.0,0.0,7.0,49.0,21.0,28.0,60559993.0,3.3,5.4,-0.1,7.61,10.7,-0.0459,True,52.2,70.7,False,24.74,3.8,True,True,True,,pass,seguimiento,pendiente,0.0,desconocido,Pendiente de implementar,parcial,margin_stabilization (media): Margen gross 61.8% vs 60.1% (+1.7 pp) | eps_stabilization (media): EPS 0.66 vs 0.54 (Diluted EPS) | dividend_maintained (baja): Dividendo actual 4.32% con caída del 13.8%,razonable,seguimiento,23.48,24.8,23.48 - 24.80,24.7,25.32,24.70 - 25.32,Pérdida del soporte en 24.80 | ROE negativo durante 2 trimestres consecutivos | Ampliación de capital dilutiva | Recorte de rating a bono basura,6-12,"AT&T Inc. está un 13.8% por debajo de su máximo 52s. Fundamentalmente sólida con ROE 18.3%, deuda neta/EBITDA 3.3x. Técnicamente 🟢 Cerca de soporte, 🟢 MACD semanal girando al alza. Clasificación: seguimiento.","AT&T Inc. está un 13.8% por debajo de su máximo 52s. Fundamentalmente sólida con ROE 18.3%, deuda neta/EBITDA 3.3x. Técnicamente 🟢 Cerca de soporte, 🟢 MACD semanal girando al alza. Clasificación: seguimiento.",OK,
WES.AX,WESFARMER FPO [WES],ASX,1.0,script-v2.0,1.0,2026-09-05T11:51:15.203900+02:00,59.0,54.4,88.0,25.0,0.0,4.0,73.0,68.0,5.0,1699733.0,2.53,,,20.88,15.6,1.1077,False,25.3,15.1,False,79.69,-2.5,False,False,False,Sin señales de recuperación,pass,descarte,pendiente,0.0,desconocido,Pendiente de implementar,ausente,eps_stabilization (media): EPS 2.58 vs 2.26 (annual_eps_fallback) | dividend_maintained (baja): Dividendo actual 2.86% con caída del 17.9%,fuerte,descarte,76.78,77.73,76.78 - 77.73,79.79,80.5,79.79 - 80.50,Pérdida del soporte en 76.78 | ROE negativo durante 2 trimestres consecutivos | Ampliación de capital dilutiva | Recorte de rating a bono basura,6-12,"WESFARMER FPO [WES] está un 17.9% por debajo de su máximo 52s. Fundamentalmente aceptable con ROE 33.5%, deuda neta/EBITDA 2.5x. Técnicamente 🔵 RSI en sobreventa, 🟡 MACD convergiendo. Clasificación: descarte.","WESFARMER FPO [WES] está un 17.9% por debajo de su máximo 52s. Fundamentalmente aceptable con ROE 33.5%, deuda neta/EBITDA 2.5x. Técnicamente 🔵 RSI en sobreventa, 🟡 MACD convergiendo. Clasificación: descarte.",OK,
WBC.AX,WESTPAC FPO [WBC],ASX,1.0,script-v2.0,1.0,2026-09-05T11:51:13.612599+02:00,58.8,54.5,71.0,40.0,0.0,1.0,72.0,55.0,17.0,4574024.0,,21.4,,,17.7,-0.7173,False,83.8,63.9,False,37.63,-7.1,True,False,False,Sin señales de recuperación,pass,descarte,pendiente,0.0,desconocido,Pendiente de implementar,ausente,dividend_maintained (baja): Dividendo actual 4.41% con caída del 19.3%,fuerte,descarte,33.21,34.96,33.21 - 34.96,36.82,37.55,36.82 - 37.55,Pérdida del soporte en 33.21 | ROE negativo durante 2 trimestres consecutivos | Ampliación de capital dilutiva | Recorte de rating a bono basura,6-12,"WESTPAC FPO [WBC] está un 19.3% por debajo de su máximo 52s. Fundamentalmente aceptable con ROE 9.8%, dividendo 4.4%. Técnicamente 🟢 Divergencia alcista RSI, 🟢 Cruce alcista MACD. Clasificación: descarte.","WESTPAC FPO [WBC] está un 19.3% por debajo de su máximo 52s. Fundamentalmente aceptable con ROE 9.8%, dividendo 4.4%. Técnicamente 🟢 Divergencia alcista RSI, 🟢 Cruce alcista MACD. Clasificación: descarte.",OK,
BEN.AX,BEN ADE BK FPO [BEN],ASX,1.0,script-v2.0,1.0,2026-09-05T11:51:25.663925+02:00,58.7,59.3,63.0,56.0,0.0,9.0,57.0,39.0,18.0,1588430.0,,-5.6,,,15.9,0.0384,False,91.2,74.5,False,10.27,3.5,True,True,False,,pass,descarte,pendiente,0.0,desconocido,Pendiente de implementar,parcial,eps_stabilization (media): EPS 0.63 vs -0.17 (annual_eps_fallback) | debt_reduction (alta): Deuda 10731.9M vs 11371.4M | dividend_maintained (baja): Dividendo actual 6.21% con caída del 20.2%,razonable,descarte,9.93,10.48,9.93 - 10.48,10.25,11.32,10.25 - 11.32,Pérdida del soporte en 9.93 | ROE negativo durante 2 trimestres consecutivos | Ampliación de capital dilutiva | Recorte de rating a bono basura,6-12,"BEN ADE BK FPO [BEN] está un 20.2% por debajo de su máximo 52s. Fundamentalmente aceptable con ROE 5.6%, dividendo 6.2%. Técnicamente 🟢 Cruce alcista MACD, 🟢 base_pattern_detected. Clasificación: descarte.","BEN ADE BK FPO [BEN] está un 20.2% por debajo de su máximo 52s. Fundamentalmente aceptable con ROE 5.6%, dividendo 6.2%. Técnicamente 🟢 Cruce alcista MACD, 🟢 base_pattern_detected. Clasificación: descarte.",OK,
SSE.L,SSE PLC ORD 50P,EUROSTOXX,1.0,script-v2.0,1.0,2026-09-05T11:50:15.282580+02:00,58.6,53.8,89.0,23.0,0.0,6.0,73.0,56.0,17.0,3118164.0,3.17,-2.8,,14.08,13.2,7.983,False,56.4,35.7,False,2439.25,-1.6,True,False,False,,pass,descarte,pendiente,0.0,desconocido,Pendiente de implementar,parcial,debt_reduction (alta): Deuda 10170.4M vs 10467.9M | dividend_maintained (baja): Dividendo actual 0.03% con caída del 13.2%,fuerte,descarte,2351.71,2401.0,2351.71 - 2401.00,2352.38,2427.53,2352.38 - 2427.53,Pérdida del soporte en 2351.71 | ROE negativo durante 2 trimestres consecutivos | Ampliación de capital dilutiva | Recorte de rating a bono basura,6-12,"SSE PLC ORD 50P está un 13.2% por debajo de su máximo 52s. Fundamentalmente aceptable con ROE 9.7%, deuda neta/EBITDA 3.2x. Técnicamente 🟡 MACD convergiendo, 🟢 Volumen creciente. Clasificación: descarte.","SSE PLC ORD 50P está un 13.2% por debajo de su máximo 52s. Fundamentalmente aceptable con ROE 9.7%, deuda neta/EBITDA 3.2x. Técnicamente 🟡 MACD convergiendo, 🟢 Volumen creciente. Clasificación: descarte.",OK,
VCX.AX,VICINITY STAPLED [VCX],ASX,1.0,script-v2.0,1.0,2026-09-05T11:51:23.938677+02:00,58.6,61.5,86.0,40.0,0.0,4.0,50.0,50.0,0.0,10280850.0,5.64,,,19.37,4.7,0.0397,False,68.2,44.8,False,2.46,3.3,False,False,True,Sin señales de recuperación,pass,seguimiento,pendiente,0.0,desconocido,Pendiente de implementar,ausente,eps_stabilization (media): EPS 0.30 vs 0.22 (annual_eps_fallback) | dividend_maintained (baja): Dividendo actual 4.72% con caída del 7.0%,razonable,seguimiento,2.46,2.54,2.46 - 2.54,2.32,2.45,2.32 - 2.45,Pérdida del soporte en 2.46 | ROE negativo durante 2 trimestres consecutivos | Ampliación de capital dilutiva | Recorte de rating a bono basura,6-12,"VICINITY STAPLED [VCX] está un 7.0% por debajo de su máximo 52s. Fundamentalmente sólida con ROE 12.0%, deuda neta/EBITDA 5.6x. Técnicamente 🟡 MACD convergiendo, 🟢 Volumen creciente. Clasificación: seguimiento.","VICINITY STAPLED [VCX] está un 7.0% por debajo de su máximo 52s. Fundamentalmente sólida con ROE 12.0%, deuda neta/EBITDA 5.6x. Técnicamente 🟡 MACD convergiendo, 🟢 Volumen creciente. Clasificación: seguimiento.",OK,
Z74.SI,Singtel,ASIA,1.0,script-v2.0,1.0,2026-09-05T11:51:55.025964+02:00,58.5,53.4,87.0,24.0,0.0,1.0,74.0,41.0,33.0,29261917.0,2.32,2.5,,23.88,12.3,-0.0142,True,69.6,55.7,False,4.53,-0.2,True,True,False,Sin señales de recuperación,pass,descarte,pendiente,0.0,desconocido,Pendiente de implementar,ausente,dividend_maintained (baja): Dividendo actual 2.88% con caída del 14.2%,fuerte,descarte,4.26,4.38,4.26 - 4.38,4.48,4.54,4.48 - 4.54,Pérdida del soporte en 4.26 | ROE negativo durante 2 trimestres consecutivos | Ampliación de capital dilutiva | Recorte de rating a bono basura,6-12,"Singtel está un 14.2% por debajo de su máximo 52s. Fundamentalmente aceptable con deuda neta/EBITDA 2.3x, dividendo 2.9%. Técnicamente 🟢 Cruce alcista MACD, 🟢 MACD semanal girando al alza. Clasificación: descarte.","Singtel está un 14.2% por debajo de su máximo 52s. Fundamentalmente aceptable con deuda neta/EBITDA 2.3x, dividendo 2.9%. Técnicamente 🟢 Cruce alcista MACD, 🟢 MACD semanal girando al alza. Clasificación: descarte.",OK,
VIV.PA,VIVENDI SE,EUROSTOXX,1.0,script-v2.0,1.0,2026-09-05T11:49:45.555280+02:00,58.5,57.6,48.0,66.0,0.0,7.0,61.0,61.0,0.0,2352876.0,9.68,10.0,,-50.53,85.7,-0.1818,False,0.0,15.8,False,2.07,-27.9,False,False,False,,pass,descarte,pendiente,0.0,desconocido,Pendiente de implementar,parcial,"eps_stabilization (media): EPS 0.94 vs 0.75 (annual_eps_fallback) | dividend_maintained (baja): Dividendo actual 2.68% con caída del 53.6% | analyst_upgrade (media): Target 2.46 vs precio 1.49 (+65%), recKey none",razonable,descarte,1.42,1.49,1.42 - 1.49,2.09,2.73,2.09 - 2.73,Pérdida del soporte en 1.42 | ROE negativo durante 2 trimestres consecutivos | Ampliación de capital dilutiva | Recorte de rating a bono basura,18-24,"VIVENDI SE está un 53.6% por debajo de su máximo 52s. Fundamentalmente aceptable con ROE 0.3%, deuda neta/EBITDA 9.7x. Técnicamente 🔵 RSI en sobreventa, 🟢 Divergencia alcista RSI. Clasificación: descarte.","VIVENDI SE está un 53.6% por debajo de su máximo 52s. Fundamentalmente aceptable con ROE 0.3%, deuda neta/EBITDA 9.7x. Técnicamente 🔵 RSI en sobreventa, 🟢 Divergencia alcista RSI. Clasificación: descarte.",OK,
ENEL.MI,ENEL,EUROSTOXX,1.0,script-v2.0,1.0,2026-09-05T11:49:54.057969+02:00,58.3,51.1,81.0,25.0,0.0,1.0,80.0,75.0,5.0,18559979.0,3.33,4.3,-10.1,8.41,10.3,0.1192,False,22.3,15.4,False,9.29,-2.5,False,False,False,Sin señales de recuperación,pass,descarte,pendiente,0.0,desconocido,Pendiente de implementar,ausente,dividend_maintained (baja): Dividendo actual 5.74% con caída del 12.1%,fuerte,descarte,8.75,9.07,8.75 - 9.07,8.76,9.28,8.76 - 9.28,Pérdida del soporte en 8.75 | ROE negativo durante 2 trimestres consecutivos | Ampliación de capital dilutiva | Recorte de rating a bono basura,6-12,"ENEL está un 12.1% por debajo de su máximo 52s. Fundamentalmente aceptable con ROE 12.3%, deuda neta/EBITDA 3.3x. Técnicamente 🔵 RSI en sobreventa, 🟡 MACD convergiendo. Clasificación: descarte.","ENEL está un 12.1% por debajo de su máximo 52s. Fundamentalmente aceptable con ROE 12.3%, deuda neta/EBITDA 3.3x. Técnicamente 🔵 RSI en sobreventa, 🟡 MACD convergiendo. Clasificación: descarte.",OK,
HD,"Home Depot, Inc. (The)",SP500,1.0,script-v2.0,1.0,2026-09-05T11:50:40.876008+02:00,58.2,54.7,76.0,36.0,0.0,12.0,69.0,52.0,17.0,4227341.0,2.48,-3.3,-0.3,15.47,23.1,-2.8441,False,17.9,9.7,False,339.23,-5.4,True,False,False,,pass,descarte,pendiente,0.0,desconocido,Pendiente de implementar,confirmada,margin_stabilization (media): Margen gross 33.0% vs 32.6% (+0.4 pp) | eps_stabilization (media): EPS 3.30 vs 2.58 (Diluted EPS) | debt_reduction (alta): Deuda 63188.0M vs 65350.0M | dividend_maintained (baja): Dividendo actual 2.90% con caída del 24.8%,razonable,descarte,317.83,321.05,317.83 - 321.05,338.64,362.74,338.64 - 362.74,Pérdida del soporte en 317.83 | ROE negativo durante 2 trimestres consecutivos | Ampliación de capital dilutiva | Recorte de rating a bono basura,6-12,"Home Depot, Inc. (The) está un 24.8% por debajo de su máximo 52s. Fundamentalmente aceptable con ROE 104.3%, deuda neta/EBITDA 2.5x. Técnicamente 🟡 MACD convergiendo, 🟢 Cerca de soporte. Clasificación: descarte.","Home Depot, Inc. (The) está un 24.8% por debajo de su máximo 52s. Fundamentalmente aceptable con ROE 104.3%, deuda neta/EBITDA 2.5x. Técnicamente 🟡 MACD convergiendo, 🟢 Cerca de soporte. Clasificación: descarte.",OK,
LMT,Lockheed Martin Corporation,SP500,1.0,script-v2.0,1.0,2026-09-05T11:50:47.220435+02:00,58.2,58.3,86.0,34.0,0.0,15.0,58.0,41.0,17.0,1192938.0,1.73,-0.8,0.0,14.25,23.1,4.1663,False,1.5,3.4,False,555.95,-5.5,True,False,False,,pass,descarte,pendiente,0.0,desconocido,Pendiente de implementar,confirmada,"margin_stabilization (media): Margen gross 12.2% vs 11.5% (+0.7 pp) | eps_stabilization (media): EPS 7.94 vs 6.44 (Diluted EPS) | debt_reduction (alta): Deuda 20538.0M vs 20697.0M | dividend_maintained (baja): Dividendo actual 2.63% con caída del 24.1% | analyst_upgrade (media): Target 632.95 vs precio 525.28 (+20%), recMean 2.52, recKey hold",razonable,descarte,497.33,525.28,497.33 - 525.28,549.99,588.2,549.99 - 588.20,Pérdida del soporte en 497.33 | ROE negativo durante 2 trimestres consecutivos | Ampliación de capital dilutiva | Recorte de rating a bono basura,6-12,"Lockheed Martin Corporation está un 24.1% por debajo de su máximo 52s. Fundamentalmente aceptable con ROE 89.2%, deuda neta/EBITDA 1.7x. Técnicamente 🔵 RSI en sobreventa, 🟡 Apoyo en MA40 semanal. Clasificación: descarte.","Lockheed Martin Corporation está un 24.1% por debajo de su máximo 52s. Fundamentalmente aceptable con ROE 89.2%, deuda neta/EBITDA 1.7x. Técnicamente 🔵 RSI en sobreventa, 🟡 Apoyo en MA40 semanal. Clasificación: descarte.",OK,
SO,Southern Company (The),SP500,1.0,script-v2.0,1.0,2026-09-05T11:50:53.707333+02:00,58.0,52.1,75.0,32.0,0.0,4.0,76.0,59.0,17.0,5849077.0,5.2,1.4,0.1,12.5,10.5,-0.4391,False,15.4,19.9,False,91.23,-3.4,True,False,False,Sin señales de recuperación,pass,descarte,pendiente,0.0,desconocido,Pendiente de implementar,ausente,margin_stabilization (media): Margen gross 51.3% vs 46.5% (+4.8 pp) | dividend_maintained (baja): Dividendo actual 3.45% con caída del 12.6%,fuerte,descarte,83.7,88.11,83.70 - 88.11,85.71,91.04,85.71 - 91.04,Pérdida del soporte en 83.70 | ROE negativo durante 2 trimestres consecutivos | Ampliación de capital dilutiva | Recorte de rating a bono basura,6-12,"Southern Company (The) está un 12.6% por debajo de su máximo 52s. Fundamentalmente aceptable con ROE 11.5%, deuda neta/EBITDA 5.2x. Técnicamente 🔵 RSI en sobreventa, 🟡 MACD convergiendo. Clasificación: descarte.","Southern Company (The) está un 12.6% por debajo de su máximo 52s. Fundamentalmente aceptable con ROE 11.5%, deuda neta/EBITDA 5.2x. Técnicamente 🔵 RSI en sobreventa, 🟡 MACD convergiendo. Clasificación: descarte.",OK,
UPS,"United Parcel Service, Inc.",SP500,1.0,script-v2.0,1.0,2026-09-05T11:50:45.706946+02:00,57.8,62.4,88.0,40.0,0.0,1.0,44.0,39.0,5.0,4963866.0,1.99,0.0,5.9,9.19,20.1,1.2271,False,16.5,27.6,False,102.66,-0.4,False,False,True,Sin señales de recuperación,pass,seguimiento,pendiente,0.0,desconocido,Pendiente de implementar,ausente,dividend_maintained (baja): Dividendo actual 6.41% con caída del 16.4%,incompleto,seguimiento,97.23,102.29,97.23 - 102.29,101.91,104.05,101.91 - 104.05,Pérdida del soporte en 97.23 | ROE negativo durante 2 trimestres consecutivos | Ampliación de capital dilutiva | Recorte de rating a bono basura,6-12,"United Parcel Service, Inc. está un 16.4% por debajo de su máximo 52s. Fundamentalmente sólida con ROE 29.6%, deuda neta/EBITDA 2.0x. Técnicamente 🟢 Cerca de soporte, 🟡 Apoyo en MA40 semanal. Clasificación: seguimiento.","United Parcel Service, Inc. está un 16.4% por debajo de su máximo 52s. Fundamentalmente sólida con ROE 29.6%, deuda neta/EBITDA 2.0x. Técnicamente 🟢 Cerca de soporte, 🟡 Apoyo en MA40 semanal. Clasificación: seguimiento.",OK,
C6L.SI,SIA,ASIA,1.0,script-v2.0,1.0,2026-09-05T11:51:54.575903+02:00,57.3,56.4,74.0,41.0,0.0,1.0,60.0,55.0,5.0,7974050.0,0.09,0.0,4.7,5.1,14.6,0.1116,False,20.0,19.2,False,6.81,-0.8,False,False,False,Sin señales de recuperación,pass,descarte,pendiente,0.0,desconocido,Pendiente de implementar,ausente,dividend_maintained (baja): Dividendo actual 6.51% con caída del 14.6%,razonable,descarte,6.25,6.76,6.25 - 6.76,6.73,6.79,6.73 - 6.79,Pérdida del soporte en 6.25 | ROE negativo durante 2 trimestres consecutivos | Ampliación de capital dilutiva | Recorte de rating a bono basura,6-12,"SIA está un 14.6% por debajo de su máximo 52s. Fundamentalmente aceptable con ROE 7.2%, deuda neta/EBITDA 0.1x. Técnicamente 🔵 RSI en sobreventa, 🟡 MACD convergiendo. Clasificación: descarte.","SIA está un 14.6% por debajo de su máximo 52s. Fundamentalmente aceptable con ROE 7.2%, deuda neta/EBITDA 0.1x. Técnicamente 🔵 RSI en sobreventa, 🟡 MACD convergiendo. Clasificación: descarte.",OK,
PEP,"Pepsico, Inc.",SP500,1.0,script-v2.0,1.0,2026-09-05T11:50:20.879840+02:00,57.3,58.8,78.0,42.0,0.0,4.0,53.0,36.0,17.0,8403480.0,2.25,0.9,0.1,12.21,17.3,-2.4081,False,7.1,23.5,False,145.94,-5.7,True,False,False,Sin señales de recuperación,pass,descarte,pendiente,0.0,desconocido,Pendiente de implementar,ausente,eps_stabilization (media): EPS 2.18 vs 1.70 (Diluted EPS) | dividend_maintained (baja): Dividendo actual 4.30% con caída del 19.7%,razonable,descarte,130.75,137.63,130.75 - 137.63,145.58,145.76,145.58 - 145.76,Pérdida del soporte en 130.75 | ROE negativo durante 2 trimestres consecutivos | Ampliación de capital dilutiva | Recorte de rating a bono basura,6-12,"Pepsico, Inc. está un 19.7% por debajo de su máximo 52s. Fundamentalmente aceptable con ROE 51.5%, deuda neta/EBITDA 2.2x. Técnicamente 🟢 Divergencia alcista RSI, 🟡 Apoyo en MA40 semanal. Clasificación: descarte.","Pepsico, Inc. está un 19.7% por debajo de su máximo 52s. Fundamentalmente aceptable con ROE 51.5%, deuda neta/EBITDA 2.2x. Técnicamente 🟢 Divergencia alcista RSI, 🟡 Apoyo en MA40 semanal. Clasificación: descarte.",OK,
AMT,American Tower Corporation (REI,SP500,1.0,script-v2.0,1.0,2026-09-05T11:50:57.711490+02:00,57.2,46.7,60.0,35.0,0.0,10.0,89.0,62.0,27.0,2935622.0,6.14,0.0,-0.2,18.69,22.6,-1.2632,True,44.5,46.8,False,175.9,-0.0,True,False,False,,pass,descarte,pendiente,0.0,desconocido,Pendiente de implementar,parcial,"margin_stabilization (media): Margen gross 74.3% vs 73.9% (+0.4 pp) | eps_stabilization (media): EPS 1.84 vs 1.75 (Diluted EPS) | dividend_maintained (baja): Dividendo actual 3.97% con caída del 11.7% | analyst_upgrade (media): Target 215.70 vs precio 175.85 (+23%), recMean 1.52, recKey buy",fuerte,descarte,168.4,171.12,168.40 - 171.12,169.26,175.35,169.26 - 175.35,Pérdida del soporte en 168.40 | ROE negativo durante 2 trimestres consecutivos | Ampliación de capital dilutiva | Recorte de rating a bono basura,6-12,"American Tower Corporation (REI está un 11.7% por debajo de su máximo 52s. Fundamentalmente aceptable con ROE 33.9%, deuda neta/EBITDA 6.1x. Técnicamente 🟢 Divergencia alcista RSI, 🟢 Cruce alcista MACD. Clasificación: descarte.","American Tower Corporation (REI está un 11.7% por debajo de su máximo 52s. Fundamentalmente aceptable con ROE 33.9%, deuda neta/EBITDA 6.1x. Técnicamente 🟢 Divergencia alcista RSI, 🟢 Cruce alcista MACD. Clasificación: descarte.",OK,
REN.AS,RELX,EUROSTOXX,1.0,script-v2.0,1.0,2026-09-05T11:49:51.635545+02:00,56.9,53.5,70.0,39.0,0.0,7.0,67.0,44.0,23.0,1145081.0,2.64,22.6,,18.91,37.0,-0.0701,False,57.9,64.6,False,29.83,2.6,True,True,False,,pass,descarte,pendiente,0.0,desconocido,Pendiente de implementar,parcial,"eps_stabilization (media): EPS 1.12 vs 1.03 (annual_eps_fallback) | dividend_maintained (baja): Dividendo actual 2.61% con caída del 25.7% | analyst_upgrade (media): Target 47.15 vs precio 30.60 (+54%), recKey none",razonable,descarte,28.3,29.85,28.30 - 29.85,29.92,35.02,29.92 - 35.02,Pérdida del soporte en 28.30 | ROE negativo durante 2 trimestres consecutivos | Ampliación de capital dilutiva | Recorte de rating a bono basura,12-18,"RELX está un 25.7% por debajo de su máximo 52s. Fundamentalmente aceptable con ROE 131.9%, deuda neta/EBITDA 2.6x. Técnicamente 🟢 Cruce alcista MACD, 🟡 Apoyo en MA40 semanal. Clasificación: descarte.","RELX está un 25.7% por debajo de su máximo 52s. Fundamentalmente aceptable con ROE 131.9%, deuda neta/EBITDA 2.6x. Técnicamente 🟢 Cruce alcista MACD, 🟡 Apoyo en MA40 semanal. Clasificación: descarte.",OK,
0388.HK,HKEX,ASIA,1.0,script-v2.0,1.0,2026-09-05T11:51:45.801795+02:00,56.9,53.9,96.0,17.0,0.0,7.0,66.0,48.0,18.0,4425636.0,-6.9,8.4,16.7,14.51,8.2,3.0907,False,59.3,45.7,False,396.74,3.0,True,True,False,,pass,descarte,pendiente,0.0,desconocido,Pendiente de implementar,parcial,"eps_stabilization (media): EPS 4.09 vs 3.22 (Diluted EPS) | dividend_maintained (baja): Dividendo actual 3.64% con caída del 11.2% | analyst_upgrade (media): Target 517.06 vs precio 408.80 (+26%), recMean 1.42, recKey strong_buy",razonable,descarte,394.21,396.78,394.21 - 396.78,391.17,397.98,391.17 - 397.98,Pérdida del soporte en 396.78 | ROE negativo durante 2 trimestres consecutivos | Ampliación de capital dilutiva | Recorte de rating a bono basura,6-12,"HKEX está un 11.2% por debajo de su máximo 52s. Fundamentalmente aceptable con ROE 33.6%, deuda neta/EBITDA -6.9x. Técnicamente 🟢 Divergencia alcista RSI, 🟡 MACD convergiendo. Clasificación: descarte.","HKEX está un 11.2% por debajo de su máximo 52s. Fundamentalmente aceptable con ROE 33.6%, deuda neta/EBITDA -6.9x. Técnicamente 🟢 Divergencia alcista RSI, 🟡 MACD convergiendo. Clasificación: descarte.",OK,
6758.T,SONY GROUP CORPORATION,ASIA,1.0,script-v2.0,1.0,2026-09-05T11:51:32.518326+02:00,56.8,64.5,89.0,43.0,0.0,10.0,34.0,16.0,18.0,17793093.0,-0.14,12.0,0.2,11.02,18.3,77.5893,False,55.4,59.0,False,3561.01,9.1,True,True,True,,pass,pendiente_confirmacion,pendiente,0.0,desconocido,Pendiente de implementar,parcial,"margin_stabilization (media): Margen gross 36.7% vs 30.8% (+5.9 pp) | eps_stabilization (media): EPS 57.82 vs 13.89 (Diluted EPS) | dividend_maintained (baja): Dividendo actual 0.90% con caída del 18.7% | analyst_upgrade (media): Target 4847.73 vs precio 3885.00 (+25%), recMean 1.35, recKey strong_buy",incompleto,pendiente_confirmacion,3611.2,3814.0,3611.20 - 3814.00,3629.64,4059.6,3629.64 - 4059.60,Pérdida del soporte en 3814.00 | ROE negativo durante 2 trimestres consecutivos | Ampliación de capital dilutiva | Recorte de rating a bono basura,6-12,"SONY GROUP CORPORATION está un 18.7% por debajo de su máximo 52s. Fundamentalmente sólida con ROE 13.2%, deuda neta/EBITDA -0.1x. Técnicamente 🟢 Cerca de soporte, 🟢 base_pattern_detected. Clasificación: pendiente_confirmacion.","SONY GROUP CORPORATION está un 18.7% por debajo de su máximo 52s. Fundamentalmente sólida con ROE 13.2%, deuda neta/EBITDA -0.1x. Técnicamente 🟢 Cerca de soporte, 🟢 base_pattern_detected. Clasificación: pendiente_confirmacion.",OK,
META,"Meta Platforms, Inc.",SP500,1.0,script-v2.0,1.0,2026-09-05T11:51:08.918067+02:00,56.8,50.7,71.0,33.0,0.0,7.0,75.0,48.0,27.0,17881983.0,0.2,29.4,-0.0,14.53,22.3,-12.2126,True,96.7,90.7,False,620.08,-0.5,True,False,False,,pass,descarte,pendiente,0.0,desconocido,Pendiente de implementar,parcial,"margin_stabilization (media): Margen gross 81.4% vs 81.9% (-0.5 pp) | dividend_maintained (baja): Dividendo actual 0.34% con caída del 22.0% | analyst_upgrade (media): Target 754.77 vs precio 616.77 (+22%), recMean 1.35, recKey strong_buy",fuerte,descarte,590.18,595.49,590.18 - 595.49,621.61,672.18,621.61 - 672.18,Pérdida del soporte en 590.18 | ROE negativo durante 2 trimestres consecutivos | Ampliación de capital dilutiva | Recorte de rating a bono basura,6-12,"Meta Platforms, Inc. está un 22.0% por debajo de su máximo 52s. Fundamentalmente aceptable con ROE 29.8%, deuda neta/EBITDA 0.2x. Técnicamente 🟢 Divergencia alcista RSI, 🟢 Cerca de soporte. Clasificación: descarte.","Meta Platforms, Inc. está un 22.0% por debajo de su máximo 52s. Fundamentalmente aceptable con ROE 29.8%, deuda neta/EBITDA 0.2x. Técnicamente 🟢 Divergencia alcista RSI, 🟢 Cerca de soporte. Clasificación: descarte.",OK,
COST,Costco Wholesale Corporation,SP500,1.0,script-v2.0,1.0,2026-09-05T11:50:41.662996+02:00,56.8,55.8,91.0,25.0,0.0,7.0,60.0,43.0,17.0,2169235.0,-0.07,25.3,-0.0,29.33,16.4,-9.2886,False,1.9,10.6,False,960.34,-4.6,True,False,False,,pass,descarte,pendiente,0.0,desconocido,Pendiente de implementar,parcial,margin_stabilization (media): Margen gross 12.8% vs 12.8% (+0.0 pp) | eps_stabilization (media): EPS 4.93 vs 4.58 (Diluted EPS) | dividend_maintained (baja): Dividendo actual 0.64% con caída del 16.5%,razonable,descarte,869.95,915.74,869.95 - 915.74,932.02,957.9,932.02 - 957.90,Pérdida del soporte en 869.95 | ROE negativo durante 2 trimestres consecutivos | Ampliación de capital dilutiva | Recorte de rating a bono basura,6-12,"Costco Wholesale Corporation está un 16.5% por debajo de su máximo 52s. Fundamentalmente aceptable con ROE 29.2%, deuda neta/EBITDA -0.1x. Técnicamente 🟢 Divergencia alcista RSI, 🟡 Apoyo en MA40 semanal. Clasificación: descarte.","Costco Wholesale Corporation está un 16.5% por debajo de su máximo 52s. Fundamentalmente aceptable con ROE 29.2%, deuda neta/EBITDA -0.1x. Técnicamente 🟢 Divergencia alcista RSI, 🟡 Apoyo en MA40 semanal. Clasificación: descarte.",OK,
ENI.MI,ENI,EUROSTOXX,1.0,script-v2.0,1.0,2026-09-05T11:49:54.739451+02:00,56.6,61.1,99.0,28.0,0.0,7.0,43.0,25.0,18.0,9073742.0,1.65,1.2,12.0,7.11,6.7,0.9445,False,22.3,47.4,False,20.7,11.5,True,True,True,,pass,pendiente_confirmacion,pendiente,0.0,desconocido,Pendiente de implementar,parcial,margin_stabilization (media): Margen gross 12.6% vs 6.5% (+6.1 pp) | eps_stabilization (media): EPS 1.09 vs 0.34 (Diluted EPS) | dividend_maintained (baja): Dividendo actual 4.64% con caída del 7.8%,incompleto,pendiente_confirmacion,21.94,22.6,21.94 - 22.60,20.52,21.27,20.52 - 21.27,Pérdida del soporte en 21.94 | ROE negativo durante 2 trimestres consecutivos | Ampliación de capital dilutiva | Recorte de rating a bono basura,6-12,"ENI está un 7.8% por debajo de su máximo 52s. Fundamentalmente sólida con ROE 10.9%, deuda neta/EBITDA 1.6x. Técnicamente 🟢 Cerca de soporte, 🟢 base_pattern_detected. Clasificación: pendiente_confirmacion.","ENI está un 7.8% por debajo de su máximo 52s. Fundamentalmente sólida con ROE 10.9%, deuda neta/EBITDA 1.6x. Técnicamente 🟢 Cerca de soporte, 🟢 base_pattern_detected. Clasificación: pendiente_confirmacion.",OK,
9433.T,KDDI CORPORATION,ASIA,1.0,script-v2.0,1.0,2026-09-05T11:51:29.876808+02:00,56.6,59.5,99.0,25.0,0.0,9.0,48.0,30.0,18.0,8997717.0,2.48,-1.9,,9.06,4.5,88.6243,False,81.5,82.8,False,2709.12,10.0,True,True,False,,pass,descarte,pendiente,0.0,desconocido,Pendiente de implementar,parcial,eps_stabilization (media): EPS 51.33 vs 43.00 (Diluted EPS) | debt_reduction (alta): Deuda 5296146.1M vs 5397863.0M | dividend_maintained (baja): Dividendo actual 2.82% con caída del 4.5%,razonable,descarte,2821.92,2863.78,2821.92 - 2863.78,2652.85,2701.65,2652.85 - 2701.65,Pérdida del soporte en 2821.92 | ROE negativo durante 2 trimestres consecutivos | Ampliación de capital dilutiva | Recorte de rating a bono basura,6-12,"KDDI CORPORATION está un 4.5% por debajo de su máximo 52s. Fundamentalmente aceptable con ROE 14.6%, deuda neta/EBITDA 2.5x. Técnicamente 🟢 Cruce alcista MACD, 🟢 base_pattern_detected. Clasificación: descarte.","KDDI CORPORATION está un 4.5% por debajo de su máximo 52s. Fundamentalmente aceptable con ROE 14.6%, deuda neta/EBITDA 2.5x. Técnicamente 🟢 Cruce alcista MACD, 🟢 base_pattern_detected. Clasificación: descarte.",OK,
AFL,AFLAC Incorporated,SP500,1.0,script-v2.0,1.0,2026-09-05T11:50:34.090267+02:00,56.0,54.1,85.0,27.0,0.0,1.0,62.0,62.0,0.0,2283080.0,1.19,104.6,-6.9,10.88,9.5,2.2399,False,32.1,37.5,False,113.71,3.1,False,False,False,Sin señales de recuperación,pass,descarte,pendiente,0.0,desconocido,Pendiente de implementar,ausente,dividend_maintained (baja): Dividendo actual 2.08% con caída del 10.0%,razonable,descarte,114.38,117.21,114.38 - 117.21,110.69,113.5,110.69 - 113.50,Pérdida del soporte en 114.38 | ROE negativo durante 2 trimestres consecutivos | Ampliación de capital dilutiva | Recorte de rating a bono basura,6-12,"AFLAC Incorporated está un 10.0% por debajo de su máximo 52s. Fundamentalmente aceptable con ROE 16.9%, deuda neta/EBITDA 1.2x. Técnicamente 🔵 RSI recuperándose de sobreventa, 🟢 Cruce alcista MACD. Clasificación: descarte.","AFLAC Incorporated está un 10.0% por debajo de su máximo 52s. Fundamentalmente aceptable con ROE 16.9%, deuda neta/EBITDA 1.2x. Técnicamente 🔵 RSI recuperándose de sobreventa, 🟢 Cruce alcista MACD. Clasificación: descarte.",OK,
ABI.BR,AB INBEV,EUROSTOXX,1.0,script-v2.0,1.0,2026-09-05T11:49:59.764855+02:00,55.9,59.8,95.0,29.0,0.0,12.0,44.0,44.0,0.0,1830566.0,3.28,-0.4,0.0,10.57,9.4,1.9963,False,80.5,80.4,False,64.61,6.9,False,False,True,,pass,pendiente_confirmacion,pendiente,0.0,desconocido,Pendiente de implementar,confirmada,margin_stabilization (media): Margen gross 57.5% vs 56.6% (+0.9 pp) | eps_stabilization (media): EPS 1.30 vs 0.99 (Diluted EPS) | debt_reduction (alta): Deuda 72732.0M vs 73027.0M | dividend_maintained (baja): Dividendo actual 1.67% con caída del 9.4%,incompleto,pendiente_confirmacion,68.57,69.04,68.57 - 69.04,64.19,64.75,64.19 - 64.75,Pérdida del soporte en 68.57 | ROE negativo durante 2 trimestres consecutivos | Ampliación de capital dilutiva | Recorte de rating a bono basura,6-12,"AB INBEV está un 9.4% por debajo de su máximo 52s. Fundamentalmente aceptable con ROE 11.4%, deuda neta/EBITDA 3.3x. Técnicamente 🟢 Cruce alcista MACD, 🟢 Cerca de soporte. Clasificación: pendiente_confirmacion.","AB INBEV está un 9.4% por debajo de su máximo 52s. Fundamentalmente aceptable con ROE 11.4%, deuda neta/EBITDA 3.3x. Técnicamente 🟢 Cruce alcista MACD, 🟢 Cerca de soporte. Clasificación: pendiente_confirmacion.",OK,
ORG.AX,ORIGIN ENE FPO [ORG],ASX,1.0,script-v2.0,1.0,2026-09-05T11:51:21.855237+02:00,55.8,60.8,96.0,30.0,0.0,4.0,41.0,30.0,11.0,4373111.0,2.41,,,13.78,9.3,0.0021,False,9.4,21.9,False,11.11,2.2,False,True,True,Sin señales de recuperación,pass,seguimiento,pendiente,0.0,desconocido,Pendiente de implementar,ausente,eps_stabilization (media): EPS 0.86 vs 0.81 (annual_eps_fallback) | dividend_maintained (baja): Dividendo actual 5.29% con caída del 12.6%,incompleto,seguimiento,10.2,10.77,10.20 - 10.77,11.04,11.07,11.04 - 11.07,Pérdida del soporte en 10.20 | ROE negativo durante 2 trimestres consecutivos | Ampliación de capital dilutiva | Recorte de rating a bono basura,6-12,"ORIGIN ENE FPO [ORG] está un 12.6% por debajo de su máximo 52s. Fundamentalmente sólida con ROE 15.7%, deuda neta/EBITDA 2.4x. Técnicamente 🟢 Divergencia alcista RSI, 🟡 Apoyo en MA40 semanal. Clasificación: seguimiento.","ORIGIN ENE FPO [ORG] está un 12.6% por debajo de su máximo 52s. Fundamentalmente sólida con ROE 15.7%, deuda neta/EBITDA 2.4x. Técnicamente 🟢 Divergencia alcista RSI, 🟡 Apoyo en MA40 semanal. Clasificación: seguimiento.",OK,
PRY.MI,PRYSMIAN,EUROSTOXX,1.0,script-v2.0,1.0,2026-09-05T11:49:58.790922+02:00,55.8,52.7,98.0,13.0,0.0,10.0,65.0,53.0,12.0,1160988.0,1.59,1.3,0.9,15.39,22.3,3.4064,False,45.4,29.7,False,116.21,5.2,True,False,False,,pass,descarte,pendiente,0.0,desconocido,Pendiente de implementar,parcial,"margin_stabilization (media): Margen gross 35.7% vs 35.5% (+0.3 pp) | eps_stabilization (media): EPS 0.80 vs 0.52 (Diluted EPS) | dividend_maintained (baja): Dividendo actual 0.74% con caída del 22.3% | analyst_upgrade (media): Target 155.12 vs precio 122.25 (+27%), recMean 1.82, recKey buy",razonable,descarte,117.22,122.25,117.22 - 122.25,115.05,133.66,115.05 - 133.66,Pérdida del soporte en 117.22 | ROE negativo durante 2 trimestres consecutivos | Ampliación de capital dilutiva | Recorte de rating a bono basura,6-12,"PRYSMIAN está un 22.3% por debajo de su máximo 52s. Fundamentalmente aceptable con ROE 22.4%, deuda neta/EBITDA 1.6x. Técnicamente 🟢 Divergencia alcista RSI, 🟢 Cruce alcista MACD. Clasificación: descarte.","PRYSMIAN está un 22.3% por debajo de su máximo 52s. Fundamentalmente aceptable con ROE 22.4%, deuda neta/EBITDA 1.6x. Técnicamente 🟢 Divergencia alcista RSI, 🟢 Cruce alcista MACD. Clasificación: descarte.",OK,
QCOM,QUALCOMM Incorporated,SP500,1.0,script-v2.0,1.0,2026-09-05T11:51:10.786973+02:00,55.7,61.6,100.0,28.0,0.0,6.0,38.0,33.0,5.0,14737822.0,0.58,-0.0,0.0,15.35,34.5,-0.9105,False,87.6,88.6,False,167.28,0.9,False,False,True,,pass,pendiente_confirmacion,pendiente,0.0,desconocido,Pendiente de implementar,parcial,debt_reduction (alta): Deuda 15270.0M vs 15270.0M | dividend_maintained (baja): Dividendo actual 2.18% con caída del 35.1%,incompleto,pendiente_confirmacion,158.84,168.43,158.84 - 168.43,166.12,220.93,166.12 - 220.93,Pérdida del soporte en 158.84 | ROE negativo durante 2 trimestres consecutivos | Ampliación de capital dilutiva | Recorte de rating a bono basura,12-18,"QUALCOMM Incorporated está un 35.1% por debajo de su máximo 52s. Fundamentalmente sólida con ROE 33.8%, deuda neta/EBITDA 0.6x. Técnicamente 🟢 Divergencia alcista RSI, 🟡 Apoyo en MA40 semanal. Clasificación: pendiente_confirmacion.","QUALCOMM Incorporated está un 35.1% por debajo de su máximo 52s. Fundamentalmente sólida con ROE 33.8%, deuda neta/EBITDA 0.6x. Técnicamente 🟢 Divergencia alcista RSI, 🟡 Apoyo en MA40 semanal. Clasificación: pendiente_confirmacion.",OK,
8058.T,MITSUBISHI CORP,ASIA,1.0,script-v2.0,1.0,2026-09-05T11:51:35.546132+02:00,55.6,48.5,80.0,21.0,0.0,4.0,77.0,59.0,18.0,8274612.0,5.99,9.6,,30.07,18.5,52.5649,False,55.4,70.4,False,4702.38,4.2,True,True,False,Sin señales de recuperación,pass,descarte,pendiente,0.0,desconocido,Pendiente de implementar,ausente,eps_stabilization (media): EPS 200.58 vs 176.11 (annual_eps_fallback) | dividend_maintained (baja): Dividendo actual 2.55% con caída del 18.5%,fuerte,descarte,4680.26,4862.0,4680.26 - 4862.00,4616.42,5110.2,4616.42 - 5110.20,Pérdida del soporte en 4862.00 | ROE negativo durante 2 trimestres consecutivos | Ampliación de capital dilutiva | Recorte de rating a bono basura,6-12,"MITSUBISHI CORP está un 18.5% por debajo de su máximo 52s. Fundamentalmente aceptable con ROE 10.1%, deuda neta/EBITDA 6.0x. Técnicamente 🟢 Divergencia alcista RSI, 🟢 Cruce alcista MACD. Clasificación: descarte.","MITSUBISHI CORP está un 18.5% por debajo de su máximo 52s. Fundamentalmente aceptable con ROE 10.1%, deuda neta/EBITDA 6.0x. Técnicamente 🟢 Divergencia alcista RSI, 🟢 Cruce alcista MACD. Clasificación: descarte.",OK,
BRK-B,Berkshire Hathaway Inc. New,SP500,1.0,script-v2.0,1.0,2026-09-05T11:50:39.144490+02:00,55.2,52.9,54.0,52.0,0.0,11.0,62.0,39.0,23.0,4563774.0,-1.81,-0.2,12.0,-1.79,6.6,4.8554,False,78.0,80.9,False,492.08,2.8,True,True,False,,pass,descarte,pendiente,0.0,desconocido,Pendiente de implementar,parcial,margin_stabilization (media): Margen operating 28.3% vs 14.8% (+13.5 pp) | eps_stabilization (media): EPS 11.91 vs 4.68 (Diluted EPS) | debt_reduction (alta): Deuda 128599.0M vs 128886.0M,razonable,descarte,481.51,503.15,481.51 - 503.15,457.08,492.41,457.08 - 492.41,Pérdida del soporte en 481.51 | ROE negativo durante 2 trimestres consecutivos | Ampliación de capital dilutiva | Recorte de rating a bono basura,6-12,"Berkshire Hathaway Inc. New está un 5.9% por debajo de su máximo 52s. Fundamentalmente aceptable con ROE 12.1%, deuda neta/EBITDA -1.8x. Técnicamente 🟡 MACD convergiendo, 🟢 Cerca de soporte. Clasificación: descarte.","Berkshire Hathaway Inc. New está un 5.9% por debajo de su máximo 52s. Fundamentalmente aceptable con ROE 12.1%, deuda neta/EBITDA -1.8x. Técnicamente 🟡 MACD convergiendo, 🟢 Cerca de soporte. Clasificación: descarte.",OK,
1038.HK,CKI HOLDINGS,ASIA,1.0,script-v2.0,1.0,2026-09-05T11:51:47.232740+02:00,55.1,62.1,100.0,29.0,0.0,4.0,34.0,16.0,18.0,1634497.0,-38.56,4.6,,149.49,2.6,1.3874,False,41.7,44.1,False,61.17,6.3,True,True,True,Sin señales de recuperación,pass,seguimiento,pendiente,0.0,desconocido,Pendiente de implementar,ausente,eps_stabilization (media): EPS 3.28 vs 3.22 (annual_eps_fallback) | dividend_maintained (baja): Dividendo actual 4.04% con caída del 4.2%,incompleto,seguimiento,60.59,62.51,60.59 - 62.51,57.72,60.37,57.72 - 60.37,Pérdida del soporte en 60.59 | ROE negativo durante 2 trimestres consecutivos | Ampliación de capital dilutiva | Recorte de rating a bono basura,6-12,"CKI HOLDINGS está un 4.2% por debajo de su máximo 52s. Fundamentalmente sólida con ROE 17.2%, deuda neta/EBITDA -38.6x. Técnicamente 🟢 Divergencia alcista RSI, 🟢 base_pattern_detected. Clasificación: seguimiento.","CKI HOLDINGS está un 4.2% por debajo de su máximo 52s. Fundamentalmente sólida con ROE 17.2%, deuda neta/EBITDA -38.6x. Técnicamente 🟢 Divergencia alcista RSI, 🟢 base_pattern_detected. Clasificación: seguimiento.",OK,
BP.L,BP PLC $0.25,EUROSTOXX,1.0,script-v2.0,1.0,2026-09-05T11:50:09.388830+02:00,55.1,49.8,85.0,19.0,0.0,9.0,71.0,53.0,18.0,43057882.0,0.9,-2.0,8.5,3.5,11.4,8.2103,False,62.8,65.0,False,507.23,6.4,True,True,False,,pass,descarte,pendiente,0.0,desconocido,Pendiente de implementar,parcial,eps_stabilization (media): EPS 0.25 vs 0.25 (Diluted EPS) | debt_reduction (alta): Deuda 72693.0M vs 74178.0M | dividend_maintained (baja): Dividendo actual 0.05% con caída del 11.4%,fuerte,descarte,513.53,517.59,513.53 - 517.59,504.62,517.99,504.62 - 517.99,Pérdida del soporte en 513.53 | ROE negativo durante 2 trimestres consecutivos | Ampliación de capital dilutiva | Recorte de rating a bono basura,6-12,"BP PLC $0.25 está un 11.4% por debajo de su máximo 52s. Fundamentalmente aceptable con ROE 8.9%, deuda neta/EBITDA 0.9x. Técnicamente 🟢 Divergencia alcista RSI, 🟢 Cruce alcista MACD. Clasificación: descarte.","BP PLC $0.25 está un 11.4% por debajo de su máximo 52s. Fundamentalmente aceptable con ROE 8.9%, deuda neta/EBITDA 0.9x. Técnicamente 🟢 Divergencia alcista RSI, 🟢 Cruce alcista MACD. Clasificación: descarte.",OK,
TWE.AX,TREA WINE FPO [TWE],ASX,1.0,script-v2.0,1.0,2026-09-05T11:51:25.640639+02:00,55.1,61.5,61.0,62.0,0.0,3.0,36.0,30.0,6.0,3697748.0,1.73,,,-7.04,52.9,0.1591,False,52.2,29.9,False,4.8,15.5,False,True,True,Sin señales de recuperación,pass,seguimiento,pendiente,0.0,desconocido,Pendiente de implementar,ausente,eps_stabilization (media): EPS 0.54 vs 0.13 (annual_eps_fallback),incompleto,seguimiento,5.12,5.38,5.12 - 5.38,4.82,6.68,4.82 - 6.68,Pérdida del soporte en 5.38 | ROE negativo durante 2 trimestres consecutivos | Ampliación de capital dilutiva | Recorte de rating a bono basura,12-18,"TREA WINE FPO [TWE] está un 29.5% por debajo de su máximo 52s. Fundamentalmente sólida con ROE -26.5%, deuda neta/EBITDA 1.7x. Técnicamente 🟡 MACD convergiendo, 🟢 Cerca de soporte. Clasificación: seguimiento.","TREA WINE FPO [TWE] está un 29.5% por debajo de su máximo 52s. Fundamentalmente sólida con ROE -26.5%, deuda neta/EBITDA 1.7x. Técnicamente 🟡 MACD convergiendo, 🟢 Cerca de soporte. Clasificación: seguimiento.",OK,
HEN3.DE,Henkel AG & Co. KGaA          I,EUROSTOXX,1.0,script-v2.0,1.0,2026-09-05T11:49:26.218225+02:00,54.9,59.6,90.0,33.0,0.0,1.0,41.0,35.0,6.0,397729.0,0.73,81.0,,10.62,8.0,2.2474,False,82.4,53.6,False,70.55,8.3,False,True,False,Sin señales de recuperación,pass,descarte,pendiente,0.0,desconocido,Pendiente de implementar,ausente,dividend_maintained (baja): Dividendo actual 2.71% con caída del 9.2%,incompleto,descarte,73.98,75.66,73.98 - 75.66,70.37,71.57,70.37 - 71.57,Pérdida del soporte en 73.98 | ROE negativo durante 2 trimestres consecutivos | Ampliación de capital dilutiva | Recorte de rating a bono basura,6-12,"Henkel AG & Co. KGaA          I está un 9.2% por debajo de su máximo 52s. Fundamentalmente aceptable con ROE 9.4%, deuda neta/EBITDA 0.7x. Técnicamente 🟡 MACD convergiendo, 🟢 Cerca de soporte. Clasificación: descarte.","Henkel AG & Co. KGaA          I está un 9.2% por debajo de su máximo 52s. Fundamentalmente aceptable con ROE 9.4%, deuda neta/EBITDA 0.7x. Técnicamente 🟡 MACD convergiendo, 🟢 Cerca de soporte. Clasificación: descarte.",OK,
KER.PA,KERING,EUROSTOXX,1.0,script-v2.0,1.0,2026-09-05T11:49:38.870548+02:00,54.6,48.5,56.0,42.0,0.0,6.0,73.0,56.0,17.0,312522.0,3.75,-1.3,,16.04,29.7,-0.3958,False,19.4,19.5,False,263.68,-7.0,True,False,False,,pass,descarte,pendiente,0.0,desconocido,Pendiente de implementar,parcial,debt_reduction (alta): Deuda 17907.0M vs 18149.0M | dividend_maintained (baja): Dividendo actual 1.22% con caída del 30.8%,fuerte,descarte,240.26,245.2,240.26 - 245.20,264.16,301.07,264.16 - 301.07,Pérdida del soporte en 240.26 | ROE negativo durante 2 trimestres consecutivos | Ampliación de capital dilutiva | Recorte de rating a bono basura,12-18,"KERING está un 30.8% por debajo de su máximo 52s. Fundamentalmente aceptable con ROE -1.6%, deuda neta/EBITDA 3.8x. Técnicamente 🟡 MACD convergiendo, 🟢 Cerca de soporte. Clasificación: descarte.","KERING está un 30.8% por debajo de su máximo 52s. Fundamentalmente aceptable con ROE -1.6%, deuda neta/EBITDA 3.8x. Técnicamente 🟡 MACD convergiendo, 🟢 Cerca de soporte. Clasificación: descarte.",OK,
0002.HK,CLP HOLDINGS,ASIA,1.0,script-v2.0,1.0,2026-09-05T11:51:42.073883+02:00,54.0,57.0,89.0,29.0,0.0,1.0,45.0,39.0,6.0,3348566.0,2.63,3.8,,11.26,2.4,1.8765,False,42.4,29.3,False,73.16,5.6,False,True,False,Sin señales de recuperación,pass,descarte,pendiente,0.0,desconocido,Pendiente de implementar,ausente,dividend_maintained (baja): Dividendo actual 4.14% con caída del 3.2%,razonable,descarte,73.41,76.58,73.41 - 76.58,67.83,72.51,67.83 - 72.51,Pérdida del soporte en 73.41 | ROE negativo durante 2 trimestres consecutivos | Ampliación de capital dilutiva | Recorte de rating a bono basura,6-12,"CLP HOLDINGS está un 3.2% por debajo de su máximo 52s. Fundamentalmente aceptable con ROE 10.1%, deuda neta/EBITDA 2.6x. Técnicamente 🟡 MACD convergiendo, 🟢 Cerca de soporte. Clasificación: descarte.","CLP HOLDINGS está un 3.2% por debajo de su máximo 52s. Fundamentalmente aceptable con ROE 10.1%, deuda neta/EBITDA 2.6x. Técnicamente 🟡 MACD convergiendo, 🟢 Cerca de soporte. Clasificación: descarte.",OK,
GALP.LS,GALP ENERGIA-NOM,EUROSTOXX,1.0,script-v2.0,1.0,2026-09-05T11:50:03.601075+02:00,53.5,54.7,100.0,15.0,0.0,7.0,50.0,32.0,18.0,1652729.0,0.68,5.4,15.5,5.44,6.4,0.7974,False,2.8,31.9,False,18.14,13.1,True,True,False,,pass,descarte,pendiente,0.0,desconocido,Pendiente de implementar,parcial,margin_stabilization (media): Margen gross 19.6% vs 15.6% (+4.0 pp) | eps_stabilization (media): EPS 0.98 vs -0.15 (Diluted EPS) | dividend_maintained (baja): Dividendo actual 3.31% con caída del 7.8%,razonable,descarte,19.86,19.94,19.86 - 19.94,18.15,18.92,18.15 - 18.92,Pérdida del soporte en 19.94 | ROE negativo durante 2 trimestres consecutivos | Ampliación de capital dilutiva | Recorte de rating a bono basura,6-12,"GALP ENERGIA-NOM está un 7.8% por debajo de su máximo 52s. Fundamentalmente aceptable con ROE 24.9%, deuda neta/EBITDA 0.7x. Técnicamente 🟢 Volumen creciente, 🟢 Cerca de soporte. Clasificación: descarte.","GALP ENERGIA-NOM está un 7.8% por debajo de su máximo 52s. Fundamentalmente aceptable con ROE 24.9%, deuda neta/EBITDA 0.7x. Técnicamente 🟢 Volumen creciente, 🟢 Cerca de soporte. Clasificación: descarte.",OK,
KPN.AS,KPN KON,EUROSTOXX,1.0,script-v2.0,1.0,2026-09-05T11:49:50.286676+02:00,53.0,51.3,71.0,34.0,0.0,4.0,58.0,53.0,5.0,10407071.0,2.85,3.9,-15.1,9.31,12.9,-0.0489,False,59.2,38.5,False,4.23,-3.0,False,False,False,Sin señales de recuperación,pass,descarte,pendiente,0.0,desconocido,Pendiente de implementar,ausente,margin_stabilization (media): Margen gross 67.9% vs 68.1% (-0.2 pp) | dividend_maintained (baja): Dividendo actual 4.64% con caída del 16.5%,razonable,descarte,4.07,4.1,4.07 - 4.10,4.17,4.21,4.17 - 4.21,Pérdida del soporte en 4.07 | ROE negativo durante 2 trimestres consecutivos | Ampliación de capital dilutiva | Recorte de rating a bono basura,6-12,"KPN KON está un 16.5% por debajo de su máximo 52s. Fundamentalmente aceptable con ROE 26.1%, deuda neta/EBITDA 2.9x. Técnicamente 🟢 Divergencia alcista RSI, 🟢 Cerca de soporte. Clasificación: descarte.","KPN KON está un 16.5% por debajo de su máximo 52s. Fundamentalmente aceptable con ROE 26.1%, deuda neta/EBITDA 2.9x. Técnicamente 🟢 Divergencia alcista RSI, 🟢 Cerca de soporte. Clasificación: descarte.",OK,
AEP,American Electric Power Company,SP500,1.0,script-v2.0,1.0,2026-09-05T11:50:54.985123+02:00,52.9,49.9,76.0,27.0,0.0,4.0,62.0,45.0,17.0,4501634.0,5.86,3.4,-14.2,13.5,10.8,0.0532,False,51.9,49.1,False,125.59,-0.9,True,False,False,Sin señales de recuperación,pass,descarte,pendiente,0.0,desconocido,Pendiente de implementar,ausente,margin_stabilization (media): Margen gross 62.4% vs 58.0% (+4.4 pp) | dividend_maintained (baja): Dividendo actual 3.05% con caída del 11.4%,razonable,descarte,118.27,124.5,118.27 - 124.50,119.49,125.25,119.49 - 125.25,Pérdida del soporte en 118.27 | ROE negativo durante 2 trimestres consecutivos | Ampliación de capital dilutiva | Recorte de rating a bono basura,6-12,"American Electric Power Company está un 11.4% por debajo de su máximo 52s. Fundamentalmente aceptable con ROE 10.1%, deuda neta/EBITDA 5.9x. Técnicamente 🟢 Cruce alcista MACD, 🟡 Apoyo en MA40 semanal. Clasificación: descarte.","American Electric Power Company está un 11.4% por debajo de su máximo 52s. Fundamentalmente aceptable con ROE 10.1%, deuda neta/EBITDA 5.9x. Técnicamente 🟢 Cruce alcista MACD, 🟡 Apoyo en MA40 semanal. Clasificación: descarte.",OK,
CBA.AX,CWLTH BANK FPO [CBA],ASX,1.0,script-v2.0,1.0,2026-09-05T11:51:11.186936+02:00,52.3,41.5,74.0,13.0,0.0,4.0,85.0,68.0,17.0,2041042.0,,60.3,,,12.6,-0.395,False,72.9,55.2,False,163.19,-1.7,True,False,False,Sin señales de recuperación,pass,descarte,pendiente,0.0,desconocido,Pendiente de implementar,ausente,eps_stabilization (media): EPS 6.04 vs 5.58 (annual_eps_fallback) | dividend_maintained (baja): Dividendo actual 3.15% con caída del 13.6%,fuerte,descarte,156.47,160.42,156.47 - 160.42,157.75,162.51,157.75 - 162.51,Pérdida del soporte en 156.47 | ROE negativo durante 2 trimestres consecutivos | Ampliación de capital dilutiva | Recorte de rating a bono basura,6-12,"CWLTH BANK FPO [CBA] está un 13.6% por debajo de su máximo 52s. Fundamentalmente aceptable con ROE 13.9%, dividendo 3.1%. Técnicamente 🔵 RSI recuperándose de sobreventa, 🟢 Cruce alcista MACD. Clasificación: descarte.","CWLTH BANK FPO [CBA] está un 13.6% por debajo de su máximo 52s. Fundamentalmente aceptable con ROE 13.9%, dividendo 3.1%. Técnicamente 🔵 RSI recuperándose de sobreventa, 🟢 Cruce alcista MACD. Clasificación: descarte.",OK,
LR.PA,LEGRAND,EUROSTOXX,1.0,script-v2.0,1.0,2026-09-05T11:49:40.093593+02:00,52.2,47.9,81.0,19.0,0.0,7.0,65.0,48.0,17.0,598750.0,2.59,16.8,-0.2,19.26,14.2,0.0173,False,83.8,51.8,False,138.31,1.9,True,False,False,,pass,descarte,pendiente,0.0,desconocido,Pendiente de implementar,parcial,margin_stabilization (media): Margen gross 50.5% vs 50.5% (-0.1 pp) | eps_stabilization (media): EPS 1.26 vs 1.12 (Diluted EPS) | dividend_maintained (baja): Dividendo actual 1.69% con caída del 15.6%,razonable,descarte,133.79,137.92,133.79 - 137.92,137.86,141.91,137.86 - 141.91,Pérdida del soporte en 133.79 | ROE negativo durante 2 trimestres consecutivos | Ampliación de capital dilutiva | Recorte de rating a bono basura,6-12,"LEGRAND está un 15.6% por debajo de su máximo 52s. Fundamentalmente aceptable con ROE 18.2%, deuda neta/EBITDA 2.6x. Técnicamente 🟢 Divergencia alcista RSI, 🟢 Cruce alcista MACD. Clasificación: descarte.","LEGRAND está un 15.6% por debajo de su máximo 52s. Fundamentalmente aceptable con ROE 18.2%, deuda neta/EBITDA 2.6x. Técnicamente 🟢 Divergencia alcista RSI, 🟢 Cruce alcista MACD. Clasificación: descarte.",OK,
TXN,Texas Instruments Incorporated,SP500,1.0,script-v2.0,1.0,2026-09-05T11:51:09.667294+02:00,52.2,52.7,98.0,13.0,0.0,10.0,51.0,39.0,12.0,7944664.0,0.74,0.0,0.2,25.53,22.2,10.6449,False,33.4,20.2,False,240.99,7.2,True,False,False,,pass,descarte,pendiente,0.0,desconocido,Pendiente de implementar,parcial,"margin_stabilization (media): Margen gross 61.4% vs 58.0% (+3.3 pp) | eps_stabilization (media): EPS 2.14 vs 1.68 (Diluted EPS) | dividend_maintained (baja): Dividendo actual 2.20% con caída del 22.6% | analyst_upgrade (media): Target 324.71 vs precio 258.44 (+26%), recMean 2.08, recKey buy",razonable,descarte,209.56,258.44,209.56 - 258.44,237.48,283.93,237.48 - 283.93,Pérdida del soporte en 209.56 | ROE negativo durante 2 trimestres consecutivos | Ampliación de capital dilutiva | Recorte de rating a bono basura,6-12,"Texas Instruments Incorporated está un 22.6% por debajo de su máximo 52s. Fundamentalmente aceptable con ROE 35.2%, deuda neta/EBITDA 0.7x. Técnicamente 🔵 RSI recuperándose de sobreventa, 🟡 MACD convergiendo. Clasificación: descarte.","Texas Instruments Incorporated está un 22.6% por debajo de su máximo 52s. Fundamentalmente aceptable con ROE 35.2%, deuda neta/EBITDA 0.7x. Técnicamente 🔵 RSI recuperándose de sobreventa, 🟡 MACD convergiendo. Clasificación: descarte.",OK,
RACE.MI,FERRARI,EUROSTOXX,1.0,script-v2.0,1.0,2026-09-05T11:49:59.376845+02:00,51.8,60.0,100.0,25.0,0.0,7.0,27.0,21.0,6.0,483752.0,0.7,8.1,0.0,26.17,26.9,12.5039,False,10.8,23.3,False,311.85,13.3,False,True,True,,pass,pendiente_confirmacion,pendiente,0.0,desconocido,Pendiente de implementar,parcial,margin_stabilization (media): Margen gross 52.6% vs 51.8% (+0.8 pp) | eps_stabilization (media): EPS 2.62 vs 2.33 (Diluted EPS) | dividend_maintained (baja): Dividendo actual 1.02% con caída del 18.1%,incompleto,pendiente_confirmacion,343.94,351.98,343.94 - 351.98,312.41,366.52,312.41 - 366.52,Pérdida del soporte en 351.98 | ROE negativo durante 2 trimestres consecutivos | Ampliación de capital dilutiva | Recorte de rating a bono basura,6-12,"FERRARI está un 18.1% por debajo de su máximo 52s. Fundamentalmente aceptable con ROE 45.4%, deuda neta/EBITDA 0.7x. Técnicamente 🟢 Cerca de soporte, 🟡 trendline_break. Clasificación: pendiente_confirmacion.","FERRARI está un 18.1% por debajo de su máximo 52s. Fundamentalmente aceptable con ROE 45.4%, deuda neta/EBITDA 0.7x. Técnicamente 🟢 Cerca de soporte, 🟡 trendline_break. Clasificación: pendiente_confirmacion.",OK,
CVX,Chevron Corporation,SP500,1.0,script-v2.0,1.0,2026-09-05T11:50:25.873113+02:00,51.8,53.1,100.0,12.0,0.0,12.0,48.0,30.0,18.0,8502433.0,0.56,-18.4,12.3,8.75,2.2,7.4387,False,70.1,83.9,False,179.68,16.1,True,True,False,,pass,descarte,pendiente,0.0,desconocido,Pendiente de implementar,confirmada,margin_stabilization (media): Margen gross 36.5% vs 28.4% (+8.1 pp) | eps_stabilization (media): EPS 6.11 vs 1.11 (Diluted EPS) | debt_reduction (alta): Deuda 37075.0M vs 45428.0M | dividend_maintained (baja): Dividendo actual 3.41% con caída del 2.8%,razonable,descarte,189.96,193.81,189.96 - 193.81,178.23,182.5,178.23 - 182.50,Pérdida del soporte en 193.81 | ROE negativo durante 2 trimestres consecutivos | Ampliación de capital dilutiva | Recorte de rating a bono basura,6-12,"Chevron Corporation está un 2.8% por debajo de su máximo 52s. Fundamentalmente aceptable con ROE 12.2%, deuda neta/EBITDA 0.6x. Técnicamente 🟢 Cruce alcista MACD, 🟢 base_pattern_detected. Clasificación: descarte.","Chevron Corporation está un 2.8% por debajo de su máximo 52s. Fundamentalmente aceptable con ROE 12.2%, deuda neta/EBITDA 0.6x. Técnicamente 🟢 Cruce alcista MACD, 🟢 base_pattern_detected. Clasificación: descarte.",OK,
CA.PA,CARREFOUR,EUROSTOXX,1.0,script-v2.0,1.0,2026-09-05T11:49:35.330235+02:00,51.6,53.1,67.0,41.0,0.0,1.0,47.0,35.0,12.0,2126312.0,4.63,316.0,,8.07,1.7,0.43,False,93.2,92.1,False,14.91,10.0,True,False,False,Sin señales de recuperación,pass,descarte,pendiente,0.0,desconocido,Pendiente de implementar,ausente,dividend_maintained (baja): Dividendo actual 5.91% con caída del 6.4%,razonable,descarte,15.49,15.99,15.49 - 15.99,14.82,14.91,14.82 - 14.91,Pérdida del soporte en 15.49 | ROE negativo durante 2 trimestres consecutivos | Ampliación de capital dilutiva | Recorte de rating a bono basura,6-12,"CARREFOUR está un 6.4% por debajo de su máximo 52s. Fundamentalmente aceptable con ROE 8.4%, deuda neta/EBITDA 4.6x. Técnicamente 🟢 Cruce alcista MACD, 🟢 base_pattern_detected. Clasificación: descarte.","CARREFOUR está un 6.4% por debajo de su máximo 52s. Fundamentalmente aceptable con ROE 8.4%, deuda neta/EBITDA 4.6x. Técnicamente 🟢 Cruce alcista MACD, 🟢 base_pattern_detected. Clasificación: descarte.",OK,
MO,"Altria Group, Inc.",SP500,1.0,script-v2.0,1.0,2026-09-05T11:51:00.644233+02:00,51.5,52.3,79.0,29.0,0.0,9.0,49.0,37.0,12.0,8677025.0,1.41,-0.1,14.9,8.71,10.6,0.9955,False,72.1,80.6,False,65.73,4.8,True,False,False,,pass,descarte,pendiente,0.0,desconocido,Pendiente de implementar,parcial,eps_stabilization (media): EPS 1.37 vs 1.30 (Diluted EPS) | debt_reduction (alta): Deuda 24577.0M vs 24602.0M | dividend_maintained (baja): Dividendo actual 6.45% con caída del 10.6%,razonable,descarte,68.71,68.88,68.71 - 68.88,65.14,65.5,65.14 - 65.50,Pérdida del soporte en 68.71 | ROE negativo durante 2 trimestres consecutivos | Ampliación de capital dilutiva | Recorte de rating a bono basura,6-12,"Altria Group, Inc. está un 10.6% por debajo de su máximo 52s. Fundamentalmente aceptable con deuda neta/EBITDA 1.4x, dividendo 6.5%. Técnicamente 🟢 Divergencia alcista RSI, 🟢 Cerca de soporte. Clasificación: descarte.","Altria Group, Inc. está un 10.6% por debajo de su máximo 52s. Fundamentalmente aceptable con deuda neta/EBITDA 1.4x, dividendo 6.5%. Técnicamente 🟢 Divergencia alcista RSI, 🟢 Cerca de soporte. Clasificación: descarte.",OK,
0003.HK,HK & CHINA GAS,ASIA,1.0,script-v2.0,1.0,2026-09-05T11:51:42.405732+02:00,51.3,52.4,86.0,23.0,0.0,4.0,48.0,30.0,18.0,32234924.0,4.59,2.0,,17.07,5.0,0.0553,False,56.9,58.0,False,6.89,3.0,True,True,False,Sin señales de recuperación,pass,descarte,pendiente,0.0,desconocido,Pendiente de implementar,ausente,eps_stabilization (media): EPS 0.30 vs 0.30 (annual_eps_fallback) | dividend_maintained (baja): Dividendo actual 4.93% con caída del 8.5%,razonable,descarte,6.77,6.81,6.77 - 6.81,6.6,6.89,6.60 - 6.89,Pérdida del soporte en 6.77 | ROE negativo durante 2 trimestres consecutivos | Ampliación de capital dilutiva | Recorte de rating a bono basura,6-12,"HK & CHINA GAS está un 8.5% por debajo de su máximo 52s. Fundamentalmente aceptable con ROE 10.5%, deuda neta/EBITDA 4.6x. Técnicamente 🟢 Divergencia alcista RSI, 🟢 Cerca de soporte. Clasificación: descarte.","HK & CHINA GAS está un 8.5% por debajo de su máximo 52s. Fundamentalmente aceptable con ROE 10.5%, deuda neta/EBITDA 4.6x. Técnicamente 🟢 Divergencia alcista RSI, 🟢 Cerca de soporte. Clasificación: descarte.",OK,
BA,Boeing Company (The),SP500,1.0,script-v2.0,1.0,2026-09-05T11:50:49.621919+02:00,51.2,44.3,48.0,41.0,0.0,11.0,72.0,55.0,17.0,5665479.0,3.95,-11.2,-0.2,-67.88,16.6,-0.9819,False,32.8,21.4,False,222.18,-4.5,True,False,False,,pass,descarte,pendiente,0.0,desconocido,Pendiente de implementar,parcial,"margin_stabilization (media): Margen gross 11.5% vs 7.6% (+3.9 pp) | debt_reduction (alta): Deuda 48362.0M vs 54433.0M | analyst_upgrade (media): Target 274.85 vs precio 212.25 (+29%), recMean 1.54, recKey buy",fuerte,descarte,190.13,212.25,190.13 - 212.25,216.2,220.25,216.20 - 220.25,Pérdida del soporte en 190.13 | ROE negativo durante 2 trimestres consecutivos | Ampliación de capital dilutiva | Recorte de rating a bono basura,6-12,"Boeing Company (The) está un 16.6% por debajo de su máximo 52s. Fundamentalmente aceptable con ROE 173.5%, deuda neta/EBITDA 4.0x. Técnicamente 🔵 RSI recuperándose de sobreventa, 🟡 MACD convergiendo. Clasificación: descarte.","Boeing Company (The) está un 16.6% por debajo de su máximo 52s. Fundamentalmente aceptable con ROE 173.5%, deuda neta/EBITDA 4.0x. Técnicamente 🔵 RSI recuperándose de sobreventa, 🟡 MACD convergiendo. Clasificación: descarte.",OK,
ABT,Abbott Laboratories,SP500,1.0,script-v2.0,1.0,2026-09-05T11:50:23.009471+02:00,51.1,56.8,84.0,33.0,0.0,1.0,34.0,16.0,18.0,11298032.0,2.32,136.1,0.6,18.43,20.8,1.6994,False,9.7,12.8,False,104.18,4.0,True,True,False,Sin señales de recuperación,pass,descarte,pendiente,0.0,desconocido,Pendiente de implementar,ausente,dividend_maintained (baja): Dividendo actual 2.33% con caída del 21.2%,incompleto,descarte,100.79,104.21,100.79 - 104.21,105.22,116.87,105.22 - 116.87,Pérdida del soporte en 100.79 | ROE negativo durante 2 trimestres consecutivos | Ampliación de capital dilutiva | Recorte de rating a bono basura,6-12,"Abbott Laboratories está un 21.2% por debajo de su máximo 52s. Fundamentalmente aceptable con ROE 10.6%, deuda neta/EBITDA 2.3x. Técnicamente 🟢 base_pattern_detected, 🟡 trendline_break. Clasificación: descarte.","Abbott Laboratories está un 21.2% por debajo de su máximo 52s. Fundamentalmente aceptable con ROE 10.6%, deuda neta/EBITDA 2.3x. Técnicamente 🟢 base_pattern_detected, 🟡 trendline_break. Clasificación: descarte.",OK,
NESTE.HE,Neste Corporation,EUROSTOXX,1.0,script-v2.0,1.0,2026-09-05T11:50:04.761282+02:00,51.1,55.2,100.0,16.0,0.0,12.0,39.0,21.0,18.0,1126735.0,1.33,-9.8,5.0,10.35,6.2,2.164,False,49.6,47.2,False,25.71,24.3,True,True,True,,pass,pendiente_confirmacion,pendiente,0.0,desconocido,Pendiente de implementar,confirmada,margin_stabilization (media): Margen gross 21.4% vs 19.4% (+2.0 pp) | eps_stabilization (media): EPS 0.99 vs 0.69 (Diluted EPS) | debt_reduction (alta): Deuda 4698.0M vs 5207.0M | dividend_maintained (baja): Dividendo actual 0.63% con caída del 6.2%,incompleto,pendiente_confirmacion,30.48,30.84,30.48 - 30.84,25.28,28.95,25.28 - 28.95,Pérdida del soporte en 30.84 | ROE negativo durante 2 trimestres consecutivos | Ampliación de capital dilutiva | Recorte de rating a bono basura,6-12,"Neste Corporation está un 6.2% por debajo de su máximo 52s. Fundamentalmente aceptable con ROE 19.4%, deuda neta/EBITDA 1.3x. Técnicamente 🟢 Cerca de soporte, 🟢 base_pattern_detected. Clasificación: pendiente_confirmacion.","Neste Corporation está un 6.2% por debajo de su máximo 52s. Fundamentalmente aceptable con ROE 19.4%, deuda neta/EBITDA 1.3x. Técnicamente 🟢 Cerca de soporte, 🟢 base_pattern_detected. Clasificación: pendiente_confirmacion.",OK,
GD,General Dynamics Corporation,SP500,1.0,script-v2.0,1.0,2026-09-05T11:50:48.380561+02:00,50.9,47.2,100.0,1.0,0.0,12.0,62.0,45.0,17.0,1162053.0,0.78,-3.6,-0.0,15.41,10.2,10.6323,False,3.5,8.6,False,353.2,1.8,True,False,False,,pass,descarte,pendiente,0.0,desconocido,Pendiente de implementar,confirmada,margin_stabilization (media): Margen gross 15.5% vs 15.9% (-0.4 pp) | eps_stabilization (media): EPS 4.24 vs 4.10 (Diluted EPS) | debt_reduction (alta): Deuda 9479.0M vs 9832.0M | dividend_maintained (baja): Dividendo actual 1.77% con caída del 10.2%,razonable,descarte,335.77,359.39,335.77 - 359.39,340.0,352.3,340.00 - 352.30,Pérdida del soporte en 335.77 | ROE negativo durante 2 trimestres consecutivos | Ampliación de capital dilutiva | Recorte de rating a bono basura,6-12,"General Dynamics Corporation está un 10.2% por debajo de su máximo 52s. Fundamentalmente aceptable con ROE 17.8%, deuda neta/EBITDA 0.8x. Técnicamente 🔵 RSI en sobreventa, 🟢 Volumen creciente. Clasificación: descarte.","General Dynamics Corporation está un 10.2% por debajo de su máximo 52s. Fundamentalmente aceptable con ROE 17.8%, deuda neta/EBITDA 0.8x. Técnicamente 🔵 RSI en sobreventa, 🟢 Volumen creciente. Clasificación: descarte.",OK,
SRG.MI,SNAM,EUROSTOXX,1.0,script-v2.0,1.0,2026-09-05T11:49:57.214726+02:00,50.8,52.5,61.0,45.0,0.0,4.0,46.0,29.0,17.0,6171386.0,6.2,17.9,-29.3,12.46,15.2,-0.0462,False,31.8,19.0,False,6.01,-5.9,True,False,False,Sin señales de recuperación,pass,descarte,pendiente,0.0,desconocido,Pendiente de implementar,ausente,margin_stabilization (media): Margen gross 110.4% vs 77.6% (+32.8 pp) | dividend_maintained (baja): Dividendo actual 5.30% con caída del 17.6%,razonable,descarte,5.38,5.66,5.38 - 5.66,5.84,5.98,5.84 - 5.98,Pérdida del soporte en 5.38 | ROE negativo durante 2 trimestres consecutivos | Ampliación de capital dilutiva | Recorte de rating a bono basura,6-12,"SNAM está un 17.6% por debajo de su máximo 52s. Fundamentalmente aceptable con ROE 12.4%, deuda neta/EBITDA 6.2x. Técnicamente 🟡 Apoyo en MA40 semanal, 🟢 base_pattern_detected. Clasificación: descarte.","SNAM está un 17.6% por debajo de su máximo 52s. Fundamentalmente aceptable con ROE 12.4%, deuda neta/EBITDA 6.2x. Técnicamente 🟡 Apoyo en MA40 semanal, 🟢 base_pattern_detected. Clasificación: descarte.",OK,
0941.HK,CHINA MOBILE,ASIA,1.0,script-v2.0,1.0,2026-09-05T11:51:46.741449+02:00,50.6,49.5,66.0,35.0,0.0,7.0,54.0,48.0,6.0,15248785.0,-0.86,7.5,,5.81,4.3,0.6399,False,49.3,38.2,False,77.19,3.2,False,True,False,,pass,descarte,pendiente,0.0,desconocido,Pendiente de implementar,parcial,"eps_stabilization (media): EPS 6.42 vs 6.15 (annual_eps_fallback) | dividend_maintained (baja): Dividendo actual 6.80% con caída del 10.4% | analyst_upgrade (media): Target 96.75 vs precio 79.65 (+21%), recMean 1.73, recKey buy",razonable,descarte,78.15,78.2,78.15 - 78.20,75.56,77.5,75.56 - 77.50,Pérdida del soporte en 78.15 | ROE negativo durante 2 trimestres consecutivos | Ampliación de capital dilutiva | Recorte de rating a bono basura,6-12,"CHINA MOBILE está un 10.4% por debajo de su máximo 52s. Fundamentalmente aceptable con ROE 9.3%, deuda neta/EBITDA -0.9x. Técnicamente 🟢 Divergencia alcista RSI, 🟡 MACD convergiendo. Clasificación: descarte.","CHINA MOBILE está un 10.4% por debajo de su máximo 52s. Fundamentalmente aceptable con ROE 9.3%, deuda neta/EBITDA -0.9x. Técnicamente 🟢 Divergencia alcista RSI, 🟡 MACD convergiendo. Clasificación: descarte.",OK,
CSCO,"Cisco Systems, Inc.",SP500,1.0,script-v2.0,1.0,2026-09-05T11:50:41.912782+02:00,50.4,52.5,100.0,11.0,0.0,7.0,44.0,32.0,12.0,21939416.0,0.82,3.7,0.2,23.91,15.9,6.5819,False,29.9,21.8,False,95.14,14.8,True,False,True,,pass,pendiente_confirmacion,pendiente,0.0,desconocido,Pendiente de implementar,parcial,"eps_stabilization (media): EPS 0.85 vs 0.80 (Diluted EPS) | dividend_maintained (baja): Dividendo actual 1.54% con caída del 16.2% | analyst_upgrade (media): Target 137.62 vs precio 109.20 (+26%), recMean 1.82, recKey buy",incompleto,pendiente_confirmacion,90.66,109.2,90.66 - 109.20,94.24,110.81,94.24 - 110.81,Pérdida del soporte en 90.66 | ROE negativo durante 2 trimestres consecutivos | Ampliación de capital dilutiva | Recorte de rating a bono basura,6-12,"Cisco Systems, Inc. está un 16.2% por debajo de su máximo 52s. Fundamentalmente aceptable con ROE 27.3%, deuda neta/EBITDA 0.8x. Técnicamente 🟡 MACD convergiendo, 🟢 base_pattern_detected. Clasificación: pendiente_confirmacion.","Cisco Systems, Inc. está un 16.2% por debajo de su máximo 52s. Fundamentalmente aceptable con ROE 27.3%, deuda neta/EBITDA 0.8x. Técnicamente 🟡 MACD convergiendo, 🟢 base_pattern_detected. Clasificación: pendiente_confirmacion.",OK,
CB,Chubb Limited,SP500,1.0,script-v2.0,1.0,2026-09-05T11:50:34.438346+02:00,50.1,50.8,86.0,20.0,0.0,7.0,48.0,48.0,0.0,1777754.0,1.15,43.2,-0.7,10.37,6.6,7.7875,False,40.0,52.2,False,326.83,4.5,False,False,False,,pass,descarte,pendiente,0.0,desconocido,Pendiente de implementar,parcial,margin_stabilization (media): Margen operating 24.0% vs 21.5% (+2.4 pp) | eps_stabilization (media): EPS 7.30 vs 5.88 (Diluted EPS) | dividend_maintained (baja): Dividendo actual 1.19% con caída del 6.6%,razonable,descarte,338.86,341.59,338.86 - 341.59,311.02,325.29,311.02 - 325.29,Pérdida del soporte en 338.86 | ROE negativo durante 2 trimestres consecutivos | Ampliación de capital dilutiva | Recorte de rating a bono basura,6-12,"Chubb Limited está un 6.6% por debajo de su máximo 52s. Fundamentalmente aceptable con ROE 14.8%, deuda neta/EBITDA 1.1x. Técnicamente 🟢 Cruce alcista MACD, 🟢 Cerca de soporte. Clasificación: descarte.","Chubb Limited está un 6.6% por debajo de su máximo 52s. Fundamentalmente aceptable con ROE 14.8%, deuda neta/EBITDA 1.1x. Técnicamente 🟢 Cruce alcista MACD, 🟢 Cerca de soporte. Clasificación: descarte.",OK,
VZ,Verizon Communications Inc.,SP500,1.0,script-v2.0,1.0,2026-09-05T11:50:24.425242+02:00,50.1,53.8,89.0,23.0,0.0,9.0,39.0,21.0,18.0,26475179.0,3.76,-1.1,0.1,7.86,1.6,1.2802,False,68.7,77.6,False,45.07,11.2,True,True,True,,pass,pendiente_confirmacion,pendiente,0.0,desconocido,Pendiente de implementar,parcial,margin_stabilization (media): Margen gross 61.8% vs 60.3% (+1.5 pp) | debt_reduction (alta): Deuda 193646.0M vs 195872.0M | dividend_maintained (baja): Dividendo actual 5.64% con caída del 3.0%,incompleto,pendiente_confirmacion,46.28,49.12,46.28 - 49.12,43.93,44.68,43.93 - 44.68,Pérdida del soporte en 49.12 | ROE negativo durante 2 trimestres consecutivos | Ampliación de capital dilutiva | Recorte de rating a bono basura,6-12,"Verizon Communications Inc. está un 3.0% por debajo de su máximo 52s. Fundamentalmente aceptable con ROE 15.8%, deuda neta/EBITDA 3.8x. Técnicamente 🟢 Cerca de soporte, 🟢 base_pattern_detected. Clasificación: pendiente_confirmacion.","Verizon Communications Inc. está un 3.0% por debajo de su máximo 52s. Fundamentalmente aceptable con ROE 15.8%, deuda neta/EBITDA 3.8x. Técnicamente 🟢 Cerca de soporte, 🟢 base_pattern_detected. Clasificación: pendiente_confirmacion.",OK,
DGE.L,DIAGEO PLC ORD 28 101/108P,EUROSTOXX,1.0,script-v2.0,1.0,2026-09-05T11:50:16.401812+02:00,50.1,52.5,76.0,32.0,0.0,9.0,43.0,25.0,18.0,5080817.0,3.18,-9.0,,9.23,38.1,24.6651,False,0.0,12.4,False,1595.42,3.9,True,True,True,,pass,pendiente_confirmacion,pendiente,0.0,desconocido,Pendiente de implementar,parcial,"debt_reduction (alta): Deuda 22196.0M vs 24401.0M | dividend_maintained (baja): Dividendo actual 0.03% con caída del 18.9% | analyst_upgrade (media): Target 1995.26 vs precio 1657.00 (+20%), recMean 2.00, recKey buy",incompleto,pendiente_confirmacion,1634.85,1638.5,1634.85 - 1638.50,1597.57,1737.4,1597.57 - 1737.40,Pérdida del soporte en 1638.50 | ROE negativo durante 2 trimestres consecutivos | Ampliación de capital dilutiva | Recorte de rating a bono basura,6-12,"DIAGEO PLC ORD 28 101/108P está un 18.9% por debajo de su máximo 52s. Fundamentalmente aceptable con ROE 15.0%, deuda neta/EBITDA 3.2x. Técnicamente 🟢 Cerca de soporte, 🟢 base_pattern_detected. Clasificación: pendiente_confirmacion.","DIAGEO PLC ORD 28 101/108P está un 18.9% por debajo de su máximo 52s. Fundamentalmente aceptable con ROE 15.0%, deuda neta/EBITDA 3.2x. Técnicamente 🟢 Cerca de soporte, 🟢 base_pattern_detected. Clasificación: pendiente_confirmacion.",OK,
CS.PA,AXA,EUROSTOXX,1.0,script-v2.0,1.0,2026-09-05T11:49:35.850048+02:00,50.0,50.1,97.0,9.0,0.0,4.0,50.0,44.0,6.0,2788515.0,,1.0,,,2.2,1.6997,False,92.5,65.6,False,39.83,12.1,False,True,False,Sin señales de recuperación,pass,descarte,pendiente,0.0,desconocido,Pendiente de implementar,ausente,eps_stabilization (media): EPS 4.77 vs 3.63 (annual_eps_fallback) | dividend_maintained (baja): Dividendo actual 5.20% con caída del 2.2%,razonable,descarte,43.71,44.34,43.71 - 44.34,38.81,39.69,38.81 - 39.69,Pérdida del soporte en 43.71 | ROE negativo durante 2 trimestres consecutivos | Ampliación de capital dilutiva | Recorte de rating a bono basura,6-12,"AXA está un 2.2% por debajo de su máximo 52s. Fundamentalmente aceptable con ROE 14.9%, D/E 1.19. Técnicamente 🟢 Cruce alcista MACD, 🟢 Cerca de soporte. Clasificación: descarte.","AXA está un 2.2% por debajo de su máximo 52s. Fundamentalmente aceptable con ROE 14.9%, D/E 1.19. Técnicamente 🟢 Cruce alcista MACD, 🟢 Cerca de soporte. Clasificación: descarte.",OK,
SAP.DE,SAP SE                        I,EUROSTOXX,1.0,script-v2.0,1.0,2026-09-05T11:49:28.518923+02:00,49.6,54.9,97.0,18.0,0.0,7.0,34.0,16.0,18.0,2752047.0,-0.14,26.4,0.9,18.12,32.8,3.2167,False,57.9,48.5,False,165.58,12.1,True,True,True,,pass,pendiente_confirmacion,pendiente,0.0,desconocido,Pendiente de implementar,parcial,margin_stabilization (media): Margen gross 73.2% vs 73.0% (+0.2 pp) | eps_stabilization (media): EPS 1.88 vs 1.65 (Diluted EPS) | dividend_maintained (baja): Dividendo actual 1.35% con caída del 24.0%,incompleto,pendiente_confirmacion,161.33,177.45,161.33 - 177.45,166.51,207.66,166.51 - 207.66,Pérdida del soporte en 177.45 | ROE negativo durante 2 trimestres consecutivos | Ampliación de capital dilutiva | Recorte de rating a bono basura,6-12,"SAP SE                        I está un 24.0% por debajo de su máximo 52s. Fundamentalmente aceptable con ROE 18.3%, deuda neta/EBITDA -0.1x. Técnicamente 🟢 Cerca de soporte, 🟢 base_pattern_detected. Clasificación: pendiente_confirmacion.","SAP SE                        I está un 24.0% por debajo de su máximo 52s. Fundamentalmente aceptable con ROE 18.3%, deuda neta/EBITDA -0.1x. Técnicamente 🟢 Cerca de soporte, 🟢 base_pattern_detected. Clasificación: pendiente_confirmacion.",OK,
TEN.MI,TENARIS,EUROSTOXX,1.0,script-v2.0,1.0,2026-09-05T11:49:58.426848+02:00,49.5,51.0,83.0,23.0,0.0,6.0,45.0,33.0,12.0,1405763.0,-0.85,-5.6,4.6,8.14,13.2,0.4377,False,85.5,88.0,False,22.57,7.0,True,False,False,,pass,descarte,pendiente,0.0,desconocido,Pendiente de implementar,parcial,debt_reduction (alta): Deuda 447.0M vs 473.5M | dividend_maintained (baja): Dividendo actual 4.26% con caída del 13.2%,razonable,descarte,23.57,23.96,23.57 - 23.96,22.46,23.65,22.46 - 23.65,Pérdida del soporte en 23.57 | ROE negativo durante 2 trimestres consecutivos | Ampliación de capital dilutiva | Recorte de rating a bono basura,6-12,"TENARIS está un 13.2% por debajo de su máximo 52s. Fundamentalmente aceptable con ROE 11.6%, deuda neta/EBITDA -0.8x. Técnicamente 🟢 Divergencia alcista RSI, 🟢 Cerca de soporte. Clasificación: descarte.","TENARIS está un 13.2% por debajo de su máximo 52s. Fundamentalmente aceptable con ROE 11.6%, deuda neta/EBITDA -0.8x. Técnicamente 🟢 Divergencia alcista RSI, 🟢 Cerca de soporte. Clasificación: descarte.",OK,
RIO.AX,RIO TINTO FPO [RIO],ASX,1.0,script-v2.0,1.0,2026-09-05T11:51:17.000318+02:00,49.5,52.0,100.0,10.0,0.0,6.0,42.0,30.0,12.0,1244467.0,0.58,-3.3,,13.34,8.6,5.0633,False,58.7,59.0,False,161.24,9.1,True,False,True,,pass,pendiente_confirmacion,pendiente,0.0,desconocido,Pendiente de implementar,parcial,debt_reduction (alta): Deuda 22852.0M vs 23640.0M | dividend_maintained (baja): Dividendo actual 3.81% con caída del 10.2%,incompleto,pendiente_confirmacion,168.08,168.36,168.08 - 168.36,160.11,166.46,160.11 - 166.46,Pérdida del soporte en 168.08 | ROE negativo durante 2 trimestres consecutivos | Ampliación de capital dilutiva | Recorte de rating a bono basura,6-12,"RIO TINTO FPO [RIO] está un 10.2% por debajo de su máximo 52s. Fundamentalmente aceptable con ROE 19.3%, deuda neta/EBITDA 0.6x. Técnicamente 🟢 Divergencia alcista RSI, 🟢 Cerca de soporte. Clasificación: pendiente_confirmacion.","RIO TINTO FPO [RIO] está un 10.2% por debajo de su máximo 52s. Fundamentalmente aceptable con ROE 19.3%, deuda neta/EBITDA 0.6x. Técnicamente 🟢 Divergencia alcista RSI, 🟢 Cerca de soporte. Clasificación: pendiente_confirmacion.",OK,
RWE.DE,RWE AG                        I,EUROSTOXX,1.0,script-v2.0,1.0,2026-09-05T11:49:30.747760+02:00,49.5,52.0,84.0,24.0,0.0,1.0,42.0,24.0,18.0,1544061.0,4.68,51.8,2.3,25.47,3.9,1.8558,False,50.3,44.0,False,53.85,8.4,True,True,False,Sin señales de recuperación,pass,descarte,pendiente,0.0,desconocido,Pendiente de implementar,ausente,dividend_maintained (baja): Dividendo actual 2.05% con caída del 5.8%,incompleto,descarte,55.21,57.3,55.21 - 57.30,52.7,53.57,52.70 - 53.57,Pérdida del soporte en 55.21 | ROE negativo durante 2 trimestres consecutivos | Ampliación de capital dilutiva | Recorte de rating a bono basura,6-12,"RWE AG                        I está un 5.8% por debajo de su máximo 52s. Fundamentalmente aceptable con ROE 8.5%, deuda neta/EBITDA 4.7x. Técnicamente 🟢 base_pattern_detected, 🟡 trendline_break. Clasificación: descarte.","RWE AG                        I está un 5.8% por debajo de su máximo 52s. Fundamentalmente aceptable con ROE 8.5%, deuda neta/EBITDA 4.7x. Técnicamente 🟢 base_pattern_detected, 🟡 trendline_break. Clasificación: descarte.",OK,
UNH,UnitedHealth Group Incorporated,SP500,1.0,script-v2.0,1.0,2026-09-05T11:50:39.657798+02:00,49.1,52.5,100.0,11.0,0.0,12.0,39.0,39.0,0.0,5346243.0,1.57,-6.5,0.9,15.21,34.4,17.541,False,59.4,68.8,False,351.6,13.0,False,False,True,,pass,pendiente_confirmacion,pendiente,0.0,desconocido,Pendiente de implementar,confirmada,margin_stabilization (media): Margen gross 22.7% vs 16.3% (+6.4 pp) | eps_stabilization (media): EPS 6.90 vs 0.01 (Diluted EPS) | debt_reduction (alta): Deuda 73328.0M vs 78389.0M | dividend_maintained (baja): Dividendo actual 2.34% con caída del 14.0%,incompleto,pendiente_confirmacion,351.59,397.14,351.59 - 397.14,349.14,392.38,349.14 - 392.38,Pérdida del soporte en 351.59 | ROE negativo durante 2 trimestres consecutivos | Ampliación de capital dilutiva | Recorte de rating a bono basura,6-12,"UnitedHealth Group Incorporated está un 14.0% por debajo de su máximo 52s. Fundamentalmente aceptable con ROE 14.2%, deuda neta/EBITDA 1.6x. Técnicamente 🟢 Cruce alcista MACD. Clasificación: pendiente_confirmacion.","UnitedHealth Group Incorporated está un 14.0% por debajo de su máximo 52s. Fundamentalmente aceptable con ROE 14.2%, deuda neta/EBITDA 1.6x. Técnicamente 🟢 Cruce alcista MACD. Clasificación: pendiente_confirmacion.",OK,
FORTUM.HE,Fortum Corporation,EUROSTOXX,1.0,script-v2.0,1.0,2026-09-05T11:50:04.299859+02:00,48.8,46.4,96.0,3.0,0.0,6.0,56.0,44.0,12.0,848338.0,1.36,-1.0,0.2,16.15,8.5,0.2648,False,82.0,72.0,False,19.78,6.1,True,False,False,,pass,descarte,pendiente,0.0,desconocido,Pendiente de implementar,parcial,debt_reduction (alta): Deuda 3906.0M vs 3947.0M | dividend_maintained (baja): Dividendo actual 3.53% con caída del 8.5%,razonable,descarte,20.0,20.91,20.00 - 20.91,19.48,19.68,19.48 - 19.68,Pérdida del soporte en 20.91 | ROE negativo durante 2 trimestres consecutivos | Ampliación de capital dilutiva | Recorte de rating a bono basura,6-12,"Fortum Corporation está un 8.5% por debajo de su máximo 52s. Fundamentalmente aceptable con ROE 10.0%, deuda neta/EBITDA 1.4x. Técnicamente 🟢 Divergencia alcista RSI, 🟢 Volumen creciente. Clasificación: descarte.","Fortum Corporation está un 8.5% por debajo de su máximo 52s. Fundamentalmente aceptable con ROE 10.0%, deuda neta/EBITDA 1.4x. Técnicamente 🟢 Divergencia alcista RSI, 🟢 Volumen creciente. Clasificación: descarte.",OK,
9432.T,NTT INC,ASIA,1.0,script-v2.0,1.0,2026-09-05T11:51:28.841174+02:00,48.8,51.1,73.0,32.0,0.0,4.0,42.0,24.0,18.0,244524782.0,4.03,11.8,,7.92,1.9,3.9435,False,80.2,86.8,False,153.36,12.5,True,True,False,Sin señales de recuperación,pass,descarte,pendiente,0.0,desconocido,Pendiente de implementar,ausente,eps_stabilization (media): EPS 3.38 vs 3.14 (Diluted EPS) | dividend_maintained (baja): Dividendo actual 3.13% con caída del 1.9%,incompleto,descarte,156.44,167.3,156.44 - 167.30,149.6,153.07,149.60 - 153.07,Pérdida del soporte en 167.30 | ROE negativo durante 2 trimestres consecutivos | Ampliación de capital dilutiva | Recorte de rating a bono basura,6-12,"NTT INC está un 1.9% por debajo de su máximo 52s. Fundamentalmente aceptable con ROE 10.7%, deuda neta/EBITDA 4.0x. Técnicamente 🟢 Cerca de soporte, 🟢 base_pattern_detected. Clasificación: descarte.","NTT INC está un 1.9% por debajo de su máximo 52s. Fundamentalmente aceptable con ROE 10.7%, deuda neta/EBITDA 4.0x. Técnicamente 🟢 Cerca de soporte, 🟢 base_pattern_detected. Clasificación: descarte.",OK,
GLE.PA,SOCIETE GENERALE,EUROSTOXX,1.0,script-v2.0,1.0,2026-09-05T11:49:38.370184+02:00,48.7,47.3,67.0,30.0,0.0,4.0,53.0,53.0,0.0,1681233.0,,117.1,,,12.5,2.9589,False,31.2,26.8,False,70.66,5.0,False,False,False,Sin señales de recuperación,pass,descarte,pendiente,0.0,desconocido,Pendiente de implementar,ausente,eps_stabilization (media): EPS 2.05 vs 1.88 (Diluted EPS) | dividend_maintained (baja): Dividendo actual 2.36% con caída del 12.5%,razonable,descarte,71.22,74.18,71.22 - 74.18,70.51,72.1,70.51 - 72.10,Pérdida del soporte en 71.22 | ROE negativo durante 2 trimestres consecutivos | Ampliación de capital dilutiva | Recorte de rating a bono basura,6-12,"SOCIETE GENERALE está un 12.5% por debajo de su máximo 52s. Fundamentalmente aceptable con ROE 9.5%, dividendo 2.4%. Técnicamente 🔵 RSI recuperándose de sobreventa, 🟡 MACD convergiendo. Clasificación: descarte.","SOCIETE GENERALE está un 12.5% por debajo de su máximo 52s. Fundamentalmente aceptable con ROE 9.5%, dividendo 2.4%. Técnicamente 🔵 RSI recuperándose de sobreventa, 🟡 MACD convergiendo. Clasificación: descarte.",OK,
ACA.PA,CREDIT AGRICOLE,EUROSTOXX,1.0,script-v2.0,1.0,2026-09-05T11:49:46.953161+02:00,48.4,50.9,69.0,35.0,0.0,4.0,41.0,35.0,6.0,4664785.0,,101.4,,,7.8,0.8229,False,32.1,28.1,False,16.9,11.3,False,True,False,Sin señales de recuperación,pass,descarte,pendiente,0.0,desconocido,Pendiente de implementar,ausente,eps_stabilization (media): EPS 0.59 vs 0.52 (Diluted EPS) | dividend_maintained (baja): Dividendo actual 9.04% con caída del 7.8%,incompleto,descarte,18.25,18.62,18.25 - 18.62,16.86,17.34,16.86 - 17.34,Pérdida del soporte en 18.25 | ROE negativo durante 2 trimestres consecutivos | Ampliación de capital dilutiva | Recorte de rating a bono basura,6-12,"CREDIT AGRICOLE está un 7.8% por debajo de su máximo 52s. Fundamentalmente aceptable con ROE 8.6%, dividendo 9.0%. Técnicamente 🟡 MACD convergiendo, 🟢 Cerca de soporte. Clasificación: descarte.","CREDIT AGRICOLE está un 7.8% por debajo de su máximo 52s. Fundamentalmente aceptable con ROE 8.6%, dividendo 9.0%. Técnicamente 🟡 MACD convergiendo, 🟢 Cerca de soporte. Clasificación: descarte.",OK,
PSA,Public Storage,SP500,1.0,script-v2.0,1.0,2026-09-05T11:50:58.591340+02:00,48.1,46.5,94.0,5.0,0.0,4.0,53.0,48.0,5.0,1026093.0,2.89,1.5,1.9,19.61,12.5,7.0621,False,16.0,19.1,False,296.55,1.8,False,False,False,Sin señales de recuperación,pass,descarte,pendiente,0.0,desconocido,Pendiente de implementar,ausente,margin_stabilization (media): Margen gross 72.1% vs 72.1% (+0.0 pp) | dividend_maintained (baja): Dividendo actual 3.97% con caída del 10.0%,razonable,descarte,261.41,302.01,261.41 - 302.01,285.22,294.49,285.22 - 294.49,Pérdida del soporte en 261.41 | ROE negativo durante 2 trimestres consecutivos | Ampliación de capital dilutiva | Recorte de rating a bono basura,6-12,"Public Storage está un 10.0% por debajo de su máximo 52s. Fundamentalmente aceptable con ROE 21.9%, deuda neta/EBITDA 2.9x. Técnicamente 🔵 RSI en sobreventa, 🟡 MACD convergiendo. Clasificación: descarte.","Public Storage está un 10.0% por debajo de su máximo 52s. Fundamentalmente aceptable con ROE 21.9%, deuda neta/EBITDA 2.9x. Técnicamente 🔵 RSI en sobreventa, 🟡 MACD convergiendo. Clasificación: descarte.",OK,
SWK,"Stanley Black & Decker, Inc.",SP500,1.0,script-v2.0,1.0,2026-09-05T11:50:28.586020+02:00,48.0,50.3,85.0,20.0,0.0,12.0,41.0,35.0,6.0,1782272.0,2.58,-19.8,0.3,10.79,7.0,6.3006,False,46.0,37.8,False,82.13,18.5,False,True,True,,pass,pendiente_confirmacion,pendiente,0.0,desconocido,Pendiente de implementar,confirmada,margin_stabilization (media): Margen gross 33.0% vs 30.1% (+2.9 pp) | eps_stabilization (media): EPS 2.33 vs 0.39 (Diluted EPS) | debt_reduction (alta): Deuda 5211.5M vs 6501.2M | dividend_maintained (baja): Dividendo actual 3.45% con caída del 7.0%,incompleto,pendiente_confirmacion,95.18,97.25,95.18 - 97.25,81.05,88.98,81.05 - 88.98,Pérdida del soporte en 97.25 | ROE negativo durante 2 trimestres consecutivos | Ampliación de capital dilutiva | Recorte de rating a bono basura,6-12,"Stanley Black & Decker, Inc. está un 7.0% por debajo de su máximo 52s. Fundamentalmente aceptable con ROE 6.9%, deuda neta/EBITDA 2.6x. Técnicamente 🟡 MACD convergiendo, 🟢 Cerca de soporte. Clasificación: pendiente_confirmacion.","Stanley Black & Decker, Inc. está un 7.0% por debajo de su máximo 52s. Fundamentalmente aceptable con ROE 6.9%, deuda neta/EBITDA 2.6x. Técnicamente 🟡 MACD convergiendo, 🟢 Cerca de soporte. Clasificación: pendiente_confirmacion.",OK,
EDP.LS,"EDP, SA",EUROSTOXX,1.0,script-v2.0,1.0,2026-09-05T11:50:02.168786+02:00,47.9,52.5,84.0,25.0,0.0,7.0,34.0,16.0,18.0,8167338.0,5.51,3.7,3.5,11.6,3.5,0.1304,False,33.2,41.7,False,4.26,9.0,True,True,True,,pass,pendiente_confirmacion,pendiente,0.0,desconocido,Pendiente de implementar,parcial,margin_stabilization (media): Margen gross 39.7% vs 40.0% (-0.3 pp) | eps_stabilization (media): EPS 0.09 vs 0.09 (Diluted EPS) | dividend_maintained (baja): Dividendo actual 4.52% con caída del 3.5%,incompleto,pendiente_confirmacion,4.39,4.56,4.39 - 4.56,4.1,4.25,4.10 - 4.25,Pérdida del soporte en 4.39 | ROE negativo durante 2 trimestres consecutivos | Ampliación de capital dilutiva | Recorte de rating a bono basura,6-12,"EDP, SA está un 3.5% por debajo de su máximo 52s. Fundamentalmente aceptable con ROE 8.9%, deuda neta/EBITDA 5.5x. Técnicamente 🟢 base_pattern_detected, 🟡 trendline_break. Clasificación: pendiente_confirmacion.","EDP, SA está un 3.5% por debajo de su máximo 52s. Fundamentalmente aceptable con ROE 8.9%, deuda neta/EBITDA 5.5x. Técnicamente 🟢 base_pattern_detected, 🟡 trendline_break. Clasificación: pendiente_confirmacion.",OK,
KMB,Kimberly-Clark Corporation,SP500,1.0,script-v2.0,1.0,2026-09-05T11:51:01.103836+02:00,47.8,54.7,75.0,37.0,0.0,9.0,27.0,27.0,0.0,3907298.0,1.6,-7.7,0.9,11.67,25.2,1.8085,False,1.8,22.7,False,100.87,4.1,False,False,True,,pass,pendiente_confirmacion,pendiente,0.0,desconocido,Pendiente de implementar,parcial,margin_stabilization (media): Margen gross 38.3% vs 36.8% (+1.4 pp) | debt_reduction (alta): Deuda 6539.0M vs 7084.0M | dividend_maintained (baja): Dividendo actual 4.88% con caída del 20.2%,incompleto,pendiente_confirmacion,99.22,104.96,99.22 - 104.96,100.58,111.8,100.58 - 111.80,Pérdida del soporte en 99.22 | ROE negativo durante 2 trimestres consecutivos | Ampliación de capital dilutiva | Recorte de rating a bono basura,6-12,"Kimberly-Clark Corporation está un 20.2% por debajo de su máximo 52s. Fundamentalmente aceptable con ROE 104.9%, deuda neta/EBITDA 1.6x. Técnicamente con señales incipientes pero confirmación incompleta. Clasificación: pendiente_confirmacion.","Kimberly-Clark Corporation está un 20.2% por debajo de su máximo 52s. Fundamentalmente aceptable con ROE 104.9%, deuda neta/EBITDA 1.6x. Técnicamente con señales incipientes pero confirmación incompleta. Clasificación: pendiente_confirmacion.",OK,
NOKIA.HE,Nokia Corporation,EUROSTOXX,1.0,script-v2.0,1.0,2026-09-05T11:50:06.074526+02:00,47.6,47.1,69.0,28.0,0.0,7.0,49.0,37.0,12.0,15020658.0,-0.68,1.0,1.1,17.96,42.0,0.198,False,38.0,19.1,False,8.3,4.2,True,False,False,,pass,descarte,pendiente,0.0,desconocido,Pendiente de implementar,parcial,"margin_stabilization (media): Margen gross 44.6% vs 44.2% (+0.4 pp) | dividend_maintained (baja): Dividendo actual 1.62% con caída del 42.3% | analyst_upgrade (media): Target 10.58 vs precio 8.66 (+22%), recMean 2.57, recKey hold",razonable,descarte,8.41,8.66,8.41 - 8.66,8.19,12.74,8.19 - 12.74,Pérdida del soporte en 8.41 | ROE negativo durante 2 trimestres consecutivos | Ampliación de capital dilutiva | Recorte de rating a bono basura,18-24,"Nokia Corporation está un 42.3% por debajo de su máximo 52s. Fundamentalmente aceptable con ROE 3.5%, deuda neta/EBITDA -0.7x. Técnicamente 🟢 Divergencia alcista RSI, 🟢 Cerca de soporte. Clasificación: descarte.","Nokia Corporation está un 42.3% por debajo de su máximo 52s. Fundamentalmente aceptable con ROE 3.5%, deuda neta/EBITDA -0.7x. Técnicamente 🟢 Divergencia alcista RSI, 🟢 Cerca de soporte. Clasificación: descarte.",OK,
ZURN.SW,ZURICH INSURANCE N,EUROSTOXX,1.0,script-v2.0,1.0,2026-09-05T11:50:08.323378+02:00,47.5,54.0,94.0,19.0,0.0,4.0,28.0,28.0,0.0,238110.0,-1.5,5.9,,6.43,3.9,14.7272,False,88.0,87.2,False,560.83,7.3,False,False,False,Sin señales de recuperación,pass,descarte,pendiente,0.0,desconocido,Pendiente de implementar,ausente,eps_stabilization (media): EPS 47.20 vs 40.15 (annual_eps_fallback) | dividend_maintained (baja): Dividendo actual 4.99% con caída del 3.9%,incompleto,descarte,594.22,601.6,594.22 - 601.60,532.1,559.19,532.10 - 559.19,Pérdida del soporte en 594.22 | ROE negativo durante 2 trimestres consecutivos | Ampliación de capital dilutiva | Recorte de rating a bono basura,6-12,"ZURICH INSURANCE N está un 3.9% por debajo de su máximo 52s. Fundamentalmente aceptable con ROE 25.7%, deuda neta/EBITDA -1.5x. Técnicamente 🟢 Cerca de soporte. Clasificación: descarte.","ZURICH INSURANCE N está un 3.9% por debajo de su máximo 52s. Fundamentalmente aceptable con ROE 25.7%, deuda neta/EBITDA -1.5x. Técnicamente 🟢 Cerca de soporte. Clasificación: descarte.",OK,
MS,Morgan Stanley,SP500,1.0,script-v2.0,1.0,2026-09-05T11:50:39.023320+02:00,47.5,42.6,81.0,9.0,0.0,4.0,62.0,44.0,18.0,5360669.0,,54.1,,,5.7,10.5177,False,90.8,66.4,False,190.54,14.3,True,True,False,Sin señales de recuperación,pass,descarte,pendiente,0.0,desconocido,Pendiente de implementar,ausente,eps_stabilization (media): EPS 3.46 vs 3.43 (Diluted EPS) | dividend_maintained (baja): Dividendo actual 2.11% con caída del 6.3%,razonable,descarte,209.07,215.02,209.07 - 215.02,189.28,197.41,189.28 - 197.41,Pérdida del soporte en 209.07 | ROE negativo durante 2 trimestres consecutivos | Ampliación de capital dilutiva | Recorte de rating a bono basura,6-12,"Morgan Stanley está un 6.3% por debajo de su máximo 52s. Fundamentalmente aceptable con ROE 18.0%, D/E 5.17. Técnicamente 🟢 Cruce alcista MACD, 🟢 Cerca de soporte. Clasificación: descarte.","Morgan Stanley está un 6.3% por debajo de su máximo 52s. Fundamentalmente aceptable con ROE 18.0%, D/E 5.17. Técnicamente 🟢 Cruce alcista MACD, 🟢 Cerca de soporte. Clasificación: descarte.",OK,
BMY,Bristol-Myers Squibb Company,SP500,1.0,script-v2.0,1.0,2026-09-05T11:50:51.044098+02:00,47.3,51.7,88.0,20.0,0.0,12.0,34.0,16.0,18.0,11499850.0,1.8,-3.0,1.5,9.01,2.7,3.0281,False,50.0,73.7,False,58.03,15.1,True,True,True,,pass,pendiente_confirmacion,pendiente,0.0,desconocido,Pendiente de implementar,confirmada,margin_stabilization (media): Margen gross 71.3% vs 70.2% (+1.1 pp) | eps_stabilization (media): EPS 1.62 vs 1.31 (Diluted EPS) | debt_reduction (alta): Deuda 45053.0M vs 46428.0M | dividend_maintained (baja): Dividendo actual 3.77% con caída del 2.7%,incompleto,pendiente_confirmacion,62.85,65.52,62.85 - 65.52,57.3,58.34,57.30 - 58.34,Pérdida del soporte en 65.52 | ROE negativo durante 2 trimestres consecutivos | Ampliación de capital dilutiva | Recorte de rating a bono basura,6-12,"Bristol-Myers Squibb Company está un 2.7% por debajo de su máximo 52s. Fundamentalmente aceptable con ROE 46.6%, deuda neta/EBITDA 1.8x. Técnicamente 🟢 Cerca de soporte, 🟢 base_pattern_detected. Clasificación: pendiente_confirmacion.","Bristol-Myers Squibb Company está un 2.7% por debajo de su máximo 52s. Fundamentalmente aceptable con ROE 46.6%, deuda neta/EBITDA 1.8x. Técnicamente 🟢 Cerca de soporte, 🟢 base_pattern_detected. Clasificación: pendiente_confirmacion.",OK,
XOM,ExxonMobil Holdings Corporation,SP500,1.0,script-v2.0,1.0,2026-09-05T11:50:25.368176+02:00,47.3,53.1,100.0,12.0,0.0,12.0,30.0,12.0,18.0,15569330.0,0.47,-11.1,9.3,10.22,8.4,5.3202,False,31.2,49.7,False,144.02,10.7,True,True,True,,pass,pendiente_confirmacion,pendiente,0.0,desconocido,Pendiente de implementar,confirmada,margin_stabilization (media): Margen gross 22.5% vs 16.7% (+5.8 pp) | eps_stabilization (media): EPS 3.48 vs 1.00 (Diluted EPS) | debt_reduction (alta): Deuda 42368.0M vs 47661.0M | dividend_maintained (baja): Dividendo actual 2.58% con caída del 9.6%,incompleto,pendiente_confirmacion,144.06,152.29,144.06 - 152.29,143.07,149.95,143.07 - 149.95,Pérdida del soporte en 144.06 | ROE negativo durante 2 trimestres consecutivos | Ampliación de capital dilutiva | Recorte de rating a bono basura,6-12,"ExxonMobil Holdings Corporation está un 9.6% por debajo de su máximo 52s. Fundamentalmente aceptable con ROE 12.6%, deuda neta/EBITDA 0.5x. Técnicamente 🟢 base_pattern_detected, 🟡 trendline_break. Clasificación: pendiente_confirmacion.","ExxonMobil Holdings Corporation está un 9.6% por debajo de su máximo 52s. Fundamentalmente aceptable con ROE 12.6%, deuda neta/EBITDA 0.5x. Técnicamente 🟢 base_pattern_detected, 🟡 trendline_break. Clasificación: pendiente_confirmacion.",OK,
BDX,"Becton, Dickinson and Company",SP500,1.0,script-v2.0,1.0,2026-09-05T11:50:30.951304+02:00,47.2,51.6,82.0,25.0,0.0,12.0,34.0,16.0,18.0,2120672.0,2.63,-2.7,0.5,10.85,4.3,8.4508,False,32.6,47.8,False,159.4,15.9,True,True,True,,pass,pendiente_confirmacion,pendiente,0.0,desconocido,Pendiente de implementar,confirmada,margin_stabilization (media): Margen gross 46.5% vs 45.7% (+0.8 pp) | eps_stabilization (media): EPS 1.37 vs -1.11 (Diluted EPS) | debt_reduction (alta): Deuda 16808.0M vs 17279.0M | dividend_maintained (baja): Dividendo actual 2.27% con caída del 4.3%,incompleto,pendiente_confirmacion,170.0,180.72,170.00 - 180.72,158.61,164.11,158.61 - 164.11,Pérdida del soporte en 180.72 | ROE negativo durante 2 trimestres consecutivos | Ampliación de capital dilutiva | Recorte de rating a bono basura,6-12,"Becton, Dickinson and Company está un 4.3% por debajo de su máximo 52s. Fundamentalmente aceptable con ROE 6.6%, deuda neta/EBITDA 2.6x. Técnicamente 🟢 Cerca de soporte, 🟢 base_pattern_detected. Clasificación: pendiente_confirmacion.","Becton, Dickinson and Company está un 4.3% por debajo de su máximo 52s. Fundamentalmente aceptable con ROE 6.6%, deuda neta/EBITDA 2.6x. Técnicamente 🟢 Cerca de soporte, 🟢 base_pattern_detected. Clasificación: pendiente_confirmacion.",OK,
NESN.SW,NESTLE N,EUROSTOXX,1.0,script-v2.0,1.0,2026-09-05T11:50:06.094640+02:00,47.1,41.5,73.0,14.0,0.0,1.0,64.0,59.0,5.0,3339559.0,3.45,8.6,,15.7,10.1,0.8113,False,27.5,23.0,False,77.68,0.8,False,False,False,Sin señales de recuperación,pass,descarte,pendiente,0.0,desconocido,Pendiente de implementar,ausente,dividend_maintained (baja): Dividendo actual 3.96% con caída del 10.1%,razonable,descarte,77.77,78.31,77.77 - 78.31,74.03,77.61,74.03 - 77.61,Pérdida del soporte en 77.77 | ROE negativo durante 2 trimestres consecutivos | Ampliación de capital dilutiva | Recorte de rating a bono basura,6-12,"NESTLE N está un 10.1% por debajo de su máximo 52s. Fundamentalmente aceptable con ROE 26.2%, deuda neta/EBITDA 3.5x. Técnicamente 🟢 Divergencia alcista RSI, 🟡 MACD convergiendo. Clasificación: descarte.","NESTLE N está un 10.1% por debajo de su máximo 52s. Fundamentalmente aceptable con ROE 26.2%, deuda neta/EBITDA 3.5x. Técnicamente 🟢 Divergencia alcista RSI, 🟡 MACD convergiendo. Clasificación: descarte.",OK,
8001.T,ITOCHU CORP,ASIA,1.0,script-v2.0,1.0,2026-09-05T11:51:39.573809+02:00,47.0,45.1,84.0,11.0,0.0,1.0,53.0,35.0,18.0,13566130.0,4.72,15.3,,21.75,2.6,47.3746,False,80.7,88.9,False,1996.57,10.4,True,True,False,Sin señales de recuperación,pass,descarte,pendiente,0.0,desconocido,Pendiente de implementar,ausente,dividend_maintained (baja): Dividendo actual 2.00% con caída del 3.6%,razonable,descarte,1994.9,2095.5,1994.90 - 2095.50,1943.52,1976.08,1943.52 - 1976.08,Pérdida del soporte en 2095.50 | ROE negativo durante 2 trimestres consecutivos | Ampliación de capital dilutiva | Recorte de rating a bono basura,6-12,"ITOCHU CORP está un 3.6% por debajo de su máximo 52s. Fundamentalmente aceptable con ROE 14.1%, deuda neta/EBITDA 4.7x. Técnicamente 🟢 Volumen creciente, 🟢 Cerca de soporte. Clasificación: descarte.","ITOCHU CORP está un 3.6% por debajo de su máximo 52s. Fundamentalmente aceptable con ROE 14.1%, deuda neta/EBITDA 4.7x. Técnicamente 🟢 Volumen creciente, 🟢 Cerca de soporte. Clasificación: descarte.",OK,
JNJ,Johnson & Johnson,SP500,1.0,script-v2.0,1.0,2026-09-05T11:50:19.249783+02:00,47.0,46.7,100.0,0.0,0.0,12.0,48.0,30.0,18.0,7847438.0,0.81,-10.8,0.2,19.83,2.1,12.8866,False,66.1,77.1,False,235.2,17.0,True,True,False,,pass,descarte,pendiente,0.0,desconocido,Pendiente de implementar,confirmada,margin_stabilization (media): Margen gross 68.2% vs 66.3% (+1.9 pp) | eps_stabilization (media): EPS 2.27 vs 2.14 (Diluted EPS) | debt_reduction (alta): Deuda 49036.0M vs 54987.0M | dividend_maintained (baja): Dividendo actual 1.95% con caída del 2.1%,razonable,descarte,253.56,260.72,253.56 - 260.72,233.5,238.91,233.50 - 238.91,Pérdida del soporte en 253.56 | ROE negativo durante 2 trimestres consecutivos | Ampliación de capital dilutiva | Recorte de rating a bono basura,6-12,"Johnson & Johnson está un 2.1% por debajo de su máximo 52s. Fundamentalmente aceptable con ROE 25.7%, deuda neta/EBITDA 0.8x. Técnicamente 🟢 Cruce alcista MACD, 🟢 base_pattern_detected. Clasificación: descarte.","Johnson & Johnson está un 2.1% por debajo de su máximo 52s. Fundamentalmente aceptable con ROE 25.7%, deuda neta/EBITDA 0.8x. Técnicamente 🟢 Cruce alcista MACD, 🟢 base_pattern_detected. Clasificación: descarte.",OK,
CAT,"Caterpillar, Inc.",SP500,1.0,script-v2.0,1.0,2026-09-05T11:50:44.653743+02:00,47.0,41.1,72.0,14.0,0.0,7.0,65.0,53.0,12.0,3182707.0,2.41,4.8,-2.7,25.43,24.0,26.4212,False,46.0,29.5,False,779.55,4.4,True,False,False,,pass,descarte,pendiente,0.0,desconocido,Pendiente de implementar,parcial,margin_stabilization (media): Margen gross 36.0% vs 33.1% (+2.9 pp) | eps_stabilization (media): EPS 7.77 vs 5.47 (Diluted EPS) | dividend_maintained (baja): Dividendo actual 0.80% con caída del 24.2%,razonable,descarte,802.25,813.94,802.25 - 813.94,771.12,912.44,771.12 - 912.44,Pérdida del soporte en 802.25 | ROE negativo durante 2 trimestres consecutivos | Ampliación de capital dilutiva | Recorte de rating a bono basura,6-12,"Caterpillar, Inc. está un 24.2% por debajo de su máximo 52s. Fundamentalmente aceptable con ROE 57.0%, deuda neta/EBITDA 2.4x. Técnicamente 🟢 Divergencia alcista RSI, 🟢 Cruce alcista MACD. Clasificación: descarte.","Caterpillar, Inc. está un 24.2% por debajo de su máximo 52s. Fundamentalmente aceptable con ROE 57.0%, deuda neta/EBITDA 2.4x. Técnicamente 🟢 Divergencia alcista RSI, 🟢 Cruce alcista MACD. Clasificación: descarte.",OK,
OR.PA,L'OREAL,EUROSTOXX,1.0,script-v2.0,1.0,2026-09-05T11:49:41.012070+02:00,46.9,50.6,97.0,10.0,0.0,1.0,36.0,30.0,6.0,355033.0,1.22,89.3,,20.98,4.3,5.1081,False,62.5,57.0,False,371.74,3.3,False,True,False,Sin señales de recuperación,pass,descarte,pendiente,0.0,desconocido,Pendiente de implementar,ausente,dividend_maintained (baja): Dividendo actual 1.88% con caída del 5.4%,incompleto,descarte,359.34,382.97,359.34 - 382.97,344.93,371.03,344.93 - 371.03,Pérdida del soporte en 359.34 | ROE negativo durante 2 trimestres consecutivos | Ampliación de capital dilutiva | Recorte de rating a bono basura,6-12,"L'OREAL está un 5.4% por debajo de su máximo 52s. Fundamentalmente aceptable con ROE 19.4%, deuda neta/EBITDA 1.2x. Técnicamente 🟡 MACD convergiendo, 🟡 trendline_break. Clasificación: descarte.","L'OREAL está un 5.4% por debajo de su máximo 52s. Fundamentalmente aceptable con ROE 19.4%, deuda neta/EBITDA 1.2x. Técnicamente 🟡 MACD convergiendo, 🟡 trendline_break. Clasificación: descarte.",OK,
0005.HK,HSBC HOLDINGS,ASIA,1.0,script-v2.0,1.0,2026-09-05T11:51:41.132787+02:00,46.3,43.1,73.0,17.0,0.0,4.0,56.0,50.0,6.0,13794500.0,,723.2,,,1.7,9.7761,False,88.8,79.2,False,138.81,20.1,False,True,False,Sin señales de recuperación,pass,descarte,pendiente,0.0,desconocido,Pendiente de implementar,ausente,eps_stabilization (media): EPS 0.40 vs 0.39 (Diluted EPS) | dividend_maintained (baja): Dividendo actual 3.52% con caída del 1.8%,razonable,descarte,159.2,159.3,159.20 - 159.30,136.49,144.24,136.49 - 144.24,Pérdida del soporte en 159.30 | ROE negativo durante 2 trimestres consecutivos | Ampliación de capital dilutiva | Recorte de rating a bono basura,6-12,"HSBC HOLDINGS está un 1.8% por debajo de su máximo 52s. Fundamentalmente aceptable con ROE 13.1%, dividendo 3.5%. Técnicamente 🟢 Cruce alcista MACD, 🟢 Volumen creciente. Clasificación: descarte.","HSBC HOLDINGS está un 1.8% por debajo de su máximo 52s. Fundamentalmente aceptable con ROE 13.1%, dividendo 3.5%. Técnicamente 🟢 Cruce alcista MACD, 🟢 Volumen creciente. Clasificación: descarte.",OK,
INTC,Intel Corporation,SP500,1.0,script-v2.0,1.0,2026-09-05T11:50:43.313767+02:00,46.2,39.9,57.0,25.0,0.0,6.0,65.0,53.0,12.0,114035954.0,1.24,12.2,0.3,30.86,32.7,7.347,False,75.2,43.1,False,76.1,25.9,True,False,False,,pass,descarte,pendiente,0.0,desconocido,Pendiente de implementar,parcial,"margin_stabilization (media): Margen gross 40.4% vs 39.4% (+1.0 pp) | analyst_upgrade (media): Target 115.78 vs precio 95.80 (+21%), recMean 2.50, recKey buy",razonable,descarte,95.35,95.8,95.35 - 95.80,74.15,121.0,74.15 - 121.00,Pérdida del soporte en 95.35 | ROE negativo durante 2 trimestres consecutivos | Ampliación de capital dilutiva | Recorte de rating a bono basura,12-18,"Intel Corporation está un 32.7% por debajo de su máximo 52s. Fundamentalmente débil con ROE -10.7%, deuda neta/EBITDA 1.2x. Técnicamente 🟢 Divergencia alcista RSI, 🟢 Cruce alcista MACD. Clasificación: descarte.","Intel Corporation está un 32.7% por debajo de su máximo 52s. Fundamentalmente débil con ROE -10.7%, deuda neta/EBITDA 1.2x. Técnicamente 🟢 Divergencia alcista RSI, 🟢 Cruce alcista MACD. Clasificación: descarte.",OK,
LSEG.L,LONDON STOCK EXCHANGE GROUP PLC,EUROSTOXX,1.0,script-v2.0,1.0,2026-09-05T11:50:18.354594+02:00,46.2,41.7,79.0,9.0,0.0,7.0,60.0,33.0,27.0,1475291.0,2.96,35.9,,17.67,27.5,-52.3582,True,65.9,57.0,False,8774.9,0.6,True,False,False,,pass,descarte,pendiente,0.0,desconocido,Pendiente de implementar,parcial,"eps_stabilization (media): EPS 2.37 vs 1.28 (annual_eps_fallback) | dividend_maintained (baja): Dividendo actual 0.02% con caída del 12.9% | analyst_upgrade (media): Target 11804.00 vs precio 8830.00 (+34%), recMean 1.47, recKey strong_buy",razonable,descarte,8054.59,8721.91,8054.59 - 8721.91,8619.0,8739.3,8619.00 - 8739.30,Pérdida del soporte en 8054.59 | ROE negativo durante 2 trimestres consecutivos | Ampliación de capital dilutiva | Recorte de rating a bono basura,6-12,"LONDON STOCK EXCHANGE GROUP PLC está un 12.9% por debajo de su máximo 52s. Fundamentalmente aceptable con ROE 7.7%, deuda neta/EBITDA 3.0x. Técnicamente 🟢 Divergencia alcista RSI, 🟢 MACD semanal girando al alza. Clasificación: descarte.","LONDON STOCK EXCHANGE GROUP PLC está un 12.9% por debajo de su máximo 52s. Fundamentalmente aceptable con ROE 7.7%, deuda neta/EBITDA 3.0x. Técnicamente 🟢 Divergencia alcista RSI, 🟢 MACD semanal girando al alza. Clasificación: descarte.",OK,
U11.SI,UOB,ASIA,1.0,script-v2.0,1.0,2026-09-05T11:51:54.584276+02:00,46.0,46.3,74.0,22.0,0.0,1.0,45.0,39.0,6.0,3456243.0,,55.5,,,5.0,1.6232,False,84.0,91.6,False,37.28,12.7,False,True,False,Sin señales de recuperación,pass,descarte,pendiente,0.0,desconocido,Pendiente de implementar,ausente,dividend_maintained (baja): Dividendo actual 4.19% con caída del 7.0%,razonable,descarte,40.11,41.48,40.11 - 41.48,37.03,38.38,37.03 - 38.38,Pérdida del soporte en 40.11 | ROE negativo durante 2 trimestres consecutivos | Ampliación de capital dilutiva | Recorte de rating a bono basura,6-12,"UOB está un 7.0% por debajo de su máximo 52s. Fundamentalmente aceptable con ROE 9.2%, dividendo 4.2%. Técnicamente 🟢 Cruce alcista MACD, 🟢 Cerca de soporte. Clasificación: descarte.","UOB está un 7.0% por debajo de su máximo 52s. Fundamentalmente aceptable con ROE 9.2%, dividendo 4.2%. Técnicamente 🟢 Cruce alcista MACD, 🟢 Cerca de soporte. Clasificación: descarte.",OK,
GS,"Goldman Sachs Group, Inc. (The)",SP500,1.0,script-v2.0,1.0,2026-09-05T11:50:38.337945+02:00,46.0,42.6,81.0,9.0,0.0,4.0,56.0,44.0,12.0,2058169.0,,106.4,,,9.6,41.0475,False,67.9,49.1,False,944.7,9.9,True,False,False,Sin señales de recuperación,pass,descarte,pendiente,0.0,desconocido,Pendiente de implementar,ausente,eps_stabilization (media): EPS 20.98 vs 17.55 (Diluted EPS) | dividend_maintained (baja): Dividendo actual 1.93% con caída del 10.0%,razonable,descarte,1002.84,1038.61,1002.84 - 1038.61,939.2,980.89,939.20 - 980.89,Pérdida del soporte en 1002.84 | ROE negativo durante 2 trimestres consecutivos | Ampliación de capital dilutiva | Recorte de rating a bono basura,6-12,"Goldman Sachs Group, Inc. (The) está un 10.0% por debajo de su máximo 52s. Fundamentalmente aceptable con ROE 16.9%, D/E 7.25. Técnicamente 🟢 Cruce alcista MACD, 🟢 Cerca de soporte. Clasificación: descarte.","Goldman Sachs Group, Inc. (The) está un 10.0% por debajo de su máximo 52s. Fundamentalmente aceptable con ROE 16.9%, D/E 7.25. Técnicamente 🟢 Cruce alcista MACD, 🟢 Cerca de soporte. Clasificación: descarte.",OK,
BARC.L,BARCLAYS PLC ORD 25P,EUROSTOXX,1.0,script-v2.0,1.0,2026-09-05T11:50:13.016357+02:00,45.8,48.1,63.0,35.0,0.0,4.0,39.0,39.0,0.0,40155551.0,,471.7,,,7.7,19.3213,False,44.0,32.4,False,465.22,6.8,False,False,False,Sin señales de recuperación,pass,descarte,pendiente,0.0,desconocido,Pendiente de implementar,ausente,eps_stabilization (media): EPS 0.17 vs 0.14 (Diluted EPS) | dividend_maintained (baja): Dividendo actual 0.02% con caída del 7.7%,incompleto,descarte,495.81,496.65,495.81 - 496.65,457.55,463.45,457.55 - 463.45,Pérdida del soporte en 495.81 | ROE negativo durante 2 trimestres consecutivos | Ampliación de capital dilutiva | Recorte de rating a bono basura,6-12,"BARCLAYS PLC ORD 25P está un 7.7% por debajo de su máximo 52s. Fundamentalmente aceptable con ROE 10.1%, dividendo 0.0%. Técnicamente 🟡 MACD convergiendo, 🟢 Cerca de soporte. Clasificación: descarte.","BARCLAYS PLC ORD 25P está un 7.7% por debajo de su máximo 52s. Fundamentalmente aceptable con ROE 10.1%, dividendo 0.0%. Técnicamente 🟡 MACD convergiendo, 🟢 Cerca de soporte. Clasificación: descarte.",OK,
TGT,Target Corporation,SP500,1.0,script-v2.0,1.0,2026-09-05T11:50:32.137981+02:00,45.8,53.8,97.0,16.0,0.0,9.0,22.0,16.0,6.0,4423880.0,1.6,-5.4,0.2,10.3,3.7,12.5765,False,74.3,72.2,False,123.09,33.6,False,True,False,Sin suelo técnico identificado,pass,descarte,pendiente,0.0,desconocido,Pendiente de implementar,parcial,margin_stabilization (media): Margen gross 29.0% vs 26.6% (+2.4 pp) | debt_reduction (alta): Deuda 19196.0M vs 20290.0M | dividend_maintained (baja): Dividendo actual 2.82% con caída del 3.7%,sin_suelo,descarte,146.36,160.18,146.36 - 160.18,120.78,145.14,120.78 - 145.14,Pérdida del soporte en 160.18 | ROE negativo durante 2 trimestres consecutivos | Ampliación de capital dilutiva | Recorte de rating a bono basura,6-12,"Target Corporation está un 3.7% por debajo de su máximo 52s. Fundamentalmente aceptable con ROE 26.4%, deuda neta/EBITDA 1.6x. Técnicamente 🟢 Cerca de soporte, 🟡 trendline_break. Clasificación: descarte.","Target Corporation está un 3.7% por debajo de su máximo 52s. Fundamentalmente aceptable con ROE 26.4%, deuda neta/EBITDA 1.6x. Técnicamente 🟢 Cerca de soporte, 🟡 trendline_break. Clasificación: descarte.",OK,
SOLB.BR,SOLVAY,EUROSTOXX,1.0,script-v2.0,1.0,2026-09-05T11:50:01.179080+02:00,45.7,36.3,48.0,26.0,0.0,4.0,74.0,57.0,17.0,321069.0,3.17,1.8,-0.0,7.95,20.8,0.1632,False,88.0,68.2,False,25.57,2.4,True,False,False,Sin señales de recuperación,pass,descarte,pendiente,0.0,desconocido,Pendiente de implementar,ausente,eps_stabilization (media): EPS 0.36 vs 0.24 (Diluted EPS) | dividend_maintained (baja): Dividendo actual 9.28% con caída del 12.3%,fuerte,descarte,25.47,26.18,25.47 - 26.18,25.38,25.59,25.38 - 25.59,Pérdida del soporte en 25.47 | ROE negativo durante 2 trimestres consecutivos | Ampliación de capital dilutiva | Recorte de rating a bono basura,6-12,"SOLVAY está un 12.3% por debajo de su máximo 52s. Fundamentalmente débil con ROE 0.8%, deuda neta/EBITDA 3.2x. Técnicamente 🟢 Divergencia alcista RSI, 🟢 Cruce alcista MACD. Clasificación: descarte.","SOLVAY está un 12.3% por debajo de su máximo 52s. Fundamentalmente débil con ROE 0.8%, deuda neta/EBITDA 3.2x. Técnicamente 🟢 Divergencia alcista RSI, 🟢 Cruce alcista MACD. Clasificación: descarte.",OK,
RTX,RTX Corporation,SP500,1.0,script-v2.0,1.0,2026-09-05T11:50:47.064123+02:00,45.6,44.9,95.0,1.0,0.0,12.0,48.0,36.0,12.0,4914745.0,1.92,-0.2,-0.0,19.06,11.3,7.7089,False,6.4,5.3,False,193.02,4.0,True,False,False,,pass,descarte,pendiente,0.0,desconocido,Pendiente de implementar,confirmada,margin_stabilization (media): Margen gross 20.8% vs 20.8% (-0.0 pp) | eps_stabilization (media): EPS 1.57 vs 1.51 (Diluted EPS) | debt_reduction (alta): Deuda 38856.0M vs 38935.0M | dividend_maintained (baja): Dividendo actual 1.45% con caída del 11.5%,razonable,descarte,182.1,200.79,182.10 - 200.79,191.81,192.85,191.81 - 192.85,Pérdida del soporte en 182.10 | ROE negativo durante 2 trimestres consecutivos | Ampliación de capital dilutiva | Recorte de rating a bono basura,6-12,"RTX Corporation está un 11.5% por debajo de su máximo 52s. Fundamentalmente aceptable con ROE 12.3%, deuda neta/EBITDA 1.9x. Técnicamente 🟡 MACD convergiendo, 🟢 base_pattern_detected. Clasificación: descarte.","RTX Corporation está un 11.5% por debajo de su máximo 52s. Fundamentalmente aceptable con ROE 12.3%, deuda neta/EBITDA 1.9x. Técnicamente 🟡 MACD convergiendo, 🟢 base_pattern_detected. Clasificación: descarte.",OK,
SHW,Sherwin-Williams Company (The),SP500,1.0,script-v2.0,1.0,2026-09-05T11:50:34.829148+02:00,45.6,40.1,70.0,14.0,0.0,7.0,62.0,45.0,17.0,2192951.0,3.13,9.0,0.0,20.23,15.3,4.0521,False,21.0,14.7,False,332.91,0.2,True,False,False,,pass,descarte,pendiente,0.0,desconocido,Pendiente de implementar,parcial,margin_stabilization (media): Margen gross 49.2% vs 49.1% (+0.1 pp) | eps_stabilization (media): EPS 3.43 vs 2.15 (Diluted EPS) | dividend_maintained (baja): Dividendo actual 0.96% con caída del 11.7%,razonable,descarte,330.78,333.71,330.78 - 333.71,321.1,332.62,321.10 - 332.62,Pérdida del soporte en 330.78 | ROE negativo durante 2 trimestres consecutivos | Ampliación de capital dilutiva | Recorte de rating a bono basura,6-12,"Sherwin-Williams Company (The) está un 11.7% por debajo de su máximo 52s. Fundamentalmente aceptable con ROE 65.1%, deuda neta/EBITDA 3.1x. Técnicamente 🟡 MACD convergiendo, 🟢 Cerca de soporte. Clasificación: descarte.","Sherwin-Williams Company (The) está un 11.7% por debajo de su máximo 52s. Fundamentalmente aceptable con ROE 65.1%, deuda neta/EBITDA 3.1x. Técnicamente 🟡 MACD convergiendo, 🟢 Cerca de soporte. Clasificación: descarte.",OK,
EMR,Emerson Electric Company,SP500,1.0,script-v2.0,1.0,2026-09-05T11:50:26.794974+02:00,45.4,46.2,99.0,0.0,0.0,12.0,43.0,25.0,18.0,2717520.0,1.92,-1.8,0.0,15.99,7.8,4.8817,False,42.7,26.1,False,142.32,7.4,True,True,True,,pass,pendiente_confirmacion,pendiente,0.0,desconocido,Pendiente de implementar,confirmada,margin_stabilization (media): Margen gross 54.5% vs 53.1% (+1.4 pp) | eps_stabilization (media): EPS 1.28 vs 1.10 (Diluted EPS) | debt_reduction (alta): Deuda 13802.0M vs 14057.0M | dividend_maintained (baja): Dividendo actual 1.45% con caída del 8.1%,incompleto,pendiente_confirmacion,137.59,149.09,137.59 - 149.09,141.4,141.77,141.40 - 141.77,Pérdida del soporte en 137.59 | ROE negativo durante 2 trimestres consecutivos | Ampliación de capital dilutiva | Recorte de rating a bono basura,6-12,"Emerson Electric Company está un 8.1% por debajo de su máximo 52s. Fundamentalmente aceptable con ROE 12.8%, deuda neta/EBITDA 1.9x. Técnicamente 🟡 MACD convergiendo, 🟢 base_pattern_detected. Clasificación: pendiente_confirmacion.","Emerson Electric Company está un 8.1% por debajo de su máximo 52s. Fundamentalmente aceptable con ROE 12.8%, deuda neta/EBITDA 1.9x. Técnicamente 🟡 MACD convergiendo, 🟢 base_pattern_detected. Clasificación: pendiente_confirmacion.",OK,
0019.HK,SWIRE PACIFIC A,ASIA,1.0,script-v2.0,1.0,2026-09-05T11:51:44.068823+02:00,45.3,48.5,81.0,20.0,0.0,6.0,36.0,30.0,6.0,1050933.0,4.95,-8.4,,18.54,0.7,7.0466,False,88.7,77.7,False,82.83,28.3,False,True,True,,pass,pendiente_confirmacion,pendiente,0.0,desconocido,Pendiente de implementar,parcial,debt_reduction (alta): Deuda 95141.0M vs 103840.0M | dividend_maintained (baja): Dividendo actual 3.76% con caída del 0.7%,incompleto,pendiente_confirmacion,95.69,101.73,95.69 - 101.73,81.48,90.95,81.48 - 90.95,Pérdida del soporte en 101.73 | ROE negativo durante 2 trimestres consecutivos | Ampliación de capital dilutiva | Recorte de rating a bono basura,6-12,"SWIRE PACIFIC A está un 0.7% por debajo de su máximo 52s. Fundamentalmente aceptable con ROE 3.2%, deuda neta/EBITDA 5.0x. Técnicamente 🟡 MACD convergiendo, 🟢 Cerca de soporte. Clasificación: pendiente_confirmacion.","SWIRE PACIFIC A está un 0.7% por debajo de su máximo 52s. Fundamentalmente aceptable con ROE 3.2%, deuda neta/EBITDA 5.0x. Técnicamente 🟡 MACD convergiendo, 🟢 Cerca de soporte. Clasificación: pendiente_confirmacion.",OK,
G.MI,GENERALI,EUROSTOXX,1.0,script-v2.0,1.0,2026-09-05T11:49:55.970449+02:00,45.3,48.5,97.0,6.0,0.0,4.0,36.0,30.0,6.0,2324184.0,4.18,7.3,,12.93,1.3,2.5436,False,95.5,87.7,False,37.34,20.2,False,True,False,Sin señales de recuperación,pass,descarte,pendiente,0.0,desconocido,Pendiente de implementar,ausente,eps_stabilization (media): EPS 1.49 vs 0.70 (Diluted EPS) | dividend_maintained (baja): Dividendo actual 3.66% con caída del 1.3%,incompleto,descarte,41.86,43.34,41.86 - 43.34,37.14,38.66,37.14 - 38.66,Pérdida del soporte en 41.86 | ROE negativo durante 2 trimestres consecutivos | Ampliación de capital dilutiva | Recorte de rating a bono basura,6-12,"GENERALI está un 1.3% por debajo de su máximo 52s. Fundamentalmente aceptable con ROE 15.1%, deuda neta/EBITDA 4.2x. Técnicamente 🟢 Cruce alcista MACD, 🟡 trendline_break. Clasificación: descarte.","GENERALI está un 1.3% por debajo de su máximo 52s. Fundamentalmente aceptable con ROE 15.1%, deuda neta/EBITDA 4.2x. Técnicamente 🟢 Cruce alcista MACD, 🟡 trendline_break. Clasificación: descarte.",OK,
105560.KS,KBFinancialGroup,ASIA,1.0,script-v2.0,1.0,2026-09-05T11:51:52.402697+02:00,45.2,46.3,74.0,22.0,0.0,7.0,42.0,24.0,18.0,1363953.0,,37.4,,,11.0,7393.801,False,59.0,68.8,False,152814.72,12.6,True,True,True,,pass,pendiente_confirmacion,pendiente,0.0,desconocido,Pendiente de implementar,parcial,"eps_stabilization (media): EPS 5120.00 vs 4458.00 (Diluted EPS) | dividend_maintained (baja): Dividendo actual 2.69% con caída del 11.6% | analyst_upgrade (media): Target 213395.00 vs precio 172000.00 (+24%), recKey none",incompleto,pendiente_confirmacion,160012.03,168584.77,160012.03 - 168584.77,149232.38,165325.0,149232.38 - 165325.00,Pérdida del soporte en 160012.03 | ROE negativo durante 2 trimestres consecutivos | Ampliación de capital dilutiva | Recorte de rating a bono basura,6-12,"KBFinancialGroup está un 11.6% por debajo de su máximo 52s. Fundamentalmente aceptable con ROE 10.2%, dividendo 2.7%. Técnicamente 🟢 base_pattern_detected, 🟡 trendline_break. Clasificación: pendiente_confirmacion.","KBFinancialGroup está un 11.6% por debajo de su máximo 52s. Fundamentalmente aceptable con ROE 10.2%, dividendo 2.7%. Técnicamente 🟢 base_pattern_detected, 🟡 trendline_break. Clasificación: pendiente_confirmacion.",OK,
BNP.PA,BNP PARIBAS ACT.A,EUROSTOXX,1.0,script-v2.0,1.0,2026-09-05T11:49:34.232368+02:00,45.2,48.7,70.0,30.0,0.0,4.0,35.0,35.0,0.0,1809693.0,,140.4,,,8.2,6.0361,False,41.2,33.6,False,91.51,14.2,False,False,False,Sin señales de recuperación,pass,descarte,pendiente,0.0,desconocido,Pendiente de implementar,ausente,eps_stabilization (media): EPS 3.96 vs 2.92 (Diluted EPS) | dividend_maintained (baja): Dividendo actual 5.55% con caída del 8.2%,incompleto,descarte,99.41,104.54,99.41 - 104.54,90.92,96.75,90.92 - 96.75,Pérdida del soporte en 99.41 | ROE negativo durante 2 trimestres consecutivos | Ampliación de capital dilutiva | Recorte de rating a bono basura,6-12,"BNP PARIBAS ACT.A está un 8.2% por debajo de su máximo 52s. Fundamentalmente aceptable con ROE 10.5%, dividendo 5.5%. Técnicamente 🟡 MACD convergiendo, 🟢 Cerca de soporte. Clasificación: descarte.","BNP PARIBAS ACT.A está un 8.2% por debajo de su máximo 52s. Fundamentalmente aceptable con ROE 10.5%, dividendo 5.5%. Técnicamente 🟡 MACD convergiendo, 🟢 Cerca de soporte. Clasificación: descarte.",OK,
ITW,Illinois Tool Works Inc.,SP500,1.0,script-v2.0,1.0,2026-09-05T11:50:29.294257+02:00,45.0,41.7,78.0,10.0,0.0,7.0,55.0,50.0,5.0,1332500.0,1.84,6.0,0.0,17.85,10.5,6.139,False,17.6,17.8,False,265.81,1.6,False,False,False,,pass,descarte,pendiente,0.0,desconocido,Pendiente de implementar,parcial,margin_stabilization (media): Margen gross 44.1% vs 43.8% (+0.3 pp) | eps_stabilization (media): EPS 2.84 vs 2.66 (Diluted EPS) | dividend_maintained (baja): Dividendo actual 2.55% con caída del 10.9%,razonable,descarte,257.2,270.12,257.20 - 270.12,257.69,264.72,257.69 - 264.72,Pérdida del soporte en 257.20 | ROE negativo durante 2 trimestres consecutivos | Ampliación de capital dilutiva | Recorte de rating a bono basura,6-12,"Illinois Tool Works Inc. está un 10.9% por debajo de su máximo 52s. Fundamentalmente aceptable con ROE 104.6%, deuda neta/EBITDA 1.8x. Técnicamente 🟡 MACD convergiendo, 🟢 Cerca de soporte. Clasificación: descarte.","Illinois Tool Works Inc. está un 10.9% por debajo de su máximo 52s. Fundamentalmente aceptable con ROE 104.6%, deuda neta/EBITDA 1.8x. Técnicamente 🟡 MACD convergiendo, 🟢 Cerca de soporte. Clasificación: descarte.",OK,
C,"Citigroup, Inc.",SP500,1.0,script-v2.0,1.0,2026-09-05T11:50:37.289055+02:00,45.0,44.4,70.0,22.0,0.0,4.0,47.0,35.0,12.0,11661067.0,,132.2,,,6.4,5.27,False,90.7,69.5,False,123.22,11.8,True,False,False,Sin señales de recuperación,pass,descarte,pendiente,0.0,desconocido,Pendiente de implementar,ausente,eps_stabilization (media): EPS 3.15 vs 3.06 (Diluted EPS) | dividend_maintained (baja): Dividendo actual 1.95% con caída del 6.9%,razonable,descarte,127.74,134.94,127.74 - 134.94,122.19,125.77,122.19 - 125.77,Pérdida del soporte en 127.74 | ROE negativo durante 2 trimestres consecutivos | Ampliación de capital dilutiva | Recorte de rating a bono basura,6-12,"Citigroup, Inc. está un 6.9% por debajo de su máximo 52s. Fundamentalmente aceptable con ROE 8.5%, dividendo 1.9%. Técnicamente 🟢 Cruce alcista MACD, 🟢 base_pattern_detected. Clasificación: descarte.","Citigroup, Inc. está un 6.9% por debajo de su máximo 52s. Fundamentalmente aceptable con ROE 8.5%, dividendo 1.9%. Técnicamente 🟢 Cruce alcista MACD, 🟢 base_pattern_detected. Clasificación: descarte.",OK,
2914.T,JAPAN TOBACCO INC,ASIA,1.0,script-v2.0,1.0,2026-09-05T11:51:38.970032+02:00,45.0,52.6,99.0,12.0,0.0,6.0,22.0,16.0,6.0,4505431.0,0.71,-0.1,,10.86,5.7,365.6827,False,11.0,30.8,False,5990.55,13.6,False,True,False,Sin suelo técnico identificado,pass,descarte,pendiente,0.0,desconocido,Pendiente de implementar,parcial,debt_reduction (alta): Deuda 1676772.0M vs 1678688.0M | dividend_maintained (baja): Dividendo actual 4.00% con caída del 5.7%,sin_suelo,descarte,5760.0,6612.08,5760.00 - 6612.08,5952.42,6135.3,5952.42 - 6135.30,Pérdida del soporte en 5760.00 | ROE negativo durante 2 trimestres consecutivos | Ampliación de capital dilutiva | Recorte de rating a bono basura,6-12,"JAPAN TOBACCO INC está un 5.7% por debajo de su máximo 52s. Fundamentalmente aceptable con ROE 14.3%, deuda neta/EBITDA 0.7x. Técnicamente 🟡 trendline_break. Clasificación: descarte.","JAPAN TOBACCO INC está un 5.7% por debajo de su máximo 52s. Fundamentalmente aceptable con ROE 14.3%, deuda neta/EBITDA 0.7x. Técnicamente 🟡 trendline_break. Clasificación: descarte.",OK,
D,"Dominion Energy, Inc.",SP500,1.0,script-v2.0,1.0,2026-09-05T11:50:55.380160+02:00,45.0,41.7,70.0,17.0,0.0,4.0,55.0,55.0,0.0,4908280.0,6.43,4.2,-0.0,14.05,8.9,1.4294,False,35.7,34.6,False,63.09,4.4,False,False,False,Sin señales de recuperación,pass,descarte,pendiente,0.0,desconocido,Pendiente de implementar,ausente,margin_stabilization (media): Margen gross 45.7% vs 44.2% (+1.6 pp) | dividend_maintained (baja): Dividendo actual 4.06% con caída del 9.8%,razonable,descarte,59.61,65.84,59.61 - 65.84,62.04,62.83,62.04 - 62.83,Pérdida del soporte en 59.61 | ROE negativo durante 2 trimestres consecutivos | Ampliación de capital dilutiva | Recorte de rating a bono basura,6-12,"Dominion Energy, Inc. está un 9.8% por debajo de su máximo 52s. Fundamentalmente aceptable con ROE 8.3%, deuda neta/EBITDA 6.4x. Técnicamente 🔵 RSI recuperándose de sobreventa, 🟡 MACD convergiendo. Clasificación: descarte.","Dominion Energy, Inc. está un 9.8% por debajo de su máximo 52s. Fundamentalmente aceptable con ROE 8.3%, deuda neta/EBITDA 6.4x. Técnicamente 🔵 RSI recuperándose de sobreventa, 🟡 MACD convergiendo. Clasificación: descarte.",OK,
BHP.L,BHP GROUP LIMITED ORD NPV (DI),EUROSTOXX,1.0,script-v2.0,1.0,2026-09-05T11:50:14.081365+02:00,44.9,46.9,89.0,10.0,0.0,4.0,39.0,21.0,18.0,832158.0,0.33,16.0,,6.19,6.8,188.2808,False,32.6,47.5,False,2865.62,16.7,True,True,False,Sin señales de recuperación,pass,descarte,pendiente,0.0,desconocido,Pendiente de implementar,ausente,eps_stabilization (media): EPS 1.93 vs 1.77 (annual_eps_fallback) | dividend_maintained (baja): Dividendo actual 0.04% con caída del 6.9%,incompleto,descarte,3195.09,3224.86,3195.09 - 3224.86,2841.26,3053.2,2841.26 - 3053.20,Pérdida del soporte en 3195.09 | ROE negativo durante 2 trimestres consecutivos | Ampliación de capital dilutiva | Recorte de rating a bono basura,6-12,"BHP GROUP LIMITED ORD NPV (DI) está un 6.9% por debajo de su máximo 52s. Fundamentalmente aceptable con ROE 24.0%, deuda neta/EBITDA 0.3x. Técnicamente 🟢 Cerca de soporte, 🟢 base_pattern_detected. Clasificación: descarte.","BHP GROUP LIMITED ORD NPV (DI) está un 6.9% por debajo de su máximo 52s. Fundamentalmente aceptable con ROE 24.0%, deuda neta/EBITDA 0.3x. Técnicamente 🟢 Cerca de soporte, 🟢 base_pattern_detected. Clasificación: descarte.",OK,
AIR.PA,AIRBUS SE,EUROSTOXX,1.0,script-v2.0,1.0,2026-09-05T11:49:33.554739+02:00,44.8,42.0,90.0,0.0,0.0,7.0,53.0,53.0,0.0,1016393.0,0.13,30.4,0.9,17.63,8.4,6.7429,False,27.4,19.3,False,187.64,6.0,False,False,False,,pass,descarte,pendiente,0.0,desconocido,Pendiente de implementar,parcial,margin_stabilization (media): Margen gross 18.4% vs 12.3% (+6.1 pp) | eps_stabilization (media): EPS 2.10 vs 0.74 (Diluted EPS) | dividend_maintained (baja): Dividendo actual 1.61% con caída del 10.1%,razonable,descarte,189.71,198.96,189.71 - 198.96,188.11,188.14,188.11 - 188.14,Pérdida del soporte en 189.71 | ROE negativo durante 2 trimestres consecutivos | Ampliación de capital dilutiva | Recorte de rating a bono basura,6-12,"AIRBUS SE está un 10.1% por debajo de su máximo 52s. Fundamentalmente aceptable con ROE 23.2%, deuda neta/EBITDA 0.1x. Técnicamente 🔵 RSI recuperándose de sobreventa, 🟡 MACD convergiendo. Clasificación: descarte.","AIRBUS SE está un 10.1% por debajo de su máximo 52s. Fundamentalmente aceptable con ROE 23.2%, deuda neta/EBITDA 0.1x. Técnicamente 🔵 RSI recuperándose de sobreventa, 🟡 MACD convergiendo. Clasificación: descarte.",OK,
DB1.DE,DEUTSCHE BOERSE AG            N,EUROSTOXX,1.0,script-v2.0,1.0,2026-09-05T11:49:29.080394+02:00,44.8,46.7,100.0,0.0,0.0,9.0,39.0,21.0,18.0,318054.0,1.32,-35.4,29.6,16.58,3.6,11.9359,False,40.3,47.3,False,241.37,16.5,True,True,True,,pass,pendiente_confirmacion,pendiente,0.0,desconocido,Pendiente de implementar,parcial,eps_stabilization (media): EPS 3.21 vs 2.68 (Diluted EPS) | debt_reduction (alta): Deuda 6187.0M vs 9583.0M | dividend_maintained (baja): Dividendo actual 1.49% con caída del 3.6%,incompleto,pendiente_confirmacion,266.67,277.8,266.67 - 277.80,240.31,248.03,240.31 - 248.03,Pérdida del soporte en 277.80 | ROE negativo durante 2 trimestres consecutivos | Ampliación de capital dilutiva | Recorte de rating a bono basura,6-12,"DEUTSCHE BOERSE AG            N está un 3.6% por debajo de su máximo 52s. Fundamentalmente aceptable con ROE 20.4%, deuda neta/EBITDA 1.3x. Técnicamente 🟢 Cerca de soporte, 🟢 base_pattern_detected. Clasificación: pendiente_confirmacion.","DEUTSCHE BOERSE AG            N está un 3.6% por debajo de su máximo 52s. Fundamentalmente aceptable con ROE 20.4%, deuda neta/EBITDA 1.3x. Técnicamente 🟢 Cerca de soporte, 🟢 base_pattern_detected. Clasificación: pendiente_confirmacion.",OK,
O,Realty Income Corporation,SP500,1.0,script-v2.0,1.0,2026-09-05T11:50:58.393362+02:00,44.3,40.4,66.0,18.0,0.0,7.0,56.0,39.0,17.0,5626422.0,5.74,3.8,0.2,17.0,8.0,0.6211,False,15.9,26.2,False,60.9,0.6,True,False,False,,pass,descarte,pendiente,0.0,desconocido,Pendiente de implementar,parcial,margin_stabilization (media): Margen gross 92.1% vs 91.9% (+0.2 pp) | eps_stabilization (media): EPS 0.37 vs 0.33 (Diluted EPS) | dividend_maintained (baja): Dividendo actual 5.31% con caída del 9.8%,razonable,descarte,60.94,61.25,60.94 - 61.25,57.75,60.54,57.75 - 60.54,Pérdida del soporte en 60.94 | ROE negativo durante 2 trimestres consecutivos | Ampliación de capital dilutiva | Recorte de rating a bono basura,6-12,"Realty Income Corporation está un 9.8% por debajo de su máximo 52s. Fundamentalmente aceptable con ROE 3.2%, deuda neta/EBITDA 5.7x. Técnicamente 🔵 RSI recuperándose de sobreventa, 🟢 Cerca de soporte. Clasificación: descarte.","Realty Income Corporation está un 9.8% por debajo de su máximo 52s. Fundamentalmente aceptable con ROE 3.2%, deuda neta/EBITDA 5.7x. Técnicamente 🔵 RSI recuperándose de sobreventa, 🟢 Cerca de soporte. Clasificación: descarte.",OK,
SU.PA,SCHNEIDER ELECTRIC SE,EUROSTOXX,1.0,script-v2.0,1.0,2026-09-05T11:49:44.448965+02:00,44.3,44.8,96.0,0.0,0.0,1.0,43.0,25.0,18.0,855747.0,1.91,16.4,,20.95,7.8,12.3237,False,20.3,13.5,False,260.37,10.6,True,True,False,Sin señales de recuperación,pass,descarte,pendiente,0.0,desconocido,Pendiente de implementar,ausente,dividend_maintained (baja): Dividendo actual 1.46% con caída del 7.8%,incompleto,descarte,262.63,284.56,262.63 - 284.56,259.2,265.45,259.20 - 265.45,Pérdida del soporte en 262.63 | ROE negativo durante 2 trimestres consecutivos | Ampliación de capital dilutiva | Recorte de rating a bono basura,6-12,"SCHNEIDER ELECTRIC SE está un 7.8% por debajo de su máximo 52s. Fundamentalmente aceptable con ROE 18.6%, deuda neta/EBITDA 1.9x. Técnicamente 🟡 MACD convergiendo, 🟢 base_pattern_detected. Clasificación: descarte.","SCHNEIDER ELECTRIC SE está un 7.8% por debajo de su máximo 52s. Fundamentalmente aceptable con ROE 18.6%, deuda neta/EBITDA 1.9x. Técnicamente 🟡 MACD convergiendo, 🟢 base_pattern_detected. Clasificación: descarte.",OK,
WDS.AX,WOODSIDE FPO [WDS],ASX,1.0,script-v2.0,1.0,2026-09-05T11:51:19.377649+02:00,43.9,47.3,83.0,16.0,0.0,1.0,34.0,16.0,18.0,4958479.0,1.15,0.8,,9.43,9.0,1.0794,False,39.0,48.6,False,28.55,11.5,True,True,False,Sin señales de recuperación,pass,descarte,pendiente,0.0,desconocido,Pendiente de implementar,ausente,dividend_maintained (baja): Dividendo actual 5.12% con caída del 11.1%,incompleto,descarte,29.61,30.65,29.61 - 30.65,28.35,30.45,28.35 - 30.45,Pérdida del soporte en 29.61 | ROE negativo durante 2 trimestres consecutivos | Ampliación de capital dilutiva | Recorte de rating a bono basura,6-12,"WOODSIDE FPO [WDS] está un 11.1% por debajo de su máximo 52s. Fundamentalmente aceptable con ROE 7.7%, deuda neta/EBITDA 1.1x. Técnicamente 🟢 base_pattern_detected, 🟡 trendline_break. Clasificación: descarte.","WOODSIDE FPO [WDS] está un 11.1% por debajo de su máximo 52s. Fundamentalmente aceptable con ROE 7.7%, deuda neta/EBITDA 1.1x. Técnicamente 🟢 base_pattern_detected, 🟡 trendline_break. Clasificación: descarte.",OK,
ADP,"Automatic Data Processing, Inc.",SP500,1.0,script-v2.0,1.0,2026-09-05T11:50:29.452683+02:00,43.6,47.8,99.0,3.0,0.0,1.0,31.0,25.0,6.0,2485225.0,0.2,28.4,2.3,17.4,13.1,13.4623,False,45.0,64.7,False,234.87,18.2,False,True,False,Sin señales de recuperación,pass,descarte,pendiente,0.0,desconocido,Pendiente de implementar,ausente,dividend_maintained (baja): Dividendo actual 2.45% con caída del 7.2%,incompleto,descarte,262.0,265.86,262.00 - 265.86,234.91,254.34,234.91 - 254.34,Pérdida del soporte en 265.86 | ROE negativo durante 2 trimestres consecutivos | Ampliación de capital dilutiva | Recorte de rating a bono basura,6-12,"Automatic Data Processing, Inc. está un 7.2% por debajo de su máximo 52s. Fundamentalmente aceptable con ROE 72.2%, deuda neta/EBITDA 0.2x. Técnicamente 🟢 Cerca de soporte, 🟡 trendline_break. Clasificación: descarte.","Automatic Data Processing, Inc. está un 7.2% por debajo de su máximo 52s. Fundamentalmente aceptable con ROE 72.2%, deuda neta/EBITDA 0.2x. Técnicamente 🟢 Cerca de soporte, 🟡 trendline_break. Clasificación: descarte.",OK,
SON.LS,SONAE,EUROSTOXX,1.0,script-v2.0,1.0,2026-09-05T11:50:03.437244+02:00,43.6,45.9,80.0,16.0,0.0,9.0,37.0,37.0,0.0,1426614.0,4.5,-5.4,-7.2,10.24,6.0,0.0742,False,71.0,68.6,False,1.87,8.4,False,False,True,,pass,pendiente_confirmacion,pendiente,0.0,desconocido,Pendiente de implementar,parcial,eps_stabilization (media): EPS 0.04 vs 0.02 (Diluted EPS) | debt_reduction (alta): Deuda 3592.0M vs 3795.3M | dividend_maintained (baja): Dividendo actual 2.96% con caída del 6.0%,incompleto,pendiente_confirmacion,1.94,2.03,1.94 - 2.03,1.83,1.85,1.83 - 1.85,Pérdida del soporte en 1.94 | ROE negativo durante 2 trimestres consecutivos | Ampliación de capital dilutiva | Recorte de rating a bono basura,6-12,"SONAE está un 6.0% por debajo de su máximo 52s. Fundamentalmente aceptable con ROE 8.7%, deuda neta/EBITDA 4.5x. Técnicamente 🟢 Divergencia alcista RSI, 🟢 Cerca de soporte. Clasificación: pendiente_confirmacion.","SONAE está un 6.0% por debajo de su máximo 52s. Fundamentalmente aceptable con ROE 8.7%, deuda neta/EBITDA 4.5x. Técnicamente 🟢 Divergencia alcista RSI, 🟢 Cerca de soporte. Clasificación: pendiente_confirmacion.",OK,
SIE.DE,SIEMENS AG                    N,EUROSTOXX,1.0,script-v2.0,1.0,2026-09-05T11:49:26.447186+02:00,43.5,43.4,93.0,0.0,0.0,12.0,44.0,32.0,12.0,982185.0,3.12,-7.8,-0.0,20.52,6.5,10.5955,False,21.8,13.1,False,252.87,7.8,True,False,True,,pass,pendiente_confirmacion,pendiente,0.0,desconocido,Pendiente de implementar,confirmada,margin_stabilization (media): Margen gross 40.9% vs 38.9% (+2.0 pp) | eps_stabilization (media): EPS 2.91 vs 2.58 (Diluted EPS) | debt_reduction (alta): Deuda 49924.0M vs 54161.0M | dividend_maintained (baja): Dividendo actual 1.96% con caída del 6.5%,incompleto,pendiente_confirmacion,264.24,272.65,264.24 - 272.65,247.94,251.86,247.94 - 251.86,Pérdida del soporte en 264.24 | ROE negativo durante 2 trimestres consecutivos | Ampliación de capital dilutiva | Recorte de rating a bono basura,6-12,"SIEMENS AG                    N está un 6.5% por debajo de su máximo 52s. Fundamentalmente aceptable con ROE 12.5%, deuda neta/EBITDA 3.1x. Técnicamente 🟢 Cerca de soporte, 🟢 base_pattern_detected. Clasificación: pendiente_confirmacion.","SIEMENS AG                    N está un 6.5% por debajo de su máximo 52s. Fundamentalmente aceptable con ROE 12.5%, deuda neta/EBITDA 3.1x. Técnicamente 🟢 Cerca de soporte, 🟢 base_pattern_detected. Clasificación: pendiente_confirmacion.",OK,
BHP.AX,BHP GROUP FPO [BHP],ASX,1.0,script-v2.0,1.0,2026-09-05T11:51:11.003833+02:00,43.3,46.4,96.0,3.0,0.0,4.0,34.0,16.0,18.0,8041534.0,0.33,16.0,,11.09,7.5,3.2718,False,15.4,38.1,False,53.7,15.9,True,True,False,Sin señales de recuperación,pass,descarte,pendiente,0.0,desconocido,Pendiente de implementar,ausente,eps_stabilization (media): EPS 1.93 vs 1.77 (annual_eps_fallback) | dividend_maintained (baja): Dividendo actual 3.90% con caída del 9.5%,incompleto,descarte,55.84,60.42,55.84 - 60.42,53.35,58.45,53.35 - 58.45,Pérdida del soporte en 55.84 | ROE negativo durante 2 trimestres consecutivos | Ampliación de capital dilutiva | Recorte de rating a bono basura,6-12,"BHP GROUP FPO [BHP] está un 9.5% por debajo de su máximo 52s. Fundamentalmente aceptable con ROE 24.0%, deuda neta/EBITDA 0.3x. Técnicamente 🟢 base_pattern_detected, 🟡 trendline_break. Clasificación: descarte.","BHP GROUP FPO [BHP] está un 9.5% por debajo de su máximo 52s. Fundamentalmente aceptable con ROE 24.0%, deuda neta/EBITDA 0.3x. Técnicamente 🟢 base_pattern_detected, 🟡 trendline_break. Clasificación: descarte.",OK,
NOVN.SW,NOVARTIS N,EUROSTOXX,1.0,script-v2.0,1.0,2026-09-05T11:50:06.708089+02:00,43.2,42.0,90.0,0.0,0.0,7.0,47.0,41.0,6.0,2528916.0,1.79,4.3,0.2,12.47,2.3,3.437,False,69.1,81.8,False,118.48,9.4,False,True,False,,pass,descarte,pendiente,0.0,desconocido,Pendiente de implementar,parcial,margin_stabilization (media): Margen gross 75.2% vs 74.4% (+0.8 pp) | eps_stabilization (media): EPS 1.71 vs 1.65 (Diluted EPS) | dividend_maintained (baja): Dividendo actual 2.86% con caída del 2.3%,razonable,descarte,118.37,126.05,118.37 - 126.05,112.78,117.61,112.78 - 117.61,Pérdida del soporte en 118.37 | ROE negativo durante 2 trimestres consecutivos | Ampliación de capital dilutiva | Recorte de rating a bono basura,6-12,"NOVARTIS N está un 2.3% por debajo de su máximo 52s. Fundamentalmente aceptable con ROE 30.3%, deuda neta/EBITDA 1.8x. Técnicamente 🟢 Cruce alcista MACD, 🟢 Volumen creciente. Clasificación: descarte.","NOVARTIS N está un 2.3% por debajo de su máximo 52s. Fundamentalmente aceptable con ROE 30.3%, deuda neta/EBITDA 1.8x. Técnicamente 🟢 Cruce alcista MACD, 🟢 Volumen creciente. Clasificación: descarte.",OK,
055550.KS,ShinhanGroup,ASIA,1.0,script-v2.0,1.0,2026-09-05T11:51:52.463032+02:00,43.2,45.3,72.0,22.0,0.0,7.0,37.0,19.0,18.0,1320760.0,,52.0,,,4.8,5294.585,False,62.4,75.6,False,94586.61,16.6,True,True,True,,pass,pendiente_confirmacion,pendiente,0.0,desconocido,Pendiente de implementar,parcial,"eps_stabilization (media): EPS 3327.00 vs 1070.12 (Diluted EPS) | dividend_maintained (baja): Dividendo actual 2.68% con caída del 4.8% | analyst_upgrade (media): Target 132684.20 vs precio 110300.00 (+20%), recMean 1.40, recKey strong_buy",incompleto,pendiente_confirmacion,102645.75,104443.28,102645.75 - 104443.28,92497.63,98515.0,92497.63 - 98515.00,Pérdida del soporte en 102645.75 | ROE negativo durante 2 trimestres consecutivos | Ampliación de capital dilutiva | Recorte de rating a bono basura,6-12,"ShinhanGroup está un 4.8% por debajo de su máximo 52s. Fundamentalmente aceptable con ROE 8.9%, dividendo 2.7%. Técnicamente 🟢 base_pattern_detected, 🟡 trendline_break. Clasificación: pendiente_confirmacion.","ShinhanGroup está un 4.8% por debajo de su máximo 52s. Fundamentalmente aceptable con ROE 8.9%, dividendo 2.7%. Técnicamente 🟢 base_pattern_detected, 🟡 trendline_break. Clasificación: pendiente_confirmacion.",OK,
VOD.L,VODAFONE GROUP PLC ORD USD0.20 ,EUROSTOXX,1.0,script-v2.0,1.0,2026-09-05T11:50:14.318004+02:00,42.5,39.0,47.0,32.0,0.0,4.0,53.0,35.0,18.0,89756937.0,4.46,5.8,,8.11,4.2,3.9664,False,87.0,75.5,False,110.52,13.6,True,True,False,Sin señales de recuperación,pass,descarte,pendiente,0.0,desconocido,Pendiente de implementar,ausente,eps_stabilization (media): EPS -0.02 vs -0.16 (annual_eps_fallback) | dividend_maintained (baja): Dividendo actual 0.03% con caída del 4.2%,razonable,descarte,111.24,114.12,111.24 - 114.12,109.3,111.43,109.30 - 111.43,Pérdida del soporte en 111.24 | ROE negativo durante 2 trimestres consecutivos | Ampliación de capital dilutiva | Recorte de rating a bono basura,6-12,"VODAFONE GROUP PLC ORD USD0.20  está un 4.2% por debajo de su máximo 52s. Fundamentalmente débil con ROE 0.1%, deuda neta/EBITDA 4.5x. Técnicamente 🟢 Cruce alcista MACD, 🟢 base_pattern_detected. Clasificación: descarte.","VODAFONE GROUP PLC ORD USD0.20  está un 4.2% por debajo de su máximo 52s. Fundamentalmente débil con ROE 0.1%, deuda neta/EBITDA 4.5x. Técnicamente 🟢 Cruce alcista MACD, 🟢 base_pattern_detected. Clasificación: descarte.",OK,
FDX,FedEx Corporation,SP500,1.0,script-v2.0,1.0,2026-09-05T11:50:46.867213+02:00,42.1,50.8,86.0,20.0,0.0,7.0,16.0,16.0,0.0,1807034.0,2.48,2.2,5.6,8.92,6.3,12.7176,False,28.2,22.0,False,294.57,9.5,False,False,False,Sin suelo técnico identificado,pass,descarte,pendiente,0.0,desconocido,Pendiente de implementar,parcial,margin_stabilization (media): Margen gross 22.7% vs 21.3% (+1.3 pp) | eps_stabilization (media): EPS 6.60 vs 4.41 (Diluted EPS) | dividend_maintained (baja): Dividendo actual 1.51% con caída del 6.6%,sin_suelo,descarte,301.55,319.44,301.55 - 319.44,290.4,293.56,290.40 - 293.56,Pérdida del soporte en 301.55 | ROE negativo durante 2 trimestres consecutivos | Ampliación de capital dilutiva | Recorte de rating a bono basura,6-12,"FedEx Corporation está un 6.6% por debajo de su máximo 52s. Fundamentalmente aceptable con ROE 14.8%, deuda neta/EBITDA 2.5x. Técnicamente sin suelo técnico identificado. Clasificación: descarte.","FedEx Corporation está un 6.6% por debajo de su máximo 52s. Fundamentalmente aceptable con ROE 14.8%, deuda neta/EBITDA 2.5x. Técnicamente sin suelo técnico identificado. Clasificación: descarte.",OK,
9434.T,SOFTBANK CORP.,ASIA,1.0,script-v2.0,1.0,2026-09-05T11:51:29.932648+02:00,42.0,37.1,76.0,3.0,0.0,1.0,57.0,39.0,18.0,79288403.0,3.18,14.7,,10.45,1.4,5.6987,False,71.7,73.1,False,216.38,10.5,True,True,False,Sin señales de recuperación,pass,descarte,pendiente,0.0,desconocido,Pendiente de implementar,ausente,dividend_maintained (baja): Dividendo actual 3.68% con caída del 1.4%,razonable,descarte,225.07,233.0,225.07 - 233.00,206.21,216.79,206.21 - 216.79,Pérdida del soporte en 233.00 | ROE negativo durante 2 trimestres consecutivos | Ampliación de capital dilutiva | Recorte de rating a bono basura,6-12,"SOFTBANK CORP. está un 1.4% por debajo de su máximo 52s. Fundamentalmente débil con ROE 16.7%, deuda neta/EBITDA 3.2x. Técnicamente 🟢 Cruce alcista MACD, 🟢 Cerca de soporte. Clasificación: descarte.","SOFTBANK CORP. está un 1.4% por debajo de su máximo 52s. Fundamentalmente débil con ROE 16.7%, deuda neta/EBITDA 3.2x. Técnicamente 🟢 Cruce alcista MACD, 🟢 Cerca de soporte. Clasificación: descarte.",OK,
WFC,Wells Fargo & Company,SP500,1.0,script-v2.0,1.0,2026-09-05T11:50:37.053587+02:00,41.7,41.9,75.0,13.0,0.0,4.0,41.0,35.0,6.0,14635898.0,,121.3,,,6.5,1.6916,False,94.6,88.5,False,84.21,6.8,False,True,False,Sin señales de recuperación,pass,descarte,pendiente,0.0,desconocido,Pendiente de implementar,ausente,eps_stabilization (media): EPS 2.00 vs 1.60 (Diluted EPS) | dividend_maintained (baja): Dividendo actual 2.22% con caída del 8.0%,incompleto,descarte,82.53,86.36,82.53 - 86.36,83.1,84.16,83.10 - 84.16,Pérdida del soporte en 82.53 | ROE negativo durante 2 trimestres consecutivos | Ampliación de capital dilutiva | Recorte de rating a bono basura,6-12,"Wells Fargo & Company está un 8.0% por debajo de su máximo 52s. Fundamentalmente aceptable con ROE 12.6%, dividendo 2.2%. Técnicamente 🟢 Cruce alcista MACD, 🟡 trendline_break. Clasificación: descarte.","Wells Fargo & Company está un 8.0% por debajo de su máximo 52s. Fundamentalmente aceptable con ROE 12.6%, dividendo 2.2%. Técnicamente 🟢 Cruce alcista MACD, 🟡 trendline_break. Clasificación: descarte.",OK,
PFE,"Pfizer, Inc.",SP500,1.0,script-v2.0,1.0,2026-09-05T11:50:49.766965+02:00,41.5,48.0,80.0,20.0,0.0,6.0,22.0,16.0,6.0,42619945.0,2.04,-0.4,1.4,8.44,2.6,0.6451,False,64.0,82.1,False,25.56,11.3,False,True,False,Sin suelo técnico identificado,pass,descarte,pendiente,0.0,desconocido,Pendiente de implementar,parcial,debt_reduction (alta): Deuda 63480.0M vs 63730.0M | dividend_maintained (baja): Dividendo actual 6.05% con caída del 2.6%,sin_suelo,descarte,25.82,27.64,25.82 - 27.64,24.83,25.45,24.83 - 25.45,Pérdida del soporte en 27.64 | ROE negativo durante 2 trimestres consecutivos | Ampliación de capital dilutiva | Recorte de rating a bono basura,6-12,"Pfizer, Inc. está un 2.6% por debajo de su máximo 52s. Fundamentalmente aceptable con ROE 5.0%, deuda neta/EBITDA 2.0x. Técnicamente 🟢 Cerca de soporte, 🟡 trendline_break. Clasificación: descarte.","Pfizer, Inc. está un 2.6% por debajo de su máximo 52s. Fundamentalmente aceptable con ROE 5.0%, deuda neta/EBITDA 2.0x. Técnicamente 🟢 Cerca de soporte, 🟡 trendline_break. Clasificación: descarte.",OK,
BAS.DE,BASF SE                       N,EUROSTOXX,1.0,script-v2.0,1.0,2026-09-05T11:49:21.703378+02:00,41.4,41.2,70.0,16.0,0.0,4.0,42.0,24.0,18.0,1974671.0,2.86,12.7,-1.0,10.07,1.8,1.3139,False,82.3,85.6,False,48.05,11.1,True,True,False,Sin señales de recuperación,pass,descarte,pendiente,0.0,desconocido,Pendiente de implementar,ausente,eps_stabilization (media): EPS 4.78 vs 1.06 (Diluted EPS) | dividend_maintained (baja): Dividendo actual 4.22% con caída del 3.1%,incompleto,descarte,49.02,50.04,49.02 - 50.04,46.79,47.83,46.79 - 47.83,Pérdida del soporte en 49.02 | ROE negativo durante 2 trimestres consecutivos | Ampliación de capital dilutiva | Recorte de rating a bono basura,6-12,"BASF SE                       N está un 3.1% por debajo de su máximo 52s. Fundamentalmente aceptable con ROE 6.1%, deuda neta/EBITDA 2.9x. Técnicamente 🟢 Divergencia alcista RSI, 🟢 base_pattern_detected. Clasificación: descarte.","BASF SE                       N está un 3.1% por debajo de su máximo 52s. Fundamentalmente aceptable con ROE 6.1%, deuda neta/EBITDA 2.9x. Técnicamente 🟢 Divergencia alcista RSI, 🟢 base_pattern_detected. Clasificación: descarte.",OK,
SPG,"Simon Property Group, Inc.",SP500,1.0,script-v2.0,1.0,2026-09-05T11:50:57.239254+02:00,41.2,40.3,68.0,16.0,0.0,1.0,44.0,44.0,0.0,1796333.0,5.54,0.9,-0.6,19.05,12.2,7.0376,False,1.0,7.6,False,200.54,4.4,False,False,False,Sin señales de recuperación,pass,descarte,pendiente,0.0,desconocido,Pendiente de implementar,ausente,dividend_maintained (baja): Dividendo actual 4.25% con caída del 12.2%,incompleto,descarte,197.48,209.44,197.48 - 209.44,199.38,202.72,199.38 - 202.72,Pérdida del soporte en 197.48 | ROE negativo durante 2 trimestres consecutivos | Ampliación de capital dilutiva | Recorte de rating a bono basura,6-12,"Simon Property Group, Inc. está un 12.2% por debajo de su máximo 52s. Fundamentalmente aceptable con ROE 120.5%, deuda neta/EBITDA 5.5x. Técnicamente 🔵 RSI en sobreventa, 🟡 MACD convergiendo. Clasificación: descarte.","Simon Property Group, Inc. está un 12.2% por debajo de su máximo 52s. Fundamentalmente aceptable con ROE 120.5%, deuda neta/EBITDA 5.5x. Técnicamente 🔵 RSI en sobreventa, 🟡 MACD convergiendo. Clasificación: descarte.",OK,
BAYN.DE,Bayer AG                      N,EUROSTOXX,1.0,script-v2.0,1.0,2026-09-05T11:49:21.857951+02:00,41.2,40.6,55.0,28.0,0.0,6.0,43.0,25.0,18.0,2761960.0,3.29,-5.6,1.6,8.04,9.4,3.0788,False,51.8,64.7,False,41.74,17.0,True,True,True,,pass,pendiente_confirmacion,pendiente,0.0,desconocido,Pendiente de implementar,parcial,debt_reduction (alta): Deuda 38431.0M vs 40697.0M | dividend_maintained (baja): Dividendo actual 0.23% con caída del 9.4%,incompleto,pendiente_confirmacion,47.14,48.71,47.14 - 48.71,41.3,45.83,41.30 - 45.83,Pérdida del soporte en 47.14 | ROE negativo durante 2 trimestres consecutivos | Ampliación de capital dilutiva | Recorte de rating a bono basura,6-12,"Bayer AG                      N está un 9.4% por debajo de su máximo 52s. Fundamentalmente aceptable con ROE -5.7%, deuda neta/EBITDA 3.3x. Técnicamente 🟢 Cerca de soporte, 🟢 base_pattern_detected. Clasificación: pendiente_confirmacion.","Bayer AG                      N está un 9.4% por debajo de su máximo 52s. Fundamentalmente aceptable con ROE -5.7%, deuda neta/EBITDA 3.3x. Técnicamente 🟢 Cerca de soporte, 🟢 base_pattern_detected. Clasificación: pendiente_confirmacion.",OK,
AMC.AX,AMCOR PLC CDI 1:1 [AMC],ASX,1.0,script-v2.0,1.0,2026-09-05T11:51:19.845829+02:00,41.2,46.0,78.0,18.0,0.0,12.0,27.0,27.0,0.0,595448.0,3.97,-5.5,0.9,12.22,16.6,1.6726,False,14.5,18.6,False,59.51,6.1,False,False,True,,pass,pendiente_confirmacion,pendiente,0.0,desconocido,Pendiente de implementar,confirmada,margin_stabilization (media): Margen gross 20.1% vs 19.1% (+1.1 pp) | eps_stabilization (media): EPS 0.60 vs 0.38 (Diluted EPS) | debt_reduction (alta): Deuda 15140.0M vs 16019.0M | dividend_maintained (baja): Dividendo actual 5.83% con caída del 11.2%,incompleto,pendiente_confirmacion,61.23,63.14,61.23 - 63.14,59.63,60.43,59.63 - 60.43,Pérdida del soporte en 61.23 | ROE negativo durante 2 trimestres consecutivos | Ampliación de capital dilutiva | Recorte de rating a bono basura,6-12,"AMCOR PLC CDI 1:1 [AMC] está un 11.2% por debajo de su máximo 52s. Fundamentalmente aceptable con ROE 9.4%, deuda neta/EBITDA 4.0x. Técnicamente 🟢 Cerca de soporte. Clasificación: pendiente_confirmacion.","AMCOR PLC CDI 1:1 [AMC] está un 11.2% por debajo de su máximo 52s. Fundamentalmente aceptable con ROE 9.4%, deuda neta/EBITDA 4.0x. Técnicamente 🟢 Cerca de soporte. Clasificación: pendiente_confirmacion.",OK,
8306.T,MITSUBISHI UFJ FINANCIAL GROUP ,ASIA,1.0,script-v2.0,1.0,2026-09-05T11:51:27.864735+02:00,40.9,38.9,73.0,9.0,0.0,4.0,47.0,41.0,6.0,40137226.0,,195.7,,,0.7,255.8197,False,97.6,89.8,False,3002.02,26.1,False,True,False,Sin señales de recuperación,pass,descarte,pendiente,0.0,desconocido,Pendiente de implementar,ausente,eps_stabilization (media): EPS 171.87 vs 165.40 (annual_eps_fallback) | dividend_maintained (baja): Dividendo actual 2.54% con caída del 0.7%,razonable,descarte,3422.4,3544.98,3422.40 - 3544.98,2955.09,3241.05,2955.09 - 3241.05,Pérdida del soporte en 3422.40 | ROE negativo durante 2 trimestres consecutivos | Ampliación de capital dilutiva | Recorte de rating a bono basura,6-12,"MITSUBISHI UFJ FINANCIAL GROUP  está un 0.7% por debajo de su máximo 52s. Fundamentalmente débil con ROE 9.5%, dividendo 2.5%. Técnicamente 🟢 Cruce alcista MACD, 🟢 Volumen creciente. Clasificación: descarte.","MITSUBISHI UFJ FINANCIAL GROUP  está un 0.7% por debajo de su máximo 52s. Fundamentalmente débil con ROE 9.5%, dividendo 2.5%. Técnicamente 🟢 Cruce alcista MACD, 🟢 Volumen creciente. Clasificación: descarte.",OK,
BOQ.AX,BANK QLD FPO [BOQ],ASX,1.0,script-v2.0,1.0,2026-09-05T11:51:26.091601+02:00,40.8,38.3,57.0,22.0,0.0,9.0,48.0,30.0,18.0,1787924.0,,-1.7,,,11.1,0.0229,False,95.8,92.0,False,6.35,5.1,True,True,False,,pass,descarte,pendiente,0.0,desconocido,Pendiente de implementar,parcial,eps_stabilization (media): EPS 0.41 vs 0.18 (annual_eps_fallback) | debt_reduction (alta): Deuda 16714.0M vs 17008.0M | dividend_maintained (baja): Dividendo actual 5.99% con caída del 10.7%,razonable,descarte,6.13,6.34,6.13 - 6.34,6.33,6.36,6.33 - 6.36,Pérdida del soporte en 6.13 | ROE negativo durante 2 trimestres consecutivos | Ampliación de capital dilutiva | Recorte de rating a bono basura,6-12,"BANK QLD FPO [BOQ] está un 10.7% por debajo de su máximo 52s. Fundamentalmente débil con ROE 1.6%, dividendo 6.0%. Técnicamente 🟢 Cruce alcista MACD, 🟢 base_pattern_detected. Clasificación: descarte.","BANK QLD FPO [BOQ] está un 10.7% por debajo de su máximo 52s. Fundamentalmente débil con ROE 1.6%, dividendo 6.0%. Técnicamente 🟢 Cruce alcista MACD, 🟢 base_pattern_detected. Clasificación: descarte.",OK,
AI.PA,AIR LIQUIDE,EUROSTOXX,1.0,script-v2.0,1.0,2026-09-05T11:49:33.124312+02:00,40.8,43.4,93.0,0.0,0.0,4.0,33.0,33.0,0.0,851922.0,1.99,36.4,,16.32,6.5,3.7819,False,45.0,57.9,False,158.91,7.3,False,False,False,Sin señales de recuperación,pass,descarte,pendiente,0.0,desconocido,Pendiente de implementar,ausente,eps_stabilization (media): EPS 6.08 vs 5.20 (annual_eps_fallback) | dividend_maintained (baja): Dividendo actual 1.97% con caída del 6.5%,incompleto,descarte,164.15,170.44,164.15 - 170.44,154.92,158.39,154.92 - 158.39,Pérdida del soporte en 164.15 | ROE negativo durante 2 trimestres consecutivos | Ampliación de capital dilutiva | Recorte de rating a bono basura,6-12,"AIR LIQUIDE está un 6.5% por debajo de su máximo 52s. Fundamentalmente aceptable con ROE 14.0%, deuda neta/EBITDA 2.0x. Técnicamente 🟢 Cerca de soporte. Clasificación: descarte.","AIR LIQUIDE está un 6.5% por debajo de su máximo 52s. Fundamentalmente aceptable con ROE 14.0%, deuda neta/EBITDA 2.0x. Técnicamente 🟢 Cerca de soporte. Clasificación: descarte.",OK,
DBK.DE,DEUTSCHE BANK AG              N,EUROSTOXX,1.0,script-v2.0,1.0,2026-09-05T11:49:28.914414+02:00,40.6,45.9,64.0,30.0,0.0,1.0,25.0,19.0,6.0,4822414.0,,296.4,,,0.4,1.6916,False,96.0,93.4,False,29.55,20.4,False,True,False,Sin señales de recuperación,pass,descarte,pendiente,0.0,desconocido,Pendiente de implementar,ausente,dividend_maintained (baja): Dividendo actual 2.81% con caída del 0.4%,incompleto,descarte,32.3,33.65,32.30 - 33.65,29.51,30.35,29.51 - 30.35,Pérdida del soporte en 33.65 | ROE negativo durante 2 trimestres consecutivos | Ampliación de capital dilutiva | Recorte de rating a bono basura,6-12,"DEUTSCHE BANK AG              N está un 0.4% por debajo de su máximo 52s. Fundamentalmente aceptable con ROE 8.9%, dividendo 2.8%. Técnicamente 🟡 trendline_break. Clasificación: descarte.","DEUTSCHE BANK AG              N está un 0.4% por debajo de su máximo 52s. Fundamentalmente aceptable con ROE 8.9%, dividendo 2.8%. Técnicamente 🟡 trendline_break. Clasificación: descarte.",OK,
FRE.DE,Fresenius SE & Co. KGaA       N,EUROSTOXX,1.0,script-v2.0,1.0,2026-09-05T11:49:24.432712+02:00,40.5,32.0,0.0,60.0,0.0,12.0,66.0,61.0,5.0,1010506.0,3.34,-4.1,-0.4,11.65,15.3,0.6595,False,10.0,11.5,False,43.91,-0.6,False,False,False,,pass,descarte,pendiente,0.0,desconocido,Pendiente de implementar,confirmada,"margin_stabilization (media): Margen gross 26.1% vs 26.4% (-0.3 pp) | debt_reduction (alta): Deuda 11419.0M vs 11905.0M | dividend_maintained (baja): Dividendo actual 2.41% con caída del 17.6% | analyst_upgrade (media): Target 55.59 vs precio 43.63 (+27%), recMean 1.50, recKey strong_buy",razonable,descarte,41.69,43.63,41.69 - 43.63,44.01,45.02,44.01 - 45.02,Pérdida del soporte en 41.69 | ROE negativo durante 2 trimestres consecutivos | Ampliación de capital dilutiva | Recorte de rating a bono basura,6-12,"Fresenius SE & Co. KGaA       N está un 17.6% por debajo de su máximo 52s. Fundamentalmente débil con ROE 8.3%, deuda neta/EBITDA 3.3x. Técnicamente 🔵 RSI en sobreventa, 🟢 Volumen creciente. Clasificación: descarte.","Fresenius SE & Co. KGaA       N está un 17.6% por debajo de su máximo 52s. Fundamentalmente débil con ROE 8.3%, deuda neta/EBITDA 3.3x. Técnicamente 🔵 RSI en sobreventa, 🟢 Volumen creciente. Clasificación: descarte.",OK,
AAPL,Apple Inc.,SP500,1.0,script-v2.0,1.0,2026-09-05T11:51:06.514119+02:00,40.5,45.7,98.0,0.0,0.0,12.0,25.0,19.0,6.0,54390470.0,0.13,-0.4,-0.0,27.93,7.1,12.7491,False,56.8,78.0,False,283.7,12.8,False,True,True,,pass,pendiente_confirmacion,pendiente,0.0,desconocido,Pendiente de implementar,confirmada,margin_stabilization (media): Margen gross 50.1% vs 49.3% (+0.8 pp) | eps_stabilization (media): EPS 2.02 vs 2.01 (Diluted EPS) | debt_reduction (alta): Deuda 84344.0M vs 84711.0M | dividend_maintained (baja): Dividendo actual 0.34% con caída del 7.1%,incompleto,pendiente_confirmacion,303.07,314.99,303.07 - 314.99,283.44,292.88,283.44 - 292.88,Pérdida del soporte en 303.07 | ROE negativo durante 2 trimestres consecutivos | Ampliación de capital dilutiva | Recorte de rating a bono basura,6-12,"Apple Inc. está un 7.1% por debajo de su máximo 52s. Fundamentalmente aceptable con ROE 148.8%, deuda neta/EBITDA 0.1x. Técnicamente 🟡 trendline_break. Clasificación: pendiente_confirmacion.","Apple Inc. está un 7.1% por debajo de su máximo 52s. Fundamentalmente aceptable con ROE 148.8%, deuda neta/EBITDA 0.1x. Técnicamente 🟡 trendline_break. Clasificación: pendiente_confirmacion.",OK,
INGA.AS,ING GROEP N.V.,EUROSTOXX,1.0,script-v2.0,1.0,2026-09-05T11:49:50.165494+02:00,40.5,40.3,76.0,9.0,0.0,4.0,41.0,35.0,6.0,6072383.0,,43.3,,,0.2,2.081,False,98.0,97.1,False,25.22,26.9,False,True,False,Sin señales de recuperación,pass,descarte,pendiente,0.0,desconocido,Pendiente de implementar,ausente,eps_stabilization (media): EPS 0.54 vs 0.48 (Diluted EPS) | dividend_maintained (baja): Dividendo actual 3.56% con caída del 0.2%,incompleto,descarte,29.44,30.15,29.44 - 30.15,25.1,27.24,25.10 - 27.24,Pérdida del soporte en 30.15 | ROE negativo durante 2 trimestres consecutivos | Ampliación de capital dilutiva | Recorte de rating a bono basura,6-12,"ING GROEP N.V. está un 0.2% por debajo de su máximo 52s. Fundamentalmente aceptable con ROE 17.1%, dividendo 3.6%. Técnicamente 🟢 Cruce alcista MACD, 🟡 trendline_break. Clasificación: descarte.","ING GROEP N.V. está un 0.2% por debajo de su máximo 52s. Fundamentalmente aceptable con ROE 17.1%, dividendo 3.6%. Técnicamente 🟢 Cruce alcista MACD, 🟡 trendline_break. Clasificación: descarte.",OK,
KO,Coca-Cola Company (The),SP500,1.0,script-v2.0,1.0,2026-09-05T11:50:20.519462+02:00,40.3,43.4,93.0,0.0,0.0,7.0,31.0,25.0,6.0,17419585.0,1.64,0.8,0.0,24.06,4.8,3.6627,False,7.1,22.2,False,78.33,12.4,False,True,True,,pass,pendiente_confirmacion,pendiente,0.0,desconocido,Pendiente de implementar,parcial,margin_stabilization (media): Margen gross 62.9% vs 63.0% (-0.1 pp) | eps_stabilization (media): EPS 1.03 vs 0.91 (Diluted EPS) | dividend_maintained (baja): Dividendo actual 2.41% con caída del 4.8%,incompleto,pendiente_confirmacion,86.07,86.35,86.07 - 86.35,77.89,78.62,77.89 - 78.62,Pérdida del soporte en 86.35 | ROE negativo durante 2 trimestres consecutivos | Ampliación de capital dilutiva | Recorte de rating a bono basura,6-12,"Coca-Cola Company (The) está un 4.8% por debajo de su máximo 52s. Fundamentalmente aceptable con ROE 42.1%, deuda neta/EBITDA 1.6x. Técnicamente 🟢 Cerca de soporte, 🟡 trendline_break. Clasificación: pendiente_confirmacion.","Coca-Cola Company (The) está un 4.8% por debajo de su máximo 52s. Fundamentalmente aceptable con ROE 42.1%, deuda neta/EBITDA 1.6x. Técnicamente 🟢 Cerca de soporte, 🟡 trendline_break. Clasificación: pendiente_confirmacion.",OK,
MSFT,Microsoft Corporation,SP500,1.0,script-v2.0,1.0,2026-09-05T11:51:07.009522+02:00,40.3,42.5,91.0,0.0,0.0,7.0,34.0,16.0,18.0,37048623.0,0.27,126.1,-0.0,19.37,9.1,18.4612,False,56.5,62.5,False,427.39,16.9,True,True,True,,pass,pendiente_confirmacion,pendiente,0.0,desconocido,Pendiente de implementar,parcial,margin_stabilization (media): Margen gross 67.2% vs 67.6% (-0.4 pp) | eps_stabilization (media): EPS 4.81 vs 4.27 (Diluted EPS) | dividend_maintained (baja): Dividendo actual 0.73% con caída del 9.8%,incompleto,pendiente_confirmacion,443.56,492.2,443.56 - 492.20,429.37,470.66,429.37 - 470.66,Pérdida del soporte en 492.20 | ROE negativo durante 2 trimestres consecutivos | Ampliación de capital dilutiva | Recorte de rating a bono basura,6-12,"Microsoft Corporation está un 9.8% por debajo de su máximo 52s. Fundamentalmente aceptable con ROE 34.0%, deuda neta/EBITDA 0.3x. Técnicamente 🟢 Cerca de soporte, 🟢 base_pattern_detected. Clasificación: pendiente_confirmacion.","Microsoft Corporation está un 9.8% por debajo de su máximo 52s. Fundamentalmente aceptable con ROE 34.0%, deuda neta/EBITDA 0.3x. Técnicamente 🟢 Cerca de soporte, 🟢 base_pattern_detected. Clasificación: pendiente_confirmacion.",OK,
F,Ford Motor Company,SP500,1.0,script-v2.0,1.0,2026-09-05T11:51:04.069286+02:00,40.0,37.7,42.0,34.0,0.0,1.0,47.0,35.0,12.0,49621125.0,18.47,2.4,5.0,26.1,16.9,0.4188,False,97.8,76.9,False,13.33,9.6,True,False,False,Sin señales de recuperación,pass,descarte,pendiente,0.0,desconocido,Pendiente de implementar,ausente,dividend_maintained (baja): Dividendo actual 4.10% con caída del 17.8%,razonable,descarte,13.72,14.02,13.72 - 14.02,13.23,15.11,13.23 - 15.11,Pérdida del soporte en 13.72 | ROE negativo durante 2 trimestres consecutivos | Ampliación de capital dilutiva | Recorte de rating a bono basura,6-12,"Ford Motor Company está un 17.8% por debajo de su máximo 52s. Fundamentalmente débil con ROE -18.3%, deuda neta/EBITDA 18.5x. Técnicamente 🟢 Cruce alcista MACD, 🟢 base_pattern_detected. Clasificación: descarte.","Ford Motor Company está un 17.8% por debajo de su máximo 52s. Fundamentalmente débil con ROE -18.3%, deuda neta/EBITDA 18.5x. Técnicamente 🟢 Cruce alcista MACD, 🟢 base_pattern_detected. Clasificación: descarte.",OK,
8411.T,MIZUHO FINANCIAL GROUP,ASIA,1.0,script-v2.0,1.0,2026-09-05T11:51:28.808342+02:00,39.8,39.3,74.0,9.0,0.0,1.0,41.0,35.0,6.0,9453695.0,,182.3,,,1.3,569.1759,False,87.1,84.0,False,7106.91,23.5,False,True,False,Sin señales de recuperación,pass,descarte,pendiente,0.0,desconocido,Pendiente de implementar,ausente,dividend_maintained (baja): Dividendo actual 1.71% con caída del 1.3%,incompleto,descarte,7762.89,8302.9,7762.89 - 8302.90,6962.96,7559.9,6962.96 - 7559.90,Pérdida del soporte en 7762.89 | ROE negativo durante 2 trimestres consecutivos | Ampliación de capital dilutiva | Recorte de rating a bono basura,6-12,"MIZUHO FINANCIAL GROUP está un 1.3% por debajo de su máximo 52s. Fundamentalmente débil con ROE 12.5%, dividendo 1.7%. Técnicamente 🟢 Cruce alcista MACD, 🟡 trendline_break. Clasificación: descarte.","MIZUHO FINANCIAL GROUP está un 1.3% por debajo de su máximo 52s. Fundamentalmente débil con ROE 12.5%, dividendo 1.7%. Técnicamente 🟢 Cruce alcista MACD, 🟡 trendline_break. Clasificación: descarte.",OK,
JPM,JP Morgan Chase & Co.,SP500,1.0,script-v2.0,1.0,2026-09-05T11:50:36.185856+02:00,39.5,40.7,77.0,9.0,0.0,4.0,36.0,30.0,6.0,8211035.0,,159.9,,,2.1,15.2217,False,62.7,58.8,False,317.08,13.1,False,True,False,Sin señales de recuperación,pass,descarte,pendiente,0.0,desconocido,Pendiente de implementar,ausente,eps_stabilization (media): EPS 7.70 vs 5.94 (Diluted EPS) | dividend_maintained (baja): Dividendo actual 1.67% con caída del 2.1%,incompleto,descarte,340.89,349.63,340.89 - 349.63,311.52,316.32,311.52 - 316.32,Pérdida del soporte en 340.89 | ROE negativo durante 2 trimestres consecutivos | Ampliación de capital dilutiva | Recorte de rating a bono basura,6-12,"JP Morgan Chase & Co. está un 2.1% por debajo de su máximo 52s. Fundamentalmente aceptable con ROE 17.8%, dividendo 1.7%. Técnicamente 🟡 MACD convergiendo, 🟢 Cerca de soporte. Clasificación: descarte.","JP Morgan Chase & Co. está un 2.1% por debajo de su máximo 52s. Fundamentalmente aceptable con ROE 17.8%, dividendo 1.7%. Técnicamente 🟡 MACD convergiendo, 🟢 Cerca de soporte. Clasificación: descarte.",OK,
ULVR.L,UNILEVER PLC ORD 3.5P,EUROSTOXX,1.0,script-v2.0,1.0,2026-09-05T11:50:11.163336+02:00,39.4,39.5,80.0,4.0,0.0,1.0,39.0,28.0,11.0,3849998.0,2.41,4.7,,12.03,14.0,22.4669,False,75.9,74.9,False,4661.29,2.2,False,True,False,Sin señales de recuperación,pass,descarte,pendiente,0.0,desconocido,Pendiente de implementar,ausente,dividend_maintained (baja): Dividendo actual 0.03% con caída del 14.1%,incompleto,descarte,4667.67,4690.5,4667.67 - 4690.50,4665.83,4710.79,4665.83 - 4710.79,Pérdida del soporte en 4690.50 | ROE negativo durante 2 trimestres consecutivos | Ampliación de capital dilutiva | Recorte de rating a bono basura,6-12,"UNILEVER PLC ORD 3.5P está un 14.1% por debajo de su máximo 52s. Fundamentalmente débil con ROE 31.9%, deuda neta/EBITDA 2.4x. Técnicamente 🟢 Cerca de soporte, 🟡 Apoyo en MA40 semanal. Clasificación: descarte.","UNILEVER PLC ORD 3.5P está un 14.1% por debajo de su máximo 52s. Fundamentalmente débil con ROE 31.9%, deuda neta/EBITDA 2.4x. Técnicamente 🟢 Cerca de soporte, 🟡 Apoyo en MA40 semanal. Clasificación: descarte.",OK,
7267.T,HONDA MOTOR CO,ASIA,1.0,script-v2.0,1.0,2026-09-05T11:51:34.273401+02:00,39.4,43.5,52.0,36.0,0.0,7.0,27.0,21.0,6.0,17688447.0,6.92,225.1,0.1,12.28,3.7,74.0234,False,41.9,49.5,False,1481.21,14.5,False,True,True,,pass,pendiente_confirmacion,pendiente,0.0,desconocido,Pendiente de implementar,parcial,margin_stabilization (media): Margen gross 22.2% vs 6.4% (+15.8 pp) | eps_stabilization (media): EPS 115.84 vs 46.80 (Diluted EPS) | dividend_maintained (baja): Dividendo actual 4.13% con caída del 3.7%,incompleto,pendiente_confirmacion,1608.39,1655.0,1608.39 - 1655.00,1478.7,1498.12,1478.70 - 1498.12,Pérdida del soporte en 1655.00 | ROE negativo durante 2 trimestres consecutivos | Ampliación de capital dilutiva | Recorte de rating a bono basura,6-12,"HONDA MOTOR CO está un 3.7% por debajo de su máximo 52s. Fundamentalmente aceptable con ROE -0.8%, deuda neta/EBITDA 6.9x. Técnicamente 🟢 Cerca de soporte, 🟡 trendline_break. Clasificación: pendiente_confirmacion.","HONDA MOTOR CO está un 3.7% por debajo de su máximo 52s. Fundamentalmente aceptable con ROE -0.8%, deuda neta/EBITDA 6.9x. Técnicamente 🟢 Cerca de soporte, 🟡 trendline_break. Clasificación: pendiente_confirmacion.",OK,
CL,Colgate-Palmolive Company,SP500,1.0,script-v2.0,1.0,2026-09-05T11:50:26.560671+02:00,39.2,38.6,77.0,5.0,0.0,12.0,41.0,36.0,5.0,4725056.0,1.29,-1.5,0.0,15.55,14.9,1.2754,False,2.6,16.8,False,87.58,1.4,False,False,False,,pass,descarte,pendiente,0.0,desconocido,Pendiente de implementar,confirmada,margin_stabilization (media): Margen gross 61.5% vs 60.6% (+0.9 pp) | eps_stabilization (media): EPS 0.86 vs 0.80 (Diluted EPS) | debt_reduction (alta): Deuda 7857.0M vs 7973.0M | dividend_maintained (baja): Dividendo actual 2.39% con caída del 10.6%,incompleto,descarte,86.41,88.77,86.41 - 88.77,84.43,86.94,84.43 - 86.94,Pérdida del soporte en 86.41 | ROE negativo durante 2 trimestres consecutivos | Ampliación de capital dilutiva | Recorte de rating a bono basura,6-12,"Colgate-Palmolive Company está un 10.6% por debajo de su máximo 52s. Fundamentalmente débil con ROE 267.4%, deuda neta/EBITDA 1.3x. Técnicamente 🟢 Cerca de soporte, 🟡 Apoyo en MA40 semanal. Clasificación: descarte.","Colgate-Palmolive Company está un 10.6% por debajo de su máximo 52s. Fundamentalmente débil con ROE 267.4%, deuda neta/EBITDA 1.3x. Técnicamente 🟢 Cerca de soporte, 🟡 Apoyo en MA40 semanal. Clasificación: descarte.",OK,
HSBA.L,HSBC HOLDINGS PLC ORD $0.50 (UK,EUROSTOXX,1.0,script-v2.0,1.0,2026-09-05T11:50:11.891315+02:00,38.9,39.9,66.0,17.0,0.0,4.0,36.0,30.0,6.0,23324961.0,,723.2,,,1.8,83.0704,False,98.2,94.1,False,1337.99,18.1,False,True,False,Sin señales de recuperación,pass,descarte,pendiente,0.0,desconocido,Pendiente de implementar,ausente,eps_stabilization (media): EPS 0.40 vs 0.39 (Diluted EPS) | dividend_maintained (baja): Dividendo actual 0.04% con caída del 1.9%,incompleto,descarte,1463.9,1510.44,1463.90 - 1510.44,1323.39,1368.5,1323.39 - 1368.50,Pérdida del soporte en 1463.90 | ROE negativo durante 2 trimestres consecutivos | Ampliación de capital dilutiva | Recorte de rating a bono basura,6-12,"HSBC HOLDINGS PLC ORD $0.50 (UK está un 1.9% por debajo de su máximo 52s. Fundamentalmente débil con ROE 13.1%, dividendo 0.0%. Técnicamente 🟢 Cruce alcista MACD, 🟡 trendline_break. Clasificación: descarte.","HSBC HOLDINGS PLC ORD $0.50 (UK está un 1.9% por debajo de su máximo 52s. Fundamentalmente débil con ROE 13.1%, dividendo 0.0%. Técnicamente 🟢 Cruce alcista MACD, 🟡 trendline_break. Clasificación: descarte.",OK,
TCL.AX,TRANSURBAN STAPLED [TCL],ASX,1.0,script-v2.0,1.0,2026-09-05T11:51:17.241031+02:00,38.5,30.3,42.0,20.0,0.0,1.0,63.0,52.0,11.0,5377294.0,8.2,,,26.78,9.9,0.0379,False,10.7,7.2,True,14.04,-2.0,False,False,False,Sin señales de recuperación,pass,descarte,pendiente,0.0,desconocido,Pendiente de implementar,ausente,dividend_maintained (baja): Dividendo actual 5.09% con caída del 11.9%,razonable,descarte,13.07,13.76,13.07 - 13.76,13.28,14.05,13.28 - 14.05,Pérdida del soporte en 13.07 | ROE negativo durante 2 trimestres consecutivos | Ampliación de capital dilutiva | Recorte de rating a bono basura,6-12,"TRANSURBAN STAPLED [TCL] está un 11.9% por debajo de su máximo 52s. Fundamentalmente débil con ROE 5.0%, deuda neta/EBITDA 8.2x. Técnicamente 🟢 Cruce alcista MACD, 🟢 Estocástico sale de sobreventa. Clasificación: descarte.","TRANSURBAN STAPLED [TCL] está un 11.9% por debajo de su máximo 52s. Fundamentalmente débil con ROE 5.0%, deuda neta/EBITDA 8.2x. Técnicamente 🟢 Cruce alcista MACD, 🟢 Estocástico sale de sobreventa. Clasificación: descarte.",OK,
ISP.MI,INTESA SANPAOLO,EUROSTOXX,1.0,script-v2.0,1.0,2026-09-05T11:49:54.974296+02:00,38.4,37.5,70.0,9.0,0.0,4.0,41.0,35.0,6.0,53536409.0,,90.6,,,2.9,0.3615,False,36.0,26.3,False,5.81,15.9,False,True,False,Sin señales de recuperación,pass,descarte,pendiente,0.0,desconocido,Pendiente de implementar,ausente,eps_stabilization (media): EPS 0.16 vs 0.16 (Diluted EPS) | dividend_maintained (baja): Dividendo actual 5.64% con caída del 2.9%,incompleto,descarte,6.54,6.7,6.54 - 6.70,5.8,5.9,5.80 - 5.90,Pérdida del soporte en 6.70 | ROE negativo durante 2 trimestres consecutivos | Ampliación de capital dilutiva | Recorte de rating a bono basura,6-12,"INTESA SANPAOLO está un 2.9% por debajo de su máximo 52s. Fundamentalmente débil con ROE 14.3%, dividendo 5.6%. Técnicamente 🟡 MACD convergiendo, 🟢 Cerca de soporte. Clasificación: descarte.","INTESA SANPAOLO está un 2.9% por debajo de su máximo 52s. Fundamentalmente débil con ROE 14.3%, dividendo 5.6%. Técnicamente 🟡 MACD convergiendo, 🟢 Cerca de soporte. Clasificación: descarte.",OK,
4502.T,TAKEDA PHARMACEUTICAL CO LTD,ASIA,1.0,script-v2.0,1.0,2026-09-05T11:51:31.151767+02:00,38.3,36.8,56.0,20.0,0.0,4.0,43.0,25.0,18.0,3987906.0,4.06,13.4,-1.0,11.34,4.6,163.723,False,60.3,79.2,False,5303.06,8.5,True,True,False,Sin señales de recuperación,pass,descarte,pendiente,0.0,desconocido,Pendiente de implementar,ausente,margin_stabilization (media): Margen gross 66.7% vs 62.9% (+3.7 pp) | dividend_maintained (baja): Dividendo actual 3.55% con caída del 4.6%,incompleto,descarte,5540.52,5570.27,5540.52 - 5570.27,5128.05,5228.64,5128.05 - 5228.64,Pérdida del soporte en 5570.27 | ROE negativo durante 2 trimestres consecutivos | Ampliación de capital dilutiva | Recorte de rating a bono basura,6-12,"TAKEDA PHARMACEUTICAL CO LTD está un 4.6% por debajo de su máximo 52s. Fundamentalmente débil con ROE -2.3%, deuda neta/EBITDA 4.1x. Técnicamente 🟢 Cerca de soporte, 🟢 base_pattern_detected. Clasificación: descarte.","TAKEDA PHARMACEUTICAL CO LTD está un 4.6% por debajo de su máximo 52s. Fundamentalmente débil con ROE -2.3%, deuda neta/EBITDA 4.1x. Técnicamente 🟢 Cerca de soporte, 🟢 base_pattern_detected. Clasificación: descarte.",OK,
LLOY.L,LLOYDS BANKING GROUP PLC ORD 10,EUROSTOXX,1.0,script-v2.0,1.0,2026-09-05T11:50:12.119412+02:00,38.0,38.9,64.0,17.0,0.0,4.0,35.0,35.0,0.0,141143049.0,,66.3,,,4.5,4.3325,False,56.3,46.0,False,103.03,9.3,False,False,False,Sin señales de recuperación,pass,descarte,pendiente,0.0,desconocido,Pendiente de implementar,ausente,eps_stabilization (media): EPS 0.02 vs 0.02 (Diluted EPS) | dividend_maintained (baja): Dividendo actual 0.04% con caída del 4.5%,incompleto,descarte,109.82,112.6,109.82 - 112.60,100.22,102.66,100.22 - 102.66,Pérdida del soporte en 109.82 | ROE negativo durante 2 trimestres consecutivos | Ampliación de capital dilutiva | Recorte de rating a bono basura,6-12,"LLOYDS BANKING GROUP PLC ORD 10 está un 4.5% por debajo de su máximo 52s. Fundamentalmente débil con ROE 11.3%, dividendo 0.0%. Técnicamente 🟡 MACD convergiendo, 🟢 Cerca de soporte. Clasificación: descarte.","LLOYDS BANKING GROUP PLC ORD 10 está un 4.5% por debajo de su máximo 52s. Fundamentalmente débil con ROE 11.3%, dividendo 0.0%. Técnicamente 🟡 MACD convergiendo, 🟢 Cerca de soporte. Clasificación: descarte.",OK,
ASML.AS,ASML HOLDING,EUROSTOXX,1.0,script-v2.0,1.0,2026-09-05T11:49:48.997713+02:00,37.6,41.8,77.0,11.0,0.0,15.0,25.0,25.0,0.0,686186.0,-0.41,-26.7,0.0,41.37,15.6,89.5217,False,34.8,19.4,False,1296.1,13.2,False,False,True,,pass,pendiente_confirmacion,pendiente,0.0,desconocido,Pendiente de implementar,confirmada,"margin_stabilization (media): Margen gross 54.0% vs 53.0% (+1.0 pp) | eps_stabilization (media): EPS 7.58 vs 7.15 (Diluted EPS) | debt_reduction (alta): Deuda 1984.4M vs 2705.6M | dividend_maintained (baja): Dividendo actual 0.53% con caída del 15.7% | analyst_upgrade (media): Target 2041.85 vs precio 1467.40 (+39%), recMean 1.40, recKey strong_buy",incompleto,pendiente_confirmacion,1362.76,1467.4,1362.76 - 1467.40,1280.75,1479.85,1280.75 - 1479.85,Pérdida del soporte en 1362.76 | ROE negativo durante 2 trimestres consecutivos | Ampliación de capital dilutiva | Recorte de rating a bono basura,6-12,"ASML HOLDING está un 15.7% por debajo de su máximo 52s. Fundamentalmente aceptable con ROE 53.9%, deuda neta/EBITDA -0.4x. Técnicamente 🟡 MACD convergiendo. Clasificación: pendiente_confirmacion.","ASML HOLDING está un 15.7% por debajo de su máximo 52s. Fundamentalmente aceptable con ROE 53.9%, deuda neta/EBITDA -0.4x. Técnicamente 🟡 MACD convergiendo. Clasificación: pendiente_confirmacion.",OK,
MMM,3M Company,SP500,1.0,script-v2.0,1.0,2026-09-05T11:50:21.976156+02:00,37.2,35.9,77.0,0.0,0.0,7.0,41.0,41.0,0.0,3463327.0,1.21,4.8,0.1,14.62,8.4,5.9393,False,16.4,11.9,False,159.18,5.9,False,False,False,,pass,descarte,pendiente,0.0,desconocido,Pendiente de implementar,parcial,margin_stabilization (media): Margen gross 41.3% vs 40.7% (+0.5 pp) | eps_stabilization (media): EPS 1.78 vs 1.23 (Diluted EPS) | dividend_maintained (baja): Dividendo actual 1.85% con caída del 8.8%,incompleto,descarte,167.59,168.56,167.59 - 168.56,157.16,159.49,157.16 - 159.49,Pérdida del soporte en 167.59 | ROE negativo durante 2 trimestres consecutivos | Ampliación de capital dilutiva | Recorte de rating a bono basura,6-12,"3M Company está un 8.8% por debajo de su máximo 52s. Fundamentalmente débil con ROE 81.9%, deuda neta/EBITDA 1.2x. Técnicamente 🟡 MACD convergiendo, 🟢 Cerca de soporte. Clasificación: descarte.","3M Company está un 8.8% por debajo de su máximo 52s. Fundamentalmente débil con ROE 81.9%, deuda neta/EBITDA 1.2x. Técnicamente 🟡 MACD convergiendo, 🟢 Cerca de soporte. Clasificación: descarte.",OK,
UNA.AS,UNILEVER PLC,EUROSTOXX,1.0,script-v2.0,1.0,2026-09-05T11:49:52.202962+02:00,37.2,36.7,74.0,4.0,0.0,4.0,39.0,33.0,6.0,1129781.0,2.41,4.7,,13.59,10.2,0.8733,False,71.1,70.2,False,53.08,4.5,False,True,False,Sin señales de recuperación,pass,descarte,pendiente,0.0,desconocido,Pendiente de implementar,ausente,eps_stabilization (media): EPS 4.32 vs 2.58 (annual_eps_fallback) | dividend_maintained (baja): Dividendo actual 3.44% con caída del 12.5%,incompleto,descarte,53.12,54.43,53.12 - 54.43,53.02,53.88,53.02 - 53.88,Pérdida del soporte en 53.12 | ROE negativo durante 2 trimestres consecutivos | Ampliación de capital dilutiva | Recorte de rating a bono basura,6-12,"UNILEVER PLC está un 12.5% por debajo de su máximo 52s. Fundamentalmente débil con ROE 31.9%, deuda neta/EBITDA 2.4x. Técnicamente 🟢 Cerca de soporte, 🟡 trendline_break. Clasificación: descarte.","UNILEVER PLC está un 12.5% por debajo de su máximo 52s. Fundamentalmente débil con ROE 31.9%, deuda neta/EBITDA 2.4x. Técnicamente 🟢 Cerca de soporte, 🟡 trendline_break. Clasificación: descarte.",OK,
SUN.AX,SUNCORP FPO [SUN],ASX,1.0,script-v2.0,1.0,2026-09-05T11:51:21.664436+02:00,37.1,42.5,90.0,1.0,0.0,4.0,21.0,15.0,6.0,2911152.0,0.96,,,13.63,15.4,0.575,False,85.6,82.6,False,16.83,15.1,False,True,False,Sin señales de recuperación | Sin suelo técnico identificado,pass,descarte,pendiente,0.0,desconocido,Pendiente de implementar,ausente,eps_stabilization (media): EPS 1.59 vs 1.04 (annual_eps_fallback) | dividend_maintained (baja): Dividendo actual 3.56% con caída del 9.6%,sin_suelo,descarte,18.01,18.59,18.01 - 18.59,16.83,18.22,16.83 - 18.22,Pérdida del soporte en 18.01 | ROE negativo durante 2 trimestres consecutivos | Ampliación de capital dilutiva | Recorte de rating a bono basura,6-12,"SUNCORP FPO [SUN] está un 9.6% por debajo de su máximo 52s. Fundamentalmente aceptable con ROE 10.1%, deuda neta/EBITDA 1.0x. Técnicamente 🟡 trendline_break. Clasificación: descarte.","SUNCORP FPO [SUN] está un 9.6% por debajo de su máximo 52s. Fundamentalmente aceptable con ROE 10.1%, deuda neta/EBITDA 1.0x. Técnicamente 🟡 trendline_break. Clasificación: descarte.",OK,
PM,Philip Morris International Inc,SP500,1.0,script-v2.0,1.0,2026-09-05T11:50:59.713353+02:00,36.8,39.0,71.0,11.0,0.0,12.0,30.0,18.0,12.0,4960383.0,2.39,-5.4,-0.0,18.29,12.1,5.6408,False,2.1,15.6,False,173.8,5.0,True,False,False,,pass,descarte,pendiente,0.0,desconocido,Pendiente de implementar,confirmada,margin_stabilization (media): Margen gross 68.4% vs 68.1% (+0.4 pp) | eps_stabilization (media): EPS 1.80 vs 1.56 (Diluted EPS) | debt_reduction (alta): Deuda 49139.0M vs 51948.0M | dividend_maintained (baja): Dividendo actual 3.22% con caída del 12.1%,incompleto,descarte,172.54,182.53,172.54 - 182.53,172.58,176.6,172.58 - 176.60,Pérdida del soporte en 172.54 | ROE negativo durante 2 trimestres consecutivos | Ampliación de capital dilutiva | Recorte de rating a bono basura,6-12,"Philip Morris International Inc está un 12.1% por debajo de su máximo 52s. Fundamentalmente débil con deuda neta/EBITDA 2.4x, dividendo 3.2%. Técnicamente 🟢 base_pattern_detected. Clasificación: descarte.","Philip Morris International Inc está un 12.1% por debajo de su máximo 52s. Fundamentalmente débil con deuda neta/EBITDA 2.4x, dividendo 3.2%. Técnicamente 🟢 base_pattern_detected. Clasificación: descarte.",OK,
D05.SI,DBS,ASIA,1.0,script-v2.0,1.0,2026-09-05T11:51:52.290475+02:00,36.0,35.9,77.0,0.0,0.0,4.0,36.0,30.0,6.0,4587733.0,,184.1,,,0.5,5.6978,False,89.9,88.0,False,61.05,28.8,False,True,False,Sin señales de recuperación,pass,descarte,pendiente,0.0,desconocido,Pendiente de implementar,ausente,eps_stabilization (media): EPS 1.03 vs 1.02 (Diluted EPS) | dividend_maintained (baja): Dividendo actual 4.04% con caída del 0.5%,incompleto,descarte,72.8,72.82,72.80 - 72.82,60.54,67.19,60.54 - 67.19,Pérdida del soporte en 72.82 | ROE negativo durante 2 trimestres consecutivos | Ampliación de capital dilutiva | Recorte de rating a bono basura,6-12,"DBS está un 0.5% por debajo de su máximo 52s. Fundamentalmente débil con ROE 16.2%, dividendo 4.0%. Técnicamente 🟢 Cruce alcista MACD, 🟡 trendline_break. Clasificación: descarte.","DBS está un 0.5% por debajo de su máximo 52s. Fundamentalmente débil con ROE 16.2%, dividendo 4.0%. Técnicamente 🟢 Cruce alcista MACD, 🟡 trendline_break. Clasificación: descarte.",OK,
BAC,Bank of America Corporation,SP500,1.0,script-v2.0,1.0,2026-09-05T11:50:36.680779+02:00,35.9,38.9,73.0,9.0,0.0,4.0,27.0,21.0,6.0,32527664.0,,115.6,,,3.4,3.1153,False,57.1,46.8,False,54.44,15.1,False,True,False,Sin señales de recuperación,pass,descarte,pendiente,0.0,desconocido,Pendiente de implementar,ausente,eps_stabilization (media): EPS 1.21 vs 1.11 (Diluted EPS) | dividend_maintained (baja): Dividendo actual 2.04% con caída del 3.9%,incompleto,descarte,59.23,61.31,59.23 - 61.31,54.29,55.45,54.29 - 55.45,Pérdida del soporte en 59.23 | ROE negativo durante 2 trimestres consecutivos | Ampliación de capital dilutiva | Recorte de rating a bono basura,6-12,"Bank of America Corporation está un 3.9% por debajo de su máximo 52s. Fundamentalmente débil con ROE 11.2%, dividendo 2.0%. Técnicamente 🟡 MACD convergiendo, 🟡 trendline_break. Clasificación: descarte.","Bank of America Corporation está un 3.9% por debajo de su máximo 52s. Fundamentalmente débil con ROE 11.2%, dividendo 2.0%. Técnicamente 🟡 MACD convergiendo, 🟡 trendline_break. Clasificación: descarte.",OK,
SJM,The J.M. Smucker Company,SP500,1.0,script-v2.0,1.0,2026-09-05T11:51:02.183391+02:00,35.8,41.7,71.0,16.0,0.0,12.0,18.0,12.0,6.0,1531147.0,3.05,-6.9,4.7,9.0,7.2,6.5952,False,43.8,59.8,False,105.6,19.4,False,True,False,Sin suelo técnico identificado,pass,descarte,pendiente,0.0,desconocido,Pendiente de implementar,confirmada,margin_stabilization (media): Margen gross 38.0% vs 35.4% (+2.6 pp) | eps_stabilization (media): EPS 3.64 vs -6.79 (Diluted EPS) | debt_reduction (alta): Deuda 6940.2M vs 7454.3M | dividend_maintained (baja): Dividendo actual 3.55% con caída del 7.2%,sin_suelo,descarte,113.63,118.75,113.63 - 118.75,104.96,115.51,104.96 - 115.51,Pérdida del soporte en 113.63 | ROE negativo durante 2 trimestres consecutivos | Ampliación de capital dilutiva | Recorte de rating a bono basura,6-12,"The J.M. Smucker Company está un 7.2% por debajo de su máximo 52s. Fundamentalmente aceptable con ROE 3.9%, deuda neta/EBITDA 3.0x. Técnicamente 🟡 trendline_break. Clasificación: descarte.","The J.M. Smucker Company está un 7.2% por debajo de su máximo 52s. Fundamentalmente aceptable con ROE 3.9%, deuda neta/EBITDA 3.0x. Técnicamente 🟡 trendline_break. Clasificación: descarte.",OK,
AMGN,Amgen Inc.,SP500,1.0,script-v2.0,1.0,2026-09-05T11:50:51.974222+02:00,35.8,36.4,78.0,0.0,0.0,12.0,34.0,16.0,18.0,2673777.0,2.51,-0.0,2.4,16.2,2.2,24.7407,False,65.9,82.6,False,355.82,22.9,True,True,False,,pass,descarte,pendiente,0.0,desconocido,Pendiente de implementar,confirmada,margin_stabilization (media): Margen gross 72.0% vs 68.2% (+3.9 pp) | eps_stabilization (media): EPS 4.37 vs 3.34 (Diluted EPS) | debt_reduction (alta): Deuda 57304.0M vs 57323.0M | dividend_maintained (baja): Dividendo actual 2.31% con caída del 2.2%,incompleto,descarte,395.32,426.0,395.32 - 426.00,354.22,379.98,354.22 - 379.98,Pérdida del soporte en 426.00 | ROE negativo durante 2 trimestres consecutivos | Ampliación de capital dilutiva | Recorte de rating a bono basura,6-12,"Amgen Inc. está un 2.2% por debajo de su máximo 52s. Fundamentalmente débil con ROE 91.5%, deuda neta/EBITDA 2.5x. Técnicamente 🟢 Cerca de soporte, 🟢 base_pattern_detected. Clasificación: descarte.","Amgen Inc. está un 2.2% por debajo de su máximo 52s. Fundamentalmente débil con ROE 91.5%, deuda neta/EBITDA 2.5x. Técnicamente 🟢 Cerca de soporte, 🟢 base_pattern_detected. Clasificación: descarte.",OK,
6861.T,KEYENCE CORP,ASIA,1.0,script-v2.0,1.0,2026-09-05T11:51:33.018296+02:00,35.6,37.8,73.0,7.0,0.0,4.0,29.0,23.0,6.0,634560.0,-2.33,,,28.42,11.6,4451.034,False,8.6,5.3,True,68247.52,13.9,False,False,False,Sin señales de recuperación,pass,descarte,pendiente,0.0,desconocido,Pendiente de implementar,ausente,"dividend_maintained (baja): Dividendo actual 0.71% con caída del 11.6% | analyst_upgrade (media): Target 97366.66 vs precio 77720.00 (+25%), recMean 1.60, recKey buy",incompleto,descarte,73615.0,77720.0,73615.00 - 77720.00,67037.16,74732.0,67037.16 - 74732.00,Pérdida del soporte en 73615.00 | ROE negativo durante 2 trimestres consecutivos | Ampliación de capital dilutiva | Recorte de rating a bono basura,6-12,"KEYENCE CORP está un 11.6% por debajo de su máximo 52s. Fundamentalmente débil con deuda neta/EBITDA -2.3x, dividendo 0.7%. Técnicamente 🟢 Estocástico sale de sobreventa. Clasificación: descarte.","KEYENCE CORP está un 11.6% por debajo de su máximo 52s. Fundamentalmente débil con deuda neta/EBITDA -2.3x, dividendo 0.7%. Técnicamente 🟢 Estocástico sale de sobreventa. Clasificación: descarte.",OK,
ABBV,AbbVie Inc.,SP500,1.0,script-v2.0,1.0,2026-09-05T11:50:22.815907+02:00,35.3,38.1,69.0,11.0,0.0,12.0,27.0,21.0,6.0,6404939.0,2.09,-2.7,1.4,16.82,4.1,11.5639,False,28.2,54.9,False,226.0,13.5,False,True,False,,pass,descarte,pendiente,0.0,desconocido,Pendiente de implementar,confirmada,margin_stabilization (media): Margen gross 74.7% vs 71.9% (+2.9 pp) | eps_stabilization (media): EPS 2.03 vs 0.39 (Diluted EPS) | debt_reduction (alta): Deuda 70885.0M vs 72858.0M | dividend_maintained (baja): Dividendo actual 2.70% con caída del 4.1%,incompleto,descarte,246.61,254.05,246.61 - 254.05,225.8,227.35,225.80 - 227.35,Pérdida del soporte en 246.61 | ROE negativo durante 2 trimestres consecutivos | Ampliación de capital dilutiva | Recorte de rating a bono basura,6-12,"AbbVie Inc. está un 4.1% por debajo de su máximo 52s. Fundamentalmente débil con deuda neta/EBITDA 2.1x, dividendo 2.7%. Técnicamente 🟢 Cerca de soporte, 🟡 trendline_break. Clasificación: descarte.","AbbVie Inc. está un 4.1% por debajo de su máximo 52s. Fundamentalmente débil con deuda neta/EBITDA 2.1x, dividendo 2.7%. Técnicamente 🟢 Cerca de soporte, 🟡 trendline_break. Clasificación: descarte.",OK,
TIT.MI,TELECOM ITALIA,EUROSTOXX,1.0,script-v2.0,1.0,2026-09-05T11:49:57.479943+02:00,34.9,28.1,34.0,23.0,0.0,8.0,55.0,55.0,0.0,10155894.0,2.98,-7.6,5.8,7.75,5.4,0.4226,False,75.7,61.8,False,6.65,16.6,False,False,False,,pass,descarte,pendiente,0.0,desconocido,Pendiente de implementar,parcial,margin_stabilization (media): Margen gross 44.3% vs 43.2% (+1.1 pp) | debt_reduction (alta): Deuda 13523.0M vs 14636.0M,razonable,descarte,7.39,7.71,7.39 - 7.71,6.6,6.96,6.60 - 6.96,Pérdida del soporte en 7.39 | ROE negativo durante 2 trimestres consecutivos | Ampliación de capital dilutiva | Recorte de rating a bono basura,6-12,"TELECOM ITALIA está un 5.4% por debajo de su máximo 52s. Fundamentalmente débil con ROE 3.9%, deuda neta/EBITDA 3.0x. Técnicamente 🟢 Cruce alcista MACD, 🟢 Volumen creciente. Clasificación: descarte.","TELECOM ITALIA está un 5.4% por debajo de su máximo 52s. Fundamentalmente débil con ROE 3.9%, deuda neta/EBITDA 3.0x. Técnicamente 🟢 Cruce alcista MACD, 🟢 Volumen creciente. Clasificación: descarte.",OK,
ML.PA,MICHELIN,EUROSTOXX,1.0,script-v2.0,1.0,2026-09-05T11:49:40.446429+02:00,34.5,30.9,0.0,58.0,0.0,1.0,45.0,39.0,6.0,1548739.0,1.12,19.5,,1.12,1.6,1.3589,False,86.4,61.7,False,31.13,13.0,False,True,False,Sin señales de recuperación,pass,descarte,pendiente,0.0,desconocido,Pendiente de implementar,ausente,dividend_maintained (baja): Dividendo actual 12.80% con caída del 1.6%,razonable,descarte,33.64,34.61,33.64 - 34.61,30.36,30.93,30.36 - 30.93,Pérdida del soporte en 33.64 | ROE negativo durante 2 trimestres consecutivos | Ampliación de capital dilutiva | Recorte de rating a bono basura,6-12,"MICHELIN está un 1.6% por debajo de su máximo 52s. Fundamentalmente débil con deuda neta/EBITDA 1.1x, dividendo 12.8%. Técnicamente 🟢 Cruce alcista MACD, 🟢 Cerca de soporte. Clasificación: descarte.","MICHELIN está un 1.6% por debajo de su máximo 52s. Fundamentalmente débil con deuda neta/EBITDA 1.1x, dividendo 12.8%. Técnicamente 🟢 Cruce alcista MACD, 🟢 Cerca de soporte. Clasificación: descarte.",OK,
8316.T,SUMITOMO MITSUI FINANCIAL GROUP,ASIA,1.0,script-v2.0,1.0,2026-09-05T11:51:27.793602+02:00,34.4,37.5,70.0,9.0,0.0,1.0,25.0,19.0,6.0,12783909.0,,87.1,,,2.4,433.5491,False,86.3,87.2,False,5873.97,20.6,False,True,False,Sin señales de recuperación,pass,descarte,pendiente,0.0,desconocido,Pendiente de implementar,ausente,dividend_maintained (baja): Dividendo actual 1.91% con caída del 2.4%,incompleto,descarte,6507.83,6797.44,6507.83 - 6797.44,5759.71,6171.0,5759.71 - 6171.00,Pérdida del soporte en 6507.83 | ROE negativo durante 2 trimestres consecutivos | Ampliación de capital dilutiva | Recorte de rating a bono basura,6-12,"SUMITOMO MITSUI FINANCIAL GROUP está un 2.4% por debajo de su máximo 52s. Fundamentalmente débil con ROE 8.6%, dividendo 1.9%. Técnicamente 🟡 trendline_break. Clasificación: descarte.","SUMITOMO MITSUI FINANCIAL GROUP está un 2.4% por debajo de su máximo 52s. Fundamentalmente débil con ROE 8.6%, dividendo 1.9%. Técnicamente 🟡 trendline_break. Clasificación: descarte.",OK,
GPC,Genuine Parts Company,SP500,1.0,script-v2.0,1.0,2026-09-05T11:50:28.169523+02:00,34.2,32.6,63.0,6.0,0.0,12.0,39.0,21.0,18.0,1650316.0,2.97,-0.9,0.7,12.25,6.3,5.9637,False,93.0,81.7,False,118.04,17.0,True,True,False,,pass,descarte,pendiente,0.0,desconocido,Pendiente de implementar,confirmada,margin_stabilization (media): Margen gross 37.8% vs 37.3% (+0.5 pp) | eps_stabilization (media): EPS 1.65 vs 1.37 (Diluted EPS) | debt_reduction (alta): Deuda 6652.8M vs 6713.8M | dividend_maintained (baja): Dividendo actual 3.08% con caída del 8.9%,incompleto,descarte,128.31,130.78,128.31 - 130.78,117.59,128.83,117.59 - 128.83,Pérdida del soporte en 130.78 | ROE negativo durante 2 trimestres consecutivos | Ampliación de capital dilutiva | Recorte de rating a bono basura,6-12,"Genuine Parts Company está un 8.9% por debajo de su máximo 52s. Fundamentalmente débil con ROE 0.7%, deuda neta/EBITDA 3.0x. Técnicamente 🟡 MACD convergiendo, 🟢 base_pattern_detected. Clasificación: descarte.","Genuine Parts Company está un 8.9% por debajo de su máximo 52s. Fundamentalmente débil con ROE 0.7%, deuda neta/EBITDA 3.0x. Técnicamente 🟡 MACD convergiendo, 🟢 base_pattern_detected. Clasificación: descarte.",OK,
O39.SI,OCBC Bank,ASIA,1.0,script-v2.0,1.0,2026-09-05T11:51:53.255267+02:00,33.7,35.9,77.0,0.0,0.0,4.0,27.0,21.0,6.0,6435020.0,,69.9,,,0.9,2.9167,False,87.3,88.1,False,23.07,39.9,False,True,False,Sin señales de recuperación,pass,descarte,pendiente,0.0,desconocido,Pendiente de implementar,ausente,eps_stabilization (media): EPS 0.44 vs 0.42 (Diluted EPS) | dividend_maintained (baja): Dividendo actual 2.91% con caída del 0.9%,incompleto,descarte,28.84,30.53,28.84 - 30.53,22.75,27.68,22.75 - 27.68,Pérdida del soporte en 30.53 | ROE negativo durante 2 trimestres consecutivos | Ampliación de capital dilutiva | Recorte de rating a bono basura,6-12,"OCBC Bank está un 0.9% por debajo de su máximo 52s. Fundamentalmente débil con ROE 12.7%, dividendo 2.9%. Técnicamente 🟡 MACD convergiendo, 🟡 trendline_break. Clasificación: descarte.","OCBC Bank está un 0.9% por debajo de su máximo 52s. Fundamentalmente débil con ROE 12.7%, dividendo 2.9%. Técnicamente 🟡 MACD convergiendo, 🟡 trendline_break. Clasificación: descarte.",OK,
GM,General Motors Company,SP500,1.0,script-v2.0,1.0,2026-09-05T11:51:04.433779+02:00,33.3,30.7,43.0,20.0,0.0,1.0,41.0,35.0,6.0,7073967.0,6.32,0.8,4.4,11.1,4.3,3.2404,False,91.2,64.7,False,79.87,9.9,False,True,False,Sin señales de recuperación,pass,descarte,pendiente,0.0,desconocido,Pendiente de implementar,ausente,dividend_maintained (baja): Dividendo actual 0.82% con caída del 4.5%,incompleto,descarte,83.15,85.06,83.15 - 85.06,78.07,79.51,78.07 - 79.51,Pérdida del soporte en 85.06 | ROE negativo durante 2 trimestres consecutivos | Ampliación de capital dilutiva | Recorte de rating a bono basura,6-12,"General Motors Company está un 4.5% por debajo de su máximo 52s. Fundamentalmente débil con ROE 3.2%, deuda neta/EBITDA 6.3x. Técnicamente 🟡 MACD convergiendo, 🟢 Cerca de soporte. Clasificación: descarte.","General Motors Company está un 4.5% por debajo de su máximo 52s. Fundamentalmente débil con ROE 3.2%, deuda neta/EBITDA 6.3x. Técnicamente 🟡 MACD convergiendo, 🟢 Cerca de soporte. Clasificación: descarte.",OK,
UBSG.SW,UBS GROUP N,EUROSTOXX,1.0,script-v2.0,1.0,2026-09-05T11:50:07.485040+02:00,32.6,33.1,71.0,0.0,0.0,1.0,31.0,25.0,6.0,5472476.0,,74.2,,,0.3,2.941,False,95.0,91.4,False,36.29,23.5,False,True,False,Sin señales de recuperación,pass,descarte,pendiente,0.0,desconocido,Pendiente de implementar,ausente,dividend_maintained (baja): Dividendo actual 1.92% con caída del 0.3%,incompleto,descarte,41.97,42.85,41.97 - 42.85,35.92,38.21,35.92 - 38.21,Pérdida del soporte en 41.97 | ROE negativo durante 2 trimestres consecutivos | Ampliación de capital dilutiva | Recorte de rating a bono basura,6-12,"UBS GROUP N está un 0.3% por debajo de su máximo 52s. Fundamentalmente débil con ROE 10.7%, dividendo 1.9%. Técnicamente 🟢 Volumen creciente, 🟡 trendline_break. Clasificación: descarte.","UBS GROUP N está un 0.3% por debajo de su máximo 52s. Fundamentalmente débil con ROE 10.7%, dividendo 1.9%. Técnicamente 🟢 Volumen creciente, 🟡 trendline_break. Clasificación: descarte.",OK,
MRK,"Merck & Company, Inc.",SP500,1.0,script-v2.0,1.0,2026-09-05T11:50:50.078675+02:00,32.3,31.7,68.0,0.0,0.0,4.0,34.0,16.0,18.0,10632569.0,1.62,9.8,3.0,14.47,4.2,9.5015,False,70.1,75.7,False,118.98,26.3,True,True,False,Sin señales de recuperación,pass,descarte,pendiente,0.0,desconocido,Pendiente de implementar,ausente,eps_stabilization (media): EPS -0.54 vs -1.72 (Diluted EPS) | dividend_maintained (baja): Dividendo actual 2.26% con caída del 4.2%,incompleto,descarte,134.59,145.75,134.59 - 145.75,117.44,133.38,117.44 - 133.38,Pérdida del soporte en 145.75 | ROE negativo durante 2 trimestres consecutivos | Ampliación de capital dilutiva | Recorte de rating a bono basura,6-12,"Merck & Company, Inc. está un 4.2% por debajo de su máximo 52s. Fundamentalmente débil con ROE 7.0%, deuda neta/EBITDA 1.6x. Técnicamente 🟢 Cerca de soporte, 🟢 base_pattern_detected. Clasificación: descarte.","Merck & Company, Inc. está un 4.2% por debajo de su máximo 52s. Fundamentalmente débil con ROE 7.0%, deuda neta/EBITDA 1.6x. Técnicamente 🟢 Cerca de soporte, 🟢 base_pattern_detected. Clasificación: descarte.",OK,
COL.AX,COLESGROUP FPO [COL],ASX,1.0,script-v2.0,1.0,2026-09-05T11:51:17.540468+02:00,31.4,33.6,72.0,0.0,0.0,1.0,25.0,19.0,6.0,2879419.0,3.53,,,15.51,2.2,0.5276,False,85.9,83.5,False,21.82,8.5,False,True,False,Sin señales de recuperación,pass,descarte,pendiente,0.0,desconocido,Pendiente de implementar,ausente,dividend_maintained (baja): Dividendo actual 3.12% con caída del 3.7%,incompleto,descarte,21.95,23.23,21.95 - 23.23,20.9,21.81,20.90 - 21.81,Pérdida del soporte en 21.95 | ROE negativo durante 2 trimestres consecutivos | Ampliación de capital dilutiva | Recorte de rating a bono basura,6-12,"COLESGROUP FPO [COL] está un 3.7% por debajo de su máximo 52s. Fundamentalmente débil con ROE 28.1%, deuda neta/EBITDA 3.5x. Técnicamente 🟡 trendline_break. Clasificación: descarte.","COLESGROUP FPO [COL] está un 3.7% por debajo de su máximo 52s. Fundamentalmente débil con ROE 28.1%, deuda neta/EBITDA 3.5x. Técnicamente 🟡 trendline_break. Clasificación: descarte.",OK,
NAB.AX,NAT. BANK FPO [NAB],ASX,1.0,script-v2.0,1.0,2026-09-05T11:51:13.133411+02:00,30.8,17.1,0.0,32.0,0.0,1.0,72.0,55.0,17.0,4886904.0,,38.0,,,18.9,-0.3162,False,77.9,55.3,False,40.86,-3.9,True,False,False,No supera filtrado cuantitativo mínimo | Sin señales de recuperación,fail,descarte,pendiente,0.0,desconocido,Pendiente de implementar,ausente,dividend_maintained (baja): Dividendo actual 4.33% con caída del 20.6%,fuerte,descarte,38.1,39.25,38.10 - 39.25,40.75,42.03,40.75 - 42.03,Pérdida del soporte en 38.10 | ROE negativo durante 2 trimestres consecutivos | Ampliación de capital dilutiva | Recorte de rating a bono basura,6-12,"NAT. BANK FPO [NAB] está un 20.6% por debajo de su máximo 52s. Fundamentalmente débil con dividendo 4.3%. Técnicamente 🟢 Cruce alcista MACD, 🟢 Cerca de soporte. Clasificación: descarte.","NAT. BANK FPO [NAB] está un 20.6% por debajo de su máximo 52s. Fundamentalmente débil con dividendo 4.3%. Técnicamente 🟢 Cruce alcista MACD, 🟢 Cerca de soporte. Clasificación: descarte.",OK,
APA.AX,APA GROUP STAPLED [APA],ASX,1.0,script-v2.0,1.0,2026-09-05T11:51:22.019047+02:00,29.8,25.7,55.0,0.0,0.0,4.0,42.0,24.0,18.0,2802366.0,6.08,,,13.09,0.7,0.3508,False,93.2,96.9,False,9.57,14.0,True,True,False,Sin señales de recuperación,pass,descarte,pendiente,0.0,desconocido,Pendiente de implementar,ausente,eps_stabilization (media): EPS 0.16 vs 0.08 (annual_eps_fallback) | dividend_maintained (baja): Dividendo actual 5.32% con caída del 1.7%,incompleto,descarte,10.24,10.65,10.24 - 10.65,9.43,9.51,9.43 - 9.51,Pérdida del soporte en 10.65 | ROE negativo durante 2 trimestres consecutivos | Ampliación de capital dilutiva | Recorte de rating a bono basura,6-12,"APA GROUP STAPLED [APA] está un 1.7% por debajo de su máximo 52s. Fundamentalmente débil con ROE 8.7%, deuda neta/EBITDA 6.1x. Técnicamente 🟢 Cerca de soporte, 🟢 base_pattern_detected. Clasificación: descarte.","APA GROUP STAPLED [APA] está un 1.7% por debajo de su máximo 52s. Fundamentalmente débil con ROE 8.7%, deuda neta/EBITDA 6.1x. Técnicamente 🟢 Cerca de soporte, 🟢 base_pattern_detected. Clasificación: descarte.",OK,
GILD,"Gilead Sciences, Inc.",SP500,1.0,script-v2.0,1.0,2026-09-05T11:50:52.168980+02:00,29.2,27.9,53.0,6.0,0.0,4.0,33.0,15.0,18.0,7101427.0,1.46,18.4,0.0,14.28,2.8,3.6573,False,88.1,87.4,False,133.78,12.9,True,True,False,Sin señales de recuperación,pass,descarte,pendiente,0.0,desconocido,Pendiente de implementar,ausente,margin_stabilization (media): Margen gross 79.8% vs 79.2% (+0.5 pp) | dividend_maintained (baja): Dividendo actual 2.17% con caída del 4.0%,incompleto,descarte,136.6,143.18,136.60 - 143.18,133.37,133.7,133.37 - 133.70,Pérdida del soporte en 143.18 | ROE negativo durante 2 trimestres consecutivos | Ampliación de capital dilutiva | Recorte de rating a bono basura,6-12,"Gilead Sciences, Inc. está un 4.0% por debajo de su máximo 52s. Fundamentalmente débil con ROE -20.7%, deuda neta/EBITDA 1.5x. Técnicamente 🟢 base_pattern_detected, 🟡 trendline_break. Clasificación: descarte.","Gilead Sciences, Inc. está un 4.0% por debajo de su máximo 52s. Fundamentalmente débil con ROE -20.7%, deuda neta/EBITDA 1.5x. Técnicamente 🟢 base_pattern_detected, 🟡 trendline_break. Clasificación: descarte.",OK,
DE,Deere & Company,SP500,1.0,script-v2.0,1.0,2026-09-05T11:50:44.482393+02:00,27.6,28.5,61.0,0.0,0.0,12.0,25.0,19.0,6.0,1230470.0,4.61,-22.8,-9.3,26.35,1.7,26.9021,False,90.2,93.1,False,570.41,21.6,False,True,False,,pass,descarte,pendiente,0.0,desconocido,Pendiente de implementar,confirmada,margin_stabilization (media): Margen gross 36.9% vs 32.8% (+4.1 pp) | eps_stabilization (media): EPS 6.55 vs 2.42 (Diluted EPS) | debt_reduction (alta): Deuda 48473.0M vs 62799.0M | dividend_maintained (baja): Dividendo actual 0.93% con caída del 1.7%,incompleto,descarte,574.63,618.75,574.63 - 618.75,566.16,600.0,566.16 - 600.00,Pérdida del soporte en 574.63 | ROE negativo durante 2 trimestres consecutivos | Ampliación de capital dilutiva | Recorte de rating a bono basura,6-12,"Deere & Company está un 1.7% por debajo de su máximo 52s. Fundamentalmente débil con ROE 18.2%, deuda neta/EBITDA 4.6x. Técnicamente 🟡 trendline_break. Clasificación: descarte.","Deere & Company está un 1.7% por debajo de su máximo 52s. Fundamentalmente débil con ROE 18.2%, deuda neta/EBITDA 4.6x. Técnicamente 🟡 trendline_break. Clasificación: descarte.",OK,
TLS.AX,TELSTRA FPO [TLS],ASX,1.0,script-v2.0,1.0,2026-09-05T11:51:15.564477+02:00,26.5,10.7,0.0,20.0,0.0,4.0,74.0,59.0,15.0,27152611.0,2.49,,,10.33,12.0,-0.0639,True,92.3,90.5,False,4.91,-2.3,False,False,False,No supera filtrado cuantitativo mínimo | Sin señales de recuperación,fail,descarte,pendiente,0.0,desconocido,Pendiente de implementar,ausente,eps_stabilization (media): EPS 0.19 vs 0.14 (annual_eps_fallback) | dividend_maintained (baja): Dividendo actual 4.38% con caída del 14.0%,fuerte,descarte,4.76,4.8,4.76 - 4.80,4.74,4.91,4.74 - 4.91,Pérdida del soporte en 4.76 | ROE negativo durante 2 trimestres consecutivos | Ampliación de capital dilutiva | Recorte de rating a bono basura,6-12,"TELSTRA FPO [TLS] está un 14.0% por debajo de su máximo 52s. Fundamentalmente débil con ROE 15.4%, deuda neta/EBITDA 2.5x. Técnicamente 🟢 Divergencia alcista RSI, 🟢 Cruce alcista MACD. Clasificación: descarte.","TELSTRA FPO [TLS] está un 14.0% por debajo de su máximo 52s. Fundamentalmente débil con ROE 15.4%, deuda neta/EBITDA 2.5x. Técnicamente 🟢 Divergencia alcista RSI, 🟢 Cruce alcista MACD. Clasificación: descarte.",OK,
8766.T,TOKIO MARINE HOLDINGS INC,ASIA,1.0,script-v2.0,1.0,2026-09-05T11:51:36.314043+02:00,24.8,24.7,53.0,0.0,0.0,4.0,25.0,19.0,6.0,5382801.0,-2.07,243.4,,13.61,5.8,336.4813,False,83.1,86.3,False,6808.63,17.1,False,True,False,No supera filtrado cuantitativo mínimo | Sin señales de recuperación,fail,descarte,pendiente,0.0,desconocido,Pendiente de implementar,ausente,eps_stabilization (media): EPS 247.86 vs 80.03 (annual_eps_fallback) | dividend_maintained (baja): Dividendo actual 1.64% con caída del 5.8%,incompleto,descarte,7185.87,7674.46,7185.87 - 7674.46,6735.18,7197.8,6735.18 - 7197.80,Pérdida del soporte en 7185.87 | ROE negativo durante 2 trimestres consecutivos | Ampliación de capital dilutiva | Recorte de rating a bono basura,6-12,"TOKIO MARINE HOLDINGS INC está un 5.8% por debajo de su máximo 52s. Fundamentalmente débil con deuda neta/EBITDA -2.1x, dividendo 1.6%. Técnicamente 🟡 trendline_break. Clasificación: descarte.","TOKIO MARINE HOLDINGS INC está un 5.8% por debajo de su máximo 52s. Fundamentalmente débil con deuda neta/EBITDA -2.1x, dividendo 1.6%. Técnicamente 🟡 trendline_break. Clasificación: descarte.",OK,
QBE.AX,QBE INSUR. FPO [QBE],ASX,1.0,script-v2.0,1.0,2026-09-05T11:51:19.516994+02:00,24.2,17.6,0.0,33.0,0.0,4.0,44.0,44.0,0.0,3485144.0,-0.51,51.6,,10.03,11.1,0.4842,False,78.9,81.6,False,21.49,5.3,False,False,False,No supera filtrado cuantitativo mínimo | Sin señales de recuperación,fail,descarte,pendiente,0.0,desconocido,Pendiente de implementar,ausente,eps_stabilization (media): EPS 1.40 vs 1.19 (annual_eps_fallback) | dividend_maintained (baja): Dividendo actual 4.91% con caída del 12.4%,incompleto,descarte,21.62,22.62,21.62 - 22.62,21.4,21.96,21.40 - 21.96,Pérdida del soporte en 21.62 | ROE negativo durante 2 trimestres consecutivos | Ampliación de capital dilutiva | Recorte de rating a bono basura,6-12,"QBE INSUR. FPO [QBE] está un 12.4% por debajo de su máximo 52s. Fundamentalmente débil con ROE 19.3%, deuda neta/EBITDA -0.5x. Técnicamente 🟢 Cruce alcista MACD, 🟢 Cerca de soporte. Clasificación: descarte.","QBE INSUR. FPO [QBE] está un 12.4% por debajo de su máximo 52s. Fundamentalmente débil con ROE 19.3%, deuda neta/EBITDA -0.5x. Técnicamente 🟢 Cruce alcista MACD, 🟢 Cerca de soporte. Clasificación: descarte.",OK,
LIN.DE,Linde plc                     R,EUROSTOXX,1.0,script-v2.0,1.0,2026-09-05T11:49:31.881160+02:00,19.2,5.3,0.0,10.0,0.0,4.0,61.0,44.0,17.0,14265.0,1.76,6.4,-0.7,16.28,13.4,2.2278,False,35.3,53.7,False,413.51,-0.0,True,False,False,No supera filtrado cuantitativo mínimo | Sin señales de recuperación,fail,descarte,pendiente,0.0,desconocido,Pendiente de implementar,ausente,eps_stabilization (media): EPS 4.15 vs 3.98 (Diluted EPS) | dividend_maintained (baja): Dividendo actual 1.50% con caída del 13.8%,razonable,descarte,392.73,413.4,392.73 - 413.40,407.49,411.04,407.49 - 411.04,Pérdida del soporte en 392.73 | ROE negativo durante 2 trimestres consecutivos | Ampliación de capital dilutiva | Recorte de rating a bono basura,6-12,"Linde plc                     R está un 13.8% por debajo de su máximo 52s. Fundamentalmente débil con deuda neta/EBITDA 1.8x, dividendo 1.5%. Técnicamente 🟢 Divergencia alcista RSI, 🟡 Apoyo en MA40 semanal. Clasificación: descarte.","Linde plc                     R está un 13.8% por debajo de su máximo 52s. Fundamentalmente débil con deuda neta/EBITDA 1.8x, dividendo 1.5%. Técnicamente 🟢 Divergencia alcista RSI, 🟡 Apoyo en MA40 semanal. Clasificación: descarte.",OK,
CON.DE,CONTINENTAL AG                I,EUROSTOXX,1.0,script-v2.0,1.0,2026-09-05T11:49:24.044178+02:00,18.6,10.1,0.0,19.0,0.0,7.0,44.0,44.0,0.0,413305.0,2.23,4.0,-1.0,7.55,7.7,1.6883,False,76.6,60.4,False,66.87,7.0,False,False,False,No supera filtrado cuantitativo mínimo,fail,descarte,pendiente,0.0,desconocido,Pendiente de implementar,parcial,margin_stabilization (media): Margen gross 33.0% vs 29.4% (+3.7 pp) | eps_stabilization (media): EPS 1.37 vs 1.00 (Diluted EPS) | dividend_maintained (baja): Dividendo actual 3.77% con caída del 7.7%,incompleto,descarte,68.8,70.76,68.80 - 70.76,65.88,66.53,65.88 - 66.53,Pérdida del soporte en 68.80 | ROE negativo durante 2 trimestres consecutivos | Ampliación de capital dilutiva | Recorte de rating a bono basura,6-12,"CONTINENTAL AG                I está un 7.7% por debajo de su máximo 52s. Fundamentalmente débil con ROE -8.3%, deuda neta/EBITDA 2.2x. Técnicamente 🟢 Divergencia alcista RSI, 🟢 Volumen creciente. Clasificación: descarte.","CONTINENTAL AG                I está un 7.7% por debajo de su máximo 52s. Fundamentalmente débil con ROE -8.3%, deuda neta/EBITDA 2.2x. Técnicamente 🟢 Divergencia alcista RSI, 🟢 Volumen creciente. Clasificación: descarte.",OK,
CSL.AX,CSL FPO [CSL],ASX,1.0,script-v2.0,1.0,2026-09-05T11:51:12.376830+02:00,17.5,16.0,0.0,30.0,0.0,1.0,22.0,16.0,6.0,1620599.0,1.85,,-1.0,18.6,40.9,2.9527,False,90.0,94.6,False,141.92,23.0,False,True,False,No supera filtrado cuantitativo mínimo | Sin señales de recuperación | Sin suelo técnico identificado,fail,descarte,pendiente,0.0,desconocido,Pendiente de implementar,ausente,dividend_maintained (baja): Dividendo actual 2.34% con caída del 21.6%,sin_suelo,descarte,137.77,170.75,137.77 - 170.75,142.64,189.1,142.64 - 189.10,Pérdida del soporte en 170.75 | ROE negativo durante 2 trimestres consecutivos | Ampliación de capital dilutiva | Recorte de rating a bono basura,6-12,"CSL FPO [CSL] está un 21.6% por debajo de su máximo 52s. Fundamentalmente débil con ROE -15.8%, deuda neta/EBITDA 1.9x. Técnicamente 🟢 Cerca de soporte, 🟡 trendline_break. Clasificación: descarte.","CSL FPO [CSL] está un 21.6% por debajo de su máximo 52s. Fundamentalmente débil con ROE -15.8%, deuda neta/EBITDA 1.9x. Técnicamente 🟢 Cerca de soporte, 🟡 trendline_break. Clasificación: descarte.",OK,
IAG.AX,INSUR.AUST FPO [IAG],ASX,1.0,script-v2.0,1.0,2026-09-05T11:51:21.637500+02:00,17.3,6.4,0.0,12.0,0.0,4.0,50.0,44.0,6.0,4874576.0,0.6,,,10.32,6.8,0.1715,False,68.8,82.1,False,7.48,7.6,False,True,False,No supera filtrado cuantitativo mínimo | Sin señales de recuperación,fail,descarte,pendiente,0.0,desconocido,Pendiente de implementar,ausente,eps_stabilization (media): EPS 0.39 vs 0.36 (annual_eps_fallback) | dividend_maintained (baja): Dividendo actual 3.98% con caída del 8.5%,razonable,descarte,7.72,8.04,7.72 - 8.04,7.47,7.48,7.47 - 7.48,Pérdida del soporte en 7.72 | ROE negativo durante 2 trimestres consecutivos | Ampliación de capital dilutiva | Recorte de rating a bono basura,6-12,"INSUR.AUST FPO [IAG] está un 8.5% por debajo de su máximo 52s. Fundamentalmente débil con ROE 15.6%, deuda neta/EBITDA 0.6x. Técnicamente 🟢 Cruce alcista MACD, 🟢 Cerca de soporte. Clasificación: descarte.","INSUR.AUST FPO [IAG] está un 8.5% por debajo de su máximo 52s. Fundamentalmente débil con ROE 15.6%, deuda neta/EBITDA 0.6x. Técnicamente 🟢 Cruce alcista MACD, 🟢 Cerca de soporte. Clasificación: descarte.",OK,
PUB.PA,PUBLICIS GROUPE SA,EUROSTOXX,1.0,script-v2.0,1.0,2026-09-05T11:49:47.625766+02:00,16.8,13.3,0.0,25.0,0.0,6.0,27.0,21.0,6.0,649546.0,1.14,-3.7,,9.76,3.6,6.2948,False,49.7,53.8,False,82.05,23.2,False,True,False,No supera filtrado cuantitativo mínimo,fail,descarte,pendiente,0.0,desconocido,Pendiente de implementar,parcial,debt_reduction (alta): Deuda 5450.0M vs 5661.0M | dividend_maintained (baja): Dividendo actual 3.71% con caída del 3.6%,incompleto,descarte,94.13,100.45,94.13 - 100.45,81.81,89.12,81.81 - 89.12,Pérdida del soporte en 100.45 | ROE negativo durante 2 trimestres consecutivos | Ampliación de capital dilutiva | Recorte de rating a bono basura,6-12,"PUBLICIS GROUPE SA está un 3.6% por debajo de su máximo 52s. Fundamentalmente débil con ROE 16.2%, deuda neta/EBITDA 1.1x. Técnicamente 🟢 Cerca de soporte, 🟡 trendline_break. Clasificación: descarte.","PUBLICIS GROUPE SA está un 3.6% por debajo de su máximo 52s. Fundamentalmente débil con ROE 16.2%, deuda neta/EBITDA 1.1x. Técnicamente 🟢 Cerca de soporte, 🟡 trendline_break. Clasificación: descarte.",OK,
MQG.AX,MACQ GROUP FPO [MQG],ASX,1.0,script-v2.0,1.0,2026-09-05T11:51:14.956219+02:00,14.9,6.9,0.0,13.0,0.0,3.0,39.0,39.0,0.0,623732.0,14.47,3.2,,,6.0,10.0205,False,50.5,35.0,False,225.97,11.5,False,False,False,No supera filtrado cuantitativo mínimo | Sin señales de recuperación,fail,descarte,pendiente,0.0,desconocido,Pendiente de implementar,ausente,eps_stabilization (media): EPS 12.67 vs 9.76 (annual_eps_fallback),incompleto,descarte,246.95,251.87,246.95 - 251.87,224.45,227.71,224.45 - 227.71,Pérdida del soporte en 246.95 | ROE negativo durante 2 trimestres consecutivos | Ampliación de capital dilutiva | Recorte de rating a bono basura,6-12,"MACQ GROUP FPO [MQG] está un 6.0% por debajo de su máximo 52s. Fundamentalmente débil con deuda neta/EBITDA 14.5x. Técnicamente 🟡 MACD convergiendo, 🟢 Cerca de soporte. Clasificación: descarte.","MACQ GROUP FPO [MQG] está un 6.0% por debajo de su máximo 52s. Fundamentalmente débil con deuda neta/EBITDA 14.5x. Técnicamente 🟡 MACD convergiendo, 🟢 Cerca de soporte. Clasificación: descarte.",OK,
ANZ.AX,ANZ GROUP FPO [ANZ],ASX,1.0,script-v2.0,1.0,2026-09-05T11:51:13.302000+02:00,13.2,0.0,0.0,0.0,0.0,1.0,53.0,35.0,18.0,4292211.0,,23.8,,,5.3,0.601,False,74.3,65.2,False,36.22,4.8,True,True,False,No supera filtrado cuantitativo mínimo | Sin señales de recuperación,fail,descarte,pendiente,0.0,desconocido,Pendiente de implementar,ausente,dividend_maintained (baja): Dividendo actual 4.37% con caída del 7.4%,razonable,descarte,35.04,36.73,35.04 - 36.73,34.85,36.06,34.85 - 36.06,Pérdida del soporte en 35.04 | ROE negativo durante 2 trimestres consecutivos | Ampliación de capital dilutiva | Recorte de rating a bono basura,6-12,"ANZ GROUP FPO [ANZ] está un 7.4% por debajo de su máximo 52s. Fundamentalmente débil con ROE 8.2%, dividendo 4.4%. Técnicamente 🟢 Cruce alcista MACD, 🟢 base_pattern_detected. Clasificación: descarte.","ANZ GROUP FPO [ANZ] está un 7.4% por debajo de su máximo 52s. Fundamentalmente débil con ROE 8.2%, dividendo 4.4%. Técnicamente 🟢 Cruce alcista MACD, 🟢 base_pattern_detected. Clasificación: descarte.",OK,
KBC.BR,KBC,EUROSTOXX,1.0,script-v2.0,1.0,2026-09-05T11:50:01.664335+02:00,12.6,4.8,0.0,9.0,0.0,4.0,36.0,30.0,6.0,355615.0,,99.5,,,0.7,6.5652,False,84.3,72.2,False,113.94,16.9,False,True,False,No supera filtrado cuantitativo mínimo | Sin señales de recuperación,fail,descarte,pendiente,0.0,desconocido,Pendiente de implementar,ausente,eps_stabilization (media): EPS 2.83 vs 1.32 (Diluted EPS) | dividend_maintained (baja): Dividendo actual 3.83% con caída del 0.7%,incompleto,descarte,125.57,127.45,125.57 - 127.45,113.56,113.98,113.56 - 113.98,Pérdida del soporte en 127.45 | ROE negativo durante 2 trimestres consecutivos | Ampliación de capital dilutiva | Recorte de rating a bono basura,6-12,"KBC está un 0.7% por debajo de su máximo 52s. Fundamentalmente débil con ROE 13.7%, dividendo 3.8%. Técnicamente 🟡 MACD convergiendo, 🟢 Cerca de soporte. Clasificación: descarte.","KBC está un 0.7% por debajo de su máximo 52s. Fundamentalmente débil con ROE 13.7%, dividendo 3.8%. Técnicamente 🟡 MACD convergiendo, 🟢 Cerca de soporte. Clasificación: descarte.",OK,
ALV.DE,Allianz SE                    v,EUROSTOXX,1.0,script-v2.0,1.0,2026-09-05T11:49:21.783909+02:00,11.5,8.0,0.0,15.0,0.0,12.0,22.0,16.0,6.0,516820.0,-4.77,-4.4,1.0,3.34,0.9,23.1351,False,78.7,81.5,False,382.55,17.8,False,True,False,No supera filtrado cuantitativo mínimo | Sin suelo técnico identificado,fail,descarte,pendiente,0.0,desconocido,Pendiente de implementar,confirmada,margin_stabilization (media): Margen operating 17.1% vs 10.5% (+6.6 pp) | eps_stabilization (media): EPS 9.56 vs 6.98 (Diluted EPS) | debt_reduction (alta): Deuda 33706.0M vs 35275.0M | dividend_maintained (baja): Dividendo actual 3.79% con caída del 0.9%,sin_suelo,descarte,432.6,437.5,432.60 - 437.50,381.38,386.41,381.38 - 386.41,Pérdida del soporte en 437.50 | ROE negativo durante 2 trimestres consecutivos | Ampliación de capital dilutiva | Recorte de rating a bono basura,6-12,"Allianz SE                    v está un 0.9% por debajo de su máximo 52s. Fundamentalmente débil con ROE 19.6%, deuda neta/EBITDA -4.8x. Técnicamente 🟢 Cerca de soporte, 🟡 trendline_break. Clasificación: descarte.","Allianz SE                    v está un 0.9% por debajo de su máximo 52s. Fundamentalmente débil con ROE 19.6%, deuda neta/EBITDA -4.8x. Técnicamente 🟢 Cerca de soporte, 🟡 trendline_break. Clasificación: descarte.",OK,
UCG.MI,UNICREDIT,EUROSTOXX,1.0,script-v2.0,1.0,2026-09-05T11:49:56.479532+02:00,11.3,4.8,0.0,9.0,0.0,1.0,31.0,25.0,6.0,4688523.0,,93.0,,,3.2,4.618,False,34.1,42.6,False,72.33,15.7,False,True,False,No supera filtrado cuantitativo mínimo | Sin señales de recuperación,fail,descarte,pendiente,0.0,desconocido,Pendiente de implementar,ausente,dividend_maintained (baja): Dividendo actual 3.76% con caída del 3.2%,incompleto,descarte,82.7,82.99,82.70 - 82.99,72.13,73.46,72.13 - 73.46,Pérdida del soporte en 82.99 | ROE negativo durante 2 trimestres consecutivos | Ampliación de capital dilutiva | Recorte de rating a bono basura,6-12,"UNICREDIT está un 3.2% por debajo de su máximo 52s. Fundamentalmente débil con ROE 15.8%, dividendo 3.8%. Técnicamente 🟢 Cerca de soporte, 🟡 trendline_break. Clasificación: descarte.","UNICREDIT está un 3.2% por debajo de su máximo 52s. Fundamentalmente débil con ROE 15.8%, dividendo 3.8%. Técnicamente 🟢 Cerca de soporte, 🟡 trendline_break. Clasificación: descarte.",OK,
STO.AX,SANTOS FPO [STO],ASX,1.0,script-v2.0,1.0,2026-09-05T11:51:19.273081+02:00,10.2,5.3,0.0,10.0,0.0,1.0,25.0,7.0,18.0,11312700.0,2.36,9.9,,12.44,3.1,0.2537,False,54.8,66.7,False,7.2,14.1,True,True,False,No supera filtrado cuantitativo mínimo | Sin señales de recuperación,fail,descarte,pendiente,0.0,desconocido,Pendiente de implementar,ausente,dividend_maintained (baja): Dividendo actual 3.78% con caída del 5.0%,incompleto,descarte,7.46,7.69,7.46 - 7.69,7.14,7.34,7.14 - 7.34,Pérdida del soporte en 7.46 | ROE negativo durante 2 trimestres consecutivos | Ampliación de capital dilutiva | Recorte de rating a bono basura,6-12,"SANTOS FPO [STO] está un 5.0% por debajo de su máximo 52s. Fundamentalmente débil con ROE 4.7%, deuda neta/EBITDA 2.4x. Técnicamente 🟢 base_pattern_detected, 🟡 trendline_break. Clasificación: descarte.","SANTOS FPO [STO] está un 5.0% por debajo de su máximo 52s. Fundamentalmente débil con ROE 4.7%, deuda neta/EBITDA 2.4x. Técnicamente 🟢 base_pattern_detected, 🟡 trendline_break. Clasificación: descarte.",OK,
WOW.AX,WOOLWORTHS FPO [WOW],ASX,1.0,script-v2.0,1.0,2026-09-05T11:51:15.338251+02:00,10.2,0.0,0.0,0.0,0.0,4.0,41.0,35.0,6.0,2332701.0,4.3,,,18.43,0.8,1.7606,False,89.0,78.0,False,34.75,16.0,False,True,False,No supera filtrado cuantitativo mínimo | Sin señales de recuperación,fail,descarte,pendiente,0.0,desconocido,Pendiente de implementar,ausente,eps_stabilization (media): EPS 0.93 vs 0.78 (annual_eps_fallback) | dividend_maintained (baja): Dividendo actual 2.41% con caída del 2.1%,incompleto,descarte,37.66,39.24,37.66 - 39.24,34.5,35.01,34.50 - 35.01,Pérdida del soporte en 37.66 | ROE negativo durante 2 trimestres consecutivos | Ampliación de capital dilutiva | Recorte de rating a bono basura,6-12,"WOOLWORTHS FPO [WOW] está un 2.1% por debajo de su máximo 52s. Fundamentalmente débil con ROE 23.3%, deuda neta/EBITDA 4.3x. Técnicamente 🟢 Cruce alcista MACD, 🟡 trendline_break. Clasificación: descarte.","WOOLWORTHS FPO [WOW] está un 2.1% por debajo de su máximo 52s. Fundamentalmente débil con ROE 23.3%, deuda neta/EBITDA 4.3x. Técnicamente 🟢 Cruce alcista MACD, 🟡 trendline_break. Clasificación: descarte.",OK,
ROG.SW,,EUROSTOXX,1.0,script-v2.0,1.0,,,,,,,,,,,,,,,,,,,,,,,,,,False,,,,,,,,,,,,,,,,,,,,,,ERROR,Missing market price in yfinance info
