Rank,Ticker,Nombre,Mercado,Sector,Industria,País,Moneda,Precio,Rules_Version,Model_Version,Config_Version,Evaluation_Timestamp,Score_Total,Score_Cuantitativo,Score_Fundamental,Score_Valoracion,Score_Causal,Score_Recuperacion,Score_Tecnico,Clasificacion,Clasificacion_Base,hard_rules_applied,Capa1_Pasa,Capa1_Status,Capa2_Causal_Classification,Capa2_Causal_Confidence,Capa2_Problem_Type,Capa2_Justification,Capa3_Recovery_Status,Capa3_Recovery_Signals,Capa4_Status,Capa5_Final_Classification,Capa5_Entry_Zone_Min,Capa5_Entry_Zone_Max,Capa5_Entry_Zone,Capa5_Exit_Zone_Min,Capa5_Exit_Zone_Max,Capa5_Exit_Zone,Capa5_Invalidation_Conditions,Capa5_Estimated_Horizon_Months,Capa5_Short_Explanation,Capa5_Summary_Explanation,Señales,Div_Yield_Actual_%,Historial_Div_Años_10,Consec_Antes_Corte,Recorte_Reciente,Payout_%,D/E,Vol_Medio_Diario,Net_Debt,Net_Debt_EBITDA,Variacion_Deuda_Trimestral_%,Tipo_Margen,Margen_Actual_%,Margen_Medio_4T_%,Variacion_Margen_pp,ROE_%,Cap_Millones,PER,P/B,EV_EBITDA,Caida_52s_%,Caida_Max_Multianual_%,Dist_SMA200_%,RSI_14,MACD_Cruce,MACD_Convergiendo,MACD_Semanal,MACD_Semanal_Giro,Estocastico_K,Estocastico_D,Estocastico_Giro,MA40_Semanal,Dist_MA40_Semanal_%,Base_Pattern_Detected,Trendline_Break,Technical_Base_Score,Technical_Bonus_Points,Vol_Ratio,Soporte,SMA50_Girando
1,MC.PA,LVMH,EUROSTOXX,Consumer Cyclical,Luxury Goods,France,EUR,378.55,1.0,script-v2.0,1.0,2026-10-04T13:39:55.007486+02:00,92.1,94.1,100,89,0,4,86,seguimiento,seguimiento,Sin señales de recuperación,True,pass,pendiente,0,desconocido,Pendiente de implementar,ausente,"dividend_maintained (baja): Dividendo actual 3.43% con caída del 42.2% | analyst_upgrade (media): Target 539.81 vs precio 378.55 (+43%), recMean 1.92, recKey buy",fuerte,seguimiento,359.62,378.55,359.62 - 378.55,490.29,556.5,490.29 - 556.50,Pérdida del soporte en 359.62 | ROE negativo durante 2 trimestres consecutivos | Ampliación de capital dilutiva | Recorte de rating a bono basura,18-24,"LVMH está un 42.2% por debajo de su máximo 52s. Fundamentalmente sólida con ROE 16.6%, deuda neta/EBITDA 1.2x. Técnicamente 🔵 RSI en sobreventa, 🟢 Cruce alcista MACD. Clasificación: seguimiento.","LVMH está un 42.2% por debajo de su máximo 52s. Fundamentalmente sólida con ROE 16.6%, deuda neta/EBITDA 1.2x. Técnicamente 🔵 RSI en sobreventa, 🟢 Cruce alcista MACD. Clasificación: seguimiento.",🔵 RSI en sobreventa | 🟢 Cruce alcista MACD | 🟢 Estocástico sale de sobreventa | 🟢 base_pattern_detected,3.43,11,20,False,59.2,0.53,523784.0,24936998912.0,1.24,1.1,,66.4,,,16.6,186612.0,17.2,2.74,10.63,42.2,48.3,-22.8,24.0,True,False,-27.6006,False,6.4,2.5,True,486.51,-22.2,True,False,68,18,1.15,,False
2,035420.KS,NAVER,ASIA,Communication Services,Internet Content & Information,South Korea,KRW,192200.0,1.0,script-v2.0,1.0,2026-10-04T13:42:05.870212+02:00,80.3,81.4,75,87,0,10,77,seguimiento,seguimiento,,True,pass,pendiente,0,desconocido,Pendiente de implementar,parcial,"margin_stabilization (media): Margen gross 100.0% vs 100.0% (+0.0 pp) | eps_stabilization (media): EPS 4635.00 vs 1864.00 (Diluted EPS) | dividend_maintained (baja): Dividendo actual 1.37% con caída del 36.8% | analyst_upgrade (media): Target 293076.94 vs precio 192200.00 (+52%), recMean 1.73, recKey buy",fuerte,seguimiento,182800.0,192200.0,182800.00 - 192200.00,222289.34,258400.0,222289.34 - 258400.00,Pérdida del soporte en 182800.00 | ROE negativo durante 2 trimestres consecutivos | Ampliación de capital dilutiva | Recorte de rating a bono basura,12-18,"NAVER está un 36.8% por debajo de su máximo 52s. Fundamentalmente sólida con ROE 6.4%, deuda neta/EBITDA -1.1x. Técnicamente 🟡 MACD convergiendo, 🟢 Bajo SMA200 con SMA50 girando. Clasificación: seguimiento.","NAVER está un 36.8% por debajo de su máximo 52s. Fundamentalmente sólida con ROE 6.4%, deuda neta/EBITDA -1.1x. Técnicamente 🟡 MACD convergiendo, 🟢 Bajo SMA200 con SMA50 girando. Clasificación: seguimiento.",🟡 MACD convergiendo | 🟢 Bajo SMA200 con SMA50 girando | 🟢 Cerca de soporte | 🟢 Estocástico sale de sobreventa | 🟢 base_pattern_detected,1.37,10,2,False,19.6,0.18,951702.0,-3356823650304.0,-1.11,15.6,gross,100.0,100.0,0.0,6.4,28792393.0,13.3,,8.9,36.8,36.8,-13.5,37.2,False,True,-6498.126,False,6.9,3.9,True,221446.43,-13.2,True,False,59,18,0.83,182800.0,True
3,HEI.DE,Heidelberg Materials AG       I,EUROSTOXX,Basic Materials,Building Materials,Germany,EUR,148.4,1.0,script-v2.0,1.0,2026-10-04T13:39:45.994668+02:00,80.2,80.3,92,70,0,4,80,seguimiento,seguimiento,Sin señales de recuperación,True,pass,pendiente,0,desconocido,Pendiente de implementar,ausente,"dividend_maintained (baja): Dividendo actual 2.43% con caída del 38.6% | analyst_upgrade (media): Target 209.16 vs precio 148.40 (+41%), recMean 2.00, recKey buy",fuerte,seguimiento,144.17,148.4,144.17 - 148.40,181.26,205.53,181.26 - 205.53,Pérdida del soporte en 144.17 | ROE negativo durante 2 trimestres consecutivos | Ampliación de capital dilutiva | Recorte de rating a bono basura,12-18,"Heidelberg Materials AG       I está un 38.6% por debajo de su máximo 52s. Fundamentalmente sólida con ROE 11.7%, deuda neta/EBITDA 1.9x. Técnicamente 🟢 Divergencia alcista RSI, 🟢 Cruce alcista MACD. Clasificación: seguimiento.","Heidelberg Materials AG       I está un 38.6% por debajo de su máximo 52s. Fundamentalmente sólida con ROE 11.7%, deuda neta/EBITDA 1.9x. Técnicamente 🟢 Divergencia alcista RSI, 🟢 Cruce alcista MACD. Clasificación: seguimiento.",🟢 Divergencia alcista RSI | 🟢 Cruce alcista MACD | 🟢 Cerca de soporte | 🟢 base_pattern_detected,2.43,11,20,False,31.3,0.5,415687.0,7790899968.0,1.91,46.9,,64.3,,,11.7,26089.0,12.9,1.4,8.59,38.6,37.4,-18.1,45.3,True,False,-9.7184,False,76.7,44.8,False,180.28,-17.7,True,False,68,12,1.07,144.17,False
4,RIO.L,RIO TINTO PLC ORD 10P,EUROSTOXX,Basic Materials,Other Industrial Metals & Mining,United Kingdom,GBp,7056.0,1.0,script-v2.0,1.0,2026-10-04T13:40:27.372297+02:00,79.6,80.8,100,64,0,6,76,seguimiento,seguimiento,,True,pass,pendiente,0,desconocido,Pendiente de implementar,parcial,debt_reduction (alta): Deuda 22852.0M vs 23517.0M | dividend_maintained (baja): Dividendo actual 0.05% con caída del 22.6%,fuerte,seguimiento,6310.69,7056.0,6310.69 - 7056.00,7106.27,7749.45,7106.27 - 7749.45,Pérdida del soporte en 6310.69 | ROE negativo durante 2 trimestres consecutivos | Ampliación de capital dilutiva | Recorte de rating a bono basura,6-12,"RIO TINTO PLC ORD 10P está un 22.6% por debajo de su máximo 52s. Fundamentalmente sólida con ROE 19.3%, deuda neta/EBITDA 0.6x. Técnicamente 🔵 RSI recuperándose de sobreventa, 🟢 Divergencia alcista RSI. Clasificación: seguimiento.","RIO TINTO PLC ORD 10P está un 22.6% por debajo de su máximo 52s. Fundamentalmente sólida con ROE 19.3%, deuda neta/EBITDA 0.6x. Técnicamente 🔵 RSI recuperándose de sobreventa, 🟢 Divergencia alcista RSI. Clasificación: seguimiento.",🔵 RSI recuperándose de sobreventa | 🟢 Divergencia alcista RSI | 🟡 MACD convergiendo | 🟡 Apoyo en MA40 semanal | 🟢 base_pattern_detected,0.05,11,20,False,54.9,0.32,2854735.0,13344999424.0,0.58,-2.8,,29.8,,,19.3,114758.0,12.6,2.34,5.86,22.6,22.6,-0.7,40.4,False,True,106.0019,False,33.8,26.8,False,7125.32,-1.0,True,False,59,17,0.82,6310.69,True
5,DG.PA,VINCI,EUROSTOXX,Industrials,Engineering & Construction,France,EUR,106.8,1.0,script-v2.0,1.0,2026-10-04T13:39:51.063222+02:00,79.1,83.1,89,78,0,7,67,seguimiento,seguimiento,,True,pass,pendiente,0,desconocido,Pendiente de implementar,parcial,"eps_stabilization (media): EPS 8.65 vs 8.43 (annual_eps_fallback) | dividend_maintained (baja): Dividendo actual 4.73% con caída del 25.4% | analyst_upgrade (media): Target 142.95 vs precio 106.80 (+34%), recMean 1.90, recKey buy",razonable,seguimiento,101.46,106.8,101.46 - 106.80,121.68,122.6,121.68 - 122.60,Pérdida del soporte en 101.46 | ROE negativo durante 2 trimestres consecutivos | Ampliación de capital dilutiva | Recorte de rating a bono basura,12-18,"VINCI está un 25.4% por debajo de su máximo 52s. Fundamentalmente sólida con ROE 16.3%, deuda neta/EBITDA 2.0x. Técnicamente 🔵 RSI en sobreventa, 🟢 Divergencia alcista RSI. Clasificación: seguimiento.","VINCI está un 25.4% por debajo de su máximo 52s. Fundamentalmente sólida con ROE 16.3%, deuda neta/EBITDA 2.0x. Técnicamente 🔵 RSI en sobreventa, 🟢 Divergencia alcista RSI. Clasificación: seguimiento.",🔵 RSI en sobreventa | 🟢 Divergencia alcista RSI | 🟢 base_pattern_detected,4.73,11,20,False,55.5,1.21,854580.0,25782998016.0,2.02,9.7,,17.0,,,16.3,58992.0,11.9,1.93,6.93,25.4,23.2,-12.9,33.5,False,False,-3.6805,False,28.2,19.5,False,122.71,-13.0,True,False,55,12,1.28,,False
6,BMW.DE,BAYERISCHE MOTOREN WERKE AG   S,EUROSTOXX,Consumer Cyclical,Auto Manufacturers,Germany,EUR,54.32,1.0,script-v2.0,1.0,2026-10-04T13:39:36.507090+02:00,78.7,79.5,63,94,0,4,76,seguimiento,seguimiento,Sin señales de recuperación,True,pass,pendiente,0,desconocido,Pendiente de implementar,ausente,"dividend_maintained (baja): Dividendo actual 8.10% con caída del 44.5% | analyst_upgrade (media): Target 71.23 vs precio 54.32 (+31%), recMean 2.52, recKey hold",fuerte,seguimiento,52.36,54.32,52.36 - 54.32,71.19,83.23,71.19 - 83.23,Pérdida del soporte en 52.36 | ROE negativo durante 2 trimestres consecutivos | Ampliación de capital dilutiva | Recorte de rating a bono basura,18-24,"BAYERISCHE MOTOREN WERKE AG   S está un 44.5% por debajo de su máximo 52s. Fundamentalmente sólida con ROE 6.6%, deuda neta/EBITDA 7.3x. Técnicamente 🔵 RSI en sobreventa, 🟡 MACD convergiendo. Clasificación: seguimiento.","BAYERISCHE MOTOREN WERKE AG   S está un 44.5% por debajo de su máximo 52s. Fundamentalmente sólida con ROE 6.6%, deuda neta/EBITDA 7.3x. Técnicamente 🔵 RSI en sobreventa, 🟡 MACD convergiendo. Clasificación: seguimiento.",🔵 RSI en sobreventa | 🟡 MACD convergiendo | 🟢 Cerca de soporte | 🟢 base_pattern_detected,8.1,11,20,False,42.3,1.2,1558541.0,101147001856.0,7.33,,gross,12.4,14.8,-2.4,6.6,32515.0,5.2,0.34,9.84,44.5,41.3,-23.7,29.6,False,True,-4.3936,False,16.5,20.7,False,70.82,-23.3,True,False,64,12,0.82,52.36,False
7,ORA.PA,ORANGE,EUROSTOXX,Communication Services,Telecom Services,France,EUR,13.98,1.0,script-v2.0,1.0,2026-10-04T13:39:56.722694+02:00,78.7,78.2,83,74,0,4,80,seguimiento,seguimiento,Sin señales de recuperación,True,pass,pendiente,0,desconocido,Pendiente de implementar,ausente,"dividend_maintained (baja): Dividendo actual 5.36% con caída del 25.7% | analyst_upgrade (media): Target 19.04 vs precio 13.98 (+36%), recMean 2.00, recKey buy",fuerte,seguimiento,13.28,13.98,13.28 - 13.98,15.98,16.26,15.98 - 16.26,Pérdida del soporte en 13.28 | ROE negativo durante 2 trimestres consecutivos | Ampliación de capital dilutiva | Recorte de rating a bono basura,12-18,"ORANGE está un 25.7% por debajo de su máximo 52s. Fundamentalmente sólida con ROE 14.2%, deuda neta/EBITDA 3.7x. Técnicamente 🔵 RSI en sobreventa, 🟢 Divergencia alcista RSI. Clasificación: seguimiento.","ORANGE está un 25.7% por debajo de su máximo 52s. Fundamentalmente sólida con ROE 14.2%, deuda neta/EBITDA 3.7x. Técnicamente 🔵 RSI en sobreventa, 🟢 Divergencia alcista RSI. Clasificación: seguimiento.",🔵 RSI en sobreventa | 🟢 Divergencia alcista RSI | 🟡 MACD convergiendo | 🟢 base_pattern_detected,5.36,11,20,False,50.7,1.61,4969721.0,45291001856.0,3.74,654.5,,41.1,,,14.2,37156.0,9.4,1.17,7.09,25.7,23.8,-14.0,32.4,False,True,-0.4247,False,18.0,11.6,False,16.3,-14.2,True,False,68,12,1.02,,False
8,SCG.AX,SCENTRE STAPLED [SCG],ASX,Real Estate,REIT - Retail,Australia,AUD,3.35,1.0,script-v2.0,1.0,2026-10-04T13:41:39.334784+02:00,78.7,77.6,84,72,0,7,82,seguimiento,seguimiento,,True,pass,pendiente,0,desconocido,Pendiente de implementar,parcial,"eps_stabilization (media): EPS 0.34 vs 0.20 (annual_eps_fallback) | dividend_maintained (baja): Dividendo actual 5.37% con caída del 21.5% | analyst_upgrade (media): Target 4.03 vs precio 3.35 (+20%), recMean 2.25, recKey buy",fuerte,seguimiento,3.18,3.35,3.18 - 3.35,3.63,3.67,3.63 - 3.67,Pérdida del soporte en 3.18 | ROE negativo durante 2 trimestres consecutivos | Ampliación de capital dilutiva | Recorte de rating a bono basura,6-12,"SCENTRE STAPLED [SCG] está un 21.5% por debajo de su máximo 52s. Fundamentalmente sólida con ROE 10.4%, deuda neta/EBITDA 5.6x. Técnicamente 🔵 RSI en sobreventa, 🟢 Divergencia alcista RSI. Clasificación: seguimiento.","SCENTRE STAPLED [SCG] está un 21.5% por debajo de su máximo 52s. Fundamentalmente sólida con ROE 10.4%, deuda neta/EBITDA 5.6x. Técnicamente 🔵 RSI en sobreventa, 🟢 Divergencia alcista RSI. Clasificación: seguimiento.",🔵 RSI en sobreventa | 🟢 Divergencia alcista RSI | 🟢 Cruce alcista MACD | 🟡 Apoyo en MA40 semanal,5.37,11,16,False,47.1,0.72,11076350.0,13751199680.0,5.58,,,70.7,,,10.4,17519.0,8.8,0.9,12.69,21.5,17.8,-8.8,34.5,True,False,-0.0695,False,5.4,43.2,False,3.66,-8.4,False,False,77,5,1.13,,False
9,9022.T,CENTRAL JAPAN RAILWAY CO,ASIA,Industrials,Railroads,Japan,JPY,3621.0,1.0,script-v2.0,1.0,2026-10-04T13:41:54.527613+02:00,78.5,82.3,77,87,0,7,67,seguimiento,seguimiento,,True,pass,pendiente,0,desconocido,Pendiente de implementar,parcial,"eps_stabilization (media): EPS 149.59 vs 147.88 (Diluted EPS) | dividend_maintained (baja): Dividendo actual 0.88% con caída del 25.0% | analyst_upgrade (media): Target 4452.73 vs precio 3621.00 (+23%), recMean 2.36, recKey buy",razonable,seguimiento,3547.85,3621.0,3547.85 - 3621.00,3980.37,4105.5,3980.37 - 4105.50,Pérdida del soporte en 3547.85 | ROE negativo durante 2 trimestres consecutivos | Ampliación de capital dilutiva | Recorte de rating a bono basura,12-18,"CENTRAL JAPAN RAILWAY CO está un 25.0% por debajo de su máximo 52s. Fundamentalmente sólida con ROE 11.2%, deuda neta/EBITDA 4.3x. Técnicamente 🟢 Bajo SMA200 con SMA50 girando, 🟢 Cerca de soporte. Clasificación: seguimiento.","CENTRAL JAPAN RAILWAY CO está un 25.0% por debajo de su máximo 52s. Fundamentalmente sólida con ROE 11.2%, deuda neta/EBITDA 4.3x. Técnicamente 🟢 Bajo SMA200 con SMA50 girando, 🟢 Cerca de soporte. Clasificación: seguimiento.",🟢 Bajo SMA200 con SMA50 girando | 🟢 Cerca de soporte | 🟡 Apoyo en MA40 semanal | 🟢 base_pattern_detected,0.88,11,20,False,5.6,0.92,2565628.0,4425204924416.0,4.28,11.6,,51.9,,,11.2,3437705.0,6.3,0.66,7.68,25.0,24.4,-9.0,35.7,False,False,-32.8139,False,6.5,15.3,False,3933.41,-7.9,True,False,50,17,1.12,3547.85,True
10,SGO.PA,SAINT GOBAIN,EUROSTOXX,Industrials,Building Products & Equipment,France,EUR,67.1,1.0,script-v2.0,1.0,2026-10-04T13:39:58.014560+02:00,78.0,87.0,95,80,0,12,51,entrada_escalada,entrada_escalada,,True,pass,pendiente,0,desconocido,Pendiente de implementar,confirmada,"eps_stabilization (media): EPS 5.78 vs 5.64 (annual_eps_fallback) | debt_reduction (alta): Deuda 17270.0M vs 17729.0M | dividend_maintained (baja): Dividendo actual 3.43% con caída del 29.8% | analyst_upgrade (media): Target 96.38 vs precio 67.10 (+44%), recMean 1.94, recKey buy",razonable,entrada_escalada,63.74,67.1,63.74 - 67.10,77.06,81.26,77.06 - 81.26,Pérdida del soporte en 63.74 | ROE negativo durante 2 trimestres consecutivos | Ampliación de capital dilutiva | Recorte de rating a bono basura,12-18,"SAINT GOBAIN está un 29.8% por debajo de su máximo 52s. Fundamentalmente sólida con ROE 11.0%, deuda neta/EBITDA 1.8x. Técnicamente 🔵 RSI en sobreventa, 🟢 Estocástico sale de sobreventa. Clasificación: entrada_escalada.","SAINT GOBAIN está un 29.8% por debajo de su máximo 52s. Fundamentalmente sólida con ROE 11.0%, deuda neta/EBITDA 1.8x. Técnicamente 🔵 RSI en sobreventa, 🟢 Estocástico sale de sobreventa. Clasificación: entrada_escalada.",🔵 RSI en sobreventa | 🟢 Estocástico sale de sobreventa,3.43,10,6,False,42.7,0.66,966467.0,11518999552.0,1.75,-2.6,,27.2,,,11.0,32769.0,12.4,1.29,6.84,29.8,33.9,-12.9,30.8,False,False,-1.9839,False,17.7,14.3,True,76.99,-12.8,False,False,45,6,1.21,,False
11,0066.HK,MTR CORPORATION,ASIA,Industrials,Railroads,Hong Kong,HKD,31.68,1.0,script-v2.0,1.0,2026-10-04T13:42:01.025691+02:00,77.8,83.7,96,73,0,1,60,seguimiento,seguimiento,Sin señales de recuperación,True,pass,pendiente,0,desconocido,Pendiente de implementar,ausente,dividend_maintained (baja): Dividendo actual 4.14% con caída del 16.4%,razonable,seguimiento,31.26,31.68,31.26 - 31.68,31.96,32.2,31.96 - 32.20,Pérdida del soporte en 31.26 | ROE negativo durante 2 trimestres consecutivos | Ampliación de capital dilutiva | Recorte de rating a bono basura,6-12,"MTR CORPORATION está un 16.4% por debajo de su máximo 52s. Fundamentalmente sólida con ROE 11.1%, deuda neta/EBITDA 3.1x. Técnicamente 🟢 Cerca de soporte, 🟡 Apoyo en MA40 semanal. Clasificación: seguimiento.","MTR CORPORATION está un 16.4% por debajo de su máximo 52s. Fundamentalmente sólida con ROE 11.1%, deuda neta/EBITDA 3.1x. Técnicamente 🟢 Cerca de soporte, 🟡 Apoyo en MA40 semanal. Clasificación: seguimiento.",🟢 Cerca de soporte | 🟡 Apoyo en MA40 semanal | 🟢 base_pattern_detected,4.14,11,20,False,35.7,0.75,5280564.0,109202997248.0,3.1,,,35.9,,,11.1,196507.0,8.6,0.97,8.72,16.4,12.9,-0.9,38.9,False,False,0.3472,False,9.0,19.1,False,32.2,-1.6,True,False,43,17,1.23,31.26,True
12,9021.T,WEST JAPAN RAILWAY CO,ASIA,Industrials,Railroads,Japan,JPY,2868.0,1.0,script-v2.0,1.0,2026-10-04T13:41:53.261022+02:00,77.7,83.6,82,85,0,1,60,seguimiento,seguimiento,Sin señales de recuperación,True,pass,pendiente,0,desconocido,Pendiente de implementar,ausente,dividend_maintained (baja): Dividendo actual 3.40% con caída del 18.7%,razonable,seguimiento,2761.0,2868.0,2761.00 - 2868.00,2934.92,2998.8,2934.92 - 2998.80,Pérdida del soporte en 2761.00 | ROE negativo durante 2 trimestres consecutivos | Ampliación de capital dilutiva | Recorte de rating a bono basura,6-12,"WEST JAPAN RAILWAY CO está un 18.7% por debajo de su máximo 52s. Fundamentalmente sólida con ROE 9.3%, deuda neta/EBITDA 3.7x. Técnicamente 🟢 Cerca de soporte, 🟡 Apoyo en MA40 semanal. Clasificación: seguimiento.","WEST JAPAN RAILWAY CO está un 18.7% por debajo de su máximo 52s. Fundamentalmente sólida con ROE 9.3%, deuda neta/EBITDA 3.7x. Técnicamente 🟢 Cerca de soporte, 🟡 Apoyo en MA40 semanal. Clasificación: seguimiento.",🟢 Cerca de soporte | 🟡 Apoyo en MA40 semanal | 🟢 base_pattern_detected,3.4,11,20,False,35.1,1.15,2462950.0,1360837033984.0,3.67,6.6,,24.8,,,9.3,1305180.0,10.3,1.07,7.54,18.7,16.0,-2.3,40.8,False,False,11.1036,False,8.0,12.5,False,2932.85,-2.2,True,False,43,17,1.11,2761.0,True
13,HRL,Hormel Foods Corporation,SP500,Consumer Defensive,Packaged Foods,United States,USD,20.25,1.0,script-v2.0,1.0,2026-10-04T13:41:16.498199+02:00,77.5,76.1,83,70,0,9,82,seguimiento,seguimiento,,True,pass,pendiente,0,desconocido,Pendiente de implementar,parcial,"debt_reduction (alta): Deuda 2855.1M vs 2856.3M | dividend_maintained (baja): Dividendo actual 5.78% con caída del 23.9% | analyst_upgrade (media): Target 25.94 vs precio 20.25 (+28%), recMean 2.60, recKey hold",fuerte,seguimiento,19.44,20.25,19.44 - 20.25,22.61,22.82,22.61 - 22.82,Pérdida del soporte en 19.44 | ROE negativo durante 2 trimestres consecutivos | Ampliación de capital dilutiva | Recorte de rating a bono basura,6-12,"Hormel Foods Corporation está un 23.9% por debajo de su máximo 52s. Fundamentalmente sólida con ROE 4.3%, deuda neta/EBITDA 1.6x. Técnicamente 🔵 RSI recuperándose de sobreventa, 🟢 Divergencia alcista RSI. Clasificación: seguimiento.","Hormel Foods Corporation está un 23.9% por debajo de su máximo 52s. Fundamentalmente sólida con ROE 4.3%, deuda neta/EBITDA 1.6x. Técnicamente 🔵 RSI recuperándose de sobreventa, 🟢 Divergencia alcista RSI. Clasificación: seguimiento.",🔵 RSI recuperándose de sobreventa | 🟢 Divergencia alcista RSI | 🟢 Cruce alcista MACD | 🟢 Cerca de soporte,5.78,11,20,False,188.3,0.36,4520207.0,1986676928.0,1.57,-0.0,gross,15.7,15.7,0.0,4.3,11145.0,32.7,1.42,10.39,23.9,35.1,-11.2,36.1,True,False,-0.669,False,49.1,37.0,False,22.81,-11.2,False,False,82,0,1.21,19.44,False
14,IP,International Paper Company,SP500,Consumer Cyclical,Packaging & Containers,United States,USD,31.97,1.0,script-v2.0,1.0,2026-10-04T13:41:21.219506+02:00,77.5,80.9,66,94,0,4,67,seguimiento,seguimiento,Sin señales de recuperación,True,pass,pendiente,0,desconocido,Pendiente de implementar,ausente,"dividend_maintained (baja): Dividendo actual 5.79% con caída del 36.4% | analyst_upgrade (media): Target 47.82 vs precio 31.97 (+50%), recMean 1.58, recKey buy",razonable,seguimiento,31.36,31.97,31.36 - 31.97,37.26,42.71,37.26 - 42.71,Pérdida del soporte en 31.36 | ROE negativo durante 2 trimestres consecutivos | Ampliación de capital dilutiva | Recorte de rating a bono basura,12-18,"International Paper Company está un 36.4% por debajo de su máximo 52s. Fundamentalmente sólida con ROE -16.5%, deuda neta/EBITDA 2.3x. Técnicamente 🔵 RSI en sobreventa, 🟢 Cerca de soporte. Clasificación: seguimiento.","International Paper Company está un 36.4% por debajo de su máximo 52s. Fundamentalmente sólida con ROE -16.5%, deuda neta/EBITDA 2.3x. Técnicamente 🔵 RSI en sobreventa, 🟢 Cerca de soporte. Clasificación: seguimiento.",🔵 RSI en sobreventa | 🟢 Cerca de soporte | 🟢 base_pattern_detected,5.79,11,20,False,158.1,0.69,5017565.0,9176999552.0,2.33,3.8,gross,29.6,29.8,-0.1,-16.5,16930.0,10.6,1.17,6.64,36.4,42.9,-14.2,28.5,False,False,-0.6421,False,3.1,8.6,False,37.34,-14.4,True,False,55,12,1.11,31.36,False
15,FMG.AX,FORTESCUE FPO [FMG],ASX,Basic Materials,Other Industrial Metals & Mining,Australia,AUD,16.19,1.0,script-v2.0,1.0,2026-10-04T13:41:32.240861+02:00,77.5,82.7,96,71,0,1,62,seguimiento,seguimiento,Sin señales de recuperación,True,pass,pendiente,0,desconocido,Pendiente de implementar,ausente,dividend_maintained (baja): Dividendo actual 6.67% con caída del 30.8%,razonable,seguimiento,15.38,16.19,15.38 - 16.19,19.25,19.87,19.25 - 19.87,Pérdida del soporte en 15.38 | ROE negativo durante 2 trimestres consecutivos | Ampliación de capital dilutiva | Recorte de rating a bono basura,12-18,"FORTESCUE FPO [FMG] está un 30.8% por debajo de su máximo 52s. Fundamentalmente sólida con ROE 14.2%, deuda neta/EBITDA 0.1x. Técnicamente 🔵 RSI recuperándose de sobreventa, 🟢 Divergencia alcista RSI. Clasificación: seguimiento.","FORTESCUE FPO [FMG] está un 30.8% por debajo de su máximo 52s. Fundamentalmente sólida con ROE 14.2%, deuda neta/EBITDA 0.1x. Técnicamente 🔵 RSI recuperándose de sobreventa, 🟢 Divergencia alcista RSI. Clasificación: seguimiento.",🔵 RSI recuperándose de sobreventa | 🟢 Divergencia alcista RSI | 🟢 base_pattern_detected,6.67,11,16,False,89.5,0.29,6511068.0,856999936.0,0.1,9.0,,40.1,,,14.2,49848.0,12.1,1.7,6.2,30.8,28.1,-15.9,37.8,False,False,-0.8258,False,6.6,17.9,False,19.13,-15.3,True,False,50,12,1.04,,False
16,LOW,"Lowe's Companies, Inc.",SP500,Consumer Cyclical,Home Improvement Retail,United States,USD,180.8,1.0,script-v2.0,1.0,2026-10-04T13:40:47.146153+02:00,77.3,84.1,75,92,0,15,57,entrada_escalada,entrada_escalada,,True,pass,pendiente,0,desconocido,Pendiente de implementar,confirmada,"margin_stabilization (media): Margen gross 33.0% vs 32.7% (+0.4 pp) | eps_stabilization (media): EPS 4.27 vs 2.90 (Diluted EPS) | debt_reduction (alta): Deuda 42031.0M vs 42540.0M | dividend_maintained (baja): Dividendo actual 2.77% con caída del 38.3% | analyst_upgrade (media): Target 251.09 vs precio 180.80 (+39%), recMean 1.86, recKey buy",razonable,entrada_escalada,171.76,180.8,171.76 - 180.80,229.86,249.1,229.86 - 249.10,Pérdida del soporte en 171.76 | ROE negativo durante 2 trimestres consecutivos | Ampliación de capital dilutiva | Recorte de rating a bono basura,12-18,"Lowe's Companies, Inc. está un 38.3% por debajo de su máximo 52s. Fundamentalmente sólida con deuda neta/EBITDA 3.0x, dividendo 2.8%. Técnicamente 🔵 RSI en sobreventa, 🟢 base_pattern_detected. Clasificación: entrada_escalada.","Lowe's Companies, Inc. está un 38.3% por debajo de su máximo 52s. Fundamentalmente sólida con deuda neta/EBITDA 3.0x, dividendo 2.8%. Técnicamente 🔵 RSI en sobreventa, 🟢 base_pattern_detected. Clasificación: entrada_escalada.",🔵 RSI en sobreventa | 🟢 base_pattern_detected,2.77,11,20,False,41.0,,3127035.0,38859001600.0,3.05,-1.2,gross,33.0,33.1,-0.1,,101439.0,15.3,-13.64,11.02,38.3,37.6,-21.3,25.5,False,False,-11.3388,False,7.9,7.9,False,229.39,-21.2,True,False,45,12,1.09,,False
17,GIS,"General Mills, Inc.",SP500,Consumer Defensive,Packaged Foods,United States,USD,32.01,1.0,script-v2.0,1.0,2026-10-04T13:41:17.913105+02:00,77.1,79.1,70,87,0,12,71,entrada_directa,entrada_directa,,True,pass,pendiente,0,desconocido,Pendiente de implementar,confirmada,margin_stabilization (media): Margen gross 34.8% vs 30.8% (+4.0 pp) | eps_stabilization (media): EPS 0.74 vs -3.74 (Diluted EPS) | debt_reduction (alta): Deuda 13615.6M vs 13967.7M | dividend_maintained (baja): Dividendo actual 7.62% con caída del 37.6%,fuerte,entrada_directa,30.41,32.01,30.41 - 32.01,38.01,43.57,38.01 - 43.57,Pérdida del soporte en 30.41 | ROE negativo durante 2 trimestres consecutivos | Ampliación de capital dilutiva | Recorte de rating a bono basura,12-18,"General Mills, Inc. está un 37.6% por debajo de su máximo 52s. Fundamentalmente sólida con ROE -10.5%, deuda neta/EBITDA 3.9x. Técnicamente 🔵 RSI en sobreventa, 🟡 MACD convergiendo. Clasificación: entrada_directa.","General Mills, Inc. está un 37.6% por debajo de su máximo 52s. Fundamentalmente sólida con ROE -10.5%, deuda neta/EBITDA 3.9x. Técnicamente 🔵 RSI en sobreventa, 🟡 MACD convergiendo. Clasificación: entrada_directa.",🔵 RSI en sobreventa | 🟡 MACD convergiendo | 🟢 Volumen creciente | 🟢 Estocástico sale de sobreventa,7.62,11,20,False,59.4,1.82,9561050.0,13182499616.0,3.86,-2.5,gross,33.7,33.6,0.1,-10.5,17115.0,10.2,2.32,8.88,37.6,52.0,-15.8,26.6,False,True,-0.8871,False,13.6,8.2,True,37.7,-15.1,False,False,65,6,1.35,,False
18,4503.T,ASTELLAS PHARMA,ASIA,Healthcare,Drug Manufacturers - General,Japan,JPY,2245.0,1.0,script-v2.0,1.0,2026-10-04T13:41:46.876921+02:00,76.8,82.4,100,67,0,9,60,seguimiento,seguimiento,,True,pass,pendiente,0,desconocido,Pendiente de implementar,parcial,eps_stabilization (media): EPS 78.96 vs 38.11 (Diluted EPS) | debt_reduction (alta): Deuda 589870.0M vs 831426.0M | dividend_maintained (baja): Dividendo actual 3.56% con caída del 17.4%,razonable,seguimiento,2211.77,2245.0,2211.77 - 2245.00,2247.05,2309.45,2247.05 - 2309.45,Pérdida del soporte en 2211.77 | ROE negativo durante 2 trimestres consecutivos | Ampliación de capital dilutiva | Recorte de rating a bono basura,6-12,"ASTELLAS PHARMA está un 17.4% por debajo de su máximo 52s. Fundamentalmente sólida con ROE 21.3%, deuda neta/EBITDA 0.5x. Técnicamente 🟢 Cerca de soporte, 🟡 Apoyo en MA40 semanal. Clasificación: seguimiento.","ASTELLAS PHARMA está un 17.4% por debajo de su máximo 52s. Fundamentalmente sólida con ROE 21.3%, deuda neta/EBITDA 0.5x. Técnicamente 🟢 Cerca de soporte, 🟡 Apoyo en MA40 semanal. Clasificación: seguimiento.",🟢 Cerca de soporte | 🟡 Apoyo en MA40 semanal | 🟢 base_pattern_detected,3.56,11,20,False,48.1,0.3,6323653.0,345172000768.0,0.52,-29.1,,80.8,,,21.3,4025316.0,13.8,2.07,6.53,17.4,15.9,-0.1,44.3,False,False,35.4522,False,44.0,64.7,False,2271.09,-1.1,True,False,43,17,1.12,2211.77,True
19,NEE,"NextEra Energy, Inc.",SP500,Utilities,Utilities - Regulated Electric,United States,USD,76.83,1.0,script-v2.0,1.0,2026-10-04T13:41:09.299203+02:00,76.7,76.5,84,70,0,10,77,seguimiento,seguimiento,,True,pass,pendiente,0,desconocido,Pendiente de implementar,parcial,"margin_stabilization (media): Margen gross 62.4% vs 58.9% (+3.5 pp) | eps_stabilization (media): EPS 1.50 vs 1.04 (Diluted EPS) | dividend_maintained (baja): Dividendo actual 3.24% con caída del 22.2% | analyst_upgrade (media): Target 98.21 vs precio 76.83 (+28%), recMean 1.90, recKey buy",fuerte,seguimiento,72.99,76.83,72.99 - 76.83,83.94,86.31,83.94 - 86.31,Pérdida del soporte en 72.99 | ROE negativo durante 2 trimestres consecutivos | Ampliación de capital dilutiva | Recorte de rating a bono basura,6-12,"NextEra Energy, Inc. está un 22.2% por debajo de su máximo 52s. Fundamentalmente sólida con ROE 11.7%, deuda neta/EBITDA 7.3x. Técnicamente 🔵 RSI en sobreventa, 🟡 MACD convergiendo. Clasificación: seguimiento.","NextEra Energy, Inc. está un 22.2% por debajo de su máximo 52s. Fundamentalmente sólida con ROE 11.7%, deuda neta/EBITDA 7.3x. Técnicamente 🔵 RSI en sobreventa, 🟡 MACD convergiendo. Clasificación: seguimiento.",🔵 RSI en sobreventa | 🟡 MACD convergiendo | 🟢 Volumen creciente | 🟢 base_pattern_detected,3.24,11,20,False,53.5,1.62,11269271.0,107330998272.0,7.35,5.5,gross,61.0,60.8,0.2,11.7,160266.0,17.3,2.81,19.09,22.2,21.0,-11.0,33.2,False,True,-2.1008,False,31.3,22.0,False,86.68,-11.4,True,False,65,12,1.38,,False
20,EL.PA,ESSILORLUXOTTICA,EUROSTOXX,Healthcare,Medical Instruments & Supplies,France,EUR,142.8,1.0,script-v2.0,1.0,2026-10-04T13:39:52.535254+02:00,76.5,76.3,79,74,0,4,77,seguimiento,seguimiento,Sin señales de recuperación,True,pass,pendiente,0,desconocido,Pendiente de implementar,ausente,"dividend_maintained (baja): Dividendo actual 2.80% con caída del 55.9% | analyst_upgrade (media): Target 232.61 vs precio 142.80 (+63%), recMean 1.83, recKey buy",fuerte,seguimiento,141.53,142.8,141.53 - 142.80,192.69,275.23,192.69 - 275.23,Pérdida del soporte en 141.53 | ROE negativo durante 2 trimestres consecutivos | Ampliación de capital dilutiva | Recorte de rating a bono basura,18-24,"ESSILORLUXOTTICA está un 55.9% por debajo de su máximo 52s. Fundamentalmente sólida con ROE 6.7%, deuda neta/EBITDA 2.3x. Técnicamente 🟢 Divergencia alcista RSI, 🟢 Cerca de soporte. Clasificación: seguimiento.","ESSILORLUXOTTICA está un 55.9% por debajo de su máximo 52s. Fundamentalmente sólida con ROE 6.7%, deuda neta/EBITDA 2.3x. Técnicamente 🟢 Divergencia alcista RSI, 🟢 Cerca de soporte. Clasificación: seguimiento.",🟢 Divergencia alcista RSI | 🟢 Cerca de soporte | 🟢 MACD semanal girando al alza | 🟢 base_pattern_detected,2.8,11,20,False,74.8,0.38,728910.0,13384999680.0,2.29,6.4,,60.0,,,6.7,65506.0,26.6,1.67,13.62,55.9,54.9,-25.9,39.5,False,False,-16.635,True,33.8,45.4,False,190.28,-25.0,True,False,55,22,0.91,141.53,False
21,DUK,Duke Energy Corporation (Holdin,SP500,Utilities,Utilities - Regulated Electric,United States,USD,114.13,1.0,script-v2.0,1.0,2026-10-04T13:41:08.440506+02:00,76.3,70.4,88,55,0,4,94,seguimiento,seguimiento,Sin señales de recuperación,True,pass,pendiente,0,desconocido,Pendiente de implementar,ausente,margin_stabilization (media): Margen gross 54.8% vs 48.8% (+6.0 pp) | dividend_maintained (baja): Dividendo actual 3.80% con caída del 15.1%,fuerte,seguimiento,112.4,114.13,112.40 - 114.13,114.32,122.36,114.32 - 122.36,Pérdida del soporte en 112.40 | ROE negativo durante 2 trimestres consecutivos | Ampliación de capital dilutiva | Recorte de rating a bono basura,6-12,"Duke Energy Corporation (Holdin está un 15.1% por debajo de su máximo 52s. Fundamentalmente sólida con ROE 9.9%, deuda neta/EBITDA 5.5x. Técnicamente 🔵 RSI en sobreventa, 🟢 Divergencia alcista RSI. Clasificación: seguimiento.","Duke Energy Corporation (Holdin está un 15.1% por debajo de su máximo 52s. Fundamentalmente sólida con ROE 9.9%, deuda neta/EBITDA 5.5x. Técnicamente 🔵 RSI en sobreventa, 🟢 Divergencia alcista RSI. Clasificación: seguimiento.",🔵 RSI en sobreventa | 🟢 Divergencia alcista RSI | 🟡 MACD convergiendo | 🟢 Cerca de soporte | 🟡 Apoyo en MA40 semanal | 🟢 base_pattern_detected,3.8,11,20,False,64.2,1.62,4083371.0,91532998080.0,5.51,1.1,gross,52.0,51.4,0.6,9.9,88987.0,17.2,1.66,11.05,15.1,13.7,-6.7,32.6,False,True,-1.8788,False,25.2,20.6,False,122.84,-7.1,True,False,77,17,1.06,112.4,False
22,0700.HK,TENCENT,ASIA,Communication Services,Internet Content & Information,China,HKD,421.2,1.0,script-v2.0,1.0,2026-10-04T13:42:02.310924+02:00,76.0,87.6,94,82,0,7,41,pendiente_confirmacion,pendiente_confirmacion,,True,pass,pendiente,0,desconocido,Pendiente de implementar,parcial,"margin_stabilization (media): Margen gross 57.8% vs 56.9% (+0.9 pp) | dividend_maintained (baja): Dividendo actual 1.26% con caída del 38.3% | analyst_upgrade (media): Target 662.84 vs precio 421.20 (+57%), recMean 1.39, recKey strong_buy",incompleto,pendiente_confirmacion,400.14,421.2,400.14 - 421.20,495.64,580.12,495.64 - 580.12,Pérdida del soporte en 400.14 | ROE negativo durante 2 trimestres consecutivos | Ampliación de capital dilutiva | Recorte de rating a bono basura,12-18,"TENCENT está un 38.3% por debajo de su máximo 52s. Fundamentalmente sólida con ROE 19.9%, deuda neta/EBITDA 0.0x. Técnicamente 🟢 base_pattern_detected. Clasificación: pendiente_confirmacion.","TENCENT está un 38.3% por debajo de su máximo 52s. Fundamentalmente sólida con ROE 19.9%, deuda neta/EBITDA 0.0x. Técnicamente 🟢 base_pattern_detected. Clasificación: pendiente_confirmacion.",🟢 base_pattern_detected,1.26,11,19,False,18.0,0.39,26005728.0,12923994112.0,0.04,14.4,gross,56.7,57.4,-0.7,19.9,3793626.0,14.1,2.85,13.1,38.3,37.6,-15.0,40.6,False,False,-19.0433,False,5.0,20.4,False,484.88,-13.1,True,False,29,12,0.99,,False
23,AD.AS,KONINKLIJKE AHOLD DELHAIZE N.V.,EUROSTOXX,Consumer Defensive,Grocery Stores,Netherlands,EUR,31.5,1.0,script-v2.0,1.0,2026-10-04T13:40:08.471235+02:00,75.8,76.1,83,70,0,7,75,seguimiento,seguimiento,,True,pass,pendiente,0,desconocido,Pendiente de implementar,parcial,"margin_stabilization (media): Margen gross 26.4% vs 26.8% (-0.4 pp) | dividend_maintained (baja): Dividendo actual 3.94% con caída del 26.0% | analyst_upgrade (media): Target 38.37 vs precio 31.50 (+22%), recMean 2.47, recKey buy",fuerte,seguimiento,30.96,31.5,30.96 - 31.50,35.34,36.16,35.34 - 36.16,Pérdida del soporte en 30.96 | ROE negativo durante 2 trimestres consecutivos | Ampliación de capital dilutiva | Recorte de rating a bono basura,12-18,"KONINKLIJKE AHOLD DELHAIZE N.V. está un 26.0% por debajo de su máximo 52s. Fundamentalmente sólida con ROE 15.7%, deuda neta/EBITDA 3.0x. Técnicamente 🟢 Divergencia alcista RSI, 🟢 Cerca de soporte. Clasificación: seguimiento.","KONINKLIJKE AHOLD DELHAIZE N.V. está un 26.0% por debajo de su máximo 52s. Fundamentalmente sólida con ROE 15.7%, deuda neta/EBITDA 3.0x. Técnicamente 🟢 Divergencia alcista RSI, 🟢 Cerca de soporte. Clasificación: seguimiento.",🟢 Divergencia alcista RSI | 🟢 Cerca de soporte | 🟢 MACD semanal girando al alza | 🟢 base_pattern_detected,3.94,11,18,False,49.4,1.33,2563365.0,16049999616.0,2.98,256.9,gross,26.6,26.6,-0.0,15.7,27524.0,12.5,1.91,8.09,26.0,23.6,-10.9,46.8,False,False,-1.3587,True,34.2,46.1,False,35.42,-11.1,True,False,53,22,1.28,30.96,False
24,0016.HK,SHK PPT,ASIA,Real Estate,Real Estate - Development,Hong Kong,HKD,106.0,1.0,script-v2.0,1.0,2026-10-04T13:41:57.085198+02:00,75.8,77.5,86,70,0,7,71,seguimiento,seguimiento,,True,pass,pendiente,0,desconocido,Pendiente de implementar,parcial,"eps_stabilization (media): EPS 7.39 vs 6.65 (annual_eps_fallback) | dividend_maintained (baja): Dividendo actual 3.69% con caída del 28.8% | analyst_upgrade (media): Target 142.99 vs precio 106.00 (+35%), recMean 1.77, recKey buy",fuerte,seguimiento,105.95,106.0,105.95 - 106.00,121.67,126.48,121.67 - 126.48,Pérdida del soporte en 105.95 | ROE negativo durante 2 trimestres consecutivos | Ampliación de capital dilutiva | Recorte de rating a bono basura,12-18,"SHK PPT está un 28.8% por debajo de su máximo 52s. Fundamentalmente sólida con ROE 3.5%, deuda neta/EBITDA 2.5x. Técnicamente 🔵 RSI en sobreventa, 🟢 Divergencia alcista RSI. Clasificación: seguimiento.","SHK PPT está un 28.8% por debajo de su máximo 52s. Fundamentalmente sólida con ROE 3.5%, deuda neta/EBITDA 2.5x. Técnicamente 🔵 RSI en sobreventa, 🟢 Divergencia alcista RSI. Clasificación: seguimiento.",🔵 RSI en sobreventa | 🟢 Divergencia alcista RSI | 🟢 Cerca de soporte | 🟢 base_pattern_detected,3.69,11,20,False,51.1,0.15,4987057.0,66766997504.0,2.47,,,34.1,,,3.5,307165.0,14.3,0.48,14.04,28.8,28.3,-12.9,34.8,False,False,-3.2883,False,10.9,22.1,False,123.64,-14.3,True,False,59,12,0.94,105.95,False
25,RI.PA,PERNOD RICARD,EUROSTOXX,Consumer Defensive,Beverages - Wineries & Distilleries,France,EUR,58.62,1.0,script-v2.0,1.0,2026-10-04T13:39:57.223101+02:00,75.5,84.7,73,95,0,12,48,entrada_escalada,entrada_escalada,,True,pass,pendiente,0,desconocido,Pendiente de implementar,confirmada,"eps_stabilization (media): EPS 6.45 vs 5.83 (annual_eps_fallback) | debt_reduction (alta): Deuda 12677.0M vs 13602.0M | dividend_maintained (baja): Dividendo actual 8.02% con caída del 35.1% | analyst_upgrade (media): Target 81.82 vs precio 58.62 (+40%), recMean 2.50, recKey buy",razonable,entrada_escalada,55.69,58.62,55.69 - 58.62,65.88,76.79,65.88 - 76.79,Pérdida del soporte en 55.69 | ROE negativo durante 2 trimestres consecutivos | Ampliación de capital dilutiva | Recorte de rating a bono basura,12-18,"PERNOD RICARD está un 35.1% por debajo de su máximo 52s. Fundamentalmente sólida con ROE 7.6%, deuda neta/EBITDA 4.1x. Técnicamente 🔵 RSI recuperándose de sobreventa. Clasificación: entrada_escalada.","PERNOD RICARD está un 35.1% por debajo de su máximo 52s. Fundamentalmente sólida con ROE 7.6%, deuda neta/EBITDA 4.1x. Técnicamente 🔵 RSI recuperándose de sobreventa. Clasificación: entrada_escalada.",🔵 RSI recuperándose de sobreventa,8.02,11,20,False,98.6,0.77,670948.0,10684000256.0,4.07,-6.8,,58.4,,,7.6,14761.0,12.3,0.95,10.09,35.1,51.5,-11.0,37.6,False,False,-2.0213,False,18.9,38.6,False,65.72,-10.8,False,False,48,0,1.1,,False
26,VCX.AX,VICINITY STAPLED [VCX],ASX,Real Estate,REIT - Retail,Australia,AUD,2.27,1.0,script-v2.0,1.0,2026-10-04T13:41:39.899019+02:00,75.5,73.3,84,64,0,4,82,seguimiento,seguimiento,Sin señales de recuperación,True,pass,pendiente,0,desconocido,Pendiente de implementar,ausente,eps_stabilization (media): EPS 0.30 vs 0.22 (annual_eps_fallback) | dividend_maintained (baja): Dividendo actual 5.29% con caída del 16.8%,fuerte,seguimiento,2.25,2.27,2.25 - 2.27,2.32,2.45,2.32 - 2.45,Pérdida del soporte en 2.25 | ROE negativo durante 2 trimestres consecutivos | Ampliación de capital dilutiva | Recorte de rating a bono basura,6-12,"VICINITY STAPLED [VCX] está un 16.8% por debajo de su máximo 52s. Fundamentalmente sólida con ROE 12.0%, deuda neta/EBITDA 5.6x. Técnicamente 🔵 RSI en sobreventa, 🟢 Cruce alcista MACD. Clasificación: seguimiento.","VICINITY STAPLED [VCX] está un 16.8% por debajo de su máximo 52s. Fundamentalmente sólida con ROE 12.0%, deuda neta/EBITDA 5.6x. Técnicamente 🔵 RSI en sobreventa, 🟢 Cruce alcista MACD. Clasificación: seguimiento.",🔵 RSI en sobreventa | 🟢 Cruce alcista MACD | 🟢 Cerca de soporte | 🟡 Apoyo en MA40 semanal,5.29,11,15,False,40.6,0.41,11849694.0,4845000160.0,5.64,2.3,,70.9,,,12.0,10625.0,7.6,0.87,17.91,16.8,14.8,-7.2,35.0,True,False,-0.0266,False,12.5,43.7,False,2.45,-7.2,False,False,77,5,1.26,2.25,False
27,7203.T,TOYOTA MOTOR CORP,ASIA,Consumer Cyclical,Auto Manufacturers,Japan,JPY,2856.5,1.0,script-v2.0,1.0,2026-10-04T13:41:42.341595+02:00,75.4,78.2,75,81,0,10,67,seguimiento,seguimiento,,True,pass,pendiente,0,desconocido,Pendiente de implementar,parcial,"margin_stabilization (media): Margen gross 18.0% vs 15.1% (+2.9 pp) | eps_stabilization (media): EPS 120.69 vs 64.56 (Diluted EPS) | dividend_maintained (baja): Dividendo actual 3.50% con caída del 28.6% | analyst_upgrade (media): Target 3698.63 vs precio 2856.50 (+29%), recMean 1.74, recKey buy",razonable,seguimiento,2798.71,2856.5,2798.71 - 2856.50,3108.89,3400.0,3108.89 - 3400.00,Pérdida del soporte en 2798.71 | ROE negativo durante 2 trimestres consecutivos | Ampliación de capital dilutiva | Recorte de rating a bono basura,12-18,"TOYOTA MOTOR CORP está un 28.6% por debajo de su máximo 52s. Fundamentalmente sólida con ROE 12.4%, deuda neta/EBITDA 5.5x. Técnicamente 🟢 Bajo SMA200 con SMA50 girando, 🟢 Cerca de soporte. Clasificación: seguimiento.","TOYOTA MOTOR CORP está un 28.6% por debajo de su máximo 52s. Fundamentalmente sólida con ROE 12.4%, deuda neta/EBITDA 5.5x. Técnicamente 🟢 Bajo SMA200 con SMA50 girando, 🟢 Cerca de soporte. Clasificación: seguimiento.",🟢 Bajo SMA200 con SMA50 girando | 🟢 Cerca de soporte | 🟡 Apoyo en MA40 semanal | 🟢 base_pattern_detected,3.5,11,20,False,27.0,1.15,28901671.0,30602607722496.0,5.46,1.7,gross,16.8,16.7,0.1,12.4,33826198.0,8.1,0.91,11.67,28.6,26.3,-8.1,38.8,False,False,-27.6463,False,2.1,22.1,False,3108.86,-8.1,True,False,50,17,1.13,2798.71,True
28,EOAN.DE,E.ON SE                       N,EUROSTOXX,Utilities,Utilities - Diversified,Germany,EUR,17.02,1.0,script-v2.0,1.0,2026-10-04T13:39:39.075805+02:00,75.0,72.9,98,51,0,7,81,seguimiento,seguimiento,,True,pass,pendiente,0,desconocido,Pendiente de implementar,parcial,"margin_stabilization (media): Margen gross 26.6% vs 24.8% (+1.8 pp) | dividend_maintained (baja): Dividendo actual 3.35% con caída del 16.5% | analyst_upgrade (media): Target 21.04 vs precio 17.02 (+24%), recMean 1.81, recKey buy",fuerte,seguimiento,16.17,17.02,16.17 - 17.02,17.33,17.98,17.33 - 17.98,Pérdida del soporte en 16.17 | ROE negativo durante 2 trimestres consecutivos | Ampliación de capital dilutiva | Recorte de rating a bono basura,6-12,"E.ON SE                       N está un 16.5% por debajo de su máximo 52s. Fundamentalmente sólida con ROE 15.5%, deuda neta/EBITDA 3.9x. Técnicamente 🔵 RSI recuperándose de sobreventa, 🟢 Divergencia alcista RSI. Clasificación: seguimiento.","E.ON SE                       N está un 16.5% por debajo de su máximo 52s. Fundamentalmente sólida con ROE 15.5%, deuda neta/EBITDA 3.9x. Técnicamente 🔵 RSI recuperándose de sobreventa, 🟢 Divergencia alcista RSI. Clasificación: seguimiento.",🔵 RSI recuperándose de sobreventa | 🟢 Divergencia alcista RSI | 🟡 MACD convergiendo | 🟡 Apoyo en MA40 semanal | 🟢 base_pattern_detected,3.35,11,20,False,44.2,1.53,4059070.0,38529999872.0,3.87,,gross,24.9,27.3,-2.4,15.5,44475.0,13.0,2.1,9.01,16.5,14.0,-5.3,40.3,False,True,-0.1301,False,34.7,19.8,False,18.04,-5.7,True,False,64,17,1.18,,False
29,CAP.PA,CAPGEMINI,EUROSTOXX,Technology,Information Technology Services,France,EUR,108.9,1.0,script-v2.0,1.0,2026-10-04T13:39:50.579939+02:00,75.0,79.1,94,66,0,4,63,seguimiento,seguimiento,Sin señales de recuperación,True,pass,pendiente,0,desconocido,Pendiente de implementar,ausente,"dividend_maintained (baja): Dividendo actual 3.12% con caída del 28.8% | analyst_upgrade (media): Target 140.51 vs precio 108.90 (+29%), recMean 1.76, recKey buy",razonable,seguimiento,99.97,106.48,99.97 - 106.48,105.85,130.09,105.85 - 130.09,Pérdida del soporte en 99.97 | ROE negativo durante 2 trimestres consecutivos | Ampliación de capital dilutiva | Recorte de rating a bono basura,12-18,"CAPGEMINI está un 28.8% por debajo de su máximo 52s. Fundamentalmente sólida con ROE 12.2%, deuda neta/EBITDA 2.6x. Técnicamente 🟢 Cruce alcista MACD, 🟢 Volumen creciente. Clasificación: seguimiento.","CAPGEMINI está un 28.8% por debajo de su máximo 52s. Fundamentalmente sólida con ROE 12.2%, deuda neta/EBITDA 2.6x. Técnicamente 🟢 Cruce alcista MACD, 🟢 Volumen creciente. Clasificación: seguimiento.",🟢 Cruce alcista MACD | 🟢 Volumen creciente | 🟢 base_pattern_detected | 🟡 trendline_break,3.12,11,20,False,43.2,0.88,603482.0,7907000320.0,2.56,7.7,,26.8,,,12.2,18078.0,13.8,1.58,8.52,28.8,40.3,2.9,55.3,True,False,0.1534,False,53.9,54.7,False,104.99,3.7,True,True,45,18,1.69,99.97,True
30,1299.HK,AIA,ASIA,Financial Services,Insurance - Life,Hong Kong,HKD,69.2,1.0,script-v2.0,1.0,2026-10-04T13:42:03.278943+02:00,75.0,78.6,93,66,0,4,64,seguimiento,seguimiento,Sin señales de recuperación,True,pass,pendiente,0,desconocido,Pendiente de implementar,ausente,"dividend_maintained (baja): Dividendo actual 2.86% con caída del 24.9% | analyst_upgrade (media): Target 102.79 vs precio 69.20 (+49%), recMean 1.30, recKey strong_buy",razonable,seguimiento,65.74,69.2,65.74 - 69.20,78.33,79.09,78.33 - 79.09,Pérdida del soporte en 65.74 | ROE negativo durante 2 trimestres consecutivos | Ampliación de capital dilutiva | Recorte de rating a bono basura,6-12,"AIA está un 24.9% por debajo de su máximo 52s. Fundamentalmente sólida con ROE 19.6%, deuda neta/EBITDA 1.6x. Técnicamente 🔵 RSI en sobreventa, 🟢 Volumen creciente. Clasificación: seguimiento.","AIA está un 24.9% por debajo de su máximo 52s. Fundamentalmente sólida con ROE 19.6%, deuda neta/EBITDA 1.6x. Técnicamente 🔵 RSI en sobreventa, 🟢 Volumen creciente. Clasificación: seguimiento.",🔵 RSI en sobreventa | 🟢 Volumen creciente | 🟢 base_pattern_detected,2.86,11,16,False,32.4,0.52,27855849.0,14578999296.0,1.64,45.4,,40.6,,,19.6,712977.0,11.6,2.23,82.04,24.9,23.1,-12.5,27.3,False,False,-1.4322,False,1.1,12.4,False,78.8,-12.2,True,False,52,12,1.41,,False
31,EN.PA,BOUYGUES,EUROSTOXX,Industrials,Engineering & Construction,France,EUR,40.7,1.0,script-v2.0,1.0,2026-10-04T13:39:52.979568+02:00,74.9,79.5,87,73,0,15,61,entrada_escalada,entrada_escalada,,True,pass,pendiente,0,desconocido,Pendiente de implementar,confirmada,"margin_stabilization (media): Margen gross 57.6% vs 57.8% (-0.2 pp) | eps_stabilization (media): EPS 0.98 vs -0.24 (Diluted EPS) | debt_reduction (alta): Deuda 14707.0M vs 15110.0M | dividend_maintained (baja): Dividendo actual 5.16% con caída del 23.9% | analyst_upgrade (media): Target 59.60 vs precio 40.70 (+46%), recMean 1.90, recKey buy",razonable,entrada_escalada,38.66,40.7,38.66 - 40.70,45.46,47.19,45.46 - 47.19,Pérdida del soporte en 38.66 | ROE negativo durante 2 trimestres consecutivos | Ampliación de capital dilutiva | Recorte de rating a bono basura,6-12,"BOUYGUES está un 23.9% por debajo de su máximo 52s. Fundamentalmente sólida con ROE 9.7%, deuda neta/EBITDA 2.1x. Técnicamente 🔵 RSI en sobreventa, 🟢 Divergencia alcista RSI. Clasificación: entrada_escalada.","BOUYGUES está un 23.9% por debajo de su máximo 52s. Fundamentalmente sólida con ROE 9.7%, deuda neta/EBITDA 2.1x. Técnicamente 🔵 RSI en sobreventa, 🟢 Divergencia alcista RSI. Clasificación: entrada_escalada.",🔵 RSI en sobreventa | 🟢 Divergencia alcista RSI | 🟢 Estocástico sale de sobreventa,5.16,11,20,False,64.2,1.03,656039.0,9871000576.0,2.15,-2.7,gross,56.8,56.3,0.5,9.7,15558.0,12.4,1.25,5.94,23.9,23.6,-13.7,23.2,False,False,-1.1158,False,4.4,4.2,True,47.24,-13.8,False,False,55,6,1.25,,False
32,MCD,McDonald's Corporation,SP500,Consumer Cyclical,Restaurants,United States,USD,231.89,1.0,script-v2.0,1.0,2026-10-04T13:40:48.328647+02:00,74.8,77.4,79,76,0,15,67,entrada_escalada,entrada_escalada,,True,pass,pendiente,0,desconocido,Pendiente de implementar,confirmada,"margin_stabilization (media): Margen gross 58.0% vs 55.9% (+2.1 pp) | eps_stabilization (media): EPS 3.32 vs 2.78 (Diluted EPS) | debt_reduction (alta): Deuda 54604.0M vs 54881.0M | dividend_maintained (baja): Dividendo actual 3.33% con caída del 32.1% | analyst_upgrade (media): Target 297.03 vs precio 231.89 (+28%), recMean 2.06, recKey buy",razonable,entrada_escalada,220.3,231.89,220.30 - 231.89,286.35,290.49,286.35 - 290.49,Pérdida del soporte en 220.30 | ROE negativo durante 2 trimestres consecutivos | Ampliación de capital dilutiva | Recorte de rating a bono basura,12-18,"McDonald's Corporation está un 32.1% por debajo de su máximo 52s. Fundamentalmente sólida con deuda neta/EBITDA 3.6x, dividendo 3.3%. Técnicamente 🔵 RSI en sobreventa, 🟡 MACD convergiendo. Clasificación: entrada_escalada.","McDonald's Corporation está un 32.1% por debajo de su máximo 52s. Fundamentalmente sólida con deuda neta/EBITDA 3.6x, dividendo 3.3%. Técnicamente 🔵 RSI en sobreventa, 🟡 MACD convergiendo. Clasificación: entrada_escalada.",🔵 RSI en sobreventa | 🟡 MACD convergiendo | 🟢 base_pattern_detected,3.33,11,20,False,59.7,,4975504.0,53782001280.0,3.6,-0.5,gross,57.4,57.4,0.0,,164095.0,18.8,-160.37,14.59,32.1,30.8,-19.0,24.0,False,True,-13.2495,False,8.1,5.3,False,285.15,-18.7,True,False,55,12,0.98,,False
33,3382.T,SEVEN & I HOLDINGS CO LTD,ASIA,Consumer Defensive,Grocery Stores,Japan,JPY,1978.0,1.0,script-v2.0,1.0,2026-10-04T13:41:54.675330+02:00,74.1,78.8,82,76,0,4,60,seguimiento,seguimiento,Sin señales de recuperación,True,pass,pendiente,0,desconocido,Pendiente de implementar,ausente,eps_stabilization (media): EPS 26.21 vs 18.96 (Diluted EPS) | dividend_maintained (baja): Dividendo actual 3.03% con caída del 18.2%,razonable,seguimiento,1956.22,1978.0,1956.22 - 1978.00,2035.89,2054.45,2035.89 - 2054.45,Pérdida del soporte en 1956.22 | ROE negativo durante 2 trimestres consecutivos | Ampliación de capital dilutiva | Recorte de rating a bono basura,6-12,"SEVEN & I HOLDINGS CO LTD está un 18.2% por debajo de su máximo 52s. Fundamentalmente sólida con ROE 8.0%, deuda neta/EBITDA 3.3x. Técnicamente 🟢 Cerca de soporte, 🟡 Apoyo en MA40 semanal. Clasificación: seguimiento.","SEVEN & I HOLDINGS CO LTD está un 18.2% por debajo de su máximo 52s. Fundamentalmente sólida con ROE 8.0%, deuda neta/EBITDA 3.3x. Técnicamente 🟢 Cerca de soporte, 🟡 Apoyo en MA40 semanal. Clasificación: seguimiento.",🟢 Cerca de soporte | 🟡 Apoyo en MA40 semanal | 🟢 base_pattern_detected,3.03,11,20,False,42.1,1.04,8965438.0,3217205100544.0,3.32,,,16.4,,,8.0,4484242.0,16.6,1.24,8.06,18.2,23.3,-2.8,41.8,False,False,2.0905,False,14.7,28.5,False,2029.02,-2.5,True,False,43,17,1.03,1956.22,True
34,PEP,"Pepsico, Inc.",SP500,Consumer Defensive,Beverages - Non-Alcoholic,United States,USD,125.89,1.0,script-v2.0,1.0,2026-10-04T13:40:36.635407+02:00,74.0,74.3,78,71,0,4,73,seguimiento,seguimiento,Sin señales de recuperación,True,pass,pendiente,0,desconocido,Pendiente de implementar,ausente,eps_stabilization (media): EPS 2.18 vs 1.70 (Diluted EPS) | dividend_maintained (baja): Dividendo actual 4.70% con caída del 26.6%,fuerte,seguimiento,119.6,125.89,119.60 - 125.89,144.56,145.76,144.56 - 145.76,Pérdida del soporte en 119.60 | ROE negativo durante 2 trimestres consecutivos | Ampliación de capital dilutiva | Recorte de rating a bono basura,12-18,"Pepsico, Inc. está un 26.6% por debajo de su máximo 52s. Fundamentalmente sólida con ROE 51.5%, deuda neta/EBITDA 2.2x. Técnicamente 🔵 RSI en sobreventa, 🟡 MACD convergiendo. Clasificación: seguimiento.","Pepsico, Inc. está un 26.6% por debajo de su máximo 52s. Fundamentalmente sólida con ROE 51.5%, deuda neta/EBITDA 2.2x. Técnicamente 🔵 RSI en sobreventa, 🟡 MACD convergiendo. Clasificación: seguimiento.",🔵 RSI en sobreventa | 🟡 MACD convergiendo | 🟢 Estocástico sale de sobreventa | 🟢 base_pattern_detected,4.7,11,20,False,75.3,2.39,8155809.0,42497998848.0,2.25,0.9,gross,54.2,54.1,0.1,51.5,171966.0,16.5,7.78,11.36,26.6,24.4,-12.9,26.1,False,True,-4.1642,False,6.7,3.2,True,144.7,-13.0,True,False,55,18,0.88,,False
35,RIO.AX,RIO TINTO FPO [RIO],ASX,Basic Materials,Other Industrial Metals & Mining,United Kingdom,AUD,164.81,1.0,script-v2.0,1.0,2026-10-04T13:41:32.498882+02:00,73.1,67.5,100,39,0,6,90,seguimiento,seguimiento,,True,pass,pendiente,0,desconocido,Pendiente de implementar,parcial,debt_reduction (alta): Deuda 22852.0M vs 23640.0M | dividend_maintained (baja): Dividendo actual 4.02% con caída del 15.8%,fuerte,seguimiento,164.81,164.81,164.81,163.9,166.46,163.90 - 166.46,Pérdida del soporte en 164.81 | ROE negativo durante 2 trimestres consecutivos | Ampliación de capital dilutiva | Recorte de rating a bono basura,6-12,"RIO TINTO FPO [RIO] está un 15.8% por debajo de su máximo 52s. Fundamentalmente sólida con ROE 19.3%, deuda neta/EBITDA 0.6x. Técnicamente 🔵 RSI recuperándose de sobreventa, 🟢 Divergencia alcista RSI. Clasificación: seguimiento.","RIO TINTO FPO [RIO] está un 15.8% por debajo de su máximo 52s. Fundamentalmente sólida con ROE 19.3%, deuda neta/EBITDA 0.6x. Técnicamente 🔵 RSI recuperándose de sobreventa, 🟢 Divergencia alcista RSI. Clasificación: seguimiento.",🔵 RSI recuperándose de sobreventa | 🟢 Divergencia alcista RSI | 🟡 MACD convergiendo | 🟢 Volumen creciente | 🟢 Cerca de soporte | 🟡 Apoyo en MA40 semanal | 🟢 base_pattern_detected,4.02,11,20,False,55.0,0.32,1090544.0,13344999424.0,0.58,-3.3,,29.8,,,19.3,268040.0,15.5,2.87,12.55,15.8,14.4,0.6,43.5,False,True,2.4757,False,40.8,36.5,False,164.17,0.4,True,False,73,17,1.42,164.81,True
36,MGR.AX,MIRVAC GRP STAPLED [MGR],ASX,Real Estate,REIT - Diversified,Australia,AUD,1.78,1.0,script-v2.0,1.0,2026-10-04T13:41:39.796608+02:00,73.0,75.6,82,70,0,9,65,seguimiento,seguimiento,,True,pass,pendiente,0,desconocido,Pendiente de implementar,parcial,eps_stabilization (media): EPS 0.02 vs -0.20 (annual_eps_fallback) | debt_reduction (alta): Deuda 3934.0M vs 4544.0M | dividend_maintained (baja): Dividendo actual 5.62% con caída del 27.6%,razonable,seguimiento,1.68,1.78,1.68 - 1.78,1.79,2.09,1.79 - 2.09,Pérdida del soporte en 1.68 | ROE negativo durante 2 trimestres consecutivos | Ampliación de capital dilutiva | Recorte de rating a bono basura,12-18,"MIRVAC GRP STAPLED [MGR] está un 27.6% por debajo de su máximo 52s. Fundamentalmente sólida con ROE 7.4%, deuda neta/EBITDA 4.1x. Técnicamente 🟢 Cruce alcista MACD, 🟢 MACD semanal girando al alza. Clasificación: seguimiento.","MIRVAC GRP STAPLED [MGR] está un 27.6% por debajo de su máximo 52s. Fundamentalmente sólida con ROE 7.4%, deuda neta/EBITDA 4.1x. Técnicamente 🟢 Cruce alcista MACD, 🟢 MACD semanal girando al alza. Clasificación: seguimiento.",🟢 Cruce alcista MACD | 🟢 MACD semanal girando al alza | 🟡 Apoyo en MA40 semanal,5.62,11,20,False,55.2,0.42,13048374.0,3605000128.0,4.12,-13.4,,38.9,,,7.4,6909.0,10.5,0.75,12.15,27.6,23.9,-0.5,49.3,True,False,-0.0094,True,50.8,68.3,False,1.78,0.0,False,False,50,15,1.1,1.68,True
37,ED,"Consolidated Edison, Inc.",SP500,Utilities,Utilities - Regulated Electric,United States,USD,103.39,1.0,script-v2.0,1.0,2026-10-04T13:40:46.140640+02:00,72.7,67.9,93,46,0,1,87,seguimiento,seguimiento,Sin señales de recuperación,True,pass,pendiente,0,desconocido,Pendiente de implementar,ausente,dividend_maintained (baja): Dividendo actual 3.39% con caída del 11.0%,fuerte,seguimiento,98.22,103.39,98.22 - 103.39,98.8,106.54,98.80 - 106.54,Pérdida del soporte en 98.22 | ROE negativo durante 2 trimestres consecutivos | Ampliación de capital dilutiva | Recorte de rating a bono basura,6-12,"Consolidated Edison, Inc. está un 11.0% por debajo de su máximo 52s. Fundamentalmente sólida con ROE 9.0%, deuda neta/EBITDA 4.4x. Técnicamente 🔵 RSI recuperándose de sobreventa, 🟢 Divergencia alcista RSI. Clasificación: seguimiento.","Consolidated Edison, Inc. está un 11.0% por debajo de su máximo 52s. Fundamentalmente sólida con ROE 9.0%, deuda neta/EBITDA 4.4x. Técnicamente 🔵 RSI recuperándose de sobreventa, 🟢 Divergencia alcista RSI. Clasificación: seguimiento.",🔵 RSI recuperándose de sobreventa | 🟢 Divergencia alcista RSI | 🟡 MACD convergiendo | 🟢 Volumen creciente | 🟡 Apoyo en MA40 semanal | 🟢 base_pattern_detected,3.39,11,20,False,57.1,1.1,2200767.0,26850000000.0,4.36,4.2,gross,53.4,53.2,0.2,9.0,38237.0,17.0,1.49,10.56,11.0,9.6,-3.0,41.6,False,True,-0.353,False,26.8,19.3,False,107.15,-3.5,True,False,70,17,1.57,,False
38,BATS.L,BRITISH AMERICAN TOBACCO PLC OR,EUROSTOXX,Consumer Defensive,Tobacco,United Kingdom,GBp,3960.0,1.0,script-v2.0,1.0,2026-10-04T13:40:31.877406+02:00,72.3,74.1,88,62,0,12,67,entrada_escalada,entrada_escalada,,True,pass,pendiente,0,desconocido,Pendiente de implementar,confirmada,"eps_stabilization (media): EPS 3.49 vs 1.36 (annual_eps_fallback) | debt_reduction (alta): Deuda 35063.0M vs 35070.0M | dividend_maintained (baja): Dividendo actual 0.06% con caída del 26.2% | analyst_upgrade (media): Target 5153.85 vs precio 3960.00 (+30%), recMean 1.62, recKey buy",razonable,entrada_escalada,3762.0,3960.0,3762.00 - 3960.00,4380.2,4562.8,4380.20 - 4562.80,Pérdida del soporte en 3762.00 | ROE negativo durante 2 trimestres consecutivos | Ampliación de capital dilutiva | Recorte de rating a bono basura,12-18,"BRITISH AMERICAN TOBACCO PLC OR está un 26.2% por debajo de su máximo 52s. Fundamentalmente sólida con ROE 13.4%, deuda neta/EBITDA 2.9x. Técnicamente 🔵 RSI en sobreventa, 🟢 Divergencia alcista RSI. Clasificación: entrada_escalada.","BRITISH AMERICAN TOBACCO PLC OR está un 26.2% por debajo de su máximo 52s. Fundamentalmente sólida con ROE 13.4%, deuda neta/EBITDA 2.9x. Técnicamente 🔵 RSI en sobreventa, 🟢 Divergencia alcista RSI. Clasificación: entrada_escalada.",🔵 RSI en sobreventa | 🟢 Divergencia alcista RSI | 🟡 Apoyo en MA40 semanal | 🟢 base_pattern_detected,0.06,11,20,False,83.4,0.72,3420553.0,32530001152.0,2.9,-0.0,,82.7,,,13.4,85209.0,13.6,1.84,10.58,26.2,26.2,-9.6,34.3,False,False,-81.7116,False,0.0,9.4,False,4386.48,-9.7,True,False,50,17,0.85,,False
39,GLE.PA,SOCIETE GENERALE,EUROSTOXX,Financial Services,Banks - Regional,France,EUR,66.3,1.0,script-v2.0,1.0,2026-10-04T13:39:53.530573+02:00,72.2,65.3,68,63,0,7,93,seguimiento,seguimiento,,True,pass,pendiente,0,desconocido,Pendiente de implementar,parcial,"eps_stabilization (media): EPS 2.05 vs 1.88 (Diluted EPS) | dividend_maintained (baja): Dividendo actual 2.64% con caída del 21.8% | analyst_upgrade (media): Target 90.02 vs precio 66.30 (+36%), recMean 1.90, recKey buy",fuerte,seguimiento,64.33,66.3,64.33 - 66.30,71.63,72.1,71.63 - 72.10,Pérdida del soporte en 64.33 | ROE negativo durante 2 trimestres consecutivos | Ampliación de capital dilutiva | Recorte de rating a bono basura,6-12,"SOCIETE GENERALE está un 21.8% por debajo de su máximo 52s. Fundamentalmente sólida con ROE 9.5%, dividendo 2.6%. Técnicamente 🔵 RSI en sobreventa, 🟢 Divergencia alcista RSI. Clasificación: seguimiento.","SOCIETE GENERALE está un 21.8% por debajo de su máximo 52s. Fundamentalmente sólida con ROE 9.5%, dividendo 2.6%. Técnicamente 🔵 RSI en sobreventa, 🟢 Divergencia alcista RSI. Clasificación: seguimiento.",🔵 RSI en sobreventa | 🟢 Divergencia alcista RSI | 🟢 Volumen creciente | 🟢 Cerca de soporte | 🟢 Estocástico sale de sobreventa | 🟡 Apoyo en MA40 semanal | 🟢 base_pattern_detected,2.64,10,6,False,21.2,,1808985.0,-362578968576.0,,117.1,,0.0,,,9.5,48046.0,8.7,0.68,,21.8,21.8,-7.4,30.5,False,False,0.9893,False,13.0,6.4,True,71.37,-7.1,True,False,70,23,1.37,64.33,False
40,005380.KS,HyundaiMtr,ASIA,Consumer Cyclical,Auto Manufacturers,South Korea,KRW,346500.0,1.0,script-v2.0,1.0,2026-10-04T13:42:07.097072+02:00,71.7,67.3,63,71,0,10,85,seguimiento,seguimiento,,True,pass,pendiente,0,desconocido,Pendiente de implementar,parcial,"margin_stabilization (media): Margen gross 17.8% vs 17.5% (+0.3 pp) | eps_stabilization (media): EPS 9621.00 vs 8897.00 (Diluted EPS) | dividend_maintained (baja): Dividendo actual 2.89% con caída del 55.7% | analyst_upgrade (media): Target 641504.00 vs precio 346500.00 (+85%), recMean 1.66, recKey buy",fuerte,seguimiento,336373.72,346500.0,336373.72 - 346500.00,469097.66,665550.0,469097.66 - 665550.00,Pérdida del soporte en 336373.72 | ROE negativo durante 2 trimestres consecutivos | Ampliación de capital dilutiva | Recorte de rating a bono basura,18-24,"HyundaiMtr está un 55.7% por debajo de su máximo 52s. Fundamentalmente sólida con ROE 7.2%, deuda neta/EBITDA 7.8x. Técnicamente 🔵 RSI en sobreventa, 🟢 Divergencia alcista RSI. Clasificación: seguimiento.","HyundaiMtr está un 55.7% por debajo de su máximo 52s. Fundamentalmente sólida con ROE 7.2%, deuda neta/EBITDA 7.8x. Técnicamente 🔵 RSI en sobreventa, 🟢 Divergencia alcista RSI. Clasificación: seguimiento.",🔵 RSI en sobreventa | 🟢 Divergencia alcista RSI | 🟡 MACD convergiendo | 🟢 Cerca de soporte | 🟢 base_pattern_detected,2.89,11,20,False,32.2,1.41,664414.0,102580327809024.0,7.79,3.3,gross,17.4,17.4,0.0,7.2,90725505.0,7.3,,15.7,55.7,55.5,-26.1,32.1,False,True,-34865.3225,False,7.4,6.6,False,486160.13,-28.7,True,False,73,12,0.92,336373.72,False
41,T,AT&T Inc.,SP500,Communication Services,Telecom Services,United States,USD,24.3,1.0,script-v2.0,1.0,2026-10-04T13:40:39.422013+02:00,71.3,75.1,89,63,0,7,60,seguimiento,seguimiento,,True,pass,pendiente,0,desconocido,Pendiente de implementar,parcial,margin_stabilization (media): Margen gross 61.8% vs 60.1% (+1.7 pp) | eps_stabilization (media): EPS 0.66 vs 0.54 (Diluted EPS) | dividend_maintained (baja): Dividendo actual 4.57% con caída del 17.5%,razonable,seguimiento,22.46,24.3,22.46 - 24.30,24.79,25.02,24.79 - 25.02,Pérdida del soporte en 22.46 | ROE negativo durante 2 trimestres consecutivos | Ampliación de capital dilutiva | Recorte de rating a bono basura,6-12,"AT&T Inc. está un 17.5% por debajo de su máximo 52s. Fundamentalmente sólida con ROE 18.3%, deuda neta/EBITDA 3.3x. Técnicamente 🟡 MACD convergiendo, 🟡 Apoyo en MA40 semanal. Clasificación: seguimiento.","AT&T Inc. está un 17.5% por debajo de su máximo 52s. Fundamentalmente sólida con ROE 18.3%, deuda neta/EBITDA 3.3x. Técnicamente 🟡 MACD convergiendo, 🟡 Apoyo en MA40 semanal. Clasificación: seguimiento.",🟡 MACD convergiendo | 🟡 Apoyo en MA40 semanal | 🟢 base_pattern_detected,4.57,11,20,False,36.6,1.29,50562979.0,148185993216.0,3.3,5.4,gross,59.7,59.8,-0.1,18.3,166513.0,8.0,1.51,7.4,17.5,15.5,-2.0,38.2,False,True,0.136,False,3.3,1.4,False,24.89,-2.4,True,False,43,17,0.84,22.46,True
42,DTE.DE,DEUTSCHE TELEKOM AG           N,EUROSTOXX,Communication Services,Telecom Services,Germany,EUR,26.56,1.0,script-v2.0,1.0,2026-10-04T13:39:38.879885+02:00,71.0,72.4,82,64,0,10,67,seguimiento,seguimiento,,True,pass,pendiente,0,desconocido,Pendiente de implementar,parcial,"margin_stabilization (media): Margen gross 63.2% vs 62.1% (+1.1 pp) | eps_stabilization (media): EPS 0.51 vs 0.42 (Diluted EPS) | dividend_maintained (baja): Dividendo actual 3.77% con caída del 22.7% | analyst_upgrade (media): Target 36.33 vs precio 26.56 (+37%), recMean 1.56, recKey buy",razonable,seguimiento,23.53,26.56,23.53 - 26.56,28.35,29.21,28.35 - 29.21,Pérdida del soporte en 23.53 | ROE negativo durante 2 trimestres consecutivos | Ampliación de capital dilutiva | Recorte de rating a bono basura,6-12,"DEUTSCHE TELEKOM AG           N está un 22.7% por debajo de su máximo 52s. Fundamentalmente sólida con ROE 15.1%, deuda neta/EBITDA 3.3x. Técnicamente 🔵 RSI recuperándose de sobreventa, 🟡 MACD convergiendo. Clasificación: seguimiento.","DEUTSCHE TELEKOM AG           N está un 22.7% por debajo de su máximo 52s. Fundamentalmente sólida con ROE 15.1%, deuda neta/EBITDA 3.3x. Técnicamente 🔵 RSI recuperándose de sobreventa, 🟡 MACD convergiendo. Clasificación: seguimiento.",🔵 RSI recuperándose de sobreventa | 🟡 MACD convergiendo | 🟡 Apoyo en MA40 semanal | 🟢 base_pattern_detected,3.77,11,20,False,56.2,1.65,5740835.0,141382993408.0,3.31,2.8,gross,44.9,61.1,-16.2,15.1,127026.0,14.9,2.12,6.98,22.7,21.4,-6.3,39.0,False,True,-0.279,False,27.2,13.3,False,28.44,-6.6,True,False,50,17,0.95,23.53,False
43,UPS,"United Parcel Service, Inc.",SP500,Industrials,Integrated Freight & Logistics,United States,USD,93.02,1.0,script-v2.0,1.0,2026-10-04T13:41:00.678413+02:00,70.8,71.5,88,57,0,4,69,seguimiento,seguimiento,Sin señales de recuperación,True,pass,pendiente,0,desconocido,Pendiente de implementar,ausente,"dividend_maintained (baja): Dividendo actual 7.05% con caída del 24.0% | analyst_upgrade (media): Target 115.23 vs precio 93.02 (+24%), recMean 2.17, recKey buy",razonable,seguimiento,92.99,93.02,92.99 - 93.02,102.43,104.05,102.43 - 104.05,Pérdida del soporte en 92.99 | ROE negativo durante 2 trimestres consecutivos | Ampliación de capital dilutiva | Recorte de rating a bono basura,6-12,"United Parcel Service, Inc. está un 24.0% por debajo de su máximo 52s. Fundamentalmente sólida con ROE 29.6%, deuda neta/EBITDA 2.0x. Técnicamente 🔵 RSI en sobreventa, 🟡 MACD convergiendo. Clasificación: seguimiento.","United Parcel Service, Inc. está un 24.0% por debajo de su máximo 52s. Fundamentalmente sólida con ROE 29.6%, deuda neta/EBITDA 2.0x. Técnicamente 🔵 RSI en sobreventa, 🟡 MACD convergiendo. Clasificación: seguimiento.",🔵 RSI en sobreventa | 🟡 MACD convergiendo | 🟢 Cerca de soporte | 🟡 Apoyo en MA40 semanal,7.05,11,20,False,121.9,1.9,4854176.0,24019999232.0,1.99,0.0,gross,22.4,16.5,5.9,29.6,79140.0,17.3,5.25,8.54,24.0,27.3,-9.2,34.4,False,True,-1.11,False,12.1,15.9,False,102.82,-9.5,False,False,64,5,0.92,92.99,False
44,ADS.DE,adidas AG                     N,EUROSTOXX,Consumer Cyclical,Footwear & Accessories,Germany,EUR,144.05,1.0,script-v2.0,1.0,2026-10-04T13:39:43.744819+02:00,70.5,74.1,97,54,0,7,60,seguimiento,seguimiento,,True,pass,pendiente,0,desconocido,Pendiente de implementar,parcial,"margin_stabilization (media): Margen gross 52.5% vs 51.1% (+1.4 pp) | dividend_maintained (baja): Dividendo actual 1.94% con caída del 26.7% | analyst_upgrade (media): Target 196.73 vs precio 144.05 (+37%), recMean 1.77, recKey buy",razonable,seguimiento,139.86,144.05,139.86 - 144.05,154.38,166.94,154.38 - 166.94,Pérdida del soporte en 139.86 | ROE negativo durante 2 trimestres consecutivos | Ampliación de capital dilutiva | Recorte de rating a bono basura,12-18,"adidas AG                     N está un 26.7% por debajo de su máximo 52s. Fundamentalmente sólida con ROE 24.3%, deuda neta/EBITDA 1.7x. Técnicamente 🟢 Divergencia alcista RSI, 🟢 Cerca de soporte. Clasificación: seguimiento.","adidas AG                     N está un 26.7% por debajo de su máximo 52s. Fundamentalmente sólida con ROE 24.3%, deuda neta/EBITDA 1.7x. Técnicamente 🟢 Divergencia alcista RSI, 🟢 Cerca de soporte. Clasificación: seguimiento.",🟢 Divergencia alcista RSI | 🟢 Cerca de soporte | 🟡 Apoyo en MA40 semanal,1.94,10,6,False,35.9,0.94,684891.0,4415999872.0,1.66,0.4,gross,51.6,51.6,0.0,24.3,25218.0,18.5,4.23,11.27,26.7,43.9,-6.7,43.6,False,False,-3.5934,False,54.8,48.3,False,153.92,-6.4,False,False,55,5,0.93,139.86,False
45,HEIA.AS,HEINEKEN,EUROSTOXX,Consumer Defensive,Beverages - Brewers,Netherlands,EUR,69.66,1.0,script-v2.0,1.0,2026-10-04T13:40:04.315127+02:00,70.2,73.2,94,55,0,7,61,seguimiento,seguimiento,,True,pass,pendiente,0,desconocido,Pendiente de implementar,parcial,"eps_stabilization (media): EPS 3.38 vs 1.74 (annual_eps_fallback) | dividend_maintained (baja): Dividendo actual 2.76% con caída del 13.4% | analyst_upgrade (media): Target 89.14 vs precio 69.66 (+28%), recMean 1.83, recKey buy",razonable,seguimiento,63.93,69.66,63.93 - 69.66,68.37,70.59,68.37 - 70.59,Pérdida del soporte en 63.93 | ROE negativo durante 2 trimestres consecutivos | Ampliación de capital dilutiva | Recorte de rating a bono basura,6-12,"HEINEKEN está un 13.4% por debajo de su máximo 52s. Fundamentalmente sólida con ROE 12.1%, deuda neta/EBITDA 3.2x. Técnicamente 🟢 Divergencia alcista RSI, 🟡 MACD convergiendo. Clasificación: seguimiento.","HEINEKEN está un 13.4% por debajo de su máximo 52s. Fundamentalmente sólida con ROE 12.1%, deuda neta/EBITDA 3.2x. Técnicamente 🟢 Divergencia alcista RSI, 🟡 MACD convergiendo. Clasificación: seguimiento.",🟢 Divergencia alcista RSI | 🟡 MACD convergiendo | 🟡 Apoyo en MA40 semanal,2.76,11,20,False,46.3,0.95,747973.0,17812999680.0,3.22,7.1,,37.0,,,12.1,38581.0,17.0,2.0,10.59,13.4,13.0,-1.3,39.4,False,True,0.3193,False,23.4,16.1,False,70.64,-1.4,False,False,56,5,1.12,63.93,False
46,4568.T,DAIICHI SANKYO COMPANY LIMITED,ASIA,Healthcare,Drug Manufacturers - General,Japan,JPY,2709.0,1.0,script-v2.0,1.0,2026-10-04T13:41:48.150609+02:00,70.1,75.1,97,56,0,4,55,seguimiento,seguimiento,Sin señales de recuperación,True,pass,pendiente,0,desconocido,Pendiente de implementar,ausente,"dividend_maintained (baja): Dividendo actual 3.69% con caída del 35.2% | analyst_upgrade (media): Target 4090.00 vs precio 2709.00 (+51%), recMean 1.50, recKey strong_buy",razonable,seguimiento,2633.83,2709.0,2633.83 - 2709.00,2803.87,3551.3,2803.87 - 3551.30,Pérdida del soporte en 2633.83 | ROE negativo durante 2 trimestres consecutivos | Ampliación de capital dilutiva | Recorte de rating a bono basura,12-18,"DAIICHI SANKYO COMPANY LIMITED está un 35.2% por debajo de su máximo 52s. Fundamentalmente sólida con ROE 14.8%, deuda neta/EBITDA -0.4x. Técnicamente 🟢 Cerca de soporte, 🟡 Apoyo en MA40 semanal. Clasificación: seguimiento.","DAIICHI SANKYO COMPANY LIMITED está un 35.2% por debajo de su máximo 52s. Fundamentalmente sólida con ROE 14.8%, deuda neta/EBITDA -0.4x. Técnicamente 🟢 Cerca de soporte, 🟡 Apoyo en MA40 semanal. Clasificación: seguimiento.",🟢 Cerca de soporte | 🟡 Apoyo en MA40 semanal | 🟢 base_pattern_detected,3.69,11,20,False,55.6,0.29,6346360.0,-137370009600.0,-0.44,148.8,,68.5,,,14.8,4929441.0,19.3,2.9,15.41,35.2,43.9,-3.4,44.5,False,False,-5.9134,False,27.8,42.4,False,2755.88,-1.7,True,False,38,17,0.92,2633.83,True
47,Z74.SI,Singtel,ASIA,Communication Services,Telecom Services,Singapore,SGD,4.25,1.0,script-v2.0,1.0,2026-10-04T13:42:10.006214+02:00,69.8,67.8,87,51,0,7,76,seguimiento,seguimiento,,True,pass,pendiente,0,desconocido,Pendiente de implementar,parcial,"eps_stabilization (media): EPS 0.34 vs 0.24 (annual_eps_fallback) | dividend_maintained (baja): Dividendo actual 3.06% con caída del 19.4% | analyst_upgrade (media): Target 5.32 vs precio 4.25 (+25%), recMean 1.57, recKey buy",fuerte,seguimiento,4.04,4.25,4.04 - 4.25,4.48,4.52,4.48 - 4.52,Pérdida del soporte en 4.04 | ROE negativo durante 2 trimestres consecutivos | Ampliación de capital dilutiva | Recorte de rating a bono basura,6-12,"Singtel está un 19.4% por debajo de su máximo 52s. Fundamentalmente sólida con deuda neta/EBITDA 2.3x, dividendo 3.1%. Técnicamente 🔵 RSI en sobreventa, 🟡 MACD convergiendo. Clasificación: seguimiento.","Singtel está un 19.4% por debajo de su máximo 52s. Fundamentalmente sólida con deuda neta/EBITDA 2.3x, dividendo 3.1%. Técnicamente 🔵 RSI en sobreventa, 🟡 MACD convergiendo. Clasificación: seguimiento.",🔵 RSI en sobreventa | 🟡 MACD convergiendo | 🟡 Apoyo en MA40 semanal | 🟢 base_pattern_detected,3.06,11,20,False,39.0,0.41,25838403.0,8019799552.0,2.32,2.5,,25.6,,,,69258.0,12.5,2.53,22.59,19.4,17.5,-6.0,34.5,False,True,-0.034,False,8.3,10.2,False,4.52,-5.9,True,False,59,17,1.07,,False
48,BEI.DE,BEIERSDORF AG                 I,EUROSTOXX,Consumer Defensive,Household & Personal Products,Germany,EUR,75.4,1.0,script-v2.0,1.0,2026-10-04T13:39:46.166618+02:00,69.5,75.9,85,68,0,1,50,seguimiento,seguimiento,Sin señales de recuperación,True,pass,pendiente,0,desconocido,Pendiente de implementar,ausente,dividend_maintained (baja): Dividendo actual 1.33% con caída del 31.5%,razonable,seguimiento,73.16,75.4,73.16 - 75.40,80.98,93.63,80.98 - 93.63,Pérdida del soporte en 73.16 | ROE negativo durante 2 trimestres consecutivos | Ampliación de capital dilutiva | Recorte de rating a bono basura,12-18,"BEIERSDORF AG                 I está un 31.5% por debajo de su máximo 52s. Fundamentalmente sólida con ROE 10.9%, deuda neta/EBITDA -1.7x. Técnicamente 🟢 Cerca de soporte, 🟡 Apoyo en MA40 semanal. Clasificación: seguimiento.","BEIERSDORF AG                 I está un 31.5% por debajo de su máximo 52s. Fundamentalmente sólida con ROE 10.9%, deuda neta/EBITDA -1.7x. Técnicamente 🟢 Cerca de soporte, 🟡 Apoyo en MA40 semanal. Clasificación: seguimiento.",🟢 Cerca de soporte | 🟡 Apoyo en MA40 semanal,1.33,11,20,False,23.3,1.22,359670.0,-2731999872.0,-1.73,,,57.1,,,10.9,16443.0,17.5,1.83,8.68,31.5,44.0,-6.9,44.0,False,False,-1.4429,False,28.2,39.5,False,80.79,-6.7,False,False,45,5,0.91,73.16,False
49,MS,Morgan Stanley,SP500,Financial Services,Capital Markets,United States,USD,190.31,1.0,script-v2.0,1.0,2026-10-04T13:40:53.215432+02:00,69.3,61.7,82,44,0,7,92,seguimiento,seguimiento,,True,pass,pendiente,0,desconocido,Pendiente de implementar,parcial,"eps_stabilization (media): EPS 3.46 vs 3.43 (Diluted EPS) | dividend_maintained (baja): Dividendo actual 2.42% con caída del 18.1% | analyst_upgrade (media): Target 233.43 vs precio 190.31 (+23%), recMean 2.28, recKey buy",fuerte,seguimiento,185.37,190.31,185.37 - 190.31,192.5,197.41,192.50 - 197.41,Pérdida del soporte en 185.37 | ROE negativo durante 2 trimestres consecutivos | Ampliación de capital dilutiva | Recorte de rating a bono basura,6-12,"Morgan Stanley está un 18.1% por debajo de su máximo 52s. Fundamentalmente sólida con ROE 18.0%, D/E 5.17. Técnicamente 🔵 RSI en sobreventa, 🟡 MACD convergiendo. Clasificación: seguimiento.","Morgan Stanley está un 18.1% por debajo de su máximo 52s. Fundamentalmente sólida con ROE 18.0%, D/E 5.17. Técnicamente 🔵 RSI en sobreventa, 🟡 MACD convergiendo. Clasificación: seguimiento.",🔵 RSI en sobreventa | 🟡 MACD convergiendo | 🟢 Volumen creciente | 🟢 Cerca de soporte | 🟡 Apoyo en MA40 semanal | 🟢 base_pattern_detected,2.42,11,20,False,32.3,5.17,5150660.0,-131580035072.0,,54.1,,87.6,,,18.0,298894.0,15.4,2.81,,18.1,17.6,-1.1,30.0,False,True,4.5543,False,30.6,16.3,False,193.08,-1.4,True,False,75,17,1.36,185.37,False
50,GSK.L,GSK PLC ORD 31 1/4P,EUROSTOXX,Healthcare,Drug Manufacturers - General,United Kingdom,GBp,1779.5,1.0,script-v2.0,1.0,2026-10-04T13:40:24.644245+02:00,69.2,72.3,91,56,0,9,60,seguimiento,seguimiento,,True,pass,pendiente,0,desconocido,Pendiente de implementar,parcial,"debt_reduction (alta): Deuda 18293.0M vs 19056.0M | dividend_maintained (baja): Dividendo actual 0.04% con caída del 22.0% | analyst_upgrade (media): Target 2174.81 vs precio 1779.50 (+22%), recMean 2.52, recKey hold",razonable,seguimiento,1689.85,1779.5,1689.85 - 1779.50,1939.7,1952.78,1939.70 - 1952.78,Pérdida del soporte en 1689.85 | ROE negativo durante 2 trimestres consecutivos | Ampliación de capital dilutiva | Recorte de rating a bono basura,6-12,"GSK PLC ORD 31 1/4P está un 22.0% por debajo de su máximo 52s. Fundamentalmente sólida con ROE 33.4%, deuda neta/EBITDA 1.4x. Técnicamente 🟢 Divergencia alcista RSI, 🟡 Apoyo en MA40 semanal. Clasificación: seguimiento.","GSK PLC ORD 31 1/4P está un 22.0% por debajo de su máximo 52s. Fundamentalmente sólida con ROE 33.4%, deuda neta/EBITDA 1.4x. Técnicamente 🟢 Divergencia alcista RSI, 🟡 Apoyo en MA40 semanal. Clasificación: seguimiento.",🟢 Divergencia alcista RSI | 🟡 Apoyo en MA40 semanal | 🟢 base_pattern_detected,0.04,11,20,False,56.9,1.06,6762344.0,15187000320.0,1.4,-4.0,gross,73.5,72.8,0.7,33.4,71305.0,15.1,4.04,7.95,22.0,22.0,-8.9,35.6,False,False,-28.199,False,6.5,17.7,False,1954.58,-9.0,True,False,43,17,1.25,1689.85,False
51,ORG.AX,ORIGIN ENE FPO [ORG],ASX,Utilities,Utilities - Diversified,Australia,AUD,10.9,1.0,script-v2.0,1.0,2026-10-04T13:41:37.378957+02:00,69.2,70.0,94,49,0,4,67,seguimiento,seguimiento,Sin señales de recuperación,True,pass,pendiente,0,desconocido,Pendiente de implementar,ausente,eps_stabilization (media): EPS 0.91 vs 0.86 (annual_eps_fallback) | dividend_maintained (baja): Dividendo actual 5.50% con caída del 15.1%,razonable,seguimiento,10.2,10.9,10.20 - 10.90,10.91,11.1,10.91 - 11.10,Pérdida del soporte en 10.20 | ROE negativo durante 2 trimestres consecutivos | Ampliación de capital dilutiva | Recorte de rating a bono basura,6-12,"ORIGIN ENE FPO [ORG] está un 15.1% por debajo de su máximo 52s. Fundamentalmente sólida con ROE 15.7%, deuda neta/EBITDA 2.4x. Técnicamente 🔵 RSI recuperándose de sobreventa, 🟡 MACD convergiendo. Clasificación: seguimiento.","ORIGIN ENE FPO [ORG] está un 15.1% por debajo de su máximo 52s. Fundamentalmente sólida con ROE 15.7%, deuda neta/EBITDA 2.4x. Técnicamente 🔵 RSI recuperándose de sobreventa, 🟡 MACD convergiendo. Clasificación: seguimiento.",🔵 RSI recuperándose de sobreventa | 🟡 MACD convergiendo | 🟡 Apoyo en MA40 semanal | 🟢 base_pattern_detected,5.5,9,8,False,65.8,0.49,4271824.0,4140000128.0,2.41,3.4,,22.4,,,15.7,18778.0,12.0,1.85,13.33,15.1,12.9,-1.8,41.3,False,True,0.0258,False,9.1,9.1,False,11.15,-2.2,True,False,50,17,0.75,10.2,True
52,BN.PA,DANONE,EUROSTOXX,Consumer Defensive,Packaged Foods,France,EUR,59.12,1.0,script-v2.0,1.0,2026-10-04T13:39:48.540522+02:00,69.0,73.7,87,62,0,4,55,seguimiento,seguimiento,Sin señales de recuperación,True,pass,pendiente,0,desconocido,Pendiente de implementar,ausente,"dividend_maintained (baja): Dividendo actual 3.81% con caída del 26.2% | analyst_upgrade (media): Target 78.93 vs precio 59.12 (+34%), recMean 2.18, recKey buy",razonable,seguimiento,56.16,59.12,56.16 - 59.12,67.01,68.12,67.01 - 68.12,Pérdida del soporte en 56.16 | ROE negativo durante 2 trimestres consecutivos | Ampliación de capital dilutiva | Recorte de rating a bono basura,12-18,"DANONE está un 26.2% por debajo de su máximo 52s. Fundamentalmente sólida con ROE 12.2%, deuda neta/EBITDA 2.0x. Técnicamente 🔵 RSI recuperándose de sobreventa, 🟡 MACD convergiendo. Clasificación: seguimiento.","DANONE está un 26.2% por debajo de su máximo 52s. Fundamentalmente sólida con ROE 12.2%, deuda neta/EBITDA 2.0x. Técnicamente 🔵 RSI recuperándose de sobreventa, 🟡 MACD convergiendo. Clasificación: seguimiento.",🔵 RSI recuperándose de sobreventa | 🟡 MACD convergiendo,3.81,11,20,False,74.5,0.99,1240341.0,9087999488.0,2.01,20.9,,50.0,,,12.2,38079.0,19.6,2.16,10.46,26.2,23.7,-11.8,35.9,False,True,-1.9548,False,38.3,15.9,False,66.69,-11.4,False,False,55,0,1.28,,False
53,WFC,Wells Fargo & Company,SP500,Financial Services,Banks - Diversified,United States,USD,80.45,1.0,script-v2.0,1.0,2026-10-04T13:40:52.226344+02:00,69.0,70.7,76,66,0,7,64,seguimiento,seguimiento,,True,pass,pendiente,0,desconocido,Pendiente de implementar,parcial,"eps_stabilization (media): EPS 2.00 vs 1.60 (Diluted EPS) | dividend_maintained (baja): Dividendo actual 2.49% con caída del 17.7% | analyst_upgrade (media): Target 100.20 vs precio 80.45 (+25%), recMean 1.85, recKey buy",razonable,seguimiento,74.75,80.45,74.75 - 80.45,83.1,84.05,83.10 - 84.05,Pérdida del soporte en 74.75 | ROE negativo durante 2 trimestres consecutivos | Ampliación de capital dilutiva | Recorte de rating a bono basura,6-12,"Wells Fargo & Company está un 17.7% por debajo de su máximo 52s. Fundamentalmente sólida con ROE 12.6%, dividendo 2.5%. Técnicamente 🔵 RSI en sobreventa, 🟡 MACD convergiendo. Clasificación: seguimiento.","Wells Fargo & Company está un 17.7% por debajo de su máximo 52s. Fundamentalmente sólida con ROE 12.6%, dividendo 2.5%. Técnicamente 🔵 RSI en sobreventa, 🟡 MACD convergiendo. Clasificación: seguimiento.",🔵 RSI en sobreventa | 🟡 MACD convergiendo | 🟡 Apoyo en MA40 semanal,2.49,11,20,False,26.2,,14124698.0,-17941987328.0,,121.3,,0.0,,,12.6,243281.0,11.7,1.48,,17.7,16.4,-4.3,33.7,False,True,0.8114,False,17.5,11.8,False,83.59,-3.8,False,False,59,5,1.1,74.75,False
54,0388.HK,HKEX,ASIA,Financial Services,Financial Data & Stock Exchanges,Hong Kong,HKD,375.8,1.0,script-v2.0,1.0,2026-10-04T13:42:01.228290+02:00,69.0,66.7,96,41,0,10,76,seguimiento,seguimiento,,True,pass,pendiente,0,desconocido,Pendiente de implementar,parcial,"margin_stabilization (media): Margen gross 85.3% vs 80.1% (+5.2 pp) | eps_stabilization (media): EPS 4.09 vs 3.22 (Diluted EPS) | dividend_maintained (baja): Dividendo actual 3.95% con caída del 18.3% | analyst_upgrade (media): Target 516.80 vs precio 375.80 (+38%), recMean 1.47, recKey strong_buy",fuerte,seguimiento,357.01,375.8,357.01 - 375.80,391.17,397.14,391.17 - 397.14,Pérdida del soporte en 357.01 | ROE negativo durante 2 trimestres consecutivos | Ampliación de capital dilutiva | Recorte de rating a bono basura,6-12,"HKEX está un 18.3% por debajo de su máximo 52s. Fundamentalmente sólida con ROE 33.6%, deuda neta/EBITDA -6.9x. Técnicamente 🔵 RSI en sobreventa, 🟢 Bajo SMA200 con SMA50 girando. Clasificación: seguimiento.","HKEX está un 18.3% por debajo de su máximo 52s. Fundamentalmente sólida con ROE 33.6%, deuda neta/EBITDA -6.9x. Técnicamente 🔵 RSI en sobreventa, 🟢 Bajo SMA200 con SMA50 girando. Clasificación: seguimiento.",🔵 RSI en sobreventa | 🟢 Bajo SMA200 con SMA50 girando | 🟢 Volumen creciente | 🟡 Apoyo en MA40 semanal | 🟢 base_pattern_detected,3.95,11,20,False,80.1,1.55,3577828.0,-166704000896.0,-6.9,8.0,gross,96.6,81.3,15.4,33.6,475011.0,24.0,7.83,12.78,18.3,15.6,-5.4,30.4,False,False,-1.1385,False,4.4,16.4,False,396.02,-5.1,True,False,59,17,1.51,,True
55,SO,Southern Company (The),SP500,Utilities,Utilities - Regulated Electric,United States,USD,83.72,1.0,script-v2.0,1.0,2026-10-04T13:41:08.973976+02:00,68.8,61.7,75,50,0,4,90,seguimiento,seguimiento,Sin señales de recuperación,True,pass,pendiente,0,desconocido,Pendiente de implementar,ausente,margin_stabilization (media): Margen gross 51.3% vs 46.5% (+4.8 pp) | dividend_maintained (baja): Dividendo actual 3.63% con caída del 17.0%,fuerte,seguimiento,81.69,83.72,81.69 - 83.72,85.71,91.0,85.71 - 91.00,Pérdida del soporte en 81.69 | ROE negativo durante 2 trimestres consecutivos | Ampliación de capital dilutiva | Recorte de rating a bono basura,6-12,"Southern Company (The) está un 17.0% por debajo de su máximo 52s. Fundamentalmente sólida con ROE 11.5%, deuda neta/EBITDA 5.2x. Técnicamente 🔵 RSI recuperándose de sobreventa, 🟢 Cruce alcista MACD. Clasificación: seguimiento.","Southern Company (The) está un 17.0% por debajo de su máximo 52s. Fundamentalmente sólida con ROE 11.5%, deuda neta/EBITDA 5.2x. Técnicamente 🔵 RSI recuperándose de sobreventa, 🟢 Cruce alcista MACD. Clasificación: seguimiento.",🔵 RSI recuperándose de sobreventa | 🟢 Cruce alcista MACD | 🟢 Cerca de soporte | 🟡 Apoyo en MA40 semanal | 🟢 base_pattern_detected,3.63,11,20,False,71.8,1.82,5665243.0,74102998528.0,5.2,1.4,gross,48.3,48.2,0.1,11.5,96308.0,20.2,2.43,12.15,17.0,15.0,-8.0,35.3,True,False,-1.9152,False,36.7,27.4,False,91.34,-8.3,True,False,73,17,1.21,81.69,False
56,CPB,The Campbell's Company,SP500,Consumer Defensive,Packaged Foods,United States,USD,19.62,1.0,script-v2.0,1.0,2026-10-04T13:41:18.820567+02:00,68.8,75.0,67,82,0,4,50,seguimiento,seguimiento,Sin señales de recuperación,True,pass,pendiente,0,desconocido,Pendiente de implementar,ausente,margin_stabilization (media): Margen gross 27.5% vs 28.0% (-0.5 pp) | dividend_maintained (baja): Dividendo actual 5.10% con caída del 38.8%,razonable,seguimiento,18.64,19.62,18.64 - 19.62,22.47,27.23,22.47 - 27.23,Pérdida del soporte en 18.64 | ROE negativo durante 2 trimestres consecutivos | Ampliación de capital dilutiva | Recorte de rating a bono basura,12-18,"The Campbell's Company está un 38.8% por debajo de su máximo 52s. Fundamentalmente sólida con ROE 10.1%, deuda neta/EBITDA 4.4x. Técnicamente 🔵 RSI recuperándose de sobreventa, 🟡 MACD convergiendo. Clasificación: seguimiento.","The Campbell's Company está un 38.8% por debajo de su máximo 52s. Fundamentalmente sólida con ROE 10.1%, deuda neta/EBITDA 4.4x. Técnicamente 🔵 RSI recuperándose de sobreventa, 🟡 MACD convergiendo. Clasificación: seguimiento.",🔵 RSI recuperándose de sobreventa | 🟡 MACD convergiendo,5.1,11,20,False,119.1,1.79,6843075.0,7055999872.0,4.36,5.3,gross,28.5,28.8,-0.3,10.1,5851.0,15.0,1.52,8.16,38.8,55.6,-12.7,37.8,False,True,-0.7852,False,23.8,21.5,False,22.32,-12.1,False,False,50,0,0.95,,False
57,AZN.L,ASTRAZENECA PLC ORD SHS $0.25,EUROSTOXX,Healthcare,Drug Manufacturers - General,United Kingdom,GBp,11870.0,1.0,script-v2.0,1.0,2026-10-04T13:40:24.723421+02:00,68.7,71.9,98,49,0,12,59,entrada_escalada,entrada_escalada,,True,pass,pendiente,0,desconocido,Pendiente de implementar,confirmada,"margin_stabilization (media): Margen gross 83.6% vs 82.5% (+1.1 pp) | debt_reduction (alta): Deuda 32350.0M vs 33918.0M | dividend_maintained (baja): Dividendo actual 0.02% con caída del 24.5% | analyst_upgrade (media): Target 15896.17 vs precio 11870.00 (+34%), recMean 1.72, recKey buy",razonable,entrada_escalada,11504.42,11870.0,11504.42 - 11870.00,13372.2,13558.21,13372.20 - 13558.21,Pérdida del soporte en 11504.42 | ROE negativo durante 2 trimestres consecutivos | Ampliación de capital dilutiva | Recorte de rating a bono basura,6-12,"ASTRAZENECA PLC ORD SHS $0.25 está un 24.5% por debajo de su máximo 52s. Fundamentalmente sólida con ROE 22.0%, deuda neta/EBITDA 1.4x. Técnicamente 🟢 Divergencia alcista RSI, 🟢 Cerca de soporte. Clasificación: entrada_escalada.","ASTRAZENECA PLC ORD SHS $0.25 está un 24.5% por debajo de su máximo 52s. Fundamentalmente sólida con ROE 22.0%, deuda neta/EBITDA 1.4x. Técnicamente 🟢 Divergencia alcista RSI, 🟢 Cerca de soporte. Clasificación: entrada_escalada.",🟢 Divergencia alcista RSI | 🟢 Cerca de soporte | 🟢 base_pattern_detected,0.02,11,20,False,47.4,0.64,3422825.0,27381999104.0,1.38,-4.6,gross,81.7,81.9,-0.2,22.0,184093.0,23.6,4.84,10.63,24.5,24.5,-12.5,40.3,False,False,-450.3203,False,8.0,30.9,False,13555.38,-12.4,True,False,47,12,0.97,11504.42,False
58,ABT,Abbott Laboratories,SP500,Healthcare,Medical Devices,United States,USD,97.5,1.0,script-v2.0,1.0,2026-10-04T13:40:37.084513+02:00,68.2,61.5,85,41,0,4,88,seguimiento,seguimiento,Sin señales de recuperación,True,pass,pendiente,0,desconocido,Pendiente de implementar,ausente,"dividend_maintained (baja): Dividendo actual 2.58% con caída del 27.9% | analyst_upgrade (media): Target 120.58 vs precio 97.50 (+24%), recMean 1.44, recKey strong_buy",fuerte,seguimiento,93.25,97.5,93.25 - 97.50,103.14,114.95,103.14 - 114.95,Pérdida del soporte en 93.25 | ROE negativo durante 2 trimestres consecutivos | Ampliación de capital dilutiva | Recorte de rating a bono basura,12-18,"Abbott Laboratories está un 27.9% por debajo de su máximo 52s. Fundamentalmente sólida con ROE 10.6%, deuda neta/EBITDA 2.3x. Técnicamente 🔵 RSI en sobreventa, 🟡 MACD convergiendo. Clasificación: seguimiento.","Abbott Laboratories está un 27.9% por debajo de su máximo 52s. Fundamentalmente sólida con ROE 10.6%, deuda neta/EBITDA 2.3x. Técnicamente 🔵 RSI en sobreventa, 🟡 MACD convergiendo. Clasificación: seguimiento.",🔵 RSI en sobreventa | 🟡 MACD convergiendo | 🟢 Bajo SMA200 con SMA50 girando | 🟢 Cerca de soporte | 🟡 Apoyo en MA40 semanal | 🟢 base_pattern_detected,2.58,11,20,False,79.0,0.63,9614975.0,27116999168.0,2.32,136.1,gross,56.8,56.3,0.6,10.6,168712.0,31.6,3.3,16.82,27.9,28.7,-5.5,29.7,False,True,0.2129,False,25.7,9.8,False,101.97,-4.4,True,False,71,17,0.95,93.25,True
59,IMB.L,IMPERIAL BRANDS PLC ORD 10P,EUROSTOXX,Consumer Defensive,Tobacco,United Kingdom,GBp,2443.0,1.0,script-v2.0,1.0,2026-10-04T13:40:32.018805+02:00,67.2,66.5,66,67,0,4,69,seguimiento,seguimiento,Sin señales de recuperación,True,pass,pendiente,0,desconocido,Pendiente de implementar,ausente,"dividend_maintained (baja): Dividendo actual 0.07% con caída del 32.7% | analyst_upgrade (media): Target 3259.09 vs precio 2443.00 (+33%), recKey none",razonable,seguimiento,2320.85,2443.0,2320.85 - 2443.00,2869.25,3087.23,2869.25 - 3087.23,Pérdida del soporte en 2320.85 | ROE negativo durante 2 trimestres consecutivos | Ampliación de capital dilutiva | Recorte de rating a bono basura,12-18,"IMPERIAL BRANDS PLC ORD 10P está un 32.7% por debajo de su máximo 52s. Fundamentalmente sólida con ROE 37.2%, deuda neta/EBITDA 2.7x. Técnicamente 🔵 RSI recuperándose de sobreventa, 🟢 Divergencia alcista RSI. Clasificación: seguimiento.","IMPERIAL BRANDS PLC ORD 10P está un 32.7% por debajo de su máximo 52s. Fundamentalmente sólida con ROE 37.2%, deuda neta/EBITDA 2.7x. Técnicamente 🔵 RSI recuperándose de sobreventa, 🟢 Divergencia alcista RSI. Clasificación: seguimiento.",🔵 RSI recuperándose de sobreventa | 🟢 Divergencia alcista RSI | 🟢 base_pattern_detected,0.07,11,20,False,75.4,2.44,2859854.0,10735000000.0,2.67,12.4,,36.3,,,37.2,18362.0,11.5,4.8,7.64,32.7,32.7,-14.9,40.0,False,False,-129.3184,False,24.8,15.4,False,2859.47,-14.6,True,False,57,12,1.07,,False
60,IBM,International Business Machines,SP500,Technology,Information Technology Services,United States,USD,222.64,1.0,script-v2.0,1.0,2026-10-04T13:40:58.873111+02:00,67.1,64.1,94,38,0,12,76,entrada_directa,entrada_directa,,True,pass,pendiente,0,desconocido,Pendiente de implementar,confirmada,margin_stabilization (media): Margen gross 57.7% vs 56.2% (+1.5 pp) | eps_stabilization (media): EPS 2.27 vs 1.28 (Diluted EPS) | debt_reduction (alta): Deuda 65272.0M vs 69802.0M | dividend_maintained (baja): Dividendo actual 3.04% con caída del 33.0%,fuerte,entrada_directa,200.38,222.64,200.38 - 222.64,252.75,282.59,252.75 - 282.59,Pérdida del soporte en 200.38 | ROE negativo durante 2 trimestres consecutivos | Ampliación de capital dilutiva | Recorte de rating a bono basura,12-18,"International Business Machines está un 33.0% por debajo de su máximo 52s. Fundamentalmente sólida con ROE 34.5%, deuda neta/EBITDA 3.5x. Técnicamente 🔵 RSI recuperándose de sobreventa, 🟢 Divergencia alcista RSI. Clasificación: entrada_directa.","International Business Machines está un 33.0% por debajo de su máximo 52s. Fundamentalmente sólida con ROE 34.5%, deuda neta/EBITDA 3.5x. Técnicamente 🔵 RSI recuperándose de sobreventa, 🟢 Divergencia alcista RSI. Clasificación: entrada_directa.",🔵 RSI recuperándose de sobreventa | 🟢 Divergencia alcista RSI | 🟡 MACD convergiendo | 🟢 base_pattern_detected,3.04,11,20,False,59.8,1.89,8265698.0,57140000768.0,3.47,-6.5,gross,58.1,58.0,0.1,34.5,209757.0,19.8,6.09,16.21,33.0,32.6,-11.9,41.6,False,True,-7.9996,False,12.2,12.4,False,251.01,-11.3,True,False,64,12,1.19,200.38,False
61,FDX,FedEx Corporation,SP500,Industrials,Integrated Freight & Logistics,United States,USD,290.36,1.0,script-v2.0,1.0,2026-10-04T13:41:01.451001+02:00,67.0,71.1,86,58,0,10,55,seguimiento,seguimiento,,True,pass,pendiente,0,desconocido,Pendiente de implementar,parcial,"margin_stabilization (media): Margen gross 22.7% vs 21.3% (+1.3 pp) | eps_stabilization (media): EPS 6.60 vs 4.41 (Diluted EPS) | dividend_maintained (baja): Dividendo actual 1.68% con caída del 15.9% | analyst_upgrade (media): Target 355.00 vs precio 290.36 (+22%), recMean 1.79, recKey buy",razonable,seguimiento,275.84,290.36,275.84 - 290.36,293.56,296.97,293.56 - 296.97,Pérdida del soporte en 275.84 | ROE negativo durante 2 trimestres consecutivos | Ampliación de capital dilutiva | Recorte de rating a bono basura,6-12,"FedEx Corporation está un 15.9% por debajo de su máximo 52s. Fundamentalmente sólida con ROE 14.8%, deuda neta/EBITDA 2.5x. Técnicamente 🔵 RSI recuperándose de sobreventa, 🟡 MACD convergiendo. Clasificación: seguimiento.","FedEx Corporation está un 15.9% por debajo de su máximo 52s. Fundamentalmente sólida con ROE 14.8%, deuda neta/EBITDA 2.5x. Técnicamente 🔵 RSI recuperándose de sobreventa, 🟡 MACD convergiendo. Clasificación: seguimiento.",🔵 RSI recuperándose de sobreventa | 🟡 MACD convergiendo | 🟡 Apoyo en MA40 semanal,1.68,11,20,False,31.3,1.36,1574157.0,29393000448.0,2.48,2.2,gross,27.3,21.8,5.6,14.8,68720.0,15.7,2.2,8.28,15.9,15.3,-2.2,39.4,False,True,3.8688,False,32.0,23.7,False,300.47,-3.4,False,False,50,5,1.0,,False
62,ABI.BR,AB INBEV,EUROSTOXX,Consumer Defensive,Beverages - Brewers,Belgium,EUR,64.88,1.0,script-v2.0,1.0,2026-10-04T13:40:15.174837+02:00,66.7,71.5,95,51,0,15,52,entrada_escalada,entrada_escalada,,True,pass,pendiente,0,desconocido,Pendiente de implementar,confirmada,"margin_stabilization (media): Margen gross 57.5% vs 56.6% (+0.9 pp) | eps_stabilization (media): EPS 1.90 vs 1.30 (Diluted EPS) | debt_reduction (alta): Deuda 72732.0M vs 73027.0M | dividend_maintained (baja): Dividendo actual 1.77% con caída del 14.8% | analyst_upgrade (media): Target 83.52 vs precio 64.88 (+29%), recMean 1.60, recKey buy",razonable,entrada_escalada,60.51,64.88,60.51 - 64.88,64.75,65.65,64.75 - 65.65,Pérdida del soporte en 60.51 | ROE negativo durante 2 trimestres consecutivos | Ampliación de capital dilutiva | Recorte de rating a bono basura,6-12,"AB INBEV está un 14.8% por debajo de su máximo 52s. Fundamentalmente sólida con ROE 11.4%, deuda neta/EBITDA 3.3x. Técnicamente 🔵 RSI en sobreventa, 🟢 Estocástico sale de sobreventa. Clasificación: entrada_escalada.","AB INBEV está un 14.8% por debajo de su máximo 52s. Fundamentalmente sólida con ROE 11.4%, deuda neta/EBITDA 3.3x. Técnicamente 🔵 RSI en sobreventa, 🟢 Estocástico sale de sobreventa. Clasificación: entrada_escalada.",🔵 RSI en sobreventa | 🟢 Estocástico sale de sobreventa | 🟡 Apoyo en MA40 semanal,1.77,11,20,False,28.9,0.72,1671288.0,64721000448.0,3.28,-0.4,gross,56.5,56.5,0.0,11.4,127757.0,15.7,1.54,10.15,14.8,14.8,-1.2,34.7,False,False,0.7801,False,10.1,6.9,True,65.95,-1.6,False,False,41,11,0.98,60.51,False
63,GPT.AX,GPT STAPLED [GPT],ASX,Real Estate,REIT - Diversified,Australia,AUD,4.44,1.0,script-v2.0,1.0,2026-10-04T13:41:39.169399+02:00,66.7,69.6,84,57,0,7,58,seguimiento,seguimiento,,True,pass,pendiente,0,desconocido,Pendiente de implementar,parcial,"eps_stabilization (media): EPS 0.51 vs -0.10 (annual_eps_fallback) | dividend_maintained (baja): Dividendo actual 5.41% con caída del 22.8% | analyst_upgrade (media): Target 5.43 vs precio 4.44 (+22%), recMean 2.33, recKey buy",razonable,seguimiento,4.22,4.44,4.22 - 4.44,4.82,4.89,4.82 - 4.89,Pérdida del soporte en 4.22 | ROE negativo durante 2 trimestres consecutivos | Ampliación de capital dilutiva | Recorte de rating a bono basura,6-12,"GPT STAPLED [GPT] está un 22.8% por debajo de su máximo 52s. Fundamentalmente sólida con ROE 10.0%, deuda neta/EBITDA 9.1x. Técnicamente 🔵 RSI recuperándose de sobreventa, 🟢 Divergencia alcista RSI. Clasificación: seguimiento.","GPT STAPLED [GPT] está un 22.8% por debajo de su máximo 52s. Fundamentalmente sólida con ROE 10.0%, deuda neta/EBITDA 9.1x. Técnicamente 🔵 RSI recuperándose de sobreventa, 🟢 Divergencia alcista RSI. Clasificación: seguimiento.",🔵 RSI recuperándose de sobreventa | 🟢 Divergencia alcista RSI | 🟡 Apoyo en MA40 semanal,5.41,11,20,False,44.2,0.53,5933272.0,5582400032.0,9.11,,,62.1,,,10.0,8505.0,8.1,0.79,22.99,22.8,19.2,-7.9,41.4,False,False,-0.0959,False,30.8,50.0,False,4.8,-7.4,False,False,53,5,0.72,,False
64,0083.HK,SINO LAND,ASIA,Real Estate,Real Estate - Development,Hong Kong,HKD,10.05,1.0,script-v2.0,1.0,2026-10-04T13:42:00.888484+02:00,66.7,60.6,59,62,0,7,85,seguimiento,seguimiento,,True,pass,pendiente,0,desconocido,Pendiente de implementar,parcial,"eps_stabilization (media): EPS 0.49 vs 0.45 (annual_eps_fallback) | dividend_maintained (baja): Dividendo actual 5.77% con caída del 24.4% | analyst_upgrade (media): Target 12.80 vs precio 10.05 (+27%), recMean 1.60, recKey buy",fuerte,seguimiento,9.55,10.05,9.55 - 10.05,11.18,11.3,11.18 - 11.30,Pérdida del soporte en 9.55 | ROE negativo durante 2 trimestres consecutivos | Ampliación de capital dilutiva | Recorte de rating a bono basura,6-12,"SINO LAND está un 24.4% por debajo de su máximo 52s. Fundamentalmente sólida con ROE 2.7%, deuda neta/EBITDA -17.6x. Técnicamente 🔵 RSI recuperándose de sobreventa, 🟢 Divergencia alcista RSI. Clasificación: seguimiento.","SINO LAND está un 24.4% por debajo de su máximo 52s. Fundamentalmente sólida con ROE 2.7%, deuda neta/EBITDA -17.6x. Técnicamente 🔵 RSI recuperándose de sobreventa, 🟢 Divergencia alcista RSI. Clasificación: seguimiento.",🔵 RSI recuperándose de sobreventa | 🟢 Divergencia alcista RSI | 🟢 Cruce alcista MACD | 🟢 base_pattern_detected,5.77,11,20,False,118.4,3.51,7635564.0,-51914000896.0,-17.57,107.0,,45.5,,,2.7,96341.0,20.5,0.55,15.21,24.4,24.3,-10.1,44.8,True,False,-0.3087,False,58.0,72.7,False,11.25,-10.6,True,False,73,12,1.13,,False
65,SAN.PA,SANOFI,EUROSTOXX,Healthcare,Drug Manufacturers - General,France,EUR,70.81,1.0,script-v2.0,1.0,2026-10-04T13:39:57.749204+02:00,66.5,69.6,76,64,0,7,57,seguimiento,seguimiento,,True,pass,pendiente,0,desconocido,Pendiente de implementar,parcial,"margin_stabilization (media): Margen gross 75.5% vs 72.1% (+3.4 pp) | dividend_maintained (baja): Dividendo actual 5.82% con caída del 22.3% | analyst_upgrade (media): Target 94.06 vs precio 70.81 (+33%), recMean 2.12, recKey buy",razonable,seguimiento,67.27,70.81,67.27 - 70.81,75.57,77.48,75.57 - 77.48,Pérdida del soporte en 67.27 | ROE negativo durante 2 trimestres consecutivos | Ampliación de capital dilutiva | Recorte de rating a bono basura,6-12,"SANOFI está un 22.3% por debajo de su máximo 52s. Fundamentalmente sólida con ROE 5.7%, deuda neta/EBITDA 1.3x. Técnicamente 🟢 Volumen creciente, 🟡 Apoyo en MA40 semanal. Clasificación: seguimiento.","SANOFI está un 22.3% por debajo de su máximo 52s. Fundamentalmente sólida con ROE 5.7%, deuda neta/EBITDA 1.3x. Técnicamente 🟢 Volumen creciente, 🟡 Apoyo en MA40 semanal. Clasificación: seguimiento.",🟢 Volumen creciente | 🟡 Apoyo en MA40 semanal | 🟢 base_pattern_detected,5.82,11,20,False,127.6,0.34,2018718.0,17226000384.0,1.27,17.8,gross,73.5,72.7,0.7,5.7,84835.0,21.9,1.23,7.56,22.3,29.6,-6.3,35.3,False,False,-0.9582,False,19.0,31.8,False,75.57,-6.3,True,False,40,17,1.57,,False
66,ACA.PA,CREDIT AGRICOLE,EUROSTOXX,Financial Services,Banks - Regional,France,EUR,16.885,1.0,script-v2.0,1.0,2026-10-04T13:40:01.134568+02:00,66.3,67.4,69,66,0,7,63,seguimiento,seguimiento,,True,pass,pendiente,0,desconocido,Pendiente de implementar,parcial,"eps_stabilization (media): EPS 0.59 vs 0.52 (Diluted EPS) | dividend_maintained (baja): Dividendo actual 10.07% con caída del 17.2% | analyst_upgrade (media): Target 20.79 vs precio 16.89 (+23%), recMean 2.41, recKey buy",razonable,seguimiento,15.91,16.89,15.91 - 16.89,17.1,17.34,17.10 - 17.34,Pérdida del soporte en 15.91 | ROE negativo durante 2 trimestres consecutivos | Ampliación de capital dilutiva | Recorte de rating a bono basura,6-12,"CREDIT AGRICOLE está un 17.2% por debajo de su máximo 52s. Fundamentalmente sólida con ROE 8.6%, dividendo 10.1%. Técnicamente 🔵 RSI en sobreventa, 🟢 Volumen creciente. Clasificación: seguimiento.","CREDIT AGRICOLE está un 17.2% por debajo de su máximo 52s. Fundamentalmente sólida con ROE 8.6%, dividendo 10.1%. Técnicamente 🔵 RSI en sobreventa, 🟢 Volumen creciente. Clasificación: seguimiento.",🔵 RSI en sobreventa | 🟢 Volumen creciente | 🟢 Estocástico sale de sobreventa | 🟡 Apoyo en MA40 semanal,10.07,10,6,False,55.9,,4263773.0,-402073976832.0,,101.4,,0.0,,,8.6,51218.0,8.4,0.73,,17.2,17.2,-1.3,23.3,False,False,0.4598,False,15.5,9.0,True,17.08,-1.1,False,False,52,11,1.63,15.91,False
67,BAC,Bank of America Corporation,SP500,Financial Services,Banks - Diversified,United States,USD,53.75,1.0,script-v2.0,1.0,2026-10-04T13:40:50.913454+02:00,66.3,67.1,74,61,0,7,64,seguimiento,seguimiento,,True,pass,pendiente,0,desconocido,Pendiente de implementar,parcial,"eps_stabilization (media): EPS 1.21 vs 1.11 (Diluted EPS) | dividend_maintained (baja): Dividendo actual 2.38% con caída del 17.6% | analyst_upgrade (media): Target 67.95 vs precio 53.75 (+26%), recMean 1.50, recKey strong_buy",razonable,seguimiento,50.41,53.75,50.41 - 53.75,54.81,55.45,54.81 - 55.45,Pérdida del soporte en 50.41 | ROE negativo durante 2 trimestres consecutivos | Ampliación de capital dilutiva | Recorte de rating a bono basura,6-12,"Bank of America Corporation está un 17.6% por debajo de su máximo 52s. Fundamentalmente sólida con ROE 11.2%, dividendo 2.4%. Técnicamente 🔵 RSI en sobreventa, 🟡 MACD convergiendo. Clasificación: seguimiento.","Bank of America Corporation está un 17.6% por debajo de su máximo 52s. Fundamentalmente sólida con ROE 11.2%, dividendo 2.4%. Técnicamente 🔵 RSI en sobreventa, 🟡 MACD convergiendo. Clasificación: seguimiento.",🔵 RSI en sobreventa | 🟡 MACD convergiendo | 🟡 Apoyo en MA40 semanal,2.38,11,20,False,25.9,,33418414.0,-79157002240.0,,115.6,,0.0,,,11.2,375860.0,12.4,1.37,,17.6,17.2,-1.9,22.3,False,True,1.4963,False,12.2,7.2,False,54.78,-1.9,False,False,59,5,1.11,50.41,False
68,GS,"Goldman Sachs Group, Inc. (The)",SP500,Financial Services,Capital Markets,United States,USD,902.56,1.0,script-v2.0,1.0,2026-10-04T13:40:53.066467+02:00,66.0,63.9,81,49,0,7,72,seguimiento,seguimiento,,True,pass,pendiente,0,desconocido,Pendiente de implementar,parcial,"eps_stabilization (media): EPS 20.98 vs 17.55 (Diluted EPS) | dividend_maintained (baja): Dividendo actual 2.22% con caída del 21.8% | analyst_upgrade (media): Target 1116.75 vs precio 902.56 (+24%), recMean 2.60, recKey hold",fuerte,seguimiento,857.43,902.56,857.43 - 902.56,952.14,980.89,952.14 - 980.89,Pérdida del soporte en 857.43 | ROE negativo durante 2 trimestres consecutivos | Ampliación de capital dilutiva | Recorte de rating a bono basura,6-12,"Goldman Sachs Group, Inc. (The) está un 21.8% por debajo de su máximo 52s. Fundamentalmente sólida con ROE 16.9%, D/E 7.25. Técnicamente 🔵 RSI en sobreventa, 🟡 MACD convergiendo. Clasificación: seguimiento.","Goldman Sachs Group, Inc. (The) está un 21.8% por debajo de su máximo 52s. Fundamentalmente sólida con ROE 16.9%, D/E 7.25. Técnicamente 🔵 RSI en sobreventa, 🟡 MACD convergiendo. Clasificación: seguimiento.",🔵 RSI en sobreventa | 🟡 MACD convergiendo | 🟡 Apoyo en MA40 semanal | 🟢 base_pattern_detected,2.22,11,20,False,26.2,7.25,1984432.0,-259369074688.0,,106.4,,82.1,,,16.9,262800.0,13.9,2.49,,21.8,21.4,-5.2,32.1,False,True,10.9201,False,20.1,10.6,False,952.63,-5.3,True,False,55,17,0.94,,False
69,9020.T,EAST JAPAN RAILWAY CO,ASIA,Industrials,Railroads,Japan,JPY,3296.0,1.0,script-v2.0,1.0,2026-10-04T13:41:52.550721+02:00,65.7,70.6,61,79,0,4,51,seguimiento,seguimiento,Sin señales de recuperación,True,pass,pendiente,0,desconocido,Pendiente de implementar,ausente,"dividend_maintained (baja): Dividendo actual 2.55% con caída del 21.7% | analyst_upgrade (media): Target 4028.33 vs precio 3296.00 (+22%), recMean 2.33, recKey buy",razonable,seguimiento,3131.2,3296.0,3131.20 - 3296.00,3579.35,3603.14,3579.35 - 3603.14,Pérdida del soporte en 3131.20 | ROE negativo durante 2 trimestres consecutivos | Ampliación de capital dilutiva | Recorte de rating a bono basura,6-12,"EAST JAPAN RAILWAY CO está un 21.7% por debajo de su máximo 52s. Fundamentalmente sólida con ROE 7.9%, deuda neta/EBITDA 5.7x. Técnicamente 🟡 Apoyo en MA40 semanal, 🟢 base_pattern_detected. Clasificación: seguimiento.","EAST JAPAN RAILWAY CO está un 21.7% por debajo de su máximo 52s. Fundamentalmente sólida con ROE 7.9%, deuda neta/EBITDA 5.7x. Técnicamente 🟡 Apoyo en MA40 semanal, 🟢 base_pattern_detected. Clasificación: seguimiento.",🟡 Apoyo en MA40 semanal | 🟢 base_pattern_detected,2.55,11,20,False,33.7,1.63,3081778.0,4878946918400.0,5.68,7.6,,36.9,,,7.9,3721410.0,15.0,1.22,10.02,21.7,19.9,-8.5,35.8,False,False,-45.3188,False,5.9,9.0,False,3575.63,-7.8,True,False,34,17,1.05,,False
70,RNO.PA,RENAULT,EUROSTOXX,Consumer Cyclical,Auto Manufacturers,France,EUR,24.68,1.0,script-v2.0,1.0,2026-10-04T13:40:02.397204+02:00,65.5,69.7,35,100,0,4,53,seguimiento,seguimiento,Sin señales de recuperación,True,pass,pendiente,0,desconocido,Pendiente de implementar,ausente,"dividend_maintained (baja): Dividendo actual 8.91% con caída del 35.0% | analyst_upgrade (media): Target 38.84 vs precio 24.68 (+57%), recMean 2.32, recKey buy",razonable,seguimiento,23.45,24.68,23.45 - 24.68,28.3,32.27,28.30 - 32.27,Pérdida del soporte en 23.45 | ROE negativo durante 2 trimestres consecutivos | Ampliación de capital dilutiva | Recorte de rating a bono basura,12-18,"RENAULT está un 35.0% por debajo de su máximo 52s. Fundamentalmente sólida con ROE 5.0%, deuda neta/EBITDA 8.2x. Técnicamente 🔵 RSI en sobreventa, 🟢 base_pattern_detected. Clasificación: seguimiento.","RENAULT está un 35.0% por debajo de su máximo 52s. Fundamentalmente sólida con ROE 5.0%, deuda neta/EBITDA 8.2x. Técnicamente 🔵 RSI en sobreventa, 🟢 base_pattern_detected. Clasificación: seguimiento.",🔵 RSI en sobreventa | 🟢 base_pattern_detected,8.91,8,4,False,67.3,3.28,1397999.0,51081000960.0,8.23,5.0,,17.9,,,5.0,7142.0,7.5,0.35,9.62,35.0,47.7,-12.8,29.2,False,False,-0.5348,False,0.4,0.9,False,28.2,-12.5,True,False,41,12,1.0,,False
71,KMB,Kimberly-Clark Corporation,SP500,Consumer Defensive,Household & Personal Products,United States,USD,94.36,1.0,script-v2.0,1.0,2026-10-04T13:41:16.285664+02:00,65.3,61.1,75,49,0,12,78,entrada_directa,entrada_directa,,True,pass,pendiente,0,desconocido,Pendiente de implementar,confirmada,"margin_stabilization (media): Margen gross 38.3% vs 36.8% (+1.4 pp) | debt_reduction (alta): Deuda 6539.0M vs 7084.0M | dividend_maintained (baja): Dividendo actual 5.43% con caída del 23.3% | analyst_upgrade (media): Target 116.20 vs precio 94.36 (+23%), recMean 2.44, recKey buy",fuerte,entrada_directa,92.56,94.36,92.56 - 94.36,100.39,104.63,100.39 - 104.63,Pérdida del soporte en 92.56 | ROE negativo durante 2 trimestres consecutivos | Ampliación de capital dilutiva | Recorte de rating a bono basura,6-12,"Kimberly-Clark Corporation está un 23.3% por debajo de su máximo 52s. Fundamentalmente sólida con ROE 104.9%, deuda neta/EBITDA 1.6x. Técnicamente 🔵 RSI en sobreventa, 🟢 Cruce alcista MACD. Clasificación: entrada_directa.","Kimberly-Clark Corporation está un 23.3% por debajo de su máximo 52s. Fundamentalmente sólida con ROE 104.9%, deuda neta/EBITDA 1.6x. Técnicamente 🔵 RSI en sobreventa, 🟢 Cruce alcista MACD. Clasificación: entrada_directa.",🔵 RSI en sobreventa | 🟢 Cruce alcista MACD | 🟢 Cerca de soporte | 🟡 Apoyo en MA40 semanal,5.43,11,20,False,100.4,3.49,3910392.0,5582999808.0,1.6,-7.7,gross,37.6,36.7,0.9,104.9,31382.0,18.6,17.93,10.65,23.3,32.8,-6.0,28.8,True,False,-0.796,False,6.2,8.5,False,100.77,-6.4,False,False,73,5,1.0,92.56,False
72,UCB.BR,UCB,EUROSTOXX,Healthcare,Biotechnology,Belgium,EUR,204.3,1.0,script-v2.0,1.0,2026-10-04T13:40:15.283917+02:00,64.9,66.9,93,44,0,7,59,seguimiento,seguimiento,,True,pass,pendiente,0,desconocido,Pendiente de implementar,parcial,"eps_stabilization (media): EPS 8.03 vs 1.76 (annual_eps_fallback) | dividend_maintained (baja): Dividendo actual 0.71% con caída del 29.4% | analyst_upgrade (media): Target 285.00 vs precio 204.30 (+40%), recMean 1.60, recKey buy",razonable,seguimiento,203.05,204.3,203.05 - 204.30,243.23,246.07,243.23 - 246.07,Pérdida del soporte en 203.05 | ROE negativo durante 2 trimestres consecutivos | Ampliación de capital dilutiva | Recorte de rating a bono basura,12-18,"UCB está un 29.4% por debajo de su máximo 52s. Fundamentalmente sólida con ROE 20.6%, deuda neta/EBITDA 0.8x. Técnicamente 🟢 Divergencia alcista RSI, 🟢 Cerca de soporte. Clasificación: seguimiento.","UCB está un 29.4% por debajo de su máximo 52s. Fundamentalmente sólida con ROE 20.6%, deuda neta/EBITDA 0.8x. Técnicamente 🟢 Divergencia alcista RSI, 🟢 Cerca de soporte. Clasificación: seguimiento.",🟢 Divergencia alcista RSI | 🟢 Cerca de soporte | 🟢 base_pattern_detected,0.71,11,20,False,12.8,0.31,234896.0,2822000000.0,0.84,59.8,,76.2,,,20.6,38952.0,18.0,3.34,12.5,29.4,29.0,-16.0,40.1,False,False,-10.1223,False,24.3,16.1,False,242.79,-15.9,True,False,47,12,0.92,203.05,False
73,HD,"Home Depot, Inc. (The)",SP500,Consumer Cyclical,Home Improvement Retail,United States,USD,282.85,1.0,script-v2.0,1.0,2026-10-04T13:40:55.421266+02:00,64.8,62.8,74,53,0,10,71,seguimiento,seguimiento,,True,pass,pendiente,0,desconocido,Pendiente de implementar,parcial,"margin_stabilization (media): Margen gross 33.7% vs 33.0% (+0.7 pp) | eps_stabilization (media): EPS 4.79 vs 3.30 (Diluted EPS) | dividend_maintained (baja): Dividendo actual 3.30% con caída del 28.9% | analyst_upgrade (media): Target 377.19 vs precio 282.85 (+33%), recMean 1.94, recKey buy",fuerte,seguimiento,268.71,282.85,268.71 - 282.85,334.62,337.99,334.62 - 337.99,Pérdida del soporte en 268.71 | ROE negativo durante 2 trimestres consecutivos | Ampliación de capital dilutiva | Recorte de rating a bono basura,12-18,"Home Depot, Inc. (The) está un 28.9% por debajo de su máximo 52s. Fundamentalmente sólida con ROE 104.3%, deuda neta/EBITDA 2.5x. Técnicamente 🔵 RSI en sobreventa, 🟡 MACD convergiendo. Clasificación: seguimiento.","Home Depot, Inc. (The) está un 28.9% por debajo de su máximo 52s. Fundamentalmente sólida con ROE 104.3%, deuda neta/EBITDA 2.5x. Técnicamente 🔵 RSI en sobreventa, 🟡 MACD convergiendo. Clasificación: seguimiento.",🔵 RSI en sobreventa | 🟡 MACD convergiendo | 🟢 base_pattern_detected,3.3,11,20,False,64.8,3.8,4186387.0,61103000832.0,2.48,0.0,gross,32.8,33.2,-0.4,104.3,282197.0,19.8,16.99,13.93,28.9,32.2,-15.5,26.5,False,True,-10.7132,False,16.8,11.1,False,334.38,-15.4,True,False,59,12,1.19,,False
74,DSY.PA,DASSAULT SYSTEMES,EUROSTOXX,Technology,Software - Application,France,EUR,20.63,1.0,script-v2.0,1.0,2026-10-04T13:40:02.183807+02:00,64.6,69.5,94,48,0,7,50,seguimiento,seguimiento,,True,pass,pendiente,0,desconocido,Pendiente de implementar,parcial,margin_stabilization (media): Margen gross 84.1% vs 84.0% (+0.1 pp) | eps_stabilization (media): EPS 0.22 vs 0.22 (Diluted EPS) | dividend_maintained (baja): Dividendo actual 1.31% con caída del 32.0%,razonable,seguimiento,19.92,20.63,19.92 - 20.63,19.89,25.81,19.89 - 25.81,Pérdida del soporte en 19.92 | ROE negativo durante 2 trimestres consecutivos | Ampliación de capital dilutiva | Recorte de rating a bono basura,12-18,"DASSAULT SYSTEMES está un 32.0% por debajo de su máximo 52s. Fundamentalmente sólida con ROE 15.1%, deuda neta/EBITDA -1.4x. Técnicamente 🟡 MACD convergiendo, 🟢 Cerca de soporte. Clasificación: seguimiento.","DASSAULT SYSTEMES está un 32.0% por debajo de su máximo 52s. Fundamentalmente sólida con ROE 15.1%, deuda neta/EBITDA -1.4x. Técnicamente 🟡 MACD convergiendo, 🟢 Cerca de soporte. Clasificación: seguimiento.",🟡 MACD convergiendo | 🟢 Cerca de soporte,1.31,11,20,False,27.8,0.36,1885153.0,-2282400000.0,-1.36,36.2,gross,84.2,84.2,0.0,15.1,27109.0,21.3,2.93,14.87,32.0,48.8,3.7,44.4,False,True,0.2289,False,47.3,42.5,False,19.79,4.2,False,False,50,0,1.15,19.92,True
75,8002.T,MARUBENI CORP,ASIA,Industrials,Conglomerates,Japan,JPY,4725.0,1.0,script-v2.0,1.0,2026-10-04T13:41:56.862789+02:00,64.6,67.8,95,44,0,4,55,seguimiento,seguimiento,Sin señales de recuperación,True,pass,pendiente,0,desconocido,Pendiente de implementar,ausente,"dividend_maintained (baja): Dividendo actual 2.43% con caída del 25.3% | analyst_upgrade (media): Target 5993.64 vs precio 4725.00 (+27%), recKey none",razonable,seguimiento,4719.18,4725.0,4719.18 - 4725.00,5115.81,5378.8,5115.81 - 5378.80,Pérdida del soporte en 4719.18 | ROE negativo durante 2 trimestres consecutivos | Ampliación de capital dilutiva | Recorte de rating a bono basura,12-18,"MARUBENI CORP está un 25.3% por debajo de su máximo 52s. Fundamentalmente sólida con ROE 14.2%, deuda neta/EBITDA 4.0x. Técnicamente 🟢 Cerca de soporte, 🟡 Apoyo en MA40 semanal. Clasificación: seguimiento.","MARUBENI CORP está un 25.3% por debajo de su máximo 52s. Fundamentalmente sólida con ROE 14.2%, deuda neta/EBITDA 4.0x. Técnicamente 🟢 Cerca de soporte, 🟡 Apoyo en MA40 semanal. Clasificación: seguimiento.",🟢 Cerca de soporte | 🟡 Apoyo en MA40 semanal | 🟢 base_pattern_detected,2.43,11,20,False,32.6,0.58,4773520.0,2050481061888.0,3.96,0.5,,14.5,,,14.2,7677546.0,14.3,1.72,19.07,25.3,23.7,-7.6,40.4,False,False,-44.2641,False,12.2,26.6,False,5188.37,-8.9,True,False,38,17,0.89,4719.18,False
76,SHEL.L,SHELL PLC ORD EUR0.07,EUROSTOXX,Energy,Oil & Gas Integrated,United Kingdom,GBp,3596.5,1.0,script-v2.0,1.0,2026-10-04T13:40:22.704680+02:00,64.2,64.9,98,36,0,12,62,entrada_escalada,entrada_escalada,,True,pass,pendiente,0,desconocido,Pendiente de implementar,confirmada,margin_stabilization (media): Margen gross 19.5% vs 19.3% (+0.2 pp) | eps_stabilization (media): EPS 1.92 vs 1.00 (Diluted EPS) | debt_reduction (alta): Deuda 73076.0M vs 75644.0M | dividend_maintained (baja): Dividendo actual 0.03% con caída del 4.3%,razonable,entrada_escalada,3437.82,3445.0,3437.82 - 3445.00,3164.99,3194.72,3164.99 - 3194.72,Pérdida del soporte en 3445.00 | ROE negativo durante 2 trimestres consecutivos | Ampliación de capital dilutiva | Recorte de rating a bono basura,6-12,"SHELL PLC ORD EUR0.07 está un 4.3% por debajo de su máximo 52s. Fundamentalmente sólida con ROE 14.3%, deuda neta/EBITDA 0.7x. Técnicamente 🟢 Cruce alcista MACD, 🟢 Cerca de soporte. Clasificación: entrada_escalada.","SHELL PLC ORD EUR0.07 está un 4.3% por debajo de su máximo 52s. Fundamentalmente sólida con ROE 14.3%, deuda neta/EBITDA 0.7x. Técnicamente 🟢 Cruce alcista MACD, 🟢 Cerca de soporte. Clasificación: entrada_escalada.",🟢 Cruce alcista MACD | 🟢 Cerca de soporte | 🟢 base_pattern_detected | 🟡 trendline_break,0.03,11,20,False,32.8,0.4,9917183.0,41701998592.0,0.72,-3.4,gross,26.1,16.8,9.3,14.3,204921.0,10.5,1.47,4.22,4.3,4.3,13.6,57.8,True,False,132.0101,False,64.1,59.2,False,3183.84,13.0,True,True,44,18,1.13,3445.0,True
77,WY,Weyerhaeuser Company,SP500,Real Estate,REIT - Specialty,United States,USD,18.47,1.0,script-v2.0,1.0,2026-10-04T13:41:21.447542+02:00,64.2,64.2,69,60,0,12,64,entrada_escalada,entrada_escalada,,True,pass,pendiente,0,desconocido,Pendiente de implementar,confirmada,"eps_stabilization (media): EPS 0.23 vs 0.22 (Diluted EPS) | debt_reduction (alta): Deuda 5449.0M vs 5449.0M | dividend_maintained (baja): Dividendo actual 4.55% con caída del 33.4% | analyst_upgrade (media): Target 30.64 vs precio 18.47 (+66%), recMean 1.67, recKey buy",razonable,entrada_escalada,17.55,18.47,17.55 - 18.47,23.59,23.77,23.59 - 23.77,Pérdida del soporte en 17.55 | ROE negativo durante 2 trimestres consecutivos | Ampliación de capital dilutiva | Recorte de rating a bono basura,12-18,"Weyerhaeuser Company está un 33.4% por debajo de su máximo 52s. Fundamentalmente sólida con ROE 5.0%, deuda neta/EBITDA 7.2x. Técnicamente 🔵 RSI en sobreventa, 🟢 Volumen creciente. Clasificación: entrada_escalada.","Weyerhaeuser Company está un 33.4% por debajo de su máximo 52s. Fundamentalmente sólida con ROE 5.0%, deuda neta/EBITDA 7.2x. Técnicamente 🔵 RSI en sobreventa, 🟢 Volumen creciente. Clasificación: entrada_escalada.",🔵 RSI en sobreventa | 🟢 Volumen creciente | 🟢 base_pattern_detected,4.55,11,20,True,127.3,0.58,5798746.0,4921999936.0,7.15,-0.0,gross,14.5,14.4,0.2,5.0,13312.0,28.0,1.41,26.5,33.4,41.3,-22.3,16.6,False,False,-0.8969,False,1.5,1.6,False,23.81,-22.4,True,False,52,12,1.41,,False
78,BARC.L,BARCLAYS PLC ORD 25P,EUROSTOXX,Financial Services,Banks - Diversified,United Kingdom,GBp,443.65,1.0,script-v2.0,1.0,2026-10-04T13:40:27.129750+02:00,64.0,66.7,63,70,0,7,56,seguimiento,seguimiento,,True,pass,pendiente,0,desconocido,Pendiente de implementar,parcial,"eps_stabilization (media): EPS 0.17 vs 0.14 (Diluted EPS) | dividend_maintained (baja): Dividendo actual 0.03% con caída del 17.6% | analyst_upgrade (media): Target 575.06 vs precio 443.65 (+30%), recMean 1.88, recKey buy",razonable,seguimiento,411.8,443.65,411.80 - 443.65,457.55,467.64,457.55 - 467.64,Pérdida del soporte en 411.80 | ROE negativo durante 2 trimestres consecutivos | Ampliación de capital dilutiva | Recorte de rating a bono basura,6-12,"BARCLAYS PLC ORD 25P está un 17.6% por debajo de su máximo 52s. Fundamentalmente sólida con ROE 10.1%, dividendo 0.0%. Técnicamente 🔵 RSI en sobreventa, 🟢 Estocástico sale de sobreventa. Clasificación: seguimiento.","BARCLAYS PLC ORD 25P está un 17.6% por debajo de su máximo 52s. Fundamentalmente sólida con ROE 10.1%, dividendo 0.0%. Técnicamente 🔵 RSI en sobreventa, 🟢 Estocástico sale de sobreventa. Clasificación: seguimiento.",🔵 RSI en sobreventa | 🟢 Estocástico sale de sobreventa | 🟡 Apoyo en MA40 semanal,0.03,10,6,False,17.8,,38625483.0,10685972480.0,,471.7,,0.0,,,10.1,59237.0,9.2,0.91,,17.6,17.6,-5.1,33.0,False,False,5.9117,False,16.6,8.2,True,466.38,-4.9,False,False,45,11,1.15,411.8,False
79,VZ,Verizon Communications Inc.,SP500,Communication Services,Telecom Services,United States,USD,45.92,1.0,script-v2.0,1.0,2026-10-04T13:40:39.764232+02:00,63.6,60.2,89,35,0,9,74,seguimiento,seguimiento,,True,pass,pendiente,0,desconocido,Pendiente de implementar,parcial,margin_stabilization (media): Margen gross 61.8% vs 60.3% (+1.5 pp) | debt_reduction (alta): Deuda 193646.0M vs 195872.0M | dividend_maintained (baja): Dividendo actual 6.16% con caída del 11.1%,fuerte,seguimiento,44.6,45.92,44.60 - 45.92,43.93,45.56,43.93 - 45.56,Pérdida del soporte en 44.60 | ROE negativo durante 2 trimestres consecutivos | Ampliación de capital dilutiva | Recorte de rating a bono basura,6-12,"Verizon Communications Inc. está un 11.1% por debajo de su máximo 52s. Fundamentalmente sólida con ROE 15.8%, deuda neta/EBITDA 3.8x. Técnicamente 🔵 RSI en sobreventa, 🟡 MACD convergiendo. Clasificación: seguimiento.","Verizon Communications Inc. está un 11.1% por debajo de su máximo 52s. Fundamentalmente sólida con ROE 15.8%, deuda neta/EBITDA 3.8x. Técnicamente 🔵 RSI en sobreventa, 🟡 MACD convergiendo. Clasificación: seguimiento.",🔵 RSI en sobreventa | 🟡 MACD convergiendo | 🟢 Cerca de soporte | 🟡 Apoyo en MA40 semanal | 🟢 base_pattern_detected,6.16,11,20,False,72.8,1.84,22741410.0,191850002176.0,3.76,-1.1,gross,59.5,59.3,0.1,15.8,190787.0,12.0,1.84,7.52,11.1,11.1,0.8,34.6,False,True,0.9155,False,3.2,3.3,False,45.99,-0.2,True,False,57,17,0.97,44.6,True
80,O,Realty Income Corporation,SP500,Real Estate,REIT - Retail,United States,USD,54.13,1.0,script-v2.0,1.0,2026-10-04T13:41:11.807576+02:00,63.2,60.7,66,56,0,10,71,seguimiento,seguimiento,,True,pass,pendiente,0,desconocido,Pendiente de implementar,parcial,"margin_stabilization (media): Margen gross 92.1% vs 91.9% (+0.2 pp) | eps_stabilization (media): EPS 0.37 vs 0.33 (Diluted EPS) | dividend_maintained (baja): Dividendo actual 6.02% con caída del 20.3% | analyst_upgrade (media): Target 66.39 vs precio 54.13 (+23%), recMean 2.52, recKey hold",fuerte,seguimiento,51.42,54.13,51.42 - 54.13,57.75,60.43,57.75 - 60.43,Pérdida del soporte en 51.42 | ROE negativo durante 2 trimestres consecutivos | Ampliación de capital dilutiva | Recorte de rating a bono basura,6-12,"Realty Income Corporation está un 20.3% por debajo de su máximo 52s. Fundamentalmente sólida con ROE 3.2%, deuda neta/EBITDA 5.7x. Técnicamente 🔵 RSI en sobreventa, 🟡 MACD convergiendo. Clasificación: seguimiento.","Realty Income Corporation está un 20.3% por debajo de su máximo 52s. Fundamentalmente sólida con ROE 3.2%, deuda neta/EBITDA 5.7x. Técnicamente 🔵 RSI en sobreventa, 🟡 MACD convergiendo. Clasificación: seguimiento.",🔵 RSI en sobreventa | 🟡 MACD convergiendo | 🟢 base_pattern_detected,6.02,11,20,False,236.4,0.75,6379321.0,30763841664.0,5.74,3.8,gross,92.7,92.5,0.2,3.2,51219.0,39.5,1.3,15.75,20.3,18.3,-10.4,21.2,False,True,-0.9391,False,13.8,6.0,False,60.74,-10.9,True,False,59,12,1.03,,False
81,6758.T,SONY GROUP CORPORATION,ASIA,Technology,Consumer Electronics,Japan,JPY,3753.0,1.0,script-v2.0,1.0,2026-10-04T13:41:48.907863+02:00,63.0,65.0,89,44,0,10,57,seguimiento,seguimiento,,True,pass,pendiente,0,desconocido,Pendiente de implementar,parcial,"margin_stabilization (media): Margen gross 36.7% vs 30.8% (+5.9 pp) | eps_stabilization (media): EPS 57.82 vs 13.89 (Diluted EPS) | dividend_maintained (baja): Dividendo actual 0.93% con caída del 21.4% | analyst_upgrade (media): Target 4853.91 vs precio 3753.00 (+29%), recMean 1.35, recKey strong_buy",razonable,seguimiento,3442.88,3714.53,3442.88 - 3714.53,3547.21,4059.6,3547.21 - 4059.60,Pérdida del soporte en 3442.88 | ROE negativo durante 2 trimestres consecutivos | Ampliación de capital dilutiva | Recorte de rating a bono basura,6-12,"SONY GROUP CORPORATION está un 21.4% por debajo de su máximo 52s. Fundamentalmente sólida con ROE 13.2%, deuda neta/EBITDA -0.1x. Técnicamente 🟢 Cruce alcista MACD, 🟢 base_pattern_detected. Clasificación: seguimiento.","SONY GROUP CORPORATION está un 21.4% por debajo de su máximo 52s. Fundamentalmente sólida con ROE 13.2%, deuda neta/EBITDA -0.1x. Técnicamente 🟢 Cruce alcista MACD, 🟢 base_pattern_detected. Clasificación: seguimiento.",🟢 Cruce alcista MACD | 🟢 base_pattern_detected | 🟡 trendline_break,0.93,11,20,False,13.4,0.21,15999888.0,-299421007872.0,-0.14,12.0,gross,32.2,32.1,0.2,13.2,21937535.0,20.1,2.63,10.65,21.4,20.7,5.8,52.1,True,False,66.0958,False,75.0,80.3,False,3502.33,7.2,True,True,39,18,1.05,3442.88,True
82,GD,General Dynamics Corporation,SP500,Industrials,Aerospace & Defense,United States,USD,330.09,1.0,script-v2.0,1.0,2026-10-04T13:41:03.465544+02:00,62.8,63.7,100,32,0,15,60,entrada_escalada,entrada_escalada,,True,pass,pendiente,0,desconocido,Pendiente de implementar,confirmada,"margin_stabilization (media): Margen gross 15.5% vs 15.9% (-0.4 pp) | eps_stabilization (media): EPS 4.24 vs 4.10 (Diluted EPS) | debt_reduction (alta): Deuda 9479.0M vs 9832.0M | dividend_maintained (baja): Dividendo actual 1.93% con caída del 17.5% | analyst_upgrade (media): Target 420.26 vs precio 330.09 (+27%), recMean 2.08, recKey buy",razonable,entrada_escalada,305.43,330.09,305.43 - 330.09,340.0,353.4,340.00 - 353.40,Pérdida del soporte en 305.43 | ROE negativo durante 2 trimestres consecutivos | Ampliación de capital dilutiva | Recorte de rating a bono basura,6-12,"General Dynamics Corporation está un 17.5% por debajo de su máximo 52s. Fundamentalmente sólida con ROE 17.8%, deuda neta/EBITDA 0.8x. Técnicamente 🔵 RSI en sobreventa, 🟡 MACD convergiendo. Clasificación: entrada_escalada.","General Dynamics Corporation está un 17.5% por debajo de su máximo 52s. Fundamentalmente sólida con ROE 17.8%, deuda neta/EBITDA 0.8x. Técnicamente 🔵 RSI en sobreventa, 🟡 MACD convergiendo. Clasificación: entrada_escalada.",🔵 RSI en sobreventa | 🟡 MACD convergiendo | 🟡 Apoyo en MA40 semanal,1.93,11,20,False,37.7,0.35,1113893.0,5145999872.0,0.78,-3.6,gross,15.4,15.4,-0.0,17.8,89308.0,20.1,3.32,14.22,17.5,17.5,-6.6,21.0,False,True,0.7196,False,6.1,7.8,False,354.13,-6.8,False,False,55,5,0.96,305.43,False
83,PHIA.AS,KON.PHILIPS N.V.,EUROSTOXX,Healthcare,Medical Devices,Netherlands,EUR,21.27,1.0,script-v2.0,1.0,2026-10-04T13:40:05.906156+02:00,62.6,68.2,81,57,0,15,46,entrada_escalada,entrada_escalada,,True,pass,pendiente,0,desconocido,Pendiente de implementar,confirmada,"margin_stabilization (media): Margen gross 49.3% vs 45.2% (+4.1 pp) | eps_stabilization (media): EPS 0.40 vs 0.16 (Diluted EPS) | debt_reduction (alta): Deuda 7465.0M vs 8097.0M | dividend_maintained (baja): Dividendo actual 4.00% con caída del 23.2% | analyst_upgrade (media): Target 26.89 vs precio 21.27 (+26%), recMean 2.40, recKey buy",razonable,entrada_escalada,20.21,21.27,20.21 - 21.27,23.23,23.54,23.23 - 23.54,Pérdida del soporte en 20.21 | ROE negativo durante 2 trimestres consecutivos | Ampliación de capital dilutiva | Recorte de rating a bono basura,6-12,"KON.PHILIPS N.V. está un 23.2% por debajo de su máximo 52s. Fundamentalmente sólida con ROE 10.2%, deuda neta/EBITDA 2.4x. Técnicamente 🟡 Apoyo en MA40 semanal. Clasificación: entrada_escalada.","KON.PHILIPS N.V. está un 23.2% por debajo de su máximo 52s. Fundamentalmente sólida con ROE 10.2%, deuda neta/EBITDA 2.4x. Técnicamente 🟡 Apoyo en MA40 semanal. Clasificación: entrada_escalada.",🟡 Apoyo en MA40 semanal,4.0,8,2,False,74.6,0.65,1643968.0,5676000000.0,2.35,-7.8,gross,45.9,46.0,-0.0,10.2,20790.0,18.7,1.82,10.97,23.2,23.9,-8.4,37.0,False,False,-0.3941,False,13.8,20.0,False,23.22,-8.4,False,False,41,5,1.15,,False
84,VOW3.DE,VOLKSWAGEN AG                 V,EUROSTOXX,Consumer Cyclical,Auto Manufacturers,Germany,EUR,67.48,1.0,script-v2.0,1.0,2026-10-04T13:39:41.436574+02:00,62.5,62.7,51,73,0,10,62,seguimiento,seguimiento,,True,pass,pendiente,0,desconocido,Pendiente de implementar,parcial,"margin_stabilization (media): Margen gross 15.1% vs 15.5% (-0.4 pp) | eps_stabilization (media): EPS 2.56 vs 2.55 (Diluted EPS) | dividend_maintained (baja): Dividendo actual 7.79% con caída del 38.2% | analyst_upgrade (media): Target 104.33 vs precio 67.48 (+55%), recMean 2.17, recKey buy",razonable,seguimiento,64.11,67.48,64.11 - 67.48,83.13,92.78,83.13 - 92.78,Pérdida del soporte en 64.11 | ROE negativo durante 2 trimestres consecutivos | Ampliación de capital dilutiva | Recorte de rating a bono basura,12-18,"VOLKSWAGEN AG                 V está un 38.2% por debajo de su máximo 52s. Fundamentalmente sólida con ROE 2.8%, deuda neta/EBITDA 11.1x. Técnicamente 🔵 RSI en sobreventa, 🟢 Divergencia alcista RSI. Clasificación: seguimiento.","VOLKSWAGEN AG                 V está un 38.2% por debajo de su máximo 52s. Fundamentalmente sólida con ROE 2.8%, deuda neta/EBITDA 11.1x. Técnicamente 🔵 RSI en sobreventa, 🟢 Divergencia alcista RSI. Clasificación: seguimiento.",🔵 RSI en sobreventa | 🟢 Divergencia alcista RSI | 🟢 base_pattern_detected,7.79,11,20,False,50.4,1.39,1072828.0,214130008064.0,11.1,43.9,gross,13.8,16.3,-2.5,2.8,33827.0,6.5,0.19,13.62,38.2,34.1,-18.8,30.4,False,False,-2.9993,False,0.7,1.5,False,82.83,-18.5,True,False,50,12,0.73,,False
85,WMT,Walmart Inc.,SP500,Consumer Defensive,Discount Stores,United States,USD,104.26,1.0,script-v2.0,1.0,2026-10-04T13:40:55.989946+02:00,62.5,63.0,95,35,0,10,61,seguimiento,seguimiento,,True,pass,pendiente,0,desconocido,Pendiente de implementar,parcial,"margin_stabilization (media): Margen gross 26.1% vs 25.1% (+1.0 pp) | eps_stabilization (media): EPS 0.80 vs 0.67 (Diluted EPS) | dividend_maintained (baja): Dividendo actual 0.95% con caída del 22.9% | analyst_upgrade (media): Target 126.78 vs precio 104.26 (+22%), recMean 1.53, recKey buy",razonable,seguimiento,99.05,104.26,99.05 - 104.26,114.89,117.88,114.89 - 117.88,Pérdida del soporte en 99.05 | ROE negativo durante 2 trimestres consecutivos | Ampliación de capital dilutiva | Recorte de rating a bono basura,6-12,"Walmart Inc. está un 22.9% por debajo de su máximo 52s. Fundamentalmente sólida con ROE 22.3%, deuda neta/EBITDA 1.4x. Técnicamente 🟢 Divergencia alcista RSI, 🟢 Estocástico sale de sobreventa. Clasificación: seguimiento.","Walmart Inc. está un 22.9% por debajo de su máximo 52s. Fundamentalmente sólida con ROE 22.3%, deuda neta/EBITDA 1.4x. Técnicamente 🟢 Divergencia alcista RSI, 🟢 Estocástico sale de sobreventa. Clasificación: seguimiento.",🟢 Divergencia alcista RSI | 🟢 Estocástico sale de sobreventa | 🟢 base_pattern_detected,0.95,11,20,False,35.0,0.72,23812892.0,63563000832.0,1.44,1.2,gross,24.8,25.2,-0.4,22.3,829709.0,37.8,8.43,20.36,22.9,22.7,-11.6,40.2,False,False,-3.4305,False,8.8,5.8,True,117.89,-11.6,True,False,43,18,1.11,,False
86,VIE.PA,VEOLIA ENVIRON.,EUROSTOXX,Industrials,Waste Management,France,EUR,30.73,1.0,script-v2.0,1.0,2026-10-04T13:39:59.980714+02:00,62.2,63.6,62,65,0,4,58,seguimiento,seguimiento,Sin señales de recuperación,True,pass,pendiente,0,desconocido,Pendiente de implementar,ausente,"dividend_maintained (baja): Dividendo actual 4.88% con caída del 18.4% | analyst_upgrade (media): Target 39.19 vs precio 30.73 (+28%), recMean 1.72, recKey buy",razonable,seguimiento,29.19,30.73,29.19 - 30.73,32.01,32.95,32.01 - 32.95,Pérdida del soporte en 29.19 | ROE negativo durante 2 trimestres consecutivos | Ampliación de capital dilutiva | Recorte de rating a bono basura,6-12,"VEOLIA ENVIRON. está un 18.4% por debajo de su máximo 52s. Fundamentalmente sólida con ROE 13.4%, deuda neta/EBITDA 4.2x. Técnicamente 🔵 RSI en sobreventa, 🟡 Apoyo en MA40 semanal. Clasificación: seguimiento.","VEOLIA ENVIRON. está un 18.4% por debajo de su máximo 52s. Fundamentalmente sólida con ROE 13.4%, deuda neta/EBITDA 4.2x. Técnicamente 🔵 RSI en sobreventa, 🟡 Apoyo en MA40 semanal. Clasificación: seguimiento.",🔵 RSI en sobreventa | 🟡 Apoyo en MA40 semanal,4.88,11,20,False,87.2,2.5,1550980.0,24271000576.0,4.21,67.3,,17.9,,,13.4,22804.0,17.9,2.29,8.56,18.4,18.4,-6.7,29.2,False,False,-0.3715,False,30.0,19.0,False,33.08,-7.1,False,False,53,5,1.26,,False
87,BNP.PA,BNP PARIBAS ACT.A,EUROSTOXX,Financial Services,Banks - Regional,France,EUR,92.06,1.0,script-v2.0,1.0,2026-10-04T13:39:49.015321+02:00,61.9,62.5,70,56,0,7,60,seguimiento,seguimiento,,True,pass,pendiente,0,desconocido,Pendiente de implementar,parcial,"eps_stabilization (media): EPS 3.96 vs 2.92 (Diluted EPS) | dividend_maintained (baja): Dividendo actual 6.30% con caída del 19.1% | analyst_upgrade (media): Target 120.01 vs precio 92.06 (+30%), recMean 1.68, recKey buy",razonable,seguimiento,88.28,92.06,88.28 - 92.06,90.68,96.75,90.68 - 96.75,Pérdida del soporte en 88.28 | ROE negativo durante 2 trimestres consecutivos | Ampliación de capital dilutiva | Recorte de rating a bono basura,6-12,"BNP PARIBAS ACT.A está un 19.1% por debajo de su máximo 52s. Fundamentalmente sólida con ROE 10.5%, dividendo 6.3%. Técnicamente 🔵 RSI en sobreventa, 🟢 Volumen creciente. Clasificación: seguimiento.","BNP PARIBAS ACT.A está un 19.1% por debajo de su máximo 52s. Fundamentalmente sólida con ROE 10.5%, dividendo 6.3%. Técnicamente 🔵 RSI en sobreventa, 🟢 Volumen creciente. Clasificación: seguimiento.",🔵 RSI en sobreventa | 🟢 Volumen creciente | 🟢 Cerca de soporte | 🟡 Apoyo en MA40 semanal,6.3,10,6,False,44.6,,1874400.0,-395667046400.0,,140.4,,0.0,,,10.5,100898.0,8.0,0.84,,19.1,16.4,1.5,30.8,False,False,3.4034,False,21.6,9.2,False,90.9,1.3,False,False,55,5,1.5,88.28,False
88,NG.L,NATIONAL GRID PLC ORD 12 204/47,EUROSTOXX,Utilities,Utilities - Regulated Electric,United Kingdom,GBp,1146.5,1.0,script-v2.0,1.0,2026-10-04T13:40:29.398127+02:00,61.8,63.7,69,59,0,4,56,seguimiento,seguimiento,Sin señales de recuperación,True,pass,pendiente,0,desconocido,Pendiente de implementar,ausente,eps_stabilization (media): EPS 0.66 vs 0.61 (annual_eps_fallback) | dividend_maintained (baja): Dividendo actual 0.04% con caída del 19.7%,razonable,seguimiento,1089.17,1146.5,1089.17 - 1146.50,1214.22,1233.9,1214.22 - 1233.90,Pérdida del soporte en 1089.17 | ROE negativo durante 2 trimestres consecutivos | Ampliación de capital dilutiva | Recorte de rating a bono basura,6-12,"NATIONAL GRID PLC ORD 12 204/47 está un 19.7% por debajo de su máximo 52s. Fundamentalmente sólida con ROE 8.4%, deuda neta/EBITDA 6.4x. Técnicamente 🟢 Divergencia alcista RSI, 🟡 Apoyo en MA40 semanal. Clasificación: seguimiento.","NATIONAL GRID PLC ORD 12 204/47 está un 19.7% por debajo de su máximo 52s. Fundamentalmente sólida con ROE 8.4%, deuda neta/EBITDA 6.4x. Técnicamente 🟢 Divergencia alcista RSI, 🟡 Apoyo en MA40 semanal. Clasificación: seguimiento.",🟢 Divergencia alcista RSI | 🟡 Apoyo en MA40 semanal | 🟢 base_pattern_detected,0.04,11,20,False,72.1,1.21,9968977.0,44877001984.0,6.39,0.3,,100.0,,,8.4,57634.0,17.6,1.45,14.51,19.7,19.7,-7.1,50.0,False,False,-25.2682,False,76.9,70.0,False,1237.67,-7.4,True,False,39,17,0.89,,False
89,WKL.AS,WOLTERS KLUWER,EUROSTOXX,Industrials,Specialty Business Services,Netherlands,EUR,67.82,1.0,script-v2.0,1.0,2026-10-04T13:40:07.258847+02:00,61.7,68.3,72,65,0,7,42,pendiente_confirmacion,pendiente_confirmacion,,True,pass,pendiente,0,desconocido,Pendiente de implementar,parcial,"eps_stabilization (media): EPS 5.64 vs 4.52 (annual_eps_fallback) | dividend_maintained (baja): Dividendo actual 3.83% con caída del 41.1% | analyst_upgrade (media): Target 89.78 vs precio 67.82 (+32%), recMean 1.69, recKey buy",incompleto,pendiente_confirmacion,66.57,67.82,66.57 - 67.82,66.35,97.88,66.35 - 97.88,Pérdida del soporte en 66.57 | ROE negativo durante 2 trimestres consecutivos | Ampliación de capital dilutiva | Recorte de rating a bono basura,18-24,"WOLTERS KLUWER está un 41.1% por debajo de su máximo 52s. Fundamentalmente sólida con ROE 146.1%, deuda neta/EBITDA 2.1x. Técnicamente 🟢 Cerca de soporte, 🟡 Apoyo en MA40 semanal. Clasificación: pendiente_confirmacion.","WOLTERS KLUWER está un 41.1% por debajo de su máximo 52s. Fundamentalmente sólida con ROE 146.1%, deuda neta/EBITDA 2.1x. Técnicamente 🟢 Cerca de soporte, 🟡 Apoyo en MA40 semanal. Clasificación: pendiente_confirmacion.",🟢 Cerca de soporte | 🟡 Apoyo en MA40 semanal | 🟢 base_pattern_detected,3.83,11,20,False,43.0,5.9,1251925.0,4054000256.0,2.08,12.5,,74.1,,,146.1,15086.0,11.6,16.11,9.86,41.1,60.4,2.2,49.1,False,False,-0.4742,False,39.1,45.9,False,65.9,2.9,True,False,25,17,0.86,66.57,True
90,MUV2.DE,MUENCHENER RUECKVERS.-GES. AG N,EUROSTOXX,Financial Services,Insurance - Reinsurance,Germany,EUR,508.6,1.0,script-v2.0,1.0,2026-10-04T13:39:41.360807+02:00,61.1,63.8,99,33,0,7,53,seguimiento,seguimiento,,True,pass,pendiente,0,desconocido,Pendiente de implementar,parcial,margin_stabilization (media): Margen operating 15.6% vs 13.7% (+1.9 pp) | eps_stabilization (media): EPS 17.50 vs 13.41 (Diluted EPS) | dividend_maintained (baja): Dividendo actual 4.72% con caída del 11.6%,razonable,seguimiento,502.19,508.6,502.19 - 508.60,489.26,503.59,489.26 - 503.59,Pérdida del soporte en 502.19 | ROE negativo durante 2 trimestres consecutivos | Ampliación de capital dilutiva | Recorte de rating a bono basura,6-12,"MUENCHENER RUECKVERS.-GES. AG N está un 11.6% por debajo de su máximo 52s. Fundamentalmente sólida con ROE 21.3%, D/E 0.24. Técnicamente 🟢 Cruce alcista MACD, 🟢 Cerca de soporte. Clasificación: seguimiento.","MUENCHENER RUECKVERS.-GES. AG N está un 11.6% por debajo de su máximo 52s. Fundamentalmente sólida con ROE 21.3%, D/E 0.24. Técnicamente 🟢 Cruce alcista MACD, 🟢 Cerca de soporte. Clasificación: seguimiento.",🟢 Cruce alcista MACD | 🟢 Cerca de soporte | 🟡 Apoyo en MA40 semanal,4.72,11,20,False,44.6,0.24,274072.0,2403000320.0,,9.4,operating,17.3,14.9,2.4,21.3,63989.0,9.5,1.91,,11.6,12.9,1.0,49.6,True,True,2.9533,False,66.7,38.1,False,502.77,1.2,False,False,48,5,0.87,502.19,False
91,HEN3.DE,Henkel AG & Co. KGaA          I,EUROSTOXX,Consumer Defensive,Household & Personal Products,Germany,EUR,72.3,1.0,script-v2.0,1.0,2026-10-04T13:39:41.191664+02:00,61.0,66.0,90,45,0,1,46,seguimiento,seguimiento,Sin señales de recuperación,True,pass,pendiente,0,desconocido,Pendiente de implementar,ausente,dividend_maintained (baja): Dividendo actual 2.86% con caída del 14.1%,razonable,seguimiento,68.94,72.3,68.94 - 72.30,71.03,71.57,71.03 - 71.57,Pérdida del soporte en 68.94 | ROE negativo durante 2 trimestres consecutivos | Ampliación de capital dilutiva | Recorte de rating a bono basura,6-12,"Henkel AG & Co. KGaA          I está un 14.1% por debajo de su máximo 52s. Fundamentalmente sólida con ROE 9.4%, deuda neta/EBITDA 0.7x. Técnicamente 🟢 Divergencia alcista RSI, 🟢 Cerca de soporte. Clasificación: seguimiento.","Henkel AG & Co. KGaA          I está un 14.1% por debajo de su máximo 52s. Fundamentalmente sólida con ROE 9.4%, deuda neta/EBITDA 0.7x. Técnicamente 🟢 Divergencia alcista RSI, 🟢 Cerca de soporte. Clasificación: seguimiento.",🟢 Divergencia alcista RSI | 🟢 Cerca de soporte | 🟡 Apoyo en MA40 semanal,2.86,11,20,False,44.0,0.32,362667.0,2354999808.0,0.72,82.7,,51.3,,,9.4,29271.0,15.4,1.4,9.76,14.1,13.0,1.8,39.8,False,False,1.2467,False,21.1,20.6,False,71.09,1.7,False,False,41,5,0.95,68.94,False
92,8031.T,MITSUI & CO,ASIA,Industrials,Conglomerates,Japan,JPY,4902.0,1.0,script-v2.0,1.0,2026-10-04T13:41:51.139025+02:00,60.8,60.4,78,45,0,7,62,seguimiento,seguimiento,,True,pass,pendiente,0,desconocido,Pendiente de implementar,parcial,"eps_stabilization (media): EPS 103.65 vs 66.63 (Diluted EPS) | dividend_maintained (baja): Dividendo actual 2.86% con caída del 26.6% | analyst_upgrade (media): Target 6209.17 vs precio 4902.00 (+27%), recMean 2.08, recKey buy",razonable,seguimiento,4662.94,4902.0,4662.94 - 4902.00,5134.72,5673.75,5134.72 - 5673.75,Pérdida del soporte en 4662.94 | ROE negativo durante 2 trimestres consecutivos | Ampliación de capital dilutiva | Recorte de rating a bono basura,12-18,"MITSUI & CO está un 26.6% por debajo de su máximo 52s. Fundamentalmente sólida con ROE 11.4%, deuda neta/EBITDA 6.4x. Técnicamente 🟡 MACD convergiendo, 🟢 Cerca de soporte. Clasificación: seguimiento.","MITSUI & CO está un 26.6% por debajo de su máximo 52s. Fundamentalmente sólida con ROE 11.4%, deuda neta/EBITDA 6.4x. Técnicamente 🟡 MACD convergiendo, 🟢 Cerca de soporte. Clasificación: seguimiento.",🟡 MACD convergiendo | 🟢 Cerca de soporte | 🟡 Apoyo en MA40 semanal | 🟢 base_pattern_detected,2.86,11,20,False,39.5,0.64,6246440.0,4996358733824.0,6.44,21.5,,9.6,,,11.4,13932177.0,16.9,1.55,24.7,26.6,25.5,-4.5,47.1,False,True,-25.1868,False,23.9,27.6,False,5207.89,-5.9,True,False,45,17,0.89,4662.94,True
93,0006.HK,POWER ASSETS,ASIA,Utilities,Utilities - Independent Power Producers,Hong Kong,HKD,59.35,1.0,script-v2.0,1.0,2026-10-04T13:41:58.982052+02:00,60.7,64.9,98,36,0,9,48,seguimiento,seguimiento,,True,pass,pendiente,0,desconocido,Pendiente de implementar,parcial,eps_stabilization (media): EPS 2.93 vs 2.82 (annual_eps_fallback) | debt_reduction (alta): Deuda 2770.0M vs 3320.0M | dividend_maintained (baja): Dividendo actual 4.75% con caída del 11.5%,razonable,seguimiento,57.81,59.27,57.81 - 59.27,56.99,58.15,56.99 - 58.15,Pérdida del soporte en 57.81 | ROE negativo durante 2 trimestres consecutivos | Ampliación de capital dilutiva | Recorte de rating a bono basura,6-12,"POWER ASSETS está un 11.5% por debajo de su máximo 52s. Fundamentalmente sólida con ROE 18.6%, deuda neta/EBITDA -111.1x. Técnicamente 🟢 Cerca de soporte, 🟡 Apoyo en MA40 semanal. Clasificación: seguimiento.","POWER ASSETS está un 11.5% por debajo de su máximo 52s. Fundamentalmente sólida con ROE 18.6%, deuda neta/EBITDA -111.1x. Técnicamente 🟢 Cerca de soporte, 🟡 Apoyo en MA40 semanal. Clasificación: seguimiento.",🟢 Cerca de soporte | 🟡 Apoyo en MA40 semanal | 🟢 base_pattern_detected | 🟡 trendline_break,4.75,11,20,False,33.6,2.69,2753137.0,-42506999808.0,-111.13,-16.6,,100.0,,,18.6,126481.0,7.1,1.23,219.54,11.5,7.4,2.1,46.9,False,False,0.6894,False,14.0,19.7,False,58.78,1.0,True,True,25,23,0.96,57.81,True
94,TTE.PA,TOTALENERGIES,EUROSTOXX,Energy,Oil & Gas Integrated,France,EUR,74.46,1.0,script-v2.0,1.0,2026-10-04T13:39:59.759318+02:00,60.2,61.6,100,28,0,6,56,seguimiento,seguimiento,,False,pass,pendiente,0,desconocido,Pendiente de implementar,parcial,debt_reduction (alta): Deuda 62917.0M vs 64008.0M | dividend_maintained (baja): Dividendo actual 4.83% con caída del 8.5%,razonable,seguimiento,72.46,74.46,72.46 - 74.46,69.14,69.99,69.14 - 69.99,Pérdida del soporte en 72.46 | ROE negativo durante 2 trimestres consecutivos | Ampliación de capital dilutiva | Recorte de rating a bono basura,6-12,"TOTALENERGIES está un 8.5% por debajo de su máximo 52s. Fundamentalmente sólida con ROE 14.5%, deuda neta/EBITDA 0.8x. Técnicamente 🟢 Volumen creciente, 🟢 Cerca de soporte. Clasificación: seguimiento.","TOTALENERGIES está un 8.5% por debajo de su máximo 52s. Fundamentalmente sólida con ROE 14.5%, deuda neta/EBITDA 0.8x. Técnicamente 🟢 Volumen creciente, 🟢 Cerca de soporte. Clasificación: seguimiento.",🟢 Volumen creciente | 🟢 Cerca de soporte | 🟢 Estocástico sale de sobreventa | 🟢 base_pattern_detected,4.83,11,20,False,49.3,0.48,3559039.0,31200002048.0,0.79,-1.7,gross,37.7,30.7,7.0,14.5,164369.0,10.5,1.46,5.03,8.5,7.3,6.4,39.1,False,False,2.5643,False,14.7,11.2,True,70.42,5.7,True,False,38,18,1.31,72.46,True
95,AVGO,Broadcom Inc.,SP500,Technology,Semiconductors,United States,USD,355.14,1.0,script-v2.0,1.0,2026-10-04T13:41:23.711192+02:00,60.2,61.6,100,28,0,15,56,entrada_escalada,entrada_escalada,,False,pass,pendiente,0,desconocido,Pendiente de implementar,confirmada,"margin_stabilization (media): Margen gross 69.1% vs 69.5% (-0.3 pp) | eps_stabilization (media): EPS 2.68 vs 1.91 (Diluted EPS) | debt_reduction (alta): Deuda 59419.0M vs 64907.0M | dividend_maintained (baja): Dividendo actual 0.73% con caída del 28.3% | analyst_upgrade (media): Target 531.31 vs precio 355.14 (+50%), recMean 1.26, recKey strong_buy",razonable,entrada_escalada,337.38,355.14,337.38 - 355.14,366.26,420.75,366.26 - 420.75,Pérdida del soporte en 337.38 | ROE negativo durante 2 trimestres consecutivos | Ampliación de capital dilutiva | Recorte de rating a bono basura,12-18,"Broadcom Inc. está un 28.3% por debajo de su máximo 52s. Fundamentalmente sólida con ROE 44.2%, deuda neta/EBITDA 0.7x. Técnicamente 🟢 Divergencia alcista RSI, 🟡 Apoyo en MA40 semanal. Clasificación: entrada_escalada.","Broadcom Inc. está un 28.3% por debajo de su máximo 52s. Fundamentalmente sólida con ROE 44.2%, deuda neta/EBITDA 0.7x. Técnicamente 🟢 Divergencia alcista RSI, 🟡 Apoyo en MA40 semanal. Clasificación: entrada_escalada.",🟢 Divergencia alcista RSI | 🟡 Apoyo en MA40 semanal | 🟢 base_pattern_detected,0.73,11,17,False,32.4,0.6,22518056.0,35444000768.0,0.68,-8.5,gross,75.5,68.7,6.8,44.2,1695307.0,43.8,17.01,33.12,28.3,28.0,-3.0,47.8,False,False,-2.331,False,63.6,47.2,False,366.61,-3.1,True,False,39,17,0.92,,False
96,7751.T,CANON INC,ASIA,Technology,Computer Hardware,Japan,JPY,4607.0,1.0,script-v2.0,1.0,2026-10-04T13:41:50.277768+02:00,59.9,68.5,92,48,0,1,34,seguimiento,seguimiento,Sin señales de recuperación,True,pass,pendiente,0,desconocido,Pendiente de implementar,ausente,dividend_maintained (baja): Dividendo actual 3.47% con caída del 8.5%,incompleto,seguimiento,4254.76,4551.98,4254.76 - 4551.98,4278.05,4425.67,4278.05 - 4425.67,Pérdida del soporte en 4254.76 | ROE negativo durante 2 trimestres consecutivos | Ampliación de capital dilutiva | Recorte de rating a bono basura,6-12,"CANON INC está un 8.5% por debajo de su máximo 52s. Fundamentalmente sólida con ROE 10.4%, deuda neta/EBITDA 0.7x. Técnicamente 🟡 trendline_break. Clasificación: seguimiento.","CANON INC está un 8.5% por debajo de su máximo 52s. Fundamentalmente sólida con ROE 10.4%, deuda neta/EBITDA 0.7x. Técnicamente 🟡 trendline_break. Clasificación: seguimiento.",🟡 trendline_break,3.47,11,20,False,40.5,0.34,3593416.0,525887012864.0,0.72,34.2,,47.8,,,10.4,3845508.0,11.6,1.12,6.39,8.5,7.0,4.1,54.7,False,False,72.0526,False,76.8,89.6,False,4415.88,4.3,False,True,28,6,1.15,4254.76,True
97,C6L.SI,SIA,ASIA,Industrials,Airlines,Singapore,SGD,6.66,1.0,script-v2.0,1.0,2026-10-04T13:42:10.748389+02:00,59.4,65.5,74,58,0,1,41,seguimiento,seguimiento,Sin señales de recuperación,True,pass,pendiente,0,desconocido,Pendiente de implementar,ausente,dividend_maintained (baja): Dividendo actual 6.61% con caída del 15.9%,incompleto,seguimiento,6.25,6.66,6.25 - 6.66,6.73,6.82,6.73 - 6.82,Pérdida del soporte en 6.25 | ROE negativo durante 2 trimestres consecutivos | Ampliación de capital dilutiva | Recorte de rating a bono basura,6-12,"SIA está un 15.9% por debajo de su máximo 52s. Fundamentalmente sólida con ROE 7.2%, deuda neta/EBITDA 0.1x. Técnicamente 🟡 Apoyo en MA40 semanal. Clasificación: seguimiento.","SIA está un 15.9% por debajo de su máximo 52s. Fundamentalmente sólida con ROE 7.2%, deuda neta/EBITDA 0.1x. Técnicamente 🟡 Apoyo en MA40 semanal. Clasificación: seguimiento.",🟡 Apoyo en MA40 semanal,6.61,9,5,False,117.8,0.6,6560881.0,407100416.0,0.09,0.0,operating,14.5,9.8,4.7,7.2,21003.0,22.2,1.22,5.02,15.9,15.9,-2.4,42.7,False,False,-0.0312,False,57.1,65.7,False,6.84,-2.7,False,False,36,5,0.85,6.25,False
98,BA.L,BAE SYSTEMS PLC ORD 2.5P,EUROSTOXX,Industrials,Aerospace & Defense,United Kingdom,GBp,1921.0,1.0,script-v2.0,1.0,2026-10-04T13:40:31.448051+02:00,59.3,60.7,97,29,0,7,55,seguimiento,seguimiento,,False,pass,pendiente,0,desconocido,Pendiente de implementar,parcial,"eps_stabilization (media): EPS 0.68 vs 0.64 (annual_eps_fallback) | dividend_maintained (baja): Dividendo actual 0.02% con caída del 18.6% | analyst_upgrade (media): Target 2322.65 vs precio 1921.00 (+21%), recMean 2.25, recKey buy",razonable,seguimiento,1875.25,1921.0,1875.25 - 1921.00,2006.0,2019.38,2006.00 - 2019.38,Pérdida del soporte en 1875.25 | ROE negativo durante 2 trimestres consecutivos | Ampliación de capital dilutiva | Recorte de rating a bono basura,6-12,"BAE SYSTEMS PLC ORD 2.5P está un 18.6% por debajo de su máximo 52s. Fundamentalmente sólida con ROE 18.6%, deuda neta/EBITDA 1.3x. Técnicamente 🟢 Cerca de soporte, 🟡 Apoyo en MA40 semanal. Clasificación: seguimiento.","BAE SYSTEMS PLC ORD 2.5P está un 18.6% por debajo de su máximo 52s. Fundamentalmente sólida con ROE 18.6%, deuda neta/EBITDA 1.3x. Técnicamente 🟢 Cerca de soporte, 🟡 Apoyo en MA40 semanal. Clasificación: seguimiento.",🟢 Cerca de soporte | 🟡 Apoyo en MA40 semanal | 🟢 base_pattern_detected,0.02,11,20,False,52.0,0.73,5819678.0,4953000448.0,1.32,1.1,,13.3,,,18.6,56230.0,27.4,4.65,16.68,18.6,18.6,-4.9,38.2,False,False,-1.4678,False,0.0,23.3,False,2028.59,-5.3,True,False,38,17,0.65,1875.25,True
99,005930.KS,SamsungElec,ASIA,Technology,Consumer Electronics,South Korea,KRW,276000.0,1.0,script-v2.0,1.0,2026-10-04T13:42:04.546278+02:00,59.1,66.8,78,57,0,15,36,pendiente_confirmacion,pendiente_confirmacion,,True,pass,pendiente,0,desconocido,Pendiente de implementar,confirmada,"margin_stabilization (media): Margen gross 69.6% vs 61.2% (+8.4 pp) | eps_stabilization (media): EPS 10733.00 vs 7056.00 (Diluted EPS) | debt_reduction (alta): Deuda 22408721.3M vs 28138794.0M | dividend_maintained (baja): Dividendo actual 0.54% con caída del 26.3% | analyst_upgrade (media): Target 477516.75 vs precio 276000.00 (+73%), recMean 1.36, recKey strong_buy",incompleto,pendiente_confirmacion,256630.0,261711.38,256630.00 - 261711.38,226356.61,318325.0,226356.61 - 318325.00,Pérdida del soporte en 261711.38 | ROE negativo durante 2 trimestres consecutivos | Ampliación de capital dilutiva | Recorte de rating a bono basura,12-18,"SamsungElec está un 26.3% por debajo de su máximo 52s. Fundamentalmente sólida con ROE 30.8%, deuda neta/EBITDA -0.7x. Técnicamente 🟢 Divergencia alcista RSI, 🟢 base_pattern_detected. Clasificación: pendiente_confirmacion.","SamsungElec está un 26.3% por debajo de su máximo 52s. Fundamentalmente sólida con ROE 30.8%, deuda neta/EBITDA -0.7x. Técnicamente 🟢 Divergencia alcista RSI, 🟢 base_pattern_detected. Clasificación: pendiente_confirmacion.",🟢 Divergencia alcista RSI | 🟢 base_pattern_detected,0.54,11,20,False,7.5,3.87,23751838.0,-167590313852928.0,-0.74,-20.4,gross,57.5,54.2,3.3,30.8,1812371509.0,3.9,,7.3,26.3,26.2,21.9,55.7,False,False,13696.0358,False,75.9,69.6,False,237508.79,16.2,True,False,24,12,0.84,261711.38,True
100,000660.KS,SK hynix,ASIA,Technology,Semiconductors,South Korea,KRW,1841000.0,1.0,script-v2.0,1.0,2026-10-04T13:42:05.564983+02:00,58.8,66.3,77,57,0,15,36,pendiente_confirmacion,pendiente_confirmacion,,True,pass,pendiente,0,desconocido,Pendiente de implementar,confirmada,"margin_stabilization (media): Margen gross 83.2% vs 79.3% (+3.9 pp) | eps_stabilization (media): EPS 131478.00 vs 56670.00 (Diluted EPS) | debt_reduction (alta): Deuda 21113138.6M vs 21832416.0M | dividend_maintained (baja): Dividendo actual 0.08% con caída del 38.4% | analyst_upgrade (media): Target 3141024.80 vs precio 1841000.00 (+71%), recMean 1.33, recKey strong_buy",incompleto,pendiente_confirmacion,1684917.98,1714321.35,1684917.98 - 1714321.35,1417721.04,2538950.0,1417721.04 - 2538950.00,Pérdida del soporte en 1714321.35 | ROE negativo durante 2 trimestres consecutivos | Ampliación de capital dilutiva | Recorte de rating a bono basura,12-18,"SK hynix está un 38.4% por debajo de su máximo 52s. Fundamentalmente sólida con ROE 92.7%, deuda neta/EBITDA -0.5x. Técnicamente 🟢 Divergencia alcista RSI, 🟢 base_pattern_detected. Clasificación: pendiente_confirmacion.","SK hynix está un 38.4% por debajo de su máximo 52s. Fundamentalmente sólida con ROE 92.7%, deuda neta/EBITDA -0.5x. Técnicamente 🟢 Divergencia alcista RSI, 🟢 base_pattern_detected. Clasificación: pendiente_confirmacion.",🟢 Divergencia alcista RSI | 🟢 base_pattern_detected,0.08,11,13,False,1.3,8.04,4650599.0,-66867840417792.0,-0.47,-3.3,gross,76.3,72.2,4.1,92.7,1306842852.0,3.9,,8.65,38.4,38.4,29.9,55.6,False,False,115184.9761,False,64.4,55.2,False,1492440.65,23.4,True,False,24,12,0.79,1714321.35,False
101,UNH,UnitedHealth Group Incorporated,SP500,Healthcare,Healthcare Plans,United States,USD,371.9,1.0,script-v2.0,1.0,2026-10-04T13:40:55.151628+02:00,58.7,61.6,100,28,0,9,50,seguimiento,seguimiento,,False,pass,pendiente,0,desconocido,Pendiente de implementar,parcial,"debt_reduction (alta): Deuda 73328.0M vs 77917.0M | dividend_maintained (baja): Dividendo actual 2.50% con caída del 19.4% | analyst_upgrade (media): Target 481.72 vs precio 371.90 (+30%), recMean 1.58, recKey buy",razonable,seguimiento,349.44,371.9,349.44 - 371.90,352.56,392.38,352.56 - 392.38,Pérdida del soporte en 349.44 | ROE negativo durante 2 trimestres consecutivos | Ampliación de capital dilutiva | Recorte de rating a bono basura,6-12,"UnitedHealth Group Incorporated está un 19.4% por debajo de su máximo 52s. Fundamentalmente sólida con ROE 14.2%, deuda neta/EBITDA 1.6x. Técnicamente 🟢 Divergencia alcista RSI, 🟢 Cruce alcista MACD. Clasificación: seguimiento.","UnitedHealth Group Incorporated está un 19.4% por debajo de su máximo 52s. Fundamentalmente sólida con ROE 14.2%, deuda neta/EBITDA 1.6x. Técnicamente 🟢 Divergencia alcista RSI, 🟢 Cruce alcista MACD. Clasificación: seguimiento.",🟢 Divergencia alcista RSI | 🟢 Cruce alcista MACD,2.5,11,20,False,57.5,0.69,4901995.0,41860001792.0,1.57,-5.9,gross,19.7,19.5,0.2,14.2,333816.0,23.9,3.42,14.36,19.4,38.2,5.5,41.3,True,True,7.9423,False,43.9,20.2,False,354.4,4.9,False,False,50,0,0.79,349.44,False
102,0002.HK,CLP HOLDINGS,ASIA,Utilities,Utilities - Regulated Electric,Hong Kong,HKD,75.75,1.0,script-v2.0,1.0,2026-10-04T13:41:57.969703+02:00,57.5,60.7,89,36,0,1,48,seguimiento,seguimiento,Sin señales de recuperación,True,pass,pendiente,0,desconocido,Pendiente de implementar,ausente,dividend_maintained (baja): Dividendo actual 4.22% con caída del 5.1%,razonable,seguimiento,74.38,75.75,74.38 - 75.75,67.83,73.63,67.83 - 73.63,Pérdida del soporte en 74.38 | ROE negativo durante 2 trimestres consecutivos | Ampliación de capital dilutiva | Recorte de rating a bono basura,6-12,"CLP HOLDINGS está un 5.1% por debajo de su máximo 52s. Fundamentalmente sólida con ROE 10.1%, deuda neta/EBITDA 2.6x. Técnicamente 🟢 Volumen creciente, 🟢 Cerca de soporte. Clasificación: seguimiento.","CLP HOLDINGS está un 5.1% por debajo de su máximo 52s. Fundamentalmente sólida con ROE 10.1%, deuda neta/EBITDA 2.6x. Técnicamente 🟢 Volumen creciente, 🟢 Cerca de soporte. Clasificación: seguimiento.",🟢 Volumen creciente | 🟢 Cerca de soporte | 🟡 Apoyo en MA40 semanal,4.22,11,20,False,74.8,0.57,3290726.0,61402000384.0,2.63,9.8,,34.8,,,10.1,191379.0,17.7,1.73,11.1,5.1,4.5,2.9,38.1,False,False,1.3675,False,4.5,15.1,False,74.23,2.0,False,False,43,5,1.33,74.38,True
103,AMC.AX,AMCOR PLC CDI 1:1 [AMC],ASX,Consumer Cyclical,Packaging & Containers,Switzerland,AUD,60.63,1.0,script-v2.0,1.0,2026-10-04T13:41:35.522759+02:00,54.4,59.9,78,44,0,12,38,pendiente_confirmacion,pendiente_confirmacion,,True,pass,pendiente,0,desconocido,Pendiente de implementar,confirmada,margin_stabilization (media): Margen gross 20.9% vs 20.1% (+0.8 pp) | eps_stabilization (media): EPS 0.83 vs 0.60 (Diluted EPS) | debt_reduction (alta): Deuda 15140.0M vs 16706.0M | dividend_maintained (baja): Dividendo actual 6.07% con caída del 14.7%,incompleto,pendiente_confirmacion,60.57,60.63,60.57 - 60.63,59.58,60.43,59.58 - 60.43,Pérdida del soporte en 60.57 | ROE negativo durante 2 trimestres consecutivos | Ampliación de capital dilutiva | Recorte de rating a bono basura,6-12,"AMCOR PLC CDI 1:1 [AMC] está un 14.7% por debajo de su máximo 52s. Fundamentalmente aceptable con ROE 9.4%, deuda neta/EBITDA 4.0x. Técnicamente 🟢 Cerca de soporte, 🟡 Apoyo en MA40 semanal. Clasificación: pendiente_confirmacion.","AMCOR PLC CDI 1:1 [AMC] está un 14.7% por debajo de su máximo 52s. Fundamentalmente aceptable con ROE 9.4%, deuda neta/EBITDA 4.0x. Técnicamente 🟢 Cerca de soporte, 🟡 Apoyo en MA40 semanal. Clasificación: pendiente_confirmacion.",🟢 Cerca de soporte | 🟡 Apoyo en MA40 semanal,6.07,11,20,False,109.3,1.28,632998.0,14024999680.0,3.97,-9.4,gross,20.0,19.9,0.0,9.4,28008.0,17.7,1.65,11.89,14.7,19.9,1.8,46.5,False,False,0.7277,False,73.7,77.0,False,59.5,1.9,False,False,33,5,0.7,60.57,False
104,1038.HK,CKI HOLDINGS,ASIA,Utilities,Utilities - Regulated Electric,Hong Kong,HKD,64.9,1.0,script-v2.0,1.0,2026-10-04T13:42:03.010974+02:00,54.4,62.1,100,29,0,4,31,seguimiento,seguimiento,Sin señales de recuperación,False,pass,pendiente,0,desconocido,Pendiente de implementar,ausente,eps_stabilization (media): EPS 3.28 vs 3.22 (annual_eps_fallback) | dividend_maintained (baja): Dividendo actual 4.05% con caída del 4.4%,incompleto,seguimiento,62.07,63.85,62.07 - 63.85,57.72,60.95,57.72 - 60.95,Pérdida del soporte en 62.07 | ROE negativo durante 2 trimestres consecutivos | Ampliación de capital dilutiva | Recorte de rating a bono basura,6-12,"CKI HOLDINGS está un 4.4% por debajo de su máximo 52s. Fundamentalmente sólida con ROE 17.2%, deuda neta/EBITDA -38.6x. Técnicamente 🟢 Cerca de soporte, 🟡 trendline_break. Clasificación: seguimiento.","CKI HOLDINGS está un 4.4% por debajo de su máximo 52s. Fundamentalmente sólida con ROE 17.2%, deuda neta/EBITDA -38.6x. Técnicamente 🟢 Cerca de soporte, 🟡 trendline_break. Clasificación: seguimiento.",🟢 Cerca de soporte | 🟡 trendline_break,4.05,11,20,False,25.7,0.14,1317967.0,-33624002560.0,-38.56,3.7,,18.4,,,17.2,163523.0,6.4,1.11,149.06,4.4,2.3,6.5,50.6,False,False,1.647,False,54.5,59.3,False,61.63,5.3,False,True,25,6,1.05,62.07,True
105,RACE.MI,FERRARI,EUROSTOXX,Consumer Cyclical,Auto Manufacturers,Italy,EUR,343.5,1.0,script-v2.0,1.0,2026-10-04T13:40:13.448281+02:00,52.6,60.5,100,26,0,7,29,pendiente_confirmacion,pendiente_confirmacion,,False,pass,pendiente,0,desconocido,Pendiente de implementar,parcial,margin_stabilization (media): Margen gross 52.6% vs 51.8% (+0.8 pp) | eps_stabilization (media): EPS 2.62 vs 2.33 (Diluted EPS) | dividend_maintained (baja): Dividendo actual 1.05% con caída del 20.1%,incompleto,pendiente_confirmacion,311.01,343.5,311.01 - 343.50,315.15,365.41,315.15 - 365.41,Pérdida del soporte en 311.01 | ROE negativo durante 2 trimestres consecutivos | Ampliación de capital dilutiva | Recorte de rating a bono basura,6-12,"FERRARI está un 20.1% por debajo de su máximo 52s. Fundamentalmente sólida con ROE 45.4%, deuda neta/EBITDA 0.7x. Técnicamente 🟢 Estocástico sale de sobreventa. Clasificación: pendiente_confirmacion.","FERRARI está un 20.1% por debajo de su máximo 52s. Fundamentalmente sólida con ROE 45.4%, deuda neta/EBITDA 0.7x. Técnicamente 🟢 Estocástico sale de sobreventa. Clasificación: pendiente_confirmacion.",🟢 Estocástico sale de sobreventa,1.05,11,11,False,39.0,0.86,427512.0,1734133120.0,0.7,8.1,gross,51.6,51.6,0.0,45.4,60275.0,37.1,16.52,25.16,20.1,29.0,9.0,41.7,False,False,11.3272,False,6.9,3.2,True,315.07,9.0,False,False,23,6,1.17,311.01,True
106,9433.T,KDDI CORPORATION,ASIA,Communication Services,Telecom Services,Japan,JPY,2896.5,1.0,script-v2.0,1.0,2026-10-04T13:41:45.832909+02:00,52.6,59.5,99,25,0,9,32,pendiente_confirmacion,pendiente_confirmacion,,False,pass,pendiente,0,desconocido,Pendiente de implementar,parcial,eps_stabilization (media): EPS 51.33 vs 43.00 (Diluted EPS) | debt_reduction (alta): Deuda 5296146.1M vs 5397863.0M | dividend_maintained (baja): Dividendo actual 2.90% con caída del 7.2%,incompleto,pendiente_confirmacion,2798.51,2896.5,2798.51 - 2896.50,2652.85,2695.76,2652.85 - 2695.76,Pérdida del soporte en 2798.51 | ROE negativo durante 2 trimestres consecutivos | Ampliación de capital dilutiva | Recorte de rating a bono basura,6-12,"KDDI CORPORATION está un 7.2% por debajo de su máximo 52s. Fundamentalmente aceptable con ROE 14.6%, deuda neta/EBITDA 2.5x. Técnicamente 🟢 Cerca de soporte. Clasificación: pendiente_confirmacion.","KDDI CORPORATION está un 7.2% por debajo de su máximo 52s. Fundamentalmente aceptable con ROE 14.6%, deuda neta/EBITDA 2.5x. Técnicamente 🟢 Cerca de soporte. Clasificación: pendiente_confirmacion.",🟢 Cerca de soporte,2.9,11,20,False,43.6,0.94,8851568.0,4465748082688.0,2.48,-1.9,,42.8,,,14.6,10705356.0,15.8,2.15,8.88,7.2,5.9,7.4,44.1,False,False,94.2232,False,5.0,15.9,False,2705.65,7.1,False,False,32,0,1.05,2798.51,True
107,ENI.MI,ENI,EUROSTOXX,Energy,Oil & Gas Integrated,Italy,EUR,24.19,1.0,script-v2.0,1.0,2026-10-04T13:40:09.083266+02:00,52.1,58.5,99,23,0,7,33,pendiente_confirmacion,pendiente_confirmacion,,False,pass,pendiente,0,desconocido,Pendiente de implementar,parcial,margin_stabilization (media): Margen gross 12.6% vs 6.5% (+6.1 pp) | eps_stabilization (media): EPS 1.09 vs 0.34 (Diluted EPS) | dividend_maintained (baja): Dividendo actual 4.46% con caída del 3.3%,incompleto,pendiente_confirmacion,22.47,23.48,22.47 - 23.48,21.12,21.27,21.12 - 21.27,Pérdida del soporte en 22.47 | ROE negativo durante 2 trimestres consecutivos | Ampliación de capital dilutiva | Recorte de rating a bono basura,6-12,"ENI está un 3.3% por debajo de su máximo 52s. Fundamentalmente aceptable con ROE 10.9%, deuda neta/EBITDA 1.6x. Técnicamente 🟢 base_pattern_detected, 🟡 trendline_break. Clasificación: pendiente_confirmacion.","ENI está un 3.3% por debajo de su máximo 52s. Fundamentalmente aceptable con ROE 10.9%, deuda neta/EBITDA 1.6x. Técnicamente 🟢 base_pattern_detected, 🟡 trendline_break. Clasificación: pendiente_confirmacion.",🟢 base_pattern_detected | 🟡 trendline_break,4.46,11,20,False,54.7,0.65,8438241.0,21902001152.0,1.65,1.2,gross,21.5,9.5,12.0,10.9,69377.0,12.6,1.53,7.35,3.3,2.2,14.5,56.4,False,False,0.997,False,69.4,63.4,False,21.31,13.5,True,True,15,18,0.88,22.47,True
108,TWE.AX,TREA WINE FPO [TWE],ASX,Consumer Defensive,Beverages - Wineries & Distilleries,Australia,AUD,5.61,1.0,script-v2.0,1.0,2026-10-04T13:41:41.738402+02:00,52.1,58.1,56,60,0,8,34,pendiente_confirmacion,pendiente_confirmacion,,True,pass,pendiente,0,desconocido,Pendiente de implementar,parcial,eps_stabilization (media): EPS 0.54 vs 0.13 (annual_eps_fallback) | debt_reduction (alta): Deuda 1996.7M vs 2198.6M,incompleto,pendiente_confirmacion,5.37,5.4,5.37 - 5.40,4.79,6.07,4.79 - 6.07,Pérdida del soporte en 5.37 | ROE negativo durante 2 trimestres consecutivos | Ampliación de capital dilutiva | Recorte de rating a bono basura,6-12,"TREA WINE FPO [TWE] está un 21.4% por debajo de su máximo 52s. Fundamentalmente aceptable con ROE -26.5%, D/E 0.60. Técnicamente 🟢 Cerca de soporte, 🟡 trendline_break. Clasificación: pendiente_confirmacion.","TREA WINE FPO [TWE] está un 21.4% por debajo de su máximo 52s. Fundamentalmente aceptable con ROE -26.5%, D/E 0.60. Técnicamente 🟢 Cerca de soporte, 🟡 trendline_break. Clasificación: pendiente_confirmacion.",🟢 Cerca de soporte | 🟡 trendline_break,0.0,10,0,False,72.4,0.6,3544153.0,1774900032.0,,-9.2,,48.1,,,-26.5,4538.0,13.5,1.36,-7.1,21.4,52.3,17.2,61.2,False,False,0.1616,False,82.5,84.1,False,4.8,17.0,False,True,28,6,1.0,5.37,True
109,GALP.LS,GALP ENERGIA-NOM,EUROSTOXX,Energy,Oil & Gas Integrated,Portugal,EUR,21.72,1.0,script-v2.0,1.0,2026-10-04T13:40:17.323465+02:00,51.8,54.7,100,15,0,7,43,pendiente_confirmacion,pendiente_confirmacion,,False,pass,pendiente,0,desconocido,Pendiente de implementar,parcial,margin_stabilization (media): Margen gross 19.6% vs 15.6% (+4.0 pp) | eps_stabilization (media): EPS 1.05 vs -0.15 (Diluted EPS) | dividend_maintained (baja): Dividendo actual 3.13% con caída del 6.3%,incompleto,pendiente_confirmacion,20.73,21.03,20.73 - 21.03,18.79,19.7,18.79 - 19.70,Pérdida del soporte en 20.73 | ROE negativo durante 2 trimestres consecutivos | Ampliación de capital dilutiva | Recorte de rating a bono basura,6-12,"GALP ENERGIA-NOM está un 6.3% por debajo de su máximo 52s. Fundamentalmente aceptable con ROE 24.9%, deuda neta/EBITDA 0.7x. Técnicamente 🟢 Cerca de soporte, 🟢 base_pattern_detected. Clasificación: pendiente_confirmacion.","GALP ENERGIA-NOM está un 6.3% por debajo de su máximo 52s. Fundamentalmente aceptable con ROE 24.9%, deuda neta/EBITDA 0.7x. Técnicamente 🟢 Cerca de soporte, 🟢 base_pattern_detected. Clasificación: pendiente_confirmacion.",🟢 Cerca de soporte | 🟢 base_pattern_detected | 🟡 trendline_break,3.13,11,20,False,40.9,0.81,1539472.0,2267000064.0,0.68,5.4,gross,30.6,15.1,15.5,24.9,15704.0,13.8,3.31,5.71,6.3,6.3,15.6,49.5,False,False,1.0332,False,22.3,41.1,False,18.88,15.0,True,True,25,18,1.16,20.73,True
110,SAP.DE,SAP SE                        I,EUROSTOXX,Technology,Software - Application,Germany,EUR,183.92,1.0,script-v2.0,1.0,2026-10-04T13:39:43.512091+02:00,50.9,54.9,97,18,0,7,39,pendiente_confirmacion,pendiente_confirmacion,,False,pass,pendiente,0,desconocido,Pendiente de implementar,parcial,margin_stabilization (media): Margen gross 73.2% vs 73.0% (+0.2 pp) | eps_stabilization (media): EPS 1.88 vs 1.65 (Diluted EPS) | dividend_maintained (baja): Dividendo actual 1.36% con caída del 24.7%,incompleto,pendiente_confirmacion,177.83,179.84,177.83 - 179.84,164.44,207.66,164.44 - 207.66,Pérdida del soporte en 177.83 | ROE negativo durante 2 trimestres consecutivos | Ampliación de capital dilutiva | Recorte de rating a bono basura,6-12,"SAP SE                        I está un 24.7% por debajo de su máximo 52s. Fundamentalmente aceptable con ROE 18.3%, deuda neta/EBITDA -0.1x. Técnicamente 🟢 Cerca de soporte, 🟢 base_pattern_detected. Clasificación: pendiente_confirmacion.","SAP SE                        I está un 24.7% por debajo de su máximo 52s. Fundamentalmente aceptable con ROE 18.3%, deuda neta/EBITDA -0.1x. Técnicamente 🟢 Cerca de soporte, 🟢 base_pattern_detected. Clasificación: pendiente_confirmacion.",🟢 Cerca de soporte | 🟢 base_pattern_detected | 🟡 trendline_break,1.36,11,20,False,37.4,0.22,2545893.0,-1685999616.0,-0.14,26.4,gross,73.7,72.8,0.9,18.3,212281.0,27.5,4.74,17.95,24.7,33.4,11.8,51.7,False,False,5.7423,False,44.3,64.2,False,163.24,12.7,True,True,21,18,0.86,177.83,True
111,QCOM,QUALCOMM Incorporated,SP500,Technology,Semiconductors,United States,USD,184.87,1.0,script-v2.0,1.0,2026-10-04T13:41:25.603943+02:00,50.1,56.8,100,19,0,6,30,pendiente_confirmacion,pendiente_confirmacion,,False,pass,pendiente,0,desconocido,Pendiente de implementar,parcial,debt_reduction (alta): Deuda 15270.0M vs 15270.0M | dividend_maintained (baja): Dividendo actual 1.99% con caída del 28.9%,incompleto,pendiente_confirmacion,170.94,172.56,170.94 - 172.56,167.84,220.93,167.84 - 220.93,Pérdida del soporte en 172.56 | ROE negativo durante 2 trimestres consecutivos | Ampliación de capital dilutiva | Recorte de rating a bono basura,12-18,"QUALCOMM Incorporated está un 28.9% por debajo de su máximo 52s. Fundamentalmente aceptable con ROE 33.8%, deuda neta/EBITDA 0.6x. Técnicamente 🟢 base_pattern_detected, 🟡 trendline_break. Clasificación: pendiente_confirmacion.","QUALCOMM Incorporated está un 28.9% por debajo de su máximo 52s. Fundamentalmente aceptable con ROE 33.8%, deuda neta/EBITDA 0.6x. Técnicamente 🟢 base_pattern_detected, 🟡 trendline_break. Clasificación: pendiente_confirmacion.",🟢 base_pattern_detected | 🟡 trendline_break,1.99,11,20,False,41.0,0.55,12499785.0,6965999616.0,0.58,-0.0,gross,54.2,54.2,0.0,33.8,197452.0,21.2,7.07,16.76,28.9,28.2,10.1,52.6,False,False,2.9832,False,29.8,33.6,False,168.63,9.6,True,True,12,18,0.63,172.56,True
112,XOM,ExxonMobil Holdings Corporation,SP500,Energy,Oil & Gas Integrated,United States,USD,164.01,1.0,script-v2.0,1.0,2026-10-04T13:40:40.091867+02:00,49.5,53.1,100,12,0,12,39,pendiente_confirmacion,pendiente_confirmacion,,False,pass,pendiente,0,desconocido,Pendiente de implementar,confirmada,margin_stabilization (media): Margen gross 22.5% vs 16.7% (+5.8 pp) | eps_stabilization (media): EPS 3.48 vs 1.00 (Diluted EPS) | debt_reduction (alta): Deuda 42368.0M vs 47661.0M | dividend_maintained (baja): Dividendo actual 2.51% con caída del 7.0%,incompleto,pendiente_confirmacion,145.76,160.22,145.76 - 160.22,147.65,149.95,147.65 - 149.95,Pérdida del soporte en 145.76 | ROE negativo durante 2 trimestres consecutivos | Ampliación de capital dilutiva | Recorte de rating a bono basura,6-12,"ExxonMobil Holdings Corporation está un 7.0% por debajo de su máximo 52s. Fundamentalmente aceptable con ROE 12.6%, deuda neta/EBITDA 0.5x. Técnicamente 🟡 MACD convergiendo, 🟢 base_pattern_detected. Clasificación: pendiente_confirmacion.","ExxonMobil Holdings Corporation está un 7.0% por debajo de su máximo 52s. Fundamentalmente aceptable con ROE 12.6%, deuda neta/EBITDA 0.5x. Técnicamente 🟡 MACD convergiendo, 🟢 base_pattern_detected. Clasificación: pendiente_confirmacion.",🟡 MACD convergiendo | 🟢 base_pattern_detected | 🟡 trendline_break,2.51,11,20,False,52.5,0.16,14220595.0,31779999744.0,0.47,-11.1,gross,29.8,20.4,9.3,12.6,674395.0,21.1,2.6,10.49,7.0,5.8,11.1,55.1,False,True,6.0674,False,59.2,55.7,False,148.82,10.2,True,True,21,18,0.85,145.76,True
113,SWK,"Stanley Black & Decker, Inc.",SP500,Industrials,Tools & Accessories,United States,USD,91.34,1.0,script-v2.0,1.0,2026-10-04T13:40:43.444244+02:00,49.5,53.0,85,25,0,12,39,pendiente_confirmacion,pendiente_confirmacion,,False,pass,pendiente,0,desconocido,Pendiente de implementar,confirmada,margin_stabilization (media): Margen gross 33.0% vs 30.1% (+2.9 pp) | eps_stabilization (media): EPS 2.33 vs 0.39 (Diluted EPS) | debt_reduction (alta): Deuda 5211.5M vs 6501.2M | dividend_maintained (baja): Dividendo actual 3.68% con caída del 12.7%,incompleto,pendiente_confirmacion,85.75,91.34,85.75 - 91.34,82.44,88.98,82.44 - 88.98,Pérdida del soporte en 85.75 | ROE negativo durante 2 trimestres consecutivos | Ampliación de capital dilutiva | Recorte de rating a bono basura,6-12,"Stanley Black & Decker, Inc. está un 12.7% por debajo de su máximo 52s. Fundamentalmente aceptable con ROE 6.9%, deuda neta/EBITDA 2.6x. Técnicamente 🟢 Cruce alcista MACD. Clasificación: pendiente_confirmacion.","Stanley Black & Decker, Inc. está un 12.7% por debajo de su máximo 52s. Fundamentalmente aceptable con ROE 6.9%, deuda neta/EBITDA 2.6x. Técnicamente 🟢 Cruce alcista MACD. Clasificación: pendiente_confirmacion.",🟢 Cruce alcista MACD,3.68,11,20,False,81.2,0.58,1743576.0,4619100032.0,2.58,-19.8,gross,32.2,31.9,0.3,6.9,13794.0,22.3,1.54,10.28,12.7,12.0,10.8,49.3,True,False,4.0051,False,84.4,56.0,False,83.27,9.7,False,False,39,0,1.06,85.75,True
114,DGE.L,DIAGEO PLC ORD 28 101/108P,EUROSTOXX,Consumer Defensive,Beverages - Wineries & Distilleries,United Kingdom,GBp,1601.5,1.0,script-v2.0,1.0,2026-10-04T13:40:32.189947+02:00,49.1,52.5,76,32,0,9,39,pendiente_confirmacion,pendiente_confirmacion,,True,pass,pendiente,0,desconocido,Pendiente de implementar,parcial,"debt_reduction (alta): Deuda 22196.0M vs 23512.0M | dividend_maintained (baja): Dividendo actual 0.03% con caída del 15.9% | analyst_upgrade (media): Target 2034.66 vs precio 1601.50 (+27%), recMean 2.00, recKey buy",incompleto,pendiente_confirmacion,1474.09,1601.5,1474.09 - 1601.50,1589.9,1618.32,1589.90 - 1618.32,Pérdida del soporte en 1474.09 | ROE negativo durante 2 trimestres consecutivos | Ampliación de capital dilutiva | Recorte de rating a bono basura,6-12,"DIAGEO PLC ORD 28 101/108P está un 15.9% por debajo de su máximo 52s. Fundamentalmente aceptable con ROE 15.0%, deuda neta/EBITDA 3.2x. Técnicamente 🟢 Volumen creciente, 🟡 Apoyo en MA40 semanal. Clasificación: pendiente_confirmacion.","DIAGEO PLC ORD 28 101/108P está un 15.9% por debajo de su máximo 52s. Fundamentalmente aceptable con ROE 15.0%, deuda neta/EBITDA 3.2x. Técnicamente 🟢 Volumen creciente, 🟡 Apoyo en MA40 semanal. Clasificación: pendiente_confirmacion.",🟢 Volumen creciente | 🟡 Apoyo en MA40 semanal,0.03,11,20,False,106.6,1.71,4441028.0,20415000832.0,3.18,-5.6,,59.8,,,15.0,35627.0,27.1,4.38,9.04,15.9,40.1,0.7,43.0,False,False,10.5731,False,15.4,24.8,False,1591.7,0.6,False,False,34,5,1.32,1474.09,True
115,NESTE.HE,Neste Corporation,EUROSTOXX,Energy,Oil & Gas Refining & Marketing,Finland,EUR,31.47,1.0,script-v2.0,1.0,2026-10-04T13:40:19.504864+02:00,48.1,55.2,100,16,0,12,27,pendiente_confirmacion,pendiente_confirmacion,,False,pass,pendiente,0,desconocido,Pendiente de implementar,confirmada,margin_stabilization (media): Margen gross 21.4% vs 19.4% (+2.0 pp) | eps_stabilization (media): EPS 0.99 vs 0.69 (Diluted EPS) | debt_reduction (alta): Deuda 4698.0M vs 5207.0M | dividend_maintained (baja): Dividendo actual 0.64% con caída del 12.4%,incompleto,pendiente_confirmacion,31.04,31.47,31.04 - 31.47,26.9,30.55,26.90 - 30.55,Pérdida del soporte en 31.04 | ROE negativo durante 2 trimestres consecutivos | Ampliación de capital dilutiva | Recorte de rating a bono basura,6-12,"Neste Corporation está un 12.4% por debajo de su máximo 52s. Fundamentalmente aceptable con ROE 19.4%, deuda neta/EBITDA 1.3x. Técnicamente 🟢 Cerca de soporte. Clasificación: pendiente_confirmacion.","Neste Corporation está un 12.4% por debajo de su máximo 52s. Fundamentalmente aceptable con ROE 19.4%, deuda neta/EBITDA 1.3x. Técnicamente 🟢 Cerca de soporte. Clasificación: pendiente_confirmacion.",🟢 Cerca de soporte,0.64,11,20,False,10.1,0.56,1250653.0,3612999936.0,1.33,-9.8,gross,20.0,15.0,5.0,19.4,24178.0,15.9,2.86,10.21,12.4,12.4,17.0,41.9,False,False,2.2178,False,6.5,23.7,False,27.21,15.7,False,False,27,0,0.86,31.04,True
116,NOVN.SW,NOVARTIS N,EUROSTOXX,Healthcare,Drug Manufacturers - General,Switzerland,CHF,116.34,1.0,script-v2.0,1.0,2026-10-04T13:40:21.019580+02:00,48.1,50.5,90,16,0,7,41,pendiente_confirmacion,pendiente_confirmacion,,False,pass,pendiente,0,desconocido,Pendiente de implementar,parcial,margin_stabilization (media): Margen gross 75.2% vs 74.4% (+0.8 pp) | eps_stabilization (media): EPS 1.71 vs 1.65 (Diluted EPS) | dividend_maintained (baja): Dividendo actual 3.18% con caída del 12.3%,incompleto,pendiente_confirmacion,110.52,116.34,110.52 - 116.34,112.78,119.1,112.78 - 119.10,Pérdida del soporte en 110.52 | ROE negativo durante 2 trimestres consecutivos | Ampliación de capital dilutiva | Recorte de rating a bono basura,6-12,"NOVARTIS N está un 12.3% por debajo de su máximo 52s. Fundamentalmente aceptable con ROE 30.3%, deuda neta/EBITDA 1.8x. Técnicamente 🟡 Apoyo en MA40 semanal. Clasificación: pendiente_confirmacion.","NOVARTIS N está un 12.3% por debajo de su máximo 52s. Fundamentalmente aceptable con ROE 30.3%, deuda neta/EBITDA 1.8x. Técnicamente 🟡 Apoyo en MA40 semanal. Clasificación: pendiente_confirmacion.",🟡 Apoyo en MA40 semanal,3.18,11,20,False,69.9,1.17,2737650.0,41396001792.0,1.79,4.3,gross,75.0,74.7,0.2,30.3,221129.0,21.0,6.52,11.38,12.3,12.3,-2.3,41.7,False,False,0.6359,False,38.5,56.5,False,119.6,-2.7,False,False,36,5,0.85,,False
117,PRY.MI,PRYSMIAN,EUROSTOXX,Industrials,Electrical Equipment & Parts,Italy,EUR,129.8,1.0,script-v2.0,1.0,2026-10-04T13:40:13.300697+02:00,48.0,50.7,95,12,0,10,40,pendiente_confirmacion,pendiente_confirmacion,,False,pass,pendiente,0,desconocido,Pendiente de implementar,parcial,"margin_stabilization (media): Margen gross 35.7% vs 35.5% (+0.3 pp) | eps_stabilization (media): EPS 0.80 vs 0.52 (Diluted EPS) | dividend_maintained (baja): Dividendo actual 0.69% con caída del 17.5% | analyst_upgrade (media): Target 157.41 vs precio 129.80 (+21%), recMean 1.71, recKey buy",incompleto,pendiente_confirmacion,118.21,123.42,118.21 - 123.42,119.12,133.66,119.12 - 133.66,Pérdida del soporte en 118.21 | ROE negativo durante 2 trimestres consecutivos | Ampliación de capital dilutiva | Recorte de rating a bono basura,6-12,"PRYSMIAN está un 17.5% por debajo de su máximo 52s. Fundamentalmente aceptable con ROE 22.4%, deuda neta/EBITDA 1.9x. Técnicamente 🟢 Divergencia alcista RSI, 🟢 base_pattern_detected. Clasificación: pendiente_confirmacion.","PRYSMIAN está un 17.5% por debajo de su máximo 52s. Fundamentalmente aceptable con ROE 22.4%, deuda neta/EBITDA 1.9x. Técnicamente 🟢 Divergencia alcista RSI, 🟢 base_pattern_detected. Clasificación: pendiente_confirmacion.",🟢 Divergencia alcista RSI | 🟢 base_pattern_detected,0.69,11,19,False,18.7,0.75,1157107.0,4150999808.0,1.88,1.3,gross,36.6,36.9,-0.3,22.4,38846.0,26.9,5.35,19.12,17.5,17.5,9.0,58.6,False,False,2.0645,False,90.1,67.0,False,120.35,7.9,True,False,28,12,1.08,118.21,False
118,2914.T,JAPAN TOBACCO INC,ASIA,Consumer Defensive,Tobacco,Japan,JPY,6830.0,1.0,script-v2.0,1.0,2026-10-04T13:41:54.403165+02:00,47.7,52.6,99,12,0,6,33,pendiente_confirmacion,pendiente_confirmacion,,False,pass,pendiente,0,desconocido,Pendiente de implementar,parcial,debt_reduction (alta): Deuda 1676772.0M vs 1678688.0M | dividend_maintained (baja): Dividendo actual 3.98% con caída del 5.4%,incompleto,pendiente_confirmacion,6810.29,6830.0,6810.29 - 6830.00,6063.22,6135.3,6063.22 - 6135.30,Pérdida del soporte en 6810.29 | ROE negativo durante 2 trimestres consecutivos | Ampliación de capital dilutiva | Recorte de rating a bono basura,6-12,"JAPAN TOBACCO INC está un 5.4% por debajo de su máximo 52s. Fundamentalmente aceptable con ROE 14.3%, deuda neta/EBITDA 0.7x. Técnicamente 🟢 Cerca de soporte. Clasificación: pendiente_confirmacion.","JAPAN TOBACCO INC está un 5.4% por debajo de su máximo 52s. Fundamentalmente aceptable con ROE 14.3%, deuda neta/EBITDA 0.7x. Técnicamente 🟢 Cerca de soporte. Clasificación: pendiente_confirmacion.",🟢 Cerca de soporte,3.98,11,20,False,79.2,0.38,4125406.0,848862969856.0,0.71,-0.1,,56.9,,,14.3,12125692.0,20.4,2.76,10.9,5.4,5.4,12.6,49.4,False,False,313.034,False,65.9,78.0,False,6123.86,11.5,False,False,33,0,1.18,6810.29,True
119,JNJ,Johnson & Johnson,SP500,Healthcare,Drug Manufacturers - General,United States,USD,256.03,1.0,script-v2.0,1.0,2026-10-04T13:40:34.486728+02:00,46.0,46.7,100,0,0,12,44,pendiente_confirmacion,pendiente_confirmacion,,False,pass,pendiente,0,desconocido,Pendiente de implementar,confirmada,margin_stabilization (media): Margen gross 68.2% vs 66.3% (+1.9 pp) | eps_stabilization (media): EPS 2.27 vs 2.14 (Diluted EPS) | debt_reduction (alta): Deuda 49036.0M vs 54987.0M | dividend_maintained (baja): Dividendo actual 2.09% con caída del 8.9%,incompleto,pendiente_confirmacion,255.42,256.03,255.42 - 256.03,238.91,239.73,238.91 - 239.73,Pérdida del soporte en 255.42 | ROE negativo durante 2 trimestres consecutivos | Ampliación de capital dilutiva | Recorte de rating a bono basura,6-12,"Johnson & Johnson está un 8.9% por debajo de su máximo 52s. Fundamentalmente aceptable con ROE 25.7%, deuda neta/EBITDA 0.8x. Técnicamente 🔵 RSI en sobreventa, 🟢 Cerca de soporte. Clasificación: pendiente_confirmacion.","Johnson & Johnson está un 8.9% por debajo de su máximo 52s. Fundamentalmente aceptable con ROE 25.7%, deuda neta/EBITDA 0.8x. Técnicamente 🔵 RSI en sobreventa, 🟢 Cerca de soporte. Clasificación: pendiente_confirmacion.",🔵 RSI en sobreventa | 🟢 Cerca de soporte,2.09,11,20,False,60.8,0.58,7040318.0,28278001664.0,0.81,-10.8,gross,68.1,67.9,0.2,25.7,617006.0,29.7,7.26,18.5,8.9,8.9,6.8,32.6,False,False,10.8652,False,4.5,11.5,False,241.41,6.1,False,False,44,0,1.29,255.42,True
120,TXN,Texas Instruments Incorporated,SP500,Technology,Semiconductors,United States,USD,293.8,1.0,script-v2.0,1.0,2026-10-04T13:41:24.365411+02:00,43.3,45.7,98,0,0,7,36,pendiente_confirmacion,pendiente_confirmacion,,False,pass,pendiente,0,desconocido,Pendiente de implementar,parcial,margin_stabilization (media): Margen gross 61.4% vs 58.0% (+3.3 pp) | eps_stabilization (media): EPS 2.14 vs 1.68 (Diluted EPS) | dividend_maintained (baja): Dividendo actual 2.07% con caída del 12.0%,incompleto,pendiente_confirmacion,270.4,271.19,270.40 - 271.19,247.17,283.93,247.17 - 283.93,Pérdida del soporte en 271.19 | ROE negativo durante 2 trimestres consecutivos | Ampliación de capital dilutiva | Recorte de rating a bono basura,6-12,"Texas Instruments Incorporated está un 12.0% por debajo de su máximo 52s. Fundamentalmente aceptable con ROE 35.2%, deuda neta/EBITDA 0.7x. Técnicamente 🟢 Divergencia alcista RSI, 🟢 base_pattern_detected. Clasificación: pendiente_confirmacion.","Texas Instruments Incorporated está un 12.0% por debajo de su máximo 52s. Fundamentalmente aceptable con ROE 35.2%, deuda neta/EBITDA 0.7x. Técnicamente 🟢 Divergencia alcista RSI, 🟢 base_pattern_detected. Clasificación: pendiente_confirmacion.",🟢 Divergencia alcista RSI | 🟢 base_pattern_detected,2.07,11,20,False,85.4,0.78,6512279.0,7050999808.0,0.74,0.0,gross,58.3,58.2,0.2,35.2,268312.0,44.7,14.9,28.93,12.0,11.6,18.9,70.4,False,False,9.1915,False,91.8,88.4,False,251.08,17.0,True,False,24,12,0.72,271.19,False
121,FORTUM.HE,Fortum Corporation,EUROSTOXX,Utilities,Utilities - Renewable,Finland,EUR,23.62,1.0,script-v2.0,1.0,2026-10-04T13:40:18.285751+02:00,43.0,45.9,95,3,0,6,34,pendiente_confirmacion,pendiente_confirmacion,,False,pass,pendiente,0,desconocido,Pendiente de implementar,parcial,debt_reduction (alta): Deuda 3906.0M vs 3947.0M | dividend_maintained (baja): Dividendo actual 3.13% con caída del 8.6%,incompleto,pendiente_confirmacion,21.41,23.15,21.41 - 23.15,20.29,21.96,20.29 - 21.96,Pérdida del soporte en 23.15 | ROE negativo durante 2 trimestres consecutivos | Ampliación de capital dilutiva | Recorte de rating a bono basura,6-12,"Fortum Corporation está un 8.6% por debajo de su máximo 52s. Fundamentalmente aceptable con ROE 10.0%, deuda neta/EBITDA 1.4x. Técnicamente 🟢 Cerca de soporte, 🟢 base_pattern_detected. Clasificación: pendiente_confirmacion.","Fortum Corporation está un 8.6% por debajo de su máximo 52s. Fundamentalmente aceptable con ROE 10.0%, deuda neta/EBITDA 1.4x. Técnicamente 🟢 Cerca de soporte, 🟢 base_pattern_detected. Clasificación: pendiente_confirmacion.",🟢 Cerca de soporte | 🟢 base_pattern_detected | 🟡 trendline_break,3.13,11,20,False,80.4,0.47,1120089.0,1732999936.0,1.36,-1.0,gross,39.4,39.2,0.2,10.0,21193.0,25.7,2.6,18.0,8.6,8.6,16.4,58.0,False,False,0.9874,False,34.2,33.1,False,20.44,15.6,True,True,16,18,0.66,23.15,True
122,105560.KS,KBFinancialGroup,ASIA,Financial Services,Banks - Regional,South Korea,KRW,167400.0,1.0,script-v2.0,1.0,2026-10-04T13:42:07.592425+02:00,43.0,46.3,74,22,0,7,33,pendiente_confirmacion,pendiente_confirmacion,,False,pass,pendiente,0,desconocido,Pendiente de implementar,parcial,"eps_stabilization (media): EPS 5508.00 vs 5120.00 (Diluted EPS) | dividend_maintained (baja): Dividendo actual 2.76% con caída del 13.9% | analyst_upgrade (media): Target 216345.00 vs precio 167400.00 (+29%), recMean 1.40, recKey strong_buy",incompleto,pendiente_confirmacion,162698.25,167400.0,162698.25 - 167400.00,153811.58,165325.0,153811.58 - 165325.00,Pérdida del soporte en 162698.25 | ROE negativo durante 2 trimestres consecutivos | Ampliación de capital dilutiva | Recorte de rating a bono basura,6-12,"KBFinancialGroup está un 13.9% por debajo de su máximo 52s. Fundamentalmente aceptable con ROE 10.2%, dividendo 2.8%. Técnicamente 🟢 Cerca de soporte, 🟢 Estocástico sale de sobreventa. Clasificación: pendiente_confirmacion.","KBFinancialGroup está un 13.9% por debajo de su máximo 52s. Fundamentalmente aceptable con ROE 10.2%, dividendo 2.8%. Técnicamente 🟢 Cerca de soporte, 🟢 Estocástico sale de sobreventa. Clasificación: pendiente_confirmacion.",🟢 Cerca de soporte | 🟢 Estocástico sale de sobreventa,2.76,11,17,False,27.2,,1185591.0,24998337052672.0,,35.0,,0.0,,,10.2,58775164.0,8.3,,,13.9,13.3,8.8,43.3,False,False,6314.9271,False,10.6,6.6,True,157780.42,6.1,False,False,27,6,0.96,162698.25,False
123,0019.HK,SWIRE PACIFIC A,ASIA,Industrials,Conglomerates,Hong Kong,HKD,101.2,1.0,script-v2.0,1.0,2026-10-04T13:42:00.174667+02:00,42.6,48.5,81,20,0,6,25,pendiente_confirmacion,pendiente_confirmacion,,False,pass,pendiente,0,desconocido,Pendiente de implementar,parcial,debt_reduction (alta): Deuda 95141.0M vs 103840.0M | dividend_maintained (baja): Dividendo actual 3.95% con caída del 6.8%,incompleto,pendiente_confirmacion,99.11,101.2,99.11 - 101.20,83.95,92.31,83.95 - 92.31,Pérdida del soporte en 99.11 | ROE negativo durante 2 trimestres consecutivos | Ampliación de capital dilutiva | Recorte de rating a bono basura,6-12,"SWIRE PACIFIC A está un 6.8% por debajo de su máximo 52s. Fundamentalmente aceptable con ROE 3.2%, deuda neta/EBITDA 5.0x. Técnicamente 🟢 Cerca de soporte. Clasificación: pendiente_confirmacion.","SWIRE PACIFIC A está un 6.8% por debajo de su máximo 52s. Fundamentalmente aceptable con ROE 3.2%, deuda neta/EBITDA 5.0x. Técnicamente 🟢 Cerca de soporte. Clasificación: pendiente_confirmacion.",🟢 Cerca de soporte,3.95,11,20,False,57.8,0.29,1085938.0,72894003200.0,4.95,-8.4,,36.1,,,3.2,367146.0,15.4,0.51,18.08,6.8,6.2,20.6,46.7,False,False,6.4057,False,56.3,59.3,False,85.61,18.2,False,False,25,0,1.19,99.11,True
124,SJM,The J.M. Smucker Company,SP500,Consumer Defensive,Packaged Foods,United States,USD,117.19,1.0,script-v2.0,1.0,2026-10-04T13:41:16.624526+02:00,41.7,41.9,67,20,0,12,41,pendiente_confirmacion,pendiente_confirmacion,,False,pass,pendiente,0,desconocido,Pendiente de implementar,confirmada,"margin_stabilization (media): Margen gross 44.1% vs 38.0% (+6.1 pp) | debt_reduction (alta): Deuda 6940.2M vs 7089.0M | dividend_maintained (baja): Dividendo actual 3.82% con caída del 13.8% | analyst_upgrade (media): Target 142.12 vs precio 117.19 (+21%), recMean 2.11, recKey buy",incompleto,pendiente_confirmacion,115.29,117.19,115.29 - 117.19,107.06,115.51,107.06 - 115.51,Pérdida del soporte en 115.29 | ROE negativo durante 2 trimestres consecutivos | Ampliación de capital dilutiva | Recorte de rating a bono basura,6-12,"The J.M. Smucker Company está un 13.8% por debajo de su máximo 52s. Fundamentalmente aceptable con ROE 3.9%, deuda neta/EBITDA 3.0x. Técnicamente 🟡 MACD convergiendo, 🟢 Cerca de soporte. Clasificación: pendiente_confirmacion.","The J.M. Smucker Company está un 13.8% por debajo de su máximo 52s. Fundamentalmente aceptable con ROE 3.9%, deuda neta/EBITDA 3.0x. Técnicamente 🟡 MACD convergiendo, 🟢 Cerca de soporte. Clasificación: pendiente_confirmacion.",🟡 MACD convergiendo | 🟢 Cerca de soporte,3.82,11,20,False,205.6,1.21,1367575.0,6896999936.0,3.05,-2.1,gross,38.0,38.7,-0.8,3.9,12519.0,54.0,2.18,8.58,13.8,13.8,9.5,37.8,False,True,5.0914,False,21.8,12.6,False,107.96,8.6,False,False,41,0,0.91,115.29,True
125,7267.T,HONDA MOTOR CO,ASIA,Consumer Cyclical,Auto Manufacturers,Japan,JPY,1664.5,1.0,script-v2.0,1.0,2026-10-04T13:41:49.905319+02:00,41.1,43.5,52,36,0,7,34,pendiente_confirmacion,pendiente_confirmacion,,True,pass,pendiente,0,desconocido,Pendiente de implementar,parcial,margin_stabilization (media): Margen gross 22.2% vs 6.4% (+15.8 pp) | eps_stabilization (media): EPS 115.84 vs 46.80 (Diluted EPS) | dividend_maintained (baja): Dividendo actual 4.21% con caída del 5.8%,incompleto,pendiente_confirmacion,1604.87,1634.84,1604.87 - 1634.84,1464.61,1501.52,1464.61 - 1501.52,Pérdida del soporte en 1604.87 | ROE negativo durante 2 trimestres consecutivos | Ampliación de capital dilutiva | Recorte de rating a bono basura,6-12,"HONDA MOTOR CO está un 5.8% por debajo de su máximo 52s. Fundamentalmente aceptable con ROE -0.8%, deuda neta/EBITDA 6.9x. Técnicamente 🟢 Cerca de soporte, 🟡 trendline_break. Clasificación: pendiente_confirmacion.","HONDA MOTOR CO está un 5.8% por debajo de su máximo 52s. Fundamentalmente aceptable con ROE -0.8%, deuda neta/EBITDA 6.9x. Técnicamente 🟢 Cerca de soporte, 🟡 trendline_break. Clasificación: pendiente_confirmacion.",🟢 Cerca de soporte | 🟡 trendline_break,4.21,11,20,False,55.3,1.14,16313638.0,8874140106752.0,6.92,225.1,gross,17.4,17.3,0.1,-0.8,6479926.0,7.3,0.52,12.18,5.8,3.8,13.6,51.7,False,False,73.5672,False,58.4,70.3,False,1468.97,13.3,False,True,28,6,0.99,1604.87,True
126,BOQ.AX,BANK QLD FPO [BOQ],ASX,Financial Services,Banks - Regional,Australia,AUD,6.48,1.0,script-v2.0,1.0,2026-10-04T13:41:42.146957+02:00,41.0,42.1,57,29,0,9,38,pendiente_confirmacion,pendiente_confirmacion,,False,pass,pendiente,0,desconocido,Pendiente de implementar,parcial,eps_stabilization (media): EPS 0.41 vs 0.18 (annual_eps_fallback) | debt_reduction (alta): Deuda 16714.0M vs 17008.0M | dividend_maintained (baja): Dividendo actual 6.17% con caída del 13.4%,incompleto,pendiente_confirmacion,6.14,6.48,6.14 - 6.48,6.36,6.38,6.36 - 6.38,Pérdida del soporte en 6.14 | ROE negativo durante 2 trimestres consecutivos | Ampliación de capital dilutiva | Recorte de rating a bono basura,6-12,"BANK QLD FPO [BOQ] está un 13.4% por debajo de su máximo 52s. Fundamentalmente aceptable con ROE 1.6%, dividendo 6.2%. Técnicamente 🟡 Apoyo en MA40 semanal, 🟢 base_pattern_detected. Clasificación: pendiente_confirmacion.","BANK QLD FPO [BOQ] está un 13.4% por debajo de su máximo 52s. Fundamentalmente aceptable con ROE 1.6%, dividendo 6.2%. Técnicamente 🟡 Apoyo en MA40 semanal, 🟢 base_pattern_detected. Clasificación: pendiente_confirmacion.",🟡 Apoyo en MA40 semanal | 🟢 base_pattern_detected,6.17,11,20,False,256.8,,1593630.0,11777000448.0,,-1.7,,0.0,,,1.6,4250.0,43.2,0.72,,13.4,13.8,1.6,46.2,False,False,0.053,False,22.6,28.8,False,6.39,1.4,True,False,21,17,1.26,6.14,True
