Rank,Ticker,Nombre,Mercado,Sector,Industria,País,Moneda,Precio,Rules_Version,Model_Version,Config_Version,Evaluation_Timestamp,Score_Total,Score_Cuantitativo,Score_Fundamental,Score_Valoracion,Score_Causal,Score_Recuperacion,Score_Tecnico,Clasificacion,Clasificacion_Base,hard_rules_applied,Capa1_Pasa,Capa1_Status,Capa2_Causal_Classification,Capa2_Causal_Confidence,Capa2_Problem_Type,Capa2_Justification,Capa3_Recovery_Status,Capa3_Recovery_Signals,Capa4_Status,Capa5_Final_Classification,Capa5_Entry_Zone_Min,Capa5_Entry_Zone_Max,Capa5_Entry_Zone,Capa5_Exit_Zone_Min,Capa5_Exit_Zone_Max,Capa5_Exit_Zone,Capa5_Invalidation_Conditions,Capa5_Estimated_Horizon_Months,Capa5_Short_Explanation,Capa5_Summary_Explanation,Señales,Div_Yield_Actual_%,Historial_Div_Años_10,Consec_Antes_Corte,Recorte_Reciente,Payout_%,D/E,Vol_Medio_Diario,Net_Debt,Net_Debt_EBITDA,Variacion_Deuda_Trimestral_%,Tipo_Margen,Margen_Actual_%,Margen_Medio_4T_%,Variacion_Margen_pp,ROE_%,Cap_Millones,PER,P/B,EV_EBITDA,Caida_52s_%,Caida_Max_Multianual_%,Dist_SMA200_%,RSI_14,MACD_Cruce,MACD_Convergiendo,MACD_Semanal,MACD_Semanal_Giro,Estocastico_K,Estocastico_D,Estocastico_Giro,MA40_Semanal,Dist_MA40_Semanal_%,Base_Pattern_Detected,Trendline_Break,Technical_Base_Score,Technical_Bonus_Points,Vol_Ratio,Soporte,SMA50_Girando
1,FMG.AX,FORTESCUE FPO [FMG],ASX,Basic Materials,Other Industrial Metals & Mining,Australia,AUD,17.22,1.0,script-v2.0,1.0,2026-09-05T11:51:17.311298+02:00,81.5,83.1,98,70,0,1,77,seguimiento,seguimiento,Sin señales de recuperación,True,pass,pendiente,0,desconocido,Pendiente de implementar,ausente,dividend_maintained (baja): Dividendo actual 6.27% con caída del 26.3%,fuerte,seguimiento,16.36,17.22,16.36 - 17.22,19.64,19.87,19.64 - 19.87,Pérdida del soporte en 16.36 | ROE negativo durante 2 trimestres consecutivos | Ampliación de capital dilutiva | Recorte de rating a bono basura,12-18,"FORTESCUE FPO [FMG] está un 26.3% por debajo de su máximo 52s. Fundamentalmente sólida con ROE 14.2%, deuda neta/EBITDA 0.1x. Técnicamente 🟢 Divergencia alcista RSI, 🟢 Cruce alcista MACD. Clasificación: seguimiento.","FORTESCUE FPO [FMG] está un 26.3% por debajo de su máximo 52s. Fundamentalmente sólida con ROE 14.2%, deuda neta/EBITDA 0.1x. Técnicamente 🟢 Divergencia alcista RSI, 🟢 Cruce alcista MACD. Clasificación: seguimiento.",🟢 Divergencia alcista RSI | 🟢 Cruce alcista MACD | 🟢 Volumen creciente | 🟢 base_pattern_detected,6.27,11,16,False,89.5,0.29,6491683.0,856999936.0,0.1,,,40.1,,,14.2,53020.0,13.2,1.88,6.59,26.3,23.6,-12.3,46.2,True,False,-0.6407,False,50.1,27.5,False,19.59,-12.1,True,False,65,12,1.33,,False
2,RI.PA,PERNOD RICARD,EUROSTOXX,Consumer Defensive,Beverages - Wineries & Distilleries,France,EUR,61.76,1.0,script-v2.0,1.0,2026-09-05T11:49:42.175995+02:00,80.2,81.6,80,83,0,7,76,seguimiento,seguimiento,,True,pass,pendiente,0,desconocido,Pendiente de implementar,parcial,"eps_stabilization (media): EPS 6.45 vs 5.83 (annual_eps_fallback) | dividend_maintained (baja): Dividendo actual 7.61% con caída del 36.5% | analyst_upgrade (media): Target 81.71 vs precio 61.76 (+32%), recMean 2.50, recKey buy",fuerte,seguimiento,60.14,61.76,60.14 - 61.76,67.29,82.62,67.29 - 82.62,Pérdida del soporte en 60.14 | ROE negativo durante 2 trimestres consecutivos | Ampliación de capital dilutiva | Recorte de rating a bono basura,12-18,"PERNOD RICARD está un 36.5% por debajo de su máximo 52s. Fundamentalmente sólida con ROE 7.6%, deuda neta/EBITDA 3.9x. Técnicamente 🟡 MACD convergiendo, 🟢 Bajo SMA200 con SMA50 girando. Clasificación: seguimiento.","PERNOD RICARD está un 36.5% por debajo de su máximo 52s. Fundamentalmente sólida con ROE 7.6%, deuda neta/EBITDA 3.9x. Técnicamente 🟡 MACD convergiendo, 🟢 Bajo SMA200 con SMA50 girando. Clasificación: seguimiento.",🟡 MACD convergiendo | 🟢 Bajo SMA200 con SMA50 girando | 🟢 Cerca de soporte | 🟡 Apoyo en MA40 semanal | 🟢 base_pattern_detected,7.61,11,20,False,84.0,0.77,697964.0,10684999680.0,3.91,0.7,,58.4,,,7.6,15552.0,11.0,1.0,9.97,36.5,50.9,-8.2,35.3,False,True,-1.0146,False,0.0,7.7,False,67.1,-8.0,True,False,59,17,0.95,60.14,True
3,9022.T,CENTRAL JAPAN RAILWAY CO,ASIA,Industrials,Railroads,Japan,JPY,3857.0,1.0,script-v2.0,1.0,2026-09-05T11:51:37.635365+02:00,79.8,79.1,77,81,0,4,82,seguimiento,seguimiento,Sin señales de recuperación,True,pass,pendiente,0,desconocido,Pendiente de implementar,ausente,eps_stabilization (media): EPS 149.59 vs 147.88 (Diluted EPS) | dividend_maintained (baja): Dividendo actual 0.83% con caída del 20.1%,fuerte,seguimiento,3766.0,3800.18,3766.00 - 3800.18,4029.0,4105.5,4029.00 - 4105.50,Pérdida del soporte en 3766.00 | ROE negativo durante 2 trimestres consecutivos | Ampliación de capital dilutiva | Recorte de rating a bono basura,6-12,"CENTRAL JAPAN RAILWAY CO está un 20.1% por debajo de su máximo 52s. Fundamentalmente sólida con ROE 11.2%, deuda neta/EBITDA 4.3x. Técnicamente 🟢 Cruce alcista MACD, 🟢 Cerca de soporte. Clasificación: seguimiento.","CENTRAL JAPAN RAILWAY CO está un 20.1% por debajo de su máximo 52s. Fundamentalmente sólida con ROE 11.2%, deuda neta/EBITDA 4.3x. Técnicamente 🟢 Cruce alcista MACD, 🟢 Cerca de soporte. Clasificación: seguimiento.",🟢 Cruce alcista MACD | 🟢 Cerca de soporte | 🟡 Apoyo en MA40 semanal | 🟢 base_pattern_detected | 🟡 trendline_break,0.83,11,20,False,5.6,0.92,2964149.0,4425204924416.0,4.28,11.6,,51.9,,,11.2,3661759.0,6.8,0.71,7.89,20.1,19.8,-4.3,47.5,True,False,-20.4481,False,32.4,48.5,False,4012.35,-3.9,True,True,59,23,1.06,3766.0,True
4,EN.PA,BOUYGUES,EUROSTOXX,Industrials,Engineering & Construction,France,EUR,44.51,1.0,script-v2.0,1.0,2026-09-05T11:49:37.706392+02:00,77.7,71.5,87,58,0,15,96,entrada_directa,entrada_directa,,True,pass,pendiente,0,desconocido,Pendiente de implementar,confirmada,"margin_stabilization (media): Margen gross 57.6% vs 57.8% (-0.2 pp) | eps_stabilization (media): EPS 0.98 vs -0.24 (Diluted EPS) | debt_reduction (alta): Deuda 14707.0M vs 15110.0M | dividend_maintained (baja): Dividendo actual 4.72% con caída del 16.8% | analyst_upgrade (media): Target 60.00 vs precio 44.51 (+35%), recMean 2.00, recKey buy",fuerte,entrada_directa,43.5,44.51,43.50 - 44.51,45.46,46.99,45.46 - 46.99,Pérdida del soporte en 43.50 | ROE negativo durante 2 trimestres consecutivos | Ampliación de capital dilutiva | Recorte de rating a bono basura,6-12,"BOUYGUES está un 16.8% por debajo de su máximo 52s. Fundamentalmente sólida con ROE 9.7%, deuda neta/EBITDA 2.1x. Técnicamente 🔵 RSI recuperándose de sobreventa, 🟢 Divergencia alcista RSI. Clasificación: entrada_directa.","BOUYGUES está un 16.8% por debajo de su máximo 52s. Fundamentalmente sólida con ROE 9.7%, deuda neta/EBITDA 2.1x. Técnicamente 🔵 RSI recuperándose de sobreventa, 🟢 Divergencia alcista RSI. Clasificación: entrada_directa.",🔵 RSI recuperándose de sobreventa | 🟢 Divergencia alcista RSI | 🟡 MACD convergiendo | 🟢 Volumen creciente | 🟢 Cerca de soporte | 🟡 Apoyo en MA40 semanal | 🟢 base_pattern_detected,4.72,11,20,False,64.2,1.03,751252.0,9871000576.0,2.15,-2.7,gross,56.8,56.3,0.5,9.7,17174.0,13.6,1.37,6.26,16.8,16.4,-5.3,36.2,False,True,-0.1258,False,26.4,18.5,False,47.16,-5.6,True,False,79,17,1.36,43.5,False
5,0700.HK,TENCENT,ASIA,Communication Services,Internet Content & Information,China,HKD,442.8,1.0,script-v2.0,1.0,2026-09-05T11:51:46.182511+02:00,77.5,84.6,99,72,0,7,56,seguimiento,seguimiento,,True,pass,pendiente,0,desconocido,Pendiente de implementar,parcial,"eps_stabilization (media): EPS 6.30 vs 6.28 (Diluted EPS) | dividend_maintained (baja): Dividendo actual 1.20% con caída del 35.2% | analyst_upgrade (media): Target 665.95 vs precio 442.80 (+50%), recMean 1.33, recKey strong_buy",razonable,seguimiento,420.66,442.8,420.66 - 442.80,512.97,580.55,512.97 - 580.55,Pérdida del soporte en 420.66 | ROE negativo durante 2 trimestres consecutivos | Ampliación de capital dilutiva | Recorte de rating a bono basura,12-18,"TENCENT está un 35.2% por debajo de su máximo 52s. Fundamentalmente sólida con ROE 19.9%, deuda neta/EBITDA 0.0x. Técnicamente 🟡 MACD convergiendo, 🟢 Bajo SMA200 con SMA50 girando. Clasificación: seguimiento.","TENCENT está un 35.2% por debajo de su máximo 52s. Fundamentalmente sólida con ROE 19.9%, deuda neta/EBITDA 0.0x. Técnicamente 🟡 MACD convergiendo, 🟢 Bajo SMA200 con SMA50 girando. Clasificación: seguimiento.",🟡 MACD convergiendo | 🟢 Bajo SMA200 con SMA50 girando | 🟢 base_pattern_detected,1.2,11,19,False,18.0,0.39,29275897.0,12923994112.0,0.04,,gross,56.7,56.9,-0.2,19.9,3990081.0,14.9,3.01,13.75,35.2,34.4,-13.7,45.7,False,True,-17.3009,False,33.6,15.1,False,502.61,-11.9,True,False,44,12,0.9,,True
6,LOW,"Lowe's Companies, Inc.",SP500,Consumer Cyclical,Home Improvement Retail,United States,USD,204.45,1.0,script-v2.0,1.0,2026-09-05T11:50:31.968288+02:00,77.2,79.3,74,84,0,15,71,entrada_directa,entrada_directa,,True,pass,pendiente,0,desconocido,Pendiente de implementar,confirmada,"margin_stabilization (media): Margen gross 32.7% vs 32.5% (+0.2 pp) | eps_stabilization (media): EPS 2.90 vs 1.78 (Diluted EPS) | debt_reduction (alta): Deuda 42031.0M vs 44677.0M | dividend_maintained (baja): Dividendo actual 2.45% con caída del 30.2% | analyst_upgrade (media): Target 253.76 vs precio 204.45 (+24%), recMean 1.80, recKey buy",fuerte,entrada_directa,194.23,204.45,194.23 - 204.45,234.14,249.1,234.14 - 249.10,Pérdida del soporte en 194.23 | ROE negativo durante 2 trimestres consecutivos | Ampliación de capital dilutiva | Recorte de rating a bono basura,12-18,"Lowe's Companies, Inc. está un 30.2% por debajo de su máximo 52s. Fundamentalmente sólida con deuda neta/EBITDA 3.0x, dividendo 2.5%. Técnicamente 🔵 RSI recuperándose de sobreventa, 🟢 Divergencia alcista RSI. Clasificación: entrada_directa.","Lowe's Companies, Inc. está un 30.2% por debajo de su máximo 52s. Fundamentalmente sólida con deuda neta/EBITDA 3.0x, dividendo 2.5%. Técnicamente 🔵 RSI recuperándose de sobreventa, 🟢 Divergencia alcista RSI. Clasificación: entrada_directa.",🔵 RSI recuperándose de sobreventa | 🟢 Divergencia alcista RSI | 🟡 MACD convergiendo | 🟢 base_pattern_detected,2.45,11,20,False,41.0,,3049301.0,38859001600.0,3.05,-5.9,gross,33.0,33.3,-0.3,,114707.0,17.3,-15.42,12.06,30.2,29.5,-12.7,41.4,False,True,-7.4859,False,19.3,10.3,False,234.55,-12.8,True,False,59,12,0.94,,False
7,AD.AS,KONINKLIJKE AHOLD DELHAIZE N.V.,EUROSTOXX,Consumer Defensive,Grocery Stores,Netherlands,EUR,31.66,1.0,script-v2.0,1.0,2026-09-05T11:49:53.802363+02:00,77.0,76.1,83,70,0,7,80,seguimiento,seguimiento,,True,pass,pendiente,0,desconocido,Pendiente de implementar,parcial,"margin_stabilization (media): Margen gross 26.4% vs 26.8% (-0.4 pp) | dividend_maintained (baja): Dividendo actual 3.92% con caída del 25.6% | analyst_upgrade (media): Target 38.58 vs precio 31.66 (+22%), recMean 2.47, recKey buy",fuerte,seguimiento,30.96,31.66,30.96 - 31.66,35.58,36.16,35.58 - 36.16,Pérdida del soporte en 30.96 | ROE negativo durante 2 trimestres consecutivos | Ampliación de capital dilutiva | Recorte de rating a bono basura,12-18,"KONINKLIJKE AHOLD DELHAIZE N.V. está un 25.6% por debajo de su máximo 52s. Fundamentalmente sólida con ROE 15.7%, deuda neta/EBITDA 3.0x. Técnicamente 🟢 Divergencia alcista RSI, 🟢 Cruce alcista MACD. Clasificación: seguimiento.","KONINKLIJKE AHOLD DELHAIZE N.V. está un 25.6% por debajo de su máximo 52s. Fundamentalmente sólida con ROE 15.7%, deuda neta/EBITDA 3.0x. Técnicamente 🟢 Divergencia alcista RSI, 🟢 Cruce alcista MACD. Clasificación: seguimiento.",🟢 Divergencia alcista RSI | 🟢 Cruce alcista MACD | 🟢 Cerca de soporte | 🟢 base_pattern_detected,3.92,11,18,False,49.4,1.33,2605958.0,16049999616.0,2.98,256.9,gross,26.6,26.6,-0.0,15.7,27663.0,12.6,1.92,8.11,25.6,23.2,-11.0,46.4,True,False,-1.3211,False,83.1,46.3,False,35.64,-11.2,True,False,68,12,1.09,30.96,False
8,CAP.PA,CAPGEMINI,EUROSTOXX,Technology,Information Technology Services,France,EUR,106.4,1.0,script-v2.0,1.0,2026-09-05T11:49:35.510868+02:00,76.6,82.5,91,75,0,4,59,seguimiento,seguimiento,Sin señales de recuperación,True,pass,pendiente,0,desconocido,Pendiente de implementar,ausente,"dividend_maintained (baja): Dividendo actual 3.20% con caída del 30.5% | analyst_upgrade (media): Target 140.51 vs precio 106.40 (+32%), recMean 1.76, recKey buy",razonable,seguimiento,100.51,104.96,100.51 - 104.96,108.99,130.09,108.99 - 130.09,Pérdida del soporte en 104.96 | ROE negativo durante 2 trimestres consecutivos | Ampliación de capital dilutiva | Recorte de rating a bono basura,12-18,"CAPGEMINI está un 30.5% por debajo de su máximo 52s. Fundamentalmente sólida con ROE 12.2%, deuda neta/EBITDA 2.6x. Técnicamente 🟢 Cerca de soporte, 🟡 Apoyo en MA40 semanal. Clasificación: seguimiento.","CAPGEMINI está un 30.5% por debajo de su máximo 52s. Fundamentalmente sólida con ROE 12.2%, deuda neta/EBITDA 2.6x. Técnicamente 🟢 Cerca de soporte, 🟡 Apoyo en MA40 semanal. Clasificación: seguimiento.",🟢 Cerca de soporte | 🟡 Apoyo en MA40 semanal | 🟢 base_pattern_detected | 🟡 trendline_break,3.2,11,20,False,43.2,0.88,656321.0,7907000320.0,2.56,67.8,,26.8,,,12.2,17663.0,13.5,1.54,8.38,30.5,43.8,-2.4,50.7,False,False,-0.6487,False,30.9,41.0,False,108.51,-1.9,True,True,36,23,1.0,104.96,True
9,HEI.DE,Heidelberg Materials AG       I,EUROSTOXX,Basic Materials,Building Materials,Germany,EUR,166.6,1.0,script-v2.0,1.0,2026-09-05T11:49:31.291287+02:00,76.2,76.6,91,64,0,4,75,seguimiento,seguimiento,Sin señales de recuperación,True,pass,pendiente,0,desconocido,Pendiente de implementar,ausente,"dividend_maintained (baja): Dividendo actual 2.16% con caída del 31.1% | analyst_upgrade (media): Target 214.70 vs precio 166.60 (+29%), recKey none",fuerte,seguimiento,163.36,166.04,163.36 - 166.04,187.77,205.53,187.77 - 205.53,Pérdida del soporte en 163.36 | ROE negativo durante 2 trimestres consecutivos | Ampliación de capital dilutiva | Recorte de rating a bono basura,12-18,"Heidelberg Materials AG       I está un 31.1% por debajo de su máximo 52s. Fundamentalmente sólida con ROE 11.7%, deuda neta/EBITDA 1.9x. Técnicamente 🟢 Divergencia alcista RSI, 🟢 Cerca de soporte. Clasificación: seguimiento.","Heidelberg Materials AG       I está un 31.1% por debajo de su máximo 52s. Fundamentalmente sólida con ROE 11.7%, deuda neta/EBITDA 1.9x. Técnicamente 🟢 Divergencia alcista RSI, 🟢 Cerca de soporte. Clasificación: seguimiento.",🟢 Divergencia alcista RSI | 🟢 Cerca de soporte | 🟢 MACD semanal girando al alza | 🟢 base_pattern_detected,2.16,11,20,False,31.3,0.5,380190.0,7790899968.0,1.91,46.9,,64.3,,,11.7,29289.0,14.5,1.57,9.37,31.1,29.7,-11.3,53.4,False,False,-6.6332,True,64.7,49.8,False,187.15,-11.0,True,False,53,22,1.13,163.36,False
10,DG.PA,VINCI,EUROSTOXX,Industrials,Engineering & Construction,France,EUR,113.95,1.0,script-v2.0,1.0,2026-09-05T11:49:36.269305+02:00,75.8,75.7,89,64,0,7,76,seguimiento,seguimiento,,True,pass,pendiente,0,desconocido,Pendiente de implementar,parcial,"eps_stabilization (media): EPS 8.65 vs 8.43 (annual_eps_fallback) | dividend_maintained (baja): Dividendo actual 4.43% con caída del 20.4% | analyst_upgrade (media): Target 143.10 vs precio 113.95 (+26%), recMean 2.00, recKey buy",fuerte,seguimiento,111.6,113.95,111.60 - 113.95,121.68,123.22,121.68 - 123.22,Pérdida del soporte en 111.60 | ROE negativo durante 2 trimestres consecutivos | Ampliación de capital dilutiva | Recorte de rating a bono basura,6-12,"VINCI está un 20.4% por debajo de su máximo 52s. Fundamentalmente sólida con ROE 16.3%, deuda neta/EBITDA 2.0x. Técnicamente 🔵 RSI recuperándose de sobreventa, 🟡 MACD convergiendo. Clasificación: seguimiento.","VINCI está un 20.4% por debajo de su máximo 52s. Fundamentalmente sólida con ROE 16.3%, deuda neta/EBITDA 2.0x. Técnicamente 🔵 RSI recuperándose de sobreventa, 🟡 MACD convergiendo. Clasificación: seguimiento.",🔵 RSI recuperándose de sobreventa | 🟡 MACD convergiendo | 🟢 Cerca de soporte | 🟡 Apoyo en MA40 semanal | 🟢 base_pattern_detected,4.43,11,20,False,55.5,1.21,888023.0,25782998016.0,2.02,9.7,,17.0,,,16.3,63055.0,12.6,2.06,7.24,20.4,18.0,-7.5,37.0,False,True,-1.7802,False,23.9,13.2,False,123.34,-7.6,True,False,59,17,0.98,111.6,False
11,MC.PA,LVMH,EUROSTOXX,Consumer Cyclical,Luxury Goods,France,EUR,429.1,1.0,script-v2.0,1.0,2026-09-05T11:49:40.015369+02:00,75.8,78.7,100,60,0,4,67,seguimiento,seguimiento,Sin señales de recuperación,True,pass,pendiente,0,desconocido,Pendiente de implementar,ausente,"dividend_maintained (baja): Dividendo actual 3.03% con caída del 34.5% | analyst_upgrade (media): Target 566.00 vs precio 429.10 (+32%), recMean 1.88, recKey buy",razonable,seguimiento,407.64,429.1,407.64 - 429.10,511.51,556.5,511.51 - 556.50,Pérdida del soporte en 407.64 | ROE negativo durante 2 trimestres consecutivos | Ampliación de capital dilutiva | Recorte de rating a bono basura,12-18,"LVMH está un 34.5% por debajo de su máximo 52s. Fundamentalmente sólida con ROE 16.6%, deuda neta/EBITDA 1.2x. Técnicamente 🔵 RSI en sobreventa, 🟢 Divergencia alcista RSI. Clasificación: seguimiento.","LVMH está un 34.5% por debajo de su máximo 52s. Fundamentalmente sólida con ROE 16.6%, deuda neta/EBITDA 1.2x. Técnicamente 🔵 RSI en sobreventa, 🟢 Divergencia alcista RSI. Clasificación: seguimiento.",🔵 RSI en sobreventa | 🟢 Divergencia alcista RSI | 🟢 base_pattern_detected,3.03,11,20,False,59.2,0.53,530824.0,24936998912.0,1.24,1.1,,66.4,,,16.6,211531.0,19.6,3.11,11.87,34.5,41.5,-16.1,34.1,False,False,-15.8708,False,10.4,12.9,False,508.57,-15.6,True,False,55,12,1.27,,False
12,EL.PA,ESSILORLUXOTTICA,EUROSTOXX,Healthcare,Medical Instruments & Supplies,France,EUR,149.8,1.0,script-v2.0,1.0,2026-09-05T11:49:37.589943+02:00,74.8,75.3,78,73,0,4,73,seguimiento,seguimiento,Sin señales de recuperación,True,pass,pendiente,0,desconocido,Pendiente de implementar,ausente,"dividend_maintained (baja): Dividendo actual 2.67% con caída del 53.7% | analyst_upgrade (media): Target 242.70 vs precio 149.80 (+62%), recMean 1.65, recKey buy",fuerte,seguimiento,142.31,149.8,142.31 - 149.80,207.15,275.23,207.15 - 275.23,Pérdida del soporte en 142.31 | ROE negativo durante 2 trimestres consecutivos | Ampliación de capital dilutiva | Recorte de rating a bono basura,18-24,"ESSILORLUXOTTICA está un 53.7% por debajo de su máximo 52s. Fundamentalmente sólida con ROE 6.7%, deuda neta/EBITDA 2.3x. Técnicamente 🔵 RSI en sobreventa, 🟢 Divergencia alcista RSI. Clasificación: seguimiento.","ESSILORLUXOTTICA está un 53.7% por debajo de su máximo 52s. Fundamentalmente sólida con ROE 6.7%, deuda neta/EBITDA 2.3x. Técnicamente 🔵 RSI en sobreventa, 🟢 Divergencia alcista RSI. Clasificación: seguimiento.",🔵 RSI en sobreventa | 🟢 Divergencia alcista RSI | 🟢 Volumen creciente | 🟢 base_pattern_detected,2.67,11,20,False,74.8,0.38,707510.0,13384999680.0,2.29,6.4,,60.0,,,6.7,68781.0,28.0,1.76,14.17,53.7,52.6,-27.7,29.4,False,False,-15.6378,False,5.5,12.5,False,203.56,-26.4,True,False,61,12,1.33,,False
13,IP,International Paper Company,SP500,Consumer Cyclical,Packaging & Containers,United States,USD,37.24,1.0,script-v2.0,1.0,2026-09-05T11:51:06.023424+02:00,74.5,72.4,66,78,0,4,81,seguimiento,seguimiento,Sin señales de recuperación,True,pass,pendiente,0,desconocido,Pendiente de implementar,ausente,"dividend_maintained (baja): Dividendo actual 4.97% con caída del 25.9% | analyst_upgrade (media): Target 48.00 vs precio 37.24 (+29%), recMean 1.75, recKey buy",fuerte,seguimiento,37.0,37.24,37.00 - 37.24,37.5,42.71,37.50 - 42.71,Pérdida del soporte en 37.00 | ROE negativo durante 2 trimestres consecutivos | Ampliación de capital dilutiva | Recorte de rating a bono basura,12-18,"International Paper Company está un 25.9% por debajo de su máximo 52s. Fundamentalmente sólida con ROE -16.5%, deuda neta/EBITDA 2.3x. Técnicamente 🔵 RSI recuperándose de sobreventa, 🟡 MACD convergiendo. Clasificación: seguimiento.","International Paper Company está un 25.9% por debajo de su máximo 52s. Fundamentalmente sólida con ROE -16.5%, deuda neta/EBITDA 2.3x. Técnicamente 🔵 RSI recuperándose de sobreventa, 🟡 MACD convergiendo. Clasificación: seguimiento.",🔵 RSI recuperándose de sobreventa | 🟡 MACD convergiendo | 🟢 Cerca de soporte | 🟡 Apoyo en MA40 semanal | 🟢 base_pattern_detected,4.97,11,20,False,158.1,0.69,5260182.0,9176999552.0,2.33,3.8,gross,29.6,29.8,-0.1,-16.5,19721.0,12.5,1.36,7.35,25.9,33.4,-0.7,39.9,False,True,0.6269,False,25.7,14.1,False,37.7,-1.2,True,False,64,17,1.16,37.0,True
14,BEI.DE,BEIERSDORF AG                 I,EUROSTOXX,Consumer Defensive,Household & Personal Products,Germany,EUR,76.44,1.0,script-v2.0,1.0,2026-09-05T11:49:31.552100+02:00,74.0,76.4,86,68,0,6,67,seguimiento,seguimiento,,True,pass,pendiente,0,desconocido,Pendiente de implementar,parcial,debt_reduction (alta): Deuda 110.0M vs 114.0M | dividend_maintained (baja): Dividendo actual 1.31% con caída del 30.6%,razonable,seguimiento,72.86,76.44,72.86 - 76.44,82.42,93.63,82.42 - 93.63,Pérdida del soporte en 72.86 | ROE negativo durante 2 trimestres consecutivos | Ampliación de capital dilutiva | Recorte de rating a bono basura,12-18,"BEIERSDORF AG                 I está un 30.6% por debajo de su máximo 52s. Fundamentalmente sólida con ROE 10.9%, deuda neta/EBITDA -1.7x. Técnicamente 🟢 Bajo SMA200 con SMA50 girando, 🟢 Cerca de soporte. Clasificación: seguimiento.","BEIERSDORF AG                 I está un 30.6% por debajo de su máximo 52s. Fundamentalmente sólida con ROE 10.9%, deuda neta/EBITDA -1.7x. Técnicamente 🟢 Bajo SMA200 con SMA50 girando, 🟢 Cerca de soporte. Clasificación: seguimiento.",🟢 Bajo SMA200 con SMA50 girando | 🟢 Cerca de soporte | 🟡 Apoyo en MA40 semanal | 🟢 base_pattern_detected,1.31,11,20,False,23.3,1.22,392198.0,-2731999872.0,-1.73,-3.5,,57.1,,,10.9,16669.0,17.8,1.85,8.83,30.6,43.3,-7.3,40.2,False,False,-1.2957,False,17.2,20.0,False,82.39,-7.2,True,False,50,17,1.27,72.86,True
15,ADS.DE,adidas AG                     N,EUROSTOXX,Consumer Cyclical,Footwear & Accessories,Germany,EUR,149.15,1.0,script-v2.0,1.0,2026-09-05T11:49:28.987144+02:00,73.9,73.5,97,53,0,7,75,seguimiento,seguimiento,,True,pass,pendiente,0,desconocido,Pendiente de implementar,parcial,"margin_stabilization (media): Margen gross 52.5% vs 51.1% (+1.4 pp) | dividend_maintained (baja): Dividendo actual 1.88% con caída del 24.1% | analyst_upgrade (media): Target 201.59 vs precio 149.15 (+35%), recMean 1.73, recKey buy",fuerte,seguimiento,148.48,149.15,148.48 - 149.15,155.61,166.94,155.61 - 166.94,Pérdida del soporte en 148.48 | ROE negativo durante 2 trimestres consecutivos | Ampliación de capital dilutiva | Recorte de rating a bono basura,6-12,"adidas AG                     N está un 24.1% por debajo de su máximo 52s. Fundamentalmente sólida con ROE 24.3%, deuda neta/EBITDA 1.7x. Técnicamente 🟢 Divergencia alcista RSI, 🟢 Cruce alcista MACD. Clasificación: seguimiento.","adidas AG                     N está un 24.1% por debajo de su máximo 52s. Fundamentalmente sólida con ROE 24.3%, deuda neta/EBITDA 1.7x. Técnicamente 🟢 Divergencia alcista RSI, 🟢 Cruce alcista MACD. Clasificación: seguimiento.",🟢 Divergencia alcista RSI | 🟢 Cruce alcista MACD | 🟢 Cerca de soporte | 🟡 Apoyo en MA40 semanal,1.88,10,6,False,35.9,0.94,732079.0,4415999872.0,1.66,0.4,gross,51.6,51.6,0.0,24.3,26111.0,19.1,4.38,11.61,24.1,41.9,-4.2,37.4,True,False,0.1371,False,23.8,18.6,False,155.75,-4.2,False,False,70,5,0.96,148.48,False
16,ORA.PA,ORANGE,EUROSTOXX,Communication Services,Telecom Services,France,EUR,15.34,1.0,script-v2.0,1.0,2026-09-05T11:49:42.281960+02:00,73.8,72.3,83,63,0,4,78,seguimiento,seguimiento,Sin señales de recuperación,True,pass,pendiente,0,desconocido,Pendiente de implementar,ausente,"dividend_maintained (baja): Dividendo actual 4.89% con caída del 18.4% | analyst_upgrade (media): Target 19.14 vs precio 15.34 (+25%), recMean 2.00, recKey buy",fuerte,seguimiento,14.8,15.34,14.80 - 15.34,15.98,16.13,15.98 - 16.13,Pérdida del soporte en 14.80 | ROE negativo durante 2 trimestres consecutivos | Ampliación de capital dilutiva | Recorte de rating a bono basura,6-12,"ORANGE está un 18.4% por debajo de su máximo 52s. Fundamentalmente sólida con ROE 14.2%, deuda neta/EBITDA 3.7x. Técnicamente 🟢 Divergencia alcista RSI, 🟡 MACD convergiendo. Clasificación: seguimiento.","ORANGE está un 18.4% por debajo de su máximo 52s. Fundamentalmente sólida con ROE 14.2%, deuda neta/EBITDA 3.7x. Técnicamente 🟢 Divergencia alcista RSI, 🟡 MACD convergiendo. Clasificación: seguimiento.",🟢 Divergencia alcista RSI | 🟡 MACD convergiendo | 🟢 Cerca de soporte | 🟡 Apoyo en MA40 semanal | 🟢 base_pattern_detected,4.89,11,20,False,50.7,1.61,4831159.0,45291001856.0,3.74,654.5,,41.1,,,14.2,40770.0,10.4,1.28,7.38,18.4,16.3,-4.9,37.6,False,True,-0.0775,False,34.3,38.4,False,16.18,-5.2,True,False,61,17,0.83,14.8,False
17,0016.HK,SHK PPT,ASIA,Real Estate,Real Estate - Development,Hong Kong,HKD,119.5,1.0,script-v2.0,1.0,2026-09-05T11:51:41.165706+02:00,73.8,69.0,85,55,0,1,88,seguimiento,seguimiento,Sin señales de recuperación,True,pass,pendiente,0,desconocido,Pendiente de implementar,ausente,dividend_maintained (baja): Dividendo actual 3.16% con caída del 19.7%,fuerte,seguimiento,119.1,119.14,119.10 - 119.14,120.56,126.48,120.56 - 126.48,Pérdida del soporte en 119.10 | ROE negativo durante 2 trimestres consecutivos | Ampliación de capital dilutiva | Recorte de rating a bono basura,6-12,"SHK PPT está un 19.7% por debajo de su máximo 52s. Fundamentalmente sólida con ROE 3.7%, deuda neta/EBITDA 2.8x. Técnicamente 🟢 Divergencia alcista RSI, 🟡 MACD convergiendo. Clasificación: seguimiento.","SHK PPT está un 19.7% por debajo de su máximo 52s. Fundamentalmente sólida con ROE 3.7%, deuda neta/EBITDA 2.8x. Técnicamente 🟢 Divergencia alcista RSI, 🟡 MACD convergiendo. Clasificación: seguimiento.",🟢 Divergencia alcista RSI | 🟡 MACD convergiendo | 🟢 Volumen creciente | 🟢 Cerca de soporte | 🟡 Apoyo en MA40 semanal | 🟢 base_pattern_detected | 🟡 trendline_break,3.16,11,20,False,49.4,0.17,5521023.0,83541997568.0,2.84,,,37.5,,,3.7,346285.0,15.7,0.56,14.78,19.7,19.2,-0.9,49.7,False,True,-0.0836,False,48.9,32.4,False,122.59,-2.5,True,True,65,23,1.51,119.1,True
18,8002.T,MARUBENI CORP,ASIA,Industrials,Conglomerates,Japan,JPY,5073.0,1.0,script-v2.0,1.0,2026-09-05T11:51:39.871539+02:00,73.5,67.3,95,43,0,1,92,seguimiento,seguimiento,Sin señales de recuperación,True,pass,pendiente,0,desconocido,Pendiente de implementar,ausente,dividend_maintained (baja): Dividendo actual 2.27% con caída del 19.8%,fuerte,seguimiento,4798.26,4994.2,4798.26 - 4994.20,5090.44,5378.8,5090.44 - 5378.80,Pérdida del soporte en 4798.26 | ROE negativo durante 2 trimestres consecutivos | Ampliación de capital dilutiva | Recorte de rating a bono basura,6-12,"MARUBENI CORP está un 19.8% por debajo de su máximo 52s. Fundamentalmente sólida con ROE 14.2%, deuda neta/EBITDA 4.0x. Técnicamente 🟢 Divergencia alcista RSI, 🟢 Cruce alcista MACD. Clasificación: seguimiento.","MARUBENI CORP está un 19.8% por debajo de su máximo 52s. Fundamentalmente sólida con ROE 14.2%, deuda neta/EBITDA 4.0x. Técnicamente 🟢 Divergencia alcista RSI, 🟢 Cruce alcista MACD. Clasificación: seguimiento.",🟢 Divergencia alcista RSI | 🟢 Cruce alcista MACD | 🟢 MACD semanal girando al alza | 🟡 Apoyo en MA40 semanal | 🟢 base_pattern_detected | 🟡 trendline_break,2.27,11,20,False,32.6,0.58,4463793.0,2050481061888.0,3.96,0.5,,14.5,,,14.2,8253340.0,15.4,1.85,20.17,19.8,19.0,-0.3,53.5,True,False,-16.1943,True,63.6,78.6,False,5190.72,-2.3,True,True,59,33,1.15,4798.26,True
19,SGO.PA,SAINT GOBAIN,EUROSTOXX,Industrials,Building Products & Equipment,France,EUR,75.78,1.0,script-v2.0,1.0,2026-09-05T11:49:43.402075+02:00,72.8,78.0,94,64,0,12,57,entrada_escalada,entrada_escalada,,True,pass,pendiente,0,desconocido,Pendiente de implementar,confirmada,"eps_stabilization (media): EPS 5.78 vs 5.64 (annual_eps_fallback) | debt_reduction (alta): Deuda 17270.0M vs 18384.0M | dividend_maintained (baja): Dividendo actual 3.04% con caída del 20.9% | analyst_upgrade (media): Target 97.72 vs precio 75.78 (+29%), recMean 1.94, recKey buy",razonable,entrada_escalada,72.87,75.78,72.87 - 75.78,78.32,81.48,78.32 - 81.48,Pérdida del soporte en 72.87 | ROE negativo durante 2 trimestres consecutivos | Ampliación de capital dilutiva | Recorte de rating a bono basura,6-12,"SAINT GOBAIN está un 20.9% por debajo de su máximo 52s. Fundamentalmente sólida con ROE 11.0%, deuda neta/EBITDA 1.8x. Técnicamente 🟡 MACD convergiendo, 🟢 Cerca de soporte. Clasificación: entrada_escalada.","SAINT GOBAIN está un 20.9% por debajo de su máximo 52s. Fundamentalmente sólida con ROE 11.0%, deuda neta/EBITDA 1.8x. Técnicamente 🟡 MACD convergiendo, 🟢 Cerca de soporte. Clasificación: entrada_escalada.",🟡 MACD convergiendo | 🟢 Cerca de soporte | 🟡 Apoyo en MA40 semanal,3.04,10,6,False,42.7,0.66,1037128.0,11518999552.0,1.75,-6.1,,27.2,,,11.0,37100.0,14.1,1.46,7.48,20.9,25.4,-3.2,37.8,False,True,0.3323,False,13.6,8.4,False,78.42,-3.4,False,False,52,5,0.98,72.87,False
20,7203.T,TOYOTA MOTOR CORP,ASIA,Consumer Cyclical,Auto Manufacturers,Japan,JPY,3081.0,1.0,script-v2.0,1.0,2026-09-05T11:51:26.635952+02:00,72.7,73.9,75,73,0,10,69,seguimiento,seguimiento,,True,pass,pendiente,0,desconocido,Pendiente de implementar,parcial,"margin_stabilization (media): Margen gross 18.0% vs 15.1% (+2.9 pp) | eps_stabilization (media): EPS 120.69 vs 64.56 (Diluted EPS) | dividend_maintained (baja): Dividendo actual 3.25% con caída del 23.0% | analyst_upgrade (media): Target 3698.56 vs precio 3081.00 (+20%), recMean 1.74, recKey buy",razonable,seguimiento,2822.94,2965.71,2822.94 - 2965.71,3167.24,3400.0,3167.24 - 3400.00,Pérdida del soporte en 2822.94 | ROE negativo durante 2 trimestres consecutivos | Ampliación de capital dilutiva | Recorte de rating a bono basura,6-12,"TOYOTA MOTOR CORP está un 23.0% por debajo de su máximo 52s. Fundamentalmente sólida con ROE 12.4%, deuda neta/EBITDA 5.5x. Técnicamente 🟢 Divergencia alcista RSI, 🟢 MACD semanal girando al alza. Clasificación: seguimiento.","TOYOTA MOTOR CORP está un 23.0% por debajo de su máximo 52s. Fundamentalmente sólida con ROE 12.4%, deuda neta/EBITDA 5.5x. Técnicamente 🟢 Divergencia alcista RSI, 🟢 MACD semanal girando al alza. Clasificación: seguimiento.",🟢 Divergencia alcista RSI | 🟢 MACD semanal girando al alza | 🟡 Apoyo en MA40 semanal | 🟢 base_pattern_detected | 🟡 trendline_break,3.25,11,20,False,27.0,1.15,28947595.0,30602607722496.0,5.46,1.7,gross,16.8,16.7,0.1,12.4,36484690.0,8.9,0.98,12.14,23.0,21.8,-2.7,52.2,False,False,-24.5857,True,45.0,53.6,False,3185.62,-3.3,True,True,36,33,1.02,2822.94,True
21,CPB,The Campbell's Company,SP500,Consumer Defensive,Packaged Foods,United States,USD,21.38,1.0,script-v2.0,1.0,2026-09-05T11:51:03.716521+02:00,72.0,74.6,81,69,0,4,64,seguimiento,seguimiento,Sin señales de recuperación,True,pass,pendiente,0,desconocido,Pendiente de implementar,ausente,margin_stabilization (media): Margen gross 27.5% vs 28.0% (-0.5 pp) | dividend_maintained (baja): Dividendo actual 4.68% con caída del 37.4%,razonable,seguimiento,19.85,21.38,19.85 - 21.38,23.51,29.04,23.51 - 29.04,Pérdida del soporte en 19.85 | ROE negativo durante 2 trimestres consecutivos | Ampliación de capital dilutiva | Recorte de rating a bono basura,12-18,"The Campbell's Company está un 37.4% por debajo de su máximo 52s. Fundamentalmente sólida con ROE 15.4%, deuda neta/EBITDA 4.0x. Técnicamente 🟢 Bajo SMA200 con SMA50 girando, 🟢 Volumen creciente. Clasificación: seguimiento.","The Campbell's Company está un 37.4% por debajo de su máximo 52s. Fundamentalmente sólida con ROE 15.4%, deuda neta/EBITDA 4.0x. Técnicamente 🟢 Bajo SMA200 con SMA50 girando, 🟢 Volumen creciente. Clasificación: seguimiento.",🟢 Bajo SMA200 con SMA50 girando | 🟢 Volumen creciente | 🟡 Apoyo en MA40 semanal | 🟢 base_pattern_detected,4.68,11,20,False,119.1,1.72,8294269.0,6742999936.0,3.95,0.9,gross,29.2,28.8,0.4,15.4,6376.0,16.8,1.58,8.0,37.4,55.2,-9.0,35.7,False,False,-0.3678,False,10.8,37.4,False,23.32,-8.3,True,False,47,17,2.58,19.85,True
22,BATS.L,BRITISH AMERICAN TOBACCO PLC OR,EUROSTOXX,Consumer Defensive,Tobacco,United Kingdom,GBp,4125.0,1.0,script-v2.0,1.0,2026-09-05T11:50:17.410831+02:00,71.8,74.1,88,62,0,12,65,entrada_escalada,entrada_escalada,,True,pass,pendiente,0,desconocido,Pendiente de implementar,confirmada,"eps_stabilization (media): EPS 3.49 vs 1.36 (annual_eps_fallback) | debt_reduction (alta): Deuda 35063.0M vs 35070.0M | dividend_maintained (baja): Dividendo actual 0.06% con caída del 23.2% | analyst_upgrade (media): Target 5150.00 vs precio 4125.00 (+25%), recMean 1.69, recKey buy",razonable,entrada_escalada,3892.24,4125.0,3892.24 - 4125.00,4397.47,4562.8,4397.47 - 4562.80,Pérdida del soporte en 3892.24 | ROE negativo durante 2 trimestres consecutivos | Ampliación de capital dilutiva | Recorte de rating a bono basura,6-12,"BRITISH AMERICAN TOBACCO PLC OR está un 23.2% por debajo de su máximo 52s. Fundamentalmente sólida con ROE 13.4%, deuda neta/EBITDA 2.9x. Técnicamente 🔵 RSI recuperándose de sobreventa, 🟡 Apoyo en MA40 semanal. Clasificación: entrada_escalada.","BRITISH AMERICAN TOBACCO PLC OR está un 23.2% por debajo de su máximo 52s. Fundamentalmente sólida con ROE 13.4%, deuda neta/EBITDA 2.9x. Técnicamente 🔵 RSI recuperándose de sobreventa, 🟡 Apoyo en MA40 semanal. Clasificación: entrada_escalada.",🔵 RSI recuperándose de sobreventa | 🟡 Apoyo en MA40 semanal | 🟢 base_pattern_detected,0.06,11,20,False,83.4,0.72,3466388.0,32530001152.0,2.9,-0.0,,82.7,,,13.4,88838.0,14.2,1.92,10.9,23.2,23.2,-6.2,41.5,False,False,-35.2517,False,38.9,36.9,False,4400.34,-6.3,True,False,48,17,1.13,3892.24,False
23,035420.KS,NAVER,ASIA,Communication Services,Internet Content & Information,South Korea,KRW,213500.0,1.0,script-v2.0,1.0,2026-09-05T11:51:49.962412+02:00,71.8,75.1,74,76,0,7,62,seguimiento,seguimiento,,True,pass,pendiente,0,desconocido,Pendiente de implementar,parcial,"margin_stabilization (media): Margen gross 100.0% vs 100.0% (+0.0 pp) | dividend_maintained (baja): Dividendo actual 1.23% con caída del 29.8% | analyst_upgrade (media): Target 303074.06 vs precio 213500.00 (+42%), recMean 1.56, recKey buy",razonable,seguimiento,199792.86,207434.0,199792.86 - 207434.00,226693.01,258400.0,226693.01 - 258400.00,Pérdida del soporte en 199792.86 | ROE negativo durante 2 trimestres consecutivos | Ampliación de capital dilutiva | Recorte de rating a bono basura,12-18,"NAVER está un 29.8% por debajo de su máximo 52s. Fundamentalmente sólida con ROE 6.4%, deuda neta/EBITDA -1.1x. Técnicamente 🟢 Divergencia alcista RSI, 🟡 MACD convergiendo. Clasificación: seguimiento.","NAVER está un 29.8% por debajo de su máximo 52s. Fundamentalmente sólida con ROE 6.4%, deuda neta/EBITDA -1.1x. Técnicamente 🟢 Divergencia alcista RSI, 🟡 MACD convergiendo. Clasificación: seguimiento.",🟢 Divergencia alcista RSI | 🟡 MACD convergiendo | 🟡 Apoyo en MA40 semanal | 🟢 base_pattern_detected,1.23,10,2,False,19.6,0.18,1494939.0,-3356823650304.0,-1.11,35.0,gross,100.0,100.0,0.0,6.4,31935282.0,14.5,,9.96,29.8,29.8,-5.8,49.3,False,True,-3209.3091,False,32.8,21.9,False,225444.19,-5.3,True,False,45,17,0.64,199792.86,False
24,IMB.L,IMPERIAL BRANDS PLC ORD 10P,EUROSTOXX,Consumer Defensive,Tobacco,United Kingdom,GBp,2489.0,1.0,script-v2.0,1.0,2026-09-05T11:50:17.344066+02:00,71.2,66.5,66,67,0,4,85,seguimiento,seguimiento,Sin señales de recuperación,True,pass,pendiente,0,desconocido,Pendiente de implementar,ausente,"dividend_maintained (baja): Dividendo actual 0.07% con caída del 31.5% | analyst_upgrade (media): Target 3290.91 vs precio 2489.00 (+32%), recKey none",fuerte,seguimiento,2476.0,2489.0,2476.00 - 2489.00,2945.95,3087.23,2945.95 - 3087.23,Pérdida del soporte en 2476.00 | ROE negativo durante 2 trimestres consecutivos | Ampliación de capital dilutiva | Recorte de rating a bono basura,12-18,"IMPERIAL BRANDS PLC ORD 10P está un 31.5% por debajo de su máximo 52s. Fundamentalmente sólida con ROE 37.2%, deuda neta/EBITDA 2.7x. Técnicamente 🔵 RSI en sobreventa, 🟢 Cruce alcista MACD. Clasificación: seguimiento.","IMPERIAL BRANDS PLC ORD 10P está un 31.5% por debajo de su máximo 52s. Fundamentalmente sólida con ROE 37.2%, deuda neta/EBITDA 2.7x. Técnicamente 🔵 RSI en sobreventa, 🟢 Cruce alcista MACD. Clasificación: seguimiento.",🔵 RSI en sobreventa | 🟢 Cruce alcista MACD | 🟢 Cerca de soporte | 🟢 base_pattern_detected,0.07,11,20,False,75.4,2.44,2982794.0,10735000000.0,2.67,12.4,,36.3,,,37.2,18817.0,11.7,4.89,7.73,31.5,31.4,-15.5,34.5,True,False,-111.7555,False,16.2,22.8,False,2930.94,-15.1,True,False,73,12,0.75,2476.0,False
25,BN.PA,DANONE,EUROSTOXX,Consumer Defensive,Packaged Foods,France,EUR,63.72,1.0,script-v2.0,1.0,2026-09-05T11:49:33.852039+02:00,71.0,68.3,87,52,0,4,79,seguimiento,seguimiento,Sin señales de recuperación,True,pass,pendiente,0,desconocido,Pendiente de implementar,ausente,"dividend_maintained (baja): Dividendo actual 3.53% con caída del 20.5% | analyst_upgrade (media): Target 80.02 vs precio 63.72 (+26%), recMean 2.27, recKey buy",fuerte,seguimiento,60.92,63.72,60.92 - 63.72,68.12,68.35,68.12 - 68.35,Pérdida del soporte en 60.92 | ROE negativo durante 2 trimestres consecutivos | Ampliación de capital dilutiva | Recorte de rating a bono basura,6-12,"DANONE está un 20.5% por debajo de su máximo 52s. Fundamentalmente sólida con ROE 12.2%, deuda neta/EBITDA 2.0x. Técnicamente 🔵 RSI en sobreventa, 🟡 MACD convergiendo. Clasificación: seguimiento.","DANONE está un 20.5% por debajo de su máximo 52s. Fundamentalmente sólida con ROE 12.2%, deuda neta/EBITDA 2.0x. Técnicamente 🔵 RSI en sobreventa, 🟡 MACD convergiendo. Clasificación: seguimiento.",🔵 RSI en sobreventa | 🟡 MACD convergiendo | 🟢 Cerca de soporte | 🟢 Estocástico sale de sobreventa | 🟡 Apoyo en MA40 semanal,3.53,11,20,False,74.5,0.99,1370293.0,9087999488.0,2.01,20.9,,50.0,,,12.2,41042.0,21.1,2.33,11.12,20.5,17.7,-6.8,31.8,False,True,-0.5286,False,16.6,9.2,True,68.09,-6.4,False,False,68,11,1.03,60.92,False
26,4568.T,DAIICHI SANKYO COMPANY LIMITED,ASIA,Healthcare,Drug Manufacturers - General,Japan,JPY,2794.0,1.0,script-v2.0,1.0,2026-09-05T11:51:32.294830+02:00,70.7,74.6,97,55,0,4,59,seguimiento,seguimiento,Sin señales de recuperación,True,pass,pendiente,0,desconocido,Pendiente de implementar,ausente,"dividend_maintained (baja): Dividendo actual 3.58% con caída del 33.1% | analyst_upgrade (media): Target 4096.25 vs precio 2794.00 (+47%), recMean 1.50, recKey strong_buy",razonable,seguimiento,2699.69,2744.47,2699.69 - 2744.47,2918.39,3551.3,2918.39 - 3551.30,Pérdida del soporte en 2699.69 | ROE negativo durante 2 trimestres consecutivos | Ampliación de capital dilutiva | Recorte de rating a bono basura,12-18,"DAIICHI SANKYO COMPANY LIMITED está un 33.1% por debajo de su máximo 52s. Fundamentalmente sólida con ROE 14.8%, deuda neta/EBITDA -0.4x. Técnicamente 🟢 Cerca de soporte, 🟡 Apoyo en MA40 semanal. Clasificación: seguimiento.","DAIICHI SANKYO COMPANY LIMITED está un 33.1% por debajo de su máximo 52s. Fundamentalmente sólida con ROE 14.8%, deuda neta/EBITDA -0.4x. Técnicamente 🟢 Cerca de soporte, 🟡 Apoyo en MA40 semanal. Clasificación: seguimiento.",🟢 Cerca de soporte | 🟡 Apoyo en MA40 semanal | 🟢 base_pattern_detected | 🟡 trendline_break,3.58,11,20,False,55.6,0.29,6550587.0,-137370009600.0,-0.44,148.8,,68.5,,,14.8,5084111.0,19.9,2.99,15.91,33.1,51.2,-4.3,49.6,False,False,-37.0964,False,44.0,61.4,False,2854.38,-2.1,True,True,36,23,1.03,2699.69,True
27,GPT.AX,GPT STAPLED [GPT],ASX,Real Estate,REIT - Diversified,Australia,AUD,4.61,1.0,script-v2.0,1.0,2026-09-05T11:51:23.714117+02:00,69.5,66.3,78,56,0,4,79,seguimiento,seguimiento,Sin señales de recuperación,True,pass,pendiente,0,desconocido,Pendiente de implementar,ausente,eps_stabilization (media): EPS 0.51 vs -0.10 (annual_eps_fallback) | dividend_maintained (baja): Dividendo actual 5.21% con caída del 19.8%,fuerte,seguimiento,4.59,4.61,4.59 - 4.61,4.89,4.9,4.89 - 4.90,Pérdida del soporte en 4.59 | ROE negativo durante 2 trimestres consecutivos | Ampliación de capital dilutiva | Recorte de rating a bono basura,6-12,"GPT STAPLED [GPT] está un 19.8% por debajo de su máximo 52s. Fundamentalmente sólida con ROE 10.0%, deuda neta/EBITDA 9.1x. Técnicamente 🔵 RSI en sobreventa, 🟡 MACD convergiendo. Clasificación: seguimiento.","GPT STAPLED [GPT] está un 19.8% por debajo de su máximo 52s. Fundamentalmente sólida con ROE 10.0%, deuda neta/EBITDA 9.1x. Técnicamente 🔵 RSI en sobreventa, 🟡 MACD convergiendo. Clasificación: seguimiento.",🔵 RSI en sobreventa | 🟡 MACD convergiendo | 🟢 Cerca de soporte | 🟢 Estocástico sale de sobreventa | 🟡 Apoyo en MA40 semanal,5.21,11,20,False,44.2,0.53,5600426.0,5582400032.0,9.11,17.2,,62.1,,,10.0,8831.0,8.4,0.82,23.52,19.8,16.1,-5.9,33.0,False,True,-0.0022,False,15.9,9.7,True,4.88,-5.6,False,False,68,11,1.18,4.59,False
28,000660.KS,SK hynix,ASIA,Technology,Semiconductors,South Korea,KRW,1647000.0,1.0,script-v2.0,1.0,2026-09-05T11:51:49.787021+02:00,69.0,79.7,100,62,0,15,37,pendiente_confirmacion,pendiente_confirmacion,,True,pass,pendiente,0,desconocido,Pendiente de implementar,confirmada,"margin_stabilization (media): Margen gross 79.3% vs 68.8% (+10.5 pp) | eps_stabilization (media): EPS 56670.00 vs 17850.00 (Diluted EPS) | debt_reduction (alta): Deuda 3194454.0M vs 24757848.0M | dividend_maintained (baja): Dividendo actual 0.09% con caída del 44.9% | analyst_upgrade (media): Target 3189709.00 vs precio 1647000.00 (+94%), recMean 1.34, recKey strong_buy",incompleto,pendiente_confirmacion,1566831.24,1647000.0,1566831.24 - 1647000.00,1305547.82,2538950.0,1305547.82 - 2538950.00,Pérdida del soporte en 1566831.24 | ROE negativo durante 2 trimestres consecutivos | Ampliación de capital dilutiva | Recorte de rating a bono basura,18-24,"SK hynix está un 44.9% por debajo de su máximo 52s. Fundamentalmente sólida con ROE 354.1%, deuda neta/EBITDA -0.0x. Técnicamente 🟢 Divergencia alcista RSI, 🟢 Cerca de soporte. Clasificación: pendiente_confirmacion.","SK hynix está un 44.9% por debajo de su máximo 52s. Fundamentalmente sólida con ROE 354.1%, deuda neta/EBITDA -0.0x. Técnicamente 🟢 Divergencia alcista RSI, 🟢 Cerca de soporte. Clasificación: pendiente_confirmacion.",🟢 Divergencia alcista RSI | 🟢 Cerca de soporte,0.09,11,13,False,1.3,0.72,5396027.0,-35529923231744.0,-0.03,-87.1,gross,76.3,64.8,11.4,354.1,1169131034.0,3.5,,1.03,44.9,44.8,26.2,48.3,False,False,133031.5882,False,52.7,43.5,False,1364539.88,20.7,False,False,37,0,0.69,1566831.24,False
29,AZN.L,ASTRAZENECA PLC ORD SHS $0.25,EUROSTOXX,Healthcare,Drug Manufacturers - General,United Kingdom,GBp,12006.0,1.0,script-v2.0,1.0,2026-09-05T11:50:10.750618+02:00,68.9,71.9,98,49,0,12,60,entrada_escalada,entrada_escalada,,True,pass,pendiente,0,desconocido,Pendiente de implementar,confirmada,"margin_stabilization (media): Margen gross 83.6% vs 82.5% (+1.1 pp) | debt_reduction (alta): Deuda 32350.0M vs 33918.0M | dividend_maintained (baja): Dividendo actual 0.02% con caída del 23.7% | analyst_upgrade (media): Target 15757.64 vs precio 12006.00 (+31%), recMean 1.79, recKey buy",razonable,entrada_escalada,11496.49,12006.0,11496.49 - 12006.00,13372.2,13710.12,13372.20 - 13710.12,Pérdida del soporte en 11496.49 | ROE negativo durante 2 trimestres consecutivos | Ampliación de capital dilutiva | Recorte de rating a bono basura,6-12,"ASTRAZENECA PLC ORD SHS $0.25 está un 23.7% por debajo de su máximo 52s. Fundamentalmente sólida con ROE 22.0%, deuda neta/EBITDA 1.4x. Técnicamente 🟢 Divergencia alcista RSI, 🟢 Cerca de soporte. Clasificación: entrada_escalada.","ASTRAZENECA PLC ORD SHS $0.25 está un 23.7% por debajo de su máximo 52s. Fundamentalmente sólida con ROE 22.0%, deuda neta/EBITDA 1.4x. Técnicamente 🟢 Divergencia alcista RSI, 🟢 Cerca de soporte. Clasificación: entrada_escalada.",🟢 Divergencia alcista RSI | 🟢 Cerca de soporte | 🟢 base_pattern_detected,0.02,11,20,False,47.4,0.64,3148482.0,27381999104.0,1.38,-4.6,gross,81.7,81.9,-0.2,22.0,186201.0,24.2,5.02,10.73,23.7,23.7,-12.4,46.0,False,False,-497.1113,False,52.4,58.3,False,13698.95,-12.4,True,False,48,12,0.73,11496.49,False
30,SCG.AX,SCENTRE STAPLED [SCG],ASX,Real Estate,REIT - Retail,Australia,AUD,3.56,1.0,script-v2.0,1.0,2026-09-05T11:51:23.626308+02:00,68.9,75.9,86,67,0,9,48,seguimiento,seguimiento,,True,pass,pendiente,0,desconocido,Pendiente de implementar,parcial,eps_stabilization (media): EPS 0.34 vs 0.20 (annual_eps_fallback) | debt_reduction (alta): Deuda 14029.0M vs 16774.4M | dividend_maintained (baja): Dividendo actual 5.06% con caída del 16.6%,razonable,seguimiento,3.2,3.56,3.20 - 3.56,3.63,3.72,3.63 - 3.72,Pérdida del soporte en 3.20 | ROE negativo durante 2 trimestres consecutivos | Ampliación de capital dilutiva | Recorte de rating a bono basura,6-12,"SCENTRE STAPLED [SCG] está un 16.6% por debajo de su máximo 52s. Fundamentalmente sólida con ROE 10.4%, deuda neta/EBITDA 5.6x. Técnicamente 🟡 MACD convergiendo, 🟡 Apoyo en MA40 semanal. Clasificación: seguimiento.","SCENTRE STAPLED [SCG] está un 16.6% por debajo de su máximo 52s. Fundamentalmente sólida con ROE 10.4%, deuda neta/EBITDA 5.6x. Técnicamente 🟡 MACD convergiendo, 🟡 Apoyo en MA40 semanal. Clasificación: seguimiento.",🟡 MACD convergiendo | 🟡 Apoyo en MA40 semanal,5.06,11,16,False,47.1,0.72,11912362.0,13751199680.0,5.58,-16.4,,70.7,,,10.4,18617.0,9.4,0.98,13.14,16.6,12.6,-4.3,35.7,False,True,-0.0038,False,18.6,21.3,False,3.72,-4.2,False,False,43,5,0.98,3.2,False
31,PHIA.AS,KON.PHILIPS N.V.,EUROSTOXX,Healthcare,Medical Devices,Netherlands,EUR,22.35,1.0,script-v2.0,1.0,2026-09-05T11:49:51.445857+02:00,68.8,67.7,81,56,0,15,72,entrada_directa,entrada_directa,,True,pass,pendiente,0,desconocido,Pendiente de implementar,confirmada,"margin_stabilization (media): Margen gross 49.3% vs 45.2% (+4.1 pp) | eps_stabilization (media): EPS 0.40 vs 0.16 (Diluted EPS) | debt_reduction (alta): Deuda 7465.0M vs 8097.0M | dividend_maintained (baja): Dividendo actual 3.80% con caída del 19.3% | analyst_upgrade (media): Target 27.00 vs precio 22.35 (+21%), recKey none",fuerte,entrada_directa,22.27,22.35,22.27 - 22.35,23.32,23.54,23.32 - 23.54,Pérdida del soporte en 22.27 | ROE negativo durante 2 trimestres consecutivos | Ampliación de capital dilutiva | Recorte de rating a bono basura,6-12,"KON.PHILIPS N.V. está un 19.3% por debajo de su máximo 52s. Fundamentalmente sólida con ROE 10.2%, deuda neta/EBITDA 2.4x. Técnicamente 🔵 RSI en sobreventa, 🟢 Cerca de soporte. Clasificación: entrada_directa.","KON.PHILIPS N.V. está un 19.3% por debajo de su máximo 52s. Fundamentalmente sólida con ROE 10.2%, deuda neta/EBITDA 2.4x. Técnicamente 🔵 RSI en sobreventa, 🟢 Cerca de soporte. Clasificación: entrada_directa.",🔵 RSI en sobreventa | 🟢 Cerca de soporte | 🟡 Apoyo en MA40 semanal | 🟢 base_pattern_detected,3.8,8,2,False,74.6,0.65,1829163.0,5676000000.0,2.35,-7.8,gross,45.9,46.0,-0.0,10.2,21846.0,19.6,1.91,11.4,19.3,20.1,-4.2,34.7,False,False,-0.0189,False,18.7,15.6,False,23.28,-4.0,True,False,55,17,1.18,22.27,False
32,UCB.BR,UCB,EUROSTOXX,Healthcare,Biotechnology,Belgium,EUR,210.6,1.0,script-v2.0,1.0,2026-09-05T11:50:01.111503+02:00,68.8,71.1,93,52,0,7,62,seguimiento,seguimiento,,True,pass,pendiente,0,desconocido,Pendiente de implementar,parcial,"eps_stabilization (media): EPS 8.03 vs 1.76 (annual_eps_fallback) | dividend_maintained (baja): Dividendo actual 0.69% con caída del 27.3% | analyst_upgrade (media): Target 285.00 vs precio 210.60 (+35%), recMean 1.60, recKey buy",razonable,seguimiento,200.07,210.6,200.07 - 210.60,246.07,246.19,246.07 - 246.19,Pérdida del soporte en 200.07 | ROE negativo durante 2 trimestres consecutivos | Ampliación de capital dilutiva | Recorte de rating a bono basura,12-18,"UCB está un 27.3% por debajo de su máximo 52s. Fundamentalmente sólida con ROE 20.6%, deuda neta/EBITDA 0.8x. Técnicamente 🟢 Divergencia alcista RSI, 🟢 base_pattern_detected. Clasificación: seguimiento.","UCB está un 27.3% por debajo de su máximo 52s. Fundamentalmente sólida con ROE 20.6%, deuda neta/EBITDA 0.8x. Técnicamente 🟢 Divergencia alcista RSI, 🟢 base_pattern_detected. Clasificación: seguimiento.",🟢 Divergencia alcista RSI | 🟢 base_pattern_detected,0.69,11,20,False,12.8,0.31,219751.0,2822000000.0,0.84,59.8,,76.2,,,20.6,40154.0,18.6,,12.86,27.3,26.8,-14.5,36.2,False,False,-7.5372,False,0.0,40.6,False,245.81,-14.3,True,False,50,12,1.14,,False
33,BMW.DE,BAYERISCHE MOTOREN WERKE AG   S,EUROSTOXX,Consumer Cyclical,Auto Manufacturers,Germany,EUR,62.8,1.0,script-v2.0,1.0,2026-09-05T11:49:21.973735+02:00,68.4,70.9,57,83,0,1,61,seguimiento,seguimiento,Sin señales de recuperación,True,pass,pendiente,0,desconocido,Pendiente de implementar,ausente,dividend_maintained (baja): Dividendo actual 7.01% con caída del 35.9%,razonable,seguimiento,57.46,59.11,57.46 - 59.11,73.85,83.23,73.85 - 83.23,Pérdida del soporte en 57.46 | ROE negativo durante 2 trimestres consecutivos | Ampliación de capital dilutiva | Recorte de rating a bono basura,12-18,"BAYERISCHE MOTOREN WERKE AG   S está un 35.9% por debajo de su máximo 52s. Fundamentalmente sólida con ROE 6.6%, deuda neta/EBITDA 7.3x. Técnicamente 🟢 Divergencia alcista RSI, 🟢 MACD semanal girando al alza. Clasificación: seguimiento.","BAYERISCHE MOTOREN WERKE AG   S está un 35.9% por debajo de su máximo 52s. Fundamentalmente sólida con ROE 6.6%, deuda neta/EBITDA 7.3x. Técnicamente 🟢 Divergencia alcista RSI, 🟢 MACD semanal girando al alza. Clasificación: seguimiento.",🟢 Divergencia alcista RSI | 🟢 MACD semanal girando al alza | 🟢 base_pattern_detected,7.01,11,20,False,42.3,1.2,1624107.0,101147001856.0,7.33,36.6,gross,12.4,14.8,-2.4,6.6,37591.0,6.0,0.39,10.21,35.9,32.2,-15.0,62.2,False,False,-4.5279,True,86.1,76.8,False,73.94,-15.1,True,False,39,22,1.01,57.46,False
34,1299.HK,AIA,ASIA,Financial Services,Insurance - Life,Hong Kong,HKD,77.5,1.0,script-v2.0,1.0,2026-09-05T11:51:47.684784+02:00,68.3,67.5,92,46,0,4,71,seguimiento,seguimiento,Sin señales de recuperación,True,pass,pendiente,0,desconocido,Pendiente de implementar,ausente,"dividend_maintained (baja): Dividendo actual 2.55% con caída del 15.9% | analyst_upgrade (media): Target 102.49 vs precio 77.50 (+32%), recMean 1.30, recKey strong_buy",fuerte,seguimiento,74.43,75.72,74.43 - 75.72,78.33,79.35,78.33 - 79.35,Pérdida del soporte en 75.72 | ROE negativo durante 2 trimestres consecutivos | Ampliación de capital dilutiva | Recorte de rating a bono basura,6-12,"AIA está un 15.9% por debajo de su máximo 52s. Fundamentalmente sólida con ROE 19.6%, deuda neta/EBITDA 1.6x. Técnicamente 🟢 Divergencia alcista RSI, 🟢 Cerca de soporte. Clasificación: seguimiento.","AIA está un 15.9% por debajo de su máximo 52s. Fundamentalmente sólida con ROE 19.6%, deuda neta/EBITDA 1.6x. Técnicamente 🟢 Divergencia alcista RSI, 🟢 Cerca de soporte. Clasificación: seguimiento.",🟢 Divergencia alcista RSI | 🟢 Cerca de soporte | 🟢 MACD semanal girando al alza | 🟡 Apoyo en MA40 semanal | 🟢 base_pattern_detected,2.55,11,16,False,32.4,0.52,32945642.0,14578999296.0,1.64,56.0,,40.6,,,19.6,798493.0,13.0,2.5,91.67,15.9,13.8,-2.3,62.7,False,False,-1.1709,True,83.9,88.0,False,79.31,-2.3,True,False,44,27,0.95,75.72,True
35,NG.L,NATIONAL GRID PLC ORD 12 204/47,EUROSTOXX,Utilities,Utilities - Regulated Electric,United Kingdom,GBp,1151.0,1.0,script-v2.0,1.0,2026-09-05T11:50:15.144597+02:00,67.8,63.7,69,59,0,4,80,seguimiento,seguimiento,Sin señales de recuperación,True,pass,pendiente,0,desconocido,Pendiente de implementar,ausente,eps_stabilization (media): EPS 0.66 vs 0.61 (annual_eps_fallback) | dividend_maintained (baja): Dividendo actual 0.04% con caída del 19.4%,fuerte,seguimiento,1093.45,1151.0,1093.45 - 1151.00,1214.22,1233.66,1214.22 - 1233.66,Pérdida del soporte en 1093.45 | ROE negativo durante 2 trimestres consecutivos | Ampliación de capital dilutiva | Recorte de rating a bono basura,6-12,"NATIONAL GRID PLC ORD 12 204/47 está un 19.4% por debajo de su máximo 52s. Fundamentalmente sólida con ROE 8.4%, deuda neta/EBITDA 6.4x. Técnicamente 🟢 Divergencia alcista RSI, 🟡 MACD convergiendo. Clasificación: seguimiento.","NATIONAL GRID PLC ORD 12 204/47 está un 19.4% por debajo de su máximo 52s. Fundamentalmente sólida con ROE 8.4%, deuda neta/EBITDA 6.4x. Técnicamente 🟢 Divergencia alcista RSI, 🟡 MACD convergiendo. Clasificación: seguimiento.",🟢 Divergencia alcista RSI | 🟡 MACD convergiendo | 🟢 Volumen creciente | 🟡 Apoyo en MA40 semanal | 🟢 base_pattern_detected,0.04,11,20,False,72.1,1.21,10449844.0,44877001984.0,6.39,0.3,,100.0,,,8.4,57859.0,17.4,1.46,14.54,19.4,19.4,-6.7,38.9,False,True,-16.023,False,24.1,17.0,False,1237.14,-7.0,True,False,63,17,1.42,,False
36,3382.T,SEVEN & I HOLDINGS CO LTD,ASIA,Consumer Defensive,Grocery Stores,Japan,JPY,2060.5,1.0,script-v2.0,1.0,2026-09-05T11:51:38.891219+02:00,67.8,68.1,82,56,0,4,67,seguimiento,seguimiento,Sin señales de recuperación,True,pass,pendiente,0,desconocido,Pendiente de implementar,ausente,eps_stabilization (media): EPS 26.21 vs 18.96 (Diluted EPS) | dividend_maintained (baja): Dividendo actual 2.91% con caída del 14.7%,razonable,seguimiento,1958.71,2019.68,1958.71 - 2019.68,2037.92,2054.45,2037.92 - 2054.45,Pérdida del soporte en 1958.71 | ROE negativo durante 2 trimestres consecutivos | Ampliación de capital dilutiva | Recorte de rating a bono basura,6-12,"SEVEN & I HOLDINGS CO LTD está un 14.7% por debajo de su máximo 52s. Fundamentalmente sólida con ROE 8.0%, deuda neta/EBITDA 3.3x. Técnicamente 🟢 Cruce alcista MACD, 🟢 Cerca de soporte. Clasificación: seguimiento.","SEVEN & I HOLDINGS CO LTD está un 14.7% por debajo de su máximo 52s. Fundamentalmente sólida con ROE 8.0%, deuda neta/EBITDA 3.3x. Técnicamente 🟢 Cruce alcista MACD, 🟢 Cerca de soporte. Clasificación: seguimiento.",🟢 Cruce alcista MACD | 🟢 Cerca de soporte | 🟡 Apoyo en MA40 semanal | 🟢 base_pattern_detected | 🟡 trendline_break,2.91,11,20,False,42.1,1.04,8592915.0,3217205100544.0,3.32,,,16.4,,,8.0,4671274.0,17.3,1.29,8.25,14.7,20.1,1.1,57.4,True,False,7.7514,False,85.1,86.6,False,2041.79,0.9,True,True,44,23,0.93,1958.71,True
37,GSK.L,GSK PLC ORD 31 1/4P,EUROSTOXX,Healthcare,Drug Manufacturers - General,United Kingdom,GBp,1846.5,1.0,script-v2.0,1.0,2026-09-05T11:50:09.858901+02:00,67.6,71.8,91,55,0,6,55,seguimiento,seguimiento,,True,pass,pendiente,0,desconocido,Pendiente de implementar,parcial,debt_reduction (alta): Deuda 18293.0M vs 19056.0M | dividend_maintained (baja): Dividendo actual 0.04% con caída del 19.1%,razonable,seguimiento,1689.85,1846.5,1689.85 - 1846.50,1939.7,1948.82,1939.70 - 1948.82,Pérdida del soporte en 1689.85 | ROE negativo durante 2 trimestres consecutivos | Ampliación de capital dilutiva | Recorte de rating a bono basura,6-12,"GSK PLC ORD 31 1/4P está un 19.1% por debajo de su máximo 52s. Fundamentalmente sólida con ROE 33.4%, deuda neta/EBITDA 1.4x. Técnicamente 🟢 Divergencia alcista RSI, 🟡 Apoyo en MA40 semanal. Clasificación: seguimiento.","GSK PLC ORD 31 1/4P está un 19.1% por debajo de su máximo 52s. Fundamentalmente sólida con ROE 33.4%, deuda neta/EBITDA 1.4x. Técnicamente 🟢 Divergencia alcista RSI, 🟡 Apoyo en MA40 semanal. Clasificación: seguimiento.",🟢 Divergencia alcista RSI | 🟡 Apoyo en MA40 semanal | 🟢 base_pattern_detected,0.04,11,20,False,56.9,1.06,7440843.0,15187000320.0,1.4,-4.0,gross,73.5,72.8,0.7,33.4,73964.0,15.6,4.19,8.2,19.1,19.1,-5.3,41.1,False,False,-11.9041,False,16.2,35.7,False,1954.0,-5.5,True,False,38,17,0.8,1689.85,False
38,9020.T,EAST JAPAN RAILWAY CO,ASIA,Industrials,Railroads,Japan,JPY,3520.0,1.0,script-v2.0,1.0,2026-09-05T11:51:36.774286+02:00,67.4,69.5,61,77,0,1,61,seguimiento,seguimiento,Sin señales de recuperación,True,pass,pendiente,0,desconocido,Pendiente de implementar,ausente,dividend_maintained (baja): Dividendo actual 2.39% con caída del 16.4%,razonable,seguimiento,3443.66,3520.0,3443.66 - 3520.00,3579.35,3681.24,3579.35 - 3681.24,Pérdida del soporte en 3443.66 | ROE negativo durante 2 trimestres consecutivos | Ampliación de capital dilutiva | Recorte de rating a bono basura,6-12,"EAST JAPAN RAILWAY CO está un 16.4% por debajo de su máximo 52s. Fundamentalmente sólida con ROE 7.9%, deuda neta/EBITDA 5.7x. Técnicamente 🟢 Cerca de soporte, 🟡 Apoyo en MA40 semanal. Clasificación: seguimiento.","EAST JAPAN RAILWAY CO está un 16.4% por debajo de su máximo 52s. Fundamentalmente sólida con ROE 7.9%, deuda neta/EBITDA 5.7x. Técnicamente 🟢 Cerca de soporte, 🟡 Apoyo en MA40 semanal. Clasificación: seguimiento.",🟢 Cerca de soporte | 🟡 Apoyo en MA40 semanal | 🟢 base_pattern_detected,2.39,11,20,False,33.7,1.63,3188322.0,4878946918400.0,5.68,7.6,,36.9,,,7.9,3974321.0,16.1,1.3,10.32,16.4,15.5,-4.4,47.9,False,False,-26.3205,False,46.7,54.0,False,3675.46,-4.2,True,False,44,17,1.01,3443.66,True
39,NEE,"NextEra Energy, Inc.",SP500,Utilities,Utilities - Regulated Electric,United States,USD,83.43,1.0,script-v2.0,1.0,2026-09-05T11:50:54.410846+02:00,66.5,61.6,84,42,0,7,81,seguimiento,seguimiento,,True,pass,pendiente,0,desconocido,Pendiente de implementar,parcial,margin_stabilization (media): Margen gross 62.4% vs 58.9% (+3.5 pp) | eps_stabilization (media): EPS 1.50 vs 1.04 (Diluted EPS) | dividend_maintained (baja): Dividendo actual 2.98% con caída del 15.5%,fuerte,seguimiento,79.26,83.43,79.26 - 83.43,83.94,86.54,83.94 - 86.54,Pérdida del soporte en 79.26 | ROE negativo durante 2 trimestres consecutivos | Ampliación de capital dilutiva | Recorte de rating a bono basura,6-12,"NextEra Energy, Inc. está un 15.5% por debajo de su máximo 52s. Fundamentalmente sólida con ROE 11.7%, deuda neta/EBITDA 7.3x. Técnicamente 🔵 RSI recuperándose de sobreventa, 🟢 Cruce alcista MACD. Clasificación: seguimiento.","NextEra Energy, Inc. está un 15.5% por debajo de su máximo 52s. Fundamentalmente sólida con ROE 11.7%, deuda neta/EBITDA 7.3x. Técnicamente 🔵 RSI recuperándose de sobreventa, 🟢 Cruce alcista MACD. Clasificación: seguimiento.",🔵 RSI recuperándose de sobreventa | 🟢 Cruce alcista MACD | 🟡 Apoyo en MA40 semanal | 🟢 base_pattern_detected,2.98,11,20,False,53.5,1.62,11046115.0,107330998272.0,7.35,5.5,gross,61.0,60.8,0.2,11.7,174033.0,18.9,3.05,20.04,15.5,14.3,-3.6,43.4,True,False,-0.707,False,43.8,45.4,False,86.74,-3.8,True,False,64,17,1.13,,False
40,MGR.AX,MIRVAC GRP STAPLED [MGR],ASX,Real Estate,REIT - Diversified,Australia,AUD,1.835,1.0,script-v2.0,1.0,2026-09-05T11:51:23.838321+02:00,66.5,70.9,80,63,0,4,53,seguimiento,seguimiento,Sin señales de recuperación,True,pass,pendiente,0,desconocido,Pendiente de implementar,ausente,eps_stabilization (media): EPS 0.02 vs -0.20 (annual_eps_fallback) | dividend_maintained (baja): Dividendo actual 5.45% con caída del 25.4%,razonable,seguimiento,1.77,1.78,1.77 - 1.78,1.81,2.09,1.81 - 2.09,Pérdida del soporte en 1.78 | ROE negativo durante 2 trimestres consecutivos | Ampliación de capital dilutiva | Recorte de rating a bono basura,12-18,"MIRVAC GRP STAPLED [MGR] está un 25.4% por debajo de su máximo 52s. Fundamentalmente sólida con ROE 7.4%, deuda neta/EBITDA 4.1x. Técnicamente 🟢 Cerca de soporte, 🟡 Apoyo en MA40 semanal. Clasificación: seguimiento.","MIRVAC GRP STAPLED [MGR] está un 25.4% por debajo de su máximo 52s. Fundamentalmente sólida con ROE 7.4%, deuda neta/EBITDA 4.1x. Técnicamente 🟢 Cerca de soporte, 🟡 Apoyo en MA40 semanal. Clasificación: seguimiento.",🟢 Cerca de soporte | 🟡 Apoyo en MA40 semanal | 🟢 base_pattern_detected | 🟡 trendline_break,5.45,11,20,False,55.2,0.42,11973315.0,3605000128.0,4.12,,,38.9,,,7.4,7241.0,10.8,0.77,12.39,25.4,21.6,1.2,53.7,False,False,-0.0036,False,56.5,59.4,False,1.8,1.9,True,True,30,23,1.01,1.78,True
41,MCD,McDonald's Corporation,SP500,Consumer Cyclical,Restaurants,United States,USD,255.69,1.0,script-v2.0,1.0,2026-09-05T11:50:33.891619+02:00,65.8,69.5,78,62,0,15,55,entrada_escalada,entrada_escalada,,True,pass,pendiente,0,desconocido,Pendiente de implementar,confirmada,"margin_stabilization (media): Margen gross 58.0% vs 55.9% (+2.1 pp) | eps_stabilization (media): EPS 3.32 vs 2.78 (Diluted EPS) | debt_reduction (alta): Deuda 54604.0M vs 54881.0M | dividend_maintained (baja): Dividendo actual 2.91% con caída del 25.2% | analyst_upgrade (media): Target 315.39 vs precio 255.69 (+23%), recMean 2.06, recKey buy",razonable,entrada_escalada,242.91,255.69,242.91 - 255.69,290.49,291.84,290.49 - 291.84,Pérdida del soporte en 242.91 | ROE negativo durante 2 trimestres consecutivos | Ampliación de capital dilutiva | Recorte de rating a bono basura,12-18,"McDonald's Corporation está un 25.2% por debajo de su máximo 52s. Fundamentalmente sólida con deuda neta/EBITDA 3.6x, dividendo 2.9%. Técnicamente 🟢 Divergencia alcista RSI, 🟢 base_pattern_detected. Clasificación: entrada_escalada.","McDonald's Corporation está un 25.2% por debajo de su máximo 52s. Fundamentalmente sólida con deuda neta/EBITDA 3.6x, dividendo 2.9%. Técnicamente 🟢 Divergencia alcista RSI, 🟢 base_pattern_detected. Clasificación: entrada_escalada.",🟢 Divergencia alcista RSI | 🟢 base_pattern_detected,2.91,11,20,False,59.7,,4598893.0,53782001280.0,3.6,-0.5,gross,57.4,57.4,0.0,,180937.0,20.8,-176.83,15.72,25.2,23.7,-12.4,35.7,False,False,-9.1258,False,1.2,14.4,False,291.68,-12.3,True,False,43,12,1.11,,False
42,RNO.PA,RENAULT,EUROSTOXX,Consumer Cyclical,Auto Manufacturers,France,EUR,29.14,1.0,script-v2.0,1.0,2026-09-05T11:49:47.685565+02:00,64.6,60.1,35,82,0,4,78,seguimiento,seguimiento,Sin señales de recuperación,True,pass,pendiente,0,desconocido,Pendiente de implementar,ausente,"dividend_maintained (baja): Dividendo actual 7.55% con caída del 23.3% | analyst_upgrade (media): Target 38.54 vs precio 29.14 (+32%), recMean 2.35, recKey buy",fuerte,seguimiento,26.56,27.39,26.56 - 27.39,28.86,32.27,28.86 - 32.27,Pérdida del soporte en 26.56 | ROE negativo durante 2 trimestres consecutivos | Ampliación de capital dilutiva | Recorte de rating a bono basura,6-12,"RENAULT está un 23.3% por debajo de su máximo 52s. Fundamentalmente sólida con ROE 5.0%, deuda neta/EBITDA 8.2x. Técnicamente 🟢 Cruce alcista MACD, 🟢 Volumen creciente. Clasificación: seguimiento.","RENAULT está un 23.3% por debajo de su máximo 52s. Fundamentalmente sólida con ROE 5.0%, deuda neta/EBITDA 8.2x. Técnicamente 🟢 Cruce alcista MACD, 🟢 Volumen creciente. Clasificación: seguimiento.",🟢 Cruce alcista MACD | 🟢 Volumen creciente | 🟢 MACD semanal girando al alza | 🟡 Apoyo en MA40 semanal | 🟢 base_pattern_detected | 🟡 trendline_break,7.55,8,4,False,67.3,3.28,1432019.0,51081000960.0,8.23,5.6,,17.9,,,5.0,8432.0,8.9,0.41,9.83,23.3,38.3,1.0,55.9,True,True,-0.224,True,70.1,51.4,False,28.9,0.8,True,True,45,33,1.39,26.56,True
43,WKL.AS,WOLTERS KLUWER,EUROSTOXX,Industrials,Specialty Business Services,Netherlands,EUR,68.86,1.0,script-v2.0,1.0,2026-09-05T11:49:52.425225+02:00,64.5,68.3,72,65,0,7,53,seguimiento,seguimiento,,True,pass,pendiente,0,desconocido,Pendiente de implementar,parcial,"eps_stabilization (media): EPS 5.64 vs 4.52 (annual_eps_fallback) | dividend_maintained (baja): Dividendo actual 3.78% con caída del 41.3% | analyst_upgrade (media): Target 89.43 vs precio 68.86 (+30%), recMean 1.73, recKey buy",razonable,seguimiento,65.09,66.67,65.09 - 66.67,68.22,99.75,68.22 - 99.75,Pérdida del soporte en 66.67 | ROE negativo durante 2 trimestres consecutivos | Ampliación de capital dilutiva | Recorte de rating a bono basura,18-24,"WOLTERS KLUWER está un 41.3% por debajo de su máximo 52s. Fundamentalmente sólida con ROE 146.1%, deuda neta/EBITDA 2.1x. Técnicamente 🟢 Cerca de soporte, 🟡 Apoyo en MA40 semanal. Clasificación: seguimiento.","WOLTERS KLUWER está un 41.3% por debajo de su máximo 52s. Fundamentalmente sólida con ROE 146.1%, deuda neta/EBITDA 2.1x. Técnicamente 🟢 Cerca de soporte, 🟡 Apoyo en MA40 semanal. Clasificación: seguimiento.",🟢 Cerca de soporte | 🟡 Apoyo en MA40 semanal | 🟢 base_pattern_detected | 🟡 trendline_break,3.78,11,20,False,43.0,5.9,1148792.0,4054000256.0,2.08,36.4,,74.1,,,146.1,15327.0,11.8,19.52,9.98,41.3,59.8,0.9,52.4,False,False,-1.2519,False,44.8,50.7,False,67.7,1.7,True,True,30,23,1.2,66.67,True
44,MUV2.DE,MUENCHENER RUECKVERS.-GES. AG N,EUROSTOXX,Financial Services,Insurance - Reinsurance,Germany,EUR,527.6,1.0,script-v2.0,1.0,2026-09-05T11:49:26.596487+02:00,64.3,63.8,99,33,0,7,66,seguimiento,seguimiento,,True,pass,pendiente,0,desconocido,Pendiente de implementar,parcial,margin_stabilization (media): Margen operating 15.6% vs 13.7% (+1.9 pp) | eps_stabilization (media): EPS 17.50 vs 13.41 (Diluted EPS) | dividend_maintained (baja): Dividendo actual 4.55% con caída del 8.3%,razonable,seguimiento,504.1,512.79,504.10 - 512.79,489.26,504.6,489.26 - 504.60,Pérdida del soporte en 504.10 | ROE negativo durante 2 trimestres consecutivos | Ampliación de capital dilutiva | Recorte de rating a bono basura,6-12,"MUENCHENER RUECKVERS.-GES. AG N está un 8.3% por debajo de su máximo 52s. Fundamentalmente sólida con ROE 21.3%, D/E 0.24. Técnicamente 🟢 Cruce alcista MACD, 🟢 Cerca de soporte. Clasificación: seguimiento.","MUENCHENER RUECKVERS.-GES. AG N está un 8.3% por debajo de su máximo 52s. Fundamentalmente sólida con ROE 21.3%, D/E 0.24. Técnicamente 🟢 Cruce alcista MACD, 🟢 Cerca de soporte. Clasificación: seguimiento.",🟢 Cruce alcista MACD | 🟢 Cerca de soporte | 🟢 base_pattern_detected | 🟡 trendline_break,4.55,11,20,False,44.6,0.24,274941.0,2403000320.0,,9.4,operating,17.3,14.9,2.4,21.3,66380.0,9.8,1.98,,8.3,9.6,4.6,62.2,True,False,4.821,False,82.5,81.2,False,504.74,4.5,True,True,48,18,1.17,504.1,True
45,9021.T,WEST JAPAN RAILWAY CO,ASIA,Industrials,Railroads,Japan,JPY,3020.0,1.0,script-v2.0,1.0,2026-09-05T11:51:37.214759+02:00,64.1,68.1,82,56,0,1,52,seguimiento,seguimiento,Sin señales de recuperación,True,pass,pendiente,0,desconocido,Pendiente de implementar,ausente,dividend_maintained (baja): Dividendo actual 3.23% con caída del 14.4%,razonable,seguimiento,2814.5,2925.62,2814.50 - 2925.62,2985.08,2998.8,2985.08 - 2998.80,Pérdida del soporte en 2814.50 | ROE negativo durante 2 trimestres consecutivos | Ampliación de capital dilutiva | Recorte de rating a bono basura,6-12,"WEST JAPAN RAILWAY CO está un 14.4% por debajo de su máximo 52s. Fundamentalmente sólida con ROE 9.3%, deuda neta/EBITDA 3.7x. Técnicamente 🟢 MACD semanal girando al alza, 🟡 Apoyo en MA40 semanal. Clasificación: seguimiento.","WEST JAPAN RAILWAY CO está un 14.4% por debajo de su máximo 52s. Fundamentalmente sólida con ROE 9.3%, deuda neta/EBITDA 3.7x. Técnicamente 🟢 MACD semanal girando al alza, 🟡 Apoyo en MA40 semanal. Clasificación: seguimiento.",🟢 MACD semanal girando al alza | 🟡 Apoyo en MA40 semanal | 🟢 base_pattern_detected | 🟡 trendline_break,3.23,11,20,False,35.1,1.15,2756001.0,1360837033984.0,3.67,6.6,,24.8,,,9.3,1374353.0,10.9,1.12,7.73,14.4,13.0,1.2,59.0,False,False,-3.9063,True,85.4,79.1,False,2984.65,1.2,True,True,19,33,0.97,2814.5,True
46,0066.HK,MTR CORPORATION,ASIA,Industrials,Railroads,Hong Kong,HKD,32.94,1.0,script-v2.0,1.0,2026-09-05T11:51:44.570683+02:00,64.1,71.1,93,52,0,1,43,seguimiento,seguimiento,Sin señales de recuperación,True,pass,pendiente,0,desconocido,Pendiente de implementar,ausente,dividend_maintained (baja): Dividendo actual 3.98% con caída del 13.0%,incompleto,seguimiento,31.05,31.96,31.05 - 31.96,31.65,32.2,31.65 - 32.20,Pérdida del soporte en 31.05 | ROE negativo durante 2 trimestres consecutivos | Ampliación de capital dilutiva | Recorte de rating a bono basura,6-12,"MTR CORPORATION está un 13.0% por debajo de su máximo 52s. Fundamentalmente sólida con ROE 11.1%, deuda neta/EBITDA 1.6x. Técnicamente 🟡 MACD convergiendo, 🟢 base_pattern_detected. Clasificación: seguimiento.","MTR CORPORATION está un 13.0% por debajo de su máximo 52s. Fundamentalmente sólida con ROE 11.1%, deuda neta/EBITDA 1.6x. Técnicamente 🟡 MACD convergiendo, 🟢 base_pattern_detected. Clasificación: seguimiento.",🟡 MACD convergiendo | 🟢 base_pattern_detected | 🟡 trendline_break,3.98,11,20,False,35.7,0.75,5725571.0,56487010304.0,1.6,119.5,,35.9,,,11.1,204695.0,9.0,1.0,7.44,13.0,9.5,4.1,57.0,False,True,0.4395,False,72.5,44.7,False,31.88,3.3,True,True,25,18,0.83,31.05,True
47,AVGO,Broadcom Inc.,SP500,Technology,Semiconductors,United States,USD,357.895,1.0,script-v2.0,1.0,2026-09-05T11:51:08.590940+02:00,64.0,61.6,100,28,0,15,71,entrada_directa,entrada_directa,,False,pass,pendiente,0,desconocido,Pendiente de implementar,confirmada,"margin_stabilization (media): Margen gross 69.5% vs 68.1% (+1.3 pp) | eps_stabilization (media): EPS 1.91 vs 1.50 (Diluted EPS) | debt_reduction (alta): Deuda 59419.0M vs 66057.0M | dividend_maintained (baja): Dividendo actual 0.73% con caída del 27.7% | analyst_upgrade (media): Target 533.41 vs precio 357.89 (+49%), recMean 1.27, recKey strong_buy",fuerte,entrada_directa,307.38,357.9,307.38 - 357.90,369.03,420.75,369.03 - 420.75,Pérdida del soporte en 307.38 | ROE negativo durante 2 trimestres consecutivos | Ampliación de capital dilutiva | Recorte de rating a bono basura,12-18,"Broadcom Inc. está un 27.7% por debajo de su máximo 52s. Fundamentalmente sólida con ROE 44.2%, deuda neta/EBITDA 0.7x. Técnicamente 🟡 MACD convergiendo, 🟢 Volumen creciente. Clasificación: entrada_directa.","Broadcom Inc. está un 27.7% por debajo de su máximo 52s. Fundamentalmente sólida con ROE 44.2%, deuda neta/EBITDA 0.7x. Técnicamente 🟡 MACD convergiendo, 🟢 Volumen creciente. Clasificación: entrada_directa.",🟡 MACD convergiendo | 🟢 Volumen creciente | 🟡 Apoyo en MA40 semanal | 🟢 base_pattern_detected,0.73,11,17,False,32.4,0.6,24443645.0,35444000768.0,0.68,-10.0,gross,75.5,68.2,7.3,44.2,1702714.0,45.5,17.11,33.45,27.7,27.6,-3.0,38.1,False,True,4.3301,False,35.8,29.8,False,367.44,-2.6,True,False,54,17,1.87,307.38,False
48,RIO.L,RIO TINTO PLC ORD 10P,EUROSTOXX,Basic Materials,Other Industrial Metals & Mining,United Kingdom,GBp,7641.0,1.0,script-v2.0,1.0,2026-09-05T11:50:13.211166+02:00,63.6,72.8,100,49,0,6,36,pendiente_confirmacion,pendiente_confirmacion,,True,pass,pendiente,0,desconocido,Pendiente de implementar,parcial,debt_reduction (alta): Deuda 22852.0M vs 23517.0M | dividend_maintained (baja): Dividendo actual 0.05% con caída del 16.2%,incompleto,pendiente_confirmacion,7173.82,7209.74,7173.82 - 7209.74,6928.69,7749.45,6928.69 - 7749.45,Pérdida del soporte en 7209.74 | ROE negativo durante 2 trimestres consecutivos | Ampliación de capital dilutiva | Recorte de rating a bono basura,6-12,"RIO TINTO PLC ORD 10P está un 16.2% por debajo de su máximo 52s. Fundamentalmente sólida con ROE 19.3%, deuda neta/EBITDA 0.6x. Técnicamente 🟢 Divergencia alcista RSI, 🟢 base_pattern_detected. Clasificación: pendiente_confirmacion.","RIO TINTO PLC ORD 10P está un 16.2% por debajo de su máximo 52s. Fundamentalmente sólida con ROE 19.3%, deuda neta/EBITDA 0.6x. Técnicamente 🟢 Divergencia alcista RSI, 🟢 base_pattern_detected. Clasificación: pendiente_confirmacion.",🟢 Divergencia alcista RSI | 🟢 base_pattern_detected,0.05,11,20,False,54.9,0.32,3037578.0,13344999424.0,0.58,-2.8,,29.8,,,19.3,124270.0,14.0,2.59,6.28,16.2,16.2,10.3,60.4,False,False,211.2117,False,78.6,74.6,False,6978.92,9.5,True,False,24,12,0.54,7209.74,True
49,EOAN.DE,E.ON SE                       N,EUROSTOXX,Utilities,Utilities - Diversified,Germany,EUR,17.5,1.0,script-v2.0,1.0,2026-09-05T11:49:24.233770+02:00,63.4,61.5,94,33,0,4,69,seguimiento,seguimiento,Sin señales de recuperación,True,pass,pendiente,0,desconocido,Pendiente de implementar,ausente,eps_stabilization (media): EPS 0.85 vs -0.02 (Diluted EPS) | dividend_maintained (baja): Dividendo actual 3.26% con caída del 14.2%,razonable,seguimiento,16.62,17.5,16.62 - 17.50,17.33,17.74,17.33 - 17.74,Pérdida del soporte en 16.62 | ROE negativo durante 2 trimestres consecutivos | Ampliación de capital dilutiva | Recorte de rating a bono basura,6-12,"E.ON SE                       N está un 14.2% por debajo de su máximo 52s. Fundamentalmente sólida con ROE 15.5%, deuda neta/EBITDA 3.9x. Técnicamente 🟢 Cruce alcista MACD, 🟡 Apoyo en MA40 semanal. Clasificación: seguimiento.","E.ON SE                       N está un 14.2% por debajo de su máximo 52s. Fundamentalmente sólida con ROE 15.5%, deuda neta/EBITDA 3.9x. Técnicamente 🟢 Cruce alcista MACD, 🟡 Apoyo en MA40 semanal. Clasificación: seguimiento.",🟢 Cruce alcista MACD | 🟡 Apoyo en MA40 semanal | 🟢 base_pattern_detected,3.26,11,20,False,44.2,1.53,4279771.0,38529999872.0,3.87,,gross,24.9,28.7,-3.8,15.5,45729.0,13.6,2.16,9.14,14.2,11.6,-1.3,39.6,True,False,0.1076,False,33.6,29.4,False,17.83,-1.9,True,False,52,17,0.74,,False
50,SHEL.L,SHELL PLC ORD EUR0.07,EUROSTOXX,Energy,Oil & Gas Integrated,United Kingdom,GBp,3437.0,1.0,script-v2.0,1.0,2026-09-05T11:50:08.558106+02:00,63.4,64.9,98,36,0,12,59,entrada_escalada,entrada_escalada,,True,pass,pendiente,0,desconocido,Pendiente de implementar,confirmada,margin_stabilization (media): Margen gross 19.5% vs 19.3% (+0.2 pp) | eps_stabilization (media): EPS 1.92 vs 1.00 (Diluted EPS) | debt_reduction (alta): Deuda 73076.0M vs 75644.0M | dividend_maintained (baja): Dividendo actual 0.03% con caída del 8.6%,razonable,entrada_escalada,3238.5,3431.29,3238.50 - 3431.29,3083.67,3194.72,3083.67 - 3194.72,Pérdida del soporte en 3431.29 | ROE negativo durante 2 trimestres consecutivos | Ampliación de capital dilutiva | Recorte de rating a bono basura,6-12,"SHELL PLC ORD EUR0.07 está un 8.6% por debajo de su máximo 52s. Fundamentalmente sólida con ROE 14.3%, deuda neta/EBITDA 0.7x. Técnicamente 🟡 MACD convergiendo, 🟢 Volumen creciente. Clasificación: entrada_escalada.","SHELL PLC ORD EUR0.07 está un 8.6% por debajo de su máximo 52s. Fundamentalmente sólida con ROE 14.3%, deuda neta/EBITDA 0.7x. Técnicamente 🟡 MACD convergiendo, 🟢 Volumen creciente. Clasificación: entrada_escalada.",🟡 MACD convergiendo | 🟢 Volumen creciente | 🟢 Cerca de soporte | 🟢 base_pattern_detected | 🟡 trendline_break,0.03,11,20,False,32.8,0.4,9527400.0,41701998592.0,0.72,-3.4,gross,26.1,16.8,9.3,14.3,196649.0,10.3,1.44,4.07,8.6,8.5,11.5,60.5,False,True,89.9104,False,78.6,81.0,False,3097.43,11.0,True,True,41,18,1.65,3431.29,True
51,GIS,"General Mills, Inc.",SP500,Consumer Defensive,Packaged Foods,United States,USD,38.29,1.0,script-v2.0,1.0,2026-09-05T11:51:03.323199+02:00,63.1,64.5,64,65,0,9,59,seguimiento,seguimiento,,True,pass,pendiente,0,desconocido,Pendiente de implementar,parcial,margin_stabilization (media): Margen gross 34.8% vs 30.8% (+4.0 pp) | debt_reduction (alta): Deuda 0.0M vs 13967.7M | dividend_maintained (baja): Dividendo actual 6.37% con caída del 25.4%,razonable,seguimiento,37.68,37.69,37.68 - 37.69,38.9,43.63,38.90 - 43.63,Pérdida del soporte en 37.68 | ROE negativo durante 2 trimestres consecutivos | Ampliación de capital dilutiva | Recorte de rating a bono basura,12-18,"General Mills, Inc. está un 25.4% por debajo de su máximo 52s. Fundamentalmente sólida con ROE -1.0%, deuda neta/EBITDA -0.1x. Técnicamente 🟢 Cerca de soporte, 🟡 Apoyo en MA40 semanal. Clasificación: seguimiento.","General Mills, Inc. está un 25.4% por debajo de su máximo 52s. Fundamentalmente sólida con ROE -1.0%, deuda neta/EBITDA -0.1x. Técnicamente 🟢 Cerca de soporte, 🟡 Apoyo en MA40 semanal. Clasificación: seguimiento.",🟢 Cerca de soporte | 🟡 Apoyo en MA40 semanal | 🟢 base_pattern_detected | 🟡 trendline_break,6.37,11,20,False,59.4,2.18,9779600.0,-399000000.0,-0.12,-100.0,gross,33.7,33.6,0.1,-1.0,20471.0,11.9,3.7,6.79,25.4,44.2,-1.6,46.1,False,False,-0.0619,False,13.5,37.5,False,38.73,-1.1,True,True,36,23,1.1,37.68,True
52,4503.T,ASTELLAS PHARMA,ASIA,Healthcare,Drug Manufacturers - General,Japan,JPY,2355.5,1.0,script-v2.0,1.0,2026-09-05T11:51:30.991809+02:00,63.0,69.6,100,43,0,9,43,pendiente_confirmacion,pendiente_confirmacion,,True,pass,pendiente,0,desconocido,Pendiente de implementar,parcial,eps_stabilization (media): EPS 78.96 vs 38.11 (Diluted EPS) | debt_reduction (alta): Deuda 589870.0M vs 831426.0M | dividend_maintained (baja): Dividendo actual 3.40% con caída del 13.3%,incompleto,pendiente_confirmacion,2254.04,2290.5,2254.04 - 2290.50,2250.96,2309.45,2250.96 - 2309.45,Pérdida del soporte en 2290.50 | ROE negativo durante 2 trimestres consecutivos | Ampliación de capital dilutiva | Recorte de rating a bono basura,6-12,"ASTELLAS PHARMA está un 13.3% por debajo de su máximo 52s. Fundamentalmente sólida con ROE 21.3%, deuda neta/EBITDA 0.5x. Técnicamente 🟢 Cerca de soporte, 🟢 base_pattern_detected. Clasificación: pendiente_confirmacion.","ASTELLAS PHARMA está un 13.3% por debajo de su máximo 52s. Fundamentalmente sólida con ROE 21.3%, deuda neta/EBITDA 0.5x. Técnicamente 🟢 Cerca de soporte, 🟢 base_pattern_detected. Clasificación: pendiente_confirmacion.",🟢 Cerca de soporte | 🟢 base_pattern_detected | 🟡 trendline_break,3.4,11,20,False,48.1,0.3,6483519.0,345172000768.0,0.52,-29.1,,80.8,,,21.3,4223444.0,14.9,2.17,6.83,13.3,13.3,4.6,52.3,False,False,37.7833,False,51.5,67.0,False,2280.95,3.3,True,True,25,18,0.91,2290.5,True
53,DTE.DE,DEUTSCHE TELEKOM AG           N,EUROSTOXX,Communication Services,Telecom Services,Germany,EUR,28.4,1.0,script-v2.0,1.0,2026-09-05T11:49:23.967462+02:00,62.8,66.0,82,52,0,10,53,seguimiento,seguimiento,,True,pass,pendiente,0,desconocido,Pendiente de implementar,parcial,"margin_stabilization (media): Margen gross 63.2% vs 62.1% (+1.1 pp) | eps_stabilization (media): EPS 0.51 vs 0.42 (Diluted EPS) | dividend_maintained (baja): Dividendo actual 3.52% con caída del 17.3% | analyst_upgrade (media): Target 36.93 vs precio 28.40 (+30%), recMean 1.44, recKey strong_buy",razonable,seguimiento,27.09,27.37,27.09 - 27.37,28.24,29.21,28.24 - 29.21,Pérdida del soporte en 27.09 | ROE negativo durante 2 trimestres consecutivos | Ampliación de capital dilutiva | Recorte de rating a bono basura,6-12,"DEUTSCHE TELEKOM AG           N está un 17.3% por debajo de su máximo 52s. Fundamentalmente sólida con ROE 15.1%, deuda neta/EBITDA 3.3x. Técnicamente 🟢 Cerca de soporte, 🟡 Apoyo en MA40 semanal. Clasificación: seguimiento.","DEUTSCHE TELEKOM AG           N está un 17.3% por debajo de su máximo 52s. Fundamentalmente sólida con ROE 15.1%, deuda neta/EBITDA 3.3x. Técnicamente 🟢 Cerca de soporte, 🟡 Apoyo en MA40 semanal. Clasificación: seguimiento.",🟢 Cerca de soporte | 🟡 Apoyo en MA40 semanal | 🟢 base_pattern_detected | 🟡 trendline_break,3.52,11,20,False,56.2,1.65,6437185.0,141382993408.0,3.31,2.8,gross,44.9,61.1,-16.2,15.1,135826.0,16.0,2.27,7.19,17.3,16.0,0.6,51.2,False,False,-0.1112,False,40.1,48.6,False,28.36,0.1,True,True,30,23,1.19,27.09,True
54,HEIA.AS,HEINEKEN,EUROSTOXX,Consumer Defensive,Beverages - Brewers,Netherlands,EUR,73.02,1.0,script-v2.0,1.0,2026-09-05T11:49:49.271878+02:00,62.8,67.7,89,49,0,7,48,seguimiento,seguimiento,,True,pass,pendiente,0,desconocido,Pendiente de implementar,parcial,"eps_stabilization (media): EPS 3.38 vs 1.74 (annual_eps_fallback) | dividend_maintained (baja): Dividendo actual 2.63% con caída del 9.2% | analyst_upgrade (media): Target 89.09 vs precio 73.02 (+22%), recKey none",razonable,seguimiento,72.81,73.02,72.81 - 73.02,68.37,70.36,68.37 - 70.36,Pérdida del soporte en 72.81 | ROE negativo durante 2 trimestres consecutivos | Ampliación de capital dilutiva | Recorte de rating a bono basura,6-12,"HEINEKEN está un 9.2% por debajo de su máximo 52s. Fundamentalmente sólida con ROE 12.1%, deuda neta/EBITDA 3.2x. Técnicamente 🟢 Cruce alcista MACD, 🟢 Cerca de soporte. Clasificación: seguimiento.","HEINEKEN está un 9.2% por debajo de su máximo 52s. Fundamentalmente sólida con ROE 12.1%, deuda neta/EBITDA 3.2x. Técnicamente 🟢 Cruce alcista MACD, 🟢 Cerca de soporte. Clasificación: seguimiento.",🟢 Cruce alcista MACD | 🟢 Cerca de soporte,2.63,11,20,False,46.3,0.95,835836.0,17812999680.0,3.22,17.4,,37.0,,,12.1,40515.0,17.8,2.09,10.92,9.2,9.8,3.8,46.2,True,False,1.3307,False,72.3,65.3,False,70.47,3.6,False,False,48,0,0.63,72.81,True
55,005930.KS,SamsungElec,ASIA,Technology,Consumer Electronics,South Korea,KRW,255500.0,1.0,script-v2.0,1.0,2026-09-05T11:51:48.354748+02:00,62.8,67.3,78,58,0,15,49,entrada_escalada,entrada_escalada,,True,pass,pendiente,0,desconocido,Pendiente de implementar,confirmada,"margin_stabilization (media): Margen gross 61.2% vs 47.2% (+14.0 pp) | eps_stabilization (media): EPS 7056.00 vs 1801.00 (Diluted EPS) | debt_reduction (alta): Deuda 22408721.3M vs 25239139.0M | dividend_maintained (baja): Dividendo actual 0.59% con caída del 31.8% | analyst_upgrade (media): Target 472178.47 vs precio 255500.00 (+85%), recMean 1.35, recKey strong_buy",razonable,entrada_escalada,244900.0,255500.0,244900.00 - 255500.00,211370.99,318325.0,211370.99 - 318325.00,Pérdida del soporte en 244900.00 | ROE negativo durante 2 trimestres consecutivos | Ampliación de capital dilutiva | Recorte de rating a bono basura,12-18,"SamsungElec está un 31.8% por debajo de su máximo 52s. Fundamentalmente sólida con ROE 30.8%, deuda neta/EBITDA -0.7x. Técnicamente 🟢 Divergencia alcista RSI, 🟢 Cerca de soporte. Clasificación: entrada_escalada.","SamsungElec está un 31.8% por debajo de su máximo 52s. Fundamentalmente sólida con ROE 30.8%, deuda neta/EBITDA -0.7x. Técnicamente 🟢 Divergencia alcista RSI, 🟢 Cerca de soporte. Clasificación: entrada_escalada.",🟢 Divergencia alcista RSI | 🟢 Cerca de soporte | 🟢 base_pattern_detected,0.59,11,20,False,7.5,3.87,27912493.0,-167590313852928.0,-0.74,-11.2,gross,57.5,45.4,12.1,30.8,1677756899.0,3.7,,6.71,31.8,31.7,20.9,48.8,False,False,17034.7338,False,27.8,18.7,False,221385.81,15.4,True,False,37,12,0.67,244900.0,False
56,BA.L,BAE SYSTEMS PLC ORD 2.5P,EUROSTOXX,Industrials,Aerospace & Defense,United Kingdom,GBp,1956.5,1.0,script-v2.0,1.0,2026-09-05T11:50:16.254942+02:00,62.3,60.7,97,29,0,4,67,seguimiento,seguimiento,Sin señales de recuperación,False,pass,pendiente,0,desconocido,Pendiente de implementar,ausente,eps_stabilization (media): EPS 0.68 vs 0.64 (annual_eps_fallback) | dividend_maintained (baja): Dividendo actual 0.02% con caída del 17.1%,razonable,seguimiento,1883.5,1956.5,1883.50 - 1956.50,1989.89,2006.0,1989.89 - 2006.00,Pérdida del soporte en 1883.50 | ROE negativo durante 2 trimestres consecutivos | Ampliación de capital dilutiva | Recorte de rating a bono basura,6-12,"BAE SYSTEMS PLC ORD 2.5P está un 17.1% por debajo de su máximo 52s. Fundamentalmente sólida con ROE 18.6%, deuda neta/EBITDA 1.3x. Técnicamente 🔵 RSI en sobreventa, 🟢 Cerca de soporte. Clasificación: seguimiento.","BAE SYSTEMS PLC ORD 2.5P está un 17.1% por debajo de su máximo 52s. Fundamentalmente sólida con ROE 18.6%, deuda neta/EBITDA 1.3x. Técnicamente 🔵 RSI en sobreventa, 🟢 Cerca de soporte. Clasificación: seguimiento.",🔵 RSI en sobreventa | 🟢 Cerca de soporte | 🟡 Apoyo en MA40 semanal | 🟢 base_pattern_detected,0.02,11,20,False,52.0,0.73,6443444.0,4953000448.0,1.32,1.1,,13.3,,,18.6,57300.0,27.9,4.73,16.97,17.1,17.1,-1.7,31.5,False,False,23.5444,False,0.8,3.3,False,2003.4,-2.3,True,False,50,17,0.91,1883.5,True
57,005380.KS,HyundaiMtr,ASIA,Consumer Cyclical,Auto Manufacturers,South Korea,KRW,383500.0,1.0,script-v2.0,1.0,2026-09-05T11:51:50.890373+02:00,61.4,62.2,59,65,0,10,59,seguimiento,seguimiento,,True,pass,pendiente,0,desconocido,Pendiente de implementar,parcial,"margin_stabilization (media): Margen gross 17.5% vs 16.7% (+0.7 pp) | eps_stabilization (media): EPS 8897.00 vs 8683.00 (Diluted EPS) | dividend_maintained (baja): Dividendo actual 2.61% con caída del 51.0% | analyst_upgrade (media): Target 660691.50 vs precio 383500.00 (+72%), recMean 1.66, recKey buy",razonable,seguimiento,381587.93,383500.0,381587.93 - 383500.00,459860.34,665550.0,459860.34 - 665550.00,Pérdida del soporte en 381587.93 | ROE negativo durante 2 trimestres consecutivos | Ampliación de capital dilutiva | Recorte de rating a bono basura,18-24,"HyundaiMtr está un 51.0% por debajo de su máximo 52s. Fundamentalmente sólida con ROE 7.2%, deuda neta/EBITDA 7.8x. Técnicamente 🟢 Divergencia alcista RSI, 🟢 Cerca de soporte. Clasificación: seguimiento.","HyundaiMtr está un 51.0% por debajo de su máximo 52s. Fundamentalmente sólida con ROE 7.2%, deuda neta/EBITDA 7.8x. Técnicamente 🟢 Divergencia alcista RSI, 🟢 Cerca de soporte. Clasificación: seguimiento.",🟢 Divergencia alcista RSI | 🟢 Cerca de soporte | 🟢 base_pattern_detected,2.61,11,20,False,32.2,1.41,887651.0,102580327809024.0,7.79,7.9,gross,17.4,17.7,-0.3,7.2,100413366.0,7.9,,16.43,51.0,50.7,-16.6,40.3,False,False,-21839.6926,False,11.0,8.1,False,479323.13,-20.0,True,False,47,12,0.93,381587.93,False
58,DSY.PA,DASSAULT SYSTEMES,EUROSTOXX,Technology,Software - Application,France,EUR,21.02,1.0,script-v2.0,1.0,2026-09-05T11:49:47.166980+02:00,61.0,67.3,94,44,0,7,42,pendiente_confirmacion,pendiente_confirmacion,,True,pass,pendiente,0,desconocido,Pendiente de implementar,parcial,margin_stabilization (media): Margen gross 84.1% vs 84.0% (+0.1 pp) | eps_stabilization (media): EPS 0.22 vs 0.22 (Diluted EPS) | dividend_maintained (baja): Dividendo actual 1.28% con caída del 30.8%,incompleto,pendiente_confirmacion,20.4,20.81,20.40 - 20.81,20.15,25.81,20.15 - 25.81,Pérdida del soporte en 20.81 | ROE negativo durante 2 trimestres consecutivos | Ampliación de capital dilutiva | Recorte de rating a bono basura,12-18,"DASSAULT SYSTEMES está un 30.8% por debajo de su máximo 52s. Fundamentalmente sólida con ROE 15.1%, deuda neta/EBITDA -1.4x. Técnicamente 🟢 Cerca de soporte, 🟡 trendline_break. Clasificación: pendiente_confirmacion.","DASSAULT SYSTEMES está un 30.8% por debajo de su máximo 52s. Fundamentalmente sólida con ROE 15.1%, deuda neta/EBITDA -1.4x. Técnicamente 🟢 Cerca de soporte, 🟡 trendline_break. Clasificación: pendiente_confirmacion.",🟢 Cerca de soporte | 🟡 trendline_break,1.28,11,20,False,27.8,0.36,2013085.0,-2282400000.0,-1.36,36.2,gross,84.2,84.2,0.0,15.1,27621.0,21.7,2.99,15.18,30.8,47.9,4.3,43.7,False,False,0.3065,False,0.5,34.8,False,20.06,4.8,False,True,36,6,1.03,20.81,True
59,DUK,Duke Energy Corporation (Holdin,SP500,Utilities,Utilities - Regulated Electric,United States,USD,120.22,1.0,script-v2.0,1.0,2026-09-05T11:50:52.580672+02:00,60.8,63.5,88,42,0,4,53,seguimiento,seguimiento,Sin señales de recuperación,True,pass,pendiente,0,desconocido,Pendiente de implementar,ausente,margin_stabilization (media): Margen gross 54.8% vs 48.8% (+6.0 pp) | dividend_maintained (baja): Dividendo actual 3.61% con caída del 10.6%,razonable,seguimiento,114.21,120.22,114.21 - 120.22,114.32,122.34,114.32 - 122.34,Pérdida del soporte en 114.21 | ROE negativo durante 2 trimestres consecutivos | Ampliación de capital dilutiva | Recorte de rating a bono basura,6-12,"Duke Energy Corporation (Holdin está un 10.6% por debajo de su máximo 52s. Fundamentalmente sólida con ROE 9.9%, deuda neta/EBITDA 5.5x. Técnicamente 🔵 RSI recuperándose de sobreventa, 🟡 Apoyo en MA40 semanal. Clasificación: seguimiento.","Duke Energy Corporation (Holdin está un 10.6% por debajo de su máximo 52s. Fundamentalmente sólida con ROE 9.9%, deuda neta/EBITDA 5.5x. Técnicamente 🔵 RSI recuperándose de sobreventa, 🟡 Apoyo en MA40 semanal. Clasificación: seguimiento.",🔵 RSI recuperándose de sobreventa | 🟡 Apoyo en MA40 semanal | 🟢 base_pattern_detected,3.61,11,20,False,64.2,1.62,4011734.0,91532998080.0,5.51,1.1,gross,52.0,51.4,0.6,9.9,93736.0,18.3,1.74,11.34,10.6,9.0,-1.7,41.8,False,False,-0.2758,False,17.8,25.5,False,122.54,-1.9,True,False,36,17,0.81,,False
60,0006.HK,POWER ASSETS,ASIA,Utilities,Utilities - Independent Power Producers,Hong Kong,HKD,60.3,1.0,script-v2.0,1.0,2026-09-05T11:51:43.412878+02:00,60.4,61.2,90,36,0,4,58,seguimiento,seguimiento,Sin señales de recuperación,True,pass,pendiente,0,desconocido,Pendiente de implementar,ausente,eps_stabilization (media): EPS 2.82 vs 2.65 (annual_eps_fallback) | dividend_maintained (baja): Dividendo actual 4.68% con caída del 10.1%,razonable,seguimiento,56.82,58.87,56.82 - 58.87,56.99,57.9,56.99 - 57.90,Pérdida del soporte en 56.82 | ROE negativo durante 2 trimestres consecutivos | Ampliación de capital dilutiva | Recorte de rating a bono basura,6-12,"POWER ASSETS está un 10.1% por debajo de su máximo 52s. Fundamentalmente sólida con ROE 18.6%, deuda neta/EBITDA -111.1x. Técnicamente 🟡 MACD convergiendo, 🟡 Apoyo en MA40 semanal. Clasificación: seguimiento.","POWER ASSETS está un 10.1% por debajo de su máximo 52s. Fundamentalmente sólida con ROE 18.6%, deuda neta/EBITDA -111.1x. Técnicamente 🟡 MACD convergiendo, 🟡 Apoyo en MA40 semanal. Clasificación: seguimiento.",🟡 MACD convergiendo | 🟡 Apoyo en MA40 semanal | 🟢 base_pattern_detected | 🟡 trendline_break,4.68,11,20,False,33.6,2.69,3144597.0,-42506999808.0,-111.13,10.4,,100.0,,,18.6,128506.0,7.2,1.25,224.83,10.1,7.1,4.1,54.5,False,True,0.6999,False,40.3,34.7,False,58.68,2.8,True,True,35,23,1.11,56.82,True
61,7751.T,CANON INC,ASIA,Technology,Computer Hardware,Japan,JPY,4615.0,1.0,script-v2.0,1.0,2026-09-05T11:51:34.661299+02:00,59.9,68.5,92,48,0,1,34,seguimiento,seguimiento,Sin señales de recuperación,True,pass,pendiente,0,desconocido,Pendiente de implementar,ausente,dividend_maintained (baja): Dividendo actual 3.47% con caída del 8.3%,incompleto,seguimiento,4242.96,4478.32,4242.96 - 4478.32,4278.05,4413.39,4278.05 - 4413.39,Pérdida del soporte en 4242.96 | ROE negativo durante 2 trimestres consecutivos | Ampliación de capital dilutiva | Recorte de rating a bono basura,6-12,"CANON INC está un 8.3% por debajo de su máximo 52s. Fundamentalmente sólida con ROE 10.4%, deuda neta/EBITDA 0.7x. Técnicamente 🟢 base_pattern_detected, 🟡 trendline_break. Clasificación: seguimiento.","CANON INC está un 8.3% por debajo de su máximo 52s. Fundamentalmente sólida con ROE 10.4%, deuda neta/EBITDA 0.7x. Técnicamente 🟢 base_pattern_detected, 🟡 trendline_break. Clasificación: seguimiento.",🟢 base_pattern_detected | 🟡 trendline_break,3.47,11,20,False,40.5,0.34,3950638.0,525887012864.0,0.72,34.2,,47.8,,,10.4,3894844.0,11.7,1.13,6.4,8.3,6.8,4.6,52.4,False,False,83.2417,False,54.1,66.4,False,4415.14,4.5,True,True,16,18,0.93,4242.96,True
62,ED,"Consolidated Edison, Inc.",SP500,Utilities,Utilities - Regulated Electric,United States,USD,107.29,1.0,script-v2.0,1.0,2026-09-05T11:50:31.467517+02:00,59.4,62.6,93,36,0,1,50,seguimiento,seguimiento,Sin señales de recuperación,True,pass,pendiente,0,desconocido,Pendiente de implementar,ausente,dividend_maintained (baja): Dividendo actual 3.27% con caída del 7.7%,razonable,seguimiento,106.08,107.29,106.08 - 107.29,98.8,105.7,98.80 - 105.70,Pérdida del soporte en 106.08 | ROE negativo durante 2 trimestres consecutivos | Ampliación de capital dilutiva | Recorte de rating a bono basura,6-12,"Consolidated Edison, Inc. está un 7.7% por debajo de su máximo 52s. Fundamentalmente sólida con ROE 9.0%, deuda neta/EBITDA 4.4x. Técnicamente 🟢 Cerca de soporte, 🟡 Apoyo en MA40 semanal. Clasificación: seguimiento.","Consolidated Edison, Inc. está un 7.7% por debajo de su máximo 52s. Fundamentalmente sólida con ROE 9.0%, deuda neta/EBITDA 4.4x. Técnicamente 🟢 Cerca de soporte, 🟡 Apoyo en MA40 semanal. Clasificación: seguimiento.",🟢 Cerca de soporte | 🟡 Apoyo en MA40 semanal | 🟢 base_pattern_detected,3.27,11,20,False,57.1,1.1,2276158.0,26850000000.0,4.36,4.2,gross,53.4,53.2,0.2,9.0,39679.0,17.9,1.54,10.8,7.7,6.2,1.5,47.3,False,False,0.689,False,41.6,55.9,False,106.24,1.0,True,False,33,17,0.93,106.08,True
63,SAN.PA,SANOFI,EUROSTOXX,Healthcare,Drug Manufacturers - General,France,EUR,76.26,1.0,script-v2.0,1.0,2026-09-05T11:49:42.950557+02:00,59.1,63.2,76,52,0,7,47,seguimiento,seguimiento,,True,pass,pendiente,0,desconocido,Pendiente de implementar,parcial,"margin_stabilization (media): Margen gross 75.5% vs 72.1% (+3.4 pp) | dividend_maintained (baja): Dividendo actual 5.40% con caída del 16.3% | analyst_upgrade (media): Target 94.28 vs precio 76.26 (+24%), recMean 2.08, recKey buy",razonable,seguimiento,73.75,76.26,73.75 - 76.26,76.21,77.48,76.21 - 77.48,Pérdida del soporte en 73.75 | ROE negativo durante 2 trimestres consecutivos | Ampliación de capital dilutiva | Recorte de rating a bono basura,6-12,"SANOFI está un 16.3% por debajo de su máximo 52s. Fundamentalmente sólida con ROE 5.7%, deuda neta/EBITDA 1.3x. Técnicamente 🟢 Cerca de soporte, 🟡 Apoyo en MA40 semanal. Clasificación: seguimiento.","SANOFI está un 16.3% por debajo de su máximo 52s. Fundamentalmente sólida con ROE 5.7%, deuda neta/EBITDA 1.3x. Técnicamente 🟢 Cerca de soporte, 🟡 Apoyo en MA40 semanal. Clasificación: seguimiento.",🟢 Cerca de soporte | 🟡 Apoyo en MA40 semanal | 🟢 base_pattern_detected,5.4,11,20,False,127.2,0.34,2222259.0,17226000384.0,1.27,17.8,gross,73.5,72.7,0.7,5.7,91365.0,23.5,1.32,8.04,16.3,24.2,0.1,46.8,False,False,-0.0375,False,10.5,27.7,False,76.19,0.1,True,False,30,17,1.02,73.75,True
64,T,AT&T Inc.,SP500,Communication Services,Telecom Services,United States,USD,25.68,1.0,script-v2.0,1.0,2026-09-05T11:50:23.770413+02:00,59.0,62.3,89,39,0,7,49,seguimiento,seguimiento,,True,pass,pendiente,0,desconocido,Pendiente de implementar,parcial,margin_stabilization (media): Margen gross 61.8% vs 60.1% (+1.7 pp) | eps_stabilization (media): EPS 0.66 vs 0.54 (Diluted EPS) | dividend_maintained (baja): Dividendo actual 4.32% con caída del 13.8%,razonable,seguimiento,23.48,24.8,23.48 - 24.80,24.7,25.32,24.70 - 25.32,Pérdida del soporte en 24.80 | ROE negativo durante 2 trimestres consecutivos | Ampliación de capital dilutiva | Recorte de rating a bono basura,6-12,"AT&T Inc. está un 13.8% por debajo de su máximo 52s. Fundamentalmente sólida con ROE 18.3%, deuda neta/EBITDA 3.3x. Técnicamente 🟢 Cerca de soporte, 🟢 MACD semanal girando al alza. Clasificación: seguimiento.","AT&T Inc. está un 13.8% por debajo de su máximo 52s. Fundamentalmente sólida con ROE 18.3%, deuda neta/EBITDA 3.3x. Técnicamente 🟢 Cerca de soporte, 🟢 MACD semanal girando al alza. Clasificación: seguimiento.",🟢 Cerca de soporte | 🟢 MACD semanal girando al alza | 🟢 base_pattern_detected | 🟡 trendline_break,4.32,11,20,False,36.6,1.29,60559993.0,148185993216.0,3.3,5.4,gross,59.7,59.8,-0.1,18.3,175969.0,8.6,1.6,7.61,13.8,10.7,4.0,60.2,False,False,-0.0459,True,52.2,70.7,False,24.74,3.8,True,True,21,28,0.99,24.8,True
65,VCX.AX,VICINITY STAPLED [VCX],ASX,Real Estate,REIT - Retail,Australia,AUD,2.54,1.0,script-v2.0,1.0,2026-09-05T11:51:23.938677+02:00,58.6,61.5,86,40,0,4,50,seguimiento,seguimiento,Sin señales de recuperación,True,pass,pendiente,0,desconocido,Pendiente de implementar,ausente,eps_stabilization (media): EPS 0.30 vs 0.22 (annual_eps_fallback) | dividend_maintained (baja): Dividendo actual 4.72% con caída del 7.0%,razonable,seguimiento,2.46,2.54,2.46 - 2.54,2.32,2.45,2.32 - 2.45,Pérdida del soporte en 2.46 | ROE negativo durante 2 trimestres consecutivos | Ampliación de capital dilutiva | Recorte de rating a bono basura,6-12,"VICINITY STAPLED [VCX] está un 7.0% por debajo de su máximo 52s. Fundamentalmente sólida con ROE 12.0%, deuda neta/EBITDA 5.6x. Técnicamente 🟡 MACD convergiendo, 🟢 Volumen creciente. Clasificación: seguimiento.","VICINITY STAPLED [VCX] está un 7.0% por debajo de su máximo 52s. Fundamentalmente sólida con ROE 12.0%, deuda neta/EBITDA 5.6x. Técnicamente 🟡 MACD convergiendo, 🟢 Volumen creciente. Clasificación: seguimiento.",🟡 MACD convergiendo | 🟢 Volumen creciente | 🟢 Cerca de soporte,4.72,11,15,False,40.6,0.41,10280850.0,4845000160.0,5.64,,,70.9,,,12.0,11786.0,8.5,0.97,19.37,7.0,4.7,3.7,49.9,False,True,0.0397,False,68.2,44.8,False,2.46,3.3,False,False,50,0,1.32,2.46,False
66,UPS,"United Parcel Service, Inc.",SP500,Industrials,Integrated Freight & Logistics,United States,USD,102.29,1.0,script-v2.0,1.0,2026-09-05T11:50:45.706946+02:00,57.8,62.4,88,40,0,1,44,seguimiento,seguimiento,Sin señales de recuperación,True,pass,pendiente,0,desconocido,Pendiente de implementar,ausente,dividend_maintained (baja): Dividendo actual 6.41% con caída del 16.4%,incompleto,seguimiento,97.23,102.29,97.23 - 102.29,101.91,104.05,101.91 - 104.05,Pérdida del soporte en 97.23 | ROE negativo durante 2 trimestres consecutivos | Ampliación de capital dilutiva | Recorte de rating a bono basura,6-12,"United Parcel Service, Inc. está un 16.4% por debajo de su máximo 52s. Fundamentalmente sólida con ROE 29.6%, deuda neta/EBITDA 2.0x. Técnicamente 🟢 Cerca de soporte, 🟡 Apoyo en MA40 semanal. Clasificación: seguimiento.","United Parcel Service, Inc. está un 16.4% por debajo de su máximo 52s. Fundamentalmente sólida con ROE 29.6%, deuda neta/EBITDA 2.0x. Técnicamente 🟢 Cerca de soporte, 🟡 Apoyo en MA40 semanal. Clasificación: seguimiento.",🟢 Cerca de soporte | 🟡 Apoyo en MA40 semanal,6.41,11,20,False,121.9,1.9,4963866.0,24019999232.0,1.99,0.0,gross,22.4,16.5,5.9,29.6,87026.0,19.2,5.78,9.19,16.4,20.1,0.4,42.8,False,False,1.2271,False,16.5,27.6,False,102.66,-0.4,False,False,39,5,0.88,97.23,False
67,6758.T,SONY GROUP CORPORATION,ASIA,Technology,Consumer Electronics,Japan,JPY,3885.0,1.0,script-v2.0,1.0,2026-09-05T11:51:32.518326+02:00,56.8,64.5,89,43,0,10,34,pendiente_confirmacion,pendiente_confirmacion,,True,pass,pendiente,0,desconocido,Pendiente de implementar,parcial,"margin_stabilization (media): Margen gross 36.7% vs 30.8% (+5.9 pp) | eps_stabilization (media): EPS 57.82 vs 13.89 (Diluted EPS) | dividend_maintained (baja): Dividendo actual 0.90% con caída del 18.7% | analyst_upgrade (media): Target 4847.73 vs precio 3885.00 (+25%), recMean 1.35, recKey strong_buy",incompleto,pendiente_confirmacion,3611.2,3814.0,3611.20 - 3814.00,3629.64,4059.6,3629.64 - 4059.60,Pérdida del soporte en 3814.00 | ROE negativo durante 2 trimestres consecutivos | Ampliación de capital dilutiva | Recorte de rating a bono basura,6-12,"SONY GROUP CORPORATION está un 18.7% por debajo de su máximo 52s. Fundamentalmente sólida con ROE 13.2%, deuda neta/EBITDA -0.1x. Técnicamente 🟢 Cerca de soporte, 🟢 base_pattern_detected. Clasificación: pendiente_confirmacion.","SONY GROUP CORPORATION está un 18.7% por debajo de su máximo 52s. Fundamentalmente sólida con ROE 13.2%, deuda neta/EBITDA -0.1x. Técnicamente 🟢 Cerca de soporte, 🟢 base_pattern_detected. Clasificación: pendiente_confirmacion.",🟢 Cerca de soporte | 🟢 base_pattern_detected | 🟡 trendline_break,0.9,11,20,False,13.4,0.21,17793093.0,-299421007872.0,-0.14,12.0,gross,32.2,32.1,0.2,13.2,22696920.0,20.9,2.73,11.02,18.7,18.3,7.0,56.7,False,False,77.5893,False,55.4,59.0,False,3561.01,9.1,True,True,16,18,0.94,3814.0,True
68,ENI.MI,ENI,EUROSTOXX,Energy,Oil & Gas Integrated,Italy,EUR,23.075,1.0,script-v2.0,1.0,2026-09-05T11:49:54.739451+02:00,56.6,61.1,99,28,0,7,43,pendiente_confirmacion,pendiente_confirmacion,,False,pass,pendiente,0,desconocido,Pendiente de implementar,parcial,margin_stabilization (media): Margen gross 12.6% vs 6.5% (+6.1 pp) | eps_stabilization (media): EPS 1.09 vs 0.34 (Diluted EPS) | dividend_maintained (baja): Dividendo actual 4.64% con caída del 7.8%,incompleto,pendiente_confirmacion,21.94,22.6,21.94 - 22.60,20.52,21.27,20.52 - 21.27,Pérdida del soporte en 21.94 | ROE negativo durante 2 trimestres consecutivos | Ampliación de capital dilutiva | Recorte de rating a bono basura,6-12,"ENI está un 7.8% por debajo de su máximo 52s. Fundamentalmente sólida con ROE 10.9%, deuda neta/EBITDA 1.6x. Técnicamente 🟢 Cerca de soporte, 🟢 base_pattern_detected. Clasificación: pendiente_confirmacion.","ENI está un 7.8% por debajo de su máximo 52s. Fundamentalmente sólida con ROE 10.9%, deuda neta/EBITDA 1.6x. Técnicamente 🟢 Cerca de soporte, 🟢 base_pattern_detected. Clasificación: pendiente_confirmacion.",🟢 Cerca de soporte | 🟢 base_pattern_detected | 🟡 trendline_break,4.64,11,20,False,54.7,0.65,9073742.0,21902001152.0,1.65,1.2,gross,21.5,9.5,12.0,10.9,66487.0,12.0,1.46,7.11,7.8,6.7,12.5,47.2,False,False,0.9445,False,22.3,47.4,False,20.7,11.5,True,True,25,18,1.01,21.94,True
69,ABI.BR,AB INBEV,EUROSTOXX,Consumer Defensive,Beverages - Brewers,Belgium,EUR,69.04,1.0,script-v2.0,1.0,2026-09-05T11:49:59.764855+02:00,55.9,59.8,95,29,0,12,44,pendiente_confirmacion,pendiente_confirmacion,,False,pass,pendiente,0,desconocido,Pendiente de implementar,confirmada,margin_stabilization (media): Margen gross 57.5% vs 56.6% (+0.9 pp) | eps_stabilization (media): EPS 1.30 vs 0.99 (Diluted EPS) | debt_reduction (alta): Deuda 72732.0M vs 73027.0M | dividend_maintained (baja): Dividendo actual 1.67% con caída del 9.4%,incompleto,pendiente_confirmacion,68.57,69.04,68.57 - 69.04,64.19,64.75,64.19 - 64.75,Pérdida del soporte en 68.57 | ROE negativo durante 2 trimestres consecutivos | Ampliación de capital dilutiva | Recorte de rating a bono basura,6-12,"AB INBEV está un 9.4% por debajo de su máximo 52s. Fundamentalmente aceptable con ROE 11.4%, deuda neta/EBITDA 3.3x. Técnicamente 🟢 Cruce alcista MACD, 🟢 Cerca de soporte. Clasificación: pendiente_confirmacion.","AB INBEV está un 9.4% por debajo de su máximo 52s. Fundamentalmente aceptable con ROE 11.4%, deuda neta/EBITDA 3.3x. Técnicamente 🟢 Cruce alcista MACD, 🟢 Cerca de soporte. Clasificación: pendiente_confirmacion.",🟢 Cruce alcista MACD | 🟢 Cerca de soporte,1.67,11,20,False,28.9,0.72,1830566.0,64721000448.0,3.28,-0.4,gross,56.5,56.5,0.0,11.4,135948.0,17.3,1.69,10.57,9.4,9.4,7.5,49.4,True,False,1.9963,False,80.5,80.4,False,64.61,6.9,False,False,44,0,0.79,68.57,False
70,ORG.AX,ORIGIN ENE FPO [ORG],ASX,Utilities,Utilities - Diversified,Australia,AUD,11.35,1.0,script-v2.0,1.0,2026-09-05T11:51:21.855237+02:00,55.8,60.8,96,30,0,4,41,seguimiento,seguimiento,Sin señales de recuperación,True,pass,pendiente,0,desconocido,Pendiente de implementar,ausente,eps_stabilization (media): EPS 0.86 vs 0.81 (annual_eps_fallback) | dividend_maintained (baja): Dividendo actual 5.29% con caída del 12.6%,incompleto,seguimiento,10.2,10.77,10.20 - 10.77,11.04,11.07,11.04 - 11.07,Pérdida del soporte en 10.20 | ROE negativo durante 2 trimestres consecutivos | Ampliación de capital dilutiva | Recorte de rating a bono basura,6-12,"ORIGIN ENE FPO [ORG] está un 12.6% por debajo de su máximo 52s. Fundamentalmente sólida con ROE 15.7%, deuda neta/EBITDA 2.4x. Técnicamente 🟢 Divergencia alcista RSI, 🟡 Apoyo en MA40 semanal. Clasificación: seguimiento.","ORIGIN ENE FPO [ORG] está un 12.6% por debajo de su máximo 52s. Fundamentalmente sólida con ROE 15.7%, deuda neta/EBITDA 2.4x. Técnicamente 🟢 Divergencia alcista RSI, 🟡 Apoyo en MA40 semanal. Clasificación: seguimiento.",🟢 Divergencia alcista RSI | 🟡 Apoyo en MA40 semanal | 🟡 trendline_break,5.29,9,8,False,65.8,0.49,4373111.0,4140000128.0,2.41,,,22.4,,,15.7,19553.0,12.5,2.01,13.78,12.6,9.3,2.5,54.6,False,False,0.0021,False,9.4,21.9,False,11.11,2.2,False,True,30,11,1.03,10.2,True
71,QCOM,QUALCOMM Incorporated,SP500,Technology,Semiconductors,United States,USD,168.74,1.0,script-v2.0,1.0,2026-09-05T11:51:10.786973+02:00,55.7,61.6,100,28,0,6,38,pendiente_confirmacion,pendiente_confirmacion,,False,pass,pendiente,0,desconocido,Pendiente de implementar,parcial,debt_reduction (alta): Deuda 15270.0M vs 15270.0M | dividend_maintained (baja): Dividendo actual 2.18% con caída del 35.1%,incompleto,pendiente_confirmacion,158.84,168.43,158.84 - 168.43,166.12,220.93,166.12 - 220.93,Pérdida del soporte en 158.84 | ROE negativo durante 2 trimestres consecutivos | Ampliación de capital dilutiva | Recorte de rating a bono basura,12-18,"QUALCOMM Incorporated está un 35.1% por debajo de su máximo 52s. Fundamentalmente sólida con ROE 33.8%, deuda neta/EBITDA 0.6x. Técnicamente 🟢 Divergencia alcista RSI, 🟡 Apoyo en MA40 semanal. Clasificación: pendiente_confirmacion.","QUALCOMM Incorporated está un 35.1% por debajo de su máximo 52s. Fundamentalmente sólida con ROE 33.8%, deuda neta/EBITDA 0.6x. Técnicamente 🟢 Divergencia alcista RSI, 🟡 Apoyo en MA40 semanal. Clasificación: pendiente_confirmacion.",🟢 Divergencia alcista RSI | 🟡 Apoyo en MA40 semanal,2.18,11,20,False,41.0,0.55,14737822.0,6965999616.0,0.58,-0.0,gross,54.2,54.2,0.0,33.8,180225.0,19.3,6.45,15.35,35.1,34.5,1.6,54.2,False,False,-0.9105,False,87.6,88.6,False,167.28,0.9,False,False,33,5,0.84,158.84,False
72,TWE.AX,TREA WINE FPO [TWE],ASX,Consumer Defensive,Beverages - Wineries & Distilleries,Australia,AUD,5.54,1.0,script-v2.0,1.0,2026-09-05T11:51:25.640639+02:00,55.1,61.5,61,62,0,3,36,seguimiento,seguimiento,Sin señales de recuperación,True,pass,pendiente,0,desconocido,Pendiente de implementar,ausente,eps_stabilization (media): EPS 0.54 vs 0.13 (annual_eps_fallback),incompleto,seguimiento,5.12,5.38,5.12 - 5.38,4.82,6.68,4.82 - 6.68,Pérdida del soporte en 5.38 | ROE negativo durante 2 trimestres consecutivos | Ampliación de capital dilutiva | Recorte de rating a bono basura,12-18,"TREA WINE FPO [TWE] está un 29.5% por debajo de su máximo 52s. Fundamentalmente sólida con ROE -26.5%, deuda neta/EBITDA 1.7x. Técnicamente 🟡 MACD convergiendo, 🟢 Cerca de soporte. Clasificación: seguimiento.","TREA WINE FPO [TWE] está un 29.5% por debajo de su máximo 52s. Fundamentalmente sólida con ROE -26.5%, deuda neta/EBITDA 1.7x. Técnicamente 🟡 MACD convergiendo, 🟢 Cerca de soporte. Clasificación: seguimiento.",🟡 MACD convergiendo | 🟢 Cerca de soporte | 🟡 trendline_break,0.0,10,0,False,72.4,0.6,3697748.0,1774900032.0,1.73,,,48.1,,,-26.5,4482.0,13.4,1.16,-7.04,29.5,52.9,15.0,55.2,False,True,0.1591,False,52.2,29.9,False,4.8,15.5,False,True,30,6,0.57,5.38,True
73,1038.HK,CKI HOLDINGS,ASIA,Utilities,Utilities - Regulated Electric,Hong Kong,HKD,65.05,1.0,script-v2.0,1.0,2026-09-05T11:51:47.232740+02:00,55.1,62.1,100,29,0,4,34,seguimiento,seguimiento,Sin señales de recuperación,False,pass,pendiente,0,desconocido,Pendiente de implementar,ausente,eps_stabilization (media): EPS 3.28 vs 3.22 (annual_eps_fallback) | dividend_maintained (baja): Dividendo actual 4.04% con caída del 4.2%,incompleto,seguimiento,60.59,62.51,60.59 - 62.51,57.72,60.37,57.72 - 60.37,Pérdida del soporte en 60.59 | ROE negativo durante 2 trimestres consecutivos | Ampliación de capital dilutiva | Recorte de rating a bono basura,6-12,"CKI HOLDINGS está un 4.2% por debajo de su máximo 52s. Fundamentalmente sólida con ROE 17.2%, deuda neta/EBITDA -38.6x. Técnicamente 🟢 Divergencia alcista RSI, 🟢 base_pattern_detected. Clasificación: seguimiento.","CKI HOLDINGS está un 4.2% por debajo de su máximo 52s. Fundamentalmente sólida con ROE 17.2%, deuda neta/EBITDA -38.6x. Técnicamente 🟢 Divergencia alcista RSI, 🟢 base_pattern_detected. Clasificación: seguimiento.",🟢 Divergencia alcista RSI | 🟢 base_pattern_detected | 🟡 trendline_break,4.04,11,20,False,25.7,0.14,1634497.0,-33624002560.0,-38.56,4.6,,18.4,,,17.2,163901.0,6.4,1.11,149.49,4.2,2.6,7.8,58.9,False,False,1.3874,False,41.7,44.1,False,61.17,6.3,True,True,16,18,0.91,60.59,True
74,RACE.MI,FERRARI,EUROSTOXX,Consumer Cyclical,Auto Manufacturers,Italy,EUR,353.2,1.0,script-v2.0,1.0,2026-09-05T11:49:59.376845+02:00,51.8,60.0,100,25,0,7,27,pendiente_confirmacion,pendiente_confirmacion,,False,pass,pendiente,0,desconocido,Pendiente de implementar,parcial,margin_stabilization (media): Margen gross 52.6% vs 51.8% (+0.8 pp) | eps_stabilization (media): EPS 2.62 vs 2.33 (Diluted EPS) | dividend_maintained (baja): Dividendo actual 1.02% con caída del 18.1%,incompleto,pendiente_confirmacion,343.94,351.98,343.94 - 351.98,312.41,366.52,312.41 - 366.52,Pérdida del soporte en 351.98 | ROE negativo durante 2 trimestres consecutivos | Ampliación de capital dilutiva | Recorte de rating a bono basura,6-12,"FERRARI está un 18.1% por debajo de su máximo 52s. Fundamentalmente aceptable con ROE 45.4%, deuda neta/EBITDA 0.7x. Técnicamente 🟢 Cerca de soporte, 🟡 trendline_break. Clasificación: pendiente_confirmacion.","FERRARI está un 18.1% por debajo de su máximo 52s. Fundamentalmente aceptable con ROE 45.4%, deuda neta/EBITDA 0.7x. Técnicamente 🟢 Cerca de soporte, 🟡 trendline_break. Clasificación: pendiente_confirmacion.",🟢 Cerca de soporte | 🟡 trendline_break,1.02,11,11,False,39.0,0.86,483752.0,1734133120.0,0.7,8.1,gross,51.6,51.6,0.0,45.4,62080.0,38.1,16.98,26.17,18.1,26.9,13.1,49.7,False,False,12.5039,False,10.8,23.3,False,311.85,13.3,False,True,21,6,0.87,351.98,True
75,NESTE.HE,Neste Corporation,EUROSTOXX,Energy,Oil & Gas Refining & Marketing,Finland,EUR,31.96,1.0,script-v2.0,1.0,2026-09-05T11:50:04.761282+02:00,51.1,55.2,100,16,0,12,39,pendiente_confirmacion,pendiente_confirmacion,,False,pass,pendiente,0,desconocido,Pendiente de implementar,confirmada,margin_stabilization (media): Margen gross 21.4% vs 19.4% (+2.0 pp) | eps_stabilization (media): EPS 0.99 vs 0.69 (Diluted EPS) | debt_reduction (alta): Deuda 4698.0M vs 5207.0M | dividend_maintained (baja): Dividendo actual 0.63% con caída del 6.2%,incompleto,pendiente_confirmacion,30.48,30.84,30.48 - 30.84,25.28,28.95,25.28 - 28.95,Pérdida del soporte en 30.84 | ROE negativo durante 2 trimestres consecutivos | Ampliación de capital dilutiva | Recorte de rating a bono basura,6-12,"Neste Corporation está un 6.2% por debajo de su máximo 52s. Fundamentalmente aceptable con ROE 19.4%, deuda neta/EBITDA 1.3x. Técnicamente 🟢 Cerca de soporte, 🟢 base_pattern_detected. Clasificación: pendiente_confirmacion.","Neste Corporation está un 6.2% por debajo de su máximo 52s. Fundamentalmente aceptable con ROE 19.4%, deuda neta/EBITDA 1.3x. Técnicamente 🟢 Cerca de soporte, 🟢 base_pattern_detected. Clasificación: pendiente_confirmacion.",🟢 Cerca de soporte | 🟢 base_pattern_detected | 🟡 trendline_break,0.63,11,20,False,10.1,0.56,1126735.0,3612999936.0,1.33,-9.8,gross,20.0,15.0,5.0,19.4,24554.0,15.7,2.9,10.35,6.2,6.2,26.4,55.6,False,False,2.164,False,49.6,47.2,False,25.71,24.3,True,True,21,18,1.09,30.84,True
76,CSCO,"Cisco Systems, Inc.",SP500,Technology,Communication Equipment,United States,USD,109.2,1.0,script-v2.0,1.0,2026-09-05T11:50:41.912782+02:00,50.4,52.5,100,11,0,7,44,pendiente_confirmacion,pendiente_confirmacion,,False,pass,pendiente,0,desconocido,Pendiente de implementar,parcial,"eps_stabilization (media): EPS 0.85 vs 0.80 (Diluted EPS) | dividend_maintained (baja): Dividendo actual 1.54% con caída del 16.2% | analyst_upgrade (media): Target 137.62 vs precio 109.20 (+26%), recMean 1.82, recKey buy",incompleto,pendiente_confirmacion,90.66,109.2,90.66 - 109.20,94.24,110.81,94.24 - 110.81,Pérdida del soporte en 90.66 | ROE negativo durante 2 trimestres consecutivos | Ampliación de capital dilutiva | Recorte de rating a bono basura,6-12,"Cisco Systems, Inc. está un 16.2% por debajo de su máximo 52s. Fundamentalmente aceptable con ROE 27.3%, deuda neta/EBITDA 0.8x. Técnicamente 🟡 MACD convergiendo, 🟢 base_pattern_detected. Clasificación: pendiente_confirmacion.","Cisco Systems, Inc. está un 16.2% por debajo de su máximo 52s. Fundamentalmente aceptable con ROE 27.3%, deuda neta/EBITDA 0.8x. Técnicamente 🟡 MACD convergiendo, 🟢 base_pattern_detected. Clasificación: pendiente_confirmacion.",🟡 MACD convergiendo | 🟢 base_pattern_detected,1.54,11,16,False,49.9,0.62,21939416.0,15267000320.0,0.82,3.7,gross,64.5,64.3,0.2,27.3,430530.0,32.6,8.57,23.91,16.2,15.9,15.9,41.0,False,True,6.5819,False,29.9,21.8,False,95.14,14.8,True,False,32,12,0.65,90.66,False
77,DGE.L,DIAGEO PLC ORD 28 101/108P,EUROSTOXX,Consumer Defensive,Beverages - Wineries & Distilleries,United Kingdom,GBp,1657.0,1.0,script-v2.0,1.0,2026-09-05T11:50:16.401812+02:00,50.1,52.5,76,32,0,9,43,pendiente_confirmacion,pendiente_confirmacion,,True,pass,pendiente,0,desconocido,Pendiente de implementar,parcial,"debt_reduction (alta): Deuda 22196.0M vs 24401.0M | dividend_maintained (baja): Dividendo actual 0.03% con caída del 18.9% | analyst_upgrade (media): Target 1995.26 vs precio 1657.00 (+20%), recMean 2.00, recKey buy",incompleto,pendiente_confirmacion,1634.85,1638.5,1634.85 - 1638.50,1597.57,1737.4,1597.57 - 1737.40,Pérdida del soporte en 1638.50 | ROE negativo durante 2 trimestres consecutivos | Ampliación de capital dilutiva | Recorte de rating a bono basura,6-12,"DIAGEO PLC ORD 28 101/108P está un 18.9% por debajo de su máximo 52s. Fundamentalmente aceptable con ROE 15.0%, deuda neta/EBITDA 3.2x. Técnicamente 🟢 Cerca de soporte, 🟢 base_pattern_detected. Clasificación: pendiente_confirmacion.","DIAGEO PLC ORD 28 101/108P está un 18.9% por debajo de su máximo 52s. Fundamentalmente aceptable con ROE 15.0%, deuda neta/EBITDA 3.2x. Técnicamente 🟢 Cerca de soporte, 🟢 base_pattern_detected. Clasificación: pendiente_confirmacion.",🟢 Cerca de soporte | 🟢 base_pattern_detected | 🟡 trendline_break,0.03,11,20,False,106.6,1.71,5080817.0,20415000832.0,3.18,-9.0,,59.8,,,15.0,36845.0,28.6,4.59,9.23,18.9,38.1,3.7,45.5,False,False,24.6651,False,0.0,12.4,False,1595.42,3.9,True,True,25,18,0.72,1638.5,True
78,VZ,Verizon Communications Inc.,SP500,Communication Services,Telecom Services,United States,USD,50.14,1.0,script-v2.0,1.0,2026-09-05T11:50:24.425242+02:00,50.1,53.8,89,23,0,9,39,pendiente_confirmacion,pendiente_confirmacion,,False,pass,pendiente,0,desconocido,Pendiente de implementar,parcial,margin_stabilization (media): Margen gross 61.8% vs 60.3% (+1.5 pp) | debt_reduction (alta): Deuda 193646.0M vs 195872.0M | dividend_maintained (baja): Dividendo actual 5.64% con caída del 3.0%,incompleto,pendiente_confirmacion,46.28,49.12,46.28 - 49.12,43.93,44.68,43.93 - 44.68,Pérdida del soporte en 49.12 | ROE negativo durante 2 trimestres consecutivos | Ampliación de capital dilutiva | Recorte de rating a bono basura,6-12,"Verizon Communications Inc. está un 3.0% por debajo de su máximo 52s. Fundamentalmente aceptable con ROE 15.8%, deuda neta/EBITDA 3.8x. Técnicamente 🟢 Cerca de soporte, 🟢 base_pattern_detected. Clasificación: pendiente_confirmacion.","Verizon Communications Inc. está un 3.0% por debajo de su máximo 52s. Fundamentalmente aceptable con ROE 15.8%, deuda neta/EBITDA 3.8x. Técnicamente 🟢 Cerca de soporte, 🟢 base_pattern_detected. Clasificación: pendiente_confirmacion.",🟢 Cerca de soporte | 🟢 base_pattern_detected | 🟡 trendline_break,5.64,11,20,False,72.8,1.84,26475179.0,191850002176.0,3.76,-1.1,gross,59.5,59.3,0.1,15.8,208320.0,13.2,2.0,7.86,3.0,1.6,12.2,63.0,False,False,1.2802,False,68.7,77.6,False,45.07,11.2,True,True,21,18,1.0,49.12,True
79,SAP.DE,SAP SE                        I,EUROSTOXX,Technology,Software - Application,Germany,EUR,185.68,1.0,script-v2.0,1.0,2026-09-05T11:49:28.518923+02:00,49.6,54.9,97,18,0,7,34,pendiente_confirmacion,pendiente_confirmacion,,False,pass,pendiente,0,desconocido,Pendiente de implementar,parcial,margin_stabilization (media): Margen gross 73.2% vs 73.0% (+0.2 pp) | eps_stabilization (media): EPS 1.88 vs 1.65 (Diluted EPS) | dividend_maintained (baja): Dividendo actual 1.35% con caída del 24.0%,incompleto,pendiente_confirmacion,161.33,177.45,161.33 - 177.45,166.51,207.66,166.51 - 207.66,Pérdida del soporte en 177.45 | ROE negativo durante 2 trimestres consecutivos | Ampliación de capital dilutiva | Recorte de rating a bono basura,6-12,"SAP SE                        I está un 24.0% por debajo de su máximo 52s. Fundamentalmente aceptable con ROE 18.3%, deuda neta/EBITDA -0.1x. Técnicamente 🟢 Cerca de soporte, 🟢 base_pattern_detected. Clasificación: pendiente_confirmacion.","SAP SE                        I está un 24.0% por debajo de su máximo 52s. Fundamentalmente aceptable con ROE 18.3%, deuda neta/EBITDA -0.1x. Técnicamente 🟢 Cerca de soporte, 🟢 base_pattern_detected. Clasificación: pendiente_confirmacion.",🟢 Cerca de soporte | 🟢 base_pattern_detected | 🟡 trendline_break,1.35,11,20,False,37.4,0.22,2752047.0,-1685999616.0,-0.14,26.4,gross,73.7,72.8,0.9,18.3,214313.0,27.8,4.79,18.12,24.0,32.8,11.5,60.0,False,False,3.2167,False,57.9,48.5,False,165.58,12.1,True,True,16,18,0.91,177.45,True
80,RIO.AX,RIO TINTO FPO [RIO],ASX,Basic Materials,Other Industrial Metals & Mining,United Kingdom,AUD,175.9,1.0,script-v2.0,1.0,2026-09-05T11:51:17.000318+02:00,49.5,52.0,100,10,0,6,42,pendiente_confirmacion,pendiente_confirmacion,,False,pass,pendiente,0,desconocido,Pendiente de implementar,parcial,debt_reduction (alta): Deuda 22852.0M vs 23640.0M | dividend_maintained (baja): Dividendo actual 3.81% con caída del 10.2%,incompleto,pendiente_confirmacion,168.08,168.36,168.08 - 168.36,160.11,166.46,160.11 - 166.46,Pérdida del soporte en 168.08 | ROE negativo durante 2 trimestres consecutivos | Ampliación de capital dilutiva | Recorte de rating a bono basura,6-12,"RIO TINTO FPO [RIO] está un 10.2% por debajo de su máximo 52s. Fundamentalmente aceptable con ROE 19.3%, deuda neta/EBITDA 0.6x. Técnicamente 🟢 Divergencia alcista RSI, 🟢 Cerca de soporte. Clasificación: pendiente_confirmacion.","RIO TINTO FPO [RIO] está un 10.2% por debajo de su máximo 52s. Fundamentalmente aceptable con ROE 19.3%, deuda neta/EBITDA 0.6x. Técnicamente 🟢 Divergencia alcista RSI, 🟢 Cerca de soporte. Clasificación: pendiente_confirmacion.",🟢 Divergencia alcista RSI | 🟢 Cerca de soporte | 🟢 base_pattern_detected,3.81,11,20,False,55.0,0.32,1244467.0,13344999424.0,0.58,-3.3,,29.8,,,19.3,285875.0,17.1,3.07,13.34,10.2,8.6,9.9,54.6,False,False,5.0633,False,58.7,59.0,False,161.24,9.1,True,False,30,12,0.86,168.08,True
81,UNH,UnitedHealth Group Incorporated,SP500,Healthcare,Healthcare Plans,United States,USD,397.14,1.0,script-v2.0,1.0,2026-09-05T11:50:39.657798+02:00,49.1,52.5,100,11,0,12,39,pendiente_confirmacion,pendiente_confirmacion,,False,pass,pendiente,0,desconocido,Pendiente de implementar,confirmada,margin_stabilization (media): Margen gross 22.7% vs 16.3% (+6.4 pp) | eps_stabilization (media): EPS 6.90 vs 0.01 (Diluted EPS) | debt_reduction (alta): Deuda 73328.0M vs 78389.0M | dividend_maintained (baja): Dividendo actual 2.34% con caída del 14.0%,incompleto,pendiente_confirmacion,351.59,397.14,351.59 - 397.14,349.14,392.38,349.14 - 392.38,Pérdida del soporte en 351.59 | ROE negativo durante 2 trimestres consecutivos | Ampliación de capital dilutiva | Recorte de rating a bono basura,6-12,"UnitedHealth Group Incorporated está un 14.0% por debajo de su máximo 52s. Fundamentalmente aceptable con ROE 14.2%, deuda neta/EBITDA 1.6x. Técnicamente 🟢 Cruce alcista MACD. Clasificación: pendiente_confirmacion.","UnitedHealth Group Incorporated está un 14.0% por debajo de su máximo 52s. Fundamentalmente aceptable con ROE 14.2%, deuda neta/EBITDA 1.6x. Técnicamente 🟢 Cruce alcista MACD. Clasificación: pendiente_confirmacion.",🟢 Cruce alcista MACD,2.34,11,20,False,57.5,0.69,5346243.0,41860001792.0,1.57,-6.5,gross,19.7,18.8,0.9,14.2,356471.0,25.5,3.65,15.21,14.0,34.4,13.7,46.8,True,False,17.541,False,59.4,68.8,False,351.6,13.0,False,False,39,0,1.17,351.59,False
82,SWK,"Stanley Black & Decker, Inc.",SP500,Industrials,Tools & Accessories,United States,USD,97.36,1.0,script-v2.0,1.0,2026-09-05T11:50:28.586020+02:00,48.0,50.3,85,20,0,12,41,pendiente_confirmacion,pendiente_confirmacion,,False,pass,pendiente,0,desconocido,Pendiente de implementar,confirmada,margin_stabilization (media): Margen gross 33.0% vs 30.1% (+2.9 pp) | eps_stabilization (media): EPS 2.33 vs 0.39 (Diluted EPS) | debt_reduction (alta): Deuda 5211.5M vs 6501.2M | dividend_maintained (baja): Dividendo actual 3.45% con caída del 7.0%,incompleto,pendiente_confirmacion,95.18,97.25,95.18 - 97.25,81.05,88.98,81.05 - 88.98,Pérdida del soporte en 97.25 | ROE negativo durante 2 trimestres consecutivos | Ampliación de capital dilutiva | Recorte de rating a bono basura,6-12,"Stanley Black & Decker, Inc. está un 7.0% por debajo de su máximo 52s. Fundamentalmente aceptable con ROE 6.9%, deuda neta/EBITDA 2.6x. Técnicamente 🟡 MACD convergiendo, 🟢 Cerca de soporte. Clasificación: pendiente_confirmacion.","Stanley Black & Decker, Inc. está un 7.0% por debajo de su máximo 52s. Fundamentalmente aceptable con ROE 6.9%, deuda neta/EBITDA 2.6x. Técnicamente 🟡 MACD convergiendo, 🟢 Cerca de soporte. Clasificación: pendiente_confirmacion.",🟡 MACD convergiendo | 🟢 Cerca de soporte | 🟡 trendline_break,3.45,11,20,False,81.2,0.58,1782272.0,4619100032.0,2.58,-19.8,gross,32.2,31.9,0.3,6.9,14703.0,23.6,1.64,10.79,7.0,7.0,20.1,50.1,False,True,6.3006,False,46.0,37.8,False,82.13,18.5,False,True,35,6,0.98,97.25,True
83,EDP.LS,"EDP, SA",EUROSTOXX,Utilities,Utilities - Diversified,Portugal,EUR,4.649,1.0,script-v2.0,1.0,2026-09-05T11:50:02.168786+02:00,47.9,52.5,84,25,0,7,34,pendiente_confirmacion,pendiente_confirmacion,,False,pass,pendiente,0,desconocido,Pendiente de implementar,parcial,margin_stabilization (media): Margen gross 39.7% vs 40.0% (-0.3 pp) | eps_stabilization (media): EPS 0.09 vs 0.09 (Diluted EPS) | dividend_maintained (baja): Dividendo actual 4.52% con caída del 3.5%,incompleto,pendiente_confirmacion,4.39,4.56,4.39 - 4.56,4.1,4.25,4.10 - 4.25,Pérdida del soporte en 4.39 | ROE negativo durante 2 trimestres consecutivos | Ampliación de capital dilutiva | Recorte de rating a bono basura,6-12,"EDP, SA está un 3.5% por debajo de su máximo 52s. Fundamentalmente aceptable con ROE 8.9%, deuda neta/EBITDA 5.5x. Técnicamente 🟢 base_pattern_detected, 🟡 trendline_break. Clasificación: pendiente_confirmacion.","EDP, SA está un 3.5% por debajo de su máximo 52s. Fundamentalmente aceptable con ROE 8.9%, deuda neta/EBITDA 5.5x. Técnicamente 🟢 base_pattern_detected, 🟡 trendline_break. Clasificación: pendiente_confirmacion.",🟢 base_pattern_detected | 🟡 trendline_break,4.52,11,20,False,70.8,1.46,8167338.0,21343151360.0,5.51,3.7,gross,40.6,37.1,3.5,8.9,19219.0,16.0,1.59,11.6,3.5,3.5,9.5,54.2,False,False,0.1304,False,33.2,41.7,False,4.26,9.0,True,True,16,18,1.24,4.39,True
84,KMB,Kimberly-Clark Corporation,SP500,Consumer Defensive,Household & Personal Products,United States,USD,104.96,1.0,script-v2.0,1.0,2026-09-05T11:51:01.103836+02:00,47.8,54.7,75,37,0,9,27,pendiente_confirmacion,pendiente_confirmacion,,True,pass,pendiente,0,desconocido,Pendiente de implementar,parcial,margin_stabilization (media): Margen gross 38.3% vs 36.8% (+1.4 pp) | debt_reduction (alta): Deuda 6539.0M vs 7084.0M | dividend_maintained (baja): Dividendo actual 4.88% con caída del 20.2%,incompleto,pendiente_confirmacion,99.22,104.96,99.22 - 104.96,100.58,111.8,100.58 - 111.80,Pérdida del soporte en 99.22 | ROE negativo durante 2 trimestres consecutivos | Ampliación de capital dilutiva | Recorte de rating a bono basura,6-12,"Kimberly-Clark Corporation está un 20.2% por debajo de su máximo 52s. Fundamentalmente aceptable con ROE 104.9%, deuda neta/EBITDA 1.6x. Técnicamente con señales incipientes pero confirmación incompleta. Clasificación: pendiente_confirmacion.","Kimberly-Clark Corporation está un 20.2% por debajo de su máximo 52s. Fundamentalmente aceptable con ROE 104.9%, deuda neta/EBITDA 1.6x. Técnicamente con señales incipientes pero confirmación incompleta. Clasificación: pendiente_confirmacion.",,4.88,11,20,False,100.4,3.49,3907298.0,5582999808.0,1.6,-7.7,gross,37.6,36.7,0.9,104.9,34907.0,20.7,19.95,11.67,20.2,25.2,4.4,42.2,False,False,1.8085,False,1.8,22.7,False,100.87,4.1,False,False,27,0,1.27,99.22,True
85,XOM,ExxonMobil Holdings Corporation,SP500,Energy,Oil & Gas Integrated,United States,USD,159.47,1.0,script-v2.0,1.0,2026-09-05T11:50:25.368176+02:00,47.3,53.1,100,12,0,12,30,pendiente_confirmacion,pendiente_confirmacion,,False,pass,pendiente,0,desconocido,Pendiente de implementar,confirmada,margin_stabilization (media): Margen gross 22.5% vs 16.7% (+5.8 pp) | eps_stabilization (media): EPS 3.48 vs 1.00 (Diluted EPS) | debt_reduction (alta): Deuda 42368.0M vs 47661.0M | dividend_maintained (baja): Dividendo actual 2.58% con caída del 9.6%,incompleto,pendiente_confirmacion,144.06,152.29,144.06 - 152.29,143.07,149.95,143.07 - 149.95,Pérdida del soporte en 144.06 | ROE negativo durante 2 trimestres consecutivos | Ampliación de capital dilutiva | Recorte de rating a bono basura,6-12,"ExxonMobil Holdings Corporation está un 9.6% por debajo de su máximo 52s. Fundamentalmente aceptable con ROE 12.6%, deuda neta/EBITDA 0.5x. Técnicamente 🟢 base_pattern_detected, 🟡 trendline_break. Clasificación: pendiente_confirmacion.","ExxonMobil Holdings Corporation está un 9.6% por debajo de su máximo 52s. Fundamentalmente aceptable con ROE 12.6%, deuda neta/EBITDA 0.5x. Técnicamente 🟢 base_pattern_detected, 🟡 trendline_break. Clasificación: pendiente_confirmacion.",🟢 base_pattern_detected | 🟡 trendline_break,2.58,11,20,False,52.5,0.16,15569330.0,31779999744.0,0.47,-11.1,gross,29.8,20.4,9.3,12.6,655727.0,20.5,2.53,10.22,9.6,8.4,11.5,51.6,False,False,5.3202,False,31.2,49.7,False,144.02,10.7,True,True,12,18,0.98,144.06,True
86,BMY,Bristol-Myers Squibb Company,SP500,Healthcare,Drug Manufacturers - General,United States,USD,66.82,1.0,script-v2.0,1.0,2026-09-05T11:50:51.044098+02:00,47.3,51.7,88,20,0,12,34,pendiente_confirmacion,pendiente_confirmacion,,False,pass,pendiente,0,desconocido,Pendiente de implementar,confirmada,margin_stabilization (media): Margen gross 71.3% vs 70.2% (+1.1 pp) | eps_stabilization (media): EPS 1.62 vs 1.31 (Diluted EPS) | debt_reduction (alta): Deuda 45053.0M vs 46428.0M | dividend_maintained (baja): Dividendo actual 3.77% con caída del 2.7%,incompleto,pendiente_confirmacion,62.85,65.52,62.85 - 65.52,57.3,58.34,57.30 - 58.34,Pérdida del soporte en 65.52 | ROE negativo durante 2 trimestres consecutivos | Ampliación de capital dilutiva | Recorte de rating a bono basura,6-12,"Bristol-Myers Squibb Company está un 2.7% por debajo de su máximo 52s. Fundamentalmente aceptable con ROE 46.6%, deuda neta/EBITDA 1.8x. Técnicamente 🟢 Cerca de soporte, 🟢 base_pattern_detected. Clasificación: pendiente_confirmacion.","Bristol-Myers Squibb Company está un 2.7% por debajo de su máximo 52s. Fundamentalmente aceptable con ROE 46.6%, deuda neta/EBITDA 1.8x. Técnicamente 🟢 Cerca de soporte, 🟢 base_pattern_detected. Clasificación: pendiente_confirmacion.",🟢 Cerca de soporte | 🟢 base_pattern_detected | 🟡 trendline_break,3.77,11,20,False,55.3,2.02,11499850.0,33986001920.0,1.8,-3.0,gross,71.7,70.2,1.5,46.6,136494.0,15.0,6.12,9.01,2.7,2.7,16.6,56.6,False,False,3.0281,False,50.0,73.7,False,58.03,15.1,True,True,16,18,0.77,65.52,True
87,BDX,"Becton, Dickinson and Company",SP500,Healthcare,Medical Instruments & Supplies,United States,USD,184.74,1.0,script-v2.0,1.0,2026-09-05T11:50:30.951304+02:00,47.2,51.6,82,25,0,12,34,pendiente_confirmacion,pendiente_confirmacion,,False,pass,pendiente,0,desconocido,Pendiente de implementar,confirmada,margin_stabilization (media): Margen gross 46.5% vs 45.7% (+0.8 pp) | eps_stabilization (media): EPS 1.37 vs -1.11 (Diluted EPS) | debt_reduction (alta): Deuda 16808.0M vs 17279.0M | dividend_maintained (baja): Dividendo actual 2.27% con caída del 4.3%,incompleto,pendiente_confirmacion,170.0,180.72,170.00 - 180.72,158.61,164.11,158.61 - 164.11,Pérdida del soporte en 180.72 | ROE negativo durante 2 trimestres consecutivos | Ampliación de capital dilutiva | Recorte de rating a bono basura,6-12,"Becton, Dickinson and Company está un 4.3% por debajo de su máximo 52s. Fundamentalmente aceptable con ROE 6.6%, deuda neta/EBITDA 2.6x. Técnicamente 🟢 Cerca de soporte, 🟢 base_pattern_detected. Clasificación: pendiente_confirmacion.","Becton, Dickinson and Company está un 4.3% por debajo de su máximo 52s. Fundamentalmente aceptable con ROE 6.6%, deuda neta/EBITDA 2.6x. Técnicamente 🟢 Cerca de soporte, 🟢 base_pattern_detected. Clasificación: pendiente_confirmacion.",🟢 Cerca de soporte | 🟢 base_pattern_detected | 🟡 trendline_break,2.27,11,20,False,72.5,0.69,2120672.0,16098999488.0,2.63,-2.7,gross,46.9,46.4,0.5,6.6,50321.0,32.0,2.06,10.85,4.3,4.3,16.5,57.5,False,False,8.4508,False,32.6,47.8,False,159.4,15.9,True,True,16,18,0.84,180.72,True
88,EMR,Emerson Electric Company,SP500,Industrials,Specialty Industrial Machinery,United States,USD,152.82,1.0,script-v2.0,1.0,2026-09-05T11:50:26.794974+02:00,45.4,46.2,99,0,0,12,43,pendiente_confirmacion,pendiente_confirmacion,,False,pass,pendiente,0,desconocido,Pendiente de implementar,confirmada,margin_stabilization (media): Margen gross 54.5% vs 53.1% (+1.4 pp) | eps_stabilization (media): EPS 1.28 vs 1.10 (Diluted EPS) | debt_reduction (alta): Deuda 13802.0M vs 14057.0M | dividend_maintained (baja): Dividendo actual 1.45% con caída del 8.1%,incompleto,pendiente_confirmacion,137.59,149.09,137.59 - 149.09,141.4,141.77,141.40 - 141.77,Pérdida del soporte en 137.59 | ROE negativo durante 2 trimestres consecutivos | Ampliación de capital dilutiva | Recorte de rating a bono basura,6-12,"Emerson Electric Company está un 8.1% por debajo de su máximo 52s. Fundamentalmente aceptable con ROE 12.8%, deuda neta/EBITDA 1.9x. Técnicamente 🟡 MACD convergiendo, 🟢 base_pattern_detected. Clasificación: pendiente_confirmacion.","Emerson Electric Company está un 8.1% por debajo de su máximo 52s. Fundamentalmente aceptable con ROE 12.8%, deuda neta/EBITDA 1.9x. Técnicamente 🟡 MACD convergiendo, 🟢 base_pattern_detected. Clasificación: pendiente_confirmacion.",🟡 MACD convergiendo | 🟢 base_pattern_detected | 🟡 trendline_break,1.45,11,20,False,48.0,0.68,2717520.0,11622000384.0,1.92,-1.8,gross,53.2,53.2,0.0,12.8,85243.0,32.9,4.18,15.99,8.1,7.8,7.8,49.0,False,True,4.8817,False,42.7,26.1,False,142.32,7.4,True,True,25,18,0.97,137.59,True
89,0019.HK,SWIRE PACIFIC A,ASIA,Industrials,Conglomerates,Hong Kong,HKD,106.3,1.0,script-v2.0,1.0,2026-09-05T11:51:44.068823+02:00,45.3,48.5,81,20,0,6,36,pendiente_confirmacion,pendiente_confirmacion,,False,pass,pendiente,0,desconocido,Pendiente de implementar,parcial,debt_reduction (alta): Deuda 95141.0M vs 103840.0M | dividend_maintained (baja): Dividendo actual 3.76% con caída del 0.7%,incompleto,pendiente_confirmacion,95.69,101.73,95.69 - 101.73,81.48,90.95,81.48 - 90.95,Pérdida del soporte en 101.73 | ROE negativo durante 2 trimestres consecutivos | Ampliación de capital dilutiva | Recorte de rating a bono basura,6-12,"SWIRE PACIFIC A está un 0.7% por debajo de su máximo 52s. Fundamentalmente aceptable con ROE 3.2%, deuda neta/EBITDA 5.0x. Técnicamente 🟡 MACD convergiendo, 🟢 Cerca de soporte. Clasificación: pendiente_confirmacion.","SWIRE PACIFIC A está un 0.7% por debajo de su máximo 52s. Fundamentalmente aceptable con ROE 3.2%, deuda neta/EBITDA 5.0x. Técnicamente 🟡 MACD convergiendo, 🟢 Cerca de soporte. Clasificación: pendiente_confirmacion.",🟡 MACD convergiendo | 🟢 Cerca de soporte | 🟡 trendline_break,3.76,11,20,False,57.8,0.29,1050933.0,72894003200.0,4.95,-8.4,,36.1,,,3.2,385648.0,16.2,0.54,18.54,0.7,0.7,30.5,64.3,False,True,7.0466,False,88.7,77.7,False,82.83,28.3,False,True,30,6,0.89,101.73,True
90,105560.KS,KBFinancialGroup,ASIA,Financial Services,Banks - Regional,South Korea,KRW,172000.0,1.0,script-v2.0,1.0,2026-09-05T11:51:52.402697+02:00,45.2,46.3,74,22,0,7,42,pendiente_confirmacion,pendiente_confirmacion,,False,pass,pendiente,0,desconocido,Pendiente de implementar,parcial,"eps_stabilization (media): EPS 5120.00 vs 4458.00 (Diluted EPS) | dividend_maintained (baja): Dividendo actual 2.69% con caída del 11.6% | analyst_upgrade (media): Target 213395.00 vs precio 172000.00 (+24%), recKey none",incompleto,pendiente_confirmacion,160012.03,168584.77,160012.03 - 168584.77,149232.38,165325.0,149232.38 - 165325.00,Pérdida del soporte en 160012.03 | ROE negativo durante 2 trimestres consecutivos | Ampliación de capital dilutiva | Recorte de rating a bono basura,6-12,"KBFinancialGroup está un 11.6% por debajo de su máximo 52s. Fundamentalmente aceptable con ROE 10.2%, dividendo 2.7%. Técnicamente 🟢 base_pattern_detected, 🟡 trendline_break. Clasificación: pendiente_confirmacion.","KBFinancialGroup está un 11.6% por debajo de su máximo 52s. Fundamentalmente aceptable con ROE 10.2%, dividendo 2.7%. Técnicamente 🟢 base_pattern_detected, 🟡 trendline_break. Clasificación: pendiente_confirmacion.",🟢 base_pattern_detected | 🟡 trendline_break,2.69,11,17,False,27.2,,1363953.0,24998337052672.0,,37.4,,0.0,,,10.2,60390252.0,8.6,,,11.6,11.0,15.3,53.4,False,False,7393.801,False,59.0,68.8,False,152814.72,12.6,True,True,24,18,1.25,160012.03,True
91,DB1.DE,DEUTSCHE BOERSE AG            N,EUROSTOXX,Financial Services,Financial Data & Stock Exchanges,Germany,EUR,281.3,1.0,script-v2.0,1.0,2026-09-05T11:49:29.080394+02:00,44.8,46.7,100,0,0,9,39,pendiente_confirmacion,pendiente_confirmacion,,False,pass,pendiente,0,desconocido,Pendiente de implementar,parcial,eps_stabilization (media): EPS 3.21 vs 2.68 (Diluted EPS) | debt_reduction (alta): Deuda 6187.0M vs 9583.0M | dividend_maintained (baja): Dividendo actual 1.49% con caída del 3.6%,incompleto,pendiente_confirmacion,266.67,277.8,266.67 - 277.80,240.31,248.03,240.31 - 248.03,Pérdida del soporte en 277.80 | ROE negativo durante 2 trimestres consecutivos | Ampliación de capital dilutiva | Recorte de rating a bono basura,6-12,"DEUTSCHE BOERSE AG            N está un 3.6% por debajo de su máximo 52s. Fundamentalmente aceptable con ROE 20.4%, deuda neta/EBITDA 1.3x. Técnicamente 🟢 Cerca de soporte, 🟢 base_pattern_detected. Clasificación: pendiente_confirmacion.","DEUTSCHE BOERSE AG            N está un 3.6% por debajo de su máximo 52s. Fundamentalmente aceptable con ROE 20.4%, deuda neta/EBITDA 1.3x. Técnicamente 🟢 Cerca de soporte, 🟢 base_pattern_detected. Clasificación: pendiente_confirmacion.",🟢 Cerca de soporte | 🟢 base_pattern_detected | 🟡 trendline_break,1.49,11,20,False,36.2,0.58,318054.0,4411999744.0,1.32,-35.4,gross,80.5,50.9,29.6,20.4,50715.0,24.2,4.9,16.58,3.6,3.6,17.1,55.2,False,False,11.9359,False,40.3,47.3,False,241.37,16.5,True,True,21,18,1.11,277.8,True
92,SON.LS,SONAE,EUROSTOXX,Consumer Defensive,Grocery Stores,Portugal,EUR,2.025,1.0,script-v2.0,1.0,2026-09-05T11:50:03.437244+02:00,43.6,45.9,80,16,0,9,37,pendiente_confirmacion,pendiente_confirmacion,,False,pass,pendiente,0,desconocido,Pendiente de implementar,parcial,eps_stabilization (media): EPS 0.04 vs 0.02 (Diluted EPS) | debt_reduction (alta): Deuda 3592.0M vs 3795.3M | dividend_maintained (baja): Dividendo actual 2.96% con caída del 6.0%,incompleto,pendiente_confirmacion,1.94,2.03,1.94 - 2.03,1.83,1.85,1.83 - 1.85,Pérdida del soporte en 1.94 | ROE negativo durante 2 trimestres consecutivos | Ampliación de capital dilutiva | Recorte de rating a bono basura,6-12,"SONAE está un 6.0% por debajo de su máximo 52s. Fundamentalmente aceptable con ROE 8.7%, deuda neta/EBITDA 4.5x. Técnicamente 🟢 Divergencia alcista RSI, 🟢 Cerca de soporte. Clasificación: pendiente_confirmacion.","SONAE está un 6.0% por debajo de su máximo 52s. Fundamentalmente aceptable con ROE 8.7%, deuda neta/EBITDA 4.5x. Técnicamente 🟢 Divergencia alcista RSI, 🟢 Cerca de soporte. Clasificación: pendiente_confirmacion.",🟢 Divergencia alcista RSI | 🟢 Cerca de soporte,2.96,10,10,False,55.4,0.93,1426614.0,3083448000.0,4.5,-5.4,gross,24.7,31.8,-7.2,8.7,3938.0,18.4,1.21,10.24,6.0,6.0,9.2,50.9,False,False,0.0742,False,71.0,68.6,False,1.87,8.4,False,False,37,0,0.91,1.94,True
93,SIE.DE,SIEMENS AG                    N,EUROSTOXX,Industrials,Specialty Industrial Machinery,Germany,EUR,272.65,1.0,script-v2.0,1.0,2026-09-05T11:49:26.447186+02:00,43.5,43.4,93,0,0,12,44,pendiente_confirmacion,pendiente_confirmacion,,False,pass,pendiente,0,desconocido,Pendiente de implementar,confirmada,margin_stabilization (media): Margen gross 40.9% vs 38.9% (+2.0 pp) | eps_stabilization (media): EPS 2.91 vs 2.58 (Diluted EPS) | debt_reduction (alta): Deuda 49924.0M vs 54161.0M | dividend_maintained (baja): Dividendo actual 1.96% con caída del 6.5%,incompleto,pendiente_confirmacion,264.24,272.65,264.24 - 272.65,247.94,251.86,247.94 - 251.86,Pérdida del soporte en 264.24 | ROE negativo durante 2 trimestres consecutivos | Ampliación de capital dilutiva | Recorte de rating a bono basura,6-12,"SIEMENS AG                    N está un 6.5% por debajo de su máximo 52s. Fundamentalmente aceptable con ROE 12.5%, deuda neta/EBITDA 3.1x. Técnicamente 🟢 Cerca de soporte, 🟢 base_pattern_detected. Clasificación: pendiente_confirmacion.","SIEMENS AG                    N está un 6.5% por debajo de su máximo 52s. Fundamentalmente aceptable con ROE 12.5%, deuda neta/EBITDA 3.1x. Técnicamente 🟢 Cerca de soporte, 🟢 base_pattern_detected. Clasificación: pendiente_confirmacion.",🟢 Cerca de soporte | 🟢 base_pattern_detected,1.96,11,20,False,53.4,0.66,982185.0,38994001920.0,3.12,-7.8,gross,39.4,39.4,-0.0,12.5,212739.0,27.2,3.09,20.52,6.5,6.5,8.3,42.8,False,False,10.5955,False,21.8,13.1,False,252.87,7.8,True,False,32,12,1.12,264.24,True
94,055550.KS,ShinhanGroup,ASIA,Financial Services,Banks - Regional,South Korea,KRW,110300.0,1.0,script-v2.0,1.0,2026-09-05T11:51:52.463032+02:00,43.2,45.3,72,22,0,7,37,pendiente_confirmacion,pendiente_confirmacion,,False,pass,pendiente,0,desconocido,Pendiente de implementar,parcial,"eps_stabilization (media): EPS 3327.00 vs 1070.12 (Diluted EPS) | dividend_maintained (baja): Dividendo actual 2.68% con caída del 4.8% | analyst_upgrade (media): Target 132684.20 vs precio 110300.00 (+20%), recMean 1.40, recKey strong_buy",incompleto,pendiente_confirmacion,102645.75,104443.28,102645.75 - 104443.28,92497.63,98515.0,92497.63 - 98515.00,Pérdida del soporte en 102645.75 | ROE negativo durante 2 trimestres consecutivos | Ampliación de capital dilutiva | Recorte de rating a bono basura,6-12,"ShinhanGroup está un 4.8% por debajo de su máximo 52s. Fundamentalmente aceptable con ROE 8.9%, dividendo 2.7%. Técnicamente 🟢 base_pattern_detected, 🟡 trendline_break. Clasificación: pendiente_confirmacion.","ShinhanGroup está un 4.8% por debajo de su máximo 52s. Fundamentalmente aceptable con ROE 8.9%, dividendo 2.7%. Técnicamente 🟢 base_pattern_detected, 🟡 trendline_break. Clasificación: pendiente_confirmacion.",🟢 base_pattern_detected | 🟡 trendline_break,2.68,11,18,False,25.3,,1320760.0,-70555508146176.0,,52.0,,0.0,,,8.9,51936338.0,8.0,,,4.8,4.8,19.2,56.3,False,False,5294.585,False,62.4,75.6,False,94586.61,16.6,True,True,19,18,1.2,102645.75,True
95,BAYN.DE,Bayer AG                      N,EUROSTOXX,Healthcare,Drug Manufacturers - General,Germany,EUR,48.85,1.0,script-v2.0,1.0,2026-09-05T11:49:21.857951+02:00,41.2,40.6,55,28,0,6,43,pendiente_confirmacion,pendiente_confirmacion,,False,pass,pendiente,0,desconocido,Pendiente de implementar,parcial,debt_reduction (alta): Deuda 38431.0M vs 40697.0M | dividend_maintained (baja): Dividendo actual 0.23% con caída del 9.4%,incompleto,pendiente_confirmacion,47.14,48.71,47.14 - 48.71,41.3,45.83,41.30 - 45.83,Pérdida del soporte en 47.14 | ROE negativo durante 2 trimestres consecutivos | Ampliación de capital dilutiva | Recorte de rating a bono basura,6-12,"Bayer AG                      N está un 9.4% por debajo de su máximo 52s. Fundamentalmente aceptable con ROE -5.7%, deuda neta/EBITDA 3.3x. Técnicamente 🟢 Cerca de soporte, 🟢 base_pattern_detected. Clasificación: pendiente_confirmacion.","Bayer AG                      N está un 9.4% por debajo de su máximo 52s. Fundamentalmente aceptable con ROE -5.7%, deuda neta/EBITDA 3.3x. Técnicamente 🟢 Cerca de soporte, 🟢 base_pattern_detected. Clasificación: pendiente_confirmacion.",🟢 Cerca de soporte | 🟢 base_pattern_detected | 🟡 trendline_break,0.23,11,20,True,163.3,1.29,2761960.0,33348998656.0,3.29,-5.6,gross,60.5,58.8,1.6,-5.7,47991.0,10.2,1.62,8.04,9.4,9.4,18.3,53.3,False,False,3.0788,False,51.8,64.7,False,41.74,17.0,True,True,25,18,1.03,47.14,True
96,AMC.AX,AMCOR PLC CDI 1:1 [AMC],ASX,Consumer Cyclical,Packaging & Containers,Switzerland,AUD,63.14,1.0,script-v2.0,1.0,2026-09-05T11:51:19.845829+02:00,41.2,46.0,78,18,0,12,27,pendiente_confirmacion,pendiente_confirmacion,,False,pass,pendiente,0,desconocido,Pendiente de implementar,confirmada,margin_stabilization (media): Margen gross 20.1% vs 19.1% (+1.1 pp) | eps_stabilization (media): EPS 0.60 vs 0.38 (Diluted EPS) | debt_reduction (alta): Deuda 15140.0M vs 16019.0M | dividend_maintained (baja): Dividendo actual 5.83% con caída del 11.2%,incompleto,pendiente_confirmacion,61.23,63.14,61.23 - 63.14,59.63,60.43,59.63 - 60.43,Pérdida del soporte en 61.23 | ROE negativo durante 2 trimestres consecutivos | Ampliación de capital dilutiva | Recorte de rating a bono basura,6-12,"AMCOR PLC CDI 1:1 [AMC] está un 11.2% por debajo de su máximo 52s. Fundamentalmente aceptable con ROE 9.4%, deuda neta/EBITDA 4.0x. Técnicamente 🟢 Cerca de soporte. Clasificación: pendiente_confirmacion.","AMCOR PLC CDI 1:1 [AMC] está un 11.2% por debajo de su máximo 52s. Fundamentalmente aceptable con ROE 9.4%, deuda neta/EBITDA 4.0x. Técnicamente 🟢 Cerca de soporte. Clasificación: pendiente_confirmacion.",🟢 Cerca de soporte,5.83,11,20,False,109.3,1.28,595448.0,14024999680.0,3.97,-5.5,gross,20.0,19.1,0.9,9.4,29193.0,19.0,1.77,12.22,11.2,16.6,5.9,44.9,False,False,1.6726,False,14.5,18.6,False,59.51,6.1,False,False,27,0,0.69,61.23,True
97,AAPL,Apple Inc.,SP500,Technology,Consumer Electronics,United States,USD,319.97,1.0,script-v2.0,1.0,2026-09-05T11:51:06.514119+02:00,40.5,45.7,98,0,0,12,25,pendiente_confirmacion,pendiente_confirmacion,,False,pass,pendiente,0,desconocido,Pendiente de implementar,confirmada,margin_stabilization (media): Margen gross 50.1% vs 49.3% (+0.8 pp) | eps_stabilization (media): EPS 2.02 vs 2.01 (Diluted EPS) | debt_reduction (alta): Deuda 84344.0M vs 84711.0M | dividend_maintained (baja): Dividendo actual 0.34% con caída del 7.1%,incompleto,pendiente_confirmacion,303.07,314.99,303.07 - 314.99,283.44,292.88,283.44 - 292.88,Pérdida del soporte en 303.07 | ROE negativo durante 2 trimestres consecutivos | Ampliación de capital dilutiva | Recorte de rating a bono basura,6-12,"Apple Inc. está un 7.1% por debajo de su máximo 52s. Fundamentalmente aceptable con ROE 148.8%, deuda neta/EBITDA 0.1x. Técnicamente 🟡 trendline_break. Clasificación: pendiente_confirmacion.","Apple Inc. está un 7.1% por debajo de su máximo 52s. Fundamentalmente aceptable con ROE 148.8%, deuda neta/EBITDA 0.1x. Técnicamente 🟡 trendline_break. Clasificación: pendiente_confirmacion.",🟡 trendline_break,0.34,11,15,False,12.0,0.78,54390470.0,21944995840.0,0.13,-0.4,gross,48.7,48.7,-0.0,148.8,4669700.0,36.7,43.47,27.93,7.1,7.1,12.9,54.0,False,False,12.7491,False,56.8,78.0,False,283.7,12.8,False,True,19,6,0.93,303.07,True
98,KO,Coca-Cola Company (The),SP500,Consumer Defensive,Beverages - Non-Alcoholic,United States,USD,88.07,1.0,script-v2.0,1.0,2026-09-05T11:50:20.519462+02:00,40.3,43.4,93,0,0,7,31,pendiente_confirmacion,pendiente_confirmacion,,False,pass,pendiente,0,desconocido,Pendiente de implementar,parcial,margin_stabilization (media): Margen gross 62.9% vs 63.0% (-0.1 pp) | eps_stabilization (media): EPS 1.03 vs 0.91 (Diluted EPS) | dividend_maintained (baja): Dividendo actual 2.41% con caída del 4.8%,incompleto,pendiente_confirmacion,86.07,86.35,86.07 - 86.35,77.89,78.62,77.89 - 78.62,Pérdida del soporte en 86.35 | ROE negativo durante 2 trimestres consecutivos | Ampliación de capital dilutiva | Recorte de rating a bono basura,6-12,"Coca-Cola Company (The) está un 4.8% por debajo de su máximo 52s. Fundamentalmente aceptable con ROE 42.1%, deuda neta/EBITDA 1.6x. Técnicamente 🟢 Cerca de soporte, 🟡 trendline_break. Clasificación: pendiente_confirmacion.","Coca-Cola Company (The) está un 4.8% por debajo de su máximo 52s. Fundamentalmente aceptable con ROE 42.1%, deuda neta/EBITDA 1.6x. Técnicamente 🟢 Cerca de soporte, 🟡 trendline_break. Clasificación: pendiente_confirmacion.",🟢 Cerca de soporte | 🟡 trendline_break,2.41,11,20,False,62.5,1.16,17419585.0,27889998848.0,1.64,0.8,gross,61.9,61.8,0.0,42.1,378925.0,26.7,10.48,24.06,4.8,4.8,13.1,50.2,False,False,3.6627,False,7.1,22.2,False,78.33,12.4,False,True,25,6,1.15,86.35,True
99,MSFT,Microsoft Corporation,SP500,Technology,Software - Infrastructure,United States,USD,499.7,1.0,script-v2.0,1.0,2026-09-05T11:51:07.009522+02:00,40.3,42.5,91,0,0,7,34,pendiente_confirmacion,pendiente_confirmacion,,False,pass,pendiente,0,desconocido,Pendiente de implementar,parcial,margin_stabilization (media): Margen gross 67.2% vs 67.6% (-0.4 pp) | eps_stabilization (media): EPS 4.81 vs 4.27 (Diluted EPS) | dividend_maintained (baja): Dividendo actual 0.73% con caída del 9.8%,incompleto,pendiente_confirmacion,443.56,492.2,443.56 - 492.20,429.37,470.66,429.37 - 470.66,Pérdida del soporte en 492.20 | ROE negativo durante 2 trimestres consecutivos | Ampliación de capital dilutiva | Recorte de rating a bono basura,6-12,"Microsoft Corporation está un 9.8% por debajo de su máximo 52s. Fundamentalmente aceptable con ROE 34.0%, deuda neta/EBITDA 0.3x. Técnicamente 🟢 Cerca de soporte, 🟢 base_pattern_detected. Clasificación: pendiente_confirmacion.","Microsoft Corporation está un 9.8% por debajo de su máximo 52s. Fundamentalmente aceptable con ROE 34.0%, deuda neta/EBITDA 0.3x. Técnicamente 🟢 Cerca de soporte, 🟢 base_pattern_detected. Clasificación: pendiente_confirmacion.",🟢 Cerca de soporte | 🟢 base_pattern_detected | 🟡 trendline_break,0.73,11,20,False,19.8,0.29,37048623.0,51969998848.0,0.27,126.1,gross,67.9,68.0,-0.0,34.0,3710545.0,28.4,8.39,19.37,9.8,9.1,16.4,59.6,False,False,18.4612,False,56.5,62.5,False,427.39,16.9,True,True,16,18,0.83,492.2,True
100,7267.T,HONDA MOTOR CO,ASIA,Consumer Cyclical,Auto Manufacturers,Japan,JPY,1696.5,1.0,script-v2.0,1.0,2026-09-05T11:51:34.273401+02:00,39.4,43.5,52,36,0,7,27,pendiente_confirmacion,pendiente_confirmacion,,True,pass,pendiente,0,desconocido,Pendiente de implementar,parcial,margin_stabilization (media): Margen gross 22.2% vs 6.4% (+15.8 pp) | eps_stabilization (media): EPS 115.84 vs 46.80 (Diluted EPS) | dividend_maintained (baja): Dividendo actual 4.13% con caída del 3.7%,incompleto,pendiente_confirmacion,1608.39,1655.0,1608.39 - 1655.00,1478.7,1498.12,1478.70 - 1498.12,Pérdida del soporte en 1655.00 | ROE negativo durante 2 trimestres consecutivos | Ampliación de capital dilutiva | Recorte de rating a bono basura,6-12,"HONDA MOTOR CO está un 3.7% por debajo de su máximo 52s. Fundamentalmente aceptable con ROE -0.8%, deuda neta/EBITDA 6.9x. Técnicamente 🟢 Cerca de soporte, 🟡 trendline_break. Clasificación: pendiente_confirmacion.","HONDA MOTOR CO está un 3.7% por debajo de su máximo 52s. Fundamentalmente aceptable con ROE -0.8%, deuda neta/EBITDA 6.9x. Técnicamente 🟢 Cerca de soporte, 🟡 trendline_break. Clasificación: pendiente_confirmacion.",🟢 Cerca de soporte | 🟡 trendline_break,4.13,11,20,False,55.3,1.14,17688447.0,8874140106752.0,6.92,225.1,gross,17.4,17.3,0.1,-0.8,6604503.0,7.4,0.53,12.28,3.7,3.7,14.7,53.9,False,False,74.0234,False,41.9,49.5,False,1481.21,14.5,False,True,21,6,0.96,1655.0,True
101,ASML.AS,ASML HOLDING,EUROSTOXX,Technology,Semiconductor Equipment & Materials,Netherlands,EUR,1467.4,1.0,script-v2.0,1.0,2026-09-05T11:49:48.997713+02:00,37.6,41.8,77,11,0,15,25,pendiente_confirmacion,pendiente_confirmacion,,False,pass,pendiente,0,desconocido,Pendiente de implementar,confirmada,"margin_stabilization (media): Margen gross 54.0% vs 53.0% (+1.0 pp) | eps_stabilization (media): EPS 7.58 vs 7.15 (Diluted EPS) | debt_reduction (alta): Deuda 1984.4M vs 2705.6M | dividend_maintained (baja): Dividendo actual 0.53% con caída del 15.7% | analyst_upgrade (media): Target 2041.85 vs precio 1467.40 (+39%), recMean 1.40, recKey strong_buy",incompleto,pendiente_confirmacion,1362.76,1467.4,1362.76 - 1467.40,1280.75,1479.85,1280.75 - 1479.85,Pérdida del soporte en 1362.76 | ROE negativo durante 2 trimestres consecutivos | Ampliación de capital dilutiva | Recorte de rating a bono basura,6-12,"ASML HOLDING está un 15.7% por debajo de su máximo 52s. Fundamentalmente aceptable con ROE 53.9%, deuda neta/EBITDA -0.4x. Técnicamente 🟡 MACD convergiendo. Clasificación: pendiente_confirmacion.","ASML HOLDING está un 15.7% por debajo de su máximo 52s. Fundamentalmente aceptable con ROE 53.9%, deuda neta/EBITDA -0.4x. Técnicamente 🟡 MACD convergiendo. Clasificación: pendiente_confirmacion.",🟡 MACD convergiendo,0.53,11,20,False,29.5,9.09,686186.0,-5597099904.0,-0.41,-26.7,gross,52.7,52.7,0.0,53.9,563628.0,57.6,25.82,41.37,15.7,15.6,14.6,46.1,False,True,89.5217,False,34.8,19.4,False,1296.1,13.2,False,False,25,0,0.97,1362.76,False
