Rank,Ticker,Nombre,Mercado,Sector,Industria,País,Moneda,Precio,Rules_Version,Model_Version,Config_Version,Evaluation_Timestamp,Score_Total,Score_Cuantitativo,Score_Fundamental,Score_Valoracion,Score_Causal,Score_Recuperacion,Score_Tecnico,Clasificacion,Clasificacion_Base,hard_rules_applied,Capa1_Pasa,Capa1_Status,Capa2_Causal_Classification,Capa2_Causal_Confidence,Capa2_Problem_Type,Capa2_Justification,Capa3_Recovery_Status,Capa3_Recovery_Signals,Capa4_Status,Capa5_Final_Classification,Capa5_Entry_Zone_Min,Capa5_Entry_Zone_Max,Capa5_Entry_Zone,Capa5_Exit_Zone_Min,Capa5_Exit_Zone_Max,Capa5_Exit_Zone,Capa5_Invalidation_Conditions,Capa5_Estimated_Horizon_Months,Capa5_Short_Explanation,Capa5_Summary_Explanation,Señales,Div_Yield_Actual_%,Historial_Div_Años_10,Consec_Antes_Corte,Recorte_Reciente,Payout_%,D/E,Vol_Medio_Diario,Net_Debt,Net_Debt_EBITDA,Variacion_Deuda_Trimestral_%,Tipo_Margen,Margen_Actual_%,Margen_Medio_4T_%,Variacion_Margen_pp,ROE_%,Cap_Millones,PER,P/B,EV_EBITDA,Caida_52s_%,Caida_Max_Multianual_%,Dist_SMA200_%,RSI_14,MACD_Cruce,MACD_Convergiendo,MACD_Semanal,MACD_Semanal_Giro,Estocastico_K,Estocastico_D,Estocastico_Giro,MA40_Semanal,Dist_MA40_Semanal_%,Base_Pattern_Detected,Trendline_Break,Technical_Base_Score,Technical_Bonus_Points,Vol_Ratio,Soporte,SMA50_Girando
1,9021.T,WEST JAPAN RAILWAY CO,ASIA,Industrials,Railroads,Japan,JPY,2920.0,1.0,script-v2.0,1.0,2026-08-15T06:25:03.102543+02:00,83.2,83.6,82,85,0,1,82,seguimiento,seguimiento,Sin señales de recuperación,True,pass,pendiente,0,desconocido,Pendiente de implementar,ausente,dividend_maintained (baja): Dividendo actual 3.34% con caída del 18.4%,fuerte,seguimiento,2809.96,2893.0,2809.96 - 2893.00,2996.92,3040.45,2996.92 - 3040.45,Pérdida del soporte en 2893.00 | ROE negativo durante 2 trimestres consecutivos | Ampliación de capital dilutiva | Recorte de rating a bono basura,6-12,"WEST JAPAN RAILWAY CO está un 18.4% por debajo de su máximo 52s. Fundamentalmente sólida con ROE 9.3%, deuda neta/EBITDA 3.7x. Técnicamente 🟢 Divergencia alcista RSI, 🟡 MACD convergiendo. Clasificación: seguimiento.","WEST JAPAN RAILWAY CO está un 18.4% por debajo de su máximo 52s. Fundamentalmente sólida con ROE 9.3%, deuda neta/EBITDA 3.7x. Técnicamente 🟢 Divergencia alcista RSI, 🟡 MACD convergiendo. Clasificación: seguimiento.",🟢 Divergencia alcista RSI | 🟡 MACD convergiendo | 🟢 Cerca de soporte | 🟡 Apoyo en MA40 semanal | 🟢 base_pattern_detected | 🟡 trendline_break,3.34,11,20,False,35.1,1.15,3078060.0,1360837033984.0,3.67,6.6,,24.8,,,9.3,1328845.0,10.5,1.09,7.55,18.4,15.9,-2.6,50.4,False,True,-31.8302,False,30.3,22.3,False,2989.67,-2.3,True,True,59,23,1.01,2893.0,True
2,0700.HK,TENCENT,ASIA,Communication Services,Internet Content & Information,China,HKD,440.0,1.0,script-v2.0,1.0,2026-08-15T06:25:17.634757+02:00,80.5,84.6,99,72,0,7,68,seguimiento,seguimiento,,True,pass,pendiente,0,desconocido,Pendiente de implementar,parcial,"eps_stabilization (media): EPS 6.30 vs 6.28 (Diluted EPS) | dividend_maintained (baja): Dividendo actual 1.20% con caída del 35.6% | analyst_upgrade (media): Target 691.70 vs precio 440.00 (+57%), recMean 1.33, recKey strong_buy",razonable,seguimiento,418.0,440.0,418.00 - 440.00,526.85,580.55,526.85 - 580.55,Pérdida del soporte en 418.00 | ROE negativo durante 2 trimestres consecutivos | Ampliación de capital dilutiva | Recorte de rating a bono basura,12-18,"TENCENT está un 35.6% por debajo de su máximo 52s. Fundamentalmente sólida con ROE 19.9%, deuda neta/EBITDA 0.0x. Técnicamente 🟢 Divergencia alcista RSI, 🟢 Bajo SMA200 con SMA50 girando. Clasificación: seguimiento.","TENCENT está un 35.6% por debajo de su máximo 52s. Fundamentalmente sólida con ROE 19.9%, deuda neta/EBITDA 0.0x. Técnicamente 🟢 Divergencia alcista RSI, 🟢 Bajo SMA200 con SMA50 girando. Clasificación: seguimiento.",🟢 Divergencia alcista RSI | 🟢 Bajo SMA200 con SMA50 girando | 🟢 Volumen creciente | 🟢 base_pattern_detected,1.2,11,19,False,18.0,0.39,33561960.0,12923994112.0,0.04,,gross,56.7,56.9,-0.2,19.9,3965370.0,14.9,3.0,13.73,35.6,34.8,-16.5,40.4,False,False,-20.2869,False,6.5,20.1,False,514.76,-14.5,True,False,56,12,1.42,,True
3,4568.T,DAIICHI SANKYO COMPANY LIMITED,ASIA,Healthcare,Drug Manufacturers - General,Japan,JPY,2729.0,1.0,script-v2.0,1.0,2026-08-15T06:24:55.909526+02:00,80.1,75.1,97,56,0,4,95,seguimiento,seguimiento,Sin señales de recuperación,True,pass,pendiente,0,desconocido,Pendiente de implementar,ausente,"dividend_maintained (baja): Dividendo actual 3.66% con caída del 34.7% | analyst_upgrade (media): Target 4090.59 vs precio 2729.00 (+50%), recMean 1.53, recKey buy",fuerte,seguimiento,2654.81,2717.8,2654.81 - 2717.80,2985.28,3551.3,2985.28 - 3551.30,Pérdida del soporte en 2717.80 | ROE negativo durante 2 trimestres consecutivos | Ampliación de capital dilutiva | Recorte de rating a bono basura,12-18,"DAIICHI SANKYO COMPANY LIMITED está un 34.7% por debajo de su máximo 52s. Fundamentalmente sólida con ROE 14.8%, deuda neta/EBITDA -0.5x. Técnicamente 🟢 Cruce alcista MACD, 🟢 Bajo SMA200 con SMA50 girando. Clasificación: seguimiento.","DAIICHI SANKYO COMPANY LIMITED está un 34.7% por debajo de su máximo 52s. Fundamentalmente sólida con ROE 14.8%, deuda neta/EBITDA -0.5x. Técnicamente 🟢 Cruce alcista MACD, 🟢 Bajo SMA200 con SMA50 girando. Clasificación: seguimiento.",🟢 Cruce alcista MACD | 🟢 Bajo SMA200 con SMA50 girando | 🟢 Cerca de soporte | 🟢 MACD semanal girando al alza | 🟡 Apoyo en MA40 semanal | 🟢 base_pattern_detected | 🟡 trendline_break,3.66,11,20,False,55.6,0.29,7209463.0,-137370009600.0,-0.49,148.8,,68.5,,,14.8,4965834.0,19.5,2.92,17.39,34.7,54.6,-8.6,51.1,True,False,-84.2276,True,55.5,65.0,False,2913.46,-6.3,True,True,62,33,0.78,2717.8,True
4,FMG.AX,FORTESCUE FPO [FMG],ASX,Basic Materials,Other Industrial Metals & Mining,Australia,AUD,17.64,1.0,script-v2.0,1.0,2026-08-15T06:24:33.851812+02:00,78.3,86.1,100,74,0,1,55,seguimiento,seguimiento,Sin señales de recuperación,True,pass,pendiente,0,desconocido,Pendiente de implementar,ausente,dividend_maintained (baja): Dividendo actual 7.03% con caída del 24.6%,razonable,seguimiento,16.76,17.64,16.76 - 17.64,19.87,20.32,19.87 - 20.32,Pérdida del soporte en 16.76 | ROE negativo durante 2 trimestres consecutivos | Ampliación de capital dilutiva | Recorte de rating a bono basura,6-12,"FORTESCUE FPO [FMG] está un 24.6% por debajo de su máximo 52s. Fundamentalmente sólida con ROE 18.7%, deuda neta/EBITDA 0.1x. Técnicamente 🟢 Divergencia alcista RSI, 🟢 base_pattern_detected. Clasificación: seguimiento.","FORTESCUE FPO [FMG] está un 24.6% por debajo de su máximo 52s. Fundamentalmente sólida con ROE 18.7%, deuda neta/EBITDA 0.1x. Técnicamente 🟢 Divergencia alcista RSI, 🟢 base_pattern_detected. Clasificación: seguimiento.",🟢 Divergencia alcista RSI | 🟢 base_pattern_detected,7.03,11,16,True,58.0,0.28,5999271.0,1013000192.0,0.12,,,41.9,,,18.7,54313.0,10.3,1.85,6.77,24.6,23.7,-13.2,35.3,False,False,-0.5653,False,11.4,15.2,False,20.27,-13.0,True,False,43,12,1.06,,False
5,9022.T,CENTRAL JAPAN RAILWAY CO,ASIA,Industrials,Railroads,Japan,JPY,3861.0,1.0,script-v2.0,1.0,2026-08-15T06:25:04.461654+02:00,77.3,79.1,77,81,0,4,72,seguimiento,seguimiento,Sin señales de recuperación,True,pass,pendiente,0,desconocido,Pendiente de implementar,ausente,eps_stabilization (media): EPS 149.59 vs 147.88 (Diluted EPS) | dividend_maintained (baja): Dividendo actual 0.83% con caída del 20.1%,fuerte,seguimiento,3633.56,3764.0,3633.56 - 3764.00,4039.9,4105.5,4039.90 - 4105.50,Pérdida del soporte en 3764.00 | ROE negativo durante 2 trimestres consecutivos | Ampliación de capital dilutiva | Recorte de rating a bono basura,6-12,"CENTRAL JAPAN RAILWAY CO está un 20.1% por debajo de su máximo 52s. Fundamentalmente sólida con ROE 11.2%, deuda neta/EBITDA 4.3x. Técnicamente 🟡 MACD convergiendo, 🟢 Cerca de soporte. Clasificación: seguimiento.","CENTRAL JAPAN RAILWAY CO está un 20.1% por debajo de su máximo 52s. Fundamentalmente sólida con ROE 11.2%, deuda neta/EBITDA 4.3x. Técnicamente 🟡 MACD convergiendo, 🟢 Cerca de soporte. Clasificación: seguimiento.",🟡 MACD convergiendo | 🟢 Cerca de soporte | 🟢 MACD semanal girando al alza | 🟢 Estocástico sale de sobreventa | 🟡 Apoyo en MA40 semanal | 🟡 trendline_break,0.83,11,20,False,5.6,0.92,3118557.0,4425204924416.0,4.28,11.6,,51.9,,,11.2,3665557.0,6.8,0.71,7.87,20.1,19.8,-4.4,53.2,False,True,-58.8434,True,18.4,14.1,True,4030.32,-4.2,False,True,45,27,0.81,3764.0,True
6,CPB,The Campbell's Company,SP500,Consumer Defensive,Packaged Foods,United States,USD,23.17,1.0,script-v2.0,1.0,2026-08-15T06:24:17.393734+02:00,76.5,77.4,79,76,0,4,74,seguimiento,seguimiento,Sin señales de recuperación,True,pass,pendiente,0,desconocido,Pendiente de implementar,ausente,margin_stabilization (media): Margen gross 27.5% vs 28.0% (-0.5 pp) | dividend_maintained (baja): Dividendo actual 6.73% con caída del 32.2%,fuerte,seguimiento,21.65,22.15,21.65 - 22.15,23.94,29.04,23.94 - 29.04,Pérdida del soporte en 21.65 | ROE negativo durante 2 trimestres consecutivos | Ampliación de capital dilutiva | Recorte de rating a bono basura,12-18,"The Campbell's Company está un 32.2% por debajo de su máximo 52s. Fundamentalmente sólida con ROE 15.4%, deuda neta/EBITDA 4.1x. Técnicamente 🟢 Cruce alcista MACD, 🟢 MACD semanal girando al alza. Clasificación: seguimiento.","The Campbell's Company está un 32.2% por debajo de su máximo 52s. Fundamentalmente sólida con ROE 15.4%, deuda neta/EBITDA 4.1x. Técnicamente 🟢 Cruce alcista MACD, 🟢 MACD semanal girando al alza. Clasificación: seguimiento.",🟢 Cruce alcista MACD | 🟢 MACD semanal girando al alza | 🟡 Apoyo en MA40 semanal | 🟢 base_pattern_detected | 🟡 trendline_break,6.73,11,20,False,76.5,1.82,8442468.0,6934000000.0,4.07,3.7,gross,29.2,28.8,0.4,15.4,6909.0,11.4,1.71,8.14,32.2,51.5,-3.2,56.9,True,False,-0.5666,True,84.1,78.1,False,23.82,-2.7,True,True,41,33,0.8,21.65,True
7,7203.T,TOYOTA MOTOR CORP,ASIA,Consumer Cyclical,Auto Manufacturers,Japan,JPY,3020.0,1.0,script-v2.0,1.0,2026-08-15T06:24:47.987210+02:00,76.3,77.1,75,79,0,10,74,seguimiento,seguimiento,,True,pass,pendiente,0,desconocido,Pendiente de implementar,parcial,"margin_stabilization (media): Margen gross 18.0% vs 15.1% (+2.9 pp) | eps_stabilization (media): EPS 120.69 vs 64.56 (Diluted EPS) | dividend_maintained (baja): Dividendo actual 3.31% con caída del 24.5% | analyst_upgrade (media): Target 3626.00 vs precio 3020.00 (+20%), recMean 1.74, recKey buy",fuerte,seguimiento,2809.94,2877.06,2809.94 - 2877.06,3165.8,3400.0,3165.80 - 3400.00,Pérdida del soporte en 2809.94 | ROE negativo durante 2 trimestres consecutivos | Ampliación de capital dilutiva | Recorte de rating a bono basura,6-12,"TOYOTA MOTOR CORP está un 24.5% por debajo de su máximo 52s. Fundamentalmente sólida con ROE 12.4%, deuda neta/EBITDA 5.5x. Técnicamente 🟢 Divergencia alcista RSI, 🟡 MACD convergiendo. Clasificación: seguimiento.","TOYOTA MOTOR CORP está un 24.5% por debajo de su máximo 52s. Fundamentalmente sólida con ROE 12.4%, deuda neta/EBITDA 5.5x. Técnicamente 🟢 Divergencia alcista RSI, 🟡 MACD convergiendo. Clasificación: seguimiento.",🟢 Divergencia alcista RSI | 🟡 MACD convergiendo | 🟢 MACD semanal girando al alza | 🟡 Apoyo en MA40 semanal | 🟢 base_pattern_detected | 🟡 trendline_break,3.31,11,20,False,27.0,1.15,29477930.0,30602607722496.0,5.46,1.7,gross,16.8,16.7,0.1,12.4,35759977.0,8.6,0.96,11.94,24.5,23.4,-4.6,55.9,False,True,-65.2555,True,41.4,36.3,False,3184.2,-5.2,True,True,41,33,0.61,2809.94,True
8,CSL.AX,CSL FPO [CSL],ASX,Healthcare,Biotechnology,Australia,AUD,136.5,1.0,script-v2.0,1.0,2026-08-15T06:24:27.831810+02:00,73.2,77.7,83,73,0,4,60,seguimiento,seguimiento,Sin señales de recuperación,True,pass,pendiente,0,desconocido,Pendiente de implementar,ausente,eps_stabilization (media): EPS 6.17 vs 5.45 (annual_eps_fallback) | dividend_maintained (baja): Dividendo actual 3.12% con caída del 50.1%,razonable,seguimiento,119.82,127.75,119.82 - 127.75,143.25,232.43,143.25 - 232.43,Pérdida del soporte en 127.75 | ROE negativo durante 2 trimestres consecutivos | Ampliación de capital dilutiva | Recorte de rating a bono basura,18-24,"CSL FPO [CSL] está un 50.1% por debajo de su máximo 52s. Fundamentalmente sólida con ROE 6.7%, deuda neta/EBITDA 2.1x. Técnicamente 🟢 Divergencia alcista RSI, 🟢 MACD semanal girando al alza. Clasificación: seguimiento.","CSL FPO [CSL] está un 50.1% por debajo de su máximo 52s. Fundamentalmente sólida con ROE 6.7%, deuda neta/EBITDA 2.1x. Técnicamente 🟢 Divergencia alcista RSI, 🟢 MACD semanal girando al alza. Clasificación: seguimiento.",🟢 Divergencia alcista RSI | 🟢 MACD semanal girando al alza | 🟡 Apoyo en MA40 semanal | 🟡 trendline_break,3.12,11,20,False,45.5,0.54,1641568.0,9992999936.0,2.06,,gross,51.9,52.1,-0.2,6.7,65371.0,15.6,2.49,16.14,50.1,54.4,-4.7,67.9,False,False,-7.8372,True,89.0,93.5,False,142.54,-4.2,False,True,39,21,1.02,127.75,True
9,0016.HK,SHK PPT,ASIA,Real Estate,Real Estate - Development,Hong Kong,HKD,116.5,1.0,script-v2.0,1.0,2026-08-15T06:25:09.727965+02:00,73.0,69.0,85,55,0,4,85,seguimiento,seguimiento,Sin señales de recuperación,True,pass,pendiente,0,desconocido,Pendiente de implementar,ausente,"dividend_maintained (baja): Dividendo actual 3.24% con caída del 21.7% | analyst_upgrade (media): Target 140.66 vs precio 116.50 (+21%), recMean 1.86, recKey buy",fuerte,seguimiento,112.22,116.5,112.22 - 116.50,118.47,126.48,118.47 - 126.48,Pérdida del soporte en 112.22 | ROE negativo durante 2 trimestres consecutivos | Ampliación de capital dilutiva | Recorte de rating a bono basura,6-12,"SHK PPT está un 21.7% por debajo de su máximo 52s. Fundamentalmente sólida con ROE 3.7%, deuda neta/EBITDA 2.8x. Técnicamente 🔵 RSI recuperándose de sobreventa, 🟢 Divergencia alcista RSI. Clasificación: seguimiento.","SHK PPT está un 21.7% por debajo de su máximo 52s. Fundamentalmente sólida con ROE 3.7%, deuda neta/EBITDA 2.8x. Técnicamente 🔵 RSI recuperándose de sobreventa, 🟢 Divergencia alcista RSI. Clasificación: seguimiento.",🔵 RSI recuperándose de sobreventa | 🟢 Divergencia alcista RSI | 🟡 MACD convergiendo | 🟢 Cerca de soporte | 🟡 Apoyo en MA40 semanal | 🟢 base_pattern_detected,3.24,11,20,False,49.4,0.17,5936744.0,83541997568.0,2.84,,,37.5,,,3.7,337591.0,15.3,0.54,14.59,21.7,21.2,-1.7,41.7,False,True,-0.5191,False,32.6,38.2,False,120.75,-3.5,True,False,68,17,0.69,112.22,False
10,1299.HK,AIA,ASIA,Financial Services,Insurance - Life,Hong Kong,HKD,70.4,1.0,script-v2.0,1.0,2026-08-15T06:25:18.482060+02:00,73.0,75.0,91,61,0,7,67,seguimiento,seguimiento,,True,pass,pendiente,0,desconocido,Pendiente de implementar,parcial,"eps_stabilization (media): EPS 0.62 vs 0.33 (annual_eps_fallback) | dividend_maintained (baja): Dividendo actual 2.74% con caída del 23.6% | analyst_upgrade (media): Target 104.90 vs precio 70.40 (+49%), recMean 1.30, recKey strong_buy",razonable,seguimiento,66.88,70.4,66.88 - 70.40,78.33,79.93,78.33 - 79.93,Pérdida del soporte en 66.88 | ROE negativo durante 2 trimestres consecutivos | Ampliación de capital dilutiva | Recorte de rating a bono basura,6-12,"AIA está un 23.6% por debajo de su máximo 52s. Fundamentalmente sólida con ROE 14.8%, deuda neta/EBITDA 1.2x. Técnicamente 🔵 RSI en sobreventa, 🟢 Divergencia alcista RSI. Clasificación: seguimiento.","AIA está un 23.6% por debajo de su máximo 52s. Fundamentalmente sólida con ROE 14.8%, deuda neta/EBITDA 1.2x. Técnicamente 🔵 RSI en sobreventa, 🟢 Divergencia alcista RSI. Clasificación: seguimiento.",🔵 RSI en sobreventa | 🟢 Divergencia alcista RSI | 🟢 base_pattern_detected,2.74,11,16,False,38.9,0.47,36954175.0,11808999424.0,1.18,50.6,,43.9,,,14.8,725484.0,15.2,2.17,75.09,23.6,22.3,-11.9,31.5,False,False,-1.6528,False,2.0,14.6,False,80.05,-12.1,True,False,55,12,1.17,,False
11,035420.KS,NAVER,ASIA,Communication Services,Internet Content & Information,South Korea,KRW,228000.0,1.0,script-v2.0,1.0,2026-08-15T06:25:21.198055+02:00,71.4,74.5,74,75,0,7,62,seguimiento,seguimiento,,True,pass,pendiente,0,desconocido,Pendiente de implementar,parcial,"margin_stabilization (media): Margen gross 100.0% vs 100.0% (+0.0 pp) | dividend_maintained (baja): Dividendo actual 1.15% con caída del 25.0% | analyst_upgrade (media): Target 303074.06 vs precio 228000.00 (+33%), recMean 1.56, recKey buy",razonable,seguimiento,210833.33,213072.0,210833.33 - 213072.00,229598.38,258400.0,229598.38 - 258400.00,Pérdida del soporte en 210833.33 | ROE negativo durante 2 trimestres consecutivos | Ampliación de capital dilutiva | Recorte de rating a bono basura,12-18,"NAVER está un 25.0% por debajo de su máximo 52s. Fundamentalmente sólida con ROE 5.7%, deuda neta/EBITDA -1.2x. Técnicamente 🟢 Divergencia alcista RSI, 🟢 MACD semanal girando al alza. Clasificación: seguimiento.","NAVER está un 25.0% por debajo de su máximo 52s. Fundamentalmente sólida con ROE 5.7%, deuda neta/EBITDA -1.2x. Técnicamente 🟢 Divergencia alcista RSI, 🟢 MACD semanal girando al alza. Clasificación: seguimiento.",🟢 Divergencia alcista RSI | 🟢 MACD semanal girando al alza | 🟡 Apoyo en MA40 semanal | 🟢 base_pattern_detected,1.15,10,2,False,21.9,0.17,2036284.0,-3653219385344.0,-1.21,27.2,gross,100.0,100.0,0.0,5.7,34104190.0,15.4,,10.72,25.0,25.0,-0.7,58.5,False,False,-5279.7611,True,85.0,72.7,False,227846.68,0.1,True,False,35,27,0.83,210833.33,False
12,LOW,"Lowe's Companies, Inc.",SP500,Consumer Cyclical,Home Improvement Retail,United States,USD,218.47,1.0,script-v2.0,1.0,2026-08-15T06:23:34.046936+02:00,69.8,65.8,77,56,0,15,82,entrada_directa,entrada_directa,,True,pass,pendiente,0,desconocido,Pendiente de implementar,confirmada,"margin_stabilization (media): Margen gross 32.7% vs 32.5% (+0.2 pp) | eps_stabilization (media): EPS 2.90 vs 1.78 (Diluted EPS) | debt_reduction (alta): Deuda 42556.0M vs 44677.0M | dividend_maintained (baja): Dividendo actual 2.29% con caída del 25.5% | analyst_upgrade (media): Target 262.88 vs precio 218.47 (+20%), recMean 1.80, recKey buy",fuerte,entrada_directa,214.57,218.14,214.57 - 218.14,235.71,249.1,235.71 - 249.10,Pérdida del soporte en 218.14 | ROE negativo durante 2 trimestres consecutivos | Ampliación de capital dilutiva | Recorte de rating a bono basura,12-18,"Lowe's Companies, Inc. está un 25.5% por debajo de su máximo 52s. Fundamentalmente sólida con deuda neta/EBITDA 3.3x, dividendo 2.3%. Técnicamente 🟢 Divergencia alcista RSI, 🟢 Bajo SMA200 con SMA50 girando. Clasificación: entrada_directa.","Lowe's Companies, Inc. está un 25.5% por debajo de su máximo 52s. Fundamentalmente sólida con deuda neta/EBITDA 3.3x, dividendo 2.3%. Técnicamente 🟢 Divergencia alcista RSI, 🟢 Bajo SMA200 con SMA50 girando. Clasificación: entrada_directa.",🟢 Divergencia alcista RSI | 🟢 Bajo SMA200 con SMA50 girando | 🟢 Cerca de soporte | 🟢 MACD semanal girando al alza | 🟡 Apoyo en MA40 semanal | 🟢 base_pattern_detected,2.29,11,20,False,40.6,,3071242.0,41769998208.0,3.32,-4.7,gross,33.3,33.3,0.0,,122562.0,18.5,-13.22,13.04,25.5,24.6,-7.3,53.6,False,False,-7.2295,True,69.6,67.2,False,236.18,-7.5,True,False,55,27,0.78,218.14,True
13,T,AT&T Inc.,SP500,Communication Services,Telecom Services,United States,USD,24.89,1.0,script-v2.0,1.0,2026-08-15T06:23:23.824809+02:00,68.3,69.8,89,53,0,7,64,seguimiento,seguimiento,,True,pass,pendiente,0,desconocido,Pendiente de implementar,parcial,margin_stabilization (media): Margen gross 61.8% vs 60.1% (+1.7 pp) | eps_stabilization (media): EPS 0.66 vs 0.54 (Diluted EPS) | dividend_maintained (baja): Dividendo actual 4.46% con caída del 16.4%,razonable,seguimiento,22.54,24.67,22.54 - 24.67,24.59,25.32,24.59 - 25.32,Pérdida del soporte en 24.67 | ROE negativo durante 2 trimestres consecutivos | Ampliación de capital dilutiva | Recorte de rating a bono basura,6-12,"AT&T Inc. está un 16.4% por debajo de su máximo 52s. Fundamentalmente sólida con ROE 18.3%, deuda neta/EBITDA 3.3x. Técnicamente 🟢 Divergencia alcista RSI, 🟢 Cerca de soporte. Clasificación: seguimiento.","AT&T Inc. está un 16.4% por debajo de su máximo 52s. Fundamentalmente sólida con ROE 18.3%, deuda neta/EBITDA 3.3x. Técnicamente 🟢 Divergencia alcista RSI, 🟢 Cerca de soporte. Clasificación: seguimiento.",🟢 Divergencia alcista RSI | 🟢 Cerca de soporte | 🟢 MACD semanal girando al alza | 🟡 Apoyo en MA40 semanal | 🟢 base_pattern_detected,4.46,11,20,False,36.6,1.29,64470137.0,148185993216.0,3.3,5.4,gross,59.7,59.8,-0.1,18.3,170556.0,8.1,1.55,7.49,16.4,13.4,1.2,65.9,False,False,-0.5846,True,84.5,73.0,False,24.69,0.8,True,False,37,27,0.47,24.67,False
14,8002.T,MARUBENI CORP,ASIA,Industrials,Conglomerates,Japan,JPY,4930.0,1.0,script-v2.0,1.0,2026-08-15T06:25:07.247145+02:00,68.1,67.8,95,44,0,4,69,seguimiento,seguimiento,Sin señales de recuperación,True,pass,pendiente,0,desconocido,Pendiente de implementar,ausente,"dividend_maintained (baja): Dividendo actual 2.33% con caída del 22.1% | analyst_upgrade (media): Target 6093.08 vs precio 4930.00 (+24%), recMean 2.14, recKey buy",razonable,seguimiento,4683.5,4930.0,4683.50 - 4930.00,5000.26,5378.8,5000.26 - 5378.80,Pérdida del soporte en 4683.50 | ROE negativo durante 2 trimestres consecutivos | Ampliación de capital dilutiva | Recorte de rating a bono basura,6-12,"MARUBENI CORP está un 22.1% por debajo de su máximo 52s. Fundamentalmente sólida con ROE 14.2%, deuda neta/EBITDA 4.0x. Técnicamente 🟢 Divergencia alcista RSI, 🟡 MACD convergiendo. Clasificación: seguimiento.","MARUBENI CORP está un 22.1% por debajo de su máximo 52s. Fundamentalmente sólida con ROE 14.2%, deuda neta/EBITDA 4.0x. Técnicamente 🟢 Divergencia alcista RSI, 🟡 MACD convergiendo. Clasificación: seguimiento.",🟢 Divergencia alcista RSI | 🟡 MACD convergiendo | 🟡 Apoyo en MA40 semanal | 🟢 base_pattern_detected,2.33,11,20,False,32.6,0.58,4729336.0,2050481061888.0,3.96,0.5,,14.5,,,14.2,8020431.0,14.9,1.8,19.85,22.1,21.3,-1.4,44.2,False,True,9.2998,False,20.5,26.7,False,5115.35,-3.6,True,False,52,17,0.78,,False
15,0066.HK,MTR CORPORATION,ASIA,Industrials,Railroads,Hong Kong,HKD,33.24,1.0,script-v2.0,1.0,2026-08-15T06:25:14.235715+02:00,68.1,71.1,93,52,0,1,59,seguimiento,seguimiento,Sin señales de recuperación,True,pass,pendiente,0,desconocido,Pendiente de implementar,ausente,dividend_maintained (baja): Dividendo actual 3.94% con caída del 12.2%,razonable,seguimiento,31.49,31.87,31.49 - 31.87,31.66,32.2,31.66 - 32.20,Pérdida del soporte en 31.49 | ROE negativo durante 2 trimestres consecutivos | Ampliación de capital dilutiva | Recorte de rating a bono basura,6-12,"MTR CORPORATION está un 12.2% por debajo de su máximo 52s. Fundamentalmente sólida con ROE 11.1%, deuda neta/EBITDA 1.6x. Técnicamente 🟢 Divergencia alcista RSI, 🟡 MACD convergiendo. Clasificación: seguimiento.","MTR CORPORATION está un 12.2% por debajo de su máximo 52s. Fundamentalmente sólida con ROE 11.1%, deuda neta/EBITDA 1.6x. Técnicamente 🟢 Divergencia alcista RSI, 🟡 MACD convergiendo. Clasificación: seguimiento.",🟢 Divergencia alcista RSI | 🟡 MACD convergiendo | 🟢 Volumen creciente | 🟢 base_pattern_detected | 🟡 trendline_break,3.94,11,20,False,35.7,0.75,5868776.0,56487010304.0,1.6,119.5,,35.9,,,11.1,206559.0,9.1,1.01,7.49,12.2,9.8,5.0,59.7,False,True,0.3081,False,75.5,47.5,False,32.0,3.9,True,True,41,18,1.53,31.49,True
16,Z74.SI,Singtel,ASIA,Communication Services,Telecom Services,Singapore,SGD,4.45,1.0,script-v2.0,1.0,2026-08-15T06:25:26.374531+02:00,67.7,60.9,87,38,0,1,88,seguimiento,seguimiento,Sin señales de recuperación,True,pass,pendiente,0,desconocido,Pendiente de implementar,ausente,dividend_maintained (baja): Dividendo actual 2.92% con caída del 15.6%,fuerte,seguimiento,4.25,4.31,4.25 - 4.31,4.48,4.53,4.48 - 4.53,Pérdida del soporte en 4.25 | ROE negativo durante 2 trimestres consecutivos | Ampliación de capital dilutiva | Recorte de rating a bono basura,6-12,"Singtel está un 15.6% por debajo de su máximo 52s. Fundamentalmente sólida con deuda neta/EBITDA 2.3x, dividendo 2.9%. Técnicamente 🟢 Divergencia alcista RSI, 🟡 MACD convergiendo. Clasificación: seguimiento.","Singtel está un 15.6% por debajo de su máximo 52s. Fundamentalmente sólida con deuda neta/EBITDA 2.3x, dividendo 2.9%. Técnicamente 🟢 Divergencia alcista RSI, 🟡 MACD convergiendo. Clasificación: seguimiento.",🟢 Divergencia alcista RSI | 🟡 MACD convergiendo | 🟢 Volumen creciente | 🟢 Cerca de soporte | 🟢 MACD semanal girando al alza | 🟡 Apoyo en MA40 semanal | 🟢 base_pattern_detected,2.92,11,20,False,39.0,0.41,37214916.0,8019799552.0,2.32,2.5,,25.6,,,,72842.0,13.1,2.65,23.54,15.6,13.6,-1.8,58.0,False,True,-0.0432,True,64.3,31.1,False,4.54,-2.1,True,False,61,27,1.41,4.25,True
17,8031.T,MITSUI & CO,ASIA,Industrials,Conglomerates,Japan,JPY,4825.0,1.0,script-v2.0,1.0,2026-08-15T06:25:00.663186+02:00,67.5,63.1,78,50,0,7,81,seguimiento,seguimiento,,True,pass,pendiente,0,desconocido,Pendiente de implementar,parcial,"eps_stabilization (media): EPS 103.65 vs 66.63 (Diluted EPS) | dividend_maintained (baja): Dividendo actual 2.90% con caída del 27.7% | analyst_upgrade (media): Target 6186.43 vs precio 4825.00 (+28%), recMean 1.93, recKey buy",fuerte,seguimiento,4678.27,4767.2,4678.27 - 4767.20,5031.44,5673.75,5031.44 - 5673.75,Pérdida del soporte en 4678.27 | ROE negativo durante 2 trimestres consecutivos | Ampliación de capital dilutiva | Recorte de rating a bono basura,12-18,"MITSUI & CO está un 27.7% por debajo de su máximo 52s. Fundamentalmente sólida con ROE 11.4%, deuda neta/EBITDA 6.4x. Técnicamente 🟢 Divergencia alcista RSI, 🟢 Cruce alcista MACD. Clasificación: seguimiento.","MITSUI & CO está un 27.7% por debajo de su máximo 52s. Fundamentalmente sólida con ROE 11.4%, deuda neta/EBITDA 6.4x. Técnicamente 🟢 Divergencia alcista RSI, 🟢 Cruce alcista MACD. Clasificación: seguimiento.",🟢 Divergencia alcista RSI | 🟢 Cruce alcista MACD | 🟢 Cerca de soporte | 🟡 Apoyo en MA40 semanal | 🟢 base_pattern_detected,2.9,11,20,False,39.5,0.64,6477953.0,4996358733824.0,6.44,21.5,,9.6,,,11.4,13674959.0,16.6,1.52,24.67,27.7,27.7,-4.1,49.0,True,False,-86.1028,False,47.4,59.8,False,5149.42,-6.3,True,False,64,17,0.84,4678.27,False
18,GIS,"General Mills, Inc.",SP500,Consumer Defensive,Packaged Foods,United States,USD,39.2,1.0,script-v2.0,1.0,2026-08-15T06:24:14.709717+02:00,66.9,64.5,64,65,0,9,74,seguimiento,seguimiento,,True,pass,pendiente,0,desconocido,Pendiente de implementar,parcial,margin_stabilization (media): Margen gross 34.8% vs 30.8% (+4.0 pp) | debt_reduction (alta): Deuda 0.0M vs 13967.7M | dividend_maintained (baja): Dividendo actual 6.22% con caída del 23.6%,fuerte,seguimiento,33.65,35.7,33.65 - 35.70,39.25,43.63,39.25 - 43.63,Pérdida del soporte en 33.65 | ROE negativo durante 2 trimestres consecutivos | Ampliación de capital dilutiva | Recorte de rating a bono basura,6-12,"General Mills, Inc. está un 23.6% por debajo de su máximo 52s. Fundamentalmente sólida con ROE -1.0%, deuda neta/EBITDA -0.1x. Técnicamente 🟢 Cruce alcista MACD, 🟢 MACD semanal girando al alza. Clasificación: seguimiento.","General Mills, Inc. está un 23.6% por debajo de su máximo 52s. Fundamentalmente sólida con ROE -1.0%, deuda neta/EBITDA -0.1x. Técnicamente 🟢 Cruce alcista MACD, 🟢 MACD semanal girando al alza. Clasificación: seguimiento.",🟢 Cruce alcista MACD | 🟢 MACD semanal girando al alza | 🟡 Apoyo en MA40 semanal | 🟢 base_pattern_detected | 🟡 trendline_break,6.22,11,20,False,59.4,2.18,10249875.0,-399000000.0,-0.12,-100.0,gross,33.7,33.6,0.1,-1.0,20957.0,12.2,3.79,6.95,23.6,42.9,-0.1,65.9,True,False,-0.8788,True,96.0,93.2,False,39.14,0.2,True,True,41,33,0.86,33.65,True
19,3382.T,SEVEN & I HOLDINGS CO LTD,ASIA,Consumer Defensive,Grocery Stores,Japan,JPY,2070.5,1.0,script-v2.0,1.0,2026-08-15T06:25:06.806249+02:00,66.6,68.1,82,56,0,4,62,seguimiento,seguimiento,Sin señales de recuperación,True,pass,pendiente,0,desconocido,Pendiente de implementar,ausente,eps_stabilization (media): EPS 26.21 vs 18.96 (Diluted EPS) | dividend_maintained (baja): Dividendo actual 2.90% con caída del 14.3%,razonable,seguimiento,1980.94,2009.74,1980.94 - 2009.74,2054.45,2062.65,2054.45 - 2062.65,Pérdida del soporte en 1980.94 | ROE negativo durante 2 trimestres consecutivos | Ampliación de capital dilutiva | Recorte de rating a bono basura,6-12,"SEVEN & I HOLDINGS CO LTD está un 14.3% por debajo de su máximo 52s. Fundamentalmente sólida con ROE 8.0%, deuda neta/EBITDA 3.3x. Técnicamente 🟡 MACD convergiendo, 🟢 Cerca de soporte. Clasificación: seguimiento.","SEVEN & I HOLDINGS CO LTD está un 14.3% por debajo de su máximo 52s. Fundamentalmente sólida con ROE 8.0%, deuda neta/EBITDA 3.3x. Técnicamente 🟡 MACD convergiendo, 🟢 Cerca de soporte. Clasificación: seguimiento.",🟡 MACD convergiendo | 🟢 Cerca de soporte | 🟡 Apoyo en MA40 semanal | 🟢 base_pattern_detected | 🟡 trendline_break,2.9,11,20,False,42.1,1.04,8124676.0,3217205100544.0,3.32,,,16.4,,,8.0,4786570.0,17.4,1.3,8.28,14.3,20.9,0.4,51.0,False,True,5.9937,False,30.1,26.3,False,2075.32,-0.2,True,True,39,23,0.8,1980.94,True
20,MCD,McDonald's Corporation,SP500,Consumer Cyclical,Restaurants,United States,USD,272.83,1.0,script-v2.0,1.0,2026-08-15T06:23:35.077585+02:00,66.5,63.7,77,52,0,12,75,entrada_directa,entrada_directa,,True,pass,pendiente,0,desconocido,Pendiente de implementar,confirmada,margin_stabilization (media): Margen gross 58.0% vs 55.9% (+2.1 pp) | eps_stabilization (media): EPS 3.32 vs 2.78 (Diluted EPS) | debt_reduction (alta): Deuda 54604.0M vs 54881.0M | dividend_maintained (baja): Dividendo actual 2.73% con caída del 20.2%,fuerte,entrada_directa,267.37,272.83,267.37 - 272.83,290.49,296.31,290.49 - 296.31,Pérdida del soporte en 267.37 | ROE negativo durante 2 trimestres consecutivos | Ampliación de capital dilutiva | Recorte de rating a bono basura,6-12,"McDonald's Corporation está un 20.2% por debajo de su máximo 52s. Fundamentalmente sólida con deuda neta/EBITDA 3.6x, dividendo 2.7%. Técnicamente 🟢 Divergencia alcista RSI, 🟢 Cerca de soporte. Clasificación: entrada_directa.","McDonald's Corporation está un 20.2% por debajo de su máximo 52s. Fundamentalmente sólida con deuda neta/EBITDA 3.6x, dividendo 2.7%. Técnicamente 🟢 Divergencia alcista RSI, 🟢 Cerca de soporte. Clasificación: entrada_directa.",🟢 Divergencia alcista RSI | 🟢 Cerca de soporte | 🟢 MACD semanal girando al alza | 🟡 Apoyo en MA40 semanal | 🟢 base_pattern_detected,2.73,11,20,False,59.7,,4620988.0,53782001280.0,3.6,-0.5,gross,57.4,57.4,0.0,,193066.0,22.2,-188.68,16.53,20.2,19.2,-7.9,50.9,False,False,-8.5918,True,59.2,65.1,False,296.7,-8.0,True,False,48,27,0.81,267.37,False
21,9020.T,EAST JAPAN RAILWAY CO,ASIA,Industrials,Railroads,Japan,JPY,3511.0,1.0,script-v2.0,1.0,2026-08-15T06:25:03.326756+02:00,65.4,69.5,61,77,0,1,53,seguimiento,seguimiento,Sin señales de recuperación,True,pass,pendiente,0,desconocido,Pendiente de implementar,ausente,dividend_maintained (baja): Dividendo actual 2.39% con caída del 16.6%,razonable,seguimiento,3297.5,3488.02,3297.50 - 3488.02,3579.35,3690.94,3579.35 - 3690.94,Pérdida del soporte en 3297.50 | ROE negativo durante 2 trimestres consecutivos | Ampliación de capital dilutiva | Recorte de rating a bono basura,6-12,"EAST JAPAN RAILWAY CO está un 16.6% por debajo de su máximo 52s. Fundamentalmente sólida con ROE 7.9%, deuda neta/EBITDA 5.7x. Técnicamente 🟡 MACD convergiendo, 🟡 Apoyo en MA40 semanal. Clasificación: seguimiento.","EAST JAPAN RAILWAY CO está un 16.6% por debajo de su máximo 52s. Fundamentalmente sólida con ROE 7.9%, deuda neta/EBITDA 5.7x. Técnicamente 🟡 MACD convergiendo, 🟡 Apoyo en MA40 semanal. Clasificación: seguimiento.",🟡 MACD convergiendo | 🟡 Apoyo en MA40 semanal | 🟢 base_pattern_detected,2.39,11,20,False,33.7,1.63,3354990.0,4878946918400.0,5.68,7.6,,36.9,,,7.9,3964160.0,16.0,1.29,10.31,16.6,15.7,-4.9,48.6,False,True,-34.6011,False,26.0,20.7,False,3701.7,-5.2,True,False,36,17,0.7,3297.5,False
22,0006.HK,POWER ASSETS,ASIA,Utilities,Utilities - Independent Power Producers,Hong Kong,HKD,59.65,1.0,script-v2.0,1.0,2026-08-15T06:25:13.369190+02:00,64.9,61.2,90,36,0,4,76,seguimiento,seguimiento,Sin señales de recuperación,True,pass,pendiente,0,desconocido,Pendiente de implementar,ausente,eps_stabilization (media): EPS 2.82 vs 2.65 (annual_eps_fallback) | dividend_maintained (baja): Dividendo actual 4.73% con caída del 11.0%,fuerte,seguimiento,57.69,58.35,57.69 - 58.35,56.99,57.01,56.99 - 57.01,Pérdida del soporte en 58.35 | ROE negativo durante 2 trimestres consecutivos | Ampliación de capital dilutiva | Recorte de rating a bono basura,6-12,"POWER ASSETS está un 11.0% por debajo de su máximo 52s. Fundamentalmente sólida con ROE 18.6%, deuda neta/EBITDA -110.8x. Técnicamente 🟢 Divergencia alcista RSI, 🟢 Cruce alcista MACD. Clasificación: seguimiento.","POWER ASSETS está un 11.0% por debajo de su máximo 52s. Fundamentalmente sólida con ROE 18.6%, deuda neta/EBITDA -110.8x. Técnicamente 🟢 Divergencia alcista RSI, 🟢 Cruce alcista MACD. Clasificación: seguimiento.",🟢 Divergencia alcista RSI | 🟢 Cruce alcista MACD | 🟢 Volumen creciente | 🟢 Cerca de soporte | 🟢 base_pattern_detected,4.73,11,20,False,33.6,2.69,3700365.0,-42506999808.0,-110.84,10.4,,100.0,,,18.6,127120.0,7.1,1.23,220.63,11.0,8.1,4.6,61.1,True,False,0.4434,False,96.5,62.0,False,57.87,3.1,True,False,64,12,1.39,58.35,False
23,MGR.AX,MIRVAC GRP STAPLED [MGR],ASX,Real Estate,REIT - Diversified,Australia,AUD,1.77,1.0,script-v2.0,1.0,2026-08-15T06:24:44.461407+02:00,63.0,68.6,67,70,0,4,46,seguimiento,seguimiento,Sin señales de recuperación,True,pass,pendiente,0,desconocido,Pendiente de implementar,ausente,eps_stabilization (media): EPS 0.02 vs -0.20 (annual_eps_fallback) | dividend_maintained (baja): Dividendo actual 5.65% con caída del 28.0%,razonable,seguimiento,1.65,1.73,1.65 - 1.73,1.84,2.09,1.84 - 2.09,Pérdida del soporte en 1.65 | ROE negativo durante 2 trimestres consecutivos | Ampliación de capital dilutiva | Recorte de rating a bono basura,12-18,"MIRVAC GRP STAPLED [MGR] está un 28.0% por debajo de su máximo 52s. Fundamentalmente sólida con ROE 4.2%, deuda neta/EBITDA 5.2x. Técnicamente 🟡 Apoyo en MA40 semanal, 🟢 base_pattern_detected. Clasificación: seguimiento.","MIRVAC GRP STAPLED [MGR] está un 28.0% por debajo de su máximo 52s. Fundamentalmente sólida con ROE 4.2%, deuda neta/EBITDA 5.2x. Técnicamente 🟡 Apoyo en MA40 semanal, 🟢 base_pattern_detected. Clasificación: seguimiento.",🟡 Apoyo en MA40 semanal | 🟢 base_pattern_detected | 🟡 trendline_break,5.65,11,20,False,94.2,0.44,11068349.0,3926999936.0,5.24,,,34.3,,,4.2,6984.0,17.7,0.76,14.57,28.0,24.3,-3.7,52.6,False,False,-0.028,False,41.7,47.7,False,1.82,-2.7,True,True,23,23,0.74,1.65,True
24,IBM,International Business Machines,SP500,Technology,Information Technology Services,United States,USD,234.32,1.0,script-v2.0,1.0,2026-08-15T06:23:49.161460+02:00,62.7,63.6,94,37,0,12,60,entrada_escalada,entrada_escalada,,True,pass,pendiente,0,desconocido,Pendiente de implementar,confirmada,margin_stabilization (media): Margen gross 57.7% vs 56.2% (+1.5 pp) | eps_stabilization (media): EPS 2.27 vs 1.28 (Diluted EPS) | debt_reduction (alta): Deuda 65272.0M vs 69802.0M | dividend_maintained (baja): Dividendo actual 2.88% con caída del 29.5%,razonable,entrada_escalada,226.14,234.32,226.14 - 234.32,264.01,282.59,264.01 - 282.59,Pérdida del soporte en 226.14 | ROE negativo durante 2 trimestres consecutivos | Ampliación de capital dilutiva | Recorte de rating a bono basura,12-18,"International Business Machines está un 29.5% por debajo de su máximo 52s. Fundamentalmente sólida con ROE 34.5%, deuda neta/EBITDA 3.5x. Técnicamente 🟢 Divergencia alcista RSI, 🟢 Cerca de soporte. Clasificación: entrada_escalada.","International Business Machines está un 29.5% por debajo de su máximo 52s. Fundamentalmente sólida con ROE 34.5%, deuda neta/EBITDA 3.5x. Técnicamente 🟢 Divergencia alcista RSI, 🟢 Cerca de soporte. Clasificación: entrada_escalada.",🟢 Divergencia alcista RSI | 🟢 Cerca de soporte | 🟢 base_pattern_detected,2.88,11,20,False,59.8,1.89,11381493.0,57140000768.0,3.47,-6.5,gross,58.1,58.0,0.1,34.5,220761.0,20.8,6.41,17.04,29.5,29.0,-11.2,48.6,False,False,-7.372,False,73.5,80.3,False,262.64,-10.8,True,False,48,12,0.62,226.14,False
25,1038.HK,CKI HOLDINGS,ASIA,Utilities,Utilities - Regulated Electric,Hong Kong,HKD,64.15,1.0,script-v2.0,1.0,2026-08-15T06:25:17.653729+02:00,62.1,62.1,100,29,0,4,62,seguimiento,seguimiento,Sin señales de recuperación,False,pass,pendiente,0,desconocido,Pendiente de implementar,ausente,eps_stabilization (media): EPS 3.28 vs 3.22 (annual_eps_fallback) | dividend_maintained (baja): Dividendo actual 4.10% con caída del 5.5%,razonable,seguimiento,60.35,60.65,60.35 - 60.65,57.72,59.25,57.72 - 59.25,Pérdida del soporte en 60.65 | ROE negativo durante 2 trimestres consecutivos | Ampliación de capital dilutiva | Recorte de rating a bono basura,6-12,"CKI HOLDINGS está un 5.5% por debajo de su máximo 52s. Fundamentalmente sólida con ROE 17.2%, deuda neta/EBITDA -37.6x. Técnicamente 🟢 Divergencia alcista RSI, 🟢 Cruce alcista MACD. Clasificación: seguimiento.","CKI HOLDINGS está un 5.5% por debajo de su máximo 52s. Fundamentalmente sólida con ROE 17.2%, deuda neta/EBITDA -37.6x. Técnicamente 🟢 Divergencia alcista RSI, 🟢 Cruce alcista MACD. Clasificación: seguimiento.",🟢 Divergencia alcista RSI | 🟢 Cruce alcista MACD | 🟢 Volumen creciente | 🟢 base_pattern_detected,4.1,11,20,False,25.7,0.14,2220298.0,-33624002560.0,-37.57,4.6,,18.4,,,17.2,161633.0,6.3,1.09,140.3,5.5,2.7,8.3,68.4,True,False,0.8726,False,93.8,70.0,False,60.19,6.6,True,False,50,12,1.38,60.65,True
26,TWE.AX,TREA WINE FPO [TWE],ASX,Consumer Defensive,Beverages - Wineries & Distilleries,Australia,AUD,5.91,1.0,script-v2.0,1.0,2026-08-15T06:24:46.271645+02:00,61.0,70.9,72,70,0,4,31,seguimiento,seguimiento,Sin señales de recuperación,True,pass,pendiente,0,desconocido,Pendiente de implementar,ausente,eps_stabilization (media): EPS 0.54 vs 0.13 (annual_eps_fallback) | dividend_maintained (baja): Dividendo actual 6.77% con caída del 28.0%,incompleto,seguimiento,4.87,4.9,4.87 - 4.90,4.83,6.98,4.83 - 6.98,Pérdida del soporte en 4.90 | ROE negativo durante 2 trimestres consecutivos | Ampliación de capital dilutiva | Recorte de rating a bono basura,12-18,"TREA WINE FPO [TWE] está un 28.0% por debajo de su máximo 52s. Fundamentalmente sólida con ROE -26.5%, deuda neta/EBITDA 1.7x. Técnicamente 🟢 Volumen creciente, 🟡 trendline_break. Clasificación: seguimiento.","TREA WINE FPO [TWE] está un 28.0% por debajo de su máximo 52s. Fundamentalmente sólida con ROE -26.5%, deuda neta/EBITDA 1.7x. Técnicamente 🟢 Volumen creciente, 🟡 trendline_break. Clasificación: seguimiento.",🟢 Volumen creciente | 🟡 trendline_break,6.77,10,0,False,72.4,0.6,4078918.0,1774900032.0,1.73,,,48.1,,,-26.5,4772.0,17.3,1.24,-7.37,28.0,49.7,22.2,74.9,False,False,0.0532,False,94.3,86.2,False,4.81,22.9,False,True,25,6,1.93,4.9,True
27,000660.KS,SK hynix,ASIA,Technology,Semiconductors,South Korea,KRW,1645000.0,1.0,script-v2.0,1.0,2026-08-15T06:25:22.134058+02:00,60.8,69.5,78,62,0,15,35,pendiente_confirmacion,pendiente_confirmacion,,True,pass,pendiente,0,desconocido,Pendiente de implementar,confirmada,"margin_stabilization (media): Margen gross 79.3% vs 68.8% (+10.5 pp) | eps_stabilization (media): EPS 56670.00 vs 17850.00 (Diluted EPS) | debt_reduction (alta): Deuda 18585999.1M vs 24757848.0M | dividend_maintained (baja): Dividendo actual 0.09% con caída del 44.9% | analyst_upgrade (media): Target 3164331.80 vs precio 1645000.00 (+92%), recMean 1.33, recKey strong_buy",incompleto,pendiente_confirmacion,1373000.0,1645000.0,1373000.00 - 1645000.00,1229144.97,2538950.0,1229144.97 - 2538950.00,Pérdida del soporte en 1373000.00 | ROE negativo durante 2 trimestres consecutivos | Ampliación de capital dilutiva | Recorte de rating a bono basura,18-24,"SK hynix está un 44.9% por debajo de su máximo 52s. Fundamentalmente sólida con ROE 92.7%, deuda neta/EBITDA -0.5x. Técnicamente 🟢 Cruce alcista MACD. Clasificación: pendiente_confirmacion.","SK hynix está un 44.9% por debajo de su máximo 52s. Fundamentalmente sólida con ROE 92.7%, deuda neta/EBITDA -0.5x. Técnicamente 🟢 Cruce alcista MACD. Clasificación: pendiente_confirmacion.",🟢 Cruce alcista MACD,0.09,11,13,False,2.8,7.08,5831615.0,-69372003483648.0,-0.48,-24.9,gross,70.2,64.8,5.4,92.7,1167711279.0,3.6,,7.4,44.9,44.9,33.8,47.3,True,False,205501.0914,False,84.5,61.6,False,1279242.66,28.6,False,False,35,0,0.8,1373000.0,False
28,ED,"Consolidated Edison, Inc.",SP500,Utilities,Utilities - Regulated Electric,United States,USD,108.8,1.0,script-v2.0,1.0,2026-08-15T06:23:34.178387+02:00,60.6,62.1,92,36,0,1,56,seguimiento,seguimiento,Sin señales de recuperación,True,pass,pendiente,0,desconocido,Pendiente de implementar,ausente,dividend_maintained (baja): Dividendo actual 3.23% con caída del 6.4%,razonable,seguimiento,107.37,108.8,107.37 - 108.80,98.8,105.66,98.80 - 105.66,Pérdida del soporte en 107.37 | ROE negativo durante 2 trimestres consecutivos | Ampliación de capital dilutiva | Recorte de rating a bono basura,6-12,"Consolidated Edison, Inc. está un 6.4% por debajo de su máximo 52s. Fundamentalmente sólida con ROE 9.0%, deuda neta/EBITDA 4.4x. Técnicamente 🟡 MACD convergiendo, 🟢 Cerca de soporte. Clasificación: seguimiento.","Consolidated Edison, Inc. está un 6.4% por debajo de su máximo 52s. Fundamentalmente sólida con ROE 9.0%, deuda neta/EBITDA 4.4x. Técnicamente 🟡 MACD convergiendo, 🟢 Cerca de soporte. Clasificación: seguimiento.",🟡 MACD convergiendo | 🟢 Cerca de soporte | 🟡 Apoyo en MA40 semanal | 🟢 base_pattern_detected,3.23,11,20,False,57.1,1.1,2435596.0,26850000000.0,4.36,4.2,gross,53.4,53.2,0.2,9.0,40237.0,17.9,1.56,10.89,6.4,,3.0,47.7,False,True,1.2569,False,33.4,27.9,False,106.43,2.2,True,False,39,17,0.85,107.37,True
29,4503.T,ASTELLAS PHARMA,ASIA,Healthcare,Drug Manufacturers - General,Japan,JPY,2356.5,1.0,script-v2.0,1.0,2026-08-15T06:24:55.383778+02:00,60.6,65.9,100,36,0,9,45,seguimiento,seguimiento,,True,pass,pendiente,0,desconocido,Pendiente de implementar,parcial,eps_stabilization (media): EPS 78.96 vs 38.11 (Diluted EPS) | debt_reduction (alta): Deuda 589870.0M vs 831426.0M | dividend_maintained (baja): Dividendo actual 3.39% con caída del 13.3%,razonable,seguimiento,2184.53,2283.11,2184.53 - 2283.11,2194.77,2309.45,2194.77 - 2309.45,Pérdida del soporte en 2283.11 | ROE negativo durante 2 trimestres consecutivos | Ampliación de capital dilutiva | Recorte de rating a bono basura,6-12,"ASTELLAS PHARMA está un 13.3% por debajo de su máximo 52s. Fundamentalmente sólida con ROE 21.3%, deuda neta/EBITDA 0.5x. Técnicamente 🟢 Divergencia alcista RSI, 🟢 Cerca de soporte. Clasificación: seguimiento.","ASTELLAS PHARMA está un 13.3% por debajo de su máximo 52s. Fundamentalmente sólida con ROE 21.3%, deuda neta/EBITDA 0.5x. Técnicamente 🟢 Divergencia alcista RSI, 🟢 Cerca de soporte. Clasificación: seguimiento.",🟢 Divergencia alcista RSI | 🟢 Cerca de soporte | 🟢 base_pattern_detected,3.39,11,20,False,48.1,0.3,6688114.0,345172000768.0,0.52,-29.1,,80.8,,,21.3,4225237.0,14.5,2.17,6.75,13.3,13.3,7.4,64.3,False,False,17.9187,False,91.9,88.0,False,2246.61,4.9,True,False,33,12,0.76,2283.11,True
30,7751.T,CANON INC,ASIA,Technology,Computer Hardware,Japan,JPY,4656.0,1.0,script-v2.0,1.0,2026-08-15T06:24:58.780545+02:00,60.6,64.8,92,41,0,1,48,seguimiento,seguimiento,Sin señales de recuperación,True,pass,pendiente,0,desconocido,Pendiente de implementar,ausente,dividend_maintained (baja): Dividendo actual 3.44% con caída del 7.5%,razonable,seguimiento,4220.91,4362.69,4220.91 - 4362.69,4278.05,4389.58,4278.05 - 4389.58,Pérdida del soporte en 4220.91 | ROE negativo durante 2 trimestres consecutivos | Ampliación de capital dilutiva | Recorte de rating a bono basura,6-12,"CANON INC está un 7.5% por debajo de su máximo 52s. Fundamentalmente sólida con ROE 10.4%, deuda neta/EBITDA 0.7x. Técnicamente 🟢 Cruce alcista MACD, 🟢 base_pattern_detected. Clasificación: seguimiento.","CANON INC está un 7.5% por debajo de su máximo 52s. Fundamentalmente sólida con ROE 10.4%, deuda neta/EBITDA 0.7x. Técnicamente 🟢 Cruce alcista MACD, 🟢 base_pattern_detected. Clasificación: seguimiento.",🟢 Cruce alcista MACD | 🟢 base_pattern_detected | 🟡 trendline_break,3.44,11,20,False,40.5,0.34,4254914.0,525887012864.0,0.72,34.2,,47.8,,,10.4,3929446.0,11.8,1.14,6.35,7.5,6.0,6.1,60.7,True,False,54.1688,False,75.6,60.7,False,4396.27,5.9,True,True,30,18,0.67,4220.91,True
31,HEIA.AS,HEINEKEN,EUROSTOXX,Consumer Defensive,Beverages - Brewers,Netherlands,EUR,73.52,1.0,script-v2.0,1.0,2026-08-15T06:22:33.011597+02:00,60.5,62.3,89,39,0,7,55,seguimiento,seguimiento,,True,pass,pendiente,0,desconocido,Pendiente de implementar,parcial,"eps_stabilization (media): EPS 3.38 vs 1.74 (annual_eps_fallback) | dividend_maintained (baja): Dividendo actual 2.61% | analyst_upgrade (media): Target 88.53 vs precio 73.52 (+20%), recMean 1.87, recKey buy",razonable,seguimiento,,,,68.37,68.37,68.37,ROE negativo durante 2 trimestres consecutivos | Ampliación de capital dilutiva | Recorte de rating a bono basura,12-18,"HEINEKEN está un N/D por debajo de su máximo 52s. Fundamentalmente sólida con ROE 12.1%, deuda neta/EBITDA 3.2x. Técnicamente 🟡 MACD convergiendo, 🟢 Volumen creciente. Clasificación: seguimiento.","HEINEKEN está un N/D por debajo de su máximo 52s. Fundamentalmente sólida con ROE 12.1%, deuda neta/EBITDA 3.2x. Técnicamente 🟡 MACD convergiendo, 🟢 Volumen creciente. Clasificación: seguimiento.",🟡 MACD convergiendo | 🟢 Volumen creciente | 🟢 base_pattern_detected,2.61,11,20,False,46.3,0.95,911904.0,17812999680.0,3.22,17.4,,37.0,,,12.1,40817.0,17.9,2.11,11.01,,,,42.3,False,True,1.9586,False,,,False,70.27,,True,False,43,12,1.54,,False
32,QCOM,QUALCOMM Incorporated,SP500,Technology,Semiconductors,United States,USD,165.79,1.0,script-v2.0,1.0,2026-08-15T06:24:26.403008+02:00,60.0,65.3,100,35,0,6,44,pendiente_confirmacion,pendiente_confirmacion,,True,pass,pendiente,0,desconocido,Pendiente de implementar,parcial,debt_reduction (alta): Deuda 15270.0M vs 15270.0M | dividend_maintained (baja): Dividendo actual 2.22% con caída del 36.2%,incompleto,pendiente_confirmacion,163.34,165.79,163.34 - 165.79,167.67,220.93,167.67 - 220.93,Pérdida del soporte en 163.34 | ROE negativo durante 2 trimestres consecutivos | Ampliación de capital dilutiva | Recorte de rating a bono basura,12-18,"QUALCOMM Incorporated está un 36.2% por debajo de su máximo 52s. Fundamentalmente sólida con ROE 33.8%, deuda neta/EBITDA 0.6x. Técnicamente 🟢 Cerca de soporte, 🟡 Apoyo en MA40 semanal. Clasificación: pendiente_confirmacion.","QUALCOMM Incorporated está un 36.2% por debajo de su máximo 52s. Fundamentalmente sólida con ROE 33.8%, deuda neta/EBITDA 0.6x. Técnicamente 🟢 Cerca de soporte, 🟡 Apoyo en MA40 semanal. Clasificación: pendiente_confirmacion.",🟢 Cerca de soporte | 🟡 Apoyo en MA40 semanal,2.22,11,20,False,41.0,0.55,17925065.0,6965999616.0,0.58,-0.0,gross,54.2,54.2,0.0,33.8,174079.0,18.9,6.34,15.0,36.2,36.0,-1.1,47.1,False,False,1.4277,False,88.1,78.9,False,168.27,-1.5,False,False,39,5,0.61,163.34,False
33,RIO.L,RIO TINTO PLC ORD 10P,EUROSTOXX,Basic Materials,Other Industrial Metals & Mining,United Kingdom,GBp,7059.0,1.0,script-v2.0,1.0,2026-08-15T06:23:07.573110+02:00,59.4,62.1,100,29,0,6,51,seguimiento,seguimiento,,False,pass,pendiente,0,desconocido,Pendiente de implementar,parcial,debt_reduction (alta): Deuda 22852.0M vs 23517.0M | dividend_maintained (baja): Dividendo actual 0.05%,razonable,seguimiento,,,,7749.45,7749.45,7749.45,ROE negativo durante 2 trimestres consecutivos | Ampliación de capital dilutiva | Recorte de rating a bono basura,12-18,"RIO TINTO PLC ORD 10P está un N/D por debajo de su máximo 52s. Fundamentalmente sólida con ROE 19.3%, deuda neta/EBITDA 0.6x. Técnicamente 🟢 Divergencia alcista RSI, 🟢 Volumen creciente. Clasificación: seguimiento.","RIO TINTO PLC ORD 10P está un N/D por debajo de su máximo 52s. Fundamentalmente sólida con ROE 19.3%, deuda neta/EBITDA 0.6x. Técnicamente 🟢 Divergencia alcista RSI, 🟢 Volumen creciente. Clasificación: seguimiento.",🟢 Divergencia alcista RSI | 🟢 Volumen creciente | 🟢 base_pattern_detected,0.05,11,20,False,54.9,0.32,3057641.0,13344999424.0,0.58,-2.8,,29.8,,,19.3,114843.0,12.9,2.36,5.94,,,,48.9,False,False,162.7852,False,,,False,6810.4,,True,False,39,12,1.55,,False
34,051910.KS,LGCHEM,ASIA,Basic Materials,Chemicals,South Korea,KRW,280500.0,1.0,script-v2.0,1.0,2026-08-15T06:25:20.643050+02:00,59.3,60.1,51,68,0,7,57,seguimiento,seguimiento,,True,pass,pendiente,0,desconocido,Pendiente de implementar,parcial,"margin_stabilization (media): Margen gross 18.9% vs 13.4% (+5.5 pp) | dividend_maintained (baja): Dividendo actual 0.71% con caída del 35.9% | analyst_upgrade (media): Target 408200.00 vs precio 280500.00 (+46%), recMean 1.72, recKey buy",razonable,seguimiento,266000.0,280500.0,266000.00 - 280500.00,335878.83,371875.0,335878.83 - 371875.00,Pérdida del soporte en 266000.00 | ROE negativo durante 2 trimestres consecutivos | Ampliación de capital dilutiva | Recorte de rating a bono basura,12-18,"LGCHEM está un 35.9% por debajo de su máximo 52s. Fundamentalmente sólida con ROE -5.9%, deuda neta/EBITDA 5.7x. Técnicamente 🟢 Divergencia alcista RSI, 🟢 MACD semanal girando al alza. Clasificación: seguimiento.","LGCHEM está un 35.9% por debajo de su máximo 52s. Fundamentalmente sólida con ROE -5.9%, deuda neta/EBITDA 5.7x. Técnicamente 🟢 Divergencia alcista RSI, 🟢 MACD semanal girando al alza. Clasificación: seguimiento.",🟢 Divergencia alcista RSI | 🟢 MACD semanal girando al alza | 🟢 base_pattern_detected,0.71,10,2,True,,0.74,279051.0,26000248274944.0,5.68,5.5,gross,16.8,17.6,-0.8,-5.9,21956166.0,12.9,,13.37,35.9,35.9,-16.5,55.4,False,False,-19301.743,True,96.6,92.4,False,332806.86,-15.7,True,False,35,22,0.8,266000.0,False
35,SHEL.L,SHELL PLC ORD EUR0.07,EUROSTOXX,Energy,Oil & Gas Integrated,United Kingdom,GBp,3320.0,1.0,script-v2.0,1.0,2026-08-15T06:23:01.799986+02:00,58.8,66.0,98,38,0,12,37,pendiente_confirmacion,pendiente_confirmacion,,True,pass,pendiente,0,desconocido,Pendiente de implementar,confirmada,margin_stabilization (media): Margen gross 19.5% vs 19.3% (+0.2 pp) | eps_stabilization (media): EPS 1.92 vs 1.00 (Diluted EPS) | debt_reduction (alta): Deuda 73076.0M vs 75644.0M | dividend_maintained (baja): Dividendo actual 0.03%,incompleto,pendiente_confirmacion,,,,3194.72,3194.72,3194.72,ROE negativo durante 2 trimestres consecutivos | Ampliación de capital dilutiva | Recorte de rating a bono basura,12-18,"SHELL PLC ORD EUR0.07 está un N/D por debajo de su máximo 52s. Fundamentalmente sólida con ROE 14.3%, deuda neta/EBITDA 0.7x. Técnicamente 🟡 MACD convergiendo, 🟢 base_pattern_detected. Clasificación: pendiente_confirmacion.","SHELL PLC ORD EUR0.07 está un N/D por debajo de su máximo 52s. Fundamentalmente sólida con ROE 14.3%, deuda neta/EBITDA 0.7x. Técnicamente 🟡 MACD convergiendo, 🟢 base_pattern_detected. Clasificación: pendiente_confirmacion.",🟡 MACD convergiendo | 🟢 base_pattern_detected,0.03,11,20,False,32.8,0.4,9415062.0,41701998592.0,0.72,-3.4,gross,26.1,16.8,9.3,14.3,183342.0,9.9,1.45,3.92,,,,53.4,False,True,65.7945,False,,,False,3052.45,,True,False,25,12,0.94,,False
36,6758.T,SONY GROUP CORPORATION,ASIA,Technology,Consumer Electronics,Japan,JPY,3912.0,1.0,script-v2.0,1.0,2026-08-15T06:24:58.979258+02:00,58.8,64.5,89,43,0,10,42,pendiente_confirmacion,pendiente_confirmacion,,True,pass,pendiente,0,desconocido,Pendiente de implementar,parcial,"margin_stabilization (media): Margen gross 36.7% vs 30.8% (+5.9 pp) | eps_stabilization (media): EPS 57.82 vs 13.89 (Diluted EPS) | dividend_maintained (baja): Dividendo actual 0.89% con caída del 18.1% | analyst_upgrade (media): Target 4797.73 vs precio 3912.00 (+23%), recMean 1.35, recKey strong_buy",incompleto,pendiente_confirmacion,3254.32,3453.0,3254.32 - 3453.00,3664.49,4059.6,3664.49 - 4059.60,Pérdida del soporte en 3254.32 | ROE negativo durante 2 trimestres consecutivos | Ampliación de capital dilutiva | Recorte de rating a bono basura,6-12,"SONY GROUP CORPORATION está un 18.1% por debajo de su máximo 52s. Fundamentalmente sólida con ROE 13.2%, deuda neta/EBITDA -0.1x. Técnicamente 🟢 Divergencia alcista RSI, 🟢 base_pattern_detected. Clasificación: pendiente_confirmacion.","SONY GROUP CORPORATION está un 18.1% por debajo de su máximo 52s. Fundamentalmente sólida con ROE 13.2%, deuda neta/EBITDA -0.1x. Técnicamente 🟢 Divergencia alcista RSI, 🟢 base_pattern_detected. Clasificación: pendiente_confirmacion.",🟢 Divergencia alcista RSI | 🟢 base_pattern_detected | 🟡 trendline_break,0.89,11,20,False,13.4,0.21,19669093.0,-299421007872.0,-0.14,12.0,gross,32.2,32.1,0.2,13.2,22899168.0,21.0,2.74,10.5,18.1,17.8,6.8,67.9,False,False,20.174,False,90.1,71.0,False,3614.27,8.2,True,True,24,18,0.93,3254.32,True
37,005930.KS,SamsungElec,ASIA,Technology,Consumer Electronics,South Korea,KRW,274500.0,1.0,script-v2.0,1.0,2026-08-15T06:25:19.653184+02:00,58.3,66.8,78,57,0,15,33,pendiente_confirmacion,pendiente_confirmacion,,True,pass,pendiente,0,desconocido,Pendiente de implementar,confirmada,"margin_stabilization (media): Margen gross 61.2% vs 47.2% (+14.0 pp) | eps_stabilization (media): EPS 7056.00 vs 1801.00 (Diluted EPS) | debt_reduction (alta): Deuda 22408700.4M vs 25239139.0M | dividend_maintained (baja): Dividendo actual 0.54% con caída del 26.7% | analyst_upgrade (media): Target 471908.20 vs precio 274500.00 (+72%), recMean 1.35, recKey strong_buy",incompleto,pendiente_confirmacion,261711.38,274500.0,261711.38 - 274500.00,200227.51,318325.0,200227.51 - 318325.00,Pérdida del soporte en 261711.38 | ROE negativo durante 2 trimestres consecutivos | Ampliación de capital dilutiva | Recorte de rating a bono basura,12-18,"SamsungElec está un 26.7% por debajo de su máximo 52s. Fundamentalmente sólida con ROE 30.8%, deuda neta/EBITDA -0.7x. Técnicamente 🟢 Divergencia alcista RSI, 🟢 Cerca de soporte. Clasificación: pendiente_confirmacion.","SamsungElec está un 26.7% por debajo de su máximo 52s. Fundamentalmente sólida con ROE 30.8%, deuda neta/EBITDA -0.7x. Técnicamente 🟢 Divergencia alcista RSI, 🟢 Cerca de soporte. Clasificación: pendiente_confirmacion.",🟢 Divergencia alcista RSI | 🟢 Cerca de soporte,0.54,11,20,False,13.4,3.87,30853399.0,-167590301270016.0,-0.74,-11.2,gross,57.5,45.4,12.1,30.8,1802521673.0,4.1,,7.05,26.7,26.6,37.1,55.1,False,False,23368.1407,False,98.8,93.5,False,208789.9,31.5,False,False,33,0,0.94,261711.38,False
38,CAP.PA,CAPGEMINI,EUROSTOXX,Technology,Information Technology Services,France,EUR,108.3,1.0,script-v2.0,1.0,2026-08-15T06:22:11.483231+02:00,58.2,62.3,90,38,0,4,46,seguimiento,seguimiento,Sin señales de recuperación,True,pass,pendiente,0,desconocido,Pendiente de implementar,ausente,"dividend_maintained (baja): Dividendo actual 3.14% | analyst_upgrade (media): Target 139.63 vs precio 108.30 (+29%), recMean 1.76, recKey buy",razonable,seguimiento,,,,130.09,130.09,130.09,ROE negativo durante 2 trimestres consecutivos | Ampliación de capital dilutiva | Recorte de rating a bono basura,12-18,"CAPGEMINI está un N/D por debajo de su máximo 52s. Fundamentalmente sólida con ROE 12.2%, deuda neta/EBITDA 2.6x. Técnicamente 🟢 Divergencia alcista RSI, 🟢 MACD semanal girando al alza. Clasificación: seguimiento.","CAPGEMINI está un N/D por debajo de su máximo 52s. Fundamentalmente sólida con ROE 12.2%, deuda neta/EBITDA 2.6x. Técnicamente 🟢 Divergencia alcista RSI, 🟢 MACD semanal girando al alza. Clasificación: seguimiento.",🟢 Divergencia alcista RSI | 🟢 MACD semanal girando al alza | 🟢 base_pattern_detected,3.14,11,20,False,43.2,0.88,735059.0,7907000320.0,2.56,67.8,,26.8,,,12.2,17978.0,13.8,1.57,8.36,,,,59.4,False,False,-3.2455,True,,,False,109.95,,True,False,24,22,0.56,,False
39,RI.PA,PERNOD RICARD,EUROSTOXX,Consumer Defensive,Beverages - Wineries & Distilleries,France,EUR,69.16,1.0,script-v2.0,1.0,2026-08-15T06:22:23.026671+02:00,57.2,64.0,88,43,0,7,37,pendiente_confirmacion,pendiente_confirmacion,,True,pass,pendiente,0,desconocido,Pendiente de implementar,parcial,"eps_stabilization (media): EPS 6.45 vs 5.83 (annual_eps_fallback) | dividend_maintained (baja): Dividendo actual 6.80% | analyst_upgrade (media): Target 85.05 vs precio 69.16 (+23%), recKey none",incompleto,pendiente_confirmacion,,,,91.33,91.33,91.33,ROE negativo durante 2 trimestres consecutivos | Ampliación de capital dilutiva | Recorte de rating a bono basura,12-18,"PERNOD RICARD está un N/D por debajo de su máximo 52s. Fundamentalmente sólida con ROE 8.6%, deuda neta/EBITDA 3.9x. Técnicamente 🟢 MACD semanal girando al alza, 🟢 base_pattern_detected. Clasificación: pendiente_confirmacion.","PERNOD RICARD está un N/D por debajo de su máximo 52s. Fundamentalmente sólida con ROE 8.6%, deuda neta/EBITDA 3.9x. Técnicamente 🟢 MACD semanal girando al alza, 🟢 base_pattern_detected. Clasificación: pendiente_confirmacion.",🟢 MACD semanal girando al alza | 🟢 base_pattern_detected,6.8,11,20,False,84.0,0.82,678961.0,11203999744.0,3.89,8.0,,58.4,,,8.6,17415.0,12.4,1.12,10.23,,,,59.6,False,False,-1.0313,True,,,False,67.93,,True,False,15,22,0.8,,False
40,QBE.AX,QBE INSUR. FPO [QBE],ASX,Financial Services,Insurance - Property & Casualty,Australia,AUD,23.09,1.0,script-v2.0,1.0,2026-08-15T06:24:38.829337+02:00,57.1,61.5,94,33,0,4,44,seguimiento,seguimiento,Sin señales de recuperación,True,pass,pendiente,0,desconocido,Pendiente de implementar,ausente,eps_stabilization (media): EPS 1.42 vs 1.19 (annual_eps_fallback) | dividend_maintained (baja): Dividendo actual 4.72% con caída del 10.6%,incompleto,seguimiento,21.98,23.09,21.98 - 23.09,21.47,21.96,21.47 - 21.96,Pérdida del soporte en 21.98 | ROE negativo durante 2 trimestres consecutivos | Ampliación de capital dilutiva | Recorte de rating a bono basura,6-12,"QBE INSUR. FPO [QBE] está un 10.6% por debajo de su máximo 52s. Fundamentalmente sólida con ROE 19.3%, deuda neta/EBITDA -0.2x. Técnicamente 🔵 RSI en sobreventa, 🟢 Cerca de soporte. Clasificación: seguimiento.","QBE INSUR. FPO [QBE] está un 10.6% por debajo de su máximo 52s. Fundamentalmente sólida con ROE 19.3%, deuda neta/EBITDA -0.2x. Técnicamente 🔵 RSI en sobreventa, 🟢 Cerca de soporte. Clasificación: seguimiento.",🔵 RSI en sobreventa | 🟢 Cerca de soporte,4.72,11,20,False,42.0,0.34,3410917.0,-594000384.0,-0.19,35.8,,18.2,,,19.3,34497.0,11.5,2.1,10.91,10.6,10.6,7.5,29.7,False,False,0.9553,False,27.6,14.0,False,21.54,7.2,False,False,44,0,1.2,21.98,True
41,IP,International Paper Company,SP500,Consumer Cyclical,Packaging & Containers,United States,USD,40.74,1.0,script-v2.0,1.0,2026-08-15T06:24:18.259841+02:00,56.5,62.3,66,59,0,1,39,seguimiento,seguimiento,Sin señales de recuperación,True,pass,pendiente,0,desconocido,Pendiente de implementar,ausente,dividend_maintained (baja): Dividendo actual 4.54% con caída del 18.9%,incompleto,seguimiento,37.94,39.95,37.94 - 39.95,37.32,42.71,37.32 - 42.71,Pérdida del soporte en 39.95 | ROE negativo durante 2 trimestres consecutivos | Ampliación de capital dilutiva | Recorte de rating a bono basura,6-12,"International Paper Company está un 18.9% por debajo de su máximo 52s. Fundamentalmente sólida con ROE -16.5%, deuda neta/EBITDA 2.3x. Técnicamente 🟢 Cerca de soporte, 🟢 base_pattern_detected. Clasificación: seguimiento.","International Paper Company está un 18.9% por debajo de su máximo 52s. Fundamentalmente sólida con ROE -16.5%, deuda neta/EBITDA 2.3x. Técnicamente 🟢 Cerca de soporte, 🟢 base_pattern_detected. Clasificación: seguimiento.",🟢 Cerca de soporte | 🟢 base_pattern_detected | 🟡 trendline_break,4.54,11,20,False,158.1,0.69,5722609.0,9176999552.0,2.33,3.8,gross,29.6,29.8,-0.1,-16.5,21575.0,13.6,1.49,7.82,18.9,27.2,9.2,54.9,False,False,0.6535,False,24.5,31.8,False,37.51,8.6,True,True,21,18,0.73,39.95,True
42,SCG.AX,SCENTRE STAPLED [SCG],ASX,Real Estate,REIT - Retail,Australia,AUD,3.77,1.0,script-v2.0,1.0,2026-08-15T06:24:43.287688+02:00,55.6,60.5,85,39,0,9,41,pendiente_confirmacion,pendiente_confirmacion,,True,pass,pendiente,0,desconocido,Pendiente de implementar,parcial,eps_stabilization (media): EPS 0.34 vs 0.20 (annual_eps_fallback) | debt_reduction (alta): Deuda 15100.5M vs 16774.4M | dividend_maintained (baja): Dividendo actual 4.77% con caída del 11.7%,incompleto,pendiente_confirmacion,3.73,3.77,3.73 - 3.77,3.63,3.74,3.63 - 3.74,Pérdida del soporte en 3.73 | ROE negativo durante 2 trimestres consecutivos | Ampliación de capital dilutiva | Recorte de rating a bono basura,6-12,"SCENTRE STAPLED [SCG] está un 11.7% por debajo de su máximo 52s. Fundamentalmente sólida con ROE 9.6%, deuda neta/EBITDA 5.9x. Técnicamente 🟢 Cerca de soporte, 🟡 Apoyo en MA40 semanal. Clasificación: pendiente_confirmacion.","SCENTRE STAPLED [SCG] está un 11.7% por debajo de su máximo 52s. Fundamentalmente sólida con ROE 9.6%, deuda neta/EBITDA 5.9x. Técnicamente 🟢 Cerca de soporte, 🟡 Apoyo en MA40 semanal. Clasificación: pendiente_confirmacion.",🟢 Cerca de soporte | 🟡 Apoyo en MA40 semanal,4.77,11,16,False,51.2,0.79,12168345.0,14471099968.0,5.87,-10.0,,71.2,,,9.6,19691.0,11.1,1.04,13.87,11.7,7.5,0.8,44.0,False,False,0.0417,False,17.2,21.8,False,3.74,0.9,False,False,36,5,1.07,3.73,True
43,ABI.BR,AB INBEV,EUROSTOXX,Consumer Defensive,Beverages - Brewers,Belgium,EUR,68.62,1.0,script-v2.0,1.0,2026-08-15T06:22:50.359852+02:00,52.6,58.2,95,26,0,12,36,pendiente_confirmacion,pendiente_confirmacion,,False,pass,pendiente,0,desconocido,Pendiente de implementar,confirmada,margin_stabilization (media): Margen gross 57.5% vs 56.6% (+0.9 pp) | eps_stabilization (media): EPS 1.30 vs 0.99 (Diluted EPS) | debt_reduction (alta): Deuda 72732.0M vs 73027.0M | dividend_maintained (baja): Dividendo actual 1.68%,incompleto,pendiente_confirmacion,,,,64.75,64.75,64.75,ROE negativo durante 2 trimestres consecutivos | Ampliación de capital dilutiva | Recorte de rating a bono basura,12-18,"AB INBEV está un N/D por debajo de su máximo 52s. Fundamentalmente aceptable con ROE 11.4%, deuda neta/EBITDA 3.3x. Técnicamente 🟡 MACD convergiendo. Clasificación: pendiente_confirmacion.","AB INBEV está un N/D por debajo de su máximo 52s. Fundamentalmente aceptable con ROE 11.4%, deuda neta/EBITDA 3.3x. Técnicamente 🟡 MACD convergiendo. Clasificación: pendiente_confirmacion.",🟡 MACD convergiendo,1.68,11,20,False,28.9,0.72,1933771.0,64721000448.0,3.28,-0.4,gross,56.5,56.5,0.0,11.4,135143.0,17.0,1.67,10.52,,,,41.6,False,True,3.0638,False,,,False,63.48,,False,False,36,0,1.21,,False
44,TTE.PA,TOTALENERGIES,EUROSTOXX,Energy,Oil & Gas Integrated,France,EUR,75.78,1.0,script-v2.0,1.0,2026-08-15T06:22:26.450651+02:00,52.0,57.3,100,20,0,6,36,pendiente_confirmacion,pendiente_confirmacion,,False,pass,pendiente,0,desconocido,Pendiente de implementar,parcial,debt_reduction (alta): Deuda 62917.0M vs 64008.0M | dividend_maintained (baja): Dividendo actual 4.75%,incompleto,pendiente_confirmacion,,,,69.14,69.14,69.14,ROE negativo durante 2 trimestres consecutivos | Ampliación de capital dilutiva | Recorte de rating a bono basura,12-18,"TOTALENERGIES está un N/D por debajo de su máximo 52s. Fundamentalmente aceptable con ROE 14.5%, deuda neta/EBITDA 0.8x. Técnicamente 🟢 Divergencia alcista RSI, 🟢 base_pattern_detected. Clasificación: pendiente_confirmacion.","TOTALENERGIES está un N/D por debajo de su máximo 52s. Fundamentalmente aceptable con ROE 14.5%, deuda neta/EBITDA 0.8x. Técnicamente 🟢 Divergencia alcista RSI, 🟢 base_pattern_detected. Clasificación: pendiente_confirmacion.",🟢 Divergencia alcista RSI | 🟢 base_pattern_detected,4.75,11,20,False,49.3,0.48,4037472.0,31200002048.0,0.79,-1.7,gross,37.7,30.7,7.0,14.5,168017.0,10.9,1.52,5.08,,,,56.8,False,False,2.378,False,,,False,67.12,,True,False,24,12,0.81,,False
45,ENI.MI,ENI,EUROSTOXX,Energy,Oil & Gas Integrated,Italy,EUR,23.695,1.0,script-v2.0,1.0,2026-08-15T06:22:39.425658+02:00,51.6,56.9,99,20,0,7,36,pendiente_confirmacion,pendiente_confirmacion,,False,pass,pendiente,0,desconocido,Pendiente de implementar,parcial,margin_stabilization (media): Margen gross 6.5% vs 5.9% (+0.5 pp) | eps_stabilization (media): EPS 1.09 vs 0.34 (Diluted EPS) | dividend_maintained (baja): Dividendo actual 4.52%,incompleto,pendiente_confirmacion,,,,21.27,21.27,21.27,ROE negativo durante 2 trimestres consecutivos | Ampliación de capital dilutiva | Recorte de rating a bono basura,12-18,"ENI está un N/D por debajo de su máximo 52s. Fundamentalmente aceptable con ROE 10.9%, deuda neta/EBITDA 1.6x. Técnicamente 🟢 Divergencia alcista RSI, 🟢 base_pattern_detected. Clasificación: pendiente_confirmacion.","ENI está un N/D por debajo de su máximo 52s. Fundamentalmente aceptable con ROE 10.9%, deuda neta/EBITDA 1.6x. Técnicamente 🟢 Divergencia alcista RSI, 🟢 base_pattern_detected. Clasificación: pendiente_confirmacion.",🟢 Divergencia alcista RSI | 🟢 base_pattern_detected,4.52,11,20,False,54.7,0.65,9674124.0,21902001152.0,1.65,8.2,gross,21.5,6.2,15.3,10.9,68539.0,12.3,1.5,7.25,,,,60.3,False,False,1.0247,False,,,False,20.12,,True,False,24,12,0.7,,False
46,RIO.AX,RIO TINTO FPO [RIO],ASX,Basic Materials,Other Industrial Metals & Mining,United Kingdom,AUD,167.59,1.0,script-v2.0,1.0,2026-08-15T06:24:33.771220+02:00,50.9,56.8,100,19,0,6,33,pendiente_confirmacion,pendiente_confirmacion,,False,pass,pendiente,0,desconocido,Pendiente de implementar,parcial,debt_reduction (alta): Deuda 22852.0M vs 23640.0M | dividend_maintained (baja): Dividendo actual 4.00% con caída del 14.4%,incompleto,pendiente_confirmacion,151.73,167.59,151.73 - 167.59,156.41,166.46,156.41 - 166.46,Pérdida del soporte en 151.73 | ROE negativo durante 2 trimestres consecutivos | Ampliación de capital dilutiva | Recorte de rating a bono basura,6-12,"RIO TINTO FPO [RIO] está un 14.4% por debajo de su máximo 52s. Fundamentalmente aceptable con ROE 19.3%, deuda neta/EBITDA 0.6x. Técnicamente 🟢 Divergencia alcista RSI. Clasificación: pendiente_confirmacion.","RIO TINTO FPO [RIO] está un 14.4% por debajo de su máximo 52s. Fundamentalmente aceptable con ROE 19.3%, deuda neta/EBITDA 0.6x. Técnicamente 🟢 Divergencia alcista RSI. Clasificación: pendiente_confirmacion.",🟢 Divergencia alcista RSI,4.0,11,20,False,55.0,0.32,1296837.0,13344999424.0,0.58,-3.3,,29.8,,,19.3,272544.0,16.0,2.92,12.75,14.4,13.0,7.1,48.2,False,False,4.4094,False,54.4,76.6,False,157.42,6.5,False,False,33,0,1.13,151.73,False
47,GALP.LS,GALP ENERGIA-NOM,EUROSTOXX,Energy,Oil & Gas Integrated,Portugal,EUR,20.81,1.0,script-v2.0,1.0,2026-08-15T06:22:52.267273+02:00,50.3,53.1,100,12,0,7,42,pendiente_confirmacion,pendiente_confirmacion,,False,pass,pendiente,0,desconocido,Pendiente de implementar,parcial,margin_stabilization (media): Margen gross 19.6% vs 15.6% (+4.0 pp) | eps_stabilization (media): EPS 0.98 vs -0.15 (Diluted EPS) | dividend_maintained (baja): Dividendo actual 3.27%,incompleto,pendiente_confirmacion,,,,18.92,18.92,18.92,ROE negativo durante 2 trimestres consecutivos | Ampliación de capital dilutiva | Recorte de rating a bono basura,12-18,"GALP ENERGIA-NOM está un N/D por debajo de su máximo 52s. Fundamentalmente aceptable con ROE 24.9%, deuda neta/EBITDA 0.7x. Técnicamente 🟢 Cruce alcista MACD, 🟢 base_pattern_detected. Clasificación: pendiente_confirmacion.","GALP ENERGIA-NOM está un N/D por debajo de su máximo 52s. Fundamentalmente aceptable con ROE 24.9%, deuda neta/EBITDA 0.7x. Técnicamente 🟢 Cruce alcista MACD, 🟢 base_pattern_detected. Clasificación: pendiente_confirmacion.",🟢 Cruce alcista MACD | 🟢 base_pattern_detected,3.27,11,20,False,40.9,0.81,1791316.0,2267000064.0,0.68,5.4,gross,30.6,15.1,15.5,24.9,16775.0,13.3,3.17,5.43,,,,60.1,True,False,0.5667,False,,,False,18.13,,True,False,30,12,0.6,,False
48,005380.KS,HyundaiMtr,ASIA,Consumer Cyclical,Auto Manufacturers,South Korea,KRW,453000.0,1.0,script-v2.0,1.0,2026-08-15T06:25:22.857705+02:00,50.0,52.7,58,48,0,10,42,pendiente_confirmacion,pendiente_confirmacion,,True,pass,pendiente,0,desconocido,Pendiente de implementar,parcial,"margin_stabilization (media): Margen gross 17.5% vs 16.7% (+0.7 pp) | eps_stabilization (media): EPS 8897.00 vs 8683.00 (Diluted EPS) | dividend_maintained (baja): Dividendo actual 2.21% con caída del 42.1% | analyst_upgrade (media): Target 676842.90 vs precio 453000.00 (+49%), recMean 1.68, recKey buy",incompleto,pendiente_confirmacion,438433.2,453000.0,438433.20 - 453000.00,452666.33,665550.0,452666.33 - 665550.00,Pérdida del soporte en 438433.20 | ROE negativo durante 2 trimestres consecutivos | Ampliación de capital dilutiva | Recorte de rating a bono basura,18-24,"HyundaiMtr está un 42.1% por debajo de su máximo 52s. Fundamentalmente aceptable con ROE 7.2%, deuda neta/EBITDA 12.8x. Técnicamente 🟢 Divergencia alcista RSI, 🟢 Cerca de soporte. Clasificación: pendiente_confirmacion.","HyundaiMtr está un 42.1% por debajo de su máximo 52s. Fundamentalmente aceptable con ROE 7.2%, deuda neta/EBITDA 12.8x. Técnicamente 🟢 Divergencia alcista RSI, 🟢 Cerca de soporte. Clasificación: pendiente_confirmacion.",🟢 Divergencia alcista RSI | 🟢 Cerca de soporte | 🟡 Apoyo en MA40 semanal,2.21,11,20,False,30.4,1.39,1186120.0,168549001723904.0,12.8,7.0,gross,17.4,17.7,-0.3,7.2,118610840.0,9.3,,21.13,42.1,42.1,0.1,57.3,False,False,-9529.7331,False,97.4,90.7,False,471831.42,-4.0,False,False,37,5,0.94,438433.2,False
49,SGO.PA,SAINT GOBAIN,EUROSTOXX,Industrials,Building Products & Equipment,France,EUR,83.94,1.0,script-v2.0,1.0,2026-08-15T06:22:23.731458+02:00,49.6,57.2,94,25,0,9,27,pendiente_confirmacion,pendiente_confirmacion,,False,pass,pendiente,0,desconocido,Pendiente de implementar,parcial,eps_stabilization (media): EPS 5.78 vs 5.64 (annual_eps_fallback) | debt_reduction (alta): Deuda 17270.0M vs 18384.0M | dividend_maintained (baja): Dividendo actual 2.74%,incompleto,pendiente_confirmacion,,,,85.64,85.64,85.64,ROE negativo durante 2 trimestres consecutivos | Ampliación de capital dilutiva | Recorte de rating a bono basura,12-18,"SAINT GOBAIN está un N/D por debajo de su máximo 52s. Fundamentalmente aceptable con ROE 11.0%, deuda neta/EBITDA 1.8x. Técnicamente 🟢 base_pattern_detected. Clasificación: pendiente_confirmacion.","SAINT GOBAIN está un N/D por debajo de su máximo 52s. Fundamentalmente aceptable con ROE 11.0%, deuda neta/EBITDA 1.8x. Técnicamente 🟢 base_pattern_detected. Clasificación: pendiente_confirmacion.",🟢 base_pattern_detected,2.74,10,6,False,42.7,0.66,1081099.0,11518999552.0,1.75,-6.1,,27.2,,,11.0,41095.0,15.6,1.69,8.11,,,,63.1,False,False,0.3717,False,,,False,78.44,,True,False,15,12,0.82,,False
50,NESTE.HE,Neste Corporation,EUROSTOXX,Energy,Oil & Gas Refining & Marketing,Finland,EUR,30.47,1.0,script-v2.0,1.0,2026-08-15T06:22:54.507618+02:00,49.5,53.6,100,13,0,12,37,pendiente_confirmacion,pendiente_confirmacion,,False,pass,pendiente,0,desconocido,Pendiente de implementar,confirmada,margin_stabilization (media): Margen gross 21.4% vs 19.4% (+2.0 pp) | eps_stabilization (media): EPS 0.99 vs 0.69 (Diluted EPS) | debt_reduction (alta): Deuda 4698.0M vs 5207.0M | dividend_maintained (baja): Dividendo actual 0.66%,incompleto,pendiente_confirmacion,,,,28.95,28.95,28.95,ROE negativo durante 2 trimestres consecutivos | Ampliación de capital dilutiva | Recorte de rating a bono basura,12-18,"Neste Corporation está un N/D por debajo de su máximo 52s. Fundamentalmente aceptable con ROE 19.4%, deuda neta/EBITDA 1.3x. Técnicamente 🟡 MACD convergiendo, 🟢 base_pattern_detected. Clasificación: pendiente_confirmacion.","Neste Corporation está un N/D por debajo de su máximo 52s. Fundamentalmente aceptable con ROE 19.4%, deuda neta/EBITDA 1.3x. Técnicamente 🟡 MACD convergiendo, 🟢 base_pattern_detected. Clasificación: pendiente_confirmacion.",🟡 MACD convergiendo | 🟢 base_pattern_detected,0.66,11,20,False,10.1,0.56,1061947.0,3612999936.0,1.33,-9.8,gross,20.0,15.0,5.0,19.4,23410.0,15.4,2.77,9.8,,,,51.8,False,True,2.0519,False,,,False,24.6,,True,False,25,12,0.69,,False
51,VZ,Verizon Communications Inc.,SP500,Communication Services,Telecom Services,United States,USD,48.48,1.0,script-v2.0,1.0,2026-08-15T06:23:23.439455+02:00,49.4,53.8,89,23,0,9,36,pendiente_confirmacion,pendiente_confirmacion,,False,pass,pendiente,0,desconocido,Pendiente de implementar,parcial,margin_stabilization (media): Margen gross 61.8% vs 60.3% (+1.5 pp) | debt_reduction (alta): Deuda 193646.0M vs 195872.0M | dividend_maintained (baja): Dividendo actual 5.84% con caída del 6.2%,incompleto,pendiente_confirmacion,44.93,44.98,44.93 - 44.98,43.81,43.93,43.81 - 43.93,Pérdida del soporte en 44.93 | ROE negativo durante 2 trimestres consecutivos | Ampliación de capital dilutiva | Recorte de rating a bono basura,6-12,"Verizon Communications Inc. está un 6.2% por debajo de su máximo 52s. Fundamentalmente aceptable con ROE 15.8%, deuda neta/EBITDA 3.8x. Técnicamente 🟢 Divergencia alcista RSI, 🟢 base_pattern_detected. Clasificación: pendiente_confirmacion.","Verizon Communications Inc. está un 6.2% por debajo de su máximo 52s. Fundamentalmente aceptable con ROE 15.8%, deuda neta/EBITDA 3.8x. Técnicamente 🟢 Divergencia alcista RSI, 🟢 base_pattern_detected. Clasificación: pendiente_confirmacion.",🟢 Divergencia alcista RSI | 🟢 base_pattern_detected,5.84,11,20,False,72.8,1.84,27764477.0,191850002176.0,3.76,-1.1,gross,59.5,59.3,0.1,15.8,201424.0,12.6,1.94,7.72,6.2,3.2,10.7,65.4,False,False,0.6692,False,86.5,76.0,False,44.27,9.5,True,False,24,12,0.61,44.93,True
52,UNH,UnitedHealth Group Incorporated,SP500,Healthcare,Healthcare Plans,United States,USD,401.73,1.0,script-v2.0,1.0,2026-08-15T06:23:45.028832+02:00,48.9,52.5,100,11,0,12,38,pendiente_confirmacion,pendiente_confirmacion,,False,pass,pendiente,0,desconocido,Pendiente de implementar,confirmada,margin_stabilization (media): Margen gross 22.7% vs 16.3% (+6.4 pp) | eps_stabilization (media): EPS 6.90 vs 0.01 (Diluted EPS) | debt_reduction (alta): Deuda 73328.0M vs 78389.0M | dividend_maintained (baja): Dividendo actual 2.31% con caída del 13.0%,incompleto,pendiente_confirmacion,373.43,401.73,373.43 - 401.73,344.09,392.38,344.09 - 392.38,Pérdida del soporte en 373.43 | ROE negativo durante 2 trimestres consecutivos | Ampliación de capital dilutiva | Recorte de rating a bono basura,6-12,"UnitedHealth Group Incorporated está un 13.0% por debajo de su máximo 52s. Fundamentalmente aceptable con ROE 14.2%, deuda neta/EBITDA 1.6x. Técnicamente 🟡 MACD convergiendo, 🟢 Estocástico sale de sobreventa. Clasificación: pendiente_confirmacion.","UnitedHealth Group Incorporated está un 13.0% por debajo de su máximo 52s. Fundamentalmente aceptable con ROE 14.2%, deuda neta/EBITDA 1.6x. Técnicamente 🟡 MACD convergiendo, 🟢 Estocástico sale de sobreventa. Clasificación: pendiente_confirmacion.",🟡 MACD convergiendo | 🟢 Estocástico sale de sobreventa,2.31,11,20,False,57.5,0.69,6020334.0,41860001792.0,1.57,-6.5,gross,19.7,18.8,0.9,14.2,360591.0,25.8,3.48,15.37,13.0,33.6,16.8,42.5,False,True,24.2217,False,14.7,13.8,True,345.9,16.1,False,False,32,6,0.83,373.43,True
53,TXN,Texas Instruments Incorporated,SP500,Technology,Semiconductors,United States,USD,279.58,1.0,script-v2.0,1.0,2026-08-15T06:24:24.889656+02:00,48.7,51.6,98,11,0,7,40,pendiente_confirmacion,pendiente_confirmacion,,False,pass,pendiente,0,desconocido,Pendiente de implementar,parcial,margin_stabilization (media): Margen gross 61.4% vs 58.0% (+3.3 pp) | eps_stabilization (media): EPS 2.14 vs 1.68 (Diluted EPS) | dividend_maintained (baja): Dividendo actual 2.03% con caída del 16.3%,incompleto,pendiente_confirmacion,277.42,279.58,277.42 - 279.58,229.63,283.93,229.63 - 283.93,Pérdida del soporte en 277.42 | ROE negativo durante 2 trimestres consecutivos | Ampliación de capital dilutiva | Recorte de rating a bono basura,6-12,"Texas Instruments Incorporated está un 16.3% por debajo de su máximo 52s. Fundamentalmente aceptable con ROE 35.2%, deuda neta/EBITDA 0.7x. Técnicamente 🟢 Cerca de soporte, 🟢 base_pattern_detected. Clasificación: pendiente_confirmacion.","Texas Instruments Incorporated está un 16.3% por debajo de su máximo 52s. Fundamentalmente aceptable con ROE 35.2%, deuda neta/EBITDA 0.7x. Técnicamente 🟢 Cerca de soporte, 🟢 base_pattern_detected. Clasificación: pendiente_confirmacion.",🟢 Cerca de soporte | 🟢 base_pattern_detected,2.03,11,20,False,85.4,0.78,8665106.0,7050999808.0,0.74,0.0,gross,58.3,58.2,0.2,35.2,255326.0,42.4,14.18,27.56,16.3,15.9,21.8,47.7,False,False,18.7501,False,59.6,47.4,False,233.42,19.8,True,False,28,12,0.69,277.42,False
54,BEI.DE,BEIERSDORF AG                 I,EUROSTOXX,Consumer Defensive,Household & Personal Products,Germany,EUR,78.32,1.0,script-v2.0,1.0,2026-08-15T06:22:07.561848+02:00,47.8,51.4,85,22,0,6,37,pendiente_confirmacion,pendiente_confirmacion,,False,pass,pendiente,0,desconocido,Pendiente de implementar,parcial,debt_reduction (alta): Deuda 110.0M vs 114.0M | dividend_maintained (baja): Dividendo actual 1.28%,incompleto,pendiente_confirmacion,,,,93.63,93.63,93.63,ROE negativo durante 2 trimestres consecutivos | Ampliación de capital dilutiva | Recorte de rating a bono basura,12-18,"BEIERSDORF AG                 I está un N/D por debajo de su máximo 52s. Fundamentalmente aceptable con ROE 10.9%, deuda neta/EBITDA -1.7x. Técnicamente 🟡 MACD convergiendo, 🟢 base_pattern_detected. Clasificación: pendiente_confirmacion.","BEIERSDORF AG                 I está un N/D por debajo de su máximo 52s. Fundamentalmente aceptable con ROE 10.9%, deuda neta/EBITDA -1.7x. Técnicamente 🟡 MACD convergiendo, 🟢 base_pattern_detected. Clasificación: pendiente_confirmacion.",🟡 MACD convergiendo | 🟢 base_pattern_detected,1.28,11,20,False,23.3,1.22,442602.0,-2731999872.0,-1.73,-3.5,,57.1,,,10.9,17115.0,18.2,1.9,9.12,,,,49.6,False,True,-1.8611,False,,,False,83.22,,True,False,25,12,0.57,,False
55,BRK-B,Berkshire Hathaway Inc. New,SP500,Financial Services,Insurance - Diversified,United States,USD,504.03,1.0,script-v2.0,1.0,2026-08-15T06:23:42.996029+02:00,47.7,52.9,54,52,0,11,32,pendiente_confirmacion,pendiente_confirmacion,,True,pass,pendiente,0,desconocido,Pendiente de implementar,parcial,margin_stabilization (media): Margen operating 28.3% vs 14.8% (+13.5 pp) | eps_stabilization (media): EPS 11.91 vs 4.68 (Diluted EPS) | debt_reduction (alta): Deuda 128599.0M vs 128886.0M,incompleto,pendiente_confirmacion,477.16,499.03,477.16 - 499.03,457.08,491.6,457.08 - 491.60,Pérdida del soporte en 477.16 | ROE negativo durante 2 trimestres consecutivos | Ampliación de capital dilutiva | Recorte de rating a bono basura,6-12,"Berkshire Hathaway Inc. New está un 6.3% por debajo de su máximo 52s. Fundamentalmente aceptable con ROE 12.1%, deuda neta/EBITDA -1.8x. Técnicamente 🟡 Apoyo en MA40 semanal, 🟡 trendline_break. Clasificación: pendiente_confirmacion.","Berkshire Hathaway Inc. New está un 6.3% por debajo de su máximo 52s. Fundamentalmente aceptable con ROE 12.1%, deuda neta/EBITDA -1.8x. Técnicamente 🟡 Apoyo en MA40 semanal, 🟡 trendline_break. Clasificación: pendiente_confirmacion.",🟡 Apoyo en MA40 semanal | 🟡 trendline_break,0.0,0,0,False,,0.17,4860680.0,-236914999296.0,-1.81,-0.2,operating,32.6,20.6,12.0,12.1,1078982.0,12.7,0.0,-1.79,6.3,7.0,2.5,47.6,False,False,5.1941,False,11.8,27.7,False,492.58,2.3,False,True,21,11,1.03,477.16,True
56,PHIA.AS,KON.PHILIPS N.V.,EUROSTOXX,Healthcare,Medical Devices,Netherlands,EUR,23.66,1.0,script-v2.0,1.0,2026-08-15T06:22:36.073855+02:00,47.6,49.5,81,22,0,12,42,pendiente_confirmacion,pendiente_confirmacion,,False,pass,pendiente,0,desconocido,Pendiente de implementar,confirmada,margin_stabilization (media): Margen gross 49.3% vs 45.2% (+4.1 pp) | eps_stabilization (media): EPS 0.40 vs 0.16 (Diluted EPS) | debt_reduction (alta): Deuda 7465.0M vs 8097.0M | dividend_maintained (baja): Dividendo actual 3.59%,incompleto,pendiente_confirmacion,,,,23.54,23.54,23.54,ROE negativo durante 2 trimestres consecutivos | Ampliación de capital dilutiva | Recorte de rating a bono basura,12-18,"KON.PHILIPS N.V. está un N/D por debajo de su máximo 52s. Fundamentalmente aceptable con ROE 10.2%, deuda neta/EBITDA 2.4x. Técnicamente 🟢 Cruce alcista MACD, 🟢 base_pattern_detected. Clasificación: pendiente_confirmacion.","KON.PHILIPS N.V. está un N/D por debajo de su máximo 52s. Fundamentalmente aceptable con ROE 10.2%, deuda neta/EBITDA 2.4x. Técnicamente 🟢 Cruce alcista MACD, 🟢 base_pattern_detected. Clasificación: pendiente_confirmacion.",🟢 Cruce alcista MACD | 🟢 base_pattern_detected,3.59,8,2,False,74.6,0.65,2036454.0,5676000000.0,2.35,-7.8,gross,45.9,46.0,-0.0,10.2,23126.0,20.8,2.02,11.95,,,,55.6,True,False,0.0926,False,,,False,23.31,,True,False,30,12,0.79,,False
57,BMY,Bristol-Myers Squibb Company,SP500,Healthcare,Drug Manufacturers - General,United States,USD,63.83,1.0,script-v2.0,1.0,2026-08-15T06:23:58.650034+02:00,47.3,51.7,88,20,0,12,34,pendiente_confirmacion,pendiente_confirmacion,,False,pass,pendiente,0,desconocido,Pendiente de implementar,confirmada,margin_stabilization (media): Margen gross 71.3% vs 70.2% (+1.1 pp) | eps_stabilization (media): EPS 1.62 vs 1.31 (Diluted EPS) | debt_reduction (alta): Deuda 45053.0M vs 46428.0M | dividend_maintained (baja): Dividendo actual 3.95% con caída del 6.3%,incompleto,pendiente_confirmacion,59.35,62.81,59.35 - 62.81,55.65,57.88,55.65 - 57.88,Pérdida del soporte en 62.81 | ROE negativo durante 2 trimestres consecutivos | Ampliación de capital dilutiva | Recorte de rating a bono basura,6-12,"Bristol-Myers Squibb Company está un 6.3% por debajo de su máximo 52s. Fundamentalmente aceptable con ROE 46.6%, deuda neta/EBITDA 1.8x. Técnicamente 🟢 Cerca de soporte, 🟢 base_pattern_detected. Clasificación: pendiente_confirmacion.","Bristol-Myers Squibb Company está un 6.3% por debajo de su máximo 52s. Fundamentalmente aceptable con ROE 46.6%, deuda neta/EBITDA 1.8x. Técnicamente 🟢 Cerca de soporte, 🟢 base_pattern_detected. Clasificación: pendiente_confirmacion.",🟢 Cerca de soporte | 🟢 base_pattern_detected | 🟡 trendline_break,3.95,11,20,False,55.3,2.02,12472452.0,33986001920.0,1.8,-3.0,gross,71.7,70.2,1.5,46.6,130386.0,14.1,5.84,8.68,6.3,6.3,14.7,56.8,False,False,2.3724,False,27.3,33.6,False,56.46,13.1,True,True,16,18,0.7,62.81,True
58,BDX,"Becton, Dickinson and Company",SP500,Healthcare,Medical Instruments & Supplies,United States,USD,183.4,1.0,script-v2.0,1.0,2026-08-15T06:23:31.356471+02:00,47.0,51.6,82,25,0,12,33,pendiente_confirmacion,pendiente_confirmacion,,False,pass,pendiente,0,desconocido,Pendiente de implementar,confirmada,margin_stabilization (media): Margen gross 46.5% vs 45.7% (+0.8 pp) | eps_stabilization (media): EPS 1.37 vs -1.11 (Diluted EPS) | debt_reduction (alta): Deuda 16808.0M vs 17279.0M | dividend_maintained (baja): Dividendo actual 2.29% con caída del 2.1%,incompleto,pendiente_confirmacion,157.75,162.45,157.75 - 162.45,155.15,159.25,155.15 - 159.25,Pérdida del soporte en 162.45 | ROE negativo durante 2 trimestres consecutivos | Ampliación de capital dilutiva | Recorte de rating a bono basura,6-12,"Becton, Dickinson and Company está un 2.1% por debajo de su máximo 52s. Fundamentalmente aceptable con ROE 6.6%, deuda neta/EBITDA 2.6x. Técnicamente 🟢 base_pattern_detected, 🟡 trendline_break. Clasificación: pendiente_confirmacion.","Becton, Dickinson and Company está un 2.1% por debajo de su máximo 52s. Fundamentalmente aceptable con ROE 6.6%, deuda neta/EBITDA 2.6x. Técnicamente 🟢 base_pattern_detected, 🟡 trendline_break. Clasificación: pendiente_confirmacion.",🟢 base_pattern_detected | 🟡 trendline_break,2.29,11,20,False,72.5,0.69,2380147.0,16098999488.0,2.63,-2.7,gross,46.9,46.4,0.5,6.6,49956.0,31.7,2.05,10.79,2.1,4.1,18.2,75.8,False,False,4.5164,False,91.9,93.2,False,156.42,17.2,True,True,15,18,0.86,162.45,True
59,ADS.DE,adidas AG                     N,EUROSTOXX,Consumer Cyclical,Footwear & Accessories,Germany,EUR,157.55,1.0,script-v2.0,1.0,2026-08-15T06:22:02.296827+02:00,46.3,51.1,97,11,0,7,32,pendiente_confirmacion,pendiente_confirmacion,,False,pass,pendiente,0,desconocido,Pendiente de implementar,parcial,"margin_stabilization (media): Margen gross 52.5% vs 51.1% (+1.4 pp) | dividend_maintained (baja): Dividendo actual 1.78% | analyst_upgrade (media): Target 202.27 vs precio 157.55 (+28%), recMean 1.77, recKey buy",incompleto,pendiente_confirmacion,,,,166.94,166.94,166.94,ROE negativo durante 2 trimestres consecutivos | Ampliación de capital dilutiva | Recorte de rating a bono basura,12-18,"adidas AG                     N está un N/D por debajo de su máximo 52s. Fundamentalmente aceptable con ROE 24.3%, deuda neta/EBITDA 1.7x. Técnicamente 🟡 MACD convergiendo. Clasificación: pendiente_confirmacion.","adidas AG                     N está un N/D por debajo de su máximo 52s. Fundamentalmente aceptable con ROE 24.3%, deuda neta/EBITDA 1.7x. Técnicamente 🟡 MACD convergiendo. Clasificación: pendiente_confirmacion.",🟡 MACD convergiendo,1.78,10,6,False,35.9,0.94,768026.0,4415999872.0,1.66,0.4,gross,51.6,51.6,0.0,24.3,27581.0,20.2,4.63,12.16,,,,37.0,False,True,3.7369,False,,,False,156.02,,False,False,32,0,0.73,,False
60,BEN.AX,BEN ADE BK FPO [BEN],ASX,Financial Services,Banks - Regional,Australia,AUD,11.18,1.0,script-v2.0,1.0,2026-08-15T06:24:48.703279+02:00,46.0,53.1,60,47,0,6,25,pendiente_confirmacion,pendiente_confirmacion,,True,pass,pendiente,0,desconocido,Pendiente de implementar,parcial,debt_reduction (alta): Deuda 9544.2M vs 11371.4M | dividend_maintained (baja): Dividendo actual 5.37% con caída del 18.6%,incompleto,pendiente_confirmacion,10.17,10.76,10.17 - 10.76,10.65,11.67,10.65 - 11.67,Pérdida del soporte en 10.17 | ROE negativo durante 2 trimestres consecutivos | Ampliación de capital dilutiva | Recorte de rating a bono basura,6-12,"BEN ADE BK FPO [BEN] está un 18.6% por debajo de su máximo 52s. Fundamentalmente aceptable con ROE -1.2%, dividendo 5.4%. Técnicamente 🟢 base_pattern_detected, 🟡 trendline_break. Clasificación: pendiente_confirmacion.","BEN ADE BK FPO [BEN] está un 18.6% por debajo de su máximo 52s. Fundamentalmente aceptable con ROE -1.2%, dividendo 5.4%. Técnicamente 🟢 base_pattern_detected, 🟡 trendline_break. Clasificación: pendiente_confirmacion.",🟢 base_pattern_detected | 🟡 trendline_break,5.37,11,20,False,79.8,,1279927.0,6748000256.0,,-16.1,,0.0,,,-1.2,6304.0,13.1,0.95,,18.6,14.2,5.0,55.2,False,False,0.0816,False,35.8,37.1,False,10.58,5.6,True,True,7,18,0.76,10.17,True
61,AMC.AX,AMCOR PLC CDI 1:1 [AMC],ASX,Consumer Cyclical,Packaging & Containers,Switzerland,AUD,65.44,1.0,script-v2.0,1.0,2026-08-15T06:24:38.085044+02:00,45.9,47.5,79,20,0,12,41,pendiente_confirmacion,pendiente_confirmacion,,False,pass,pendiente,0,desconocido,Pendiente de implementar,confirmada,margin_stabilization (media): Margen gross 20.1% vs 19.1% (+1.1 pp) | eps_stabilization (media): EPS 0.60 vs 0.38 (Diluted EPS) | debt_reduction (alta): Deuda 14012.0M vs 16019.0M | dividend_maintained (baja): Dividendo actual 5.62% con caída del 8.0%,incompleto,pendiente_confirmacion,61.47,62.0,61.47 - 62.00,60.14,60.43,60.14 - 60.43,Pérdida del soporte en 61.47 | ROE negativo durante 2 trimestres consecutivos | Ampliación de capital dilutiva | Recorte de rating a bono basura,6-12,"AMCOR PLC CDI 1:1 [AMC] está un 8.0% por debajo de su máximo 52s. Fundamentalmente aceptable con ROE 9.4%, deuda neta/EBITDA 3.5x. Técnicamente 🟢 Volumen creciente, 🟢 base_pattern_detected. Clasificación: pendiente_confirmacion.","AMCOR PLC CDI 1:1 [AMC] está un 8.0% por debajo de su máximo 52s. Fundamentalmente aceptable con ROE 9.4%, deuda neta/EBITDA 3.5x. Técnicamente 🟢 Volumen creciente, 🟢 base_pattern_detected. Clasificación: pendiente_confirmacion.",🟢 Volumen creciente | 🟢 base_pattern_detected | 🟡 trendline_break,5.62,11,20,False,109.3,1.19,580045.0,12897000192.0,3.54,-12.5,gross,20.0,19.1,0.9,9.4,30256.0,19.4,1.82,11.95,8.0,14.8,8.8,55.0,False,False,1.453,False,40.1,60.4,False,60.2,8.7,True,True,23,18,1.48,61.47,True
62,SWK,"Stanley Black & Decker, Inc.",SP500,Industrials,Tools & Accessories,United States,USD,102.07,1.0,script-v2.0,1.0,2026-08-15T06:23:28.099408+02:00,45.2,50.3,85,20,0,12,30,pendiente_confirmacion,pendiente_confirmacion,,False,pass,pendiente,0,desconocido,Pendiente de implementar,confirmada,margin_stabilization (media): Margen gross 33.0% vs 30.1% (+2.9 pp) | eps_stabilization (media): EPS 2.33 vs 0.39 (Diluted EPS) | debt_reduction (alta): Deuda 5211.5M vs 6501.2M | dividend_maintained (baja): Dividendo actual 3.29% con caída del 2.5%,incompleto,pendiente_confirmacion,90.74,100.73,90.74 - 100.73,78.61,88.98,78.61 - 88.98,Pérdida del soporte en 100.73 | ROE negativo durante 2 trimestres consecutivos | Ampliación de capital dilutiva | Recorte de rating a bono basura,6-12,"Stanley Black & Decker, Inc. está un 2.5% por debajo de su máximo 52s. Fundamentalmente aceptable con ROE 6.9%, deuda neta/EBITDA 2.6x. Técnicamente 🟢 Cerca de soporte, 🟡 trendline_break. Clasificación: pendiente_confirmacion.","Stanley Black & Decker, Inc. está un 2.5% por debajo de su máximo 52s. Fundamentalmente aceptable con ROE 6.9%, deuda neta/EBITDA 2.6x. Técnicamente 🟢 Cerca de soporte, 🟡 trendline_break. Clasificación: pendiente_confirmacion.",🟢 Cerca de soporte | 🟡 trendline_break,3.29,11,20,False,81.2,0.58,1746362.0,4619100032.0,2.58,-19.8,gross,32.2,31.9,0.3,6.9,15414.0,25.0,1.77,11.19,2.5,2.5,29.8,63.3,False,False,6.3347,False,82.7,85.1,False,79.66,28.1,False,True,24,6,0.6,100.73,True
63,PFE,"Pfizer, Inc.",SP500,Healthcare,Drug Manufacturers - General,United States,USD,26.79,1.0,script-v2.0,1.0,2026-08-15T06:23:58.179402+02:00,44.7,49.6,80,23,0,6,30,pendiente_confirmacion,pendiente_confirmacion,,False,pass,pendiente,0,desconocido,Pendiente de implementar,parcial,debt_reduction (alta): Deuda 63480.0M vs 63730.0M | dividend_maintained (baja): Dividendo actual 6.42% con caída del 6.8%,incompleto,pendiente_confirmacion,24.88,25.32,24.88 - 25.32,24.44,25.09,24.44 - 25.09,Pérdida del soporte en 25.32 | ROE negativo durante 2 trimestres consecutivos | Ampliación de capital dilutiva | Recorte de rating a bono basura,6-12,"Pfizer, Inc. está un 6.8% por debajo de su máximo 52s. Fundamentalmente aceptable con ROE 5.0%, deuda neta/EBITDA 2.0x. Técnicamente 🟢 Divergencia alcista RSI, 🟡 trendline_break. Clasificación: pendiente_confirmacion.","Pfizer, Inc. está un 6.8% por debajo de su máximo 52s. Fundamentalmente aceptable con ROE 5.0%, deuda neta/EBITDA 2.0x. Técnicamente 🟢 Divergencia alcista RSI, 🟡 trendline_break. Clasificación: pendiente_confirmacion.",🟢 Divergencia alcista RSI | 🟡 trendline_break,6.42,11,20,False,226.3,0.74,42329326.0,51776000000.0,2.04,-0.4,gross,74.7,73.3,1.4,5.0,152694.0,35.2,1.79,8.07,6.8,3.6,6.8,67.3,False,False,0.145,False,84.5,79.3,False,25.25,6.1,False,True,24,6,0.77,25.32,True
64,AAPL,Apple Inc.,SP500,Technology,Consumer Electronics,United States,USD,305.93,1.0,script-v2.0,1.0,2026-08-15T06:24:19.866211+02:00,44.5,45.7,98,0,0,12,41,pendiente_confirmacion,pendiente_confirmacion,,False,pass,pendiente,0,desconocido,Pendiente de implementar,confirmada,margin_stabilization (media): Margen gross 50.1% vs 49.3% (+0.8 pp) | eps_stabilization (media): EPS 2.02 vs 2.01 (Diluted EPS) | debt_reduction (alta): Deuda 84344.0M vs 84711.0M | dividend_maintained (baja): Dividendo actual 0.35% con caída del 11.2%,incompleto,pendiente_confirmacion,302.51,305.93,302.51 - 305.93,279.99,292.88,279.99 - 292.88,Pérdida del soporte en 302.51 | ROE negativo durante 2 trimestres consecutivos | Ampliación de capital dilutiva | Recorte de rating a bono basura,6-12,"Apple Inc. está un 11.2% por debajo de su máximo 52s. Fundamentalmente aceptable con ROE 148.8%, deuda neta/EBITDA 0.1x. Técnicamente 🟡 MACD convergiendo, 🟢 Cerca de soporte. Clasificación: pendiente_confirmacion.","Apple Inc. está un 11.2% por debajo de su máximo 52s. Fundamentalmente aceptable con ROE 148.8%, deuda neta/EBITDA 0.1x. Técnicamente 🟡 MACD convergiendo, 🟢 Cerca de soporte. Clasificación: pendiente_confirmacion.",🟡 MACD convergiendo | 🟢 Cerca de soporte,0.35,11,15,False,12.0,0.78,56650275.0,21944995840.0,0.13,-0.4,gross,48.7,48.7,-0.0,148.8,4464797.0,35.0,41.57,26.66,11.2,11.1,9.3,43.8,False,True,13.6639,False,13.9,10.6,False,280.49,9.1,False,False,41,0,0.7,302.51,False
65,055550.KS,ShinhanGroup,ASIA,Financial Services,Banks - Regional,South Korea,KRW,107400.0,1.0,script-v2.0,1.0,2026-08-15T06:25:23.698324+02:00,44.5,45.3,72,22,0,7,42,pendiente_confirmacion,pendiente_confirmacion,,False,pass,pendiente,0,desconocido,Pendiente de implementar,parcial,"eps_stabilization (media): EPS 3327.00 vs 1070.12 (Diluted EPS) | dividend_maintained (baja): Dividendo actual 2.76% con caída del 5.2% | analyst_upgrade (media): Target 132368.42 vs precio 107400.00 (+23%), recMean 1.40, recKey strong_buy",incompleto,pendiente_confirmacion,102252.68,103468.63,102252.68 - 103468.63,90094.38,96305.0,90094.38 - 96305.00,Pérdida del soporte en 103468.63 | ROE negativo durante 2 trimestres consecutivos | Ampliación de capital dilutiva | Recorte de rating a bono basura,6-12,"ShinhanGroup está un 5.2% por debajo de su máximo 52s. Fundamentalmente aceptable con ROE 8.9%, dividendo 2.8%. Técnicamente 🟢 Cerca de soporte, 🟢 base_pattern_detected. Clasificación: pendiente_confirmacion.","ShinhanGroup está un 5.2% por debajo de su máximo 52s. Fundamentalmente aceptable con ROE 8.9%, dividendo 2.8%. Técnicamente 🟢 Cerca de soporte, 🟢 base_pattern_detected. Clasificación: pendiente_confirmacion.",🟢 Cerca de soporte | 🟢 base_pattern_detected | 🟡 trendline_break,2.76,11,18,False,25.3,,1401493.0,25527976984576.0,,21.7,,0.0,,,8.9,50570832.0,7.8,,,5.2,4.5,19.2,56.9,False,False,5402.2251,False,80.1,70.1,False,92213.36,16.5,True,True,24,18,0.97,103468.63,True
66,BAYN.DE,Bayer AG                      N,EUROSTOXX,Healthcare,Drug Manufacturers - General,Germany,EUR,47.79,1.0,script-v2.0,1.0,2026-08-15T06:21:53.014152+02:00,43.7,45.9,55,38,0,6,37,pendiente_confirmacion,pendiente_confirmacion,,True,pass,pendiente,0,desconocido,Pendiente de implementar,parcial,debt_reduction (alta): Deuda 38431.0M vs 40697.0M | dividend_maintained (baja): Dividendo actual 0.23%,incompleto,pendiente_confirmacion,,,,45.83,45.83,45.83,ROE negativo durante 2 trimestres consecutivos | Ampliación de capital dilutiva | Recorte de rating a bono basura,12-18,"Bayer AG                      N está un N/D por debajo de su máximo 52s. Fundamentalmente aceptable con ROE -5.7%, deuda neta/EBITDA 3.3x. Técnicamente 🟡 MACD convergiendo, 🟢 base_pattern_detected. Clasificación: pendiente_confirmacion.","Bayer AG                      N está un N/D por debajo de su máximo 52s. Fundamentalmente aceptable con ROE -5.7%, deuda neta/EBITDA 3.3x. Técnicamente 🟡 MACD convergiendo, 🟢 base_pattern_detected. Clasificación: pendiente_confirmacion.",🟡 MACD convergiendo | 🟢 base_pattern_detected,0.23,11,20,True,163.3,1.29,3021335.0,33348998656.0,3.29,-5.6,gross,60.5,58.8,1.6,-5.7,46950.0,10.0,1.59,7.96,,,,52.5,False,True,3.2499,False,,,False,40.27,,True,False,25,12,0.81,,False
67,DSY.PA,DASSAULT SYSTEMES,EUROSTOXX,Technology,Software - Application,France,EUR,21.68,1.0,script-v2.0,1.0,2026-08-15T06:22:29.469523+02:00,43.5,46.0,94,4,0,7,36,pendiente_confirmacion,pendiente_confirmacion,,False,pass,pendiente,0,desconocido,Pendiente de implementar,parcial,margin_stabilization (media): Margen gross 84.1% vs 84.0% (+0.1 pp) | eps_stabilization (media): EPS 0.22 vs 0.22 (Diluted EPS) | dividend_maintained (baja): Dividendo actual 1.25%,incompleto,pendiente_confirmacion,,,,25.81,25.81,25.81,ROE negativo durante 2 trimestres consecutivos | Ampliación de capital dilutiva | Recorte de rating a bono basura,12-18,"DASSAULT SYSTEMES está un N/D por debajo de su máximo 52s. Fundamentalmente aceptable con ROE 15.1%, deuda neta/EBITDA -1.4x. Técnicamente 🟢 Divergencia alcista RSI, 🟢 base_pattern_detected. Clasificación: pendiente_confirmacion.","DASSAULT SYSTEMES está un N/D por debajo de su máximo 52s. Fundamentalmente aceptable con ROE 15.1%, deuda neta/EBITDA -1.4x. Técnicamente 🟢 Divergencia alcista RSI, 🟢 base_pattern_detected. Clasificación: pendiente_confirmacion.",🟢 Divergencia alcista RSI | 🟢 base_pattern_detected,1.25,11,20,False,27.8,0.36,2320121.0,-2282400000.0,-1.36,36.2,gross,84.2,84.2,0.0,15.1,28488.0,22.4,3.08,15.7,,,,56.8,False,False,-0.2181,False,,,False,20.15,,True,False,24,12,0.71,,False
68,RACE.MI,FERRARI,EUROSTOXX,Consumer Cyclical,Auto Manufacturers,Italy,EUR,356.8,1.0,script-v2.0,1.0,2026-08-15T06:22:46.961000+02:00,43.4,48.8,100,4,0,7,27,pendiente_confirmacion,pendiente_confirmacion,,False,pass,pendiente,0,desconocido,Pendiente de implementar,parcial,margin_stabilization (media): Margen gross 52.6% vs 51.8% (+0.8 pp) | eps_stabilization (media): EPS 2.62 vs 2.33 (Diluted EPS) | dividend_maintained (baja): Dividendo actual 1.01%,incompleto,pendiente_confirmacion,,,,366.52,366.52,366.52,ROE negativo durante 2 trimestres consecutivos | Ampliación de capital dilutiva | Recorte de rating a bono basura,12-18,"FERRARI está un N/D por debajo de su máximo 52s. Fundamentalmente aceptable con ROE 45.4%, deuda neta/EBITDA 0.7x. Técnicamente 🟢 base_pattern_detected. Clasificación: pendiente_confirmacion.","FERRARI está un N/D por debajo de su máximo 52s. Fundamentalmente aceptable con ROE 45.4%, deuda neta/EBITDA 0.7x. Técnicamente 🟢 base_pattern_detected. Clasificación: pendiente_confirmacion.",🟢 base_pattern_detected,1.01,11,11,False,39.0,0.86,567836.0,1734133120.0,0.7,8.1,gross,51.6,51.6,0.0,45.4,62713.0,38.5,17.16,26.0,,,,65.4,False,False,8.2942,False,,,False,310.31,,True,False,15,12,0.82,,False
69,SON.LS,SONAE,EUROSTOXX,Consumer Defensive,Grocery Stores,Portugal,EUR,2.02,1.0,script-v2.0,1.0,2026-08-15T06:22:52.490033+02:00,43.0,44.3,80,13,0,9,39,pendiente_confirmacion,pendiente_confirmacion,,False,pass,pendiente,0,desconocido,Pendiente de implementar,parcial,eps_stabilization (media): EPS 0.04 vs 0.02 (Diluted EPS) | debt_reduction (alta): Deuda 3592.0M vs 3795.3M | dividend_maintained (baja): Dividendo actual 2.97%,incompleto,pendiente_confirmacion,,,,1.83,1.83,1.83,ROE negativo durante 2 trimestres consecutivos | Ampliación de capital dilutiva | Recorte de rating a bono basura,12-18,"SONAE está un N/D por debajo de su máximo 52s. Fundamentalmente aceptable con ROE 8.7%, deuda neta/EBITDA 4.5x. Técnicamente 🔵 RSI recuperándose de sobreventa, 🟡 MACD convergiendo. Clasificación: pendiente_confirmacion.","SONAE está un N/D por debajo de su máximo 52s. Fundamentalmente aceptable con ROE 8.7%, deuda neta/EBITDA 4.5x. Técnicamente 🔵 RSI recuperándose de sobreventa, 🟡 MACD convergiendo. Clasificación: pendiente_confirmacion.",🔵 RSI recuperándose de sobreventa | 🟡 MACD convergiendo,2.97,10,10,False,55.4,0.93,1630852.0,3083448000.0,4.5,-5.4,gross,24.7,31.8,-7.2,8.7,3928.0,18.4,1.21,10.23,,,,44.2,False,True,0.0942,False,,,False,1.82,,False,False,39,0,0.61,,False
70,EMR,Emerson Electric Company,SP500,Industrials,Specialty Industrial Machinery,United States,USD,163.17,1.0,script-v2.0,1.0,2026-08-15T06:23:28.664838+02:00,42.9,46.2,99,0,0,12,33,pendiente_confirmacion,pendiente_confirmacion,,False,pass,pendiente,0,desconocido,Pendiente de implementar,confirmada,margin_stabilization (media): Margen gross 53.1% vs 53.2% (-0.1 pp) | eps_stabilization (media): EPS 1.28 vs 1.10 (Diluted EPS) | debt_reduction (alta): Deuda 13802.0M vs 13920.0M | dividend_maintained (baja): Dividendo actual 1.36% con caída del 1.9%,incompleto,pendiente_confirmacion,133.97,145.62,133.97 - 145.62,139.96,141.4,139.96 - 141.40,Pérdida del soporte en 133.97 | ROE negativo durante 2 trimestres consecutivos | Ampliación de capital dilutiva | Recorte de rating a bono basura,6-12,"Emerson Electric Company está un 1.9% por debajo de su máximo 52s. Fundamentalmente aceptable con ROE 12.8%, deuda neta/EBITDA 1.9x. Técnicamente 🟢 base_pattern_detected, 🟡 trendline_break. Clasificación: pendiente_confirmacion.","Emerson Electric Company está un 1.9% por debajo de su máximo 52s. Fundamentalmente aceptable con ROE 12.8%, deuda neta/EBITDA 1.9x. Técnicamente 🟢 base_pattern_detected, 🟡 trendline_break. Clasificación: pendiente_confirmacion.",🟢 base_pattern_detected | 🟡 trendline_break,1.36,11,20,False,48.0,0.68,2884127.0,11622000384.0,1.92,-0.8,gross,53.2,52.7,0.5,12.8,91392.0,35.7,4.47,16.95,1.9,1.6,16.6,67.7,False,False,4.4747,False,87.6,88.7,False,140.31,16.3,True,True,15,18,0.77,133.97,True
71,NOVN.SW,NOVARTIS N,EUROSTOXX,Healthcare,Drug Manufacturers - General,Switzerland,CHF,122.44,1.0,script-v2.0,1.0,2026-08-15T06:22:57.810460+02:00,42.5,42.0,90,0,0,7,44,pendiente_confirmacion,pendiente_confirmacion,,False,pass,pendiente,0,desconocido,Pendiente de implementar,parcial,margin_stabilization (media): Margen gross 75.2% vs 74.4% (+0.8 pp) | eps_stabilization (media): EPS 1.71 vs 1.65 (Diluted EPS) | dividend_maintained (baja): Dividendo actual 3.02%,incompleto,pendiente_confirmacion,,,,111.77,111.77,111.77,ROE negativo durante 2 trimestres consecutivos | Ampliación de capital dilutiva | Recorte de rating a bono basura,12-18,"NOVARTIS N está un N/D por debajo de su máximo 52s. Fundamentalmente aceptable con ROE 30.3%, deuda neta/EBITDA 1.8x. Técnicamente 🟡 MACD convergiendo, 🟢 base_pattern_detected. Clasificación: pendiente_confirmacion.","NOVARTIS N está un N/D por debajo de su máximo 52s. Fundamentalmente aceptable con ROE 30.3%, deuda neta/EBITDA 1.8x. Técnicamente 🟡 MACD convergiendo, 🟢 base_pattern_detected. Clasificación: pendiente_confirmacion.",🟡 MACD convergiendo | 🟢 base_pattern_detected,3.02,11,20,False,69.9,1.17,2648450.0,41396001792.0,1.79,4.3,gross,75.0,74.7,0.2,30.3,232724.0,22.8,6.92,11.99,,,,45.0,False,True,3.5632,False,,,False,116.56,,True,False,32,12,0.81,,False
72,TGT,Target Corporation,SP500,Consumer Defensive,Discount Stores,United States,USD,154.48,1.0,script-v2.0,1.0,2026-08-15T06:23:33.898892+02:00,41.9,47.6,94,7,0,9,25,pendiente_confirmacion,pendiente_confirmacion,,False,pass,pendiente,0,desconocido,Pendiente de implementar,parcial,margin_stabilization (media): Margen gross 29.0% vs 26.6% (+2.4 pp) | debt_reduction (alta): Deuda 19272.0M vs 20290.0M | dividend_maintained (baja): Dividendo actual 3.00% con caída del 1.3%,incompleto,pendiente_confirmacion,136.73,144.39,136.73 - 144.39,115.26,133.0,115.26 - 133.00,Pérdida del soporte en 144.39 | ROE negativo durante 2 trimestres consecutivos | Ampliación de capital dilutiva | Recorte de rating a bono basura,6-12,"Target Corporation está un 1.3% por debajo de su máximo 52s. Fundamentalmente aceptable con ROE 22.0%, deuda neta/EBITDA 1.9x. Técnicamente 🟡 trendline_break. Clasificación: pendiente_confirmacion.","Target Corporation está un 1.3% por debajo de su máximo 52s. Fundamentalmente aceptable con ROE 22.0%, deuda neta/EBITDA 1.9x. Técnicamente 🟡 trendline_break. Clasificación: pendiente_confirmacion.",🟡 trendline_break,3.0,11,20,False,60.0,1.18,4736886.0,15737999360.0,1.89,-5.0,gross,28.1,28.2,-0.1,22.0,70163.0,20.4,4.28,10.29,1.3,1.3,34.0,72.2,False,False,9.6235,False,87.9,94.2,False,117.28,31.7,False,True,19,6,1.14,144.39,True
73,DB1.DE,DEUTSCHE BOERSE AG            N,EUROSTOXX,Financial Services,Financial Data & Stock Exchanges,Germany,EUR,272.9,1.0,script-v2.0,1.0,2026-08-15T06:22:01.961966+02:00,41.8,46.7,100,0,0,9,27,pendiente_confirmacion,pendiente_confirmacion,,False,pass,pendiente,0,desconocido,Pendiente de implementar,parcial,eps_stabilization (media): EPS 3.21 vs 2.68 (Diluted EPS) | debt_reduction (alta): Deuda 6187.0M vs 9583.0M | dividend_maintained (baja): Dividendo actual 1.54%,incompleto,pendiente_confirmacion,,,,235.54,235.54,235.54,ROE negativo durante 2 trimestres consecutivos | Ampliación de capital dilutiva | Recorte de rating a bono basura,12-18,"DEUTSCHE BOERSE AG            N está un N/D por debajo de su máximo 52s. Fundamentalmente aceptable con ROE 20.4%, deuda neta/EBITDA 1.3x. Técnicamente 🟢 base_pattern_detected. Clasificación: pendiente_confirmacion.","DEUTSCHE BOERSE AG            N está un N/D por debajo de su máximo 52s. Fundamentalmente aceptable con ROE 20.4%, deuda neta/EBITDA 1.3x. Técnicamente 🟢 base_pattern_detected. Clasificación: pendiente_confirmacion.",🟢 base_pattern_detected,1.54,11,20,False,36.2,0.58,341018.0,4411999744.0,1.32,-35.4,gross,80.5,50.9,29.6,20.4,49201.0,23.5,4.75,16.13,,,,61.9,False,False,8.5375,False,,,False,236.11,,True,False,15,12,0.71,,False
74,SJM,The J.M. Smucker Company,SP500,Consumer Defensive,Packaged Foods,United States,USD,121.39,1.0,script-v2.0,1.0,2026-08-15T06:24:14.573287+02:00,41.5,46.3,66,29,0,12,27,pendiente_confirmacion,pendiente_confirmacion,,False,pass,pendiente,0,desconocido,Pendiente de implementar,confirmada,margin_stabilization (media): Margen gross 38.0% vs 35.4% (+2.6 pp) | eps_stabilization (media): EPS 3.64 vs -6.79 (Diluted EPS) | debt_reduction (alta): Deuda 7129.8M vs 7454.3M | dividend_maintained (baja): Dividendo actual 3.69% con caída del 4.9%,incompleto,pendiente_confirmacion,112.65,113.74,112.65 - 113.74,103.08,108.5,103.08 - 108.50,Pérdida del soporte en 112.65 | ROE negativo durante 2 trimestres consecutivos | Ampliación de capital dilutiva | Recorte de rating a bono basura,6-12,"The J.M. Smucker Company está un 4.9% por debajo de su máximo 52s. Fundamentalmente aceptable con ROE -2.4%, deuda neta/EBITDA 3.7x. Técnicamente 🟡 MACD convergiendo, 🟡 trendline_break. Clasificación: pendiente_confirmacion.","The J.M. Smucker Company está un 4.9% por debajo de su máximo 52s. Fundamentalmente aceptable con ROE -2.4%, deuda neta/EBITDA 3.7x. Técnicamente 🟡 MACD convergiendo, 🟡 trendline_break. Clasificación: pendiente_confirmacion.",🟡 MACD convergiendo | 🟡 trendline_break,3.69,11,20,False,86.1,1.29,1572244.0,7071200192.0,3.67,-4.4,gross,34.3,33.3,1.0,-2.4,12974.0,11.3,2.34,10.39,4.9,4.0,17.8,60.4,False,True,4.9048,False,57.3,41.7,False,103.77,17.0,False,True,21,6,0.81,112.65,True
75,JNJ,Johnson & Johnson,SP500,Healthcare,Drug Manufacturers - General,United States,USD,260.35,1.0,script-v2.0,1.0,2026-08-15T06:23:18.801902+02:00,41.2,46.7,100,0,0,12,25,pendiente_confirmacion,pendiente_confirmacion,,False,pass,pendiente,0,desconocido,Pendiente de implementar,confirmada,margin_stabilization (media): Margen gross 68.2% vs 66.3% (+1.9 pp) | eps_stabilization (media): EPS 2.27 vs 2.14 (Diluted EPS) | debt_reduction (alta): Deuda 49036.0M vs 54987.0M | dividend_maintained (baja): Dividendo actual 2.06% con caída del 5.3%,incompleto,pendiente_confirmacion,234.65,251.31,234.65 - 251.31,228.3,233.66,228.30 - 233.66,Pérdida del soporte en 234.65 | ROE negativo durante 2 trimestres consecutivos | Ampliación de capital dilutiva | Recorte de rating a bono basura,6-12,"Johnson & Johnson está un 5.3% por debajo de su máximo 52s. Fundamentalmente aceptable con ROE 25.7%, deuda neta/EBITDA 0.8x. Técnicamente 🟢 base_pattern_detected, 🟡 trendline_break. Clasificación: pendiente_confirmacion.","Johnson & Johnson está un 5.3% por debajo de su máximo 52s. Fundamentalmente aceptable con ROE 25.7%, deuda neta/EBITDA 0.8x. Técnicamente 🟢 base_pattern_detected, 🟡 trendline_break. Clasificación: pendiente_confirmacion.",🟢 base_pattern_detected | 🟡 trendline_break,2.06,11,20,False,60.8,0.58,8140201.0,28278001664.0,0.81,-10.8,gross,68.1,67.9,0.2,25.7,627417.0,30.4,7.38,18.8,5.3,5.3,14.0,55.2,False,False,11.2714,False,40.5,43.6,False,230.89,12.8,True,True,7,18,0.66,234.65,True
76,FDX,FedEx Corporation,SP500,Industrials,Integrated Freight & Logistics,United States,USD,334.64,1.0,script-v2.0,1.0,2026-08-15T06:23:52.313312+02:00,41.1,46.5,86,12,0,7,25,pendiente_confirmacion,pendiente_confirmacion,,False,pass,pendiente,0,desconocido,Pendiente de implementar,parcial,margin_stabilization (media): Margen gross 22.7% vs 21.3% (+1.3 pp) | eps_stabilization (media): EPS 6.60 vs 4.41 (Diluted EPS) | dividend_maintained (baja): Dividendo actual 1.46% con caída del 3.1%,incompleto,pendiente_confirmacion,297.77,319.46,297.77 - 319.46,281.2,293.56,281.20 - 293.56,Pérdida del soporte en 297.77 | ROE negativo durante 2 trimestres consecutivos | Ampliación de capital dilutiva | Recorte de rating a bono basura,6-12,"FedEx Corporation está un 3.1% por debajo de su máximo 52s. Fundamentalmente aceptable con ROE 14.8%, deuda neta/EBITDA 2.5x. Técnicamente 🟡 trendline_break. Clasificación: pendiente_confirmacion.","FedEx Corporation está un 3.1% por debajo de su máximo 52s. Fundamentalmente aceptable con ROE 14.8%, deuda neta/EBITDA 2.5x. Técnicamente 🟡 trendline_break. Clasificación: pendiente_confirmacion.",🟡 trendline_break,1.46,11,20,False,31.3,1.36,1955644.0,29393000448.0,2.48,2.2,gross,27.3,21.8,5.6,14.8,79170.0,18.0,2.54,9.17,3.1,2.7,19.0,63.5,False,False,14.0121,False,81.8,91.0,False,286.27,16.9,False,True,19,6,1.12,297.77,False
77,7267.T,HONDA MOTOR CO,ASIA,Consumer Cyclical,Auto Manufacturers,Japan,JPY,1658.0,1.0,script-v2.0,1.0,2026-08-15T06:24:58.417293+02:00,40.9,43.5,52,36,0,7,33,pendiente_confirmacion,pendiente_confirmacion,,True,pass,pendiente,0,desconocido,Pendiente de implementar,parcial,margin_stabilization (media): Margen gross 22.2% vs 6.4% (+15.8 pp) | eps_stabilization (media): EPS 115.84 vs 46.80 (Diluted EPS) | dividend_maintained (baja): Dividendo actual 4.22% con caída del 4.2%,incompleto,pendiente_confirmacion,1512.66,1525.61,1512.66 - 1525.61,1466.09,1470.5,1466.09 - 1470.50,Pérdida del soporte en 1512.66 | ROE negativo durante 2 trimestres consecutivos | Ampliación de capital dilutiva | Recorte de rating a bono basura,6-12,"HONDA MOTOR CO está un 4.2% por debajo de su máximo 52s. Fundamentalmente aceptable con ROE -0.8%, deuda neta/EBITDA 6.9x. Técnicamente 🟢 base_pattern_detected, 🟡 trendline_break. Clasificación: pendiente_confirmacion.","HONDA MOTOR CO está un 4.2% por debajo de su máximo 52s. Fundamentalmente aceptable con ROE -0.8%, deuda neta/EBITDA 6.9x. Técnicamente 🟢 base_pattern_detected, 🟡 trendline_break. Clasificación: pendiente_confirmacion.",🟢 base_pattern_detected | 🟡 trendline_break,4.22,11,20,False,55.3,1.14,19270192.0,8874140106752.0,6.92,225.1,gross,17.4,17.3,0.1,-0.8,6453898.0,7.3,0.52,12.13,4.2,2.1,13.1,59.4,False,False,52.3173,False,76.9,76.8,False,1466.03,13.1,True,True,15,18,0.85,1512.66,True
78,AIR.PA,AIRBUS SE,EUROSTOXX,Industrials,Aerospace & Defense,Netherlands,EUR,215.4,1.0,script-v2.0,1.0,2026-08-15T06:22:08.412137+02:00,39.8,42.0,90,0,0,7,33,pendiente_confirmacion,pendiente_confirmacion,,False,pass,pendiente,0,desconocido,Pendiente de implementar,parcial,margin_stabilization (media): Margen gross 18.4% vs 12.3% (+6.1 pp) | eps_stabilization (media): EPS 2.10 vs 0.74 (Diluted EPS) | dividend_maintained (baja): Dividendo actual 1.49%,incompleto,pendiente_confirmacion,,,,188.11,188.11,188.11,ROE negativo durante 2 trimestres consecutivos | Ampliación de capital dilutiva | Recorte de rating a bono basura,12-18,"AIRBUS SE está un N/D por debajo de su máximo 52s. Fundamentalmente aceptable con ROE 23.2%, deuda neta/EBITDA 0.1x. Técnicamente 🟡 MACD convergiendo, 🟢 base_pattern_detected. Clasificación: pendiente_confirmacion.","AIRBUS SE está un N/D por debajo de su máximo 52s. Fundamentalmente aceptable con ROE 23.2%, deuda neta/EBITDA 0.1x. Técnicamente 🟡 MACD convergiendo, 🟢 base_pattern_detected. Clasificación: pendiente_confirmacion.",🟡 MACD convergiendo | 🟢 base_pattern_detected,1.49,9,5,False,42.6,0.55,1162884.0,1146999808.0,0.13,30.4,gross,16.3,15.4,0.9,23.2,170485.0,28.6,6.59,19.07,,,,60.4,False,True,7.6364,False,,,False,187.55,,True,False,21,12,0.66,,False
79,RTX,RTX Corporation,SP500,Industrials,Aerospace & Defense,United States,USD,222.97,1.0,script-v2.0,1.0,2026-08-15T06:23:54.052977+02:00,39.5,44.3,95,0,0,12,25,pendiente_confirmacion,pendiente_confirmacion,,False,pass,pendiente,0,desconocido,Pendiente de implementar,confirmada,margin_stabilization (media): Margen gross 20.8% vs 20.8% (-0.0 pp) | eps_stabilization (media): EPS 1.57 vs 1.51 (Diluted EPS) | debt_reduction (alta): Deuda 38856.0M vs 38935.0M | dividend_maintained (baja): Dividendo actual 1.31% con caída del 1.7%,incompleto,pendiente_confirmacion,198.88,208.7,198.88 - 208.70,189.06,192.85,189.06 - 192.85,Pérdida del soporte en 208.70 | ROE negativo durante 2 trimestres consecutivos | Ampliación de capital dilutiva | Recorte de rating a bono basura,6-12,"RTX Corporation está un 1.7% por debajo de su máximo 52s. Fundamentalmente aceptable con ROE 12.3%, deuda neta/EBITDA 1.9x. Técnicamente 🟢 base_pattern_detected, 🟡 trendline_break. Clasificación: pendiente_confirmacion.","RTX Corporation está un 1.7% por debajo de su máximo 52s. Fundamentalmente aceptable con ROE 12.3%, deuda neta/EBITDA 1.9x. Técnicamente 🟢 base_pattern_detected, 🟡 trendline_break. Clasificación: pendiente_confirmacion.",🟢 base_pattern_detected | 🟡 trendline_break,1.31,11,20,False,48.8,0.57,5193098.0,30550999552.0,1.92,-0.2,gross,20.3,20.4,-0.0,12.3,300510.0,39.2,4.53,20.94,1.7,1.4,17.9,70.9,False,False,8.8619,False,81.9,74.0,False,190.3,17.2,True,True,7,18,0.65,208.7,True
80,SIE.DE,SIEMENS AG                    N,EUROSTOXX,Industrials,Specialty Industrial Machinery,Germany,EUR,284.0,1.0,script-v2.0,1.0,2026-08-15T06:21:59.488139+02:00,39.3,43.4,93,0,0,12,27,pendiente_confirmacion,pendiente_confirmacion,,False,pass,pendiente,0,desconocido,Pendiente de implementar,confirmada,margin_stabilization (media): Margen gross 40.9% vs 38.9% (+2.0 pp) | eps_stabilization (media): EPS 2.91 vs 2.58 (Diluted EPS) | debt_reduction (alta): Deuda 49924.0M vs 54161.0M | dividend_maintained (baja): Dividendo actual 1.88%,incompleto,pendiente_confirmacion,,,,247.78,247.78,247.78,ROE negativo durante 2 trimestres consecutivos | Ampliación de capital dilutiva | Recorte de rating a bono basura,12-18,"SIEMENS AG                    N está un N/D por debajo de su máximo 52s. Fundamentalmente aceptable con ROE 12.5%, deuda neta/EBITDA 3.1x. Técnicamente 🟢 base_pattern_detected. Clasificación: pendiente_confirmacion.","SIEMENS AG                    N está un N/D por debajo de su máximo 52s. Fundamentalmente aceptable con ROE 12.5%, deuda neta/EBITDA 3.1x. Técnicamente 🟢 base_pattern_detected. Clasificación: pendiente_confirmacion.",🟢 base_pattern_detected,1.88,11,20,False,53.4,0.66,1007053.0,38994001920.0,3.12,-7.8,gross,39.4,39.4,-0.0,12.5,216619.0,28.4,3.22,21.23,,,,57.9,False,False,11.4071,False,,,False,248.35,,True,False,15,12,0.7,,False
81,CAT,"Caterpillar, Inc.",SP500,Industrials,Farm & Heavy Construction Machinery,United States,USD,856.57,1.0,script-v2.0,1.0,2026-08-15T06:23:51.064194+02:00,37.4,40.5,72,13,0,7,28,pendiente_confirmacion,pendiente_confirmacion,,False,pass,pendiente,0,desconocido,Pendiente de implementar,parcial,margin_stabilization (media): Margen gross 36.0% vs 33.1% (+2.9 pp) | eps_stabilization (media): EPS 5.47 vs 5.12 (Diluted EPS) | dividend_maintained (baja): Dividendo actual 0.76% con caída del 20.2%,incompleto,pendiente_confirmacion,844.31,856.57,844.31 - 856.57,752.04,912.44,752.04 - 912.44,Pérdida del soporte en 844.31 | ROE negativo durante 2 trimestres consecutivos | Ampliación de capital dilutiva | Recorte de rating a bono basura,6-12,"Caterpillar, Inc. está un 20.2% por debajo de su máximo 52s. Fundamentalmente aceptable con ROE 57.0%, deuda neta/EBITDA 2.4x. Técnicamente 🟢 Cerca de soporte. Clasificación: pendiente_confirmacion.","Caterpillar, Inc. está un 20.2% por debajo de su máximo 52s. Fundamentalmente aceptable con ROE 57.0%, deuda neta/EBITDA 2.4x. Técnicamente 🟢 Cerca de soporte. Clasificación: pendiente_confirmacion.",🟢 Cerca de soporte,0.76,11,20,False,26.0,2.33,3266948.0,39201001472.0,2.41,4.8,gross,29.7,32.4,-2.7,57.0,393744.0,36.8,20.3,26.64,20.2,20.1,13.9,46.6,False,False,48.1508,False,50.7,50.1,False,760.25,12.7,False,False,28,0,0.82,844.31,False
82,DGE.L,DIAGEO PLC ORD 28 101/108P,EUROSTOXX,Consumer Defensive,Beverages - Wineries & Distilleries,United Kingdom,GBp,1764.0,1.0,script-v2.0,1.0,2026-08-15T06:23:12.020233+02:00,37.0,40.3,76,9,0,6,27,pendiente_confirmacion,pendiente_confirmacion,,False,pass,pendiente,0,desconocido,Pendiente de implementar,parcial,debt_reduction (alta): Deuda 22307.0M vs 24401.0M | dividend_maintained (baja): Dividendo actual 0.03%,incompleto,pendiente_confirmacion,,,,1820.7,1820.7,1820.70,ROE negativo durante 2 trimestres consecutivos | Ampliación de capital dilutiva | Recorte de rating a bono basura,12-18,"DIAGEO PLC ORD 28 101/108P está un N/D por debajo de su máximo 52s. Fundamentalmente aceptable con ROE 15.0%, deuda neta/EBITDA 3.0x. Técnicamente 🟢 base_pattern_detected. Clasificación: pendiente_confirmacion.","DIAGEO PLC ORD 28 101/108P está un N/D por debajo de su máximo 52s. Fundamentalmente aceptable con ROE 15.0%, deuda neta/EBITDA 3.0x. Técnicamente 🟢 base_pattern_detected. Clasificación: pendiente_confirmacion.",🟢 base_pattern_detected,0.03,11,20,False,106.6,1.72,5453535.0,20787000320.0,3.0,-8.6,,60.9,,,15.0,39224.0,30.4,4.87,8.93,,,,64.6,False,False,13.4243,False,,,False,1600.41,,True,False,15,12,0.67,,False
