Rank,Ticker,Nombre,Mercado,Sector,Industria,País,Moneda,Precio,Rules_Version,Model_Version,Config_Version,Evaluation_Timestamp,Score_Total,Score_Cuantitativo,Score_Fundamental,Score_Valoracion,Score_Causal,Score_Recuperacion,Score_Tecnico,Clasificacion,Clasificacion_Base,hard_rules_applied,Capa1_Pasa,Capa1_Status,Capa2_Causal_Classification,Capa2_Causal_Confidence,Capa2_Problem_Type,Capa2_Justification,Capa3_Recovery_Status,Capa3_Recovery_Signals,Capa4_Status,Capa5_Final_Classification,Capa5_Entry_Zone_Min,Capa5_Entry_Zone_Max,Capa5_Entry_Zone,Capa5_Exit_Zone_Min,Capa5_Exit_Zone_Max,Capa5_Exit_Zone,Capa5_Invalidation_Conditions,Capa5_Estimated_Horizon_Months,Capa5_Short_Explanation,Capa5_Summary_Explanation,Señales,Div_Yield_Actual_%,Historial_Div_Años_10,Consec_Antes_Corte,Recorte_Reciente,Payout_%,D/E,Vol_Medio_Diario,Net_Debt,Net_Debt_EBITDA,Variacion_Deuda_Trimestral_%,Tipo_Margen,Margen_Actual_%,Margen_Medio_4T_%,Variacion_Margen_pp,ROE_%,Cap_Millones,PER,P/B,EV_EBITDA,Caida_52s_%,Caida_Max_Multianual_%,Dist_SMA200_%,RSI_14,MACD_Cruce,MACD_Convergiendo,MACD_Semanal,MACD_Semanal_Giro,Estocastico_K,Estocastico_D,Estocastico_Giro,MA40_Semanal,Dist_MA40_Semanal_%,Base_Pattern_Detected,Trendline_Break,Technical_Base_Score,Technical_Bonus_Points,Vol_Ratio,Soporte,SMA50_Girando
1,FMG.AX,FORTESCUE FPO [FMG],ASX,Basic Materials,Other Industrial Metals & Mining,Australia,AUD,17.75,1.0,script-v2.0,1.0,2026-08-21T08:37:38.211821+02:00,87.3,86.1,100,74,0,1,91,seguimiento,seguimiento,Sin señales de recuperación,True,pass,pendiente,0,desconocido,Pendiente de implementar,ausente,dividend_maintained (baja): Dividendo actual 6.99% con caída del 24.1%,fuerte,seguimiento,16.86,17.75,16.86 - 17.75,19.87,20.26,19.87 - 20.26,Pérdida del soporte en 16.86 | ROE negativo durante 2 trimestres consecutivos | Ampliación de capital dilutiva | Recorte de rating a bono basura,6-12,"FORTESCUE FPO [FMG] está un 24.1% por debajo de su máximo 52s. Fundamentalmente sólida con ROE 18.7%, deuda neta/EBITDA 0.1x. Técnicamente 🔵 RSI recuperándose de sobreventa, 🟢 Divergencia alcista RSI. Clasificación: seguimiento.","FORTESCUE FPO [FMG] está un 24.1% por debajo de su máximo 52s. Fundamentalmente sólida con ROE 18.7%, deuda neta/EBITDA 0.1x. Técnicamente 🔵 RSI recuperándose de sobreventa, 🟢 Divergencia alcista RSI. Clasificación: seguimiento.",🔵 RSI recuperándose de sobreventa | 🟢 Divergencia alcista RSI | 🟢 Cruce alcista MACD | 🟢 Volumen creciente | 🟢 base_pattern_detected,6.99,11,16,True,58.0,0.28,6082430.0,1013000192.0,0.12,,,41.9,,,18.7,54652.0,10.4,1.87,6.83,24.1,23.3,-12.4,40.2,True,False,-0.6183,False,27.5,36.8,False,20.22,-12.2,True,False,79,12,1.35,,False
2,0700.HK,TENCENT,ASIA,Communication Services,Internet Content & Information,China,HKD,451.4,1.0,script-v2.0,1.0,2026-08-21T08:38:16.299220+02:00,79.7,84.6,99,72,0,7,65,seguimiento,seguimiento,,True,pass,pendiente,0,desconocido,Pendiente de implementar,parcial,"eps_stabilization (media): EPS 6.30 vs 6.28 (Diluted EPS) | dividend_maintained (baja): Dividendo actual 1.17% con caída del 33.9% | analyst_upgrade (media): Target 666.62 vs precio 451.40 (+48%), recMean 1.33, recKey strong_buy",razonable,seguimiento,449.98,451.4,449.98 - 451.40,522.32,580.55,522.32 - 580.55,Pérdida del soporte en 449.98 | ROE negativo durante 2 trimestres consecutivos | Ampliación de capital dilutiva | Recorte de rating a bono basura,12-18,"TENCENT está un 33.9% por debajo de su máximo 52s. Fundamentalmente sólida con ROE 19.9%, deuda neta/EBITDA 0.0x. Técnicamente 🟡 MACD convergiendo, 🟢 Bajo SMA200 con SMA50 girando. Clasificación: seguimiento.","TENCENT está un 33.9% por debajo de su máximo 52s. Fundamentalmente sólida con ROE 19.9%, deuda neta/EBITDA 0.0x. Técnicamente 🟡 MACD convergiendo, 🟢 Bajo SMA200 con SMA50 girando. Clasificación: seguimiento.",🟡 MACD convergiendo | 🟢 Bajo SMA200 con SMA50 girando | 🟢 Cerca de soporte | 🟢 base_pattern_detected,1.17,11,19,False,18.0,0.39,32927136.0,12923994112.0,0.04,,gross,56.7,56.9,-0.2,19.9,4067815.0,15.2,3.08,14.05,33.9,33.1,-13.6,46.5,False,True,-19.2118,False,24.9,22.7,False,510.2,-11.5,True,False,53,12,0.69,449.98,True
3,7203.T,TOYOTA MOTOR CORP,ASIA,Consumer Cyclical,Auto Manufacturers,Japan,JPY,3127.0,1.0,script-v2.0,1.0,2026-08-21T08:37:50.824108+02:00,76.2,73.9,75,73,0,7,83,seguimiento,seguimiento,,True,pass,pendiente,0,desconocido,Pendiente de implementar,parcial,margin_stabilization (media): Margen gross 18.0% vs 15.1% (+2.9 pp) | eps_stabilization (media): EPS 120.69 vs 64.56 (Diluted EPS) | dividend_maintained (baja): Dividendo actual 3.20% con caída del 21.8%,fuerte,seguimiento,2822.94,2897.34,2822.94 - 2897.34,3166.12,3400.0,3166.12 - 3400.00,Pérdida del soporte en 2822.94 | ROE negativo durante 2 trimestres consecutivos | Ampliación de capital dilutiva | Recorte de rating a bono basura,6-12,"TOYOTA MOTOR CORP está un 21.8% por debajo de su máximo 52s. Fundamentalmente sólida con ROE 12.4%, deuda neta/EBITDA 5.5x. Técnicamente 🟢 Divergencia alcista RSI, 🟢 Cruce alcista MACD. Clasificación: seguimiento.","TOYOTA MOTOR CORP está un 21.8% por debajo de su máximo 52s. Fundamentalmente sólida con ROE 12.4%, deuda neta/EBITDA 5.5x. Técnicamente 🟢 Divergencia alcista RSI, 🟢 Cruce alcista MACD. Clasificación: seguimiento.",🟢 Divergencia alcista RSI | 🟢 Cruce alcista MACD | 🟢 MACD semanal girando al alza | 🟡 Apoyo en MA40 semanal | 🟢 base_pattern_detected | 🟡 trendline_break,3.2,11,20,False,27.0,1.15,29293461.0,30602607722496.0,5.46,1.7,gross,16.8,16.7,0.1,12.4,37026972.0,8.9,0.99,12.11,21.8,20.7,-1.2,61.8,True,False,-47.1297,True,98.1,66.3,False,3184.04,-1.8,True,True,50,33,0.74,2822.94,True
4,3382.T,SEVEN & I HOLDINGS CO LTD,ASIA,Consumer Defensive,Grocery Stores,Japan,JPY,2037.0,1.0,script-v2.0,1.0,2026-08-21T08:38:07.425448+02:00,75.7,78.3,82,75,0,4,68,seguimiento,seguimiento,Sin señales de recuperación,True,pass,pendiente,0,desconocido,Pendiente de implementar,ausente,eps_stabilization (media): EPS 26.21 vs 18.96 (Diluted EPS) | dividend_maintained (baja): Dividendo actual 2.95% con caída del 15.7%,razonable,seguimiento,1988.95,2023.94,1988.95 - 2023.94,2054.45,2063.47,2054.45 - 2063.47,Pérdida del soporte en 1988.95 | ROE negativo durante 2 trimestres consecutivos | Ampliación de capital dilutiva | Recorte de rating a bono basura,6-12,"SEVEN & I HOLDINGS CO LTD está un 15.7% por debajo de su máximo 52s. Fundamentalmente sólida con ROE 8.0%, deuda neta/EBITDA 3.3x. Técnicamente 🟡 MACD convergiendo, 🟢 Cerca de soporte. Clasificación: seguimiento.","SEVEN & I HOLDINGS CO LTD está un 15.7% por debajo de su máximo 52s. Fundamentalmente sólida con ROE 8.0%, deuda neta/EBITDA 3.3x. Técnicamente 🟡 MACD convergiendo, 🟢 Cerca de soporte. Clasificación: seguimiento.",🟡 MACD convergiendo | 🟢 Cerca de soporte | 🟡 Apoyo en MA40 semanal | 🟢 base_pattern_detected | 🟡 trendline_break,2.95,11,20,False,42.1,1.04,8117655.0,3217205100544.0,3.32,,,16.4,,,8.0,4617998.0,17.1,1.28,8.19,15.7,22.1,-1.3,47.6,False,True,5.2437,False,36.2,26.1,False,2075.84,-1.9,True,True,45,23,0.88,1988.95,True
5,9021.T,WEST JAPAN RAILWAY CO,ASIA,Industrials,Railroads,Japan,JPY,2955.5,1.0,script-v2.0,1.0,2026-08-21T08:38:04.529289+02:00,75.5,80.9,82,80,0,1,59,seguimiento,seguimiento,Sin señales de recuperación,True,pass,pendiente,0,desconocido,Pendiente de implementar,ausente,dividend_maintained (baja): Dividendo actual 3.30% con caída del 16.2%,razonable,seguimiento,2712.58,2845.89,2712.58 - 2845.89,2990.02,2998.8,2990.02 - 2998.80,Pérdida del soporte en 2712.58 | ROE negativo durante 2 trimestres consecutivos | Ampliación de capital dilutiva | Recorte de rating a bono basura,6-12,"WEST JAPAN RAILWAY CO está un 16.2% por debajo de su máximo 52s. Fundamentalmente sólida con ROE 9.3%, deuda neta/EBITDA 3.7x. Técnicamente 🟡 MACD convergiendo, 🟡 Apoyo en MA40 semanal. Clasificación: seguimiento.","WEST JAPAN RAILWAY CO está un 16.2% por debajo de su máximo 52s. Fundamentalmente sólida con ROE 9.3%, deuda neta/EBITDA 3.7x. Técnicamente 🟡 MACD convergiendo, 🟡 Apoyo en MA40 semanal. Clasificación: seguimiento.",🟡 MACD convergiendo | 🟡 Apoyo en MA40 semanal | 🟢 base_pattern_detected | 🟡 trendline_break,3.3,11,20,False,35.1,1.15,3036363.0,1360837033984.0,3.67,6.6,,24.8,,,9.3,1345000.0,10.6,1.1,7.57,16.2,14.9,-1.2,54.7,False,True,-23.412,False,86.7,47.1,False,2987.88,-1.1,True,True,36,23,0.69,2712.58,True
6,9022.T,CENTRAL JAPAN RAILWAY CO,ASIA,Industrials,Railroads,Japan,JPY,3921.0,1.0,script-v2.0,1.0,2026-08-21T08:38:05.139445+02:00,74.8,79.1,77,81,0,4,62,seguimiento,seguimiento,Sin señales de recuperación,True,pass,pendiente,0,desconocido,Pendiente de implementar,ausente,eps_stabilization (media): EPS 149.59 vs 147.88 (Diluted EPS) | dividend_maintained (baja): Dividendo actual 0.82% con caída del 18.8%,razonable,seguimiento,3678.54,3766.0,3678.54 - 3766.00,4031.19,4105.5,4031.19 - 4105.50,Pérdida del soporte en 3766.00 | ROE negativo durante 2 trimestres consecutivos | Ampliación de capital dilutiva | Recorte de rating a bono basura,6-12,"CENTRAL JAPAN RAILWAY CO está un 18.8% por debajo de su máximo 52s. Fundamentalmente sólida con ROE 11.2%, deuda neta/EBITDA 4.3x. Técnicamente 🟡 MACD convergiendo, 🟢 Cerca de soporte. Clasificación: seguimiento.","CENTRAL JAPAN RAILWAY CO está un 18.8% por debajo de su máximo 52s. Fundamentalmente sólida con ROE 11.2%, deuda neta/EBITDA 4.3x. Técnicamente 🟡 MACD convergiendo, 🟢 Cerca de soporte. Clasificación: seguimiento.",🟡 MACD convergiendo | 🟢 Cerca de soporte | 🟢 MACD semanal girando al alza | 🟡 Apoyo en MA40 semanal | 🟡 trendline_break,0.82,11,20,False,5.6,0.92,3075533.0,4425204924416.0,4.28,11.6,,51.9,,,11.2,3722519.0,6.9,0.72,7.9,18.8,18.5,-2.7,57.2,False,True,-41.8497,True,66.8,37.6,False,4025.34,-2.6,False,True,41,21,0.69,3766.0,True
7,4568.T,DAIICHI SANKYO COMPANY LIMITED,ASIA,Healthcare,Drug Manufacturers - General,Japan,JPY,2828.0,1.0,script-v2.0,1.0,2026-08-21T08:37:58.620689+02:00,73.1,69.8,97,46,0,4,83,seguimiento,seguimiento,Sin señales de recuperación,True,pass,pendiente,0,desconocido,Pendiente de implementar,ausente,"dividend_maintained (baja): Dividendo actual 3.54% con caída del 32.3% | analyst_upgrade (media): Target 4090.59 vs precio 2828.00 (+45%), recMean 1.53, recKey buy",fuerte,seguimiento,2681.36,2710.58,2681.36 - 2710.58,2953.67,3551.3,2953.67 - 3551.30,Pérdida del soporte en 2710.58 | ROE negativo durante 2 trimestres consecutivos | Ampliación de capital dilutiva | Recorte de rating a bono basura,12-18,"DAIICHI SANKYO COMPANY LIMITED está un 32.3% por debajo de su máximo 52s. Fundamentalmente sólida con ROE 14.8%, deuda neta/EBITDA -0.5x. Técnicamente 🟢 Cruce alcista MACD, 🟢 Cerca de soporte. Clasificación: seguimiento.","DAIICHI SANKYO COMPANY LIMITED está un 32.3% por debajo de su máximo 52s. Fundamentalmente sólida con ROE 14.8%, deuda neta/EBITDA -0.5x. Técnicamente 🟢 Cruce alcista MACD, 🟢 Cerca de soporte. Clasificación: seguimiento.",🟢 Cruce alcista MACD | 🟢 Cerca de soporte | 🟢 MACD semanal girando al alza | 🟡 Apoyo en MA40 semanal | 🟢 base_pattern_detected | 🟡 trendline_break,3.54,11,20,False,55.6,0.29,7157087.0,-137370009600.0,-0.49,148.8,,68.5,,,14.8,5145980.0,20.1,3.02,18.02,32.3,53.0,-4.3,56.8,True,False,-67.0472,True,81.8,76.7,False,2897.7,-2.4,True,True,50,33,0.87,2710.58,True
8,035420.KS,NAVER,ASIA,Communication Services,Internet Content & Information,South Korea,KRW,222500.0,1.0,script-v2.0,1.0,2026-08-21T08:38:21.178360+02:00,72.8,75.1,74,76,0,7,66,seguimiento,seguimiento,,True,pass,pendiente,0,desconocido,Pendiente de implementar,parcial,"margin_stabilization (media): Margen gross 100.0% vs 100.0% (+0.0 pp) | dividend_maintained (baja): Dividendo actual 1.18% con caída del 26.8% | analyst_upgrade (media): Target 304346.16 vs precio 222500.00 (+37%), recMean 1.56, recKey buy",razonable,seguimiento,202894.44,210042.0,202894.44 - 210042.00,229017.51,258400.0,229017.51 - 258400.00,Pérdida del soporte en 202894.44 | ROE negativo durante 2 trimestres consecutivos | Ampliación de capital dilutiva | Recorte de rating a bono basura,12-18,"NAVER está un 26.8% por debajo de su máximo 52s. Fundamentalmente sólida con ROE 5.7%, deuda neta/EBITDA -1.2x. Técnicamente 🟢 Divergencia alcista RSI, 🟢 MACD semanal girando al alza. Clasificación: seguimiento.","NAVER está un 26.8% por debajo de su máximo 52s. Fundamentalmente sólida con ROE 5.7%, deuda neta/EBITDA -1.2x. Técnicamente 🟢 Divergencia alcista RSI, 🟢 MACD semanal girando al alza. Clasificación: seguimiento.",🟢 Divergencia alcista RSI | 🟢 MACD semanal girando al alza | 🟡 Apoyo en MA40 semanal | 🟢 base_pattern_detected,1.18,10,2,False,19.6,0.17,2031229.0,-3653219385344.0,-1.21,27.2,gross,100.0,100.0,0.0,5.7,33281500.0,15.1,,10.29,26.8,26.8,-2.8,54.6,False,False,-4107.705,True,64.6,52.4,False,227137.56,-2.0,True,False,39,27,0.65,202894.44,False
9,MGR.AX,MIRVAC GRP STAPLED [MGR],ASX,Real Estate,REIT - Diversified,Australia,AUD,1.91,1.0,script-v2.0,1.0,2026-08-21T08:37:47.196267+02:00,71.0,70.4,80,62,0,4,73,seguimiento,seguimiento,Sin señales de recuperación,True,pass,pendiente,0,desconocido,Pendiente de implementar,ausente,eps_stabilization (media): EPS 0.02 vs -0.20 (annual_eps_fallback) | dividend_maintained (baja): Dividendo actual 5.24% con caída del 22.4%,fuerte,seguimiento,1.75,1.77,1.75 - 1.77,1.83,2.09,1.83 - 2.09,Pérdida del soporte en 1.77 | ROE negativo durante 2 trimestres consecutivos | Ampliación de capital dilutiva | Recorte de rating a bono basura,6-12,"MIRVAC GRP STAPLED [MGR] está un 22.4% por debajo de su máximo 52s. Fundamentalmente sólida con ROE 7.4%, deuda neta/EBITDA 4.1x. Técnicamente 🟢 Cruce alcista MACD, 🟢 Volumen creciente. Clasificación: seguimiento.","MIRVAC GRP STAPLED [MGR] está un 22.4% por debajo de su máximo 52s. Fundamentalmente sólida con ROE 7.4%, deuda neta/EBITDA 4.1x. Técnicamente 🟢 Cruce alcista MACD, 🟢 Volumen creciente. Clasificación: seguimiento.",🟢 Cruce alcista MACD | 🟢 Volumen creciente | 🟢 MACD semanal girando al alza | 🟢 base_pattern_detected | 🟡 trendline_break,5.24,11,20,False,55.2,0.42,11603284.0,3605000128.0,4.12,,,38.9,,,7.4,7535.0,11.2,0.82,12.69,22.4,18.4,4.4,71.7,True,False,-0.0125,True,89.1,84.1,False,1.81,5.3,True,True,45,28,2.14,1.77,True
10,1299.HK,AIA,ASIA,Financial Services,Insurance - Life,Hong Kong,HKD,74.7,1.0,script-v2.0,1.0,2026-08-21T08:38:18.372358+02:00,70.2,69.7,91,51,0,7,72,seguimiento,seguimiento,,True,pass,pendiente,0,desconocido,Pendiente de implementar,parcial,"eps_stabilization (media): EPS 0.62 vs 0.33 (annual_eps_fallback) | dividend_maintained (baja): Dividendo actual 2.58% con caída del 18.9% | analyst_upgrade (media): Target 104.59 vs precio 74.70 (+40%), recMean 1.30, recKey strong_buy",fuerte,seguimiento,70.44,74.64,70.44 - 74.64,78.33,80.0,78.33 - 80.00,Pérdida del soporte en 70.44 | ROE negativo durante 2 trimestres consecutivos | Ampliación de capital dilutiva | Recorte de rating a bono basura,6-12,"AIA está un 18.9% por debajo de su máximo 52s. Fundamentalmente sólida con ROE 14.8%, deuda neta/EBITDA 1.2x. Técnicamente 🟢 Divergencia alcista RSI, 🟡 MACD convergiendo. Clasificación: seguimiento.","AIA está un 18.9% por debajo de su máximo 52s. Fundamentalmente sólida con ROE 14.8%, deuda neta/EBITDA 1.2x. Técnicamente 🟢 Divergencia alcista RSI, 🟡 MACD convergiendo. Clasificación: seguimiento.",🟢 Divergencia alcista RSI | 🟡 MACD convergiendo | 🟢 MACD semanal girando al alza | 🟡 Apoyo en MA40 semanal | 🟢 base_pattern_detected,2.58,11,16,False,38.9,0.47,36963078.0,11808999424.0,1.18,50.6,,43.9,,,14.8,769796.0,12.5,2.31,77.82,18.9,17.5,-6.6,50.3,False,True,-1.6174,True,46.2,33.7,False,79.89,-6.5,True,False,45,27,0.83,70.44,False
11,9020.T,EAST JAPAN RAILWAY CO,ASIA,Industrials,Railroads,Japan,JPY,3534.0,1.0,script-v2.0,1.0,2026-08-21T08:38:04.309282+02:00,70.0,67.4,61,73,0,1,78,seguimiento,seguimiento,Sin señales de recuperación,True,pass,pendiente,0,desconocido,Pendiente de implementar,ausente,dividend_maintained (baja): Dividendo actual 2.38% con caída del 16.1%,fuerte,seguimiento,3457.75,3497.64,3457.75 - 3497.64,3579.35,3687.01,3579.35 - 3687.01,Pérdida del soporte en 3457.75 | ROE negativo durante 2 trimestres consecutivos | Ampliación de capital dilutiva | Recorte de rating a bono basura,6-12,"EAST JAPAN RAILWAY CO está un 16.1% por debajo de su máximo 52s. Fundamentalmente sólida con ROE 7.9%, deuda neta/EBITDA 5.7x. Técnicamente 🟡 MACD convergiendo, 🟢 Cerca de soporte. Clasificación: seguimiento.","EAST JAPAN RAILWAY CO está un 16.1% por debajo de su máximo 52s. Fundamentalmente sólida con ROE 7.9%, deuda neta/EBITDA 5.7x. Técnicamente 🟡 MACD convergiendo, 🟢 Cerca de soporte. Clasificación: seguimiento.",🟡 MACD convergiendo | 🟢 Cerca de soporte | 🟢 MACD semanal girando al alza | 🟡 Apoyo en MA40 semanal | 🟢 base_pattern_detected | 🟡 trendline_break,2.38,11,20,False,33.7,1.63,3323096.0,4878946918400.0,5.68,7.6,,36.9,,,7.9,3990128.0,16.1,1.3,10.29,16.1,15.2,-4.1,51.6,False,True,-32.3434,True,73.5,40.0,False,3695.96,-4.4,True,True,45,33,0.96,3457.75,True
12,8002.T,MARUBENI CORP,ASIA,Industrials,Conglomerates,Japan,JPY,4880.0,1.0,script-v2.0,1.0,2026-08-21T08:38:08.195821+02:00,69.8,67.8,95,44,0,4,76,seguimiento,seguimiento,Sin señales de recuperación,True,pass,pendiente,0,desconocido,Pendiente de implementar,ausente,"dividend_maintained (baja): Dividendo actual 2.36% con caída del 22.9% | analyst_upgrade (media): Target 6067.50 vs precio 4880.00 (+24%), recMean 2.23, recKey buy",fuerte,seguimiento,4636.0,4880.0,4636.00 - 4880.00,5030.13,5378.8,5030.13 - 5378.80,Pérdida del soporte en 4636.00 | ROE negativo durante 2 trimestres consecutivos | Ampliación de capital dilutiva | Recorte de rating a bono basura,6-12,"MARUBENI CORP está un 22.9% por debajo de su máximo 52s. Fundamentalmente sólida con ROE 14.2%, deuda neta/EBITDA 4.0x. Técnicamente 🔵 RSI recuperándose de sobreventa, 🟢 Divergencia alcista RSI. Clasificación: seguimiento.","MARUBENI CORP está un 22.9% por debajo de su máximo 52s. Fundamentalmente sólida con ROE 14.2%, deuda neta/EBITDA 4.0x. Técnicamente 🔵 RSI recuperándose de sobreventa, 🟢 Divergencia alcista RSI. Clasificación: seguimiento.",🔵 RSI recuperándose de sobreventa | 🟢 Divergencia alcista RSI | 🟡 MACD convergiendo | 🟡 Apoyo en MA40 semanal | 🟢 base_pattern_detected,2.36,11,20,False,32.6,0.58,4651317.0,2050481061888.0,3.96,0.5,,14.5,,,14.2,7939346.0,14.8,1.78,19.48,22.9,22.1,-3.0,43.7,False,True,-8.9704,False,22.3,16.3,False,5137.44,-5.0,True,False,59,17,0.61,,False
13,T,AT&T Inc.,SP500,Communication Services,Telecom Services,United States,USD,25.15,1.0,script-v2.0,1.0,2026-08-21T08:36:31.492450+02:00,69.5,69.3,89,52,0,7,70,seguimiento,seguimiento,,True,pass,pendiente,0,desconocido,Pendiente de implementar,parcial,margin_stabilization (media): Margen gross 61.8% vs 60.1% (+1.7 pp) | eps_stabilization (media): EPS 0.66 vs 0.54 (Diluted EPS) | dividend_maintained (baja): Dividendo actual 4.41% con caída del 15.6%,fuerte,seguimiento,22.75,24.67,22.75 - 24.67,24.61,25.32,24.61 - 25.32,Pérdida del soporte en 24.67 | ROE negativo durante 2 trimestres consecutivos | Ampliación de capital dilutiva | Recorte de rating a bono basura,6-12,"AT&T Inc. está un 15.6% por debajo de su máximo 52s. Fundamentalmente sólida con ROE 18.3%, deuda neta/EBITDA 3.3x. Técnicamente 🟢 Divergencia alcista RSI, 🟢 Cerca de soporte. Clasificación: seguimiento.","AT&T Inc. está un 15.6% por debajo de su máximo 52s. Fundamentalmente sólida con ROE 18.3%, deuda neta/EBITDA 3.3x. Técnicamente 🟢 Divergencia alcista RSI, 🟢 Cerca de soporte. Clasificación: seguimiento.",🟢 Divergencia alcista RSI | 🟢 Cerca de soporte | 🟢 MACD semanal girando al alza | 🟡 Apoyo en MA40 semanal | 🟢 base_pattern_detected | 🟡 trendline_break,4.41,11,20,False,36.6,1.29,63412380.0,148185993216.0,3.3,5.4,gross,59.7,59.8,-0.1,18.3,172337.0,8.3,1.57,7.53,15.6,12.5,2.2,66.7,False,False,-0.407,True,88.7,88.0,False,24.7,1.8,True,True,37,33,0.62,24.67,True
14,MCD,McDonald's Corporation,SP500,Consumer Cyclical,Restaurants,United States,USD,269.13,1.0,script-v2.0,1.0,2026-08-21T08:36:44.597160+02:00,68.6,64.1,78,52,0,12,82,entrada_directa,entrada_directa,,True,pass,pendiente,0,desconocido,Pendiente de implementar,confirmada,margin_stabilization (media): Margen gross 58.0% vs 55.9% (+2.1 pp) | eps_stabilization (media): EPS 3.32 vs 2.78 (Diluted EPS) | debt_reduction (alta): Deuda 54604.0M vs 54881.0M | dividend_maintained (baja): Dividendo actual 2.76% con caída del 21.2%,fuerte,entrada_directa,267.14,269.13,267.14 - 269.13,290.49,295.71,290.49 - 295.71,Pérdida del soporte en 267.14 | ROE negativo durante 2 trimestres consecutivos | Ampliación de capital dilutiva | Recorte de rating a bono basura,6-12,"McDonald's Corporation está un 21.2% por debajo de su máximo 52s. Fundamentalmente sólida con deuda neta/EBITDA 3.6x, dividendo 2.8%. Técnicamente 🟢 Divergencia alcista RSI, 🟡 MACD convergiendo. Clasificación: entrada_directa.","McDonald's Corporation está un 21.2% por debajo de su máximo 52s. Fundamentalmente sólida con deuda neta/EBITDA 3.6x, dividendo 2.8%. Técnicamente 🟢 Divergencia alcista RSI, 🟡 MACD convergiendo. Clasificación: entrada_directa.",🟢 Divergencia alcista RSI | 🟡 MACD convergiendo | 🟢 Cerca de soporte | 🟢 MACD semanal girando al alza | 🟡 Apoyo en MA40 semanal | 🟢 base_pattern_detected,2.76,11,20,False,59.7,,4584901.0,53782001280.0,3.6,-0.5,gross,57.4,57.4,0.0,,190448.0,21.7,-186.12,16.36,21.2,20.3,-9.0,47.3,False,True,-8.4976,True,34.3,25.2,False,295.89,-9.0,True,False,55,27,0.88,267.14,False
15,QCOM,QUALCOMM Incorporated,SP500,Technology,Semiconductors,United States,USD,160.74,1.0,script-v2.0,1.0,2026-08-21T08:37:29.931825+02:00,66.8,69.1,100,42,0,9,60,seguimiento,seguimiento,,True,pass,pendiente,0,desconocido,Pendiente de implementar,parcial,"debt_reduction (alta): Deuda 15270.0M vs 15270.0M | dividend_maintained (baja): Dividendo actual 2.29% con caída del 38.2% | analyst_upgrade (media): Target 193.10 vs precio 160.74 (+20%), recMean 2.57, recKey hold",razonable,seguimiento,160.39,160.74,160.39 - 160.74,167.36,220.93,167.36 - 220.93,Pérdida del soporte en 160.39 | ROE negativo durante 2 trimestres consecutivos | Ampliación de capital dilutiva | Recorte de rating a bono basura,12-18,"QUALCOMM Incorporated está un 38.2% por debajo de su máximo 52s. Fundamentalmente sólida con ROE 33.8%, deuda neta/EBITDA 0.6x. Técnicamente 🟢 Divergencia alcista RSI, 🟢 Cerca de soporte. Clasificación: seguimiento.","QUALCOMM Incorporated está un 38.2% por debajo de su máximo 52s. Fundamentalmente sólida con ROE 33.8%, deuda neta/EBITDA 0.6x. Técnicamente 🟢 Divergencia alcista RSI, 🟢 Cerca de soporte. Clasificación: seguimiento.",🟢 Divergencia alcista RSI | 🟢 Cerca de soporte | 🟡 Apoyo en MA40 semanal,2.29,11,20,False,41.0,0.55,16903038.0,6965999616.0,0.58,-0.0,gross,54.2,54.2,0.0,33.8,168815.0,18.5,6.14,14.65,38.2,37.9,-4.0,43.6,False,False,0.0583,False,68.7,69.5,False,168.0,-4.3,False,False,55,5,0.82,160.39,False
16,BEN.AX,BEN ADE BK FPO [BEN],ASX,Financial Services,Banks - Regional,Australia,AUD,10.49,1.0,script-v2.0,1.0,2026-08-21T08:37:49.229243+02:00,66.2,61.6,60,63,0,6,80,seguimiento,seguimiento,,True,pass,pendiente,0,desconocido,Pendiente de implementar,parcial,debt_reduction (alta): Deuda 9544.2M vs 11371.4M | dividend_maintained (baja): Dividendo actual 5.72% con caída del 23.6%,fuerte,seguimiento,10.16,10.49,10.16 - 10.49,10.6,11.67,10.60 - 11.67,Pérdida del soporte en 10.16 | ROE negativo durante 2 trimestres consecutivos | Ampliación de capital dilutiva | Recorte de rating a bono basura,6-12,"BEN ADE BK FPO [BEN] está un 23.6% por debajo de su máximo 52s. Fundamentalmente sólida con ROE -1.2%, dividendo 5.7%. Técnicamente 🟡 MACD convergiendo, 🟢 Volumen creciente. Clasificación: seguimiento.","BEN ADE BK FPO [BEN] está un 23.6% por debajo de su máximo 52s. Fundamentalmente sólida con ROE -1.2%, dividendo 5.7%. Técnicamente 🟡 MACD convergiendo, 🟢 Volumen creciente. Clasificación: seguimiento.",🟡 MACD convergiendo | 🟢 Volumen creciente | 🟢 Cerca de soporte | 🟡 Apoyo en MA40 semanal | 🟢 base_pattern_detected,5.72,11,20,False,79.8,,1436895.0,6748000256.0,,-16.1,,0.0,,,-1.2,5915.0,11.7,0.89,,23.6,19.5,-1.1,39.1,False,True,0.0464,False,25.2,17.0,False,10.58,-0.8,True,False,63,17,1.58,10.16,True
17,8031.T,MITSUI & CO,ASIA,Industrials,Conglomerates,Japan,JPY,4891.0,1.0,script-v2.0,1.0,2026-08-21T08:38:01.547249+02:00,65.8,60.4,78,45,0,7,82,seguimiento,seguimiento,,True,pass,pendiente,0,desconocido,Pendiente de implementar,parcial,"eps_stabilization (media): EPS 103.65 vs 66.63 (Diluted EPS) | dividend_maintained (baja): Dividendo actual 2.86% con caída del 26.7% | analyst_upgrade (media): Target 6162.31 vs precio 4891.00 (+26%), recMean 2.00, recKey buy",fuerte,seguimiento,4678.27,4753.62,4678.27 - 4753.62,5059.4,5673.75,5059.40 - 5673.75,Pérdida del soporte en 4678.27 | ROE negativo durante 2 trimestres consecutivos | Ampliación de capital dilutiva | Recorte de rating a bono basura,12-18,"MITSUI & CO está un 26.7% por debajo de su máximo 52s. Fundamentalmente sólida con ROE 11.4%, deuda neta/EBITDA 6.4x. Técnicamente 🟢 Divergencia alcista RSI, 🟡 MACD convergiendo. Clasificación: seguimiento.","MITSUI & CO está un 26.7% por debajo de su máximo 52s. Fundamentalmente sólida con ROE 11.4%, deuda neta/EBITDA 6.4x. Técnicamente 🟢 Divergencia alcista RSI, 🟡 MACD convergiendo. Clasificación: seguimiento.",🟢 Divergencia alcista RSI | 🟡 MACD convergiendo | 🟢 Cerca de soporte | 🟢 MACD semanal girando al alza | 🟡 Apoyo en MA40 semanal | 🟢 base_pattern_detected,2.86,11,20,False,39.5,0.64,6488623.0,4996358733824.0,6.44,21.5,,9.6,,,11.4,13862015.0,16.8,1.54,24.23,26.7,26.7,-3.3,53.5,False,True,-84.2824,True,73.2,47.4,False,5170.06,-5.4,True,False,55,27,0.77,4678.27,False
18,0066.HK,MTR CORPORATION,ASIA,Industrials,Railroads,Hong Kong,HKD,33.76,1.0,script-v2.0,1.0,2026-08-21T08:38:13.827744+02:00,64.8,67.4,93,45,0,1,57,seguimiento,seguimiento,Sin señales de recuperación,True,pass,pendiente,0,desconocido,Pendiente de implementar,ausente,dividend_maintained (baja): Dividendo actual 3.88% con caída del 10.9%,razonable,seguimiento,31.53,32.05,31.53 - 32.05,31.83,32.2,31.83 - 32.20,Pérdida del soporte en 31.53 | ROE negativo durante 2 trimestres consecutivos | Ampliación de capital dilutiva | Recorte de rating a bono basura,6-12,"MTR CORPORATION está un 10.9% por debajo de su máximo 52s. Fundamentalmente sólida con ROE 11.1%, deuda neta/EBITDA 1.6x. Técnicamente 🟢 Divergencia alcista RSI, 🟢 Cruce alcista MACD. Clasificación: seguimiento.","MTR CORPORATION está un 10.9% por debajo de su máximo 52s. Fundamentalmente sólida con ROE 11.1%, deuda neta/EBITDA 1.6x. Técnicamente 🟢 Divergencia alcista RSI, 🟢 Cruce alcista MACD. Clasificación: seguimiento.",🟢 Divergencia alcista RSI | 🟢 Cruce alcista MACD | 🟢 base_pattern_detected | 🟡 trendline_break,3.88,11,20,False,35.7,0.75,5902211.0,56487010304.0,1.6,119.5,,35.9,,,11.1,209791.0,9.2,1.03,7.53,10.9,8.4,6.1,63.1,True,False,0.4033,False,99.0,88.6,False,32.11,5.1,True,True,39,18,0.75,31.53,True
19,SCG.AX,SCENTRE STAPLED [SCG],ASX,Real Estate,REIT - Retail,Australia,AUD,3.67,1.0,script-v2.0,1.0,2026-08-21T08:37:46.330090+02:00,64.6,65.8,85,49,0,9,61,seguimiento,seguimiento,,True,pass,pendiente,0,desconocido,Pendiente de implementar,parcial,eps_stabilization (media): EPS 0.34 vs 0.20 (annual_eps_fallback) | debt_reduction (alta): Deuda 15100.5M vs 16774.4M | dividend_maintained (baja): Dividendo actual 4.90% con caída del 14.1%,razonable,seguimiento,3.59,3.67,3.59 - 3.67,3.63,3.74,3.63 - 3.74,Pérdida del soporte en 3.59 | ROE negativo durante 2 trimestres consecutivos | Ampliación de capital dilutiva | Recorte de rating a bono basura,6-12,"SCENTRE STAPLED [SCG] está un 14.1% por debajo de su máximo 52s. Fundamentalmente sólida con ROE 9.6%, deuda neta/EBITDA 5.9x. Técnicamente 🟡 MACD convergiendo, 🟢 Cerca de soporte. Clasificación: seguimiento.","SCENTRE STAPLED [SCG] está un 14.1% por debajo de su máximo 52s. Fundamentalmente sólida con ROE 9.6%, deuda neta/EBITDA 5.9x. Técnicamente 🟡 MACD convergiendo, 🟢 Cerca de soporte. Clasificación: seguimiento.",🟡 MACD convergiendo | 🟢 Cerca de soporte | 🟡 Apoyo en MA40 semanal,4.9,11,16,False,51.2,0.79,12394834.0,14471099968.0,5.87,-10.0,,71.2,,,9.6,19168.0,10.8,1.01,13.65,14.1,9.9,-1.8,37.2,False,True,0.0306,False,23.0,16.4,False,3.73,-1.7,False,False,56,5,1.27,3.59,True
20,ED,"Consolidated Edison, Inc.",SP500,Utilities,Utilities - Regulated Electric,United States,USD,108.31,1.0,script-v2.0,1.0,2026-08-21T08:36:40.574437+02:00,64.1,62.1,92,36,0,1,70,seguimiento,seguimiento,Sin señales de recuperación,True,pass,pendiente,0,desconocido,Pendiente de implementar,ausente,dividend_maintained (baja): Dividendo actual 3.24% con caída del 6.8%,fuerte,seguimiento,106.4,108.31,106.40 - 108.31,98.8,105.07,98.80 - 105.07,Pérdida del soporte en 106.40 | ROE negativo durante 2 trimestres consecutivos | Ampliación de capital dilutiva | Recorte de rating a bono basura,6-12,"Consolidated Edison, Inc. está un 6.8% por debajo de su máximo 52s. Fundamentalmente sólida con ROE 9.0%, deuda neta/EBITDA 4.4x. Técnicamente 🟢 Cruce alcista MACD, 🟢 Cerca de soporte. Clasificación: seguimiento.","Consolidated Edison, Inc. está un 6.8% por debajo de su máximo 52s. Fundamentalmente sólida con ROE 9.0%, deuda neta/EBITDA 4.4x. Técnicamente 🟢 Cruce alcista MACD, 🟢 Cerca de soporte. Clasificación: seguimiento.",🟢 Cruce alcista MACD | 🟢 Cerca de soporte | 🟡 Apoyo en MA40 semanal | 🟢 base_pattern_detected,3.24,11,20,False,57.1,1.1,2412015.0,26850000000.0,4.36,4.2,gross,53.4,53.2,0.2,9.0,40056.0,17.8,1.56,10.86,6.8,5.3,3.1,49.6,True,False,1.1217,False,68.9,61.5,False,105.81,2.4,True,False,53,17,1.22,106.4,True
21,WMT,Walmart Inc.,SP500,Consumer Defensive,Discount Stores,United States,USD,103.84,1.0,script-v2.0,1.0,2026-08-21T08:36:52.894757+02:00,64.1,61.1,91,35,0,10,73,seguimiento,seguimiento,,True,pass,pendiente,0,desconocido,Pendiente de implementar,parcial,"margin_stabilization (media): Margen gross 25.1% vs 24.7% (+0.5 pp) | eps_stabilization (media): EPS 0.67 vs 0.53 (Diluted EPS) | dividend_maintained (baja): Dividendo actual 0.95% con caída del 23.2% | analyst_upgrade (media): Target 137.95 vs precio 103.84 (+33%), recMean 1.58, recKey buy",fuerte,seguimiento,98.65,103.84,98.65 - 103.84,114.89,118.22,114.89 - 118.22,Pérdida del soporte en 98.65 | ROE negativo durante 2 trimestres consecutivos | Ampliación de capital dilutiva | Recorte de rating a bono basura,6-12,"Walmart Inc. está un 23.2% por debajo de su máximo 52s. Fundamentalmente sólida con ROE 24.1%, deuda neta/EBITDA 1.4x. Técnicamente 🔵 RSI en sobreventa, 🟢 Divergencia alcista RSI. Clasificación: seguimiento.","Walmart Inc. está un 23.2% por debajo de su máximo 52s. Fundamentalmente sólida con ROE 24.1%, deuda neta/EBITDA 1.4x. Técnicamente 🔵 RSI en sobreventa, 🟢 Divergencia alcista RSI. Clasificación: seguimiento.",🔵 RSI en sobreventa | 🟢 Divergencia alcista RSI | 🟢 Volumen creciente | 🟢 base_pattern_detected,0.95,11,20,False,33.5,0.75,24855665.0,64816002048.0,1.45,12.6,gross,25.0,25.0,-0.0,24.1,826367.0,40.2,8.76,21.88,23.2,23.2,-12.2,29.8,False,False,-2.4651,False,7.1,53.4,False,118.98,-12.7,True,False,61,12,1.84,,False
22,AVGO,Broadcom Inc.,SP500,Technology,Semiconductors,United States,USD,364.03,1.0,script-v2.0,1.0,2026-08-21T08:37:28.013728+02:00,63.8,61.1,100,27,0,15,72,entrada_directa,entrada_directa,,False,pass,pendiente,0,desconocido,Pendiente de implementar,confirmada,"margin_stabilization (media): Margen gross 69.5% vs 68.1% (+1.3 pp) | eps_stabilization (media): EPS 1.91 vs 1.50 (Diluted EPS) | debt_reduction (alta): Deuda 64907.0M vs 66057.0M | dividend_maintained (baja): Dividendo actual 0.71% con caída del 26.5% | analyst_upgrade (media): Target 527.88 vs precio 364.03 (+45%), recMean 1.33, recKey strong_buy",fuerte,entrada_directa,307.38,364.03,307.38 - 364.03,368.26,420.75,368.26 - 420.75,Pérdida del soporte en 307.38 | ROE negativo durante 2 trimestres consecutivos | Ampliación de capital dilutiva | Recorte de rating a bono basura,12-18,"Broadcom Inc. está un 26.5% por debajo de su máximo 52s. Fundamentalmente sólida con ROE 37.3%, deuda neta/EBITDA 1.1x. Técnicamente 🟢 Divergencia alcista RSI, 🟢 Volumen creciente. Clasificación: entrada_directa.","Broadcom Inc. está un 26.5% por debajo de su máximo 52s. Fundamentalmente sólida con ROE 37.3%, deuda neta/EBITDA 1.1x. Técnicamente 🟢 Divergencia alcista RSI, 🟢 Volumen creciente. Clasificación: entrada_directa.",🟢 Divergencia alcista RSI | 🟢 Volumen creciente | 🟢 Estocástico sale de sobreventa | 🟡 Apoyo en MA40 semanal | 🟢 base_pattern_detected,0.71,11,17,False,41.3,0.74,26246308.0,45279002624.0,1.08,-1.7,gross,76.3,68.2,8.1,37.3,1731902.0,60.3,19.75,42.23,26.5,26.3,-1.1,36.2,False,False,8.9556,False,8.5,8.1,True,367.64,-1.0,True,False,49,23,1.31,307.38,False
23,6758.T,SONY GROUP CORPORATION,ASIA,Technology,Consumer Electronics,Japan,JPY,3770.0,1.0,script-v2.0,1.0,2026-08-21T08:37:58.561889+02:00,63.1,68.2,89,50,0,10,48,seguimiento,seguimiento,,True,pass,pendiente,0,desconocido,Pendiente de implementar,parcial,"margin_stabilization (media): Margen gross 36.7% vs 30.8% (+5.9 pp) | eps_stabilization (media): EPS 57.82 vs 13.89 (Diluted EPS) | dividend_maintained (baja): Dividendo actual 0.93% con caída del 21.1% | analyst_upgrade (media): Target 4804.55 vs precio 3770.00 (+27%), recMean 1.35, recKey strong_buy",razonable,seguimiento,3478.98,3655.0,3478.98 - 3655.00,3648.57,4059.6,3648.57 - 4059.60,Pérdida del soporte en 3655.00 | ROE negativo durante 2 trimestres consecutivos | Ampliación de capital dilutiva | Recorte de rating a bono basura,6-12,"SONY GROUP CORPORATION está un 21.1% por debajo de su máximo 52s. Fundamentalmente sólida con ROE 13.2%, deuda neta/EBITDA -0.1x. Técnicamente 🟢 Divergencia alcista RSI, 🟢 Cerca de soporte. Clasificación: seguimiento.","SONY GROUP CORPORATION está un 21.1% por debajo de su máximo 52s. Fundamentalmente sólida con ROE 13.2%, deuda neta/EBITDA -0.1x. Técnicamente 🟢 Divergencia alcista RSI, 🟢 Cerca de soporte. Clasificación: seguimiento.",🟢 Divergencia alcista RSI | 🟢 Cerca de soporte | 🟢 base_pattern_detected | 🟡 trendline_break,0.93,11,20,False,13.4,0.21,19123139.0,-299421007872.0,-0.14,12.0,gross,32.2,32.1,0.2,13.2,22068848.0,20.2,2.65,10.72,21.1,20.8,3.3,57.4,False,False,36.4796,False,64.2,53.8,False,3591.47,5.0,True,True,30,18,0.58,3655.0,True
24,IBM,International Business Machines,SP500,Technology,Information Technology Services,United States,USD,233.69,1.0,script-v2.0,1.0,2026-08-21T08:36:56.719575+02:00,62.7,63.6,94,37,0,12,60,entrada_escalada,entrada_escalada,,True,pass,pendiente,0,desconocido,Pendiente de implementar,confirmada,margin_stabilization (media): Margen gross 57.7% vs 56.2% (+1.5 pp) | eps_stabilization (media): EPS 2.27 vs 1.28 (Diluted EPS) | debt_reduction (alta): Deuda 65272.0M vs 69802.0M | dividend_maintained (baja): Dividendo actual 2.89% con caída del 29.7%,razonable,entrada_escalada,225.91,233.69,225.91 - 233.69,262.64,282.59,262.64 - 282.59,Pérdida del soporte en 225.91 | ROE negativo durante 2 trimestres consecutivos | Ampliación de capital dilutiva | Recorte de rating a bono basura,12-18,"International Business Machines está un 29.7% por debajo de su máximo 52s. Fundamentalmente sólida con ROE 34.5%, deuda neta/EBITDA 3.5x. Técnicamente 🟢 Divergencia alcista RSI, 🟢 Cerca de soporte. Clasificación: entrada_escalada.","International Business Machines está un 29.7% por debajo de su máximo 52s. Fundamentalmente sólida con ROE 34.5%, deuda neta/EBITDA 3.5x. Técnicamente 🟢 Divergencia alcista RSI, 🟢 Cerca de soporte. Clasificación: entrada_escalada.",🟢 Divergencia alcista RSI | 🟢 Cerca de soporte | 🟢 base_pattern_detected,2.89,11,20,False,59.8,1.89,10949520.0,57140000768.0,3.47,-6.5,gross,58.1,58.0,0.1,34.5,220167.0,21.1,6.39,16.84,29.7,29.2,-11.0,48.6,False,False,-7.5637,False,59.6,69.4,False,260.99,-10.5,True,False,48,12,0.71,225.91,False
25,051910.KS,LGCHEM,ASIA,Basic Materials,Chemicals,South Korea,KRW,253000.0,1.0,script-v2.0,1.0,2026-08-21T08:38:20.283339+02:00,62.6,61.1,51,70,0,7,67,seguimiento,seguimiento,,True,pass,pendiente,0,desconocido,Pendiente de implementar,parcial,"margin_stabilization (media): Margen gross 18.9% vs 13.4% (+5.5 pp) | dividend_maintained (baja): Dividendo actual 0.79% con caída del 42.2% | analyst_upgrade (media): Target 406200.00 vs precio 253000.00 (+61%), recMean 1.72, recKey buy",razonable,seguimiento,247833.33,253000.0,247833.33 - 253000.00,333157.7,371875.0,333157.70 - 371875.00,Pérdida del soporte en 247833.33 | ROE negativo durante 2 trimestres consecutivos | Ampliación de capital dilutiva | Recorte de rating a bono basura,18-24,"LGCHEM está un 42.2% por debajo de su máximo 52s. Fundamentalmente sólida con ROE -5.9%, deuda neta/EBITDA 5.7x. Técnicamente 🟢 Divergencia alcista RSI, 🟢 Cerca de soporte. Clasificación: seguimiento.","LGCHEM está un 42.2% por debajo de su máximo 52s. Fundamentalmente sólida con ROE -5.9%, deuda neta/EBITDA 5.7x. Técnicamente 🟢 Divergencia alcista RSI, 🟢 Cerca de soporte. Clasificación: seguimiento.",🟢 Divergencia alcista RSI | 🟢 Cerca de soporte | 🟢 base_pattern_detected,0.79,10,2,True,,0.74,266566.0,26000248274944.0,5.68,5.5,gross,16.8,17.6,-0.8,-5.9,19803601.0,11.6,,13.09,42.2,42.2,-24.1,41.9,False,False,-20991.6194,False,33.7,53.8,False,329009.46,-23.1,True,False,55,12,0.73,247833.33,False
26,7751.T,CANON INC,ASIA,Technology,Computer Hardware,Japan,JPY,4586.0,1.0,script-v2.0,1.0,2026-08-21T08:38:01.467576+02:00,62.1,68.5,92,48,0,1,43,seguimiento,seguimiento,Sin señales de recuperación,True,pass,pendiente,0,desconocido,Pendiente de implementar,ausente,dividend_maintained (baja): Dividendo actual 3.49% con caída del 8.9%,incompleto,seguimiento,4233.26,4387.46,4233.26 - 4387.46,4278.05,4393.53,4278.05 - 4393.53,Pérdida del soporte en 4233.26 | ROE negativo durante 2 trimestres consecutivos | Ampliación de capital dilutiva | Recorte de rating a bono basura,6-12,"CANON INC está un 8.9% por debajo de su máximo 52s. Fundamentalmente sólida con ROE 10.4%, deuda neta/EBITDA 0.7x. Técnicamente 🟡 MACD convergiendo, 🟢 base_pattern_detected. Clasificación: seguimiento.","CANON INC está un 8.9% por debajo de su máximo 52s. Fundamentalmente sólida con ROE 10.4%, deuda neta/EBITDA 0.7x. Técnicamente 🟡 MACD convergiendo, 🟢 base_pattern_detected. Clasificación: seguimiento.",🟡 MACD convergiendo | 🟢 base_pattern_detected | 🟡 trendline_break,3.49,11,20,False,40.5,0.34,4181387.0,525887012864.0,0.72,34.2,,47.8,,,10.4,3870369.0,11.6,1.12,6.28,8.9,7.4,4.4,55.6,False,True,63.4042,False,72.3,50.9,False,4401.68,4.2,True,True,25,18,0.62,4233.26,True
27,GPT.AX,GPT STAPLED [GPT],ASX,Real Estate,REIT - Diversified,Australia,AUD,4.73,1.0,script-v2.0,1.0,2026-08-21T08:37:46.542806+02:00,62.0,63.6,78,51,0,4,57,seguimiento,seguimiento,Sin señales de recuperación,True,pass,pendiente,0,desconocido,Pendiente de implementar,ausente,eps_stabilization (media): EPS 0.51 vs -0.10 (annual_eps_fallback) | dividend_maintained (baja): Dividendo actual 5.07% con caída del 17.7%,razonable,seguimiento,4.44,4.73,4.44 - 4.73,4.89,4.93,4.89 - 4.93,Pérdida del soporte en 4.44 | ROE negativo durante 2 trimestres consecutivos | Ampliación de capital dilutiva | Recorte de rating a bono basura,6-12,"GPT STAPLED [GPT] está un 17.7% por debajo de su máximo 52s. Fundamentalmente sólida con ROE 10.0%, deuda neta/EBITDA 9.1x. Técnicamente 🔵 RSI en sobreventa, 🟢 Volumen creciente. Clasificación: seguimiento.","GPT STAPLED [GPT] está un 17.7% por debajo de su máximo 52s. Fundamentalmente sólida con ROE 10.0%, deuda neta/EBITDA 9.1x. Técnicamente 🔵 RSI en sobreventa, 🟢 Volumen creciente. Clasificación: seguimiento.",🔵 RSI en sobreventa | 🟢 Volumen creciente | 🟡 Apoyo en MA40 semanal,5.07,11,20,False,44.2,0.53,5410803.0,5582400032.0,9.11,17.2,,62.1,,,10.0,9061.0,8.6,0.84,23.93,17.7,13.9,-4.0,31.5,False,False,0.0473,False,10.9,8.4,False,4.91,-3.8,False,False,52,5,1.71,4.44,True
28,UPS,"United Parcel Service, Inc.",SP500,Industrials,Integrated Freight & Logistics,United States,USD,102.58,1.0,script-v2.0,1.0,2026-08-21T08:36:58.307800+02:00,61.3,62.4,88,40,0,1,58,seguimiento,seguimiento,Sin señales de recuperación,True,pass,pendiente,0,desconocido,Pendiente de implementar,ausente,dividend_maintained (baja): Dividendo actual 6.40% con caída del 16.2%,razonable,seguimiento,102.33,102.58,102.33 - 102.58,101.09,104.05,101.09 - 104.05,Pérdida del soporte en 102.33 | ROE negativo durante 2 trimestres consecutivos | Ampliación de capital dilutiva | Recorte de rating a bono basura,6-12,"United Parcel Service, Inc. está un 16.2% por debajo de su máximo 52s. Fundamentalmente sólida con ROE 29.6%, deuda neta/EBITDA 2.0x. Técnicamente 🔵 RSI recuperándose de sobreventa, 🟡 MACD convergiendo. Clasificación: seguimiento.","United Parcel Service, Inc. está un 16.2% por debajo de su máximo 52s. Fundamentalmente sólida con ROE 29.6%, deuda neta/EBITDA 2.0x. Técnicamente 🔵 RSI recuperándose de sobreventa, 🟡 MACD convergiendo. Clasificación: seguimiento.",🔵 RSI recuperándose de sobreventa | 🟡 MACD convergiendo | 🟢 Cerca de soporte | 🟡 Apoyo en MA40 semanal,6.4,11,20,False,121.9,1.9,5261804.0,24019999232.0,2.0,0.0,gross,22.4,16.5,5.9,29.6,87273.0,19.1,5.79,9.26,16.2,19.8,1.5,43.2,False,True,1.725,False,25.4,23.6,False,102.03,0.5,False,False,53,5,0.7,102.33,False
29,000660.KS,SK hynix,ASIA,Technology,Semiconductors,South Korea,KRW,1727000.0,1.0,script-v2.0,1.0,2026-08-21T08:38:19.940951+02:00,61.0,68.9,78,61,0,15,37,pendiente_confirmacion,pendiente_confirmacion,,True,pass,pendiente,0,desconocido,Pendiente de implementar,confirmada,"margin_stabilization (media): Margen gross 79.3% vs 68.8% (+10.5 pp) | eps_stabilization (media): EPS 56670.00 vs 17850.00 (Diluted EPS) | debt_reduction (alta): Deuda 18585999.1M vs 24757848.0M | dividend_maintained (baja): Dividendo actual 0.09% con caída del 42.2% | analyst_upgrade (media): Target 3166022.20 vs precio 1727000.00 (+83%), recMean 1.33, recKey strong_buy",incompleto,pendiente_confirmacion,1720104.92,1727000.0,1720104.92 - 1727000.00,1251850.31,2538950.0,1251850.31 - 2538950.00,Pérdida del soporte en 1720104.92 | ROE negativo durante 2 trimestres consecutivos | Ampliación de capital dilutiva | Recorte de rating a bono basura,18-24,"SK hynix está un 42.2% por debajo de su máximo 52s. Fundamentalmente sólida con ROE 92.7%, deuda neta/EBITDA -0.5x. Técnicamente 🟢 Divergencia alcista RSI, 🟢 Cerca de soporte. Clasificación: pendiente_confirmacion.","SK hynix está un 42.2% por debajo de su máximo 52s. Fundamentalmente sólida con ROE 92.7%, deuda neta/EBITDA -0.5x. Técnicamente 🟢 Divergencia alcista RSI, 🟢 Cerca de soporte. Clasificación: pendiente_confirmacion.",🟢 Divergencia alcista RSI | 🟢 Cerca de soporte,0.09,11,13,False,1.3,7.08,5814523.0,-69372003483648.0,-0.48,-24.9,gross,70.2,64.8,5.4,92.7,1225919495.0,3.8,,7.88,42.2,42.2,38.0,50.9,False,False,182078.6059,False,84.5,67.5,False,1308455.78,32.0,False,False,37,0,0.79,1720104.92,False
30,GIS,"General Mills, Inc.",SP500,Consumer Defensive,Packaged Foods,United States,USD,39.61,1.0,script-v2.0,1.0,2026-08-21T08:37:21.221170+02:00,60.9,60.8,64,58,0,9,61,seguimiento,seguimiento,,True,pass,pendiente,0,desconocido,Pendiente de implementar,parcial,margin_stabilization (media): Margen gross 34.8% vs 30.8% (+4.0 pp) | debt_reduction (alta): Deuda 0.0M vs 13967.7M | dividend_maintained (baja): Dividendo actual 6.16% con caída del 22.8%,razonable,seguimiento,36.21,37.68,36.21 - 37.68,39.13,43.63,39.13 - 43.63,Pérdida del soporte en 37.68 | ROE negativo durante 2 trimestres consecutivos | Ampliación de capital dilutiva | Recorte de rating a bono basura,6-12,"General Mills, Inc. está un 22.8% por debajo de su máximo 52s. Fundamentalmente sólida con ROE -1.0%, deuda neta/EBITDA -0.1x. Técnicamente 🟢 Cerca de soporte, 🟢 MACD semanal girando al alza. Clasificación: seguimiento.","General Mills, Inc. está un 22.8% por debajo de su máximo 52s. Fundamentalmente sólida con ROE -1.0%, deuda neta/EBITDA -0.1x. Técnicamente 🟢 Cerca de soporte, 🟢 MACD semanal girando al alza. Clasificación: seguimiento.",🟢 Cerca de soporte | 🟢 MACD semanal girando al alza | 🟡 Apoyo en MA40 semanal | 🟢 base_pattern_detected | 🟡 trendline_break,6.16,11,20,False,59.4,2.18,10099993.0,-399000000.0,-0.12,-100.0,gross,33.7,33.6,0.1,-1.0,21177.0,12.3,3.83,7.02,22.8,42.3,1.2,63.1,False,False,-0.5569,True,89.6,85.0,False,39.0,1.6,True,True,28,33,0.95,37.68,True
31,HEIA.AS,HEINEKEN,EUROSTOXX,Consumer Defensive,Beverages - Brewers,Netherlands,EUR,71.78,1.0,script-v2.0,1.0,2026-08-21T08:35:48.776706+02:00,60.8,62.3,89,39,0,7,56,seguimiento,seguimiento,,True,pass,pendiente,0,desconocido,Pendiente de implementar,parcial,"eps_stabilization (media): EPS 3.38 vs 1.74 (annual_eps_fallback) | dividend_maintained (baja): Dividendo actual 2.67% | analyst_upgrade (media): Target 89.09 vs precio 71.78 (+24%), recMean 1.87, recKey buy",razonable,seguimiento,,,,68.37,68.37,68.37,ROE negativo durante 2 trimestres consecutivos | Ampliación de capital dilutiva | Recorte de rating a bono basura,12-18,"HEINEKEN está un N/D por debajo de su máximo 52s. Fundamentalmente sólida con ROE 12.1%, deuda neta/EBITDA 3.2x. Técnicamente 🔵 RSI en sobreventa, 🟡 MACD convergiendo. Clasificación: seguimiento.","HEINEKEN está un N/D por debajo de su máximo 52s. Fundamentalmente sólida con ROE 12.1%, deuda neta/EBITDA 3.2x. Técnicamente 🔵 RSI en sobreventa, 🟡 MACD convergiendo. Clasificación: seguimiento.",🔵 RSI en sobreventa | 🟡 MACD convergiendo | 🟢 base_pattern_detected,2.67,11,20,False,46.3,0.95,912488.0,17812999680.0,3.22,17.4,,37.0,,,12.1,39851.0,17.5,2.06,10.8,,,,34.7,False,True,1.6369,False,,,False,70.31,,True,False,44,12,0.62,,False
32,ORG.AX,ORIGIN ENE FPO [ORG],ASX,Utilities,Utilities - Diversified,Australia,AUD,11.89,1.0,script-v2.0,1.0,2026-08-21T08:37:44.615148+02:00,60.1,60.8,96,30,0,4,58,seguimiento,seguimiento,Sin señales de recuperación,True,pass,pendiente,0,desconocido,Pendiente de implementar,ausente,eps_stabilization (media): EPS 0.86 vs 0.81 (annual_eps_fallback) | dividend_maintained (baja): Dividendo actual 5.05% con caída del 9.4%,razonable,seguimiento,10.87,11.59,10.87 - 11.59,11.16,11.36,11.16 - 11.36,Pérdida del soporte en 11.59 | ROE negativo durante 2 trimestres consecutivos | Ampliación de capital dilutiva | Recorte de rating a bono basura,6-12,"ORIGIN ENE FPO [ORG] está un 9.4% por debajo de su máximo 52s. Fundamentalmente sólida con ROE 15.7%, deuda neta/EBITDA 2.4x. Técnicamente 🟢 Divergencia alcista RSI, 🟢 Cerca de soporte. Clasificación: seguimiento.","ORIGIN ENE FPO [ORG] está un 9.4% por debajo de su máximo 52s. Fundamentalmente sólida con ROE 15.7%, deuda neta/EBITDA 2.4x. Técnicamente 🟢 Divergencia alcista RSI, 🟢 Cerca de soporte. Clasificación: seguimiento.",🟢 Divergencia alcista RSI | 🟢 Cerca de soporte | 🟢 MACD semanal girando al alza | 🟡 trendline_break,5.05,9,8,False,65.8,0.49,4327430.0,4140000128.0,2.41,,,22.4,,,15.7,20483.0,13.1,2.1,14.47,9.4,7.4,4.7,67.6,False,False,-0.0779,True,77.7,85.6,False,11.38,4.5,False,True,42,16,1.01,11.59,True
33,SHEL.L,SHELL PLC ORD EUR0.07,EUROSTOXX,Energy,Oil & Gas Integrated,United Kingdom,GBp,3440.0,1.0,script-v2.0,1.0,2026-08-21T08:36:13.288763+02:00,60.0,66.0,98,38,0,12,42,pendiente_confirmacion,pendiente_confirmacion,,True,pass,pendiente,0,desconocido,Pendiente de implementar,confirmada,margin_stabilization (media): Margen gross 19.5% vs 19.3% (+0.2 pp) | eps_stabilization (media): EPS 1.92 vs 1.00 (Diluted EPS) | debt_reduction (alta): Deuda 73076.0M vs 75644.0M | dividend_maintained (baja): Dividendo actual 0.03%,incompleto,pendiente_confirmacion,,,,3194.72,3194.72,3194.72,ROE negativo durante 2 trimestres consecutivos | Ampliación de capital dilutiva | Recorte de rating a bono basura,12-18,"SHELL PLC ORD EUR0.07 está un N/D por debajo de su máximo 52s. Fundamentalmente sólida con ROE 14.3%, deuda neta/EBITDA 0.7x. Técnicamente 🟢 Cruce alcista MACD, 🟢 base_pattern_detected. Clasificación: pendiente_confirmacion.","SHELL PLC ORD EUR0.07 está un N/D por debajo de su máximo 52s. Fundamentalmente sólida con ROE 14.3%, deuda neta/EBITDA 0.7x. Técnicamente 🟢 Cruce alcista MACD, 🟢 base_pattern_detected. Clasificación: pendiente_confirmacion.",🟢 Cruce alcista MACD | 🟢 base_pattern_detected,0.03,11,20,False,32.8,0.4,9515289.0,41701998592.0,0.72,-3.4,gross,26.1,16.8,9.3,14.3,189816.0,10.3,1.44,4.07,,,,63.7,True,False,80.0454,False,,,False,3067.34,,True,False,30,12,0.57,,False
34,4503.T,ASTELLAS PHARMA,ASIA,Healthcare,Drug Manufacturers - General,Japan,JPY,2379.5,1.0,script-v2.0,1.0,2026-08-21T08:37:57.134943+02:00,59.9,65.9,100,36,0,9,42,pendiente_confirmacion,pendiente_confirmacion,,True,pass,pendiente,0,desconocido,Pendiente de implementar,parcial,eps_stabilization (media): EPS 78.96 vs 38.11 (Diluted EPS) | debt_reduction (alta): Deuda 589870.0M vs 831426.0M | dividend_maintained (baja): Dividendo actual 3.36% con caída del 12.4%,incompleto,pendiente_confirmacion,2204.18,2276.49,2204.18 - 2276.49,2213.37,2309.45,2213.37 - 2309.45,Pérdida del soporte en 2276.49 | ROE negativo durante 2 trimestres consecutivos | Ampliación de capital dilutiva | Recorte de rating a bono basura,6-12,"ASTELLAS PHARMA está un 12.4% por debajo de su máximo 52s. Fundamentalmente sólida con ROE 21.3%, deuda neta/EBITDA 0.5x. Técnicamente 🟢 Cerca de soporte, 🟢 base_pattern_detected. Clasificación: pendiente_confirmacion.","ASTELLAS PHARMA está un 12.4% por debajo de su máximo 52s. Fundamentalmente sólida con ROE 21.3%, deuda neta/EBITDA 0.5x. Técnicamente 🟢 Cerca de soporte, 🟢 base_pattern_detected. Clasificación: pendiente_confirmacion.",🟢 Cerca de soporte | 🟢 base_pattern_detected | 🟡 trendline_break,3.36,11,20,False,48.1,0.3,6702962.0,345172000768.0,0.52,-29.1,,80.8,,,21.3,4266476.0,14.7,2.2,6.99,12.4,12.4,7.5,61.0,False,False,27.4634,False,86.7,90.2,False,2259.48,5.3,True,True,24,18,0.94,2276.49,True
35,ABI.BR,AB INBEV,EUROSTOXX,Consumer Defensive,Beverages - Brewers,Belgium,EUR,66.54,1.0,script-v2.0,1.0,2026-08-21T08:36:01.517294+02:00,59.2,63.0,95,35,0,15,48,entrada_escalada,entrada_escalada,,True,pass,pendiente,0,desconocido,Pendiente de implementar,confirmada,"margin_stabilization (media): Margen gross 57.5% vs 56.6% (+0.9 pp) | eps_stabilization (media): EPS 1.30 vs 0.99 (Diluted EPS) | debt_reduction (alta): Deuda 72732.0M vs 73027.0M | dividend_maintained (baja): Dividendo actual 1.73% | analyst_upgrade (media): Target 80.72 vs precio 66.54 (+21%), recMean 1.68, recKey buy",razonable,entrada_escalada,,,,64.75,64.75,64.75,ROE negativo durante 2 trimestres consecutivos | Ampliación de capital dilutiva | Recorte de rating a bono basura,12-18,"AB INBEV está un N/D por debajo de su máximo 52s. Fundamentalmente sólida con ROE 11.4%, deuda neta/EBITDA 3.3x. Técnicamente 🔵 RSI en sobreventa, 🟡 MACD convergiendo. Clasificación: entrada_escalada.","AB INBEV está un N/D por debajo de su máximo 52s. Fundamentalmente sólida con ROE 11.4%, deuda neta/EBITDA 3.3x. Técnicamente 🔵 RSI en sobreventa, 🟡 MACD convergiendo. Clasificación: entrada_escalada.",🔵 RSI en sobreventa | 🟡 MACD convergiendo,1.73,11,20,False,28.9,0.72,1918922.0,64721000448.0,3.28,-0.4,gross,56.5,56.5,0.0,11.4,131026.0,16.6,1.62,10.32,,,,32.7,False,True,2.4982,False,,,False,63.81,,False,False,48,0,1.01,,False
36,TWE.AX,TREA WINE FPO [TWE],ASX,Consumer Defensive,Beverages - Wineries & Distilleries,Australia,AUD,5.65,1.0,script-v2.0,1.0,2026-08-21T08:37:49.075142+02:00,59.1,71.5,72,71,0,4,22,seguimiento,seguimiento,Sin señales de recuperación | Sin suelo técnico identificado,True,pass,pendiente,0,desconocido,Pendiente de implementar,ausente,eps_stabilization (media): EPS 0.54 vs 0.13 (annual_eps_fallback) | dividend_maintained (baja): Dividendo actual 7.08% con caída del 31.1%,sin_suelo,seguimiento,4.96,5.42,4.96 - 5.42,4.83,6.98,4.83 - 6.98,Pérdida del soporte en 5.42 | ROE negativo durante 2 trimestres consecutivos | Ampliación de capital dilutiva | Recorte de rating a bono basura,12-18,"TREA WINE FPO [TWE] está un 31.1% por debajo de su máximo 52s. Fundamentalmente sólida con ROE -26.5%, deuda neta/EBITDA 1.7x. Técnicamente 🟢 Cerca de soporte, 🟡 trendline_break. Clasificación: seguimiento.","TREA WINE FPO [TWE] está un 31.1% por debajo de su máximo 52s. Fundamentalmente sólida con ROE -26.5%, deuda neta/EBITDA 1.7x. Técnicamente 🟢 Cerca de soporte, 🟡 trendline_break. Clasificación: seguimiento.",🟢 Cerca de soporte | 🟡 trendline_break,7.08,10,0,False,72.4,0.6,4167725.0,1774900032.0,1.73,,,48.1,,,-26.5,4570.0,13.7,1.18,-7.08,31.1,52.0,17.0,62.4,False,False,0.1055,False,60.4,62.2,False,4.81,17.6,False,True,16,6,0.62,5.42,True
37,005930.KS,SamsungElec,ASIA,Technology,Consumer Electronics,South Korea,KRW,280500.0,1.0,script-v2.0,1.0,2026-08-21T08:38:19.781339+02:00,58.7,66.3,78,56,0,15,36,pendiente_confirmacion,pendiente_confirmacion,,True,pass,pendiente,0,desconocido,Pendiente de implementar,confirmada,"margin_stabilization (media): Margen gross 61.2% vs 47.2% (+14.0 pp) | eps_stabilization (media): EPS 7056.00 vs 1801.00 (Diluted EPS) | debt_reduction (alta): Deuda 22408700.4M vs 25239139.0M | dividend_maintained (baja): Dividendo actual 0.53% con caída del 25.1% | analyst_upgrade (media): Target 470155.62 vs precio 280500.00 (+68%), recMean 1.35, recKey strong_buy",incompleto,pendiente_confirmacion,261711.38,280500.0,261711.38 - 280500.00,203596.86,318325.0,203596.86 - 318325.00,Pérdida del soporte en 261711.38 | ROE negativo durante 2 trimestres consecutivos | Ampliación de capital dilutiva | Recorte de rating a bono basura,12-18,"SamsungElec está un 25.1% por debajo de su máximo 52s. Fundamentalmente sólida con ROE 30.8%, deuda neta/EBITDA -0.7x. Técnicamente 🟢 Divergencia alcista RSI, 🟢 base_pattern_detected. Clasificación: pendiente_confirmacion.","SamsungElec está un 25.1% por debajo de su máximo 52s. Fundamentalmente sólida con ROE 30.8%, deuda neta/EBITDA -0.7x. Técnicamente 🟢 Divergencia alcista RSI, 🟢 base_pattern_detected. Clasificación: pendiente_confirmacion.",🟢 Divergencia alcista RSI | 🟢 base_pattern_detected,0.53,11,20,False,7.5,3.87,30329611.0,-167590301270016.0,-0.74,-11.2,gross,57.5,45.4,12.1,30.8,1841921018.0,4.2,,7.14,25.1,25.0,37.8,55.8,False,False,22433.9933,False,87.6,70.8,False,213391.81,31.4,True,False,24,12,0.81,261711.38,False
38,UNH,UnitedHealth Group Incorporated,SP500,Healthcare,Healthcare Plans,United States,USD,384.85,1.0,script-v2.0,1.0,2026-08-21T08:36:51.948250+02:00,57.2,61.6,100,28,0,15,44,pendiente_confirmacion,pendiente_confirmacion,,False,pass,pendiente,0,desconocido,Pendiente de implementar,confirmada,"margin_stabilization (media): Margen gross 22.7% vs 16.3% (+6.4 pp) | eps_stabilization (media): EPS 6.90 vs 0.01 (Diluted EPS) | debt_reduction (alta): Deuda 73328.0M vs 78389.0M | dividend_maintained (baja): Dividendo actual 2.41% con caída del 16.6% | analyst_upgrade (media): Target 475.23 vs precio 384.85 (+23%), recMean 1.59, recKey buy",incompleto,pendiente_confirmacion,373.43,384.85,373.43 - 384.85,345.0,392.38,345.00 - 392.38,Pérdida del soporte en 373.43 | ROE negativo durante 2 trimestres consecutivos | Ampliación de capital dilutiva | Recorte de rating a bono basura,6-12,"UnitedHealth Group Incorporated está un 16.6% por debajo de su máximo 52s. Fundamentalmente sólida con ROE 14.2%, deuda neta/EBITDA 1.6x. Técnicamente 🔵 RSI en sobreventa, 🟢 Cerca de soporte. Clasificación: pendiente_confirmacion.","UnitedHealth Group Incorporated está un 16.6% por debajo de su máximo 52s. Fundamentalmente sólida con ROE 14.2%, deuda neta/EBITDA 1.6x. Técnicamente 🔵 RSI en sobreventa, 🟢 Cerca de soporte. Clasificación: pendiente_confirmacion.",🔵 RSI en sobreventa | 🟢 Cerca de soporte,2.41,11,20,False,57.5,0.69,5862050.0,41860001792.0,1.57,-6.5,gross,19.7,18.8,0.9,14.2,345439.0,25.0,3.54,14.8,16.6,36.4,11.6,33.3,False,False,20.9802,False,2.9,5.4,False,347.63,10.7,False,False,44,0,1.04,373.43,True
39,RIO.L,RIO TINTO PLC ORD 10P,EUROSTOXX,Basic Materials,Other Industrial Metals & Mining,United Kingdom,GBp,7504.0,1.0,script-v2.0,1.0,2026-08-21T08:36:19.308800+02:00,57.1,62.1,100,29,0,6,42,pendiente_confirmacion,pendiente_confirmacion,,False,pass,pendiente,0,desconocido,Pendiente de implementar,parcial,debt_reduction (alta): Deuda 22852.0M vs 23517.0M | dividend_maintained (baja): Dividendo actual 0.05%,incompleto,pendiente_confirmacion,,,,7749.45,7749.45,7749.45,ROE negativo durante 2 trimestres consecutivos | Ampliación de capital dilutiva | Recorte de rating a bono basura,12-18,"RIO TINTO PLC ORD 10P está un N/D por debajo de su máximo 52s. Fundamentalmente sólida con ROE 19.3%, deuda neta/EBITDA 0.6x. Técnicamente 🟢 Divergencia alcista RSI, 🟡 MACD convergiendo. Clasificación: pendiente_confirmacion.","RIO TINTO PLC ORD 10P está un N/D por debajo de su máximo 52s. Fundamentalmente sólida con ROE 19.3%, deuda neta/EBITDA 0.6x. Técnicamente 🟢 Divergencia alcista RSI, 🟡 MACD convergiendo. Clasificación: pendiente_confirmacion.",🟢 Divergencia alcista RSI | 🟡 MACD convergiendo | 🟢 base_pattern_detected,0.05,11,20,False,54.9,0.32,3148563.0,13344999424.0,0.58,-2.8,,29.8,,,19.3,122083.0,13.8,2.51,6.18,,,,56.9,False,True,159.2671,False,,,False,6857.65,,True,False,30,12,0.4,,False
40,1038.HK,CKI HOLDINGS,ASIA,Utilities,Utilities - Regulated Electric,Hong Kong,HKD,66.1,1.0,script-v2.0,1.0,2026-08-21T08:38:17.473589+02:00,57.1,62.1,100,29,0,4,42,seguimiento,seguimiento,Sin señales de recuperación,False,pass,pendiente,0,desconocido,Pendiente de implementar,ausente,eps_stabilization (media): EPS 3.28 vs 3.22 (annual_eps_fallback) | dividend_maintained (baja): Dividendo actual 3.98% con caída del 2.7%,incompleto,seguimiento,60.57,61.15,60.57 - 61.15,57.72,59.62,57.72 - 59.62,Pérdida del soporte en 60.57 | ROE negativo durante 2 trimestres consecutivos | Ampliación de capital dilutiva | Recorte de rating a bono basura,6-12,"CKI HOLDINGS está un 2.7% por debajo de su máximo 52s. Fundamentalmente sólida con ROE 17.2%, deuda neta/EBITDA -37.6x. Técnicamente 🟢 Divergencia alcista RSI, 🟢 base_pattern_detected. Clasificación: seguimiento.","CKI HOLDINGS está un 2.7% por debajo de su máximo 52s. Fundamentalmente sólida con ROE 17.2%, deuda neta/EBITDA -37.6x. Técnicamente 🟢 Divergencia alcista RSI, 🟢 base_pattern_detected. Clasificación: seguimiento.",🟢 Divergencia alcista RSI | 🟢 base_pattern_detected | 🟡 trendline_break,3.98,11,20,False,25.7,0.14,2240554.0,-33624002560.0,-37.57,4.6,,18.4,,,17.2,166546.0,6.5,1.13,146.21,2.7,0.2,10.9,76.9,False,False,1.1585,False,98.3,94.1,False,60.53,9.2,True,True,24,18,0.91,60.57,True
41,IP,International Paper Company,SP500,Consumer Cyclical,Packaging & Containers,United States,USD,40.36,1.0,script-v2.0,1.0,2026-08-21T08:37:25.060733+02:00,56.5,62.3,66,59,0,1,39,seguimiento,seguimiento,Sin señales de recuperación,True,pass,pendiente,0,desconocido,Pendiente de implementar,ausente,dividend_maintained (baja): Dividendo actual 4.58% con caída del 19.7%,incompleto,seguimiento,38.51,40.02,38.51 - 40.02,37.32,42.71,37.32 - 42.71,Pérdida del soporte en 40.02 | ROE negativo durante 2 trimestres consecutivos | Ampliación de capital dilutiva | Recorte de rating a bono basura,6-12,"International Paper Company está un 19.7% por debajo de su máximo 52s. Fundamentalmente sólida con ROE -16.5%, deuda neta/EBITDA 2.3x. Técnicamente 🟢 Cerca de soporte, 🟢 base_pattern_detected. Clasificación: seguimiento.","International Paper Company está un 19.7% por debajo de su máximo 52s. Fundamentalmente sólida con ROE -16.5%, deuda neta/EBITDA 2.3x. Técnicamente 🟢 Cerca de soporte, 🟢 base_pattern_detected. Clasificación: seguimiento.",🟢 Cerca de soporte | 🟢 base_pattern_detected | 🟡 trendline_break,4.58,11,20,False,158.1,0.69,5496432.0,9176999552.0,2.33,3.8,gross,29.6,29.8,-0.1,-16.5,21373.0,13.5,1.48,7.77,19.7,27.9,8.1,52.2,False,False,0.7611,False,27.8,25.9,False,37.62,7.3,True,True,21,18,0.64,40.02,True
42,CAP.PA,CAPGEMINI,EUROSTOXX,Technology,Information Technology Services,France,EUR,109.55,1.0,script-v2.0,1.0,2026-08-21T08:35:31.045264+02:00,56.2,60.7,90,35,0,4,43,seguimiento,seguimiento,Sin señales de recuperación,True,pass,pendiente,0,desconocido,Pendiente de implementar,ausente,"dividend_maintained (baja): Dividendo actual 3.10% | analyst_upgrade (media): Target 139.63 vs precio 109.55 (+27%), recKey none",incompleto,seguimiento,,,,130.09,130.09,130.09,ROE negativo durante 2 trimestres consecutivos | Ampliación de capital dilutiva | Recorte de rating a bono basura,12-18,"CAPGEMINI está un N/D por debajo de su máximo 52s. Fundamentalmente sólida con ROE 12.2%, deuda neta/EBITDA 2.6x. Técnicamente 🟡 MACD convergiendo, 🟢 MACD semanal girando al alza. Clasificación: seguimiento.","CAPGEMINI está un N/D por debajo de su máximo 52s. Fundamentalmente sólida con ROE 12.2%, deuda neta/EBITDA 2.6x. Técnicamente 🟡 MACD convergiendo, 🟢 MACD semanal girando al alza. Clasificación: seguimiento.",🟡 MACD convergiendo | 🟢 MACD semanal girando al alza | 🟢 base_pattern_detected,3.1,11,20,False,43.2,0.88,716556.0,7907000320.0,2.56,67.8,,26.8,,,12.2,18186.0,13.9,1.59,8.55,,,,63.9,False,True,-1.9247,True,,,False,109.54,,True,False,21,22,0.59,,False
43,RI.PA,PERNOD RICARD,EUROSTOXX,Consumer Defensive,Beverages - Wineries & Distilleries,France,EUR,68.76,1.0,script-v2.0,1.0,2026-08-21T08:35:39.130760+02:00,56.2,64.0,88,43,0,7,33,pendiente_confirmacion,pendiente_confirmacion,,True,pass,pendiente,0,desconocido,Pendiente de implementar,parcial,"eps_stabilization (media): EPS 6.45 vs 5.83 (annual_eps_fallback) | dividend_maintained (baja): Dividendo actual 6.84% | analyst_upgrade (media): Target 85.05 vs precio 68.76 (+24%), recMean 2.50, recKey buy",incompleto,pendiente_confirmacion,,,,91.33,91.33,91.33,ROE negativo durante 2 trimestres consecutivos | Ampliación de capital dilutiva | Recorte de rating a bono basura,12-18,"PERNOD RICARD está un N/D por debajo de su máximo 52s. Fundamentalmente sólida con ROE 8.6%, deuda neta/EBITDA 3.9x. Técnicamente 🟡 MACD convergiendo, 🟢 base_pattern_detected. Clasificación: pendiente_confirmacion.","PERNOD RICARD está un N/D por debajo de su máximo 52s. Fundamentalmente sólida con ROE 8.6%, deuda neta/EBITDA 3.9x. Técnicamente 🟡 MACD convergiendo, 🟢 base_pattern_detected. Clasificación: pendiente_confirmacion.",🟡 MACD convergiendo | 🟢 base_pattern_detected,6.84,11,20,False,84.0,0.82,675990.0,11203999744.0,3.89,8.0,,58.4,,,8.6,17315.0,12.3,1.12,10.27,,,,56.7,False,True,-0.6643,False,,,False,67.74,,True,False,21,12,0.75,,False
44,MUV2.DE,MUENCHENER RUECKVERS.-GES. AG N,EUROSTOXX,Financial Services,Insurance - Reinsurance,Germany,EUR,513.2,1.0,script-v2.0,1.0,2026-08-21T08:35:19.816199+02:00,53.1,58.5,99,23,0,7,37,pendiente_confirmacion,pendiente_confirmacion,,False,pass,pendiente,0,desconocido,Pendiente de implementar,parcial,margin_stabilization (media): Margen operating 15.6% vs 13.7% (+1.9 pp) | eps_stabilization (media): EPS 17.50 vs 13.41 (Diluted EPS) | dividend_maintained (baja): Dividendo actual 4.68%,incompleto,pendiente_confirmacion,,,,489.26,489.26,489.26,ROE negativo durante 2 trimestres consecutivos | Ampliación de capital dilutiva | Recorte de rating a bono basura,12-18,"MUENCHENER RUECKVERS.-GES. AG N está un N/D por debajo de su máximo 52s. Fundamentalmente aceptable con ROE 21.3%, D/E 0.24. Técnicamente 🟡 MACD convergiendo, 🟢 base_pattern_detected. Clasificación: pendiente_confirmacion.","MUENCHENER RUECKVERS.-GES. AG N está un N/D por debajo de su máximo 52s. Fundamentalmente aceptable con ROE 21.3%, D/E 0.24. Técnicamente 🟡 MACD convergiendo, 🟢 base_pattern_detected. Clasificación: pendiente_confirmacion.",🟡 MACD convergiendo | 🟢 base_pattern_detected,4.68,11,20,False,44.6,0.24,304346.0,2403000320.0,,9.4,operating,17.3,14.9,2.4,21.3,64568.0,9.5,1.92,,,,,51.8,False,True,2.4876,False,,,False,504.24,,True,False,25,12,0.85,,False
45,ENI.MI,ENI,EUROSTOXX,Energy,Oil & Gas Integrated,Italy,EUR,24.55,1.0,script-v2.0,1.0,2026-08-21T08:35:54.804876+02:00,53.1,56.9,99,20,0,7,42,pendiente_confirmacion,pendiente_confirmacion,,False,pass,pendiente,0,desconocido,Pendiente de implementar,parcial,margin_stabilization (media): Margen gross 12.6% vs 6.5% (+6.1 pp) | eps_stabilization (media): EPS 1.09 vs 0.34 (Diluted EPS) | dividend_maintained (baja): Dividendo actual 4.36%,incompleto,pendiente_confirmacion,,,,21.27,21.27,21.27,ROE negativo durante 2 trimestres consecutivos | Ampliación de capital dilutiva | Recorte de rating a bono basura,12-18,"ENI está un N/D por debajo de su máximo 52s. Fundamentalmente aceptable con ROE 10.9%, deuda neta/EBITDA 1.6x. Técnicamente 🟢 Divergencia alcista RSI, 🟡 MACD convergiendo. Clasificación: pendiente_confirmacion.","ENI está un N/D por debajo de su máximo 52s. Fundamentalmente aceptable con ROE 10.9%, deuda neta/EBITDA 1.6x. Técnicamente 🟢 Divergencia alcista RSI, 🟡 MACD convergiendo. Clasificación: pendiente_confirmacion.",🟢 Divergencia alcista RSI | 🟡 MACD convergiendo | 🟢 base_pattern_detected,4.36,11,20,False,54.7,0.65,9496091.0,21902001152.0,1.65,1.2,gross,21.5,9.5,12.0,10.9,70891.0,12.8,1.56,7.43,,,,61.5,False,True,1.0606,False,,,False,20.33,,True,False,30,12,0.92,,False
46,SGO.PA,SAINT GOBAIN,EUROSTOXX,Industrials,Building Products & Equipment,France,EUR,80.8,1.0,script-v2.0,1.0,2026-08-21T08:35:39.997261+02:00,52.1,57.2,94,25,0,12,37,pendiente_confirmacion,pendiente_confirmacion,,False,pass,pendiente,0,desconocido,Pendiente de implementar,confirmada,"eps_stabilization (media): EPS 5.78 vs 5.64 (annual_eps_fallback) | debt_reduction (alta): Deuda 17270.0M vs 18384.0M | dividend_maintained (baja): Dividendo actual 2.85% | analyst_upgrade (media): Target 97.72 vs precio 80.80 (+21%), recMean 1.94, recKey buy",incompleto,pendiente_confirmacion,,,,83.62,83.62,83.62,ROE negativo durante 2 trimestres consecutivos | Ampliación de capital dilutiva | Recorte de rating a bono basura,12-18,"SAINT GOBAIN está un N/D por debajo de su máximo 52s. Fundamentalmente aceptable con ROE 11.0%, deuda neta/EBITDA 1.8x. Técnicamente 🟡 MACD convergiendo, 🟢 base_pattern_detected. Clasificación: pendiente_confirmacion.","SAINT GOBAIN está un N/D por debajo de su máximo 52s. Fundamentalmente aceptable con ROE 11.0%, deuda neta/EBITDA 1.8x. Técnicamente 🟡 MACD convergiendo, 🟢 base_pattern_detected. Clasificación: pendiente_confirmacion.",🟡 MACD convergiendo | 🟢 base_pattern_detected,2.85,10,6,False,42.7,0.66,1061990.0,11518999552.0,1.75,-6.1,,27.2,,,11.0,39558.0,15.0,1.62,7.86,,,,50.6,False,True,0.6825,False,,,False,78.58,,True,False,25,12,0.98,,False
47,MO,"Altria Group, Inc.",SP500,Consumer Defensive,Tobacco,United States,USD,66.94,1.0,script-v2.0,1.0,2026-08-21T08:37:17.952691+02:00,52.0,56.1,79,36,0,9,40,pendiente_confirmacion,pendiente_confirmacion,,True,pass,pendiente,0,desconocido,Pendiente de implementar,parcial,eps_stabilization (media): EPS 1.37 vs 1.30 (Diluted EPS) | debt_reduction (alta): Deuda 24577.0M vs 24602.0M | dividend_maintained (baja): Dividendo actual 6.33% con caída del 13.1%,incompleto,pendiente_confirmacion,63.37,66.94,63.37 - 66.94,64.39,65.5,64.39 - 65.50,Pérdida del soporte en 63.37 | ROE negativo durante 2 trimestres consecutivos | Ampliación de capital dilutiva | Recorte de rating a bono basura,6-12,"Altria Group, Inc. está un 13.1% por debajo de su máximo 52s. Fundamentalmente aceptable con deuda neta/EBITDA 1.4x, dividendo 6.3%. Técnicamente 🟡 MACD convergiendo, 🟡 Apoyo en MA40 semanal. Clasificación: pendiente_confirmacion.","Altria Group, Inc. está un 13.1% por debajo de su máximo 52s. Fundamentalmente aceptable con deuda neta/EBITDA 1.4x, dividendo 6.3%. Técnicamente 🟡 MACD convergiendo, 🟡 Apoyo en MA40 semanal. Clasificación: pendiente_confirmacion.",🟡 MACD convergiendo | 🟡 Apoyo en MA40 semanal,6.33,11,20,False,89.3,,8677624.0,22209999360.0,1.41,-0.1,gross,87.2,72.3,14.9,,111773.0,13.9,-41.89,8.5,13.1,13.1,4.0,45.5,False,True,1.2863,False,55.5,36.8,False,65.11,2.8,False,False,35,5,1.05,63.37,False
48,105560.KS,KBFinancialGroup,ASIA,Financial Services,Banks - Regional,South Korea,KRW,164000.0,1.0,script-v2.0,1.0,2026-08-21T08:38:23.071231+02:00,52.0,55.3,74,39,0,7,42,pendiente_confirmacion,pendiente_confirmacion,,True,pass,pendiente,0,desconocido,Pendiente de implementar,parcial,"eps_stabilization (media): EPS 5120.00 vs 4458.00 (Diluted EPS) | dividend_maintained (baja): Dividendo actual 2.82% con caída del 15.7% | analyst_upgrade (media): Target 213395.00 vs precio 164000.00 (+30%), recMean 1.40, recKey strong_buy",incompleto,pendiente_confirmacion,154431.52,164000.0,154431.52 - 164000.00,146644.03,165325.0,146644.03 - 165325.00,Pérdida del soporte en 154431.52 | ROE negativo durante 2 trimestres consecutivos | Ampliación de capital dilutiva | Recorte de rating a bono basura,6-12,"KBFinancialGroup está un 15.7% por debajo de su máximo 52s. Fundamentalmente aceptable con ROE 10.2%, dividendo 2.8%. Técnicamente 🟡 MACD convergiendo, 🟢 base_pattern_detected. Clasificación: pendiente_confirmacion.","KBFinancialGroup está un 15.7% por debajo de su máximo 52s. Fundamentalmente aceptable con ROE 10.2%, dividendo 2.8%. Técnicamente 🟡 MACD convergiendo, 🟢 base_pattern_detected. Clasificación: pendiente_confirmacion.",🟡 MACD convergiendo | 🟢 base_pattern_detected,2.82,11,17,False,27.2,,1424126.0,24998337052672.0,,37.4,,0.0,,,10.2,57581402.0,8.2,,,15.7,15.1,11.8,45.7,False,True,7775.0598,False,25.9,22.9,False,150206.53,9.2,True,False,30,12,1.03,154431.52,True
49,VZ,Verizon Communications Inc.,SP500,Communication Services,Telecom Services,United States,USD,49.19,1.0,script-v2.0,1.0,2026-08-21T08:36:33.193890+02:00,50.9,53.8,89,23,0,9,42,pendiente_confirmacion,pendiente_confirmacion,,False,pass,pendiente,0,desconocido,Pendiente de implementar,parcial,margin_stabilization (media): Margen gross 61.8% vs 60.3% (+1.5 pp) | debt_reduction (alta): Deuda 193646.0M vs 195872.0M | dividend_maintained (baja): Dividendo actual 5.75% con caída del 4.8%,incompleto,pendiente_confirmacion,44.77,45.31,44.77 - 45.31,43.93,44.03,43.93 - 44.03,Pérdida del soporte en 44.77 | ROE negativo durante 2 trimestres consecutivos | Ampliación de capital dilutiva | Recorte de rating a bono basura,6-12,"Verizon Communications Inc. está un 4.8% por debajo de su máximo 52s. Fundamentalmente aceptable con ROE 15.8%, deuda neta/EBITDA 3.8x. Técnicamente 🟢 Divergencia alcista RSI, 🟢 base_pattern_detected. Clasificación: pendiente_confirmacion.","Verizon Communications Inc. está un 4.8% por debajo de su máximo 52s. Fundamentalmente aceptable con ROE 15.8%, deuda neta/EBITDA 3.8x. Técnicamente 🟢 Divergencia alcista RSI, 🟢 base_pattern_detected. Clasificación: pendiente_confirmacion.",🟢 Divergencia alcista RSI | 🟢 base_pattern_detected | 🟡 trendline_break,5.75,11,20,False,72.8,1.84,27002268.0,191850002176.0,3.76,-1.1,gross,59.5,59.3,0.1,15.8,204373.0,12.8,1.97,7.78,4.8,1.7,11.7,66.4,False,False,0.8762,False,90.9,91.2,False,44.52,10.5,True,True,24,18,0.65,44.77,True
50,ADS.DE,adidas AG                     N,EUROSTOXX,Consumer Cyclical,Footwear & Accessories,Germany,EUR,151.0,1.0,script-v2.0,1.0,2026-08-21T08:35:22.511562+02:00,50.5,54.3,97,17,0,7,39,pendiente_confirmacion,pendiente_confirmacion,,False,pass,pendiente,0,desconocido,Pendiente de implementar,parcial,"margin_stabilization (media): Margen gross 52.5% vs 51.1% (+1.4 pp) | dividend_maintained (baja): Dividendo actual 1.85% | analyst_upgrade (media): Target 202.72 vs precio 151.00 (+34%), recMean 1.77, recKey buy",incompleto,pendiente_confirmacion,,,,166.94,166.94,166.94,ROE negativo durante 2 trimestres consecutivos | Ampliación de capital dilutiva | Recorte de rating a bono basura,12-18,"adidas AG                     N está un N/D por debajo de su máximo 52s. Fundamentalmente aceptable con ROE 24.3%, deuda neta/EBITDA 1.7x. Técnicamente 🔵 RSI recuperándose de sobreventa, 🟡 MACD convergiendo. Clasificación: pendiente_confirmacion.","adidas AG                     N está un N/D por debajo de su máximo 52s. Fundamentalmente aceptable con ROE 24.3%, deuda neta/EBITDA 1.7x. Técnicamente 🔵 RSI recuperándose de sobreventa, 🟡 MACD convergiendo. Clasificación: pendiente_confirmacion.",🔵 RSI recuperándose de sobreventa | 🟡 MACD convergiendo,1.85,10,6,False,35.9,0.94,764809.0,4415999872.0,1.66,0.4,gross,51.6,51.6,0.0,24.3,26434.0,19.4,4.44,11.73,,,,37.4,False,True,2.4301,False,,,False,155.86,,False,False,39,0,0.54,,False
51,CSCO,"Cisco Systems, Inc.",SP500,Technology,Communication Equipment,United States,USD,109.59,1.0,script-v2.0,1.0,2026-08-21T08:36:54.840066+02:00,49.1,52.5,100,11,0,12,39,pendiente_confirmacion,pendiente_confirmacion,,False,pass,pendiente,0,desconocido,Pendiente de implementar,confirmada,"eps_stabilization (media): EPS 0.85 vs 0.80 (Diluted EPS) | debt_reduction (alta): Deuda 29533.0M vs 30086.0M | dividend_maintained (baja): Dividendo actual 1.53% con caída del 15.9% | analyst_upgrade (media): Target 136.05 vs precio 109.59 (+24%), recMean 1.92, recKey buy",incompleto,pendiente_confirmacion,90.66,109.59,90.66 - 109.59,92.17,110.81,92.17 - 110.81,Pérdida del soporte en 90.66 | ROE negativo durante 2 trimestres consecutivos | Ampliación de capital dilutiva | Recorte de rating a bono basura,6-12,"Cisco Systems, Inc. está un 15.9% por debajo de su máximo 52s. Fundamentalmente aceptable con ROE 27.3%, deuda neta/EBITDA 0.7x. Técnicamente 🟢 Divergencia alcista RSI, 🟢 base_pattern_detected. Clasificación: pendiente_confirmacion.","Cisco Systems, Inc. está un 15.9% por debajo de su máximo 52s. Fundamentalmente aceptable con ROE 27.3%, deuda neta/EBITDA 0.7x. Técnicamente 🟢 Divergencia alcista RSI, 🟢 base_pattern_detected. Clasificación: pendiente_confirmacion.",🟢 Divergencia alcista RSI | 🟢 base_pattern_detected,1.53,11,16,False,49.9,0.59,24034572.0,13614999552.0,0.73,-1.8,gross,64.6,64.3,0.2,27.3,431942.0,33.2,8.61,23.97,15.9,15.6,18.9,39.4,False,False,8.1108,False,2.3,5.4,False,93.39,17.3,True,False,27,12,0.73,90.66,False
52,XOM,ExxonMobil Holdings Corporation,SP500,Energy,Oil & Gas Integrated,United States,USD,166.15,1.0,script-v2.0,1.0,2026-08-21T08:36:34.416491+02:00,49.0,53.1,100,12,0,12,37,pendiente_confirmacion,pendiente_confirmacion,,False,pass,pendiente,0,desconocido,Pendiente de implementar,confirmada,margin_stabilization (media): Margen gross 22.5% vs 16.7% (+5.8 pp) | eps_stabilization (media): EPS 3.48 vs 1.00 (Diluted EPS) | debt_reduction (alta): Deuda 42368.0M vs 47661.0M | dividend_maintained (baja): Dividendo actual 2.48% con caída del 5.8%,incompleto,pendiente_confirmacion,143.6,147.8,143.60 - 147.80,140.47,149.95,140.47 - 149.95,Pérdida del soporte en 143.60 | ROE negativo durante 2 trimestres consecutivos | Ampliación de capital dilutiva | Recorte de rating a bono basura,6-12,"ExxonMobil Holdings Corporation está un 5.8% por debajo de su máximo 52s. Fundamentalmente aceptable con ROE 12.6%, deuda neta/EBITDA 0.5x. Técnicamente 🟢 base_pattern_detected, 🟡 trendline_break. Clasificación: pendiente_confirmacion.","ExxonMobil Holdings Corporation está un 5.8% por debajo de su máximo 52s. Fundamentalmente aceptable con ROE 12.6%, deuda neta/EBITDA 0.5x. Técnicamente 🟢 base_pattern_detected, 🟡 trendline_break. Clasificación: pendiente_confirmacion.",🟢 base_pattern_detected | 🟡 trendline_break,2.48,11,20,False,52.5,0.16,15830840.0,31779999744.0,0.47,-11.1,gross,29.8,20.4,9.3,12.6,683194.0,21.4,2.63,10.62,5.8,4.6,18.3,71.8,False,False,5.2065,False,87.9,90.0,False,141.85,17.1,True,True,19,18,1.09,143.6,True
53,BRK-B,Berkshire Hathaway Inc. New,SP500,Financial Services,Insurance - Diversified,United States,USD,496.86,1.0,script-v2.0,1.0,2026-08-21T08:36:50.272639+02:00,49.0,52.9,54,52,0,11,37,pendiente_confirmacion,pendiente_confirmacion,,True,pass,pendiente,0,desconocido,Pendiente de implementar,parcial,margin_stabilization (media): Margen operating 28.3% vs 14.8% (+13.5 pp) | eps_stabilization (media): EPS 11.91 vs 4.68 (Diluted EPS) | debt_reduction (alta): Deuda 128599.0M vs 128886.0M,incompleto,pendiente_confirmacion,478.76,496.86,478.76 - 496.86,457.08,492.02,457.08 - 492.02,Pérdida del soporte en 478.76 | ROE negativo durante 2 trimestres consecutivos | Ampliación de capital dilutiva | Recorte de rating a bono basura,6-12,"Berkshire Hathaway Inc. New está un 7.6% por debajo de su máximo 52s. Fundamentalmente aceptable con ROE 12.1%, deuda neta/EBITDA -1.8x. Técnicamente 🟢 Cerca de soporte, 🟡 Apoyo en MA40 semanal. Clasificación: pendiente_confirmacion.","Berkshire Hathaway Inc. New está un 7.6% por debajo de su máximo 52s. Fundamentalmente aceptable con ROE 12.1%, deuda neta/EBITDA -1.8x. Técnicamente 🟢 Cerca de soporte, 🟡 Apoyo en MA40 semanal. Clasificación: pendiente_confirmacion.",🟢 Cerca de soporte | 🟡 Apoyo en MA40 semanal,0.0,0,0,False,,0.17,4788895.0,-236914999296.0,-1.81,-0.2,operating,32.6,20.6,12.0,12.1,1063633.0,12.6,0.0,-1.79,7.6,8.3,1.0,42.8,False,False,4.6164,False,0.9,5.7,False,492.28,0.9,False,False,32,5,0.79,478.76,True
54,BP.L,BP PLC $0.25,EUROSTOXX,Energy,Oil & Gas Integrated,United Kingdom,GBp,552.2,1.0,script-v2.0,1.0,2026-08-21T08:36:13.477278+02:00,48.2,50.3,85,20,0,9,42,pendiente_confirmacion,pendiente_confirmacion,,False,pass,pendiente,0,desconocido,Pendiente de implementar,parcial,eps_stabilization (media): EPS 0.25 vs 0.25 (Diluted EPS) | debt_reduction (alta): Deuda 72693.0M vs 74178.0M | dividend_maintained (baja): Dividendo actual 0.05%,incompleto,pendiente_confirmacion,,,,517.99,517.99,517.99,ROE negativo durante 2 trimestres consecutivos | Ampliación de capital dilutiva | Recorte de rating a bono basura,12-18,"BP PLC $0.25 está un N/D por debajo de su máximo 52s. Fundamentalmente aceptable con ROE 8.9%, deuda neta/EBITDA 0.9x. Técnicamente 🟢 Divergencia alcista RSI, 🟡 MACD convergiendo. Clasificación: pendiente_confirmacion.","BP PLC $0.25 está un N/D por debajo de su máximo 52s. Fundamentalmente aceptable con ROE 8.9%, deuda neta/EBITDA 0.9x. Técnicamente 🟢 Divergencia alcista RSI, 🟡 MACD convergiendo. Clasificación: pendiente_confirmacion.",🟢 Divergencia alcista RSI | 🟡 MACD convergiendo | 🟢 base_pattern_detected,0.05,11,20,False,95.6,0.95,44352156.0,35467997184.0,0.9,-2.0,gross,28.3,19.8,8.5,8.9,85326.0,21.2,1.99,3.55,,,,56.8,False,True,8.3179,False,,,False,503.3,,True,False,30,12,0.61,,False
55,WKL.AS,WOLTERS KLUWER,EUROSTOXX,Industrials,Specialty Business Services,Netherlands,EUR,70.78,1.0,script-v2.0,1.0,2026-08-21T08:35:51.930535+02:00,48.0,49.6,72,30,0,7,43,pendiente_confirmacion,pendiente_confirmacion,,True,pass,pendiente,0,desconocido,Pendiente de implementar,parcial,"eps_stabilization (media): EPS 5.64 vs 4.52 (annual_eps_fallback) | dividend_maintained (baja): Dividendo actual 3.67% | analyst_upgrade (media): Target 92.77 vs precio 70.78 (+31%), recMean 1.73, recKey buy",incompleto,pendiente_confirmacion,,,,99.75,99.75,99.75,ROE negativo durante 2 trimestres consecutivos | Ampliación de capital dilutiva | Recorte de rating a bono basura,12-18,"WOLTERS KLUWER está un N/D por debajo de su máximo 52s. Fundamentalmente aceptable con ROE 146.1%, deuda neta/EBITDA 2.1x. Técnicamente 🟡 MACD convergiendo, 🟢 MACD semanal girando al alza. Clasificación: pendiente_confirmacion.","WOLTERS KLUWER está un N/D por debajo de su máximo 52s. Fundamentalmente aceptable con ROE 146.1%, deuda neta/EBITDA 2.1x. Técnicamente 🟡 MACD convergiendo, 🟢 MACD semanal girando al alza. Clasificación: pendiente_confirmacion.",🟡 MACD convergiendo | 🟢 MACD semanal girando al alza | 🟢 base_pattern_detected,3.67,11,20,False,43.0,5.9,1171233.0,4054000256.0,2.08,36.4,,74.1,,,146.1,15768.0,12.1,20.06,10.2,,,,59.3,False,True,-2.2637,True,,,False,69.65,,True,False,21,22,0.87,,False
56,BEI.DE,BEIERSDORF AG                 I,EUROSTOXX,Consumer Defensive,Household & Personal Products,Germany,EUR,78.66,1.0,script-v2.0,1.0,2026-08-21T08:35:25.999871+02:00,47.8,51.4,85,22,0,6,37,pendiente_confirmacion,pendiente_confirmacion,,False,pass,pendiente,0,desconocido,Pendiente de implementar,parcial,debt_reduction (alta): Deuda 110.0M vs 114.0M | dividend_maintained (baja): Dividendo actual 1.27%,incompleto,pendiente_confirmacion,,,,93.63,93.63,93.63,ROE negativo durante 2 trimestres consecutivos | Ampliación de capital dilutiva | Recorte de rating a bono basura,12-18,"BEIERSDORF AG                 I está un N/D por debajo de su máximo 52s. Fundamentalmente aceptable con ROE 10.9%, deuda neta/EBITDA -1.7x. Técnicamente 🟡 MACD convergiendo, 🟢 base_pattern_detected. Clasificación: pendiente_confirmacion.","BEIERSDORF AG                 I está un N/D por debajo de su máximo 52s. Fundamentalmente aceptable con ROE 10.9%, deuda neta/EBITDA -1.7x. Técnicamente 🟡 MACD convergiendo, 🟢 base_pattern_detected. Clasificación: pendiente_confirmacion.",🟡 MACD convergiendo | 🟢 base_pattern_detected,1.27,11,20,False,23.3,1.22,432363.0,-2731999872.0,-1.73,-3.5,,57.1,,,10.9,17154.0,18.3,1.91,9.13,,,,47.7,False,True,-1.7141,False,,,False,82.91,,True,False,25,12,0.71,,False
57,TXN,Texas Instruments Incorporated,SP500,Technology,Semiconductors,United States,USD,265.6,1.0,script-v2.0,1.0,2026-08-21T08:37:27.924476+02:00,47.0,52.7,98,13,0,10,30,pendiente_confirmacion,pendiente_confirmacion,,False,pass,pendiente,0,desconocido,Pendiente de implementar,parcial,"margin_stabilization (media): Margen gross 61.4% vs 58.0% (+3.3 pp) | eps_stabilization (media): EPS 2.14 vs 1.68 (Diluted EPS) | dividend_maintained (baja): Dividendo actual 2.14% con caída del 20.5% | analyst_upgrade (media): Target 324.45 vs precio 265.60 (+22%), recMean 2.17, recKey buy",incompleto,pendiente_confirmacion,209.56,265.6,209.56 - 265.60,231.9,283.93,231.90 - 283.93,Pérdida del soporte en 209.56 | ROE negativo durante 2 trimestres consecutivos | Ampliación de capital dilutiva | Recorte de rating a bono basura,6-12,"Texas Instruments Incorporated está un 20.5% por debajo de su máximo 52s. Fundamentalmente aceptable con ROE 35.2%, deuda neta/EBITDA 0.7x. Técnicamente 🟢 base_pattern_detected. Clasificación: pendiente_confirmacion.","Texas Instruments Incorporated está un 20.5% por debajo de su máximo 52s. Fundamentalmente aceptable con ROE 35.2%, deuda neta/EBITDA 0.7x. Técnicamente 🟢 base_pattern_detected. Clasificación: pendiente_confirmacion.",🟢 base_pattern_detected,2.14,11,20,False,85.4,0.78,8582961.0,7050999808.0,0.74,0.0,gross,58.3,58.2,0.2,35.2,242559.0,40.7,13.47,26.22,20.5,20.1,14.5,40.0,False,False,16.0078,False,3.5,14.8,False,236.15,12.5,True,False,18,12,0.93,209.56,False
58,FORTUM.HE,Fortum Corporation,EUROSTOXX,Utilities,Utilities - Renewable,Finland,EUR,19.86,1.0,script-v2.0,1.0,2026-08-21T08:36:07.883863+02:00,46.8,49.1,96,8,0,6,40,pendiente_confirmacion,pendiente_confirmacion,,False,pass,pendiente,0,desconocido,Pendiente de implementar,parcial,debt_reduction (alta): Deuda 3906.0M vs 3947.0M | dividend_maintained (baja): Dividendo actual 3.73%,incompleto,pendiente_confirmacion,,,,19.48,19.48,19.48,ROE negativo durante 2 trimestres consecutivos | Ampliación de capital dilutiva | Recorte de rating a bono basura,12-18,"Fortum Corporation está un N/D por debajo de su máximo 52s. Fundamentalmente aceptable con ROE 10.0%, deuda neta/EBITDA 1.4x. Técnicamente 🟢 Divergencia alcista RSI, 🟢 base_pattern_detected. Clasificación: pendiente_confirmacion.","Fortum Corporation está un N/D por debajo de su máximo 52s. Fundamentalmente aceptable con ROE 10.0%, deuda neta/EBITDA 1.4x. Técnicamente 🟢 Divergencia alcista RSI, 🟢 base_pattern_detected. Clasificación: pendiente_confirmacion.",🟢 Divergencia alcista RSI | 🟢 base_pattern_detected,3.73,11,20,False,80.4,0.47,753813.0,1732999936.0,1.36,-1.0,gross,39.4,39.2,0.2,10.0,17820.0,21.6,2.19,15.37,,,,51.0,False,False,0.1533,False,,,False,19.6,,True,False,28,12,0.85,,False
59,GALP.LS,GALP ENERGIA-NOM,EUROSTOXX,Energy,Oil & Gas Integrated,Portugal,EUR,21.77,1.0,script-v2.0,1.0,2026-08-21T08:36:07.409928+02:00,46.5,53.1,100,12,0,7,27,pendiente_confirmacion,pendiente_confirmacion,,False,pass,pendiente,0,desconocido,Pendiente de implementar,parcial,margin_stabilization (media): Margen gross 19.6% vs 15.6% (+4.0 pp) | eps_stabilization (media): EPS 0.98 vs -0.15 (Diluted EPS) | dividend_maintained (baja): Dividendo actual 3.12%,incompleto,pendiente_confirmacion,,,,18.92,18.92,18.92,ROE negativo durante 2 trimestres consecutivos | Ampliación de capital dilutiva | Recorte de rating a bono basura,12-18,"GALP ENERGIA-NOM está un N/D por debajo de su máximo 52s. Fundamentalmente aceptable con ROE 24.9%, deuda neta/EBITDA 0.7x. Técnicamente 🟢 base_pattern_detected. Clasificación: pendiente_confirmacion.","GALP ENERGIA-NOM está un N/D por debajo de su máximo 52s. Fundamentalmente aceptable con ROE 24.9%, deuda neta/EBITDA 0.7x. Técnicamente 🟢 base_pattern_detected. Clasificación: pendiente_confirmacion.",🟢 base_pattern_detected,3.12,11,20,False,40.9,0.81,1751303.0,2267000064.0,0.68,5.4,gross,30.6,15.1,15.5,24.9,17004.0,14.0,3.32,5.72,,,,73.4,False,False,0.7242,False,,,False,17.94,,True,False,15,12,0.91,,False
60,EDP.LS,"EDP, SA",EUROSTOXX,Utilities,Utilities - Diversified,Portugal,EUR,4.648,1.0,script-v2.0,1.0,2026-08-21T08:36:04.854610+02:00,46.0,50.9,84,22,0,7,31,pendiente_confirmacion,pendiente_confirmacion,,False,pass,pendiente,0,desconocido,Pendiente de implementar,parcial,margin_stabilization (media): Margen gross 39.7% vs 40.0% (-0.3 pp) | eps_stabilization (media): EPS 0.09 vs 0.09 (Diluted EPS) | dividend_maintained (baja): Dividendo actual 4.52%,incompleto,pendiente_confirmacion,,,,4.05,4.05,4.05,ROE negativo durante 2 trimestres consecutivos | Ampliación de capital dilutiva | Recorte de rating a bono basura,12-18,"EDP, SA está un N/D por debajo de su máximo 52s. Fundamentalmente aceptable con ROE 8.9%, deuda neta/EBITDA 5.5x. Técnicamente 🟢 base_pattern_detected. Clasificación: pendiente_confirmacion.","EDP, SA está un N/D por debajo de su máximo 52s. Fundamentalmente aceptable con ROE 8.9%, deuda neta/EBITDA 5.5x. Técnicamente 🟢 base_pattern_detected. Clasificación: pendiente_confirmacion.",🟢 base_pattern_detected,4.52,11,20,False,70.8,1.46,8460303.0,21343151360.0,5.51,3.7,gross,40.6,37.1,3.5,8.9,19214.0,16.0,1.59,11.6,,,,56.0,False,False,0.1223,False,,,False,4.21,,True,False,19,12,1.1,,False
61,SON.LS,SONAE,EUROSTOXX,Consumer Defensive,Grocery Stores,Portugal,EUR,1.98,1.0,script-v2.0,1.0,2026-08-21T08:36:07.527155+02:00,45.8,49.1,80,22,0,9,36,pendiente_confirmacion,pendiente_confirmacion,,False,pass,pendiente,0,desconocido,Pendiente de implementar,parcial,eps_stabilization (media): EPS 0.04 vs 0.02 (Diluted EPS) | debt_reduction (alta): Deuda 3592.0M vs 3795.3M | dividend_maintained (baja): Dividendo actual 3.03%,incompleto,pendiente_confirmacion,,,,1.83,1.83,1.83,ROE negativo durante 2 trimestres consecutivos | Ampliación de capital dilutiva | Recorte de rating a bono basura,12-18,"SONAE está un N/D por debajo de su máximo 52s. Fundamentalmente aceptable con ROE 8.7%, deuda neta/EBITDA 4.5x. Técnicamente 🟡 MACD convergiendo. Clasificación: pendiente_confirmacion.","SONAE está un N/D por debajo de su máximo 52s. Fundamentalmente aceptable con ROE 8.7%, deuda neta/EBITDA 4.5x. Técnicamente 🟡 MACD convergiendo. Clasificación: pendiente_confirmacion.",🟡 MACD convergiendo,3.03,10,10,False,55.4,0.93,1539748.0,3083448000.0,4.5,-5.4,gross,24.7,31.8,-7.2,8.7,3851.0,18.0,1.18,10.11,,,,43.3,False,True,0.0852,False,,,False,1.84,,False,False,36,0,1.1,,False
62,PFE,"Pfizer, Inc.",SP500,Healthcare,Drug Manufacturers - General,United States,USD,27.79,1.0,script-v2.0,1.0,2026-08-21T08:37:04.549368+02:00,45.7,49.6,80,23,0,6,34,pendiente_confirmacion,pendiente_confirmacion,,False,pass,pendiente,0,desconocido,Pendiente de implementar,parcial,debt_reduction (alta): Deuda 63480.0M vs 63730.0M | dividend_maintained (baja): Dividendo actual 6.19% con caída del 3.3%,incompleto,pendiente_confirmacion,25.06,25.32,25.06 - 25.32,24.44,25.19,24.44 - 25.19,Pérdida del soporte en 25.32 | ROE negativo durante 2 trimestres consecutivos | Ampliación de capital dilutiva | Recorte de rating a bono basura,6-12,"Pfizer, Inc. está un 3.3% por debajo de su máximo 52s. Fundamentalmente aceptable con ROE 5.0%, deuda neta/EBITDA 2.0x. Técnicamente 🟢 Divergencia alcista RSI, 🟡 trendline_break. Clasificación: pendiente_confirmacion.","Pfizer, Inc. está un 3.3% por debajo de su máximo 52s. Fundamentalmente aceptable con ROE 5.0%, deuda neta/EBITDA 2.0x. Técnicamente 🟢 Divergencia alcista RSI, 🟡 trendline_break. Clasificación: pendiente_confirmacion.",🟢 Divergencia alcista RSI | 🟡 trendline_break,6.19,11,20,False,226.3,0.74,42376329.0,51776000000.0,2.04,-0.4,gross,74.7,73.3,1.4,5.0,158394.0,36.6,1.86,8.29,3.3,2.3,10.3,70.0,False,False,0.3267,False,82.6,90.7,False,25.35,9.6,False,True,28,6,1.01,25.32,True
63,0019.HK,SWIRE PACIFIC A,ASIA,Industrials,Conglomerates,Hong Kong,HKD,105.1,1.0,script-v2.0,1.0,2026-08-21T08:38:12.999854+02:00,45.3,48.5,81,20,0,6,36,pendiente_confirmacion,pendiente_confirmacion,,False,pass,pendiente,0,desconocido,Pendiente de implementar,parcial,debt_reduction (alta): Deuda 95141.0M vs 103840.0M | dividend_maintained (baja): Dividendo actual 3.81% con caída del 0.8%,incompleto,pendiente_confirmacion,91.15,100.9,91.15 - 100.90,79.41,90.1,79.41 - 90.10,Pérdida del soporte en 100.90 | ROE negativo durante 2 trimestres consecutivos | Ampliación de capital dilutiva | Recorte de rating a bono basura,6-12,"SWIRE PACIFIC A está un 0.8% por debajo de su máximo 52s. Fundamentalmente aceptable con ROE 3.2%, deuda neta/EBITDA 5.0x. Técnicamente 🟡 MACD convergiendo, 🟢 Cerca de soporte. Clasificación: pendiente_confirmacion.","SWIRE PACIFIC A está un 0.8% por debajo de su máximo 52s. Fundamentalmente aceptable con ROE 3.2%, deuda neta/EBITDA 5.0x. Técnicamente 🟡 MACD convergiendo, 🟢 Cerca de soporte. Clasificación: pendiente_confirmacion.",🟡 MACD convergiendo | 🟢 Cerca de soporte | 🟡 trendline_break,3.81,11,20,False,57.8,0.29,1067488.0,72894003200.0,4.95,-8.4,,36.1,,,3.2,381294.0,16.0,0.53,18.35,0.8,0.8,32.3,70.1,False,True,6.2234,False,93.4,85.0,False,80.79,30.1,False,True,30,6,0.76,100.9,True
64,PHIA.AS,KON.PHILIPS N.V.,EUROSTOXX,Healthcare,Medical Devices,Netherlands,EUR,23.73,1.0,script-v2.0,1.0,2026-08-21T08:35:51.860333+02:00,44.9,49.5,81,22,0,12,31,pendiente_confirmacion,pendiente_confirmacion,,False,pass,pendiente,0,desconocido,Pendiente de implementar,confirmada,margin_stabilization (media): Margen gross 49.3% vs 45.2% (+4.1 pp) | eps_stabilization (media): EPS 0.40 vs 0.16 (Diluted EPS) | debt_reduction (alta): Deuda 7465.0M vs 8097.0M | dividend_maintained (baja): Dividendo actual 3.58%,incompleto,pendiente_confirmacion,,,,23.54,23.54,23.54,ROE negativo durante 2 trimestres consecutivos | Ampliación de capital dilutiva | Recorte de rating a bono basura,12-18,"KON.PHILIPS N.V. está un N/D por debajo de su máximo 52s. Fundamentalmente aceptable con ROE 10.2%, deuda neta/EBITDA 2.4x. Técnicamente 🟢 base_pattern_detected. Clasificación: pendiente_confirmacion.","KON.PHILIPS N.V. está un N/D por debajo de su máximo 52s. Fundamentalmente aceptable con ROE 10.2%, deuda neta/EBITDA 2.4x. Técnicamente 🟢 base_pattern_detected. Clasificación: pendiente_confirmacion.",🟢 base_pattern_detected,3.58,8,2,False,74.6,0.65,1991605.0,5676000000.0,2.35,-7.8,gross,45.9,46.0,-0.0,10.2,23194.0,20.8,2.03,11.96,,,,54.2,False,False,0.0961,False,,,False,23.3,,True,False,19,12,0.63,,False
65,AAPL,Apple Inc.,SP500,Technology,Consumer Electronics,United States,USD,311.3,1.0,script-v2.0,1.0,2026-08-21T08:37:24.388198+02:00,44.5,45.7,98,0,0,12,41,pendiente_confirmacion,pendiente_confirmacion,,False,pass,pendiente,0,desconocido,Pendiente de implementar,confirmada,margin_stabilization (media): Margen gross 50.1% vs 49.3% (+0.8 pp) | eps_stabilization (media): EPS 2.02 vs 2.01 (Diluted EPS) | debt_reduction (alta): Deuda 84344.0M vs 84711.0M | dividend_maintained (baja): Dividendo actual 0.35% con caída del 9.7%,incompleto,pendiente_confirmacion,302.51,309.63,302.51 - 309.63,280.82,292.88,280.82 - 292.88,Pérdida del soporte en 302.51 | ROE negativo durante 2 trimestres consecutivos | Ampliación de capital dilutiva | Recorte de rating a bono basura,6-12,"Apple Inc. está un 9.7% por debajo de su máximo 52s. Fundamentalmente aceptable con ROE 148.8%, deuda neta/EBITDA 0.1x. Técnicamente 🟡 MACD convergiendo, 🟢 Cerca de soporte. Clasificación: pendiente_confirmacion.","Apple Inc. está un 9.7% por debajo de su máximo 52s. Fundamentalmente aceptable con ROE 148.8%, deuda neta/EBITDA 0.1x. Técnicamente 🟡 MACD convergiendo, 🟢 Cerca de soporte. Clasificación: pendiente_confirmacion.",🟡 MACD convergiendo | 🟢 Cerca de soporte | 🟡 trendline_break,0.35,11,15,False,12.0,0.78,56596277.0,21944995840.0,0.13,-0.4,gross,48.7,48.7,-0.0,148.8,4543168.0,36.4,42.3,27.18,9.7,9.6,10.9,49.0,False,True,12.9836,False,54.4,57.2,False,281.48,10.6,False,True,35,6,0.91,302.51,True
66,FDX,FedEx Corporation,SP500,Industrials,Integrated Freight & Logistics,United States,USD,326.04,1.0,script-v2.0,1.0,2026-08-21T08:36:59.670563+02:00,44.3,50.8,86,20,0,7,25,pendiente_confirmacion,pendiente_confirmacion,,False,pass,pendiente,0,desconocido,Pendiente de implementar,parcial,margin_stabilization (media): Margen gross 22.7% vs 21.3% (+1.3 pp) | eps_stabilization (media): EPS 6.60 vs 4.41 (Diluted EPS) | dividend_maintained (baja): Dividendo actual 1.50% con caída del 5.6%,incompleto,pendiente_confirmacion,297.77,319.42,297.77 - 319.42,283.79,293.56,283.79 - 293.56,Pérdida del soporte en 297.77 | ROE negativo durante 2 trimestres consecutivos | Ampliación de capital dilutiva | Recorte de rating a bono basura,6-12,"FedEx Corporation está un 5.6% por debajo de su máximo 52s. Fundamentalmente aceptable con ROE 14.8%, deuda neta/EBITDA 2.5x. Técnicamente 🟡 trendline_break. Clasificación: pendiente_confirmacion.","FedEx Corporation está un 5.6% por debajo de su máximo 52s. Fundamentalmente aceptable con ROE 14.8%, deuda neta/EBITDA 2.5x. Técnicamente 🟡 trendline_break. Clasificación: pendiente_confirmacion.",🟡 trendline_break,1.5,11,20,False,31.3,1.36,1914919.0,29393000448.0,2.48,2.2,gross,27.3,21.8,5.6,14.8,77164.0,17.7,2.47,8.99,5.6,5.2,14.9,54.6,False,False,13.6591,False,55.0,60.4,False,289.1,12.8,False,True,19,6,0.89,297.77,False
67,055550.KS,ShinhanGroup,ASIA,Financial Services,Banks - Regional,South Korea,KRW,104100.0,1.0,script-v2.0,1.0,2026-08-21T08:38:22.724528+02:00,44.1,45.8,73,22,0,7,39,pendiente_confirmacion,pendiente_confirmacion,,False,pass,pendiente,0,desconocido,Pendiente de implementar,parcial,"eps_stabilization (media): EPS 3327.00 vs 1070.12 (Diluted EPS) | dividend_maintained (baja): Dividendo actual 2.84% con caída del 8.1% | analyst_upgrade (media): Target 132368.42 vs precio 104100.00 (+27%), recMean 1.40, recKey strong_buy",incompleto,pendiente_confirmacion,102565.94,103468.63,102565.94 - 103468.63,90747.26,96305.0,90747.26 - 96305.00,Pérdida del soporte en 103468.63 | ROE negativo durante 2 trimestres consecutivos | Ampliación de capital dilutiva | Recorte de rating a bono basura,6-12,"ShinhanGroup está un 8.1% por debajo de su máximo 52s. Fundamentalmente aceptable con ROE 8.9%, dividendo 2.8%. Técnicamente 🟢 Cerca de soporte, 🟢 base_pattern_detected. Clasificación: pendiente_confirmacion.","ShinhanGroup está un 8.1% por debajo de su máximo 52s. Fundamentalmente aceptable con ROE 8.9%, dividendo 2.8%. Técnicamente 🟢 Cerca de soporte, 🟢 base_pattern_detected. Clasificación: pendiente_confirmacion.",🟢 Cerca de soporte | 🟢 base_pattern_detected | 🟡 trendline_break,2.84,11,18,False,25.3,,1399461.0,25527976984576.0,,21.7,,0.0,,,8.9,49016977.0,7.6,,,8.1,7.4,14.7,50.3,False,False,5071.6194,False,45.1,44.8,False,92871.92,12.1,True,True,21,18,1.0,103468.63,True
68,RTX,RTX Corporation,SP500,Industrials,Aerospace & Defense,United States,USD,212.29,1.0,script-v2.0,1.0,2026-08-21T08:37:00.865932+02:00,44.0,44.3,95,0,0,12,43,pendiente_confirmacion,pendiente_confirmacion,,False,pass,pendiente,0,desconocido,Pendiente de implementar,confirmada,margin_stabilization (media): Margen gross 20.8% vs 20.8% (-0.0 pp) | eps_stabilization (media): EPS 1.57 vs 1.51 (Diluted EPS) | debt_reduction (alta): Deuda 38856.0M vs 38935.0M | dividend_maintained (baja): Dividendo actual 1.38% con caída del 6.4%,incompleto,pendiente_confirmacion,202.11,208.7,202.11 - 208.70,189.95,192.85,189.95 - 192.85,Pérdida del soporte en 208.70 | ROE negativo durante 2 trimestres consecutivos | Ampliación de capital dilutiva | Recorte de rating a bono basura,6-12,"RTX Corporation está un 6.4% por debajo de su máximo 52s. Fundamentalmente aceptable con ROE 12.3%, deuda neta/EBITDA 1.9x. Técnicamente 🟢 Cerca de soporte, 🟢 base_pattern_detected. Clasificación: pendiente_confirmacion.","RTX Corporation está un 6.4% por debajo de su máximo 52s. Fundamentalmente aceptable con ROE 12.3%, deuda neta/EBITDA 1.9x. Técnicamente 🟢 Cerca de soporte, 🟢 base_pattern_detected. Clasificación: pendiente_confirmacion.",🟢 Cerca de soporte | 🟢 base_pattern_detected | 🟡 trendline_break,1.38,11,20,False,48.8,0.57,5169829.0,30550999552.0,1.92,-0.2,gross,20.3,20.4,-0.0,12.3,286116.0,38.7,4.31,20.03,6.4,6.2,11.8,48.4,False,False,8.9428,False,0.9,52.3,False,191.29,11.0,True,True,25,18,1.11,208.7,True
69,SJM,The J.M. Smucker Company,SP500,Consumer Defensive,Packaged Foods,United States,USD,123.05,1.0,script-v2.0,1.0,2026-08-21T08:37:18.446084+02:00,43.7,46.3,66,29,0,12,36,pendiente_confirmacion,pendiente_confirmacion,,False,pass,pendiente,0,desconocido,Pendiente de implementar,confirmada,margin_stabilization (media): Margen gross 38.0% vs 35.4% (+2.6 pp) | eps_stabilization (media): EPS 3.64 vs -6.79 (Diluted EPS) | debt_reduction (alta): Deuda 7129.8M vs 7454.3M | dividend_maintained (baja): Dividendo actual 3.64% con caída del 3.6%,incompleto,pendiente_confirmacion,113.63,115.09,113.63 - 115.09,103.52,108.5,103.52 - 108.50,Pérdida del soporte en 113.63 | ROE negativo durante 2 trimestres consecutivos | Ampliación de capital dilutiva | Recorte de rating a bono basura,6-12,"The J.M. Smucker Company está un 3.6% por debajo de su máximo 52s. Fundamentalmente aceptable con ROE -2.4%, deuda neta/EBITDA 3.7x. Técnicamente 🟢 Cruce alcista MACD, 🟡 trendline_break. Clasificación: pendiente_confirmacion.","The J.M. Smucker Company está un 3.6% por debajo de su máximo 52s. Fundamentalmente aceptable con ROE -2.4%, deuda neta/EBITDA 3.7x. Técnicamente 🟢 Cruce alcista MACD, 🟡 trendline_break. Clasificación: pendiente_confirmacion.",🟢 Cruce alcista MACD | 🟡 trendline_break,3.64,11,20,False,86.1,1.29,1500957.0,7071200192.0,3.67,-4.4,gross,34.3,33.3,1.0,-2.4,13152.0,11.4,2.37,10.49,3.6,2.7,18.9,61.1,True,False,5.3166,False,83.8,75.3,False,104.19,18.1,False,True,30,6,0.86,113.63,True
70,DSY.PA,DASSAULT SYSTEMES,EUROSTOXX,Technology,Software - Application,France,EUR,22.23,1.0,script-v2.0,1.0,2026-08-21T08:35:45.264934+02:00,42.8,46.0,94,4,0,7,33,pendiente_confirmacion,pendiente_confirmacion,,False,pass,pendiente,0,desconocido,Pendiente de implementar,parcial,margin_stabilization (media): Margen gross 84.1% vs 84.0% (+0.1 pp) | eps_stabilization (media): EPS 0.22 vs 0.22 (Diluted EPS) | dividend_maintained (baja): Dividendo actual 1.21%,incompleto,pendiente_confirmacion,,,,25.81,25.81,25.81,ROE negativo durante 2 trimestres consecutivos | Ampliación de capital dilutiva | Recorte de rating a bono basura,12-18,"DASSAULT SYSTEMES está un N/D por debajo de su máximo 52s. Fundamentalmente aceptable con ROE 15.1%, deuda neta/EBITDA -1.4x. Técnicamente 🟡 MACD convergiendo, 🟢 base_pattern_detected. Clasificación: pendiente_confirmacion.","DASSAULT SYSTEMES está un N/D por debajo de su máximo 52s. Fundamentalmente aceptable con ROE 15.1%, deuda neta/EBITDA -1.4x. Técnicamente 🟡 MACD convergiendo, 🟢 base_pattern_detected. Clasificación: pendiente_confirmacion.",🟡 MACD convergiendo | 🟢 base_pattern_detected,1.21,11,20,False,27.8,0.36,2287555.0,-2282400000.0,-1.36,36.2,gross,84.2,84.2,0.0,15.1,29211.0,22.9,3.16,16.13,,,,64.7,False,True,0.0481,False,,,False,20.13,,True,False,21,12,0.96,,False
71,BAYN.DE,Bayer AG                      N,EUROSTOXX,Healthcare,Drug Manufacturers - General,Germany,EUR,48.61,1.0,script-v2.0,1.0,2026-08-21T08:35:13.465085+02:00,42.7,45.9,55,38,0,6,33,pendiente_confirmacion,pendiente_confirmacion,,True,pass,pendiente,0,desconocido,Pendiente de implementar,parcial,debt_reduction (alta): Deuda 38431.0M vs 40697.0M | dividend_maintained (baja): Dividendo actual 0.23%,incompleto,pendiente_confirmacion,,,,45.83,45.83,45.83,ROE negativo durante 2 trimestres consecutivos | Ampliación de capital dilutiva | Recorte de rating a bono basura,12-18,"Bayer AG                      N está un N/D por debajo de su máximo 52s. Fundamentalmente aceptable con ROE -5.7%, deuda neta/EBITDA 3.3x. Técnicamente 🟡 MACD convergiendo, 🟢 base_pattern_detected. Clasificación: pendiente_confirmacion.","Bayer AG                      N está un N/D por debajo de su máximo 52s. Fundamentalmente aceptable con ROE -5.7%, deuda neta/EBITDA 3.3x. Técnicamente 🟡 MACD convergiendo, 🟢 base_pattern_detected. Clasificación: pendiente_confirmacion.",🟡 MACD convergiendo | 🟢 base_pattern_detected,0.23,11,20,True,163.3,1.29,3001228.0,33348998656.0,3.29,-5.6,gross,60.5,58.8,1.6,-5.7,47756.0,10.2,1.61,8.02,,,,57.4,False,True,3.2313,False,,,False,40.77,,True,False,21,12,0.93,,False
72,RACE.MI,FERRARI,EUROSTOXX,Consumer Cyclical,Auto Manufacturers,Italy,EUR,364.15,1.0,script-v2.0,1.0,2026-08-21T08:36:01.024579+02:00,42.6,47.9,98,4,0,7,27,pendiente_confirmacion,pendiente_confirmacion,,False,pass,pendiente,0,desconocido,Pendiente de implementar,parcial,margin_stabilization (media): Margen gross 52.6% vs 51.8% (+0.8 pp) | eps_stabilization (media): EPS 2.62 vs 2.33 (Diluted EPS) | dividend_maintained (baja): Dividendo actual 0.99%,incompleto,pendiente_confirmacion,,,,366.52,366.52,366.52,ROE negativo durante 2 trimestres consecutivos | Ampliación de capital dilutiva | Recorte de rating a bono basura,12-18,"FERRARI está un N/D por debajo de su máximo 52s. Fundamentalmente aceptable con ROE 45.4%, deuda neta/EBITDA 0.7x. Técnicamente 🟢 base_pattern_detected. Clasificación: pendiente_confirmacion.","FERRARI está un N/D por debajo de su máximo 52s. Fundamentalmente aceptable con ROE 45.4%, deuda neta/EBITDA 0.7x. Técnicamente 🟢 base_pattern_detected. Clasificación: pendiente_confirmacion.",🟢 base_pattern_detected,0.99,11,11,False,39.0,0.86,557472.0,1734133120.0,0.7,8.1,gross,51.6,51.6,0.0,45.4,64005.0,39.2,17.51,26.63,,,,66.7,False,False,10.3043,False,,,False,310.42,,True,False,15,12,0.65,,False
73,AMC.AX,AMCOR PLC CDI 1:1 [AMC],ASX,Consumer Cyclical,Packaging & Containers,Switzerland,AUD,66.81,1.0,script-v2.0,1.0,2026-08-21T08:37:42.092786+02:00,42.6,43.9,78,14,0,12,39,pendiente_confirmacion,pendiente_confirmacion,,False,pass,pendiente,0,desconocido,Pendiente de implementar,confirmada,margin_stabilization (media): Margen gross 20.1% vs 19.1% (+1.1 pp) | eps_stabilization (media): EPS 0.60 vs 0.38 (Diluted EPS) | debt_reduction (alta): Deuda 15140.0M vs 16019.0M | dividend_maintained (baja): Dividendo actual 5.51% con caída del 6.0%,incompleto,pendiente_confirmacion,62.12,63.07,62.12 - 63.07,60.33,60.43,60.33 - 60.43,Pérdida del soporte en 62.12 | ROE negativo durante 2 trimestres consecutivos | Ampliación de capital dilutiva | Recorte de rating a bono basura,6-12,"AMCOR PLC CDI 1:1 [AMC] está un 6.0% por debajo de su máximo 52s. Fundamentalmente aceptable con ROE 9.4%, deuda neta/EBITDA 4.0x. Técnicamente 🟡 MACD convergiendo, 🟢 base_pattern_detected. Clasificación: pendiente_confirmacion.","AMCOR PLC CDI 1:1 [AMC] está un 6.0% por debajo de su máximo 52s. Fundamentalmente aceptable con ROE 9.4%, deuda neta/EBITDA 4.0x. Técnicamente 🟡 MACD convergiendo, 🟢 base_pattern_detected. Clasificación: pendiente_confirmacion.",🟡 MACD convergiendo | 🟢 base_pattern_detected | 🟡 trendline_break,5.51,11,20,False,109.3,1.28,586694.0,14024999680.0,3.97,-5.5,gross,20.0,19.1,0.9,9.4,30889.0,19.9,1.86,12.64,6.0,13.0,10.7,60.0,False,True,1.7239,False,73.4,57.5,False,60.3,10.8,True,True,21,18,0.85,62.12,True
74,GD,General Dynamics Corporation,SP500,Industrials,Aerospace & Defense,United States,USD,386.07,1.0,script-v2.0,1.0,2026-08-21T08:37:02.262571+02:00,42.5,46.7,100,0,0,12,30,pendiente_confirmacion,pendiente_confirmacion,,False,pass,pendiente,0,desconocido,Pendiente de implementar,confirmada,margin_stabilization (media): Margen gross 15.5% vs 15.9% (-0.4 pp) | eps_stabilization (media): EPS 4.24 vs 4.10 (Diluted EPS) | debt_reduction (alta): Deuda 9479.0M vs 9832.0M | dividend_maintained (baja): Dividendo actual 1.65% con caída del 3.5%,incompleto,pendiente_confirmacion,345.85,372.73,345.85 - 372.73,340.0,350.46,340.00 - 350.46,Pérdida del soporte en 345.85 | ROE negativo durante 2 trimestres consecutivos | Ampliación de capital dilutiva | Recorte de rating a bono basura,6-12,"General Dynamics Corporation está un 3.5% por debajo de su máximo 52s. Fundamentalmente aceptable con ROE 17.8%, deuda neta/EBITDA 0.8x. Técnicamente 🟢 base_pattern_detected, 🟡 trendline_break. Clasificación: pendiente_confirmacion.","General Dynamics Corporation está un 3.5% por debajo de su máximo 52s. Fundamentalmente aceptable con ROE 17.8%, deuda neta/EBITDA 0.8x. Técnicamente 🟢 base_pattern_detected, 🟡 trendline_break. Clasificación: pendiente_confirmacion.",🟢 base_pattern_detected | 🟡 trendline_break,1.65,11,20,False,37.7,0.35,1164485.0,5145999872.0,0.78,-3.6,gross,15.4,15.4,-0.0,17.8,104454.0,23.9,3.89,16.5,3.5,3.5,10.2,52.1,False,False,13.5633,False,39.3,66.5,False,351.61,9.8,True,True,12,18,0.79,345.85,True
75,NOVN.SW,NOVARTIS N,EUROSTOXX,Healthcare,Drug Manufacturers - General,Switzerland,CHF,126.34,1.0,script-v2.0,1.0,2026-08-21T08:36:10.753605+02:00,42.2,42.0,90,0,0,7,43,pendiente_confirmacion,pendiente_confirmacion,,False,pass,pendiente,0,desconocido,Pendiente de implementar,parcial,margin_stabilization (media): Margen gross 75.2% vs 74.4% (+0.8 pp) | eps_stabilization (media): EPS 1.71 vs 1.65 (Diluted EPS) | dividend_maintained (baja): Dividendo actual 2.93% con caída del 3.9%,incompleto,pendiente_confirmacion,117.75,124.76,117.75 - 124.76,111.77,116.03,111.77 - 116.03,Pérdida del soporte en 117.75 | ROE negativo durante 2 trimestres consecutivos | Ampliación de capital dilutiva | Recorte de rating a bono basura,6-12,"NOVARTIS N está un 3.9% por debajo de su máximo 52s. Fundamentalmente aceptable con ROE 30.3%, deuda neta/EBITDA 1.8x. Técnicamente 🟡 MACD convergiendo, 🟢 base_pattern_detected. Clasificación: pendiente_confirmacion.","NOVARTIS N está un 3.9% por debajo de su máximo 52s. Fundamentalmente aceptable con ROE 30.3%, deuda neta/EBITDA 1.8x. Técnicamente 🟡 MACD convergiendo, 🟢 base_pattern_detected. Clasificación: pendiente_confirmacion.",🟡 MACD convergiendo | 🟢 base_pattern_detected | 🟡 trendline_break,2.93,11,20,False,69.9,1.17,2613747.0,41396001792.0,1.79,4.3,gross,75.0,74.7,0.2,30.3,240136.0,23.7,7.06,12.21,3.9,3.9,8.9,53.8,False,True,3.4328,False,73.5,69.9,False,117.15,7.8,True,True,25,18,0.94,117.75,True
76,EMR,Emerson Electric Company,SP500,Industrials,Specialty Industrial Machinery,United States,USD,154.72,1.0,script-v2.0,1.0,2026-08-21T08:36:37.099433+02:00,42.1,46.2,99,0,0,12,30,pendiente_confirmacion,pendiente_confirmacion,,False,pass,pendiente,0,desconocido,Pendiente de implementar,confirmada,margin_stabilization (media): Margen gross 54.5% vs 53.1% (+1.4 pp) | eps_stabilization (media): EPS 1.28 vs 1.10 (Diluted EPS) | debt_reduction (alta): Deuda 13802.0M vs 14057.0M | dividend_maintained (baja): Dividendo actual 1.43% con caída del 7.0%,incompleto,pendiente_confirmacion,133.97,147.07,133.97 - 147.07,140.43,141.4,140.43 - 141.40,Pérdida del soporte en 133.97 | ROE negativo durante 2 trimestres consecutivos | Ampliación de capital dilutiva | Recorte de rating a bono basura,6-12,"Emerson Electric Company está un 7.0% por debajo de su máximo 52s. Fundamentalmente aceptable con ROE 12.8%, deuda neta/EBITDA 1.9x. Técnicamente 🟢 base_pattern_detected, 🟡 trendline_break. Clasificación: pendiente_confirmacion.","Emerson Electric Company está un 7.0% por debajo de su máximo 52s. Fundamentalmente aceptable con ROE 12.8%, deuda neta/EBITDA 1.9x. Técnicamente 🟢 base_pattern_detected, 🟡 trendline_break. Clasificación: pendiente_confirmacion.",🟢 base_pattern_detected | 🟡 trendline_break,1.43,11,20,False,48.0,0.68,2796509.0,11622000384.0,1.92,-1.8,gross,53.2,53.2,0.0,12.8,86303.0,34.5,4.23,16.17,7.0,6.7,10.2,51.9,False,False,4.7083,False,31.9,48.8,False,141.02,9.7,True,True,12,18,0.6,133.97,True
77,DB1.DE,DEUTSCHE BOERSE AG            N,EUROSTOXX,Financial Services,Financial Data & Stock Exchanges,Germany,EUR,279.6,1.0,script-v2.0,1.0,2026-08-21T08:35:22.946186+02:00,41.8,46.7,100,0,0,9,27,pendiente_confirmacion,pendiente_confirmacion,,False,pass,pendiente,0,desconocido,Pendiente de implementar,parcial,eps_stabilization (media): EPS 3.21 vs 2.68 (Diluted EPS) | debt_reduction (alta): Deuda 6187.0M vs 9583.0M | dividend_maintained (baja): Dividendo actual 1.50%,incompleto,pendiente_confirmacion,,,,238.59,238.59,238.59,ROE negativo durante 2 trimestres consecutivos | Ampliación de capital dilutiva | Recorte de rating a bono basura,12-18,"DEUTSCHE BOERSE AG            N está un N/D por debajo de su máximo 52s. Fundamentalmente aceptable con ROE 20.4%, deuda neta/EBITDA 1.3x. Técnicamente 🟢 base_pattern_detected. Clasificación: pendiente_confirmacion.","DEUTSCHE BOERSE AG            N está un N/D por debajo de su máximo 52s. Fundamentalmente aceptable con ROE 20.4%, deuda neta/EBITDA 1.3x. Técnicamente 🟢 base_pattern_detected. Clasificación: pendiente_confirmacion.",🟢 base_pattern_detected,1.5,11,20,False,36.2,0.58,327940.0,4411999744.0,1.32,-35.4,gross,80.5,50.9,29.6,20.4,50408.0,24.1,4.87,16.49,,,,66.2,False,False,9.5403,False,,,False,237.98,,True,False,15,12,0.78,,False
78,SSE.L,SSE PLC ORD 50P,EUROSTOXX,Utilities,Utilities - Diversified,United Kingdom,GBp,2385.0,1.0,script-v2.0,1.0,2026-08-21T08:36:21.780770+02:00,41.7,45.3,89,7,0,6,31,pendiente_confirmacion,pendiente_confirmacion,,False,pass,pendiente,0,desconocido,Pendiente de implementar,parcial,debt_reduction (alta): Deuda 10170.4M vs 10467.9M | dividend_maintained (baja): Dividendo actual 0.03%,incompleto,pendiente_confirmacion,,,,2352.38,2352.38,2352.38,ROE negativo durante 2 trimestres consecutivos | Ampliación de capital dilutiva | Recorte de rating a bono basura,12-18,"SSE PLC ORD 50P está un N/D por debajo de su máximo 52s. Fundamentalmente aceptable con ROE 9.7%, deuda neta/EBITDA 3.2x. Técnicamente 🟢 base_pattern_detected. Clasificación: pendiente_confirmacion.","SSE PLC ORD 50P está un N/D por debajo de su máximo 52s. Fundamentalmente aceptable con ROE 9.7%, deuda neta/EBITDA 3.2x. Técnicamente 🟢 base_pattern_detected. Clasificación: pendiente_confirmacion.",🟢 base_pattern_detected,0.03,11,20,False,61.1,0.62,3444660.0,8627499776.0,3.17,-2.8,,37.1,,,9.7,28770.0,22.7,2.27,14.01,,,,46.8,False,False,8.2192,False,,,False,2427.22,,True,False,19,12,0.75,,False
79,AIR.PA,AIRBUS SE,EUROSTOXX,Industrials,Aerospace & Defense,Netherlands,EUR,204.8,1.0,script-v2.0,1.0,2026-08-21T08:35:28.467520+02:00,40.8,42.0,90,0,0,7,37,pendiente_confirmacion,pendiente_confirmacion,,False,pass,pendiente,0,desconocido,Pendiente de implementar,parcial,margin_stabilization (media): Margen gross 18.4% vs 12.3% (+6.1 pp) | eps_stabilization (media): EPS 2.10 vs 0.74 (Diluted EPS) | dividend_maintained (baja): Dividendo actual 1.56%,incompleto,pendiente_confirmacion,,,,188.11,188.11,188.11,ROE negativo durante 2 trimestres consecutivos | Ampliación de capital dilutiva | Recorte de rating a bono basura,12-18,"AIRBUS SE está un N/D por debajo de su máximo 52s. Fundamentalmente aceptable con ROE 23.2%, deuda neta/EBITDA 0.1x. Técnicamente 🟡 MACD convergiendo, 🟢 base_pattern_detected. Clasificación: pendiente_confirmacion.","AIRBUS SE está un N/D por debajo de su máximo 52s. Fundamentalmente aceptable con ROE 23.2%, deuda neta/EBITDA 0.1x. Técnicamente 🟡 MACD convergiendo, 🟢 base_pattern_detected. Clasificación: pendiente_confirmacion.",🟡 MACD convergiendo | 🟢 base_pattern_detected,1.56,9,5,False,42.6,0.55,1114945.0,1146999808.0,0.13,30.4,gross,16.3,15.4,0.9,23.2,162095.0,27.3,6.26,18.14,,,,51.0,False,True,7.95,False,,,False,187.69,,True,False,25,12,0.73,,False
80,PRY.MI,PRYSMIAN,EUROSTOXX,Industrials,Electrical Equipment & Parts,Italy,EUR,122.55,1.0,script-v2.0,1.0,2026-08-21T08:36:00.647423+02:00,40.5,45.7,98,0,0,10,25,pendiente_confirmacion,pendiente_confirmacion,,False,pass,pendiente,0,desconocido,Pendiente de implementar,parcial,"margin_stabilization (media): Margen gross 35.7% vs 35.5% (+0.3 pp) | eps_stabilization (media): EPS 0.80 vs 0.52 (Diluted EPS) | dividend_maintained (baja): Dividendo actual 0.73% | analyst_upgrade (media): Target 156.35 vs precio 122.55 (+28%), recMean 1.82, recKey buy",incompleto,pendiente_confirmacion,,,,133.66,133.66,133.66,ROE negativo durante 2 trimestres consecutivos | Ampliación de capital dilutiva | Recorte de rating a bono basura,12-18,"PRYSMIAN está un N/D por debajo de su máximo 52s. Fundamentalmente aceptable con ROE 22.4%, deuda neta/EBITDA 1.6x. Técnicamente con señales incipientes pero confirmación incompleta. Clasificación: pendiente_confirmacion.","PRYSMIAN está un N/D por debajo de su máximo 52s. Fundamentalmente aceptable con ROE 22.4%, deuda neta/EBITDA 1.6x. Técnicamente con señales incipientes pero confirmación incompleta. Clasificación: pendiente_confirmacion.",,0.73,11,19,False,18.7,0.75,1176241.0,4150999808.0,1.59,1.3,gross,37.7,36.9,0.9,22.4,35815.0,25.4,5.05,15.43,,,,43.8,False,False,5.2354,False,,,False,114.24,,False,False,25,0,0.63,,False
81,CAT,"Caterpillar, Inc.",SP500,Industrials,Farm & Heavy Construction Machinery,United States,USD,815.39,1.0,script-v2.0,1.0,2026-08-21T08:36:57.308465+02:00,40.5,41.1,72,14,0,10,39,pendiente_confirmacion,pendiente_confirmacion,,False,pass,pendiente,0,desconocido,Pendiente de implementar,parcial,"margin_stabilization (media): Margen gross 36.0% vs 33.1% (+2.9 pp) | eps_stabilization (media): EPS 7.77 vs 5.47 (Diluted EPS) | dividend_maintained (baja): Dividendo actual 0.80% con caída del 24.0% | analyst_upgrade (media): Target 979.22 vs precio 815.39 (+20%), recMean 2.14, recKey buy",incompleto,pendiente_confirmacion,803.51,815.39,803.51 - 815.39,757.53,912.44,757.53 - 912.44,Pérdida del soporte en 803.51 | ROE negativo durante 2 trimestres consecutivos | Ampliación de capital dilutiva | Recorte de rating a bono basura,6-12,"Caterpillar, Inc. está un 24.0% por debajo de su máximo 52s. Fundamentalmente aceptable con ROE 57.0%, deuda neta/EBITDA 2.4x. Técnicamente 🟢 Cerca de soporte. Clasificación: pendiente_confirmacion.","Caterpillar, Inc. está un 24.0% por debajo de su máximo 52s. Fundamentalmente aceptable con ROE 57.0%, deuda neta/EBITDA 2.4x. Técnicamente 🟢 Cerca de soporte. Clasificación: pendiente_confirmacion.",🟢 Cerca de soporte,0.8,11,20,False,26.0,2.33,3255560.0,39201001472.0,2.41,4.8,gross,29.7,32.4,-2.7,57.0,374814.0,35.1,19.33,25.48,24.0,23.9,7.6,39.7,False,False,39.7699,False,10.7,16.3,False,766.87,6.3,False,False,39,0,1.04,803.51,False
82,MSFT,Microsoft Corporation,SP500,Technology,Software - Infrastructure,United States,USD,481.15,1.0,script-v2.0,1.0,2026-08-21T08:37:24.605524+02:00,40.3,42.5,91,0,0,7,34,pendiente_confirmacion,pendiente_confirmacion,,False,pass,pendiente,0,desconocido,Pendiente de implementar,parcial,margin_stabilization (media): Margen gross 67.2% vs 67.6% (-0.4 pp) | eps_stabilization (media): EPS 4.81 vs 4.27 (Diluted EPS) | dividend_maintained (baja): Dividendo actual 0.76% con caída del 13.1%,incompleto,pendiente_confirmacion,417.36,476.25,417.36 - 476.25,429.58,470.66,429.58 - 470.66,Pérdida del soporte en 476.25 | ROE negativo durante 2 trimestres consecutivos | Ampliación de capital dilutiva | Recorte de rating a bono basura,6-12,"Microsoft Corporation está un 13.1% por debajo de su máximo 52s. Fundamentalmente aceptable con ROE 34.0%, deuda neta/EBITDA 0.3x. Técnicamente 🟢 Cerca de soporte, 🟢 base_pattern_detected. Clasificación: pendiente_confirmacion.","Microsoft Corporation está un 13.1% por debajo de su máximo 52s. Fundamentalmente aceptable con ROE 34.0%, deuda neta/EBITDA 0.3x. Técnicamente 🟢 Cerca de soporte, 🟢 base_pattern_detected. Clasificación: pendiente_confirmacion.",🟢 Cerca de soporte | 🟢 base_pattern_detected | 🟡 trendline_break,0.76,11,20,False,19.8,0.29,39762234.0,51969998848.0,0.27,126.1,gross,67.9,68.0,-0.0,34.0,3572801.0,27.0,8.08,18.66,13.1,12.5,12.0,62.2,False,False,10.3714,False,18.2,44.3,False,425.96,13.0,True,True,16,18,0.58,476.25,True
83,DGE.L,DIAGEO PLC ORD 28 101/108P,EUROSTOXX,Consumer Defensive,Beverages - Wineries & Distilleries,United Kingdom,GBp,1723.5,1.0,script-v2.0,1.0,2026-08-21T08:36:23.398870+02:00,39.5,40.3,76,9,0,6,37,pendiente_confirmacion,pendiente_confirmacion,,False,pass,pendiente,0,desconocido,Pendiente de implementar,parcial,debt_reduction (alta): Deuda 22196.0M vs 24401.0M | dividend_maintained (baja): Dividendo actual 0.03%,incompleto,pendiente_confirmacion,,,,1820.7,1820.7,1820.70,ROE negativo durante 2 trimestres consecutivos | Ampliación de capital dilutiva | Recorte de rating a bono basura,12-18,"DIAGEO PLC ORD 28 101/108P está un N/D por debajo de su máximo 52s. Fundamentalmente aceptable con ROE 15.0%, deuda neta/EBITDA 3.2x. Técnicamente 🟡 MACD convergiendo, 🟢 base_pattern_detected. Clasificación: pendiente_confirmacion.","DIAGEO PLC ORD 28 101/108P está un N/D por debajo de su máximo 52s. Fundamentalmente aceptable con ROE 15.0%, deuda neta/EBITDA 3.2x. Técnicamente 🟡 MACD convergiendo, 🟢 base_pattern_detected. Clasificación: pendiente_confirmacion.",🟡 MACD convergiendo | 🟢 base_pattern_detected,0.03,11,20,False,106.6,1.71,5368892.0,20415000832.0,3.18,-9.0,,59.8,,,15.0,38324.0,29.7,4.77,9.46,,,,53.7,False,True,18.9184,False,,,False,1598.11,,True,False,25,12,0.42,,False
