Rank,Ticker,Nombre,Mercado,Sector,Industria,País,Moneda,Precio,Rules_Version,Model_Version,Config_Version,Evaluation_Timestamp,Score_Total,Score_Cuantitativo,Score_Fundamental,Score_Valoracion,Score_Causal,Score_Recuperacion,Score_Tecnico,Clasificacion,Clasificacion_Base,hard_rules_applied,Capa1_Pasa,Capa1_Status,Capa2_Causal_Classification,Capa2_Causal_Confidence,Capa2_Problem_Type,Capa2_Justification,Capa3_Recovery_Status,Capa3_Recovery_Signals,Capa4_Status,Capa5_Final_Classification,Capa5_Entry_Zone_Min,Capa5_Entry_Zone_Max,Capa5_Entry_Zone,Capa5_Exit_Zone_Min,Capa5_Exit_Zone_Max,Capa5_Exit_Zone,Capa5_Invalidation_Conditions,Capa5_Estimated_Horizon_Months,Capa5_Short_Explanation,Capa5_Summary_Explanation,Señales,Div_Yield_Actual_%,Historial_Div_Años_10,Consec_Antes_Corte,Recorte_Reciente,Payout_%,D/E,Vol_Medio_Diario,Net_Debt,Net_Debt_EBITDA,Variacion_Deuda_Trimestral_%,Tipo_Margen,Margen_Actual_%,Margen_Medio_4T_%,Variacion_Margen_pp,ROE_%,Cap_Millones,PER,P/B,EV_EBITDA,Caida_52s_%,Caida_Max_Multianual_%,Dist_SMA200_%,RSI_14,MACD_Cruce,MACD_Convergiendo,MACD_Semanal,MACD_Semanal_Giro,Estocastico_K,Estocastico_D,Estocastico_Giro,MA40_Semanal,Dist_MA40_Semanal_%,Base_Pattern_Detected,Trendline_Break,Technical_Base_Score,Technical_Bonus_Points,Vol_Ratio,Soporte,SMA50_Girando
1,CAP.PA,CAPGEMINI,EUROSTOXX,Technology,Information Technology Services,France,EUR,109.5,1.0,script-v2.0,1.0,2026-08-27T19:13:26.612535+02:00,82.2,82.0,90,75,0,4,83,seguimiento,seguimiento,Sin señales de recuperación,True,pass,pendiente,0,desconocido,Pendiente de implementar,ausente,"dividend_maintained (baja): Dividendo actual 3.11% con caída del 28.5% | analyst_upgrade (media): Target 140.51 vs precio 109.50 (+28%), recMean 1.76, recKey buy",fuerte,seguimiento,98.28,105.0,98.28 - 105.00,109.56,130.09,109.56 - 130.09,Pérdida del soporte en 105.00 | ROE negativo durante 2 trimestres consecutivos | Ampliación de capital dilutiva | Recorte de rating a bono basura,12-18,"CAPGEMINI está un 28.5% por debajo de su máximo 52s. Fundamentalmente sólida con ROE 12.2%, deuda neta/EBITDA 2.6x. Técnicamente 🟢 Cruce alcista MACD, 🟢 Cerca de soporte. Clasificación: seguimiento.","CAPGEMINI está un 28.5% por debajo de su máximo 52s. Fundamentalmente sólida con ROE 12.2%, deuda neta/EBITDA 2.6x. Técnicamente 🟢 Cruce alcista MACD, 🟢 Cerca de soporte. Clasificación: seguimiento.",🟢 Cruce alcista MACD | 🟢 Cerca de soporte | 🟢 MACD semanal girando al alza | 🟡 Apoyo en MA40 semanal | 🟢 base_pattern_detected | 🟡 trendline_break,3.11,11,20,False,43.2,0.88,696206.0,7907000320.0,2.56,67.8,,26.8,,,12.2,18177.0,13.9,1.59,8.39,28.5,42.2,-0.1,58.2,True,False,-1.0494,True,69.3,53.7,False,109.11,0.4,True,True,50,33,0.8,105.0,True
2,RI.PA,PERNOD RICARD,EUROSTOXX,Consumer Defensive,Beverages - Wineries & Distilleries,France,EUR,64.5,1.0,script-v2.0,1.0,2026-08-27T19:13:35.018317+02:00,80.9,85.9,88,84,0,7,66,seguimiento,seguimiento,,True,pass,pendiente,0,desconocido,Pendiente de implementar,parcial,"eps_stabilization (media): EPS 6.45 vs 5.83 (annual_eps_fallback) | dividend_maintained (baja): Dividendo actual 7.29% con caída del 40.0% | analyst_upgrade (media): Target 85.05 vs precio 64.50 (+32%), recMean 2.50, recKey buy",razonable,seguimiento,63.78,64.5,63.78 - 64.50,67.65,91.33,67.65 - 91.33,Pérdida del soporte en 63.78 | ROE negativo durante 2 trimestres consecutivos | Ampliación de capital dilutiva | Recorte de rating a bono basura,12-18,"PERNOD RICARD está un 40.0% por debajo de su máximo 52s. Fundamentalmente sólida con ROE 8.6%, deuda neta/EBITDA 3.9x. Técnicamente 🟢 Volumen creciente, 🟢 Cerca de soporte. Clasificación: seguimiento.","PERNOD RICARD está un 40.0% por debajo de su máximo 52s. Fundamentalmente sólida con ROE 8.6%, deuda neta/EBITDA 3.9x. Técnicamente 🟢 Volumen creciente, 🟢 Cerca de soporte. Clasificación: seguimiento.",🟢 Volumen creciente | 🟢 Cerca de soporte | 🟡 Apoyo en MA40 semanal | 🟢 base_pattern_detected,7.29,11,20,False,84.0,0.82,681321.0,11203999744.0,3.89,8.0,,58.4,,,8.6,16242.0,11.5,1.05,10.16,40.0,48.8,-4.7,39.8,False,False,-0.6883,False,29.3,18.5,False,67.46,-4.4,True,False,49,17,1.7,63.78,True
3,FMG.AX,FORTESCUE FPO [FMG],ASX,Basic Materials,Other Industrial Metals & Mining,Australia,AUD,17.7,1.0,script-v2.0,1.0,2026-08-27T19:15:27.832490+02:00,78.2,82.5,98,69,0,1,65,seguimiento,seguimiento,Sin señales de recuperación,True,pass,pendiente,0,desconocido,Pendiente de implementar,ausente,dividend_maintained (baja): Dividendo actual 6.10% con caída del 24.3%,razonable,seguimiento,16.81,17.7,16.81 - 17.70,19.87,20.22,19.87 - 20.22,Pérdida del soporte en 16.81 | ROE negativo durante 2 trimestres consecutivos | Ampliación de capital dilutiva | Recorte de rating a bono basura,6-12,"FORTESCUE FPO [FMG] está un 24.3% por debajo de su máximo 52s. Fundamentalmente sólida con ROE 14.2%, deuda neta/EBITDA 0.1x. Técnicamente 🔵 RSI recuperándose de sobreventa, 🟢 Divergencia alcista RSI. Clasificación: seguimiento.","FORTESCUE FPO [FMG] está un 24.3% por debajo de su máximo 52s. Fundamentalmente sólida con ROE 14.2%, deuda neta/EBITDA 0.1x. Técnicamente 🔵 RSI recuperándose de sobreventa, 🟢 Divergencia alcista RSI. Clasificación: seguimiento.",🔵 RSI recuperándose de sobreventa | 🟢 Divergencia alcista RSI | 🟢 base_pattern_detected,6.1,11,16,True,89.5,0.29,6278652.0,856999936.0,0.1,,,40.1,,,14.2,54498.0,13.6,1.92,6.77,24.3,23.5,-12.5,41.6,False,False,-0.6567,False,29.1,21.7,False,20.18,-12.3,True,False,53,12,0.97,,False
4,BMW.DE,BAYERISCHE MOTOREN WERKE AG   S,EUROSTOXX,Consumer Cyclical,Auto Manufacturers,Germany,EUR,59.94,1.0,script-v2.0,1.0,2026-08-27T19:13:09.568200+02:00,77.7,73.5,57,88,0,4,90,seguimiento,seguimiento,Sin señales de recuperación,True,pass,pendiente,0,desconocido,Pendiente de implementar,ausente,"dividend_maintained (baja): Dividendo actual 7.34% con caída del 38.8% | analyst_upgrade (media): Target 72.62 vs precio 59.94 (+21%), recMean 2.45, recKey buy",fuerte,seguimiento,57.48,58.95,57.48 - 58.95,74.48,83.23,74.48 - 83.23,Pérdida del soporte en 57.48 | ROE negativo durante 2 trimestres consecutivos | Ampliación de capital dilutiva | Recorte de rating a bono basura,12-18,"BAYERISCHE MOTOREN WERKE AG   S está un 38.8% por debajo de su máximo 52s. Fundamentalmente sólida con ROE 6.6%, deuda neta/EBITDA 7.3x. Técnicamente 🟢 Divergencia alcista RSI, 🟢 Cruce alcista MACD. Clasificación: seguimiento.","BAYERISCHE MOTOREN WERKE AG   S está un 38.8% por debajo de su máximo 52s. Fundamentalmente sólida con ROE 6.6%, deuda neta/EBITDA 7.3x. Técnicamente 🟢 Divergencia alcista RSI, 🟢 Cruce alcista MACD. Clasificación: seguimiento.",🟢 Divergencia alcista RSI | 🟢 Cruce alcista MACD | 🟢 Cerca de soporte | 🟢 MACD semanal girando al alza | 🟢 base_pattern_detected,7.34,11,20,False,42.3,1.2,1588353.0,101147001856.0,7.33,36.6,gross,12.4,14.8,-2.4,6.6,35879.0,5.8,0.38,9.99,38.8,35.3,-19.5,54.6,True,False,-5.1769,True,86.1,35.4,False,74.39,-19.4,True,False,68,22,1.05,57.48,False
5,ORA.PA,ORANGE,EUROSTOXX,Communication Services,Telecom Services,France,EUR,15.1,1.0,script-v2.0,1.0,2026-08-27T19:13:34.817847+02:00,75.7,72.9,83,64,0,4,84,seguimiento,seguimiento,Sin señales de recuperación,True,pass,pendiente,0,desconocido,Pendiente de implementar,ausente,"dividend_maintained (baja): Dividendo actual 4.97% con caída del 19.7% | analyst_upgrade (media): Target 19.14 vs precio 15.10 (+27%), recMean 2.00, recKey buy",fuerte,seguimiento,14.34,15.1,14.34 - 15.10,15.98,16.07,15.98 - 16.07,Pérdida del soporte en 14.34 | ROE negativo durante 2 trimestres consecutivos | Ampliación de capital dilutiva | Recorte de rating a bono basura,6-12,"ORANGE está un 19.7% por debajo de su máximo 52s. Fundamentalmente sólida con ROE 14.2%, deuda neta/EBITDA 3.7x. Técnicamente 🔵 RSI en sobreventa, 🟢 Divergencia alcista RSI. Clasificación: seguimiento.","ORANGE está un 19.7% por debajo de su máximo 52s. Fundamentalmente sólida con ROE 14.2%, deuda neta/EBITDA 3.7x. Técnicamente 🔵 RSI en sobreventa, 🟢 Divergencia alcista RSI. Clasificación: seguimiento.",🔵 RSI en sobreventa | 🟢 Divergencia alcista RSI | 🟢 Volumen creciente | 🟢 Estocástico sale de sobreventa | 🟡 Apoyo en MA40 semanal | 🟢 base_pattern_detected,4.97,11,20,False,50.7,1.61,4594701.0,45291001856.0,3.74,654.5,,41.1,,,14.2,40132.0,10.2,1.26,7.48,19.7,17.6,-6.0,30.4,False,False,-0.0089,False,18.4,16.0,True,16.14,-6.4,True,False,61,23,1.36,,False
6,HEI.DE,Heidelberg Materials AG       I,EUROSTOXX,Basic Materials,Building Materials,Germany,EUR,168.3,1.0,script-v2.0,1.0,2026-08-27T19:13:21.207757+02:00,75.0,76.6,91,64,0,4,70,seguimiento,seguimiento,Sin señales de recuperación,True,pass,pendiente,0,desconocido,Pendiente de implementar,ausente,"dividend_maintained (baja): Dividendo actual 2.14% con caída del 30.4% | analyst_upgrade (media): Target 214.70 vs precio 168.30 (+28%), recMean 2.00, recKey buy",fuerte,seguimiento,163.06,168.3,163.06 - 168.30,189.0,205.53,189.00 - 205.53,Pérdida del soporte en 163.06 | ROE negativo durante 2 trimestres consecutivos | Ampliación de capital dilutiva | Recorte de rating a bono basura,12-18,"Heidelberg Materials AG       I está un 30.4% por debajo de su máximo 52s. Fundamentalmente sólida con ROE 11.7%, deuda neta/EBITDA 1.9x. Técnicamente 🟢 Divergencia alcista RSI, 🟢 Cerca de soporte. Clasificación: seguimiento.","Heidelberg Materials AG       I está un 30.4% por debajo de su máximo 52s. Fundamentalmente sólida con ROE 11.7%, deuda neta/EBITDA 1.9x. Técnicamente 🟢 Divergencia alcista RSI, 🟢 Cerca de soporte. Clasificación: seguimiento.",🟢 Divergencia alcista RSI | 🟢 Cerca de soporte | 🟢 MACD semanal girando al alza | 🟢 base_pattern_detected,2.14,11,20,False,31.3,0.5,376860.0,7790899968.0,1.91,46.9,,64.3,,,11.7,29587.0,14.6,1.59,9.55,30.4,29.0,-11.0,57.0,False,False,-7.0588,True,76.6,77.3,False,188.37,-10.7,True,False,48,22,1.3,163.06,False
7,EN.PA,BOUYGUES,EUROSTOXX,Industrials,Engineering & Construction,France,EUR,43.99,1.0,script-v2.0,1.0,2026-08-27T19:13:29.640000+02:00,75.0,72.1,87,59,0,15,84,entrada_directa,entrada_directa,,True,pass,pendiente,0,desconocido,Pendiente de implementar,confirmada,"margin_stabilization (media): Margen gross 57.6% vs 57.8% (-0.2 pp) | eps_stabilization (media): EPS 0.98 vs -0.24 (Diluted EPS) | debt_reduction (alta): Deuda 14707.0M vs 15110.0M | dividend_maintained (baja): Dividendo actual 4.77% con caída del 17.7% | analyst_upgrade (media): Target 60.00 vs precio 43.99 (+36%), recKey none",fuerte,entrada_directa,41.79,43.99,41.79 - 43.99,45.46,46.87,45.46 - 46.87,Pérdida del soporte en 41.79 | ROE negativo durante 2 trimestres consecutivos | Ampliación de capital dilutiva | Recorte de rating a bono basura,6-12,"BOUYGUES está un 17.7% por debajo de su máximo 52s. Fundamentalmente sólida con ROE 9.7%, deuda neta/EBITDA 2.1x. Técnicamente 🔵 RSI en sobreventa, 🟢 Divergencia alcista RSI. Clasificación: entrada_directa.","BOUYGUES está un 17.7% por debajo de su máximo 52s. Fundamentalmente sólida con ROE 9.7%, deuda neta/EBITDA 2.1x. Técnicamente 🔵 RSI en sobreventa, 🟢 Divergencia alcista RSI. Clasificación: entrada_directa.",🔵 RSI en sobreventa | 🟢 Divergencia alcista RSI | 🟢 Volumen creciente | 🟢 Estocástico sale de sobreventa | 🟡 Apoyo en MA40 semanal | 🟢 base_pattern_detected,4.77,11,20,False,64.2,1.03,778306.0,9871000576.0,2.15,-2.7,gross,56.8,56.3,0.5,9.7,16987.0,13.5,1.35,6.36,17.7,17.4,-6.1,27.0,False,False,0.1154,False,11.3,7.6,True,47.08,-6.6,True,False,61,23,1.31,,False
8,AD.AS,KONINKLIJKE AHOLD DELHAIZE N.V.,EUROSTOXX,Consumer Defensive,Grocery Stores,Netherlands,EUR,30.56,1.0,script-v2.0,1.0,2026-08-27T19:13:48.988670+02:00,74.5,78.7,83,75,0,7,62,seguimiento,seguimiento,,True,pass,pendiente,0,desconocido,Pendiente de implementar,parcial,"margin_stabilization (media): Margen gross 26.4% vs 26.8% (-0.4 pp) | dividend_maintained (baja): Dividendo actual 4.06% con caída del 28.2% | analyst_upgrade (media): Target 38.58 vs precio 30.56 (+26%), recMean 2.47, recKey buy",razonable,seguimiento,29.03,30.56,29.03 - 30.56,35.68,36.16,35.68 - 36.16,Pérdida del soporte en 29.03 | ROE negativo durante 2 trimestres consecutivos | Ampliación de capital dilutiva | Recorte de rating a bono basura,12-18,"KONINKLIJKE AHOLD DELHAIZE N.V. está un 28.2% por debajo de su máximo 52s. Fundamentalmente sólida con ROE 15.7%, deuda neta/EBITDA 3.0x. Técnicamente 🔵 RSI en sobreventa, 🟢 Divergencia alcista RSI. Clasificación: seguimiento.","KONINKLIJKE AHOLD DELHAIZE N.V. está un 28.2% por debajo de su máximo 52s. Fundamentalmente sólida con ROE 15.7%, deuda neta/EBITDA 3.0x. Técnicamente 🔵 RSI en sobreventa, 🟢 Divergencia alcista RSI. Clasificación: seguimiento.",🔵 RSI en sobreventa | 🟢 Divergencia alcista RSI | 🟢 base_pattern_detected,4.06,11,18,False,49.4,1.33,2612595.0,16049999616.0,2.98,256.9,gross,26.6,26.6,-0.0,15.7,26702.0,12.2,1.85,8.0,28.2,25.8,-14.4,28.6,False,False,-1.2681,False,7.1,7.8,False,35.71,-14.4,True,False,50,12,0.69,,False
9,BATS.L,BRITISH AMERICAN TOBACCO PLC OR,EUROSTOXX,Consumer Defensive,Tobacco,United Kingdom,GBp,4152.0,1.0,script-v2.0,1.0,2026-08-27T19:14:17.744601+02:00,74.2,73.6,88,61,0,12,76,entrada_directa,entrada_directa,,True,pass,pendiente,0,desconocido,Pendiente de implementar,confirmada,"eps_stabilization (media): EPS 3.49 vs 1.36 (annual_eps_fallback) | debt_reduction (alta): Deuda 35063.0M vs 35070.0M | dividend_maintained (baja): Dividendo actual 0.06% con caída del 22.7% | analyst_upgrade (media): Target 5150.00 vs precio 4152.00 (+24%), recMean 1.69, recKey buy",fuerte,entrada_directa,3892.24,4152.0,3892.24 - 4152.00,4397.62,4562.8,4397.62 - 4562.80,Pérdida del soporte en 3892.24 | ROE negativo durante 2 trimestres consecutivos | Ampliación de capital dilutiva | Recorte de rating a bono basura,6-12,"BRITISH AMERICAN TOBACCO PLC OR está un 22.7% por debajo de su máximo 52s. Fundamentalmente sólida con ROE 13.4%, deuda neta/EBITDA 2.9x. Técnicamente 🔵 RSI recuperándose de sobreventa, 🟢 Cruce alcista MACD. Clasificación: entrada_directa.","BRITISH AMERICAN TOBACCO PLC OR está un 22.7% por debajo de su máximo 52s. Fundamentalmente sólida con ROE 13.4%, deuda neta/EBITDA 2.9x. Técnicamente 🔵 RSI recuperándose de sobreventa, 🟢 Cruce alcista MACD. Clasificación: entrada_directa.",🔵 RSI recuperándose de sobreventa | 🟢 Cruce alcista MACD | 🟡 Apoyo en MA40 semanal | 🟢 base_pattern_detected,0.06,11,20,False,83.4,0.72,3579427.0,32530001152.0,2.9,-0.0,,82.7,,,13.4,89442.0,14.3,1.93,11.12,22.7,22.7,-5.6,41.6,True,False,-13.9537,False,21.7,25.6,False,4408.27,-5.8,True,False,59,17,0.88,3892.24,False
10,DG.PA,VINCI,EUROSTOXX,Industrials,Engineering & Construction,France,EUR,114.85,1.0,script-v2.0,1.0,2026-08-27T19:13:28.667724+02:00,72.2,75.7,89,64,0,7,62,seguimiento,seguimiento,,True,pass,pendiente,0,desconocido,Pendiente de implementar,parcial,"eps_stabilization (media): EPS 8.65 vs 8.43 (annual_eps_fallback) | dividend_maintained (baja): Dividendo actual 4.40% con caída del 19.8% | analyst_upgrade (media): Target 143.24 vs precio 114.85 (+25%), recMean 2.00, recKey buy",razonable,seguimiento,109.11,114.85,109.11 - 114.85,121.68,123.26,121.68 - 123.26,Pérdida del soporte en 109.11 | ROE negativo durante 2 trimestres consecutivos | Ampliación de capital dilutiva | Recorte de rating a bono basura,6-12,"VINCI está un 19.8% por debajo de su máximo 52s. Fundamentalmente sólida con ROE 16.3%, deuda neta/EBITDA 2.0x. Técnicamente 🔵 RSI en sobreventa, 🟡 Apoyo en MA40 semanal. Clasificación: seguimiento.","VINCI está un 19.8% por debajo de su máximo 52s. Fundamentalmente sólida con ROE 16.3%, deuda neta/EBITDA 2.0x. Técnicamente 🔵 RSI en sobreventa, 🟡 Apoyo en MA40 semanal. Clasificación: seguimiento.",🔵 RSI en sobreventa | 🟡 Apoyo en MA40 semanal | 🟢 base_pattern_detected,4.4,11,20,False,55.5,1.21,872714.0,25782998016.0,2.02,9.7,,17.0,,,16.3,63553.0,12.7,2.08,7.49,19.8,17.4,-6.8,31.2,False,False,-1.2384,False,3.1,9.7,False,123.47,-7.0,True,False,45,17,1.11,,False
11,ADS.DE,adidas AG                     N,EUROSTOXX,Consumer Cyclical,Footwear & Accessories,Germany,EUR,153.1,1.0,script-v2.0,1.0,2026-08-27T19:13:18.199432+02:00,71.2,73.5,97,53,0,7,64,seguimiento,seguimiento,,True,pass,pendiente,0,desconocido,Pendiente de implementar,parcial,"margin_stabilization (media): Margen gross 52.5% vs 51.1% (+1.4 pp) | dividend_maintained (baja): Dividendo actual 1.83% con caída del 22.0% | analyst_upgrade (media): Target 202.72 vs precio 153.10 (+32%), recMean 1.77, recKey buy",razonable,seguimiento,147.78,153.1,147.78 - 153.10,155.85,166.94,155.85 - 166.94,Pérdida del soporte en 147.78 | ROE negativo durante 2 trimestres consecutivos | Ampliación de capital dilutiva | Recorte de rating a bono basura,6-12,"adidas AG                     N está un 22.0% por debajo de su máximo 52s. Fundamentalmente sólida con ROE 24.3%, deuda neta/EBITDA 1.7x. Técnicamente 🔵 RSI recuperándose de sobreventa, 🟡 MACD convergiendo. Clasificación: seguimiento.","adidas AG                     N está un 22.0% por debajo de su máximo 52s. Fundamentalmente sólida con ROE 24.3%, deuda neta/EBITDA 1.7x. Técnicamente 🔵 RSI recuperándose de sobreventa, 🟡 MACD convergiendo. Clasificación: seguimiento.",🔵 RSI recuperándose de sobreventa | 🟡 MACD convergiendo | 🟢 Cerca de soporte | 🟡 Apoyo en MA40 semanal,1.83,10,6,False,35.9,0.94,752796.0,4415999872.0,1.66,0.4,gross,51.6,51.6,0.0,24.3,26802.0,19.6,4.5,11.71,22.0,40.3,-1.8,39.2,False,True,1.2364,False,23.7,18.7,False,155.93,-1.8,False,False,59,5,0.75,147.78,False
12,MGR.AX,MIRVAC GRP STAPLED [MGR],ASX,Real Estate,REIT - Diversified,Australia,AUD,1.82,1.0,script-v2.0,1.0,2026-08-27T19:15:35.532841+02:00,71.1,74.1,80,69,0,4,62,seguimiento,seguimiento,Sin señales de recuperación,True,pass,pendiente,0,desconocido,Pendiente de implementar,ausente,eps_stabilization (media): EPS 0.02 vs -0.20 (annual_eps_fallback) | dividend_maintained (baja): Dividendo actual 5.49% con caída del 26.0%,razonable,seguimiento,1.76,1.77,1.76 - 1.77,1.82,2.09,1.82 - 2.09,Pérdida del soporte en 1.77 | ROE negativo durante 2 trimestres consecutivos | Ampliación de capital dilutiva | Recorte de rating a bono basura,12-18,"MIRVAC GRP STAPLED [MGR] está un 26.0% por debajo de su máximo 52s. Fundamentalmente sólida con ROE 7.4%, deuda neta/EBITDA 4.1x. Técnicamente 🟢 Cerca de soporte, 🟡 Apoyo en MA40 semanal. Clasificación: seguimiento.","MIRVAC GRP STAPLED [MGR] está un 26.0% por debajo de su máximo 52s. Fundamentalmente sólida con ROE 7.4%, deuda neta/EBITDA 4.1x. Técnicamente 🟢 Cerca de soporte, 🟡 Apoyo en MA40 semanal. Clasificación: seguimiento.",🟢 Cerca de soporte | 🟡 Apoyo en MA40 semanal | 🟢 base_pattern_detected | 🟡 trendline_break,5.49,11,20,False,55.2,0.42,11642954.0,3605000128.0,4.12,,,38.9,,,7.4,7180.0,10.7,0.78,12.33,26.0,22.2,-0.1,52.9,False,False,-0.0073,False,50.0,62.3,False,1.81,0.7,True,True,39,23,0.98,1.77,True
13,EL.PA,ESSILORLUXOTTICA,EUROSTOXX,Healthcare,Medical Instruments & Supplies,France,EUR,157.5,1.0,script-v2.0,1.0,2026-08-27T19:13:29.352711+02:00,70.1,74.8,78,72,0,4,56,seguimiento,seguimiento,Sin señales de recuperación,True,pass,pendiente,0,desconocido,Pendiente de implementar,ausente,"dividend_maintained (baja): Dividendo actual 2.54% con caída del 51.4% | analyst_upgrade (media): Target 243.30 vs precio 157.50 (+54%), recMean 1.65, recKey buy",razonable,seguimiento,149.62,157.5,149.62 - 157.50,211.65,275.23,211.65 - 275.23,Pérdida del soporte en 149.62 | ROE negativo durante 2 trimestres consecutivos | Ampliación de capital dilutiva | Recorte de rating a bono basura,18-24,"ESSILORLUXOTTICA está un 51.4% por debajo de su máximo 52s. Fundamentalmente sólida con ROE 6.7%, deuda neta/EBITDA 2.3x. Técnicamente 🟢 Divergencia alcista RSI, 🟢 Estocástico sale de sobreventa. Clasificación: seguimiento.","ESSILORLUXOTTICA está un 51.4% por debajo de su máximo 52s. Fundamentalmente sólida con ROE 6.7%, deuda neta/EBITDA 2.3x. Técnicamente 🟢 Divergencia alcista RSI, 🟢 Estocástico sale de sobreventa. Clasificación: seguimiento.",🟢 Divergencia alcista RSI | 🟢 Estocástico sale de sobreventa | 🟢 base_pattern_detected,2.54,11,20,False,74.8,0.38,688889.0,13384999680.0,2.29,6.4,,60.0,,,6.7,72386.0,29.4,1.85,14.91,51.4,50.2,-25.6,36.4,False,False,-15.5505,False,8.0,2.8,True,207.26,-24.0,True,False,38,18,0.99,,False
14,MCD,McDonald's Corporation,SP500,Consumer Cyclical,Restaurants,United States,USD,261.815,1.0,script-v2.0,1.0,2026-08-27T19:14:35.986968+02:00,70.0,68.9,78,61,0,15,73,entrada_directa,entrada_directa,,True,pass,pendiente,0,desconocido,Pendiente de implementar,confirmada,"margin_stabilization (media): Margen gross 58.0% vs 55.9% (+2.1 pp) | eps_stabilization (media): EPS 3.32 vs 2.78 (Diluted EPS) | debt_reduction (alta): Deuda 54604.0M vs 54881.0M | dividend_maintained (baja): Dividendo actual 2.84% con caída del 23.4% | analyst_upgrade (media): Target 315.39 vs precio 261.81 (+20%), recMean 2.06, recKey buy",fuerte,entrada_directa,248.73,261.82,248.73 - 261.82,290.49,295.06,290.49 - 295.06,Pérdida del soporte en 248.73 | ROE negativo durante 2 trimestres consecutivos | Ampliación de capital dilutiva | Recorte de rating a bono basura,6-12,"McDonald's Corporation está un 23.4% por debajo de su máximo 52s. Fundamentalmente sólida con deuda neta/EBITDA 3.6x, dividendo 2.8%. Técnicamente 🟢 Divergencia alcista RSI, 🟢 Cruce alcista MACD. Clasificación: entrada_directa.","McDonald's Corporation está un 23.4% por debajo de su máximo 52s. Fundamentalmente sólida con deuda neta/EBITDA 3.6x, dividendo 2.8%. Técnicamente 🟢 Divergencia alcista RSI, 🟢 Cruce alcista MACD. Clasificación: entrada_directa.",🟢 Divergencia alcista RSI | 🟢 Cruce alcista MACD | 🟢 base_pattern_detected,2.84,11,20,False,59.7,,4578409.0,53782001280.0,3.6,-0.5,gross,57.4,57.4,0.0,,185271.0,21.3,-181.06,16.25,23.4,22.4,-11.3,38.4,True,False,-8.7954,False,2.7,12.9,False,294.89,-11.2,True,False,61,12,0.81,,False
15,UCB.BR,UCB,EUROSTOXX,Healthcare,Biotechnology,Belgium,EUR,221.9,1.0,script-v2.0,1.0,2026-08-27T19:13:57.684493+02:00,69.8,66.3,93,43,0,7,80,seguimiento,seguimiento,,True,pass,pendiente,0,desconocido,Pendiente de implementar,parcial,"eps_stabilization (media): EPS 8.03 vs 1.76 (annual_eps_fallback) | dividend_maintained (baja): Dividendo actual 0.65% con caída del 23.4% | analyst_upgrade (media): Target 285.26 vs precio 221.90 (+29%), recMean 1.60, recKey buy",fuerte,seguimiento,213.17,221.9,213.17 - 221.90,246.07,246.46,246.07 - 246.46,Pérdida del soporte en 213.17 | ROE negativo durante 2 trimestres consecutivos | Ampliación de capital dilutiva | Recorte de rating a bono basura,6-12,"UCB está un 23.4% por debajo de su máximo 52s. Fundamentalmente sólida con ROE 20.6%, deuda neta/EBITDA 0.8x. Técnicamente 🔵 RSI recuperándose de sobreventa, 🟢 Cruce alcista MACD. Clasificación: seguimiento.","UCB está un 23.4% por debajo de su máximo 52s. Fundamentalmente sólida con ROE 20.6%, deuda neta/EBITDA 0.8x. Técnicamente 🔵 RSI recuperándose de sobreventa, 🟢 Cruce alcista MACD. Clasificación: seguimiento.",🔵 RSI recuperándose de sobreventa | 🟢 Cruce alcista MACD | 🟢 Cerca de soporte | 🟢 base_pattern_detected,0.65,11,20,False,12.8,0.31,231191.0,2822000000.0,0.84,59.8,,76.2,,,20.6,42308.0,19.6,,13.45,23.4,22.9,-10.0,44.8,True,False,-5.8686,False,66.0,59.8,False,246.66,-10.0,True,False,68,12,0.87,213.17,False
16,SCG.AX,SCENTRE STAPLED [SCG],ASX,Real Estate,REIT - Retail,Australia,AUD,3.57,1.0,script-v2.0,1.0,2026-08-27T19:15:35.248183+02:00,69.4,75.9,86,67,0,9,50,seguimiento,seguimiento,,True,pass,pendiente,0,desconocido,Pendiente de implementar,parcial,eps_stabilization (media): EPS 0.34 vs 0.20 (annual_eps_fallback) | debt_reduction (alta): Deuda 14029.0M vs 16774.4M | dividend_maintained (baja): Dividendo actual 5.04% con caída del 16.4%,razonable,seguimiento,3.2,3.57,3.20 - 3.57,3.63,3.73,3.63 - 3.73,Pérdida del soporte en 3.20 | ROE negativo durante 2 trimestres consecutivos | Ampliación de capital dilutiva | Recorte de rating a bono basura,6-12,"SCENTRE STAPLED [SCG] está un 16.4% por debajo de su máximo 52s. Fundamentalmente sólida con ROE 10.4%, deuda neta/EBITDA 5.6x. Técnicamente 🔵 RSI en sobreventa, 🟡 Apoyo en MA40 semanal. Clasificación: seguimiento.","SCENTRE STAPLED [SCG] está un 16.4% por debajo de su máximo 52s. Fundamentalmente sólida con ROE 10.4%, deuda neta/EBITDA 5.6x. Técnicamente 🔵 RSI en sobreventa, 🟡 Apoyo en MA40 semanal. Clasificación: seguimiento.",🔵 RSI en sobreventa | 🟡 Apoyo en MA40 semanal,5.04,11,16,False,47.1,0.72,12677973.0,13751199680.0,5.58,-16.4,,70.7,,,10.4,18646.0,9.4,0.99,13.15,16.4,12.4,-4.3,32.1,False,False,0.0136,False,3.2,8.2,False,3.73,-4.2,False,False,45,5,1.28,3.2,False
17,MC.PA,LVMH,EUROSTOXX,Consumer Cyclical,Luxury Goods,France,EUR,447.4,1.0,script-v2.0,1.0,2026-08-27T19:13:32.397564+02:00,69.1,75.5,100,54,0,4,50,seguimiento,seguimiento,Sin señales de recuperación,True,pass,pendiente,0,desconocido,Pendiente de implementar,ausente,"dividend_maintained (baja): Dividendo actual 2.91% con caída del 31.7% | analyst_upgrade (media): Target 568.89 vs precio 447.40 (+27%), recMean 1.88, recKey buy",razonable,seguimiento,425.03,447.4,425.03 - 447.40,516.47,556.5,516.47 - 556.50,Pérdida del soporte en 425.03 | ROE negativo durante 2 trimestres consecutivos | Ampliación de capital dilutiva | Recorte de rating a bono basura,12-18,"LVMH está un 31.7% por debajo de su máximo 52s. Fundamentalmente sólida con ROE 16.6%, deuda neta/EBITDA 1.2x. Técnicamente 🟢 Divergencia alcista RSI, 🟢 base_pattern_detected. Clasificación: seguimiento.","LVMH está un 31.7% por debajo de su máximo 52s. Fundamentalmente sólida con ROE 16.6%, deuda neta/EBITDA 1.2x. Técnicamente 🟢 Divergencia alcista RSI, 🟢 base_pattern_detected. Clasificación: seguimiento.",🟢 Divergencia alcista RSI | 🟢 base_pattern_detected,2.91,11,20,False,59.2,0.53,549797.0,24936998912.0,1.24,1.1,,66.4,,,16.6,220553.0,20.4,3.24,12.48,31.7,39.0,-13.4,40.1,False,False,-14.2632,False,10.9,18.0,False,513.07,-12.8,True,False,38,12,0.77,,False
18,BEI.DE,BEIERSDORF AG                 I,EUROSTOXX,Consumer Defensive,Household & Personal Products,Germany,EUR,80.7,1.0,script-v2.0,1.0,2026-08-27T19:13:21.216108+02:00,69.0,70.6,85,58,0,6,64,seguimiento,seguimiento,,True,pass,pendiente,0,desconocido,Pendiente de implementar,parcial,debt_reduction (alta): Deuda 110.0M vs 114.0M | dividend_maintained (baja): Dividendo actual 1.24% con caída del 26.7%,razonable,seguimiento,72.86,78.05,72.86 - 78.05,82.8,93.63,82.80 - 93.63,Pérdida del soporte en 72.86 | ROE negativo durante 2 trimestres consecutivos | Ampliación de capital dilutiva | Recorte de rating a bono basura,12-18,"BEIERSDORF AG                 I está un 26.7% por debajo de su máximo 52s. Fundamentalmente sólida con ROE 10.9%, deuda neta/EBITDA -1.7x. Técnicamente 🟢 Cruce alcista MACD, 🟡 Apoyo en MA40 semanal. Clasificación: seguimiento.","BEIERSDORF AG                 I está un 26.7% por debajo de su máximo 52s. Fundamentalmente sólida con ROE 10.9%, deuda neta/EBITDA -1.7x. Técnicamente 🟢 Cruce alcista MACD, 🟡 Apoyo en MA40 semanal. Clasificación: seguimiento.",🟢 Cruce alcista MACD | 🟡 Apoyo en MA40 semanal | 🟢 base_pattern_detected | 🟡 trendline_break,1.24,11,20,False,23.3,1.22,421816.0,-2731999872.0,-1.73,-3.5,,57.1,,,10.9,17598.0,18.8,1.96,9.44,26.7,40.1,-2.5,56.6,True,False,-1.2271,False,81.6,78.0,False,82.77,-2.5,True,True,41,23,0.54,72.86,True
19,RNO.PA,RENAULT,EUROSTOXX,Consumer Cyclical,Auto Manufacturers,France,EUR,28.4,1.0,script-v2.0,1.0,2026-08-27T19:13:42.729046+02:00,68.2,63.3,35,88,0,4,83,seguimiento,seguimiento,Sin señales de recuperación,True,pass,pendiente,0,desconocido,Pendiente de implementar,ausente,"dividend_maintained (baja): Dividendo actual 7.75% con caída del 25.2% | analyst_upgrade (media): Target 38.54 vs precio 28.40 (+36%), recMean 2.35, recKey buy",fuerte,seguimiento,26.54,27.14,26.54 - 27.14,28.97,32.27,28.97 - 32.27,Pérdida del soporte en 26.54 | ROE negativo durante 2 trimestres consecutivos | Ampliación de capital dilutiva | Recorte de rating a bono basura,12-18,"RENAULT está un 25.2% por debajo de su máximo 52s. Fundamentalmente sólida con ROE 5.0%, deuda neta/EBITDA 8.2x. Técnicamente 🟢 Divergencia alcista RSI, 🟡 MACD convergiendo. Clasificación: seguimiento.","RENAULT está un 25.2% por debajo de su máximo 52s. Fundamentalmente sólida con ROE 5.0%, deuda neta/EBITDA 8.2x. Técnicamente 🟢 Divergencia alcista RSI, 🟡 MACD convergiendo. Clasificación: seguimiento.",🟢 Divergencia alcista RSI | 🟡 MACD convergiendo | 🟢 MACD semanal girando al alza | 🟡 Apoyo en MA40 semanal | 🟢 base_pattern_detected | 🟡 trendline_break,7.75,8,4,False,67.3,3.28,1390765.0,51081000960.0,8.23,5.6,,17.9,,,5.0,8218.0,8.7,0.4,9.74,25.2,39.8,-2.0,54.4,False,True,-0.428,True,53.9,24.2,False,28.95,-1.9,True,True,50,33,1.19,26.54,True
20,NG.L,NATIONAL GRID PLC ORD 12 204/47,EUROSTOXX,Utilities,Utilities - Regulated Electric,United Kingdom,GBp,1160.0,1.0,script-v2.0,1.0,2026-08-27T19:14:14.687955+02:00,68.2,63.7,69,59,0,4,82,seguimiento,seguimiento,Sin señales de recuperación,True,pass,pendiente,0,desconocido,Pendiente de implementar,ausente,eps_stabilization (media): EPS 0.66 vs 0.61 (annual_eps_fallback) | dividend_maintained (baja): Dividendo actual 0.04% con caída del 18.8%,fuerte,seguimiento,1102.0,1160.0,1102.00 - 1160.00,1214.22,1234.15,1214.22 - 1234.15,Pérdida del soporte en 1102.00 | ROE negativo durante 2 trimestres consecutivos | Ampliación de capital dilutiva | Recorte de rating a bono basura,6-12,"NATIONAL GRID PLC ORD 12 204/47 está un 18.8% por debajo de su máximo 52s. Fundamentalmente sólida con ROE 8.4%, deuda neta/EBITDA 6.4x. Técnicamente 🟢 Divergencia alcista RSI, 🟢 Cruce alcista MACD. Clasificación: seguimiento.","NATIONAL GRID PLC ORD 12 204/47 está un 18.8% por debajo de su máximo 52s. Fundamentalmente sólida con ROE 8.4%, deuda neta/EBITDA 6.4x. Técnicamente 🟢 Divergencia alcista RSI, 🟢 Cruce alcista MACD. Clasificación: seguimiento.",🟢 Divergencia alcista RSI | 🟢 Cruce alcista MACD | 🟡 Apoyo en MA40 semanal | 🟢 base_pattern_detected,0.04,11,20,False,72.1,1.21,10884169.0,44877001984.0,6.39,0.3,,100.0,,,8.4,58311.0,17.6,1.47,14.77,18.8,18.8,-6.0,39.2,True,False,-13.1437,False,8.7,29.2,False,1236.77,-6.2,True,False,65,17,1.01,,False
21,IMB.L,IMPERIAL BRANDS PLC ORD 10P,EUROSTOXX,Consumer Defensive,Tobacco,United Kingdom,GBp,2523.0,1.0,script-v2.0,1.0,2026-08-27T19:14:18.389605+02:00,67.7,66.5,66,67,0,4,71,seguimiento,seguimiento,Sin señales de recuperación,True,pass,pendiente,0,desconocido,Pendiente de implementar,ausente,"dividend_maintained (baja): Dividendo actual 0.07% con caída del 30.5% | analyst_upgrade (media): Target 3290.91 vs precio 2523.00 (+30%), recKey none",fuerte,seguimiento,2476.0,2523.0,2476.00 - 2523.00,2962.71,3087.23,2962.71 - 3087.23,Pérdida del soporte en 2476.00 | ROE negativo durante 2 trimestres consecutivos | Ampliación de capital dilutiva | Recorte de rating a bono basura,12-18,"IMPERIAL BRANDS PLC ORD 10P está un 30.5% por debajo de su máximo 52s. Fundamentalmente sólida con ROE 37.2%, deuda neta/EBITDA 2.7x. Técnicamente 🔵 RSI recuperándose de sobreventa, 🟡 MACD convergiendo. Clasificación: seguimiento.","IMPERIAL BRANDS PLC ORD 10P está un 30.5% por debajo de su máximo 52s. Fundamentalmente sólida con ROE 37.2%, deuda neta/EBITDA 2.7x. Técnicamente 🔵 RSI recuperándose de sobreventa, 🟡 MACD convergiendo. Clasificación: seguimiento.",🔵 RSI recuperándose de sobreventa | 🟡 MACD convergiendo | 🟢 Cerca de soporte | 🟢 base_pattern_detected,0.07,11,20,False,75.4,2.44,3008674.0,10735000000.0,2.67,12.4,,36.3,,,37.2,19105.0,11.8,4.96,7.87,30.5,30.5,-14.8,36.2,False,True,-102.3172,False,15.0,18.1,False,2948.78,-14.4,True,False,59,12,0.79,2476.0,False
22,GSK.L,GSK PLC ORD 31 1/4P,EUROSTOXX,Healthcare,Drug Manufacturers - General,United Kingdom,GBp,1852.0,1.0,script-v2.0,1.0,2026-08-27T19:14:09.344501+02:00,67.6,71.8,91,55,0,6,55,seguimiento,seguimiento,,True,pass,pendiente,0,desconocido,Pendiente de implementar,parcial,debt_reduction (alta): Deuda 18293.0M vs 19056.0M | dividend_maintained (baja): Dividendo actual 0.04% con caída del 18.8%,razonable,seguimiento,1689.85,1852.0,1689.85 - 1852.00,1939.7,1947.33,1939.70 - 1947.33,Pérdida del soporte en 1689.85 | ROE negativo durante 2 trimestres consecutivos | Ampliación de capital dilutiva | Recorte de rating a bono basura,6-12,"GSK PLC ORD 31 1/4P está un 18.8% por debajo de su máximo 52s. Fundamentalmente sólida con ROE 33.4%, deuda neta/EBITDA 1.4x. Técnicamente 🟢 Divergencia alcista RSI, 🟡 Apoyo en MA40 semanal. Clasificación: seguimiento.","GSK PLC ORD 31 1/4P está un 18.8% por debajo de su máximo 52s. Fundamentalmente sólida con ROE 33.4%, deuda neta/EBITDA 1.4x. Técnicamente 🟢 Divergencia alcista RSI, 🟡 Apoyo en MA40 semanal. Clasificación: seguimiento.",🟢 Divergencia alcista RSI | 🟡 Apoyo en MA40 semanal | 🟢 base_pattern_detected,0.04,11,20,False,56.9,1.06,7838866.0,15187000320.0,1.4,-4.0,gross,73.5,72.8,0.7,33.4,74184.0,15.7,4.21,8.4,18.8,18.8,-4.9,41.1,False,False,-6.9044,False,29.0,49.0,False,1952.56,-5.2,True,False,38,17,0.69,1689.85,False
23,BEN.AX,BEN ADE BK FPO [BEN],ASX,Financial Services,Banks - Regional,Australia,AUD,10.46,1.0,script-v2.0,1.0,2026-08-27T19:15:38.254383+02:00,67.5,63.0,63,63,0,9,81,seguimiento,seguimiento,,True,pass,pendiente,0,desconocido,Pendiente de implementar,parcial,eps_stabilization (media): EPS 0.63 vs -0.17 (annual_eps_fallback) | debt_reduction (alta): Deuda 10731.9M vs 11371.4M | dividend_maintained (baja): Dividendo actual 6.31% con caída del 22.8%,fuerte,seguimiento,10.18,10.46,10.18 - 10.46,10.57,11.52,10.57 - 11.52,Pérdida del soporte en 10.18 | ROE negativo durante 2 trimestres consecutivos | Ampliación de capital dilutiva | Recorte de rating a bono basura,6-12,"BEN ADE BK FPO [BEN] está un 22.8% por debajo de su máximo 52s. Fundamentalmente sólida con ROE 5.6%, dividendo 6.3%. Técnicamente 🔵 RSI recuperándose de sobreventa, 🟡 MACD convergiendo. Clasificación: seguimiento.","BEN ADE BK FPO [BEN] está un 22.8% por debajo de su máximo 52s. Fundamentalmente sólida con ROE 5.6%, dividendo 6.3%. Técnicamente 🔵 RSI recuperándose de sobreventa, 🟡 MACD convergiendo. Clasificación: seguimiento.",🔵 RSI recuperándose de sobreventa | 🟡 MACD convergiendo | 🟢 Cerca de soporte | 🟡 Apoyo en MA40 semanal | 🟢 base_pattern_detected,6.31,11,20,False,100.5,,1529397.0,6796899840.0,,-5.6,,0.0,,,5.6,6037.0,16.6,0.9,,22.8,19.8,-1.0,41.5,False,True,0.016,False,27.6,35.6,False,10.57,-1.1,True,False,64,17,1.25,10.18,True
24,GPT.AX,GPT STAPLED [GPT],ASX,Real Estate,REIT - Diversified,Australia,AUD,4.65,1.0,script-v2.0,1.0,2026-08-27T19:15:35.207474+02:00,67.0,66.3,78,56,0,4,69,seguimiento,seguimiento,Sin señales de recuperación,True,pass,pendiente,0,desconocido,Pendiente de implementar,ausente,eps_stabilization (media): EPS 0.51 vs -0.10 (annual_eps_fallback) | dividend_maintained (baja): Dividendo actual 5.16% con caída del 19.1%,razonable,seguimiento,4.58,4.65,4.58 - 4.65,4.89,4.92,4.89 - 4.92,Pérdida del soporte en 4.58 | ROE negativo durante 2 trimestres consecutivos | Ampliación de capital dilutiva | Recorte de rating a bono basura,6-12,"GPT STAPLED [GPT] está un 19.1% por debajo de su máximo 52s. Fundamentalmente sólida con ROE 10.0%, deuda neta/EBITDA 9.1x. Técnicamente 🔵 RSI en sobreventa, 🟡 MACD convergiendo. Clasificación: seguimiento.","GPT STAPLED [GPT] está un 19.1% por debajo de su máximo 52s. Fundamentalmente sólida con ROE 10.0%, deuda neta/EBITDA 9.1x. Técnicamente 🔵 RSI en sobreventa, 🟡 MACD convergiendo. Clasificación: seguimiento.",🔵 RSI en sobreventa | 🟡 MACD convergiendo | 🟢 Cerca de soporte | 🟡 Apoyo en MA40 semanal,5.16,11,20,False,44.2,0.53,5404196.0,5582400032.0,9.11,17.2,,62.1,,,10.0,8907.0,8.5,0.83,23.8,19.1,15.3,-5.4,29.1,False,True,0.0208,False,4.6,5.3,False,4.9,-5.1,False,False,64,5,0.89,4.58,False
25,TEN.MI,TENARIS,EUROSTOXX,Energy,Oil & Gas Equipment & Services,Luxembourg,EUR,23.09,1.0,script-v2.0,1.0,2026-08-27T19:13:54.707345+02:00,66.8,64.3,83,48,0,6,74,seguimiento,seguimiento,,True,pass,pendiente,0,desconocido,Pendiente de implementar,parcial,debt_reduction (alta): Deuda 447.0M vs 473.5M | dividend_maintained (baja): Dividendo actual 4.46% con caída del 17.0%,fuerte,seguimiento,21.94,23.09,21.94 - 23.09,22.24,23.65,22.24 - 23.65,Pérdida del soporte en 21.94 | ROE negativo durante 2 trimestres consecutivos | Ampliación de capital dilutiva | Recorte de rating a bono basura,6-12,"TENARIS está un 17.0% por debajo de su máximo 52s. Fundamentalmente sólida con ROE 11.6%, deuda neta/EBITDA -0.8x. Técnicamente 🔵 RSI recuperándose de sobreventa, 🟢 Divergencia alcista RSI. Clasificación: seguimiento.","TENARIS está un 17.0% por debajo de su máximo 52s. Fundamentalmente sólida con ROE 11.6%, deuda neta/EBITDA -0.8x. Técnicamente 🔵 RSI recuperándose de sobreventa, 🟢 Divergencia alcista RSI. Clasificación: seguimiento.",🔵 RSI recuperándose de sobreventa | 🟢 Divergencia alcista RSI | 🟢 Cruce alcista MACD | 🟢 base_pattern_detected,4.46,11,20,False,47.6,2.6,1481376.0,-2335831936.0,-0.85,-5.6,gross,38.5,33.9,4.6,11.6,23313.0,14.4,1.6,7.77,17.0,17.0,3.8,44.0,True,False,0.4469,False,54.4,51.2,False,22.39,3.1,True,False,62,12,0.91,,False
26,WKL.AS,WOLTERS KLUWER,EUROSTOXX,Industrials,Specialty Business Services,Netherlands,EUR,70.12,1.0,script-v2.0,1.0,2026-08-27T19:13:49.063340+02:00,66.7,68.3,72,65,0,7,62,seguimiento,seguimiento,,True,pass,pendiente,0,desconocido,Pendiente de implementar,parcial,"eps_stabilization (media): EPS 5.64 vs 4.52 (annual_eps_fallback) | dividend_maintained (baja): Dividendo actual 3.71% con caída del 40.2% | analyst_upgrade (media): Target 89.03 vs precio 70.12 (+27%), recMean 1.73, recKey buy",razonable,seguimiento,64.41,67.62,64.41 - 67.62,69.79,99.75,69.79 - 99.75,Pérdida del soporte en 67.62 | ROE negativo durante 2 trimestres consecutivos | Ampliación de capital dilutiva | Recorte de rating a bono basura,18-24,"WOLTERS KLUWER está un 40.2% por debajo de su máximo 52s. Fundamentalmente sólida con ROE 146.1%, deuda neta/EBITDA 2.1x. Técnicamente 🟡 MACD convergiendo, 🟢 Cerca de soporte. Clasificación: seguimiento.","WOLTERS KLUWER está un 40.2% por debajo de su máximo 52s. Fundamentalmente sólida con ROE 146.1%, deuda neta/EBITDA 2.1x. Técnicamente 🟡 MACD convergiendo, 🟢 Cerca de soporte. Clasificación: seguimiento.",🟡 MACD convergiendo | 🟢 Cerca de soporte | 🟡 Apoyo en MA40 semanal | 🟢 base_pattern_detected | 🟡 trendline_break,3.71,11,20,False,43.0,5.9,1182281.0,4054000256.0,2.08,36.4,,74.1,,,146.1,15616.0,12.0,19.88,10.0,40.2,59.6,0.5,55.6,False,True,-1.6893,False,54.1,43.5,False,69.16,1.4,True,True,39,23,1.11,67.62,True
27,ED,"Consolidated Edison, Inc.",SP500,Utilities,Utilities - Regulated Electric,United States,USD,106.78,1.0,script-v2.0,1.0,2026-08-27T19:14:34.005914+02:00,66.7,62.6,93,36,0,1,79,seguimiento,seguimiento,Sin señales de recuperación,True,pass,pendiente,0,desconocido,Pendiente de implementar,ausente,dividend_maintained (baja): Dividendo actual 3.29% con caída del 8.1%,fuerte,seguimiento,106.24,106.78,106.24 - 106.78,98.8,105.39,98.80 - 105.39,Pérdida del soporte en 106.24 | ROE negativo durante 2 trimestres consecutivos | Ampliación de capital dilutiva | Recorte de rating a bono basura,6-12,"Consolidated Edison, Inc. está un 8.1% por debajo de su máximo 52s. Fundamentalmente sólida con ROE 9.0%, deuda neta/EBITDA 4.4x. Técnicamente 🔵 RSI recuperándose de sobreventa, 🟢 Cruce alcista MACD. Clasificación: seguimiento.","Consolidated Edison, Inc. está un 8.1% por debajo de su máximo 52s. Fundamentalmente sólida con ROE 9.0%, deuda neta/EBITDA 4.4x. Técnicamente 🔵 RSI recuperándose de sobreventa, 🟢 Cruce alcista MACD. Clasificación: seguimiento.",🔵 RSI recuperándose de sobreventa | 🟢 Cruce alcista MACD | 🟢 Cerca de soporte | 🟡 Apoyo en MA40 semanal | 🟢 base_pattern_detected,3.29,11,20,False,57.1,1.1,2396217.0,26850000000.0,4.36,4.2,gross,53.4,53.2,0.2,9.0,39490.0,17.6,1.54,10.84,8.1,6.6,1.3,44.6,True,False,0.7681,False,36.7,47.7,False,105.99,0.7,True,False,62,17,0.61,106.24,True
28,VOW3.DE,VOLKSWAGEN AG                 V,EUROSTOXX,Consumer Cyclical,Auto Manufacturers,Germany,EUR,75.0,1.0,script-v2.0,1.0,2026-08-27T19:13:15.596135+02:00,66.5,61.7,51,71,0,10,81,seguimiento,seguimiento,,True,pass,pendiente,0,desconocido,Pendiente de implementar,parcial,"margin_stabilization (media): Margen gross 15.1% vs 15.5% (-0.4 pp) | eps_stabilization (media): EPS 2.56 vs 2.55 (Diluted EPS) | dividend_maintained (baja): Dividendo actual 7.01% con caída del 31.3% | analyst_upgrade (media): Target 105.26 vs precio 75.00 (+40%), recMean 2.10, recKey buy",fuerte,seguimiento,70.55,74.11,70.55 - 74.11,85.49,92.78,85.49 - 92.78,Pérdida del soporte en 70.55 | ROE negativo durante 2 trimestres consecutivos | Ampliación de capital dilutiva | Recorte de rating a bono basura,12-18,"VOLKSWAGEN AG                 V está un 31.3% por debajo de su máximo 52s. Fundamentalmente sólida con ROE 2.8%, deuda neta/EBITDA 11.1x. Técnicamente 🟢 Divergencia alcista RSI, 🟢 Cruce alcista MACD. Clasificación: seguimiento.","VOLKSWAGEN AG                 V está un 31.3% por debajo de su máximo 52s. Fundamentalmente sólida con ROE 2.8%, deuda neta/EBITDA 11.1x. Técnicamente 🟢 Divergencia alcista RSI, 🟢 Cruce alcista MACD. Clasificación: seguimiento.",🟢 Divergencia alcista RSI | 🟢 Cruce alcista MACD | 🟢 MACD semanal girando al alza | 🟢 base_pattern_detected,7.01,11,20,False,50.4,1.39,1002493.0,214130008064.0,11.1,43.9,gross,13.8,16.3,-2.5,2.8,37597.0,7.2,0.21,13.75,31.3,26.7,-12.3,52.5,True,True,-3.5688,True,72.2,33.8,False,85.54,-12.3,True,False,59,22,1.14,70.55,False
29,AZN.L,ASTRAZENECA PLC ORD SHS $0.25,EUROSTOXX,Healthcare,Drug Manufacturers - General,United Kingdom,GBp,12114.0,1.0,script-v2.0,1.0,2026-08-27T19:14:09.114789+02:00,66.2,71.3,98,48,0,12,51,entrada_escalada,entrada_escalada,,True,pass,pendiente,0,desconocido,Pendiente de implementar,confirmada,"margin_stabilization (media): Margen gross 83.6% vs 82.5% (+1.1 pp) | debt_reduction (alta): Deuda 32350.0M vs 33918.0M | dividend_maintained (baja): Dividendo actual 0.02% con caída del 23.0% | analyst_upgrade (media): Target 15638.79 vs precio 12114.00 (+29%), recMean 1.79, recKey buy",razonable,entrada_escalada,11465.79,12114.0,11465.79 - 12114.00,13372.2,13748.27,13372.20 - 13748.27,Pérdida del soporte en 11465.79 | ROE negativo durante 2 trimestres consecutivos | Ampliación de capital dilutiva | Recorte de rating a bono basura,6-12,"ASTRAZENECA PLC ORD SHS $0.25 está un 23.0% por debajo de su máximo 52s. Fundamentalmente sólida con ROE 22.0%, deuda neta/EBITDA 1.4x. Técnicamente 🟢 Divergencia alcista RSI, 🟢 base_pattern_detected. Clasificación: entrada_escalada.","ASTRAZENECA PLC ORD SHS $0.25 está un 23.0% por debajo de su máximo 52s. Fundamentalmente sólida con ROE 22.0%, deuda neta/EBITDA 1.4x. Técnicamente 🟢 Divergencia alcista RSI, 🟢 base_pattern_detected. Clasificación: entrada_escalada.",🟢 Divergencia alcista RSI | 🟢 base_pattern_detected,0.02,11,20,False,47.4,0.64,3049191.0,27381999104.0,1.38,-4.6,gross,81.7,81.9,-0.2,22.0,187874.0,24.8,5.1,10.91,23.0,23.0,-11.9,47.3,False,False,-470.3337,False,66.2,81.2,False,13751.69,-11.9,True,False,39,12,0.66,11465.79,False
30,WMT,Walmart Inc.,SP500,Consumer Defensive,Discount Stores,United States,USD,102.855,1.0,script-v2.0,1.0,2026-08-27T19:14:46.434419+02:00,66.0,64.4,98,35,0,10,71,seguimiento,seguimiento,,True,pass,pendiente,0,desconocido,Pendiente de implementar,parcial,"margin_stabilization (media): Margen gross 25.1% vs 24.7% (+0.5 pp) | eps_stabilization (media): EPS 0.67 vs 0.53 (Diluted EPS) | dividend_maintained (baja): Dividendo actual 0.96% con caída del 23.9% | analyst_upgrade (media): Target 127.95 vs precio 102.86 (+24%), recMean 1.58, recKey buy",fuerte,seguimiento,102.15,102.86,102.15 - 102.86,114.89,118.03,114.89 - 118.03,Pérdida del soporte en 102.15 | ROE negativo durante 2 trimestres consecutivos | Ampliación de capital dilutiva | Recorte de rating a bono basura,6-12,"Walmart Inc. está un 23.9% por debajo de su máximo 52s. Fundamentalmente sólida con ROE 22.3%, deuda neta/EBITDA 1.3x. Técnicamente 🔵 RSI en sobreventa, 🟢 Divergencia alcista RSI. Clasificación: seguimiento.","Walmart Inc. está un 23.9% por debajo de su máximo 52s. Fundamentalmente sólida con ROE 22.3%, deuda neta/EBITDA 1.3x. Técnicamente 🔵 RSI en sobreventa, 🟢 Divergencia alcista RSI. Clasificación: seguimiento.",🔵 RSI en sobreventa | 🟢 Divergencia alcista RSI | 🟢 Cerca de soporte | 🟢 base_pattern_detected,0.96,11,20,False,35.0,0.7,24877720.0,62226000896.0,1.32,9.9,gross,25.2,25.0,0.2,22.3,818528.0,37.1,8.68,19.1,23.9,23.7,-12.9,32.5,False,False,-3.103,False,4.9,14.1,False,118.66,-13.3,True,False,59,12,0.87,102.15,False
31,BN.PA,DANONE,EUROSTOXX,Consumer Defensive,Packaged Foods,France,EUR,64.7,1.0,script-v2.0,1.0,2026-08-27T19:13:23.987078+02:00,65.5,65.7,87,47,0,4,65,seguimiento,seguimiento,Sin señales de recuperación,True,pass,pendiente,0,desconocido,Pendiente de implementar,ausente,"dividend_maintained (baja): Dividendo actual 3.48% con caída del 19.3% | analyst_upgrade (media): Target 80.02 vs precio 64.70 (+24%), recMean 2.32, recKey buy",razonable,seguimiento,60.92,64.7,60.92 - 64.70,68.12,68.69,68.12 - 68.69,Pérdida del soporte en 60.92 | ROE negativo durante 2 trimestres consecutivos | Ampliación de capital dilutiva | Recorte de rating a bono basura,6-12,"DANONE está un 19.3% por debajo de su máximo 52s. Fundamentalmente sólida con ROE 12.2%, deuda neta/EBITDA 2.0x. Técnicamente 🔵 RSI en sobreventa, 🟢 Bajo SMA200 con SMA50 girando. Clasificación: seguimiento.","DANONE está un 19.3% por debajo de su máximo 52s. Fundamentalmente sólida con ROE 12.2%, deuda neta/EBITDA 2.0x. Técnicamente 🔵 RSI en sobreventa, 🟢 Bajo SMA200 con SMA50 girando. Clasificación: seguimiento.",🔵 RSI en sobreventa | 🟢 Bajo SMA200 con SMA50 girando | 🟡 Apoyo en MA40 semanal | 🟢 base_pattern_detected,3.48,11,20,False,74.5,0.99,1509273.0,9087999488.0,2.01,20.9,,50.0,,,12.2,41673.0,21.4,2.36,11.4,19.3,16.4,-5.8,34.3,False,False,-0.2191,False,2.6,13.5,False,68.37,-5.4,True,False,48,17,0.84,60.92,True
32,HEIA.AS,HEINEKEN,EUROSTOXX,Consumer Defensive,Beverages - Brewers,Netherlands,EUR,72.14,1.0,script-v2.0,1.0,2026-08-27T19:13:43.751235+02:00,65.2,67.7,89,49,0,7,58,seguimiento,seguimiento,,True,pass,pendiente,0,desconocido,Pendiente de implementar,parcial,"eps_stabilization (media): EPS 3.38 vs 1.74 (annual_eps_fallback) | dividend_maintained (baja): Dividendo actual 2.66% con caída del 10.3% | analyst_upgrade (media): Target 89.09 vs precio 72.14 (+23%), recMean 1.87, recKey buy",razonable,seguimiento,71.12,72.14,71.12 - 72.14,68.37,70.24,68.37 - 70.24,Pérdida del soporte en 71.12 | ROE negativo durante 2 trimestres consecutivos | Ampliación de capital dilutiva | Recorte de rating a bono basura,6-12,"HEINEKEN está un 10.3% por debajo de su máximo 52s. Fundamentalmente sólida con ROE 12.1%, deuda neta/EBITDA 3.2x. Técnicamente 🔵 RSI recuperándose de sobreventa, 🟡 MACD convergiendo. Clasificación: seguimiento.","HEINEKEN está un 10.3% por debajo de su máximo 52s. Fundamentalmente sólida con ROE 12.1%, deuda neta/EBITDA 3.2x. Técnicamente 🔵 RSI recuperándose de sobreventa, 🟡 MACD convergiendo. Clasificación: seguimiento.",🔵 RSI recuperándose de sobreventa | 🟡 MACD convergiendo | 🟢 Cerca de soporte | 🟡 Apoyo en MA40 semanal,2.66,11,20,False,46.3,0.95,884628.0,17812999680.0,3.22,17.4,,37.0,,,12.1,40027.0,17.6,2.07,10.9,10.3,10.9,2.7,39.9,False,True,1.4461,False,16.8,18.7,False,70.38,2.5,False,False,53,5,0.55,71.12,True
33,DTE.DE,DEUTSCHE TELEKOM AG           N,EUROSTOXX,Communication Services,Telecom Services,Germany,EUR,28.19,1.0,script-v2.0,1.0,2026-08-27T19:13:12.512307+02:00,64.4,66.5,82,53,0,10,58,seguimiento,seguimiento,,True,pass,pendiente,0,desconocido,Pendiente de implementar,parcial,"margin_stabilization (media): Margen gross 63.2% vs 62.1% (+1.1 pp) | eps_stabilization (media): EPS 0.51 vs 0.42 (Diluted EPS) | dividend_maintained (baja): Dividendo actual 3.55% con caída del 18.0% | analyst_upgrade (media): Target 37.10 vs precio 28.19 (+32%), recKey none",razonable,seguimiento,27.0,27.11,27.00 - 27.11,28.17,29.21,28.17 - 29.21,Pérdida del soporte en 27.00 | ROE negativo durante 2 trimestres consecutivos | Ampliación de capital dilutiva | Recorte de rating a bono basura,6-12,"DEUTSCHE TELEKOM AG           N está un 18.0% por debajo de su máximo 52s. Fundamentalmente sólida con ROE 15.1%, deuda neta/EBITDA 3.3x. Técnicamente 🟢 Divergencia alcista RSI, 🟢 Cerca de soporte. Clasificación: seguimiento.","DEUTSCHE TELEKOM AG           N está un 18.0% por debajo de su máximo 52s. Fundamentalmente sólida con ROE 15.1%, deuda neta/EBITDA 3.3x. Técnicamente 🟢 Divergencia alcista RSI, 🟢 Cerca de soporte. Clasificación: seguimiento.",🟢 Divergencia alcista RSI | 🟢 Cerca de soporte | 🟡 Apoyo en MA40 semanal | 🟢 base_pattern_detected | 🟡 trendline_break,3.55,11,20,False,56.2,1.65,6762047.0,141382993408.0,3.31,2.8,gross,44.9,61.1,-16.2,15.1,134822.0,15.8,2.25,7.25,18.0,16.6,0.1,50.0,False,False,-0.1873,False,26.8,54.6,False,28.31,-0.4,True,True,35,23,0.83,27.0,True
34,EOAN.DE,E.ON SE                       N,EUROSTOXX,Utilities,Utilities - Diversified,Germany,EUR,17.615,1.0,script-v2.0,1.0,2026-08-27T19:13:13.161010+02:00,64.1,61.5,94,33,0,4,72,seguimiento,seguimiento,Sin señales de recuperación,True,pass,pendiente,0,desconocido,Pendiente de implementar,ausente,eps_stabilization (media): EPS 0.85 vs -0.02 (Diluted EPS) | dividend_maintained (baja): Dividendo actual 3.24% con caída del 13.6%,fuerte,seguimiento,16.73,17.61,16.73 - 17.61,17.33,17.66,17.33 - 17.66,Pérdida del soporte en 16.73 | ROE negativo durante 2 trimestres consecutivos | Ampliación de capital dilutiva | Recorte de rating a bono basura,6-12,"E.ON SE                       N está un 13.6% por debajo de su máximo 52s. Fundamentalmente sólida con ROE 15.5%, deuda neta/EBITDA 3.9x. Técnicamente 🔵 RSI recuperándose de sobreventa, 🟡 MACD convergiendo. Clasificación: seguimiento.","E.ON SE                       N está un 13.6% por debajo de su máximo 52s. Fundamentalmente sólida con ROE 15.5%, deuda neta/EBITDA 3.9x. Técnicamente 🔵 RSI recuperándose de sobreventa, 🟡 MACD convergiendo. Clasificación: seguimiento.",🔵 RSI recuperándose de sobreventa | 🟡 MACD convergiendo | 🟡 Apoyo en MA40 semanal | 🟢 base_pattern_detected,3.24,11,20,False,44.2,1.53,4379365.0,38529999872.0,3.87,,gross,24.9,28.7,-3.8,15.5,46029.0,13.7,2.17,9.24,13.6,11.0,-0.2,40.0,False,True,0.1679,False,24.2,29.0,False,17.76,-0.8,True,False,55,17,1.1,,False
35,RIO.L,RIO TINTO PLC ORD 10P,EUROSTOXX,Basic Materials,Other Industrial Metals & Mining,United Kingdom,GBp,7688.0,1.0,script-v2.0,1.0,2026-08-27T19:14:13.002951+02:00,63.6,72.8,100,49,0,6,36,pendiente_confirmacion,pendiente_confirmacion,,True,pass,pendiente,0,desconocido,Pendiente de implementar,parcial,debt_reduction (alta): Deuda 22852.0M vs 23517.0M | dividend_maintained (baja): Dividendo actual 0.05% con caída del 15.7%,incompleto,pendiente_confirmacion,7142.34,7175.13,7142.34 - 7175.13,6872.7,7749.45,6872.70 - 7749.45,Pérdida del soporte en 7175.13 | ROE negativo durante 2 trimestres consecutivos | Ampliación de capital dilutiva | Recorte de rating a bono basura,6-12,"RIO TINTO PLC ORD 10P está un 15.7% por debajo de su máximo 52s. Fundamentalmente sólida con ROE 19.3%, deuda neta/EBITDA 0.6x. Técnicamente 🟢 Divergencia alcista RSI, 🟢 base_pattern_detected. Clasificación: pendiente_confirmacion.","RIO TINTO PLC ORD 10P está un 15.7% por debajo de su máximo 52s. Fundamentalmente sólida con ROE 19.3%, deuda neta/EBITDA 0.6x. Técnicamente 🟢 Divergencia alcista RSI, 🟢 base_pattern_detected. Clasificación: pendiente_confirmacion.",🟢 Divergencia alcista RSI | 🟢 base_pattern_detected,0.05,11,20,False,54.9,0.32,3066956.0,13344999424.0,0.58,-2.8,,29.8,,,19.3,125034.0,14.2,2.6,6.33,15.7,15.7,11.9,63.8,False,False,201.3309,False,84.7,90.6,False,6923.73,11.0,True,False,24,12,0.49,7175.13,False
36,QCOM,QUALCOMM Incorporated,SP500,Technology,Semiconductors,United States,USD,164.84,1.0,script-v2.0,1.0,2026-08-27T19:15:19.630458+02:00,63.5,66.9,100,38,0,6,53,seguimiento,seguimiento,,True,pass,pendiente,0,desconocido,Pendiente de implementar,parcial,debt_reduction (alta): Deuda 15270.0M vs 15270.0M | dividend_maintained (baja): Dividendo actual 2.23% con caída del 36.6%,razonable,seguimiento,159.7,164.84,159.70 - 164.84,167.08,220.93,167.08 - 220.93,Pérdida del soporte en 159.70 | ROE negativo durante 2 trimestres consecutivos | Ampliación de capital dilutiva | Recorte de rating a bono basura,12-18,"QUALCOMM Incorporated está un 36.6% por debajo de su máximo 52s. Fundamentalmente sólida con ROE 33.8%, deuda neta/EBITDA 0.6x. Técnicamente 🟢 Divergencia alcista RSI, 🟢 Cerca de soporte. Clasificación: seguimiento.","QUALCOMM Incorporated está un 36.6% por debajo de su máximo 52s. Fundamentalmente sólida con ROE 33.8%, deuda neta/EBITDA 0.6x. Técnicamente 🟢 Divergencia alcista RSI, 🟢 Cerca de soporte. Clasificación: seguimiento.",🟢 Divergencia alcista RSI | 🟢 Cerca de soporte | 🟡 Apoyo en MA40 semanal,2.23,11,20,False,41.0,0.55,15907884.0,6965999616.0,0.58,-0.0,gross,54.2,54.2,0.0,33.8,176059.0,18.9,6.3,14.91,36.6,36.3,-1.3,49.3,False,False,-0.6878,False,68.1,55.5,False,168.1,-1.9,False,False,48,5,0.89,159.7,False
37,T,AT&T Inc.,SP500,Communication Services,Telecom Services,United States,USD,25.475,1.0,script-v2.0,1.0,2026-08-27T19:14:24.727540+02:00,63.0,62.3,89,39,0,7,65,seguimiento,seguimiento,,True,pass,pendiente,0,desconocido,Pendiente de implementar,parcial,margin_stabilization (media): Margen gross 61.8% vs 60.1% (+1.7 pp) | eps_stabilization (media): EPS 0.66 vs 0.54 (Diluted EPS) | dividend_maintained (baja): Dividendo actual 4.36% con caída del 14.5%,razonable,seguimiento,23.01,24.67,23.01 - 24.67,24.65,25.32,24.65 - 25.32,Pérdida del soporte en 24.67 | ROE negativo durante 2 trimestres consecutivos | Ampliación de capital dilutiva | Recorte de rating a bono basura,6-12,"AT&T Inc. está un 14.5% por debajo de su máximo 52s. Fundamentalmente sólida con ROE 18.3%, deuda neta/EBITDA 3.3x. Técnicamente 🟢 Divergencia alcista RSI, 🟢 Cerca de soporte. Clasificación: seguimiento.","AT&T Inc. está un 14.5% por debajo de su máximo 52s. Fundamentalmente sólida con ROE 18.3%, deuda neta/EBITDA 3.3x. Técnicamente 🟢 Divergencia alcista RSI, 🟢 Cerca de soporte. Clasificación: seguimiento.",🟢 Divergencia alcista RSI | 🟢 Cerca de soporte | 🟢 MACD semanal girando al alza | 🟢 base_pattern_detected | 🟡 trendline_break,4.36,11,20,False,36.6,1.29,62694619.0,148185993216.0,3.3,5.4,gross,59.7,59.8,-0.1,18.3,174565.0,8.4,1.59,7.64,14.5,11.4,3.3,65.0,False,False,-0.2286,True,78.6,89.8,False,24.71,3.1,True,True,37,28,0.61,24.67,True
38,SGO.PA,SAINT GOBAIN,EUROSTOXX,Industrials,Building Products & Equipment,France,EUR,79.46,1.0,script-v2.0,1.0,2026-08-27T19:13:36.710268+02:00,62.7,71.6,94,52,0,12,36,pendiente_confirmacion,pendiente_confirmacion,,True,pass,pendiente,0,desconocido,Pendiente de implementar,confirmada,"eps_stabilization (media): EPS 5.78 vs 5.64 (annual_eps_fallback) | debt_reduction (alta): Deuda 17270.0M vs 18384.0M | dividend_maintained (baja): Dividendo actual 2.89% con caída del 17.1% | analyst_upgrade (media): Target 97.72 vs precio 79.46 (+23%), recMean 1.94, recKey buy",incompleto,pendiente_confirmacion,77.92,79.2,77.92 - 79.20,78.39,81.48,78.39 - 81.48,Pérdida del soporte en 77.92 | ROE negativo durante 2 trimestres consecutivos | Ampliación de capital dilutiva | Recorte de rating a bono basura,6-12,"SAINT GOBAIN está un 17.1% por debajo de su máximo 52s. Fundamentalmente sólida con ROE 11.0%, deuda neta/EBITDA 1.8x. Técnicamente 🟢 Cerca de soporte, 🟡 Apoyo en MA40 semanal. Clasificación: pendiente_confirmacion.","SAINT GOBAIN está un 17.1% por debajo de su máximo 52s. Fundamentalmente sólida con ROE 11.0%, deuda neta/EBITDA 1.8x. Técnicamente 🟢 Cerca de soporte, 🟡 Apoyo en MA40 semanal. Clasificación: pendiente_confirmacion.",🟢 Cerca de soporte | 🟡 Apoyo en MA40 semanal | 🟡 trendline_break,2.89,10,6,False,42.7,0.66,1042534.0,11518999552.0,1.75,-6.1,,27.2,,,11.0,38902.0,14.7,1.6,7.97,17.1,21.7,1.4,45.9,False,False,0.6571,False,3.4,22.6,False,78.6,1.1,False,True,25,11,0.91,77.92,True
39,PHIA.AS,KON.PHILIPS N.V.,EUROSTOXX,Healthcare,Medical Devices,Netherlands,EUR,23.22,1.0,script-v2.0,1.0,2026-08-27T19:13:45.901694+02:00,62.6,67.1,81,55,0,12,49,entrada_escalada,entrada_escalada,,True,pass,pendiente,0,desconocido,Pendiente de implementar,confirmada,margin_stabilization (media): Margen gross 49.3% vs 45.2% (+4.1 pp) | eps_stabilization (media): EPS 0.40 vs 0.16 (Diluted EPS) | debt_reduction (alta): Deuda 7465.0M vs 8097.0M | dividend_maintained (baja): Dividendo actual 3.66% con caída del 16.2%,razonable,entrada_escalada,22.22,23.22,22.22 - 23.22,23.33,23.54,23.33 - 23.54,Pérdida del soporte en 22.22 | ROE negativo durante 2 trimestres consecutivos | Ampliación de capital dilutiva | Recorte de rating a bono basura,6-12,"KON.PHILIPS N.V. está un 16.2% por debajo de su máximo 52s. Fundamentalmente sólida con ROE 10.2%, deuda neta/EBITDA 2.4x. Técnicamente 🟢 Cerca de soporte, 🟡 Apoyo en MA40 semanal. Clasificación: entrada_escalada.","KON.PHILIPS N.V. está un 16.2% por debajo de su máximo 52s. Fundamentalmente sólida con ROE 10.2%, deuda neta/EBITDA 2.4x. Técnicamente 🟢 Cerca de soporte, 🟡 Apoyo en MA40 semanal. Clasificación: entrada_escalada.",🟢 Cerca de soporte | 🟡 Apoyo en MA40 semanal | 🟢 base_pattern_detected,3.66,8,2,False,74.6,0.65,1933513.0,5676000000.0,2.35,-7.8,gross,45.9,46.0,-0.0,10.2,22696.0,20.4,1.98,11.72,16.2,17.0,-0.5,47.2,False,False,0.0765,False,25.9,27.7,False,23.31,-0.4,True,False,32,17,0.74,22.22,True
40,9021.T,WEST JAPAN RAILWAY CO,ASIA,Industrials,Railroads,Japan,JPY,2993.5,1.0,script-v2.0,1.0,2026-08-27T19:15:52.234404+02:00,62.1,65.5,82,51,0,1,52,seguimiento,seguimiento,Sin señales de recuperación,True,pass,pendiente,0,desconocido,Pendiente de implementar,ausente,dividend_maintained (baja): Dividendo actual 3.26%,razonable,seguimiento,,,,2998.8,2998.8,2998.80,ROE negativo durante 2 trimestres consecutivos | Ampliación de capital dilutiva | Recorte de rating a bono basura,12-18,"WEST JAPAN RAILWAY CO está un N/D por debajo de su máximo 52s. Fundamentalmente sólida con ROE 9.3%, deuda neta/EBITDA 3.7x. Técnicamente 🟢 Cruce alcista MACD, 🟢 MACD semanal girando al alza. Clasificación: seguimiento.","WEST JAPAN RAILWAY CO está un N/D por debajo de su máximo 52s. Fundamentalmente sólida con ROE 9.3%, deuda neta/EBITDA 3.7x. Técnicamente 🟢 Cruce alcista MACD, 🟢 MACD semanal girando al alza. Clasificación: seguimiento.",🟢 Cruce alcista MACD | 🟢 MACD semanal girando al alza | 🟢 base_pattern_detected,3.26,11,20,False,35.1,1.15,2974025.0,1360837033984.0,3.67,6.6,,24.8,,,9.3,1362293.0,10.8,1.11,7.69,,,,57.5,True,False,-13.8483,True,,,False,2985.66,,True,False,30,22,0.63,,False
41,SAN.PA,SANOFI,EUROSTOXX,Healthcare,Drug Manufacturers - General,France,EUR,77.28,1.0,script-v2.0,1.0,2026-08-27T19:13:35.549935+02:00,61.6,63.2,76,52,0,7,57,seguimiento,seguimiento,,True,pass,pendiente,0,desconocido,Pendiente de implementar,parcial,"margin_stabilization (media): Margen gross 75.5% vs 72.1% (+3.4 pp) | dividend_maintained (baja): Dividendo actual 5.33% con caída del 15.2% | analyst_upgrade (media): Target 94.28 vs precio 77.28 (+22%), recMean 2.08, recKey buy",razonable,seguimiento,73.34,75.99,73.34 - 75.99,76.41,77.48,76.41 - 77.48,Pérdida del soporte en 73.34 | ROE negativo durante 2 trimestres consecutivos | Ampliación de capital dilutiva | Recorte de rating a bono basura,6-12,"SANOFI está un 15.2% por debajo de su máximo 52s. Fundamentalmente sólida con ROE 5.7%, deuda neta/EBITDA 1.3x. Técnicamente 🟢 MACD semanal girando al alza, 🟡 Apoyo en MA40 semanal. Clasificación: seguimiento.","SANOFI está un 15.2% por debajo de su máximo 52s. Fundamentalmente sólida con ROE 5.7%, deuda neta/EBITDA 1.3x. Técnicamente 🟢 MACD semanal girando al alza, 🟡 Apoyo en MA40 semanal. Clasificación: seguimiento.",🟢 MACD semanal girando al alza | 🟡 Apoyo en MA40 semanal | 🟢 base_pattern_detected | 🟡 trendline_break,5.33,11,20,False,127.2,0.34,2325744.0,17226000384.0,1.27,17.8,gross,73.5,72.7,0.7,5.7,92587.0,23.9,1.34,8.22,15.2,23.2,1.1,52.1,False,False,-0.0302,True,55.1,76.8,False,76.31,1.3,True,True,24,33,0.69,73.34,True
42,BP.L,BP PLC $0.25,EUROSTOXX,Energy,Oil & Gas Integrated,United Kingdom,GBp,515.4,1.0,script-v2.0,1.0,2026-08-27T19:14:06.697333+02:00,61.4,62.6,85,43,0,9,58,seguimiento,seguimiento,,True,pass,pendiente,0,desconocido,Pendiente de implementar,parcial,eps_stabilization (media): EPS 0.25 vs 0.25 (Diluted EPS) | debt_reduction (alta): Deuda 72693.0M vs 74178.0M | dividend_maintained (baja): Dividendo actual 0.05% con caída del 15.4%,razonable,seguimiento,513.3,513.59,513.30 - 513.59,502.78,517.99,502.78 - 517.99,Pérdida del soporte en 513.59 | ROE negativo durante 2 trimestres consecutivos | Ampliación de capital dilutiva | Recorte de rating a bono basura,6-12,"BP PLC $0.25 está un 15.4% por debajo de su máximo 52s. Fundamentalmente sólida con ROE 8.9%, deuda neta/EBITDA 0.9x. Técnicamente 🟢 Divergencia alcista RSI, 🟢 Cerca de soporte. Clasificación: seguimiento.","BP PLC $0.25 está un 15.4% por debajo de su máximo 52s. Fundamentalmente sólida con ROE 8.9%, deuda neta/EBITDA 0.9x. Técnicamente 🟢 Divergencia alcista RSI, 🟢 Cerca de soporte. Clasificación: seguimiento.",🟢 Divergencia alcista RSI | 🟢 Cerca de soporte | 🟡 Apoyo en MA40 semanal | 🟢 base_pattern_detected,0.05,11,20,False,95.6,0.95,43003934.0,35467997184.0,0.9,-2.0,gross,28.3,19.8,8.5,8.9,79640.0,19.8,1.87,3.43,15.4,15.4,2.5,44.2,False,False,7.6037,False,5.0,21.5,False,505.11,2.0,True,False,41,17,0.77,513.59,True
43,ORG.AX,ORIGIN ENE FPO [ORG],ASX,Utilities,Utilities - Diversified,Australia,AUD,11.71,1.0,script-v2.0,1.0,2026-08-27T19:15:33.078587+02:00,61.3,60.8,96,30,0,4,63,seguimiento,seguimiento,Sin señales de recuperación,True,pass,pendiente,0,desconocido,Pendiente de implementar,ausente,eps_stabilization (media): EPS 0.86 vs 0.81 (annual_eps_fallback) | dividend_maintained (baja): Dividendo actual 5.12% con caída del 10.1%,razonable,seguimiento,10.95,11.6,10.95 - 11.60,11.07,11.36,11.07 - 11.36,Pérdida del soporte en 11.60 | ROE negativo durante 2 trimestres consecutivos | Ampliación de capital dilutiva | Recorte de rating a bono basura,6-12,"ORIGIN ENE FPO [ORG] está un 10.1% por debajo de su máximo 52s. Fundamentalmente sólida con ROE 15.7%, deuda neta/EBITDA 2.4x. Técnicamente 🟢 Divergencia alcista RSI, 🟢 Cerca de soporte. Clasificación: seguimiento.","ORIGIN ENE FPO [ORG] está un 10.1% por debajo de su máximo 52s. Fundamentalmente sólida con ROE 15.7%, deuda neta/EBITDA 2.4x. Técnicamente 🟢 Divergencia alcista RSI, 🟢 Cerca de soporte. Clasificación: seguimiento.",🟢 Divergencia alcista RSI | 🟢 Cerca de soporte | 🟢 MACD semanal girando al alza | 🟡 Apoyo en MA40 semanal | 🟡 trendline_break,5.12,9,8,False,65.8,0.49,4309437.0,4140000128.0,2.41,,,22.4,,,15.7,20173.0,12.9,2.07,14.14,10.1,8.8,3.1,59.1,False,False,-0.0305,True,66.2,73.5,False,11.4,2.8,False,True,42,21,1.03,11.6,True
44,0066.HK,MTR CORPORATION,ASIA,Industrials,Railroads,Hong Kong,HKD,32.56,1.0,script-v2.0,1.0,2026-08-27T19:16:01.438579+02:00,61.0,67.9,93,46,0,1,40,seguimiento,seguimiento,Sin señales de recuperación,True,pass,pendiente,0,desconocido,Pendiente de implementar,ausente,dividend_maintained (baja): Dividendo actual 4.02%,incompleto,seguimiento,,,,32.2,32.2,32.20,ROE negativo durante 2 trimestres consecutivos | Ampliación de capital dilutiva | Recorte de rating a bono basura,12-18,"MTR CORPORATION está un N/D por debajo de su máximo 52s. Fundamentalmente sólida con ROE 11.1%, deuda neta/EBITDA 1.6x. Técnicamente 🟢 Divergencia alcista RSI, 🟢 base_pattern_detected. Clasificación: seguimiento.","MTR CORPORATION está un N/D por debajo de su máximo 52s. Fundamentalmente sólida con ROE 11.1%, deuda neta/EBITDA 1.6x. Técnicamente 🟢 Divergencia alcista RSI, 🟢 base_pattern_detected. Clasificación: seguimiento.",🟢 Divergencia alcista RSI | 🟢 base_pattern_detected,4.02,11,20,False,35.7,0.75,5922836.0,56487010304.0,1.6,119.5,,35.9,,,11.1,202334.0,8.9,0.99,7.37,,,,52.0,False,False,0.4151,False,,,False,31.8,,True,False,28,12,0.96,,False
45,DUK,Duke Energy Corporation (Holdin,SP500,Utilities,Utilities - Regulated Electric,United States,USD,120.83,1.0,script-v2.0,1.0,2026-08-27T19:14:59.022509+02:00,60.8,63.5,88,42,0,4,53,seguimiento,seguimiento,Sin señales de recuperación,True,pass,pendiente,0,desconocido,Pendiente de implementar,ausente,margin_stabilization (media): Margen gross 54.8% vs 48.8% (+6.0 pp) | dividend_maintained (baja): Dividendo actual 3.59% con caída del 10.2%,razonable,seguimiento,114.79,120.83,114.79 - 120.83,114.32,122.32,114.32 - 122.32,Pérdida del soporte en 114.79 | ROE negativo durante 2 trimestres consecutivos | Ampliación de capital dilutiva | Recorte de rating a bono basura,6-12,"Duke Energy Corporation (Holdin está un 10.2% por debajo de su máximo 52s. Fundamentalmente sólida con ROE 9.9%, deuda neta/EBITDA 5.5x. Técnicamente 🔵 RSI recuperándose de sobreventa, 🟡 Apoyo en MA40 semanal. Clasificación: seguimiento.","Duke Energy Corporation (Holdin está un 10.2% por debajo de su máximo 52s. Fundamentalmente sólida con ROE 9.9%, deuda neta/EBITDA 5.5x. Técnicamente 🔵 RSI recuperándose de sobreventa, 🟡 Apoyo en MA40 semanal. Clasificación: seguimiento.",🔵 RSI recuperándose de sobreventa | 🟡 Apoyo en MA40 semanal | 🟢 base_pattern_detected,3.59,11,20,False,64.2,1.62,4018841.0,91532998080.0,5.51,1.1,gross,52.0,51.4,0.6,9.9,94211.0,18.2,1.75,11.41,10.2,8.6,-1.2,41.9,False,False,0.0307,False,19.3,29.4,False,122.57,-1.4,True,False,36,17,0.49,,False
46,NEE,"NextEra Energy, Inc.",SP500,Utilities,Utilities - Regulated Electric,United States,USD,83.45,1.0,script-v2.0,1.0,2026-08-27T19:15:00.138929+02:00,60.7,61.6,84,42,0,7,58,seguimiento,seguimiento,,True,pass,pendiente,0,desconocido,Pendiente de implementar,parcial,margin_stabilization (media): Margen gross 62.4% vs 58.9% (+3.5 pp) | eps_stabilization (media): EPS 1.50 vs 1.04 (Diluted EPS) | dividend_maintained (baja): Dividendo actual 2.98% con caída del 15.5%,razonable,seguimiento,79.28,83.45,79.28 - 83.45,83.94,87.18,83.94 - 87.18,Pérdida del soporte en 79.28 | ROE negativo durante 2 trimestres consecutivos | Ampliación de capital dilutiva | Recorte de rating a bono basura,6-12,"NextEra Energy, Inc. está un 15.5% por debajo de su máximo 52s. Fundamentalmente sólida con ROE 11.7%, deuda neta/EBITDA 7.3x. Técnicamente 🔵 RSI en sobreventa, 🟡 Apoyo en MA40 semanal. Clasificación: seguimiento.","NextEra Energy, Inc. está un 15.5% por debajo de su máximo 52s. Fundamentalmente sólida con ROE 11.7%, deuda neta/EBITDA 7.3x. Técnicamente 🔵 RSI en sobreventa, 🟡 Apoyo en MA40 semanal. Clasificación: seguimiento.",🔵 RSI en sobreventa | 🟡 Apoyo en MA40 semanal | 🟢 base_pattern_detected,2.98,11,20,False,53.5,1.62,11261220.0,107330998272.0,7.35,5.5,gross,61.0,60.8,0.2,11.7,174075.0,18.8,3.05,20.15,15.5,14.9,-4.3,32.8,False,False,-0.4944,False,14.2,20.0,False,87.44,-4.6,True,False,41,17,0.57,,False
47,ENI.MI,ENI,EUROSTOXX,Energy,Oil & Gas Integrated,Italy,EUR,22.71,1.0,script-v2.0,1.0,2026-08-27T19:13:49.595621+02:00,60.6,61.1,99,28,0,7,59,seguimiento,seguimiento,,False,pass,pendiente,0,desconocido,Pendiente de implementar,parcial,margin_stabilization (media): Margen gross 12.6% vs 6.5% (+6.1 pp) | eps_stabilization (media): EPS 1.09 vs 0.34 (Diluted EPS) | dividend_maintained (baja): Dividendo actual 4.71% con caída del 9.2%,razonable,seguimiento,21.9,22.31,21.90 - 22.31,20.29,21.27,20.29 - 21.27,Pérdida del soporte en 21.90 | ROE negativo durante 2 trimestres consecutivos | Ampliación de capital dilutiva | Recorte de rating a bono basura,6-12,"ENI está un 9.2% por debajo de su máximo 52s. Fundamentalmente sólida con ROE 10.9%, deuda neta/EBITDA 1.6x. Técnicamente 🟢 Divergencia alcista RSI, 🟢 Cerca de soporte. Clasificación: seguimiento.","ENI está un 9.2% por debajo de su máximo 52s. Fundamentalmente sólida con ROE 10.9%, deuda neta/EBITDA 1.6x. Técnicamente 🟢 Divergencia alcista RSI, 🟢 Cerca de soporte. Clasificación: seguimiento.",🟢 Divergencia alcista RSI | 🟢 Cerca de soporte | 🟢 base_pattern_detected | 🟡 trendline_break,4.71,11,20,False,54.7,0.65,9436080.0,21902001152.0,1.65,1.2,gross,21.5,9.5,12.0,10.9,65436.0,11.8,1.44,7.1,9.2,8.2,11.9,43.6,False,False,0.99,False,4.2,9.7,False,20.51,10.7,True,True,41,18,1.08,21.9,True
48,MUV2.DE,MUENCHENER RUECKVERS.-GES. AG N,EUROSTOXX,Financial Services,Insurance - Reinsurance,Germany,EUR,514.4,1.0,script-v2.0,1.0,2026-08-27T19:13:15.901782+02:00,59.9,63.8,99,33,0,7,48,seguimiento,seguimiento,,True,pass,pendiente,0,desconocido,Pendiente de implementar,parcial,margin_stabilization (media): Margen operating 15.6% vs 13.7% (+1.9 pp) | eps_stabilization (media): EPS 17.50 vs 13.41 (Diluted EPS) | dividend_maintained (baja): Dividendo actual 4.67% con caída del 10.6%,razonable,seguimiento,502.93,507.23,502.93 - 507.23,489.26,504.51,489.26 - 504.51,Pérdida del soporte en 502.93 | ROE negativo durante 2 trimestres consecutivos | Ampliación de capital dilutiva | Recorte de rating a bono basura,6-12,"MUENCHENER RUECKVERS.-GES. AG N está un 10.6% por debajo de su máximo 52s. Fundamentalmente sólida con ROE 21.3%, D/E 0.24. Técnicamente 🟢 Cerca de soporte, 🟡 Apoyo en MA40 semanal. Clasificación: seguimiento.","MUENCHENER RUECKVERS.-GES. AG N está un 10.6% por debajo de su máximo 52s. Fundamentalmente sólida con ROE 21.3%, D/E 0.24. Técnicamente 🟢 Cerca de soporte, 🟡 Apoyo en MA40 semanal. Clasificación: seguimiento.",🟢 Cerca de soporte | 🟡 Apoyo en MA40 semanal | 🟢 base_pattern_detected | 🟡 trendline_break,4.67,11,20,False,44.6,0.24,291185.0,2403000320.0,,9.4,operating,17.3,14.9,2.4,21.3,64719.0,9.6,1.93,,10.6,11.9,2.0,50.7,False,False,3.1606,False,39.3,61.5,False,504.44,2.0,True,True,25,23,0.7,502.93,True
49,TTE.PA,TOTALENERGIES,EUROSTOXX,Energy,Oil & Gas Integrated,France,EUR,74.17,1.0,script-v2.0,1.0,2026-08-27T19:13:37.720913+02:00,59.5,61.6,100,28,0,6,53,seguimiento,seguimiento,,False,pass,pendiente,0,desconocido,Pendiente de implementar,parcial,debt_reduction (alta): Deuda 62917.0M vs 64008.0M | dividend_maintained (baja): Dividendo actual 4.85% con caída del 8.8%,razonable,seguimiento,72.28,72.6,72.28 - 72.60,67.66,69.14,67.66 - 69.14,Pérdida del soporte en 72.28 | ROE negativo durante 2 trimestres consecutivos | Ampliación de capital dilutiva | Recorte de rating a bono basura,6-12,"TOTALENERGIES está un 8.8% por debajo de su máximo 52s. Fundamentalmente sólida con ROE 14.5%, deuda neta/EBITDA 0.8x. Técnicamente 🟢 Divergencia alcista RSI, 🟢 Cerca de soporte. Clasificación: seguimiento.","TOTALENERGIES está un 8.8% por debajo de su máximo 52s. Fundamentalmente sólida con ROE 14.5%, deuda neta/EBITDA 0.8x. Técnicamente 🟢 Divergencia alcista RSI, 🟢 Cerca de soporte. Clasificación: seguimiento.",🟢 Divergencia alcista RSI | 🟢 Cerca de soporte | 🟢 base_pattern_detected | 🟡 trendline_break,4.85,11,20,False,49.3,0.48,3912096.0,31200002048.0,0.79,-1.7,gross,37.7,30.7,7.0,14.5,164114.0,10.8,1.48,5.07,8.8,7.6,9.6,45.6,False,False,2.4186,False,2.5,23.3,False,68.24,8.7,True,True,35,18,1.1,72.28,True
50,SHEL.L,SHELL PLC ORD EUR0.07,EUROSTOXX,Energy,Oil & Gas Integrated,United Kingdom,GBp,3311.0,1.0,script-v2.0,1.0,2026-08-27T19:14:07.071356+02:00,59.4,64.9,98,36,0,12,43,pendiente_confirmacion,pendiente_confirmacion,,True,pass,pendiente,0,desconocido,Pendiente de implementar,confirmada,margin_stabilization (media): Margen gross 19.5% vs 19.3% (+0.2 pp) | eps_stabilization (media): EPS 1.92 vs 1.00 (Diluted EPS) | debt_reduction (alta): Deuda 73076.0M vs 75644.0M | dividend_maintained (baja): Dividendo actual 0.04% con caída del 11.9%,incompleto,pendiente_confirmacion,3194.26,3195.66,3194.26 - 3195.66,3069.71,3194.72,3069.71 - 3194.72,Pérdida del soporte en 3195.66 | ROE negativo durante 2 trimestres consecutivos | Ampliación de capital dilutiva | Recorte de rating a bono basura,6-12,"SHELL PLC ORD EUR0.07 está un 11.9% por debajo de su máximo 52s. Fundamentalmente sólida con ROE 14.3%, deuda neta/EBITDA 0.7x. Técnicamente 🟢 Cerca de soporte, 🟢 base_pattern_detected. Clasificación: pendiente_confirmacion.","SHELL PLC ORD EUR0.07 está un 11.9% por debajo de su máximo 52s. Fundamentalmente sólida con ROE 14.3%, deuda neta/EBITDA 0.7x. Técnicamente 🟢 Cerca de soporte, 🟢 base_pattern_detected. Clasificación: pendiente_confirmacion.",🟢 Cerca de soporte | 🟢 base_pattern_detected | 🟡 trendline_break,0.04,11,20,False,32.8,0.4,9361812.0,41701998592.0,0.72,-3.4,gross,26.1,16.8,9.3,14.3,182324.0,10.0,1.39,4.0,11.9,11.9,7.9,49.3,False,False,78.8797,False,28.2,50.1,False,3080.23,7.5,True,True,25,18,1.22,3195.66,True
51,TWE.AX,TREA WINE FPO [TWE],ASX,Consumer Defensive,Beverages - Wineries & Distilleries,Australia,AUD,5.56,1.0,script-v2.0,1.0,2026-08-27T19:15:38.153127+02:00,59.1,71.5,72,71,0,4,22,seguimiento,seguimiento,Sin señales de recuperación | Sin suelo técnico identificado,True,pass,pendiente,0,desconocido,Pendiente de implementar,ausente,eps_stabilization (media): EPS 0.54 vs 0.13 (annual_eps_fallback) | dividend_maintained (baja): Dividendo actual 7.19% con caída del 30.0%,sin_suelo,seguimiento,5.02,5.42,5.02 - 5.42,4.82,6.75,4.82 - 6.75,Pérdida del soporte en 5.42 | ROE negativo durante 2 trimestres consecutivos | Ampliación de capital dilutiva | Recorte de rating a bono basura,12-18,"TREA WINE FPO [TWE] está un 30.0% por debajo de su máximo 52s. Fundamentalmente sólida con ROE -26.5%, deuda neta/EBITDA 1.7x. Técnicamente 🟢 Cerca de soporte, 🟡 trendline_break. Clasificación: seguimiento.","TREA WINE FPO [TWE] está un 30.0% por debajo de su máximo 52s. Fundamentalmente sólida con ROE -26.5%, deuda neta/EBITDA 1.7x. Técnicamente 🟢 Cerca de soporte, 🟡 trendline_break. Clasificación: seguimiento.",🟢 Cerca de soporte | 🟡 trendline_break,7.19,10,0,False,72.4,0.6,4086608.0,1774900032.0,1.73,,,48.1,,,-26.5,4498.0,13.4,1.16,-7.05,30.0,52.7,15.2,57.0,False,False,0.138,False,30.9,50.7,False,4.81,15.7,False,True,16,6,0.37,5.42,True
52,GLE.PA,SOCIETE GENERALE,EUROSTOXX,Financial Services,Banks - Regional,France,EUR,71.03,1.0,script-v2.0,1.0,2026-08-27T19:13:29.899214+02:00,58.0,60.6,67,55,0,7,50,seguimiento,seguimiento,,True,pass,pendiente,0,desconocido,Pendiente de implementar,parcial,"eps_stabilization (media): EPS 2.05 vs 1.88 (Diluted EPS) | dividend_maintained (baja): Dividendo actual 2.46% con caída del 16.3% | analyst_upgrade (media): Target 86.87 vs precio 71.03 (+22%), recMean 1.90, recKey buy",razonable,seguimiento,64.01,71.03,64.01 - 71.03,70.02,72.1,70.02 - 72.10,Pérdida del soporte en 64.01 | ROE negativo durante 2 trimestres consecutivos | Ampliación de capital dilutiva | Recorte de rating a bono basura,6-12,"SOCIETE GENERALE está un 16.3% por debajo de su máximo 52s. Fundamentalmente sólida con ROE 9.5%, dividendo 2.5%. Técnicamente 🔵 RSI en sobreventa, 🟢 Volumen creciente. Clasificación: seguimiento.","SOCIETE GENERALE está un 16.3% por debajo de su máximo 52s. Fundamentalmente sólida con ROE 9.5%, dividendo 2.5%. Técnicamente 🔵 RSI en sobreventa, 🟢 Volumen creciente. Clasificación: seguimiento.",🔵 RSI en sobreventa | 🟢 Volumen creciente | 🟡 Apoyo en MA40 semanal,2.46,10,6,False,21.2,,1653760.0,-362578968576.0,,117.1,,0.0,,,9.5,51891.0,9.3,0.72,,16.3,16.3,1.4,24.8,False,False,3.2671,False,4.8,3.9,False,70.25,1.1,False,False,45,5,1.56,64.01,True
53,GIS,"General Mills, Inc.",SP500,Consumer Defensive,Packaged Foods,United States,USD,40.53,1.0,script-v2.0,1.0,2026-08-27T19:15:10.841631+02:00,57.4,60.8,64,58,0,9,47,seguimiento,seguimiento,,True,pass,pendiente,0,desconocido,Pendiente de implementar,parcial,margin_stabilization (media): Margen gross 34.8% vs 30.8% (+4.0 pp) | debt_reduction (alta): Deuda 0.0M vs 13967.7M | dividend_maintained (baja): Dividendo actual 6.02% con caída del 21.0%,razonable,seguimiento,36.88,37.68,36.88 - 37.68,39.03,43.63,39.03 - 43.63,Pérdida del soporte en 37.68 | ROE negativo durante 2 trimestres consecutivos | Ampliación de capital dilutiva | Recorte de rating a bono basura,6-12,"General Mills, Inc. está un 21.0% por debajo de su máximo 52s. Fundamentalmente sólida con ROE -1.0%, deuda neta/EBITDA -0.1x. Técnicamente 🟢 MACD semanal girando al alza, 🟢 base_pattern_detected. Clasificación: seguimiento.","General Mills, Inc. está un 21.0% por debajo de su máximo 52s. Fundamentalmente sólida con ROE -1.0%, deuda neta/EBITDA -0.1x. Técnicamente 🟢 MACD semanal girando al alza, 🟢 base_pattern_detected. Clasificación: seguimiento.",🟢 MACD semanal girando al alza | 🟢 base_pattern_detected | 🟡 trendline_break,6.02,11,20,False,59.4,2.18,10006231.0,-399000000.0,-0.12,-100.0,gross,33.7,33.6,0.1,-1.0,21669.0,12.6,3.91,7.1,21.0,40.9,3.8,63.4,False,False,-0.2028,True,88.4,81.9,False,38.87,4.3,True,True,19,28,0.83,37.68,True
54,IP,International Paper Company,SP500,Consumer Cyclical,Packaging & Containers,United States,USD,40.43,1.0,script-v2.0,1.0,2026-08-27T19:15:14.147198+02:00,56.5,62.3,66,59,0,1,39,seguimiento,seguimiento,Sin señales de recuperación,True,pass,pendiente,0,desconocido,Pendiente de implementar,ausente,dividend_maintained (baja): Dividendo actual 4.58% con caída del 19.5%,incompleto,seguimiento,39.15,40.01,39.15 - 40.01,37.47,42.71,37.47 - 42.71,Pérdida del soporte en 40.01 | ROE negativo durante 2 trimestres consecutivos | Ampliación de capital dilutiva | Recorte de rating a bono basura,6-12,"International Paper Company está un 19.5% por debajo de su máximo 52s. Fundamentalmente sólida con ROE -16.5%, deuda neta/EBITDA 2.3x. Técnicamente 🟢 Cerca de soporte, 🟢 base_pattern_detected. Clasificación: seguimiento.","International Paper Company está un 19.5% por debajo de su máximo 52s. Fundamentalmente sólida con ROE -16.5%, deuda neta/EBITDA 2.3x. Técnicamente 🟢 Cerca de soporte, 🟢 base_pattern_detected. Clasificación: seguimiento.",🟢 Cerca de soporte | 🟢 base_pattern_detected | 🟡 trendline_break,4.58,11,20,False,158.1,0.69,5378492.0,9176999552.0,2.33,3.8,gross,29.6,29.8,-0.1,-16.5,21411.0,13.5,1.48,7.9,19.5,27.7,7.9,50.8,False,False,0.9125,False,22.3,48.2,False,37.75,7.1,True,True,21,18,0.75,40.01,True
55,VCX.AX,VICINITY STAPLED [VCX],ASX,Real Estate,REIT - Retail,Australia,AUD,2.48,1.0,script-v2.0,1.0,2026-08-27T19:15:35.574243+02:00,56.3,61.5,86,40,0,4,41,seguimiento,seguimiento,Sin señales de recuperación,True,pass,pendiente,0,desconocido,Pendiente de implementar,ausente,eps_stabilization (media): EPS 0.30 vs 0.22 (annual_eps_fallback) | dividend_maintained (baja): Dividendo actual 4.84% con caída del 9.2%,incompleto,seguimiento,2.46,2.48,2.46 - 2.48,2.32,2.45,2.32 - 2.45,Pérdida del soporte en 2.46 | ROE negativo durante 2 trimestres consecutivos | Ampliación de capital dilutiva | Recorte de rating a bono basura,6-12,"VICINITY STAPLED [VCX] está un 9.2% por debajo de su máximo 52s. Fundamentalmente sólida con ROE 12.0%, deuda neta/EBITDA 5.6x. Técnicamente 🟢 Cerca de soporte, 🟡 Apoyo en MA40 semanal. Clasificación: seguimiento.","VICINITY STAPLED [VCX] está un 9.2% por debajo de su máximo 52s. Fundamentalmente sólida con ROE 12.0%, deuda neta/EBITDA 5.6x. Técnicamente 🟢 Cerca de soporte, 🟡 Apoyo en MA40 semanal. Clasificación: seguimiento.",🟢 Cerca de soporte | 🟡 Apoyo en MA40 semanal,4.84,11,15,False,40.6,0.41,10323932.0,4845000160.0,5.64,,,70.9,,,12.0,11508.0,8.3,0.95,19.27,9.2,6.9,1.4,37.8,False,False,0.0436,False,18.6,30.7,False,2.45,1.1,False,False,36,5,1.24,2.46,True
56,7751.T,CANON INC,ASIA,Technology,Computer Hardware,Japan,JPY,4689.0,1.0,script-v2.0,1.0,2026-08-27T19:15:49.994685+02:00,55.6,63.2,92,38,0,1,33,seguimiento,seguimiento,Sin señales de recuperación,True,pass,pendiente,0,desconocido,Pendiente de implementar,ausente,dividend_maintained (baja): Dividendo actual 3.41%,incompleto,seguimiento,,,,4278.05,4278.05,4278.05,ROE negativo durante 2 trimestres consecutivos | Ampliación de capital dilutiva | Recorte de rating a bono basura,12-18,"CANON INC está un N/D por debajo de su máximo 52s. Fundamentalmente sólida con ROE 10.4%, deuda neta/EBITDA 0.7x. Técnicamente 🟡 MACD convergiendo, 🟢 base_pattern_detected. Clasificación: seguimiento.","CANON INC está un N/D por debajo de su máximo 52s. Fundamentalmente sólida con ROE 10.4%, deuda neta/EBITDA 0.7x. Técnicamente 🟡 MACD convergiendo, 🟢 base_pattern_detected. Clasificación: seguimiento.",🟡 MACD convergiendo | 🟢 base_pattern_detected,3.41,11,20,False,40.5,0.34,4134055.0,525887012864.0,0.72,34.2,,47.8,,,10.4,3957296.0,11.8,1.14,6.43,,,,58.3,False,True,74.6796,False,,,False,4409.69,,True,False,21,12,0.67,,False
57,0700.HK,TENCENT,ASIA,Communication Services,Internet Content & Information,China,HKD,447.8,1.0,script-v2.0,1.0,2026-08-27T19:16:03.724347+02:00,55.2,59.0,99,24,0,7,44,pendiente_confirmacion,pendiente_confirmacion,,False,pass,pendiente,0,desconocido,Pendiente de implementar,parcial,"eps_stabilization (media): EPS 6.30 vs 6.28 (Diluted EPS) | dividend_maintained (baja): Dividendo actual 1.18% | analyst_upgrade (media): Target 664.80 vs precio 447.80 (+48%), recMean 1.33, recKey strong_buy",incompleto,pendiente_confirmacion,,,,580.55,580.55,580.55,ROE negativo durante 2 trimestres consecutivos | Ampliación de capital dilutiva | Recorte de rating a bono basura,12-18,"TENCENT está un N/D por debajo de su máximo 52s. Fundamentalmente aceptable con ROE 19.9%, deuda neta/EBITDA 0.0x. Técnicamente 🟡 MACD convergiendo, 🟢 base_pattern_detected. Clasificación: pendiente_confirmacion.","TENCENT está un N/D por debajo de su máximo 52s. Fundamentalmente aceptable con ROE 19.9%, deuda neta/EBITDA 0.0x. Técnicamente 🟡 MACD convergiendo, 🟢 base_pattern_detected. Clasificación: pendiente_confirmacion.",🟡 MACD convergiendo | 🟢 base_pattern_detected,1.18,11,19,False,18.0,0.39,32365190.0,12923994112.0,0.04,,gross,56.7,56.9,-0.2,19.9,4032448.0,15.1,3.04,13.91,,,,45.0,False,True,-18.2855,False,,,False,506.4,,True,False,32,12,0.53,,False
58,4503.T,ASTELLAS PHARMA,ASIA,Healthcare,Drug Manufacturers - General,Japan,JPY,2391.0,1.0,script-v2.0,1.0,2026-08-27T19:15:44.245644+02:00,55.0,64.3,100,33,0,9,27,pendiente_confirmacion,pendiente_confirmacion,,True,pass,pendiente,0,desconocido,Pendiente de implementar,parcial,eps_stabilization (media): EPS 78.96 vs 38.11 (Diluted EPS) | debt_reduction (alta): Deuda 589870.0M vs 831426.0M | dividend_maintained (baja): Dividendo actual 3.35%,incompleto,pendiente_confirmacion,,,,2309.45,2309.45,2309.45,ROE negativo durante 2 trimestres consecutivos | Ampliación de capital dilutiva | Recorte de rating a bono basura,12-18,"ASTELLAS PHARMA está un N/D por debajo de su máximo 52s. Fundamentalmente sólida con ROE 21.3%, deuda neta/EBITDA 0.5x. Técnicamente 🟢 base_pattern_detected. Clasificación: pendiente_confirmacion.","ASTELLAS PHARMA está un N/D por debajo de su máximo 52s. Fundamentalmente sólida con ROE 21.3%, deuda neta/EBITDA 0.5x. Técnicamente 🟢 base_pattern_detected. Clasificación: pendiente_confirmacion.",🟢 base_pattern_detected,3.35,11,20,False,48.1,0.3,6700958.0,345172000768.0,0.52,-29.1,,80.8,,,21.3,4287096.0,14.7,2.21,7.0,,,,64.5,False,False,38.3909,False,,,False,2271.8,,True,False,15,12,0.78,,False
59,3382.T,SEVEN & I HOLDINGS CO LTD,ASIA,Consumer Defensive,Grocery Stores,Japan,JPY,2013.0,1.0,script-v2.0,1.0,2026-08-27T19:15:54.977334+02:00,54.8,60.7,82,42,0,4,37,seguimiento,seguimiento,Sin señales de recuperación,True,pass,pendiente,0,desconocido,Pendiente de implementar,ausente,eps_stabilization (media): EPS 26.21 vs 18.96 (Diluted EPS) | dividend_maintained (baja): Dividendo actual 2.98%,incompleto,seguimiento,,,,2054.45,2054.45,2054.45,ROE negativo durante 2 trimestres consecutivos | Ampliación de capital dilutiva | Recorte de rating a bono basura,12-18,"SEVEN & I HOLDINGS CO LTD está un N/D por debajo de su máximo 52s. Fundamentalmente sólida con ROE 8.0%, deuda neta/EBITDA 3.3x. Técnicamente 🟡 MACD convergiendo, 🟢 base_pattern_detected. Clasificación: seguimiento.","SEVEN & I HOLDINGS CO LTD está un N/D por debajo de su máximo 52s. Fundamentalmente sólida con ROE 8.0%, deuda neta/EBITDA 3.3x. Técnicamente 🟡 MACD convergiendo, 🟢 base_pattern_detected. Clasificación: seguimiento.",🟡 MACD convergiendo | 🟢 base_pattern_detected,2.98,11,20,False,42.1,1.04,8191644.0,3217205100544.0,3.32,,,16.4,,,8.0,4563589.0,16.9,1.26,8.14,,,,45.8,False,True,3.2081,False,,,False,2073.28,,True,False,25,12,0.92,,False
60,ABI.BR,AB INBEV,EUROSTOXX,Consumer Defensive,Beverages - Brewers,Belgium,EUR,67.26,1.0,script-v2.0,1.0,2026-08-27T19:13:57.289880+02:00,54.6,59.8,95,29,0,15,39,pendiente_confirmacion,pendiente_confirmacion,,False,pass,pendiente,0,desconocido,Pendiente de implementar,confirmada,"margin_stabilization (media): Margen gross 57.5% vs 56.6% (+0.9 pp) | eps_stabilization (media): EPS 1.30 vs 0.99 (Diluted EPS) | debt_reduction (alta): Deuda 72732.0M vs 73027.0M | dividend_maintained (baja): Dividendo actual 1.71% con caída del 11.7% | analyst_upgrade (media): Target 81.05 vs precio 67.26 (+21%), recMean 1.68, recKey buy",incompleto,pendiente_confirmacion,60.7,67.26,60.70 - 67.26,63.72,64.75,63.72 - 64.75,Pérdida del soporte en 60.70 | ROE negativo durante 2 trimestres consecutivos | Ampliación de capital dilutiva | Recorte de rating a bono basura,6-12,"AB INBEV está un 11.7% por debajo de su máximo 52s. Fundamentalmente aceptable con ROE 11.4%, deuda neta/EBITDA 3.3x. Técnicamente 🔵 RSI recuperándose de sobreventa, 🟡 MACD convergiendo. Clasificación: pendiente_confirmacion.","AB INBEV está un 11.7% por debajo de su máximo 52s. Fundamentalmente aceptable con ROE 11.4%, deuda neta/EBITDA 3.3x. Técnicamente 🔵 RSI recuperándose de sobreventa, 🟡 MACD convergiendo. Clasificación: pendiente_confirmacion.",🔵 RSI recuperándose de sobreventa | 🟡 MACD convergiendo,1.71,11,20,False,28.9,0.72,1946526.0,64721000448.0,3.28,-0.4,gross,56.5,56.5,0.0,11.4,132443.0,16.9,1.66,10.43,11.7,11.7,5.5,39.7,False,True,2.1389,False,18.1,18.8,False,64.17,4.8,False,False,39,0,0.9,60.7,False
61,1038.HK,CKI HOLDINGS,ASIA,Utilities,Utilities - Regulated Electric,Hong Kong,HKD,65.55,1.0,script-v2.0,1.0,2026-08-27T19:16:05.055310+02:00,54.4,60.5,100,26,0,4,36,seguimiento,seguimiento,Sin señales de recuperación,False,pass,pendiente,0,desconocido,Pendiente de implementar,ausente,eps_stabilization (media): EPS 3.28 vs 3.22 (annual_eps_fallback) | dividend_maintained (baja): Dividendo actual 4.01%,incompleto,seguimiento,,,,57.72,57.72,57.72,ROE negativo durante 2 trimestres consecutivos | Ampliación de capital dilutiva | Recorte de rating a bono basura,12-18,"CKI HOLDINGS está un N/D por debajo de su máximo 52s. Fundamentalmente sólida con ROE 17.2%, deuda neta/EBITDA -37.6x. Técnicamente 🟢 Divergencia alcista RSI, 🟢 base_pattern_detected. Clasificación: seguimiento.","CKI HOLDINGS está un N/D por debajo de su máximo 52s. Fundamentalmente sólida con ROE 17.2%, deuda neta/EBITDA -37.6x. Técnicamente 🟢 Divergencia alcista RSI, 🟢 base_pattern_detected. Clasificación: seguimiento.",🟢 Divergencia alcista RSI | 🟢 base_pattern_detected,4.01,11,20,False,25.7,0.14,2162277.0,-33624002560.0,-37.57,4.6,,18.4,,,17.2,165161.0,6.5,1.12,147.06,,,,67.3,False,False,1.3522,False,,,False,60.87,,True,False,24,12,0.77,,False
62,9022.T,CENTRAL JAPAN RAILWAY CO,ASIA,Industrials,Railroads,Japan,JPY,3955.0,1.0,script-v2.0,1.0,2026-08-27T19:15:52.939548+02:00,53.1,60.5,77,46,0,4,31,seguimiento,seguimiento,Sin señales de recuperación,True,pass,pendiente,0,desconocido,Pendiente de implementar,ausente,eps_stabilization (media): EPS 149.59 vs 147.88 (Diluted EPS) | dividend_maintained (baja): Dividendo actual 0.81%,incompleto,seguimiento,,,,4105.5,4105.5,4105.50,ROE negativo durante 2 trimestres consecutivos | Ampliación de capital dilutiva | Recorte de rating a bono basura,12-18,"CENTRAL JAPAN RAILWAY CO está un N/D por debajo de su máximo 52s. Fundamentalmente sólida con ROE 11.2%, deuda neta/EBITDA 4.3x. Técnicamente 🟡 MACD convergiendo, 🟢 MACD semanal girando al alza. Clasificación: seguimiento.","CENTRAL JAPAN RAILWAY CO está un N/D por debajo de su máximo 52s. Fundamentalmente sólida con ROE 11.2%, deuda neta/EBITDA 4.3x. Técnicamente 🟡 MACD convergiendo, 🟢 MACD semanal girando al alza. Clasificación: seguimiento.",🟡 MACD convergiendo | 🟢 MACD semanal girando al alza,0.81,11,20,False,5.6,0.92,3050998.0,4425204924416.0,4.28,11.6,,51.9,,,11.2,3754798.0,6.9,0.72,7.97,,,,57.2,False,True,-25.7746,True,,,False,4022.3,,False,False,21,10,0.74,,False
63,9433.T,KDDI CORPORATION,ASIA,Communication Services,Telecom Services,Japan,JPY,2880.5,1.0,script-v2.0,1.0,2026-08-27T19:15:43.578398+02:00,52.7,57.9,99,22,0,9,37,pendiente_confirmacion,pendiente_confirmacion,,False,pass,pendiente,0,desconocido,Pendiente de implementar,parcial,eps_stabilization (media): EPS 51.33 vs 43.00 (Diluted EPS) | debt_reduction (alta): Deuda 5296146.1M vs 5397863.0M | dividend_maintained (baja): Dividendo actual 2.92%,incompleto,pendiente_confirmacion,,,,2652.85,2652.85,2652.85,ROE negativo durante 2 trimestres consecutivos | Ampliación de capital dilutiva | Recorte de rating a bono basura,12-18,"KDDI CORPORATION está un N/D por debajo de su máximo 52s. Fundamentalmente aceptable con ROE 14.6%, deuda neta/EBITDA 2.5x. Técnicamente 🟡 MACD convergiendo, 🟢 base_pattern_detected. Clasificación: pendiente_confirmacion.","KDDI CORPORATION está un N/D por debajo de su máximo 52s. Fundamentalmente aceptable con ROE 14.6%, deuda neta/EBITDA 2.5x. Técnicamente 🟡 MACD convergiendo, 🟢 base_pattern_detected. Clasificación: pendiente_confirmacion.",🟡 MACD convergiendo | 🟢 base_pattern_detected,2.92,11,20,False,43.6,0.94,9074015.0,4465748082688.0,2.48,-1.9,,42.8,,,14.6,10649350.0,15.7,2.14,8.88,,,,52.8,False,True,82.3615,False,,,False,2700.23,,True,False,25,12,0.65,,False
64,000660.KS,SK hynix,ASIA,Technology,Semiconductors,South Korea,KRW,1730000.0,1.0,script-v2.0,1.0,2026-08-27T19:16:07.384260+02:00,52.7,60.9,78,46,0,15,28,pendiente_confirmacion,pendiente_confirmacion,,True,pass,pendiente,0,desconocido,Pendiente de implementar,confirmada,"margin_stabilization (media): Margen gross 79.3% vs 68.8% (+10.5 pp) | eps_stabilization (media): EPS 56670.00 vs 17850.00 (Diluted EPS) | debt_reduction (alta): Deuda 21113138.6M vs 24757848.0M | dividend_maintained (baja): Dividendo actual 0.09% | analyst_upgrade (media): Target 3164331.80 vs precio 1730000.00 (+83%), recMean 1.33, recKey strong_buy",incompleto,pendiente_confirmacion,,,,2538950.0,2538950.0,2538950.00,ROE negativo durante 2 trimestres consecutivos | Ampliación de capital dilutiva | Recorte de rating a bono basura,12-18,"SK hynix está un N/D por debajo de su máximo 52s. Fundamentalmente sólida con ROE 92.7%, deuda neta/EBITDA -0.5x. Técnicamente 🟢 Divergencia alcista RSI. Clasificación: pendiente_confirmacion.","SK hynix está un N/D por debajo de su máximo 52s. Fundamentalmente sólida con ROE 92.7%, deuda neta/EBITDA -0.5x. Técnicamente 🟢 Divergencia alcista RSI. Clasificación: pendiente_confirmacion.",🟢 Divergencia alcista RSI,0.09,11,13,False,1.3,8.04,5714899.0,-66867840417792.0,-0.47,-14.7,gross,76.3,64.8,11.4,92.7,1228048993.0,3.7,,7.89,,,,49.6,False,False,158726.2827,False,,,False,1337741.24,,False,False,28,0,0.69,,False
65,RACE.MI,FERRARI,EUROSTOXX,Consumer Cyclical,Auto Manufacturers,Italy,EUR,355.8,1.0,script-v2.0,1.0,2026-08-27T19:13:55.056612+02:00,51.8,60.0,100,25,0,7,27,pendiente_confirmacion,pendiente_confirmacion,,False,pass,pendiente,0,desconocido,Pendiente de implementar,parcial,margin_stabilization (media): Margen gross 52.6% vs 51.8% (+0.8 pp) | eps_stabilization (media): EPS 2.62 vs 2.33 (Diluted EPS) | dividend_maintained (baja): Dividendo actual 1.02% con caída del 17.5%,incompleto,pendiente_confirmacion,338.08,352.57,338.08 - 352.57,312.28,366.52,312.28 - 366.52,Pérdida del soporte en 352.57 | ROE negativo durante 2 trimestres consecutivos | Ampliación de capital dilutiva | Recorte de rating a bono basura,6-12,"FERRARI está un 17.5% por debajo de su máximo 52s. Fundamentalmente aceptable con ROE 45.4%, deuda neta/EBITDA 0.7x. Técnicamente 🟢 Cerca de soporte, 🟡 trendline_break. Clasificación: pendiente_confirmacion.","FERRARI está un 17.5% por debajo de su máximo 52s. Fundamentalmente aceptable con ROE 45.4%, deuda neta/EBITDA 0.7x. Técnicamente 🟢 Cerca de soporte, 🟡 trendline_break. Clasificación: pendiente_confirmacion.",🟢 Cerca de soporte | 🟡 trendline_break,1.02,11,11,False,39.0,0.86,518507.0,1734133120.0,0.7,8.1,gross,51.6,51.6,0.0,45.4,62537.0,38.3,17.11,26.06,17.5,26.4,13.9,54.7,False,False,11.788,False,24.1,33.4,False,311.2,14.3,False,True,21,6,0.86,352.57,True
66,MO,"Altria Group, Inc.",SP500,Consumer Defensive,Tobacco,United States,USD,67.87,1.0,script-v2.0,1.0,2026-08-27T19:15:07.498282+02:00,51.8,56.1,79,36,0,9,39,pendiente_confirmacion,pendiente_confirmacion,,True,pass,pendiente,0,desconocido,Pendiente de implementar,parcial,eps_stabilization (media): EPS 1.37 vs 1.30 (Diluted EPS) | debt_reduction (alta): Deuda 24577.0M vs 24602.0M | dividend_maintained (baja): Dividendo actual 6.25% con caída del 11.9%,incompleto,pendiente_confirmacion,63.29,67.87,63.29 - 67.87,64.72,65.5,64.72 - 65.50,Pérdida del soporte en 63.29 | ROE negativo durante 2 trimestres consecutivos | Ampliación de capital dilutiva | Recorte de rating a bono basura,6-12,"Altria Group, Inc. está un 11.9% por debajo de su máximo 52s. Fundamentalmente aceptable con deuda neta/EBITDA 1.4x, dividendo 6.2%. Técnicamente 🟢 Cruce alcista MACD. Clasificación: pendiente_confirmacion.","Altria Group, Inc. está un 11.9% por debajo de su máximo 52s. Fundamentalmente aceptable con deuda neta/EBITDA 1.4x, dividendo 6.2%. Técnicamente 🟢 Cruce alcista MACD. Clasificación: pendiente_confirmacion.",🟢 Cruce alcista MACD,6.25,11,20,False,89.3,,8717415.0,22209999360.0,1.41,-0.1,gross,87.2,72.3,14.9,,113326.0,14.3,-42.47,8.73,11.9,11.9,4.9,49.2,True,False,1.0277,False,73.6,82.2,False,65.4,3.8,False,False,39,0,0.53,63.29,False
67,NESTE.HE,Neste Corporation,EUROSTOXX,Energy,Oil & Gas Refining & Marketing,Finland,EUR,31.32,1.0,script-v2.0,1.0,2026-08-27T19:14:03.543928+02:00,50.6,55.2,100,16,0,12,37,pendiente_confirmacion,pendiente_confirmacion,,False,pass,pendiente,0,desconocido,Pendiente de implementar,confirmada,margin_stabilization (media): Margen gross 21.4% vs 19.4% (+2.0 pp) | eps_stabilization (media): EPS 0.99 vs 0.69 (Diluted EPS) | debt_reduction (alta): Deuda 4698.0M vs 5207.0M | dividend_maintained (baja): Dividendo actual 0.64% con caída del 8.0%,incompleto,pendiente_confirmacion,29.22,29.88,29.22 - 29.88,24.86,28.95,24.86 - 28.95,Pérdida del soporte en 29.22 | ROE negativo durante 2 trimestres consecutivos | Ampliación de capital dilutiva | Recorte de rating a bono basura,6-12,"Neste Corporation está un 8.0% por debajo de su máximo 52s. Fundamentalmente aceptable con ROE 19.4%, deuda neta/EBITDA 1.3x. Técnicamente 🟢 base_pattern_detected, 🟡 trendline_break. Clasificación: pendiente_confirmacion.","Neste Corporation está un 8.0% por debajo de su máximo 52s. Fundamentalmente aceptable con ROE 19.4%, deuda neta/EBITDA 1.3x. Técnicamente 🟢 base_pattern_detected, 🟡 trendline_break. Clasificación: pendiente_confirmacion.",🟢 base_pattern_detected | 🟡 trendline_break,0.64,11,20,False,10.1,0.56,1061034.0,3612999936.0,1.33,-9.8,gross,20.0,15.0,5.0,19.4,24063.0,15.8,2.84,10.29,8.0,8.0,26.0,54.0,False,False,2.1677,False,64.6,71.0,False,25.33,23.7,True,True,19,18,0.83,29.22,True
68,6758.T,SONY GROUP CORPORATION,ASIA,Technology,Consumer Electronics,Japan,JPY,3870.0,1.0,script-v2.0,1.0,2026-08-27T19:15:46.996054+02:00,50.5,53.3,89,22,0,10,42,pendiente_confirmacion,pendiente_confirmacion,,False,pass,pendiente,0,desconocido,Pendiente de implementar,parcial,"margin_stabilization (media): Margen gross 36.7% vs 30.8% (+5.9 pp) | eps_stabilization (media): EPS 57.82 vs 13.89 (Diluted EPS) | dividend_maintained (baja): Dividendo actual 0.90% | analyst_upgrade (media): Target 4800.00 vs precio 3870.00 (+24%), recMean 1.35, recKey strong_buy",incompleto,pendiente_confirmacion,,,,4059.6,4059.6,4059.60,ROE negativo durante 2 trimestres consecutivos | Ampliación de capital dilutiva | Recorte de rating a bono basura,12-18,"SONY GROUP CORPORATION está un N/D por debajo de su máximo 52s. Fundamentalmente aceptable con ROE 13.2%, deuda neta/EBITDA -0.1x. Técnicamente 🟢 Cruce alcista MACD, 🟢 base_pattern_detected. Clasificación: pendiente_confirmacion.","SONY GROUP CORPORATION está un N/D por debajo de su máximo 52s. Fundamentalmente aceptable con ROE 13.2%, deuda neta/EBITDA -0.1x. Técnicamente 🟢 Cruce alcista MACD, 🟢 base_pattern_detected. Clasificación: pendiente_confirmacion.",🟢 Cruce alcista MACD | 🟢 base_pattern_detected,0.9,11,20,False,13.4,0.21,18717703.0,-299421007872.0,-0.14,12.0,gross,32.2,32.1,0.2,13.2,22654229.0,20.7,2.72,11.0,,,,62.1,True,False,58.3312,False,,,False,3576.56,,True,False,30,12,0.62,,False
69,005930.KS,SamsungElec,ASIA,Technology,Consumer Electronics,South Korea,KRW,266000.0,1.0,script-v2.0,1.0,2026-08-27T19:16:06.783476+02:00,50.5,54.0,78,33,0,15,40,pendiente_confirmacion,pendiente_confirmacion,,True,pass,pendiente,0,desconocido,Pendiente de implementar,confirmada,"margin_stabilization (media): Margen gross 61.2% vs 47.2% (+14.0 pp) | eps_stabilization (media): EPS 7056.00 vs 1801.00 (Diluted EPS) | debt_reduction (alta): Deuda 22408721.3M vs 25239139.0M | dividend_maintained (baja): Dividendo actual 0.56% | analyst_upgrade (media): Target 470155.62 vs precio 266000.00 (+77%), recMean 1.35, recKey strong_buy",incompleto,pendiente_confirmacion,,,,318325.0,318325.0,318325.00,ROE negativo durante 2 trimestres consecutivos | Ampliación de capital dilutiva | Recorte de rating a bono basura,12-18,"SamsungElec está un N/D por debajo de su máximo 52s. Fundamentalmente aceptable con ROE 30.8%, deuda neta/EBITDA -0.7x. Técnicamente 🟢 Divergencia alcista RSI, 🟢 base_pattern_detected. Clasificación: pendiente_confirmacion.","SamsungElec está un N/D por debajo de su máximo 52s. Fundamentalmente aceptable con ROE 30.8%, deuda neta/EBITDA -0.7x. Técnicamente 🟢 Divergencia alcista RSI, 🟢 base_pattern_detected. Clasificación: pendiente_confirmacion.",🟢 Divergencia alcista RSI | 🟢 base_pattern_detected,0.56,11,20,False,7.5,3.87,30253247.0,-167590313852928.0,-0.74,-11.2,gross,57.5,45.4,12.1,30.8,1746705888.0,3.9,,6.88,,,,50.5,False,False,19992.7573,False,,,False,217603.24,,True,False,28,12,0.72,,False
70,SAP.DE,SAP SE                        I,EUROSTOXX,Technology,Software - Application,Germany,EUR,189.88,1.0,script-v2.0,1.0,2026-08-27T19:13:18.114214+02:00,49.9,52.2,97,13,0,7,43,pendiente_confirmacion,pendiente_confirmacion,,False,pass,pendiente,0,desconocido,Pendiente de implementar,parcial,margin_stabilization (media): Margen gross 73.2% vs 73.0% (+0.2 pp) | eps_stabilization (media): EPS 1.88 vs 1.65 (Diluted EPS) | dividend_maintained (baja): Dividendo actual 1.32% con caída del 22.3%,incompleto,pendiente_confirmacion,155.01,174.8,155.01 - 174.80,167.19,207.66,167.19 - 207.66,Pérdida del soporte en 174.80 | ROE negativo durante 2 trimestres consecutivos | Ampliación de capital dilutiva | Recorte de rating a bono basura,6-12,"SAP SE                        I está un 22.3% por debajo de su máximo 52s. Fundamentalmente aceptable con ROE 18.3%, deuda neta/EBITDA -0.1x. Técnicamente 🟡 MACD convergiendo, 🟢 base_pattern_detected. Clasificación: pendiente_confirmacion.","SAP SE                        I está un 22.3% por debajo de su máximo 52s. Fundamentalmente aceptable con ROE 18.3%, deuda neta/EBITDA -0.1x. Técnicamente 🟡 MACD convergiendo, 🟢 base_pattern_detected. Clasificación: pendiente_confirmacion.",🟡 MACD convergiendo | 🟢 base_pattern_detected | 🟡 trendline_break,1.32,11,20,False,37.4,0.22,2905032.0,-1685999616.0,-0.14,26.4,gross,73.7,72.8,0.9,18.3,219160.0,28.4,4.9,17.57,22.3,31.3,13.6,69.1,False,True,1.5646,False,94.3,74.1,False,166.03,14.4,True,True,25,18,1.09,174.8,True
71,RIO.AX,RIO TINTO FPO [RIO],ASX,Basic Materials,Other Industrial Metals & Mining,United Kingdom,AUD,178.7,1.0,script-v2.0,1.0,2026-08-27T19:15:27.988377+02:00,49.0,52.0,100,10,0,6,40,pendiente_confirmacion,pendiente_confirmacion,,False,pass,pendiente,0,desconocido,Pendiente de implementar,parcial,debt_reduction (alta): Deuda 22852.0M vs 23640.0M | dividend_maintained (baja): Dividendo actual 3.75% con caída del 8.8%,incompleto,pendiente_confirmacion,167.51,167.78,167.51 - 167.78,158.61,166.46,158.61 - 166.46,Pérdida del soporte en 167.51 | ROE negativo durante 2 trimestres consecutivos | Ampliación de capital dilutiva | Recorte de rating a bono basura,6-12,"RIO TINTO FPO [RIO] está un 8.8% por debajo de su máximo 52s. Fundamentalmente aceptable con ROE 19.3%, deuda neta/EBITDA 0.6x. Técnicamente 🟢 Divergencia alcista RSI, 🟢 base_pattern_detected. Clasificación: pendiente_confirmacion.","RIO TINTO FPO [RIO] está un 8.8% por debajo de su máximo 52s. Fundamentalmente aceptable con ROE 19.3%, deuda neta/EBITDA 0.6x. Técnicamente 🟢 Divergencia alcista RSI, 🟢 base_pattern_detected. Clasificación: pendiente_confirmacion.",🟢 Divergencia alcista RSI | 🟢 base_pattern_detected,3.75,11,20,False,55.0,0.32,1277590.0,13344999424.0,0.58,-3.3,,29.8,,,19.3,290426.0,17.3,3.11,13.6,8.8,7.2,12.7,63.0,False,False,5.065,False,75.7,82.5,False,160.03,11.7,True,False,28,12,1.05,167.51,False
72,BDX,"Becton, Dickinson and Company",SP500,Healthcare,Medical Instruments & Supplies,United States,USD,189.415,1.0,script-v2.0,1.0,2026-08-27T19:14:33.198298+02:00,48.8,51.1,81,25,0,12,42,pendiente_confirmacion,pendiente_confirmacion,,False,pass,pendiente,0,desconocido,Pendiente de implementar,confirmada,margin_stabilization (media): Margen gross 46.5% vs 45.7% (+0.8 pp) | eps_stabilization (media): EPS 1.37 vs -1.11 (Diluted EPS) | debt_reduction (alta): Deuda 16808.0M vs 17279.0M | dividend_maintained (baja): Dividendo actual 2.22% con caída del 1.9%,incompleto,pendiente_confirmacion,164.92,180.72,164.92 - 180.72,157.39,164.11,157.39 - 164.11,Pérdida del soporte en 180.72 | ROE negativo durante 2 trimestres consecutivos | Ampliación de capital dilutiva | Recorte de rating a bono basura,6-12,"Becton, Dickinson and Company está un 1.9% por debajo de su máximo 52s. Fundamentalmente aceptable con ROE 6.6%, deuda neta/EBITDA 2.6x. Técnicamente 🟢 Cerca de soporte, 🟢 base_pattern_detected. Clasificación: pendiente_confirmacion.","Becton, Dickinson and Company está un 1.9% por debajo de su máximo 52s. Fundamentalmente aceptable con ROE 6.6%, deuda neta/EBITDA 2.6x. Técnicamente 🟢 Cerca de soporte, 🟢 base_pattern_detected. Clasificación: pendiente_confirmacion.",🟢 Cerca de soporte | 🟢 base_pattern_detected | 🟡 trendline_break,2.22,11,20,False,72.5,0.69,2218985.0,16098999488.0,2.63,-2.7,gross,46.9,46.4,0.5,6.6,51594.0,32.8,2.11,11.1,1.9,1.9,20.4,71.6,False,False,7.8725,False,79.0,82.8,False,158.52,19.5,True,True,24,18,0.59,180.72,True
73,VZ,Verizon Communications Inc.,SP500,Communication Services,Telecom Services,United States,USD,49.725,1.0,script-v2.0,1.0,2026-08-27T19:14:25.742048+02:00,48.6,53.8,89,23,0,9,33,pendiente_confirmacion,pendiente_confirmacion,,False,pass,pendiente,0,desconocido,Pendiente de implementar,parcial,margin_stabilization (media): Margen gross 61.8% vs 60.3% (+1.5 pp) | debt_reduction (alta): Deuda 193646.0M vs 195872.0M | dividend_maintained (baja): Dividendo actual 5.69% con caída del 3.8%,incompleto,pendiente_confirmacion,44.77,45.67,44.77 - 45.67,43.93,44.33,43.93 - 44.33,Pérdida del soporte en 44.77 | ROE negativo durante 2 trimestres consecutivos | Ampliación de capital dilutiva | Recorte de rating a bono basura,6-12,"Verizon Communications Inc. está un 3.8% por debajo de su máximo 52s. Fundamentalmente aceptable con ROE 15.8%, deuda neta/EBITDA 3.8x. Técnicamente 🟢 base_pattern_detected, 🟡 trendline_break. Clasificación: pendiente_confirmacion.","Verizon Communications Inc. está un 3.8% por debajo de su máximo 52s. Fundamentalmente aceptable con ROE 15.8%, deuda neta/EBITDA 3.8x. Técnicamente 🟢 base_pattern_detected, 🟡 trendline_break. Clasificación: pendiente_confirmacion.",🟢 base_pattern_detected | 🟡 trendline_break,5.69,11,20,False,72.8,1.84,27128515.0,191850002176.0,3.76,-1.1,gross,59.5,59.3,0.1,15.8,206596.0,12.9,1.99,7.86,3.8,2.1,12.2,65.4,False,False,1.0871,False,77.5,87.7,False,44.79,11.0,True,True,15,18,0.88,44.77,True
74,CVX,Chevron Corporation,SP500,Energy,Oil & Gas Integrated,United States,USD,199.11,1.0,script-v2.0,1.0,2026-08-27T19:14:28.443182+02:00,48.3,53.1,100,12,0,12,34,pendiente_confirmacion,pendiente_confirmacion,,False,pass,pendiente,0,desconocido,Pendiente de implementar,confirmada,margin_stabilization (media): Margen gross 36.5% vs 28.4% (+8.1 pp) | eps_stabilization (media): EPS 6.11 vs 1.11 (Diluted EPS) | debt_reduction (alta): Deuda 37075.0M vs 45428.0M | dividend_maintained (baja): Dividendo actual 3.58% con caída del 7.3%,incompleto,pendiente_confirmacion,185.67,192.48,185.67 - 192.48,176.46,182.5,176.46 - 182.50,Pérdida del soporte en 192.48 | ROE negativo durante 2 trimestres consecutivos | Ampliación de capital dilutiva | Recorte de rating a bono basura,6-12,"Chevron Corporation está un 7.3% por debajo de su máximo 52s. Fundamentalmente aceptable con ROE 12.2%, deuda neta/EBITDA 0.6x. Técnicamente 🟢 Cerca de soporte, 🟢 base_pattern_detected. Clasificación: pendiente_confirmacion.","Chevron Corporation está un 7.3% por debajo de su máximo 52s. Fundamentalmente aceptable con ROE 12.2%, deuda neta/EBITDA 0.6x. Técnicamente 🟢 Cerca de soporte, 🟢 base_pattern_detected. Clasificación: pendiente_confirmacion.",🟢 Cerca de soporte | 🟢 base_pattern_detected | 🟡 trendline_break,3.58,11,20,False,67.2,0.19,8513098.0,28545001472.0,0.56,-18.4,gross,44.3,31.9,12.3,12.2,390575.0,19.2,2.06,8.43,7.3,5.6,12.8,57.1,False,False,6.2895,False,54.6,60.8,False,178.07,11.8,True,True,16,18,0.78,192.48,True
75,SWK,"Stanley Black & Decker, Inc.",SP500,Industrials,Tools & Accessories,United States,USD,99.29,1.0,script-v2.0,1.0,2026-08-27T19:14:31.134870+02:00,48.0,50.3,85,20,0,12,41,pendiente_confirmacion,pendiente_confirmacion,,False,pass,pendiente,0,desconocido,Pendiente de implementar,confirmada,margin_stabilization (media): Margen gross 33.0% vs 30.1% (+2.9 pp) | eps_stabilization (media): EPS 2.33 vs 0.39 (Diluted EPS) | debt_reduction (alta): Deuda 5211.5M vs 6501.2M | dividend_maintained (baja): Dividendo actual 3.38% con caída del 5.1%,incompleto,pendiente_confirmacion,94.02,97.25,94.02 - 97.25,80.09,88.98,80.09 - 88.98,Pérdida del soporte en 97.25 | ROE negativo durante 2 trimestres consecutivos | Ampliación de capital dilutiva | Recorte de rating a bono basura,6-12,"Stanley Black & Decker, Inc. está un 5.1% por debajo de su máximo 52s. Fundamentalmente aceptable con ROE 6.9%, deuda neta/EBITDA 2.6x. Técnicamente 🟡 MACD convergiendo, 🟢 Cerca de soporte. Clasificación: pendiente_confirmacion.","Stanley Black & Decker, Inc. está un 5.1% por debajo de su máximo 52s. Fundamentalmente aceptable con ROE 6.9%, deuda neta/EBITDA 2.6x. Técnicamente 🟡 MACD convergiendo, 🟢 Cerca de soporte. Clasificación: pendiente_confirmacion.",🟡 MACD convergiendo | 🟢 Cerca de soporte | 🟡 trendline_break,3.38,11,20,False,81.2,0.58,1742044.0,4619100032.0,2.58,-19.8,gross,32.2,31.9,0.3,6.9,14994.0,24.3,1.67,10.99,5.1,5.1,24.0,54.4,False,True,6.5901,False,29.4,27.8,False,81.46,21.9,False,True,35,6,0.58,97.25,True
76,EDP.LS,"EDP, SA",EUROSTOXX,Utilities,Utilities - Diversified,Portugal,EUR,4.666,1.0,script-v2.0,1.0,2026-08-27T19:14:00.412228+02:00,47.6,52.5,84,25,0,7,33,pendiente_confirmacion,pendiente_confirmacion,,False,pass,pendiente,0,desconocido,Pendiente de implementar,parcial,margin_stabilization (media): Margen gross 39.7% vs 40.0% (-0.3 pp) | eps_stabilization (media): EPS 0.09 vs 0.09 (Diluted EPS) | dividend_maintained (baja): Dividendo actual 4.50% con caída del 2.1%,incompleto,pendiente_confirmacion,4.37,4.54,4.37 - 4.54,4.05,4.22,4.05 - 4.22,Pérdida del soporte en 4.37 | ROE negativo durante 2 trimestres consecutivos | Ampliación de capital dilutiva | Recorte de rating a bono basura,6-12,"EDP, SA está un 2.1% por debajo de su máximo 52s. Fundamentalmente aceptable con ROE 8.9%, deuda neta/EBITDA 5.5x. Técnicamente 🟢 base_pattern_detected, 🟡 trendline_break. Clasificación: pendiente_confirmacion.","EDP, SA está un 2.1% por debajo de su máximo 52s. Fundamentalmente aceptable con ROE 8.9%, deuda neta/EBITDA 5.5x. Técnicamente 🟢 base_pattern_detected, 🟡 trendline_break. Clasificación: pendiente_confirmacion.",🟢 base_pattern_detected | 🟡 trendline_break,4.5,11,20,False,70.8,1.46,8392891.0,21343151360.0,5.51,3.7,gross,40.6,37.1,3.5,8.9,19289.0,16.1,1.59,11.65,2.1,0.9,10.7,59.0,False,False,0.1282,False,82.9,90.3,False,4.24,10.1,True,True,15,18,0.95,4.37,True
77,XOM,ExxonMobil Holdings Corporation,SP500,Energy,Oil & Gas Integrated,United States,USD,157.4,1.0,script-v2.0,1.0,2026-08-27T19:14:27.977019+02:00,47.3,53.1,100,12,0,12,30,pendiente_confirmacion,pendiente_confirmacion,,False,pass,pendiente,0,desconocido,Pendiente de implementar,confirmada,margin_stabilization (media): Margen gross 22.5% vs 16.7% (+5.8 pp) | eps_stabilization (media): EPS 3.48 vs 1.00 (Diluted EPS) | debt_reduction (alta): Deuda 42368.0M vs 47661.0M | dividend_maintained (baja): Dividendo actual 2.62% con caída del 10.8%,incompleto,pendiente_confirmacion,143.46,149.46,143.46 - 149.46,141.71,149.95,141.71 - 149.95,Pérdida del soporte en 143.46 | ROE negativo durante 2 trimestres consecutivos | Ampliación de capital dilutiva | Recorte de rating a bono basura,6-12,"ExxonMobil Holdings Corporation está un 10.8% por debajo de su máximo 52s. Fundamentalmente aceptable con ROE 12.6%, deuda neta/EBITDA 0.5x. Técnicamente 🟢 base_pattern_detected, 🟡 trendline_break. Clasificación: pendiente_confirmacion.","ExxonMobil Holdings Corporation está un 10.8% por debajo de su máximo 52s. Fundamentalmente aceptable con ROE 12.6%, deuda neta/EBITDA 0.5x. Técnicamente 🟢 base_pattern_detected, 🟡 trendline_break. Clasificación: pendiente_confirmacion.",🟢 base_pattern_detected | 🟡 trendline_break,2.62,11,20,False,52.5,0.16,15822117.0,31779999744.0,0.47,-11.1,gross,29.8,20.4,9.3,12.6,647215.0,20.3,2.5,10.14,10.8,9.6,11.1,50.6,False,False,5.1972,False,26.0,41.3,False,142.89,10.2,True,True,12,18,0.88,143.46,True
78,DGE.L,DIAGEO PLC ORD 28 101/108P,EUROSTOXX,Consumer Defensive,Beverages - Wineries & Distilleries,United Kingdom,GBp,1701.5,1.0,script-v2.0,1.0,2026-08-27T19:14:17.296311+02:00,46.8,49.3,76,26,0,6,39,pendiente_confirmacion,pendiente_confirmacion,,False,pass,pendiente,0,desconocido,Pendiente de implementar,parcial,debt_reduction (alta): Deuda 22196.0M vs 24401.0M | dividend_maintained (baja): Dividendo actual 0.03% con caída del 19.3%,incompleto,pendiente_confirmacion,1621.72,1638.5,1621.72 - 1638.50,1600.46,1792.65,1600.46 - 1792.65,Pérdida del soporte en 1638.50 | ROE negativo durante 2 trimestres consecutivos | Ampliación de capital dilutiva | Recorte de rating a bono basura,6-12,"DIAGEO PLC ORD 28 101/108P está un 19.3% por debajo de su máximo 52s. Fundamentalmente aceptable con ROE 15.0%, deuda neta/EBITDA 3.2x. Técnicamente 🟢 Cerca de soporte, 🟢 base_pattern_detected. Clasificación: pendiente_confirmacion.","DIAGEO PLC ORD 28 101/108P está un 19.3% por debajo de su máximo 52s. Fundamentalmente aceptable con ROE 15.0%, deuda neta/EBITDA 3.2x. Técnicamente 🟢 Cerca de soporte, 🟢 base_pattern_detected. Clasificación: pendiente_confirmacion.",🟢 Cerca de soporte | 🟢 base_pattern_detected | 🟡 trendline_break,0.03,11,20,False,106.6,1.71,5305172.0,20415000832.0,3.18,-9.0,,59.8,,,15.0,37835.0,29.9,4.75,9.51,19.3,36.4,6.3,51.9,False,False,25.0619,False,28.6,42.4,False,1597.19,6.5,True,True,21,18,0.75,1638.5,True
79,SON.LS,SONAE,EUROSTOXX,Consumer Defensive,Grocery Stores,Portugal,EUR,2.01,1.0,script-v2.0,1.0,2026-08-27T19:14:00.561980+02:00,45.4,45.9,80,16,0,9,44,pendiente_confirmacion,pendiente_confirmacion,,False,pass,pendiente,0,desconocido,Pendiente de implementar,parcial,eps_stabilization (media): EPS 0.04 vs 0.02 (Diluted EPS) | debt_reduction (alta): Deuda 3592.0M vs 3795.3M | dividend_maintained (baja): Dividendo actual 2.99% con caída del 6.7%,incompleto,pendiente_confirmacion,1.93,2.01,1.93 - 2.01,1.83,1.84,1.83 - 1.84,Pérdida del soporte en 1.93 | ROE negativo durante 2 trimestres consecutivos | Ampliación de capital dilutiva | Recorte de rating a bono basura,6-12,"SONAE está un 6.7% por debajo de su máximo 52s. Fundamentalmente aceptable con ROE 8.7%, deuda neta/EBITDA 4.5x. Técnicamente 🟢 Cruce alcista MACD, 🟢 Cerca de soporte. Clasificación: pendiente_confirmacion.","SONAE está un 6.7% por debajo de su máximo 52s. Fundamentalmente aceptable con ROE 8.7%, deuda neta/EBITDA 4.5x. Técnicamente 🟢 Cruce alcista MACD, 🟢 Cerca de soporte. Clasificación: pendiente_confirmacion.",🟢 Cruce alcista MACD | 🟢 Cerca de soporte,2.99,10,10,False,55.4,0.93,1457200.0,3083448000.0,4.5,-5.4,gross,24.7,31.8,-7.2,8.7,3909.0,18.3,1.2,10.2,6.7,6.7,9.5,46.7,True,False,0.079,False,57.6,47.1,False,1.85,8.5,False,False,44,0,0.84,1.93,True
80,DB1.DE,DEUTSCHE BOERSE AG            N,EUROSTOXX,Financial Services,Financial Data & Stock Exchanges,Germany,EUR,288.8,1.0,script-v2.0,1.0,2026-08-27T19:13:18.304204+02:00,44.2,46.7,100,0,0,9,37,pendiente_confirmacion,pendiente_confirmacion,,False,pass,pendiente,0,desconocido,Pendiente de implementar,parcial,eps_stabilization (media): EPS 3.21 vs 2.68 (Diluted EPS) | debt_reduction (alta): Deuda 6187.0M vs 9583.0M | dividend_maintained (baja): Dividendo actual 1.45% con caída del 0.5%,incompleto,pendiente_confirmacion,261.8,269.3,261.80 - 269.30,237.9,246.75,237.90 - 246.75,Pérdida del soporte en 269.30 | ROE negativo durante 2 trimestres consecutivos | Ampliación de capital dilutiva | Recorte de rating a bono basura,6-12,"DEUTSCHE BOERSE AG            N está un 0.5% por debajo de su máximo 52s. Fundamentalmente aceptable con ROE 20.4%, deuda neta/EBITDA 1.3x. Técnicamente 🟢 base_pattern_detected, 🟡 trendline_break. Clasificación: pendiente_confirmacion.","DEUTSCHE BOERSE AG            N está un 0.5% por debajo de su máximo 52s. Fundamentalmente aceptable con ROE 20.4%, deuda neta/EBITDA 1.3x. Técnicamente 🟢 base_pattern_detected, 🟡 trendline_break. Clasificación: pendiente_confirmacion.",🟢 base_pattern_detected | 🟡 trendline_break,1.45,11,20,False,36.2,0.58,324479.0,4411999744.0,1.32,-35.4,gross,80.5,50.9,29.6,20.4,52067.0,24.9,5.03,16.89,0.5,0.5,21.4,74.5,False,False,11.3839,False,92.9,91.7,False,239.95,20.4,True,True,19,18,1.2,269.3,True
81,CSCO,"Cisco Systems, Inc.",SP500,Technology,Communication Equipment,United States,USD,111.99,1.0,script-v2.0,1.0,2026-08-27T19:14:46.725757+02:00,44.2,46.7,100,0,0,12,37,pendiente_confirmacion,pendiente_confirmacion,,False,pass,pendiente,0,desconocido,Pendiente de implementar,confirmada,"eps_stabilization (media): EPS 0.85 vs 0.80 (Diluted EPS) | debt_reduction (alta): Deuda 29533.0M vs 30086.0M | dividend_maintained (baja): Dividendo actual 1.50% con caída del 14.1% | analyst_upgrade (media): Target 137.74 vs precio 111.99 (+23%), recMean 1.85, recKey buy",incompleto,pendiente_confirmacion,90.66,111.99,90.66 - 111.99,93.18,110.81,93.18 - 110.81,Pérdida del soporte en 90.66 | ROE negativo durante 2 trimestres consecutivos | Ampliación de capital dilutiva | Recorte de rating a bono basura,6-12,"Cisco Systems, Inc. está un 14.1% por debajo de su máximo 52s. Fundamentalmente aceptable con ROE 27.3%, deuda neta/EBITDA 0.7x. Técnicamente 🟡 MACD convergiendo, 🟢 base_pattern_detected. Clasificación: pendiente_confirmacion.","Cisco Systems, Inc. está un 14.1% por debajo de su máximo 52s. Fundamentalmente aceptable con ROE 27.3%, deuda neta/EBITDA 0.7x. Técnicamente 🟡 MACD convergiendo, 🟢 base_pattern_detected. Clasificación: pendiente_confirmacion.",🟡 MACD convergiendo | 🟢 base_pattern_detected,1.5,11,16,False,49.9,0.59,23376985.0,13614999552.0,0.73,-1.8,gross,64.6,64.3,0.2,27.3,441401.0,33.6,8.79,24.55,14.1,13.8,20.2,45.3,False,True,7.5482,False,17.8,16.7,False,94.35,18.7,True,False,25,12,0.43,90.66,False
82,KO,Coca-Cola Company (The),SP500,Consumer Defensive,Beverages - Non-Alcoholic,United States,USD,89.565,1.0,script-v2.0,1.0,2026-08-27T19:14:21.939907+02:00,43.0,43.4,93,0,0,7,42,pendiente_confirmacion,pendiente_confirmacion,,False,pass,pendiente,0,desconocido,Pendiente de implementar,parcial,margin_stabilization (media): Margen gross 62.9% vs 63.0% (-0.1 pp) | eps_stabilization (media): EPS 1.03 vs 0.91 (Diluted EPS) | dividend_maintained (baja): Dividendo actual 2.37% con caída del 3.2%,incompleto,pendiente_confirmacion,85.05,85.89,85.05 - 85.89,77.32,78.62,77.32 - 78.62,Pérdida del soporte en 85.89 | ROE negativo durante 2 trimestres consecutivos | Ampliación de capital dilutiva | Recorte de rating a bono basura,6-12,"Coca-Cola Company (The) está un 3.2% por debajo de su máximo 52s. Fundamentalmente aceptable con ROE 42.1%, deuda neta/EBITDA 1.6x. Técnicamente 🟢 Cerca de soporte, 🟢 base_pattern_detected. Clasificación: pendiente_confirmacion.","Coca-Cola Company (The) está un 3.2% por debajo de su máximo 52s. Fundamentalmente aceptable con ROE 42.1%, deuda neta/EBITDA 1.6x. Técnicamente 🟢 Cerca de soporte, 🟢 base_pattern_detected. Clasificación: pendiente_confirmacion.",🟢 Cerca de soporte | 🟢 base_pattern_detected | 🟡 trendline_break,2.37,11,20,False,62.5,1.16,17751123.0,27889998848.0,1.64,0.8,gross,61.9,61.8,0.0,42.1,385358.0,26.9,10.66,24.57,3.2,3.2,15.8,58.5,False,False,3.7212,False,57.2,69.8,False,77.91,15.0,True,True,24,18,0.81,85.89,True
83,105560.KS,KBFinancialGroup,ASIA,Financial Services,Banks - Regional,South Korea,KRW,168100.0,1.0,script-v2.0,1.0,2026-08-27T19:16:10.650797+02:00,42.8,44.7,74,19,0,7,37,pendiente_confirmacion,pendiente_confirmacion,,False,pass,pendiente,0,desconocido,Pendiente de implementar,parcial,"eps_stabilization (media): EPS 5120.00 vs 4458.00 (Diluted EPS) | dividend_maintained (baja): Dividendo actual 2.75% | analyst_upgrade (media): Target 213395.00 vs precio 168100.00 (+27%), recMean 1.40, recKey strong_buy",incompleto,pendiente_confirmacion,,,,165325.0,165325.0,165325.00,ROE negativo durante 2 trimestres consecutivos | Ampliación de capital dilutiva | Recorte de rating a bono basura,12-18,"KBFinancialGroup está un N/D por debajo de su máximo 52s. Fundamentalmente aceptable con ROE 10.2%, dividendo 2.8%. Técnicamente 🟡 MACD convergiendo, 🟢 base_pattern_detected. Clasificación: pendiente_confirmacion.","KBFinancialGroup está un N/D por debajo de su máximo 52s. Fundamentalmente aceptable con ROE 10.2%, dividendo 2.8%. Técnicamente 🟡 MACD convergiendo, 🟢 base_pattern_detected. Clasificación: pendiente_confirmacion.",🟡 MACD convergiendo | 🟢 base_pattern_detected,2.75,11,17,False,27.2,,1397727.0,24998337052672.0,,37.4,,0.0,,,10.2,59020937.0,8.4,,,,,,49.3,False,True,7203.3267,False,,,False,151436.87,,True,False,25,12,0.75,,False
84,0941.HK,CHINA MOBILE,ASIA,Communication Services,Telecom Services,Hong Kong,HKD,79.45,1.0,script-v2.0,1.0,2026-08-27T19:16:04.604410+02:00,41.8,44.1,66,25,0,7,35,pendiente_confirmacion,pendiente_confirmacion,,False,pass,pendiente,0,desconocido,Pendiente de implementar,parcial,"eps_stabilization (media): EPS 6.42 vs 6.15 (annual_eps_fallback) | dividend_maintained (baja): Dividendo actual 6.82% | analyst_upgrade (media): Target 96.64 vs precio 79.45 (+22%), recMean 1.73, recKey buy",incompleto,pendiente_confirmacion,,,,76.5,76.5,76.50,ROE negativo durante 2 trimestres consecutivos | Ampliación de capital dilutiva | Recorte de rating a bono basura,12-18,"CHINA MOBILE está un N/D por debajo de su máximo 52s. Fundamentalmente aceptable con ROE 9.3%, deuda neta/EBITDA -0.9x. Técnicamente 🟢 Divergencia alcista RSI, 🟡 MACD convergiendo. Clasificación: pendiente_confirmacion.","CHINA MOBILE está un N/D por debajo de su máximo 52s. Fundamentalmente aceptable con ROE 9.3%, deuda neta/EBITDA -0.9x. Técnicamente 🟢 Divergencia alcista RSI, 🟡 MACD convergiendo. Clasificación: pendiente_confirmacion.",🟢 Divergencia alcista RSI | 🟡 MACD convergiendo,6.82,11,20,False,77.4,6.93,16106313.0,-223896002560.0,-0.86,7.5,,27.8,,,9.3,1719664.0,11.3,1.04,5.84,,,,59.3,False,True,0.6536,False,,,False,77.26,,False,False,35,0,1.02,,False
85,055550.KS,ShinhanGroup,ASIA,Financial Services,Banks - Regional,South Korea,KRW,108800.0,1.0,script-v2.0,1.0,2026-08-27T19:16:10.051244+02:00,41.0,43.7,72,19,0,7,33,pendiente_confirmacion,pendiente_confirmacion,,False,pass,pendiente,0,desconocido,Pendiente de implementar,parcial,"eps_stabilization (media): EPS 3327.00 vs 1070.12 (Diluted EPS) | dividend_maintained (baja): Dividendo actual 2.72% | analyst_upgrade (media): Target 132684.20 vs precio 108800.00 (+22%), recMean 1.40, recKey strong_buy",incompleto,pendiente_confirmacion,,,,96305.0,96305.0,96305.00,ROE negativo durante 2 trimestres consecutivos | Ampliación de capital dilutiva | Recorte de rating a bono basura,12-18,"ShinhanGroup está un N/D por debajo de su máximo 52s. Fundamentalmente aceptable con ROE 8.9%, dividendo 2.7%. Técnicamente 🟡 MACD convergiendo, 🟢 base_pattern_detected. Clasificación: pendiente_confirmacion.","ShinhanGroup está un N/D por debajo de su máximo 52s. Fundamentalmente aceptable con ROE 8.9%, dividendo 2.7%. Técnicamente 🟡 MACD convergiendo, 🟢 base_pattern_detected. Clasificación: pendiente_confirmacion.",🟡 MACD convergiendo | 🟢 base_pattern_detected,2.72,11,18,False,25.3,,1390125.0,25527976984576.0,,21.7,,0.0,,,8.9,51230043.0,7.9,,,,,,56.0,False,True,5020.2689,False,,,False,93676.48,,True,False,21,12,0.85,,False
86,7267.T,HONDA MOTOR CO,ASIA,Consumer Cyclical,Auto Manufacturers,Japan,JPY,1662.5,1.0,script-v2.0,1.0,2026-08-27T19:15:47.384156+02:00,40.6,41.9,52,33,0,7,37,pendiente_confirmacion,pendiente_confirmacion,,True,pass,pendiente,0,desconocido,Pendiente de implementar,parcial,margin_stabilization (media): Margen gross 22.2% vs 6.4% (+15.8 pp) | eps_stabilization (media): EPS 115.84 vs 46.80 (Diluted EPS) | dividend_maintained (baja): Dividendo actual 4.21%,incompleto,pendiente_confirmacion,,,,1498.12,1498.12,1498.12,ROE negativo durante 2 trimestres consecutivos | Ampliación de capital dilutiva | Recorte de rating a bono basura,12-18,"HONDA MOTOR CO está un N/D por debajo de su máximo 52s. Fundamentalmente aceptable con ROE -0.8%, deuda neta/EBITDA 6.9x. Técnicamente 🟡 MACD convergiendo, 🟢 base_pattern_detected. Clasificación: pendiente_confirmacion.","HONDA MOTOR CO está un N/D por debajo de su máximo 52s. Fundamentalmente aceptable con ROE -0.8%, deuda neta/EBITDA 6.9x. Técnicamente 🟡 MACD convergiendo, 🟢 base_pattern_detected. Clasificación: pendiente_confirmacion.",🟡 MACD convergiendo | 🟢 base_pattern_detected,4.21,11,20,False,55.3,1.14,18744249.0,8874140106752.0,6.92,225.1,gross,17.4,17.3,0.1,-0.8,6472140.0,7.3,0.52,12.21,,,,53.8,False,True,68.7369,False,,,False,1476.37,,True,False,25,12,0.84,,False
87,BAYN.DE,Bayer AG                      N,EUROSTOXX,Healthcare,Drug Manufacturers - General,Germany,EUR,48.48,1.0,script-v2.0,1.0,2026-08-27T19:13:09.897595+02:00,40.2,40.6,55,28,0,6,39,pendiente_confirmacion,pendiente_confirmacion,,False,pass,pendiente,0,desconocido,Pendiente de implementar,parcial,debt_reduction (alta): Deuda 38431.0M vs 40697.0M | dividend_maintained (baja): Dividendo actual 0.23% con caída del 10.1%,incompleto,pendiente_confirmacion,46.56,47.8,46.56 - 47.80,40.68,45.83,40.68 - 45.83,Pérdida del soporte en 46.56 | ROE negativo durante 2 trimestres consecutivos | Ampliación de capital dilutiva | Recorte de rating a bono basura,6-12,"Bayer AG                      N está un 10.1% por debajo de su máximo 52s. Fundamentalmente aceptable con ROE -5.7%, deuda neta/EBITDA 3.3x. Técnicamente 🟢 Cerca de soporte, 🟢 base_pattern_detected. Clasificación: pendiente_confirmacion.","Bayer AG                      N está un 10.1% por debajo de su máximo 52s. Fundamentalmente aceptable con ROE -5.7%, deuda neta/EBITDA 3.3x. Técnicamente 🟢 Cerca de soporte, 🟢 base_pattern_detected. Clasificación: pendiente_confirmacion.",🟢 Cerca de soporte | 🟢 base_pattern_detected | 🟡 trendline_break,0.23,11,20,True,163.3,1.29,2987183.0,33348998656.0,3.29,-5.6,gross,60.5,58.8,1.6,-5.7,47628.0,10.1,1.61,8.06,10.1,10.1,19.2,52.3,False,False,3.1087,False,41.4,54.5,False,41.27,17.5,True,True,21,18,0.77,46.56,True
88,NOVN.SW,NOVARTIS N,EUROSTOXX,Healthcare,Drug Manufacturers - General,Switzerland,CHF,124.64,1.0,script-v2.0,1.0,2026-08-27T19:14:03.931961+02:00,40.2,42.0,90,0,0,7,35,pendiente_confirmacion,pendiente_confirmacion,,False,pass,pendiente,0,desconocido,Pendiente de implementar,parcial,margin_stabilization (media): Margen gross 75.2% vs 74.4% (+0.8 pp) | eps_stabilization (media): EPS 1.71 vs 1.65 (Diluted EPS) | dividend_maintained (baja): Dividendo actual 2.97% con caída del 5.2%,incompleto,pendiente_confirmacion,118.21,124.64,118.21 - 124.64,111.77,116.77,111.77 - 116.77,Pérdida del soporte en 118.21 | ROE negativo durante 2 trimestres consecutivos | Ampliación de capital dilutiva | Recorte de rating a bono basura,6-12,"NOVARTIS N está un 5.2% por debajo de su máximo 52s. Fundamentalmente aceptable con ROE 30.3%, deuda neta/EBITDA 1.8x. Técnicamente 🟢 Cruce alcista MACD. Clasificación: pendiente_confirmacion.","NOVARTIS N está un 5.2% por debajo de su máximo 52s. Fundamentalmente aceptable con ROE 30.3%, deuda neta/EBITDA 1.8x. Técnicamente 🟢 Cruce alcista MACD. Clasificación: pendiente_confirmacion.",🟢 Cruce alcista MACD,2.97,11,20,False,69.9,1.17,2589516.0,41396001792.0,1.79,4.3,gross,75.0,74.7,0.2,30.3,236905.0,23.5,7.11,12.28,5.2,5.2,6.7,46.9,True,False,3.3034,False,47.3,75.4,False,117.8,5.8,False,False,35,0,0.89,118.21,True
89,SJM,The J.M. Smucker Company,SP500,Consumer Defensive,Packaged Foods,United States,USD,133.9,1.0,script-v2.0,1.0,2026-08-27T19:15:10.238489+02:00,39.0,41.7,71,16,0,12,31,pendiente_confirmacion,pendiente_confirmacion,,False,pass,pendiente,0,desconocido,Pendiente de implementar,confirmada,margin_stabilization (media): Margen gross 38.0% vs 35.4% (+2.6 pp) | eps_stabilization (media): EPS 3.64 vs -6.79 (Diluted EPS) | debt_reduction (alta): Deuda 6737.8M vs 7454.3M | dividend_maintained (baja): Dividendo actual 3.35% con caída del 0.7%,incompleto,pendiente_confirmacion,113.63,116.36,113.63 - 116.36,104.2,114.62,104.20 - 114.62,Pérdida del soporte en 113.63 | ROE negativo durante 2 trimestres consecutivos | Ampliación de capital dilutiva | Recorte de rating a bono basura,6-12,"The J.M. Smucker Company está un 0.7% por debajo de su máximo 52s. Fundamentalmente aceptable con ROE 3.9%, deuda neta/EBITDA 2.8x. Técnicamente 🟢 Volumen creciente, 🟡 trendline_break. Clasificación: pendiente_confirmacion.","The J.M. Smucker Company está un 0.7% por debajo de su máximo 52s. Fundamentalmente aceptable con ROE 3.9%, deuda neta/EBITDA 2.8x. Técnicamente 🟢 Volumen creciente, 🟡 trendline_break. Clasificación: pendiente_confirmacion.",🟢 Volumen creciente | 🟡 trendline_break,3.35,11,20,False,205.6,1.17,1525142.0,6694600192.0,2.81,-9.6,gross,39.4,33.3,6.1,3.9,14311.0,62.9,2.58,8.69,0.7,0.7,28.5,74.1,False,False,6.5252,False,95.3,89.6,False,105.01,27.5,False,True,25,6,1.54,113.63,True
