Rank,Ticker,Nombre,Mercado,Sector,Industria,País,Moneda,Precio,Rules_Version,Model_Version,Config_Version,Evaluation_Timestamp,Score_Total,Score_Cuantitativo,Score_Fundamental,Score_Valoracion,Score_Causal,Score_Recuperacion,Score_Tecnico,Clasificacion,Clasificacion_Base,hard_rules_applied,Capa1_Pasa,Capa1_Status,Capa2_Causal_Classification,Capa2_Causal_Confidence,Capa2_Problem_Type,Capa2_Justification,Capa3_Recovery_Status,Capa3_Recovery_Signals,Capa4_Status,Capa5_Final_Classification,Capa5_Entry_Zone_Min,Capa5_Entry_Zone_Max,Capa5_Entry_Zone,Capa5_Exit_Zone_Min,Capa5_Exit_Zone_Max,Capa5_Exit_Zone,Capa5_Invalidation_Conditions,Capa5_Estimated_Horizon_Months,Capa5_Short_Explanation,Capa5_Summary_Explanation,Señales,Div_Yield_Actual_%,Historial_Div_Años_10,Consec_Antes_Corte,Recorte_Reciente,Payout_%,D/E,Vol_Medio_Diario,Net_Debt,Net_Debt_EBITDA,Variacion_Deuda_Trimestral_%,Tipo_Margen,Margen_Actual_%,Margen_Medio_4T_%,Variacion_Margen_pp,ROE_%,Cap_Millones,PER,P/B,EV_EBITDA,Caida_52s_%,Caida_Max_Multianual_%,Dist_SMA200_%,RSI_14,MACD_Cruce,MACD_Convergiendo,MACD_Semanal,MACD_Semanal_Giro,Estocastico_K,Estocastico_D,Estocastico_Giro,MA40_Semanal,Dist_MA40_Semanal_%,Base_Pattern_Detected,Trendline_Break,Technical_Base_Score,Technical_Bonus_Points,Vol_Ratio,Soporte,SMA50_Girando
1,RI.PA,PERNOD RICARD,EUROSTOXX,Consumer Defensive,Beverages - Wineries & Distilleries,France,EUR,59.42,1.0,script-v2.0,1.0,2026-09-12T11:56:18.519703+02:00,87.0,90.7,80,100,0,7,76,seguimiento,seguimiento,,True,pass,pendiente,0,desconocido,Pendiente de implementar,parcial,"eps_stabilization (media): EPS 6.45 vs 5.83 (annual_eps_fallback) | dividend_maintained (baja): Dividendo actual 7.91% con caída del 35.4% | analyst_upgrade (media): Target 81.71 vs precio 59.42 (+38%), recMean 2.50, recKey buy",fuerte,seguimiento,56.48,59.42,56.48 - 59.42,66.98,78.23,66.98 - 78.23,Pérdida del soporte en 56.48 | ROE negativo durante 2 trimestres consecutivos | Ampliación de capital dilutiva | Recorte de rating a bono basura,12-18,"PERNOD RICARD está un 35.4% por debajo de su máximo 52s. Fundamentalmente sólida con ROE 7.6%, deuda neta/EBITDA 3.9x. Técnicamente 🔵 RSI en sobreventa, 🟡 MACD convergiendo. Clasificación: seguimiento.","PERNOD RICARD está un 35.4% por debajo de su máximo 52s. Fundamentalmente sólida con ROE 7.6%, deuda neta/EBITDA 3.9x. Técnicamente 🔵 RSI en sobreventa, 🟡 MACD convergiendo. Clasificación: seguimiento.",🔵 RSI en sobreventa | 🟡 MACD convergiendo | 🟢 Cerca de soporte | 🟢 base_pattern_detected,7.91,11,20,False,84.0,0.77,697641.0,10684999680.0,3.91,0.7,,58.4,,,7.6,14963.0,10.6,0.97,9.76,35.4,52.7,-11.3,29.5,False,True,-1.3661,False,5.0,4.5,False,66.73,-11.0,True,False,64,12,0.94,56.48,False
2,CAP.PA,CAPGEMINI,EUROSTOXX,Technology,Information Technology Services,France,EUR,102.9,1.0,script-v2.0,1.0,2026-09-12T11:56:10.801977+02:00,85.0,89.7,95,85,0,4,71,seguimiento,seguimiento,Sin señales de recuperación,True,pass,pendiente,0,desconocido,Pendiente de implementar,ausente,"dividend_maintained (baja): Dividendo actual 3.30% con caída del 32.8% | analyst_upgrade (media): Target 140.51 vs precio 102.90 (+37%), recMean 1.76, recKey buy",fuerte,seguimiento,95.54,101.52,95.54 - 101.52,108.48,130.09,108.48 - 130.09,Pérdida del soporte en 95.54 | ROE negativo durante 2 trimestres consecutivos | Ampliación de capital dilutiva | Recorte de rating a bono basura,12-18,"CAPGEMINI está un 32.8% por debajo de su máximo 52s. Fundamentalmente sólida con ROE 12.2%, deuda neta/EBITDA 2.6x. Técnicamente 🟡 MACD convergiendo, 🟢 Bajo SMA200 con SMA50 girando. Clasificación: seguimiento.","CAPGEMINI está un 32.8% por debajo de su máximo 52s. Fundamentalmente sólida con ROE 12.2%, deuda neta/EBITDA 2.6x. Técnicamente 🟡 MACD convergiendo, 🟢 Bajo SMA200 con SMA50 girando. Clasificación: seguimiento.",🟡 MACD convergiendo | 🟢 Bajo SMA200 con SMA50 girando | 🟡 Apoyo en MA40 semanal | 🟢 base_pattern_detected | 🟡 trendline_break,3.3,11,20,False,43.2,0.88,641065.0,7907000320.0,2.56,7.7,,26.8,,,12.2,17082.0,13.1,1.49,8.19,32.8,45.6,-5.1,45.7,False,True,-0.6091,False,22.6,13.3,False,107.58,-4.4,True,True,48,23,1.09,95.54,True
3,MC.PA,LVMH,EUROSTOXX,Consumer Cyclical,Luxury Goods,France,EUR,415.3,1.0,script-v2.0,1.0,2026-09-12T11:56:16.092433+02:00,84.2,81.3,100,65,0,4,93,seguimiento,seguimiento,Sin señales de recuperación,True,pass,pendiente,0,desconocido,Pendiente de implementar,ausente,"dividend_maintained (baja): Dividendo actual 3.13% con caída del 36.6% | analyst_upgrade (media): Target 564.58 vs precio 415.30 (+36%), recMean 1.88, recKey buy",fuerte,seguimiento,394.53,415.3,394.53 - 415.30,507.67,556.5,507.67 - 556.50,Pérdida del soporte en 394.53 | ROE negativo durante 2 trimestres consecutivos | Ampliación de capital dilutiva | Recorte de rating a bono basura,12-18,"LVMH está un 36.6% por debajo de su máximo 52s. Fundamentalmente sólida con ROE 16.6%, deuda neta/EBITDA 1.2x. Técnicamente 🔵 RSI en sobreventa, 🟢 Divergencia alcista RSI. Clasificación: seguimiento.","LVMH está un 36.6% por debajo de su máximo 52s. Fundamentalmente sólida con ROE 16.6%, deuda neta/EBITDA 1.2x. Técnicamente 🔵 RSI en sobreventa, 🟢 Divergencia alcista RSI. Clasificación: seguimiento.",🔵 RSI en sobreventa | 🟢 Divergencia alcista RSI | 🟡 MACD convergiendo | 🟢 Volumen creciente | 🟢 Estocástico sale de sobreventa | 🟢 base_pattern_detected,3.13,11,20,False,59.2,0.53,531310.0,24936998912.0,1.24,1.1,,66.4,,,16.6,204728.0,18.9,3.01,11.54,36.6,43.3,-18.2,33.2,False,True,-18.7366,False,17.9,8.3,True,503.5,-17.5,True,False,75,18,1.68,,False
4,BEI.DE,BEIERSDORF AG                 I,EUROSTOXX,Consumer Defensive,Household & Personal Products,Germany,EUR,73.32,1.0,script-v2.0,1.0,2026-09-12T11:56:06.477202+02:00,81.0,83.3,86,81,0,6,74,seguimiento,seguimiento,,True,pass,pendiente,0,desconocido,Pendiente de implementar,parcial,debt_reduction (alta): Deuda 110.0M vs 114.0M | dividend_maintained (baja): Dividendo actual 1.36% con caída del 33.4%,fuerte,seguimiento,73.06,73.32,73.06 - 73.32,82.16,93.63,82.16 - 93.63,Pérdida del soporte en 73.06 | ROE negativo durante 2 trimestres consecutivos | Ampliación de capital dilutiva | Recorte de rating a bono basura,12-18,"BEIERSDORF AG                 I está un 33.4% por debajo de su máximo 52s. Fundamentalmente sólida con ROE 10.9%, deuda neta/EBITDA -1.7x. Técnicamente 🔵 RSI en sobreventa, 🟢 Bajo SMA200 con SMA50 girando. Clasificación: seguimiento.","BEIERSDORF AG                 I está un 33.4% por debajo de su máximo 52s. Fundamentalmente sólida con ROE 10.9%, deuda neta/EBITDA -1.7x. Técnicamente 🔵 RSI en sobreventa, 🟢 Bajo SMA200 con SMA50 girando. Clasificación: seguimiento.",🔵 RSI en sobreventa | 🟢 Bajo SMA200 con SMA50 girando | 🟢 Cerca de soporte | 🟢 base_pattern_detected,1.36,11,20,False,23.3,1.22,390088.0,-2731999872.0,-1.73,-3.5,,57.1,,,10.9,16022.0,17.1,1.78,8.4,33.4,45.6,-10.8,30.4,False,False,-1.5666,False,2.9,3.8,False,81.98,-10.6,True,False,62,12,1.24,73.06,True
5,0700.HK,TENCENT,ASIA,Communication Services,Internet Content & Information,China,HKD,428.4,1.0,script-v2.0,1.0,2026-09-12T11:58:37.654010+02:00,80.4,86.6,93,81,0,7,62,seguimiento,seguimiento,,True,pass,pendiente,0,desconocido,Pendiente de implementar,parcial,"margin_stabilization (media): Margen gross 57.8% vs 56.9% (+0.9 pp) | dividend_maintained (baja): Dividendo actual 1.24% con caída del 37.3% | analyst_upgrade (media): Target 664.30 vs precio 428.40 (+55%), recMean 1.39, recKey strong_buy",razonable,seguimiento,406.98,428.4,406.98 - 428.40,507.9,580.55,507.90 - 580.55,Pérdida del soporte en 406.98 | ROE negativo durante 2 trimestres consecutivos | Ampliación de capital dilutiva | Recorte de rating a bono basura,12-18,"TENCENT está un 37.3% por debajo de su máximo 52s. Fundamentalmente sólida con ROE 19.9%, deuda neta/EBITDA 0.0x. Técnicamente 🟡 MACD convergiendo, 🟢 Bajo SMA200 con SMA50 girando. Clasificación: seguimiento.","TENCENT está un 37.3% por debajo de su máximo 52s. Fundamentalmente sólida con ROE 19.9%, deuda neta/EBITDA 0.0x. Técnicamente 🟡 MACD convergiendo, 🟢 Bajo SMA200 con SMA50 girando. Clasificación: seguimiento.",🟡 MACD convergiendo | 🟢 Bajo SMA200 con SMA50 girando | 🟢 base_pattern_detected,1.24,11,19,False,18.0,0.39,28059284.0,12923994112.0,0.04,14.4,gross,56.7,57.4,-0.7,19.9,3859927.0,14.4,2.9,13.32,37.3,36.5,-15.7,39.7,False,True,-18.0962,False,21.0,8.9,False,498.24,-14.0,True,False,50,12,0.97,,True
6,LOW,"Lowe's Companies, Inc.",SP500,Consumer Cyclical,Home Improvement Retail,United States,USD,196.82,1.0,script-v2.0,1.0,2026-09-12T11:57:14.571237+02:00,78.7,82.5,74,90,0,15,67,entrada_escalada,entrada_escalada,,True,pass,pendiente,0,desconocido,Pendiente de implementar,confirmada,"margin_stabilization (media): Margen gross 33.0% vs 32.7% (+0.4 pp) | eps_stabilization (media): EPS 4.27 vs 2.90 (Diluted EPS) | debt_reduction (alta): Deuda 42031.0M vs 42540.0M | dividend_maintained (baja): Dividendo actual 2.54% con caída del 32.8% | analyst_upgrade (media): Target 252.30 vs precio 196.82 (+28%), recMean 1.80, recKey buy",razonable,entrada_escalada,186.98,196.82,186.98 - 196.82,233.62,249.1,233.62 - 249.10,Pérdida del soporte en 186.98 | ROE negativo durante 2 trimestres consecutivos | Ampliación de capital dilutiva | Recorte de rating a bono basura,12-18,"Lowe's Companies, Inc. está un 32.8% por debajo de su máximo 52s. Fundamentalmente sólida con deuda neta/EBITDA 3.0x, dividendo 2.5%. Técnicamente 🔵 RSI en sobreventa, 🟡 MACD convergiendo. Clasificación: entrada_escalada.","Lowe's Companies, Inc. está un 32.8% por debajo de su máximo 52s. Fundamentalmente sólida con deuda neta/EBITDA 3.0x, dividendo 2.5%. Técnicamente 🔵 RSI en sobreventa, 🟡 MACD convergiendo. Clasificación: entrada_escalada.",🔵 RSI en sobreventa | 🟡 MACD convergiendo | 🟢 base_pattern_detected,2.54,11,20,False,41.0,,3039216.0,38859001600.0,3.05,-1.2,gross,33.0,33.1,-0.1,,110427.0,16.6,-14.85,11.73,32.8,32.1,-15.8,34.0,False,True,-8.3287,False,7.1,6.5,False,233.35,-15.7,True,False,55,12,0.87,,False
7,SGO.PA,SAINT GOBAIN,EUROSTOXX,Industrials,Building Products & Equipment,France,EUR,71.52,1.0,script-v2.0,1.0,2026-09-12T11:56:19.008716+02:00,78.4,81.2,94,70,0,12,70,entrada_directa,entrada_directa,,True,pass,pendiente,0,desconocido,Pendiente de implementar,confirmada,"eps_stabilization (media): EPS 5.78 vs 5.64 (annual_eps_fallback) | debt_reduction (alta): Deuda 17270.0M vs 17729.0M | dividend_maintained (baja): Dividendo actual 3.22% con caída del 25.4% | analyst_upgrade (media): Target 97.72 vs precio 71.52 (+37%), recMean 1.94, recKey buy",fuerte,entrada_directa,66.27,71.52,66.27 - 71.52,78.14,81.48,78.14 - 81.48,Pérdida del soporte en 66.27 | ROE negativo durante 2 trimestres consecutivos | Ampliación de capital dilutiva | Recorte de rating a bono basura,12-18,"SAINT GOBAIN está un 25.4% por debajo de su máximo 52s. Fundamentalmente sólida con ROE 11.0%, deuda neta/EBITDA 1.8x. Técnicamente 🔵 RSI en sobreventa, 🟡 MACD convergiendo. Clasificación: entrada_directa.","SAINT GOBAIN está un 25.4% por debajo de su máximo 52s. Fundamentalmente sólida con ROE 11.0%, deuda neta/EBITDA 1.8x. Técnicamente 🔵 RSI en sobreventa, 🟡 MACD convergiendo. Clasificación: entrada_directa.",🔵 RSI en sobreventa | 🟡 MACD convergiendo | 🟢 Estocástico sale de sobreventa | 🟡 Apoyo en MA40 semanal,3.22,10,6,False,42.7,0.66,1019077.0,11518999552.0,1.75,-2.6,,27.2,,,11.0,34979.0,13.3,1.38,7.17,25.4,29.6,-8.5,29.3,False,True,-0.2879,False,8.2,5.1,True,78.11,-8.4,False,False,59,11,1.22,66.27,False
8,DG.PA,VINCI,EUROSTOXX,Industrials,Engineering & Construction,France,EUR,111.45,1.0,script-v2.0,1.0,2026-09-12T11:56:11.971972+02:00,78.2,78.3,89,69,0,7,78,seguimiento,seguimiento,,True,pass,pendiente,0,desconocido,Pendiente de implementar,parcial,"eps_stabilization (media): EPS 8.65 vs 8.43 (annual_eps_fallback) | dividend_maintained (baja): Dividendo actual 4.53% con caída del 22.1% | analyst_upgrade (media): Target 143.19 vs precio 111.45 (+28%), recMean 2.00, recKey buy",fuerte,seguimiento,105.88,111.45,105.88 - 111.45,121.68,123.12,121.68 - 123.12,Pérdida del soporte en 105.88 | ROE negativo durante 2 trimestres consecutivos | Ampliación de capital dilutiva | Recorte de rating a bono basura,6-12,"VINCI está un 22.1% por debajo de su máximo 52s. Fundamentalmente sólida con ROE 16.3%, deuda neta/EBITDA 2.0x. Técnicamente 🔵 RSI en sobreventa, 🟡 MACD convergiendo. Clasificación: seguimiento.","VINCI está un 22.1% por debajo de su máximo 52s. Fundamentalmente sólida con ROE 16.3%, deuda neta/EBITDA 2.0x. Técnicamente 🔵 RSI en sobreventa, 🟡 MACD convergiendo. Clasificación: seguimiento.",🔵 RSI en sobreventa | 🟡 MACD convergiendo | 🟢 Estocástico sale de sobreventa | 🟡 Apoyo en MA40 semanal | 🟢 base_pattern_detected,4.53,11,20,False,55.5,1.21,873121.0,25782998016.0,2.02,9.7,,17.0,,,16.3,61622.0,12.4,2.02,7.14,22.1,19.8,-9.5,34.5,False,True,-2.3524,False,11.1,5.2,True,123.2,-9.5,True,False,55,23,0.94,,False
9,0016.HK,SHK PPT,ASIA,Real Estate,Real Estate - Development,Hong Kong,HKD,108.2,1.0,script-v2.0,1.0,2026-09-12T11:58:32.683539+02:00,78.1,77.5,86,70,0,7,80,seguimiento,seguimiento,,True,pass,pendiente,0,desconocido,Pendiente de implementar,parcial,"eps_stabilization (media): EPS 7.39 vs 6.65 (annual_eps_fallback) | dividend_maintained (baja): Dividendo actual 3.49% con caída del 27.3% | analyst_upgrade (media): Target 140.10 vs precio 108.20 (+29%), recMean 1.86, recKey buy",fuerte,seguimiento,102.79,108.2,102.79 - 108.20,120.93,126.48,120.93 - 126.48,Pérdida del soporte en 102.79 | ROE negativo durante 2 trimestres consecutivos | Ampliación de capital dilutiva | Recorte de rating a bono basura,12-18,"SHK PPT está un 27.3% por debajo de su máximo 52s. Fundamentalmente sólida con ROE 3.7%, deuda neta/EBITDA 2.8x. Técnicamente 🔵 RSI en sobreventa, 🟢 Divergencia alcista RSI. Clasificación: seguimiento.","SHK PPT está un 27.3% por debajo de su máximo 52s. Fundamentalmente sólida con ROE 3.7%, deuda neta/EBITDA 2.8x. Técnicamente 🔵 RSI en sobreventa, 🟢 Divergencia alcista RSI. Clasificación: seguimiento.",🔵 RSI en sobreventa | 🟢 Divergencia alcista RSI | 🟢 Bajo SMA200 con SMA50 girando | 🟢 Volumen creciente | 🟢 base_pattern_detected,3.49,11,20,False,49.4,0.17,5546824.0,83541997568.0,2.84,,,37.5,,,3.7,313540.0,14.6,0.5,14.5,27.3,26.8,-10.5,31.6,False,False,-1.1386,False,9.0,28.2,False,122.85,-11.9,True,False,68,12,1.59,,True
10,IP,International Paper Company,SP500,Consumer Cyclical,Packaging & Containers,United States,USD,34.36,1.0,script-v2.0,1.0,2026-09-12T11:57:50.312973+02:00,77.8,73.5,66,80,0,4,91,seguimiento,seguimiento,Sin señales de recuperación,True,pass,pendiente,0,desconocido,Pendiente de implementar,ausente,"dividend_maintained (baja): Dividendo actual 5.38% con caída del 31.6% | analyst_upgrade (media): Target 48.00 vs precio 34.36 (+40%), recMean 1.75, recKey buy",fuerte,seguimiento,33.01,34.36,33.01 - 34.36,37.5,42.71,37.50 - 42.71,Pérdida del soporte en 33.01 | ROE negativo durante 2 trimestres consecutivos | Ampliación de capital dilutiva | Recorte de rating a bono basura,12-18,"International Paper Company está un 31.6% por debajo de su máximo 52s. Fundamentalmente sólida con ROE -16.5%, deuda neta/EBITDA 2.3x. Técnicamente 🔵 RSI en sobreventa, 🟡 MACD convergiendo. Clasificación: seguimiento.","International Paper Company está un 31.6% por debajo de su máximo 52s. Fundamentalmente sólida con ROE -16.5%, deuda neta/EBITDA 2.3x. Técnicamente 🔵 RSI en sobreventa, 🟡 MACD convergiendo. Clasificación: seguimiento.",🔵 RSI en sobreventa | 🟡 MACD convergiendo | 🟢 Cerca de soporte | 🟢 Estocástico sale de sobreventa | 🟡 Apoyo en MA40 semanal | 🟢 base_pattern_detected,5.38,11,20,False,158.1,0.69,5135980.0,9176999552.0,2.33,3.8,gross,29.6,29.8,-0.1,-16.5,18196.0,11.4,1.26,6.96,31.6,38.6,-8.4,30.4,False,True,0.2355,False,6.4,4.0,True,37.62,-8.7,True,False,68,23,1.18,33.01,False
11,4503.T,ASTELLAS PHARMA,ASIA,Healthcare,Drug Manufacturers - General,Japan,JPY,2240.5,1.0,script-v2.0,1.0,2026-09-12T11:58:21.531840+02:00,77.8,82.4,100,67,0,9,64,seguimiento,seguimiento,,True,pass,pendiente,0,desconocido,Pendiente de implementar,parcial,eps_stabilization (media): EPS 78.96 vs 38.11 (Diluted EPS) | debt_reduction (alta): Deuda 589870.0M vs 831426.0M | dividend_maintained (baja): Dividendo actual 3.57% con caída del 17.5%,razonable,seguimiento,2111.08,2240.5,2111.08 - 2240.50,2261.56,2309.45,2261.56 - 2309.45,Pérdida del soporte en 2111.08 | ROE negativo durante 2 trimestres consecutivos | Ampliación de capital dilutiva | Recorte de rating a bono basura,6-12,"ASTELLAS PHARMA está un 17.5% por debajo de su máximo 52s. Fundamentalmente sólida con ROE 21.3%, deuda neta/EBITDA 0.5x. Técnicamente 🟡 MACD convergiendo, 🟡 Apoyo en MA40 semanal. Clasificación: seguimiento.","ASTELLAS PHARMA está un 17.5% por debajo de su máximo 52s. Fundamentalmente sólida con ROE 21.3%, deuda neta/EBITDA 0.5x. Técnicamente 🟡 MACD convergiendo, 🟡 Apoyo en MA40 semanal. Clasificación: seguimiento.",🟡 MACD convergiendo | 🟡 Apoyo en MA40 semanal | 🟢 base_pattern_detected,3.57,11,20,False,48.1,0.3,6401592.0,345172000768.0,0.52,-29.1,,80.8,,,21.3,4017247.0,13.8,2.07,6.52,17.5,17.5,-0.9,40.9,False,True,30.8514,False,21.3,10.7,False,2287.71,-2.1,True,False,47,17,1.07,2111.08,True
12,9022.T,CENTRAL JAPAN RAILWAY CO,ASIA,Industrials,Railroads,Japan,JPY,3797.0,1.0,script-v2.0,1.0,2026-09-12T11:58:28.368064+02:00,77.8,79.1,77,81,0,4,74,seguimiento,seguimiento,Sin señales de recuperación,True,pass,pendiente,0,desconocido,Pendiente de implementar,ausente,eps_stabilization (media): EPS 149.59 vs 147.88 (Diluted EPS) | dividend_maintained (baja): Dividendo actual 0.84% con caída del 21.4%,fuerte,seguimiento,3761.67,3797.0,3761.67 - 3797.00,4023.97,4105.5,4023.97 - 4105.50,Pérdida del soporte en 3761.67 | ROE negativo durante 2 trimestres consecutivos | Ampliación de capital dilutiva | Recorte de rating a bono basura,6-12,"CENTRAL JAPAN RAILWAY CO está un 21.4% por debajo de su máximo 52s. Fundamentalmente sólida con ROE 11.2%, deuda neta/EBITDA 4.3x. Técnicamente 🔵 RSI recuperándose de sobreventa, 🟢 Bajo SMA200 con SMA50 girando. Clasificación: seguimiento.","CENTRAL JAPAN RAILWAY CO está un 21.4% por debajo de su máximo 52s. Fundamentalmente sólida con ROE 11.2%, deuda neta/EBITDA 4.3x. Técnicamente 🔵 RSI recuperándose de sobreventa, 🟢 Bajo SMA200 con SMA50 girando. Clasificación: seguimiento.",🔵 RSI recuperándose de sobreventa | 🟢 Bajo SMA200 con SMA50 girando | 🟢 Cerca de soporte | 🟡 Apoyo en MA40 semanal | 🟢 base_pattern_detected,0.84,11,20,False,5.6,0.92,2845665.0,4425204924416.0,4.28,11.6,,51.9,,,11.2,3604796.0,6.7,0.7,7.84,21.4,21.1,-5.6,43.5,False,False,-20.6445,False,15.2,27.2,False,4001.51,-5.1,True,False,57,17,1.11,3761.67,True
13,HEI.DE,Heidelberg Materials AG       I,EUROSTOXX,Basic Materials,Building Materials,Germany,EUR,154.95,1.0,script-v2.0,1.0,2026-09-12T11:56:05.977157+02:00,76.6,79.8,91,70,0,4,67,seguimiento,seguimiento,Sin señales de recuperación,True,pass,pendiente,0,desconocido,Pendiente de implementar,ausente,"dividend_maintained (baja): Dividendo actual 2.32% con caída del 35.9% | analyst_upgrade (media): Target 214.70 vs precio 154.95 (+39%), recKey none",razonable,seguimiento,147.2,154.95,147.20 - 154.95,186.79,205.53,186.79 - 205.53,Pérdida del soporte en 147.20 | ROE negativo durante 2 trimestres consecutivos | Ampliación de capital dilutiva | Recorte de rating a bono basura,12-18,"Heidelberg Materials AG       I está un 35.9% por debajo de su máximo 52s. Fundamentalmente sólida con ROE 11.7%, deuda neta/EBITDA 1.9x. Técnicamente 🟢 Divergencia alcista RSI, 🟢 Volumen creciente. Clasificación: seguimiento.","Heidelberg Materials AG       I está un 35.9% por debajo de su máximo 52s. Fundamentalmente sólida con ROE 11.7%, deuda neta/EBITDA 1.9x. Técnicamente 🟢 Divergencia alcista RSI, 🟢 Volumen creciente. Clasificación: seguimiento.",🟢 Divergencia alcista RSI | 🟢 Volumen creciente | 🟢 Estocástico sale de sobreventa | 🟢 base_pattern_detected,2.32,11,20,False,31.3,0.5,385943.0,7790899968.0,1.91,46.9,,64.3,,,11.7,27241.0,13.5,1.46,8.87,35.9,34.6,-17.0,38.0,False,False,-7.2648,False,12.2,7.3,True,185.65,-16.5,True,False,49,18,1.31,,False
14,EL.PA,ESSILORLUXOTTICA,EUROSTOXX,Healthcare,Medical Instruments & Supplies,France,EUR,146.4,1.0,script-v2.0,1.0,2026-09-12T11:56:12.053162+02:00,76.5,75.3,78,73,0,4,80,seguimiento,seguimiento,Sin señales de recuperación,True,pass,pendiente,0,desconocido,Pendiente de implementar,ausente,"dividend_maintained (baja): Dividendo actual 2.73% con caída del 54.8% | analyst_upgrade (media): Target 242.70 vs precio 146.40 (+66%), recMean 1.65, recKey buy",fuerte,seguimiento,139.08,146.4,139.08 - 146.40,204.09,275.23,204.09 - 275.23,Pérdida del soporte en 139.08 | ROE negativo durante 2 trimestres consecutivos | Ampliación de capital dilutiva | Recorte de rating a bono basura,18-24,"ESSILORLUXOTTICA está un 54.8% por debajo de su máximo 52s. Fundamentalmente sólida con ROE 6.7%, deuda neta/EBITDA 2.3x. Técnicamente 🔵 RSI en sobreventa, 🟢 Divergencia alcista RSI. Clasificación: seguimiento.","ESSILORLUXOTTICA está un 54.8% por debajo de su máximo 52s. Fundamentalmente sólida con ROE 6.7%, deuda neta/EBITDA 2.3x. Técnicamente 🔵 RSI en sobreventa, 🟢 Divergencia alcista RSI. Clasificación: seguimiento.",🔵 RSI en sobreventa | 🟢 Divergencia alcista RSI | 🟡 MACD convergiendo | 🟢 base_pattern_detected,2.73,11,20,False,74.8,0.38,719712.0,13384999680.0,2.29,6.4,,60.0,,,6.7,67158.0,27.4,1.72,13.9,54.8,53.7,-28.3,26.9,False,True,-16.0411,False,9.2,10.1,False,199.83,-26.7,True,False,68,12,1.28,,False
15,FMG.AX,FORTESCUE FPO [FMG],ASX,Basic Materials,Other Industrial Metals & Mining,Australia,AUD,16.67,1.0,script-v2.0,1.0,2026-09-12T11:58:02.682765+02:00,75.8,82.1,96,70,0,1,57,seguimiento,seguimiento,Sin señales de recuperación,True,pass,pendiente,0,desconocido,Pendiente de implementar,ausente,dividend_maintained (baja): Dividendo actual 6.48% con caída del 28.7%,razonable,seguimiento,15.84,16.67,15.84 - 16.67,19.58,19.87,19.58 - 19.87,Pérdida del soporte en 15.84 | ROE negativo durante 2 trimestres consecutivos | Ampliación de capital dilutiva | Recorte de rating a bono basura,12-18,"FORTESCUE FPO [FMG] está un 28.7% por debajo de su máximo 52s. Fundamentalmente sólida con ROE 14.2%, deuda neta/EBITDA 0.1x. Técnicamente 🟢 Divergencia alcista RSI, 🟢 base_pattern_detected. Clasificación: seguimiento.","FORTESCUE FPO [FMG] está un 28.7% por debajo de su máximo 52s. Fundamentalmente sólida con ROE 14.2%, deuda neta/EBITDA 0.1x. Técnicamente 🟢 Divergencia alcista RSI, 🟢 base_pattern_detected. Clasificación: seguimiento.",🟢 Divergencia alcista RSI | 🟢 base_pattern_detected,6.48,11,16,False,89.5,0.29,6410302.0,856999936.0,0.1,9.0,,40.1,,,14.2,51326.0,12.9,1.81,6.38,28.7,26.0,-14.9,40.1,False,False,-0.7012,False,7.5,43.8,False,19.48,-14.4,True,False,45,12,0.78,,False
16,ORA.PA,ORANGE,EUROSTOXX,Communication Services,Telecom Services,France,EUR,15.545,1.0,script-v2.0,1.0,2026-09-12T11:56:16.920536+02:00,75.5,72.3,83,63,0,4,85,seguimiento,seguimiento,Sin señales de recuperación,True,pass,pendiente,0,desconocido,Pendiente de implementar,ausente,"dividend_maintained (baja): Dividendo actual 4.82% con caída del 17.3% | analyst_upgrade (media): Target 19.14 vs precio 15.54 (+23%), recMean 2.00, recKey buy",fuerte,seguimiento,14.77,15.55,14.77 - 15.55,15.98,16.17,15.98 - 16.17,Pérdida del soporte en 14.77 | ROE negativo durante 2 trimestres consecutivos | Ampliación de capital dilutiva | Recorte de rating a bono basura,6-12,"ORANGE está un 17.3% por debajo de su máximo 52s. Fundamentalmente sólida con ROE 14.2%, deuda neta/EBITDA 3.7x. Técnicamente 🔵 RSI recuperándose de sobreventa, 🟢 Divergencia alcista RSI. Clasificación: seguimiento.","ORANGE está un 17.3% por debajo de su máximo 52s. Fundamentalmente sólida con ROE 14.2%, deuda neta/EBITDA 3.7x. Técnicamente 🔵 RSI recuperándose de sobreventa, 🟢 Divergencia alcista RSI. Clasificación: seguimiento.",🔵 RSI recuperándose de sobreventa | 🟢 Divergencia alcista RSI | 🟢 Cruce alcista MACD | 🟡 Apoyo en MA40 semanal | 🟢 base_pattern_detected,4.82,11,20,False,50.7,1.61,4788695.0,45291001856.0,3.74,654.5,,41.1,,,14.2,41315.0,10.5,1.3,7.43,17.3,15.2,-3.9,44.7,True,False,-0.1198,False,56.2,44.7,False,16.24,-4.3,True,False,68,17,0.85,,False
17,035420.KS,NAVER,ASIA,Communication Services,Internet Content & Information,South Korea,KRW,206500.0,1.0,script-v2.0,1.0,2026-09-12T11:58:42.373008+02:00,75.0,76.1,75,77,0,10,72,seguimiento,seguimiento,,True,pass,pendiente,0,desconocido,Pendiente de implementar,parcial,"margin_stabilization (media): Margen gross 100.0% vs 100.0% (+0.0 pp) | eps_stabilization (media): EPS 4635.00 vs 1864.00 (Diluted EPS) | dividend_maintained (baja): Dividendo actual 1.27% con caída del 32.1% | analyst_upgrade (media): Target 301653.84 vs precio 206500.00 (+46%), recMean 1.58, recKey buy",fuerte,seguimiento,199435.71,206500.0,199435.71 - 206500.00,225612.38,258400.0,225612.38 - 258400.00,Pérdida del soporte en 199435.71 | ROE negativo durante 2 trimestres consecutivos | Ampliación de capital dilutiva | Recorte de rating a bono basura,12-18,"NAVER está un 32.1% por debajo de su máximo 52s. Fundamentalmente sólida con ROE 6.4%, deuda neta/EBITDA -1.1x. Técnicamente 🟢 Divergencia alcista RSI, 🟢 Bajo SMA200 con SMA50 girando. Clasificación: seguimiento.","NAVER está un 32.1% por debajo de su máximo 52s. Fundamentalmente sólida con ROE 6.4%, deuda neta/EBITDA -1.1x. Técnicamente 🟢 Divergencia alcista RSI, 🟢 Bajo SMA200 con SMA50 girando. Clasificación: seguimiento.",🟢 Divergencia alcista RSI | 🟢 Bajo SMA200 con SMA50 girando | 🟢 Cerca de soporte | 🟡 Apoyo en MA40 semanal | 🟢 base_pattern_detected,1.27,10,2,False,19.6,0.18,1184468.0,-3356823650304.0,-1.11,15.6,gross,100.0,100.0,0.0,6.4,30888224.0,14.1,,9.61,32.1,32.1,-8.5,44.2,False,False,-3638.7097,False,13.5,16.1,False,224434.03,-8.0,True,False,55,17,0.98,199435.71,True
18,4568.T,DAIICHI SANKYO COMPANY LIMITED,ASIA,Healthcare,Drug Manufacturers - General,Japan,JPY,2772.0,1.0,script-v2.0,1.0,2026-09-12T11:58:21.757225+02:00,74.6,75.1,97,56,0,4,73,seguimiento,seguimiento,Sin señales de recuperación,True,pass,pendiente,0,desconocido,Pendiente de implementar,ausente,"dividend_maintained (baja): Dividendo actual 3.61% con caída del 33.7% | analyst_upgrade (media): Target 4096.25 vs precio 2772.00 (+48%), recMean 1.50, recKey strong_buy",fuerte,seguimiento,2693.2,2759.97,2693.20 - 2759.97,2901.59,3551.3,2901.59 - 3551.30,Pérdida del soporte en 2693.20 | ROE negativo durante 2 trimestres consecutivos | Ampliación de capital dilutiva | Recorte de rating a bono basura,12-18,"DAIICHI SANKYO COMPANY LIMITED está un 33.7% por debajo de su máximo 52s. Fundamentalmente sólida con ROE 14.8%, deuda neta/EBITDA -0.4x. Técnicamente 🟡 MACD convergiendo, 🟢 Cerca de soporte. Clasificación: seguimiento.","DAIICHI SANKYO COMPANY LIMITED está un 33.7% por debajo de su máximo 52s. Fundamentalmente sólida con ROE 14.8%, deuda neta/EBITDA -0.4x. Técnicamente 🟡 MACD convergiendo, 🟢 Cerca de soporte. Clasificación: seguimiento.",🟡 MACD convergiendo | 🟢 Cerca de soporte | 🟡 Apoyo en MA40 semanal | 🟢 base_pattern_detected | 🟡 trendline_break,3.61,11,20,False,55.6,0.29,6378444.0,-137370009600.0,-0.44,148.8,,68.5,,,14.8,5044079.0,19.8,2.96,15.78,33.7,45.8,-4.5,49.4,False,True,-32.7373,False,33.3,15.0,False,2838.43,-2.3,True,True,50,23,1.03,2693.2,True
19,ADS.DE,adidas AG                     N,EUROSTOXX,Consumer Cyclical,Footwear & Accessories,Germany,EUR,142.75,1.0,script-v2.0,1.0,2026-09-12T11:56:03.118103+02:00,74.3,74.1,97,54,0,7,75,seguimiento,seguimiento,,True,pass,pendiente,0,desconocido,Pendiente de implementar,parcial,"margin_stabilization (media): Margen gross 52.5% vs 51.1% (+1.4 pp) | dividend_maintained (baja): Dividendo actual 1.96% con caída del 27.3% | analyst_upgrade (media): Target 200.65 vs precio 142.75 (+41%), recMean 1.73, recKey buy",fuerte,seguimiento,138.88,142.75,138.88 - 142.75,155.52,166.94,155.52 - 166.94,Pérdida del soporte en 138.88 | ROE negativo durante 2 trimestres consecutivos | Ampliación de capital dilutiva | Recorte de rating a bono basura,12-18,"adidas AG                     N está un 27.3% por debajo de su máximo 52s. Fundamentalmente sólida con ROE 24.3%, deuda neta/EBITDA 1.7x. Técnicamente 🔵 RSI en sobreventa, 🟢 Divergencia alcista RSI. Clasificación: seguimiento.","adidas AG                     N está un 27.3% por debajo de su máximo 52s. Fundamentalmente sólida con ROE 24.3%, deuda neta/EBITDA 1.7x. Técnicamente 🔵 RSI en sobreventa, 🟢 Divergencia alcista RSI. Clasificación: seguimiento.",🔵 RSI en sobreventa | 🟢 Divergencia alcista RSI | 🟢 Volumen creciente | 🟢 Cerca de soporte | 🟡 Apoyo en MA40 semanal,1.96,10,6,False,35.9,0.94,725108.0,4415999872.0,1.66,0.4,gross,51.6,51.6,0.0,24.3,24990.0,18.3,4.2,11.19,27.3,44.4,-8.2,30.6,False,False,-1.3073,False,19.8,15.3,False,155.29,-8.1,False,False,70,5,1.35,138.88,False
20,EN.PA,BOUYGUES,EUROSTOXX,Industrials,Engineering & Construction,France,EUR,43.98,1.0,script-v2.0,1.0,2026-09-12T11:56:13.417417+02:00,73.8,72.1,87,59,0,15,79,entrada_directa,entrada_directa,,True,pass,pendiente,0,desconocido,Pendiente de implementar,confirmada,"margin_stabilization (media): Margen gross 57.6% vs 57.8% (-0.2 pp) | eps_stabilization (media): EPS 0.98 vs -0.24 (Diluted EPS) | debt_reduction (alta): Deuda 14707.0M vs 15110.0M | dividend_maintained (baja): Dividendo actual 4.77% con caída del 17.8% | analyst_upgrade (media): Target 59.67 vs precio 43.98 (+36%), recMean 2.00, recKey buy",fuerte,entrada_directa,43.5,43.98,43.50 - 43.98,45.46,47.07,45.46 - 47.07,Pérdida del soporte en 43.50 | ROE negativo durante 2 trimestres consecutivos | Ampliación de capital dilutiva | Recorte de rating a bono basura,6-12,"BOUYGUES está un 17.8% por debajo de su máximo 52s. Fundamentalmente sólida con ROE 9.7%, deuda neta/EBITDA 2.1x. Técnicamente 🟡 MACD convergiendo, 🟢 Cerca de soporte. Clasificación: entrada_directa.","BOUYGUES está un 17.8% por debajo de su máximo 52s. Fundamentalmente sólida con ROE 9.7%, deuda neta/EBITDA 2.1x. Técnicamente 🟡 MACD convergiendo, 🟢 Cerca de soporte. Clasificación: entrada_directa.",🟡 MACD convergiendo | 🟢 Cerca de soporte | 🟢 Estocástico sale de sobreventa | 🟡 Apoyo en MA40 semanal | 🟢 base_pattern_detected,4.77,11,20,False,64.2,1.03,726857.0,9871000576.0,2.15,-2.7,gross,56.8,56.3,0.5,9.7,16958.0,13.4,1.35,6.22,17.8,17.4,-6.6,36.0,False,True,-0.3612,False,18.5,17.6,True,47.22,-6.9,True,False,56,23,1.05,43.5,False
21,7203.T,TOYOTA MOTOR CORP,ASIA,Consumer Cyclical,Auto Manufacturers,Japan,JPY,3031.0,1.0,script-v2.0,1.0,2026-09-12T11:58:15.716068+02:00,73.7,73.9,75,73,0,10,73,seguimiento,seguimiento,,True,pass,pendiente,0,desconocido,Pendiente de implementar,parcial,"margin_stabilization (media): Margen gross 18.0% vs 15.1% (+2.9 pp) | eps_stabilization (media): EPS 120.69 vs 64.56 (Diluted EPS) | dividend_maintained (baja): Dividendo actual 3.30% con caída del 24.2% | analyst_upgrade (media): Target 3698.56 vs precio 3031.00 (+22%), recMean 1.74, recKey buy",fuerte,seguimiento,2834.6,2993.12,2834.60 - 2993.12,3164.54,3400.0,3164.54 - 3400.00,Pérdida del soporte en 2834.60 | ROE negativo durante 2 trimestres consecutivos | Ampliación de capital dilutiva | Recorte de rating a bono basura,6-12,"TOYOTA MOTOR CORP está un 24.2% por debajo de su máximo 52s. Fundamentalmente sólida con ROE 12.4%, deuda neta/EBITDA 5.5x. Técnicamente 🟢 Divergencia alcista RSI, 🟡 MACD convergiendo. Clasificación: seguimiento.","TOYOTA MOTOR CORP está un 24.2% por debajo de su máximo 52s. Fundamentalmente sólida con ROE 12.4%, deuda neta/EBITDA 5.5x. Técnicamente 🟢 Divergencia alcista RSI, 🟡 MACD convergiendo. Clasificación: seguimiento.",🟢 Divergencia alcista RSI | 🟡 MACD convergiendo | 🟡 Apoyo en MA40 semanal | 🟢 base_pattern_detected | 🟡 trendline_break,3.3,11,20,False,27.0,1.15,28596666.0,30602607722496.0,5.46,1.7,gross,16.8,16.7,0.1,12.4,35892597.0,8.6,0.96,12.04,24.2,23.1,-4.2,49.1,False,True,-21.7091,False,27.8,18.0,False,3186.71,-4.9,True,True,50,23,1.02,2834.6,True
22,BATS.L,BRITISH AMERICAN TOBACCO PLC OR,EUROSTOXX,Consumer Defensive,Tobacco,United Kingdom,GBp,4100.0,1.0,script-v2.0,1.0,2026-09-12T11:57:00.244154+02:00,73.6,74.1,88,62,0,12,72,entrada_directa,entrada_directa,,True,pass,pendiente,0,desconocido,Pendiente de implementar,confirmada,"eps_stabilization (media): EPS 3.49 vs 1.36 (annual_eps_fallback) | debt_reduction (alta): Deuda 35063.0M vs 35070.0M | dividend_maintained (baja): Dividendo actual 0.06% con caída del 23.6% | analyst_upgrade (media): Target 5146.15 vs precio 4100.00 (+26%), recMean 1.69, recKey buy",fuerte,entrada_directa,3895.0,4100.0,3895.00 - 4100.00,4394.05,4562.8,4394.05 - 4562.80,Pérdida del soporte en 3895.00 | ROE negativo durante 2 trimestres consecutivos | Ampliación de capital dilutiva | Recorte de rating a bono basura,6-12,"BRITISH AMERICAN TOBACCO PLC OR está un 23.6% por debajo de su máximo 52s. Fundamentalmente sólida con ROE 13.4%, deuda neta/EBITDA 2.9x. Técnicamente 🔵 RSI recuperándose de sobreventa, 🟢 Volumen creciente. Clasificación: entrada_directa.","BRITISH AMERICAN TOBACCO PLC OR está un 23.6% por debajo de su máximo 52s. Fundamentalmente sólida con ROE 13.4%, deuda neta/EBITDA 2.9x. Técnicamente 🔵 RSI recuperándose de sobreventa, 🟢 Volumen creciente. Clasificación: entrada_directa.",🔵 RSI recuperándose de sobreventa | 🟢 Volumen creciente | 🟡 Apoyo en MA40 semanal | 🟢 base_pattern_detected,0.06,11,20,False,83.4,0.72,3485062.0,32530001152.0,2.9,-0.0,,82.7,,,13.4,88287.0,14.1,1.91,10.85,23.6,23.6,-6.7,42.4,False,False,-52.0802,False,38.4,27.1,False,4395.81,-6.7,True,False,55,17,1.36,,False
23,MCD,McDonald's Corporation,SP500,Consumer Cyclical,Restaurants,United States,USD,252.53,1.0,script-v2.0,1.0,2026-09-12T11:57:16.912134+02:00,73.6,69.5,78,62,0,15,86,entrada_directa,entrada_directa,,True,pass,pendiente,0,desconocido,Pendiente de implementar,confirmada,"margin_stabilization (media): Margen gross 58.0% vs 55.9% (+2.1 pp) | eps_stabilization (media): EPS 3.32 vs 2.78 (Diluted EPS) | debt_reduction (alta): Deuda 54604.0M vs 54881.0M | dividend_maintained (baja): Dividendo actual 2.95% con caída del 26.1% | analyst_upgrade (media): Target 315.39 vs precio 252.53 (+25%), recMean 2.06, recKey buy",fuerte,entrada_directa,239.9,252.53,239.90 - 252.53,290.49,290.97,290.49 - 290.97,Pérdida del soporte en 239.90 | ROE negativo durante 2 trimestres consecutivos | Ampliación de capital dilutiva | Recorte de rating a bono basura,12-18,"McDonald's Corporation está un 26.1% por debajo de su máximo 52s. Fundamentalmente sólida con deuda neta/EBITDA 3.6x, dividendo 3.0%. Técnicamente 🔵 RSI en sobreventa, 🟢 Divergencia alcista RSI. Clasificación: entrada_directa.","McDonald's Corporation está un 26.1% por debajo de su máximo 52s. Fundamentalmente sólida con deuda neta/EBITDA 3.6x, dividendo 3.0%. Técnicamente 🔵 RSI en sobreventa, 🟢 Divergencia alcista RSI. Clasificación: entrada_directa.",🔵 RSI en sobreventa | 🟢 Divergencia alcista RSI | 🟡 MACD convergiendo | 🟢 Estocástico sale de sobreventa | 🟢 base_pattern_detected,2.95,11,20,False,59.7,,4586158.0,53782001280.0,3.6,-0.5,gross,57.4,57.4,0.0,,178701.0,20.6,-174.64,15.57,26.1,24.7,-13.2,32.3,False,True,-9.7805,False,2.0,1.8,True,290.36,-13.0,True,False,68,18,1.01,,False
24,AD.AS,KONINKLIJKE AHOLD DELHAIZE N.V.,EUROSTOXX,Consumer Defensive,Grocery Stores,Netherlands,EUR,30.79,1.0,script-v2.0,1.0,2026-09-12T11:56:30.076467+02:00,73.3,78.7,83,75,0,7,57,seguimiento,seguimiento,,True,pass,pendiente,0,desconocido,Pendiente de implementar,parcial,"margin_stabilization (media): Margen gross 26.4% vs 26.8% (-0.4 pp) | dividend_maintained (baja): Dividendo actual 4.03% con caída del 27.6% | analyst_upgrade (media): Target 38.58 vs precio 30.79 (+25%), recMean 2.47, recKey buy",razonable,seguimiento,29.25,30.79,29.25 - 30.79,35.51,36.16,35.51 - 36.16,Pérdida del soporte en 29.25 | ROE negativo durante 2 trimestres consecutivos | Ampliación de capital dilutiva | Recorte de rating a bono basura,12-18,"KONINKLIJKE AHOLD DELHAIZE N.V. está un 27.6% por debajo de su máximo 52s. Fundamentalmente sólida con ROE 15.7%, deuda neta/EBITDA 3.0x. Técnicamente 🟢 Divergencia alcista RSI, 🟢 base_pattern_detected. Clasificación: seguimiento.","KONINKLIJKE AHOLD DELHAIZE N.V. está un 27.6% por debajo de su máximo 52s. Fundamentalmente sólida con ROE 15.7%, deuda neta/EBITDA 3.0x. Técnicamente 🟢 Divergencia alcista RSI, 🟢 base_pattern_detected. Clasificación: seguimiento.",🟢 Divergencia alcista RSI | 🟢 base_pattern_detected,4.03,11,18,False,49.4,1.33,2619225.0,16049999616.0,2.98,256.9,gross,26.6,26.6,-0.0,15.7,26903.0,12.3,1.86,7.97,27.6,25.3,-13.3,37.9,False,False,-1.4175,False,33.6,41.5,False,35.56,-13.4,True,False,45,12,0.94,,False
25,GSK.L,GSK PLC ORD 31 1/4P,EUROSTOXX,Healthcare,Drug Manufacturers - General,United Kingdom,GBp,1770.5,1.0,script-v2.0,1.0,2026-09-12T11:56:51.803690+02:00,73.2,72.3,91,56,0,9,76,seguimiento,seguimiento,,True,pass,pendiente,0,desconocido,Pendiente de implementar,parcial,"debt_reduction (alta): Deuda 18293.0M vs 19056.0M | dividend_maintained (baja): Dividendo actual 0.04% con caída del 22.4% | analyst_upgrade (media): Target 2161.48 vs precio 1770.50 (+22%), recMean 2.61, recKey hold",fuerte,seguimiento,1689.85,1770.5,1689.85 - 1770.50,1939.7,1949.2,1939.70 - 1949.20,Pérdida del soporte en 1689.85 | ROE negativo durante 2 trimestres consecutivos | Ampliación de capital dilutiva | Recorte de rating a bono basura,6-12,"GSK PLC ORD 31 1/4P está un 22.4% por debajo de su máximo 52s. Fundamentalmente sólida con ROE 33.4%, deuda neta/EBITDA 1.4x. Técnicamente 🔵 RSI en sobreventa, 🟢 Divergencia alcista RSI. Clasificación: seguimiento.","GSK PLC ORD 31 1/4P está un 22.4% por debajo de su máximo 52s. Fundamentalmente sólida con ROE 33.4%, deuda neta/EBITDA 1.4x. Técnicamente 🔵 RSI en sobreventa, 🟢 Divergencia alcista RSI. Clasificación: seguimiento.",🔵 RSI en sobreventa | 🟢 Divergencia alcista RSI | 🟢 Cerca de soporte | 🟡 Apoyo en MA40 semanal | 🟢 base_pattern_detected,0.04,11,20,False,56.9,1.06,7232394.0,15187000320.0,1.4,-4.0,gross,73.5,72.8,0.7,33.4,70919.0,15.0,4.02,7.92,22.4,22.4,-9.2,31.6,False,False,-21.8379,False,0.3,7.2,False,1953.14,-9.4,True,False,59,17,0.69,1689.85,False
26,RIO.L,RIO TINTO PLC ORD 10P,EUROSTOXX,Basic Materials,Other Industrial Metals & Mining,United Kingdom,GBp,7374.0,1.0,script-v2.0,1.0,2026-09-12T11:56:54.291435+02:00,72.8,73.3,100,50,0,6,71,seguimiento,seguimiento,,True,pass,pendiente,0,desconocido,Pendiente de implementar,parcial,debt_reduction (alta): Deuda 22852.0M vs 23517.0M | dividend_maintained (baja): Dividendo actual 0.05% con caída del 19.1%,fuerte,seguimiento,7209.74,7217.56,7209.74 - 7217.56,6983.83,7749.45,6983.83 - 7749.45,Pérdida del soporte en 7209.74 | ROE negativo durante 2 trimestres consecutivos | Ampliación de capital dilutiva | Recorte de rating a bono basura,6-12,"RIO TINTO PLC ORD 10P está un 19.1% por debajo de su máximo 52s. Fundamentalmente sólida con ROE 19.3%, deuda neta/EBITDA 0.6x. Técnicamente 🟢 Divergencia alcista RSI, 🟢 Cruce alcista MACD. Clasificación: seguimiento.","RIO TINTO PLC ORD 10P está un 19.1% por debajo de su máximo 52s. Fundamentalmente sólida con ROE 19.3%, deuda neta/EBITDA 0.6x. Técnicamente 🟢 Divergencia alcista RSI, 🟢 Cruce alcista MACD. Clasificación: seguimiento.",🟢 Divergencia alcista RSI | 🟢 Cruce alcista MACD | 🟢 Cerca de soporte | 🟢 base_pattern_detected | 🟡 trendline_break,0.05,11,20,False,54.9,0.32,2946907.0,13344999424.0,0.58,-2.8,,29.8,,,19.3,119928.0,13.5,2.5,6.09,19.1,19.1,5.6,45.5,True,False,195.9811,False,21.3,32.1,False,7025.85,5.0,True,True,53,18,0.86,7209.74,True
27,IMB.L,IMPERIAL BRANDS PLC ORD 10P,EUROSTOXX,Consumer Defensive,Tobacco,United Kingdom,GBp,2490.0,1.0,script-v2.0,1.0,2026-09-12T11:56:59.873574+02:00,72.7,66.5,66,67,0,4,91,seguimiento,seguimiento,Sin señales de recuperación,True,pass,pendiente,0,desconocido,Pendiente de implementar,ausente,"dividend_maintained (baja): Dividendo actual 0.07% con caída del 31.4% | analyst_upgrade (media): Target 3290.91 vs precio 2490.00 (+32%), recMean 1.83, recKey buy",fuerte,seguimiento,2476.0,2490.0,2476.00 - 2490.00,2927.36,3087.23,2927.36 - 3087.23,Pérdida del soporte en 2476.00 | ROE negativo durante 2 trimestres consecutivos | Ampliación de capital dilutiva | Recorte de rating a bono basura,12-18,"IMPERIAL BRANDS PLC ORD 10P está un 31.4% por debajo de su máximo 52s. Fundamentalmente sólida con ROE 37.2%, deuda neta/EBITDA 2.7x. Técnicamente 🔵 RSI recuperándose de sobreventa, 🟢 Cruce alcista MACD. Clasificación: seguimiento.","IMPERIAL BRANDS PLC ORD 10P está un 31.4% por debajo de su máximo 52s. Fundamentalmente sólida con ROE 37.2%, deuda neta/EBITDA 2.7x. Técnicamente 🔵 RSI recuperándose de sobreventa, 🟢 Cruce alcista MACD. Clasificación: seguimiento.",🔵 RSI recuperándose de sobreventa | 🟢 Cruce alcista MACD | 🟢 Volumen creciente | 🟢 Cerca de soporte | 🟢 base_pattern_detected,0.07,11,20,False,75.4,2.44,3071010.0,10735000000.0,2.67,12.4,,36.3,,,37.2,18797.0,11.7,4.9,7.73,31.4,31.4,-14.9,39.2,True,False,-118.0386,False,36.6,24.8,False,2911.97,-14.5,True,False,79,12,1.5,2476.0,False
28,1299.HK,AIA,ASIA,Financial Services,Insurance - Life,Hong Kong,HKD,75.05,1.0,script-v2.0,1.0,2026-09-12T11:58:39.872122+02:00,72.3,70.1,92,51,0,4,79,seguimiento,seguimiento,Sin señales de recuperación,True,pass,pendiente,0,desconocido,Pendiente de implementar,ausente,"dividend_maintained (baja): Dividendo actual 2.64% con caída del 18.6% | analyst_upgrade (media): Target 102.51 vs precio 75.05 (+37%), recMean 1.30, recKey strong_buy",fuerte,seguimiento,71.3,74.9,71.30 - 74.90,78.33,79.26,78.33 - 79.26,Pérdida del soporte en 71.30 | ROE negativo durante 2 trimestres consecutivos | Ampliación de capital dilutiva | Recorte de rating a bono basura,6-12,"AIA está un 18.6% por debajo de su máximo 52s. Fundamentalmente sólida con ROE 19.6%, deuda neta/EBITDA 1.6x. Técnicamente 🟢 Divergencia alcista RSI, 🟢 Bajo SMA200 con SMA50 girando. Clasificación: seguimiento.","AIA está un 18.6% por debajo de su máximo 52s. Fundamentalmente sólida con ROE 19.6%, deuda neta/EBITDA 1.6x. Técnicamente 🟢 Divergencia alcista RSI, 🟢 Bajo SMA200 con SMA50 girando. Clasificación: seguimiento.",🟢 Divergencia alcista RSI | 🟢 Bajo SMA200 con SMA50 girando | 🟢 MACD semanal girando al alza | 🟡 Apoyo en MA40 semanal | 🟢 base_pattern_detected | 🟡 trendline_break,2.64,11,16,False,32.4,0.52,28300555.0,14578999296.0,1.64,45.4,,40.6,,,19.6,773251.0,12.6,2.42,88.83,18.6,16.6,-5.3,49.1,False,False,-1.1196,True,34.9,47.6,False,79.28,-5.3,True,True,46,33,0.95,,True
29,BN.PA,DANONE,EUROSTOXX,Consumer Defensive,Packaged Foods,France,EUR,61.38,1.0,script-v2.0,1.0,2026-09-12T11:56:09.072342+02:00,72.2,68.9,87,53,0,4,82,seguimiento,seguimiento,Sin señales de recuperación,True,pass,pendiente,0,desconocido,Pendiente de implementar,ausente,"dividend_maintained (baja): Dividendo actual 3.67% con caída del 23.4% | analyst_upgrade (media): Target 79.93 vs precio 61.38 (+30%), recMean 2.27, recKey buy",fuerte,seguimiento,60.92,61.38,60.92 - 61.38,68.11,68.12,68.11 - 68.12,Pérdida del soporte en 60.92 | ROE negativo durante 2 trimestres consecutivos | Ampliación de capital dilutiva | Recorte de rating a bono basura,6-12,"DANONE está un 23.4% por debajo de su máximo 52s. Fundamentalmente sólida con ROE 12.2%, deuda neta/EBITDA 2.0x. Técnicamente 🔵 RSI en sobreventa, 🟢 Cruce alcista MACD. Clasificación: seguimiento.","DANONE está un 23.4% por debajo de su máximo 52s. Fundamentalmente sólida con ROE 12.2%, deuda neta/EBITDA 2.0x. Técnicamente 🔵 RSI en sobreventa, 🟢 Cruce alcista MACD. Clasificación: seguimiento.",🔵 RSI en sobreventa | 🟢 Cruce alcista MACD | 🟢 Cerca de soporte | 🟡 Apoyo en MA40 semanal,3.67,11,20,False,74.5,0.99,1349292.0,9087999488.0,2.01,20.9,,50.0,,,12.2,39535.0,20.3,2.24,10.79,23.4,20.7,-9.9,28.1,True,False,-0.9324,False,0.0,0.3,False,67.79,-9.5,False,False,77,5,1.16,60.92,False
30,7751.T,CANON INC,ASIA,Technology,Computer Hardware,Japan,JPY,4380.0,1.0,script-v2.0,1.0,2026-09-12T11:58:25.936171+02:00,72.0,71.7,92,54,0,1,73,seguimiento,seguimiento,Sin señales de recuperación,True,pass,pendiente,0,desconocido,Pendiente de implementar,ausente,dividend_maintained (baja): Dividendo actual 3.65% con caída del 13.0%,fuerte,seguimiento,4249.72,4380.0,4249.72 - 4380.00,4278.05,4414.69,4278.05 - 4414.69,Pérdida del soporte en 4249.72 | ROE negativo durante 2 trimestres consecutivos | Ampliación de capital dilutiva | Recorte de rating a bono basura,6-12,"CANON INC está un 13.0% por debajo de su máximo 52s. Fundamentalmente sólida con ROE 10.4%, deuda neta/EBITDA 0.7x. Técnicamente 🟡 MACD convergiendo, 🟢 Cerca de soporte. Clasificación: seguimiento.","CANON INC está un 13.0% por debajo de su máximo 52s. Fundamentalmente sólida con ROE 10.4%, deuda neta/EBITDA 0.7x. Técnicamente 🟡 MACD convergiendo, 🟢 Cerca de soporte. Clasificación: seguimiento.",🟡 MACD convergiendo | 🟢 Cerca de soporte | 🟡 Apoyo en MA40 semanal | 🟢 base_pattern_detected,3.65,11,20,False,40.5,0.34,3888126.0,525887012864.0,0.72,34.2,,47.8,,,10.4,3696515.0,11.1,1.07,6.13,13.0,11.6,-0.8,40.1,False,True,67.3095,False,19.7,10.9,False,4415.39,-0.8,True,False,56,17,1.09,4249.72,True
31,CPB,The Campbell's Company,SP500,Consumer Defensive,Packaged Foods,United States,USD,21.0,1.0,script-v2.0,1.0,2026-09-12T11:57:49.459448+02:00,71.8,75.0,67,82,0,4,62,seguimiento,seguimiento,Sin señales de recuperación,True,pass,pendiente,0,desconocido,Pendiente de implementar,ausente,margin_stabilization (media): Margen gross 27.5% vs 28.0% (-0.5 pp) | dividend_maintained (baja): Dividendo actual 4.76% con caída del 38.5%,razonable,seguimiento,20.85,21.0,20.85 - 21.00,23.34,29.04,23.34 - 29.04,Pérdida del soporte en 20.85 | ROE negativo durante 2 trimestres consecutivos | Ampliación de capital dilutiva | Recorte de rating a bono basura,12-18,"The Campbell's Company está un 38.5% por debajo de su máximo 52s. Fundamentalmente sólida con ROE 10.1%, deuda neta/EBITDA 4.2x. Técnicamente 🟢 Bajo SMA200 con SMA50 girando, 🟢 Cerca de soporte. Clasificación: seguimiento.","The Campbell's Company está un 38.5% por debajo de su máximo 52s. Fundamentalmente sólida con ROE 10.1%, deuda neta/EBITDA 4.2x. Técnicamente 🟢 Bajo SMA200 con SMA50 girando, 🟢 Cerca de soporte. Clasificación: seguimiento.",🟢 Bajo SMA200 con SMA50 girando | 🟢 Cerca de soporte | 🟡 Apoyo en MA40 semanal | 🟢 base_pattern_detected,4.76,11,20,False,119.1,1.72,8152779.0,6742999936.0,4.15,0.9,gross,28.6,28.8,-0.3,10.1,6262.0,16.0,1.63,8.2,38.5,55.5,-10.0,35.5,False,False,-0.4555,False,8.7,16.3,False,23.14,-9.2,True,False,45,17,1.0,20.85,True
32,SCG.AX,SCENTRE STAPLED [SCG],ASX,Real Estate,REIT - Retail,Australia,AUD,3.46,1.0,script-v2.0,1.0,2026-09-12T11:58:10.856056+02:00,71.4,78.5,86,72,0,9,50,seguimiento,seguimiento,,True,pass,pendiente,0,desconocido,Pendiente de implementar,parcial,eps_stabilization (media): EPS 0.34 vs 0.20 (annual_eps_fallback) | debt_reduction (alta): Deuda 14029.0M vs 16774.4M | dividend_maintained (baja): Dividendo actual 5.20% con caída del 19.0%,razonable,seguimiento,3.2,3.46,3.20 - 3.46,3.63,3.71,3.63 - 3.71,Pérdida del soporte en 3.20 | ROE negativo durante 2 trimestres consecutivos | Ampliación de capital dilutiva | Recorte de rating a bono basura,6-12,"SCENTRE STAPLED [SCG] está un 19.0% por debajo de su máximo 52s. Fundamentalmente sólida con ROE 10.4%, deuda neta/EBITDA 5.6x. Técnicamente 🔵 RSI en sobreventa, 🟡 Apoyo en MA40 semanal. Clasificación: seguimiento.","SCENTRE STAPLED [SCG] está un 19.0% por debajo de su máximo 52s. Fundamentalmente sólida con ROE 10.4%, deuda neta/EBITDA 5.6x. Técnicamente 🔵 RSI en sobreventa, 🟡 Apoyo en MA40 semanal. Clasificación: seguimiento.",🔵 RSI en sobreventa | 🟡 Apoyo en MA40 semanal,5.2,11,16,False,47.1,0.72,11821710.0,13751199680.0,5.58,-16.4,,70.7,,,10.4,18094.0,9.1,0.93,12.93,19.0,15.1,-6.7,27.6,False,False,-0.0222,False,11.1,11.6,False,3.7,-6.6,False,False,45,5,1.01,3.2,False
33,3382.T,SEVEN & I HOLDINGS CO LTD,ASIA,Consumer Defensive,Grocery Stores,Japan,JPY,2008.0,1.0,script-v2.0,1.0,2026-09-12T11:58:30.422918+02:00,71.3,78.8,82,76,0,4,49,seguimiento,seguimiento,Sin señales de recuperación,True,pass,pendiente,0,desconocido,Pendiente de implementar,ausente,eps_stabilization (media): EPS 26.21 vs 18.96 (Diluted EPS) | dividend_maintained (baja): Dividendo actual 2.99% con caída del 16.9%,razonable,seguimiento,1955.0,2008.0,1955.00 - 2008.00,2039.35,2054.45,2039.35 - 2054.45,Pérdida del soporte en 1955.00 | ROE negativo durante 2 trimestres consecutivos | Ampliación de capital dilutiva | Recorte de rating a bono basura,6-12,"SEVEN & I HOLDINGS CO LTD está un 16.9% por debajo de su máximo 52s. Fundamentalmente sólida con ROE 8.0%, deuda neta/EBITDA 3.3x. Técnicamente 🟢 Cerca de soporte, 🟡 Apoyo en MA40 semanal. Clasificación: seguimiento.","SEVEN & I HOLDINGS CO LTD está un 16.9% por debajo de su máximo 52s. Fundamentalmente sólida con ROE 8.0%, deuda neta/EBITDA 3.3x. Técnicamente 🟢 Cerca de soporte, 🟡 Apoyo en MA40 semanal. Clasificación: seguimiento.",🟢 Cerca de soporte | 🟡 Apoyo en MA40 semanal | 🟢 base_pattern_detected,2.99,11,20,False,42.1,1.04,8550625.0,3217205100544.0,3.32,,,16.4,,,8.0,4552254.0,16.9,1.26,8.13,16.9,22.1,-1.5,46.2,False,False,6.5916,False,41.7,49.6,False,2040.95,-1.6,True,False,32,17,0.87,1955.0,True
34,MGR.AX,MIRVAC GRP STAPLED [MGR],ASX,Real Estate,REIT - Diversified,Australia,AUD,1.755,1.0,script-v2.0,1.0,2026-09-12T11:58:12.631527+02:00,71.0,75.6,82,70,0,12,57,entrada_escalada,entrada_escalada,,True,pass,pendiente,0,desconocido,Pendiente de implementar,confirmada,"eps_stabilization (media): EPS 0.02 vs -0.20 (annual_eps_fallback) | debt_reduction (alta): Deuda 3934.0M vs 4544.0M | dividend_maintained (baja): Dividendo actual 5.70% con caída del 28.7% | analyst_upgrade (media): Target 2.12 vs precio 1.75 (+21%), recMean 1.73, recKey buy",razonable,entrada_escalada,1.65,1.75,1.65 - 1.75,1.8,2.09,1.80 - 2.09,Pérdida del soporte en 1.65 | ROE negativo durante 2 trimestres consecutivos | Ampliación de capital dilutiva | Recorte de rating a bono basura,12-18,"MIRVAC GRP STAPLED [MGR] está un 28.7% por debajo de su máximo 52s. Fundamentalmente sólida con ROE 7.4%, deuda neta/EBITDA 4.1x. Técnicamente 🟢 Volumen creciente, 🟡 Apoyo en MA40 semanal. Clasificación: entrada_escalada.","MIRVAC GRP STAPLED [MGR] está un 28.7% por debajo de su máximo 52s. Fundamentalmente sólida con ROE 7.4%, deuda neta/EBITDA 4.1x. Técnicamente 🟢 Volumen creciente, 🟡 Apoyo en MA40 semanal. Clasificación: entrada_escalada.",🟢 Volumen creciente | 🟡 Apoyo en MA40 semanal | 🟢 base_pattern_detected,5.7,11,20,False,55.2,0.42,12434084.0,3605000128.0,4.12,-13.4,,38.9,,,7.4,6925.0,10.3,0.74,12.03,28.7,25.0,-2.7,40.3,False,False,-0.0055,False,6.2,11.5,False,1.8,-2.3,True,False,40,17,1.38,1.65,True
35,8002.T,MARUBENI CORP,ASIA,Industrials,Conglomerates,Japan,JPY,5049.0,1.0,script-v2.0,1.0,2026-09-12T11:58:31.051900+02:00,69.7,67.3,95,43,0,1,77,seguimiento,seguimiento,Sin señales de recuperación,True,pass,pendiente,0,desconocido,Pendiente de implementar,ausente,dividend_maintained (baja): Dividendo actual 2.28% con caída del 20.2%,fuerte,seguimiento,4771.7,5035.58,4771.70 - 5035.58,5119.02,5378.8,5119.02 - 5378.80,Pérdida del soporte en 4771.70 | ROE negativo durante 2 trimestres consecutivos | Ampliación de capital dilutiva | Recorte de rating a bono basura,6-12,"MARUBENI CORP está un 20.2% por debajo de su máximo 52s. Fundamentalmente sólida con ROE 14.2%, deuda neta/EBITDA 4.0x. Técnicamente 🟢 Divergencia alcista RSI, 🟢 MACD semanal girando al alza. Clasificación: seguimiento.","MARUBENI CORP está un 20.2% por debajo de su máximo 52s. Fundamentalmente sólida con ROE 14.2%, deuda neta/EBITDA 4.0x. Técnicamente 🟢 Divergencia alcista RSI, 🟢 MACD semanal girando al alza. Clasificación: seguimiento.",🟢 Divergencia alcista RSI | 🟢 MACD semanal girando al alza | 🟡 Apoyo en MA40 semanal | 🟢 base_pattern_detected | 🟡 trendline_break,2.28,11,20,False,32.6,0.58,4479964.0,2050481061888.0,3.96,0.5,,14.5,,,14.2,8204006.0,15.3,1.84,20.09,20.2,19.4,-1.4,50.9,False,False,-14.9441,True,52.8,57.7,False,5211.93,-3.1,True,True,44,33,1.21,4771.7,True
36,NG.L,NATIONAL GRID PLC ORD 12 204/47,EUROSTOXX,Utilities,Utilities - Regulated Electric,United Kingdom,GBp,1130.5,1.0,script-v2.0,1.0,2026-09-12T11:56:56.625873+02:00,69.5,63.7,69,59,0,4,87,seguimiento,seguimiento,Sin señales de recuperación,True,pass,pendiente,0,desconocido,Pendiente de implementar,ausente,eps_stabilization (media): EPS 0.66 vs 0.61 (annual_eps_fallback) | dividend_maintained (baja): Dividendo actual 0.04% con caída del 20.9%,fuerte,seguimiento,1073.97,1130.5,1073.97 - 1130.50,1214.22,1233.76,1214.22 - 1233.76,Pérdida del soporte en 1073.97 | ROE negativo durante 2 trimestres consecutivos | Ampliación de capital dilutiva | Recorte de rating a bono basura,6-12,"NATIONAL GRID PLC ORD 12 204/47 está un 20.9% por debajo de su máximo 52s. Fundamentalmente sólida con ROE 8.4%, deuda neta/EBITDA 6.4x. Técnicamente 🔵 RSI en sobreventa, 🟢 Divergencia alcista RSI. Clasificación: seguimiento.","NATIONAL GRID PLC ORD 12 204/47 está un 20.9% por debajo de su máximo 52s. Fundamentalmente sólida con ROE 8.4%, deuda neta/EBITDA 6.4x. Técnicamente 🔵 RSI en sobreventa, 🟢 Divergencia alcista RSI. Clasificación: seguimiento.",🔵 RSI en sobreventa | 🟢 Divergencia alcista RSI | 🟡 MACD convergiendo | 🟢 Estocástico sale de sobreventa | 🟡 Apoyo en MA40 semanal | 🟢 base_pattern_detected,0.04,11,20,False,72.1,1.21,10550010.0,44877001984.0,6.39,0.3,,100.0,,,8.4,56828.0,17.4,1.43,14.4,20.9,20.8,-8.4,33.8,False,True,-20.3585,False,9.2,6.7,True,1237.05,-8.6,True,False,64,23,0.82,,False
37,9021.T,WEST JAPAN RAILWAY CO,ASIA,Industrials,Railroads,Japan,JPY,2998.0,1.0,script-v2.0,1.0,2026-09-12T11:58:28.230058+02:00,69.3,77.7,82,74,0,1,44,seguimiento,seguimiento,Sin señales de recuperación,True,pass,pendiente,0,desconocido,Pendiente de implementar,ausente,dividend_maintained (baja): Dividendo actual 3.25% con caída del 15.0%,incompleto,seguimiento,2817.19,2957.21,2817.19 - 2957.21,2985.51,2998.8,2985.51 - 2998.80,Pérdida del soporte en 2817.19 | ROE negativo durante 2 trimestres consecutivos | Ampliación de capital dilutiva | Recorte de rating a bono basura,6-12,"WEST JAPAN RAILWAY CO está un 15.0% por debajo de su máximo 52s. Fundamentalmente sólida con ROE 9.3%, deuda neta/EBITDA 3.7x. Técnicamente 🟡 Apoyo en MA40 semanal, 🟢 base_pattern_detected. Clasificación: seguimiento.","WEST JAPAN RAILWAY CO está un 15.0% por debajo de su máximo 52s. Fundamentalmente sólida con ROE 9.3%, deuda neta/EBITDA 3.7x. Técnicamente 🟡 Apoyo en MA40 semanal, 🟢 base_pattern_detected. Clasificación: seguimiento.",🟡 Apoyo en MA40 semanal | 🟢 base_pattern_detected | 🟡 trendline_break,3.25,11,20,False,35.1,1.15,2635707.0,1360837033984.0,3.67,6.6,,24.8,,,9.3,1364341.0,10.8,1.11,7.7,15.0,13.6,0.4,54.4,False,False,2.36,False,48.2,57.6,False,2984.91,0.4,True,True,21,23,1.03,2817.19,True
38,BMW.DE,BAYERISCHE MOTOREN WERKE AG   S,EUROSTOXX,Consumer Cyclical,Auto Manufacturers,Germany,EUR,63.0,1.0,script-v2.0,1.0,2026-09-12T11:55:54.051102+02:00,69.2,70.9,57,83,0,1,64,seguimiento,seguimiento,Sin señales de recuperación,True,pass,pendiente,0,desconocido,Pendiente de implementar,ausente,dividend_maintained (baja): Dividendo actual 6.98% con caída del 35.7%,razonable,seguimiento,57.77,59.49,57.77 - 59.49,73.5,83.23,73.50 - 83.23,Pérdida del soporte en 57.77 | ROE negativo durante 2 trimestres consecutivos | Ampliación de capital dilutiva | Recorte de rating a bono basura,12-18,"BAYERISCHE MOTOREN WERKE AG   S está un 35.7% por debajo de su máximo 52s. Fundamentalmente sólida con ROE 6.6%, deuda neta/EBITDA 7.3x. Técnicamente 🟢 Divergencia alcista RSI, 🟢 Bajo SMA200 con SMA50 girando. Clasificación: seguimiento.","BAYERISCHE MOTOREN WERKE AG   S está un 35.7% por debajo de su máximo 52s. Fundamentalmente sólida con ROE 6.6%, deuda neta/EBITDA 7.3x. Técnicamente 🟢 Divergencia alcista RSI, 🟢 Bajo SMA200 con SMA50 girando. Clasificación: seguimiento.",🟢 Divergencia alcista RSI | 🟢 Bajo SMA200 con SMA50 girando | 🟢 MACD semanal girando al alza | 🟢 base_pattern_detected,6.98,11,20,False,42.3,1.2,1602299.0,101147001856.0,7.33,36.6,gross,12.4,14.8,-2.4,6.6,37710.0,6.1,0.4,10.22,35.7,32.0,-14.3,60.7,False,False,-4.1207,True,79.5,76.5,False,73.24,-14.0,True,False,42,22,0.92,57.77,True
39,PHIA.AS,KON.PHILIPS N.V.,EUROSTOXX,Healthcare,Medical Devices,Netherlands,EUR,21.14,1.0,script-v2.0,1.0,2026-09-12T11:56:27.781550+02:00,69.2,68.2,81,57,0,15,72,entrada_directa,entrada_directa,,True,pass,pendiente,0,desconocido,Pendiente de implementar,confirmada,"margin_stabilization (media): Margen gross 49.3% vs 45.2% (+4.1 pp) | eps_stabilization (media): EPS 0.40 vs 0.16 (Diluted EPS) | debt_reduction (alta): Deuda 7465.0M vs 8097.0M | dividend_maintained (baja): Dividendo actual 4.02% con caída del 23.7% | analyst_upgrade (media): Target 26.89 vs precio 21.14 (+27%), recKey none",fuerte,entrada_directa,20.77,21.14,20.77 - 21.14,23.29,23.54,23.29 - 23.54,Pérdida del soporte en 20.77 | ROE negativo durante 2 trimestres consecutivos | Ampliación de capital dilutiva | Recorte de rating a bono basura,6-12,"KON.PHILIPS N.V. está un 23.7% por debajo de su máximo 52s. Fundamentalmente sólida con ROE 10.2%, deuda neta/EBITDA 2.4x. Técnicamente 🔵 RSI en sobreventa, 🟢 Cerca de soporte. Clasificación: entrada_directa.","KON.PHILIPS N.V. está un 23.7% por debajo de su máximo 52s. Fundamentalmente sólida con ROE 10.2%, deuda neta/EBITDA 2.4x. Técnicamente 🔵 RSI en sobreventa, 🟢 Cerca de soporte. Clasificación: entrada_directa.",🔵 RSI en sobreventa | 🟢 Cerca de soporte | 🟡 Apoyo en MA40 semanal | 🟢 base_pattern_detected,4.02,8,2,False,74.6,0.65,1808326.0,5676000000.0,2.35,-7.8,gross,45.9,46.0,-0.0,10.2,20663.0,18.5,1.81,10.91,23.7,24.4,-9.2,23.0,False,False,-0.1814,False,0.0,3.8,False,23.25,-9.1,True,False,55,17,1.28,20.77,False
40,UCB.BR,UCB,EUROSTOXX,Healthcare,Biotechnology,Belgium,EUR,205.6,1.0,script-v2.0,1.0,2026-09-12T11:56:38.575548+02:00,68.7,66.9,93,44,0,7,74,seguimiento,seguimiento,,True,pass,pendiente,0,desconocido,Pendiente de implementar,parcial,"eps_stabilization (media): EPS 8.03 vs 1.76 (annual_eps_fallback) | dividend_maintained (baja): Dividendo actual 0.71% con caída del 29.0% | analyst_upgrade (media): Target 285.00 vs precio 205.60 (+39%), recMean 1.60, recKey buy",fuerte,seguimiento,195.32,205.6,195.32 - 205.60,245.6,246.07,245.60 - 246.07,Pérdida del soporte en 195.32 | ROE negativo durante 2 trimestres consecutivos | Ampliación de capital dilutiva | Recorte de rating a bono basura,12-18,"UCB está un 29.0% por debajo de su máximo 52s. Fundamentalmente sólida con ROE 20.6%, deuda neta/EBITDA 0.8x. Técnicamente 🟢 Divergencia alcista RSI, 🟡 MACD convergiendo. Clasificación: seguimiento.","UCB está un 29.0% por debajo de su máximo 52s. Fundamentalmente sólida con ROE 20.6%, deuda neta/EBITDA 0.8x. Técnicamente 🟢 Divergencia alcista RSI, 🟡 MACD convergiendo. Clasificación: seguimiento.",🟢 Divergencia alcista RSI | 🟡 MACD convergiendo | 🟢 Estocástico sale de sobreventa | 🟢 base_pattern_detected,0.71,11,20,False,12.8,0.31,223969.0,2822000000.0,0.84,24.7,,76.2,,,20.6,39200.0,18.2,3.36,12.57,29.0,28.5,-16.3,35.6,False,True,-8.8216,False,19.2,10.9,True,244.81,-16.0,True,False,56,18,1.18,,False
41,AZN.L,ASTRAZENECA PLC ORD SHS $0.25,EUROSTOXX,Healthcare,Drug Manufacturers - General,United Kingdom,GBp,11708.0,1.0,script-v2.0,1.0,2026-09-12T11:56:51.780023+02:00,68.7,71.9,98,49,0,12,59,entrada_escalada,entrada_escalada,,True,pass,pendiente,0,desconocido,Pendiente de implementar,confirmada,"margin_stabilization (media): Margen gross 83.6% vs 82.5% (+1.1 pp) | debt_reduction (alta): Deuda 32350.0M vs 33918.0M | dividend_maintained (baja): Dividendo actual 0.02% con caída del 25.6% | analyst_upgrade (media): Target 15692.54 vs precio 11708.00 (+34%), recMean 1.80, recKey buy",razonable,entrada_escalada,11496.49,11708.0,11496.49 - 11708.00,13372.2,13659.84,13372.20 - 13659.84,Pérdida del soporte en 11496.49 | ROE negativo durante 2 trimestres consecutivos | Ampliación de capital dilutiva | Recorte de rating a bono basura,12-18,"ASTRAZENECA PLC ORD SHS $0.25 está un 25.6% por debajo de su máximo 52s. Fundamentalmente sólida con ROE 22.0%, deuda neta/EBITDA 1.4x. Técnicamente 🟢 Divergencia alcista RSI, 🟢 Cerca de soporte. Clasificación: entrada_escalada.","ASTRAZENECA PLC ORD SHS $0.25 está un 25.6% por debajo de su máximo 52s. Fundamentalmente sólida con ROE 22.0%, deuda neta/EBITDA 1.4x. Técnicamente 🟢 Divergencia alcista RSI, 🟢 Cerca de soporte. Clasificación: entrada_escalada.",🟢 Divergencia alcista RSI | 🟢 Cerca de soporte | 🟢 base_pattern_detected,0.02,11,20,False,47.4,0.64,3190334.0,27381999104.0,1.38,-4.6,gross,81.7,81.9,-0.2,22.0,181578.0,23.7,4.89,10.5,25.6,25.6,-14.3,41.0,False,False,-527.138,False,16.9,15.0,False,13651.91,-14.2,True,False,47,12,0.86,11496.49,False
42,WKL.AS,WOLTERS KLUWER,EUROSTOXX,Industrials,Specialty Business Services,Netherlands,EUR,66.24,1.0,script-v2.0,1.0,2026-09-12T11:56:29.016341+02:00,68.5,72.0,72,72,0,7,58,seguimiento,seguimiento,,True,pass,pendiente,0,desconocido,Pendiente de implementar,parcial,"eps_stabilization (media): EPS 5.64 vs 4.52 (annual_eps_fallback) | dividend_maintained (baja): Dividendo actual 3.93% con caída del 43.6% | analyst_upgrade (media): Target 90.09 vs precio 66.24 (+36%), recMean 1.69, recKey buy",razonable,seguimiento,62.75,65.93,62.75 - 65.93,67.79,99.75,67.79 - 99.75,Pérdida del soporte en 62.75 | ROE negativo durante 2 trimestres consecutivos | Ampliación de capital dilutiva | Recorte de rating a bono basura,18-24,"WOLTERS KLUWER está un 43.6% por debajo de su máximo 52s. Fundamentalmente sólida con ROE 146.1%, deuda neta/EBITDA 2.1x. Técnicamente 🟢 Estocástico sale de sobreventa, 🟡 Apoyo en MA40 semanal. Clasificación: seguimiento.","WOLTERS KLUWER está un 43.6% por debajo de su máximo 52s. Fundamentalmente sólida con ROE 146.1%, deuda neta/EBITDA 2.1x. Técnicamente 🟢 Estocástico sale de sobreventa, 🟡 Apoyo en MA40 semanal. Clasificación: seguimiento.",🟢 Estocástico sale de sobreventa | 🟡 Apoyo en MA40 semanal | 🟢 base_pattern_detected | 🟡 trendline_break,3.93,11,20,False,43.0,5.9,1142767.0,4054000256.0,2.08,12.5,,74.1,,,146.1,14744.0,11.3,18.78,9.68,43.6,61.3,-2.3,44.5,False,False,-1.132,False,19.2,9.5,True,67.18,-1.4,True,True,29,29,0.86,62.75,True
43,005380.KS,HyundaiMtr,ASIA,Consumer Cyclical,Auto Manufacturers,South Korea,KRW,382500.0,1.0,script-v2.0,1.0,2026-09-12T11:58:42.290352+02:00,68.2,63.6,62,65,0,10,82,seguimiento,seguimiento,,True,pass,pendiente,0,desconocido,Pendiente de implementar,parcial,"margin_stabilization (media): Margen gross 17.8% vs 17.5% (+0.3 pp) | eps_stabilization (media): EPS 9621.00 vs 8897.00 (Diluted EPS) | dividend_maintained (baja): Dividendo actual 2.61% con caída del 51.1% | analyst_upgrade (media): Target 653191.50 vs precio 382500.00 (+71%), recMean 1.66, recKey buy",fuerte,seguimiento,379225.29,382500.0,379225.29 - 382500.00,462896.67,665550.0,462896.67 - 665550.00,Pérdida del soporte en 379225.29 | ROE negativo durante 2 trimestres consecutivos | Ampliación de capital dilutiva | Recorte de rating a bono basura,18-24,"HyundaiMtr está un 51.1% por debajo de su máximo 52s. Fundamentalmente sólida con ROE 7.2%, deuda neta/EBITDA 7.8x. Técnicamente 🟢 Divergencia alcista RSI, 🟢 Cruce alcista MACD. Clasificación: seguimiento.","HyundaiMtr está un 51.1% por debajo de su máximo 52s. Fundamentalmente sólida con ROE 7.2%, deuda neta/EBITDA 7.8x. Técnicamente 🟢 Divergencia alcista RSI, 🟢 Cruce alcista MACD. Clasificación: seguimiento.",🟢 Divergencia alcista RSI | 🟢 Cruce alcista MACD | 🟢 Cerca de soporte | 🟢 base_pattern_detected,2.61,11,20,False,32.2,1.41,832278.0,102580327809024.0,7.79,3.3,gross,17.4,17.4,0.0,7.2,100151532.0,7.9,,16.41,51.1,50.8,-17.4,41.2,True,False,-25007.7837,False,14.1,21.1,False,481122.91,-20.5,True,False,70,12,0.82,379225.29,False
44,MUV2.DE,MUENCHENER RUECKVERS.-GES. AG N,EUROSTOXX,Financial Services,Insurance - Reinsurance,Germany,EUR,503.4,1.0,script-v2.0,1.0,2026-09-12T11:56:00.843171+02:00,68.0,67.0,99,39,0,7,71,seguimiento,seguimiento,,True,pass,pendiente,0,desconocido,Pendiente de implementar,parcial,margin_stabilization (media): Margen operating 15.6% vs 13.7% (+1.9 pp) | eps_stabilization (media): EPS 17.50 vs 13.41 (Diluted EPS) | dividend_maintained (baja): Dividendo actual 4.77% con caída del 12.5%,fuerte,seguimiento,462.6,503.4,462.60 - 503.40,489.26,504.45,489.26 - 504.45,Pérdida del soporte en 462.60 | ROE negativo durante 2 trimestres consecutivos | Ampliación de capital dilutiva | Recorte de rating a bono basura,6-12,"MUENCHENER RUECKVERS.-GES. AG N está un 12.5% por debajo de su máximo 52s. Fundamentalmente sólida con ROE 21.3%, D/E 0.24. Técnicamente 🟡 MACD convergiendo, 🟢 Volumen creciente. Clasificación: seguimiento.","MUENCHENER RUECKVERS.-GES. AG N está un 12.5% por debajo de su máximo 52s. Fundamentalmente sólida con ROE 21.3%, D/E 0.24. Técnicamente 🟡 MACD convergiendo, 🟢 Volumen creciente. Clasificación: seguimiento.",🟡 MACD convergiendo | 🟢 Volumen creciente | 🟡 Apoyo en MA40 semanal | 🟢 base_pattern_detected,4.77,11,20,False,44.6,0.24,278659.0,2403000320.0,,9.4,operating,17.3,14.9,2.4,21.3,63335.0,9.4,1.89,,12.5,13.8,-0.2,42.3,False,True,3.9062,False,30.7,20.3,False,504.64,-0.2,True,False,54,17,1.36,462.6,True
45,HEIA.AS,HEINEKEN,EUROSTOXX,Consumer Defensive,Beverages - Brewers,Netherlands,EUR,70.28,1.0,script-v2.0,1.0,2026-09-12T11:56:26.517093+02:00,67.9,73.2,94,55,0,7,52,seguimiento,seguimiento,,True,pass,pendiente,0,desconocido,Pendiente de implementar,parcial,"eps_stabilization (media): EPS 3.38 vs 1.74 (annual_eps_fallback) | dividend_maintained (baja): Dividendo actual 2.73% con caída del 12.6% | analyst_upgrade (media): Target 89.09 vs precio 70.28 (+27%), recMean 1.83, recKey buy",razonable,seguimiento,65.21,70.28,65.21 - 70.28,68.37,70.41,68.37 - 70.41,Pérdida del soporte en 65.21 | ROE negativo durante 2 trimestres consecutivos | Ampliación de capital dilutiva | Recorte de rating a bono basura,6-12,"HEINEKEN está un 12.6% por debajo de su máximo 52s. Fundamentalmente sólida con ROE 12.1%, deuda neta/EBITDA 3.2x. Técnicamente 🔵 RSI en sobreventa, 🟢 Estocástico sale de sobreventa. Clasificación: seguimiento.","HEINEKEN está un 12.6% por debajo de su máximo 52s. Fundamentalmente sólida con ROE 12.1%, deuda neta/EBITDA 3.2x. Técnicamente 🔵 RSI en sobreventa, 🟢 Estocástico sale de sobreventa. Clasificación: seguimiento.",🔵 RSI en sobreventa | 🟢 Estocástico sale de sobreventa | 🟡 Apoyo en MA40 semanal,2.73,11,20,False,46.3,0.95,798997.0,17812999680.0,3.22,7.1,,37.0,,,12.1,38971.0,17.1,2.02,10.65,12.6,13.2,-0.2,32.8,False,False,0.9985,False,3.1,3.0,True,70.51,-0.3,False,False,41,11,0.81,65.21,False
46,C6L.SI,SIA,ASIA,Industrials,Airlines,Singapore,SGD,6.66,1.0,script-v2.0,1.0,2026-09-12T11:58:47.011169+02:00,67.8,65.5,74,58,0,1,75,seguimiento,seguimiento,Sin señales de recuperación,True,pass,pendiente,0,desconocido,Pendiente de implementar,ausente,dividend_maintained (baja): Dividendo actual 6.61% con caída del 15.9%,fuerte,seguimiento,6.25,6.66,6.25 - 6.66,6.73,6.8,6.73 - 6.80,Pérdida del soporte en 6.25 | ROE negativo durante 2 trimestres consecutivos | Ampliación de capital dilutiva | Recorte de rating a bono basura,6-12,"SIA está un 15.9% por debajo de su máximo 52s. Fundamentalmente sólida con ROE 7.2%, deuda neta/EBITDA 0.1x. Técnicamente 🔵 RSI en sobreventa, 🟢 Cruce alcista MACD. Clasificación: seguimiento.","SIA está un 15.9% por debajo de su máximo 52s. Fundamentalmente sólida con ROE 7.2%, deuda neta/EBITDA 0.1x. Técnicamente 🔵 RSI en sobreventa, 🟢 Cruce alcista MACD. Clasificación: seguimiento.",🔵 RSI en sobreventa | 🟢 Cruce alcista MACD | 🟢 Estocástico sale de sobreventa | 🟡 Apoyo en MA40 semanal,6.61,9,5,False,117.8,0.6,7748436.0,407100416.0,0.09,0.0,operating,14.5,9.8,4.7,7.2,21003.0,22.2,1.22,5.02,15.9,15.9,-2.1,23.4,True,False,0.0654,False,13.3,11.2,True,6.82,-2.4,False,False,64,11,0.99,6.25,False
47,SAN.PA,SANOFI,EUROSTOXX,Healthcare,Drug Manufacturers - General,France,EUR,73.26,1.0,script-v2.0,1.0,2026-09-12T11:56:19.246720+02:00,67.7,69.6,76,64,0,7,62,seguimiento,seguimiento,,True,pass,pendiente,0,desconocido,Pendiente de implementar,parcial,"margin_stabilization (media): Margen gross 75.5% vs 72.1% (+3.4 pp) | dividend_maintained (baja): Dividendo actual 5.62% con caída del 19.6% | analyst_upgrade (media): Target 94.06 vs precio 73.26 (+28%), recMean 2.12, recKey buy",razonable,seguimiento,69.6,73.26,69.60 - 73.26,76.05,77.48,76.05 - 77.48,Pérdida del soporte en 69.60 | ROE negativo durante 2 trimestres consecutivos | Ampliación de capital dilutiva | Recorte de rating a bono basura,6-12,"SANOFI está un 19.6% por debajo de su máximo 52s. Fundamentalmente sólida con ROE 5.7%, deuda neta/EBITDA 1.3x. Técnicamente 🔵 RSI en sobreventa, 🟡 Apoyo en MA40 semanal. Clasificación: seguimiento.","SANOFI está un 19.6% por debajo de su máximo 52s. Fundamentalmente sólida con ROE 5.7%, deuda neta/EBITDA 1.3x. Técnicamente 🔵 RSI en sobreventa, 🟡 Apoyo en MA40 semanal. Clasificación: seguimiento.",🔵 RSI en sobreventa | 🟡 Apoyo en MA40 semanal | 🟢 base_pattern_detected,5.62,11,20,False,127.2,0.34,2123763.0,17226000384.0,1.27,17.8,gross,73.5,72.7,0.7,5.7,87771.0,22.6,1.27,7.78,19.6,27.2,-3.7,33.6,False,False,-0.2791,False,0.7,5.2,False,76.01,-3.6,True,False,45,17,1.05,,True
48,BA.L,BAE SYSTEMS PLC ORD 2.5P,EUROSTOXX,Industrials,Aerospace & Defense,United Kingdom,GBp,1898.0,1.0,script-v2.0,1.0,2026-09-12T11:56:58.071117+02:00,67.2,61.3,97,30,0,7,85,seguimiento,seguimiento,,True,pass,pendiente,0,desconocido,Pendiente de implementar,parcial,"eps_stabilization (media): EPS 0.68 vs 0.64 (annual_eps_fallback) | dividend_maintained (baja): Dividendo actual 0.02% con caída del 19.6% | analyst_upgrade (media): Target 2330.65 vs precio 1898.00 (+23%), recMean 2.25, recKey buy",fuerte,seguimiento,1883.5,1898.0,1883.50 - 1898.00,1995.62,2006.0,1995.62 - 2006.00,Pérdida del soporte en 1883.50 | ROE negativo durante 2 trimestres consecutivos | Ampliación de capital dilutiva | Recorte de rating a bono basura,6-12,"BAE SYSTEMS PLC ORD 2.5P está un 19.6% por debajo de su máximo 52s. Fundamentalmente sólida con ROE 18.6%, deuda neta/EBITDA 1.3x. Técnicamente 🔵 RSI en sobreventa, 🟡 MACD convergiendo. Clasificación: seguimiento.","BAE SYSTEMS PLC ORD 2.5P está un 19.6% por debajo de su máximo 52s. Fundamentalmente sólida con ROE 18.6%, deuda neta/EBITDA 1.3x. Técnicamente 🔵 RSI en sobreventa, 🟡 MACD convergiendo. Clasificación: seguimiento.",🔵 RSI en sobreventa | 🟡 MACD convergiendo | 🟢 Cerca de soporte | 🟡 Apoyo en MA40 semanal | 🟢 base_pattern_detected,0.02,11,20,False,52.0,0.73,6385751.0,4953000448.0,1.32,1.1,,13.3,,,18.6,55579.0,27.1,4.59,16.5,19.6,19.6,-4.9,29.3,False,True,10.6366,False,11.8,9.6,False,2009.03,-5.5,True,False,68,17,1.05,1883.5,True
49,DUK,Duke Energy Corporation (Holdin,SP500,Utilities,Utilities - Regulated Electric,United States,USD,119.42,1.0,script-v2.0,1.0,2026-09-12T11:57:38.377172+02:00,67.1,63.5,88,42,0,1,78,seguimiento,seguimiento,Sin señales de recuperación,True,pass,pendiente,0,desconocido,Pendiente de implementar,ausente,dividend_maintained (baja): Dividendo actual 3.63% con caída del 11.2%,fuerte,seguimiento,113.45,119.42,113.45 - 119.42,114.32,122.35,114.32 - 122.35,Pérdida del soporte en 113.45 | ROE negativo durante 2 trimestres consecutivos | Ampliación de capital dilutiva | Recorte de rating a bono basura,6-12,"Duke Energy Corporation (Holdin está un 11.2% por debajo de su máximo 52s. Fundamentalmente sólida con ROE 9.9%, deuda neta/EBITDA 5.5x. Técnicamente 🟢 Divergencia alcista RSI, 🟢 Cruce alcista MACD. Clasificación: seguimiento.","Duke Energy Corporation (Holdin está un 11.2% por debajo de su máximo 52s. Fundamentalmente sólida con ROE 9.9%, deuda neta/EBITDA 5.5x. Técnicamente 🟢 Divergencia alcista RSI, 🟢 Cruce alcista MACD. Clasificación: seguimiento.",🟢 Divergencia alcista RSI | 🟢 Cruce alcista MACD | 🟡 Apoyo en MA40 semanal | 🟢 base_pattern_detected,3.63,11,20,False,64.2,1.62,4050962.0,91532998080.0,5.51,1.5,gross,52.0,50.4,1.6,9.9,93112.0,18.0,1.73,11.3,11.2,9.7,-2.4,40.2,True,False,-0.54,False,12.0,15.6,False,122.69,-2.7,True,False,61,17,0.98,,False
50,0066.HK,MTR CORPORATION,ASIA,Industrials,Railroads,Hong Kong,HKD,32.94,1.0,script-v2.0,1.0,2026-09-12T11:58:35.656157+02:00,66.6,68.1,90,49,0,1,62,seguimiento,seguimiento,Sin señales de recuperación,True,pass,pendiente,0,desconocido,Pendiente de implementar,ausente,dividend_maintained (baja): Dividendo actual 3.98% con caída del 13.0%,razonable,seguimiento,31.07,32.22,31.07 - 32.22,31.75,32.2,31.75 - 32.20,Pérdida del soporte en 31.07 | ROE negativo durante 2 trimestres consecutivos | Ampliación de capital dilutiva | Recorte de rating a bono basura,6-12,"MTR CORPORATION está un 13.0% por debajo de su máximo 52s. Fundamentalmente sólida con ROE 11.1%, deuda neta/EBITDA 3.1x. Técnicamente 🟢 Cruce alcista MACD, 🟢 base_pattern_detected. Clasificación: seguimiento.","MTR CORPORATION está un 13.0% por debajo de su máximo 52s. Fundamentalmente sólida con ROE 11.1%, deuda neta/EBITDA 3.1x. Técnicamente 🟢 Cruce alcista MACD, 🟢 base_pattern_detected. Clasificación: seguimiento.",🟢 Cruce alcista MACD | 🟢 base_pattern_detected | 🟡 trendline_break,3.98,11,20,False,35.7,0.75,5619173.0,109202997248.0,3.1,120.2,,35.9,,,11.1,204323.0,9.0,1.0,8.94,13.0,9.5,3.7,54.0,True,False,0.4583,False,70.2,83.5,False,31.95,3.1,True,True,44,18,1.02,31.07,True
51,DTE.DE,DEUTSCHE TELEKOM AG           N,EUROSTOXX,Communication Services,Telecom Services,Germany,EUR,28.59,1.0,script-v2.0,1.0,2026-09-12T11:55:56.740523+02:00,66.5,66.0,82,52,0,10,68,seguimiento,seguimiento,,True,pass,pendiente,0,desconocido,Pendiente de implementar,parcial,"margin_stabilization (media): Margen gross 63.2% vs 62.1% (+1.1 pp) | eps_stabilization (media): EPS 0.51 vs 0.42 (Diluted EPS) | dividend_maintained (baja): Dividendo actual 3.50% con caída del 16.8% | analyst_upgrade (media): Target 36.93 vs precio 28.59 (+29%), recMean 1.44, recKey strong_buy",razonable,seguimiento,27.09,27.66,27.09 - 27.66,28.27,29.21,28.27 - 29.21,Pérdida del soporte en 27.09 | ROE negativo durante 2 trimestres consecutivos | Ampliación de capital dilutiva | Recorte de rating a bono basura,6-12,"DEUTSCHE TELEKOM AG           N está un 16.8% por debajo de su máximo 52s. Fundamentalmente sólida con ROE 15.1%, deuda neta/EBITDA 3.3x. Técnicamente 🟡 MACD convergiendo, 🟢 MACD semanal girando al alza. Clasificación: seguimiento.","DEUTSCHE TELEKOM AG           N está un 16.8% por debajo de su máximo 52s. Fundamentalmente sólida con ROE 15.1%, deuda neta/EBITDA 3.3x. Técnicamente 🟡 MACD convergiendo, 🟢 MACD semanal girando al alza. Clasificación: seguimiento.",🟡 MACD convergiendo | 🟢 MACD semanal girando al alza | 🟡 Apoyo en MA40 semanal | 🟢 base_pattern_detected | 🟡 trendline_break,3.5,11,20,False,56.2,1.65,6249775.0,141382993408.0,3.31,2.8,gross,44.9,61.1,-16.2,15.1,136735.0,15.7,2.28,7.21,16.8,15.4,1.1,53.8,False,True,-0.056,True,53.7,21.6,False,28.41,0.6,True,True,35,33,1.11,27.09,True
52,000660.KS,SK hynix,ASIA,Technology,Semiconductors,South Korea,KRW,1812000.0,1.0,script-v2.0,1.0,2026-09-12T11:58:40.612633+02:00,65.4,79.2,100,61,0,15,24,seguimiento,seguimiento,Sin suelo técnico identificado,True,pass,pendiente,0,desconocido,Pendiente de implementar,confirmada,"margin_stabilization (media): Margen gross 83.2% vs 79.3% (+3.9 pp) | eps_stabilization (media): EPS 131478.00 vs 56670.00 (Diluted EPS) | debt_reduction (alta): Deuda 3194454.0M vs 21832416.0M | dividend_maintained (baja): Dividendo actual 0.08% con caída del 39.3% | analyst_upgrade (media): Target 3197603.80 vs precio 1812000.00 (+76%), recMean 1.34, recKey strong_buy",sin_suelo,seguimiento,1719732.06,1756381.44,1719732.06 - 1756381.44,1336251.4,2538950.0,1336251.40 - 2538950.00,Pérdida del soporte en 1719732.06 | ROE negativo durante 2 trimestres consecutivos | Ampliación de capital dilutiva | Recorte de rating a bono basura,12-18,"SK hynix está un 39.3% por debajo de su máximo 52s. Fundamentalmente sólida con ROE 354.1%, deuda neta/EBITDA -0.0x. Técnicamente 🟢 Divergencia alcista RSI. Clasificación: seguimiento.","SK hynix está un 39.3% por debajo de su máximo 52s. Fundamentalmente sólida con ROE 354.1%, deuda neta/EBITDA -0.0x. Técnicamente 🟢 Divergencia alcista RSI. Clasificación: seguimiento.",🟢 Divergencia alcista RSI,0.08,11,13,False,1.3,0.72,5298864.0,-35529923231744.0,-0.03,-85.4,gross,76.3,72.2,4.1,354.1,1286257074.0,3.8,,1.14,39.3,39.3,35.6,55.3,False,False,126731.9336,False,76.6,85.2,False,1396270.14,29.8,False,False,24,0,0.95,1719732.06,False
53,AVGO,Broadcom Inc.,SP500,Technology,Semiconductors,United States,USD,361.99,1.0,script-v2.0,1.0,2026-09-12T11:57:54.735111+02:00,65.2,61.6,100,28,0,15,76,entrada_directa,entrada_directa,,False,pass,pendiente,0,desconocido,Pendiente de implementar,confirmada,"margin_stabilization (media): Margen gross 69.1% vs 69.5% (-0.3 pp) | eps_stabilization (media): EPS 2.68 vs 1.91 (Diluted EPS) | debt_reduction (alta): Deuda 59419.0M vs 64907.0M | dividend_maintained (baja): Dividendo actual 0.72% con caída del 26.9% | analyst_upgrade (media): Target 531.85 vs precio 361.99 (+47%), recMean 1.26, recKey strong_buy",fuerte,entrada_directa,289.5,361.99,289.50 - 361.99,369.44,420.75,369.44 - 420.75,Pérdida del soporte en 289.50 | ROE negativo durante 2 trimestres consecutivos | Ampliación de capital dilutiva | Recorte de rating a bono basura,12-18,"Broadcom Inc. está un 26.9% por debajo de su máximo 52s. Fundamentalmente sólida con ROE 44.2%, deuda neta/EBITDA 0.7x. Técnicamente 🔵 RSI recuperándose de sobreventa, 🟢 Cruce alcista MACD. Clasificación: entrada_directa.","Broadcom Inc. está un 26.9% por debajo de su máximo 52s. Fundamentalmente sólida con ROE 44.2%, deuda neta/EBITDA 0.7x. Técnicamente 🔵 RSI recuperándose de sobreventa, 🟢 Cruce alcista MACD. Clasificación: entrada_directa.",🔵 RSI recuperándose de sobreventa | 🟢 Cruce alcista MACD | 🟡 Apoyo en MA40 semanal | 🟢 base_pattern_detected,0.72,11,17,False,32.4,0.6,23830144.0,35444000768.0,0.68,-8.5,gross,75.5,68.7,6.8,44.2,1728006.0,46.2,17.34,33.74,26.9,26.8,-2.0,42.2,True,False,2.4638,False,57.4,58.6,False,366.79,-1.3,True,False,59,17,0.92,289.5,False
54,EOAN.DE,E.ON SE                       N,EUROSTOXX,Utilities,Utilities - Diversified,Germany,EUR,17.635,1.0,script-v2.0,1.0,2026-09-12T11:55:57.906217+02:00,65.0,63.3,98,33,0,4,70,seguimiento,seguimiento,Sin señales de recuperación,True,pass,pendiente,0,desconocido,Pendiente de implementar,ausente,margin_stabilization (media): Margen gross 26.6% vs 24.8% (+1.8 pp) | dividend_maintained (baja): Dividendo actual 3.23% con caída del 13.5%,fuerte,seguimiento,16.76,17.64,16.76 - 17.64,17.33,17.79,17.33 - 17.79,Pérdida del soporte en 16.76 | ROE negativo durante 2 trimestres consecutivos | Ampliación de capital dilutiva | Recorte de rating a bono basura,6-12,"E.ON SE                       N está un 13.5% por debajo de su máximo 52s. Fundamentalmente sólida con ROE 15.5%, deuda neta/EBITDA 3.9x. Técnicamente 🔵 RSI recuperándose de sobreventa, 🟢 Divergencia alcista RSI. Clasificación: seguimiento.","E.ON SE                       N está un 13.5% por debajo de su máximo 52s. Fundamentalmente sólida con ROE 15.5%, deuda neta/EBITDA 3.9x. Técnicamente 🔵 RSI recuperándose de sobreventa, 🟢 Divergencia alcista RSI. Clasificación: seguimiento.",🔵 RSI recuperándose de sobreventa | 🟢 Divergencia alcista RSI | 🟡 Apoyo en MA40 semanal | 🟢 base_pattern_detected,3.23,11,20,False,44.2,1.53,4249250.0,38529999872.0,3.87,,gross,24.9,27.3,-2.4,15.5,46103.0,13.7,2.17,9.18,13.5,10.9,-0.9,43.7,False,False,0.0564,False,51.0,47.2,False,17.9,-1.5,True,False,53,17,0.71,,False
55,VCX.AX,VICINITY STAPLED [VCX],ASX,Real Estate,REIT - Retail,Australia,AUD,2.37,1.0,script-v2.0,1.0,2026-09-12T11:58:12.997449+02:00,64.8,66.4,84,51,0,4,60,seguimiento,seguimiento,Sin señales de recuperación,True,pass,pendiente,0,desconocido,Pendiente de implementar,ausente,eps_stabilization (media): EPS 0.30 vs 0.22 (annual_eps_fallback) | dividend_maintained (baja): Dividendo actual 5.06% con caída del 13.2%,razonable,seguimiento,2.26,2.37,2.26 - 2.37,2.32,2.45,2.32 - 2.45,Pérdida del soporte en 2.26 | ROE negativo durante 2 trimestres consecutivos | Ampliación de capital dilutiva | Recorte de rating a bono basura,6-12,"VICINITY STAPLED [VCX] está un 13.2% por debajo de su máximo 52s. Fundamentalmente sólida con ROE 12.0%, deuda neta/EBITDA 5.6x. Técnicamente 🔵 RSI en sobreventa, 🟢 Cerca de soporte. Clasificación: seguimiento.","VICINITY STAPLED [VCX] está un 13.2% por debajo de su máximo 52s. Fundamentalmente sólida con ROE 12.0%, deuda neta/EBITDA 5.6x. Técnicamente 🔵 RSI en sobreventa, 🟢 Cerca de soporte. Clasificación: seguimiento.",🔵 RSI en sobreventa | 🟢 Cerca de soporte | 🟡 Apoyo en MA40 semanal,5.06,11,15,False,40.6,0.41,10361107.0,4845000160.0,5.64,2.3,,70.9,,,12.0,10998.0,7.9,0.91,18.45,13.2,11.1,-3.3,29.7,False,False,0.0227,False,11.9,13.2,False,2.46,-3.6,False,False,55,5,1.06,2.26,False
56,HRL,Hormel Foods Corporation,SP500,Consumer Defensive,Packaged Foods,United States,USD,20.57,1.0,script-v2.0,1.0,2026-09-12T11:57:46.653319+02:00,64.7,64.9,59,70,0,9,64,seguimiento,seguimiento,,True,pass,pendiente,0,desconocido,Pendiente de implementar,parcial,"debt_reduction (alta): Deuda 250.0M vs 2856.3M | dividend_maintained (baja): Dividendo actual 5.69% con caída del 22.7% | analyst_upgrade (media): Target 26.12 vs precio 20.57 (+27%), recMean 2.60, recKey hold",razonable,seguimiento,20.48,20.57,20.48 - 20.57,22.61,22.99,22.61 - 22.99,Pérdida del soporte en 20.48 | ROE negativo durante 2 trimestres consecutivos | Ampliación de capital dilutiva | Recorte de rating a bono basura,6-12,"Hormel Foods Corporation está un 22.7% por debajo de su máximo 52s. Fundamentalmente sólida con ROE 4.3%, deuda neta/EBITDA -0.3x. Técnicamente 🔵 RSI en sobreventa, 🟡 MACD convergiendo. Clasificación: seguimiento.","Hormel Foods Corporation está un 22.7% por debajo de su máximo 52s. Fundamentalmente sólida con ROE 4.3%, deuda neta/EBITDA -0.3x. Técnicamente 🔵 RSI en sobreventa, 🟡 MACD convergiendo. Clasificación: seguimiento.",🔵 RSI en sobreventa | 🟡 MACD convergiendo | 🟢 Cerca de soporte,5.69,11,20,False,188.3,4.24,4446245.0,-324262976.0,-0.26,-91.2,gross,15.7,15.7,0.0,4.3,11321.0,33.7,1.44,8.69,22.7,34.1,-10.5,23.2,False,True,-0.1737,False,3.4,2.7,False,23.02,-10.7,False,False,64,0,0.76,20.48,False
57,9020.T,EAST JAPAN RAILWAY CO,ASIA,Industrials,Railroads,Japan,JPY,3493.0,1.0,script-v2.0,1.0,2026-09-12T11:58:27.867306+02:00,64.4,69.5,61,77,0,1,49,seguimiento,seguimiento,Sin señales de recuperación,True,pass,pendiente,0,desconocido,Pendiente de implementar,ausente,dividend_maintained (baja): Dividendo actual 2.40% con caída del 17.1%,razonable,seguimiento,3439.53,3493.0,3439.53 - 3493.00,3579.35,3675.38,3579.35 - 3675.38,Pérdida del soporte en 3439.53 | ROE negativo durante 2 trimestres consecutivos | Ampliación de capital dilutiva | Recorte de rating a bono basura,6-12,"EAST JAPAN RAILWAY CO está un 17.1% por debajo de su máximo 52s. Fundamentalmente sólida con ROE 7.9%, deuda neta/EBITDA 5.7x. Técnicamente 🟢 Cerca de soporte, 🟡 Apoyo en MA40 semanal. Clasificación: seguimiento.","EAST JAPAN RAILWAY CO está un 17.1% por debajo de su máximo 52s. Fundamentalmente sólida con ROE 7.9%, deuda neta/EBITDA 5.7x. Técnicamente 🟢 Cerca de soporte, 🟡 Apoyo en MA40 semanal. Clasificación: seguimiento.",🟢 Cerca de soporte | 🟡 Apoyo en MA40 semanal | 🟢 base_pattern_detected,2.4,11,20,False,33.7,1.63,3064010.0,4878946918400.0,5.68,7.6,,36.9,,,7.9,3943836.0,15.9,1.29,10.28,17.1,16.2,-5.0,45.9,False,False,-28.1238,False,21.0,33.6,False,3667.29,-4.8,True,False,32,17,0.94,3439.53,True
58,PEP,"Pepsico, Inc.",SP500,Consumer Defensive,Beverages - Non-Alcoholic,United States,USD,136.32,1.0,script-v2.0,1.0,2026-09-12T11:57:03.725173+02:00,64.3,65.7,78,55,0,4,60,seguimiento,seguimiento,Sin señales de recuperación,True,pass,pendiente,0,desconocido,Pendiente de implementar,ausente,eps_stabilization (media): EPS 2.18 vs 1.70 (Diluted EPS) | dividend_maintained (baja): Dividendo actual 4.34% con caída del 20.5%,razonable,seguimiento,129.5,136.32,129.50 - 136.32,145.5,145.76,145.50 - 145.76,Pérdida del soporte en 129.50 | ROE negativo durante 2 trimestres consecutivos | Ampliación de capital dilutiva | Recorte de rating a bono basura,6-12,"Pepsico, Inc. está un 20.5% por debajo de su máximo 52s. Fundamentalmente sólida con ROE 51.5%, deuda neta/EBITDA 2.2x. Técnicamente 🟢 Divergencia alcista RSI, 🟡 Apoyo en MA40 semanal. Clasificación: seguimiento.","Pepsico, Inc. está un 20.5% por debajo de su máximo 52s. Fundamentalmente sólida con ROE 51.5%, deuda neta/EBITDA 2.2x. Técnicamente 🟢 Divergencia alcista RSI, 🟡 Apoyo en MA40 semanal. Clasificación: seguimiento.",🟢 Divergencia alcista RSI | 🟡 Apoyo en MA40 semanal | 🟢 base_pattern_detected,4.34,11,20,False,75.3,2.39,8298078.0,42497998848.0,2.25,0.9,gross,54.2,54.1,0.1,51.5,186213.0,17.9,8.43,12.11,20.5,18.1,-6.3,42.4,False,False,-2.5111,False,3.4,3.9,False,145.83,-6.5,True,False,43,17,1.11,,False
59,ABT,Abbott Laboratories,SP500,Healthcare,Medical Devices,United States,USD,101.95,1.0,script-v2.0,1.0,2026-09-12T11:57:05.371656+02:00,64.0,61.0,85,40,0,1,73,seguimiento,seguimiento,Sin señales de recuperación,True,pass,pendiente,0,desconocido,Pendiente de implementar,ausente,dividend_maintained (baja): Dividendo actual 2.47% con caída del 25.8%,fuerte,seguimiento,98.87,101.95,98.87 - 101.95,104.8,116.87,104.80 - 116.87,Pérdida del soporte en 98.87 | ROE negativo durante 2 trimestres consecutivos | Ampliación de capital dilutiva | Recorte de rating a bono basura,12-18,"Abbott Laboratories está un 25.8% por debajo de su máximo 52s. Fundamentalmente sólida con ROE 10.6%, deuda neta/EBITDA 2.3x. Técnicamente 🔵 RSI en sobreventa, 🟢 Cerca de soporte. Clasificación: seguimiento.","Abbott Laboratories está un 25.8% por debajo de su máximo 52s. Fundamentalmente sólida con ROE 10.6%, deuda neta/EBITDA 2.3x. Técnicamente 🔵 RSI en sobreventa, 🟢 Cerca de soporte. Clasificación: seguimiento.",🔵 RSI en sobreventa | 🟢 Cerca de soporte | 🟢 Estocástico sale de sobreventa | 🟡 Apoyo en MA40 semanal | 🟢 base_pattern_detected,2.47,11,20,False,79.0,0.63,10903295.0,27116999168.0,2.32,136.1,gross,56.8,56.3,0.6,10.6,177578.0,33.4,3.45,17.48,25.8,25.5,-2.7,33.7,False,False,1.3318,False,2.9,2.6,True,103.66,-1.6,True,False,50,23,0.95,98.87,True
60,UPS,"United Parcel Service, Inc.",SP500,Industrials,Integrated Freight & Logistics,United States,USD,100.28,1.0,script-v2.0,1.0,2026-09-12T11:57:29.754264+02:00,63.8,66.1,88,47,0,1,57,seguimiento,seguimiento,Sin señales de recuperación,True,pass,pendiente,0,desconocido,Pendiente de implementar,ausente,dividend_maintained (baja): Dividendo actual 6.54% con caída del 18.1%,razonable,seguimiento,97.23,100.28,97.23 - 100.28,102.14,104.05,102.14 - 104.05,Pérdida del soporte en 97.23 | ROE negativo durante 2 trimestres consecutivos | Ampliación de capital dilutiva | Recorte de rating a bono basura,6-12,"United Parcel Service, Inc. está un 18.1% por debajo de su máximo 52s. Fundamentalmente sólida con ROE 29.6%, deuda neta/EBITDA 2.0x. Técnicamente 🟡 MACD convergiendo, 🟢 Cerca de soporte. Clasificación: seguimiento.","United Parcel Service, Inc. está un 18.1% por debajo de su máximo 52s. Fundamentalmente sólida con ROE 29.6%, deuda neta/EBITDA 2.0x. Técnicamente 🟡 MACD convergiendo, 🟢 Cerca de soporte. Clasificación: seguimiento.",🟡 MACD convergiendo | 🟢 Cerca de soporte | 🟡 Apoyo en MA40 semanal,6.54,11,20,False,121.9,1.9,4850639.0,24019999232.0,1.99,0.0,gross,22.4,16.5,5.9,29.6,85316.0,18.6,5.66,9.05,18.1,21.6,-1.8,39.3,False,True,0.7827,False,17.7,11.1,False,102.91,-2.6,False,False,52,5,0.84,97.23,False
61,SHEL.L,SHELL PLC ORD EUR0.07,EUROSTOXX,Energy,Oil & Gas Integrated,United Kingdom,GBp,3551.0,1.0,script-v2.0,1.0,2026-09-12T11:56:49.287707+02:00,62.9,64.9,98,36,0,12,57,entrada_escalada,entrada_escalada,,True,pass,pendiente,0,desconocido,Pendiente de implementar,confirmada,margin_stabilization (media): Margen gross 19.5% vs 19.3% (+0.2 pp) | eps_stabilization (media): EPS 1.92 vs 1.00 (Diluted EPS) | debt_reduction (alta): Deuda 73076.0M vs 75644.0M | dividend_maintained (baja): Dividendo actual 0.03% con caída del 5.5%,razonable,entrada_escalada,3299.95,3431.39,3299.95 - 3431.39,3101.97,3194.72,3101.97 - 3194.72,Pérdida del soporte en 3431.39 | ROE negativo durante 2 trimestres consecutivos | Ampliación de capital dilutiva | Recorte de rating a bono basura,6-12,"SHELL PLC ORD EUR0.07 está un 5.5% por debajo de su máximo 52s. Fundamentalmente sólida con ROE 14.3%, deuda neta/EBITDA 0.7x. Técnicamente 🟢 Cruce alcista MACD, 🟢 Cerca de soporte. Clasificación: entrada_escalada.","SHELL PLC ORD EUR0.07 está un 5.5% por debajo de su máximo 52s. Fundamentalmente sólida con ROE 14.3%, deuda neta/EBITDA 0.7x. Técnicamente 🟢 Cruce alcista MACD, 🟢 Cerca de soporte. Clasificación: entrada_escalada.",🟢 Cruce alcista MACD | 🟢 Cerca de soporte | 🟢 base_pattern_detected | 🟡 trendline_break,0.03,11,20,False,32.8,0.4,9687120.0,41701998592.0,0.72,-3.4,gross,26.1,16.8,9.3,14.3,203075.0,10.6,1.49,4.17,5.5,5.5,14.5,69.8,True,False,104.4505,False,89.3,84.9,False,3117.31,13.9,True,True,39,18,0.9,3431.39,True
62,HEN3.DE,Henkel AG & Co. KGaA          I,EUROSTOXX,Consumer Defensive,Household & Personal Products,Germany,EUR,72.3,1.0,script-v2.0,1.0,2026-09-12T11:55:59.541508+02:00,62.8,66.0,90,45,0,1,53,seguimiento,seguimiento,Sin señales de recuperación,True,pass,pendiente,0,desconocido,Pendiente de implementar,ausente,dividend_maintained (baja): Dividendo actual 2.86% con caída del 14.1%,razonable,seguimiento,68.94,72.3,68.94 - 72.30,70.5,71.57,70.50 - 71.57,Pérdida del soporte en 68.94 | ROE negativo durante 2 trimestres consecutivos | Ampliación de capital dilutiva | Recorte de rating a bono basura,6-12,"Henkel AG & Co. KGaA          I está un 14.1% por debajo de su máximo 52s. Fundamentalmente sólida con ROE 9.4%, deuda neta/EBITDA 0.7x. Técnicamente 🔵 RSI en sobreventa, 🟢 Cerca de soporte. Clasificación: seguimiento.","Henkel AG & Co. KGaA          I está un 14.1% por debajo de su máximo 52s. Fundamentalmente sólida con ROE 9.4%, deuda neta/EBITDA 0.7x. Técnicamente 🔵 RSI en sobreventa, 🟢 Cerca de soporte. Clasificación: seguimiento.",🔵 RSI en sobreventa | 🟢 Cerca de soporte | 🟡 Apoyo en MA40 semanal,2.86,11,20,False,44.0,0.32,386164.0,2296000000.0,0.71,81.1,,51.3,,,9.4,29271.0,15.4,1.4,9.74,14.1,13.0,2.5,33.6,False,False,1.8933,False,0.0,7.1,False,70.7,2.3,False,False,48,5,1.17,68.94,True
63,GIS,"General Mills, Inc.",SP500,Consumer Defensive,Packaged Foods,United States,USD,35.85,1.0,script-v2.0,1.0,2026-09-12T11:57:47.441678+02:00,62.5,65.6,64,67,0,9,53,seguimiento,seguimiento,,True,pass,pendiente,0,desconocido,Pendiente de implementar,parcial,margin_stabilization (media): Margen gross 34.8% vs 30.8% (+4.0 pp) | debt_reduction (alta): Deuda 0.0M vs 13967.7M | dividend_maintained (baja): Dividendo actual 6.81% con caída del 30.2%,razonable,seguimiento,33.65,35.85,33.65 - 35.85,38.72,43.63,38.72 - 43.63,Pérdida del soporte en 33.65 | ROE negativo durante 2 trimestres consecutivos | Ampliación de capital dilutiva | Recorte de rating a bono basura,12-18,"General Mills, Inc. está un 30.2% por debajo de su máximo 52s. Fundamentalmente sólida con ROE -1.0%, deuda neta/EBITDA -0.1x. Técnicamente 🟢 Bajo SMA200 con SMA50 girando, 🟡 Apoyo en MA40 semanal. Clasificación: seguimiento.","General Mills, Inc. está un 30.2% por debajo de su máximo 52s. Fundamentalmente sólida con ROE -1.0%, deuda neta/EBITDA -0.1x. Técnicamente 🟢 Bajo SMA200 con SMA50 girando, 🟡 Apoyo en MA40 semanal. Clasificación: seguimiento.",🟢 Bajo SMA200 con SMA50 girando | 🟡 Apoyo en MA40 semanal | 🟢 base_pattern_detected,6.81,11,20,False,59.4,2.18,9791227.0,-399000000.0,-0.12,-100.0,gross,33.7,33.6,0.1,-1.0,19166.0,11.2,3.46,6.38,30.2,47.6,-7.4,35.3,False,False,-0.2081,False,3.6,5.6,False,38.53,-6.9,True,False,36,17,0.98,33.65,True
64,6758.T,SONY GROUP CORPORATION,ASIA,Technology,Consumer Electronics,Japan,JPY,3632.0,1.0,script-v2.0,1.0,2026-09-12T11:58:21.827712+02:00,62.5,68.7,89,51,0,10,44,pendiente_confirmacion,pendiente_confirmacion,,True,pass,pendiente,0,desconocido,Pendiente de implementar,parcial,"margin_stabilization (media): Margen gross 36.7% vs 30.8% (+5.9 pp) | eps_stabilization (media): EPS 57.82 vs 13.89 (Diluted EPS) | dividend_maintained (baja): Dividendo actual 0.96% con caída del 24.0% | analyst_upgrade (media): Target 4852.27 vs precio 3632.00 (+34%), recMean 1.35, recKey strong_buy",incompleto,pendiente_confirmacion,3362.57,3632.0,3362.57 - 3632.00,3606.13,4059.6,3606.13 - 4059.60,Pérdida del soporte en 3362.57 | ROE negativo durante 2 trimestres consecutivos | Ampliación de capital dilutiva | Recorte de rating a bono basura,6-12,"SONY GROUP CORPORATION está un 24.0% por debajo de su máximo 52s. Fundamentalmente sólida con ROE 13.2%, deuda neta/EBITDA -0.1x. Técnicamente 🟡 Apoyo en MA40 semanal, 🟢 base_pattern_detected. Clasificación: pendiente_confirmacion.","SONY GROUP CORPORATION está un 24.0% por debajo de su máximo 52s. Fundamentalmente sólida con ROE 13.2%, deuda neta/EBITDA -0.1x. Técnicamente 🟡 Apoyo en MA40 semanal, 🟢 base_pattern_detected. Clasificación: pendiente_confirmacion.",🟡 Apoyo en MA40 semanal | 🟢 base_pattern_detected,0.96,11,20,False,13.4,0.21,17507800.0,-299421007872.0,-0.14,12.0,gross,32.2,32.1,0.2,13.2,21218846.0,19.5,2.55,10.31,24.0,23.7,0.7,41.8,False,False,68.4396,False,10.2,9.4,False,3543.93,2.5,True,False,27,17,1.02,3362.57,True
65,NEE,"NextEra Energy, Inc.",SP500,Utilities,Utilities - Regulated Electric,United States,USD,82.31,1.0,script-v2.0,1.0,2026-09-12T11:57:38.824782+02:00,62.3,63.7,84,46,0,7,58,seguimiento,seguimiento,,True,pass,pendiente,0,desconocido,Pendiente de implementar,parcial,margin_stabilization (media): Margen gross 62.4% vs 58.9% (+3.5 pp) | eps_stabilization (media): EPS 1.50 vs 1.04 (Diluted EPS) | dividend_maintained (baja): Dividendo actual 3.03% con caída del 16.6%,razonable,seguimiento,78.19,82.31,78.19 - 82.31,83.94,86.56,83.94 - 86.56,Pérdida del soporte en 78.19 | ROE negativo durante 2 trimestres consecutivos | Ampliación de capital dilutiva | Recorte de rating a bono basura,6-12,"NextEra Energy, Inc. está un 16.6% por debajo de su máximo 52s. Fundamentalmente sólida con ROE 11.7%, deuda neta/EBITDA 7.3x. Técnicamente 🟡 Apoyo en MA40 semanal, 🟢 base_pattern_detected. Clasificación: seguimiento.","NextEra Energy, Inc. está un 16.6% por debajo de su máximo 52s. Fundamentalmente sólida con ROE 11.7%, deuda neta/EBITDA 7.3x. Técnicamente 🟡 Apoyo en MA40 semanal, 🟢 base_pattern_detected. Clasificación: seguimiento.",🟡 Apoyo en MA40 semanal | 🟢 base_pattern_detected,3.03,11,20,False,53.5,1.62,11055890.0,107330998272.0,7.35,5.5,gross,61.0,60.8,0.2,11.7,171666.0,18.5,3.01,19.88,16.6,15.4,-4.9,38.0,False,False,-0.8976,False,43.0,42.6,False,86.76,-5.1,True,False,41,17,1.01,,False
66,GPT.AX,GPT STAPLED [GPT],ASX,Real Estate,REIT - Diversified,Australia,AUD,4.39,1.0,script-v2.0,1.0,2026-09-12T11:58:11.173567+02:00,61.6,66.8,78,57,0,7,46,seguimiento,seguimiento,,True,pass,pendiente,0,desconocido,Pendiente de implementar,parcial,"eps_stabilization (media): EPS 0.51 vs -0.10 (annual_eps_fallback) | dividend_maintained (baja): Dividendo actual 5.47% con caída del 23.7% | analyst_upgrade (media): Target 5.43 vs precio 4.39 (+24%), recMean 2.50, recKey buy",razonable,seguimiento,4.17,4.39,4.17 - 4.39,4.88,4.89,4.88 - 4.89,Pérdida del soporte en 4.17 | ROE negativo durante 2 trimestres consecutivos | Ampliación de capital dilutiva | Recorte de rating a bono basura,6-12,"GPT STAPLED [GPT] está un 23.7% por debajo de su máximo 52s. Fundamentalmente sólida con ROE 10.0%, deuda neta/EBITDA 9.1x. Técnicamente 🔵 RSI en sobreventa, 🟡 Apoyo en MA40 semanal. Clasificación: seguimiento.","GPT STAPLED [GPT] está un 23.7% por debajo de su máximo 52s. Fundamentalmente sólida con ROE 10.0%, deuda neta/EBITDA 9.1x. Técnicamente 🔵 RSI en sobreventa, 🟡 Apoyo en MA40 semanal. Clasificación: seguimiento.",🔵 RSI en sobreventa | 🟡 Apoyo en MA40 semanal,5.47,11,20,False,44.2,0.53,5801511.0,5582400032.0,9.11,17.2,,62.1,,,10.0,8409.0,8.0,0.78,22.84,23.7,20.1,-10.0,23.1,False,False,-0.0389,False,3.7,6.9,False,4.86,-9.7,False,False,41,5,0.93,,False
67,DSY.PA,DASSAULT SYSTEMES,EUROSTOXX,Technology,Software - Application,France,EUR,20.24,1.0,script-v2.0,1.0,2026-09-12T11:56:23.527761+02:00,61.4,69.5,94,48,0,7,37,pendiente_confirmacion,pendiente_confirmacion,,True,pass,pendiente,0,desconocido,Pendiente de implementar,parcial,margin_stabilization (media): Margen gross 84.1% vs 84.0% (+0.1 pp) | eps_stabilization (media): EPS 0.22 vs 0.22 (Diluted EPS) | dividend_maintained (baja): Dividendo actual 1.33% con caída del 33.3%,incompleto,pendiente_confirmacion,19.69,20.24,19.69 - 20.24,20.09,25.81,20.09 - 25.81,Pérdida del soporte en 19.69 | ROE negativo durante 2 trimestres consecutivos | Ampliación de capital dilutiva | Recorte de rating a bono basura,12-18,"DASSAULT SYSTEMES está un 33.3% por debajo de su máximo 52s. Fundamentalmente sólida con ROE 15.1%, deuda neta/EBITDA -1.4x. Técnicamente 🟢 Cerca de soporte, 🟡 Apoyo en MA40 semanal. Clasificación: pendiente_confirmacion.","DASSAULT SYSTEMES está un 33.3% por debajo de su máximo 52s. Fundamentalmente sólida con ROE 15.1%, deuda neta/EBITDA -1.4x. Técnicamente 🟢 Cerca de soporte, 🟡 Apoyo en MA40 semanal. Clasificación: pendiente_confirmacion.",🟢 Cerca de soporte | 🟡 Apoyo en MA40 semanal,1.33,11,20,False,27.8,0.36,1956598.0,-2282400000.0,-1.36,36.2,gross,84.2,84.2,0.0,15.1,26596.0,20.9,2.88,14.56,33.3,49.8,0.8,38.7,False,False,0.2496,False,10.5,8.4,False,19.98,1.3,False,False,32,5,0.97,19.69,True
68,005930.KS,SamsungElec,ASIA,Technology,Consumer Electronics,South Korea,KRW,259500.0,1.0,script-v2.0,1.0,2026-09-12T11:58:39.928390+02:00,60.5,67.3,78,58,0,15,40,pendiente_confirmacion,pendiente_confirmacion,,True,pass,pendiente,0,desconocido,Pendiente de implementar,confirmada,"margin_stabilization (media): Margen gross 69.6% vs 61.2% (+8.4 pp) | eps_stabilization (media): EPS 10733.00 vs 7056.00 (Diluted EPS) | debt_reduction (alta): Deuda 22408721.3M vs 28138794.0M | dividend_maintained (baja): Dividendo actual 0.58% con caída del 30.7% | analyst_upgrade (media): Target 477238.97 vs precio 259500.00 (+84%), recMean 1.36, recKey strong_buy",incompleto,pendiente_confirmacion,244583.33,259460.0,244583.33 - 259460.00,215571.02,318325.0,215571.02 - 318325.00,Pérdida del soporte en 244583.33 | ROE negativo durante 2 trimestres consecutivos | Ampliación de capital dilutiva | Recorte de rating a bono basura,12-18,"SamsungElec está un 30.7% por debajo de su máximo 52s. Fundamentalmente sólida con ROE 30.8%, deuda neta/EBITDA -0.7x. Técnicamente 🟢 Divergencia alcista RSI, 🟢 base_pattern_detected. Clasificación: pendiente_confirmacion.","SamsungElec está un 30.7% por debajo de su máximo 52s. Fundamentalmente sólida con ROE 30.8%, deuda neta/EBITDA -0.7x. Técnicamente 🟢 Divergencia alcista RSI, 🟢 base_pattern_detected. Clasificación: pendiente_confirmacion.",🟢 Divergencia alcista RSI | 🟢 base_pattern_detected,0.58,11,20,False,7.5,3.87,27315288.0,-167590313852928.0,-0.74,-20.4,gross,57.5,54.2,3.3,30.8,1704023174.0,3.7,,6.83,30.7,30.6,20.4,49.2,False,False,15123.3815,False,45.8,60.4,False,225184.95,15.2,True,False,28,12,0.88,244583.33,False
69,KMB,Kimberly-Clark Corporation,SP500,Consumer Defensive,Household & Personal Products,United States,USD,98.15,1.0,script-v2.0,1.0,2026-09-12T11:57:46.988267+02:00,60.1,61.1,75,49,0,12,57,entrada_escalada,entrada_escalada,,True,pass,pendiente,0,desconocido,Pendiente de implementar,confirmada,"margin_stabilization (media): Margen gross 38.3% vs 36.8% (+1.4 pp) | debt_reduction (alta): Deuda 6539.0M vs 7084.0M | dividend_maintained (baja): Dividendo actual 5.22% con caída del 24.4% | analyst_upgrade (media): Target 118.07 vs precio 98.15 (+20%), recMean 2.44, recKey buy",razonable,entrada_escalada,92.29,98.15,92.29 - 98.15,100.6,110.39,100.60 - 110.39,Pérdida del soporte en 92.29 | ROE negativo durante 2 trimestres consecutivos | Ampliación de capital dilutiva | Recorte de rating a bono basura,6-12,"Kimberly-Clark Corporation está un 24.4% por debajo de su máximo 52s. Fundamentalmente sólida con ROE 104.9%, deuda neta/EBITDA 1.6x. Técnicamente 🔵 RSI en sobreventa, 🟢 Volumen creciente. Clasificación: entrada_escalada.","Kimberly-Clark Corporation está un 24.4% por debajo de su máximo 52s. Fundamentalmente sólida con ROE 104.9%, deuda neta/EBITDA 1.6x. Técnicamente 🔵 RSI en sobreventa, 🟢 Volumen creciente. Clasificación: entrada_escalada.",🔵 RSI en sobreventa | 🟢 Volumen creciente | 🟡 Apoyo en MA40 semanal,5.22,11,20,False,100.4,3.49,4070217.0,5582999808.0,1.6,-7.7,gross,37.6,36.7,0.9,104.9,32580.0,19.5,18.65,11.02,24.4,30.1,-2.4,29.5,False,False,1.0198,False,6.2,5.5,False,100.84,-2.7,False,False,52,5,2.13,92.29,False
70,RIO.AX,RIO TINTO FPO [RIO],ASX,Basic Materials,Other Industrial Metals & Mining,United Kingdom,AUD,168.3,1.0,script-v2.0,1.0,2026-09-12T11:58:03.289865+02:00,59.6,60.5,100,26,0,6,57,seguimiento,seguimiento,,False,pass,pendiente,0,desconocido,Pendiente de implementar,parcial,debt_reduction (alta): Deuda 22852.0M vs 23640.0M | dividend_maintained (baja): Dividendo actual 3.98% con caída del 14.1%,razonable,seguimiento,168.08,168.3,168.08 - 168.30,161.34,166.46,161.34 - 166.46,Pérdida del soporte en 168.08 | ROE negativo durante 2 trimestres consecutivos | Ampliación de capital dilutiva | Recorte de rating a bono basura,6-12,"RIO TINTO FPO [RIO] está un 14.1% por debajo de su máximo 52s. Fundamentalmente sólida con ROE 19.3%, deuda neta/EBITDA 0.6x. Técnicamente 🟢 Divergencia alcista RSI, 🟢 Cerca de soporte. Clasificación: seguimiento.","RIO TINTO FPO [RIO] está un 14.1% por debajo de su máximo 52s. Fundamentalmente sólida con ROE 19.3%, deuda neta/EBITDA 0.6x. Técnicamente 🟢 Divergencia alcista RSI, 🟢 Cerca de soporte. Clasificación: seguimiento.",🟢 Divergencia alcista RSI | 🟢 Cerca de soporte | 🟢 base_pattern_detected,3.98,11,20,False,55.0,0.32,1220289.0,13344999424.0,0.58,-3.3,,29.8,,,19.3,273523.0,16.5,2.93,12.8,14.1,12.6,4.3,41.6,False,False,4.437,False,9.4,33.1,False,162.12,3.8,True,False,45,12,1.02,168.08,True
71,ED,"Consolidated Edison, Inc.",SP500,Utilities,Utilities - Regulated Electric,United States,USD,106.46,1.0,script-v2.0,1.0,2026-09-12T11:57:14.145091+02:00,59.2,62.6,93,36,0,1,49,seguimiento,seguimiento,Sin señales de recuperación,True,pass,pendiente,0,desconocido,Pendiente de implementar,ausente,dividend_maintained (baja): Dividendo actual 3.30% con caída del 8.4%,razonable,seguimiento,106.04,106.46,106.04 - 106.46,98.8,105.87,98.80 - 105.87,Pérdida del soporte en 106.04 | ROE negativo durante 2 trimestres consecutivos | Ampliación de capital dilutiva | Recorte de rating a bono basura,6-12,"Consolidated Edison, Inc. está un 8.4% por debajo de su máximo 52s. Fundamentalmente sólida con ROE 9.0%, deuda neta/EBITDA 4.4x. Técnicamente 🟢 Cerca de soporte, 🟡 Apoyo en MA40 semanal. Clasificación: seguimiento.","Consolidated Edison, Inc. está un 8.4% por debajo de su máximo 52s. Fundamentalmente sólida con ROE 9.0%, deuda neta/EBITDA 4.4x. Técnicamente 🟢 Cerca de soporte, 🟡 Apoyo en MA40 semanal. Clasificación: seguimiento.",🟢 Cerca de soporte | 🟡 Apoyo en MA40 semanal | 🟢 base_pattern_detected,3.3,11,20,False,57.1,1.1,2272454.0,26850000000.0,4.36,4.2,gross,53.4,53.2,0.2,9.0,39372.0,17.5,1.53,10.75,8.4,6.9,0.6,44.0,False,False,0.5086,False,27.9,39.9,False,106.54,-0.1,True,False,32,17,0.81,106.04,False
72,0006.HK,POWER ASSETS,ASIA,Utilities,Utilities - Independent Power Producers,Hong Kong,HKD,61.2,1.0,script-v2.0,1.0,2026-09-12T11:58:34.141825+02:00,59.1,61.2,98,29,0,9,53,seguimiento,seguimiento,,False,pass,pendiente,0,desconocido,Pendiente de implementar,parcial,eps_stabilization (media): EPS 2.93 vs 2.82 (annual_eps_fallback) | debt_reduction (alta): Deuda 2770.0M vs 3320.0M | dividend_maintained (baja): Dividendo actual 4.61% con caída del 8.7%,razonable,seguimiento,57.64,58.52,57.64 - 58.52,56.99,57.44,56.99 - 57.44,Pérdida del soporte en 57.64 | ROE negativo durante 2 trimestres consecutivos | Ampliación de capital dilutiva | Recorte de rating a bono basura,6-12,"POWER ASSETS está un 8.7% por debajo de su máximo 52s. Fundamentalmente sólida con ROE 18.6%, deuda neta/EBITDA -111.1x. Técnicamente 🟢 Cruce alcista MACD, 🟢 base_pattern_detected. Clasificación: seguimiento.","POWER ASSETS está un 8.7% por debajo de su máximo 52s. Fundamentalmente sólida con ROE 18.6%, deuda neta/EBITDA -111.1x. Técnicamente 🟢 Cruce alcista MACD, 🟢 base_pattern_detected. Clasificación: seguimiento.",🟢 Cruce alcista MACD | 🟢 base_pattern_detected | 🟡 trendline_break,4.61,11,20,False,33.6,2.69,2971353.0,-42506999808.0,-111.13,-16.6,,100.0,,,18.6,130424.0,7.3,1.26,229.85,8.7,4.5,6.6,65.0,True,False,0.8252,False,89.9,87.3,False,58.22,5.1,True,True,35,18,1.24,57.64,True
73,1038.HK,CKI HOLDINGS,ASIA,Utilities,Utilities - Regulated Electric,Hong Kong,HKD,66.3,1.0,script-v2.0,1.0,2026-09-12T11:58:38.947081+02:00,58.6,62.1,100,29,0,4,48,seguimiento,seguimiento,Sin señales de recuperación,False,pass,pendiente,0,desconocido,Pendiente de implementar,ausente,eps_stabilization (media): EPS 3.28 vs 3.22 (annual_eps_fallback) | dividend_maintained (baja): Dividendo actual 3.97% con caída del 2.4%,razonable,seguimiento,59.8,62.46,59.80 - 62.46,57.72,60.03,57.72 - 60.03,Pérdida del soporte en 59.80 | ROE negativo durante 2 trimestres consecutivos | Ampliación de capital dilutiva | Recorte de rating a bono basura,6-12,"CKI HOLDINGS está un 2.4% por debajo de su máximo 52s. Fundamentalmente sólida con ROE 17.2%, deuda neta/EBITDA -38.6x. Técnicamente 🟢 Cruce alcista MACD, 🟢 base_pattern_detected. Clasificación: seguimiento.","CKI HOLDINGS está un 2.4% por debajo de su máximo 52s. Fundamentalmente sólida con ROE 17.2%, deuda neta/EBITDA -38.6x. Técnicamente 🟢 Cruce alcista MACD, 🟢 base_pattern_detected. Clasificación: seguimiento.",🟢 Cruce alcista MACD | 🟢 base_pattern_detected | 🟡 trendline_break,3.97,11,20,False,25.7,0.14,1540173.0,-33624002560.0,-38.56,3.7,,18.4,,,17.2,167050.0,6.5,1.13,153.1,2.4,0.2,10.5,69.8,True,False,1.5762,False,95.6,95.5,False,60.84,9.0,True,True,30,18,0.87,59.8,True
74,ABI.BR,AB INBEV,EUROSTOXX,Consumer Defensive,Beverages - Brewers,Belgium,EUR,67.18,1.0,script-v2.0,1.0,2026-09-12T11:56:38.791494+02:00,58.0,65.7,95,40,0,15,35,pendiente_confirmacion,pendiente_confirmacion,,True,pass,pendiente,0,desconocido,Pendiente de implementar,confirmada,"margin_stabilization (media): Margen gross 57.5% vs 56.6% (+0.9 pp) | eps_stabilization (media): EPS 1.90 vs 1.30 (Diluted EPS) | debt_reduction (alta): Deuda 72732.0M vs 73027.0M | dividend_maintained (baja): Dividendo actual 1.71% con caída del 11.8% | analyst_upgrade (media): Target 81.48 vs precio 67.18 (+21%), recMean 1.68, recKey buy",incompleto,pendiente_confirmacion,60.51,67.18,60.51 - 67.18,64.48,64.75,64.48 - 64.75,Pérdida del soporte en 60.51 | ROE negativo durante 2 trimestres consecutivos | Ampliación de capital dilutiva | Recorte de rating a bono basura,6-12,"AB INBEV está un 11.8% por debajo de su máximo 52s. Fundamentalmente sólida con ROE 11.4%, deuda neta/EBITDA 3.3x. Técnicamente con señales incipientes pero confirmación incompleta. Clasificación: pendiente_confirmacion.","AB INBEV está un 11.8% por debajo de su máximo 52s. Fundamentalmente sólida con ROE 11.4%, deuda neta/EBITDA 3.3x. Técnicamente con señales incipientes pero confirmación incompleta. Clasificación: pendiente_confirmacion.",,1.71,11,20,False,28.9,0.72,1802968.0,64721000448.0,3.28,-0.4,gross,56.5,56.5,0.0,11.4,132286.0,16.8,1.65,10.38,11.8,11.8,4.2,39.7,False,False,1.6494,False,18.9,24.8,False,64.99,3.4,False,False,35,0,1.01,60.51,False
75,NOVN.SW,NOVARTIS N,EUROSTOXX,Healthcare,Drug Manufacturers - General,Switzerland,CHF,112.04,1.0,script-v2.0,1.0,2026-09-12T11:56:46.265010+02:00,57.5,60.1,91,33,0,7,50,seguimiento,seguimiento,,True,pass,pendiente,0,desconocido,Pendiente de implementar,parcial,margin_stabilization (media): Margen gross 75.2% vs 74.4% (+0.8 pp) | eps_stabilization (media): EPS 1.71 vs 1.65 (Diluted EPS) | dividend_maintained (baja): Dividendo actual 3.30% con caída del 15.6%,razonable,seguimiento,106.44,112.04,106.44 - 112.04,112.78,117.84,112.78 - 117.84,Pérdida del soporte en 106.44 | ROE negativo durante 2 trimestres consecutivos | Ampliación de capital dilutiva | Recorte de rating a bono basura,6-12,"NOVARTIS N está un 15.6% por debajo de su máximo 52s. Fundamentalmente sólida con ROE 30.3%, deuda neta/EBITDA 1.8x. Técnicamente 🔵 RSI en sobreventa, 🟡 Apoyo en MA40 semanal. Clasificación: seguimiento.","NOVARTIS N está un 15.6% por debajo de su máximo 52s. Fundamentalmente sólida con ROE 30.3%, deuda neta/EBITDA 1.8x. Técnicamente 🔵 RSI en sobreventa, 🟡 Apoyo en MA40 semanal. Clasificación: seguimiento.",🔵 RSI en sobreventa | 🟡 Apoyo en MA40 semanal,3.3,11,20,False,69.9,1.17,2714524.0,41396001792.0,1.79,4.3,gross,75.0,74.7,0.2,30.3,212956.0,20.9,6.33,11.03,15.6,15.6,-4.9,30.6,False,False,2.1588,False,7.8,7.4,False,118.69,-5.6,False,False,45,5,1.2,,False
76,AMC.AX,AMCOR PLC CDI 1:1 [AMC],ASX,Consumer Cyclical,Packaging & Containers,Switzerland,AUD,59.98,1.0,script-v2.0,1.0,2026-09-12T11:58:08.060290+02:00,56.3,60.4,78,45,0,12,44,pendiente_confirmacion,pendiente_confirmacion,,True,pass,pendiente,0,desconocido,Pendiente de implementar,confirmada,margin_stabilization (media): Margen gross 20.9% vs 20.1% (+0.8 pp) | eps_stabilization (media): EPS 0.83 vs 0.60 (Diluted EPS) | debt_reduction (alta): Deuda 15140.0M vs 16706.0M | dividend_maintained (baja): Dividendo actual 6.14% con caída del 15.6%,incompleto,pendiente_confirmacion,56.97,59.98,56.97 - 59.98,59.62,60.43,59.62 - 60.43,Pérdida del soporte en 56.97 | ROE negativo durante 2 trimestres consecutivos | Ampliación de capital dilutiva | Recorte de rating a bono basura,6-12,"AMCOR PLC CDI 1:1 [AMC] está un 15.6% por debajo de su máximo 52s. Fundamentalmente sólida con ROE 9.4%, deuda neta/EBITDA 4.0x. Técnicamente 🔵 RSI en sobreventa, 🟡 Apoyo en MA40 semanal. Clasificación: pendiente_confirmacion.","AMCOR PLC CDI 1:1 [AMC] está un 15.6% por debajo de su máximo 52s. Fundamentalmente sólida con ROE 9.4%, deuda neta/EBITDA 4.0x. Técnicamente 🔵 RSI en sobreventa, 🟡 Apoyo en MA40 semanal. Clasificación: pendiente_confirmacion.",🔵 RSI en sobreventa | 🟡 Apoyo en MA40 semanal,6.14,11,20,False,109.3,1.28,600182.0,14024999680.0,3.97,-9.4,gross,20.0,19.9,0.0,9.4,27731.0,18.2,1.68,11.8,15.6,20.7,0.6,31.5,False,False,1.3622,False,8.3,5.5,False,59.5,0.8,False,False,39,5,1.25,56.97,True
77,RACE.MI,FERRARI,EUROSTOXX,Consumer Cyclical,Auto Manufacturers,Italy,EUR,356.2,1.0,script-v2.0,1.0,2026-09-12T11:56:37.444735+02:00,55.2,60.0,100,25,0,7,41,pendiente_confirmacion,pendiente_confirmacion,,False,pass,pendiente,0,desconocido,Pendiente de implementar,parcial,margin_stabilization (media): Margen gross 52.6% vs 51.8% (+0.8 pp) | eps_stabilization (media): EPS 2.62 vs 2.33 (Diluted EPS) | dividend_maintained (baja): Dividendo actual 1.02% con caída del 17.4%,incompleto,pendiente_confirmacion,345.72,350.09,345.72 - 350.09,312.74,366.52,312.74 - 366.52,Pérdida del soporte en 350.09 | ROE negativo durante 2 trimestres consecutivos | Ampliación de capital dilutiva | Recorte de rating a bono basura,6-12,"FERRARI está un 17.4% por debajo de su máximo 52s. Fundamentalmente aceptable con ROE 45.4%, deuda neta/EBITDA 0.7x. Técnicamente 🟡 MACD convergiendo, 🟢 Cerca de soporte. Clasificación: pendiente_confirmacion.","FERRARI está un 17.4% por debajo de su máximo 52s. Fundamentalmente aceptable con ROE 45.4%, deuda neta/EBITDA 0.7x. Técnicamente 🟡 MACD convergiendo, 🟢 Cerca de soporte. Clasificación: pendiente_confirmacion.",🟡 MACD convergiendo | 🟢 Cerca de soporte | 🟡 trendline_break,1.02,11,11,False,39.0,0.86,468368.0,1734133120.0,0.7,8.1,gross,51.6,51.6,0.0,45.4,62567.0,38.4,17.13,26.07,17.4,26.3,13.9,53.2,False,True,12.7279,False,41.3,23.5,False,312.34,14.0,False,True,35,6,0.93,350.09,True
78,QBE.AX,QBE INSUR. FPO [QBE],ASX,Financial Services,Insurance - Property & Casualty,Australia,AUD,22.68,1.0,script-v2.0,1.0,2026-09-12T11:58:07.885652+02:00,54.4,61.5,94,33,0,4,33,seguimiento,seguimiento,Sin señales de recuperación,True,pass,pendiente,0,desconocido,Pendiente de implementar,ausente,eps_stabilization (media): EPS 1.40 vs 1.19 (annual_eps_fallback) | dividend_maintained (baja): Dividendo actual 4.89% con caída del 12.2%,incompleto,seguimiento,21.64,22.68,21.64 - 22.68,21.49,21.96,21.49 - 21.96,Pérdida del soporte en 21.64 | ROE negativo durante 2 trimestres consecutivos | Ampliación de capital dilutiva | Recorte de rating a bono basura,6-12,"QBE INSUR. FPO [QBE] está un 12.2% por debajo de su máximo 52s. Fundamentalmente sólida con ROE 19.3%, deuda neta/EBITDA -0.5x. Técnicamente 🟢 Cerca de soporte. Clasificación: seguimiento.","QBE INSUR. FPO [QBE] está un 12.2% por debajo de su máximo 52s. Fundamentalmente sólida con ROE 19.3%, deuda neta/EBITDA -0.5x. Técnicamente 🟢 Cerca de soporte. Clasificación: seguimiento.",🟢 Cerca de soporte,4.89,11,20,False,53.3,0.38,3448509.0,-1653000192.0,-0.51,51.6,,18.0,,,19.3,33884.0,11.5,2.1,10.05,12.2,10.9,5.6,49.9,False,False,0.415,False,76.6,48.7,False,21.61,5.0,False,False,33,0,1.15,21.64,False
79,UNH,UnitedHealth Group Incorporated,SP500,Healthcare,Healthcare Plans,United States,USD,379.09,1.0,script-v2.0,1.0,2026-09-12T11:57:24.451452+02:00,53.5,61.6,100,28,0,9,29,pendiente_confirmacion,pendiente_confirmacion,,False,pass,pendiente,0,desconocido,Pendiente de implementar,parcial,"debt_reduction (alta): Deuda 73328.0M vs 77917.0M | dividend_maintained (baja): Dividendo actual 2.45% con caída del 17.9% | analyst_upgrade (media): Target 475.23 vs precio 379.09 (+25%), recMean 1.56, recKey buy",incompleto,pendiente_confirmacion,351.59,379.09,351.59 - 379.09,350.8,392.38,350.80 - 392.38,Pérdida del soporte en 351.59 | ROE negativo durante 2 trimestres consecutivos | Ampliación de capital dilutiva | Recorte de rating a bono basura,6-12,"UnitedHealth Group Incorporated está un 17.9% por debajo de su máximo 52s. Fundamentalmente sólida con ROE 14.2%, deuda neta/EBITDA 1.6x. Técnicamente 🟢 Volumen creciente. Clasificación: pendiente_confirmacion.","UnitedHealth Group Incorporated está un 17.9% por debajo de su máximo 52s. Fundamentalmente sólida con ROE 14.2%, deuda neta/EBITDA 1.6x. Técnicamente 🟢 Volumen creciente. Clasificación: pendiente_confirmacion.",🟢 Volumen creciente,2.45,11,20,False,57.5,0.69,5276767.0,41860001792.0,1.57,-5.9,gross,19.7,19.5,0.2,14.2,340269.0,24.9,3.48,14.6,17.9,37.3,8.1,35.5,False,False,14.6261,False,10.4,33.0,False,352.97,7.4,False,False,29,0,1.38,351.59,False
80,9433.T,KDDI CORPORATION,ASIA,Communication Services,Telecom Services,Japan,JPY,3031.0,1.0,script-v2.0,1.0,2026-09-12T11:58:18.224202+02:00,51.9,56.9,99,20,0,9,37,pendiente_confirmacion,pendiente_confirmacion,,False,pass,pendiente,0,desconocido,Pendiente de implementar,parcial,eps_stabilization (media): EPS 51.33 vs 43.00 (Diluted EPS) | debt_reduction (alta): Deuda 5296146.1M vs 5397863.0M | dividend_maintained (baja): Dividendo actual 2.77% con caída del 2.9%,incompleto,pendiente_confirmacion,2838.5,2893.79,2838.50 - 2893.79,2652.85,2711.21,2652.85 - 2711.21,Pérdida del soporte en 2838.50 | ROE negativo durante 2 trimestres consecutivos | Ampliación de capital dilutiva | Recorte de rating a bono basura,6-12,"KDDI CORPORATION está un 2.9% por debajo de su máximo 52s. Fundamentalmente aceptable con ROE 14.6%, deuda neta/EBITDA 2.5x. Técnicamente 🟢 base_pattern_detected, 🟡 trendline_break. Clasificación: pendiente_confirmacion.","KDDI CORPORATION está un 2.9% por debajo de su máximo 52s. Fundamentalmente aceptable con ROE 14.6%, deuda neta/EBITDA 2.5x. Técnicamente 🟢 base_pattern_detected, 🟡 trendline_break. Clasificación: pendiente_confirmacion.",🟢 base_pattern_detected | 🟡 trendline_break,2.77,11,20,False,43.6,0.94,8926284.0,4465748082688.0,2.48,-1.9,,42.8,,,14.6,11202463.0,16.5,2.25,9.17,2.9,2.9,11.8,62.7,False,False,94.984,False,92.1,86.6,False,2719.0,11.5,True,True,19,18,1.16,2838.5,True
81,PUB.PA,PUBLICIS GROUPE SA,EUROSTOXX,Communication Services,Advertising Agencies,France,EUR,96.8,1.0,script-v2.0,1.0,2026-09-12T11:56:23.937522+02:00,51.8,60.0,100,25,0,6,27,pendiente_confirmacion,pendiente_confirmacion,,False,pass,pendiente,0,desconocido,Pendiente de implementar,parcial,debt_reduction (alta): Deuda 5450.0M vs 5661.0M | dividend_maintained (baja): Dividendo actual 3.87% con caída del 7.7%,incompleto,pendiente_confirmacion,95.19,96.7,95.19 - 96.70,82.16,89.12,82.16 - 89.12,Pérdida del soporte en 96.70 | ROE negativo durante 2 trimestres consecutivos | Ampliación de capital dilutiva | Recorte de rating a bono basura,6-12,"PUBLICIS GROUPE SA está un 7.7% por debajo de su máximo 52s. Fundamentalmente aceptable con ROE 16.2%, deuda neta/EBITDA 1.1x. Técnicamente 🟢 Cerca de soporte, 🟡 trendline_break. Clasificación: pendiente_confirmacion.","PUBLICIS GROUPE SA está un 7.7% por debajo de su máximo 52s. Fundamentalmente aceptable con ROE 16.2%, deuda neta/EBITDA 1.1x. Técnicamente 🟢 Cerca de soporte, 🟡 trendline_break. Clasificación: pendiente_confirmacion.",🟢 Cerca de soporte | 🟡 trendline_break,3.87,10,8,False,58.4,0.52,645672.0,3321999872.0,1.14,-3.7,,46.7,,,16.2,24173.0,15.1,2.3,9.39,7.7,7.7,17.8,45.2,False,False,6.0263,False,15.2,14.2,False,82.41,17.5,False,True,21,6,0.98,96.7,True
82,GALP.LS,GALP ENERGIA-NOM,EUROSTOXX,Energy,Oil & Gas Integrated,Portugal,EUR,21.5,1.0,script-v2.0,1.0,2026-09-12T11:56:41.615382+02:00,51.8,54.7,100,15,0,7,43,pendiente_confirmacion,pendiente_confirmacion,,False,pass,pendiente,0,desconocido,Pendiente de implementar,parcial,margin_stabilization (media): Margen gross 19.6% vs 15.6% (+4.0 pp) | eps_stabilization (media): EPS 1.05 vs -0.15 (Diluted EPS) | dividend_maintained (baja): Dividendo actual 3.16% con caída del 3.4%,incompleto,pendiente_confirmacion,20.11,20.37,20.11 - 20.37,18.25,18.92,18.25 - 18.92,Pérdida del soporte en 20.37 | ROE negativo durante 2 trimestres consecutivos | Ampliación de capital dilutiva | Recorte de rating a bono basura,6-12,"GALP ENERGIA-NOM está un 3.4% por debajo de su máximo 52s. Fundamentalmente aceptable con ROE 24.9%, deuda neta/EBITDA 0.7x. Técnicamente 🟡 MACD convergiendo, 🟢 base_pattern_detected. Clasificación: pendiente_confirmacion.","GALP ENERGIA-NOM está un 3.4% por debajo de su máximo 52s. Fundamentalmente aceptable con ROE 24.9%, deuda neta/EBITDA 0.7x. Técnicamente 🟡 MACD convergiendo, 🟢 base_pattern_detected. Clasificación: pendiente_confirmacion.",🟡 MACD convergiendo | 🟢 base_pattern_detected | 🟡 trendline_break,3.16,11,20,False,40.9,0.81,1628125.0,2267000064.0,0.68,5.4,gross,30.6,15.1,15.5,24.9,16793.0,13.7,3.28,5.66,3.4,2.0,17.8,59.4,False,True,0.8639,False,70.3,67.1,False,18.26,17.8,True,True,25,18,1.05,20.37,True
83,SWK,"Stanley Black & Decker, Inc.",SP500,Industrials,Tools & Accessories,United States,USD,89.24,1.0,script-v2.0,1.0,2026-09-12T11:57:11.296753+02:00,50.8,53.0,85,25,0,12,44,pendiente_confirmacion,pendiente_confirmacion,,False,pass,pendiente,0,desconocido,Pendiente de implementar,confirmada,margin_stabilization (media): Margen gross 33.0% vs 30.1% (+2.9 pp) | eps_stabilization (media): EPS 2.33 vs 0.39 (Diluted EPS) | debt_reduction (alta): Deuda 5211.5M vs 6501.2M | dividend_maintained (baja): Dividendo actual 3.77% con caída del 14.7%,incompleto,pendiente_confirmacion,88.82,89.24,88.82 - 89.24,80.96,88.98,80.96 - 88.98,Pérdida del soporte en 88.82 | ROE negativo durante 2 trimestres consecutivos | Ampliación de capital dilutiva | Recorte de rating a bono basura,6-12,"Stanley Black & Decker, Inc. está un 14.7% por debajo de su máximo 52s. Fundamentalmente aceptable con ROE 6.9%, deuda neta/EBITDA 2.6x. Técnicamente 🔵 RSI en sobreventa, 🟢 Cerca de soporte. Clasificación: pendiente_confirmacion.","Stanley Black & Decker, Inc. está un 14.7% por debajo de su máximo 52s. Fundamentalmente aceptable con ROE 6.9%, deuda neta/EBITDA 2.6x. Técnicamente 🔵 RSI en sobreventa, 🟢 Cerca de soporte. Clasificación: pendiente_confirmacion.",🔵 RSI en sobreventa | 🟢 Cerca de soporte,3.77,11,20,False,81.2,0.58,1794839.0,4619100032.0,2.58,-19.8,gross,32.2,31.9,0.3,6.9,13477.0,21.8,1.5,10.1,14.7,14.0,10.2,34.8,False,False,5.4595,False,10.4,7.1,False,81.89,9.0,False,False,44,0,1.25,88.82,True
84,CB,Chubb Limited,SP500,Financial Services,Insurance - Property & Casualty,Switzerland,USD,338.25,1.0,script-v2.0,1.0,2026-09-12T11:57:17.274961+02:00,50.6,54.5,86,27,0,7,39,pendiente_confirmacion,pendiente_confirmacion,,False,pass,pendiente,0,desconocido,Pendiente de implementar,parcial,margin_stabilization (media): Margen operating 24.0% vs 21.5% (+2.4 pp) | eps_stabilization (media): EPS 7.30 vs 5.88 (Diluted EPS) | dividend_maintained (baja): Dividendo actual 1.21% con caída del 7.6%,incompleto,pendiente_confirmacion,337.18,338.25,337.18 - 338.25,311.02,325.18,311.02 - 325.18,Pérdida del soporte en 337.18 | ROE negativo durante 2 trimestres consecutivos | Ampliación de capital dilutiva | Recorte de rating a bono basura,6-12,"Chubb Limited está un 7.6% por debajo de su máximo 52s. Fundamentalmente aceptable con ROE 14.8%, deuda neta/EBITDA 1.1x. Técnicamente 🟡 MACD convergiendo, 🟢 Cerca de soporte. Clasificación: pendiente_confirmacion.","Chubb Limited está un 7.6% por debajo de su máximo 52s. Fundamentalmente aceptable con ROE 14.8%, deuda neta/EBITDA 1.1x. Técnicamente 🟡 MACD convergiendo, 🟢 Cerca de soporte. Clasificación: pendiente_confirmacion.",🟡 MACD convergiendo | 🟢 Cerca de soporte,1.21,11,20,False,13.9,0.31,1785975.0,17045999616.0,1.15,43.2,operating,23.5,24.2,-0.7,14.8,130497.0,12.0,1.73,10.28,7.6,7.3,4.0,46.0,False,True,6.9492,False,36.6,31.8,False,326.99,3.4,False,False,39,0,0.73,337.18,True
85,SAP.DE,SAP SE                        I,EUROSTOXX,Technology,Software - Application,Germany,EUR,177.26,1.0,script-v2.0,1.0,2026-09-12T11:56:02.012468+02:00,50.0,55.4,97,19,0,7,34,pendiente_confirmacion,pendiente_confirmacion,,False,pass,pendiente,0,desconocido,Pendiente de implementar,parcial,margin_stabilization (media): Margen gross 73.2% vs 73.0% (+0.2 pp) | eps_stabilization (media): EPS 1.88 vs 1.65 (Diluted EPS) | dividend_maintained (baja): Dividendo actual 1.41% con caída del 27.4%,incompleto,pendiente_confirmacion,151.48,164.66,151.48 - 164.66,166.05,207.66,166.05 - 207.66,Pérdida del soporte en 151.48 | ROE negativo durante 2 trimestres consecutivos | Ampliación de capital dilutiva | Recorte de rating a bono basura,12-18,"SAP SE                        I está un 27.4% por debajo de su máximo 52s. Fundamentalmente aceptable con ROE 18.3%, deuda neta/EBITDA -0.1x. Técnicamente 🟢 base_pattern_detected, 🟡 trendline_break. Clasificación: pendiente_confirmacion.","SAP SE                        I está un 27.4% por debajo de su máximo 52s. Fundamentalmente aceptable con ROE 18.3%, deuda neta/EBITDA -0.1x. Técnicamente 🟢 base_pattern_detected, 🟡 trendline_break. Clasificación: pendiente_confirmacion.",🟢 base_pattern_detected | 🟡 trendline_break,1.41,11,20,False,37.4,0.22,2698865.0,-1685999616.0,-0.14,26.4,gross,73.7,72.8,0.9,18.3,204594.0,26.5,4.57,17.3,27.4,35.8,6.7,49.0,False,False,3.7079,False,25.6,25.1,False,164.77,7.6,True,True,16,18,1.21,151.48,True
86,QCOM,QUALCOMM Incorporated,SP500,Technology,Semiconductors,United States,USD,181.97,1.0,script-v2.0,1.0,2026-09-12T11:57:55.559664+02:00,50.0,57.3,100,20,0,6,28,pendiente_confirmacion,pendiente_confirmacion,,False,pass,pendiente,0,desconocido,Pendiente de implementar,parcial,debt_reduction (alta): Deuda 15270.0M vs 15270.0M | dividend_maintained (baja): Dividendo actual 2.02% con caída del 30.0%,incompleto,pendiente_confirmacion,167.8,171.19,167.80 - 171.19,166.46,220.93,166.46 - 220.93,Pérdida del soporte en 171.19 | ROE negativo durante 2 trimestres consecutivos | Ampliación de capital dilutiva | Recorte de rating a bono basura,12-18,"QUALCOMM Incorporated está un 30.0% por debajo de su máximo 52s. Fundamentalmente aceptable con ROE 33.8%, deuda neta/EBITDA 0.6x. Técnicamente 🟢 Divergencia alcista RSI. Clasificación: pendiente_confirmacion.","QUALCOMM Incorporated está un 30.0% por debajo de su máximo 52s. Fundamentalmente aceptable con ROE 33.8%, deuda neta/EBITDA 0.6x. Técnicamente 🟢 Divergencia alcista RSI. Clasificación: pendiente_confirmacion.",🟢 Divergencia alcista RSI,2.02,11,20,False,41.0,0.55,14430081.0,6965999616.0,0.58,-0.0,gross,54.2,54.2,0.0,33.8,194355.0,20.2,6.95,16.51,30.0,29.3,9.3,67.4,False,False,0.0114,False,88.4,79.9,False,167.53,8.6,False,False,28,0,1.28,171.19,False
87,XOM,ExxonMobil Holdings Corporation,SP500,Energy,Oil & Gas Integrated,United States,USD,165.99,1.0,script-v2.0,1.0,2026-09-12T11:57:08.487640+02:00,49.5,53.1,100,12,0,12,39,pendiente_confirmacion,pendiente_confirmacion,,False,pass,pendiente,0,desconocido,Pendiente de implementar,confirmada,margin_stabilization (media): Margen gross 22.5% vs 16.7% (+5.8 pp) | eps_stabilization (media): EPS 3.48 vs 1.00 (Diluted EPS) | debt_reduction (alta): Deuda 42368.0M vs 47661.0M | dividend_maintained (baja): Dividendo actual 2.48% con caída del 5.9%,incompleto,pendiente_confirmacion,144.43,154.57,144.43 - 154.57,144.05,149.95,144.05 - 149.95,Pérdida del soporte en 144.43 | ROE negativo durante 2 trimestres consecutivos | Ampliación de capital dilutiva | Recorte de rating a bono basura,6-12,"ExxonMobil Holdings Corporation está un 5.9% por debajo de su máximo 52s. Fundamentalmente aceptable con ROE 12.6%, deuda neta/EBITDA 0.5x. Técnicamente 🟡 MACD convergiendo, 🟢 base_pattern_detected. Clasificación: pendiente_confirmacion.","ExxonMobil Holdings Corporation está un 5.9% por debajo de su máximo 52s. Fundamentalmente aceptable con ROE 12.6%, deuda neta/EBITDA 0.5x. Técnicamente 🟡 MACD convergiendo, 🟢 base_pattern_detected. Clasificación: pendiente_confirmacion.",🟡 MACD convergiendo | 🟢 base_pattern_detected | 🟡 trendline_break,2.48,11,20,False,52.5,0.16,15446263.0,31779999744.0,0.47,-11.1,gross,29.8,20.4,9.3,12.6,682536.0,21.3,2.63,10.61,5.9,4.7,15.2,62.0,False,True,5.9183,False,88.5,77.9,False,145.31,14.2,True,True,21,18,0.99,144.43,True
88,FDX,FedEx Corporation,SP500,Industrials,Integrated Freight & Logistics,United States,USD,311.99,1.0,script-v2.0,1.0,2026-09-12T11:57:29.983491+02:00,48.3,50.8,86,20,0,7,41,pendiente_confirmacion,pendiente_confirmacion,,False,pass,pendiente,0,desconocido,Pendiente de implementar,parcial,margin_stabilization (media): Margen gross 22.7% vs 21.3% (+1.3 pp) | eps_stabilization (media): EPS 6.60 vs 4.41 (Diluted EPS) | dividend_maintained (baja): Dividendo actual 1.56% con caída del 9.7%,incompleto,pendiente_confirmacion,305.08,311.99,305.08 - 311.99,292.43,293.56,292.43 - 293.56,Pérdida del soporte en 305.08 | ROE negativo durante 2 trimestres consecutivos | Ampliación de capital dilutiva | Recorte de rating a bono basura,6-12,"FedEx Corporation está un 9.7% por debajo de su máximo 52s. Fundamentalmente aceptable con ROE 14.8%, deuda neta/EBITDA 2.5x. Técnicamente 🟡 MACD convergiendo, 🟢 Cerca de soporte. Clasificación: pendiente_confirmacion.","FedEx Corporation está un 9.7% por debajo de su máximo 52s. Fundamentalmente aceptable con ROE 14.8%, deuda neta/EBITDA 2.5x. Técnicamente 🟡 MACD convergiendo, 🟢 Cerca de soporte. Clasificación: pendiente_confirmacion.",🟡 MACD convergiendo | 🟢 Cerca de soporte,1.56,11,20,False,31.3,1.36,1768316.0,29393000448.0,2.48,2.2,gross,27.3,21.8,5.6,14.8,73839.0,16.8,2.37,8.71,9.7,9.3,6.7,40.8,False,True,11.0716,False,15.3,10.6,False,296.92,5.1,False,False,41,0,0.82,305.08,False
89,BP.L,BP PLC $0.25,EUROSTOXX,Energy,Oil & Gas Integrated,United Kingdom,GBp,564.6,1.0,script-v2.0,1.0,2026-09-12T11:56:49.168140+02:00,47.8,49.8,85,19,0,9,42,pendiente_confirmacion,pendiente_confirmacion,,False,pass,pendiente,0,desconocido,Pendiente de implementar,parcial,eps_stabilization (media): EPS 0.25 vs 0.25 (Diluted EPS) | debt_reduction (alta): Deuda 72693.0M vs 74178.0M | dividend_maintained (baja): Dividendo actual 0.04% con caída del 7.4%,incompleto,pendiente_confirmacion,512.88,526.69,512.88 - 526.69,507.21,517.99,507.21 - 517.99,Pérdida del soporte en 512.88 | ROE negativo durante 2 trimestres consecutivos | Ampliación de capital dilutiva | Recorte de rating a bono basura,6-12,"BP PLC $0.25 está un 7.4% por debajo de su máximo 52s. Fundamentalmente aceptable con ROE 8.9%, deuda neta/EBITDA 0.9x. Técnicamente 🟢 Divergencia alcista RSI, 🟢 base_pattern_detected. Clasificación: pendiente_confirmacion.","BP PLC $0.25 está un 7.4% por debajo de su máximo 52s. Fundamentalmente aceptable con ROE 8.9%, deuda neta/EBITDA 0.9x. Técnicamente 🟢 Divergencia alcista RSI, 🟢 base_pattern_detected. Clasificación: pendiente_confirmacion.",🟢 Divergencia alcista RSI | 🟢 base_pattern_detected | 🟡 trendline_break,0.04,11,20,False,95.6,0.95,43954588.0,35467997184.0,0.9,-2.0,gross,28.3,19.8,8.5,8.9,87242.0,21.7,2.03,3.6,7.4,7.3,11.3,64.9,False,False,10.6237,False,86.8,87.4,False,510.04,10.7,True,True,24,18,0.92,512.88,True
90,DB1.DE,DEUTSCHE BOERSE AG            N,EUROSTOXX,Financial Services,Financial Data & Stock Exchanges,Germany,EUR,276.3,1.0,script-v2.0,1.0,2026-09-12T11:56:03.354396+02:00,45.8,46.7,100,0,0,9,43,pendiente_confirmacion,pendiente_confirmacion,,False,pass,pendiente,0,desconocido,Pendiente de implementar,parcial,eps_stabilization (media): EPS 3.21 vs 2.68 (Diluted EPS) | debt_reduction (alta): Deuda 6187.0M vs 9583.0M | dividend_maintained (baja): Dividendo actual 1.52% con caída del 5.3%,incompleto,pendiente_confirmacion,269.61,273.07,269.61 - 273.07,241.66,248.03,241.66 - 248.03,Pérdida del soporte en 273.07 | ROE negativo durante 2 trimestres consecutivos | Ampliación de capital dilutiva | Recorte de rating a bono basura,6-12,"DEUTSCHE BOERSE AG            N está un 5.3% por debajo de su máximo 52s. Fundamentalmente aceptable con ROE 20.4%, deuda neta/EBITDA 1.3x. Técnicamente 🟢 Cerca de soporte, 🟢 base_pattern_detected. Clasificación: pendiente_confirmacion.","DEUTSCHE BOERSE AG            N está un 5.3% por debajo de su máximo 52s. Fundamentalmente aceptable con ROE 20.4%, deuda neta/EBITDA 1.3x. Técnicamente 🟢 Cerca de soporte, 🟢 base_pattern_detected. Clasificación: pendiente_confirmacion.",🟢 Cerca de soporte | 🟢 base_pattern_detected | 🟡 trendline_break,1.52,11,20,False,36.2,0.58,313593.0,4411999744.0,1.32,-35.4,gross,80.5,50.9,29.6,20.4,49813.0,23.8,4.81,16.31,5.3,5.3,14.3,48.7,False,False,11.6834,False,21.3,22.7,False,242.82,13.8,True,True,25,18,1.15,273.07,True
91,JNJ,Johnson & Johnson,SP500,Healthcare,Drug Manufacturers - General,United States,USD,265.58,1.0,script-v2.0,1.0,2026-09-12T11:57:01.839982+02:00,44.8,46.7,100,0,0,12,39,pendiente_confirmacion,pendiente_confirmacion,,False,pass,pendiente,0,desconocido,Pendiente de implementar,confirmada,margin_stabilization (media): Margen gross 68.2% vs 66.3% (+1.9 pp) | eps_stabilization (media): EPS 2.27 vs 2.14 (Diluted EPS) | debt_reduction (alta): Deuda 49036.0M vs 54987.0M | dividend_maintained (baja): Dividendo actual 2.02% con caída del 5.5%,incompleto,pendiente_confirmacion,253.56,261.76,253.56 - 261.76,234.88,238.91,234.88 - 238.91,Pérdida del soporte en 253.56 | ROE negativo durante 2 trimestres consecutivos | Ampliación de capital dilutiva | Recorte de rating a bono basura,6-12,"Johnson & Johnson está un 5.5% por debajo de su máximo 52s. Fundamentalmente aceptable con ROE 25.7%, deuda neta/EBITDA 0.8x. Técnicamente 🟢 Cerca de soporte, 🟢 base_pattern_detected. Clasificación: pendiente_confirmacion.","Johnson & Johnson está un 5.5% por debajo de su máximo 52s. Fundamentalmente aceptable con ROE 25.7%, deuda neta/EBITDA 0.8x. Técnicamente 🟢 Cerca de soporte, 🟢 base_pattern_detected. Clasificación: pendiente_confirmacion.",🟢 Cerca de soporte | 🟢 base_pattern_detected | 🟡 trendline_break,2.02,11,20,False,60.8,0.58,7735681.0,28278001664.0,0.81,-10.8,gross,68.1,67.9,0.2,25.7,640021.0,30.9,7.53,19.16,5.5,5.5,13.1,49.2,False,False,12.5058,False,10.2,14.5,False,236.87,12.1,True,True,21,18,0.84,253.56,True
92,PFE,"Pfizer, Inc.",SP500,Healthcare,Drug Manufacturers - General,United States,USD,27.72,1.0,script-v2.0,1.0,2026-09-12T11:57:33.726293+02:00,44.0,49.6,80,23,0,6,27,pendiente_confirmacion,pendiente_confirmacion,,False,pass,pendiente,0,desconocido,Pendiente de implementar,parcial,debt_reduction (alta): Deuda 63480.0M vs 63730.0M | dividend_maintained (baja): Dividendo actual 6.20% con caída del 5.1%,incompleto,pendiente_confirmacion,26.14,27.64,26.14 - 27.64,24.83,25.53,24.83 - 25.53,Pérdida del soporte en 27.64 | ROE negativo durante 2 trimestres consecutivos | Ampliación de capital dilutiva | Recorte de rating a bono basura,6-12,"Pfizer, Inc. está un 5.1% por debajo de su máximo 52s. Fundamentalmente aceptable con ROE 5.0%, deuda neta/EBITDA 2.0x. Técnicamente 🟢 Cerca de soporte, 🟡 trendline_break. Clasificación: pendiente_confirmacion.","Pfizer, Inc. está un 5.1% por debajo de su máximo 52s. Fundamentalmente aceptable con ROE 5.0%, deuda neta/EBITDA 2.0x. Técnicamente 🟢 Cerca de soporte, 🟡 trendline_break. Clasificación: pendiente_confirmacion.",🟢 Cerca de soporte | 🟡 trendline_break,6.2,11,20,False,226.3,0.74,42036168.0,51776000000.0,2.04,-0.4,gross,74.7,73.3,1.4,5.0,157995.0,36.5,1.85,8.28,5.1,5.1,8.6,53.4,False,False,0.6959,False,17.7,14.8,False,25.63,8.1,False,True,21,6,0.85,27.64,True
93,0019.HK,SWIRE PACIFIC A,ASIA,Industrials,Conglomerates,Hong Kong,HKD,103.9,1.0,script-v2.0,1.0,2026-09-12T11:58:35.149163+02:00,43.1,48.5,81,20,0,6,27,pendiente_confirmacion,pendiente_confirmacion,,False,pass,pendiente,0,desconocido,Pendiente de implementar,parcial,debt_reduction (alta): Deuda 95141.0M vs 103840.0M | dividend_maintained (baja): Dividendo actual 3.85% con caída del 4.3%,incompleto,pendiente_confirmacion,96.82,100.31,96.82 - 100.31,81.32,92.31,81.32 - 92.31,Pérdida del soporte en 100.31 | ROE negativo durante 2 trimestres consecutivos | Ampliación de capital dilutiva | Recorte de rating a bono basura,6-12,"SWIRE PACIFIC A está un 4.3% por debajo de su máximo 52s. Fundamentalmente aceptable con ROE 3.2%, deuda neta/EBITDA 5.0x. Técnicamente 🟢 Cerca de soporte, 🟡 trendline_break. Clasificación: pendiente_confirmacion.","SWIRE PACIFIC A está un 4.3% por debajo de su máximo 52s. Fundamentalmente aceptable con ROE 3.2%, deuda neta/EBITDA 5.0x. Técnicamente 🟢 Cerca de soporte, 🟡 trendline_break. Clasificación: pendiente_confirmacion.",🟢 Cerca de soporte | 🟡 trendline_break,3.85,11,20,False,57.8,0.29,1071383.0,72894003200.0,4.95,-8.4,,36.1,,,3.2,376941.0,15.8,0.53,18.32,4.3,3.7,27.8,55.8,False,False,7.0849,False,46.1,73.0,False,82.69,25.7,False,True,21,6,1.18,100.31,True
94,7267.T,HONDA MOTOR CO,ASIA,Consumer Cyclical,Auto Manufacturers,Japan,JPY,1664.0,1.0,script-v2.0,1.0,2026-09-12T11:58:24.151174+02:00,42.9,43.5,52,36,0,7,41,pendiente_confirmacion,pendiente_confirmacion,,True,pass,pendiente,0,desconocido,Pendiente de implementar,parcial,margin_stabilization (media): Margen gross 22.2% vs 6.4% (+15.8 pp) | eps_stabilization (media): EPS 115.84 vs 46.80 (Diluted EPS) | dividend_maintained (baja): Dividendo actual 4.21% con caída del 5.6%,incompleto,pendiente_confirmacion,1627.03,1638.25,1627.03 - 1638.25,1482.29,1498.12,1482.29 - 1498.12,Pérdida del soporte en 1638.25 | ROE negativo durante 2 trimestres consecutivos | Ampliación de capital dilutiva | Recorte de rating a bono basura,6-12,"HONDA MOTOR CO está un 5.6% por debajo de su máximo 52s. Fundamentalmente aceptable con ROE -0.8%, deuda neta/EBITDA 6.9x. Técnicamente 🟡 MACD convergiendo, 🟢 Cerca de soporte. Clasificación: pendiente_confirmacion.","HONDA MOTOR CO está un 5.6% por debajo de su máximo 52s. Fundamentalmente aceptable con ROE -0.8%, deuda neta/EBITDA 6.9x. Técnicamente 🟡 MACD convergiendo, 🟢 Cerca de soporte. Clasificación: pendiente_confirmacion.",🟡 MACD convergiendo | 🟢 Cerca de soporte | 🟡 trendline_break,4.21,11,20,False,55.3,1.14,17244900.0,8874140106752.0,6.92,225.1,gross,17.4,17.3,0.1,-0.8,6477254.0,7.3,0.52,12.18,5.6,5.6,12.3,50.4,False,True,72.9802,False,48.1,31.6,False,1485.8,12.0,False,True,35,6,0.85,1638.25,True
95,AAPL,Apple Inc.,SP500,Technology,Consumer Electronics,United States,USD,332.27,1.0,script-v2.0,1.0,2026-09-12T11:57:52.457833+02:00,42.0,45.7,98,0,0,12,31,pendiente_confirmacion,pendiente_confirmacion,,False,pass,pendiente,0,desconocido,Pendiente de implementar,confirmada,margin_stabilization (media): Margen gross 50.1% vs 49.3% (+0.8 pp) | eps_stabilization (media): EPS 2.02 vs 2.01 (Diluted EPS) | debt_reduction (alta): Deuda 84344.0M vs 84711.0M | dividend_maintained (baja): Dividendo actual 0.33% con caída del 3.6%,incompleto,pendiente_confirmacion,303.83,317.83,303.83 - 317.83,284.54,292.88,284.54 - 292.88,Pérdida del soporte en 303.83 | ROE negativo durante 2 trimestres consecutivos | Ampliación de capital dilutiva | Recorte de rating a bono basura,6-12,"Apple Inc. está un 3.6% por debajo de su máximo 52s. Fundamentalmente aceptable con ROE 148.8%, deuda neta/EBITDA 0.1x. Técnicamente 🟢 Volumen creciente, 🟡 trendline_break. Clasificación: pendiente_confirmacion.","Apple Inc. está un 3.6% por debajo de su máximo 52s. Fundamentalmente aceptable con ROE 148.8%, deuda neta/EBITDA 0.1x. Técnicamente 🟢 Volumen creciente, 🟡 trendline_break. Clasificación: pendiente_confirmacion.",🟢 Volumen creciente | 🟡 trendline_break,0.33,11,15,False,12.0,0.78,53863248.0,21944995840.0,0.13,-0.4,gross,48.7,48.7,-0.0,148.8,4849208.0,37.5,45.15,29.0,3.6,3.5,16.8,62.8,False,False,13.5017,False,85.9,67.7,False,285.06,16.6,False,True,25,6,1.46,303.83,True
96,BOQ.AX,BANK QLD FPO [BOQ],ASX,Financial Services,Banks - Regional,Australia,AUD,6.52,1.0,script-v2.0,1.0,2026-09-12T11:58:15.170193+02:00,41.3,42.1,57,29,0,9,39,pendiente_confirmacion,pendiente_confirmacion,,False,pass,pendiente,0,desconocido,Pendiente de implementar,parcial,eps_stabilization (media): EPS 0.41 vs 0.18 (annual_eps_fallback) | debt_reduction (alta): Deuda 16714.0M vs 17008.0M | dividend_maintained (baja): Dividendo actual 6.13% con caída del 12.8%,incompleto,pendiente_confirmacion,6.11,6.38,6.11 - 6.38,6.34,6.36,6.34 - 6.36,Pérdida del soporte en 6.11 | ROE negativo durante 2 trimestres consecutivos | Ampliación de capital dilutiva | Recorte de rating a bono basura,6-12,"BANK QLD FPO [BOQ] está un 12.8% por debajo de su máximo 52s. Fundamentalmente aceptable con ROE 1.6%, dividendo 6.1%. Técnicamente 🟡 Apoyo en MA40 semanal, 🟢 base_pattern_detected. Clasificación: pendiente_confirmacion.","BANK QLD FPO [BOQ] está un 12.8% por debajo de su máximo 52s. Fundamentalmente aceptable con ROE 1.6%, dividendo 6.1%. Técnicamente 🟡 Apoyo en MA40 semanal, 🟢 base_pattern_detected. Clasificación: pendiente_confirmacion.",🟡 Apoyo en MA40 semanal | 🟢 base_pattern_detected | 🟡 trendline_break,6.13,11,20,False,256.8,,1679309.0,11777000448.0,,-1.7,,0.0,,,1.6,4276.0,43.5,0.73,,12.8,13.2,2.8,53.5,False,False,0.0322,False,53.8,58.2,False,6.37,2.4,True,True,16,23,0.84,6.11,True
97,AIR.PA,AIRBUS SE,EUROSTOXX,Industrials,Aerospace & Defense,Netherlands,EUR,199.4,1.0,script-v2.0,1.0,2026-09-12T11:56:08.346587+02:00,41.2,42.0,90,0,0,7,39,pendiente_confirmacion,pendiente_confirmacion,,False,pass,pendiente,0,desconocido,Pendiente de implementar,parcial,margin_stabilization (media): Margen gross 18.4% vs 12.3% (+6.1 pp) | eps_stabilization (media): EPS 2.10 vs 0.74 (Diluted EPS) | dividend_maintained (baja): Dividendo actual 1.60% con caída del 9.9%,incompleto,pendiente_confirmacion,191.1,199.4,191.10 - 199.40,188.11,188.12,188.11 - 188.12,Pérdida del soporte en 191.10 | ROE negativo durante 2 trimestres consecutivos | Ampliación de capital dilutiva | Recorte de rating a bono basura,6-12,"AIRBUS SE está un 9.9% por debajo de su máximo 52s. Fundamentalmente aceptable con ROE 23.2%, deuda neta/EBITDA 0.1x. Técnicamente 🟡 MACD convergiendo, 🟢 Cerca de soporte. Clasificación: pendiente_confirmacion.","AIRBUS SE está un 9.9% por debajo de su máximo 52s. Fundamentalmente aceptable con ROE 23.2%, deuda neta/EBITDA 0.1x. Técnicamente 🟡 MACD convergiendo, 🟢 Cerca de soporte. Clasificación: pendiente_confirmacion.",🟡 MACD convergiendo | 🟢 Cerca de soporte,1.6,9,5,False,42.6,0.55,981489.0,1146999808.0,0.13,30.4,gross,16.3,15.4,0.9,23.2,157821.0,26.0,6.1,17.66,9.9,8.2,6.0,45.5,False,True,6.2229,False,38.0,24.4,False,187.8,6.2,False,False,39,0,1.19,191.1,True
98,BAYN.DE,Bayer AG                      N,EUROSTOXX,Healthcare,Drug Manufacturers - General,Germany,EUR,48.17,1.0,script-v2.0,1.0,2026-09-12T11:55:54.861869+02:00,36.7,40.6,55,28,0,9,25,pendiente_confirmacion,pendiente_confirmacion,,False,pass,pendiente,0,desconocido,Pendiente de implementar,parcial,"debt_reduction (alta): Deuda 38431.0M vs 40697.0M | dividend_maintained (baja): Dividendo actual 0.23% con caída del 10.7% | analyst_upgrade (media): Target 58.22 vs precio 48.17 (+21%), recMean 1.89, recKey buy",incompleto,pendiente_confirmacion,47.29,48.17,47.29 - 48.17,41.72,45.83,41.72 - 45.83,Pérdida del soporte en 47.29 | ROE negativo durante 2 trimestres consecutivos | Ampliación de capital dilutiva | Recorte de rating a bono basura,6-12,"Bayer AG                      N está un 10.7% por debajo de su máximo 52s. Fundamentalmente aceptable con ROE -5.7%, deuda neta/EBITDA 3.3x. Técnicamente 🟢 Cerca de soporte. Clasificación: pendiente_confirmacion.","Bayer AG                      N está un 10.7% por debajo de su máximo 52s. Fundamentalmente aceptable con ROE -5.7%, deuda neta/EBITDA 3.3x. Técnicamente 🟢 Cerca de soporte. Clasificación: pendiente_confirmacion.",🟢 Cerca de soporte,0.23,11,20,True,163.3,1.29,2742748.0,33348998656.0,3.29,-5.6,gross,60.5,58.8,1.6,-5.7,47323.0,10.0,1.6,7.97,10.7,10.7,15.5,46.8,False,False,2.9549,False,24.0,45.8,False,42.11,14.4,False,False,25,0,1.22,47.29,True
