Rank,Ticker,Nombre,Mercado,Sector,Industria,País,Moneda,Precio,Rules_Version,Model_Version,Config_Version,Evaluation_Timestamp,Score_Total,Score_Cuantitativo,Score_Fundamental,Score_Valoracion,Score_Causal,Score_Recuperacion,Score_Tecnico,Clasificacion,Clasificacion_Base,hard_rules_applied,Capa1_Pasa,Capa1_Status,Capa2_Causal_Classification,Capa2_Causal_Confidence,Capa2_Problem_Type,Capa2_Justification,Capa3_Recovery_Status,Capa3_Recovery_Signals,Capa4_Status,Capa5_Final_Classification,Capa5_Entry_Zone_Min,Capa5_Entry_Zone_Max,Capa5_Entry_Zone,Capa5_Exit_Zone_Min,Capa5_Exit_Zone_Max,Capa5_Exit_Zone,Capa5_Invalidation_Conditions,Capa5_Estimated_Horizon_Months,Capa5_Short_Explanation,Capa5_Summary_Explanation,Señales,Div_Yield_Actual_%,Historial_Div_Años_10,Consec_Antes_Corte,Recorte_Reciente,Payout_%,D/E,Vol_Medio_Diario,Net_Debt,Net_Debt_EBITDA,Variacion_Deuda_Trimestral_%,Tipo_Margen,Margen_Actual_%,Margen_Medio_4T_%,Variacion_Margen_pp,ROE_%,Cap_Millones,PER,P/B,EV_EBITDA,Caida_52s_%,Caida_Max_Multianual_%,Dist_SMA200_%,RSI_14,MACD_Cruce,MACD_Convergiendo,MACD_Semanal,MACD_Semanal_Giro,Estocastico_K,Estocastico_D,Estocastico_Giro,MA40_Semanal,Dist_MA40_Semanal_%,Base_Pattern_Detected,Trendline_Break,Technical_Base_Score,Technical_Bonus_Points,Vol_Ratio,Soporte,SMA50_Girando
1,0700.HK,TENCENT,ASIA,Communication Services,Internet Content & Information,China,HKD,436.6,1.0,script-v2.0,1.0,2026-09-25T13:00:09.900917+02:00,84.2,86.6,93,81,0,7,77,seguimiento,seguimiento,,True,pass,pendiente,0,desconocido,Pendiente de implementar,parcial,"margin_stabilization (media): Margen gross 57.8% vs 56.9% (+0.9 pp) | dividend_maintained (baja): Dividendo actual 1.21% con caída del 36.1% | analyst_upgrade (media): Target 662.13 vs precio 436.60 (+52%), recMean 1.39, recKey strong_buy",fuerte,seguimiento,435.96,436.6,435.96 - 436.60,499.07,580.55,499.07 - 580.55,Pérdida del soporte en 435.96 | ROE negativo durante 2 trimestres consecutivos | Ampliación de capital dilutiva | Recorte de rating a bono basura,12-18,"TENCENT está un 36.1% por debajo de su máximo 52s. Fundamentalmente sólida con ROE 19.9%, deuda neta/EBITDA 0.0x. Técnicamente 🟢 Cruce alcista MACD, 🟢 Cerca de soporte. Clasificación: seguimiento.","TENCENT está un 36.1% por debajo de su máximo 52s. Fundamentalmente sólida con ROE 19.9%, deuda neta/EBITDA 0.0x. Técnicamente 🟢 Cruce alcista MACD, 🟢 Cerca de soporte. Clasificación: seguimiento.",🟢 Cruce alcista MACD | 🟢 Cerca de soporte | 🟢 MACD semanal girando al alza | 🟢 base_pattern_detected,1.21,11,19,False,18.0,0.39,27343046.0,12923994112.0,0.04,14.4,gross,56.7,57.4,-0.7,19.9,3932825.0,14.7,2.95,13.62,36.1,35.3,-12.5,48.2,True,False,-18.5716,True,39.6,44.3,False,489.24,-10.8,True,False,55,22,0.75,435.96,False
2,HEI.DE,Heidelberg Materials AG       I,EUROSTOXX,Basic Materials,Building Materials,Germany,EUR,145.25,1.0,script-v2.0,1.0,2026-09-25T12:57:46.666115+02:00,83.3,82.4,92,74,0,4,86,seguimiento,seguimiento,Sin señales de recuperación,True,pass,pendiente,0,desconocido,Pendiente de implementar,ausente,"dividend_maintained (baja): Dividendo actual 2.48% con caída del 39.9% | analyst_upgrade (media): Target 210.20 vs precio 145.25 (+45%), recMean 2.00, recKey buy",fuerte,seguimiento,144.97,145.25,144.97 - 145.25,183.11,205.53,183.11 - 205.53,Pérdida del soporte en 144.97 | ROE negativo durante 2 trimestres consecutivos | Ampliación de capital dilutiva | Recorte de rating a bono basura,12-18,"Heidelberg Materials AG       I está un 39.9% por debajo de su máximo 52s. Fundamentalmente sólida con ROE 11.7%, deuda neta/EBITDA 1.9x. Técnicamente 🔵 RSI recuperándose de sobreventa, 🟢 Divergencia alcista RSI. Clasificación: seguimiento.","Heidelberg Materials AG       I está un 39.9% por debajo de su máximo 52s. Fundamentalmente sólida con ROE 11.7%, deuda neta/EBITDA 1.9x. Técnicamente 🔵 RSI recuperándose de sobreventa, 🟢 Divergencia alcista RSI. Clasificación: seguimiento.",🔵 RSI recuperándose de sobreventa | 🟢 Divergencia alcista RSI | 🟡 MACD convergiendo | 🟢 Cerca de soporte | 🟢 Estocástico sale de sobreventa | 🟢 base_pattern_detected,2.48,11,20,False,31.3,0.5,420808.0,7790899968.0,1.91,46.9,,64.3,,,11.7,25535.0,12.6,1.37,8.36,39.9,38.7,-20.7,35.2,False,True,-9.3672,False,12.5,8.1,True,182.04,-20.2,True,False,68,18,0.57,144.97,False
3,MC.PA,LVMH,EUROSTOXX,Consumer Cyclical,Luxury Goods,France,EUR,396.85,1.0,script-v2.0,1.0,2026-09-25T12:57:56.472328+02:00,81.8,86.7,100,75,0,4,67,seguimiento,seguimiento,Sin señales de recuperación,True,pass,pendiente,0,desconocido,Pendiente de implementar,ausente,"dividend_maintained (baja): Dividendo actual 3.28% con caída del 39.4% | analyst_upgrade (media): Target 541.35 vs precio 396.85 (+36%), recMean 1.92, recKey buy",razonable,seguimiento,377.01,396.85,377.01 - 396.85,496.11,556.5,496.11 - 556.50,Pérdida del soporte en 377.01 | ROE negativo durante 2 trimestres consecutivos | Ampliación de capital dilutiva | Recorte de rating a bono basura,12-18,"LVMH está un 39.4% por debajo de su máximo 52s. Fundamentalmente sólida con ROE 16.6%, deuda neta/EBITDA 1.2x. Técnicamente 🔵 RSI en sobreventa, 🟡 MACD convergiendo. Clasificación: seguimiento.","LVMH está un 39.4% por debajo de su máximo 52s. Fundamentalmente sólida con ROE 16.6%, deuda neta/EBITDA 1.2x. Técnicamente 🔵 RSI en sobreventa, 🟡 MACD convergiendo. Clasificación: seguimiento.",🔵 RSI en sobreventa | 🟡 MACD convergiendo | 🟢 base_pattern_detected,3.28,11,20,False,59.2,0.53,506936.0,24936998912.0,1.24,1.1,,66.4,,,16.6,195633.0,18.1,2.87,11.09,39.4,45.9,-20.0,30.6,False,True,-24.3954,False,3.2,2.8,False,492.59,-19.4,True,False,55,12,0.78,,False
4,9022.T,CENTRAL JAPAN RAILWAY CO,ASIA,Industrials,Railroads,Japan,JPY,3778.0,1.0,script-v2.0,1.0,2026-09-25T13:00:00.479358+02:00,81.5,79.7,77,82,0,4,87,seguimiento,seguimiento,Sin señales de recuperación,True,pass,pendiente,0,desconocido,Pendiente de implementar,ausente,eps_stabilization (media): EPS 149.59 vs 147.88 (Diluted EPS) | dividend_maintained (baja): Dividendo actual 0.85% con caída del 21.8%,fuerte,seguimiento,3763.5,3778.0,3763.50 - 3778.00,4012.42,4105.5,4012.42 - 4105.50,Pérdida del soporte en 3763.50 | ROE negativo durante 2 trimestres consecutivos | Ampliación de capital dilutiva | Recorte de rating a bono basura,6-12,"CENTRAL JAPAN RAILWAY CO está un 21.8% por debajo de su máximo 52s. Fundamentalmente sólida con ROE 11.2%, deuda neta/EBITDA 4.3x. Técnicamente 🟡 MACD convergiendo, 🟢 Bajo SMA200 con SMA50 girando. Clasificación: seguimiento.","CENTRAL JAPAN RAILWAY CO está un 21.8% por debajo de su máximo 52s. Fundamentalmente sólida con ROE 11.2%, deuda neta/EBITDA 4.3x. Técnicamente 🟡 MACD convergiendo, 🟢 Bajo SMA200 con SMA50 girando. Clasificación: seguimiento.",🟡 MACD convergiendo | 🟢 Bajo SMA200 con SMA50 girando | 🟢 Cerca de soporte | 🟢 Estocástico sale de sobreventa | 🟡 Apoyo en MA40 semanal | 🟢 base_pattern_detected,0.85,11,20,False,5.6,0.92,2632093.0,4425204924416.0,4.28,11.6,,51.9,,,11.2,3586758.0,6.6,0.69,7.8,21.8,21.5,-5.8,43.9,False,True,-20.7077,False,11.7,11.3,True,3968.9,-4.8,True,False,64,23,1.24,3763.5,True
5,RI.PA,PERNOD RICARD,EUROSTOXX,Consumer Defensive,Beverages - Wineries & Distilleries,France,EUR,59.14,1.0,script-v2.0,1.0,2026-09-25T12:57:59.107922+02:00,81.3,84.7,73,95,0,12,71,entrada_directa,entrada_directa,,True,pass,pendiente,0,desconocido,Pendiente de implementar,confirmada,"eps_stabilization (media): EPS 6.45 vs 5.83 (annual_eps_fallback) | debt_reduction (alta): Deuda 12677.0M vs 13602.0M | dividend_maintained (baja): Dividendo actual 7.95% con caída del 34.5% | analyst_upgrade (media): Target 81.76 vs precio 59.14 (+38%), recMean 2.50, recKey buy",fuerte,entrada_directa,56.18,59.14,56.18 - 59.14,66.24,76.79,66.24 - 76.79,Pérdida del soporte en 56.18 | ROE negativo durante 2 trimestres consecutivos | Ampliación de capital dilutiva | Recorte de rating a bono basura,12-18,"PERNOD RICARD está un 34.5% por debajo de su máximo 52s. Fundamentalmente sólida con ROE 7.6%, deuda neta/EBITDA 4.1x. Técnicamente 🔵 RSI recuperándose de sobreventa, 🟢 Cruce alcista MACD. Clasificación: entrada_directa.","PERNOD RICARD está un 34.5% por debajo de su máximo 52s. Fundamentalmente sólida con ROE 7.6%, deuda neta/EBITDA 4.1x. Técnicamente 🔵 RSI recuperándose de sobreventa, 🟢 Cruce alcista MACD. Clasificación: entrada_directa.",🔵 RSI recuperándose de sobreventa | 🟢 Cruce alcista MACD | 🟢 base_pattern_detected,7.95,11,20,False,98.6,0.77,663354.0,10684000256.0,4.07,-6.8,,58.4,,,7.6,14892.0,12.4,0.96,10.18,34.5,52.9,-10.7,35.3,True,False,-1.8348,False,8.3,16.1,False,66.02,-10.4,True,False,59,12,0.57,,False
6,FMG.AX,FORTESCUE FPO [FMG],ASX,Basic Materials,Other Industrial Metals & Mining,Australia,AUD,16.37,1.0,script-v2.0,1.0,2026-09-25T12:59:38.669121+02:00,80.2,82.7,96,71,0,1,73,seguimiento,seguimiento,Sin señales de recuperación,True,pass,pendiente,0,desconocido,Pendiente de implementar,ausente,dividend_maintained (baja): Dividendo actual 6.60% con caída del 30.0%,fuerte,seguimiento,15.55,16.37,15.55 - 16.37,19.38,19.87,19.38 - 19.87,Pérdida del soporte en 15.55 | ROE negativo durante 2 trimestres consecutivos | Ampliación de capital dilutiva | Recorte de rating a bono basura,12-18,"FORTESCUE FPO [FMG] está un 30.0% por debajo de su máximo 52s. Fundamentalmente sólida con ROE 14.2%, deuda neta/EBITDA 0.1x. Técnicamente 🟢 Divergencia alcista RSI, 🟢 Cruce alcista MACD. Clasificación: seguimiento.","FORTESCUE FPO [FMG] está un 30.0% por debajo de su máximo 52s. Fundamentalmente sólida con ROE 14.2%, deuda neta/EBITDA 0.1x. Técnicamente 🟢 Divergencia alcista RSI, 🟢 Cruce alcista MACD. Clasificación: seguimiento.",🟢 Divergencia alcista RSI | 🟢 Cruce alcista MACD | 🟢 base_pattern_detected,6.6,11,16,False,89.5,0.29,6521134.0,856999936.0,0.1,9.0,,40.1,,,14.2,50403.0,12.4,1.77,6.41,30.0,27.3,-15.5,39.0,True,False,-0.7835,False,13.2,29.4,False,19.25,-14.9,True,False,61,12,0.7,,False
7,SCG.AX,SCENTRE STAPLED [SCG],ASX,Real Estate,REIT - Retail,Australia,AUD,3.38,1.0,script-v2.0,1.0,2026-09-25T12:59:45.827816+02:00,79.9,78.5,86,72,0,9,84,seguimiento,seguimiento,,True,pass,pendiente,0,desconocido,Pendiente de implementar,parcial,eps_stabilization (media): EPS 0.34 vs 0.20 (annual_eps_fallback) | debt_reduction (alta): Deuda 14029.0M vs 16774.4M | dividend_maintained (baja): Dividendo actual 5.33% con caída del 20.8%,fuerte,seguimiento,3.21,3.38,3.21 - 3.38,3.63,3.69,3.63 - 3.69,Pérdida del soporte en 3.21 | ROE negativo durante 2 trimestres consecutivos | Ampliación de capital dilutiva | Recorte de rating a bono basura,6-12,"SCENTRE STAPLED [SCG] está un 20.8% por debajo de su máximo 52s. Fundamentalmente sólida con ROE 10.4%, deuda neta/EBITDA 5.6x. Técnicamente 🔵 RSI en sobreventa, 🟢 Divergencia alcista RSI. Clasificación: seguimiento.","SCENTRE STAPLED [SCG] está un 20.8% por debajo de su máximo 52s. Fundamentalmente sólida con ROE 10.4%, deuda neta/EBITDA 5.6x. Técnicamente 🔵 RSI en sobreventa, 🟢 Divergencia alcista RSI. Clasificación: seguimiento.",🔵 RSI en sobreventa | 🟢 Divergencia alcista RSI | 🟢 Cruce alcista MACD | 🟢 Estocástico sale de sobreventa | 🟡 Apoyo en MA40 semanal,5.33,11,16,False,47.1,0.72,11191097.0,13751199680.0,5.58,-16.4,,70.7,,,10.4,17675.0,8.9,0.91,12.76,20.8,17.0,-8.3,27.9,True,False,-0.0547,False,17.4,14.5,True,3.67,-8.0,False,False,73,11,0.8,,False
8,DG.PA,VINCI,EUROSTOXX,Industrials,Engineering & Construction,France,EUR,111.45,1.0,script-v2.0,1.0,2026-09-25T12:57:52.070814+02:00,78.5,78.3,89,69,0,7,79,seguimiento,seguimiento,,True,pass,pendiente,0,desconocido,Pendiente de implementar,parcial,"eps_stabilization (media): EPS 8.65 vs 8.43 (annual_eps_fallback) | dividend_maintained (baja): Dividendo actual 4.53% con caída del 22.1% | analyst_upgrade (media): Target 143.38 vs precio 111.45 (+29%), recMean 1.90, recKey buy",fuerte,seguimiento,110.47,111.45,110.47 - 111.45,121.68,122.82,121.68 - 122.82,Pérdida del soporte en 110.47 | ROE negativo durante 2 trimestres consecutivos | Ampliación de capital dilutiva | Recorte de rating a bono basura,6-12,"VINCI está un 22.1% por debajo de su máximo 52s. Fundamentalmente sólida con ROE 16.3%, deuda neta/EBITDA 2.0x. Técnicamente 🔵 RSI recuperándose de sobreventa, 🟢 Divergencia alcista RSI. Clasificación: seguimiento.","VINCI está un 22.1% por debajo de su máximo 52s. Fundamentalmente sólida con ROE 16.3%, deuda neta/EBITDA 2.0x. Técnicamente 🔵 RSI recuperándose de sobreventa, 🟢 Divergencia alcista RSI. Clasificación: seguimiento.",🔵 RSI recuperándose de sobreventa | 🟢 Divergencia alcista RSI | 🟢 Cerca de soporte | 🟡 Apoyo en MA40 semanal | 🟢 base_pattern_detected,4.53,11,20,False,55.5,1.21,855274.0,25782998016.0,2.02,9.7,,17.0,,,16.3,61622.0,12.4,2.02,7.09,22.1,19.8,-9.3,41.9,False,False,-3.1127,False,37.8,27.6,False,122.95,-9.4,True,False,62,17,0.52,110.47,False
9,EL.PA,ESSILORLUXOTTICA,EUROSTOXX,Healthcare,Medical Instruments & Supplies,France,EUR,143.7,1.0,script-v2.0,1.0,2026-09-25T12:57:53.769909+02:00,78.5,76.3,79,74,0,4,85,seguimiento,seguimiento,Sin señales de recuperación,True,pass,pendiente,0,desconocido,Pendiente de implementar,ausente,"dividend_maintained (baja): Dividendo actual 2.78% con caída del 55.6% | analyst_upgrade (media): Target 235.65 vs precio 143.70 (+64%), recMean 1.83, recKey buy",fuerte,seguimiento,138.3,143.7,138.30 - 143.70,195.87,275.23,195.87 - 275.23,Pérdida del soporte en 138.30 | ROE negativo durante 2 trimestres consecutivos | Ampliación de capital dilutiva | Recorte de rating a bono basura,18-24,"ESSILORLUXOTTICA está un 55.6% por debajo de su máximo 52s. Fundamentalmente sólida con ROE 6.7%, deuda neta/EBITDA 2.3x. Técnicamente 🔵 RSI recuperándose de sobreventa, 🟢 Cruce alcista MACD. Clasificación: seguimiento.","ESSILORLUXOTTICA está un 55.6% por debajo de su máximo 52s. Fundamentalmente sólida con ROE 6.7%, deuda neta/EBITDA 2.3x. Técnicamente 🔵 RSI recuperándose de sobreventa, 🟢 Cruce alcista MACD. Clasificación: seguimiento.",🔵 RSI recuperándose de sobreventa | 🟢 Cruce alcista MACD | 🟢 Cerca de soporte | 🟢 base_pattern_detected,2.78,11,20,False,74.8,0.38,712049.0,13384999680.0,2.29,6.4,,60.0,,,6.7,65919.0,27.8,1.68,13.77,55.6,54.6,-26.6,39.5,True,False,-16.767,False,38.3,54.1,False,193.3,-25.7,True,False,73,12,1.03,138.3,False
10,SGO.PA,SAINT GOBAIN,EUROSTOXX,Industrials,Building Products & Equipment,France,EUR,70.22,1.0,script-v2.0,1.0,2026-09-25T12:57:59.418482+02:00,77.2,81.7,95,70,0,12,64,entrada_escalada,entrada_escalada,,True,pass,pendiente,0,desconocido,Pendiente de implementar,confirmada,"eps_stabilization (media): EPS 5.78 vs 5.64 (annual_eps_fallback) | debt_reduction (alta): Deuda 17270.0M vs 17729.0M | dividend_maintained (baja): Dividendo actual 3.28% con caída del 26.5% | analyst_upgrade (media): Target 97.66 vs precio 70.22 (+39%), recMean 1.94, recKey buy",razonable,entrada_escalada,66.71,70.22,66.71 - 70.22,77.47,81.26,77.47 - 81.26,Pérdida del soporte en 66.71 | ROE negativo durante 2 trimestres consecutivos | Ampliación de capital dilutiva | Recorte de rating a bono basura,12-18,"SAINT GOBAIN está un 26.5% por debajo de su máximo 52s. Fundamentalmente sólida con ROE 11.0%, deuda neta/EBITDA 1.8x. Técnicamente 🔵 RSI recuperándose de sobreventa, 🟢 Cruce alcista MACD. Clasificación: entrada_escalada.","SAINT GOBAIN está un 26.5% por debajo de su máximo 52s. Fundamentalmente sólida con ROE 11.0%, deuda neta/EBITDA 1.8x. Técnicamente 🔵 RSI recuperándose de sobreventa, 🟢 Cruce alcista MACD. Clasificación: entrada_escalada.",🔵 RSI recuperándose de sobreventa | 🟢 Cruce alcista MACD | 🟡 Apoyo en MA40 semanal,3.28,10,6,False,42.7,0.66,965667.0,11518999552.0,1.75,-2.6,,27.2,,,11.0,34319.0,13.0,1.35,7.04,26.5,30.8,-9.4,36.0,True,False,-1.3909,False,30.9,27.3,False,77.41,-9.3,False,False,59,5,0.52,,False
11,HRL,Hormel Foods Corporation,SP500,Consumer Defensive,Packaged Foods,United States,USD,19.84,1.0,script-v2.0,1.0,2026-09-25T12:59:21.655708+02:00,77.2,76.6,83,71,0,9,79,seguimiento,seguimiento,,True,pass,pendiente,0,desconocido,Pendiente de implementar,parcial,"debt_reduction (alta): Deuda 2855.1M vs 2856.3M | dividend_maintained (baja): Dividendo actual 5.90% con caída del 25.4% | analyst_upgrade (media): Target 26.12 vs precio 19.84 (+32%), recMean 2.60, recKey hold",fuerte,seguimiento,19.47,19.84,19.47 - 19.84,22.61,22.92,22.61 - 22.92,Pérdida del soporte en 19.47 | ROE negativo durante 2 trimestres consecutivos | Ampliación de capital dilutiva | Recorte de rating a bono basura,12-18,"Hormel Foods Corporation está un 25.4% por debajo de su máximo 52s. Fundamentalmente sólida con ROE 4.3%, deuda neta/EBITDA 1.6x. Técnicamente 🔵 RSI en sobreventa, 🟢 Cruce alcista MACD. Clasificación: seguimiento.","Hormel Foods Corporation está un 25.4% por debajo de su máximo 52s. Fundamentalmente sólida con ROE 4.3%, deuda neta/EBITDA 1.6x. Técnicamente 🔵 RSI en sobreventa, 🟢 Cruce alcista MACD. Clasificación: seguimiento.",🔵 RSI en sobreventa | 🟢 Cruce alcista MACD | 🟢 Cerca de soporte | 🟢 Estocástico sale de sobreventa,5.9,11,20,False,188.3,0.36,4487615.0,1986676928.0,1.57,-0.0,gross,15.7,15.7,0.0,4.3,10919.0,32.0,1.39,10.21,25.4,36.4,-13.4,22.7,True,False,-0.5406,False,6.3,3.5,True,22.89,-13.3,False,False,73,6,0.77,19.47,False
12,3382.T,SEVEN & I HOLDINGS CO LTD,ASIA,Consumer Defensive,Grocery Stores,Japan,JPY,2005.5,1.0,script-v2.0,1.0,2026-09-25T13:00:02.236648+02:00,77.1,78.8,82,76,0,4,72,seguimiento,seguimiento,Sin señales de recuperación,True,pass,pendiente,0,desconocido,Pendiente de implementar,ausente,eps_stabilization (media): EPS 26.21 vs 18.96 (Diluted EPS) | dividend_maintained (baja): Dividendo actual 2.99% con caída del 17.0%,fuerte,seguimiento,1956.22,2005.5,1956.22 - 2005.50,2038.21,2054.45,2038.21 - 2054.45,Pérdida del soporte en 1956.22 | ROE negativo durante 2 trimestres consecutivos | Ampliación de capital dilutiva | Recorte de rating a bono basura,6-12,"SEVEN & I HOLDINGS CO LTD está un 17.0% por debajo de su máximo 52s. Fundamentalmente sólida con ROE 8.0%, deuda neta/EBITDA 3.3x. Técnicamente 🟢 Cruce alcista MACD, 🟢 Cerca de soporte. Clasificación: seguimiento.","SEVEN & I HOLDINGS CO LTD está un 17.0% por debajo de su máximo 52s. Fundamentalmente sólida con ROE 8.0%, deuda neta/EBITDA 3.3x. Técnicamente 🟢 Cruce alcista MACD, 🟢 Cerca de soporte. Clasificación: seguimiento.",🟢 Cruce alcista MACD | 🟢 Cerca de soporte | 🟡 Apoyo en MA40 semanal | 🟢 base_pattern_detected,2.99,11,20,False,42.1,1.04,8721333.0,3217205100544.0,3.32,,,16.4,,,8.0,4546586.0,16.9,1.26,8.11,17.0,22.2,-1.6,45.7,True,False,5.3132,False,35.1,37.8,False,2034.66,-1.4,True,False,55,17,1.0,1956.22,True
13,035420.KS,NAVER,ASIA,Communication Services,Internet Content & Information,South Korea,KRW,194700.0,1.0,script-v2.0,1.0,2026-09-25T13:00:13.814702+02:00,76.6,81.4,75,87,0,10,62,seguimiento,seguimiento,,True,pass,pendiente,0,desconocido,Pendiente de implementar,parcial,"margin_stabilization (media): Margen gross 100.0% vs 100.0% (+0.0 pp) | eps_stabilization (media): EPS 4635.00 vs 1864.00 (Diluted EPS) | dividend_maintained (baja): Dividendo actual 1.35% con caída del 36.0% | analyst_upgrade (media): Target 297423.06 vs precio 194700.00 (+53%), recMean 1.65, recKey buy",razonable,seguimiento,182800.0,194700.0,182800.00 - 194700.00,223522.46,258400.0,223522.46 - 258400.00,Pérdida del soporte en 182800.00 | ROE negativo durante 2 trimestres consecutivos | Ampliación de capital dilutiva | Recorte de rating a bono basura,12-18,"NAVER está un 36.0% por debajo de su máximo 52s. Fundamentalmente sólida con ROE 6.4%, deuda neta/EBITDA -1.1x. Técnicamente 🟢 Divergencia alcista RSI, 🟢 Bajo SMA200 con SMA50 girando. Clasificación: seguimiento.","NAVER está un 36.0% por debajo de su máximo 52s. Fundamentalmente sólida con ROE 6.4%, deuda neta/EBITDA -1.1x. Técnicamente 🟢 Divergencia alcista RSI, 🟢 Bajo SMA200 con SMA50 girando. Clasificación: seguimiento.",🟢 Divergencia alcista RSI | 🟢 Bajo SMA200 con SMA50 girando | 🟢 base_pattern_detected,1.35,10,2,False,19.6,0.18,998602.0,-3356823650304.0,-1.11,15.6,gross,100.0,100.0,0.0,6.4,29166905.0,13.3,,9.03,36.0,36.0,-12.9,37.4,False,False,-5605.0563,False,2.7,10.5,False,222368.77,-12.4,True,False,50,12,1.13,182800.0,True
14,LOW,"Lowe's Companies, Inc.",SP500,Consumer Cyclical,Home Improvement Retail,United States,USD,188.49,1.0,script-v2.0,1.0,2026-09-25T12:58:50.765214+02:00,76.5,83.1,74,91,0,15,57,entrada_escalada,entrada_escalada,,True,pass,pendiente,0,desconocido,Pendiente de implementar,confirmada,"margin_stabilization (media): Margen gross 33.0% vs 32.7% (+0.4 pp) | eps_stabilization (media): EPS 4.27 vs 2.90 (Diluted EPS) | debt_reduction (alta): Deuda 42031.0M vs 42540.0M | dividend_maintained (baja): Dividendo actual 2.65% con caída del 35.7% | analyst_upgrade (media): Target 252.30 vs precio 188.49 (+34%), recMean 1.80, recKey buy",razonable,entrada_escalada,179.07,188.49,179.07 - 188.49,231.82,249.1,231.82 - 249.10,Pérdida del soporte en 179.07 | ROE negativo durante 2 trimestres consecutivos | Ampliación de capital dilutiva | Recorte de rating a bono basura,12-18,"Lowe's Companies, Inc. está un 35.7% por debajo de su máximo 52s. Fundamentalmente sólida con deuda neta/EBITDA 3.0x, dividendo 2.6%. Técnicamente 🔵 RSI en sobreventa, 🟢 base_pattern_detected. Clasificación: entrada_escalada.","Lowe's Companies, Inc. está un 35.7% por debajo de su máximo 52s. Fundamentalmente sólida con deuda neta/EBITDA 3.0x, dividendo 2.6%. Técnicamente 🔵 RSI en sobreventa, 🟢 base_pattern_detected. Clasificación: entrada_escalada.",🔵 RSI en sobreventa | 🟢 base_pattern_detected,2.65,11,20,False,41.0,,3059115.0,38859001600.0,3.05,-1.2,gross,33.0,33.1,-0.1,,105753.0,16.2,-14.22,11.36,35.7,35.0,-18.7,27.2,False,False,-10.1651,False,5.5,13.2,False,230.87,-18.4,True,False,45,12,1.05,,False
15,0016.HK,SHK PPT,ASIA,Real Estate,Real Estate - Development,Hong Kong,HKD,107.1,1.0,script-v2.0,1.0,2026-09-25T13:00:04.532060+02:00,76.3,77.5,86,70,0,7,73,seguimiento,seguimiento,,True,pass,pendiente,0,desconocido,Pendiente de implementar,parcial,"eps_stabilization (media): EPS 7.39 vs 6.65 (annual_eps_fallback) | dividend_maintained (baja): Dividendo actual 3.65% con caída del 28.0% | analyst_upgrade (media): Target 142.99 vs precio 107.10 (+34%), recMean 1.77, recKey buy",fuerte,seguimiento,106.1,107.1,106.10 - 107.10,121.47,126.48,121.47 - 126.48,Pérdida del soporte en 106.10 | ROE negativo durante 2 trimestres consecutivos | Ampliación de capital dilutiva | Recorte de rating a bono basura,12-18,"SHK PPT está un 28.0% por debajo de su máximo 52s. Fundamentalmente sólida con ROE 3.5%, deuda neta/EBITDA 2.5x. Técnicamente 🟢 Divergencia alcista RSI, 🟡 MACD convergiendo. Clasificación: seguimiento.","SHK PPT está un 28.0% por debajo de su máximo 52s. Fundamentalmente sólida con ROE 3.5%, deuda neta/EBITDA 2.5x. Técnicamente 🟢 Divergencia alcista RSI, 🟡 MACD convergiendo. Clasificación: seguimiento.",🟢 Divergencia alcista RSI | 🟡 MACD convergiendo | 🟢 Cerca de soporte | 🟢 base_pattern_detected,3.65,11,20,False,51.1,0.15,5090721.0,66766997504.0,2.47,,,34.1,,,3.5,310352.0,14.6,0.49,14.28,28.0,27.6,-11.8,35.3,False,True,-2.6872,False,10.6,15.9,False,123.38,-13.2,True,False,61,12,0.62,106.1,False
16,7203.T,TOYOTA MOTOR CORP,ASIA,Consumer Cyclical,Auto Manufacturers,Japan,JPY,2989.5,1.0,script-v2.0,1.0,2026-09-25T12:59:48.769654+02:00,76.2,77.7,75,80,0,10,72,seguimiento,seguimiento,,True,pass,pendiente,0,desconocido,Pendiente de implementar,parcial,"margin_stabilization (media): Margen gross 18.0% vs 15.1% (+2.9 pp) | eps_stabilization (media): EPS 120.69 vs 64.56 (Diluted EPS) | dividend_maintained (baja): Dividendo actual 3.35% con caída del 25.3% | analyst_upgrade (media): Target 3698.63 vs precio 2989.50 (+24%), recMean 1.74, recKey buy",fuerte,seguimiento,2834.6,2989.5,2834.60 - 2989.50,3163.7,3400.0,3163.70 - 3400.00,Pérdida del soporte en 2834.60 | ROE negativo durante 2 trimestres consecutivos | Ampliación de capital dilutiva | Recorte de rating a bono basura,12-18,"TOYOTA MOTOR CORP está un 25.3% por debajo de su máximo 52s. Fundamentalmente sólida con ROE 12.4%, deuda neta/EBITDA 5.5x. Técnicamente 🟡 MACD convergiendo, 🟢 Bajo SMA200 con SMA50 girando. Clasificación: seguimiento.","TOYOTA MOTOR CORP está un 25.3% por debajo de su máximo 52s. Fundamentalmente sólida con ROE 12.4%, deuda neta/EBITDA 5.5x. Técnicamente 🟡 MACD convergiendo, 🟢 Bajo SMA200 con SMA50 girando. Clasificación: seguimiento.",🟡 MACD convergiendo | 🟢 Bajo SMA200 con SMA50 girando | 🟢 Volumen creciente | 🟡 Apoyo en MA40 semanal | 🟢 base_pattern_detected,3.35,11,20,False,27.0,1.15,28978965.0,30602607722496.0,5.46,1.7,gross,16.8,16.7,0.1,12.4,35401163.0,8.5,0.95,11.91,25.3,24.1,-5.5,45.5,False,True,-20.8593,False,20.6,19.4,False,3172.42,-5.8,True,False,55,17,1.38,2834.6,True
17,BMW.DE,BAYERISCHE MOTOREN WERKE AG   S,EUROSTOXX,Consumer Cyclical,Auto Manufacturers,Germany,EUR,56.74,1.0,script-v2.0,1.0,2026-09-25T12:57:36.608647+02:00,75.7,76.2,57,93,0,4,74,seguimiento,seguimiento,Sin señales de recuperación,True,pass,pendiente,0,desconocido,Pendiente de implementar,ausente,"dividend_maintained (baja): Dividendo actual 7.75% con caída del 42.1% | analyst_upgrade (media): Target 72.72 vs precio 56.74 (+28%), recMean 2.45, recKey buy",fuerte,seguimiento,53.9,56.74,53.90 - 56.74,72.08,83.23,72.08 - 83.23,Pérdida del soporte en 53.90 | ROE negativo durante 2 trimestres consecutivos | Ampliación de capital dilutiva | Recorte de rating a bono basura,18-24,"BAYERISCHE MOTOREN WERKE AG   S está un 42.1% por debajo de su máximo 52s. Fundamentalmente sólida con ROE 6.6%, deuda neta/EBITDA 7.3x. Técnicamente 🔵 RSI en sobreventa, 🟢 Divergencia alcista RSI. Clasificación: seguimiento.","BAYERISCHE MOTOREN WERKE AG   S está un 42.1% por debajo de su máximo 52s. Fundamentalmente sólida con ROE 6.6%, deuda neta/EBITDA 7.3x. Técnicamente 🔵 RSI en sobreventa, 🟢 Divergencia alcista RSI. Clasificación: seguimiento.",🔵 RSI en sobreventa | 🟢 Divergencia alcista RSI | 🟢 Bajo SMA200 con SMA50 girando | 🟢 base_pattern_detected,7.75,11,20,False,42.3,1.2,1532042.0,101147001856.0,7.33,36.6,gross,12.4,14.8,-2.4,6.6,33963.0,5.5,0.36,9.94,42.1,38.7,-21.3,33.9,False,False,-4.0887,False,9.8,5.5,False,71.68,-20.8,True,False,62,12,1.22,,True
18,RIO.L,RIO TINTO PLC ORD 10P,EUROSTOXX,Basic Materials,Other Industrial Metals & Mining,United Kingdom,GBp,7093.0,1.0,script-v2.0,1.0,2026-09-25T12:58:31.339711+02:00,75.0,77.6,100,58,0,6,67,seguimiento,seguimiento,,True,pass,pendiente,0,desconocido,Pendiente de implementar,parcial,debt_reduction (alta): Deuda 22852.0M vs 23517.0M | dividend_maintained (baja): Dividendo actual 0.05% con caída del 22.2%,razonable,seguimiento,6682.61,7093.0,6682.61 - 7093.00,7070.91,7749.45,7070.91 - 7749.45,Pérdida del soporte en 6682.61 | ROE negativo durante 2 trimestres consecutivos | Ampliación de capital dilutiva | Recorte de rating a bono basura,6-12,"RIO TINTO PLC ORD 10P está un 22.2% por debajo de su máximo 52s. Fundamentalmente sólida con ROE 19.3%, deuda neta/EBITDA 0.6x. Técnicamente 🟢 Divergencia alcista RSI, 🟡 MACD convergiendo. Clasificación: seguimiento.","RIO TINTO PLC ORD 10P está un 22.2% por debajo de su máximo 52s. Fundamentalmente sólida con ROE 19.3%, deuda neta/EBITDA 0.6x. Técnicamente 🟢 Divergencia alcista RSI, 🟡 MACD convergiendo. Clasificación: seguimiento.",🟢 Divergencia alcista RSI | 🟡 MACD convergiendo | 🟡 Apoyo en MA40 semanal | 🟢 base_pattern_detected,0.05,11,20,False,54.9,0.32,2800824.0,13344999424.0,0.58,-2.8,,29.8,,,19.3,115358.0,12.8,2.35,5.87,22.2,22.2,0.3,38.2,False,True,136.4276,False,4.5,8.2,False,7098.53,-0.1,True,False,50,17,1.19,6682.61,True
19,PEP,"Pepsico, Inc.",SP500,Consumer Defensive,Beverages - Non-Alcoholic,United States,USD,128.15,1.0,script-v2.0,1.0,2026-09-25T12:58:39.158329+02:00,74.7,74.3,78,71,0,7,76,seguimiento,seguimiento,,True,pass,pendiente,0,desconocido,Pendiente de implementar,parcial,"eps_stabilization (media): EPS 2.18 vs 1.70 (Diluted EPS) | dividend_maintained (baja): Dividendo actual 4.62% con caída del 25.3% | analyst_upgrade (media): Target 153.86 vs precio 128.15 (+20%), recMean 2.62, recKey hold",fuerte,seguimiento,127.98,128.15,127.98 - 128.15,145.11,145.76,145.11 - 145.76,Pérdida del soporte en 127.98 | ROE negativo durante 2 trimestres consecutivos | Ampliación de capital dilutiva | Recorte de rating a bono basura,12-18,"Pepsico, Inc. está un 25.3% por debajo de su máximo 52s. Fundamentalmente sólida con ROE 51.5%, deuda neta/EBITDA 2.2x. Técnicamente 🔵 RSI en sobreventa, 🟢 Divergencia alcista RSI. Clasificación: seguimiento.","Pepsico, Inc. está un 25.3% por debajo de su máximo 52s. Fundamentalmente sólida con ROE 51.5%, deuda neta/EBITDA 2.2x. Técnicamente 🔵 RSI en sobreventa, 🟢 Divergencia alcista RSI. Clasificación: seguimiento.",🔵 RSI en sobreventa | 🟢 Divergencia alcista RSI | 🟢 Cerca de soporte | 🟢 base_pattern_detected,4.62,11,20,False,75.3,2.39,8432384.0,42497998848.0,2.25,0.9,gross,54.2,54.1,0.1,51.5,175053.0,16.8,7.92,11.52,25.3,23.0,-11.7,25.4,False,False,-3.6292,False,1.5,10.9,False,145.03,-11.6,True,False,64,12,1.11,127.98,False
20,AD.AS,KONINKLIJKE AHOLD DELHAIZE N.V.,EUROSTOXX,Consumer Defensive,Grocery Stores,Netherlands,EUR,31.7,1.0,script-v2.0,1.0,2026-09-25T12:58:10.949662+02:00,74.5,76.1,83,70,0,7,70,seguimiento,seguimiento,,True,pass,pendiente,0,desconocido,Pendiente de implementar,parcial,"margin_stabilization (media): Margen gross 26.4% vs 26.8% (-0.4 pp) | dividend_maintained (baja): Dividendo actual 3.91% con caída del 25.5% | analyst_upgrade (media): Target 38.58 vs precio 31.70 (+22%), recMean 2.47, recKey buy",fuerte,seguimiento,30.96,31.7,30.96 - 31.70,35.39,36.16,35.39 - 36.16,Pérdida del soporte en 30.96 | ROE negativo durante 2 trimestres consecutivos | Ampliación de capital dilutiva | Recorte de rating a bono basura,12-18,"KONINKLIJKE AHOLD DELHAIZE N.V. está un 25.5% por debajo de su máximo 52s. Fundamentalmente sólida con ROE 15.7%, deuda neta/EBITDA 3.0x. Técnicamente 🟢 Divergencia alcista RSI, 🟢 Cerca de soporte. Clasificación: seguimiento.","KONINKLIJKE AHOLD DELHAIZE N.V. está un 25.5% por debajo de su máximo 52s. Fundamentalmente sólida con ROE 15.7%, deuda neta/EBITDA 3.0x. Técnicamente 🟢 Divergencia alcista RSI, 🟢 Cerca de soporte. Clasificación: seguimiento.",🟢 Divergencia alcista RSI | 🟢 Cerca de soporte | 🟢 MACD semanal girando al alza | 🟢 base_pattern_detected,3.91,11,18,False,49.4,1.33,2522206.0,16049999616.0,2.98,256.9,gross,26.6,26.6,-0.0,15.7,27698.0,12.6,1.92,8.1,25.5,23.1,-10.4,49.7,False,False,-1.3843,True,57.6,46.0,False,35.47,-10.6,True,False,48,22,0.71,30.96,False
21,MCD,McDonald's Corporation,SP500,Consumer Cyclical,Restaurants,United States,USD,237.02,1.0,script-v2.0,1.0,2026-09-25T12:58:52.346268+02:00,74.3,74.7,79,71,0,15,73,entrada_directa,entrada_directa,,True,pass,pendiente,0,desconocido,Pendiente de implementar,confirmada,"margin_stabilization (media): Margen gross 58.0% vs 55.9% (+2.1 pp) | eps_stabilization (media): EPS 3.32 vs 2.78 (Diluted EPS) | debt_reduction (alta): Deuda 54604.0M vs 54881.0M | dividend_maintained (baja): Dividendo actual 3.26% con caída del 30.6% | analyst_upgrade (media): Target 299.80 vs precio 237.02 (+26%), recMean 2.09, recKey buy",fuerte,entrada_directa,225.17,237.02,225.17 - 237.02,288.56,290.49,288.56 - 290.49,Pérdida del soporte en 225.17 | ROE negativo durante 2 trimestres consecutivos | Ampliación de capital dilutiva | Recorte de rating a bono basura,12-18,"McDonald's Corporation está un 30.6% por debajo de su máximo 52s. Fundamentalmente sólida con deuda neta/EBITDA 3.6x, dividendo 3.3%. Técnicamente 🔵 RSI en sobreventa, 🟢 Divergencia alcista RSI. Clasificación: entrada_directa.","McDonald's Corporation está un 30.6% por debajo de su máximo 52s. Fundamentalmente sólida con deuda neta/EBITDA 3.6x, dividendo 3.3%. Técnicamente 🔵 RSI en sobreventa, 🟢 Divergencia alcista RSI. Clasificación: entrada_directa.",🔵 RSI en sobreventa | 🟢 Divergencia alcista RSI | 🟢 Volumen creciente | 🟢 base_pattern_detected,3.26,11,20,False,59.7,,4914847.0,53782001280.0,3.6,-0.5,gross,57.4,57.4,0.0,,167725.0,19.3,-163.91,14.84,30.6,29.3,-17.9,25.3,False,False,-11.881,False,12.2,17.0,False,286.99,-17.4,True,False,61,12,1.67,,False
22,ORA.PA,ORANGE,EUROSTOXX,Communication Services,Telecom Services,France,EUR,14.06,1.0,script-v2.0,1.0,2026-09-25T12:57:58.752277+02:00,74.2,78.2,83,74,0,4,62,seguimiento,seguimiento,Sin señales de recuperación,True,pass,pendiente,0,desconocido,Pendiente de implementar,ausente,"dividend_maintained (baja): Dividendo actual 5.33% con caída del 25.2% | analyst_upgrade (media): Target 19.04 vs precio 14.06 (+35%), recMean 2.00, recKey buy",razonable,seguimiento,13.36,14.06,13.36 - 14.06,15.98,16.25,15.98 - 16.25,Pérdida del soporte en 13.36 | ROE negativo durante 2 trimestres consecutivos | Ampliación de capital dilutiva | Recorte de rating a bono basura,12-18,"ORANGE está un 25.2% por debajo de su máximo 52s. Fundamentalmente sólida con ROE 14.2%, deuda neta/EBITDA 3.7x. Técnicamente 🔵 RSI en sobreventa, 🟢 Divergencia alcista RSI. Clasificación: seguimiento.","ORANGE está un 25.2% por debajo de su máximo 52s. Fundamentalmente sólida con ROE 14.2%, deuda neta/EBITDA 3.7x. Técnicamente 🔵 RSI en sobreventa, 🟢 Divergencia alcista RSI. Clasificación: seguimiento.",🔵 RSI en sobreventa | 🟢 Divergencia alcista RSI | 🟢 base_pattern_detected,5.33,11,20,False,50.7,1.61,4949507.0,45291001856.0,3.74,654.5,,41.1,,,14.2,37368.0,9.5,1.17,7.09,25.2,23.3,-13.5,26.6,False,False,-0.3247,False,5.3,4.3,False,16.29,-13.7,True,False,50,12,0.96,,False
23,EOAN.DE,E.ON SE                       N,EUROSTOXX,Utilities,Utilities - Diversified,Germany,EUR,17.32,1.0,script-v2.0,1.0,2026-09-25T12:57:39.528763+02:00,74.0,70.3,98,46,0,4,85,seguimiento,seguimiento,Sin señales de recuperación,True,pass,pendiente,0,desconocido,Pendiente de implementar,ausente,margin_stabilization (media): Margen gross 26.6% vs 24.8% (+1.8 pp) | dividend_maintained (baja): Dividendo actual 3.29% con caída del 15.1%,fuerte,seguimiento,16.45,17.32,16.45 - 17.32,17.33,17.92,17.33 - 17.92,Pérdida del soporte en 16.45 | ROE negativo durante 2 trimestres consecutivos | Ampliación de capital dilutiva | Recorte de rating a bono basura,6-12,"E.ON SE                       N está un 15.1% por debajo de su máximo 52s. Fundamentalmente sólida con ROE 15.5%, deuda neta/EBITDA 3.9x. Técnicamente 🔵 RSI recuperándose de sobreventa, 🟢 Divergencia alcista RSI. Clasificación: seguimiento.","E.ON SE                       N está un 15.1% por debajo de su máximo 52s. Fundamentalmente sólida con ROE 15.5%, deuda neta/EBITDA 3.9x. Técnicamente 🔵 RSI recuperándose de sobreventa, 🟢 Divergencia alcista RSI. Clasificación: seguimiento.",🔵 RSI recuperándose de sobreventa | 🟢 Divergencia alcista RSI | 🟢 Cruce alcista MACD | 🟡 Apoyo en MA40 semanal | 🟢 base_pattern_detected,3.29,11,20,False,44.2,1.53,4047028.0,38529999872.0,3.87,,gross,24.9,27.3,-2.4,15.5,45279.0,13.4,2.13,9.06,15.1,12.5,-3.4,43.0,True,False,-0.0577,False,31.6,16.8,False,18.01,-3.8,True,False,68,17,0.64,,False
24,CAP.PA,CAPGEMINI,EUROSTOXX,Technology,Information Technology Services,France,EUR,104.0,1.0,script-v2.0,1.0,2026-09-25T12:57:51.494867+02:00,73.7,84.9,95,76,0,4,40,seguimiento,seguimiento,Sin señales de recuperación,True,pass,pendiente,0,desconocido,Pendiente de implementar,ausente,"dividend_maintained (baja): Dividendo actual 3.27% con caída del 32.0% | analyst_upgrade (media): Target 140.51 vs precio 104.00 (+35%), recMean 1.76, recKey buy",incompleto,seguimiento,96.86,104.0,96.86 - 104.00,106.76,130.09,106.76 - 130.09,Pérdida del soporte en 96.86 | ROE negativo durante 2 trimestres consecutivos | Ampliación de capital dilutiva | Recorte de rating a bono basura,12-18,"CAPGEMINI está un 32.0% por debajo de su máximo 52s. Fundamentalmente sólida con ROE 12.2%, deuda neta/EBITDA 2.6x. Técnicamente 🟡 Apoyo en MA40 semanal, 🟢 base_pattern_detected. Clasificación: seguimiento.","CAPGEMINI está un 32.0% por debajo de su máximo 52s. Fundamentalmente sólida con ROE 12.2%, deuda neta/EBITDA 2.6x. Técnicamente 🟡 Apoyo en MA40 semanal, 🟢 base_pattern_detected. Clasificación: seguimiento.",🟡 Apoyo en MA40 semanal | 🟢 base_pattern_detected,3.27,11,20,False,43.2,0.88,600325.0,7907000320.0,2.56,7.7,,26.8,,,12.2,17264.0,13.2,1.51,8.24,32.0,45.1,-2.6,46.9,False,False,-0.3541,False,32.9,38.4,False,105.69,-1.6,True,False,23,17,0.42,96.86,True
25,MGR.AX,MIRVAC GRP STAPLED [MGR],ASX,Real Estate,REIT - Diversified,Australia,AUD,1.715,1.0,script-v2.0,1.0,2026-09-25T12:59:46.145958+02:00,73.2,79.3,82,77,0,12,55,entrada_escalada,entrada_escalada,,True,pass,pendiente,0,desconocido,Pendiente de implementar,confirmada,"eps_stabilization (media): EPS 0.02 vs -0.20 (annual_eps_fallback) | debt_reduction (alta): Deuda 3934.0M vs 4544.0M | dividend_maintained (baja): Dividendo actual 5.83% con caída del 30.3% | analyst_upgrade (media): Target 2.12 vs precio 1.72 (+24%), recKey none",razonable,entrada_escalada,1.68,1.72,1.68 - 1.72,1.79,2.09,1.79 - 2.09,Pérdida del soporte en 1.68 | ROE negativo durante 2 trimestres consecutivos | Ampliación de capital dilutiva | Recorte de rating a bono basura,12-18,"MIRVAC GRP STAPLED [MGR] está un 30.3% por debajo de su máximo 52s. Fundamentalmente sólida con ROE 7.4%, deuda neta/EBITDA 4.1x. Técnicamente 🟢 Cerca de soporte, 🟡 Apoyo en MA40 semanal. Clasificación: entrada_escalada.","MIRVAC GRP STAPLED [MGR] está un 30.3% por debajo de su máximo 52s. Fundamentalmente sólida con ROE 7.4%, deuda neta/EBITDA 4.1x. Técnicamente 🟢 Cerca de soporte, 🟡 Apoyo en MA40 semanal. Clasificación: entrada_escalada.",🟢 Cerca de soporte | 🟡 Apoyo en MA40 semanal | 🟢 base_pattern_detected,5.83,11,20,False,55.2,0.42,12793829.0,3605000128.0,4.12,-13.4,,38.9,,,7.4,6767.0,10.1,0.72,11.99,30.3,26.7,-4.4,37.7,False,False,-0.0116,False,8.8,17.0,False,1.78,-3.9,True,False,38,17,0.72,1.68,True
26,ADS.DE,adidas AG                     N,EUROSTOXX,Consumer Cyclical,Footwear & Accessories,Germany,EUR,145.4,1.0,script-v2.0,1.0,2026-09-25T12:57:44.134804+02:00,72.3,74.1,97,54,0,7,67,seguimiento,seguimiento,,True,pass,pendiente,0,desconocido,Pendiente de implementar,parcial,"margin_stabilization (media): Margen gross 52.5% vs 51.1% (+1.4 pp) | dividend_maintained (baja): Dividendo actual 1.93% con caída del 26.0% | analyst_upgrade (media): Target 199.52 vs precio 145.40 (+37%), recMean 1.77, recKey buy",razonable,seguimiento,139.29,145.4,139.29 - 145.40,154.81,166.94,154.81 - 166.94,Pérdida del soporte en 139.29 | ROE negativo durante 2 trimestres consecutivos | Ampliación de capital dilutiva | Recorte de rating a bono basura,12-18,"adidas AG                     N está un 26.0% por debajo de su máximo 52s. Fundamentalmente sólida con ROE 24.3%, deuda neta/EBITDA 1.7x. Técnicamente 🔵 RSI recuperándose de sobreventa, 🟢 Divergencia alcista RSI. Clasificación: seguimiento.","adidas AG                     N está un 26.0% por debajo de su máximo 52s. Fundamentalmente sólida con ROE 24.3%, deuda neta/EBITDA 1.7x. Técnicamente 🔵 RSI recuperándose de sobreventa, 🟢 Divergencia alcista RSI. Clasificación: seguimiento.",🔵 RSI recuperándose de sobreventa | 🟢 Divergencia alcista RSI | 🟢 Cerca de soporte | 🟡 Apoyo en MA40 semanal,1.93,10,6,False,35.9,0.94,709336.0,4415999872.0,1.66,0.4,gross,51.6,51.6,0.0,24.3,25454.0,18.6,4.27,11.15,26.0,43.3,-6.1,44.6,False,False,-3.0984,False,57.1,44.1,False,154.32,-5.8,False,False,62,5,0.52,139.29,False
27,IP,International Paper Company,SP500,Consumer Cyclical,Packaging & Containers,United States,USD,34.88,1.0,script-v2.0,1.0,2026-09-25T12:59:26.457514+02:00,72.3,73.5,66,80,0,4,69,seguimiento,seguimiento,Sin señales de recuperación,True,pass,pendiente,0,desconocido,Pendiente de implementar,ausente,"dividend_maintained (baja): Dividendo actual 5.30% con caída del 30.6% | analyst_upgrade (media): Target 47.91 vs precio 34.88 (+37%), recMean 1.58, recKey buy",razonable,seguimiento,31.36,34.88,31.36 - 34.88,37.39,42.71,37.39 - 42.71,Pérdida del soporte en 31.36 | ROE negativo durante 2 trimestres consecutivos | Ampliación de capital dilutiva | Recorte de rating a bono basura,12-18,"International Paper Company está un 30.6% por debajo de su máximo 52s. Fundamentalmente sólida con ROE -16.5%, deuda neta/EBITDA 2.3x. Técnicamente 🟢 Cruce alcista MACD, 🟡 Apoyo en MA40 semanal. Clasificación: seguimiento.","International Paper Company está un 30.6% por debajo de su máximo 52s. Fundamentalmente sólida con ROE -16.5%, deuda neta/EBITDA 2.3x. Técnicamente 🟢 Cruce alcista MACD, 🟡 Apoyo en MA40 semanal. Clasificación: seguimiento.",🟢 Cruce alcista MACD | 🟡 Apoyo en MA40 semanal | 🟢 base_pattern_detected,5.3,11,20,False,158.1,0.69,4911360.0,9176999552.0,2.33,3.8,gross,29.6,29.8,-0.1,-16.5,18471.0,11.6,1.28,7.03,30.6,37.6,-6.7,40.3,True,False,-0.2628,False,32.7,42.1,False,37.5,-7.0,True,False,52,17,0.87,31.36,False
28,NEE,"NextEra Energy, Inc.",SP500,Utilities,Utilities - Regulated Electric,United States,USD,75.62,1.0,script-v2.0,1.0,2026-09-25T12:59:14.536336+02:00,71.7,76.5,84,70,0,10,57,seguimiento,seguimiento,,True,pass,pendiente,0,desconocido,Pendiente de implementar,parcial,"margin_stabilization (media): Margen gross 62.4% vs 58.9% (+3.5 pp) | eps_stabilization (media): EPS 1.50 vs 1.04 (Diluted EPS) | dividend_maintained (baja): Dividendo actual 3.29% con caída del 23.4% | analyst_upgrade (media): Target 98.74 vs precio 75.62 (+31%), recMean 2.00, recKey buy",razonable,seguimiento,71.84,75.62,71.84 - 75.62,83.94,86.42,83.94 - 86.42,Pérdida del soporte en 71.84 | ROE negativo durante 2 trimestres consecutivos | Ampliación de capital dilutiva | Recorte de rating a bono basura,6-12,"NextEra Energy, Inc. está un 23.4% por debajo de su máximo 52s. Fundamentalmente sólida con ROE 11.7%, deuda neta/EBITDA 7.3x. Técnicamente 🔵 RSI en sobreventa, 🟢 base_pattern_detected. Clasificación: seguimiento.","NextEra Energy, Inc. está un 23.4% por debajo de su máximo 52s. Fundamentalmente sólida con ROE 11.7%, deuda neta/EBITDA 7.3x. Técnicamente 🔵 RSI en sobreventa, 🟢 base_pattern_detected. Clasificación: seguimiento.",🔵 RSI en sobreventa | 🟢 base_pattern_detected,3.29,11,20,False,53.5,1.62,10976628.0,107330998272.0,7.35,5.5,gross,61.0,60.8,0.2,11.7,157713.0,17.3,2.76,18.92,23.4,22.3,-12.5,20.0,False,False,-1.7788,False,0.2,1.3,False,86.72,-12.8,True,False,45,12,1.08,,False
29,GIS,"General Mills, Inc.",SP500,Consumer Defensive,Packaged Foods,United States,USD,34.83,1.0,script-v2.0,1.0,2026-09-25T12:59:23.698001+02:00,71.7,71.6,70,73,0,12,72,entrada_directa,entrada_directa,,True,pass,pendiente,0,desconocido,Pendiente de implementar,confirmada,margin_stabilization (media): Margen gross 34.8% vs 30.8% (+4.0 pp) | eps_stabilization (media): EPS 0.74 vs -3.74 (Diluted EPS) | debt_reduction (alta): Deuda 13615.6M vs 13967.7M | dividend_maintained (baja): Dividendo actual 7.01% con caída del 32.1%,fuerte,entrada_directa,33.73,34.83,33.73 - 34.83,38.34,43.57,38.34 - 43.57,Pérdida del soporte en 33.73 | ROE negativo durante 2 trimestres consecutivos | Ampliación de capital dilutiva | Recorte de rating a bono basura,12-18,"General Mills, Inc. está un 32.1% por debajo de su máximo 52s. Fundamentalmente sólida con ROE -10.5%, deuda neta/EBITDA 3.9x. Técnicamente 🔵 RSI en sobreventa, 🟢 Cerca de soporte. Clasificación: entrada_directa.","General Mills, Inc. está un 32.1% por debajo de su máximo 52s. Fundamentalmente sólida con ROE -10.5%, deuda neta/EBITDA 3.9x. Técnicamente 🔵 RSI en sobreventa, 🟢 Cerca de soporte. Clasificación: entrada_directa.",🔵 RSI en sobreventa | 🟢 Cerca de soporte | 🟡 Apoyo en MA40 semanal | 🟢 base_pattern_detected,7.01,11,20,False,59.4,1.82,9792288.0,13182499616.0,3.86,-2.5,gross,33.7,33.6,0.1,-10.5,18623.0,11.0,2.52,9.32,32.1,48.6,-9.2,33.7,False,False,-0.4577,False,6.2,10.2,False,38.05,-8.5,True,False,55,17,1.29,33.73,False
30,HEIA.AS,HEINEKEN,EUROSTOXX,Consumer Defensive,Beverages - Brewers,Netherlands,EUR,71.2,1.0,script-v2.0,1.0,2026-09-25T12:58:06.200165+02:00,71.5,70.0,94,49,0,7,76,seguimiento,seguimiento,,True,pass,pendiente,0,desconocido,Pendiente de implementar,parcial,"eps_stabilization (media): EPS 3.38 vs 1.74 (annual_eps_fallback) | dividend_maintained (baja): Dividendo actual 2.70% con caída del 11.5% | analyst_upgrade (media): Target 89.14 vs precio 71.20 (+25%), recMean 1.83, recKey buy",fuerte,seguimiento,69.23,71.2,69.23 - 71.20,68.37,70.57,68.37 - 70.57,Pérdida del soporte en 69.23 | ROE negativo durante 2 trimestres consecutivos | Ampliación de capital dilutiva | Recorte de rating a bono basura,6-12,"HEINEKEN está un 11.5% por debajo de su máximo 52s. Fundamentalmente sólida con ROE 12.1%, deuda neta/EBITDA 3.2x. Técnicamente 🔵 RSI recuperándose de sobreventa, 🟢 Divergencia alcista RSI. Clasificación: seguimiento.","HEINEKEN está un 11.5% por debajo de su máximo 52s. Fundamentalmente sólida con ROE 12.1%, deuda neta/EBITDA 3.2x. Técnicamente 🔵 RSI recuperándose de sobreventa, 🟢 Divergencia alcista RSI. Clasificación: seguimiento.",🔵 RSI recuperándose de sobreventa | 🟢 Divergencia alcista RSI | 🟢 Cruce alcista MACD | 🟢 Cerca de soporte | 🟡 Apoyo en MA40 semanal,2.7,11,20,False,46.3,0.95,767535.0,17812999680.0,3.22,7.1,,37.0,,,12.1,39434.0,17.4,2.04,10.74,11.5,11.0,0.9,43.9,True,False,0.6086,False,27.6,25.2,False,70.61,0.8,False,False,71,5,0.48,69.23,False
31,BATS.L,BRITISH AMERICAN TOBACCO PLC OR,EUROSTOXX,Consumer Defensive,Tobacco,United Kingdom,GBp,4186.0,1.0,script-v2.0,1.0,2026-09-25T12:58:35.761221+02:00,71.5,73.6,88,61,0,12,65,entrada_escalada,entrada_escalada,,True,pass,pendiente,0,desconocido,Pendiente de implementar,confirmada,"eps_stabilization (media): EPS 3.49 vs 1.36 (annual_eps_fallback) | debt_reduction (alta): Deuda 35063.0M vs 35070.0M | dividend_maintained (baja): Dividendo actual 0.06% con caída del 22.0% | analyst_upgrade (media): Target 5146.15 vs precio 4186.00 (+23%), recMean 1.69, recKey buy",razonable,entrada_escalada,4126.76,4186.0,4126.76 - 4186.00,4386.61,4562.8,4386.61 - 4562.80,Pérdida del soporte en 4126.76 | ROE negativo durante 2 trimestres consecutivos | Ampliación de capital dilutiva | Recorte de rating a bono basura,6-12,"BRITISH AMERICAN TOBACCO PLC OR está un 22.0% por debajo de su máximo 52s. Fundamentalmente sólida con ROE 13.4%, deuda neta/EBITDA 2.9x. Técnicamente 🟢 Divergencia alcista RSI, 🟢 Cerca de soporte. Clasificación: entrada_escalada.","BRITISH AMERICAN TOBACCO PLC OR está un 22.0% por debajo de su máximo 52s. Fundamentalmente sólida con ROE 13.4%, deuda neta/EBITDA 2.9x. Técnicamente 🟢 Divergencia alcista RSI, 🟢 Cerca de soporte. Clasificación: entrada_escalada.",🟢 Divergencia alcista RSI | 🟢 Cerca de soporte | 🟡 Apoyo en MA40 semanal | 🟢 base_pattern_detected,0.06,11,20,False,83.4,0.72,3391003.0,32530001152.0,2.9,-0.0,,82.7,,,13.4,90097.0,14.4,1.95,11.13,22.0,22.0,-4.6,49.0,False,False,-60.9542,False,62.2,73.0,False,4393.6,-4.7,True,False,48,17,0.61,4126.76,False
32,8002.T,MARUBENI CORP,ASIA,Industrials,Conglomerates,Japan,JPY,4916.0,1.0,script-v2.0,1.0,2026-09-25T13:00:02.838091+02:00,71.1,67.8,95,44,0,4,81,seguimiento,seguimiento,Sin señales de recuperación,True,pass,pendiente,0,desconocido,Pendiente de implementar,ausente,"dividend_maintained (baja): Dividendo actual 2.34% con caída del 22.3% | analyst_upgrade (media): Target 5993.64 vs precio 4916.00 (+22%), recMean 2.27, recKey buy",fuerte,seguimiento,4780.45,4916.0,4780.45 - 4916.00,5158.48,5378.8,5158.48 - 5378.80,Pérdida del soporte en 4780.45 | ROE negativo durante 2 trimestres consecutivos | Ampliación de capital dilutiva | Recorte de rating a bono basura,6-12,"MARUBENI CORP está un 22.3% por debajo de su máximo 52s. Fundamentalmente sólida con ROE 14.2%, deuda neta/EBITDA 4.0x. Técnicamente 🟢 Divergencia alcista RSI, 🟢 Volumen creciente. Clasificación: seguimiento.","MARUBENI CORP está un 22.3% por debajo de su máximo 52s. Fundamentalmente sólida con ROE 14.2%, deuda neta/EBITDA 4.0x. Técnicamente 🟢 Divergencia alcista RSI, 🟢 Volumen creciente. Clasificación: seguimiento.",🟢 Divergencia alcista RSI | 🟢 Volumen creciente | 🟢 Cerca de soporte | 🟢 Estocástico sale de sobreventa | 🟡 Apoyo en MA40 semanal | 🟢 base_pattern_detected,2.34,11,20,False,32.6,0.58,4664654.0,2050481061888.0,3.96,0.5,,14.5,,,14.2,7987897.0,14.9,1.79,19.55,22.3,21.5,-4.7,44.8,False,False,-27.9507,False,16.9,15.6,True,5238.41,-6.2,True,False,58,23,1.56,4780.45,True
33,Z74.SI,Singtel,ASIA,Communication Services,Telecom Services,Singapore,SGD,4.28,1.0,script-v2.0,1.0,2026-09-25T13:00:18.162379+02:00,71.1,67.8,87,51,0,7,81,seguimiento,seguimiento,,True,pass,pendiente,0,desconocido,Pendiente de implementar,parcial,"eps_stabilization (media): EPS 0.34 vs 0.24 (annual_eps_fallback) | dividend_maintained (baja): Dividendo actual 3.04% con caída del 18.8% | analyst_upgrade (media): Target 5.32 vs precio 4.28 (+24%), recMean 1.53, recKey buy",fuerte,seguimiento,4.28,4.28,4.28,4.48,4.53,4.48 - 4.53,Pérdida del soporte en 4.28 | ROE negativo durante 2 trimestres consecutivos | Ampliación de capital dilutiva | Recorte de rating a bono basura,6-12,"Singtel está un 18.8% por debajo de su máximo 52s. Fundamentalmente sólida con deuda neta/EBITDA 2.3x, dividendo 3.0%. Técnicamente 🟡 MACD convergiendo, 🟢 Bajo SMA200 con SMA50 girando. Clasificación: seguimiento.","Singtel está un 18.8% por debajo de su máximo 52s. Fundamentalmente sólida con deuda neta/EBITDA 2.3x, dividendo 3.0%. Técnicamente 🟡 MACD convergiendo, 🟢 Bajo SMA200 con SMA50 girando. Clasificación: seguimiento.",🟡 MACD convergiendo | 🟢 Bajo SMA200 con SMA50 girando | 🟢 Cerca de soporte | 🟡 Apoyo en MA40 semanal | 🟢 base_pattern_detected,3.04,11,20,False,39.0,0.41,26363326.0,8019799552.0,2.32,2.5,,25.6,,,,69747.0,12.6,2.55,22.59,18.8,16.9,-5.5,35.0,False,True,-0.0238,False,15.2,7.1,False,4.52,-5.4,True,False,64,17,1.16,4.28,True
34,VCX.AX,VICINITY STAPLED [VCX],ASX,Real Estate,REIT - Retail,Australia,AUD,2.27,1.0,script-v2.0,1.0,2026-09-25T12:59:46.272131+02:00,71.0,73.3,84,64,0,4,64,seguimiento,seguimiento,Sin señales de recuperación,True,pass,pendiente,0,desconocido,Pendiente de implementar,ausente,eps_stabilization (media): EPS 0.30 vs 0.22 (annual_eps_fallback) | dividend_maintained (baja): Dividendo actual 5.29% con caída del 16.8%,razonable,seguimiento,2.16,2.27,2.16 - 2.27,2.32,2.45,2.32 - 2.45,Pérdida del soporte en 2.16 | ROE negativo durante 2 trimestres consecutivos | Ampliación de capital dilutiva | Recorte de rating a bono basura,6-12,"VICINITY STAPLED [VCX] está un 16.8% por debajo de su máximo 52s. Fundamentalmente sólida con ROE 12.0%, deuda neta/EBITDA 5.6x. Técnicamente 🔵 RSI en sobreventa, 🟡 MACD convergiendo. Clasificación: seguimiento.","VICINITY STAPLED [VCX] está un 16.8% por debajo de su máximo 52s. Fundamentalmente sólida con ROE 12.0%, deuda neta/EBITDA 5.6x. Técnicamente 🔵 RSI en sobreventa, 🟡 MACD convergiendo. Clasificación: seguimiento.",🔵 RSI en sobreventa | 🟡 MACD convergiendo | 🟡 Apoyo en MA40 semanal,5.29,11,15,False,40.6,0.41,11267849.0,4845000160.0,5.64,2.3,,70.9,,,12.0,10625.0,7.6,0.87,17.97,16.8,14.8,-7.3,25.5,False,True,-0.0127,False,8.3,8.5,False,2.45,-7.4,False,False,59,5,1.05,,False
35,DUK,Duke Energy Corporation (Holdin,SP500,Utilities,Utilities - Regulated Electric,United States,USD,113.23,1.0,script-v2.0,1.0,2026-09-25T12:59:13.666771+02:00,70.8,70.4,88,55,0,4,72,seguimiento,seguimiento,Sin señales de recuperación,True,pass,pendiente,0,desconocido,Pendiente de implementar,ausente,"dividend_maintained (baja): Dividendo actual 3.83% con caída del 15.8% | analyst_upgrade (media): Target 136.94 vs precio 113.23 (+21%), recMean 2.09, recKey buy",fuerte,seguimiento,107.57,113.23,107.57 - 113.23,114.32,122.3,114.32 - 122.30,Pérdida del soporte en 107.57 | ROE negativo durante 2 trimestres consecutivos | Ampliación de capital dilutiva | Recorte de rating a bono basura,6-12,"Duke Energy Corporation (Holdin está un 15.8% por debajo de su máximo 52s. Fundamentalmente sólida con ROE 9.9%, deuda neta/EBITDA 5.5x. Técnicamente 🔵 RSI en sobreventa, 🟢 Divergencia alcista RSI. Clasificación: seguimiento.","Duke Energy Corporation (Holdin está un 15.8% por debajo de su máximo 52s. Fundamentalmente sólida con ROE 9.9%, deuda neta/EBITDA 5.5x. Técnicamente 🔵 RSI en sobreventa, 🟢 Divergencia alcista RSI. Clasificación: seguimiento.",🔵 RSI en sobreventa | 🟢 Divergencia alcista RSI | 🟡 Apoyo en MA40 semanal | 🟢 base_pattern_detected,3.83,11,20,False,64.2,1.62,4060547.0,91532998080.0,5.51,1.5,gross,52.0,50.4,1.6,9.9,88286.0,17.1,1.64,11.01,15.8,14.3,-7.4,24.9,False,False,-1.4991,False,0.8,1.4,False,122.84,-7.8,True,False,55,17,1.04,,False
36,ED,"Consolidated Edison, Inc.",SP500,Utilities,Utilities - Regulated Electric,United States,USD,102.71,1.0,script-v2.0,1.0,2026-09-25T12:58:49.845518+02:00,70.5,67.9,93,46,0,1,78,seguimiento,seguimiento,Sin señales de recuperación,True,pass,pendiente,0,desconocido,Pendiente de implementar,ausente,dividend_maintained (baja): Dividendo actual 3.42% con caída del 11.6%,fuerte,seguimiento,97.57,102.71,97.57 - 102.71,98.8,106.23,98.80 - 106.23,Pérdida del soporte en 97.57 | ROE negativo durante 2 trimestres consecutivos | Ampliación de capital dilutiva | Recorte de rating a bono basura,6-12,"Consolidated Edison, Inc. está un 11.6% por debajo de su máximo 52s. Fundamentalmente sólida con ROE 9.0%, deuda neta/EBITDA 4.4x. Técnicamente 🔵 RSI en sobreventa, 🟢 Divergencia alcista RSI. Clasificación: seguimiento.","Consolidated Edison, Inc. está un 11.6% por debajo de su máximo 52s. Fundamentalmente sólida con ROE 9.0%, deuda neta/EBITDA 4.4x. Técnicamente 🔵 RSI en sobreventa, 🟢 Divergencia alcista RSI. Clasificación: seguimiento.",🔵 RSI en sobreventa | 🟢 Divergencia alcista RSI | 🟢 Estocástico sale de sobreventa | 🟡 Apoyo en MA40 semanal | 🟢 base_pattern_detected,3.42,11,20,False,57.1,1.1,2129676.0,26850000000.0,4.36,4.2,gross,53.4,53.2,0.2,9.0,37985.0,16.9,1.48,10.52,11.6,10.2,-3.3,34.2,False,False,-0.1199,False,5.8,5.4,True,106.97,-4.0,True,False,55,23,1.1,,False
37,DTE.DE,DEUTSCHE TELEKOM AG           N,EUROSTOXX,Communication Services,Telecom Services,Germany,EUR,26.96,1.0,script-v2.0,1.0,2026-09-25T12:57:39.315096+02:00,69.3,72.4,82,64,0,10,60,seguimiento,seguimiento,,True,pass,pendiente,0,desconocido,Pendiente de implementar,parcial,"margin_stabilization (media): Margen gross 63.2% vs 62.1% (+1.1 pp) | eps_stabilization (media): EPS 0.51 vs 0.42 (Diluted EPS) | dividend_maintained (baja): Dividendo actual 3.71% con caída del 21.5% | analyst_upgrade (media): Target 36.44 vs precio 26.96 (+35%), recMean 1.44, recKey strong_buy",razonable,seguimiento,23.53,26.96,23.53 - 26.96,28.34,29.21,28.34 - 29.21,Pérdida del soporte en 23.53 | ROE negativo durante 2 trimestres consecutivos | Ampliación de capital dilutiva | Recorte de rating a bono basura,6-12,"DEUTSCHE TELEKOM AG           N está un 21.5% por debajo de su máximo 52s. Fundamentalmente sólida con ROE 15.1%, deuda neta/EBITDA 3.3x. Técnicamente 🟡 MACD convergiendo, 🟡 Apoyo en MA40 semanal. Clasificación: seguimiento.","DEUTSCHE TELEKOM AG           N está un 21.5% por debajo de su máximo 52s. Fundamentalmente sólida con ROE 15.1%, deuda neta/EBITDA 3.3x. Técnicamente 🟡 MACD convergiendo, 🟡 Apoyo en MA40 semanal. Clasificación: seguimiento.",🟡 MACD convergiendo | 🟡 Apoyo en MA40 semanal | 🟢 base_pattern_detected,3.71,11,20,False,56.2,1.65,6025447.0,141382993408.0,3.31,2.8,gross,44.9,61.1,-16.2,15.1,128939.0,15.1,2.15,7.02,21.5,20.2,-4.9,38.2,False,True,-0.1982,False,17.0,14.5,False,28.44,-5.2,True,False,43,17,0.71,23.53,True
38,BN.PA,DANONE,EUROSTOXX,Consumer Defensive,Packaged Foods,France,EUR,59.74,1.0,script-v2.0,1.0,2026-09-25T12:57:49.483890+02:00,69.0,73.7,87,62,0,4,55,seguimiento,seguimiento,Sin señales de recuperación,True,pass,pendiente,0,desconocido,Pendiente de implementar,ausente,"dividend_maintained (baja): Dividendo actual 3.77% con caída del 25.5% | analyst_upgrade (media): Target 79.89 vs precio 59.74 (+34%), recMean 2.18, recKey buy",razonable,seguimiento,56.75,59.74,56.75 - 59.74,67.41,68.12,67.41 - 68.12,Pérdida del soporte en 56.75 | ROE negativo durante 2 trimestres consecutivos | Ampliación de capital dilutiva | Recorte de rating a bono basura,12-18,"DANONE está un 25.5% por debajo de su máximo 52s. Fundamentalmente sólida con ROE 12.2%, deuda neta/EBITDA 2.0x. Técnicamente 🔵 RSI en sobreventa, 🟡 MACD convergiendo. Clasificación: seguimiento.","DANONE está un 25.5% por debajo de su máximo 52s. Fundamentalmente sólida con ROE 12.2%, deuda neta/EBITDA 2.0x. Técnicamente 🔵 RSI en sobreventa, 🟡 MACD convergiendo. Clasificación: seguimiento.",🔵 RSI en sobreventa | 🟡 MACD convergiendo,3.77,11,20,False,74.5,0.99,1272858.0,9087999488.0,2.01,20.9,,50.0,,,12.2,38478.0,19.8,2.18,10.61,25.5,22.9,-11.4,30.3,False,True,-1.6463,False,3.0,3.7,False,67.08,-10.9,False,False,55,0,0.68,,False
39,9020.T,EAST JAPAN RAILWAY CO,ASIA,Industrials,Railroads,Japan,JPY,3460.0,1.0,script-v2.0,1.0,2026-09-25T12:59:59.592061+02:00,68.9,69.5,61,77,0,1,67,seguimiento,seguimiento,Sin señales de recuperación,True,pass,pendiente,0,desconocido,Pendiente de implementar,ausente,dividend_maintained (baja): Dividendo actual 2.43% con caída del 17.8%,razonable,seguimiento,3436.41,3460.0,3436.41 - 3460.00,3579.35,3662.09,3579.35 - 3662.09,Pérdida del soporte en 3436.41 | ROE negativo durante 2 trimestres consecutivos | Ampliación de capital dilutiva | Recorte de rating a bono basura,6-12,"EAST JAPAN RAILWAY CO está un 17.8% por debajo de su máximo 52s. Fundamentalmente sólida con ROE 7.9%, deuda neta/EBITDA 5.7x. Técnicamente 🟢 Bajo SMA200 con SMA50 girando, 🟢 Cerca de soporte. Clasificación: seguimiento.","EAST JAPAN RAILWAY CO está un 17.8% por debajo de su máximo 52s. Fundamentalmente sólida con ROE 7.9%, deuda neta/EBITDA 5.7x. Técnicamente 🟢 Bajo SMA200 con SMA50 girando, 🟢 Cerca de soporte. Clasificación: seguimiento.",🟢 Bajo SMA200 con SMA50 girando | 🟢 Cerca de soporte | 🟡 Apoyo en MA40 semanal | 🟢 base_pattern_detected,2.43,11,20,False,33.7,1.63,3024935.0,4878946918400.0,5.68,7.6,,36.9,,,7.9,3906577.0,15.8,1.28,10.24,17.8,17.0,-5.5,44.4,False,False,-34.4482,False,20.7,16.5,False,3639.39,-4.9,True,False,50,17,1.27,3436.41,True
40,UPS,"United Parcel Service, Inc.",SP500,Industrials,Integrated Freight & Logistics,United States,USD,92.05,1.0,script-v2.0,1.0,2026-09-25T12:59:05.219924+02:00,68.5,76.3,88,66,0,4,45,seguimiento,seguimiento,Sin señales de recuperación,True,pass,pendiente,0,desconocido,Pendiente de implementar,ausente,"dividend_maintained (baja): Dividendo actual 7.13% con caída del 24.8% | analyst_upgrade (media): Target 115.81 vs precio 92.05 (+26%), recMean 2.17, recKey buy",razonable,seguimiento,87.45,92.05,87.45 - 92.05,102.45,104.05,102.45 - 104.05,Pérdida del soporte en 87.45 | ROE negativo durante 2 trimestres consecutivos | Ampliación de capital dilutiva | Recorte de rating a bono basura,6-12,"United Parcel Service, Inc. está un 24.8% por debajo de su máximo 52s. Fundamentalmente sólida con ROE 29.6%, deuda neta/EBITDA 2.0x. Técnicamente 🔵 RSI en sobreventa. Clasificación: seguimiento.","United Parcel Service, Inc. está un 24.8% por debajo de su máximo 52s. Fundamentalmente sólida con ROE 29.6%, deuda neta/EBITDA 2.0x. Técnicamente 🔵 RSI en sobreventa. Clasificación: seguimiento.",🔵 RSI en sobreventa,7.13,11,20,False,121.9,1.9,4819631.0,24019999232.0,1.99,0.0,gross,22.4,16.5,5.9,29.6,78314.0,17.1,5.2,8.47,24.8,28.1,-10.2,28.8,False,False,-0.5927,False,3.6,11.8,False,102.84,-10.5,False,False,45,0,1.25,,False
41,1299.HK,AIA,ASIA,Financial Services,Insurance - Life,Hong Kong,HKD,73.75,1.0,script-v2.0,1.0,2026-09-25T13:00:11.573376+02:00,68.5,70.7,92,52,0,4,62,seguimiento,seguimiento,Sin señales de recuperación,True,pass,pendiente,0,desconocido,Pendiente de implementar,ausente,"dividend_maintained (baja): Dividendo actual 2.68% con caída del 20.0% | analyst_upgrade (media): Target 102.76 vs precio 73.75 (+39%), recMean 1.30, recKey strong_buy",razonable,seguimiento,71.39,73.75,71.39 - 73.75,78.33,79.17,78.33 - 79.17,Pérdida del soporte en 71.39 | ROE negativo durante 2 trimestres consecutivos | Ampliación de capital dilutiva | Recorte de rating a bono basura,6-12,"AIA está un 20.0% por debajo de su máximo 52s. Fundamentalmente sólida con ROE 19.6%, deuda neta/EBITDA 1.6x. Técnicamente 🟢 Bajo SMA200 con SMA50 girando, 🟢 Cerca de soporte. Clasificación: seguimiento.","AIA está un 20.0% por debajo de su máximo 52s. Fundamentalmente sólida con ROE 19.6%, deuda neta/EBITDA 1.6x. Técnicamente 🟢 Bajo SMA200 con SMA50 girando, 🟢 Cerca de soporte. Clasificación: seguimiento.",🟢 Bajo SMA200 con SMA50 girando | 🟢 Cerca de soporte | 🟡 Apoyo en MA40 semanal | 🟢 base_pattern_detected,2.68,11,16,False,32.4,0.52,27838681.0,14578999296.0,1.64,45.4,,40.6,,,19.6,759857.0,12.4,2.38,89.7,20.0,18.0,-6.8,41.0,False,False,-1.0158,False,18.1,36.4,False,79.1,-6.8,True,False,45,17,0.85,71.39,True
42,EN.PA,BOUYGUES,EUROSTOXX,Industrials,Engineering & Construction,France,EUR,43.15,1.0,script-v2.0,1.0,2026-09-25T12:57:53.994904+02:00,68.0,72.1,87,59,0,15,56,entrada_escalada,entrada_escalada,,True,pass,pendiente,0,desconocido,Pendiente de implementar,confirmada,"margin_stabilization (media): Margen gross 57.6% vs 57.8% (-0.2 pp) | eps_stabilization (media): EPS 0.98 vs -0.24 (Diluted EPS) | debt_reduction (alta): Deuda 14707.0M vs 15110.0M | dividend_maintained (baja): Dividendo actual 4.87% con caída del 19.3% | analyst_upgrade (media): Target 60.33 vs precio 43.15 (+40%), recMean 2.00, recKey buy",razonable,entrada_escalada,40.99,43.15,40.99 - 43.15,45.46,47.2,45.46 - 47.20,Pérdida del soporte en 40.99 | ROE negativo durante 2 trimestres consecutivos | Ampliación de capital dilutiva | Recorte de rating a bono basura,6-12,"BOUYGUES está un 19.3% por debajo de su máximo 52s. Fundamentalmente sólida con ROE 9.7%, deuda neta/EBITDA 2.1x. Técnicamente 🟢 Divergencia alcista RSI, 🟢 Estocástico sale de sobreventa. Clasificación: entrada_escalada.","BOUYGUES está un 19.3% por debajo de su máximo 52s. Fundamentalmente sólida con ROE 9.7%, deuda neta/EBITDA 2.1x. Técnicamente 🟢 Divergencia alcista RSI, 🟢 Estocástico sale de sobreventa. Clasificación: entrada_escalada.",🟢 Divergencia alcista RSI | 🟢 Estocástico sale de sobreventa | 🟡 Apoyo en MA40 semanal,4.87,11,20,False,64.2,1.03,672056.0,9871000576.0,2.15,-2.7,gross,56.8,56.3,0.5,9.7,16494.0,13.2,1.33,6.13,19.3,19.0,-8.6,36.5,False,False,-0.7799,False,13.0,8.8,True,47.28,-8.7,False,False,45,11,0.51,,False
43,FDX,FedEx Corporation,SP500,Industrials,Integrated Freight & Logistics,United States,USD,279.54,1.0,script-v2.0,1.0,2026-09-25T12:59:06.337830+02:00,68.0,71.6,86,59,0,10,57,seguimiento,seguimiento,,True,pass,pendiente,0,desconocido,Pendiente de implementar,parcial,"margin_stabilization (media): Margen gross 22.7% vs 21.3% (+1.3 pp) | eps_stabilization (media): EPS 6.60 vs 4.41 (Diluted EPS) | dividend_maintained (baja): Dividendo actual 1.75% con caída del 19.1% | analyst_upgrade (media): Target 355.10 vs precio 279.54 (+27%), recMean 1.82, recKey buy",razonable,seguimiento,265.56,279.54,265.56 - 279.54,293.56,294.64,293.56 - 294.64,Pérdida del soporte en 265.56 | ROE negativo durante 2 trimestres consecutivos | Ampliación de capital dilutiva | Recorte de rating a bono basura,6-12,"FedEx Corporation está un 19.1% por debajo de su máximo 52s. Fundamentalmente sólida con ROE 14.8%, deuda neta/EBITDA 2.5x. Técnicamente 🔵 RSI en sobreventa, 🟢 Volumen creciente. Clasificación: seguimiento.","FedEx Corporation está un 19.1% por debajo de su máximo 52s. Fundamentalmente sólida con ROE 14.8%, deuda neta/EBITDA 2.5x. Técnicamente 🔵 RSI en sobreventa, 🟢 Volumen creciente. Clasificación: seguimiento.",🔵 RSI en sobreventa | 🟢 Volumen creciente | 🟡 Apoyo en MA40 semanal,1.75,11,20,False,31.3,1.36,1646619.0,29393000448.0,2.48,2.2,gross,27.3,21.8,5.6,14.8,66159.0,15.1,2.12,8.06,19.1,18.4,-5.1,24.8,False,False,5.4794,False,0.5,4.4,False,298.95,-6.5,False,False,52,5,1.33,,False
44,005380.KS,HyundaiMtr,ASIA,Consumer Cyclical,Auto Manufacturers,South Korea,KRW,353500.0,1.0,script-v2.0,1.0,2026-09-25T13:00:14.842928+02:00,67.8,66.7,63,70,0,10,71,seguimiento,seguimiento,,True,pass,pendiente,0,desconocido,Pendiente de implementar,parcial,"margin_stabilization (media): Margen gross 17.8% vs 17.5% (+0.3 pp) | eps_stabilization (media): EPS 9621.00 vs 8897.00 (Diluted EPS) | dividend_maintained (baja): Dividendo actual 2.83% con caída del 54.9% | analyst_upgrade (media): Target 641504.00 vs precio 353500.00 (+81%), recMean 1.66, recKey buy",fuerte,seguimiento,336373.72,353500.0,336373.72 - 353500.00,467201.4,665550.0,467201.40 - 665550.00,Pérdida del soporte en 336373.72 | ROE negativo durante 2 trimestres consecutivos | Ampliación de capital dilutiva | Recorte de rating a bono basura,18-24,"HyundaiMtr está un 54.9% por debajo de su máximo 52s. Fundamentalmente sólida con ROE 7.2%, deuda neta/EBITDA 7.8x. Técnicamente 🔵 RSI en sobreventa, 🟢 Divergencia alcista RSI. Clasificación: seguimiento.","HyundaiMtr está un 54.9% por debajo de su máximo 52s. Fundamentalmente sólida con ROE 7.2%, deuda neta/EBITDA 7.8x. Técnicamente 🔵 RSI en sobreventa, 🟢 Divergencia alcista RSI. Clasificación: seguimiento.",🔵 RSI en sobreventa | 🟢 Divergencia alcista RSI | 🟢 Cerca de soporte | 🟢 base_pattern_detected,2.83,11,20,False,32.2,1.41,724063.0,102580327809024.0,7.79,3.3,gross,17.4,17.4,0.0,7.2,92558349.0,7.4,,15.84,54.9,54.6,-24.3,32.6,False,False,-32008.7101,False,3.5,4.3,False,484545.69,-27.0,True,False,59,12,0.95,336373.72,False
45,GSK.L,GSK PLC ORD 31 1/4P,EUROSTOXX,Healthcare,Drug Manufacturers - General,United Kingdom,GBp,1862.0,1.0,script-v2.0,1.0,2026-09-25T12:58:28.305956+02:00,67.5,71.3,91,54,0,6,56,seguimiento,seguimiento,,True,pass,pendiente,0,desconocido,Pendiente de implementar,parcial,debt_reduction (alta): Deuda 18293.0M vs 19056.0M | dividend_maintained (baja): Dividendo actual 0.04% con caída del 18.4%,razonable,seguimiento,1850.81,1862.0,1850.81 - 1862.00,1939.7,1952.72,1939.70 - 1952.72,Pérdida del soporte en 1850.81 | ROE negativo durante 2 trimestres consecutivos | Ampliación de capital dilutiva | Recorte de rating a bono basura,6-12,"GSK PLC ORD 31 1/4P está un 18.4% por debajo de su máximo 52s. Fundamentalmente sólida con ROE 33.4%, deuda neta/EBITDA 1.4x. Técnicamente 🟢 Cerca de soporte, 🟡 Apoyo en MA40 semanal. Clasificación: seguimiento.","GSK PLC ORD 31 1/4P está un 18.4% por debajo de su máximo 52s. Fundamentalmente sólida con ROE 33.4%, deuda neta/EBITDA 1.4x. Técnicamente 🟢 Cerca de soporte, 🟡 Apoyo en MA40 semanal. Clasificación: seguimiento.",🟢 Cerca de soporte | 🟡 Apoyo en MA40 semanal | 🟢 base_pattern_detected,0.04,11,20,False,56.9,1.06,7172510.0,15187000320.0,1.4,-4.0,gross,73.5,72.8,0.7,33.4,74584.0,15.8,4.23,8.31,18.4,18.4,-4.6,48.2,False,False,-21.0314,False,63.0,71.9,False,1955.49,-4.8,True,False,39,17,0.76,1850.81,False
46,BEI.DE,BEIERSDORF AG                 I,EUROSTOXX,Consumer Defensive,Household & Personal Products,Germany,EUR,78.64,1.0,script-v2.0,1.0,2026-09-25T12:57:47.068359+02:00,67.3,71.1,85,59,0,6,56,seguimiento,seguimiento,,True,pass,pendiente,0,desconocido,Pendiente de implementar,parcial,debt_reduction (alta): Deuda 110.0M vs 114.0M | dividend_maintained (baja): Dividendo actual 1.27% con caída del 28.6%,razonable,seguimiento,73.16,78.04,73.16 - 78.04,81.37,93.63,81.37 - 93.63,Pérdida del soporte en 73.16 | ROE negativo durante 2 trimestres consecutivos | Ampliación de capital dilutiva | Recorte de rating a bono basura,12-18,"BEIERSDORF AG                 I está un 28.6% por debajo de su máximo 52s. Fundamentalmente sólida con ROE 10.9%, deuda neta/EBITDA -1.7x. Técnicamente 🟢 Cruce alcista MACD, 🟢 MACD semanal girando al alza. Clasificación: seguimiento.","BEIERSDORF AG                 I está un 28.6% por debajo de su máximo 52s. Fundamentalmente sólida con ROE 10.9%, deuda neta/EBITDA -1.7x. Técnicamente 🟢 Cruce alcista MACD, 🟢 MACD semanal girando al alza. Clasificación: seguimiento.",🟢 Cruce alcista MACD | 🟢 MACD semanal girando al alza | 🟡 Apoyo en MA40 semanal,1.27,11,20,False,23.3,1.22,364753.0,-2731999872.0,-1.73,-3.5,,57.1,,,10.9,17185.0,18.3,1.91,9.07,28.6,41.6,-3.4,58.8,True,False,-1.4113,True,90.6,80.3,False,81.19,-3.1,False,False,41,15,0.89,73.16,False
47,PHIA.AS,KON.PHILIPS N.V.,EUROSTOXX,Healthcare,Medical Devices,Netherlands,EUR,21.66,1.0,script-v2.0,1.0,2026-09-25T12:58:08.705501+02:00,67.2,68.2,81,57,0,15,64,entrada_escalada,entrada_escalada,,True,pass,pendiente,0,desconocido,Pendiente de implementar,confirmada,"margin_stabilization (media): Margen gross 49.3% vs 45.2% (+4.1 pp) | eps_stabilization (media): EPS 0.40 vs 0.16 (Diluted EPS) | debt_reduction (alta): Deuda 7465.0M vs 8097.0M | dividend_maintained (baja): Dividendo actual 3.92% con caída del 21.8% | analyst_upgrade (media): Target 26.89 vs precio 21.66 (+24%), recMean 2.40, recKey buy",razonable,entrada_escalada,20.58,21.66,20.58 - 21.66,23.23,23.54,23.23 - 23.54,Pérdida del soporte en 20.58 | ROE negativo durante 2 trimestres consecutivos | Ampliación de capital dilutiva | Recorte de rating a bono basura,6-12,"KON.PHILIPS N.V. está un 21.8% por debajo de su máximo 52s. Fundamentalmente sólida con ROE 10.2%, deuda neta/EBITDA 2.4x. Técnicamente 🔵 RSI recuperándose de sobreventa, 🟢 Cruce alcista MACD. Clasificación: entrada_escalada.","KON.PHILIPS N.V. está un 21.8% por debajo de su máximo 52s. Fundamentalmente sólida con ROE 10.2%, deuda neta/EBITDA 2.4x. Técnicamente 🔵 RSI recuperándose de sobreventa, 🟢 Cruce alcista MACD. Clasificación: entrada_escalada.",🔵 RSI recuperándose de sobreventa | 🟢 Cruce alcista MACD | 🟡 Apoyo en MA40 semanal,3.92,8,2,False,74.6,0.65,1643743.0,5676000000.0,2.35,-7.8,gross,45.9,46.0,-0.0,10.2,21171.0,19.0,1.85,11.04,21.8,22.6,-6.8,40.7,True,False,-0.3317,False,43.7,35.0,False,23.23,-6.8,False,False,59,5,0.64,,False
48,AMC.AX,AMCOR PLC CDI 1:1 [AMC],ASX,Consumer Cyclical,Packaging & Containers,Switzerland,AUD,59.87,1.0,script-v2.0,1.0,2026-09-25T12:59:41.959847+02:00,67.2,67.3,78,58,0,12,67,entrada_escalada,entrada_escalada,,True,pass,pendiente,0,desconocido,Pendiente de implementar,confirmada,margin_stabilization (media): Margen gross 20.9% vs 20.1% (+0.8 pp) | eps_stabilization (media): EPS 0.83 vs 0.60 (Diluted EPS) | debt_reduction (alta): Deuda 15140.0M vs 16706.0M | dividend_maintained (baja): Dividendo actual 6.15% con caída del 15.8%,razonable,entrada_escalada,56.97,59.87,56.97 - 59.87,59.56,60.43,59.56 - 60.43,Pérdida del soporte en 56.97 | ROE negativo durante 2 trimestres consecutivos | Ampliación de capital dilutiva | Recorte de rating a bono basura,6-12,"AMCOR PLC CDI 1:1 [AMC] está un 15.8% por debajo de su máximo 52s. Fundamentalmente sólida con ROE 9.4%, deuda neta/EBITDA 4.0x. Técnicamente 🔵 RSI recuperándose de sobreventa, 🟢 Cruce alcista MACD. Clasificación: entrada_escalada.","AMCOR PLC CDI 1:1 [AMC] está un 15.8% por debajo de su máximo 52s. Fundamentalmente sólida con ROE 9.4%, deuda neta/EBITDA 4.0x. Técnicamente 🔵 RSI recuperándose de sobreventa, 🟢 Cruce alcista MACD. Clasificación: entrada_escalada.",🔵 RSI recuperándose de sobreventa | 🟢 Cruce alcista MACD | 🟢 Cerca de soporte | 🟡 Apoyo en MA40 semanal,6.15,11,20,False,109.3,1.28,648269.0,14024999680.0,3.97,-9.4,gross,20.0,19.9,0.0,9.4,27681.0,17.9,1.67,11.92,15.8,20.9,0.5,40.0,True,False,0.8441,False,27.7,38.2,False,59.47,0.7,False,False,62,5,0.63,56.97,False
49,CPB,The Campbell's Company,SP500,Consumer Defensive,Packaged Foods,United States,USD,19.85,1.0,script-v2.0,1.0,2026-09-25T12:59:24.218910+02:00,66.9,75.5,67,83,0,4,41,seguimiento,seguimiento,Sin señales de recuperación,True,pass,pendiente,0,desconocido,Pendiente de implementar,ausente,margin_stabilization (media): Margen gross 27.5% vs 28.0% (-0.5 pp) | dividend_maintained (baja): Dividendo actual 5.04% con caída del 41.3%,incompleto,seguimiento,18.86,19.85,18.86 - 19.85,23.02,28.74,23.02 - 28.74,Pérdida del soporte en 18.86 | ROE negativo durante 2 trimestres consecutivos | Ampliación de capital dilutiva | Recorte de rating a bono basura,18-24,"The Campbell's Company está un 41.3% por debajo de su máximo 52s. Fundamentalmente sólida con ROE 10.1%, deuda neta/EBITDA 4.4x. Técnicamente 🔵 RSI en sobreventa. Clasificación: seguimiento.","The Campbell's Company está un 41.3% por debajo de su máximo 52s. Fundamentalmente sólida con ROE 10.1%, deuda neta/EBITDA 4.4x. Técnicamente 🔵 RSI en sobreventa. Clasificación: seguimiento.",🔵 RSI en sobreventa,5.04,11,20,False,119.1,1.79,6817333.0,7055999872.0,4.36,5.3,gross,28.5,28.8,-0.3,10.1,5920.0,15.2,1.54,8.2,41.3,56.1,-13.8,31.8,False,False,-0.6735,False,2.1,5.6,False,22.79,-12.9,False,False,41,0,0.8,,False
50,SAN.PA,SANOFI,EUROSTOXX,Healthcare,Drug Manufacturers - General,France,EUR,71.05,1.0,script-v2.0,1.0,2026-09-25T12:57:59.045703+02:00,66.7,69.6,76,64,0,7,58,seguimiento,seguimiento,,True,pass,pendiente,0,desconocido,Pendiente de implementar,parcial,"margin_stabilization (media): Margen gross 75.5% vs 72.1% (+3.4 pp) | dividend_maintained (baja): Dividendo actual 5.80% con caída del 22.1% | analyst_upgrade (media): Target 94.06 vs precio 71.05 (+32%), recMean 2.12, recKey buy",razonable,seguimiento,67.5,71.05,67.50 - 71.05,75.71,77.48,75.71 - 77.48,Pérdida del soporte en 67.50 | ROE negativo durante 2 trimestres consecutivos | Ampliación de capital dilutiva | Recorte de rating a bono basura,6-12,"SANOFI está un 22.1% por debajo de su máximo 52s. Fundamentalmente sólida con ROE 5.7%, deuda neta/EBITDA 1.3x. Técnicamente 🔵 RSI en sobreventa, 🟡 Apoyo en MA40 semanal. Clasificación: seguimiento.","SANOFI está un 22.1% por debajo de su máximo 52s. Fundamentalmente sólida con ROE 5.7%, deuda neta/EBITDA 1.3x. Técnicamente 🔵 RSI en sobreventa, 🟡 Apoyo en MA40 semanal. Clasificación: seguimiento.",🔵 RSI en sobreventa | 🟡 Apoyo en MA40 semanal | 🟢 base_pattern_detected,5.8,11,20,False,127.6,0.34,1981327.0,17226000384.0,1.27,17.8,gross,73.5,72.7,0.7,5.7,85123.0,22.0,1.23,7.68,22.1,29.4,-6.1,32.0,False,False,-0.7337,False,0.0,1.9,False,75.71,-6.2,True,False,41,17,0.8,,False
51,WKL.AS,WOLTERS KLUWER,EUROSTOXX,Industrials,Specialty Business Services,Netherlands,EUR,67.88,1.0,script-v2.0,1.0,2026-09-25T12:58:08.883014+02:00,66.7,68.3,72,65,0,7,62,seguimiento,seguimiento,,True,pass,pendiente,0,desconocido,Pendiente de implementar,parcial,"eps_stabilization (media): EPS 5.64 vs 4.52 (annual_eps_fallback) | dividend_maintained (baja): Dividendo actual 3.83% con caída del 41.7% | analyst_upgrade (media): Target 90.09 vs precio 67.88 (+33%), recMean 1.69, recKey buy",razonable,seguimiento,66.56,67.84,66.56 - 67.84,66.82,98.98,66.82 - 98.98,Pérdida del soporte en 66.56 | ROE negativo durante 2 trimestres consecutivos | Ampliación de capital dilutiva | Recorte de rating a bono basura,18-24,"WOLTERS KLUWER está un 41.7% por debajo de su máximo 52s. Fundamentalmente sólida con ROE 146.1%, deuda neta/EBITDA 2.1x. Técnicamente 🟡 MACD convergiendo, 🟢 Cerca de soporte. Clasificación: seguimiento.","WOLTERS KLUWER está un 41.7% por debajo de su máximo 52s. Fundamentalmente sólida con ROE 146.1%, deuda neta/EBITDA 2.1x. Técnicamente 🟡 MACD convergiendo, 🟢 Cerca de soporte. Clasificación: seguimiento.",🟡 MACD convergiendo | 🟢 Cerca de soporte | 🟡 Apoyo en MA40 semanal | 🟢 base_pattern_detected | 🟡 trendline_break,3.83,11,20,False,43.0,5.9,1249522.0,4054000256.0,2.08,12.5,,74.1,,,146.1,15108.0,11.6,16.12,9.97,41.7,60.3,1.6,49.4,False,True,-0.6774,False,48.2,50.8,False,66.3,2.4,True,True,39,23,0.52,66.56,True
52,IMB.L,IMPERIAL BRANDS PLC ORD 10P,EUROSTOXX,Consumer Defensive,Tobacco,United Kingdom,GBp,2452.897,1.0,script-v2.0,1.0,2026-09-25T12:58:35.995160+02:00,66.7,66.5,66,67,0,4,67,seguimiento,seguimiento,Sin señales de recuperación,True,pass,pendiente,0,desconocido,Pendiente de implementar,ausente,"dividend_maintained (baja): Dividendo actual 0.07% con caída del 32.5% | analyst_upgrade (media): Target 3259.09 vs precio 2452.90 (+33%), recMean 1.83, recKey buy",razonable,seguimiento,2452.33,2452.9,2452.33 - 2452.90,2888.89,3087.23,2888.89 - 3087.23,Pérdida del soporte en 2452.33 | ROE negativo durante 2 trimestres consecutivos | Ampliación de capital dilutiva | Recorte de rating a bono basura,12-18,"IMPERIAL BRANDS PLC ORD 10P está un 32.5% por debajo de su máximo 52s. Fundamentalmente sólida con ROE 37.2%, deuda neta/EBITDA 2.7x. Técnicamente 🟢 Divergencia alcista RSI, 🟢 Cerca de soporte. Clasificación: seguimiento.","IMPERIAL BRANDS PLC ORD 10P está un 32.5% por debajo de su máximo 52s. Fundamentalmente sólida con ROE 37.2%, deuda neta/EBITDA 2.7x. Técnicamente 🟢 Divergencia alcista RSI, 🟢 Cerca de soporte. Clasificación: seguimiento.",🟢 Divergencia alcista RSI | 🟢 Cerca de soporte | 🟢 base_pattern_detected,0.07,11,20,False,75.4,2.44,2971337.0,10735000000.0,2.67,12.4,,36.3,,,37.2,18467.0,11.5,4.82,7.71,32.5,32.4,-15.1,39.0,False,False,-125.8452,False,12.9,22.7,False,2876.79,-14.7,True,False,55,12,0.5,2452.33,False
53,4568.T,DAIICHI SANKYO COMPANY LIMITED,ASIA,Healthcare,Drug Manufacturers - General,Japan,JPY,2929.0,1.0,script-v2.0,1.0,2026-09-25T12:59:54.531477+02:00,66.7,66.6,97,40,0,4,67,seguimiento,seguimiento,Sin señales de recuperación,True,pass,pendiente,0,desconocido,Pendiente de implementar,ausente,"dividend_maintained (baja): Dividendo actual 3.41% con caída del 29.9% | analyst_upgrade (media): Target 4096.25 vs precio 2929.00 (+40%), recMean 1.50, recKey strong_buy",razonable,seguimiento,2681.2,2785.34,2681.20 - 2785.34,2875.4,3551.3,2875.40 - 3551.30,Pérdida del soporte en 2681.20 | ROE negativo durante 2 trimestres consecutivos | Ampliación de capital dilutiva | Recorte de rating a bono basura,12-18,"DAIICHI SANKYO COMPANY LIMITED está un 29.9% por debajo de su máximo 52s. Fundamentalmente sólida con ROE 14.8%, deuda neta/EBITDA -0.4x. Técnicamente 🟢 Cruce alcista MACD, 🟢 MACD semanal girando al alza. Clasificación: seguimiento.","DAIICHI SANKYO COMPANY LIMITED está un 29.9% por debajo de su máximo 52s. Fundamentalmente sólida con ROE 14.8%, deuda neta/EBITDA -0.4x. Técnicamente 🟢 Cruce alcista MACD, 🟢 MACD semanal girando al alza. Clasificación: seguimiento.",🟢 Cruce alcista MACD | 🟢 MACD semanal girando al alza | 🟢 base_pattern_detected | 🟡 trendline_break,3.41,11,20,False,55.6,0.29,6306095.0,-137370009600.0,-0.44,148.8,,68.5,,,14.8,5329764.0,21.4,3.13,16.41,29.9,40.5,1.9,58.9,True,False,-2.1096,True,88.2,86.6,False,2821.18,3.8,True,True,39,28,1.29,2681.2,True
54,RNO.PA,RENAULT,EUROSTOXX,Consumer Cyclical,Auto Manufacturers,France,EUR,26.38,1.0,script-v2.0,1.0,2026-09-25T12:58:04.099013+02:00,66.5,64.3,35,90,0,4,73,seguimiento,seguimiento,Sin señales de recuperación,True,pass,pendiente,0,desconocido,Pendiente de implementar,ausente,"dividend_maintained (baja): Dividendo actual 8.34% con caída del 30.5% | analyst_upgrade (media): Target 38.91 vs precio 26.38 (+47%), recMean 2.25, recKey buy",fuerte,seguimiento,25.06,26.38,25.06 - 26.38,28.51,32.27,28.51 - 32.27,Pérdida del soporte en 25.06 | ROE negativo durante 2 trimestres consecutivos | Ampliación de capital dilutiva | Recorte de rating a bono basura,12-18,"RENAULT está un 30.5% por debajo de su máximo 52s. Fundamentalmente sólida con ROE 5.0%, deuda neta/EBITDA 8.2x. Técnicamente 🟡 MACD convergiendo, 🟢 Bajo SMA200 con SMA50 girando. Clasificación: seguimiento.","RENAULT está un 30.5% por debajo de su máximo 52s. Fundamentalmente sólida con ROE 5.0%, deuda neta/EBITDA 8.2x. Técnicamente 🟡 MACD convergiendo, 🟢 Bajo SMA200 con SMA50 girando. Clasificación: seguimiento.",🟡 MACD convergiendo | 🟢 Bajo SMA200 con SMA50 girando | 🟢 Estocástico sale de sobreventa | 🟡 Apoyo en MA40 semanal | 🟢 base_pattern_detected,8.34,8,4,False,67.3,3.28,1447854.0,51081000960.0,8.23,5.0,,17.9,,,5.0,7634.0,8.1,0.37,9.69,30.5,44.1,-7.5,38.3,False,True,-0.2939,False,11.0,5.6,True,28.42,-7.2,True,False,50,23,0.63,,True
55,RIO.AX,RIO TINTO FPO [RIO],ASX,Basic Materials,Other Industrial Metals & Mining,United Kingdom,AUD,164.85,1.0,script-v2.0,1.0,2026-09-25T12:59:37.526840+02:00,66.1,67.5,100,39,0,6,62,seguimiento,seguimiento,,True,pass,pendiente,0,desconocido,Pendiente de implementar,parcial,debt_reduction (alta): Deuda 22852.0M vs 23640.0M | dividend_maintained (baja): Dividendo actual 4.02% con caída del 15.8%,razonable,seguimiento,153.92,164.85,153.92 - 164.85,163.18,166.46,163.18 - 166.46,Pérdida del soporte en 153.92 | ROE negativo durante 2 trimestres consecutivos | Ampliación de capital dilutiva | Recorte de rating a bono basura,6-12,"RIO TINTO FPO [RIO] está un 15.8% por debajo de su máximo 52s. Fundamentalmente sólida con ROE 19.3%, deuda neta/EBITDA 0.6x. Técnicamente 🟢 Divergencia alcista RSI, 🟡 MACD convergiendo. Clasificación: seguimiento.","RIO TINTO FPO [RIO] está un 15.8% por debajo de su máximo 52s. Fundamentalmente sólida con ROE 19.3%, deuda neta/EBITDA 0.6x. Técnicamente 🟢 Divergencia alcista RSI, 🟡 MACD convergiendo. Clasificación: seguimiento.",🟢 Divergencia alcista RSI | 🟡 MACD convergiendo | 🟡 Apoyo en MA40 semanal | 🟢 base_pattern_detected,4.02,11,20,False,55.0,0.32,1093093.0,13344999424.0,0.58,-3.3,,29.8,,,19.3,267916.0,16.0,2.87,12.67,15.8,14.4,1.0,39.5,False,True,3.0837,False,7.1,15.6,False,163.59,0.8,True,False,45,17,0.77,153.92,True
56,GS,"Goldman Sachs Group, Inc. (The)",SP500,Financial Services,Capital Markets,United States,USD,923.29,1.0,script-v2.0,1.0,2026-09-25T12:58:57.321024+02:00,66.0,63.9,81,49,0,7,72,seguimiento,seguimiento,,True,pass,pendiente,0,desconocido,Pendiente de implementar,parcial,"eps_stabilization (media): EPS 20.98 vs 17.55 (Diluted EPS) | dividend_maintained (baja): Dividendo actual 2.17% con caída del 20.0% | analyst_upgrade (media): Target 1134.15 vs precio 923.29 (+23%), recMean 2.60, recKey hold",fuerte,seguimiento,906.97,923.29,906.97 - 923.29,950.49,980.89,950.49 - 980.89,Pérdida del soporte en 906.97 | ROE negativo durante 2 trimestres consecutivos | Ampliación de capital dilutiva | Recorte de rating a bono basura,6-12,"Goldman Sachs Group, Inc. (The) está un 20.0% por debajo de su máximo 52s. Fundamentalmente sólida con ROE 16.9%, D/E 7.25. Técnicamente 🔵 RSI en sobreventa, 🟢 Cerca de soporte. Clasificación: seguimiento.","Goldman Sachs Group, Inc. (The) está un 20.0% por debajo de su máximo 52s. Fundamentalmente sólida con ROE 16.9%, D/E 7.25. Técnicamente 🔵 RSI en sobreventa, 🟢 Cerca de soporte. Clasificación: seguimiento.",🔵 RSI en sobreventa | 🟢 Cerca de soporte | 🟡 Apoyo en MA40 semanal | 🟢 base_pattern_detected,2.17,11,20,False,26.2,7.25,2020455.0,-259369074688.0,,132.4,,82.1,,,16.9,268836.0,14.2,2.55,,20.0,19.6,-2.9,32.7,False,False,19.3487,False,6.7,16.4,False,952.11,-3.0,True,False,55,17,1.05,906.97,False
57,0083.HK,SINO LAND,ASIA,Real Estate,Real Estate - Development,Hong Kong,HKD,9.94,1.0,script-v2.0,1.0,2026-09-25T13:00:08.066551+02:00,66.0,60.6,59,62,0,7,82,seguimiento,seguimiento,,True,pass,pendiente,0,desconocido,Pendiente de implementar,parcial,"eps_stabilization (media): EPS 0.49 vs 0.45 (annual_eps_fallback) | dividend_maintained (baja): Dividendo actual 5.84% con caída del 25.3% | analyst_upgrade (media): Target 12.80 vs precio 9.94 (+29%), recMean 1.60, recKey buy",fuerte,seguimiento,9.7,9.94,9.70 - 9.94,11.19,11.3,11.19 - 11.30,Pérdida del soporte en 9.70 | ROE negativo durante 2 trimestres consecutivos | Ampliación de capital dilutiva | Recorte de rating a bono basura,12-18,"SINO LAND está un 25.3% por debajo de su máximo 52s. Fundamentalmente sólida con ROE 2.7%, deuda neta/EBITDA -17.6x. Técnicamente 🟢 Divergencia alcista RSI, 🟢 Cruce alcista MACD. Clasificación: seguimiento.","SINO LAND está un 25.3% por debajo de su máximo 52s. Fundamentalmente sólida con ROE 2.7%, deuda neta/EBITDA -17.6x. Técnicamente 🟢 Divergencia alcista RSI, 🟢 Cruce alcista MACD. Clasificación: seguimiento.",🟢 Divergencia alcista RSI | 🟢 Cruce alcista MACD | 🟢 Cerca de soporte | 🟢 base_pattern_detected,5.84,11,20,False,118.4,3.51,7683105.0,-51914000896.0,-17.65,107.0,,45.5,,,2.7,95286.0,20.3,0.54,15.37,25.3,25.2,-11.1,40.1,True,False,-0.2993,False,25.1,41.9,False,11.25,-11.7,True,False,70,12,0.89,9.7,False
58,NG.L,NATIONAL GRID PLC ORD 12 204/47,EUROSTOXX,Utilities,Utilities - Regulated Electric,United Kingdom,GBp,1139.5,1.0,script-v2.0,1.0,2026-09-25T12:58:33.235809+02:00,65.8,63.7,69,59,0,4,72,seguimiento,seguimiento,Sin señales de recuperación,True,pass,pendiente,0,desconocido,Pendiente de implementar,ausente,eps_stabilization (media): EPS 0.66 vs 0.61 (annual_eps_fallback) | dividend_maintained (baja): Dividendo actual 0.04% con caída del 20.2%,fuerte,seguimiento,1096.5,1139.5,1096.50 - 1139.50,1214.22,1233.57,1214.22 - 1233.57,Pérdida del soporte en 1096.50 | ROE negativo durante 2 trimestres consecutivos | Ampliación de capital dilutiva | Recorte de rating a bono basura,6-12,"NATIONAL GRID PLC ORD 12 204/47 está un 20.2% por debajo de su máximo 52s. Fundamentalmente sólida con ROE 8.4%, deuda neta/EBITDA 6.4x. Técnicamente 🟢 Divergencia alcista RSI, 🟢 Cerca de soporte. Clasificación: seguimiento.","NATIONAL GRID PLC ORD 12 204/47 está un 20.2% por debajo de su máximo 52s. Fundamentalmente sólida con ROE 8.4%, deuda neta/EBITDA 6.4x. Técnicamente 🟢 Divergencia alcista RSI, 🟢 Cerca de soporte. Clasificación: seguimiento.",🟢 Divergencia alcista RSI | 🟢 Cerca de soporte | 🟡 Apoyo en MA40 semanal | 🟢 base_pattern_detected,0.04,11,20,False,72.1,1.21,10130352.0,44877001984.0,6.39,0.3,,100.0,,,8.4,57280.0,17.3,1.44,14.43,20.2,20.2,-7.6,44.8,False,False,-23.9253,False,58.9,54.8,False,1237.75,-7.9,True,False,55,17,0.85,1096.5,False
59,7751.T,CANON INC,ASIA,Technology,Computer Hardware,Japan,JPY,4613.0,1.0,script-v2.0,1.0,2026-09-25T12:59:57.160961+02:00,65.7,68.5,92,48,0,1,57,seguimiento,seguimiento,Sin señales de recuperación,True,pass,pendiente,0,desconocido,Pendiente de implementar,ausente,dividend_maintained (baja): Dividendo actual 3.47% con caída del 8.3%,razonable,seguimiento,4254.76,4530.38,4254.76 - 4530.38,4278.05,4421.05,4278.05 - 4421.05,Pérdida del soporte en 4254.76 | ROE negativo durante 2 trimestres consecutivos | Ampliación de capital dilutiva | Recorte de rating a bono basura,6-12,"CANON INC está un 8.3% por debajo de su máximo 52s. Fundamentalmente sólida con ROE 10.4%, deuda neta/EBITDA 0.7x. Técnicamente 🟢 Cruce alcista MACD, 🟢 base_pattern_detected. Clasificación: seguimiento.","CANON INC está un 8.3% por debajo de su máximo 52s. Fundamentalmente sólida con ROE 10.4%, deuda neta/EBITDA 0.7x. Técnicamente 🟢 Cruce alcista MACD, 🟢 base_pattern_detected. Clasificación: seguimiento.",🟢 Cruce alcista MACD | 🟢 base_pattern_detected | 🟡 trendline_break,3.47,11,20,False,40.5,0.34,3716605.0,525887012864.0,0.72,34.2,,47.8,,,10.4,3850516.0,11.5,1.12,6.34,8.3,6.9,4.3,57.0,True,False,69.0991,False,76.1,62.3,False,4415.75,4.5,True,True,39,18,1.07,4254.76,True
60,AZN.L,ASTRAZENECA PLC ORD SHS $0.25,EUROSTOXX,Healthcare,Drug Manufacturers - General,United Kingdom,GBp,12428.0,1.0,script-v2.0,1.0,2026-09-25T12:58:28.578541+02:00,65.4,66.5,98,39,0,12,62,entrada_escalada,entrada_escalada,,True,pass,pendiente,0,desconocido,Pendiente de implementar,confirmada,"margin_stabilization (media): Margen gross 83.6% vs 82.5% (+1.1 pp) | debt_reduction (alta): Deuda 32350.0M vs 33918.0M | dividend_maintained (baja): Dividendo actual 0.02% con caída del 21.0% | analyst_upgrade (media): Target 15960.35 vs precio 12428.00 (+28%), recMean 0.00, recKey strong_buy",razonable,entrada_escalada,11504.42,12183.01,11504.42 - 12183.01,13372.2,13590.38,13372.20 - 13590.38,Pérdida del soporte en 11504.42 | ROE negativo durante 2 trimestres consecutivos | Ampliación de capital dilutiva | Recorte de rating a bono basura,6-12,"ASTRAZENECA PLC ORD SHS $0.25 está un 21.0% por debajo de su máximo 52s. Fundamentalmente sólida con ROE 22.0%, deuda neta/EBITDA 1.4x. Técnicamente 🟢 Divergencia alcista RSI, 🟢 MACD semanal girando al alza. Clasificación: entrada_escalada.","ASTRAZENECA PLC ORD SHS $0.25 está un 21.0% por debajo de su máximo 52s. Fundamentalmente sólida con ROE 22.0%, deuda neta/EBITDA 1.4x. Técnicamente 🟢 Divergencia alcista RSI, 🟢 MACD semanal girando al alza. Clasificación: entrada_escalada.",🟢 Divergencia alcista RSI | 🟢 MACD semanal girando al alza | 🟡 Apoyo en MA40 semanal | 🟢 base_pattern_detected,0.02,11,20,False,47.4,0.64,3417557.0,27381999104.0,1.38,-4.6,gross,81.7,81.9,-0.2,22.0,192744.0,24.8,5.12,11.04,21.0,21.0,-8.6,55.3,False,False,-446.2119,True,77.0,76.2,False,13597.32,-8.6,True,False,35,27,0.44,11504.42,False
61,C6L.SI,SIA,ASIA,Industrials,Airlines,Singapore,SGD,6.65,1.0,script-v2.0,1.0,2026-09-25T13:00:18.828390+02:00,65.1,65.5,74,58,0,1,64,seguimiento,seguimiento,Sin señales de recuperación,True,pass,pendiente,0,desconocido,Pendiente de implementar,ausente,dividend_maintained (baja): Dividendo actual 6.62% con caída del 16.0%,razonable,seguimiento,6.25,6.65,6.25 - 6.65,6.73,6.81,6.73 - 6.81,Pérdida del soporte en 6.25 | ROE negativo durante 2 trimestres consecutivos | Ampliación de capital dilutiva | Recorte de rating a bono basura,6-12,"SIA está un 16.0% por debajo de su máximo 52s. Fundamentalmente sólida con ROE 7.2%, deuda neta/EBITDA 0.1x. Técnicamente 🔵 RSI recuperándose de sobreventa, 🟢 Cruce alcista MACD. Clasificación: seguimiento.","SIA está un 16.0% por debajo de su máximo 52s. Fundamentalmente sólida con ROE 7.2%, deuda neta/EBITDA 0.1x. Técnicamente 🔵 RSI recuperándose de sobreventa, 🟢 Cruce alcista MACD. Clasificación: seguimiento.",🔵 RSI recuperándose de sobreventa | 🟢 Cruce alcista MACD | 🟡 Apoyo en MA40 semanal,6.62,9,5,False,117.8,0.6,6950010.0,407100416.0,0.09,0.0,operating,14.5,9.8,4.7,7.2,20972.0,22.2,1.21,5.01,16.0,16.0,-2.4,39.1,True,False,-0.0108,False,65.5,56.2,False,6.84,-2.7,False,False,59,5,0.89,6.25,False
62,HD,"Home Depot, Inc. (The)",SP500,Consumer Cyclical,Home Improvement Retail,United States,USD,292.18,1.0,script-v2.0,1.0,2026-09-25T12:58:59.901458+02:00,65.0,62.3,73,53,0,10,73,seguimiento,seguimiento,,True,pass,pendiente,0,desconocido,Pendiente de implementar,parcial,"margin_stabilization (media): Margen gross 33.7% vs 33.0% (+0.7 pp) | eps_stabilization (media): EPS 4.79 vs 3.30 (Diluted EPS) | dividend_maintained (baja): Dividendo actual 3.19% con caída del 29.0% | analyst_upgrade (media): Target 377.19 vs precio 292.18 (+29%), recMean 1.94, recKey buy",fuerte,seguimiento,284.85,292.18,284.85 - 292.18,336.6,349.7,336.60 - 349.70,Pérdida del soporte en 284.85 | ROE negativo durante 2 trimestres consecutivos | Ampliación de capital dilutiva | Recorte de rating a bono basura,12-18,"Home Depot, Inc. (The) está un 29.0% por debajo de su máximo 52s. Fundamentalmente sólida con ROE 104.3%, deuda neta/EBITDA 2.5x. Técnicamente 🔵 RSI en sobreventa, 🟢 Volumen creciente. Clasificación: seguimiento.","Home Depot, Inc. (The) está un 29.0% por debajo de su máximo 52s. Fundamentalmente sólida con ROE 104.3%, deuda neta/EBITDA 2.5x. Técnicamente 🔵 RSI en sobreventa, 🟢 Volumen creciente. Clasificación: seguimiento.",🔵 RSI en sobreventa | 🟢 Volumen creciente | 🟢 Cerca de soporte | 🟢 base_pattern_detected,3.19,11,20,False,64.8,3.8,4087142.0,61103000832.0,2.48,0.0,gross,32.8,33.2,-0.4,104.3,291505.0,20.4,17.55,14.31,29.0,30.0,-13.2,25.1,False,False,-8.507,False,3.6,5.0,False,335.84,-13.0,True,False,61,12,1.32,284.85,False
63,VOW3.DE,VOLKSWAGEN AG                 V,EUROSTOXX,Consumer Cyclical,Auto Manufacturers,Germany,EUR,71.47,1.0,script-v2.0,1.0,2026-09-25T12:57:42.051602+02:00,64.9,62.2,51,72,0,10,73,seguimiento,seguimiento,,True,pass,pendiente,0,desconocido,Pendiente de implementar,parcial,"margin_stabilization (media): Margen gross 15.1% vs 15.5% (-0.4 pp) | eps_stabilization (media): EPS 2.56 vs 2.55 (Diluted EPS) | dividend_maintained (baja): Dividendo actual 7.36% con caída del 34.5% | analyst_upgrade (media): Target 104.61 vs precio 71.47 (+46%), recMean 2.21, recKey buy",fuerte,seguimiento,71.08,71.47,71.08 - 71.47,83.91,92.78,83.91 - 92.78,Pérdida del soporte en 71.08 | ROE negativo durante 2 trimestres consecutivos | Ampliación de capital dilutiva | Recorte de rating a bono basura,12-18,"VOLKSWAGEN AG                 V está un 34.5% por debajo de su máximo 52s. Fundamentalmente sólida con ROE 2.8%, deuda neta/EBITDA 11.1x. Técnicamente 🟢 Divergencia alcista RSI, 🟢 Bajo SMA200 con SMA50 girando. Clasificación: seguimiento.","VOLKSWAGEN AG                 V está un 34.5% por debajo de su máximo 52s. Fundamentalmente sólida con ROE 2.8%, deuda neta/EBITDA 11.1x. Técnicamente 🟢 Divergencia alcista RSI, 🟢 Bajo SMA200 con SMA50 girando. Clasificación: seguimiento.",🟢 Divergencia alcista RSI | 🟢 Bajo SMA200 con SMA50 girando | 🟢 Cerca de soporte | 🟢 Estocástico sale de sobreventa | 🟢 base_pattern_detected,7.36,11,20,False,50.4,1.39,1134194.0,214130008064.0,11.1,43.9,gross,13.8,16.3,-2.5,2.8,35828.0,6.9,0.2,13.71,34.5,30.2,-14.8,37.2,False,False,-2.469,False,9.7,4.6,True,83.57,-14.5,True,False,55,18,0.65,71.08,True
64,4503.T,ASTELLAS PHARMA,ASIA,Healthcare,Drug Manufacturers - General,Japan,JPY,2399.0,1.0,script-v2.0,1.0,2026-09-25T12:59:53.792489+02:00,64.9,65.9,100,36,0,9,62,seguimiento,seguimiento,,True,pass,pendiente,0,desconocido,Pendiente de implementar,parcial,eps_stabilization (media): EPS 78.96 vs 38.11 (Diluted EPS) | debt_reduction (alta): Deuda 589870.0M vs 831426.0M | dividend_maintained (baja): Dividendo actual 3.33% con caída del 11.7%,razonable,seguimiento,2291.2,2330.5,2291.20 - 2330.50,2276.32,2309.45,2276.32 - 2309.45,Pérdida del soporte en 2330.50 | ROE negativo durante 2 trimestres consecutivos | Ampliación de capital dilutiva | Recorte de rating a bono basura,6-12,"ASTELLAS PHARMA está un 11.7% por debajo de su máximo 52s. Fundamentalmente sólida con ROE 21.3%, deuda neta/EBITDA 0.5x. Técnicamente 🟢 Cruce alcista MACD, 🟢 Cerca de soporte. Clasificación: seguimiento.","ASTELLAS PHARMA está un 11.7% por debajo de su máximo 52s. Fundamentalmente sólida con ROE 21.3%, deuda neta/EBITDA 0.5x. Técnicamente 🟢 Cruce alcista MACD, 🟢 Cerca de soporte. Clasificación: seguimiento.",🟢 Cruce alcista MACD | 🟢 Cerca de soporte | 🟢 base_pattern_detected | 🟡 trendline_break,3.33,11,20,False,48.1,0.3,6396958.0,345172000768.0,0.52,-29.1,,80.8,,,21.3,4301440.0,14.8,2.21,6.83,11.7,11.7,5.4,59.1,True,False,41.6517,False,89.1,80.9,False,2304.95,4.1,True,True,44,18,1.21,2330.5,True
65,UCB.BR,UCB,EUROSTOXX,Healthcare,Biotechnology,Belgium,EUR,213.2,1.0,script-v2.0,1.0,2026-09-25T12:58:18.644123+02:00,64.8,66.3,93,43,0,7,60,seguimiento,seguimiento,,True,pass,pendiente,0,desconocido,Pendiente de implementar,parcial,"eps_stabilization (media): EPS 8.03 vs 1.76 (annual_eps_fallback) | dividend_maintained (baja): Dividendo actual 0.68% con caída del 26.4% | analyst_upgrade (media): Target 285.00 vs precio 213.20 (+34%), recMean 1.60, recKey buy",razonable,seguimiento,203.05,213.2,203.05 - 213.20,243.95,246.07,243.95 - 246.07,Pérdida del soporte en 203.05 | ROE negativo durante 2 trimestres consecutivos | Ampliación de capital dilutiva | Recorte de rating a bono basura,12-18,"UCB está un 26.4% por debajo de su máximo 52s. Fundamentalmente sólida con ROE 20.6%, deuda neta/EBITDA 0.8x. Técnicamente 🟢 Divergencia alcista RSI, 🟢 Cerca de soporte. Clasificación: seguimiento.","UCB está un 26.4% por debajo de su máximo 52s. Fundamentalmente sólida con ROE 20.6%, deuda neta/EBITDA 0.8x. Técnicamente 🟢 Divergencia alcista RSI, 🟢 Cerca de soporte. Clasificación: seguimiento.",🟢 Divergencia alcista RSI | 🟢 Cerca de soporte | 🟢 base_pattern_detected,0.68,11,20,False,12.8,0.31,226255.0,2822000000.0,0.84,24.7,,76.2,,,20.6,40649.0,18.8,3.49,12.93,26.4,25.9,-12.6,48.7,False,False,-9.5643,False,85.6,71.9,False,243.5,-12.4,True,False,48,12,0.88,203.05,False
66,6758.T,SONY GROUP CORPORATION,ASIA,Technology,Consumer Electronics,Japan,JPY,3710.0,1.0,script-v2.0,1.0,2026-09-25T12:59:55.858442+02:00,64.8,68.7,89,51,0,10,53,seguimiento,seguimiento,,True,pass,pendiente,0,desconocido,Pendiente de implementar,parcial,"margin_stabilization (media): Margen gross 36.7% vs 30.8% (+5.9 pp) | eps_stabilization (media): EPS 57.82 vs 13.89 (Diluted EPS) | dividend_maintained (baja): Dividendo actual 0.94% con caída del 22.3% | analyst_upgrade (media): Target 4865.91 vs precio 3710.00 (+31%), recMean 1.35, recKey strong_buy",razonable,seguimiento,3419.44,3697.04,3419.44 - 3697.04,3580.99,4059.6,3580.99 - 4059.60,Pérdida del soporte en 3419.44 | ROE negativo durante 2 trimestres consecutivos | Ampliación de capital dilutiva | Recorte de rating a bono basura,6-12,"SONY GROUP CORPORATION está un 22.3% por debajo de su máximo 52s. Fundamentalmente sólida con ROE 13.2%, deuda neta/EBITDA -0.1x. Técnicamente 🟡 MACD convergiendo, 🟢 base_pattern_detected. Clasificación: seguimiento.","SONY GROUP CORPORATION está un 22.3% por debajo de su máximo 52s. Fundamentalmente sólida con ROE 13.2%, deuda neta/EBITDA -0.1x. Técnicamente 🟡 MACD convergiendo, 🟢 base_pattern_detected. Clasificación: seguimiento.",🟡 MACD convergiendo | 🟢 base_pattern_detected | 🟡 trendline_break,0.94,11,20,False,13.4,0.21,16785966.0,-299421007872.0,-0.14,12.0,gross,32.2,32.1,0.2,13.2,21686185.0,19.9,2.6,10.4,22.3,22.0,3.6,48.1,False,True,63.7165,False,34.4,25.4,False,3525.53,5.2,True,True,35,18,1.08,3419.44,True
67,0066.HK,MTR CORPORATION,ASIA,Industrials,Railroads,Hong Kong,HKD,32.62,1.0,script-v2.0,1.0,2026-09-25T13:00:07.546519+02:00,64.7,70.3,90,53,0,1,48,seguimiento,seguimiento,Sin señales de recuperación,True,pass,pendiente,0,desconocido,Pendiente de implementar,ausente,dividend_maintained (baja): Dividendo actual 4.02% con caída del 13.9%,razonable,seguimiento,31.21,32.56,31.21 - 32.56,31.91,32.2,31.91 - 32.20,Pérdida del soporte en 31.21 | ROE negativo durante 2 trimestres consecutivos | Ampliación de capital dilutiva | Recorte de rating a bono basura,6-12,"MTR CORPORATION está un 13.9% por debajo de su máximo 52s. Fundamentalmente sólida con ROE 11.1%, deuda neta/EBITDA 3.1x. Técnicamente 🟢 Cerca de soporte, 🟡 Apoyo en MA40 semanal. Clasificación: seguimiento.","MTR CORPORATION está un 13.9% por debajo de su máximo 52s. Fundamentalmente sólida con ROE 11.1%, deuda neta/EBITDA 3.1x. Técnicamente 🟢 Cerca de soporte, 🟡 Apoyo en MA40 semanal. Clasificación: seguimiento.",🟢 Cerca de soporte | 🟡 Apoyo en MA40 semanal | 🟢 base_pattern_detected | 🟡 trendline_break,4.02,11,20,False,35.7,0.75,5296768.0,109202997248.0,3.1,120.2,,35.9,,,11.1,202338.0,8.9,0.99,8.88,13.9,10.3,2.2,49.2,False,False,0.4462,False,33.8,33.3,False,32.13,1.5,True,True,25,23,0.74,31.21,True
68,ORG.AX,ORIGIN ENE FPO [ORG],ASX,Utilities,Utilities - Diversified,Australia,AUD,10.84,1.0,script-v2.0,1.0,2026-09-25T12:59:43.792082+02:00,64.4,70.5,94,50,0,4,46,seguimiento,seguimiento,Sin señales de recuperación,True,pass,pendiente,0,desconocido,Pendiente de implementar,ausente,eps_stabilization (media): EPS 0.91 vs 0.86 (annual_eps_fallback) | dividend_maintained (baja): Dividendo actual 5.54% con caída del 16.6%,razonable,seguimiento,10.2,10.84,10.20 - 10.84,11.04,11.1,11.04 - 11.10,Pérdida del soporte en 10.20 | ROE negativo durante 2 trimestres consecutivos | Ampliación de capital dilutiva | Recorte de rating a bono basura,6-12,"ORIGIN ENE FPO [ORG] está un 16.6% por debajo de su máximo 52s. Fundamentalmente sólida con ROE 15.7%, deuda neta/EBITDA 2.4x. Técnicamente 🟡 Apoyo en MA40 semanal, 🟢 base_pattern_detected. Clasificación: seguimiento.","ORIGIN ENE FPO [ORG] está un 16.6% por debajo de su máximo 52s. Fundamentalmente sólida con ROE 15.7%, deuda neta/EBITDA 2.4x. Técnicamente 🟡 Apoyo en MA40 semanal, 🟢 base_pattern_detected. Clasificación: seguimiento.",🟡 Apoyo en MA40 semanal | 🟢 base_pattern_detected,5.54,9,8,False,65.8,0.49,4367978.0,4140000128.0,2.41,3.4,,22.4,,,15.7,18675.0,11.9,1.84,13.44,16.6,13.4,-2.3,36.6,False,False,0.0492,False,0.0,4.0,False,11.14,-2.7,True,False,29,17,0.95,10.2,True
69,IBM,International Business Machines,SP500,Technology,Information Technology Services,United States,USD,227.06,1.0,script-v2.0,1.0,2026-09-25T12:59:03.567050+02:00,64.1,64.1,94,38,0,12,64,entrada_escalada,entrada_escalada,,True,pass,pendiente,0,desconocido,Pendiente de implementar,confirmada,margin_stabilization (media): Margen gross 57.7% vs 56.2% (+1.5 pp) | eps_stabilization (media): EPS 2.27 vs 1.28 (Diluted EPS) | debt_reduction (alta): Deuda 65272.0M vs 69802.0M | dividend_maintained (baja): Dividendo actual 2.98% con caída del 31.7%,razonable,entrada_escalada,223.08,227.06,223.08 - 227.06,255.55,282.59,255.55 - 282.59,Pérdida del soporte en 223.08 | ROE negativo durante 2 trimestres consecutivos | Ampliación de capital dilutiva | Recorte de rating a bono basura,12-18,"International Business Machines está un 31.7% por debajo de su máximo 52s. Fundamentalmente sólida con ROE 34.5%, deuda neta/EBITDA 3.5x. Técnicamente 🟢 Divergencia alcista RSI, 🟢 Cerca de soporte. Clasificación: entrada_escalada.","International Business Machines está un 31.7% por debajo de su máximo 52s. Fundamentalmente sólida con ROE 34.5%, deuda neta/EBITDA 3.5x. Técnicamente 🟢 Divergencia alcista RSI, 🟢 Cerca de soporte. Clasificación: entrada_escalada.",🟢 Divergencia alcista RSI | 🟢 Cerca de soporte | 🟢 base_pattern_detected,2.98,11,20,False,59.8,1.89,8430260.0,57140000768.0,3.47,-6.5,gross,58.1,58.0,0.1,34.5,213921.0,20.2,6.21,16.46,31.7,31.2,-11.1,42.6,False,False,-7.2999,False,4.1,12.7,False,252.96,-10.2,True,False,52,12,1.01,223.08,False
70,005930.KS,SamsungElec,ASIA,Technology,Consumer Electronics,South Korea,KRW,285500.0,1.0,script-v2.0,1.0,2026-09-25T13:00:12.475733+02:00,63.7,66.3,78,56,0,15,56,entrada_escalada,entrada_escalada,,True,pass,pendiente,0,desconocido,Pendiente de implementar,confirmada,"margin_stabilization (media): Margen gross 69.6% vs 61.2% (+8.4 pp) | eps_stabilization (media): EPS 10733.00 vs 7056.00 (Diluted EPS) | debt_reduction (alta): Deuda 22408721.3M vs 28138794.0M | dividend_maintained (baja): Dividendo actual 0.52% con caída del 23.8% | analyst_upgrade (media): Target 478627.88 vs precio 285500.00 (+68%), recMean 1.36, recKey strong_buy",razonable,entrada_escalada,255380.0,261711.38,255380.00 - 261711.38,222131.75,318325.0,222131.75 - 318325.00,Pérdida del soporte en 261711.38 | ROE negativo durante 2 trimestres consecutivos | Ampliación de capital dilutiva | Recorte de rating a bono basura,6-12,"SamsungElec está un 23.8% por debajo de su máximo 52s. Fundamentalmente sólida con ROE 30.8%, deuda neta/EBITDA -0.7x. Técnicamente 🟢 Divergencia alcista RSI, 🟢 Cruce alcista MACD. Clasificación: entrada_escalada.","SamsungElec está un 23.8% por debajo de su máximo 52s. Fundamentalmente sólida con ROE 30.8%, deuda neta/EBITDA -0.7x. Técnicamente 🟢 Divergencia alcista RSI, 🟢 Cruce alcista MACD. Clasificación: entrada_escalada.",🟢 Divergencia alcista RSI | 🟢 Cruce alcista MACD | 🟢 base_pattern_detected,0.52,11,20,False,7.5,3.87,25316709.0,-167590313852928.0,-0.74,-20.4,gross,57.5,54.2,3.3,30.8,1874753896.0,4.0,,7.58,23.8,23.7,28.5,61.9,True,False,14156.307,False,100.0,89.6,False,233510.42,22.3,True,False,44,12,1.22,261711.38,False
71,AVGO,Broadcom Inc.,SP500,Technology,Semiconductors,United States,USD,350.36,1.0,script-v2.0,1.0,2026-09-25T12:59:29.419329+02:00,63.5,61.6,100,28,0,15,69,entrada_escalada,entrada_escalada,,False,pass,pendiente,0,desconocido,Pendiente de implementar,confirmada,"margin_stabilization (media): Margen gross 69.1% vs 69.5% (-0.3 pp) | eps_stabilization (media): EPS 2.68 vs 1.91 (Diluted EPS) | debt_reduction (alta): Deuda 59419.0M vs 64907.0M | dividend_maintained (baja): Dividendo actual 0.74% con caída del 29.2% | analyst_upgrade (media): Target 531.85 vs precio 350.36 (+52%), recMean 1.26, recKey strong_buy",razonable,entrada_escalada,332.84,350.36,332.84 - 350.36,367.27,420.75,367.27 - 420.75,Pérdida del soporte en 332.84 | ROE negativo durante 2 trimestres consecutivos | Ampliación de capital dilutiva | Recorte de rating a bono basura,12-18,"Broadcom Inc. está un 29.2% por debajo de su máximo 52s. Fundamentalmente sólida con ROE 44.2%, deuda neta/EBITDA 0.7x. Técnicamente 🟢 Cruce alcista MACD, 🟡 Apoyo en MA40 semanal. Clasificación: entrada_escalada.","Broadcom Inc. está un 29.2% por debajo de su máximo 52s. Fundamentalmente sólida con ROE 44.2%, deuda neta/EBITDA 0.7x. Técnicamente 🟢 Cruce alcista MACD, 🟡 Apoyo en MA40 semanal. Clasificación: entrada_escalada.",🟢 Cruce alcista MACD | 🟡 Apoyo en MA40 semanal | 🟢 base_pattern_detected,0.74,11,17,False,32.4,0.6,23068312.0,35444000768.0,0.68,-8.5,gross,75.5,68.7,6.8,44.2,1672489.0,44.6,16.78,32.68,29.2,29.0,-4.6,42.3,True,False,-1.3368,False,41.2,58.2,False,366.43,-4.4,True,False,52,17,0.78,,False
72,ABT,Abbott Laboratories,SP500,Healthcare,Medical Devices,United States,USD,101.07,1.0,script-v2.0,1.0,2026-09-25T12:58:41.291994+02:00,63.0,61.0,85,40,0,1,69,seguimiento,seguimiento,Sin señales de recuperación,True,pass,pendiente,0,desconocido,Pendiente de implementar,ausente,dividend_maintained (baja): Dividendo actual 2.49% con caída del 25.4%,razonable,seguimiento,100.9,101.07,100.90 - 101.07,103.91,115.13,103.91 - 115.13,Pérdida del soporte en 100.90 | ROE negativo durante 2 trimestres consecutivos | Ampliación de capital dilutiva | Recorte de rating a bono basura,12-18,"Abbott Laboratories está un 25.4% por debajo de su máximo 52s. Fundamentalmente sólida con ROE 10.6%, deuda neta/EBITDA 2.3x. Técnicamente 🟡 MACD convergiendo, 🟢 Cerca de soporte. Clasificación: seguimiento.","Abbott Laboratories está un 25.4% por debajo de su máximo 52s. Fundamentalmente sólida con ROE 10.6%, deuda neta/EBITDA 2.3x. Técnicamente 🟡 MACD convergiendo, 🟢 Cerca de soporte. Clasificación: seguimiento.",🟡 MACD convergiendo | 🟢 Cerca de soporte | 🟡 Apoyo en MA40 semanal | 🟢 base_pattern_detected,2.49,11,20,False,79.0,0.63,10150026.0,27116999168.0,2.32,136.1,gross,56.8,56.3,0.6,10.6,176045.0,33.5,3.42,17.35,25.4,26.1,-2.7,35.3,False,True,0.7521,False,6.3,17.5,False,102.59,-1.5,True,False,52,17,0.89,100.9,True
73,GD,General Dynamics Corporation,SP500,Industrials,Aerospace & Defense,United States,USD,336.29,1.0,script-v2.0,1.0,2026-09-25T12:59:08.210165+02:00,62.8,63.7,100,32,0,15,60,entrada_escalada,entrada_escalada,,True,pass,pendiente,0,desconocido,Pendiente de implementar,confirmada,"margin_stabilization (media): Margen gross 15.5% vs 15.9% (-0.4 pp) | eps_stabilization (media): EPS 4.24 vs 4.10 (Diluted EPS) | debt_reduction (alta): Deuda 9479.0M vs 9832.0M | dividend_maintained (baja): Dividendo actual 1.89% con caída del 15.9% | analyst_upgrade (media): Target 421.64 vs precio 336.29 (+25%), recMean 2.08, recKey buy",razonable,entrada_escalada,335.35,336.29,335.35 - 336.29,340.0,353.39,340.00 - 353.39,Pérdida del soporte en 335.35 | ROE negativo durante 2 trimestres consecutivos | Ampliación de capital dilutiva | Recorte de rating a bono basura,6-12,"General Dynamics Corporation está un 15.9% por debajo de su máximo 52s. Fundamentalmente sólida con ROE 17.8%, deuda neta/EBITDA 0.8x. Técnicamente 🔵 RSI en sobreventa, 🟢 Cerca de soporte. Clasificación: entrada_escalada.","General Dynamics Corporation está un 15.9% por debajo de su máximo 52s. Fundamentalmente sólida con ROE 17.8%, deuda neta/EBITDA 0.8x. Técnicamente 🔵 RSI en sobreventa, 🟢 Cerca de soporte. Clasificación: entrada_escalada.",🔵 RSI en sobreventa | 🟢 Cerca de soporte | 🟡 Apoyo en MA40 semanal,1.89,11,20,False,37.7,0.35,1098423.0,5145999872.0,0.78,-3.6,gross,15.4,15.4,-0.0,17.8,90986.0,20.5,3.39,14.47,15.9,15.9,-4.8,22.7,False,False,3.5537,False,0.3,5.8,False,354.31,-5.1,False,False,55,5,1.02,335.35,False
74,GPT.AX,GPT STAPLED [GPT],ASX,Real Estate,REIT - Diversified,Australia,AUD,4.41,1.0,script-v2.0,1.0,2026-09-25T12:59:44.873117+02:00,62.6,66.8,78,57,0,7,50,seguimiento,seguimiento,,True,pass,pendiente,0,desconocido,Pendiente de implementar,parcial,"eps_stabilization (media): EPS 0.51 vs -0.10 (annual_eps_fallback) | dividend_maintained (baja): Dividendo actual 5.44% con caída del 23.3% | analyst_upgrade (media): Target 5.43 vs precio 4.41 (+23%), recMean 2.50, recKey buy",razonable,seguimiento,4.19,4.41,4.19 - 4.41,4.84,4.89,4.84 - 4.89,Pérdida del soporte en 4.19 | ROE negativo durante 2 trimestres consecutivos | Ampliación de capital dilutiva | Recorte de rating a bono basura,6-12,"GPT STAPLED [GPT] está un 23.3% por debajo de su máximo 52s. Fundamentalmente sólida con ROE 10.0%, deuda neta/EBITDA 9.1x. Técnicamente 🟢 Divergencia alcista RSI, 🟡 Apoyo en MA40 semanal. Clasificación: seguimiento.","GPT STAPLED [GPT] está un 23.3% por debajo de su máximo 52s. Fundamentalmente sólida con ROE 10.0%, deuda neta/EBITDA 9.1x. Técnicamente 🟢 Divergencia alcista RSI, 🟡 Apoyo en MA40 semanal. Clasificación: seguimiento.",🟢 Divergencia alcista RSI | 🟡 Apoyo en MA40 semanal,5.44,11,20,False,44.2,0.53,6091424.0,5582400032.0,9.11,17.2,,62.1,,,10.0,8448.0,8.0,0.78,22.99,23.3,19.7,-8.8,35.3,False,False,-0.0827,False,13.7,35.9,False,4.82,-8.5,False,False,45,5,0.71,,False
75,SO,Southern Company (The),SP500,Utilities,Utilities - Regulated Electric,United States,USD,82.89,1.0,script-v2.0,1.0,2026-09-25T12:59:13.942147+02:00,62.4,63.8,75,54,0,7,58,seguimiento,seguimiento,,True,pass,pendiente,0,desconocido,Pendiente de implementar,parcial,"margin_stabilization (media): Margen gross 51.3% vs 46.5% (+4.8 pp) | dividend_maintained (baja): Dividendo actual 3.67% con caída del 17.8% | analyst_upgrade (media): Target 99.76 vs precio 82.89 (+20%), recMean 2.61, recKey hold",razonable,seguimiento,78.75,82.89,78.75 - 82.89,85.71,90.99,85.71 - 90.99,Pérdida del soporte en 78.75 | ROE negativo durante 2 trimestres consecutivos | Ampliación de capital dilutiva | Recorte de rating a bono basura,6-12,"Southern Company (The) está un 17.8% por debajo de su máximo 52s. Fundamentalmente sólida con ROE 11.5%, deuda neta/EBITDA 5.2x. Técnicamente 🔵 RSI en sobreventa, 🟡 Apoyo en MA40 semanal. Clasificación: seguimiento.","Southern Company (The) está un 17.8% por debajo de su máximo 52s. Fundamentalmente sólida con ROE 11.5%, deuda neta/EBITDA 5.2x. Técnicamente 🔵 RSI en sobreventa, 🟡 Apoyo en MA40 semanal. Clasificación: seguimiento.",🔵 RSI en sobreventa | 🟡 Apoyo en MA40 semanal | 🟢 base_pattern_detected,3.67,11,20,False,71.8,1.82,5542641.0,74102998528.0,5.2,1.4,gross,48.3,48.2,0.1,11.5,95354.0,20.1,2.41,12.08,17.8,15.8,-8.9,22.3,False,False,-1.6167,False,0.8,3.9,False,91.37,-9.3,True,False,41,17,0.98,,False
76,T,AT&T Inc.,SP500,Communication Services,Telecom Services,United States,USD,25.45,1.0,script-v2.0,1.0,2026-09-25T12:58:42.090844+02:00,62.2,62.3,89,39,0,7,62,seguimiento,seguimiento,,True,pass,pendiente,0,desconocido,Pendiente de implementar,parcial,margin_stabilization (media): Margen gross 61.8% vs 60.1% (+1.7 pp) | eps_stabilization (media): EPS 0.66 vs 0.54 (Diluted EPS) | dividend_maintained (baja): Dividendo actual 4.36% con caída del 13.6%,razonable,seguimiento,24.69,24.8,24.69 - 24.80,24.76,25.02,24.76 - 25.02,Pérdida del soporte en 24.80 | ROE negativo durante 2 trimestres consecutivos | Ampliación de capital dilutiva | Recorte de rating a bono basura,6-12,"AT&T Inc. está un 13.6% por debajo de su máximo 52s. Fundamentalmente sólida con ROE 18.3%, deuda neta/EBITDA 3.3x. Técnicamente 🟡 MACD convergiendo, 🟢 Cerca de soporte. Clasificación: seguimiento.","AT&T Inc. está un 13.6% por debajo de su máximo 52s. Fundamentalmente sólida con ROE 18.3%, deuda neta/EBITDA 3.3x. Técnicamente 🟡 MACD convergiendo, 🟢 Cerca de soporte. Clasificación: seguimiento.",🟡 MACD convergiendo | 🟢 Cerca de soporte | 🟡 Apoyo en MA40 semanal | 🟢 base_pattern_detected | 🟡 trendline_break,4.36,11,20,False,36.6,1.29,57491539.0,148185993216.0,3.3,5.4,gross,59.7,59.8,-0.1,18.3,174393.0,8.4,1.59,7.58,13.6,11.5,2.8,51.3,False,True,0.1978,False,30.5,22.7,False,24.88,2.3,True,True,39,23,0.98,24.8,True
77,9021.T,WEST JAPAN RAILWAY CO,ASIA,Industrials,Railroads,Japan,JPY,3037.0,1.0,script-v2.0,1.0,2026-09-25T13:00:00.408880+02:00,62.1,68.1,82,56,0,1,44,seguimiento,seguimiento,Sin señales de recuperación,True,pass,pendiente,0,desconocido,Pendiente de implementar,ausente,dividend_maintained (baja): Dividendo actual 3.21% con caída del 13.9%,incompleto,seguimiento,2779.72,2984.12,2779.72 - 2984.12,2985.23,2998.8,2985.23 - 2998.80,Pérdida del soporte en 2779.72 | ROE negativo durante 2 trimestres consecutivos | Ampliación de capital dilutiva | Recorte de rating a bono basura,6-12,"WEST JAPAN RAILWAY CO está un 13.9% por debajo de su máximo 52s. Fundamentalmente sólida con ROE 9.3%, deuda neta/EBITDA 3.7x. Técnicamente 🟡 Apoyo en MA40 semanal, 🟢 base_pattern_detected. Clasificación: seguimiento.","WEST JAPAN RAILWAY CO está un 13.9% por debajo de su máximo 52s. Fundamentalmente sólida con ROE 9.3%, deuda neta/EBITDA 3.7x. Técnicamente 🟡 Apoyo en MA40 semanal, 🟢 base_pattern_detected. Clasificación: seguimiento.",🟡 Apoyo en MA40 semanal | 🟢 base_pattern_detected | 🟡 trendline_break,3.21,11,20,False,35.1,1.15,2547970.0,1360837033984.0,3.67,6.6,,24.8,,,9.3,1382089.0,11.0,1.13,7.71,13.9,12.5,1.7,54.9,False,False,16.3804,False,50.4,42.2,False,2985.32,1.7,True,True,21,23,1.08,2779.72,True
78,0388.HK,HKEX,ASIA,Financial Services,Financial Data & Stock Exchanges,Hong Kong,HKD,388.4,1.0,script-v2.0,1.0,2026-09-25T13:00:09.447437+02:00,61.7,64.0,96,36,0,10,55,seguimiento,seguimiento,,True,pass,pendiente,0,desconocido,Pendiente de implementar,parcial,"margin_stabilization (media): Margen gross 85.3% vs 80.1% (+5.2 pp) | eps_stabilization (media): EPS 4.09 vs 3.22 (Diluted EPS) | dividend_maintained (baja): Dividendo actual 3.83% con caída del 15.6% | analyst_upgrade (media): Target 511.94 vs precio 388.40 (+32%), recMean 1.44, recKey strong_buy",razonable,seguimiento,388.31,388.4,388.31 - 388.40,391.17,397.29,391.17 - 397.29,Pérdida del soporte en 388.31 | ROE negativo durante 2 trimestres consecutivos | Ampliación de capital dilutiva | Recorte de rating a bono basura,6-12,"HKEX está un 15.6% por debajo de su máximo 52s. Fundamentalmente sólida con ROE 33.6%, deuda neta/EBITDA -6.9x. Técnicamente 🟢 Cerca de soporte, 🟡 Apoyo en MA40 semanal. Clasificación: seguimiento.","HKEX está un 15.6% por debajo de su máximo 52s. Fundamentalmente sólida con ROE 33.6%, deuda neta/EBITDA -6.9x. Técnicamente 🟢 Cerca de soporte, 🟡 Apoyo en MA40 semanal. Clasificación: seguimiento.",🟢 Cerca de soporte | 🟡 Apoyo en MA40 semanal | 🟢 base_pattern_detected,3.83,11,20,False,80.1,1.55,3645218.0,-166704000896.0,-6.9,8.0,gross,96.6,81.3,15.4,33.6,490937.0,24.9,8.09,13.7,15.6,12.7,-2.2,39.8,False,False,0.497,False,21.9,33.0,False,396.56,-2.1,True,False,38,17,0.69,388.31,True
79,SHEL.L,SHELL PLC ORD EUR0.07,EUROSTOXX,Energy,Oil & Gas Integrated,United Kingdom,GBp,3612.0,1.0,script-v2.0,1.0,2026-09-25T12:58:26.189933+02:00,61.3,62.8,98,32,0,12,57,entrada_escalada,entrada_escalada,,True,pass,pendiente,0,desconocido,Pendiente de implementar,confirmada,margin_stabilization (media): Margen gross 19.5% vs 19.3% (+0.2 pp) | eps_stabilization (media): EPS 1.92 vs 1.00 (Diluted EPS) | debt_reduction (alta): Deuda 73076.0M vs 75644.0M | dividend_maintained (baja): Dividendo actual 0.03% con caída del 3.9%,razonable,entrada_escalada,3404.66,3445.0,3404.66 - 3445.00,3142.1,3194.72,3142.10 - 3194.72,Pérdida del soporte en 3445.00 | ROE negativo durante 2 trimestres consecutivos | Ampliación de capital dilutiva | Recorte de rating a bono basura,6-12,"SHELL PLC ORD EUR0.07 está un 3.9% por debajo de su máximo 52s. Fundamentalmente sólida con ROE 14.3%, deuda neta/EBITDA 0.7x. Técnicamente 🟢 Cruce alcista MACD, 🟢 Cerca de soporte. Clasificación: entrada_escalada.","SHELL PLC ORD EUR0.07 está un 3.9% por debajo de su máximo 52s. Fundamentalmente sólida con ROE 14.3%, deuda neta/EBITDA 0.7x. Técnicamente 🟢 Cruce alcista MACD, 🟢 Cerca de soporte. Clasificación: entrada_escalada.",🟢 Cruce alcista MACD | 🟢 Cerca de soporte | 🟢 base_pattern_detected | 🟡 trendline_break,0.03,11,20,False,32.8,0.4,9549166.0,41701998592.0,0.72,-3.4,gross,26.1,16.8,9.3,14.3,206075.0,10.7,1.52,4.26,3.9,3.9,15.0,62.4,True,False,125.5515,False,76.4,78.3,False,3161.38,14.3,True,True,39,18,0.76,3445.0,True
80,MUV2.DE,MUENCHENER RUECKVERS.-GES. AG N,EUROSTOXX,Financial Services,Insurance - Reinsurance,Germany,EUR,512.0,1.0,script-v2.0,1.0,2026-09-25T12:57:41.985117+02:00,61.1,63.8,99,33,0,7,53,seguimiento,seguimiento,,True,pass,pendiente,0,desconocido,Pendiente de implementar,parcial,margin_stabilization (media): Margen operating 15.6% vs 13.7% (+1.9 pp) | eps_stabilization (media): EPS 17.50 vs 13.41 (Diluted EPS) | dividend_maintained (baja): Dividendo actual 4.69% con caída del 11.0%,razonable,seguimiento,502.59,512.0,502.59 - 512.00,489.26,504.2,489.26 - 504.20,Pérdida del soporte en 502.59 | ROE negativo durante 2 trimestres consecutivos | Ampliación de capital dilutiva | Recorte de rating a bono basura,6-12,"MUENCHENER RUECKVERS.-GES. AG N está un 11.0% por debajo de su máximo 52s. Fundamentalmente sólida con ROE 21.3%, D/E 0.24. Técnicamente 🟢 Cruce alcista MACD, 🟢 Cerca de soporte. Clasificación: seguimiento.","MUENCHENER RUECKVERS.-GES. AG N está un 11.0% por debajo de su máximo 52s. Fundamentalmente sólida con ROE 21.3%, D/E 0.24. Técnicamente 🟢 Cruce alcista MACD, 🟢 Cerca de soporte. Clasificación: seguimiento.",🟢 Cruce alcista MACD | 🟢 Cerca de soporte | 🟡 Apoyo en MA40 semanal,4.69,11,20,False,44.6,0.24,273516.0,2403000320.0,,9.4,operating,17.3,14.9,2.4,21.3,64417.0,9.3,1.92,,11.0,12.3,1.5,51.3,True,False,3.3475,False,81.5,57.6,False,503.51,1.7,False,False,48,5,0.57,502.59,True
81,BA.L,BAE SYSTEMS PLC ORD 2.5P,EUROSTOXX,Industrials,Aerospace & Defense,United Kingdom,GBp,1962.5,1.0,script-v2.0,1.0,2026-09-25T12:58:34.290851+02:00,61.0,60.7,97,29,0,4,62,seguimiento,seguimiento,Sin señales de recuperación,False,pass,pendiente,0,desconocido,Pendiente de implementar,ausente,eps_stabilization (media): EPS 0.68 vs 0.64 (annual_eps_fallback) | dividend_maintained (baja): Dividendo actual 0.02% con caída del 16.8%,razonable,seguimiento,1875.25,1962.5,1875.25 - 1962.50,2006.0,2012.93,2006.00 - 2012.93,Pérdida del soporte en 1875.25 | ROE negativo durante 2 trimestres consecutivos | Ampliación de capital dilutiva | Recorte de rating a bono basura,6-12,"BAE SYSTEMS PLC ORD 2.5P está un 16.8% por debajo de su máximo 52s. Fundamentalmente sólida con ROE 18.6%, deuda neta/EBITDA 1.3x. Técnicamente 🟢 Cerca de soporte, 🟡 Apoyo en MA40 semanal. Clasificación: seguimiento.","BAE SYSTEMS PLC ORD 2.5P está un 16.8% por debajo de su máximo 52s. Fundamentalmente sólida con ROE 18.6%, deuda neta/EBITDA 1.3x. Técnicamente 🟢 Cerca de soporte, 🟡 Apoyo en MA40 semanal. Clasificación: seguimiento.",🟢 Cerca de soporte | 🟡 Apoyo en MA40 semanal | 🟢 base_pattern_detected,0.02,11,20,False,52.0,0.73,6082398.0,4953000448.0,1.32,1.1,,13.3,,,18.6,57447.0,28.0,4.75,17.26,16.8,16.8,-2.5,42.9,False,False,5.3953,False,47.0,61.9,False,2023.11,-3.0,True,False,45,17,0.59,1875.25,True
82,0006.HK,POWER ASSETS,ASIA,Utilities,Utilities - Independent Power Producers,Hong Kong,HKD,59.15,1.0,script-v2.0,1.0,2026-09-25T13:00:05.566348+02:00,60.7,64.9,98,36,0,9,48,seguimiento,seguimiento,,True,pass,pendiente,0,desconocido,Pendiente de implementar,parcial,eps_stabilization (media): EPS 2.93 vs 2.82 (annual_eps_fallback) | debt_reduction (alta): Deuda 2770.0M vs 3320.0M | dividend_maintained (baja): Dividendo actual 4.77% con caída del 11.8%,razonable,seguimiento,57.74,59.13,57.74 - 59.13,56.99,57.96,56.99 - 57.96,Pérdida del soporte en 57.74 | ROE negativo durante 2 trimestres consecutivos | Ampliación de capital dilutiva | Recorte de rating a bono basura,6-12,"POWER ASSETS está un 11.8% por debajo de su máximo 52s. Fundamentalmente sólida con ROE 18.6%, deuda neta/EBITDA -111.1x. Técnicamente 🟢 Cerca de soporte, 🟡 Apoyo en MA40 semanal. Clasificación: seguimiento.","POWER ASSETS está un 11.8% por debajo de su máximo 52s. Fundamentalmente sólida con ROE 18.6%, deuda neta/EBITDA -111.1x. Técnicamente 🟢 Cerca de soporte, 🟡 Apoyo en MA40 semanal. Clasificación: seguimiento.",🟢 Cerca de soporte | 🟡 Apoyo en MA40 semanal | 🟢 base_pattern_detected | 🟡 trendline_break,4.77,11,20,False,33.6,2.69,2810750.0,-42506999808.0,-111.13,-16.6,,100.0,,,18.6,126055.0,7.0,1.22,223.16,11.8,7.7,2.1,45.2,False,False,0.7397,False,5.9,25.5,False,58.63,0.9,True,True,25,23,0.66,57.74,True
83,KMB,Kimberly-Clark Corporation,SP500,Consumer Defensive,Household & Personal Products,United States,USD,97.22,1.0,script-v2.0,1.0,2026-09-25T12:59:21.386839+02:00,60.5,60.6,75,48,0,9,60,seguimiento,seguimiento,,True,pass,pendiente,0,desconocido,Pendiente de implementar,parcial,margin_stabilization (media): Margen gross 38.3% vs 36.8% (+1.4 pp) | debt_reduction (alta): Deuda 6539.0M vs 7084.0M | dividend_maintained (baja): Dividendo actual 5.27% con caída del 22.4%,razonable,seguimiento,92.31,97.22,92.31 - 97.22,100.46,106.52,100.46 - 106.52,Pérdida del soporte en 92.31 | ROE negativo durante 2 trimestres consecutivos | Ampliación de capital dilutiva | Recorte de rating a bono basura,6-12,"Kimberly-Clark Corporation está un 22.4% por debajo de su máximo 52s. Fundamentalmente sólida con ROE 104.9%, deuda neta/EBITDA 1.6x. Técnicamente 🔵 RSI en sobreventa, 🟡 MACD convergiendo. Clasificación: seguimiento.","Kimberly-Clark Corporation está un 22.4% por debajo de su máximo 52s. Fundamentalmente sólida con ROE 104.9%, deuda neta/EBITDA 1.6x. Técnicamente 🔵 RSI en sobreventa, 🟡 MACD convergiendo. Clasificación: seguimiento.",🔵 RSI en sobreventa | 🟡 MACD convergiendo | 🟡 Apoyo en MA40 semanal,5.27,11,20,False,100.4,3.49,4079465.0,5582999808.0,1.6,-7.7,gross,37.6,36.7,0.9,104.9,32271.0,19.2,18.48,10.93,22.4,30.8,-3.2,29.4,False,True,-0.2007,False,3.4,6.2,False,100.81,-3.6,False,False,55,5,0.74,92.31,False
84,WY,Weyerhaeuser Company,SP500,Real Estate,REIT - Specialty,United States,USD,20.14,1.0,script-v2.0,1.0,2026-09-25T12:59:26.811442+02:00,60.0,61.0,69,54,0,12,57,entrada_escalada,entrada_escalada,,True,pass,pendiente,0,desconocido,Pendiente de implementar,confirmada,"eps_stabilization (media): EPS 0.23 vs 0.22 (Diluted EPS) | debt_reduction (alta): Deuda 5449.0M vs 5449.0M | dividend_maintained (baja): Dividendo actual 4.17% con caída del 27.4% | analyst_upgrade (media): Target 31.00 vs precio 20.14 (+54%), recKey none",razonable,entrada_escalada,19.13,20.14,19.13 - 20.14,23.59,23.86,23.59 - 23.86,Pérdida del soporte en 19.13 | ROE negativo durante 2 trimestres consecutivos | Ampliación de capital dilutiva | Recorte de rating a bono basura,12-18,"Weyerhaeuser Company está un 27.4% por debajo de su máximo 52s. Fundamentalmente sólida con ROE 5.0%, deuda neta/EBITDA 7.2x. Técnicamente 🔵 RSI en sobreventa, 🟢 base_pattern_detected. Clasificación: entrada_escalada.","Weyerhaeuser Company está un 27.4% por debajo de su máximo 52s. Fundamentalmente sólida con ROE 5.0%, deuda neta/EBITDA 7.2x. Técnicamente 🔵 RSI en sobreventa, 🟢 base_pattern_detected. Clasificación: entrada_escalada.",🔵 RSI en sobreventa | 🟢 base_pattern_detected,4.17,11,20,True,127.3,0.58,5640793.0,4921999936.0,7.15,-0.0,gross,14.5,14.4,0.2,5.0,14516.0,32.0,1.53,28.25,27.4,36.8,-15.6,20.8,False,False,-0.5868,False,0.3,3.3,False,23.92,-15.8,True,False,45,12,1.23,,False
85,HEN3.DE,Henkel AG & Co. KGaA          I,EUROSTOXX,Consumer Defensive,Household & Personal Products,Germany,EUR,74.18,1.0,script-v2.0,1.0,2026-09-25T12:57:41.579966+02:00,59.5,63.3,90,40,0,1,48,seguimiento,seguimiento,Sin señales de recuperación,True,pass,pendiente,0,desconocido,Pendiente de implementar,ausente,dividend_maintained (baja): Dividendo actual 2.79% con caída del 11.9%,razonable,seguimiento,73.61,74.18,73.61 - 74.18,70.89,71.57,70.89 - 71.57,Pérdida del soporte en 73.61 | ROE negativo durante 2 trimestres consecutivos | Ampliación de capital dilutiva | Recorte de rating a bono basura,6-12,"Henkel AG & Co. KGaA          I está un 11.9% por debajo de su máximo 52s. Fundamentalmente sólida con ROE 9.4%, deuda neta/EBITDA 0.7x. Técnicamente 🟢 Cruce alcista MACD, 🟢 Cerca de soporte. Clasificación: seguimiento.","Henkel AG & Co. KGaA          I está un 11.9% por debajo de su máximo 52s. Fundamentalmente sólida con ROE 9.4%, deuda neta/EBITDA 0.7x. Técnicamente 🟢 Cruce alcista MACD, 🟢 Cerca de soporte. Clasificación: seguimiento.",🟢 Cruce alcista MACD | 🟢 Cerca de soporte,2.79,11,20,False,44.0,0.32,362705.0,2354999808.0,0.72,82.7,,51.3,,,9.4,30032.0,15.8,1.43,9.99,11.9,10.7,4.6,47.7,True,False,1.5301,False,45.3,45.4,False,70.98,4.5,False,False,48,0,0.6,73.61,False
86,VZ,Verizon Communications Inc.,SP500,Communication Services,Telecom Services,United States,USD,47.32,1.0,script-v2.0,1.0,2026-09-25T12:58:43.542032+02:00,58.4,60.2,89,35,0,9,53,seguimiento,seguimiento,,True,pass,pendiente,0,desconocido,Pendiente de implementar,parcial,margin_stabilization (media): Margen gross 61.8% vs 60.3% (+1.5 pp) | debt_reduction (alta): Deuda 193646.0M vs 195872.0M | dividend_maintained (baja): Dividendo actual 5.98% con caída del 8.4%,razonable,seguimiento,44.31,47.32,44.31 - 47.32,43.93,45.33,43.93 - 45.33,Pérdida del soporte en 44.31 | ROE negativo durante 2 trimestres consecutivos | Ampliación de capital dilutiva | Recorte de rating a bono basura,6-12,"Verizon Communications Inc. está un 8.4% por debajo de su máximo 52s. Fundamentalmente sólida con ROE 15.8%, deuda neta/EBITDA 3.8x. Técnicamente 🟡 MACD convergiendo, 🟢 base_pattern_detected. Clasificación: seguimiento.","Verizon Communications Inc. está un 8.4% por debajo de su máximo 52s. Fundamentalmente sólida con ROE 15.8%, deuda neta/EBITDA 3.8x. Técnicamente 🟡 MACD convergiendo, 🟢 base_pattern_detected. Clasificación: seguimiento.",🟡 MACD convergiendo | 🟢 base_pattern_detected,5.98,11,20,False,72.8,1.84,25620453.0,191850002176.0,3.76,-1.1,gross,59.5,59.3,0.1,15.8,196604.0,12.3,1.89,7.63,8.4,8.4,4.4,41.1,False,True,1.1761,False,21.1,10.9,False,45.81,3.3,True,False,41,12,1.16,44.31,True
87,000660.KS,SK hynix,ASIA,Technology,Semiconductors,South Korea,KRW,1862000.0,1.0,script-v2.0,1.0,2026-09-25T13:00:12.527956+02:00,58.0,66.3,77,57,0,15,33,pendiente_confirmacion,pendiente_confirmacion,,True,pass,pendiente,0,desconocido,Pendiente de implementar,confirmada,"margin_stabilization (media): Margen gross 83.2% vs 79.3% (+3.9 pp) | eps_stabilization (media): EPS 131478.00 vs 56670.00 (Diluted EPS) | debt_reduction (alta): Deuda 21113138.6M vs 21832416.0M | dividend_maintained (baja): Dividendo actual 0.08% con caída del 37.7% | analyst_upgrade (media): Target 3184025.50 vs precio 1862000.00 (+71%), recMean 1.34, recKey strong_buy",incompleto,pendiente_confirmacion,1693957.07,1854597.89,1693957.07 - 1854597.89,1386445.62,2538950.0,1386445.62 - 2538950.00,Pérdida del soporte en 1854597.89 | ROE negativo durante 2 trimestres consecutivos | Ampliación de capital dilutiva | Recorte de rating a bono basura,12-18,"SK hynix está un 37.7% por debajo de su máximo 52s. Fundamentalmente sólida con ROE 92.7%, deuda neta/EBITDA -0.5x. Técnicamente 🟢 Divergencia alcista RSI, 🟢 Cerca de soporte. Clasificación: pendiente_confirmacion.","SK hynix está un 37.7% por debajo de su máximo 52s. Fundamentalmente sólida con ROE 92.7%, deuda neta/EBITDA -0.5x. Técnicamente 🟢 Divergencia alcista RSI, 🟢 Cerca de soporte. Clasificación: pendiente_confirmacion.",🟢 Divergencia alcista RSI | 🟢 Cerca de soporte,0.08,11,13,False,1.3,8.04,4962401.0,-66867840417792.0,-0.47,-3.3,gross,76.3,72.2,4.1,92.7,1321749879.0,3.9,,8.76,37.7,37.6,34.3,57.3,False,False,120738.5382,False,76.8,81.7,False,1461357.33,27.4,False,False,33,0,0.91,1854597.89,False
88,UNH,UnitedHealth Group Incorporated,SP500,Healthcare,Healthcare Plans,United States,USD,375.01,1.0,script-v2.0,1.0,2026-09-25T12:58:59.778228+02:00,56.0,61.6,100,28,0,9,39,pendiente_confirmacion,pendiente_confirmacion,,False,pass,pendiente,0,desconocido,Pendiente de implementar,parcial,"debt_reduction (alta): Deuda 73328.0M vs 77917.0M | dividend_maintained (baja): Dividendo actual 2.47% con caída del 18.8% | analyst_upgrade (media): Target 481.72 vs precio 375.01 (+28%), recMean 1.58, recKey buy",incompleto,pendiente_confirmacion,349.44,375.01,349.44 - 375.01,350.92,392.38,350.92 - 392.38,Pérdida del soporte en 349.44 | ROE negativo durante 2 trimestres consecutivos | Ampliación de capital dilutiva | Recorte de rating a bono basura,6-12,"UnitedHealth Group Incorporated está un 18.8% por debajo de su máximo 52s. Fundamentalmente sólida con ROE 14.2%, deuda neta/EBITDA 1.6x. Técnicamente 🔵 RSI recuperándose de sobreventa, 🟡 MACD convergiendo. Clasificación: pendiente_confirmacion.","UnitedHealth Group Incorporated está un 18.8% por debajo de su máximo 52s. Fundamentalmente sólida con ROE 14.2%, deuda neta/EBITDA 1.6x. Técnicamente 🔵 RSI recuperándose de sobreventa, 🟡 MACD convergiendo. Clasificación: pendiente_confirmacion.",🔵 RSI recuperándose de sobreventa | 🟡 MACD convergiendo,2.47,11,20,False,57.5,0.69,5080995.0,41860001792.0,1.57,-5.9,gross,19.7,19.5,0.2,14.2,336607.0,24.1,3.45,14.47,18.8,37.6,6.9,39.3,False,True,9.9244,False,23.7,17.9,False,353.2,6.2,False,False,39,0,0.94,349.44,False
89,ABI.BR,AB INBEV,EUROSTOXX,Consumer Defensive,Beverages - Brewers,Belgium,EUR,68.28,1.0,script-v2.0,1.0,2026-09-25T12:58:16.827553+02:00,55.2,65.7,95,40,0,15,24,seguimiento,seguimiento,Sin suelo técnico identificado,True,pass,pendiente,0,desconocido,Pendiente de implementar,confirmada,"margin_stabilization (media): Margen gross 57.5% vs 56.6% (+0.9 pp) | eps_stabilization (media): EPS 1.90 vs 1.30 (Diluted EPS) | debt_reduction (alta): Deuda 72732.0M vs 73027.0M | dividend_maintained (baja): Dividendo actual 1.68% con caída del 10.4% | analyst_upgrade (media): Target 83.37 vs precio 68.28 (+22%), recMean 1.60, recKey buy",sin_suelo,seguimiento,60.51,68.28,60.51 - 68.28,64.75,65.37,64.75 - 65.37,Pérdida del soporte en 60.51 | ROE negativo durante 2 trimestres consecutivos | Ampliación de capital dilutiva | Recorte de rating a bono basura,6-12,"AB INBEV está un 10.4% por debajo de su máximo 52s. Fundamentalmente sólida con ROE 11.4%, deuda neta/EBITDA 3.3x. Técnicamente sin suelo técnico identificado. Clasificación: seguimiento.","AB INBEV está un 10.4% por debajo de su máximo 52s. Fundamentalmente sólida con ROE 11.4%, deuda neta/EBITDA 3.3x. Técnicamente sin suelo técnico identificado. Clasificación: seguimiento.",,1.68,11,20,False,28.9,0.72,1722342.0,64721000448.0,3.28,-0.4,gross,56.5,56.5,0.0,11.4,134452.0,16.7,1.64,10.49,10.4,10.4,4.5,48.9,False,False,1.2299,False,49.4,41.5,False,65.69,3.9,False,False,24,0,0.58,60.51,False
90,PUB.PA,PUBLICIS GROUPE SA,EUROSTOXX,Communication Services,Advertising Agencies,France,EUR,97.08,1.0,script-v2.0,1.0,2026-09-25T12:58:04.016219+02:00,53.8,60.0,100,25,0,6,35,pendiente_confirmacion,pendiente_confirmacion,,False,pass,pendiente,0,desconocido,Pendiente de implementar,parcial,debt_reduction (alta): Deuda 5450.0M vs 5661.0M | dividend_maintained (baja): Dividendo actual 3.86% con caída del 7.4%,incompleto,pendiente_confirmacion,96.65,97.08,96.65 - 97.08,83.07,89.12,83.07 - 89.12,Pérdida del soporte en 96.65 | ROE negativo durante 2 trimestres consecutivos | Ampliación de capital dilutiva | Recorte de rating a bono basura,6-12,"PUBLICIS GROUPE SA está un 7.4% por debajo de su máximo 52s. Fundamentalmente aceptable con ROE 16.2%, deuda neta/EBITDA 1.1x. Técnicamente 🟡 MACD convergiendo, 🟢 Cerca de soporte. Clasificación: pendiente_confirmacion.","PUBLICIS GROUPE SA está un 7.4% por debajo de su máximo 52s. Fundamentalmente aceptable con ROE 16.2%, deuda neta/EBITDA 1.1x. Técnicamente 🟡 MACD convergiendo, 🟢 Cerca de soporte. Clasificación: pendiente_confirmacion.",🟡 MACD convergiendo | 🟢 Cerca de soporte,3.86,10,8,False,58.4,0.52,622621.0,3321999872.0,1.14,-3.7,,46.7,,,16.2,24243.0,15.1,2.3,9.46,7.4,7.4,16.9,45.8,False,True,5.5291,False,31.6,33.1,False,83.06,16.9,False,False,35,0,0.5,96.65,True
91,0002.HK,CLP HOLDINGS,ASIA,Utilities,Utilities - Regulated Electric,Hong Kong,HKD,76.3,1.0,script-v2.0,1.0,2026-09-25T13:00:05.097781+02:00,53.5,60.7,89,36,0,1,32,seguimiento,seguimiento,Sin señales de recuperación,True,pass,pendiente,0,desconocido,Pendiente de implementar,ausente,dividend_maintained (baja): Dividendo actual 4.19% con caída del 4.4%,incompleto,seguimiento,74.14,76.3,74.14 - 76.30,67.83,73.42,67.83 - 73.42,Pérdida del soporte en 74.14 | ROE negativo durante 2 trimestres consecutivos | Ampliación de capital dilutiva | Recorte de rating a bono basura,6-12,"CLP HOLDINGS está un 4.4% por debajo de su máximo 52s. Fundamentalmente sólida con ROE 10.1%, deuda neta/EBITDA 2.6x. Técnicamente 🟢 Cerca de soporte. Clasificación: seguimiento.","CLP HOLDINGS está un 4.4% por debajo de su máximo 52s. Fundamentalmente sólida con ROE 10.1%, deuda neta/EBITDA 2.6x. Técnicamente 🟢 Cerca de soporte. Clasificación: seguimiento.",🟢 Cerca de soporte,4.19,11,20,False,74.8,0.57,3237706.0,61402000384.0,2.63,9.8,,34.8,,,10.1,192768.0,17.8,1.75,11.28,4.4,3.8,3.9,40.8,False,False,1.5805,False,11.6,31.9,False,74.02,3.1,False,False,32,0,0.77,74.14,True
92,QBE.AX,QBE INSUR. FPO [QBE],ASX,Financial Services,Insurance - Property & Casualty,Australia,AUD,22.93,1.0,script-v2.0,1.0,2026-09-25T12:59:41.402638+02:00,53.1,61.5,94,33,0,4,28,seguimiento,seguimiento,Sin señales de recuperación,True,pass,pendiente,0,desconocido,Pendiente de implementar,ausente,eps_stabilization (media): EPS 1.40 vs 1.19 (annual_eps_fallback) | dividend_maintained (baja): Dividendo actual 4.84% con caída del 11.2%,incompleto,seguimiento,22.8,22.93,22.80 - 22.93,21.73,21.96,21.73 - 21.96,Pérdida del soporte en 22.80 | ROE negativo durante 2 trimestres consecutivos | Ampliación de capital dilutiva | Recorte de rating a bono basura,6-12,"QBE INSUR. FPO [QBE] está un 11.2% por debajo de su máximo 52s. Fundamentalmente sólida con ROE 19.3%, deuda neta/EBITDA -0.5x. Técnicamente 🟢 Cerca de soporte. Clasificación: seguimiento.","QBE INSUR. FPO [QBE] está un 11.2% por debajo de su máximo 52s. Fundamentalmente sólida con ROE 19.3%, deuda neta/EBITDA -0.5x. Técnicamente 🟢 Cerca de soporte. Clasificación: seguimiento.",🟢 Cerca de soporte,4.84,11,20,False,53.3,0.38,3374396.0,-1653000192.0,-0.51,51.6,,18.0,,,19.3,34258.0,11.5,2.1,10.17,11.2,9.9,5.5,50.6,False,False,0.3696,False,60.8,62.0,False,21.84,5.0,False,False,28,0,0.7,22.8,False
93,ZURN.SW,ZURICH INSURANCE N,EUROSTOXX,Financial Services,Insurance - Diversified,Switzerland,CHF,582.6,1.0,script-v2.0,1.0,2026-09-25T12:58:25.856425+02:00,52.3,59.1,97,26,0,9,32,pendiente_confirmacion,pendiente_confirmacion,,False,pass,pendiente,0,desconocido,Pendiente de implementar,parcial,eps_stabilization (media): EPS 47.20 vs 40.15 (annual_eps_fallback) | debt_reduction (alta): Deuda 15358.0M vs 15681.0M | dividend_maintained (baja): Dividendo actual 5.15% con caída del 6.9%,incompleto,pendiente_confirmacion,538.53,582.6,538.53 - 582.60,532.1,563.16,532.10 - 563.16,Pérdida del soporte en 538.53 | ROE negativo durante 2 trimestres consecutivos | Ampliación de capital dilutiva | Recorte de rating a bono basura,6-12,"ZURICH INSURANCE N está un 6.9% por debajo de su máximo 52s. Fundamentalmente aceptable con ROE 25.7%, deuda neta/EBITDA -1.5x. Técnicamente 🟢 Divergencia alcista RSI. Clasificación: pendiente_confirmacion.","ZURICH INSURANCE N está un 6.9% por debajo de su máximo 52s. Fundamentalmente aceptable con ROE 25.7%, deuda neta/EBITDA -1.5x. Técnicamente 🟢 Divergencia alcista RSI. Clasificación: pendiente_confirmacion.",🟢 Divergencia alcista RSI,5.15,11,20,False,76.8,0.46,243595.0,-17121999872.0,-1.5,-2.1,,24.3,,,25.7,87023.0,14.5,3.38,6.14,6.9,6.9,3.5,41.7,False,False,10.7522,False,25.8,14.8,False,563.41,3.4,False,False,32,0,0.74,538.53,False
94,WFC,Wells Fargo & Company,SP500,Financial Services,Banks - Diversified,United States,USD,82.18,1.0,script-v2.0,1.0,2026-09-25T12:58:56.023990+02:00,51.9,55.8,75,39,0,7,40,pendiente_confirmacion,pendiente_confirmacion,,True,pass,pendiente,0,desconocido,Pendiente de implementar,parcial,"eps_stabilization (media): EPS 2.00 vs 1.60 (Diluted EPS) | dividend_maintained (baja): Dividendo actual 2.43% con caída del 15.9% | analyst_upgrade (media): Target 100.37 vs precio 82.18 (+22%), recMean 1.88, recKey buy",incompleto,pendiente_confirmacion,74.75,82.18,74.75 - 82.18,83.1,84.34,83.10 - 84.34,Pérdida del soporte en 74.75 | ROE negativo durante 2 trimestres consecutivos | Ampliación de capital dilutiva | Recorte de rating a bono basura,6-12,"Wells Fargo & Company está un 15.9% por debajo de su máximo 52s. Fundamentalmente aceptable con ROE 12.6%, dividendo 2.4%. Técnicamente 🟢 Estocástico sale de sobreventa, 🟡 Apoyo en MA40 semanal. Clasificación: pendiente_confirmacion.","Wells Fargo & Company está un 15.9% por debajo de su máximo 52s. Fundamentalmente aceptable con ROE 12.6%, dividendo 2.4%. Técnicamente 🟢 Estocástico sale de sobreventa, 🟡 Apoyo en MA40 semanal. Clasificación: pendiente_confirmacion.",🟢 Estocástico sale de sobreventa | 🟡 Apoyo en MA40 semanal,2.43,11,20,False,26.2,,14325479.0,-17941987328.0,,121.3,,0.0,,,12.6,248512.0,11.9,1.54,,15.9,14.6,-2.6,35.2,False,False,1.2831,False,11.1,8.0,True,83.9,-2.0,False,False,29,11,0.86,74.75,True
95,QCOM,QUALCOMM Incorporated,SP500,Technology,Semiconductors,United States,USD,194.26,1.0,script-v2.0,1.0,2026-09-25T12:59:31.516173+02:00,51.2,56.3,100,18,0,6,36,pendiente_confirmacion,pendiente_confirmacion,,False,pass,pendiente,0,desconocido,Pendiente de implementar,parcial,debt_reduction (alta): Deuda 15270.0M vs 15270.0M | dividend_maintained (baja): Dividendo actual 1.89% con caída del 25.3%,incompleto,pendiente_confirmacion,168.99,189.18,168.99 - 189.18,167.5,220.93,167.50 - 220.93,Pérdida del soporte en 189.18 | ROE negativo durante 2 trimestres consecutivos | Ampliación de capital dilutiva | Recorte de rating a bono basura,12-18,"QUALCOMM Incorporated está un 25.3% por debajo de su máximo 52s. Fundamentalmente aceptable con ROE 33.8%, deuda neta/EBITDA 0.6x. Técnicamente 🟢 Cerca de soporte, 🟢 base_pattern_detected. Clasificación: pendiente_confirmacion.","QUALCOMM Incorporated está un 25.3% por debajo de su máximo 52s. Fundamentalmente aceptable con ROE 33.8%, deuda neta/EBITDA 0.6x. Técnicamente 🟢 Cerca de soporte, 🟢 base_pattern_detected. Clasificación: pendiente_confirmacion.",🟢 Cerca de soporte | 🟢 base_pattern_detected,1.89,11,20,False,41.0,0.55,13488379.0,6965999616.0,0.58,-0.0,gross,54.2,54.2,0.0,33.8,207481.0,22.2,7.42,17.58,25.3,24.6,16.0,63.5,False,False,2.0131,False,83.6,91.4,False,168.12,15.5,True,False,24,12,0.7,189.18,True
96,XOM,ExxonMobil Holdings Corporation,SP500,Energy,Oil & Gas Integrated,United States,USD,162.14,1.0,script-v2.0,1.0,2026-09-25T12:58:44.044000+02:00,50.5,53.1,100,12,0,12,43,pendiente_confirmacion,pendiente_confirmacion,,False,pass,pendiente,0,desconocido,Pendiente de implementar,confirmada,margin_stabilization (media): Margen gross 22.5% vs 16.7% (+5.8 pp) | eps_stabilization (media): EPS 3.48 vs 1.00 (Diluted EPS) | debt_reduction (alta): Deuda 42368.0M vs 47661.0M | dividend_maintained (baja): Dividendo actual 2.54% con caída del 8.1%,incompleto,pendiente_confirmacion,145.22,158.39,145.22 - 158.39,146.03,149.95,146.03 - 149.95,Pérdida del soporte en 145.22 | ROE negativo durante 2 trimestres consecutivos | Ampliación de capital dilutiva | Recorte de rating a bono basura,6-12,"ExxonMobil Holdings Corporation está un 8.1% por debajo de su máximo 52s. Fundamentalmente aceptable con ROE 12.6%, deuda neta/EBITDA 0.5x. Técnicamente 🟡 MACD convergiendo, 🟢 base_pattern_detected. Clasificación: pendiente_confirmacion.","ExxonMobil Holdings Corporation está un 8.1% por debajo de su máximo 52s. Fundamentalmente aceptable con ROE 12.6%, deuda neta/EBITDA 0.5x. Técnicamente 🟡 MACD convergiendo, 🟢 base_pattern_detected. Clasificación: pendiente_confirmacion.",🟡 MACD convergiendo | 🟢 base_pattern_detected | 🟡 trendline_break,2.54,11,20,False,52.5,0.16,14771803.0,31779999744.0,0.47,-11.1,gross,29.8,20.4,9.3,12.6,666705.0,20.9,2.57,10.38,8.1,6.9,11.0,51.4,False,True,6.1018,False,35.9,22.4,False,147.68,9.8,True,True,25,18,0.92,145.22,True
97,9433.T,KDDI CORPORATION,ASIA,Communication Services,Telecom Services,Japan,JPY,3039.0,1.0,script-v2.0,1.0,2026-09-25T12:59:51.958537+02:00,50.4,56.9,99,20,0,9,31,pendiente_confirmacion,pendiente_confirmacion,,False,pass,pendiente,0,desconocido,Pendiente de implementar,parcial,eps_stabilization (media): EPS 51.33 vs 43.00 (Diluted EPS) | debt_reduction (alta): Deuda 5296146.1M vs 5397863.0M | dividend_maintained (baja): Dividendo actual 2.76% con caída del 2.6%,incompleto,pendiente_confirmacion,2838.5,2935.51,2838.50 - 2935.51,2652.85,2725.83,2652.85 - 2725.83,Pérdida del soporte en 2838.50 | ROE negativo durante 2 trimestres consecutivos | Ampliación de capital dilutiva | Recorte de rating a bono basura,6-12,"KDDI CORPORATION está un 2.6% por debajo de su máximo 52s. Fundamentalmente aceptable con ROE 14.6%, deuda neta/EBITDA 2.5x. Técnicamente 🟢 Volumen creciente, 🟡 trendline_break. Clasificación: pendiente_confirmacion.","KDDI CORPORATION está un 2.6% por debajo de su máximo 52s. Fundamentalmente aceptable con ROE 14.6%, deuda neta/EBITDA 2.5x. Técnicamente 🟢 Volumen creciente, 🟡 trendline_break. Clasificación: pendiente_confirmacion.",🟢 Volumen creciente | 🟡 trendline_break,2.76,11,20,False,43.6,0.94,8868670.0,4465748082688.0,2.48,-1.9,,42.8,,,14.6,11232030.0,16.7,2.26,9.17,2.6,2.6,11.5,57.0,False,False,103.2074,False,58.4,60.9,False,2738.62,11.0,False,True,25,6,1.42,2838.5,True
98,BRK-B,Berkshire Hathaway Inc. New,SP500,Financial Services,Insurance - Diversified,United States,USD,505.18,1.0,script-v2.0,1.0,2026-09-25T12:58:58.452057+02:00,50.2,52.9,54,52,0,11,42,pendiente_confirmacion,pendiente_confirmacion,,True,pass,pendiente,0,desconocido,Pendiente de implementar,parcial,margin_stabilization (media): Margen operating 28.3% vs 14.8% (+13.5 pp) | eps_stabilization (media): EPS 11.91 vs 4.68 (Diluted EPS) | debt_reduction (alta): Deuda 128599.0M vs 128886.0M,incompleto,pendiente_confirmacion,484.66,505.18,484.66 - 505.18,457.08,492.61,457.08 - 492.61,Pérdida del soporte en 484.66 | ROE negativo durante 2 trimestres consecutivos | Ampliación de capital dilutiva | Recorte de rating a bono basura,6-12,"Berkshire Hathaway Inc. New está un 6.1% por debajo de su máximo 52s. Fundamentalmente aceptable con ROE 12.1%, deuda neta/EBITDA -1.8x. Técnicamente 🟢 Cerca de soporte, 🟡 Apoyo en MA40 semanal. Clasificación: pendiente_confirmacion.","Berkshire Hathaway Inc. New está un 6.1% por debajo de su máximo 52s. Fundamentalmente aceptable con ROE 12.1%, deuda neta/EBITDA -1.8x. Técnicamente 🟢 Cerca de soporte, 🟡 Apoyo en MA40 semanal. Clasificación: pendiente_confirmacion.",🟢 Cerca de soporte | 🟡 Apoyo en MA40 semanal | 🟢 base_pattern_detected,0.0,0,0,False,,0.17,4410892.0,-236914999296.0,-1.81,-0.2,operating,32.6,20.6,12.0,12.1,1081444.0,12.7,0.0,-1.79,6.1,6.8,2.6,47.5,False,False,5.229,False,19.4,17.7,False,492.76,2.5,True,False,25,17,0.91,484.66,True
99,1038.HK,CKI HOLDINGS,ASIA,Utilities,Utilities - Regulated Electric,Hong Kong,HKD,65.3,1.0,script-v2.0,1.0,2026-09-25T13:00:10.386721+02:00,49.9,62.1,100,29,0,4,13,seguimiento,seguimiento,Sin señales de recuperación | Sin suelo técnico identificado,False,pass,pendiente,0,desconocido,Pendiente de implementar,ausente,eps_stabilization (media): EPS 3.28 vs 3.22 (annual_eps_fallback) | dividend_maintained (baja): Dividendo actual 4.03% con caída del 3.8%,sin_suelo,seguimiento,61.83,63.54,61.83 - 63.54,57.72,60.69,57.72 - 60.69,Pérdida del soporte en 61.83 | ROE negativo durante 2 trimestres consecutivos | Ampliación de capital dilutiva | Recorte de rating a bono basura,6-12,"CKI HOLDINGS está un 3.8% por debajo de su máximo 52s. Fundamentalmente sólida con ROE 17.2%, deuda neta/EBITDA -38.6x. Técnicamente 🟡 trendline_break. Clasificación: seguimiento.","CKI HOLDINGS está un 3.8% por debajo de su máximo 52s. Fundamentalmente sólida con ROE 17.2%, deuda neta/EBITDA -38.6x. Técnicamente 🟡 trendline_break. Clasificación: seguimiento.",🟡 trendline_break,4.03,11,20,False,25.7,0.14,1399455.0,-33624002560.0,-38.56,3.7,,18.4,,,17.2,164531.0,6.4,1.11,151.37,3.8,1.7,7.6,55.2,False,False,1.6752,False,65.7,69.2,False,61.42,6.3,False,True,7,6,0.56,61.83,True
100,GLE.PA,SOCIETE GENERALE,EUROSTOXX,Financial Services,Banks - Regional,France,EUR,72.61,1.0,script-v2.0,1.0,2026-09-25T12:57:54.176400+02:00,49.2,51.0,67,37,0,7,44,pendiente_confirmacion,pendiente_confirmacion,,True,pass,pendiente,0,desconocido,Pendiente de implementar,parcial,"eps_stabilization (media): EPS 2.05 vs 1.88 (Diluted EPS) | dividend_maintained (baja): Dividendo actual 2.41% con caída del 14.4% | analyst_upgrade (media): Target 88.22 vs precio 72.61 (+21%), recMean 1.95, recKey buy",incompleto,pendiente_confirmacion,71.61,72.61,71.61 - 72.61,71.52,72.1,71.52 - 72.10,Pérdida del soporte en 71.61 | ROE negativo durante 2 trimestres consecutivos | Ampliación de capital dilutiva | Recorte de rating a bono basura,6-12,"SOCIETE GENERALE está un 14.4% por debajo de su máximo 52s. Fundamentalmente aceptable con ROE 9.5%, dividendo 2.4%. Técnicamente 🟡 MACD convergiendo, 🟢 Cerca de soporte. Clasificación: pendiente_confirmacion.","SOCIETE GENERALE está un 14.4% por debajo de su máximo 52s. Fundamentalmente aceptable con ROE 9.5%, dividendo 2.4%. Técnicamente 🟡 MACD convergiendo, 🟢 Cerca de soporte. Clasificación: pendiente_confirmacion.",🟡 MACD convergiendo | 🟢 Cerca de soporte | 🟡 Apoyo en MA40 semanal,2.41,10,6,False,21.2,,1683286.0,-362578968576.0,,117.1,,0.0,,,9.5,52619.0,9.5,0.74,,14.4,14.4,1.5,45.2,False,True,1.8242,False,46.0,22.3,False,71.4,1.7,False,False,39,5,0.99,71.61,False
101,TXN,Texas Instruments Incorporated,SP500,Technology,Semiconductors,United States,USD,270.65,1.0,script-v2.0,1.0,2026-09-25T12:59:30.107464+02:00,49.1,52.1,98,12,0,7,40,pendiente_confirmacion,pendiente_confirmacion,,False,pass,pendiente,0,desconocido,Pendiente de implementar,parcial,margin_stabilization (media): Margen gross 61.4% vs 58.0% (+3.3 pp) | eps_stabilization (media): EPS 2.14 vs 1.68 (Diluted EPS) | dividend_maintained (baja): Dividendo actual 2.25% con caída del 19.0%,incompleto,pendiente_confirmacion,209.56,270.65,209.56 - 270.65,243.56,283.93,243.56 - 283.93,Pérdida del soporte en 209.56 | ROE negativo durante 2 trimestres consecutivos | Ampliación de capital dilutiva | Recorte de rating a bono basura,6-12,"Texas Instruments Incorporated está un 19.0% por debajo de su máximo 52s. Fundamentalmente aceptable con ROE 35.2%, deuda neta/EBITDA 0.7x. Técnicamente 🟢 Divergencia alcista RSI, 🟢 base_pattern_detected. Clasificación: pendiente_confirmacion.","Texas Instruments Incorporated está un 19.0% por debajo de su máximo 52s. Fundamentalmente aceptable con ROE 35.2%, deuda neta/EBITDA 0.7x. Técnicamente 🟢 Divergencia alcista RSI, 🟢 base_pattern_detected. Clasificación: pendiente_confirmacion.",🟢 Divergencia alcista RSI | 🟢 base_pattern_detected,2.25,11,20,False,85.4,0.78,7339776.0,7050999808.0,0.74,0.0,gross,58.3,58.2,0.2,35.2,247170.0,41.1,13.72,26.7,19.0,18.6,11.1,54.0,False,False,7.5332,False,89.4,92.3,False,247.9,9.2,True,False,28,12,0.94,209.56,False
102,CVX,Chevron Corporation,SP500,Energy,Oil & Gas Integrated,United States,USD,205.65,1.0,script-v2.0,1.0,2026-09-25T12:58:44.219907+02:00,48.8,53.1,100,12,0,12,36,pendiente_confirmacion,pendiente_confirmacion,,False,pass,pendiente,0,desconocido,Pendiente de implementar,confirmada,margin_stabilization (media): Margen gross 36.5% vs 28.4% (+8.1 pp) | eps_stabilization (media): EPS 6.11 vs 1.11 (Diluted EPS) | debt_reduction (alta): Deuda 37075.0M vs 45428.0M | dividend_maintained (baja): Dividendo actual 3.46% con caída del 5.6%,incompleto,pendiente_confirmacion,194.95,199.42,194.95 - 199.42,182.06,185.11,182.06 - 185.11,Pérdida del soporte en 194.95 | ROE negativo durante 2 trimestres consecutivos | Ampliación de capital dilutiva | Recorte de rating a bono basura,6-12,"Chevron Corporation está un 5.6% por debajo de su máximo 52s. Fundamentalmente aceptable con ROE 12.2%, deuda neta/EBITDA 0.6x. Técnicamente 🟢 Estocástico sale de sobreventa, 🟢 base_pattern_detected. Clasificación: pendiente_confirmacion.","Chevron Corporation está un 5.6% por debajo de su máximo 52s. Fundamentalmente aceptable con ROE 12.2%, deuda neta/EBITDA 0.6x. Técnicamente 🟢 Estocástico sale de sobreventa, 🟢 base_pattern_detected. Clasificación: pendiente_confirmacion.",🟢 Estocástico sale de sobreventa | 🟢 base_pattern_detected | 🟡 trendline_break,3.46,11,20,False,67.2,0.19,8868525.0,28545001472.0,0.56,-18.4,gross,44.3,31.9,12.3,12.2,403404.0,19.8,2.12,8.64,5.6,5.6,13.0,49.6,False,False,8.7891,False,15.2,10.2,True,184.52,11.4,True,True,12,24,0.87,194.95,True
103,FRE.DE,Fresenius SE & Co. KGaA       N,EUROSTOXX,Healthcare,Medical Care Facilities,Germany,EUR,46.055,1.0,script-v2.0,1.0,2026-09-25T12:57:39.631770+02:00,48.6,53.5,85,26,0,12,34,pendiente_confirmacion,pendiente_confirmacion,,False,pass,pendiente,0,desconocido,Pendiente de implementar,confirmada,"margin_stabilization (media): Margen gross 26.1% vs 26.4% (-0.3 pp) | debt_reduction (alta): Deuda 11419.0M vs 11905.0M | dividend_maintained (baja): Dividendo actual 2.28% con caída del 13.0% | analyst_upgrade (media): Target 55.59 vs precio 46.05 (+21%), recMean 1.50, recKey strong_buy",incompleto,pendiente_confirmacion,45.4,45.48,45.40 - 45.48,43.96,45.02,43.96 - 45.02,Pérdida del soporte en 45.48 | ROE negativo durante 2 trimestres consecutivos | Ampliación de capital dilutiva | Recorte de rating a bono basura,6-12,"Fresenius SE & Co. KGaA       N está un 13.0% por debajo de su máximo 52s. Fundamentalmente aceptable con ROE 8.3%, deuda neta/EBITDA 3.3x. Técnicamente 🟢 Cerca de soporte, 🟡 trendline_break. Clasificación: pendiente_confirmacion.","Fresenius SE & Co. KGaA       N está un 13.0% por debajo de su máximo 52s. Fundamentalmente aceptable con ROE 8.3%, deuda neta/EBITDA 3.3x. Técnicamente 🟢 Cerca de soporte, 🟡 trendline_break. Clasificación: pendiente_confirmacion.",🟢 Cerca de soporte | 🟡 trendline_break,2.28,10,2,False,37.9,0.56,998234.0,10139999744.0,3.34,-4.1,gross,25.4,25.8,-0.4,8.3,25940.0,16.6,1.32,12.04,13.0,10.6,4.8,55.5,False,False,0.8544,False,84.5,86.7,False,43.85,5.0,False,True,28,6,0.51,45.48,True
104,TGT,Target Corporation,SP500,Consumer Defensive,Discount Stores,United States,USD,156.15,1.0,script-v2.0,1.0,2026-09-25T12:58:51.887309+02:00,48.5,51.0,91,16,0,7,41,pendiente_confirmacion,pendiente_confirmacion,,False,pass,pendiente,0,desconocido,Pendiente de implementar,parcial,margin_stabilization (media): Margen gross 33.7% vs 29.0% (+4.7 pp) | eps_stabilization (media): EPS 4.11 vs 1.71 (Diluted EPS) | dividend_maintained (baja): Dividendo actual 2.97% con caída del 8.6%,incompleto,pendiente_confirmacion,152.6,153.55,152.60 - 153.55,125.05,145.14,125.05 - 145.14,Pérdida del soporte en 153.55 | ROE negativo durante 2 trimestres consecutivos | Ampliación de capital dilutiva | Recorte de rating a bono basura,6-12,"Target Corporation está un 8.6% por debajo de su máximo 52s. Fundamentalmente aceptable con ROE 26.4%, deuda neta/EBITDA 1.6x. Técnicamente 🟡 MACD convergiendo, 🟢 Cerca de soporte. Clasificación: pendiente_confirmacion.","Target Corporation está un 8.6% por debajo de su máximo 52s. Fundamentalmente aceptable con ROE 26.4%, deuda neta/EBITDA 1.6x. Técnicamente 🟡 MACD convergiendo, 🟢 Cerca de soporte. Clasificación: pendiente_confirmacion.",🟡 MACD convergiendo | 🟢 Cerca de soporte | 🟡 trendline_break,2.97,11,20,False,47.3,1.08,4117336.0,13785000448.0,1.6,1.9,gross,28.4,29.4,-1.0,26.4,70938.0,16.2,3.98,9.86,8.6,8.6,24.9,48.6,False,True,11.5557,False,21.5,26.1,False,127.85,22.1,False,True,35,6,0.82,153.55,True
105,NESTE.HE,Neste Corporation,EUROSTOXX,Energy,Oil & Gas Refining & Marketing,Finland,EUR,34.43,1.0,script-v2.0,1.0,2026-09-25T12:58:22.035932+02:00,48.3,50.4,100,7,0,12,42,pendiente_confirmacion,pendiente_confirmacion,,False,pass,pendiente,0,desconocido,Pendiente de implementar,confirmada,margin_stabilization (media): Margen gross 21.4% vs 19.4% (+2.0 pp) | eps_stabilization (media): EPS 0.99 vs 0.69 (Diluted EPS) | debt_reduction (alta): Deuda 4698.0M vs 5207.0M | dividend_maintained (baja): Dividendo actual 0.58% con caída del 4.2%,incompleto,pendiente_confirmacion,31.83,33.72,31.83 - 33.72,26.54,30.55,26.54 - 30.55,Pérdida del soporte en 33.72 | ROE negativo durante 2 trimestres consecutivos | Ampliación de capital dilutiva | Recorte de rating a bono basura,6-12,"Neste Corporation está un 4.2% por debajo de su máximo 52s. Fundamentalmente aceptable con ROE 19.4%, deuda neta/EBITDA 1.3x. Técnicamente 🟢 Cerca de soporte, 🟢 base_pattern_detected. Clasificación: pendiente_confirmacion.","Neste Corporation está un 4.2% por debajo de su máximo 52s. Fundamentalmente aceptable con ROE 19.4%, deuda neta/EBITDA 1.3x. Técnicamente 🟢 Cerca de soporte, 🟢 base_pattern_detected. Clasificación: pendiente_confirmacion.",🟢 Cerca de soporte | 🟢 base_pattern_detected | 🟡 trendline_break,0.58,11,20,False,10.1,0.56,1249738.0,3612999936.0,1.33,-9.8,gross,20.0,15.0,5.0,19.4,26452.0,17.4,3.13,11.44,4.2,4.2,29.7,58.1,False,False,2.4511,False,65.5,82.3,False,26.9,28.0,True,True,24,18,0.72,33.72,True
106,CB,Chubb Limited,SP500,Financial Services,Insurance - Property & Casualty,Switzerland,USD,334.84,1.0,script-v2.0,1.0,2026-09-25T12:58:53.360146+02:00,47.9,54.5,86,27,0,7,28,pendiente_confirmacion,pendiente_confirmacion,,False,pass,pendiente,0,desconocido,Pendiente de implementar,parcial,margin_stabilization (media): Margen operating 24.0% vs 21.5% (+2.4 pp) | eps_stabilization (media): EPS 7.30 vs 5.88 (Diluted EPS) | dividend_maintained (baja): Dividendo actual 1.22% con caída del 8.5%,incompleto,pendiente_confirmacion,317.88,334.84,317.88 - 334.84,311.02,327.03,311.02 - 327.03,Pérdida del soporte en 317.88 | ROE negativo durante 2 trimestres consecutivos | Ampliación de capital dilutiva | Recorte de rating a bono basura,6-12,"Chubb Limited está un 8.5% por debajo de su máximo 52s. Fundamentalmente aceptable con ROE 14.8%, deuda neta/EBITDA 1.1x. Técnicamente 🟡 Apoyo en MA40 semanal. Clasificación: pendiente_confirmacion.","Chubb Limited está un 8.5% por debajo de su máximo 52s. Fundamentalmente aceptable con ROE 14.8%, deuda neta/EBITDA 1.1x. Técnicamente 🟡 Apoyo en MA40 semanal. Clasificación: pendiente_confirmacion.",🟡 Apoyo en MA40 semanal,1.22,11,20,False,13.9,0.31,1793965.0,17045999616.0,1.15,43.2,operating,23.5,24.2,-0.7,14.8,129181.0,11.9,1.71,10.19,8.5,8.2,2.4,40.9,False,False,5.4744,False,14.4,20.5,False,328.54,1.9,False,False,23,5,0.83,317.88,False
107,BP.L,BP PLC $0.25,EUROSTOXX,Energy,Oil & Gas Integrated,United Kingdom,GBp,554.6,1.0,script-v2.0,1.0,2026-09-25T12:58:26.714712+02:00,47.1,49.8,85,19,0,9,39,pendiente_confirmacion,pendiente_confirmacion,,False,pass,pendiente,0,desconocido,Pendiente de implementar,parcial,eps_stabilization (media): EPS 0.25 vs 0.25 (Diluted EPS) | debt_reduction (alta): Deuda 72693.0M vs 74178.0M | dividend_maintained (baja): Dividendo actual 0.05% con caída del 9.0%,incompleto,pendiente_confirmacion,512.28,540.81,512.28 - 540.81,512.53,517.99,512.53 - 517.99,Pérdida del soporte en 512.28 | ROE negativo durante 2 trimestres consecutivos | Ampliación de capital dilutiva | Recorte de rating a bono basura,6-12,"BP PLC $0.25 está un 9.0% por debajo de su máximo 52s. Fundamentalmente aceptable con ROE 8.9%, deuda neta/EBITDA 0.9x. Técnicamente 🟢 Divergencia alcista RSI, 🟢 base_pattern_detected. Clasificación: pendiente_confirmacion.","BP PLC $0.25 está un 9.0% por debajo de su máximo 52s. Fundamentalmente aceptable con ROE 8.9%, deuda neta/EBITDA 0.9x. Técnicamente 🟢 Divergencia alcista RSI, 🟢 base_pattern_detected. Clasificación: pendiente_confirmacion.",🟢 Divergencia alcista RSI | 🟢 base_pattern_detected | 🟡 trendline_break,0.05,11,20,False,95.6,0.95,45622687.0,35467997184.0,0.9,-2.0,gross,28.3,19.8,8.5,8.9,85697.0,21.3,1.98,3.63,9.0,9.0,8.2,52.1,False,False,12.4885,False,53.8,64.7,False,516.28,7.4,True,True,21,18,0.74,512.28,True
108,SSE.L,SSE PLC ORD 50P,EUROSTOXX,Utilities,Utilities - Diversified,United Kingdom,GBp,2493.0,1.0,script-v2.0,1.0,2026-09-25T12:58:33.555446+02:00,47.0,50.6,89,17,0,6,36,pendiente_confirmacion,pendiente_confirmacion,,False,pass,pendiente,0,desconocido,Pendiente de implementar,parcial,debt_reduction (alta): Deuda 10170.4M vs 10467.9M | dividend_maintained (baja): Dividendo actual 0.03% con caída del 9.9%,incompleto,pendiente_confirmacion,2313.91,2404.24,2313.91 - 2404.24,2352.38,2445.22,2352.38 - 2445.22,Pérdida del soporte en 2313.91 | ROE negativo durante 2 trimestres consecutivos | Ampliación de capital dilutiva | Recorte de rating a bono basura,6-12,"SSE PLC ORD 50P está un 9.9% por debajo de su máximo 52s. Fundamentalmente aceptable con ROE 9.7%, deuda neta/EBITDA 3.2x. Técnicamente 🟡 Apoyo en MA40 semanal, 🟢 base_pattern_detected. Clasificación: pendiente_confirmacion.","SSE PLC ORD 50P está un 9.9% por debajo de su máximo 52s. Fundamentalmente aceptable con ROE 9.7%, deuda neta/EBITDA 3.2x. Técnicamente 🟡 Apoyo en MA40 semanal, 🟢 base_pattern_detected. Clasificación: pendiente_confirmacion.",🟡 Apoyo en MA40 semanal | 🟢 base_pattern_detected,0.03,11,20,False,61.1,0.62,2761814.0,8627499776.0,3.17,-2.8,,37.1,,,9.7,30073.0,23.7,2.37,14.41,9.9,9.9,2.0,60.5,False,False,10.4546,False,90.3,87.3,False,2460.48,1.3,True,False,19,17,0.97,2313.91,False
109,0019.HK,SWIRE PACIFIC A,ASIA,Industrials,Conglomerates,Hong Kong,HKD,102.0,1.0,script-v2.0,1.0,2026-09-25T13:00:07.432152+02:00,46.6,48.5,81,20,0,6,41,pendiente_confirmacion,pendiente_confirmacion,,False,pass,pendiente,0,desconocido,Pendiente de implementar,parcial,debt_reduction (alta): Deuda 95141.0M vs 103840.0M | dividend_maintained (baja): Dividendo actual 3.92% con caída del 6.1%,incompleto,pendiente_confirmacion,98.81,100.25,98.81 - 100.25,83.17,92.31,83.17 - 92.31,Pérdida del soporte en 98.81 | ROE negativo durante 2 trimestres consecutivos | Ampliación de capital dilutiva | Recorte de rating a bono basura,6-12,"SWIRE PACIFIC A está un 6.1% por debajo de su máximo 52s. Fundamentalmente aceptable con ROE 3.2%, deuda neta/EBITDA 5.0x. Técnicamente 🟡 MACD convergiendo, 🟢 Cerca de soporte. Clasificación: pendiente_confirmacion.","SWIRE PACIFIC A está un 6.1% por debajo de su máximo 52s. Fundamentalmente aceptable con ROE 3.2%, deuda neta/EBITDA 5.0x. Técnicamente 🟡 MACD convergiendo, 🟢 Cerca de soporte. Clasificación: pendiente_confirmacion.",🟡 MACD convergiendo | 🟢 Cerca de soporte | 🟡 trendline_break,3.92,11,20,False,57.8,0.29,1070336.0,72894003200.0,4.95,-8.4,,36.1,,,3.2,370048.0,15.5,0.52,18.31,6.1,5.5,22.6,50.3,False,True,6.6575,False,46.1,54.0,False,84.62,20.5,False,True,35,6,0.75,98.81,True
110,WDS.AX,WOODSIDE FPO [WDS],ASX,Energy,Oil & Gas E&P,Australia,AUD,31.72,1.0,script-v2.0,1.0,2026-09-25T12:59:41.304138+02:00,45.8,48.7,86,16,0,6,37,pendiente_confirmacion,pendiente_confirmacion,,False,pass,pendiente,0,desconocido,Pendiente de implementar,parcial,debt_reduction (alta): Deuda 13668.0M vs 13722.0M | dividend_maintained (baja): Dividendo actual 5.14% con caída del 11.4%,incompleto,pendiente_confirmacion,29.74,31.72,29.74 - 31.72,28.99,30.45,28.99 - 30.45,Pérdida del soporte en 29.74 | ROE negativo durante 2 trimestres consecutivos | Ampliación de capital dilutiva | Recorte de rating a bono basura,6-12,"WOODSIDE FPO [WDS] está un 11.4% por debajo de su máximo 52s. Fundamentalmente aceptable con ROE 7.7%, deuda neta/EBITDA 1.1x. Técnicamente 🟡 MACD convergiendo, 🟢 base_pattern_detected. Clasificación: pendiente_confirmacion.","WOODSIDE FPO [WDS] está un 11.4% por debajo de su máximo 52s. Fundamentalmente aceptable con ROE 7.7%, deuda neta/EBITDA 1.1x. Técnicamente 🟡 MACD convergiendo, 🟢 base_pattern_detected. Clasificación: pendiente_confirmacion.",🟡 MACD convergiendo | 🟢 base_pattern_detected,5.14,11,20,False,70.3,0.33,4500054.0,9209999872.0,1.15,-0.4,,34.9,,,7.7,60303.0,14.1,1.17,9.38,11.4,9.3,9.4,46.5,False,True,1.0801,False,30.1,21.4,False,29.25,8.4,True,False,25,12,0.8,29.74,True
111,EDP.LS,"EDP, SA",EUROSTOXX,Utilities,Utilities - Diversified,Portugal,EUR,4.854,1.0,script-v2.0,1.0,2026-09-25T12:58:19.495436+02:00,45.6,49.9,84,20,0,7,33,pendiente_confirmacion,pendiente_confirmacion,,False,pass,pendiente,0,desconocido,Pendiente de implementar,parcial,margin_stabilization (media): Margen gross 39.7% vs 40.0% (-0.3 pp) | eps_stabilization (media): EPS 0.09 vs 0.09 (Diluted EPS) | dividend_maintained (baja): Dividendo actual 4.33% con caída del 0.5%,incompleto,pendiente_confirmacion,4.41,4.63,4.41 - 4.63,4.15,4.33,4.15 - 4.33,Pérdida del soporte en 4.41 | ROE negativo durante 2 trimestres consecutivos | Ampliación de capital dilutiva | Recorte de rating a bono basura,6-12,"EDP, SA está un 0.5% por debajo de su máximo 52s. Fundamentalmente aceptable con ROE 8.9%, deuda neta/EBITDA 5.5x. Técnicamente 🟢 base_pattern_detected, 🟡 trendline_break. Clasificación: pendiente_confirmacion.","EDP, SA está un 0.5% por debajo de su máximo 52s. Fundamentalmente aceptable con ROE 8.9%, deuda neta/EBITDA 5.5x. Técnicamente 🟢 base_pattern_detected, 🟡 trendline_break. Clasificación: pendiente_confirmacion.",🟢 base_pattern_detected | 🟡 trendline_break,4.33,11,20,False,70.8,1.46,7559563.0,21343151360.0,5.51,3.7,gross,40.6,37.1,3.5,8.9,20066.0,16.7,1.66,11.74,0.5,0.5,12.1,59.8,False,False,0.1551,False,92.0,76.0,False,4.35,11.5,True,True,15,18,0.92,4.41,True
112,GALP.LS,GALP ENERGIA-NOM,EUROSTOXX,Energy,Oil & Gas Integrated,Portugal,EUR,22.65,1.0,script-v2.0,1.0,2026-09-25T12:58:21.124334+02:00,45.6,49.9,100,6,0,7,33,pendiente_confirmacion,pendiente_confirmacion,,False,pass,pendiente,0,desconocido,Pendiente de implementar,parcial,margin_stabilization (media): Margen gross 19.6% vs 15.6% (+4.0 pp) | eps_stabilization (media): EPS 1.05 vs -0.15 (Diluted EPS) | dividend_maintained (baja): Dividendo actual 3.00% con caída del 1.4%,incompleto,pendiente_confirmacion,20.73,20.78,20.73 - 20.78,18.57,19.52,18.57 - 19.52,Pérdida del soporte en 20.73 | ROE negativo durante 2 trimestres consecutivos | Ampliación de capital dilutiva | Recorte de rating a bono basura,6-12,"GALP ENERGIA-NOM está un 1.4% por debajo de su máximo 52s. Fundamentalmente aceptable con ROE 24.9%, deuda neta/EBITDA 0.7x. Técnicamente 🟢 base_pattern_detected, 🟡 trendline_break. Clasificación: pendiente_confirmacion.","GALP ENERGIA-NOM está un 1.4% por debajo de su máximo 52s. Fundamentalmente aceptable con ROE 24.9%, deuda neta/EBITDA 0.7x. Técnicamente 🟢 base_pattern_detected, 🟡 trendline_break. Clasificación: pendiente_confirmacion.",🟢 base_pattern_detected | 🟡 trendline_break,3.0,11,20,False,40.9,0.81,1511934.0,2267000064.0,0.68,5.4,gross,30.6,15.1,15.5,24.9,17691.0,14.5,3.45,6.02,1.4,2.3,22.0,64.4,False,False,1.0446,False,77.1,92.2,False,18.69,21.2,True,True,15,18,0.88,20.73,True
113,AIR.PA,AIRBUS SE,EUROSTOXX,Industrials,Aerospace & Defense,Netherlands,EUR,188.78,1.0,script-v2.0,1.0,2026-09-25T12:57:49.148356+02:00,45.5,47.3,90,10,0,10,40,pendiente_confirmacion,pendiente_confirmacion,,False,pass,pendiente,0,desconocido,Pendiente de implementar,parcial,"margin_stabilization (media): Margen gross 18.4% vs 12.3% (+6.1 pp) | eps_stabilization (media): EPS 2.10 vs 0.74 (Diluted EPS) | dividend_maintained (baja): Dividendo actual 1.70% con caída del 14.7% | analyst_upgrade (media): Target 230.96 vs precio 188.78 (+22%), recMean 1.79, recKey buy",incompleto,pendiente_confirmacion,167.18,188.78,167.18 - 188.78,188.11,188.2,188.11 - 188.20,Pérdida del soporte en 167.18 | ROE negativo durante 2 trimestres consecutivos | Ampliación de capital dilutiva | Recorte de rating a bono basura,6-12,"AIRBUS SE está un 14.7% por debajo de su máximo 52s. Fundamentalmente aceptable con ROE 23.2%, deuda neta/EBITDA 0.1x. Técnicamente 🔵 RSI en sobreventa, 🟡 Apoyo en MA40 semanal. Clasificación: pendiente_confirmacion.","AIRBUS SE está un 14.7% por debajo de su máximo 52s. Fundamentalmente aceptable con ROE 23.2%, deuda neta/EBITDA 0.1x. Técnicamente 🔵 RSI en sobreventa, 🟡 Apoyo en MA40 semanal. Clasificación: pendiente_confirmacion.",🔵 RSI en sobreventa | 🟡 Apoyo en MA40 semanal,1.7,9,5,False,42.6,0.55,965587.0,1146999808.0,0.13,30.4,gross,16.3,15.4,0.9,23.2,149416.0,25.1,5.77,17.22,14.7,13.1,0.3,32.3,False,False,4.0864,False,1.8,20.7,False,187.78,0.5,False,False,35,5,0.87,167.18,False
114,BDX,"Becton, Dickinson and Company",SP500,Healthcare,Medical Instruments & Supplies,United States,USD,179.23,1.0,script-v2.0,1.0,2026-09-25T12:58:49.359918+02:00,45.5,51.6,82,25,0,12,27,pendiente_confirmacion,pendiente_confirmacion,,False,pass,pendiente,0,desconocido,Pendiente de implementar,confirmada,margin_stabilization (media): Margen gross 46.5% vs 45.7% (+0.8 pp) | eps_stabilization (media): EPS 1.37 vs -1.11 (Diluted EPS) | debt_reduction (alta): Deuda 16808.0M vs 17279.0M | dividend_maintained (baja): Dividendo actual 2.34% con caída del 7.2%,incompleto,pendiente_confirmacion,175.71,178.09,175.71 - 178.09,159.66,164.11,159.66 - 164.11,Pérdida del soporte en 178.09 | ROE negativo durante 2 trimestres consecutivos | Ampliación de capital dilutiva | Recorte de rating a bono basura,6-12,"Becton, Dickinson and Company está un 7.2% por debajo de su máximo 52s. Fundamentalmente aceptable con ROE 6.6%, deuda neta/EBITDA 2.6x. Técnicamente 🟢 Cerca de soporte, 🟡 trendline_break. Clasificación: pendiente_confirmacion.","Becton, Dickinson and Company está un 7.2% por debajo de su máximo 52s. Fundamentalmente aceptable con ROE 6.6%, deuda neta/EBITDA 2.6x. Técnicamente 🟢 Cerca de soporte, 🟡 trendline_break. Clasificación: pendiente_confirmacion.",🟢 Cerca de soporte | 🟡 trendline_break,2.34,11,20,False,72.5,0.69,1988650.0,16098999488.0,2.63,-2.7,gross,46.9,46.4,0.5,6.6,48820.0,31.1,2.0,10.61,7.2,6.6,12.3,47.6,False,False,8.1585,False,30.6,37.9,False,160.55,11.6,False,True,21,6,0.71,178.09,True
115,PFE,"Pfizer, Inc.",SP500,Healthcare,Drug Manufacturers - General,United States,USD,28.41,1.0,script-v2.0,1.0,2026-09-25T12:59:09.466653+02:00,45.0,48.0,80,20,0,6,36,pendiente_confirmacion,pendiente_confirmacion,,False,pass,pendiente,0,desconocido,Pendiente de implementar,parcial,debt_reduction (alta): Deuda 63480.0M vs 63730.0M | dividend_maintained (baja): Dividendo actual 6.05% con caída del 2.7%,incompleto,pendiente_confirmacion,26.79,27.41,26.79 - 27.41,24.83,25.67,24.83 - 25.67,Pérdida del soporte en 27.41 | ROE negativo durante 2 trimestres consecutivos | Ampliación de capital dilutiva | Recorte de rating a bono basura,6-12,"Pfizer, Inc. está un 2.7% por debajo de su máximo 52s. Fundamentalmente aceptable con ROE 5.0%, deuda neta/EBITDA 2.0x. Técnicamente 🟡 MACD convergiendo, 🟢 Cerca de soporte. Clasificación: pendiente_confirmacion.","Pfizer, Inc. está un 2.7% por debajo de su máximo 52s. Fundamentalmente aceptable con ROE 5.0%, deuda neta/EBITDA 2.0x. Técnicamente 🟡 MACD convergiendo, 🟢 Cerca de soporte. Clasificación: pendiente_confirmacion.",🟡 MACD convergiendo | 🟢 Cerca de soporte | 🟡 trendline_break,6.05,11,20,False,226.3,0.74,38693587.0,51776000000.0,2.04,-0.4,gross,74.7,73.3,1.4,5.0,161928.0,37.4,1.9,8.43,2.7,2.7,10.7,62.9,False,True,0.7961,False,59.2,43.9,False,25.82,10.0,False,True,30,6,0.95,27.41,True
116,DB1.DE,DEUTSCHE BOERSE AG            N,EUROSTOXX,Financial Services,Financial Data & Stock Exchanges,Germany,EUR,284.5,1.0,script-v2.0,1.0,2026-09-25T12:57:44.570892+02:00,44.0,46.7,100,0,0,9,36,pendiente_confirmacion,pendiente_confirmacion,,False,pass,pendiente,0,desconocido,Pendiente de implementar,parcial,eps_stabilization (media): EPS 3.21 vs 2.68 (Diluted EPS) | debt_reduction (alta): Deuda 6187.0M vs 9583.0M | dividend_maintained (baja): Dividendo actual 1.48% con caída del 2.5%,incompleto,pendiente_confirmacion,274.17,275.11,274.17 - 275.11,244.98,248.03,244.98 - 248.03,Pérdida del soporte en 274.17 | ROE negativo durante 2 trimestres consecutivos | Ampliación de capital dilutiva | Recorte de rating a bono basura,6-12,"DEUTSCHE BOERSE AG            N está un 2.5% por debajo de su máximo 52s. Fundamentalmente aceptable con ROE 20.4%, deuda neta/EBITDA 1.3x. Técnicamente 🟡 MACD convergiendo, 🟢 Cerca de soporte. Clasificación: pendiente_confirmacion.","DEUTSCHE BOERSE AG            N está un 2.5% por debajo de su máximo 52s. Fundamentalmente aceptable con ROE 20.4%, deuda neta/EBITDA 1.3x. Técnicamente 🟡 MACD convergiendo, 🟢 Cerca de soporte. Clasificación: pendiente_confirmacion.",🟡 MACD convergiendo | 🟢 Cerca de soporte | 🟡 trendline_break,1.48,11,20,False,36.2,0.58,296010.0,4411999744.0,1.32,-35.4,gross,80.5,50.9,29.6,20.4,51292.0,24.5,4.95,16.66,2.5,2.5,16.1,58.0,False,True,11.7235,False,91.2,81.6,False,246.2,15.6,False,True,30,6,0.5,274.17,True
117,SIE.DE,SIEMENS AG                    N,EUROSTOXX,Industrials,Specialty Industrial Machinery,Germany,EUR,278.75,1.0,script-v2.0,1.0,2026-09-25T12:57:41.797946+02:00,43.0,43.4,93,0,0,12,42,pendiente_confirmacion,pendiente_confirmacion,,False,pass,pendiente,0,desconocido,Pendiente de implementar,confirmada,margin_stabilization (media): Margen gross 40.9% vs 38.9% (+2.0 pp) | eps_stabilization (media): EPS 2.91 vs 2.58 (Diluted EPS) | debt_reduction (alta): Deuda 49924.0M vs 54161.0M | dividend_maintained (baja): Dividendo actual 1.92% con caída del 4.4%,incompleto,pendiente_confirmacion,263.93,275.3,263.93 - 275.30,247.94,255.26,247.94 - 255.26,Pérdida del soporte en 263.93 | ROE negativo durante 2 trimestres consecutivos | Ampliación de capital dilutiva | Recorte de rating a bono basura,6-12,"SIEMENS AG                    N está un 4.4% por debajo de su máximo 52s. Fundamentalmente aceptable con ROE 12.5%, deuda neta/EBITDA 3.1x. Técnicamente 🟢 Cruce alcista MACD, 🟢 base_pattern_detected. Clasificación: pendiente_confirmacion.","SIEMENS AG                    N está un 4.4% por debajo de su máximo 52s. Fundamentalmente aceptable con ROE 12.5%, deuda neta/EBITDA 3.1x. Técnicamente 🟢 Cruce alcista MACD, 🟢 base_pattern_detected. Clasificación: pendiente_confirmacion.",🟢 Cruce alcista MACD | 🟢 base_pattern_detected,1.92,11,20,False,53.4,0.66,967556.0,38994001920.0,3.12,-7.8,gross,39.4,39.4,-0.0,12.5,217499.0,27.9,3.16,20.66,4.4,4.4,9.2,57.3,True,False,7.4473,False,89.8,85.4,False,255.76,9.0,True,False,30,12,0.55,263.93,False
118,FORTUM.HE,Fortum Corporation,EUROSTOXX,Utilities,Utilities - Renewable,Finland,EUR,23.57,1.0,script-v2.0,1.0,2026-09-25T12:58:21.372576+02:00,43.0,45.9,95,3,0,6,34,pendiente_confirmacion,pendiente_confirmacion,,False,pass,pendiente,0,desconocido,Pendiente de implementar,parcial,debt_reduction (alta): Deuda 3906.0M vs 3947.0M | dividend_maintained (baja): Dividendo actual 3.14% con caída del 8.8%,incompleto,pendiente_confirmacion,21.09,23.15,21.09 - 23.15,20.13,21.96,20.13 - 21.96,Pérdida del soporte en 23.15 | ROE negativo durante 2 trimestres consecutivos | Ampliación de capital dilutiva | Recorte de rating a bono basura,6-12,"Fortum Corporation está un 8.8% por debajo de su máximo 52s. Fundamentalmente aceptable con ROE 10.0%, deuda neta/EBITDA 1.4x. Técnicamente 🟢 Cerca de soporte, 🟢 base_pattern_detected. Clasificación: pendiente_confirmacion.","Fortum Corporation está un 8.8% por debajo de su máximo 52s. Fundamentalmente aceptable con ROE 10.0%, deuda neta/EBITDA 1.4x. Técnicamente 🟢 Cerca de soporte, 🟢 base_pattern_detected. Clasificación: pendiente_confirmacion.",🟢 Cerca de soporte | 🟢 base_pattern_detected | 🟡 trendline_break,3.14,11,20,False,80.4,0.47,1118561.0,1732999936.0,1.36,-1.0,gross,39.4,39.2,0.2,10.0,21149.0,25.6,2.6,18.04,8.8,8.8,17.1,59.6,False,False,0.9136,False,53.1,57.5,False,20.29,16.2,True,True,16,18,0.43,23.15,True
119,KO,Coca-Cola Company (The),SP500,Consumer Defensive,Beverages - Non-Alcoholic,United States,USD,88.1,1.0,script-v2.0,1.0,2026-09-25T12:58:38.841865+02:00,42.8,43.4,93,0,0,7,41,pendiente_confirmacion,pendiente_confirmacion,,False,pass,pendiente,0,desconocido,Pendiente de implementar,parcial,margin_stabilization (media): Margen gross 62.9% vs 63.0% (-0.1 pp) | eps_stabilization (media): EPS 1.03 vs 0.91 (Diluted EPS) | dividend_maintained (baja): Dividendo actual 2.41% con caída del 4.7%,incompleto,pendiente_confirmacion,86.23,86.86,86.23 - 86.86,78.49,78.62,78.49 - 78.62,Pérdida del soporte en 86.23 | ROE negativo durante 2 trimestres consecutivos | Ampliación de capital dilutiva | Recorte de rating a bono basura,6-12,"Coca-Cola Company (The) está un 4.7% por debajo de su máximo 52s. Fundamentalmente aceptable con ROE 42.1%, deuda neta/EBITDA 1.6x. Técnicamente 🟡 MACD convergiendo, 🟢 Cerca de soporte. Clasificación: pendiente_confirmacion.","Coca-Cola Company (The) está un 4.7% por debajo de su máximo 52s. Fundamentalmente aceptable con ROE 42.1%, deuda neta/EBITDA 1.6x. Técnicamente 🟡 MACD convergiendo, 🟢 Cerca de soporte. Clasificación: pendiente_confirmacion.",🟡 MACD convergiendo | 🟢 Cerca de soporte | 🟡 trendline_break,2.41,11,20,False,62.5,1.16,16586600.0,27889998848.0,1.64,0.8,gross,61.9,61.8,0.0,42.1,379055.0,26.5,10.49,24.07,4.7,4.2,12.2,52.1,False,True,3.4033,False,41.2,30.0,False,79.3,11.1,False,True,35,6,0.94,86.23,True
120,JNJ,Johnson & Johnson,SP500,Healthcare,Drug Manufacturers - General,United States,USD,270.68,1.0,script-v2.0,1.0,2026-09-25T12:58:38.145444+02:00,41.8,46.7,100,0,0,12,27,pendiente_confirmacion,pendiente_confirmacion,,False,pass,pendiente,0,desconocido,Pendiente de implementar,confirmada,margin_stabilization (media): Margen gross 68.2% vs 66.3% (+1.9 pp) | eps_stabilization (media): EPS 2.27 vs 2.14 (Diluted EPS) | debt_reduction (alta): Deuda 49036.0M vs 54987.0M | dividend_maintained (baja): Dividendo actual 1.98% con caída del 3.7%,incompleto,pendiente_confirmacion,254.35,263.36,254.35 - 263.36,237.54,238.91,237.54 - 238.91,Pérdida del soporte en 254.35 | ROE negativo durante 2 trimestres consecutivos | Ampliación de capital dilutiva | Recorte de rating a bono basura,6-12,"Johnson & Johnson está un 3.7% por debajo de su máximo 52s. Fundamentalmente aceptable con ROE 25.7%, deuda neta/EBITDA 0.8x. Técnicamente 🟡 MACD convergiendo, 🟡 trendline_break. Clasificación: pendiente_confirmacion.","Johnson & Johnson está un 3.7% por debajo de su máximo 52s. Fundamentalmente aceptable con ROE 25.7%, deuda neta/EBITDA 0.8x. Técnicamente 🟡 MACD convergiendo, 🟡 trendline_break. Clasificación: pendiente_confirmacion.",🟡 MACD convergiendo | 🟡 trendline_break,1.98,11,20,False,60.8,0.58,7238541.0,28278001664.0,0.81,-10.8,gross,68.1,67.9,0.2,25.7,652311.0,31.3,7.67,19.52,3.7,3.7,13.9,56.1,False,True,12.2623,False,54.9,46.6,False,240.1,12.7,False,True,21,6,0.88,254.35,True
121,055550.KS,ShinhanGroup,ASIA,Financial Services,Banks - Regional,South Korea,KRW,109300.0,1.0,script-v2.0,1.0,2026-09-25T13:00:15.306997+02:00,41.5,45.3,72,22,0,7,30,pendiente_confirmacion,pendiente_confirmacion,,False,pass,pendiente,0,desconocido,Pendiente de implementar,parcial,"eps_stabilization (media): EPS 3750.00 vs 3327.00 (Diluted EPS) | dividend_maintained (baja): Dividendo actual 2.71% con caída del 6.2% | analyst_upgrade (media): Target 132894.73 vs precio 109300.00 (+22%), recMean 1.40, recKey strong_buy",incompleto,pendiente_confirmacion,102645.75,107202.46,102645.75 - 107202.46,94830.19,99025.0,94830.19 - 99025.00,Pérdida del soporte en 102645.75 | ROE negativo durante 2 trimestres consecutivos | Ampliación de capital dilutiva | Recorte de rating a bono basura,6-12,"ShinhanGroup está un 6.2% por debajo de su máximo 52s. Fundamentalmente aceptable con ROE 8.9%, dividendo 2.7%. Técnicamente 🟢 base_pattern_detected, 🟡 trendline_break. Clasificación: pendiente_confirmacion.","ShinhanGroup está un 6.2% por debajo de su máximo 52s. Fundamentalmente aceptable con ROE 8.9%, dividendo 2.7%. Técnicamente 🟢 base_pattern_detected, 🟡 trendline_break. Clasificación: pendiente_confirmacion.",🟢 base_pattern_detected | 🟡 trendline_break,2.71,11,18,False,25.3,,1200665.0,-70555508146176.0,,61.9,,0.0,,,8.9,51465473.0,7.9,,,6.2,6.2,15.3,48.4,False,False,5182.6629,False,5.3,39.0,False,97150.21,12.5,True,True,12,18,0.79,102645.75,True
122,BOQ.AX,BANK QLD FPO [BOQ],ASX,Financial Services,Banks - Regional,Australia,AUD,6.56,1.0,script-v2.0,1.0,2026-09-25T12:59:48.559501+02:00,41.3,42.1,57,29,0,9,39,pendiente_confirmacion,pendiente_confirmacion,,False,pass,pendiente,0,desconocido,Pendiente de implementar,parcial,eps_stabilization (media): EPS 0.41 vs 0.18 (annual_eps_fallback) | debt_reduction (alta): Deuda 16714.0M vs 17008.0M | dividend_maintained (baja): Dividendo actual 6.10% con caída del 12.3%,incompleto,pendiente_confirmacion,6.12,6.47,6.12 - 6.47,6.36,6.37,6.36 - 6.37,Pérdida del soporte en 6.12 | ROE negativo durante 2 trimestres consecutivos | Ampliación de capital dilutiva | Recorte de rating a bono basura,6-12,"BANK QLD FPO [BOQ] está un 12.3% por debajo de su máximo 52s. Fundamentalmente aceptable con ROE 1.6%, dividendo 6.1%. Técnicamente 🟡 Apoyo en MA40 semanal, 🟢 base_pattern_detected. Clasificación: pendiente_confirmacion.","BANK QLD FPO [BOQ] está un 12.3% por debajo de su máximo 52s. Fundamentalmente aceptable con ROE 1.6%, dividendo 6.1%. Técnicamente 🟡 Apoyo en MA40 semanal, 🟢 base_pattern_detected. Clasificación: pendiente_confirmacion.",🟡 Apoyo en MA40 semanal | 🟢 base_pattern_detected | 🟡 trendline_break,6.1,11,20,False,256.8,,1616098.0,11777000448.0,,-1.7,,0.0,,,1.6,4302.0,43.7,0.73,,12.3,12.7,3.0,52.0,False,False,0.0555,False,42.9,35.7,False,6.39,2.7,True,True,16,23,0.84,6.12,True
123,7267.T,HONDA MOTOR CO,ASIA,Consumer Cyclical,Auto Manufacturers,Japan,JPY,1735.5,1.0,script-v2.0,1.0,2026-09-25T12:59:56.397504+02:00,41.2,41.3,52,32,0,7,41,pendiente_confirmacion,pendiente_confirmacion,,True,pass,pendiente,0,desconocido,Pendiente de implementar,parcial,margin_stabilization (media): Margen gross 22.2% vs 6.4% (+15.8 pp) | eps_stabilization (media): EPS 115.84 vs 46.80 (Diluted EPS) | dividend_maintained (baja): Dividendo actual 4.03% con caída del 1.8%,incompleto,pendiente_confirmacion,1638.25,1649.74,1638.25 - 1649.74,1489.58,1501.52,1489.58 - 1501.52,Pérdida del soporte en 1638.25 | ROE negativo durante 2 trimestres consecutivos | Ampliación de capital dilutiva | Recorte de rating a bono basura,6-12,"HONDA MOTOR CO está un 1.8% por debajo de su máximo 52s. Fundamentalmente aceptable con ROE -0.8%, deuda neta/EBITDA 6.9x. Técnicamente 🟢 Cruce alcista MACD, 🟡 trendline_break. Clasificación: pendiente_confirmacion.","HONDA MOTOR CO está un 1.8% por debajo de su máximo 52s. Fundamentalmente aceptable con ROE -0.8%, deuda neta/EBITDA 6.9x. Técnicamente 🟢 Cruce alcista MACD, 🟡 trendline_break. Clasificación: pendiente_confirmacion.",🟢 Cruce alcista MACD | 🟡 trendline_break,4.03,11,20,False,55.3,1.14,16990053.0,8874140106752.0,6.92,225.1,gross,17.4,17.3,0.1,-0.8,6755573.0,7.6,0.55,12.39,1.8,1.8,16.5,59.3,True,False,76.3963,False,82.6,75.9,False,1494.55,16.1,False,True,35,6,1.26,1638.25,True
124,MQG.AX,MACQ GROUP FPO [MQG],ASX,Financial Services,Capital Markets,Australia,AUD,239.53,1.0,script-v2.0,1.0,2026-09-25T12:59:34.933538+02:00,39.6,42.2,79,10,0,9,32,pendiente_confirmacion,pendiente_confirmacion,,False,pass,pendiente,0,desconocido,Pendiente de implementar,parcial,eps_stabilization (media): EPS 12.67 vs 9.76 (annual_eps_fallback) | debt_reduction (alta): Deuda 194256.0M vs 330185.0M | dividend_maintained (baja): Dividendo actual 2.80% con caída del 10.6%,incompleto,pendiente_confirmacion,238.49,239.53,238.49 - 239.53,227.71,228.31,227.71 - 228.31,Pérdida del soporte en 238.49 | ROE negativo durante 2 trimestres consecutivos | Ampliación de capital dilutiva | Recorte de rating a bono basura,6-12,"MACQ GROUP FPO [MQG] está un 10.6% por debajo de su máximo 52s. Fundamentalmente aceptable con ROE 11.2%, deuda neta/EBITDA 4.5x. Técnicamente 🟢 Cerca de soporte. Clasificación: pendiente_confirmacion.","MACQ GROUP FPO [MQG] está un 10.6% por debajo de su máximo 52s. Fundamentalmente aceptable con ROE 11.2%, deuda neta/EBITDA 4.5x. Técnicamente 🟢 Cerca de soporte. Clasificación: pendiente_confirmacion.",🟢 Cerca de soporte,2.8,11,20,False,67.0,,617811.0,98454994944.0,4.49,-41.2,,0.0,,,11.2,91294.0,24.7,2.53,8.65,10.6,10.6,4.9,35.5,False,False,5.9963,False,19.3,29.4,False,229.36,4.4,False,False,32,0,0.88,238.49,False
