Rank,Ticker,Nombre,Mercado,Sector,Industria,País,Moneda,Precio,Rules_Version,Model_Version,Config_Version,Evaluation_Timestamp,Score_Total,Score_Cuantitativo,Score_Fundamental,Score_Valoracion,Score_Causal,Score_Recuperacion,Score_Tecnico,Clasificacion,Clasificacion_Base,hard_rules_applied,Capa1_Pasa,Capa1_Status,Capa2_Causal_Classification,Capa2_Causal_Confidence,Capa2_Problem_Type,Capa2_Justification,Capa3_Recovery_Status,Capa3_Recovery_Signals,Capa4_Status,Capa5_Final_Classification,Capa5_Entry_Zone_Min,Capa5_Entry_Zone_Max,Capa5_Entry_Zone,Capa5_Exit_Zone_Min,Capa5_Exit_Zone_Max,Capa5_Exit_Zone,Capa5_Invalidation_Conditions,Capa5_Estimated_Horizon_Months,Capa5_Short_Explanation,Capa5_Summary_Explanation,Señales,Div_Yield_Actual_%,Historial_Div_Años_10,Consec_Antes_Corte,Recorte_Reciente,Payout_%,D/E,Vol_Medio_Diario,Net_Debt,Net_Debt_EBITDA,Variacion_Deuda_Trimestral_%,Tipo_Margen,Margen_Actual_%,Margen_Medio_4T_%,Variacion_Margen_pp,ROE_%,Cap_Millones,PER,P/B,EV_EBITDA,Caida_52s_%,Caida_Max_Multianual_%,Dist_SMA200_%,RSI_14,MACD_Cruce,MACD_Convergiendo,MACD_Semanal,MACD_Semanal_Giro,Estocastico_K,Estocastico_D,Estocastico_Giro,MA40_Semanal,Dist_MA40_Semanal_%,Base_Pattern_Detected,Trendline_Break,Technical_Base_Score,Technical_Bonus_Points,Vol_Ratio,Soporte,SMA50_Girando
1,MC.PA,LVMH,EUROSTOXX,Consumer Cyclical,Luxury Goods,France,EUR,407.55,1.0,script-v2.0,1.0,2026-09-21T13:43:56.833607+02:00,87.3,86.1,100,74,0,4,91,seguimiento,seguimiento,Sin señales de recuperación,True,pass,pendiente,0,desconocido,Pendiente de implementar,ausente,"dividend_maintained (baja): Dividendo actual 3.19% con caída del 37.8% | analyst_upgrade (media): Target 551.93 vs precio 407.55 (+35%), recMean 1.88, recKey buy",fuerte,seguimiento,405.25,407.55,405.25 - 407.55,500.38,556.5,500.38 - 556.50,Pérdida del soporte en 405.25 | ROE negativo durante 2 trimestres consecutivos | Ampliación de capital dilutiva | Recorte de rating a bono basura,12-18,"LVMH está un 37.8% por debajo de su máximo 52s. Fundamentalmente sólida con ROE 16.6%, deuda neta/EBITDA 1.2x. Técnicamente 🔵 RSI recuperándose de sobreventa, 🟢 Divergencia alcista RSI. Clasificación: seguimiento.","LVMH está un 37.8% por debajo de su máximo 52s. Fundamentalmente sólida con ROE 16.6%, deuda neta/EBITDA 1.2x. Técnicamente 🔵 RSI recuperándose de sobreventa, 🟢 Divergencia alcista RSI. Clasificación: seguimiento.",🔵 RSI recuperándose de sobreventa | 🟢 Divergencia alcista RSI | 🟡 MACD convergiendo | 🟢 Cerca de soporte | 🟢 Estocástico sale de sobreventa | 🟢 base_pattern_detected,3.19,11,20,False,59.2,0.53,511539.0,24936998912.0,1.24,1.1,,66.4,,,16.6,200908.0,18.6,2.95,11.23,37.8,44.4,-18.6,35.4,False,True,-23.5418,False,17.0,11.8,True,492.86,-17.3,True,False,73,18,1.12,405.25,False
2,HEI.DE,Heidelberg Materials AG       I,EUROSTOXX,Basic Materials,Building Materials,Germany,EUR,144.25,1.0,script-v2.0,1.0,2026-09-21T13:43:49.107444+02:00,85.0,82.4,92,74,0,4,93,seguimiento,seguimiento,Sin señales de recuperación,True,pass,pendiente,0,desconocido,Pendiente de implementar,ausente,"dividend_maintained (baja): Dividendo actual 2.50% con caída del 40.3% | analyst_upgrade (media): Target 211.70 vs precio 144.25 (+47%), recMean 2.00, recKey buy",fuerte,seguimiento,137.09,144.3,137.09 - 144.30,184.51,205.53,184.51 - 205.53,Pérdida del soporte en 137.09 | ROE negativo durante 2 trimestres consecutivos | Ampliación de capital dilutiva | Recorte de rating a bono basura,18-24,"Heidelberg Materials AG       I está un 40.3% por debajo de su máximo 52s. Fundamentalmente sólida con ROE 11.7%, deuda neta/EBITDA 1.9x. Técnicamente 🔵 RSI en sobreventa, 🟢 Divergencia alcista RSI. Clasificación: seguimiento.","Heidelberg Materials AG       I está un 40.3% por debajo de su máximo 52s. Fundamentalmente sólida con ROE 11.7%, deuda neta/EBITDA 1.9x. Técnicamente 🔵 RSI en sobreventa, 🟢 Divergencia alcista RSI. Clasificación: seguimiento.",🔵 RSI en sobreventa | 🟢 Divergencia alcista RSI | 🟡 MACD convergiendo | 🟢 Volumen creciente | 🟢 Estocástico sale de sobreventa | 🟢 base_pattern_detected,2.5,11,20,False,31.3,0.5,410477.0,7790899968.0,1.91,46.9,,64.3,,,11.7,25359.0,12.6,1.36,8.39,40.3,39.1,-21.8,28.2,False,True,-9.4429,False,4.9,1.7,True,182.01,-20.7,True,False,75,18,1.36,,False
3,DG.PA,VINCI,EUROSTOXX,Industrials,Engineering & Construction,France,EUR,112.15,1.0,script-v2.0,1.0,2026-09-21T13:43:53.658053+02:00,82.3,77.8,89,68,0,7,96,seguimiento,seguimiento,,True,pass,pendiente,0,desconocido,Pendiente de implementar,parcial,"eps_stabilization (media): EPS 8.65 vs 8.43 (annual_eps_fallback) | dividend_maintained (baja): Dividendo actual 4.50% con caída del 21.7% | analyst_upgrade (media): Target 143.38 vs precio 112.15 (+28%), recMean 1.90, recKey buy",fuerte,seguimiento,110.6,112.15,110.60 - 112.15,121.68,122.91,121.68 - 122.91,Pérdida del soporte en 110.60 | ROE negativo durante 2 trimestres consecutivos | Ampliación de capital dilutiva | Recorte de rating a bono basura,6-12,"VINCI está un 21.7% por debajo de su máximo 52s. Fundamentalmente sólida con ROE 16.3%, deuda neta/EBITDA 2.0x. Técnicamente 🔵 RSI recuperándose de sobreventa, 🟢 Cruce alcista MACD. Clasificación: seguimiento.","VINCI está un 21.7% por debajo de su máximo 52s. Fundamentalmente sólida con ROE 16.3%, deuda neta/EBITDA 2.0x. Técnicamente 🔵 RSI recuperándose de sobreventa, 🟢 Cruce alcista MACD. Clasificación: seguimiento.",🔵 RSI recuperándose de sobreventa | 🟢 Cruce alcista MACD | 🟢 Volumen creciente | 🟢 Cerca de soporte | 🟡 Apoyo en MA40 semanal | 🟢 base_pattern_detected,4.5,11,20,False,55.5,1.21,871772.0,25782998016.0,2.02,9.7,,17.0,,,16.3,62009.0,12.4,2.03,7.11,21.7,19.3,-8.8,42.1,True,False,-3.0569,False,52.0,45.5,False,122.97,-8.8,True,False,79,17,1.41,110.6,False
4,RI.PA,PERNOD RICARD,EUROSTOXX,Consumer Defensive,Beverages - Wineries & Distilleries,France,EUR,59.44,1.0,script-v2.0,1.0,2026-09-21T13:43:58.662740+02:00,81.5,84.7,73,95,0,12,72,entrada_directa,entrada_directa,,True,pass,pendiente,0,desconocido,Pendiente de implementar,confirmada,"eps_stabilization (media): EPS 6.45 vs 5.83 (annual_eps_fallback) | debt_reduction (alta): Deuda 12677.0M vs 13602.0M | dividend_maintained (baja): Dividendo actual 7.91% con caída del 34.2% | analyst_upgrade (media): Target 81.76 vs precio 59.44 (+38%), recMean 2.50, recKey buy",fuerte,entrada_directa,56.47,59.44,56.47 - 59.44,66.48,76.79,66.48 - 76.79,Pérdida del soporte en 56.47 | ROE negativo durante 2 trimestres consecutivos | Ampliación de capital dilutiva | Recorte de rating a bono basura,12-18,"PERNOD RICARD está un 34.2% por debajo de su máximo 52s. Fundamentalmente sólida con ROE 7.6%, deuda neta/EBITDA 4.1x. Técnicamente 🔵 RSI en sobreventa, 🟡 MACD convergiendo. Clasificación: entrada_directa.","PERNOD RICARD está un 34.2% por debajo de su máximo 52s. Fundamentalmente sólida con ROE 7.6%, deuda neta/EBITDA 4.1x. Técnicamente 🔵 RSI en sobreventa, 🟡 MACD convergiendo. Clasificación: entrada_directa.",🔵 RSI en sobreventa | 🟡 MACD convergiendo | 🟡 Apoyo en MA40 semanal | 🟢 base_pattern_detected,7.91,11,20,False,98.6,0.77,666889.0,10684000256.0,4.07,-6.8,,58.4,,,7.6,14968.0,12.5,0.97,10.17,34.2,52.7,-10.6,33.5,False,True,-1.8109,False,12.4,14.1,False,66.03,-10.0,True,False,55,17,0.88,,False
5,FMG.AX,FORTESCUE FPO [FMG],ASX,Basic Materials,Other Industrial Metals & Mining,Australia,AUD,16.72,1.0,script-v2.0,1.0,2026-09-21T13:45:26.794566+02:00,80.6,82.1,96,70,0,1,76,seguimiento,seguimiento,Sin señales de recuperación,True,pass,pendiente,0,desconocido,Pendiente de implementar,ausente,dividend_maintained (baja): Dividendo actual 6.46% con caída del 28.5%,fuerte,seguimiento,15.88,16.72,15.88 - 16.72,19.47,19.87,19.47 - 19.87,Pérdida del soporte en 15.88 | ROE negativo durante 2 trimestres consecutivos | Ampliación de capital dilutiva | Recorte de rating a bono basura,12-18,"FORTESCUE FPO [FMG] está un 28.5% por debajo de su máximo 52s. Fundamentalmente sólida con ROE 14.2%, deuda neta/EBITDA 0.1x. Técnicamente 🔵 RSI recuperándose de sobreventa, 🟢 Divergencia alcista RSI. Clasificación: seguimiento.","FORTESCUE FPO [FMG] está un 28.5% por debajo de su máximo 52s. Fundamentalmente sólida con ROE 14.2%, deuda neta/EBITDA 0.1x. Técnicamente 🔵 RSI recuperándose de sobreventa, 🟢 Divergencia alcista RSI. Clasificación: seguimiento.",🔵 RSI recuperándose de sobreventa | 🟢 Divergencia alcista RSI | 🟡 MACD convergiendo | 🟢 base_pattern_detected,6.46,11,16,False,89.5,0.29,6535367.0,856999936.0,0.1,9.0,,40.1,,,14.2,51480.0,12.8,1.81,6.4,28.5,25.8,-14.1,43.6,False,True,-0.7556,False,33.0,33.7,False,19.26,-13.2,True,False,64,12,1.17,,False
6,CAP.PA,CAPGEMINI,EUROSTOXX,Technology,Information Technology Services,France,EUR,107.4,1.0,script-v2.0,1.0,2026-09-21T13:43:52.775276+02:00,80.2,84.3,95,75,0,4,68,seguimiento,seguimiento,Sin señales de recuperación,True,pass,pendiente,0,desconocido,Pendiente de implementar,ausente,"dividend_maintained (baja): Dividendo actual 3.17% con caída del 29.8% | analyst_upgrade (media): Target 140.51 vs precio 107.40 (+31%), recMean 1.76, recKey buy",razonable,seguimiento,103.7,104.96,103.70 - 104.96,107.53,130.09,107.53 - 130.09,Pérdida del soporte en 104.96 | ROE negativo durante 2 trimestres consecutivos | Ampliación de capital dilutiva | Recorte de rating a bono basura,12-18,"CAPGEMINI está un 29.8% por debajo de su máximo 52s. Fundamentalmente sólida con ROE 12.2%, deuda neta/EBITDA 2.6x. Técnicamente 🟡 MACD convergiendo, 🟢 Cerca de soporte. Clasificación: seguimiento.","CAPGEMINI está un 29.8% por debajo de su máximo 52s. Fundamentalmente sólida con ROE 12.2%, deuda neta/EBITDA 2.6x. Técnicamente 🟡 MACD convergiendo, 🟢 Cerca de soporte. Clasificación: seguimiento.",🟡 MACD convergiendo | 🟢 Cerca de soporte | 🟡 Apoyo en MA40 semanal | 🟢 base_pattern_detected | 🟡 trendline_break,3.17,11,20,False,43.2,0.88,614078.0,7907000320.0,2.56,7.7,,26.8,,,12.2,17829.0,13.6,1.56,8.27,29.8,43.3,-0.1,52.7,False,True,-0.0829,False,63.5,53.5,False,105.77,1.5,True,True,45,23,0.99,104.96,True
7,035420.KS,NAVER,ASIA,Communication Services,Internet Content & Information,South Korea,KRW,197900.0,1.0,script-v2.0,1.0,2026-09-21T13:45:55.845297+02:00,80.1,81.4,75,87,0,10,76,seguimiento,seguimiento,,True,pass,pendiente,0,desconocido,Pendiente de implementar,parcial,"margin_stabilization (media): Margen gross 100.0% vs 100.0% (+0.0 pp) | eps_stabilization (media): EPS 4635.00 vs 1864.00 (Diluted EPS) | dividend_maintained (baja): Dividendo actual 1.33% con caída del 34.9% | analyst_upgrade (media): Target 300500.00 vs precio 197900.00 (+52%), recMean 1.58, recKey buy",fuerte,seguimiento,182800.0,197900.0,182800.00 - 197900.00,223995.71,258400.0,223995.71 - 258400.00,Pérdida del soporte en 182800.00 | ROE negativo durante 2 trimestres consecutivos | Ampliación de capital dilutiva | Recorte de rating a bono basura,12-18,"NAVER está un 34.9% por debajo de su máximo 52s. Fundamentalmente sólida con ROE 6.4%, deuda neta/EBITDA -1.1x. Técnicamente 🟢 Divergencia alcista RSI, 🟡 MACD convergiendo. Clasificación: seguimiento.","NAVER está un 34.9% por debajo de su máximo 52s. Fundamentalmente sólida con ROE 6.4%, deuda neta/EBITDA -1.1x. Técnicamente 🟢 Divergencia alcista RSI, 🟡 MACD convergiendo. Clasificación: seguimiento.",🟢 Divergencia alcista RSI | 🟡 MACD convergiendo | 🟢 Bajo SMA200 con SMA50 girando | 🟢 base_pattern_detected,1.33,10,2,False,19.6,0.18,1026704.0,-3356823650304.0,-1.11,15.6,gross,100.0,100.0,0.0,6.4,29646278.0,13.5,,9.18,34.9,34.9,-11.7,38.6,False,True,-5349.7856,False,7.7,5.9,False,222448.77,-11.0,True,False,64,12,1.27,182800.0,True
8,LOW,"Lowe's Companies, Inc.",SP500,Consumer Cyclical,Home Improvement Retail,United States,USD,192.49,1.0,script-v2.0,1.0,2026-09-21T13:44:44.866491+02:00,80.0,83.1,74,91,0,15,71,entrada_directa,entrada_directa,,True,pass,pendiente,0,desconocido,Pendiente de implementar,confirmada,"margin_stabilization (media): Margen gross 33.0% vs 32.7% (+0.4 pp) | eps_stabilization (media): EPS 4.27 vs 2.90 (Diluted EPS) | debt_reduction (alta): Deuda 42031.0M vs 42540.0M | dividend_maintained (baja): Dividendo actual 2.60% con caída del 34.3% | analyst_upgrade (media): Target 252.30 vs precio 192.49 (+31%), recMean 1.80, recKey buy",fuerte,entrada_directa,182.87,192.49,182.87 - 192.49,232.59,249.1,232.59 - 249.10,Pérdida del soporte en 182.87 | ROE negativo durante 2 trimestres consecutivos | Ampliación de capital dilutiva | Recorte de rating a bono basura,12-18,"Lowe's Companies, Inc. está un 34.3% por debajo de su máximo 52s. Fundamentalmente sólida con deuda neta/EBITDA 3.0x, dividendo 2.6%. Técnicamente 🔵 RSI en sobreventa, 🟡 MACD convergiendo. Clasificación: entrada_directa.","Lowe's Companies, Inc. está un 34.3% por debajo de su máximo 52s. Fundamentalmente sólida con deuda neta/EBITDA 3.0x, dividendo 2.6%. Técnicamente 🔵 RSI en sobreventa, 🟡 MACD convergiendo. Clasificación: entrada_directa.",🔵 RSI en sobreventa | 🟡 MACD convergiendo | 🟢 base_pattern_detected,2.6,11,20,False,41.0,,3035330.0,38859001600.0,3.05,-1.2,gross,33.0,33.1,-0.1,,107997.0,16.3,-14.52,11.54,34.3,33.6,-17.2,30.8,False,True,-9.238,False,2.7,4.3,False,232.08,-17.1,True,False,59,12,1.2,,False
9,0700.HK,TENCENT,ASIA,Communication Services,Internet Content & Information,China,HKD,430.0,1.0,script-v2.0,1.0,2026-09-21T13:45:52.164879+02:00,79.7,86.6,93,81,0,7,59,seguimiento,seguimiento,,True,pass,pendiente,0,desconocido,Pendiente de implementar,parcial,"margin_stabilization (media): Margen gross 57.8% vs 56.9% (+0.9 pp) | dividend_maintained (baja): Dividendo actual 1.23% con caída del 37.0% | analyst_upgrade (media): Target 664.53 vs precio 430.00 (+55%), recMean 1.39, recKey strong_buy",razonable,seguimiento,408.5,430.0,408.50 - 430.00,502.39,580.55,502.39 - 580.55,Pérdida del soporte en 408.50 | ROE negativo durante 2 trimestres consecutivos | Ampliación de capital dilutiva | Recorte de rating a bono basura,12-18,"TENCENT está un 37.0% por debajo de su máximo 52s. Fundamentalmente sólida con ROE 19.9%, deuda neta/EBITDA 0.0x. Técnicamente 🟡 MACD convergiendo, 🟢 base_pattern_detected. Clasificación: seguimiento.","TENCENT está un 37.0% por debajo de su máximo 52s. Fundamentalmente sólida con ROE 19.9%, deuda neta/EBITDA 0.0x. Técnicamente 🟡 MACD convergiendo, 🟢 base_pattern_detected. Clasificación: seguimiento.",🟡 MACD convergiendo | 🟢 base_pattern_detected,1.23,11,19,False,18.0,0.39,27615688.0,12923994112.0,0.04,14.4,gross,56.7,57.4,-0.7,19.9,3873746.0,14.5,2.92,13.03,37.0,36.3,-14.4,44.5,False,True,-19.0981,False,38.5,18.8,False,489.07,-12.1,True,False,47,12,1.21,,False
10,EL.PA,ESSILORLUXOTTICA,EUROSTOXX,Healthcare,Medical Instruments & Supplies,France,EUR,140.55,1.0,script-v2.0,1.0,2026-09-21T13:43:54.816174+02:00,78.8,76.3,79,74,0,4,86,seguimiento,seguimiento,Sin señales de recuperación,True,pass,pendiente,0,desconocido,Pendiente de implementar,ausente,"dividend_maintained (baja): Dividendo actual 2.85% con caída del 56.6% | analyst_upgrade (media): Target 237.96 vs precio 140.55 (+69%), recMean 1.83, recKey buy",fuerte,seguimiento,133.52,140.55,133.52 - 140.55,198.62,275.23,198.62 - 275.23,Pérdida del soporte en 133.52 | ROE negativo durante 2 trimestres consecutivos | Ampliación de capital dilutiva | Recorte de rating a bono basura,18-24,"ESSILORLUXOTTICA está un 56.6% por debajo de su máximo 52s. Fundamentalmente sólida con ROE 6.7%, deuda neta/EBITDA 2.3x. Técnicamente 🔵 RSI en sobreventa, 🟢 Divergencia alcista RSI. Clasificación: seguimiento.","ESSILORLUXOTTICA está un 56.6% por debajo de su máximo 52s. Fundamentalmente sólida con ROE 6.7%, deuda neta/EBITDA 2.3x. Técnicamente 🔵 RSI en sobreventa, 🟢 Divergencia alcista RSI. Clasificación: seguimiento.",🔵 RSI en sobreventa | 🟢 Divergencia alcista RSI | 🟡 MACD convergiendo | 🟢 Estocástico sale de sobreventa | 🟢 base_pattern_detected,2.85,11,20,False,74.8,0.38,716811.0,13384999680.0,2.29,6.4,,60.0,,,6.7,64474.0,26.3,1.65,13.32,56.6,55.6,-29.2,28.0,False,True,-17.0183,False,10.2,5.5,True,193.22,-27.3,True,False,68,18,1.18,,False
11,MGR.AX,MIRVAC GRP STAPLED [MGR],ASX,Real Estate,REIT - Diversified,Australia,AUD,1.75,1.0,script-v2.0,1.0,2026-09-21T13:45:32.706943+02:00,78.8,78.8,82,76,0,12,79,entrada_directa,entrada_directa,,True,pass,pendiente,0,desconocido,Pendiente de implementar,confirmada,"eps_stabilization (media): EPS 0.02 vs -0.20 (annual_eps_fallback) | debt_reduction (alta): Deuda 3934.0M vs 4544.0M | dividend_maintained (baja): Dividendo actual 5.71% con caída del 28.9% | analyst_upgrade (media): Target 2.12 vs precio 1.75 (+21%), recMean 1.73, recKey buy",fuerte,entrada_directa,1.68,1.75,1.68 - 1.75,1.8,2.09,1.80 - 2.09,Pérdida del soporte en 1.68 | ROE negativo durante 2 trimestres consecutivos | Ampliación de capital dilutiva | Recorte de rating a bono basura,12-18,"MIRVAC GRP STAPLED [MGR] está un 28.9% por debajo de su máximo 52s. Fundamentalmente sólida con ROE 7.4%, deuda neta/EBITDA 4.1x. Técnicamente 🟡 MACD convergiendo, 🟢 Cerca de soporte. Clasificación: entrada_directa.","MIRVAC GRP STAPLED [MGR] está un 28.9% por debajo de su máximo 52s. Fundamentalmente sólida con ROE 7.4%, deuda neta/EBITDA 4.1x. Técnicamente 🟡 MACD convergiendo, 🟢 Cerca de soporte. Clasificación: entrada_directa.",🟡 MACD convergiendo | 🟢 Cerca de soporte | 🟢 Estocástico sale de sobreventa | 🟡 Apoyo en MA40 semanal | 🟢 base_pattern_detected,5.71,11,20,False,55.2,0.42,12709563.0,3605000128.0,4.12,-13.4,,38.9,,,7.4,6905.0,10.3,0.74,11.99,28.9,25.2,-2.6,41.6,False,True,-0.0088,False,12.9,12.6,True,1.79,-2.0,True,False,56,23,1.27,1.68,True
12,GSK.L,GSK PLC ORD 31 1/4P,EUROSTOXX,Healthcare,Drug Manufacturers - General,United Kingdom,GBp,1891.5,1.0,script-v2.0,1.0,2026-09-21T13:44:24.699904+02:00,78.5,71.3,91,54,0,6,100,seguimiento,seguimiento,,True,pass,pendiente,0,desconocido,Pendiente de implementar,parcial,debt_reduction (alta): Deuda 18293.0M vs 19056.0M | dividend_maintained (baja): Dividendo actual 0.04% con caída del 17.1%,fuerte,seguimiento,1850.68,1891.5,1850.68 - 1891.50,1939.7,1951.13,1939.70 - 1951.13,Pérdida del soporte en 1850.68 | ROE negativo durante 2 trimestres consecutivos | Ampliación de capital dilutiva | Recorte de rating a bono basura,6-12,"GSK PLC ORD 31 1/4P está un 17.1% por debajo de su máximo 52s. Fundamentalmente sólida con ROE 33.4%, deuda neta/EBITDA 1.4x. Técnicamente 🟢 Divergencia alcista RSI, 🟢 Cruce alcista MACD. Clasificación: seguimiento.","GSK PLC ORD 31 1/4P está un 17.1% por debajo de su máximo 52s. Fundamentalmente sólida con ROE 33.4%, deuda neta/EBITDA 1.4x. Técnicamente 🟢 Divergencia alcista RSI, 🟢 Cruce alcista MACD. Clasificación: seguimiento.",🟢 Divergencia alcista RSI | 🟢 Cruce alcista MACD | 🟢 Volumen creciente | 🟢 Cerca de soporte | 🟢 MACD semanal girando al alza | 🟡 Apoyo en MA40 semanal | 🟢 base_pattern_detected,0.04,11,20,False,56.9,1.06,7193090.0,15187000320.0,1.4,-4.0,gross,73.5,72.8,0.7,33.4,75766.0,16.0,4.29,8.31,17.1,17.1,-3.1,54.4,True,False,-18.6782,True,85.6,84.5,False,1956.23,-3.3,True,False,75,27,1.66,1850.68,False
13,ADS.DE,adidas AG                     N,EUROSTOXX,Consumer Cyclical,Footwear & Accessories,Germany,EUR,142.05,1.0,script-v2.0,1.0,2026-09-21T13:43:47.175491+02:00,78.3,74.1,97,54,0,7,91,seguimiento,seguimiento,,True,pass,pendiente,0,desconocido,Pendiente de implementar,parcial,"margin_stabilization (media): Margen gross 52.5% vs 51.1% (+1.4 pp) | dividend_maintained (baja): Dividendo actual 1.97% con caída del 27.7% | analyst_upgrade (media): Target 198.97 vs precio 142.05 (+40%), recMean 1.80, recKey buy",fuerte,seguimiento,139.04,142.05,139.04 - 142.05,155.08,166.94,155.08 - 166.94,Pérdida del soporte en 139.04 | ROE negativo durante 2 trimestres consecutivos | Ampliación de capital dilutiva | Recorte de rating a bono basura,12-18,"adidas AG                     N está un 27.7% por debajo de su máximo 52s. Fundamentalmente sólida con ROE 24.3%, deuda neta/EBITDA 1.7x. Técnicamente 🔵 RSI en sobreventa, 🟢 Divergencia alcista RSI. Clasificación: seguimiento.","adidas AG                     N está un 27.7% por debajo de su máximo 52s. Fundamentalmente sólida con ROE 24.3%, deuda neta/EBITDA 1.7x. Técnicamente 🔵 RSI en sobreventa, 🟢 Divergencia alcista RSI. Clasificación: seguimiento.",🔵 RSI en sobreventa | 🟢 Divergencia alcista RSI | 🟢 Cruce alcista MACD | 🟢 Cerca de soporte | 🟡 Apoyo en MA40 semanal,1.97,10,6,False,35.9,0.94,716003.0,4415999872.0,1.66,0.4,gross,51.6,51.6,0.0,24.3,24868.0,18.2,4.18,11.15,27.7,44.6,-8.4,34.1,True,False,-3.3656,False,22.5,21.9,False,154.24,-7.9,False,False,86,5,1.21,139.04,False
14,SGO.PA,SAINT GOBAIN,EUROSTOXX,Industrials,Building Products & Equipment,France,EUR,70.04,1.0,script-v2.0,1.0,2026-09-21T13:44:00.291695+02:00,77.2,81.7,95,70,0,12,64,entrada_escalada,entrada_escalada,,True,pass,pendiente,0,desconocido,Pendiente de implementar,confirmada,"eps_stabilization (media): EPS 5.78 vs 5.64 (annual_eps_fallback) | debt_reduction (alta): Deuda 17270.0M vs 17729.0M | dividend_maintained (baja): Dividendo actual 3.28% con caída del 26.7% | analyst_upgrade (media): Target 97.66 vs precio 70.04 (+39%), recMean 1.94, recKey buy",razonable,entrada_escalada,66.54,70.04,66.54 - 70.04,77.71,81.26,77.71 - 81.26,Pérdida del soporte en 66.54 | ROE negativo durante 2 trimestres consecutivos | Ampliación de capital dilutiva | Recorte de rating a bono basura,12-18,"SAINT GOBAIN está un 26.7% por debajo de su máximo 52s. Fundamentalmente sólida con ROE 11.0%, deuda neta/EBITDA 1.8x. Técnicamente 🔵 RSI en sobreventa, 🟡 MACD convergiendo. Clasificación: entrada_escalada.","SAINT GOBAIN está un 26.7% por debajo de su máximo 52s. Fundamentalmente sólida con ROE 11.0%, deuda neta/EBITDA 1.8x. Técnicamente 🔵 RSI en sobreventa, 🟡 MACD convergiendo. Clasificación: entrada_escalada.",🔵 RSI en sobreventa | 🟡 MACD convergiendo | 🟡 Apoyo en MA40 semanal,3.28,10,6,False,42.7,0.66,991159.0,11518999552.0,1.75,-2.6,,27.2,,,11.0,34231.0,13.0,1.35,6.99,26.7,31.0,-9.9,31.9,False,True,-1.4052,False,22.2,16.0,False,77.4,-9.5,False,False,59,5,1.12,,False
15,SCG.AX,SCENTRE STAPLED [SCG],ASX,Real Estate,REIT - Retail,Australia,AUD,3.45,1.0,script-v2.0,1.0,2026-09-21T13:45:32.488728+02:00,77.2,78.5,86,72,0,9,73,seguimiento,seguimiento,,True,pass,pendiente,0,desconocido,Pendiente de implementar,parcial,eps_stabilization (media): EPS 0.34 vs 0.20 (annual_eps_fallback) | debt_reduction (alta): Deuda 14029.0M vs 16774.4M | dividend_maintained (baja): Dividendo actual 5.22% con caída del 19.2%,fuerte,seguimiento,3.28,3.45,3.28 - 3.45,3.63,3.7,3.63 - 3.70,Pérdida del soporte en 3.28 | ROE negativo durante 2 trimestres consecutivos | Ampliación de capital dilutiva | Recorte de rating a bono basura,6-12,"SCENTRE STAPLED [SCG] está un 19.2% por debajo de su máximo 52s. Fundamentalmente sólida con ROE 10.4%, deuda neta/EBITDA 5.6x. Técnicamente 🔵 RSI en sobreventa, 🟢 Cruce alcista MACD. Clasificación: seguimiento.","SCENTRE STAPLED [SCG] está un 19.2% por debajo de su máximo 52s. Fundamentalmente sólida con ROE 10.4%, deuda neta/EBITDA 5.6x. Técnicamente 🔵 RSI en sobreventa, 🟢 Cruce alcista MACD. Clasificación: seguimiento.",🔵 RSI en sobreventa | 🟢 Cruce alcista MACD | 🟡 Apoyo en MA40 semanal,5.22,11,16,False,47.1,0.72,11574471.0,13751199680.0,5.58,-16.4,,70.7,,,10.4,18042.0,9.1,0.93,12.9,19.2,15.3,-6.6,34.2,True,False,-0.0491,False,11.8,19.6,False,3.68,-6.2,False,False,68,5,1.11,,False
16,3382.T,SEVEN & I HOLDINGS CO LTD,ASIA,Consumer Defensive,Grocery Stores,Japan,JPY,2020.0,1.0,script-v2.0,1.0,2026-09-21T13:45:45.950889+02:00,77.1,78.8,82,76,0,4,72,seguimiento,seguimiento,Sin señales de recuperación,True,pass,pendiente,0,desconocido,Pendiente de implementar,ausente,eps_stabilization (media): EPS 26.21 vs 18.96 (Diluted EPS) | dividend_maintained (baja): Dividendo actual 2.97% con caída del 16.4%,fuerte,seguimiento,1956.22,2020.0,1956.22 - 2020.00,2039.13,2054.45,2039.13 - 2054.45,Pérdida del soporte en 1956.22 | ROE negativo durante 2 trimestres consecutivos | Ampliación de capital dilutiva | Recorte de rating a bono basura,6-12,"SEVEN & I HOLDINGS CO LTD está un 16.4% por debajo de su máximo 52s. Fundamentalmente sólida con ROE 8.0%, deuda neta/EBITDA 3.3x. Técnicamente 🟢 Cruce alcista MACD, 🟢 Cerca de soporte. Clasificación: seguimiento.","SEVEN & I HOLDINGS CO LTD está un 16.4% por debajo de su máximo 52s. Fundamentalmente sólida con ROE 8.0%, deuda neta/EBITDA 3.3x. Técnicamente 🟢 Cruce alcista MACD, 🟢 Cerca de soporte. Clasificación: seguimiento.",🟢 Cruce alcista MACD | 🟢 Cerca de soporte | 🟡 Apoyo en MA40 semanal | 🟢 base_pattern_detected,2.97,11,20,False,42.1,1.04,8564414.0,3217205100544.0,3.32,,,16.4,,,8.0,4579459.0,17.0,1.27,8.16,16.4,21.6,-0.9,48.1,True,False,6.5785,False,48.0,62.6,False,2038.61,-0.9,True,False,55,17,0.8,1956.22,True
17,EN.PA,BOUYGUES,EUROSTOXX,Industrials,Engineering & Construction,France,EUR,43.64,1.0,script-v2.0,1.0,2026-09-21T13:43:54.956876+02:00,75.8,72.1,87,59,0,15,87,entrada_directa,entrada_directa,,True,pass,pendiente,0,desconocido,Pendiente de implementar,confirmada,"margin_stabilization (media): Margen gross 57.6% vs 57.8% (-0.2 pp) | eps_stabilization (media): EPS 0.98 vs -0.24 (Diluted EPS) | debt_reduction (alta): Deuda 14707.0M vs 15110.0M | dividend_maintained (baja): Dividendo actual 4.81% con caída del 18.4% | analyst_upgrade (media): Target 59.89 vs precio 43.64 (+37%), recMean 2.00, recKey buy",fuerte,entrada_directa,43.47,43.64,43.47 - 43.64,45.46,47.17,45.46 - 47.17,Pérdida del soporte en 43.47 | ROE negativo durante 2 trimestres consecutivos | Ampliación de capital dilutiva | Recorte de rating a bono basura,6-12,"BOUYGUES está un 18.4% por debajo de su máximo 52s. Fundamentalmente sólida con ROE 9.7%, deuda neta/EBITDA 2.1x. Técnicamente 🔵 RSI recuperándose de sobreventa, 🟢 Divergencia alcista RSI. Clasificación: entrada_directa.","BOUYGUES está un 18.4% por debajo de su máximo 52s. Fundamentalmente sólida con ROE 9.7%, deuda neta/EBITDA 2.1x. Técnicamente 🔵 RSI recuperándose de sobreventa, 🟢 Divergencia alcista RSI. Clasificación: entrada_directa.",🔵 RSI recuperándose de sobreventa | 🟢 Divergencia alcista RSI | 🟢 Cruce alcista MACD | 🟢 Cerca de soporte | 🟡 Apoyo en MA40 semanal,4.81,11,20,False,64.2,1.03,690308.0,9871000576.0,2.15,-2.7,gross,56.8,56.3,0.5,9.7,16682.0,13.3,1.34,6.17,18.4,18.0,-7.5,38.8,True,False,-0.7408,False,20.9,36.0,False,47.3,-7.7,False,False,82,5,1.04,43.47,False
18,AD.AS,KONINKLIJKE AHOLD DELHAIZE N.V.,EUROSTOXX,Consumer Defensive,Grocery Stores,Netherlands,EUR,31.77,1.0,script-v2.0,1.0,2026-09-21T13:44:09.243022+02:00,75.8,76.1,83,70,0,7,75,seguimiento,seguimiento,,True,pass,pendiente,0,desconocido,Pendiente de implementar,parcial,"margin_stabilization (media): Margen gross 26.4% vs 26.8% (-0.4 pp) | dividend_maintained (baja): Dividendo actual 3.90% con caída del 25.3% | analyst_upgrade (media): Target 38.58 vs precio 31.77 (+21%), recMean 2.47, recKey buy",fuerte,seguimiento,30.92,31.77,30.92 - 31.77,35.42,36.16,35.42 - 36.16,Pérdida del soporte en 30.92 | ROE negativo durante 2 trimestres consecutivos | Ampliación de capital dilutiva | Recorte de rating a bono basura,12-18,"KONINKLIJKE AHOLD DELHAIZE N.V. está un 25.3% por debajo de su máximo 52s. Fundamentalmente sólida con ROE 15.7%, deuda neta/EBITDA 3.0x. Técnicamente 🟢 Divergencia alcista RSI, 🟢 Cerca de soporte. Clasificación: seguimiento.","KONINKLIJKE AHOLD DELHAIZE N.V. está un 25.3% por debajo de su máximo 52s. Fundamentalmente sólida con ROE 15.7%, deuda neta/EBITDA 3.0x. Técnicamente 🟢 Divergencia alcista RSI, 🟢 Cerca de soporte. Clasificación: seguimiento.",🟢 Divergencia alcista RSI | 🟢 Cerca de soporte | 🟢 MACD semanal girando al alza | 🟢 base_pattern_detected,3.9,11,18,False,49.4,1.33,2560647.0,16049999616.0,2.98,256.9,gross,26.6,26.6,-0.0,15.7,27759.0,12.7,1.92,8.1,25.3,22.9,-10.3,50.5,False,False,-1.3788,True,67.4,68.9,False,35.47,-10.4,True,False,53,22,1.07,30.92,False
19,MCD,McDonald's Corporation,SP500,Consumer Cyclical,Restaurants,United States,USD,248.24,1.0,script-v2.0,1.0,2026-09-21T13:44:46.035382+02:00,75.8,72.1,78,67,0,15,87,entrada_directa,entrada_directa,,True,pass,pendiente,0,desconocido,Pendiente de implementar,confirmada,"margin_stabilization (media): Margen gross 58.0% vs 55.9% (+2.1 pp) | eps_stabilization (media): EPS 3.32 vs 2.78 (Diluted EPS) | debt_reduction (alta): Deuda 54604.0M vs 54881.0M | dividend_maintained (baja): Dividendo actual 3.11% con caída del 27.4% | analyst_upgrade (media): Target 311.55 vs precio 248.24 (+26%), recMean 2.09, recKey buy",fuerte,entrada_directa,235.83,248.24,235.83 - 248.24,289.71,290.49,289.71 - 290.49,Pérdida del soporte en 235.83 | ROE negativo durante 2 trimestres consecutivos | Ampliación de capital dilutiva | Recorte de rating a bono basura,12-18,"McDonald's Corporation está un 27.4% por debajo de su máximo 52s. Fundamentalmente sólida con deuda neta/EBITDA 3.6x, dividendo 3.1%. Técnicamente 🔵 RSI en sobreventa, 🟢 Divergencia alcista RSI. Clasificación: entrada_directa.","McDonald's Corporation está un 27.4% por debajo de su máximo 52s. Fundamentalmente sólida con deuda neta/EBITDA 3.6x, dividendo 3.1%. Técnicamente 🔵 RSI en sobreventa, 🟢 Divergencia alcista RSI. Clasificación: entrada_directa.",🔵 RSI en sobreventa | 🟢 Divergencia alcista RSI | 🟡 MACD convergiendo | 🟢 Volumen creciente | 🟢 base_pattern_detected,3.11,11,20,False,59.7,,4683169.0,53782001280.0,3.6,-0.5,gross,57.4,57.4,0.0,,175665.0,20.2,-171.67,15.37,27.4,25.9,-14.3,32.3,False,True,-10.5226,False,3.5,3.9,False,288.8,-14.0,True,False,75,12,1.51,,False
20,0016.HK,SHK PPT,ASIA,Real Estate,Real Estate - Development,Hong Kong,HKD,110.5,1.0,script-v2.0,1.0,2026-09-21T13:45:47.934154+02:00,75.8,72.7,86,61,0,7,85,seguimiento,seguimiento,,True,pass,pendiente,0,desconocido,Pendiente de implementar,parcial,"eps_stabilization (media): EPS 7.39 vs 6.65 (annual_eps_fallback) | dividend_maintained (baja): Dividendo actual 3.54% con caída del 25.7% | analyst_upgrade (media): Target 142.99 vs precio 110.50 (+29%), recMean 1.77, recKey buy",fuerte,seguimiento,106.1,110.5,106.10 - 110.50,121.28,126.48,121.28 - 126.48,Pérdida del soporte en 106.10 | ROE negativo durante 2 trimestres consecutivos | Ampliación de capital dilutiva | Recorte de rating a bono basura,12-18,"SHK PPT está un 25.7% por debajo de su máximo 52s. Fundamentalmente sólida con ROE 3.5%, deuda neta/EBITDA 2.5x. Técnicamente 🔵 RSI recuperándose de sobreventa, 🟢 Divergencia alcista RSI. Clasificación: seguimiento.","SHK PPT está un 25.7% por debajo de su máximo 52s. Fundamentalmente sólida con ROE 3.5%, deuda neta/EBITDA 2.5x. Técnicamente 🔵 RSI recuperándose de sobreventa, 🟢 Divergencia alcista RSI. Clasificación: seguimiento.",🔵 RSI recuperándose de sobreventa | 🟢 Divergencia alcista RSI | 🟡 MACD convergiendo | 🟢 Cerca de soporte | 🟢 base_pattern_detected,3.54,11,20,False,51.1,0.15,5415667.0,66766997504.0,2.47,,,34.1,,,3.5,320205.0,15.0,0.51,14.22,25.7,25.3,-8.9,40.7,False,True,-2.416,False,30.9,19.4,False,123.47,-10.5,True,False,73,12,1.3,106.1,False
21,BMW.DE,BAYERISCHE MOTOREN WERKE AG   S,EUROSTOXX,Consumer Cyclical,Auto Manufacturers,Germany,EUR,60.48,1.0,script-v2.0,1.0,2026-09-21T13:43:40.591315+02:00,74.9,70.9,57,83,0,4,87,seguimiento,seguimiento,Sin señales de recuperación,True,pass,pendiente,0,desconocido,Pendiente de implementar,ausente,"dividend_maintained (baja): Dividendo actual 7.28% con caída del 38.2% | analyst_upgrade (media): Target 73.02 vs precio 60.48 (+21%), recMean 2.36, recKey buy",fuerte,seguimiento,57.77,59.9,57.77 - 59.90,72.75,83.23,72.75 - 83.23,Pérdida del soporte en 57.77 | ROE negativo durante 2 trimestres consecutivos | Ampliación de capital dilutiva | Recorte de rating a bono basura,12-18,"BAYERISCHE MOTOREN WERKE AG   S está un 38.2% por debajo de su máximo 52s. Fundamentalmente sólida con ROE 6.6%, deuda neta/EBITDA 7.3x. Técnicamente 🟢 Divergencia alcista RSI, 🟢 Bajo SMA200 con SMA50 girando. Clasificación: seguimiento.","BAYERISCHE MOTOREN WERKE AG   S está un 38.2% por debajo de su máximo 52s. Fundamentalmente sólida con ROE 6.6%, deuda neta/EBITDA 7.3x. Técnicamente 🟢 Divergencia alcista RSI, 🟢 Bajo SMA200 con SMA50 girando. Clasificación: seguimiento.",🟢 Divergencia alcista RSI | 🟢 Bajo SMA200 con SMA50 girando | 🟢 Volumen creciente | 🟢 Cerca de soporte | 🟢 MACD semanal girando al alza | 🟢 base_pattern_detected | 🟡 trendline_break,7.28,11,20,False,42.3,1.2,1525010.0,101147001856.0,7.33,36.6,gross,12.4,14.8,-2.4,6.6,36202.0,5.8,0.38,10.11,38.2,34.7,-16.9,46.1,False,False,-3.7904,True,11.9,31.6,False,71.77,-15.7,True,True,59,28,1.71,57.77,True
22,9022.T,CENTRAL JAPAN RAILWAY CO,ASIA,Industrials,Railroads,Japan,JPY,3815.0,1.0,script-v2.0,1.0,2026-09-21T13:45:44.758581+02:00,74.8,79.1,77,81,0,4,62,seguimiento,seguimiento,Sin señales de recuperación,True,pass,pendiente,0,desconocido,Pendiente de implementar,ausente,eps_stabilization (media): EPS 149.59 vs 147.88 (Diluted EPS) | dividend_maintained (baja): Dividendo actual 0.84% con caída del 21.0%,razonable,seguimiento,3763.5,3815.0,3763.50 - 3815.00,4017.62,4105.5,4017.62 - 4105.50,Pérdida del soporte en 3763.50 | ROE negativo durante 2 trimestres consecutivos | Ampliación de capital dilutiva | Recorte de rating a bono basura,6-12,"CENTRAL JAPAN RAILWAY CO está un 21.0% por debajo de su máximo 52s. Fundamentalmente sólida con ROE 11.2%, deuda neta/EBITDA 4.3x. Técnicamente 🟡 MACD convergiendo, 🟢 Cerca de soporte. Clasificación: seguimiento.","CENTRAL JAPAN RAILWAY CO está un 21.0% por debajo de su máximo 52s. Fundamentalmente sólida con ROE 11.2%, deuda neta/EBITDA 4.3x. Técnicamente 🟡 MACD convergiendo, 🟢 Cerca de soporte. Clasificación: seguimiento.",🟡 MACD convergiendo | 🟢 Cerca de soporte | 🟡 Apoyo en MA40 semanal | 🟢 base_pattern_detected,0.84,11,20,False,5.6,0.92,2652444.0,4425204924416.0,4.28,11.6,,51.9,,,11.2,3621885.0,6.7,0.7,7.86,21.0,20.7,-5.0,46.2,False,True,-19.1295,False,21.4,22.3,False,3986.55,-4.3,True,False,45,17,0.99,3763.5,True
23,IP,International Paper Company,SP500,Consumer Cyclical,Packaging & Containers,United States,USD,34.53,1.0,script-v2.0,1.0,2026-09-21T13:45:16.883408+02:00,74.6,73.5,66,80,0,4,78,seguimiento,seguimiento,Sin señales de recuperación,True,pass,pendiente,0,desconocido,Pendiente de implementar,ausente,"dividend_maintained (baja): Dividendo actual 5.36% con caída del 31.3% | analyst_upgrade (media): Target 47.82 vs precio 34.53 (+38%), recMean 1.58, recKey buy",fuerte,seguimiento,31.36,34.53,31.36 - 34.53,37.42,42.71,37.42 - 42.71,Pérdida del soporte en 31.36 | ROE negativo durante 2 trimestres consecutivos | Ampliación de capital dilutiva | Recorte de rating a bono basura,12-18,"International Paper Company está un 31.3% por debajo de su máximo 52s. Fundamentalmente sólida con ROE -16.5%, deuda neta/EBITDA 2.3x. Técnicamente 🔵 RSI recuperándose de sobreventa, 🟡 MACD convergiendo. Clasificación: seguimiento.","International Paper Company está un 31.3% por debajo de su máximo 52s. Fundamentalmente sólida con ROE -16.5%, deuda neta/EBITDA 2.3x. Técnicamente 🔵 RSI recuperándose de sobreventa, 🟡 MACD convergiendo. Clasificación: seguimiento.",🔵 RSI recuperándose de sobreventa | 🟡 MACD convergiendo | 🟢 Volumen creciente | 🟡 Apoyo en MA40 semanal | 🟢 base_pattern_detected,5.36,11,20,False,158.1,0.69,5031006.0,9176999552.0,2.33,3.8,gross,29.6,29.8,-0.1,-16.5,18286.0,11.5,1.26,6.98,31.3,38.3,-7.7,36.6,False,True,-0.0599,False,18.4,18.7,False,37.55,-8.0,True,False,61,17,1.52,31.36,False
24,BEI.DE,BEIERSDORF AG                 I,EUROSTOXX,Consumer Defensive,Household & Personal Products,Germany,EUR,74.82,1.0,script-v2.0,1.0,2026-09-21T13:43:49.325149+02:00,74.5,76.4,86,68,0,6,69,seguimiento,seguimiento,,True,pass,pendiente,0,desconocido,Pendiente de implementar,parcial,debt_reduction (alta): Deuda 110.0M vs 114.0M | dividend_maintained (baja): Dividendo actual 1.34% con caída del 32.1%,razonable,seguimiento,73.1,74.82,73.10 - 74.82,81.61,93.63,81.61 - 93.63,Pérdida del soporte en 73.10 | ROE negativo durante 2 trimestres consecutivos | Ampliación de capital dilutiva | Recorte de rating a bono basura,12-18,"BEIERSDORF AG                 I está un 32.1% por debajo de su máximo 52s. Fundamentalmente sólida con ROE 10.9%, deuda neta/EBITDA -1.7x. Técnicamente 🔵 RSI recuperándose de sobreventa, 🟡 MACD convergiendo. Clasificación: seguimiento.","BEIERSDORF AG                 I está un 32.1% por debajo de su máximo 52s. Fundamentalmente sólida con ROE 10.9%, deuda neta/EBITDA -1.7x. Técnicamente 🔵 RSI recuperándose de sobreventa, 🟡 MACD convergiendo. Clasificación: seguimiento.",🔵 RSI recuperándose de sobreventa | 🟡 MACD convergiendo | 🟢 Cerca de soporte | 🟡 Apoyo en MA40 semanal,1.34,11,20,False,23.3,1.22,374967.0,-2731999872.0,-1.73,-3.5,,57.1,,,10.9,16350.0,17.4,1.81,8.53,32.1,44.5,-8.3,42.1,False,True,-1.716,False,36.4,26.9,False,81.09,-7.7,False,False,64,5,1.09,73.1,False
25,RIO.L,RIO TINTO PLC ORD 10P,EUROSTOXX,Basic Materials,Other Industrial Metals & Mining,United Kingdom,GBp,7349.0,1.0,script-v2.0,1.0,2026-09-21T13:44:27.036366+02:00,74.3,77.1,100,57,0,6,66,seguimiento,seguimiento,,True,pass,pendiente,0,desconocido,Pendiente de implementar,parcial,debt_reduction (alta): Deuda 22852.0M vs 23517.0M | dividend_maintained (baja): Dividendo actual 0.05% con caída del 19.4%,razonable,seguimiento,7193.33,7270.04,7193.33 - 7270.04,7038.49,7749.45,7038.49 - 7749.45,Pérdida del soporte en 7193.33 | ROE negativo durante 2 trimestres consecutivos | Ampliación de capital dilutiva | Recorte de rating a bono basura,6-12,"RIO TINTO PLC ORD 10P está un 19.4% por debajo de su máximo 52s. Fundamentalmente sólida con ROE 19.3%, deuda neta/EBITDA 0.6x. Técnicamente 🟢 Divergencia alcista RSI, 🟡 MACD convergiendo. Clasificación: seguimiento.","RIO TINTO PLC ORD 10P está un 19.4% por debajo de su máximo 52s. Fundamentalmente sólida con ROE 19.3%, deuda neta/EBITDA 0.6x. Técnicamente 🟢 Divergencia alcista RSI, 🟡 MACD convergiendo. Clasificación: seguimiento.",🟢 Divergencia alcista RSI | 🟡 MACD convergiendo | 🟢 Cerca de soporte | 🟢 base_pattern_detected | 🟡 trendline_break,0.05,11,20,False,54.9,0.32,2885198.0,13344999424.0,0.58,-2.8,,29.8,,,19.3,119521.0,13.3,2.44,5.98,19.4,19.4,4.4,48.3,False,True,156.8493,False,38.6,31.8,False,7104.93,3.4,True,True,48,18,0.85,7193.33,True
26,BATS.L,BRITISH AMERICAN TOBACCO PLC OR,EUROSTOXX,Consumer Defensive,Tobacco,United Kingdom,GBp,4197.15,1.0,script-v2.0,1.0,2026-09-21T13:44:31.162296+02:00,74.2,73.6,88,61,0,12,76,entrada_directa,entrada_directa,,True,pass,pendiente,0,desconocido,Pendiente de implementar,confirmada,"eps_stabilization (media): EPS 3.49 vs 1.36 (annual_eps_fallback) | debt_reduction (alta): Deuda 35063.0M vs 35070.0M | dividend_maintained (baja): Dividendo actual 0.06% con caída del 21.8% | analyst_upgrade (media): Target 5146.15 vs precio 4197.15 (+23%), recMean 1.69, recKey buy",fuerte,entrada_directa,4134.36,4197.15,4134.36 - 4197.15,4389.0,4562.8,4389.00 - 4562.80,Pérdida del soporte en 4134.36 | ROE negativo durante 2 trimestres consecutivos | Ampliación de capital dilutiva | Recorte de rating a bono basura,6-12,"BRITISH AMERICAN TOBACCO PLC OR está un 21.8% por debajo de su máximo 52s. Fundamentalmente sólida con ROE 13.4%, deuda neta/EBITDA 2.9x. Técnicamente 🟢 Divergencia alcista RSI, 🟢 Volumen creciente. Clasificación: entrada_directa.","BRITISH AMERICAN TOBACCO PLC OR está un 21.8% por debajo de su máximo 52s. Fundamentalmente sólida con ROE 13.4%, deuda neta/EBITDA 2.9x. Técnicamente 🟢 Divergencia alcista RSI, 🟢 Volumen creciente. Clasificación: entrada_directa.",🟢 Divergencia alcista RSI | 🟢 Volumen creciente | 🟢 Cerca de soporte | 🟡 Apoyo en MA40 semanal | 🟢 base_pattern_detected,0.06,11,20,False,83.4,0.72,3413750.0,32530001152.0,2.9,-0.0,,82.7,,,13.4,90358.0,14.4,1.95,11.04,21.8,21.8,-4.4,49.8,False,False,-60.0647,False,75.1,73.2,False,4393.88,-4.5,True,False,59,17,1.36,4134.36,False
27,PEP,"Pepsico, Inc.",SP500,Consumer Defensive,Beverages - Non-Alcoholic,United States,USD,129.75,1.0,script-v2.0,1.0,2026-09-21T13:44:34.759871+02:00,74.0,74.3,78,71,0,4,73,seguimiento,seguimiento,Sin señales de recuperación,True,pass,pendiente,0,desconocido,Pendiente de implementar,ausente,eps_stabilization (media): EPS 2.18 vs 1.70 (Diluted EPS) | dividend_maintained (baja): Dividendo actual 4.56% con caída del 24.3%,fuerte,seguimiento,123.26,129.75,123.26 - 129.75,145.3,145.76,145.30 - 145.76,Pérdida del soporte en 123.26 | ROE negativo durante 2 trimestres consecutivos | Ampliación de capital dilutiva | Recorte de rating a bono basura,6-12,"Pepsico, Inc. está un 24.3% por debajo de su máximo 52s. Fundamentalmente sólida con ROE 51.5%, deuda neta/EBITDA 2.2x. Técnicamente 🔵 RSI en sobreventa, 🟢 Divergencia alcista RSI. Clasificación: seguimiento.","Pepsico, Inc. está un 24.3% por debajo de su máximo 52s. Fundamentalmente sólida con ROE 51.5%, deuda neta/EBITDA 2.2x. Técnicamente 🔵 RSI en sobreventa, 🟢 Divergencia alcista RSI. Clasificación: seguimiento.",🔵 RSI en sobreventa | 🟢 Divergencia alcista RSI | 🟢 Volumen creciente | 🟢 base_pattern_detected,4.56,11,20,False,75.3,2.39,8369203.0,42497998848.0,2.25,0.9,gross,54.2,54.1,0.1,51.5,177239.0,17.0,8.02,11.64,24.3,22.0,-10.7,26.4,False,False,-3.0855,False,1.9,4.5,False,145.42,-10.8,True,False,61,12,1.58,,False
28,UCB.BR,UCB,EUROSTOXX,Healthcare,Biotechnology,Belgium,EUR,210.3,1.0,script-v2.0,1.0,2026-09-21T13:44:15.751024+02:00,73.7,66.9,93,44,0,7,94,seguimiento,seguimiento,,True,pass,pendiente,0,desconocido,Pendiente de implementar,parcial,"eps_stabilization (media): EPS 8.03 vs 1.76 (annual_eps_fallback) | dividend_maintained (baja): Dividendo actual 0.69% con caída del 27.4% | analyst_upgrade (media): Target 285.00 vs precio 210.30 (+36%), recMean 1.60, recKey buy",fuerte,seguimiento,203.05,210.3,203.05 - 210.30,244.53,246.07,244.53 - 246.07,Pérdida del soporte en 203.05 | ROE negativo durante 2 trimestres consecutivos | Ampliación de capital dilutiva | Recorte de rating a bono basura,12-18,"UCB está un 27.4% por debajo de su máximo 52s. Fundamentalmente sólida con ROE 20.6%, deuda neta/EBITDA 0.8x. Técnicamente 🔵 RSI recuperándose de sobreventa, 🟢 Divergencia alcista RSI. Clasificación: seguimiento.","UCB está un 27.4% por debajo de su máximo 52s. Fundamentalmente sólida con ROE 20.6%, deuda neta/EBITDA 0.8x. Técnicamente 🔵 RSI recuperándose de sobreventa, 🟢 Divergencia alcista RSI. Clasificación: seguimiento.",🔵 RSI recuperándose de sobreventa | 🟢 Divergencia alcista RSI | 🟢 Cruce alcista MACD | 🟢 Cerca de soporte | 🟢 base_pattern_detected,0.69,11,20,False,12.8,0.31,223800.0,2822000000.0,0.84,24.7,,76.2,,,20.6,40096.0,18.6,3.44,12.72,27.4,26.9,-14.0,44.5,True,False,-9.7957,False,42.7,36.9,False,243.43,-13.6,True,False,82,12,1.17,203.05,False
29,HRL,Hormel Foods Corporation,SP500,Consumer Defensive,Packaged Foods,United States,USD,20.83,1.0,script-v2.0,1.0,2026-09-21T13:45:11.863201+02:00,73.0,71.3,83,61,0,9,78,seguimiento,seguimiento,,True,pass,pendiente,0,desconocido,Pendiente de implementar,parcial,"debt_reduction (alta): Deuda 2855.1M vs 2856.3M | dividend_maintained (baja): Dividendo actual 5.62% con caída del 21.7% | analyst_upgrade (media): Target 26.12 vs precio 20.83 (+25%), recMean 2.60, recKey hold",fuerte,seguimiento,20.47,20.83,20.47 - 20.83,22.61,22.96,22.61 - 22.96,Pérdida del soporte en 20.47 | ROE negativo durante 2 trimestres consecutivos | Ampliación de capital dilutiva | Recorte de rating a bono basura,6-12,"Hormel Foods Corporation está un 21.7% por debajo de su máximo 52s. Fundamentalmente sólida con ROE 4.3%, deuda neta/EBITDA 1.6x. Técnicamente 🔵 RSI en sobreventa, 🟢 Cruce alcista MACD. Clasificación: seguimiento.","Hormel Foods Corporation está un 21.7% por debajo de su máximo 52s. Fundamentalmente sólida con ROE 4.3%, deuda neta/EBITDA 1.6x. Técnicamente 🔵 RSI en sobreventa, 🟢 Cruce alcista MACD. Clasificación: seguimiento.",🔵 RSI en sobreventa | 🟢 Cruce alcista MACD | 🟢 Cerca de soporte | 🟡 Apoyo en MA40 semanal,5.62,11,20,False,188.3,0.36,4500269.0,1986676928.0,1.57,-0.0,gross,15.7,15.7,0.0,4.3,11464.0,33.6,1.46,10.65,21.7,33.2,-9.3,30.0,True,False,-0.3373,False,19.9,15.9,False,22.97,-9.3,False,False,73,5,0.91,20.47,False
30,ORA.PA,ORANGE,EUROSTOXX,Communication Services,Telecom Services,France,EUR,15.0275,1.0,script-v2.0,1.0,2026-09-21T13:43:58.745543+02:00,72.9,72.9,83,64,0,4,73,seguimiento,seguimiento,Sin señales de recuperación,True,pass,pendiente,0,desconocido,Pendiente de implementar,ausente,"dividend_maintained (baja): Dividendo actual 4.99% con caída del 20.1% | analyst_upgrade (media): Target 19.11 vs precio 15.03 (+27%), recMean 2.00, recKey buy",fuerte,seguimiento,14.28,15.03,14.28 - 15.03,15.98,16.24,15.98 - 16.24,Pérdida del soporte en 14.28 | ROE negativo durante 2 trimestres consecutivos | Ampliación de capital dilutiva | Recorte de rating a bono basura,6-12,"ORANGE está un 20.1% por debajo de su máximo 52s. Fundamentalmente sólida con ROE 14.2%, deuda neta/EBITDA 3.7x. Técnicamente 🟢 Divergencia alcista RSI, 🟢 Volumen creciente. Clasificación: seguimiento.","ORANGE está un 20.1% por debajo de su máximo 52s. Fundamentalmente sólida con ROE 14.2%, deuda neta/EBITDA 3.7x. Técnicamente 🟢 Divergencia alcista RSI, 🟢 Volumen creciente. Clasificación: seguimiento.",🟢 Divergencia alcista RSI | 🟢 Volumen creciente | 🟡 Apoyo en MA40 semanal | 🟢 base_pattern_detected,4.99,11,20,False,50.7,1.61,4752088.0,45291001856.0,3.74,654.5,,41.1,,,14.2,39940.0,10.2,1.26,7.32,20.1,18.0,-7.5,36.6,False,False,-0.2475,False,9.8,32.3,False,16.32,-7.9,True,False,56,17,1.42,,False
31,SAN.PA,SANOFI,EUROSTOXX,Healthcare,Drug Manufacturers - General,France,EUR,73.87,1.0,script-v2.0,1.0,2026-09-21T13:44:00.084065+02:00,71.8,69.1,76,63,0,7,80,seguimiento,seguimiento,,True,pass,pendiente,0,desconocido,Pendiente de implementar,parcial,"margin_stabilization (media): Margen gross 75.5% vs 72.1% (+3.4 pp) | dividend_maintained (baja): Dividendo actual 5.58% con caída del 19.0% | analyst_upgrade (media): Target 94.06 vs precio 73.87 (+27%), recMean 2.12, recKey buy",fuerte,seguimiento,73.71,73.87,73.71 - 73.87,75.83,77.48,75.83 - 77.48,Pérdida del soporte en 73.71 | ROE negativo durante 2 trimestres consecutivos | Ampliación de capital dilutiva | Recorte de rating a bono basura,6-12,"SANOFI está un 19.0% por debajo de su máximo 52s. Fundamentalmente sólida con ROE 5.7%, deuda neta/EBITDA 1.3x. Técnicamente 🟡 MACD convergiendo, 🟢 Volumen creciente. Clasificación: seguimiento.","SANOFI está un 19.0% por debajo de su máximo 52s. Fundamentalmente sólida con ROE 5.7%, deuda neta/EBITDA 1.3x. Técnicamente 🟡 MACD convergiendo, 🟢 Volumen creciente. Clasificación: seguimiento.",🟡 MACD convergiendo | 🟢 Volumen creciente | 🟢 Cerca de soporte | 🟡 Apoyo en MA40 semanal | 🟢 base_pattern_detected,5.58,11,20,False,127.6,0.34,2037793.0,17226000384.0,1.27,17.8,gross,73.5,72.7,0.7,5.7,88501.0,22.9,1.28,7.85,19.0,26.6,-2.6,41.6,False,True,-0.5088,False,13.3,23.8,False,75.78,-2.5,True,False,63,17,1.4,73.71,False
32,7203.T,TOYOTA MOTOR CORP,ASIA,Consumer Cyclical,Auto Manufacturers,Japan,JPY,3025.0,1.0,script-v2.0,1.0,2026-09-21T13:45:34.939208+02:00,71.5,73.9,75,73,0,10,64,seguimiento,seguimiento,,True,pass,pendiente,0,desconocido,Pendiente de implementar,parcial,"margin_stabilization (media): Margen gross 18.0% vs 15.1% (+2.9 pp) | eps_stabilization (media): EPS 120.69 vs 64.56 (Diluted EPS) | dividend_maintained (baja): Dividendo actual 3.31% con caída del 24.4% | analyst_upgrade (media): Target 3698.63 vs precio 3025.00 (+22%), recMean 1.74, recKey buy",razonable,seguimiento,2834.6,3007.96,2834.60 - 3007.96,3164.84,3400.0,3164.84 - 3400.00,Pérdida del soporte en 2834.60 | ROE negativo durante 2 trimestres consecutivos | Ampliación de capital dilutiva | Recorte de rating a bono basura,6-12,"TOYOTA MOTOR CORP está un 24.4% por debajo de su máximo 52s. Fundamentalmente sólida con ROE 12.4%, deuda neta/EBITDA 5.5x. Técnicamente 🟡 MACD convergiendo, 🟡 Apoyo en MA40 semanal. Clasificación: seguimiento.","TOYOTA MOTOR CORP está un 24.4% por debajo de su máximo 52s. Fundamentalmente sólida con ROE 12.4%, deuda neta/EBITDA 5.5x. Técnicamente 🟡 MACD convergiendo, 🟡 Apoyo en MA40 semanal. Clasificación: seguimiento.",🟡 MACD convergiendo | 🟡 Apoyo en MA40 semanal | 🟢 base_pattern_detected | 🟡 trendline_break,3.31,11,20,False,27.0,1.15,28509669.0,30602607722496.0,5.46,1.7,gross,16.8,16.7,0.1,12.4,35821550.0,8.6,0.96,12.03,24.4,23.2,-4.4,48.7,False,True,-19.7699,False,25.9,25.9,False,3182.03,-4.9,True,True,41,23,1.19,2834.6,True
33,NG.L,NATIONAL GRID PLC ORD 12 204/47,EUROSTOXX,Utilities,Utilities - Regulated Electric,United Kingdom,GBp,1146.715,1.0,script-v2.0,1.0,2026-09-21T13:44:29.182760+02:00,70.8,63.7,69,59,0,4,92,seguimiento,seguimiento,Sin señales de recuperación,True,pass,pendiente,0,desconocido,Pendiente de implementar,ausente,eps_stabilization (media): EPS 0.66 vs 0.61 (annual_eps_fallback) | dividend_maintained (baja): Dividendo actual 0.04% con caída del 19.7%,fuerte,seguimiento,1096.5,1146.71,1096.50 - 1146.71,1214.22,1233.46,1214.22 - 1233.46,Pérdida del soporte en 1096.50 | ROE negativo durante 2 trimestres consecutivos | Ampliación de capital dilutiva | Recorte de rating a bono basura,6-12,"NATIONAL GRID PLC ORD 12 204/47 está un 19.7% por debajo de su máximo 52s. Fundamentalmente sólida con ROE 8.4%, deuda neta/EBITDA 6.4x. Técnicamente 🟢 Divergencia alcista RSI, 🟢 Cruce alcista MACD. Clasificación: seguimiento.","NATIONAL GRID PLC ORD 12 204/47 está un 19.7% por debajo de su máximo 52s. Fundamentalmente sólida con ROE 8.4%, deuda neta/EBITDA 6.4x. Técnicamente 🟢 Divergencia alcista RSI, 🟢 Cruce alcista MACD. Clasificación: seguimiento.",🟢 Divergencia alcista RSI | 🟢 Cruce alcista MACD | 🟢 Volumen creciente | 🟢 Cerca de soporte | 🟡 Apoyo en MA40 semanal | 🟢 base_pattern_detected,0.04,11,20,False,72.1,1.21,10504344.0,44877001984.0,6.39,0.3,,100.0,,,8.4,57643.0,17.4,1.45,14.52,19.7,19.7,-7.0,46.5,True,False,-23.3498,False,60.5,65.3,False,1237.93,-7.4,True,False,75,17,1.45,1096.5,False
34,AMC.AX,AMCOR PLC CDI 1:1 [AMC],ASX,Consumer Cyclical,Packaging & Containers,Switzerland,AUD,59.11,1.0,script-v2.0,1.0,2026-09-21T13:45:29.143717+02:00,70.2,70.5,78,64,0,12,69,entrada_escalada,entrada_escalada,,True,pass,pendiente,0,desconocido,Pendiente de implementar,confirmada,margin_stabilization (media): Margen gross 20.9% vs 20.1% (+0.8 pp) | eps_stabilization (media): EPS 0.83 vs 0.60 (Diluted EPS) | debt_reduction (alta): Deuda 15140.0M vs 16706.0M | dividend_maintained (baja): Dividendo actual 6.23% con caída del 16.9%,razonable,entrada_escalada,56.97,59.11,56.97 - 59.11,59.55,60.43,59.55 - 60.43,Pérdida del soporte en 56.97 | ROE negativo durante 2 trimestres consecutivos | Ampliación de capital dilutiva | Recorte de rating a bono basura,6-12,"AMCOR PLC CDI 1:1 [AMC] está un 16.9% por debajo de su máximo 52s. Fundamentalmente sólida con ROE 9.4%, deuda neta/EBITDA 4.0x. Técnicamente 🔵 RSI en sobreventa, 🟡 MACD convergiendo. Clasificación: entrada_escalada.","AMCOR PLC CDI 1:1 [AMC] está un 16.9% por debajo de su máximo 52s. Fundamentalmente sólida con ROE 9.4%, deuda neta/EBITDA 4.0x. Técnicamente 🔵 RSI en sobreventa, 🟡 MACD convergiendo. Clasificación: entrada_escalada.",🔵 RSI en sobreventa | 🟡 MACD convergiendo | 🟢 Cerca de soporte | 🟡 Apoyo en MA40 semanal,6.23,11,20,False,109.3,1.28,642872.0,14024999680.0,3.97,-9.4,gross,20.0,19.9,0.0,9.4,27329.0,17.6,1.65,11.73,16.9,21.9,-0.7,30.3,False,True,0.7835,False,6.4,8.9,False,59.45,-0.6,False,False,64,5,0.91,56.97,False
35,1299.HK,AIA,ASIA,Financial Services,Insurance - Life,Hong Kong,HKD,77.35,1.0,script-v2.0,1.0,2026-09-21T13:45:53.673085+02:00,70.1,67.5,92,46,0,4,78,seguimiento,seguimiento,Sin señales de recuperación,True,pass,pendiente,0,desconocido,Pendiente de implementar,ausente,"dividend_maintained (baja): Dividendo actual 2.56% con caída del 16.1% | analyst_upgrade (media): Target 102.55 vs precio 77.35 (+33%), recMean 1.30, recKey strong_buy",fuerte,seguimiento,71.39,75.4,71.39 - 75.40,78.33,79.25,78.33 - 79.25,Pérdida del soporte en 71.39 | ROE negativo durante 2 trimestres consecutivos | Ampliación de capital dilutiva | Recorte de rating a bono basura,6-12,"AIA está un 16.1% por debajo de su máximo 52s. Fundamentalmente sólida con ROE 19.6%, deuda neta/EBITDA 1.6x. Técnicamente 🟢 Divergencia alcista RSI, 🟢 Volumen creciente. Clasificación: seguimiento.","AIA está un 16.1% por debajo de su máximo 52s. Fundamentalmente sólida con ROE 19.6%, deuda neta/EBITDA 1.6x. Técnicamente 🟢 Divergencia alcista RSI, 🟢 Volumen creciente. Clasificación: seguimiento.",🟢 Divergencia alcista RSI | 🟢 Volumen creciente | 🟢 MACD semanal girando al alza | 🟡 Apoyo en MA40 semanal | 🟢 base_pattern_detected | 🟡 trendline_break,2.56,11,16,False,32.4,0.52,27844469.0,14578999296.0,1.64,45.4,,40.6,,,19.6,796948.0,13.0,2.5,90.8,16.1,14.0,-2.4,59.0,False,False,-0.7287,True,73.9,70.5,False,79.19,-2.3,True,True,45,33,1.32,71.39,True
36,PHIA.AS,KON.PHILIPS N.V.,EUROSTOXX,Healthcare,Medical Devices,Netherlands,EUR,21.64,1.0,script-v2.0,1.0,2026-09-21T13:44:07.417231+02:00,69.2,68.2,81,57,0,15,72,entrada_directa,entrada_directa,,True,pass,pendiente,0,desconocido,Pendiente de implementar,confirmada,"margin_stabilization (media): Margen gross 49.3% vs 45.2% (+4.1 pp) | eps_stabilization (media): EPS 0.40 vs 0.16 (Diluted EPS) | debt_reduction (alta): Deuda 7465.0M vs 8097.0M | dividend_maintained (baja): Dividendo actual 3.93% con caída del 21.9% | analyst_upgrade (media): Target 26.89 vs precio 21.64 (+24%), recMean 2.40, recKey buy",fuerte,entrada_directa,20.56,21.64,20.56 - 21.64,23.24,23.54,23.24 - 23.54,Pérdida del soporte en 20.56 | ROE negativo durante 2 trimestres consecutivos | Ampliación de capital dilutiva | Recorte de rating a bono basura,6-12,"KON.PHILIPS N.V. está un 21.9% por debajo de su máximo 52s. Fundamentalmente sólida con ROE 10.2%, deuda neta/EBITDA 2.4x. Técnicamente 🔵 RSI recuperándose de sobreventa, 🟡 MACD convergiendo. Clasificación: entrada_directa.","KON.PHILIPS N.V. está un 21.9% por debajo de su máximo 52s. Fundamentalmente sólida con ROE 10.2%, deuda neta/EBITDA 2.4x. Técnicamente 🔵 RSI recuperándose de sobreventa, 🟡 MACD convergiendo. Clasificación: entrada_directa.",🔵 RSI recuperándose de sobreventa | 🟡 MACD convergiendo | 🟡 Apoyo en MA40 semanal | 🟢 base_pattern_detected,3.93,8,2,False,74.6,0.65,1687029.0,5676000000.0,2.35,-7.8,gross,45.9,46.0,-0.0,10.2,21152.0,19.0,1.85,11.1,21.9,22.6,-6.9,36.9,False,True,-0.3333,False,24.6,21.4,False,23.23,-6.9,True,False,55,17,1.1,,False
37,VCX.AX,VICINITY STAPLED [VCX],ASX,Real Estate,REIT - Retail,Australia,AUD,2.29,1.0,script-v2.0,1.0,2026-09-21T13:45:32.796074+02:00,69.2,73.3,84,64,0,4,57,seguimiento,seguimiento,Sin señales de recuperación,True,pass,pendiente,0,desconocido,Pendiente de implementar,ausente,eps_stabilization (media): EPS 0.30 vs 0.22 (annual_eps_fallback) | dividend_maintained (baja): Dividendo actual 5.24% con caída del 16.1%,razonable,seguimiento,2.18,2.29,2.18 - 2.29,2.32,2.45,2.32 - 2.45,Pérdida del soporte en 2.18 | ROE negativo durante 2 trimestres consecutivos | Ampliación de capital dilutiva | Recorte de rating a bono basura,6-12,"VICINITY STAPLED [VCX] está un 16.1% por debajo de su máximo 52s. Fundamentalmente sólida con ROE 12.0%, deuda neta/EBITDA 5.6x. Técnicamente 🔵 RSI en sobreventa, 🟢 Volumen creciente. Clasificación: seguimiento.","VICINITY STAPLED [VCX] está un 16.1% por debajo de su máximo 52s. Fundamentalmente sólida con ROE 12.0%, deuda neta/EBITDA 5.6x. Técnicamente 🔵 RSI en sobreventa, 🟢 Volumen creciente. Clasificación: seguimiento.",🔵 RSI en sobreventa | 🟢 Volumen creciente | 🟡 Apoyo en MA40 semanal,5.24,11,15,False,40.6,0.41,10895870.0,4845000160.0,5.64,2.3,,70.9,,,12.0,10718.0,7.6,0.88,18.18,16.1,14.1,-6.6,25.9,False,False,-0.0111,False,0.0,8.3,False,2.45,-6.6,False,False,52,5,1.36,,False
38,RIO.AX,RIO TINTO FPO [RIO],ASX,Basic Materials,Other Industrial Metals & Mining,United Kingdom,AUD,166.12,1.0,script-v2.0,1.0,2026-09-21T13:45:26.373482+02:00,69.1,67.5,100,39,0,6,74,seguimiento,seguimiento,,True,pass,pendiente,0,desconocido,Pendiente de implementar,parcial,debt_reduction (alta): Deuda 22852.0M vs 23640.0M | dividend_maintained (baja): Dividendo actual 3.99% con caída del 15.2%,fuerte,seguimiento,153.92,166.12,153.92 - 166.12,162.5,166.46,162.50 - 166.46,Pérdida del soporte en 153.92 | ROE negativo durante 2 trimestres consecutivos | Ampliación de capital dilutiva | Recorte de rating a bono basura,6-12,"RIO TINTO FPO [RIO] está un 15.2% por debajo de su máximo 52s. Fundamentalmente sólida con ROE 19.3%, deuda neta/EBITDA 0.6x. Técnicamente 🔵 RSI recuperándose de sobreventa, 🟢 Divergencia alcista RSI. Clasificación: seguimiento.","RIO TINTO FPO [RIO] está un 15.2% por debajo de su máximo 52s. Fundamentalmente sólida con ROE 19.3%, deuda neta/EBITDA 0.6x. Técnicamente 🔵 RSI recuperándose de sobreventa, 🟢 Divergencia alcista RSI. Clasificación: seguimiento.",🔵 RSI recuperándose de sobreventa | 🟢 Divergencia alcista RSI | 🟡 MACD convergiendo | 🟡 Apoyo en MA40 semanal | 🟢 base_pattern_detected,3.99,11,20,False,55.0,0.32,1153338.0,13344999424.0,0.58,-3.3,,29.8,,,19.3,269980.0,16.1,2.9,12.74,15.2,13.8,2.2,40.8,False,True,3.1851,False,14.5,17.1,False,163.62,1.5,True,False,57,17,1.06,153.92,True
39,C6L.SI,SIA,ASIA,Industrials,Airlines,Singapore,SGD,6.53,1.0,script-v2.0,1.0,2026-09-21T13:46:00.183705+02:00,69.0,66.0,74,59,0,1,78,seguimiento,seguimiento,Sin señales de recuperación,True,pass,pendiente,0,desconocido,Pendiente de implementar,ausente,dividend_maintained (baja): Dividendo actual 6.74% con caída del 17.6%,fuerte,seguimiento,6.25,6.53,6.25 - 6.53,6.73,6.8,6.73 - 6.80,Pérdida del soporte en 6.25 | ROE negativo durante 2 trimestres consecutivos | Ampliación de capital dilutiva | Recorte de rating a bono basura,6-12,"SIA está un 17.6% por debajo de su máximo 52s. Fundamentalmente sólida con ROE 7.2%, deuda neta/EBITDA 0.1x. Técnicamente 🔵 RSI en sobreventa, 🟢 Cruce alcista MACD. Clasificación: seguimiento.","SIA está un 17.6% por debajo de su máximo 52s. Fundamentalmente sólida con ROE 7.2%, deuda neta/EBITDA 0.1x. Técnicamente 🔵 RSI en sobreventa, 🟢 Cruce alcista MACD. Clasificación: seguimiento.",🔵 RSI en sobreventa | 🟢 Cruce alcista MACD | 🟢 Cerca de soporte | 🟡 Apoyo en MA40 semanal,6.74,9,5,False,117.8,0.6,7335677.0,407100416.0,0.09,0.0,operating,14.5,9.8,4.7,7.2,20593.0,21.8,1.19,4.92,17.6,17.6,-4.0,23.9,True,False,-0.0204,False,21.2,15.7,False,6.83,-4.4,False,False,73,5,0.88,6.25,False
40,9020.T,EAST JAPAN RAILWAY CO,ASIA,Industrials,Railroads,Japan,JPY,3460.0,1.0,script-v2.0,1.0,2026-09-21T13:45:43.942418+02:00,68.9,69.5,61,77,0,1,67,seguimiento,seguimiento,Sin señales de recuperación,True,pass,pendiente,0,desconocido,Pendiente de implementar,ausente,dividend_maintained (baja): Dividendo actual 2.43% con caída del 17.8%,razonable,seguimiento,3436.41,3460.0,3436.41 - 3460.00,3579.35,3667.63,3579.35 - 3667.63,Pérdida del soporte en 3436.41 | ROE negativo durante 2 trimestres consecutivos | Ampliación de capital dilutiva | Recorte de rating a bono basura,6-12,"EAST JAPAN RAILWAY CO está un 17.8% por debajo de su máximo 52s. Fundamentalmente sólida con ROE 7.9%, deuda neta/EBITDA 5.7x. Técnicamente 🟢 Bajo SMA200 con SMA50 girando, 🟢 Cerca de soporte. Clasificación: seguimiento.","EAST JAPAN RAILWAY CO está un 17.8% por debajo de su máximo 52s. Fundamentalmente sólida con ROE 7.9%, deuda neta/EBITDA 5.7x. Técnicamente 🟢 Bajo SMA200 con SMA50 girando, 🟢 Cerca de soporte. Clasificación: seguimiento.",🟢 Bajo SMA200 con SMA50 girando | 🟢 Cerca de soporte | 🟡 Apoyo en MA40 semanal | 🟢 base_pattern_detected,2.43,11,20,False,33.7,1.63,2989707.0,4878946918400.0,5.68,7.6,,36.9,,,7.9,3906577.0,15.8,1.28,10.24,17.8,17.0,-5.7,44.3,False,False,-31.8976,False,6.9,31.7,False,3654.7,-5.3,True,False,50,17,1.12,3436.41,True
41,DTE.DE,DEUTSCHE TELEKOM AG           N,EUROSTOXX,Communication Services,Telecom Services,Germany,EUR,27.55,1.0,script-v2.0,1.0,2026-09-21T13:43:42.843947+02:00,68.8,69.7,82,59,0,10,66,seguimiento,seguimiento,,True,pass,pendiente,0,desconocido,Pendiente de implementar,parcial,"margin_stabilization (media): Margen gross 63.2% vs 62.1% (+1.1 pp) | eps_stabilization (media): EPS 0.51 vs 0.42 (Diluted EPS) | dividend_maintained (baja): Dividendo actual 3.63% con caída del 19.8% | analyst_upgrade (media): Target 36.93 vs precio 27.55 (+34%), recMean 1.44, recKey strong_buy",razonable,seguimiento,27.12,27.55,27.12 - 27.55,28.33,29.21,28.33 - 29.21,Pérdida del soporte en 27.12 | ROE negativo durante 2 trimestres consecutivos | Ampliación de capital dilutiva | Recorte de rating a bono basura,6-12,"DEUTSCHE TELEKOM AG           N está un 19.8% por debajo de su máximo 52s. Fundamentalmente sólida con ROE 15.1%, deuda neta/EBITDA 3.3x. Técnicamente 🟢 Volumen creciente, 🟢 Cerca de soporte. Clasificación: seguimiento.","DEUTSCHE TELEKOM AG           N está un 19.8% por debajo de su máximo 52s. Fundamentalmente sólida con ROE 15.1%, deuda neta/EBITDA 3.3x. Técnicamente 🟢 Volumen creciente, 🟢 Cerca de soporte. Clasificación: seguimiento.",🟢 Volumen creciente | 🟢 Cerca de soporte | 🟡 Apoyo en MA40 semanal | 🟢 base_pattern_detected,3.63,11,20,False,56.2,1.65,6130198.0,141382993408.0,3.31,2.8,gross,44.9,61.1,-16.2,15.1,131761.0,15.5,2.2,7.04,19.8,18.5,-2.7,43.0,False,False,-0.1511,False,27.6,25.3,False,28.46,-3.2,True,False,49,17,1.87,27.12,True
42,AZN.L,ASTRAZENECA PLC ORD SHS $0.25,EUROSTOXX,Healthcare,Drug Manufacturers - General,United Kingdom,GBp,12506.0,1.0,script-v2.0,1.0,2026-09-21T13:44:24.818907+02:00,68.7,66.5,98,39,0,12,75,entrada_directa,entrada_directa,,True,pass,pendiente,0,desconocido,Pendiente de implementar,confirmada,"margin_stabilization (media): Margen gross 83.6% vs 82.5% (+1.1 pp) | debt_reduction (alta): Deuda 32350.0M vs 33918.0M | dividend_maintained (baja): Dividendo actual 0.02% con caída del 20.5% | analyst_upgrade (media): Target 15780.83 vs precio 12506.00 (+26%), recMean 1.72, recKey buy",fuerte,entrada_directa,12186.62,12460.51,12186.62 - 12460.51,13372.2,13611.8,13372.20 - 13611.80,Pérdida del soporte en 12460.51 | ROE negativo durante 2 trimestres consecutivos | Ampliación de capital dilutiva | Recorte de rating a bono basura,6-12,"ASTRAZENECA PLC ORD SHS $0.25 está un 20.5% por debajo de su máximo 52s. Fundamentalmente sólida con ROE 22.0%, deuda neta/EBITDA 1.4x. Técnicamente 🟢 Divergencia alcista RSI, 🟢 Cerca de soporte. Clasificación: entrada_directa.","ASTRAZENECA PLC ORD SHS $0.25 está un 20.5% por debajo de su máximo 52s. Fundamentalmente sólida con ROE 22.0%, deuda neta/EBITDA 1.4x. Técnicamente 🟢 Divergencia alcista RSI, 🟢 Cerca de soporte. Clasificación: entrada_directa.",🟢 Divergencia alcista RSI | 🟢 Cerca de soporte | 🟢 MACD semanal girando al alza | 🟡 Apoyo en MA40 semanal | 🟢 base_pattern_detected,0.02,11,20,False,47.4,0.64,3330294.0,27381999104.0,1.38,-4.6,gross,81.7,81.9,-0.2,22.0,193954.0,25.0,5.15,11.12,20.5,20.5,-8.1,59.3,False,False,-439.9897,True,91.4,94.1,False,13599.27,-8.0,True,False,48,27,1.1,12460.51,False
43,BN.PA,DANONE,EUROSTOXX,Consumer Defensive,Packaged Foods,France,EUR,60.3,1.0,script-v2.0,1.0,2026-09-21T13:43:51.715168+02:00,68.2,73.7,87,62,0,4,52,seguimiento,seguimiento,Sin señales de recuperación,True,pass,pendiente,0,desconocido,Pendiente de implementar,ausente,"dividend_maintained (baja): Dividendo actual 3.73% con caída del 24.8% | analyst_upgrade (media): Target 79.93 vs precio 60.30 (+33%), recMean 2.27, recKey buy",razonable,seguimiento,57.28,60.3,57.28 - 60.30,67.66,68.12,67.66 - 68.12,Pérdida del soporte en 57.28 | ROE negativo durante 2 trimestres consecutivos | Ampliación de capital dilutiva | Recorte de rating a bono basura,6-12,"DANONE está un 24.8% por debajo de su máximo 52s. Fundamentalmente sólida con ROE 12.2%, deuda neta/EBITDA 2.0x. Técnicamente 🔵 RSI en sobreventa, 🟢 Volumen creciente. Clasificación: seguimiento.","DANONE está un 24.8% por debajo de su máximo 52s. Fundamentalmente sólida con ROE 12.2%, deuda neta/EBITDA 2.0x. Técnicamente 🔵 RSI en sobreventa, 🟢 Volumen creciente. Clasificación: seguimiento.",🔵 RSI en sobreventa | 🟢 Volumen creciente,3.73,11,20,False,74.5,0.99,1335397.0,9087999488.0,2.01,20.9,,50.0,,,12.2,38839.0,20.0,2.2,10.67,24.8,22.1,-10.9,30.0,False,False,-1.6016,False,5.1,9.4,False,67.09,-10.1,False,False,52,0,1.31,,False
44,EOAN.DE,E.ON SE                       N,EUROSTOXX,Utilities,Utilities - Diversified,Germany,EUR,17.365,1.0,script-v2.0,1.0,2026-09-21T13:43:43.023814+02:00,67.8,63.3,98,33,0,4,81,seguimiento,seguimiento,Sin señales de recuperación,True,pass,pendiente,0,desconocido,Pendiente de implementar,ausente,margin_stabilization (media): Margen gross 26.6% vs 24.8% (+1.8 pp) | dividend_maintained (baja): Dividendo actual 3.28% con caída del 14.8%,fuerte,seguimiento,16.49,17.36,16.49 - 17.36,17.33,17.88,17.33 - 17.88,Pérdida del soporte en 16.49 | ROE negativo durante 2 trimestres consecutivos | Ampliación de capital dilutiva | Recorte de rating a bono basura,6-12,"E.ON SE                       N está un 14.8% por debajo de su máximo 52s. Fundamentalmente sólida con ROE 15.5%, deuda neta/EBITDA 3.9x. Técnicamente 🔵 RSI recuperándose de sobreventa, 🟢 Divergencia alcista RSI. Clasificación: seguimiento.","E.ON SE                       N está un 14.8% por debajo de su máximo 52s. Fundamentalmente sólida con ROE 15.5%, deuda neta/EBITDA 3.9x. Técnicamente 🔵 RSI recuperándose de sobreventa, 🟢 Divergencia alcista RSI. Clasificación: seguimiento.",🔵 RSI recuperándose de sobreventa | 🟢 Divergencia alcista RSI | 🟢 Volumen creciente | 🟡 Apoyo en MA40 semanal | 🟢 base_pattern_detected,3.28,11,20,False,44.2,1.53,4158975.0,38529999872.0,3.87,,gross,24.9,27.3,-2.4,15.5,45397.0,13.5,2.14,9.11,14.8,12.3,-2.9,41.3,False,False,-0.0541,False,25.2,41.5,False,18.01,-3.6,True,False,64,17,1.54,,False
45,CPB,The Campbell's Company,SP500,Consumer Defensive,Packaged Foods,United States,USD,20.69,1.0,script-v2.0,1.0,2026-09-21T13:45:13.974376+02:00,67.8,75.0,67,82,0,4,46,seguimiento,seguimiento,Sin señales de recuperación,True,pass,pendiente,0,desconocido,Pendiente de implementar,ausente,margin_stabilization (media): Margen gross 27.5% vs 28.0% (-0.5 pp) | dividend_maintained (baja): Dividendo actual 4.83% con caída del 39.4%,razonable,seguimiento,19.66,20.69,19.66 - 20.69,23.15,29.04,23.15 - 29.04,Pérdida del soporte en 19.66 | ROE negativo durante 2 trimestres consecutivos | Ampliación de capital dilutiva | Recorte de rating a bono basura,12-18,"The Campbell's Company está un 39.4% por debajo de su máximo 52s. Fundamentalmente sólida con ROE 10.1%, deuda neta/EBITDA 4.2x. Técnicamente 🔵 RSI en sobreventa, 🟡 Apoyo en MA40 semanal. Clasificación: seguimiento.","The Campbell's Company está un 39.4% por debajo de su máximo 52s. Fundamentalmente sólida con ROE 10.1%, deuda neta/EBITDA 4.2x. Técnicamente 🔵 RSI en sobreventa, 🟡 Apoyo en MA40 semanal. Clasificación: seguimiento.",🔵 RSI en sobreventa | 🟡 Apoyo en MA40 semanal,4.83,11,20,False,119.1,1.72,7085768.0,6742999936.0,4.15,0.9,gross,28.6,28.8,-0.3,10.1,6170.0,15.8,1.6,8.14,39.4,55.8,-10.6,34.5,False,False,-0.5439,False,1.1,11.8,False,22.97,-9.9,False,False,41,5,0.82,,False
46,005380.KS,HyundaiMtr,ASIA,Consumer Cyclical,Auto Manufacturers,South Korea,KRW,359000.0,1.0,script-v2.0,1.0,2026-09-21T13:45:56.220159+02:00,67.8,66.7,63,70,0,10,71,seguimiento,seguimiento,,True,pass,pendiente,0,desconocido,Pendiente de implementar,parcial,"margin_stabilization (media): Margen gross 17.8% vs 17.5% (+0.3 pp) | eps_stabilization (media): EPS 9621.00 vs 8897.00 (Diluted EPS) | dividend_maintained (baja): Dividendo actual 2.79% con caída del 54.2% | analyst_upgrade (media): Target 647254.00 vs precio 359000.00 (+80%), recMean 1.66, recKey buy",fuerte,seguimiento,358000.0,359000.0,358000.00 - 359000.00,466209.11,665550.0,466209.11 - 665550.00,Pérdida del soporte en 358000.00 | ROE negativo durante 2 trimestres consecutivos | Ampliación de capital dilutiva | Recorte de rating a bono basura,18-24,"HyundaiMtr está un 54.2% por debajo de su máximo 52s. Fundamentalmente sólida con ROE 7.2%, deuda neta/EBITDA 7.8x. Técnicamente 🔵 RSI en sobreventa, 🟢 Divergencia alcista RSI. Clasificación: seguimiento.","HyundaiMtr está un 54.2% por debajo de su máximo 52s. Fundamentalmente sólida con ROE 7.2%, deuda neta/EBITDA 7.8x. Técnicamente 🔵 RSI en sobreventa, 🟢 Divergencia alcista RSI. Clasificación: seguimiento.",🔵 RSI en sobreventa | 🟢 Divergencia alcista RSI | 🟢 Cerca de soporte | 🟢 base_pattern_detected,2.79,11,20,False,32.2,1.41,771087.0,102580327809024.0,7.79,3.3,gross,17.4,17.4,0.0,7.2,93998438.0,7.5,,16.07,54.2,53.9,-23.0,34.1,False,False,-31569.9636,False,2.7,8.9,False,484683.19,-25.9,True,False,59,12,0.87,358000.0,False
47,GIS,"General Mills, Inc.",SP500,Consumer Defensive,Packaged Foods,United States,USD,36.32,1.0,script-v2.0,1.0,2026-09-21T13:45:13.838293+02:00,67.7,66.3,70,63,0,9,72,seguimiento,seguimiento,,True,pass,pendiente,0,desconocido,Pendiente de implementar,parcial,margin_stabilization (media): Margen gross 34.8% vs 30.8% (+4.0 pp) | debt_reduction (alta): Deuda 13940.4M vs 13967.7M | dividend_maintained (baja): Dividendo actual 6.72% con caída del 29.2%,fuerte,seguimiento,33.73,36.32,33.73 - 36.32,38.51,43.63,38.51 - 43.63,Pérdida del soporte en 33.73 | ROE negativo durante 2 trimestres consecutivos | Ampliación de capital dilutiva | Recorte de rating a bono basura,12-18,"General Mills, Inc. está un 29.2% por debajo de su máximo 52s. Fundamentalmente sólida con ROE -1.0%, deuda neta/EBITDA 3.9x. Técnicamente 🟡 MACD convergiendo, 🟢 Bajo SMA200 con SMA50 girando. Clasificación: seguimiento.","General Mills, Inc. está un 29.2% por debajo de su máximo 52s. Fundamentalmente sólida con ROE -1.0%, deuda neta/EBITDA 3.9x. Técnicamente 🟡 MACD convergiendo, 🟢 Bajo SMA200 con SMA50 girando. Clasificación: seguimiento.",🟡 MACD convergiendo | 🟢 Bajo SMA200 con SMA50 girando | 🟡 Apoyo en MA40 semanal | 🟢 base_pattern_detected,6.72,11,20,False,59.4,1.89,9728030.0,13486600128.0,3.91,-0.2,gross,33.7,33.6,0.1,-1.0,19418.0,11.4,3.51,9.53,29.2,46.7,-5.7,39.5,False,True,-0.2833,False,10.8,15.0,False,38.32,-5.2,True,False,55,17,1.04,33.73,True
48,8002.T,MARUBENI CORP,ASIA,Industrials,Conglomerates,Japan,JPY,4976.0,1.0,script-v2.0,1.0,2026-09-21T13:45:46.777889+02:00,67.7,67.3,95,43,0,4,69,seguimiento,seguimiento,Sin señales de recuperación,True,pass,pendiente,0,desconocido,Pendiente de implementar,ausente,"dividend_maintained (baja): Dividendo actual 2.31% con caída del 21.4% | analyst_upgrade (media): Target 5993.64 vs precio 4976.00 (+20%), recMean 2.27, recKey buy",razonable,seguimiento,4780.45,4976.0,4780.45 - 4976.00,5149.72,5378.8,5149.72 - 5378.80,Pérdida del soporte en 4780.45 | ROE negativo durante 2 trimestres consecutivos | Ampliación de capital dilutiva | Recorte de rating a bono basura,6-12,"MARUBENI CORP está un 21.4% por debajo de su máximo 52s. Fundamentalmente sólida con ROE 14.2%, deuda neta/EBITDA 4.0x. Técnicamente 🟢 Divergencia alcista RSI, 🟢 Volumen creciente. Clasificación: seguimiento.","MARUBENI CORP está un 21.4% por debajo de su máximo 52s. Fundamentalmente sólida con ROE 14.2%, deuda neta/EBITDA 4.0x. Técnicamente 🟢 Divergencia alcista RSI, 🟢 Volumen creciente. Clasificación: seguimiento.",🟢 Divergencia alcista RSI | 🟢 Volumen creciente | 🟢 Cerca de soporte | 🟡 Apoyo en MA40 semanal | 🟢 base_pattern_detected,2.31,11,20,False,32.6,0.58,4589434.0,2050481061888.0,3.96,0.5,,14.5,,,14.2,8085390.0,15.1,1.81,19.86,21.4,20.6,-3.4,47.3,False,False,-19.6601,False,27.5,37.7,False,5223.03,-4.7,True,False,52,17,1.4,4780.45,True
49,HEIA.AS,HEINEKEN,EUROSTOXX,Consumer Defensive,Beverages - Brewers,Netherlands,EUR,70.72,1.0,script-v2.0,1.0,2026-09-21T13:44:05.171638+02:00,67.5,70.0,94,49,0,7,60,seguimiento,seguimiento,,True,pass,pendiente,0,desconocido,Pendiente de implementar,parcial,"eps_stabilization (media): EPS 3.38 vs 1.74 (annual_eps_fallback) | dividend_maintained (baja): Dividendo actual 2.71% con caída del 12.1% | analyst_upgrade (media): Target 89.14 vs precio 70.72 (+26%), recMean 1.83, recKey buy",razonable,seguimiento,69.17,70.72,69.17 - 70.72,68.37,70.5,68.37 - 70.50,Pérdida del soporte en 69.17 | ROE negativo durante 2 trimestres consecutivos | Ampliación de capital dilutiva | Recorte de rating a bono basura,6-12,"HEINEKEN está un 12.1% por debajo de su máximo 52s. Fundamentalmente sólida con ROE 12.1%, deuda neta/EBITDA 3.2x. Técnicamente 🟢 Cruce alcista MACD, 🟢 Cerca de soporte. Clasificación: seguimiento.","HEINEKEN está un 12.1% por debajo de su máximo 52s. Fundamentalmente sólida con ROE 12.1%, deuda neta/EBITDA 3.2x. Técnicamente 🟢 Cruce alcista MACD, 🟢 Cerca de soporte. Clasificación: seguimiento.",🟢 Cruce alcista MACD | 🟢 Cerca de soporte | 🟡 Apoyo en MA40 semanal,2.71,11,20,False,46.3,0.95,785996.0,17812999680.0,3.22,7.1,,37.0,,,12.1,39191.0,17.2,2.03,10.7,12.1,11.6,0.3,39.4,True,False,0.5703,False,15.1,20.6,False,70.6,0.2,False,False,55,5,0.99,69.17,False
50,NEE,"NextEra Energy, Inc.",SP500,Utilities,Utilities - Regulated Electric,United States,USD,80.47,1.0,script-v2.0,1.0,2026-09-21T13:45:06.432136+02:00,67.3,69.1,84,56,0,10,62,seguimiento,seguimiento,,True,pass,pendiente,0,desconocido,Pendiente de implementar,parcial,"margin_stabilization (media): Margen gross 62.4% vs 58.9% (+3.5 pp) | eps_stabilization (media): EPS 1.50 vs 1.04 (Diluted EPS) | dividend_maintained (baja): Dividendo actual 3.09% con caída del 18.5% | analyst_upgrade (media): Target 98.22 vs precio 80.47 (+22%), recMean 2.00, recKey buy",razonable,seguimiento,76.45,80.47,76.45 - 80.47,83.94,86.5,83.94 - 86.50,Pérdida del soporte en 76.45 | ROE negativo durante 2 trimestres consecutivos | Ampliación de capital dilutiva | Recorte de rating a bono basura,6-12,"NextEra Energy, Inc. está un 18.5% por debajo de su máximo 52s. Fundamentalmente sólida con ROE 11.7%, deuda neta/EBITDA 7.3x. Técnicamente 🔵 RSI en sobreventa, 🟡 Apoyo en MA40 semanal. Clasificación: seguimiento.","NextEra Energy, Inc. está un 18.5% por debajo de su máximo 52s. Fundamentalmente sólida con ROE 11.7%, deuda neta/EBITDA 7.3x. Técnicamente 🔵 RSI en sobreventa, 🟡 Apoyo en MA40 semanal. Clasificación: seguimiento.",🔵 RSI en sobreventa | 🟡 Apoyo en MA40 semanal | 🟢 base_pattern_detected,3.09,11,20,False,53.5,1.62,11092495.0,107330998272.0,7.35,5.5,gross,61.0,60.8,0.2,11.7,167829.0,18.1,2.94,19.61,18.5,17.3,-7.0,33.6,False,False,-1.1818,False,11.5,16.9,False,86.78,-7.3,True,False,45,17,1.23,,False
51,ABT,Abbott Laboratories,SP500,Healthcare,Medical Devices,United States,USD,102.61,1.0,script-v2.0,1.0,2026-09-21T13:44:36.174369+02:00,67.2,60.5,84,40,0,1,87,seguimiento,seguimiento,Sin señales de recuperación,True,pass,pendiente,0,desconocido,Pendiente de implementar,ausente,dividend_maintained (baja): Dividendo actual 2.46% con caída del 25.4%,fuerte,seguimiento,98.54,102.61,98.54 - 102.61,104.22,116.87,104.22 - 116.87,Pérdida del soporte en 98.54 | ROE negativo durante 2 trimestres consecutivos | Ampliación de capital dilutiva | Recorte de rating a bono basura,12-18,"Abbott Laboratories está un 25.4% por debajo de su máximo 52s. Fundamentalmente sólida con ROE 10.6%, deuda neta/EBITDA 2.3x. Técnicamente 🔵 RSI recuperándose de sobreventa, 🟡 MACD convergiendo. Clasificación: seguimiento.","Abbott Laboratories está un 25.4% por debajo de su máximo 52s. Fundamentalmente sólida con ROE 10.6%, deuda neta/EBITDA 2.3x. Técnicamente 🔵 RSI recuperándose de sobreventa, 🟡 MACD convergiendo. Clasificación: seguimiento.",🔵 RSI recuperándose de sobreventa | 🟡 MACD convergiendo | 🟢 Volumen creciente | 🟢 Cerca de soporte | 🟡 Apoyo en MA40 semanal | 🟢 base_pattern_detected,2.46,11,20,False,79.0,0.63,10328804.0,27116999168.0,2.32,136.1,gross,56.8,56.3,0.6,10.6,178727.0,33.2,3.47,17.58,25.4,25.0,-1.5,37.9,False,True,1.0827,False,16.8,12.6,False,103.14,-0.5,True,False,70,17,1.55,98.54,True
52,GS,"Goldman Sachs Group, Inc. (The)",SP500,Financial Services,Capital Markets,United States,USD,942.0,1.0,script-v2.0,1.0,2026-09-21T13:44:50.404213+02:00,67.0,63.4,81,48,0,7,78,seguimiento,seguimiento,,True,pass,pendiente,0,desconocido,Pendiente de implementar,parcial,"eps_stabilization (media): EPS 20.98 vs 17.55 (Diluted EPS) | dividend_maintained (baja): Dividendo actual 2.12% con caída del 18.4% | analyst_upgrade (media): Target 1141.65 vs precio 942.00 (+21%), recMean 2.60, recKey hold",fuerte,seguimiento,903.97,942.0,903.97 - 942.00,948.66,980.89,948.66 - 980.89,Pérdida del soporte en 903.97 | ROE negativo durante 2 trimestres consecutivos | Ampliación de capital dilutiva | Recorte de rating a bono basura,6-12,"Goldman Sachs Group, Inc. (The) está un 18.4% por debajo de su máximo 52s. Fundamentalmente sólida con ROE 16.9%, D/E 7.25. Técnicamente 🔵 RSI en sobreventa, 🟢 Volumen creciente. Clasificación: seguimiento.","Goldman Sachs Group, Inc. (The) está un 18.4% por debajo de su máximo 52s. Fundamentalmente sólida con ROE 16.9%, D/E 7.25. Técnicamente 🔵 RSI en sobreventa, 🟢 Volumen creciente. Clasificación: seguimiento.",🔵 RSI en sobreventa | 🟢 Volumen creciente | 🟢 Cerca de soporte | 🟡 Apoyo en MA40 semanal | 🟢 base_pattern_detected,2.12,11,20,False,26.2,7.25,2018033.0,-259369074688.0,,132.4,,82.1,,,16.9,274283.0,14.6,2.6,,18.4,18.0,-0.7,33.4,False,False,28.6718,False,16.4,15.2,False,951.04,-1.0,True,False,61,17,1.74,903.97,False
53,IMB.L,IMPERIAL BRANDS PLC ORD 10P,EUROSTOXX,Consumer Defensive,Tobacco,United Kingdom,GBp,2491.0,1.0,script-v2.0,1.0,2026-09-21T13:44:31.286112+02:00,66.7,66.5,66,67,0,4,67,seguimiento,seguimiento,Sin señales de recuperación,True,pass,pendiente,0,desconocido,Pendiente de implementar,ausente,"dividend_maintained (baja): Dividendo actual 0.07% con caída del 31.4% | analyst_upgrade (media): Target 3250.00 vs precio 2491.00 (+30%), recMean 1.83, recKey buy",razonable,seguimiento,2456.5,2491.0,2456.50 - 2491.00,2905.34,3087.23,2905.34 - 3087.23,Pérdida del soporte en 2456.50 | ROE negativo durante 2 trimestres consecutivos | Ampliación de capital dilutiva | Recorte de rating a bono basura,12-18,"IMPERIAL BRANDS PLC ORD 10P está un 31.4% por debajo de su máximo 52s. Fundamentalmente sólida con ROE 37.2%, deuda neta/EBITDA 2.7x. Técnicamente 🟢 Divergencia alcista RSI, 🟢 Cerca de soporte. Clasificación: seguimiento.","IMPERIAL BRANDS PLC ORD 10P está un 31.4% por debajo de su máximo 52s. Fundamentalmente sólida con ROE 37.2%, deuda neta/EBITDA 2.7x. Técnicamente 🟢 Divergencia alcista RSI, 🟢 Cerca de soporte. Clasificación: seguimiento.",🟢 Divergencia alcista RSI | 🟢 Cerca de soporte | 🟢 base_pattern_detected,0.07,11,20,False,75.4,2.44,3165630.0,10735000000.0,2.67,12.4,,36.3,,,37.2,18783.0,11.7,4.9,7.74,31.4,31.4,-14.3,41.8,False,False,-122.8057,False,37.2,38.6,False,2877.74,-13.4,True,False,55,12,0.95,2456.5,False
54,4568.T,DAIICHI SANKYO COMPANY LIMITED,ASIA,Healthcare,Drug Manufacturers - General,Japan,JPY,2953.5,1.0,script-v2.0,1.0,2026-09-21T13:45:40.167484+02:00,66.7,66.6,97,40,0,4,67,seguimiento,seguimiento,Sin señales de recuperación,True,pass,pendiente,0,desconocido,Pendiente de implementar,ausente,"dividend_maintained (baja): Dividendo actual 3.39% con caída del 29.3% | analyst_upgrade (media): Target 4096.25 vs precio 2953.50 (+39%), recMean 1.50, recKey strong_buy",razonable,seguimiento,2681.2,2778.43,2681.20 - 2778.43,2884.2,3551.3,2884.20 - 3551.30,Pérdida del soporte en 2681.20 | ROE negativo durante 2 trimestres consecutivos | Ampliación de capital dilutiva | Recorte de rating a bono basura,12-18,"DAIICHI SANKYO COMPANY LIMITED está un 29.3% por debajo de su máximo 52s. Fundamentalmente sólida con ROE 14.8%, deuda neta/EBITDA -0.4x. Técnicamente 🟢 Cruce alcista MACD, 🟢 MACD semanal girando al alza. Clasificación: seguimiento.","DAIICHI SANKYO COMPANY LIMITED está un 29.3% por debajo de su máximo 52s. Fundamentalmente sólida con ROE 14.8%, deuda neta/EBITDA -0.4x. Técnicamente 🟢 Cruce alcista MACD, 🟢 MACD semanal girando al alza. Clasificación: seguimiento.",🟢 Cruce alcista MACD | 🟢 MACD semanal girando al alza | 🟢 base_pattern_detected | 🟡 trendline_break,3.39,11,20,False,55.6,0.29,6189955.0,-137370009600.0,-0.44,148.8,,68.5,,,14.8,5374346.0,21.1,3.16,16.84,29.3,40.0,2.4,62.9,True,False,-14.5422,True,99.1,84.6,False,2829.36,4.4,True,True,39,28,1.2,2681.2,True
55,UPS,"United Parcel Service, Inc.",SP500,Industrials,Integrated Freight & Logistics,United States,USD,99.06,1.0,script-v2.0,1.0,2026-09-21T13:44:57.207318+02:00,66.6,66.1,88,47,0,1,68,seguimiento,seguimiento,Sin señales de recuperación,True,pass,pendiente,0,desconocido,Pendiente de implementar,ausente,dividend_maintained (baja): Dividendo actual 6.62% con caída del 19.1%,razonable,seguimiento,92.89,99.06,92.89 - 99.06,102.39,104.05,102.39 - 104.05,Pérdida del soporte en 92.89 | ROE negativo durante 2 trimestres consecutivos | Ampliación de capital dilutiva | Recorte de rating a bono basura,6-12,"United Parcel Service, Inc. está un 19.1% por debajo de su máximo 52s. Fundamentalmente sólida con ROE 29.6%, deuda neta/EBITDA 2.0x. Técnicamente 🟢 Cruce alcista MACD, 🟢 Volumen creciente. Clasificación: seguimiento.","United Parcel Service, Inc. está un 19.1% por debajo de su máximo 52s. Fundamentalmente sólida con ROE 29.6%, deuda neta/EBITDA 2.0x. Técnicamente 🟢 Cruce alcista MACD, 🟢 Volumen creciente. Clasificación: seguimiento.",🟢 Cruce alcista MACD | 🟢 Volumen creciente | 🟡 Apoyo en MA40 semanal,6.62,11,20,False,121.9,1.9,4720636.0,24019999232.0,1.99,0.0,gross,22.4,16.5,5.9,29.6,84278.0,18.4,5.6,8.96,19.1,22.6,-3.3,39.8,True,False,0.3278,False,13.2,15.1,False,102.97,-3.8,False,False,63,5,1.39,92.89,False
56,IBM,International Business Machines,SP500,Technology,Information Technology Services,United States,USD,229.55,1.0,script-v2.0,1.0,2026-09-21T13:44:56.599360+02:00,66.5,63.6,94,37,0,12,75,entrada_directa,entrada_directa,,True,pass,pendiente,0,desconocido,Pendiente de implementar,confirmada,margin_stabilization (media): Margen gross 57.7% vs 56.2% (+1.5 pp) | eps_stabilization (media): EPS 2.27 vs 1.28 (Diluted EPS) | debt_reduction (alta): Deuda 65272.0M vs 69802.0M | dividend_maintained (baja): Dividendo actual 2.94% con caída del 31.0%,fuerte,entrada_directa,223.08,229.55,223.08 - 229.55,256.56,282.59,256.56 - 282.59,Pérdida del soporte en 223.08 | ROE negativo durante 2 trimestres consecutivos | Ampliación de capital dilutiva | Recorte de rating a bono basura,12-18,"International Business Machines está un 31.0% por debajo de su máximo 52s. Fundamentalmente sólida con ROE 34.5%, deuda neta/EBITDA 3.5x. Técnicamente 🟢 Divergencia alcista RSI, 🟢 Volumen creciente. Clasificación: entrada_directa.","International Business Machines está un 31.0% por debajo de su máximo 52s. Fundamentalmente sólida con ROE 34.5%, deuda neta/EBITDA 3.5x. Técnicamente 🟢 Divergencia alcista RSI, 🟢 Volumen creciente. Clasificación: entrada_directa.",🟢 Divergencia alcista RSI | 🟢 Volumen creciente | 🟢 Cerca de soporte | 🟡 Apoyo en MA40 semanal | 🟢 base_pattern_detected,2.94,11,20,False,59.8,1.89,8751933.0,57140000768.0,3.47,-6.5,gross,58.1,58.0,0.1,34.5,216267.0,20.4,6.28,16.6,31.0,30.5,-10.5,44.1,False,False,-6.8734,False,2.0,25.7,False,254.66,-9.9,True,False,58,17,1.6,223.08,False
57,005930.KS,SamsungElec,ASIA,Technology,Consumer Electronics,South Korea,KRW,274000.0,1.0,script-v2.0,1.0,2026-09-21T13:45:54.046754+02:00,66.3,66.8,78,57,0,15,65,entrada_escalada,entrada_escalada,,True,pass,pendiente,0,desconocido,Pendiente de implementar,confirmada,"margin_stabilization (media): Margen gross 69.6% vs 61.2% (+8.4 pp) | eps_stabilization (media): EPS 10733.00 vs 7056.00 (Diluted EPS) | debt_reduction (alta): Deuda 22408721.3M vs 28138794.0M | dividend_maintained (baja): Dividendo actual 0.55% con caída del 26.8% | analyst_upgrade (media): Target 475850.10 vs precio 274000.00 (+74%), recMean 1.36, recKey strong_buy",razonable,entrada_escalada,254930.0,261711.38,254930.00 - 261711.38,220333.61,318325.0,220333.61 - 318325.00,Pérdida del soporte en 261711.38 | ROE negativo durante 2 trimestres consecutivos | Ampliación de capital dilutiva | Recorte de rating a bono basura,12-18,"SamsungElec está un 26.8% por debajo de su máximo 52s. Fundamentalmente sólida con ROE 30.8%, deuda neta/EBITDA -0.7x. Técnicamente 🟢 Divergencia alcista RSI, 🟢 Cruce alcista MACD. Clasificación: entrada_escalada.","SamsungElec está un 26.8% por debajo de su máximo 52s. Fundamentalmente sólida con ROE 30.8%, deuda neta/EBITDA -0.7x. Técnicamente 🟢 Divergencia alcista RSI, 🟢 Cruce alcista MACD. Clasificación: entrada_escalada.",🟢 Divergencia alcista RSI | 🟢 Cruce alcista MACD | 🟢 Cerca de soporte | 🟢 base_pattern_detected,0.55,11,20,False,7.5,3.87,26316140.0,-167590313852928.0,-0.74,-20.4,gross,57.5,54.2,3.3,30.8,1799238304.0,3.9,,6.87,26.8,26.8,24.4,57.2,True,False,13238.928,False,86.1,54.2,False,233222.92,17.5,True,False,53,12,1.05,261711.38,False
58,ED,"Consolidated Edison, Inc.",SP500,Utilities,Utilities - Regulated Electric,United States,USD,105.43,1.0,script-v2.0,1.0,2026-09-21T13:44:44.182615+02:00,66.1,65.8,93,42,0,1,67,seguimiento,seguimiento,Sin señales de recuperación,True,pass,pendiente,0,desconocido,Pendiente de implementar,ausente,dividend_maintained (baja): Dividendo actual 3.33% con caída del 9.3%,razonable,seguimiento,100.16,105.43,100.16 - 105.43,98.8,106.1,98.80 - 106.10,Pérdida del soporte en 100.16 | ROE negativo durante 2 trimestres consecutivos | Ampliación de capital dilutiva | Recorte de rating a bono basura,6-12,"Consolidated Edison, Inc. está un 9.3% por debajo de su máximo 52s. Fundamentalmente sólida con ROE 9.0%, deuda neta/EBITDA 4.4x. Técnicamente 🔵 RSI recuperándose de sobreventa, 🟢 Divergencia alcista RSI. Clasificación: seguimiento.","Consolidated Edison, Inc. está un 9.3% por debajo de su máximo 52s. Fundamentalmente sólida con ROE 9.0%, deuda neta/EBITDA 4.4x. Técnicamente 🔵 RSI recuperándose de sobreventa, 🟢 Divergencia alcista RSI. Clasificación: seguimiento.",🔵 RSI recuperándose de sobreventa | 🟢 Divergencia alcista RSI | 🟡 Apoyo en MA40 semanal | 🟢 base_pattern_detected,3.33,11,20,False,57.1,1.1,2185176.0,26850000000.0,4.36,4.2,gross,53.4,53.2,0.2,9.0,38991.0,17.3,1.52,10.69,9.3,7.8,-0.6,42.4,False,False,0.2799,False,10.5,24.6,False,106.8,-1.3,True,False,50,17,1.17,,False
59,WKL.AS,WOLTERS KLUWER,EUROSTOXX,Industrials,Specialty Business Services,Netherlands,EUR,67.78,1.0,script-v2.0,1.0,2026-09-21T13:44:08.421815+02:00,66.0,68.3,72,65,0,7,59,seguimiento,seguimiento,,True,pass,pendiente,0,desconocido,Pendiente de implementar,parcial,"eps_stabilization (media): EPS 5.64 vs 4.52 (annual_eps_fallback) | dividend_maintained (baja): Dividendo actual 3.84% con caída del 41.8% | analyst_upgrade (media): Target 90.09 vs precio 67.78 (+33%), recMean 1.69, recKey buy",razonable,seguimiento,66.56,67.34,66.56 - 67.34,67.16,98.98,67.16 - 98.98,Pérdida del soporte en 66.56 | ROE negativo durante 2 trimestres consecutivos | Ampliación de capital dilutiva | Recorte de rating a bono basura,18-24,"WOLTERS KLUWER está un 41.8% por debajo de su máximo 52s. Fundamentalmente sólida con ROE 146.1%, deuda neta/EBITDA 2.1x. Técnicamente 🟢 Volumen creciente, 🟢 Cerca de soporte. Clasificación: seguimiento.","WOLTERS KLUWER está un 41.8% por debajo de su máximo 52s. Fundamentalmente sólida con ROE 146.1%, deuda neta/EBITDA 2.1x. Técnicamente 🟢 Volumen creciente, 🟢 Cerca de soporte. Clasificación: seguimiento.",🟢 Volumen creciente | 🟢 Cerca de soporte | 🟡 Apoyo en MA40 semanal | 🟢 base_pattern_detected | 🟡 trendline_break,3.84,11,20,False,43.0,5.9,1262763.0,4054000256.0,2.08,12.5,,74.1,,,146.1,15086.0,11.6,16.1,9.9,41.8,60.4,0.9,48.8,False,False,-0.6854,False,40.7,53.1,False,66.3,2.2,True,True,36,23,2.37,66.56,True
60,9021.T,WEST JAPAN RAILWAY CO,ASIA,Industrials,Railroads,Japan,JPY,3036.0,1.0,script-v2.0,1.0,2026-09-21T13:45:44.633536+02:00,65.6,68.1,82,56,0,1,58,seguimiento,seguimiento,Sin señales de recuperación,True,pass,pendiente,0,desconocido,Pendiente de implementar,ausente,dividend_maintained (baja): Dividendo actual 3.21% con caída del 13.9%,razonable,seguimiento,2779.72,2979.11,2779.72 - 2979.11,2985.94,2998.8,2985.94 - 2998.80,Pérdida del soporte en 2779.72 | ROE negativo durante 2 trimestres consecutivos | Ampliación de capital dilutiva | Recorte de rating a bono basura,6-12,"WEST JAPAN RAILWAY CO está un 13.9% por debajo de su máximo 52s. Fundamentalmente sólida con ROE 9.3%, deuda neta/EBITDA 3.7x. Técnicamente 🟢 Cruce alcista MACD, 🟡 Apoyo en MA40 semanal. Clasificación: seguimiento.","WEST JAPAN RAILWAY CO está un 13.9% por debajo de su máximo 52s. Fundamentalmente sólida con ROE 9.3%, deuda neta/EBITDA 3.7x. Técnicamente 🟢 Cruce alcista MACD, 🟡 Apoyo en MA40 semanal. Clasificación: seguimiento.",🟢 Cruce alcista MACD | 🟡 Apoyo en MA40 semanal | 🟢 base_pattern_detected | 🟡 trendline_break,3.21,11,20,False,35.1,1.15,2543192.0,1360837033984.0,3.67,6.6,,24.8,,,9.3,1381634.0,10.9,1.13,7.75,13.9,12.5,1.7,55.3,True,False,10.2571,False,49.6,68.0,False,2985.56,1.7,True,True,35,23,0.9,2779.72,True
61,4503.T,ASTELLAS PHARMA,ASIA,Healthcare,Drug Manufacturers - General,Japan,JPY,2383.5,1.0,script-v2.0,1.0,2026-09-21T13:45:39.020398+02:00,65.5,69.6,100,43,0,9,53,seguimiento,seguimiento,,True,pass,pendiente,0,desconocido,Pendiente de implementar,parcial,eps_stabilization (media): EPS 78.96 vs 38.11 (Diluted EPS) | debt_reduction (alta): Deuda 589870.0M vs 831426.0M | dividend_maintained (baja): Dividendo actual 3.36% con caída del 12.3%,razonable,seguimiento,2281.63,2330.5,2281.63 - 2330.50,2271.98,2309.45,2271.98 - 2309.45,Pérdida del soporte en 2330.50 | ROE negativo durante 2 trimestres consecutivos | Ampliación de capital dilutiva | Recorte de rating a bono basura,6-12,"ASTELLAS PHARMA está un 12.3% por debajo de su máximo 52s. Fundamentalmente sólida con ROE 21.3%, deuda neta/EBITDA 0.5x. Técnicamente 🟡 MACD convergiendo, 🟢 Cerca de soporte. Clasificación: seguimiento.","ASTELLAS PHARMA está un 12.3% por debajo de su máximo 52s. Fundamentalmente sólida con ROE 21.3%, deuda neta/EBITDA 0.5x. Técnicamente 🟡 MACD convergiendo, 🟢 Cerca de soporte. Clasificación: seguimiento.",🟡 MACD convergiendo | 🟢 Cerca de soporte | 🟢 base_pattern_detected | 🟡 trendline_break,3.36,11,20,False,48.1,0.3,6312277.0,345172000768.0,0.52,-29.1,,80.8,,,21.3,4273648.0,14.7,2.2,6.9,12.3,12.3,4.9,58.3,False,True,36.4441,False,81.0,69.2,False,2296.69,3.8,True,True,35,18,0.98,2330.5,True
62,0006.HK,POWER ASSETS,ASIA,Utilities,Utilities - Independent Power Producers,Hong Kong,HKD,60.25,1.0,script-v2.0,1.0,2026-09-21T13:45:48.680769+02:00,65.4,64.9,98,36,0,9,67,seguimiento,seguimiento,,True,pass,pendiente,0,desconocido,Pendiente de implementar,parcial,eps_stabilization (media): EPS 2.93 vs 2.82 (annual_eps_fallback) | debt_reduction (alta): Deuda 2770.0M vs 3320.0M | dividend_maintained (baja): Dividendo actual 4.68% con caída del 10.1%,razonable,seguimiento,57.74,58.96,57.74 - 58.96,56.99,57.76,56.99 - 57.76,Pérdida del soporte en 57.74 | ROE negativo durante 2 trimestres consecutivos | Ampliación de capital dilutiva | Recorte de rating a bono basura,6-12,"POWER ASSETS está un 10.1% por debajo de su máximo 52s. Fundamentalmente sólida con ROE 18.6%, deuda neta/EBITDA -111.1x. Técnicamente 🟡 MACD convergiendo, 🟢 Cerca de soporte. Clasificación: seguimiento.","POWER ASSETS está un 10.1% por debajo de su máximo 52s. Fundamentalmente sólida con ROE 18.6%, deuda neta/EBITDA -111.1x. Técnicamente 🟡 MACD convergiendo, 🟢 Cerca de soporte. Clasificación: seguimiento.",🟡 MACD convergiendo | 🟢 Cerca de soporte | 🟡 Apoyo en MA40 semanal | 🟢 base_pattern_detected | 🟡 trendline_break,4.68,11,20,False,33.6,2.69,2912326.0,-42506999808.0,-111.13,-16.6,,100.0,,,18.6,128399.0,7.2,1.25,222.33,10.1,6.0,4.3,54.1,False,True,0.8275,False,62.4,55.6,False,58.65,2.7,True,True,44,23,1.15,57.74,True
63,GPT.AX,GPT STAPLED [GPT],ASX,Real Estate,REIT - Diversified,Australia,AUD,4.49,1.0,script-v2.0,1.0,2026-09-21T13:45:32.876145+02:00,65.3,66.8,78,57,0,7,61,seguimiento,seguimiento,,True,pass,pendiente,0,desconocido,Pendiente de implementar,parcial,"eps_stabilization (media): EPS 0.51 vs -0.10 (annual_eps_fallback) | dividend_maintained (baja): Dividendo actual 5.35% con caída del 21.9% | analyst_upgrade (media): Target 5.43 vs precio 4.49 (+21%), recMean 2.50, recKey buy",razonable,seguimiento,4.27,4.49,4.27 - 4.49,4.85,4.89,4.85 - 4.89,Pérdida del soporte en 4.27 | ROE negativo durante 2 trimestres consecutivos | Ampliación de capital dilutiva | Recorte de rating a bono basura,6-12,"GPT STAPLED [GPT] está un 21.9% por debajo de su máximo 52s. Fundamentalmente sólida con ROE 10.0%, deuda neta/EBITDA 9.1x. Técnicamente 🟢 Cruce alcista MACD, 🟡 Apoyo en MA40 semanal. Clasificación: seguimiento.","GPT STAPLED [GPT] está un 21.9% por debajo de su máximo 52s. Fundamentalmente sólida con ROE 10.0%, deuda neta/EBITDA 9.1x. Técnicamente 🟢 Cruce alcista MACD, 🟡 Apoyo en MA40 semanal. Clasificación: seguimiento.",🟢 Cruce alcista MACD | 🟡 Apoyo en MA40 semanal,5.35,11,20,False,44.2,0.53,5994005.0,5582400032.0,9.11,17.2,,62.1,,,10.0,8601.0,8.2,0.8,23.05,21.9,18.2,-7.5,38.1,True,False,-0.0763,False,34.8,33.4,False,4.82,-6.9,False,False,56,5,1.1,,False
64,VOW3.DE,VOLKSWAGEN AG                 V,EUROSTOXX,Consumer Cyclical,Auto Manufacturers,Germany,EUR,75.62,1.0,script-v2.0,1.0,2026-09-21T13:43:45.050968+02:00,64.5,61.7,51,71,0,10,73,seguimiento,seguimiento,,True,pass,pendiente,0,desconocido,Pendiente de implementar,parcial,"margin_stabilization (media): Margen gross 15.1% vs 15.5% (-0.4 pp) | eps_stabilization (media): EPS 2.56 vs 2.55 (Diluted EPS) | dividend_maintained (baja): Dividendo actual 6.96% con caída del 30.7% | analyst_upgrade (media): Target 104.97 vs precio 75.62 (+39%), recMean 2.15, recKey buy",fuerte,seguimiento,71.08,75.62,71.08 - 75.62,84.45,92.78,84.45 - 92.78,Pérdida del soporte en 71.08 | ROE negativo durante 2 trimestres consecutivos | Ampliación de capital dilutiva | Recorte de rating a bono basura,12-18,"VOLKSWAGEN AG                 V está un 30.7% por debajo de su máximo 52s. Fundamentalmente sólida con ROE 2.8%, deuda neta/EBITDA 11.1x. Técnicamente 🟢 Divergencia alcista RSI, 🟢 Bajo SMA200 con SMA50 girando. Clasificación: seguimiento.","VOLKSWAGEN AG                 V está un 30.7% por debajo de su máximo 52s. Fundamentalmente sólida con ROE 2.8%, deuda neta/EBITDA 11.1x. Técnicamente 🟢 Divergencia alcista RSI, 🟢 Bajo SMA200 con SMA50 girando. Clasificación: seguimiento.",🟢 Divergencia alcista RSI | 🟢 Bajo SMA200 con SMA50 girando | 🟢 Volumen creciente | 🟡 Apoyo en MA40 semanal | 🟢 base_pattern_detected,6.96,11,20,False,50.4,1.39,1122827.0,214130008064.0,11.1,43.9,gross,13.8,16.3,-2.5,2.8,37908.0,7.3,0.22,13.86,30.7,26.1,-10.5,44.3,False,False,-2.138,False,26.3,45.4,False,83.67,-9.6,True,False,56,17,2.29,71.08,True
65,DSY.PA,DASSAULT SYSTEMES,EUROSTOXX,Technology,Software - Application,France,EUR,20.95,1.0,script-v2.0,1.0,2026-09-21T13:44:03.172313+02:00,64.2,68.9,94,47,0,7,50,seguimiento,seguimiento,,True,pass,pendiente,0,desconocido,Pendiente de implementar,parcial,margin_stabilization (media): Margen gross 84.1% vs 84.0% (+0.1 pp) | eps_stabilization (media): EPS 0.22 vs 0.22 (Diluted EPS) | dividend_maintained (baja): Dividendo actual 1.29% con caída del 31.0%,razonable,seguimiento,20.81,20.91,20.81 - 20.91,20.0,25.81,20.00 - 25.81,Pérdida del soporte en 20.81 | ROE negativo durante 2 trimestres consecutivos | Ampliación de capital dilutiva | Recorte de rating a bono basura,12-18,"DASSAULT SYSTEMES está un 31.0% por debajo de su máximo 52s. Fundamentalmente sólida con ROE 15.1%, deuda neta/EBITDA -1.4x. Técnicamente 🟡 MACD convergiendo, 🟢 Cerca de soporte. Clasificación: seguimiento.","DASSAULT SYSTEMES está un 31.0% por debajo de su máximo 52s. Fundamentalmente sólida con ROE 15.1%, deuda neta/EBITDA -1.4x. Técnicamente 🟡 MACD convergiendo, 🟢 Cerca de soporte. Clasificación: seguimiento.",🟡 MACD convergiendo | 🟢 Cerca de soporte | 🟡 trendline_break,1.29,11,20,False,27.8,0.36,1902881.0,-2282400000.0,-1.36,36.2,gross,84.2,84.2,0.0,15.1,27529.0,21.6,2.98,14.81,31.0,48.0,4.8,48.1,False,True,0.2401,False,37.9,26.4,False,19.85,5.5,False,True,44,6,1.02,20.81,True
66,DUK,Duke Energy Corporation (Holdin,SP500,Utilities,Utilities - Regulated Electric,United States,USD,117.53,1.0,script-v2.0,1.0,2026-09-21T13:45:04.432430+02:00,64.1,63.5,88,42,0,1,66,seguimiento,seguimiento,Sin señales de recuperación,True,pass,pendiente,0,desconocido,Pendiente de implementar,ausente,dividend_maintained (baja): Dividendo actual 3.69% con caída del 12.6%,razonable,seguimiento,111.65,117.53,111.65 - 117.53,114.32,122.32,114.32 - 122.32,Pérdida del soporte en 111.65 | ROE negativo durante 2 trimestres consecutivos | Ampliación de capital dilutiva | Recorte de rating a bono basura,6-12,"Duke Energy Corporation (Holdin está un 12.6% por debajo de su máximo 52s. Fundamentalmente sólida con ROE 9.9%, deuda neta/EBITDA 5.5x. Técnicamente 🟢 Divergencia alcista RSI, 🟢 Volumen creciente. Clasificación: seguimiento.","Duke Energy Corporation (Holdin está un 12.6% por debajo de su máximo 52s. Fundamentalmente sólida con ROE 9.9%, deuda neta/EBITDA 5.5x. Técnicamente 🟢 Divergencia alcista RSI, 🟢 Volumen creciente. Clasificación: seguimiento.",🟢 Divergencia alcista RSI | 🟢 Volumen creciente | 🟡 Apoyo en MA40 semanal | 🟢 base_pattern_detected,3.69,11,20,False,64.2,1.62,4075882.0,91532998080.0,5.51,1.5,gross,52.0,50.4,1.6,9.9,91638.0,17.7,1.7,11.21,12.6,11.1,-3.9,35.8,False,False,-0.8911,False,9.9,13.5,False,122.82,-4.3,True,False,49,17,1.46,,False
67,6758.T,SONY GROUP CORPORATION,ASIA,Technology,Consumer Electronics,Japan,JPY,3697.0,1.0,script-v2.0,1.0,2026-09-21T13:45:40.477370+02:00,63.5,68.7,89,51,0,10,48,seguimiento,seguimiento,,True,pass,pendiente,0,desconocido,Pendiente de implementar,parcial,"margin_stabilization (media): Margen gross 36.7% vs 30.8% (+5.9 pp) | eps_stabilization (media): EPS 57.82 vs 13.89 (Diluted EPS) | dividend_maintained (baja): Dividendo actual 0.95% con caída del 22.6% | analyst_upgrade (media): Target 4865.91 vs precio 3697.00 (+32%), recMean 1.35, recKey strong_buy",razonable,seguimiento,3419.44,3684.94,3419.44 - 3684.94,3589.49,4059.6,3589.49 - 4059.60,Pérdida del soporte en 3419.44 | ROE negativo durante 2 trimestres consecutivos | Ampliación de capital dilutiva | Recorte de rating a bono basura,6-12,"SONY GROUP CORPORATION está un 22.6% por debajo de su máximo 52s. Fundamentalmente sólida con ROE 13.2%, deuda neta/EBITDA -0.1x. Técnicamente 🟡 MACD convergiendo, 🟢 base_pattern_detected. Clasificación: seguimiento.","SONY GROUP CORPORATION está un 22.6% por debajo de su máximo 52s. Fundamentalmente sólida con ROE 13.2%, deuda neta/EBITDA -0.1x. Técnicamente 🟡 MACD convergiendo, 🟢 base_pattern_detected. Clasificación: seguimiento.",🟡 MACD convergiendo | 🟢 base_pattern_detected | 🟡 trendline_break,0.95,11,20,False,13.4,0.21,16942549.0,-299421007872.0,-0.14,12.0,gross,32.2,32.1,0.2,13.2,21610195.0,19.8,2.59,10.49,22.6,22.3,3.0,46.8,False,True,65.6558,False,23.6,29.0,False,3532.24,4.7,True,True,30,18,0.83,3419.44,True
68,MUV2.DE,MUENCHENER RUECKVERS.-GES. AG N,EUROSTOXX,Financial Services,Insurance - Reinsurance,Germany,EUR,506.4,1.0,script-v2.0,1.0,2026-09-21T13:43:45.159471+02:00,63.1,63.8,99,33,0,7,61,seguimiento,seguimiento,,True,pass,pendiente,0,desconocido,Pendiente de implementar,parcial,margin_stabilization (media): Margen operating 15.6% vs 13.7% (+1.9 pp) | eps_stabilization (media): EPS 17.50 vs 13.41 (Diluted EPS) | dividend_maintained (baja): Dividendo actual 4.74% con caída del 12.0%,razonable,seguimiento,504.54,506.4,504.54 - 506.40,489.26,504.26,489.26 - 504.26,Pérdida del soporte en 504.54 | ROE negativo durante 2 trimestres consecutivos | Ampliación de capital dilutiva | Recorte de rating a bono basura,6-12,"MUENCHENER RUECKVERS.-GES. AG N está un 12.0% por debajo de su máximo 52s. Fundamentalmente sólida con ROE 21.3%, D/E 0.24. Técnicamente 🟡 MACD convergiendo, 🟢 Volumen creciente. Clasificación: seguimiento.","MUENCHENER RUECKVERS.-GES. AG N está un 12.0% por debajo de su máximo 52s. Fundamentalmente sólida con ROE 21.3%, D/E 0.24. Técnicamente 🟡 MACD convergiendo, 🟢 Volumen creciente. Clasificación: seguimiento.",🟡 MACD convergiendo | 🟢 Volumen creciente | 🟢 Cerca de soporte | 🟡 Apoyo en MA40 semanal,4.74,11,20,False,44.6,0.24,275257.0,2403000320.0,,9.4,operating,17.3,14.9,2.4,21.3,63712.0,9.4,1.9,,12.0,13.3,0.4,44.9,False,True,2.9008,False,38.0,41.0,False,503.37,0.6,False,False,56,5,1.42,504.54,True
69,SO,Southern Company (The),SP500,Utilities,Utilities - Regulated Electric,United States,USD,85.52,1.0,script-v2.0,1.0,2026-09-21T13:45:04.893033+02:00,63.1,61.1,75,49,0,4,69,seguimiento,seguimiento,Sin señales de recuperación,True,pass,pendiente,0,desconocido,Pendiente de implementar,ausente,margin_stabilization (media): Margen gross 51.3% vs 46.5% (+4.8 pp) | dividend_maintained (baja): Dividendo actual 3.55% con caída del 15.2%,razonable,seguimiento,81.24,85.52,81.24 - 85.52,85.71,91.02,85.71 - 91.02,Pérdida del soporte en 81.24 | ROE negativo durante 2 trimestres consecutivos | Ampliación de capital dilutiva | Recorte de rating a bono basura,6-12,"Southern Company (The) está un 15.2% por debajo de su máximo 52s. Fundamentalmente sólida con ROE 11.5%, deuda neta/EBITDA 5.2x. Técnicamente 🔵 RSI en sobreventa, 🟢 Volumen creciente. Clasificación: seguimiento.","Southern Company (The) está un 15.2% por debajo de su máximo 52s. Fundamentalmente sólida con ROE 11.5%, deuda neta/EBITDA 5.2x. Técnicamente 🔵 RSI en sobreventa, 🟢 Volumen creciente. Clasificación: seguimiento.",🔵 RSI en sobreventa | 🟢 Volumen creciente | 🟡 Apoyo en MA40 semanal | 🟢 base_pattern_detected,3.55,11,20,False,71.8,1.82,5651974.0,74102998528.0,5.2,1.4,gross,48.3,48.2,0.1,11.5,98379.0,20.6,2.49,12.29,15.2,13.1,-6.0,30.2,False,False,-1.1285,False,2.3,12.0,False,91.38,-6.4,True,False,52,17,1.4,,False
70,7751.T,CANON INC,ASIA,Technology,Computer Hardware,Japan,JPY,4503.0,1.0,script-v2.0,1.0,2026-09-21T13:45:42.144878+02:00,63.1,68.5,92,48,0,1,47,seguimiento,seguimiento,Sin señales de recuperación,True,pass,pendiente,0,desconocido,Pendiente de implementar,ausente,dividend_maintained (baja): Dividendo actual 3.55% con caída del 10.5%,razonable,seguimiento,4254.76,4503.0,4254.76 - 4503.00,4278.05,4419.34,4278.05 - 4419.34,Pérdida del soporte en 4254.76 | ROE negativo durante 2 trimestres consecutivos | Ampliación de capital dilutiva | Recorte de rating a bono basura,6-12,"CANON INC está un 10.5% por debajo de su máximo 52s. Fundamentalmente sólida con ROE 10.4%, deuda neta/EBITDA 0.7x. Técnicamente 🟡 MACD convergiendo, 🟡 Apoyo en MA40 semanal. Clasificación: seguimiento.","CANON INC está un 10.5% por debajo de su máximo 52s. Fundamentalmente sólida con ROE 10.4%, deuda neta/EBITDA 0.7x. Técnicamente 🟡 MACD convergiendo, 🟡 Apoyo en MA40 semanal. Clasificación: seguimiento.",🟡 MACD convergiendo | 🟡 Apoyo en MA40 semanal | 🟢 base_pattern_detected,3.55,11,20,False,40.5,0.34,3722006.0,525887012864.0,0.72,34.2,,47.8,,,10.4,3758698.0,11.4,1.1,6.27,10.5,9.1,1.9,49.8,False,True,63.8393,False,46.4,44.8,False,4412.67,2.0,True,False,30,17,0.93,4254.76,True
71,0066.HK,MTR CORPORATION,ASIA,Industrials,Railroads,Hong Kong,HKD,33.24,1.0,script-v2.0,1.0,2026-09-21T13:45:50.366363+02:00,63.1,68.1,90,49,0,1,48,seguimiento,seguimiento,Sin señales de recuperación,True,pass,pendiente,0,desconocido,Pendiente de implementar,ausente,dividend_maintained (baja): Dividendo actual 3.94% con caída del 12.2%,razonable,seguimiento,31.18,32.46,31.18 - 32.46,31.86,32.2,31.86 - 32.20,Pérdida del soporte en 31.18 | ROE negativo durante 2 trimestres consecutivos | Ampliación de capital dilutiva | Recorte de rating a bono basura,6-12,"MTR CORPORATION está un 12.2% por debajo de su máximo 52s. Fundamentalmente sólida con ROE 11.1%, deuda neta/EBITDA 3.1x. Técnicamente 🟡 MACD convergiendo, 🟢 base_pattern_detected. Clasificación: seguimiento.","MTR CORPORATION está un 12.2% por debajo de su máximo 52s. Fundamentalmente sólida con ROE 11.1%, deuda neta/EBITDA 3.1x. Técnicamente 🟡 MACD convergiendo, 🟢 base_pattern_detected. Clasificación: seguimiento.",🟡 MACD convergiendo | 🟢 base_pattern_detected | 🟡 trendline_break,3.94,11,20,False,35.7,0.75,5414940.0,109202997248.0,3.1,120.2,,35.9,,,11.1,206183.0,9.1,1.01,8.95,12.2,8.6,4.3,56.6,False,True,0.4956,False,84.6,66.7,False,32.15,3.4,True,True,30,18,1.24,31.18,True
72,RNO.PA,RENAULT,EUROSTOXX,Consumer Cyclical,Auto Manufacturers,France,EUR,27.32,1.0,script-v2.0,1.0,2026-09-21T13:44:04.251352+02:00,62.9,63.8,35,89,0,4,60,seguimiento,seguimiento,Sin señales de recuperación,True,pass,pendiente,0,desconocido,Pendiente de implementar,ausente,"dividend_maintained (baja): Dividendo actual 8.05% con caída del 28.0% | analyst_upgrade (media): Target 38.91 vs precio 27.32 (+42%), recMean 2.25, recKey buy",razonable,seguimiento,26.83,27.32,26.83 - 27.32,28.66,32.27,28.66 - 32.27,Pérdida del soporte en 26.83 | ROE negativo durante 2 trimestres consecutivos | Ampliación de capital dilutiva | Recorte de rating a bono basura,12-18,"RENAULT está un 28.0% por debajo de su máximo 52s. Fundamentalmente sólida con ROE 5.0%, deuda neta/EBITDA 8.2x. Técnicamente 🟢 Cerca de soporte, 🟡 Apoyo en MA40 semanal. Clasificación: seguimiento.","RENAULT está un 28.0% por debajo de su máximo 52s. Fundamentalmente sólida con ROE 5.0%, deuda neta/EBITDA 8.2x. Técnicamente 🟢 Cerca de soporte, 🟡 Apoyo en MA40 semanal. Clasificación: seguimiento.",🟢 Cerca de soporte | 🟡 Apoyo en MA40 semanal | 🟢 base_pattern_detected,8.05,8,4,False,67.3,3.28,1453065.0,51081000960.0,8.23,5.0,,17.9,,,5.0,7906.0,8.4,0.39,9.75,28.0,42.1,-4.7,41.9,False,False,-0.2189,False,8.0,23.0,False,28.44,-3.9,True,False,43,17,1.18,26.83,True
73,HEN3.DE,Henkel AG & Co. KGaA          I,EUROSTOXX,Consumer Defensive,Household & Personal Products,Germany,EUR,72.84,1.0,script-v2.0,1.0,2026-09-21T13:43:44.970207+02:00,62.8,66.0,90,45,0,1,53,seguimiento,seguimiento,Sin señales de recuperación,True,pass,pendiente,0,desconocido,Pendiente de implementar,ausente,dividend_maintained (baja): Dividendo actual 2.84% con caída del 13.5%,razonable,seguimiento,68.94,72.84,68.94 - 72.84,70.73,71.57,70.73 - 71.57,Pérdida del soporte en 68.94 | ROE negativo durante 2 trimestres consecutivos | Ampliación de capital dilutiva | Recorte de rating a bono basura,6-12,"Henkel AG & Co. KGaA          I está un 13.5% por debajo de su máximo 52s. Fundamentalmente sólida con ROE 9.4%, deuda neta/EBITDA 0.7x. Técnicamente 🔵 RSI recuperándose de sobreventa, 🟡 MACD convergiendo. Clasificación: seguimiento.","Henkel AG & Co. KGaA          I está un 13.5% por debajo de su máximo 52s. Fundamentalmente sólida con ROE 9.4%, deuda neta/EBITDA 0.7x. Técnicamente 🔵 RSI recuperándose de sobreventa, 🟡 MACD convergiendo. Clasificación: seguimiento.",🔵 RSI recuperándose de sobreventa | 🟡 MACD convergiendo | 🟡 Apoyo en MA40 semanal,2.84,11,20,False,44.0,0.32,368018.0,2296000000.0,0.71,81.1,,51.3,,,9.4,29489.0,15.5,1.41,9.82,13.5,12.3,3.0,39.3,False,True,1.4232,False,17.7,26.5,False,70.95,2.7,False,False,48,5,1.23,68.94,False
74,Z74.SI,Singtel,ASIA,Communication Services,Telecom Services,Singapore,SGD,4.33,1.0,script-v2.0,1.0,2026-09-21T13:45:59.053416+02:00,62.2,63.0,87,42,0,4,60,seguimiento,seguimiento,Sin señales de recuperación,True,pass,pendiente,0,desconocido,Pendiente de implementar,ausente,"dividend_maintained (baja): Dividendo actual 3.00% con caída del 17.8% | analyst_upgrade (media): Target 5.34 vs precio 4.33 (+23%), recMean 1.53, recKey buy",razonable,seguimiento,4.28,4.33,4.28 - 4.33,4.48,4.53,4.48 - 4.53,Pérdida del soporte en 4.28 | ROE negativo durante 2 trimestres consecutivos | Ampliación de capital dilutiva | Recorte de rating a bono basura,6-12,"Singtel está un 17.8% por debajo de su máximo 52s. Fundamentalmente sólida con deuda neta/EBITDA 2.3x, dividendo 3.0%. Técnicamente 🟢 Cerca de soporte, 🟡 Apoyo en MA40 semanal. Clasificación: seguimiento.","Singtel está un 17.8% por debajo de su máximo 52s. Fundamentalmente sólida con deuda neta/EBITDA 2.3x, dividendo 3.0%. Técnicamente 🟢 Cerca de soporte, 🟡 Apoyo en MA40 semanal. Clasificación: seguimiento.",🟢 Cerca de soporte | 🟡 Apoyo en MA40 semanal | 🟢 base_pattern_detected,3.0,11,20,False,39.0,0.41,26513212.0,8019799552.0,2.32,2.5,,25.6,,,,70561.0,12.7,2.58,23.07,17.8,15.9,-4.4,36.6,False,False,-0.0198,False,8.0,12.4,False,4.52,-4.3,True,False,43,17,1.3,4.28,True
75,T,AT&T Inc.,SP500,Communication Services,Telecom Services,United States,USD,25.4,1.0,script-v2.0,1.0,2026-09-21T13:44:37.307869+02:00,61.5,62.3,89,39,0,7,59,seguimiento,seguimiento,,True,pass,pendiente,0,desconocido,Pendiente de implementar,parcial,margin_stabilization (media): Margen gross 61.8% vs 60.1% (+1.7 pp) | eps_stabilization (media): EPS 0.66 vs 0.54 (Diluted EPS) | dividend_maintained (baja): Dividendo actual 4.37% con caída del 13.7%,razonable,seguimiento,24.37,24.8,24.37 - 24.80,24.74,25.02,24.74 - 25.02,Pérdida del soporte en 24.80 | ROE negativo durante 2 trimestres consecutivos | Ampliación de capital dilutiva | Recorte de rating a bono basura,6-12,"AT&T Inc. está un 13.7% por debajo de su máximo 52s. Fundamentalmente sólida con ROE 18.3%, deuda neta/EBITDA 3.3x. Técnicamente 🟢 Volumen creciente, 🟢 Cerca de soporte. Clasificación: seguimiento.","AT&T Inc. está un 13.7% por debajo de su máximo 52s. Fundamentalmente sólida con ROE 18.3%, deuda neta/EBITDA 3.3x. Técnicamente 🟢 Volumen creciente, 🟢 Cerca de soporte. Clasificación: seguimiento.",🟢 Volumen creciente | 🟢 Cerca de soporte | 🟡 Apoyo en MA40 semanal | 🟢 base_pattern_detected | 🟡 trendline_break,4.37,11,20,False,36.6,1.29,58990282.0,148185993216.0,3.3,5.4,gross,59.7,59.8,-0.1,18.3,174051.0,8.4,1.58,7.57,13.7,11.7,2.7,50.4,False,False,0.1513,False,28.2,35.2,False,24.82,2.3,True,True,36,23,1.46,24.8,True
76,WY,Weyerhaeuser Company,SP500,Real Estate,REIT - Specialty,United States,USD,21.22,1.0,script-v2.0,1.0,2026-09-21T13:45:16.410318+02:00,61.4,60.5,69,53,0,12,64,entrada_escalada,entrada_escalada,,True,pass,pendiente,0,desconocido,Pendiente de implementar,confirmada,"eps_stabilization (media): EPS 0.23 vs 0.22 (Diluted EPS) | debt_reduction (alta): Deuda 5449.0M vs 5449.0M | dividend_maintained (baja): Dividendo actual 3.96% con caída del 23.5% | analyst_upgrade (media): Target 31.00 vs precio 21.22 (+46%), recKey none",razonable,entrada_escalada,20.16,21.22,20.16 - 21.22,23.59,23.87,23.59 - 23.87,Pérdida del soporte en 20.16 | ROE negativo durante 2 trimestres consecutivos | Ampliación de capital dilutiva | Recorte de rating a bono basura,6-12,"Weyerhaeuser Company está un 23.5% por debajo de su máximo 52s. Fundamentalmente sólida con ROE 5.0%, deuda neta/EBITDA 7.2x. Técnicamente 🔵 RSI en sobreventa, 🟢 Volumen creciente. Clasificación: entrada_escalada.","Weyerhaeuser Company está un 23.5% por debajo de su máximo 52s. Fundamentalmente sólida con ROE 5.0%, deuda neta/EBITDA 7.2x. Técnicamente 🔵 RSI en sobreventa, 🟢 Volumen creciente. Clasificación: entrada_escalada.",🔵 RSI en sobreventa | 🟢 Volumen creciente | 🟢 base_pattern_detected,3.96,11,20,True,127.3,0.58,5569984.0,4921999936.0,7.15,-0.0,gross,14.5,14.4,0.2,5.0,15294.0,32.2,1.62,29.38,23.5,33.4,-11.1,25.4,False,False,-0.3623,False,0.9,2.0,False,23.99,-11.6,True,False,52,12,1.72,,False
77,AVGO,Broadcom Inc.,SP500,Technology,Semiconductors,United States,USD,357.61,1.0,script-v2.0,1.0,2026-09-21T13:45:18.816106+02:00,60.7,61.6,100,28,0,15,58,entrada_escalada,entrada_escalada,,False,pass,pendiente,0,desconocido,Pendiente de implementar,confirmada,"margin_stabilization (media): Margen gross 69.1% vs 69.5% (-0.3 pp) | eps_stabilization (media): EPS 2.68 vs 1.91 (Diluted EPS) | debt_reduction (alta): Deuda 59419.0M vs 64907.0M | dividend_maintained (baja): Dividendo actual 0.73% con caída del 27.8% | analyst_upgrade (media): Target 531.85 vs precio 357.61 (+49%), recMean 1.26, recKey strong_buy",razonable,entrada_escalada,339.73,357.61,339.73 - 357.61,368.39,420.75,368.39 - 420.75,Pérdida del soporte en 339.73 | ROE negativo durante 2 trimestres consecutivos | Ampliación de capital dilutiva | Recorte de rating a bono basura,12-18,"Broadcom Inc. está un 27.8% por debajo de su máximo 52s. Fundamentalmente sólida con ROE 44.2%, deuda neta/EBITDA 0.7x. Técnicamente 🟡 MACD convergiendo, 🟡 Apoyo en MA40 semanal. Clasificación: entrada_escalada.","Broadcom Inc. está un 27.8% por debajo de su máximo 52s. Fundamentalmente sólida con ROE 44.2%, deuda neta/EBITDA 0.7x. Técnicamente 🟡 MACD convergiendo, 🟡 Apoyo en MA40 semanal. Clasificación: entrada_escalada.",🟡 MACD convergiendo | 🟡 Apoyo en MA40 semanal | 🟢 base_pattern_detected,0.73,11,17,False,32.4,0.6,23407831.0,35444000768.0,0.68,-8.5,gross,75.5,68.7,6.8,44.2,1707098.0,45.7,17.13,33.34,27.8,27.6,-2.9,45.5,False,True,0.6309,False,59.0,32.1,False,366.78,-2.5,True,False,41,17,1.14,,False
78,KMB,Kimberly-Clark Corporation,SP500,Consumer Defensive,Household & Personal Products,United States,USD,97.86,1.0,script-v2.0,1.0,2026-09-21T13:45:11.720477+02:00,60.5,60.6,75,48,0,9,60,seguimiento,seguimiento,,True,pass,pendiente,0,desconocido,Pendiente de implementar,parcial,margin_stabilization (media): Margen gross 38.3% vs 36.8% (+1.4 pp) | debt_reduction (alta): Deuda 6539.0M vs 7084.0M | dividend_maintained (baja): Dividendo actual 5.23% con caída del 21.9%,razonable,seguimiento,92.31,97.86,92.31 - 97.86,100.51,106.52,100.51 - 106.52,Pérdida del soporte en 92.31 | ROE negativo durante 2 trimestres consecutivos | Ampliación de capital dilutiva | Recorte de rating a bono basura,6-12,"Kimberly-Clark Corporation está un 21.9% por debajo de su máximo 52s. Fundamentalmente sólida con ROE 104.9%, deuda neta/EBITDA 1.6x. Técnicamente 🔵 RSI en sobreventa, 🟡 MACD convergiendo. Clasificación: seguimiento.","Kimberly-Clark Corporation está un 21.9% por debajo de su máximo 52s. Fundamentalmente sólida con ROE 104.9%, deuda neta/EBITDA 1.6x. Técnicamente 🔵 RSI en sobreventa, 🟡 MACD convergiendo. Clasificación: seguimiento.",🔵 RSI en sobreventa | 🟡 MACD convergiendo | 🟡 Apoyo en MA40 semanal,5.23,11,20,False,100.4,3.49,4179612.0,5582999808.0,1.6,-7.7,gross,37.6,36.7,0.9,104.9,32484.0,19.3,18.6,10.99,21.9,30.3,-2.6,30.9,False,True,0.3671,False,5.8,6.9,False,100.8,-2.9,False,False,55,5,0.99,92.31,False
79,000660.KS,SK hynix,ASIA,Technology,Semiconductors,South Korea,KRW,1868000.0,1.0,script-v2.0,1.0,2026-09-21T13:45:54.822115+02:00,59.0,66.3,77,57,0,15,37,pendiente_confirmacion,pendiente_confirmacion,,True,pass,pendiente,0,desconocido,Pendiente de implementar,confirmada,"margin_stabilization (media): Margen gross 83.2% vs 79.3% (+3.9 pp) | eps_stabilization (media): EPS 131478.00 vs 56670.00 (Diluted EPS) | debt_reduction (alta): Deuda 21113138.6M vs 21832416.0M | dividend_maintained (baja): Dividendo actual 0.08% con caída del 37.5% | analyst_upgrade (media): Target 3184025.50 vs precio 1868000.00 (+70%), recMean 1.34, recKey strong_buy",incompleto,pendiente_confirmacion,1700399.62,1854597.89,1700399.62 - 1854597.89,1373293.67,2538950.0,1373293.67 - 2538950.00,Pérdida del soporte en 1854597.89 | ROE negativo durante 2 trimestres consecutivos | Ampliación de capital dilutiva | Recorte de rating a bono basura,12-18,"SK hynix está un 37.5% por debajo de su máximo 52s. Fundamentalmente sólida con ROE 92.7%, deuda neta/EBITDA -0.5x. Técnicamente 🟢 Divergencia alcista RSI, 🟢 Cerca de soporte. Clasificación: pendiente_confirmacion.","SK hynix está un 37.5% por debajo de su máximo 52s. Fundamentalmente sólida con ROE 92.7%, deuda neta/EBITDA -0.5x. Técnicamente 🟢 Divergencia alcista RSI, 🟢 Cerca de soporte. Clasificación: pendiente_confirmacion.",🟢 Divergencia alcista RSI | 🟢 Cerca de soporte,0.08,11,13,False,1.3,8.04,5177824.0,-66867840417792.0,-0.47,-3.3,gross,76.3,72.2,4.1,92.7,1326009010.0,4.0,,8.73,37.5,37.4,36.0,58.0,False,False,121217.1707,False,93.4,79.9,False,1461507.33,27.8,False,False,37,0,1.05,1854597.89,False
80,UNH,UnitedHealth Group Incorporated,SP500,Healthcare,Healthcare Plans,United States,USD,376.9,1.0,script-v2.0,1.0,2026-09-21T13:44:52.369461+02:00,56.7,61.6,100,28,0,9,42,pendiente_confirmacion,pendiente_confirmacion,,False,pass,pendiente,0,desconocido,Pendiente de implementar,parcial,"debt_reduction (alta): Deuda 73328.0M vs 77917.0M | dividend_maintained (baja): Dividendo actual 2.46% con caída del 18.4% | analyst_upgrade (media): Target 481.72 vs precio 376.90 (+28%), recMean 1.58, recKey buy",incompleto,pendiente_confirmacion,349.44,376.9,349.44 - 376.90,350.16,392.38,350.16 - 392.38,Pérdida del soporte en 349.44 | ROE negativo durante 2 trimestres consecutivos | Ampliación de capital dilutiva | Recorte de rating a bono basura,6-12,"UnitedHealth Group Incorporated está un 18.4% por debajo de su máximo 52s. Fundamentalmente sólida con ROE 14.2%, deuda neta/EBITDA 1.6x. Técnicamente 🟡 MACD convergiendo, 🟢 Estocástico sale de sobreventa. Clasificación: pendiente_confirmacion.","UnitedHealth Group Incorporated está un 18.4% por debajo de su máximo 52s. Fundamentalmente sólida con ROE 14.2%, deuda neta/EBITDA 1.6x. Técnicamente 🟡 MACD convergiendo, 🟢 Estocástico sale de sobreventa. Clasificación: pendiente_confirmacion.",🟡 MACD convergiendo | 🟢 Estocástico sale de sobreventa,2.46,11,20,False,57.5,0.69,5186552.0,41860001792.0,1.57,-5.9,gross,19.7,19.5,0.2,14.2,338303.0,24.2,3.46,14.53,18.4,37.3,7.6,38.7,False,True,12.116,False,14.2,8.3,True,351.85,7.1,False,False,36,6,1.2,349.44,False
81,ABI.BR,AB INBEV,EUROSTOXX,Consumer Defensive,Beverages - Brewers,Belgium,EUR,68.04,1.0,script-v2.0,1.0,2026-09-21T13:44:15.291337+02:00,56.2,65.7,95,40,0,15,28,pendiente_confirmacion,pendiente_confirmacion,,True,pass,pendiente,0,desconocido,Pendiente de implementar,confirmada,"margin_stabilization (media): Margen gross 57.5% vs 56.6% (+0.9 pp) | eps_stabilization (media): EPS 1.90 vs 1.30 (Diluted EPS) | debt_reduction (alta): Deuda 72732.0M vs 73027.0M | dividend_maintained (baja): Dividendo actual 1.69% con caída del 10.7% | analyst_upgrade (media): Target 82.96 vs precio 68.04 (+22%), recMean 1.60, recKey buy",incompleto,pendiente_confirmacion,60.51,68.04,60.51 - 68.04,64.75,65.04,64.75 - 65.04,Pérdida del soporte en 60.51 | ROE negativo durante 2 trimestres consecutivos | Ampliación de capital dilutiva | Recorte de rating a bono basura,6-12,"AB INBEV está un 10.7% por debajo de su máximo 52s. Fundamentalmente sólida con ROE 11.4%, deuda neta/EBITDA 3.3x. Técnicamente con señales incipientes pero confirmación incompleta. Clasificación: pendiente_confirmacion.","AB INBEV está un 10.7% por debajo de su máximo 52s. Fundamentalmente sólida con ROE 11.4%, deuda neta/EBITDA 3.3x. Técnicamente con señales incipientes pero confirmación incompleta. Clasificación: pendiente_confirmacion.",,1.69,11,20,False,28.9,0.72,1755997.0,64721000448.0,3.28,-0.4,gross,56.5,56.5,0.0,11.4,133980.0,16.8,1.66,10.42,10.7,10.7,4.6,46.7,False,False,1.2107,False,42.4,44.4,False,65.68,3.6,False,False,28,0,1.27,60.51,False
82,ENI.MI,ENI,EUROSTOXX,Energy,Oil & Gas Integrated,Italy,EUR,23.505,1.0,script-v2.0,1.0,2026-09-21T13:44:10.409999+02:00,55.6,61.1,99,28,0,7,39,pendiente_confirmacion,pendiente_confirmacion,,False,pass,pendiente,0,desconocido,Pendiente de implementar,parcial,margin_stabilization (media): Margen gross 6.5% vs 5.9% (+0.5 pp) | eps_stabilization (media): EPS 1.09 vs 0.34 (Diluted EPS) | dividend_maintained (baja): Dividendo actual 4.59% con caída del 6.0%,incompleto,pendiente_confirmacion,22.37,23.05,22.37 - 23.05,20.74,21.27,20.74 - 21.27,Pérdida del soporte en 22.37 | ROE negativo durante 2 trimestres consecutivos | Ampliación de capital dilutiva | Recorte de rating a bono basura,6-12,"ENI está un 6.0% por debajo de su máximo 52s. Fundamentalmente sólida con ROE 10.9%, deuda neta/EBITDA 1.6x. Técnicamente 🟢 Cerca de soporte, 🟢 base_pattern_detected. Clasificación: pendiente_confirmacion.","ENI está un 6.0% por debajo de su máximo 52s. Fundamentalmente sólida con ROE 10.9%, deuda neta/EBITDA 1.6x. Técnicamente 🟢 Cerca de soporte, 🟢 base_pattern_detected. Clasificación: pendiente_confirmacion.",🟢 Cerca de soporte | 🟢 base_pattern_detected | 🟡 trendline_break,4.59,11,20,False,54.7,0.65,8514096.0,21902001152.0,1.65,8.2,gross,21.5,6.2,15.3,10.9,67501.0,12.2,1.49,7.3,6.0,3.9,13.4,51.6,False,False,0.9352,False,52.2,63.1,False,21.08,11.5,True,True,21,18,0.94,22.37,True
83,TTE.PA,TOTALENERGIES,EUROSTOXX,Energy,Oil & Gas Integrated,France,EUR,79.06,1.0,script-v2.0,1.0,2026-09-21T13:44:01.033976+02:00,55.0,58.9,100,23,0,6,43,pendiente_confirmacion,pendiente_confirmacion,,False,pass,pendiente,0,desconocido,Pendiente de implementar,parcial,debt_reduction (alta): Deuda 62917.0M vs 64008.0M | dividend_maintained (baja): Dividendo actual 4.55% con caída del 2.8%,incompleto,pendiente_confirmacion,72.8,75.93,72.80 - 75.93,69.14,69.7,69.14 - 69.70,Pérdida del soporte en 72.80 | ROE negativo durante 2 trimestres consecutivos | Ampliación de capital dilutiva | Recorte de rating a bono basura,6-12,"TOTALENERGIES está un 2.8% por debajo de su máximo 52s. Fundamentalmente aceptable con ROE 14.5%, deuda neta/EBITDA 0.8x. Técnicamente 🟢 Volumen creciente, 🟢 base_pattern_detected. Clasificación: pendiente_confirmacion.","TOTALENERGIES está un 2.8% por debajo de su máximo 52s. Fundamentalmente aceptable con ROE 14.5%, deuda neta/EBITDA 0.8x. Técnicamente 🟢 Volumen creciente, 🟢 base_pattern_detected. Clasificación: pendiente_confirmacion.",🟢 Volumen creciente | 🟢 base_pattern_detected | 🟡 trendline_break,4.55,11,20,False,49.3,0.48,3572852.0,31200002048.0,0.79,-1.7,gross,37.7,30.7,7.0,14.5,174646.0,11.4,1.58,5.3,2.8,2.6,13.4,58.3,False,False,2.8184,False,64.1,68.9,False,70.68,11.9,True,True,25,18,1.34,72.8,True
84,SHEL.L,SHELL PLC ORD EUR0.07,EUROSTOXX,Energy,Oil & Gas Integrated,United Kingdom,GBp,3529.0,1.0,script-v2.0,1.0,2026-09-21T13:44:22.833418+02:00,54.9,64.9,98,36,0,12,25,pendiente_confirmacion,pendiente_confirmacion,,True,pass,pendiente,0,desconocido,Pendiente de implementar,confirmada,margin_stabilization (media): Margen gross 19.5% vs 19.3% (+0.2 pp) | eps_stabilization (media): EPS 1.92 vs 1.00 (Diluted EPS) | debt_reduction (alta): Deuda 73076.0M vs 75644.0M | dividend_maintained (baja): Dividendo actual 0.03% con caída del 6.1%,incompleto,pendiente_confirmacion,3198.91,3369.5,3198.91 - 3369.50,3125.79,3194.72,3125.79 - 3194.72,Pérdida del soporte en 3198.91 | ROE negativo durante 2 trimestres consecutivos | Ampliación de capital dilutiva | Recorte de rating a bono basura,6-12,"SHELL PLC ORD EUR0.07 está un 6.1% por debajo de su máximo 52s. Fundamentalmente sólida con ROE 14.3%, deuda neta/EBITDA 0.7x. Técnicamente 🟢 base_pattern_detected, 🟡 trendline_break. Clasificación: pendiente_confirmacion.","SHELL PLC ORD EUR0.07 está un 6.1% por debajo de su máximo 52s. Fundamentalmente sólida con ROE 14.3%, deuda neta/EBITDA 0.7x. Técnicamente 🟢 base_pattern_detected, 🟡 trendline_break. Clasificación: pendiente_confirmacion.",🟢 base_pattern_detected | 🟡 trendline_break,0.03,11,20,False,32.8,0.4,9556954.0,41701998592.0,0.72,-3.4,gross,26.1,16.8,9.3,14.3,201562.0,10.4,1.48,4.16,6.1,6.1,12.9,58.2,False,False,118.9304,False,51.4,59.9,False,3159.31,11.7,True,True,7,18,0.98,3198.91,True
85,TWE.AX,TREA WINE FPO [TWE],ASX,Consumer Defensive,Beverages - Wineries & Distilleries,Australia,AUD,5.36,1.0,script-v2.0,1.0,2026-09-21T13:45:34.338998+02:00,54.9,59.2,56,62,0,8,42,pendiente_confirmacion,pendiente_confirmacion,,True,pass,pendiente,0,desconocido,Pendiente de implementar,parcial,eps_stabilization (media): EPS 0.54 vs 0.13 (annual_eps_fallback) | debt_reduction (alta): Deuda 1996.7M vs 2198.6M,incompleto,pendiente_confirmacion,5.09,5.27,5.09 - 5.27,4.79,6.31,4.79 - 6.31,Pérdida del soporte en 5.09 | ROE negativo durante 2 trimestres consecutivos | Ampliación de capital dilutiva | Recorte de rating a bono basura,12-18,"TREA WINE FPO [TWE] está un 27.8% por debajo de su máximo 52s. Fundamentalmente aceptable con ROE -26.5%, D/E 0.60. Técnicamente 🟡 MACD convergiendo, 🟢 Volumen creciente. Clasificación: pendiente_confirmacion.","TREA WINE FPO [TWE] está un 27.8% por debajo de su máximo 52s. Fundamentalmente aceptable con ROE -26.5%, D/E 0.60. Técnicamente 🟡 MACD convergiendo, 🟢 Volumen creciente. Clasificación: pendiente_confirmacion.",🟡 MACD convergiendo | 🟢 Volumen creciente | 🟡 trendline_break,0.0,10,0,False,72.4,0.6,3588482.0,1774900032.0,,-9.2,,48.1,,,-26.5,4336.0,12.9,1.3,-6.68,27.8,54.4,11.9,51.4,False,True,0.1362,False,50.9,33.3,False,4.79,11.9,False,True,36,6,1.69,5.09,True
86,1038.HK,CKI HOLDINGS,ASIA,Utilities,Utilities - Regulated Electric,Hong Kong,HKD,65.55,1.0,script-v2.0,1.0,2026-09-21T13:45:52.883935+02:00,54.4,62.1,100,29,0,4,31,seguimiento,seguimiento,Sin señales de recuperación,False,pass,pendiente,0,desconocido,Pendiente de implementar,ausente,eps_stabilization (media): EPS 3.28 vs 3.22 (annual_eps_fallback) | dividend_maintained (baja): Dividendo actual 4.01% con caída del 3.5%,incompleto,seguimiento,61.69,63.17,61.69 - 63.17,57.72,60.42,57.72 - 60.42,Pérdida del soporte en 61.69 | ROE negativo durante 2 trimestres consecutivos | Ampliación de capital dilutiva | Recorte de rating a bono basura,6-12,"CKI HOLDINGS está un 3.5% por debajo de su máximo 52s. Fundamentalmente sólida con ROE 17.2%, deuda neta/EBITDA -38.6x. Técnicamente 🟡 MACD convergiendo, 🟡 trendline_break. Clasificación: seguimiento.","CKI HOLDINGS está un 3.5% por debajo de su máximo 52s. Fundamentalmente sólida con ROE 17.2%, deuda neta/EBITDA -38.6x. Técnicamente 🟡 MACD convergiendo, 🟡 trendline_break. Clasificación: seguimiento.",🟡 MACD convergiendo | 🟡 trendline_break,4.01,11,20,False,25.7,0.14,1469602.0,-33624002560.0,-38.56,3.7,,18.4,,,17.2,165161.0,6.5,1.12,150.5,3.5,1.4,8.5,58.9,False,True,1.6952,False,73.3,63.0,False,61.42,6.7,False,True,25,6,1.27,61.69,True
87,QBE.AX,QBE INSUR. FPO [QBE],ASX,Financial Services,Insurance - Property & Casualty,Australia,AUD,23.39,1.0,script-v2.0,1.0,2026-09-21T13:45:28.848678+02:00,53.1,61.5,94,33,0,4,28,seguimiento,seguimiento,Sin señales de recuperación,True,pass,pendiente,0,desconocido,Pendiente de implementar,ausente,eps_stabilization (media): EPS 1.40 vs 1.19 (annual_eps_fallback) | dividend_maintained (baja): Dividendo actual 4.75% con caída del 9.4%,incompleto,seguimiento,22.95,23.36,22.95 - 23.36,21.64,21.96,21.64 - 21.96,Pérdida del soporte en 22.95 | ROE negativo durante 2 trimestres consecutivos | Ampliación de capital dilutiva | Recorte de rating a bono basura,6-12,"QBE INSUR. FPO [QBE] está un 9.4% por debajo de su máximo 52s. Fundamentalmente sólida con ROE 19.3%, deuda neta/EBITDA -0.5x. Técnicamente 🟢 Cerca de soporte. Clasificación: seguimiento.","QBE INSUR. FPO [QBE] está un 9.4% por debajo de su máximo 52s. Fundamentalmente sólida con ROE 19.3%, deuda neta/EBITDA -0.5x. Técnicamente 🟢 Cerca de soporte. Clasificación: seguimiento.",🟢 Cerca de soporte,4.75,11,20,False,53.3,0.38,3419909.0,-1653000192.0,-0.51,51.6,,18.0,,,19.3,34945.0,11.6,2.14,10.39,9.4,8.1,8.1,60.1,False,False,0.4063,False,85.5,83.2,False,21.85,7.1,False,False,28,0,1.25,22.95,False
88,ALV.DE,Allianz SE                    v,EUROSTOXX,Financial Services,Insurance - Diversified,Germany,EUR,443.2,1.0,script-v2.0,1.0,2026-09-21T13:43:40.835668+02:00,50.5,54.7,100,15,0,12,38,pendiente_confirmacion,pendiente_confirmacion,,False,pass,pendiente,0,desconocido,Pendiente de implementar,confirmada,margin_stabilization (media): Margen operating 17.1% vs 10.5% (+6.6 pp) | eps_stabilization (media): EPS 9.56 vs 6.98 (Diluted EPS) | debt_reduction (alta): Deuda 33706.0M vs 35275.0M | dividend_maintained (baja): Dividendo actual 3.86% con caída del 2.5%,incompleto,pendiente_confirmacion,436.92,438.31,436.92 - 438.31,386.41,386.51,386.41 - 386.51,Pérdida del soporte en 436.92 | ROE negativo durante 2 trimestres consecutivos | Ampliación de capital dilutiva | Recorte de rating a bono basura,6-12,"Allianz SE                    v está un 2.5% por debajo de su máximo 52s. Fundamentalmente aceptable con ROE 19.6%, deuda neta/EBITDA -4.8x. Técnicamente 🟢 Volumen creciente, 🟢 Cerca de soporte. Clasificación: pendiente_confirmacion.","Allianz SE                    v está un 2.5% por debajo de su máximo 52s. Fundamentalmente aceptable con ROE 19.6%, deuda neta/EBITDA -4.8x. Técnicamente 🟢 Volumen creciente, 🟢 Cerca de soporte. Clasificación: pendiente_confirmacion.",🟢 Volumen creciente | 🟢 Cerca de soporte | 🟡 trendline_break,3.86,11,20,False,56.1,0.51,493533.0,-102312001536.0,-4.77,-4.4,operating,13.7,12.7,1.0,19.6,168100.0,14.5,2.66,3.21,2.5,2.5,14.7,49.9,False,False,21.0746,False,44.7,57.6,False,388.61,14.0,False,True,32,6,1.69,436.92,True
89,9433.T,KDDI CORPORATION,ASIA,Communication Services,Telecom Services,Japan,JPY,3060.0,1.0,script-v2.0,1.0,2026-09-21T13:45:38.235415+02:00,48.9,56.9,99,20,0,9,25,pendiente_confirmacion,pendiente_confirmacion,,False,pass,pendiente,0,desconocido,Pendiente de implementar,parcial,eps_stabilization (media): EPS 51.33 vs 43.00 (Diluted EPS) | debt_reduction (alta): Deuda 5296146.1M vs 5397863.0M | dividend_maintained (baja): Dividendo actual 2.75% con caída del 2.0%,incompleto,pendiente_confirmacion,2838.5,2926.02,2838.50 - 2926.02,2652.85,2722.09,2652.85 - 2722.09,Pérdida del soporte en 2838.50 | ROE negativo durante 2 trimestres consecutivos | Ampliación de capital dilutiva | Recorte de rating a bono basura,6-12,"KDDI CORPORATION está un 2.0% por debajo de su máximo 52s. Fundamentalmente aceptable con ROE 14.6%, deuda neta/EBITDA 2.5x. Técnicamente 🟡 trendline_break. Clasificación: pendiente_confirmacion.","KDDI CORPORATION está un 2.0% por debajo de su máximo 52s. Fundamentalmente aceptable con ROE 14.6%, deuda neta/EBITDA 2.5x. Técnicamente 🟡 trendline_break. Clasificación: pendiente_confirmacion.",🟡 trendline_break,2.75,11,20,False,43.6,0.94,8832323.0,4465748082688.0,2.48,-1.9,,42.8,,,14.6,11309646.0,16.7,2.27,9.23,2.0,2.0,12.4,60.1,False,False,101.1807,False,70.5,87.0,False,2729.38,12.1,False,True,19,6,1.2,2838.5,True
90,CSL.AX,CSL FPO [CSL],ASX,Healthcare,Biotechnology,Australia,AUD,178.3,1.0,script-v2.0,1.0,2026-09-21T13:45:22.148759+02:00,48.8,52.4,78,30,0,6,38,pendiente_confirmacion,pendiente_confirmacion,,True,pass,pendiente,0,desconocido,Pendiente de implementar,parcial,debt_reduction (alta): Deuda 10896.0M vs 11964.0M | dividend_maintained (baja): Dividendo actual 2.27% con caída del 19.9%,incompleto,pendiente_confirmacion,147.79,167.17,147.79 - 167.17,140.51,189.1,140.51 - 189.10,Pérdida del soporte en 167.17 | ROE negativo durante 2 trimestres consecutivos | Ampliación de capital dilutiva | Recorte de rating a bono basura,6-12,"CSL FPO [CSL] está un 19.9% por debajo de su máximo 52s. Fundamentalmente aceptable con ROE -15.8%, deuda neta/EBITDA 1.9x. Técnicamente 🟡 MACD convergiendo, 🟢 Volumen creciente. Clasificación: pendiente_confirmacion.","CSL FPO [CSL] está un 19.9% por debajo de su máximo 52s. Fundamentalmente aceptable con ROE -15.8%, deuda neta/EBITDA 1.9x. Técnicamente 🟡 MACD convergiendo, 🟢 Volumen creciente. Clasificación: pendiente_confirmacion.",🟡 MACD convergiendo | 🟢 Volumen creciente | 🟡 trendline_break,2.27,11,20,False,45.5,0.67,1427350.0,9383000064.0,1.85,-8.9,gross,51.1,52.1,-1.0,-15.8,85563.0,19.0,4.11,18.7,19.9,38.8,26.9,71.6,False,True,8.6838,False,98.6,91.9,False,139.89,27.5,False,True,32,6,1.79,167.17,True
91,EMR,Emerson Electric Company,SP500,Industrials,Specialty Industrial Machinery,United States,USD,149.92,1.0,script-v2.0,1.0,2026-09-21T13:44:40.635732+02:00,45.1,46.2,99,0,0,12,42,pendiente_confirmacion,pendiente_confirmacion,,False,pass,pendiente,0,desconocido,Pendiente de implementar,confirmada,margin_stabilization (media): Margen gross 53.1% vs 53.2% (-0.1 pp) | eps_stabilization (media): EPS 1.28 vs 1.10 (Diluted EPS) | debt_reduction (alta): Deuda 13802.0M vs 13920.0M | dividend_maintained (baja): Dividendo actual 1.48% con caída del 9.9%,incompleto,pendiente_confirmacion,138.11,149.92,138.11 - 149.92,141.4,142.73,141.40 - 142.73,Pérdida del soporte en 138.11 | ROE negativo durante 2 trimestres consecutivos | Ampliación de capital dilutiva | Recorte de rating a bono basura,6-12,"Emerson Electric Company está un 9.9% por debajo de su máximo 52s. Fundamentalmente aceptable con ROE 12.8%, deuda neta/EBITDA 1.9x. Técnicamente 🟡 MACD convergiendo, 🟢 base_pattern_detected. Clasificación: pendiente_confirmacion.","Emerson Electric Company está un 9.9% por debajo de su máximo 52s. Fundamentalmente aceptable con ROE 12.8%, deuda neta/EBITDA 1.9x. Técnicamente 🟡 MACD convergiendo, 🟢 base_pattern_detected. Clasificación: pendiente_confirmacion.",🟡 MACD convergiendo | 🟢 base_pattern_detected,1.48,11,20,False,48.0,0.68,2643223.0,11622000384.0,1.92,-0.8,gross,53.2,52.7,0.5,12.8,83970.0,32.8,4.1,15.72,9.9,9.6,5.0,47.8,False,True,4.2449,False,54.7,28.5,False,143.1,4.8,True,False,30,12,1.26,138.11,True
92,WDS.AX,WOODSIDE FPO [WDS],ASX,Energy,Oil & Gas E&P,Australia,AUD,32.44,1.0,script-v2.0,1.0,2026-09-21T13:45:28.644420+02:00,45.0,48.7,86,16,0,6,34,pendiente_confirmacion,pendiente_confirmacion,,False,pass,pendiente,0,desconocido,Pendiente de implementar,parcial,debt_reduction (alta): Deuda 13668.0M vs 13722.0M | dividend_maintained (baja): Dividendo actual 5.02% con caída del 9.4%,incompleto,pendiente_confirmacion,29.73,31.74,29.73 - 31.74,28.83,30.45,28.83 - 30.45,Pérdida del soporte en 29.73 | ROE negativo durante 2 trimestres consecutivos | Ampliación de capital dilutiva | Recorte de rating a bono basura,6-12,"WOODSIDE FPO [WDS] está un 9.4% por debajo de su máximo 52s. Fundamentalmente aceptable con ROE 7.7%, deuda neta/EBITDA 1.1x. Técnicamente 🟢 base_pattern_detected, 🟡 trendline_break. Clasificación: pendiente_confirmacion.","WOODSIDE FPO [WDS] está un 9.4% por debajo de su máximo 52s. Fundamentalmente aceptable con ROE 7.7%, deuda neta/EBITDA 1.1x. Técnicamente 🟢 base_pattern_detected, 🟡 trendline_break. Clasificación: pendiente_confirmacion.",🟢 base_pattern_detected | 🟡 trendline_break,5.02,11,20,False,70.3,0.33,4614541.0,9209999872.0,1.15,-0.4,,34.9,,,7.7,61672.0,14.4,1.2,9.57,9.4,7.2,12.5,51.9,False,False,1.1376,False,38.3,48.8,False,29.27,10.8,True,True,16,18,1.25,29.73,True
93,JNJ,Johnson & Johnson,SP500,Healthcare,Drug Manufacturers - General,United States,USD,269.99,1.0,script-v2.0,1.0,2026-09-21T13:44:33.421302+02:00,44.5,46.7,100,0,0,12,38,pendiente_confirmacion,pendiente_confirmacion,,False,pass,pendiente,0,desconocido,Pendiente de implementar,confirmada,margin_stabilization (media): Margen gross 68.2% vs 66.3% (+1.9 pp) | eps_stabilization (media): EPS 2.27 vs 2.14 (Diluted EPS) | debt_reduction (alta): Deuda 49036.0M vs 54987.0M | dividend_maintained (baja): Dividendo actual 1.99% con caída del 3.9%,incompleto,pendiente_confirmacion,254.35,262.47,254.35 - 262.47,236.51,238.91,236.51 - 238.91,Pérdida del soporte en 254.35 | ROE negativo durante 2 trimestres consecutivos | Ampliación de capital dilutiva | Recorte de rating a bono basura,6-12,"Johnson & Johnson está un 3.9% por debajo de su máximo 52s. Fundamentalmente aceptable con ROE 25.7%, deuda neta/EBITDA 0.8x. Técnicamente 🟡 MACD convergiendo, 🟢 Volumen creciente. Clasificación: pendiente_confirmacion.","Johnson & Johnson está un 3.9% por debajo de su máximo 52s. Fundamentalmente aceptable con ROE 25.7%, deuda neta/EBITDA 0.8x. Técnicamente 🟡 MACD convergiendo, 🟢 Volumen creciente. Clasificación: pendiente_confirmacion.",🟡 MACD convergiendo | 🟢 Volumen creciente | 🟡 trendline_break,1.99,11,20,False,60.8,0.58,7483803.0,28278001664.0,0.81,-10.8,gross,68.1,67.9,0.2,25.7,650648.0,31.4,7.65,19.47,3.9,3.9,14.2,55.1,False,True,12.4175,False,45.7,41.6,False,238.41,13.2,False,True,32,6,1.42,254.35,True
94,7267.T,HONDA MOTOR CO,ASIA,Consumer Cyclical,Auto Manufacturers,Japan,JPY,1689.0,1.0,script-v2.0,1.0,2026-09-21T13:45:41.164170+02:00,42.9,43.5,52,36,0,7,41,pendiente_confirmacion,pendiente_confirmacion,,True,pass,pendiente,0,desconocido,Pendiente de implementar,parcial,margin_stabilization (media): Margen gross 22.2% vs 6.4% (+15.8 pp) | eps_stabilization (media): EPS 115.84 vs 46.80 (Diluted EPS) | dividend_maintained (baja): Dividendo actual 4.14% con caída del 4.2%,incompleto,pendiente_confirmacion,1638.25,1640.32,1638.25 - 1640.32,1487.47,1498.12,1487.47 - 1498.12,Pérdida del soporte en 1638.25 | ROE negativo durante 2 trimestres consecutivos | Ampliación de capital dilutiva | Recorte de rating a bono basura,6-12,"HONDA MOTOR CO está un 4.2% por debajo de su máximo 52s. Fundamentalmente aceptable con ROE -0.8%, deuda neta/EBITDA 6.9x. Técnicamente 🟡 MACD convergiendo, 🟢 Cerca de soporte. Clasificación: pendiente_confirmacion.","HONDA MOTOR CO está un 4.2% por debajo de su máximo 52s. Fundamentalmente aceptable con ROE -0.8%, deuda neta/EBITDA 6.9x. Técnicamente 🟡 MACD convergiendo, 🟢 Cerca de soporte. Clasificación: pendiente_confirmacion.",🟡 MACD convergiendo | 🟢 Cerca de soporte | 🟡 trendline_break,4.14,11,20,False,55.3,1.14,16695687.0,8874140106752.0,6.92,225.1,gross,17.4,17.3,0.1,-0.8,6574568.0,7.4,0.53,12.26,4.2,4.2,13.5,53.2,False,True,73.2885,False,63.9,67.1,False,1489.07,13.4,False,True,35,6,0.93,1638.25,True
95,105560.KS,KBFinancialGroup,ASIA,Financial Services,Banks - Regional,South Korea,KRW,177500.0,1.0,script-v2.0,1.0,2026-09-21T13:45:57.005173+02:00,42.6,45.8,73,22,0,7,33,pendiente_confirmacion,pendiente_confirmacion,,False,pass,pendiente,0,desconocido,Pendiente de implementar,parcial,"eps_stabilization (media): EPS 5508.00 vs 5120.00 (Diluted EPS) | dividend_maintained (baja): Dividendo actual 2.60% con caída del 8.7% | analyst_upgrade (media): Target 213945.00 vs precio 177500.00 (+21%), recMean 1.40, recKey strong_buy",incompleto,pendiente_confirmacion,162698.25,171719.54,162698.25 - 171719.54,152202.75,165325.0,152202.75 - 165325.00,Pérdida del soporte en 162698.25 | ROE negativo durante 2 trimestres consecutivos | Ampliación de capital dilutiva | Recorte de rating a bono basura,6-12,"KBFinancialGroup está un 8.7% por debajo de su máximo 52s. Fundamentalmente aceptable con ROE 10.2%, dividendo 2.6%. Técnicamente 🟢 base_pattern_detected, 🟡 trendline_break. Clasificación: pendiente_confirmacion.","KBFinancialGroup está un 8.7% por debajo de su máximo 52s. Fundamentalmente aceptable con ROE 10.2%, dividendo 2.6%. Técnicamente 🟢 base_pattern_detected, 🟡 trendline_break. Clasificación: pendiente_confirmacion.",🟢 base_pattern_detected | 🟡 trendline_break,2.6,11,17,False,27.2,,1271306.0,24998337052672.0,,35.0,,0.0,,,10.2,62321334.0,8.9,,,8.7,8.1,16.6,55.2,False,False,7467.5113,False,67.7,65.4,False,156745.19,13.2,True,True,15,18,0.82,162698.25,True
96,AAPL,Apple Inc.,SP500,Technology,Consumer Electronics,United States,USD,336.13,1.0,script-v2.0,1.0,2026-09-21T13:45:16.540139+02:00,40.5,45.7,98,0,0,12,25,pendiente_confirmacion,pendiente_confirmacion,,False,pass,pendiente,0,desconocido,Pendiente de implementar,confirmada,margin_stabilization (media): Margen gross 50.1% vs 49.3% (+0.8 pp) | eps_stabilization (media): EPS 2.02 vs 2.01 (Diluted EPS) | debt_reduction (alta): Deuda 84344.0M vs 84711.0M | dividend_maintained (baja): Dividendo actual 0.32% con caída del 2.4%,incompleto,pendiente_confirmacion,303.83,320.03,303.83 - 320.03,285.94,292.88,285.94 - 292.88,Pérdida del soporte en 303.83 | ROE negativo durante 2 trimestres consecutivos | Ampliación de capital dilutiva | Recorte de rating a bono basura,6-12,"Apple Inc. está un 2.4% por debajo de su máximo 52s. Fundamentalmente aceptable con ROE 148.8%, deuda neta/EBITDA 0.1x. Técnicamente 🟡 trendline_break. Clasificación: pendiente_confirmacion.","Apple Inc. está un 2.4% por debajo de su máximo 52s. Fundamentalmente aceptable con ROE 148.8%, deuda neta/EBITDA 0.1x. Técnicamente 🟡 trendline_break. Clasificación: pendiente_confirmacion.",🟡 trendline_break,0.32,11,15,False,12.0,0.78,53449420.0,21944995840.0,0.13,-0.4,gross,48.7,48.7,-0.0,148.8,4905542.0,38.6,45.67,29.34,2.4,2.4,17.6,64.3,False,False,14.2441,False,91.7,90.9,False,286.53,17.3,False,True,19,6,1.22,303.83,True
97,GPC,Genuine Parts Company,SP500,Consumer Cyclical,Auto Parts,United States,USD,128.08,1.0,script-v2.0,1.0,2026-09-21T13:44:40.936969+02:00,39.6,43.2,64,25,0,12,29,pendiente_confirmacion,pendiente_confirmacion,,False,pass,pendiente,0,desconocido,Pendiente de implementar,confirmada,margin_stabilization (media): Margen gross 37.8% vs 37.3% (+0.5 pp) | eps_stabilization (media): EPS 1.65 vs 1.37 (Diluted EPS) | debt_reduction (alta): Deuda 6652.8M vs 6713.8M | dividend_maintained (baja): Dividendo actual 3.32% con caída del 15.5%,incompleto,pendiente_confirmacion,121.06,128.08,121.06 - 128.08,117.99,128.83,117.99 - 128.83,Pérdida del soporte en 121.06 | ROE negativo durante 2 trimestres consecutivos | Ampliación de capital dilutiva | Recorte de rating a bono basura,6-12,"Genuine Parts Company está un 15.5% por debajo de su máximo 52s. Fundamentalmente aceptable con ROE 0.7%, deuda neta/EBITDA 3.0x. Técnicamente 🟢 Volumen creciente. Clasificación: pendiente_confirmacion.","Genuine Parts Company está un 15.5% por debajo de su máximo 52s. Fundamentalmente aceptable con ROE 0.7%, deuda neta/EBITDA 3.0x. Técnicamente 🟢 Volumen creciente. Clasificación: pendiente_confirmacion.",🟢 Volumen creciente,3.32,11,20,False,1674.0,1.46,1511406.0,6093667136.0,2.97,-0.9,gross,37.6,36.9,0.7,0.7,17657.0,492.6,3.9,11.58,15.5,13.1,8.6,39.7,False,False,5.5822,False,4.7,11.5,False,118.22,8.3,False,False,29,0,1.39,121.06,True
