Rank,Ticker,Nombre,Mercado,Sector,Industria,País,Moneda,Precio,Rules_Version,Model_Version,Config_Version,Evaluation_Timestamp,Score_Total,Score_Cuantitativo,Score_Fundamental,Score_Valoracion,Score_Causal,Score_Recuperacion,Score_Tecnico,Clasificacion,Clasificacion_Base,hard_rules_applied,Capa1_Pasa,Capa1_Status,Capa2_Causal_Classification,Capa2_Causal_Confidence,Capa2_Problem_Type,Capa2_Justification,Capa3_Recovery_Status,Capa3_Recovery_Signals,Capa4_Status,Capa5_Final_Classification,Capa5_Entry_Zone_Min,Capa5_Entry_Zone_Max,Capa5_Entry_Zone,Capa5_Exit_Zone_Min,Capa5_Exit_Zone_Max,Capa5_Exit_Zone,Capa5_Invalidation_Conditions,Capa5_Estimated_Horizon_Months,Capa5_Short_Explanation,Capa5_Summary_Explanation,Señales,Div_Yield_Actual_%,Historial_Div_Años_10,Consec_Antes_Corte,Recorte_Reciente,Payout_%,D/E,Vol_Medio_Diario,Net_Debt,Net_Debt_EBITDA,Variacion_Deuda_Trimestral_%,Tipo_Margen,Margen_Actual_%,Margen_Medio_4T_%,Variacion_Margen_pp,ROE_%,Cap_Millones,PER,P/B,EV_EBITDA,Caida_52s_%,Caida_Max_Multianual_%,Dist_SMA200_%,RSI_14,MACD_Cruce,MACD_Convergiendo,MACD_Semanal,MACD_Semanal_Giro,Estocastico_K,Estocastico_D,Estocastico_Giro,MA40_Semanal,Dist_MA40_Semanal_%,Base_Pattern_Detected,Trendline_Break,Technical_Base_Score,Technical_Bonus_Points,Vol_Ratio,Soporte,SMA50_Girando
1,0700.HK,TENCENT,ASIA,Communication Services,Internet Content & Information,China,HKD,438.4,1.0,script-v2.0,1.0,2026-09-24T12:58:32.550156+02:00,86.7,86.6,93,81,0,7,87,seguimiento,seguimiento,,True,pass,pendiente,0,desconocido,Pendiente de implementar,parcial,"margin_stabilization (media): Margen gross 57.8% vs 56.9% (+0.9 pp) | dividend_maintained (baja): Dividendo actual 1.21% con caída del 35.8% | analyst_upgrade (media): Target 662.53 vs precio 438.40 (+51%), recMean 1.39, recKey strong_buy",fuerte,seguimiento,435.96,438.4,435.96 - 438.40,499.94,580.55,499.94 - 580.55,Pérdida del soporte en 435.96 | ROE negativo durante 2 trimestres consecutivos | Ampliación de capital dilutiva | Recorte de rating a bono basura,12-18,"TENCENT está un 35.8% por debajo de su máximo 52s. Fundamentalmente sólida con ROE 19.9%, deuda neta/EBITDA 0.0x. Técnicamente 🟢 Cruce alcista MACD, 🟢 Volumen creciente. Clasificación: seguimiento.","TENCENT está un 35.8% por debajo de su máximo 52s. Fundamentalmente sólida con ROE 19.9%, deuda neta/EBITDA 0.0x. Técnicamente 🟢 Cruce alcista MACD, 🟢 Volumen creciente. Clasificación: seguimiento.",🟢 Cruce alcista MACD | 🟢 Volumen creciente | 🟢 Cerca de soporte | 🟢 MACD semanal girando al alza | 🟢 base_pattern_detected,1.21,11,19,False,18.0,0.39,27770888.0,12923994112.0,0.04,14.4,gross,56.7,57.4,-0.7,19.9,3949140.0,14.7,2.97,13.7,35.8,35.1,-12.3,49.1,True,False,-18.428,True,43.7,55.6,False,489.28,-10.4,True,False,65,22,1.68,435.96,False
2,MC.PA,LVMH,EUROSTOXX,Consumer Cyclical,Luxury Goods,France,EUR,398.15,1.0,script-v2.0,1.0,2026-09-24T12:56:23.330445+02:00,83.2,86.7,100,75,0,4,73,seguimiento,seguimiento,Sin señales de recuperación,True,pass,pendiente,0,desconocido,Pendiente de implementar,ausente,"dividend_maintained (baja): Dividendo actual 3.27% con caída del 39.2% | analyst_upgrade (media): Target 543.47 vs precio 398.15 (+36%), recMean 1.92, recKey buy",fuerte,seguimiento,378.24,398.15,378.24 - 398.15,497.2,556.5,497.20 - 556.50,Pérdida del soporte en 378.24 | ROE negativo durante 2 trimestres consecutivos | Ampliación de capital dilutiva | Recorte de rating a bono basura,12-18,"LVMH está un 39.2% por debajo de su máximo 52s. Fundamentalmente sólida con ROE 16.6%, deuda neta/EBITDA 1.2x. Técnicamente 🔵 RSI en sobreventa, 🟡 MACD convergiendo. Clasificación: seguimiento.","LVMH está un 39.2% por debajo de su máximo 52s. Fundamentalmente sólida con ROE 16.6%, deuda neta/EBITDA 1.2x. Técnicamente 🔵 RSI en sobreventa, 🟡 MACD convergiendo. Clasificación: seguimiento.",🔵 RSI en sobreventa | 🟡 MACD convergiendo | 🟢 Estocástico sale de sobreventa | 🟢 base_pattern_detected,3.27,11,20,False,59.2,0.53,505286.0,24936998912.0,1.24,1.1,,66.4,,,16.6,196274.0,18.1,2.88,11.08,39.2,45.7,-19.9,31.6,False,True,-24.2917,False,6.6,4.4,True,492.63,-19.2,True,False,55,18,0.85,,False
3,HEI.DE,Heidelberg Materials AG       I,EUROSTOXX,Basic Materials,Building Materials,Germany,EUR,145.15,1.0,script-v2.0,1.0,2026-09-24T12:56:14.406947+02:00,81.8,80.8,92,71,0,4,85,seguimiento,seguimiento,Sin señales de recuperación,True,pass,pendiente,0,desconocido,Pendiente de implementar,ausente,"dividend_maintained (baja): Dividendo actual 2.48% con caída del 40.0% | analyst_upgrade (media): Target 210.20 vs precio 145.15 (+45%), recMean 2.00, recKey buy",fuerte,seguimiento,144.97,145.15,144.97 - 145.15,183.47,205.53,183.47 - 205.53,Pérdida del soporte en 144.97 | ROE negativo durante 2 trimestres consecutivos | Ampliación de capital dilutiva | Recorte de rating a bono basura,12-18,"Heidelberg Materials AG       I está un 40.0% por debajo de su máximo 52s. Fundamentalmente sólida con ROE 11.7%, deuda neta/EBITDA 1.9x. Técnicamente 🔵 RSI en sobreventa, 🟢 Divergencia alcista RSI. Clasificación: seguimiento.","Heidelberg Materials AG       I está un 40.0% por debajo de su máximo 52s. Fundamentalmente sólida con ROE 11.7%, deuda neta/EBITDA 1.9x. Técnicamente 🔵 RSI en sobreventa, 🟢 Divergencia alcista RSI. Clasificación: seguimiento.",🔵 RSI en sobreventa | 🟢 Divergencia alcista RSI | 🟡 MACD convergiendo | 🟢 Cerca de soporte | 🟢 base_pattern_detected,2.48,11,20,False,31.3,0.5,414148.0,7790899968.0,1.91,46.9,,64.3,,,11.7,25518.0,12.6,1.37,8.46,40.0,38.8,-20.9,32.5,False,True,-9.3751,False,8.7,11.6,False,182.03,-20.3,True,False,73,12,0.52,144.97,False
4,FMG.AX,FORTESCUE FPO [FMG],ASX,Basic Materials,Other Industrial Metals & Mining,Australia,AUD,16.75,1.0,script-v2.0,1.0,2026-09-24T12:58:02.710251+02:00,81.6,82.1,96,70,0,1,80,seguimiento,seguimiento,Sin señales de recuperación,True,pass,pendiente,0,desconocido,Pendiente de implementar,ausente,dividend_maintained (baja): Dividendo actual 6.45% con caída del 28.4%,fuerte,seguimiento,15.91,16.75,15.91 - 16.75,19.4,19.87,19.40 - 19.87,Pérdida del soporte en 15.91 | ROE negativo durante 2 trimestres consecutivos | Ampliación de capital dilutiva | Recorte de rating a bono basura,12-18,"FORTESCUE FPO [FMG] está un 28.4% por debajo de su máximo 52s. Fundamentalmente sólida con ROE 14.2%, deuda neta/EBITDA 0.1x. Técnicamente 🔵 RSI recuperándose de sobreventa, 🟢 Divergencia alcista RSI. Clasificación: seguimiento.","FORTESCUE FPO [FMG] está un 28.4% por debajo de su máximo 52s. Fundamentalmente sólida con ROE 14.2%, deuda neta/EBITDA 0.1x. Técnicamente 🔵 RSI recuperándose de sobreventa, 🟢 Divergencia alcista RSI. Clasificación: seguimiento.",🔵 RSI recuperándose de sobreventa | 🟢 Divergencia alcista RSI | 🟢 Cruce alcista MACD | 🟢 base_pattern_detected,6.45,11,16,False,89.5,0.29,6545915.0,856999936.0,0.1,9.0,,40.1,,,14.2,51573.0,12.9,1.81,6.45,28.4,25.7,-13.7,44.4,True,False,-0.7532,False,34.6,36.5,False,19.26,-13.0,True,False,68,12,0.66,,False
5,LOW,"Lowe's Companies, Inc.",SP500,Consumer Cyclical,Home Improvement Retail,United States,USD,191.36,1.0,script-v2.0,1.0,2026-09-24T12:57:16.141422+02:00,81.5,83.1,74,91,0,15,77,entrada_directa,entrada_directa,,True,pass,pendiente,0,desconocido,Pendiente de implementar,confirmada,"margin_stabilization (media): Margen gross 33.0% vs 32.7% (+0.4 pp) | eps_stabilization (media): EPS 4.27 vs 2.90 (Diluted EPS) | debt_reduction (alta): Deuda 42031.0M vs 42540.0M | dividend_maintained (baja): Dividendo actual 2.61% con caída del 34.7% | analyst_upgrade (media): Target 252.30 vs precio 191.36 (+32%), recMean 1.80, recKey buy",fuerte,entrada_directa,181.79,191.36,181.79 - 191.36,232.09,249.1,232.09 - 249.10,Pérdida del soporte en 181.79 | ROE negativo durante 2 trimestres consecutivos | Ampliación de capital dilutiva | Recorte de rating a bono basura,12-18,"Lowe's Companies, Inc. está un 34.7% por debajo de su máximo 52s. Fundamentalmente sólida con deuda neta/EBITDA 3.0x, dividendo 2.6%. Técnicamente 🔵 RSI en sobreventa, 🟡 MACD convergiendo. Clasificación: entrada_directa.","Lowe's Companies, Inc. está un 34.7% por debajo de su máximo 52s. Fundamentalmente sólida con deuda neta/EBITDA 3.0x, dividendo 2.6%. Técnicamente 🔵 RSI en sobreventa, 🟡 MACD convergiendo. Clasificación: entrada_directa.",🔵 RSI en sobreventa | 🟡 MACD convergiendo | 🟢 Volumen creciente | 🟢 base_pattern_detected,2.61,11,20,False,41.0,,3050462.0,38859001600.0,3.05,-1.2,gross,33.0,33.1,-0.1,,107363.0,16.2,-14.43,11.49,34.7,34.0,-17.5,30.2,False,True,-9.9361,False,18.2,12.3,False,230.94,-17.1,True,False,65,12,1.3,,False
6,RI.PA,PERNOD RICARD,EUROSTOXX,Consumer Defensive,Beverages - Wineries & Distilleries,France,EUR,60.36,1.0,script-v2.0,1.0,2026-09-24T12:56:25.871942+02:00,81.2,79.9,73,86,0,12,85,entrada_directa,entrada_directa,,True,pass,pendiente,0,desconocido,Pendiente de implementar,confirmada,"eps_stabilization (media): EPS 6.45 vs 5.83 (annual_eps_fallback) | debt_reduction (alta): Deuda 12677.0M vs 13602.0M | dividend_maintained (baja): Dividendo actual 7.79% con caída del 33.2% | analyst_upgrade (media): Target 81.76 vs precio 60.36 (+35%), recMean 2.50, recKey buy",fuerte,entrada_directa,59.91,60.36,59.91 - 60.36,66.31,76.79,66.31 - 76.79,Pérdida del soporte en 59.91 | ROE negativo durante 2 trimestres consecutivos | Ampliación de capital dilutiva | Recorte de rating a bono basura,12-18,"PERNOD RICARD está un 33.2% por debajo de su máximo 52s. Fundamentalmente sólida con ROE 7.6%, deuda neta/EBITDA 4.1x. Técnicamente 🔵 RSI recuperándose de sobreventa, 🟢 Cruce alcista MACD. Clasificación: entrada_directa.","PERNOD RICARD está un 33.2% por debajo de su máximo 52s. Fundamentalmente sólida con ROE 7.6%, deuda neta/EBITDA 4.1x. Técnicamente 🔵 RSI recuperándose de sobreventa, 🟢 Cruce alcista MACD. Clasificación: entrada_directa.",🔵 RSI recuperándose de sobreventa | 🟢 Cruce alcista MACD | 🟢 Cerca de soporte | 🟡 Apoyo en MA40 semanal | 🟢 base_pattern_detected,7.79,11,20,False,98.6,0.77,667132.0,10684000256.0,4.07,-6.8,,58.4,,,7.6,15199.0,12.7,0.98,10.19,33.2,52.0,-9.0,41.5,True,False,-1.7375,False,50.3,35.6,False,66.05,-8.6,True,False,68,17,0.68,59.91,False
7,EL.PA,ESSILORLUXOTTICA,EUROSTOXX,Healthcare,Medical Instruments & Supplies,France,EUR,147.4,1.0,script-v2.0,1.0,2026-09-24T12:56:21.137041+02:00,79.0,75.3,78,73,0,4,90,seguimiento,seguimiento,Sin señales de recuperación,True,pass,pendiente,0,desconocido,Pendiente de implementar,ausente,"dividend_maintained (baja): Dividendo actual 2.71% con caída del 54.5% | analyst_upgrade (media): Target 235.65 vs precio 147.40 (+60%), recMean 1.83, recKey buy",fuerte,seguimiento,144.65,147.4,144.65 - 147.40,196.56,275.23,196.56 - 275.23,Pérdida del soporte en 144.65 | ROE negativo durante 2 trimestres consecutivos | Ampliación de capital dilutiva | Recorte de rating a bono basura,18-24,"ESSILORLUXOTTICA está un 54.5% por debajo de su máximo 52s. Fundamentalmente sólida con ROE 6.7%, deuda neta/EBITDA 2.3x. Técnicamente 🔵 RSI recuperándose de sobreventa, 🟢 Cruce alcista MACD. Clasificación: seguimiento.","ESSILORLUXOTTICA está un 54.5% por debajo de su máximo 52s. Fundamentalmente sólida con ROE 6.7%, deuda neta/EBITDA 2.3x. Técnicamente 🔵 RSI recuperándose de sobreventa, 🟢 Cruce alcista MACD. Clasificación: seguimiento.",🔵 RSI recuperándose de sobreventa | 🟢 Cruce alcista MACD | 🟢 Cerca de soporte | 🟢 MACD semanal girando al alza | 🟢 base_pattern_detected,2.71,11,20,False,74.8,0.38,717442.0,13384999680.0,2.29,6.4,,60.0,,,6.7,67617.0,27.6,1.73,14.18,54.5,53.4,-25.0,43.9,True,False,-16.4719,True,64.5,58.0,False,193.39,-23.8,True,False,68,22,0.93,144.65,False
8,3382.T,SEVEN & I HOLDINGS CO LTD,ASIA,Consumer Defensive,Grocery Stores,Japan,JPY,2000.0,1.0,script-v2.0,1.0,2026-09-24T12:58:25.785111+02:00,78.6,78.8,82,76,0,4,78,seguimiento,seguimiento,Sin señales de recuperación,True,pass,pendiente,0,desconocido,Pendiente de implementar,ausente,eps_stabilization (media): EPS 26.21 vs 18.96 (Diluted EPS) | dividend_maintained (baja): Dividendo actual 3.00% con caída del 17.3%,fuerte,seguimiento,1956.22,2000.0,1956.22 - 2000.00,2038.61,2054.45,2038.61 - 2054.45,Pérdida del soporte en 1956.22 | ROE negativo durante 2 trimestres consecutivos | Ampliación de capital dilutiva | Recorte de rating a bono basura,6-12,"SEVEN & I HOLDINGS CO LTD está un 17.3% por debajo de su máximo 52s. Fundamentalmente sólida con ROE 8.0%, deuda neta/EBITDA 3.3x. Técnicamente 🟢 Cruce alcista MACD, 🟢 Cerca de soporte. Clasificación: seguimiento.","SEVEN & I HOLDINGS CO LTD está un 17.3% por debajo de su máximo 52s. Fundamentalmente sólida con ROE 8.0%, deuda neta/EBITDA 3.3x. Técnicamente 🟢 Cruce alcista MACD, 🟢 Cerca de soporte. Clasificación: seguimiento.",🟢 Cruce alcista MACD | 🟢 Cerca de soporte | 🟡 Apoyo en MA40 semanal | 🟢 base_pattern_detected,3.0,11,20,False,42.1,1.04,8638760.0,3217205100544.0,3.32,,,16.4,,,8.0,4534118.0,16.8,1.25,8.16,17.3,22.4,-1.9,44.5,True,False,4.8744,False,30.2,52.3,False,2034.52,-1.7,True,False,61,17,0.87,1956.22,True
9,DG.PA,VINCI,EUROSTOXX,Industrials,Engineering & Construction,France,EUR,110.85,1.0,script-v2.0,1.0,2026-09-24T12:56:20.102442+02:00,78.5,78.3,89,69,0,7,79,seguimiento,seguimiento,,True,pass,pendiente,0,desconocido,Pendiente de implementar,parcial,"eps_stabilization (media): EPS 8.65 vs 8.43 (annual_eps_fallback) | dividend_maintained (baja): Dividendo actual 4.56% con caída del 22.6% | analyst_upgrade (media): Target 143.38 vs precio 110.85 (+29%), recMean 1.90, recKey buy",fuerte,seguimiento,110.47,110.85,110.47 - 110.85,121.68,122.84,121.68 - 122.84,Pérdida del soporte en 110.47 | ROE negativo durante 2 trimestres consecutivos | Ampliación de capital dilutiva | Recorte de rating a bono basura,6-12,"VINCI está un 22.6% por debajo de su máximo 52s. Fundamentalmente sólida con ROE 16.3%, deuda neta/EBITDA 2.0x. Técnicamente 🔵 RSI recuperándose de sobreventa, 🟢 Divergencia alcista RSI. Clasificación: seguimiento.","VINCI está un 22.6% por debajo de su máximo 52s. Fundamentalmente sólida con ROE 16.3%, deuda neta/EBITDA 2.0x. Técnicamente 🔵 RSI recuperándose de sobreventa, 🟢 Divergencia alcista RSI. Clasificación: seguimiento.",🔵 RSI recuperándose de sobreventa | 🟢 Divergencia alcista RSI | 🟢 Cerca de soporte | 🟡 Apoyo en MA40 semanal | 🟢 base_pattern_detected,4.56,11,20,False,55.5,1.21,864079.0,25782998016.0,2.02,9.7,,17.0,,,16.3,61290.0,12.3,2.01,7.11,22.6,20.3,-9.8,38.9,False,False,-3.1606,False,25.5,35.7,False,122.93,-9.8,True,False,62,17,0.55,110.47,False
10,SCG.AX,SCENTRE STAPLED [SCG],ASX,Real Estate,REIT - Retail,Australia,AUD,3.39,1.0,script-v2.0,1.0,2026-09-24T12:58:09.180114+02:00,78.4,78.5,86,72,0,9,78,seguimiento,seguimiento,,True,pass,pendiente,0,desconocido,Pendiente de implementar,parcial,eps_stabilization (media): EPS 0.34 vs 0.20 (annual_eps_fallback) | debt_reduction (alta): Deuda 14029.0M vs 16774.4M | dividend_maintained (baja): Dividendo actual 5.31% con caída del 20.6%,fuerte,seguimiento,3.22,3.39,3.22 - 3.39,3.63,3.69,3.63 - 3.69,Pérdida del soporte en 3.22 | ROE negativo durante 2 trimestres consecutivos | Ampliación de capital dilutiva | Recorte de rating a bono basura,6-12,"SCENTRE STAPLED [SCG] está un 20.6% por debajo de su máximo 52s. Fundamentalmente sólida con ROE 10.4%, deuda neta/EBITDA 5.6x. Técnicamente 🔵 RSI en sobreventa, 🟢 Divergencia alcista RSI. Clasificación: seguimiento.","SCENTRE STAPLED [SCG] está un 20.6% por debajo de su máximo 52s. Fundamentalmente sólida con ROE 10.4%, deuda neta/EBITDA 5.6x. Técnicamente 🔵 RSI en sobreventa, 🟢 Divergencia alcista RSI. Clasificación: seguimiento.",🔵 RSI en sobreventa | 🟢 Divergencia alcista RSI | 🟢 Cruce alcista MACD | 🟡 Apoyo en MA40 semanal,5.31,11,16,False,47.1,0.72,11461130.0,13751199680.0,5.58,-16.4,,70.7,,,10.4,17728.0,8.9,0.91,12.78,20.6,16.8,-8.1,28.7,True,False,-0.0539,False,12.5,13.2,False,3.67,-7.8,False,False,73,5,0.85,,False
11,0016.HK,SHK PPT,ASIA,Real Estate,Real Estate - Development,Hong Kong,HKD,108.2,1.0,script-v2.0,1.0,2026-09-24T12:58:27.763754+02:00,78.1,77.5,86,70,0,7,80,seguimiento,seguimiento,,True,pass,pendiente,0,desconocido,Pendiente de implementar,parcial,"eps_stabilization (media): EPS 7.39 vs 6.65 (annual_eps_fallback) | dividend_maintained (baja): Dividendo actual 3.61% con caída del 27.3% | analyst_upgrade (media): Target 142.99 vs precio 108.20 (+32%), recMean 1.77, recKey buy",fuerte,seguimiento,106.1,108.2,106.10 - 108.20,121.43,126.48,121.43 - 126.48,Pérdida del soporte en 106.10 | ROE negativo durante 2 trimestres consecutivos | Ampliación de capital dilutiva | Recorte de rating a bono basura,12-18,"SHK PPT está un 27.3% por debajo de su máximo 52s. Fundamentalmente sólida con ROE 3.5%, deuda neta/EBITDA 2.5x. Técnicamente 🔵 RSI recuperándose de sobreventa, 🟢 Divergencia alcista RSI. Clasificación: seguimiento.","SHK PPT está un 27.3% por debajo de su máximo 52s. Fundamentalmente sólida con ROE 3.5%, deuda neta/EBITDA 2.5x. Técnicamente 🔵 RSI recuperándose de sobreventa, 🟢 Divergencia alcista RSI. Clasificación: seguimiento.",🔵 RSI recuperándose de sobreventa | 🟢 Divergencia alcista RSI | 🟡 MACD convergiendo | 🟢 Cerca de soporte | 🟢 base_pattern_detected,3.61,11,20,False,51.1,0.15,5293354.0,66766997504.0,2.47,,,34.1,,,3.5,313540.0,14.6,0.49,14.37,27.3,26.8,-10.9,37.0,False,True,-2.5995,False,15.5,20.8,False,123.41,-12.3,True,False,68,12,0.58,106.1,False
12,PEP,"Pepsico, Inc.",SP500,Consumer Defensive,Beverages - Non-Alcoholic,United States,USD,130.18,1.0,script-v2.0,1.0,2026-09-24T12:57:04.796900+02:00,77.5,74.3,78,71,0,4,87,seguimiento,seguimiento,Sin señales de recuperación,True,pass,pendiente,0,desconocido,Pendiente de implementar,ausente,eps_stabilization (media): EPS 2.18 vs 1.70 (Diluted EPS) | dividend_maintained (baja): Dividendo actual 4.55% con caída del 24.1%,fuerte,seguimiento,123.67,130.18,123.67 - 130.18,145.17,145.76,145.17 - 145.76,Pérdida del soporte en 123.67 | ROE negativo durante 2 trimestres consecutivos | Ampliación de capital dilutiva | Recorte de rating a bono basura,6-12,"Pepsico, Inc. está un 24.1% por debajo de su máximo 52s. Fundamentalmente sólida con ROE 51.5%, deuda neta/EBITDA 2.2x. Técnicamente 🔵 RSI en sobreventa, 🟢 Divergencia alcista RSI. Clasificación: seguimiento.","Pepsico, Inc. está un 24.1% por debajo de su máximo 52s. Fundamentalmente sólida con ROE 51.5%, deuda neta/EBITDA 2.2x. Técnicamente 🔵 RSI en sobreventa, 🟢 Divergencia alcista RSI. Clasificación: seguimiento.",🔵 RSI en sobreventa | 🟢 Divergencia alcista RSI | 🟡 MACD convergiendo | 🟢 Volumen creciente | 🟢 base_pattern_detected,4.55,11,20,False,75.3,2.39,8394921.0,42497998848.0,2.25,0.9,gross,54.2,54.1,0.1,51.5,177826.0,17.2,8.05,11.67,24.1,21.8,-10.3,29.1,False,True,-3.4672,False,18.0,11.0,False,145.08,-10.3,True,False,75,12,1.62,,False
13,BMW.DE,BAYERISCHE MOTOREN WERKE AG   S,EUROSTOXX,Consumer Cyclical,Auto Manufacturers,Germany,EUR,56.54,1.0,script-v2.0,1.0,2026-09-24T12:56:05.332677+02:00,77.2,76.2,57,93,0,4,80,seguimiento,seguimiento,Sin señales de recuperación,True,pass,pendiente,0,desconocido,Pendiente de implementar,ausente,"dividend_maintained (baja): Dividendo actual 7.78% con caída del 42.3% | analyst_upgrade (media): Target 73.02 vs precio 56.54 (+29%), recMean 2.36, recKey buy",fuerte,seguimiento,53.71,56.54,53.71 - 56.54,72.26,83.23,72.26 - 83.23,Pérdida del soporte en 53.71 | ROE negativo durante 2 trimestres consecutivos | Ampliación de capital dilutiva | Recorte de rating a bono basura,18-24,"BAYERISCHE MOTOREN WERKE AG   S está un 42.3% por debajo de su máximo 52s. Fundamentalmente sólida con ROE 6.6%, deuda neta/EBITDA 7.3x. Técnicamente 🔵 RSI en sobreventa, 🟢 Divergencia alcista RSI. Clasificación: seguimiento.","BAYERISCHE MOTOREN WERKE AG   S está un 42.3% por debajo de su máximo 52s. Fundamentalmente sólida con ROE 6.6%, deuda neta/EBITDA 7.3x. Técnicamente 🔵 RSI en sobreventa, 🟢 Divergencia alcista RSI. Clasificación: seguimiento.",🔵 RSI en sobreventa | 🟢 Divergencia alcista RSI | 🟢 Bajo SMA200 con SMA50 girando | 🟢 Estocástico sale de sobreventa | 🟢 base_pattern_detected,7.78,11,20,False,42.3,1.2,1514171.0,101147001856.0,7.33,36.6,gross,12.4,14.8,-2.4,6.6,33843.0,5.4,0.36,10.0,42.3,38.9,-21.8,32.5,False,False,-4.1047,False,7.5,6.0,True,71.68,-21.1,True,False,62,18,1.04,,True
14,SGO.PA,SAINT GOBAIN,EUROSTOXX,Industrials,Building Products & Equipment,France,EUR,70.32,1.0,script-v2.0,1.0,2026-09-24T12:56:26.909473+02:00,77.2,81.7,95,70,0,12,64,entrada_escalada,entrada_escalada,,True,pass,pendiente,0,desconocido,Pendiente de implementar,confirmada,"eps_stabilization (media): EPS 5.78 vs 5.64 (annual_eps_fallback) | debt_reduction (alta): Deuda 17270.0M vs 17729.0M | dividend_maintained (baja): Dividendo actual 3.27% con caída del 26.4% | analyst_upgrade (media): Target 97.66 vs precio 70.32 (+39%), recMean 1.94, recKey buy",razonable,entrada_escalada,66.8,70.32,66.80 - 70.32,77.55,81.26,77.55 - 81.26,Pérdida del soporte en 66.80 | ROE negativo durante 2 trimestres consecutivos | Ampliación de capital dilutiva | Recorte de rating a bono basura,12-18,"SAINT GOBAIN está un 26.4% por debajo de su máximo 52s. Fundamentalmente sólida con ROE 11.0%, deuda neta/EBITDA 1.8x. Técnicamente 🔵 RSI recuperándose de sobreventa, 🟢 Cruce alcista MACD. Clasificación: entrada_escalada.","SAINT GOBAIN está un 26.4% por debajo de su máximo 52s. Fundamentalmente sólida con ROE 11.0%, deuda neta/EBITDA 1.8x. Técnicamente 🔵 RSI recuperándose de sobreventa, 🟢 Cruce alcista MACD. Clasificación: entrada_escalada.",🔵 RSI recuperándose de sobreventa | 🟢 Cruce alcista MACD | 🟡 Apoyo en MA40 semanal,3.27,10,6,False,42.7,0.66,974970.0,11518999552.0,1.75,-2.6,,27.2,,,11.0,34368.0,13.0,1.35,7.1,26.4,30.7,-9.3,35.3,True,False,-1.3829,False,27.4,31.8,False,77.41,-9.2,False,False,59,5,0.54,,False
15,IP,International Paper Company,SP500,Consumer Cyclical,Packaging & Containers,United States,USD,35.7,1.0,script-v2.0,1.0,2026-09-24T12:57:51.266468+02:00,77.2,72.9,66,79,0,4,90,seguimiento,seguimiento,Sin señales de recuperación,True,pass,pendiente,0,desconocido,Pendiente de implementar,ausente,"dividend_maintained (baja): Dividendo actual 5.18% con caída del 29.0% | analyst_upgrade (media): Target 47.91 vs precio 35.70 (+34%), recMean 1.58, recKey buy",fuerte,seguimiento,35.05,35.7,35.05 - 35.70,37.4,42.71,37.40 - 42.71,Pérdida del soporte en 35.05 | ROE negativo durante 2 trimestres consecutivos | Ampliación de capital dilutiva | Recorte de rating a bono basura,12-18,"International Paper Company está un 29.0% por debajo de su máximo 52s. Fundamentalmente sólida con ROE -16.5%, deuda neta/EBITDA 2.3x. Técnicamente 🔵 RSI recuperándose de sobreventa, 🟢 Cruce alcista MACD. Clasificación: seguimiento.","International Paper Company está un 29.0% por debajo de su máximo 52s. Fundamentalmente sólida con ROE -16.5%, deuda neta/EBITDA 2.3x. Técnicamente 🔵 RSI recuperándose de sobreventa, 🟢 Cruce alcista MACD. Clasificación: seguimiento.",🔵 RSI recuperándose de sobreventa | 🟢 Cruce alcista MACD | 🟢 Cerca de soporte | 🟡 Apoyo en MA40 semanal | 🟢 base_pattern_detected,5.18,11,20,False,158.1,0.69,4964295.0,9176999552.0,2.33,3.8,gross,29.6,29.8,-0.1,-16.5,18906.0,11.9,1.31,7.14,29.0,36.2,-4.6,44.0,True,False,-0.1974,False,51.9,37.4,False,37.52,-4.8,True,False,73,17,1.13,35.05,False
16,ORA.PA,ORANGE,EUROSTOXX,Communication Services,Telecom Services,France,EUR,14.1,1.0,script-v2.0,1.0,2026-09-24T12:56:25.648313+02:00,76.9,78.2,83,74,0,4,73,seguimiento,seguimiento,Sin señales de recuperación,True,pass,pendiente,0,desconocido,Pendiente de implementar,ausente,"dividend_maintained (baja): Dividendo actual 5.32% con caída del 25.0% | analyst_upgrade (media): Target 19.11 vs precio 14.10 (+36%), recMean 2.00, recKey buy",fuerte,seguimiento,13.39,14.1,13.39 - 14.10,15.98,16.25,15.98 - 16.25,Pérdida del soporte en 13.39 | ROE negativo durante 2 trimestres consecutivos | Ampliación de capital dilutiva | Recorte de rating a bono basura,12-18,"ORANGE está un 25.0% por debajo de su máximo 52s. Fundamentalmente sólida con ROE 14.2%, deuda neta/EBITDA 3.7x. Técnicamente 🔵 RSI en sobreventa, 🟢 Divergencia alcista RSI. Clasificación: seguimiento.","ORANGE está un 25.0% por debajo de su máximo 52s. Fundamentalmente sólida con ROE 14.2%, deuda neta/EBITDA 3.7x. Técnicamente 🔵 RSI en sobreventa, 🟢 Divergencia alcista RSI. Clasificación: seguimiento.",🔵 RSI en sobreventa | 🟢 Divergencia alcista RSI | 🟢 Estocástico sale de sobreventa | 🟢 base_pattern_detected,5.32,11,20,False,50.7,1.61,4836787.0,45291001856.0,3.74,654.5,,41.1,,,14.2,37475.0,9.5,1.18,7.1,25.0,23.1,-13.2,26.8,False,False,-0.3215,False,6.1,4.1,True,16.29,-13.5,True,False,55,18,1.21,,False
17,HRL,Hormel Foods Corporation,SP500,Consumer Defensive,Packaged Foods,United States,USD,19.92,1.0,script-v2.0,1.0,2026-09-24T12:57:46.570623+02:00,76.7,76.6,83,71,0,9,77,seguimiento,seguimiento,,True,pass,pendiente,0,desconocido,Pendiente de implementar,parcial,"debt_reduction (alta): Deuda 2855.1M vs 2856.3M | dividend_maintained (baja): Dividendo actual 5.87% con caída del 25.1% | analyst_upgrade (media): Target 26.12 vs precio 19.92 (+31%), recMean 2.60, recKey hold",fuerte,seguimiento,19.47,19.92,19.47 - 19.92,22.61,22.94,22.61 - 22.94,Pérdida del soporte en 19.47 | ROE negativo durante 2 trimestres consecutivos | Ampliación de capital dilutiva | Recorte de rating a bono basura,12-18,"Hormel Foods Corporation está un 25.1% por debajo de su máximo 52s. Fundamentalmente sólida con ROE 4.3%, deuda neta/EBITDA 1.6x. Técnicamente 🔵 RSI en sobreventa, 🟢 Cruce alcista MACD. Clasificación: seguimiento.","Hormel Foods Corporation está un 25.1% por debajo de su máximo 52s. Fundamentalmente sólida con ROE 4.3%, deuda neta/EBITDA 1.6x. Técnicamente 🔵 RSI en sobreventa, 🟢 Cruce alcista MACD. Clasificación: seguimiento.",🔵 RSI en sobreventa | 🟢 Cruce alcista MACD | 🟢 Cerca de soporte,5.87,11,20,False,188.3,0.36,4517645.0,1986676928.0,1.57,-0.0,gross,15.7,15.7,0.0,4.3,10963.0,32.7,1.4,10.25,25.1,36.2,-13.2,23.2,True,False,-0.5343,False,3.1,8.0,False,22.89,-13.0,False,False,77,0,1.1,19.47,False
18,035420.KS,NAVER,ASIA,Communication Services,Internet Content & Information,South Korea,KRW,194700.0,1.0,script-v2.0,1.0,2026-09-24T12:58:36.736889+02:00,76.6,81.4,75,87,0,10,62,seguimiento,seguimiento,,True,pass,pendiente,0,desconocido,Pendiente de implementar,parcial,"margin_stabilization (media): Margen gross 100.0% vs 100.0% (+0.0 pp) | eps_stabilization (media): EPS 4635.00 vs 1864.00 (Diluted EPS) | dividend_maintained (baja): Dividendo actual 1.35% con caída del 36.0% | analyst_upgrade (media): Target 297423.06 vs precio 194700.00 (+53%), recMean 1.65, recKey buy",razonable,seguimiento,182800.0,194700.0,182800.00 - 194700.00,223522.46,258400.0,223522.46 - 258400.00,Pérdida del soporte en 182800.00 | ROE negativo durante 2 trimestres consecutivos | Ampliación de capital dilutiva | Recorte de rating a bono basura,12-18,"NAVER está un 36.0% por debajo de su máximo 52s. Fundamentalmente sólida con ROE 6.4%, deuda neta/EBITDA -1.1x. Técnicamente 🟢 Divergencia alcista RSI, 🟢 Bajo SMA200 con SMA50 girando. Clasificación: seguimiento.","NAVER está un 36.0% por debajo de su máximo 52s. Fundamentalmente sólida con ROE 6.4%, deuda neta/EBITDA -1.1x. Técnicamente 🟢 Divergencia alcista RSI, 🟢 Bajo SMA200 con SMA50 girando. Clasificación: seguimiento.",🟢 Divergencia alcista RSI | 🟢 Bajo SMA200 con SMA50 girando | 🟢 base_pattern_detected,1.35,10,2,False,19.6,0.18,1006159.0,-3356823650304.0,-1.11,15.6,gross,100.0,100.0,0.0,6.4,29166905.0,13.3,,9.03,36.0,36.0,-12.9,37.4,False,False,-5605.0563,False,2.7,10.5,False,222368.77,-12.4,True,False,50,12,1.13,182800.0,True
19,9022.T,CENTRAL JAPAN RAILWAY CO,ASIA,Industrials,Railroads,Japan,JPY,3755.0,1.0,script-v2.0,1.0,2026-09-24T12:58:24.084195+02:00,74.2,79.7,77,82,0,4,58,seguimiento,seguimiento,Sin señales de recuperación,True,pass,pendiente,0,desconocido,Pendiente de implementar,ausente,eps_stabilization (media): EPS 149.59 vs 147.88 (Diluted EPS) | dividend_maintained (baja): Dividendo actual 0.85% con caída del 22.3%,razonable,seguimiento,3563.0,3755.0,3563.00 - 3755.00,4015.08,4105.5,4015.08 - 4105.50,Pérdida del soporte en 3563.00 | ROE negativo durante 2 trimestres consecutivos | Ampliación de capital dilutiva | Recorte de rating a bono basura,6-12,"CENTRAL JAPAN RAILWAY CO está un 22.3% por debajo de su máximo 52s. Fundamentalmente sólida con ROE 11.2%, deuda neta/EBITDA 4.3x. Técnicamente 🟢 Bajo SMA200 con SMA50 girando, 🟡 Apoyo en MA40 semanal. Clasificación: seguimiento.","CENTRAL JAPAN RAILWAY CO está un 22.3% por debajo de su máximo 52s. Fundamentalmente sólida con ROE 11.2%, deuda neta/EBITDA 4.3x. Técnicamente 🟢 Bajo SMA200 con SMA50 girando, 🟡 Apoyo en MA40 semanal. Clasificación: seguimiento.",🟢 Bajo SMA200 con SMA50 girando | 🟡 Apoyo en MA40 semanal | 🟢 base_pattern_detected,0.85,11,20,False,5.6,0.92,2643495.0,4425204924416.0,4.28,11.6,,51.9,,,11.2,3564922.0,6.6,0.69,7.86,22.3,22.0,-6.5,41.6,False,False,-22.5425,False,0.8,17.6,False,3968.33,-5.4,True,False,41,17,1.14,3563.0,True
20,7203.T,TOYOTA MOTOR CORP,ASIA,Consumer Cyclical,Auto Manufacturers,Japan,JPY,2969.0,1.0,script-v2.0,1.0,2026-09-24T12:58:12.629214+02:00,74.1,74.5,75,74,0,10,73,seguimiento,seguimiento,,True,pass,pendiente,0,desconocido,Pendiente de implementar,parcial,"margin_stabilization (media): Margen gross 18.0% vs 15.1% (+2.9 pp) | eps_stabilization (media): EPS 120.69 vs 64.56 (Diluted EPS) | dividend_maintained (baja): Dividendo actual 3.37% con caída del 25.8% | analyst_upgrade (media): Target 3698.63 vs precio 2969.00 (+25%), recMean 1.74, recKey buy",fuerte,seguimiento,2834.6,2969.0,2834.60 - 2969.00,3164.21,3400.0,3164.21 - 3400.00,Pérdida del soporte en 2834.60 | ROE negativo durante 2 trimestres consecutivos | Ampliación de capital dilutiva | Recorte de rating a bono basura,12-18,"TOYOTA MOTOR CORP está un 25.8% por debajo de su máximo 52s. Fundamentalmente sólida con ROE 12.4%, deuda neta/EBITDA 5.5x. Técnicamente 🟢 Bajo SMA200 con SMA50 girando, 🟢 Volumen creciente. Clasificación: seguimiento.","TOYOTA MOTOR CORP está un 25.8% por debajo de su máximo 52s. Fundamentalmente sólida con ROE 12.4%, deuda neta/EBITDA 5.5x. Técnicamente 🟢 Bajo SMA200 con SMA50 girando, 🟢 Volumen creciente. Clasificación: seguimiento.",🟢 Bajo SMA200 con SMA50 girando | 🟢 Volumen creciente | 🟢 Cerca de soporte | 🟡 Apoyo en MA40 semanal | 🟢 base_pattern_detected,3.37,11,20,False,27.0,1.15,28760453.0,30602607722496.0,5.46,1.7,gross,16.8,16.7,0.1,12.4,35158405.0,8.4,0.94,12.03,25.8,24.7,-6.2,43.0,False,False,-22.4946,False,11.8,22.1,False,3171.91,-6.4,True,False,56,17,1.38,2834.6,True
21,MCD,McDonald's Corporation,SP500,Consumer Cyclical,Restaurants,United States,USD,238.32,1.0,script-v2.0,1.0,2026-09-24T12:57:17.633051+02:00,74.0,74.3,78,71,0,15,73,entrada_directa,entrada_directa,,True,pass,pendiente,0,desconocido,Pendiente de implementar,confirmada,"margin_stabilization (media): Margen gross 58.0% vs 55.9% (+2.1 pp) | eps_stabilization (media): EPS 3.32 vs 2.78 (Diluted EPS) | debt_reduction (alta): Deuda 54604.0M vs 54881.0M | dividend_maintained (baja): Dividendo actual 3.24% con caída del 30.3% | analyst_upgrade (media): Target 306.30 vs precio 238.32 (+29%), recMean 2.09, recKey buy",fuerte,entrada_directa,226.4,238.32,226.40 - 238.32,288.9,290.49,288.90 - 290.49,Pérdida del soporte en 226.40 | ROE negativo durante 2 trimestres consecutivos | Ampliación de capital dilutiva | Recorte de rating a bono basura,12-18,"McDonald's Corporation está un 30.3% por debajo de su máximo 52s. Fundamentalmente sólida con deuda neta/EBITDA 3.6x, dividendo 3.2%. Técnicamente 🔵 RSI en sobreventa, 🟢 Divergencia alcista RSI. Clasificación: entrada_directa.","McDonald's Corporation está un 30.3% por debajo de su máximo 52s. Fundamentalmente sólida con deuda neta/EBITDA 3.6x, dividendo 3.2%. Técnicamente 🔵 RSI en sobreventa, 🟢 Divergencia alcista RSI. Clasificación: entrada_directa.",🔵 RSI en sobreventa | 🟢 Divergencia alcista RSI | 🟢 Volumen creciente | 🟢 base_pattern_detected,3.24,11,20,False,59.7,,4911015.0,53782001280.0,3.6,-0.5,gross,57.4,57.4,0.0,,168645.0,20.3,-164.81,14.9,30.3,28.9,-17.5,26.2,False,False,-11.7773,False,15.3,15.5,False,287.02,-17.0,True,False,61,12,1.65,,False
22,CAP.PA,CAPGEMINI,EUROSTOXX,Technology,Information Technology Services,France,EUR,103.85,1.0,script-v2.0,1.0,2026-09-24T12:56:18.886236+02:00,73.7,84.9,95,76,0,4,40,seguimiento,seguimiento,Sin señales de recuperación,True,pass,pendiente,0,desconocido,Pendiente de implementar,ausente,"dividend_maintained (baja): Dividendo actual 3.27% con caída del 32.1% | analyst_upgrade (media): Target 140.51 vs precio 103.85 (+35%), recMean 1.76, recKey buy",incompleto,seguimiento,96.86,103.85,96.86 - 103.85,106.98,130.09,106.98 - 130.09,Pérdida del soporte en 96.86 | ROE negativo durante 2 trimestres consecutivos | Ampliación de capital dilutiva | Recorte de rating a bono basura,12-18,"CAPGEMINI está un 32.1% por debajo de su máximo 52s. Fundamentalmente sólida con ROE 12.2%, deuda neta/EBITDA 2.6x. Técnicamente 🟡 Apoyo en MA40 semanal, 🟢 base_pattern_detected. Clasificación: seguimiento.","CAPGEMINI está un 32.1% por debajo de su máximo 52s. Fundamentalmente sólida con ROE 12.2%, deuda neta/EBITDA 2.6x. Técnicamente 🟡 Apoyo en MA40 semanal, 🟢 base_pattern_detected. Clasificación: seguimiento.",🟡 Apoyo en MA40 semanal | 🟢 base_pattern_detected,3.27,11,20,False,43.2,0.88,608179.0,7907000320.0,2.56,7.7,,26.8,,,12.2,17239.0,13.2,1.51,8.37,32.1,45.1,-2.9,46.6,False,False,-0.3661,False,31.5,45.6,False,105.68,-1.7,True,False,23,17,0.53,96.86,True
23,RIO.L,RIO TINTO PLC ORD 10P,EUROSTOXX,Basic Materials,Other Industrial Metals & Mining,United Kingdom,GBp,7190.0,1.0,script-v2.0,1.0,2026-09-24T12:56:56.672043+02:00,73.7,77.6,100,58,0,6,62,seguimiento,seguimiento,,True,pass,pendiente,0,desconocido,Pendiente de implementar,parcial,debt_reduction (alta): Deuda 22852.0M vs 23517.0M | dividend_maintained (baja): Dividendo actual 0.05% con caída del 21.1%,razonable,seguimiento,6682.61,7190.0,6682.61 - 7190.00,7063.67,7749.45,7063.67 - 7749.45,Pérdida del soporte en 6682.61 | ROE negativo durante 2 trimestres consecutivos | Ampliación de capital dilutiva | Recorte de rating a bono basura,6-12,"RIO TINTO PLC ORD 10P está un 21.1% por debajo de su máximo 52s. Fundamentalmente sólida con ROE 19.3%, deuda neta/EBITDA 0.6x. Técnicamente 🟢 Divergencia alcista RSI, 🟡 MACD convergiendo. Clasificación: seguimiento.","RIO TINTO PLC ORD 10P está un 21.1% por debajo de su máximo 52s. Fundamentalmente sólida con ROE 19.3%, deuda neta/EBITDA 0.6x. Técnicamente 🟢 Divergencia alcista RSI, 🟡 MACD convergiendo. Clasificación: seguimiento.",🟢 Divergencia alcista RSI | 🟡 MACD convergiendo | 🟡 Apoyo en MA40 semanal | 🟢 base_pattern_detected,0.05,11,20,False,54.9,0.32,2852130.0,13344999424.0,0.58,-2.8,,29.8,,,19.3,116935.0,13.0,2.38,5.96,21.1,21.1,1.8,41.3,False,True,144.1655,False,17.4,19.8,False,7100.95,1.3,True,False,45,17,0.65,6682.61,True
24,NEE,"NextEra Energy, Inc.",SP500,Utilities,Utilities - Regulated Electric,United States,USD,77.02,1.0,script-v2.0,1.0,2026-09-24T12:57:38.629957+02:00,73.4,76.5,84,70,0,10,64,seguimiento,seguimiento,,True,pass,pendiente,0,desconocido,Pendiente de implementar,parcial,"margin_stabilization (media): Margen gross 62.4% vs 58.9% (+3.5 pp) | eps_stabilization (media): EPS 1.50 vs 1.04 (Diluted EPS) | dividend_maintained (baja): Dividendo actual 3.23% con caída del 22.0% | analyst_upgrade (media): Target 98.22 vs precio 77.02 (+28%), recMean 2.00, recKey buy",razonable,seguimiento,73.17,77.02,73.17 - 77.02,83.94,86.45,83.94 - 86.45,Pérdida del soporte en 73.17 | ROE negativo durante 2 trimestres consecutivos | Ampliación de capital dilutiva | Recorte de rating a bono basura,6-12,"NextEra Energy, Inc. está un 22.0% por debajo de su máximo 52s. Fundamentalmente sólida con ROE 11.7%, deuda neta/EBITDA 7.3x. Técnicamente 🔵 RSI en sobreventa, 🟢 Volumen creciente. Clasificación: seguimiento.","NextEra Energy, Inc. está un 22.0% por debajo de su máximo 52s. Fundamentalmente sólida con ROE 11.7%, deuda neta/EBITDA 7.3x. Técnicamente 🔵 RSI en sobreventa, 🟢 Volumen creciente. Clasificación: seguimiento.",🔵 RSI en sobreventa | 🟢 Volumen creciente | 🟢 base_pattern_detected,3.23,11,20,False,53.5,1.62,11025123.0,107330998272.0,7.35,5.5,gross,61.0,60.8,0.2,11.7,160662.0,17.3,2.81,19.12,22.0,20.8,-10.9,22.9,False,False,-1.6671,False,2.0,5.1,False,86.75,-11.2,True,False,52,12,1.31,,False
25,BATS.L,BRITISH AMERICAN TOBACCO PLC OR,EUROSTOXX,Consumer Defensive,Tobacco,United Kingdom,GBp,4282.0,1.0,script-v2.0,1.0,2026-09-24T12:57:00.879065+02:00,73.0,73.6,88,61,0,12,71,entrada_directa,entrada_directa,,True,pass,pendiente,0,desconocido,Pendiente de implementar,confirmada,"eps_stabilization (media): EPS 3.49 vs 1.36 (annual_eps_fallback) | debt_reduction (alta): Deuda 35063.0M vs 35070.0M | dividend_maintained (baja): Dividendo actual 0.06% con caída del 20.2% | analyst_upgrade (media): Target 5146.15 vs precio 4282.00 (+20%), recMean 1.69, recKey buy",fuerte,entrada_directa,4126.76,4282.0,4126.76 - 4282.00,4387.38,4562.8,4387.38 - 4562.80,Pérdida del soporte en 4126.76 | ROE negativo durante 2 trimestres consecutivos | Ampliación de capital dilutiva | Recorte de rating a bono basura,6-12,"BRITISH AMERICAN TOBACCO PLC OR está un 20.2% por debajo de su máximo 52s. Fundamentalmente sólida con ROE 13.4%, deuda neta/EBITDA 2.9x. Técnicamente 🟢 Divergencia alcista RSI, 🟢 Cerca de soporte. Clasificación: entrada_directa.","BRITISH AMERICAN TOBACCO PLC OR está un 20.2% por debajo de su máximo 52s. Fundamentalmente sólida con ROE 13.4%, deuda neta/EBITDA 2.9x. Técnicamente 🟢 Divergencia alcista RSI, 🟢 Cerca de soporte. Clasificación: entrada_directa.",🟢 Divergencia alcista RSI | 🟢 Cerca de soporte | 🟢 MACD semanal girando al alza | 🟡 Apoyo en MA40 semanal | 🟢 base_pattern_detected,0.06,11,20,False,83.4,0.72,3400529.0,32530001152.0,2.9,-0.0,,82.7,,,13.4,92163.0,14.7,1.99,11.04,20.2,20.2,-2.4,57.0,False,False,-53.296,True,94.6,77.6,False,4396.0,-2.6,True,False,44,27,0.57,4126.76,False
26,ADS.DE,adidas AG                     N,EUROSTOXX,Consumer Cyclical,Footwear & Accessories,Germany,EUR,143.8,1.0,script-v2.0,1.0,2026-09-24T12:56:12.369233+02:00,72.3,74.1,97,54,0,7,67,seguimiento,seguimiento,,True,pass,pendiente,0,desconocido,Pendiente de implementar,parcial,"margin_stabilization (media): Margen gross 52.5% vs 51.1% (+1.4 pp) | dividend_maintained (baja): Dividendo actual 1.95% con caída del 26.8% | analyst_upgrade (media): Target 199.52 vs precio 143.80 (+39%), recMean 1.77, recKey buy",razonable,seguimiento,139.29,143.8,139.29 - 143.80,154.87,166.94,154.87 - 166.94,Pérdida del soporte en 139.29 | ROE negativo durante 2 trimestres consecutivos | Ampliación de capital dilutiva | Recorte de rating a bono basura,12-18,"adidas AG                     N está un 26.8% por debajo de su máximo 52s. Fundamentalmente sólida con ROE 24.3%, deuda neta/EBITDA 1.7x. Técnicamente 🔵 RSI recuperándose de sobreventa, 🟢 Divergencia alcista RSI. Clasificación: seguimiento.","adidas AG                     N está un 26.8% por debajo de su máximo 52s. Fundamentalmente sólida con ROE 24.3%, deuda neta/EBITDA 1.7x. Técnicamente 🔵 RSI recuperándose de sobreventa, 🟢 Divergencia alcista RSI. Clasificación: seguimiento.",🔵 RSI recuperándose de sobreventa | 🟢 Divergencia alcista RSI | 🟢 Cerca de soporte | 🟡 Apoyo en MA40 semanal,1.95,10,6,False,35.9,0.94,713377.0,4415999872.0,1.66,0.4,gross,51.6,51.6,0.0,24.3,25174.0,18.4,4.23,11.3,26.8,44.0,-7.1,40.2,False,False,-3.226,False,42.0,53.4,False,154.28,-6.8,False,False,62,5,0.63,139.29,False
27,DUK,Duke Energy Corporation (Holdin,SP500,Utilities,Utilities - Regulated Electric,United States,USD,114.17,1.0,script-v2.0,1.0,2026-09-24T12:57:38.223093+02:00,72.3,70.4,88,55,0,4,78,seguimiento,seguimiento,Sin señales de recuperación,True,pass,pendiente,0,desconocido,Pendiente de implementar,ausente,margin_stabilization (media): Margen gross 54.8% vs 48.8% (+6.0 pp) | dividend_maintained (baja): Dividendo actual 3.80% con caída del 15.1%,fuerte,seguimiento,108.46,114.17,108.46 - 114.17,114.32,122.31,114.32 - 122.31,Pérdida del soporte en 108.46 | ROE negativo durante 2 trimestres consecutivos | Ampliación de capital dilutiva | Recorte de rating a bono basura,6-12,"Duke Energy Corporation (Holdin está un 15.1% por debajo de su máximo 52s. Fundamentalmente sólida con ROE 9.9%, deuda neta/EBITDA 5.5x. Técnicamente 🔵 RSI en sobreventa, 🟢 Divergencia alcista RSI. Clasificación: seguimiento.","Duke Energy Corporation (Holdin está un 15.1% por debajo de su máximo 52s. Fundamentalmente sólida con ROE 9.9%, deuda neta/EBITDA 5.5x. Técnicamente 🔵 RSI en sobreventa, 🟢 Divergencia alcista RSI. Clasificación: seguimiento.",🔵 RSI en sobreventa | 🟢 Divergencia alcista RSI | 🟢 Volumen creciente | 🟡 Apoyo en MA40 semanal | 🟢 base_pattern_detected,3.8,11,20,False,64.2,1.62,4066165.0,91532998080.0,5.51,1.1,gross,52.0,51.4,0.6,9.9,89019.0,17.5,1.66,11.05,15.1,13.6,-6.7,26.8,False,False,-1.4241,False,0.9,4.5,False,122.86,-7.1,True,False,61,17,1.48,,False
28,AD.AS,KONINKLIJKE AHOLD DELHAIZE N.V.,EUROSTOXX,Consumer Defensive,Grocery Stores,Netherlands,EUR,32.11,1.0,script-v2.0,1.0,2026-09-24T12:56:36.822517+02:00,72.2,71.3,83,61,0,7,75,seguimiento,seguimiento,,True,pass,pendiente,0,desconocido,Pendiente de implementar,parcial,"margin_stabilization (media): Margen gross 26.4% vs 26.8% (-0.4 pp) | dividend_maintained (baja): Dividendo actual 3.86% con caída del 24.5% | analyst_upgrade (media): Target 38.58 vs precio 32.11 (+20%), recMean 2.47, recKey buy",fuerte,seguimiento,30.92,32.11,30.92 - 32.11,35.4,36.16,35.40 - 36.16,Pérdida del soporte en 30.92 | ROE negativo durante 2 trimestres consecutivos | Ampliación de capital dilutiva | Recorte de rating a bono basura,6-12,"KONINKLIJKE AHOLD DELHAIZE N.V. está un 24.5% por debajo de su máximo 52s. Fundamentalmente sólida con ROE 15.7%, deuda neta/EBITDA 3.0x. Técnicamente 🟢 Divergencia alcista RSI, 🟢 Cerca de soporte. Clasificación: seguimiento.","KONINKLIJKE AHOLD DELHAIZE N.V. está un 24.5% por debajo de su máximo 52s. Fundamentalmente sólida con ROE 15.7%, deuda neta/EBITDA 3.0x. Técnicamente 🟢 Divergencia alcista RSI, 🟢 Cerca de soporte. Clasificación: seguimiento.",🟢 Divergencia alcista RSI | 🟢 Cerca de soporte | 🟢 MACD semanal girando al alza | 🟡 Apoyo en MA40 semanal | 🟢 base_pattern_detected,3.86,11,18,False,49.4,1.33,2517868.0,16049999616.0,2.98,256.9,gross,26.6,26.6,-0.0,15.7,28056.0,12.8,1.94,8.05,24.5,22.1,-9.3,53.6,False,False,-1.3516,True,83.5,65.4,False,35.48,-9.5,True,False,48,27,0.67,30.92,False
29,GSK.L,GSK PLC ORD 31 1/4P,EUROSTOXX,Healthcare,Drug Manufacturers - General,United Kingdom,GBp,1876.451,1.0,script-v2.0,1.0,2026-09-24T12:56:54.150332+02:00,72.2,71.3,91,54,0,6,75,seguimiento,seguimiento,,True,pass,pendiente,0,desconocido,Pendiente de implementar,parcial,debt_reduction (alta): Deuda 18293.0M vs 19056.0M | dividend_maintained (baja): Dividendo actual 0.04% con caída del 17.8%,fuerte,seguimiento,1850.81,1876.45,1850.81 - 1876.45,1939.7,1952.32,1939.70 - 1952.32,Pérdida del soporte en 1850.81 | ROE negativo durante 2 trimestres consecutivos | Ampliación de capital dilutiva | Recorte de rating a bono basura,6-12,"GSK PLC ORD 31 1/4P está un 17.8% por debajo de su máximo 52s. Fundamentalmente sólida con ROE 33.4%, deuda neta/EBITDA 1.4x. Técnicamente 🟢 Divergencia alcista RSI, 🟢 Cerca de soporte. Clasificación: seguimiento.","GSK PLC ORD 31 1/4P está un 17.8% por debajo de su máximo 52s. Fundamentalmente sólida con ROE 33.4%, deuda neta/EBITDA 1.4x. Técnicamente 🟢 Divergencia alcista RSI, 🟢 Cerca de soporte. Clasificación: seguimiento.",🟢 Divergencia alcista RSI | 🟢 Cerca de soporte | 🟢 MACD semanal girando al alza | 🟡 Apoyo en MA40 semanal | 🟢 base_pattern_detected,0.04,11,20,False,56.9,1.06,7195022.0,15187000320.0,1.4,-4.0,gross,73.5,72.8,0.7,33.4,75163.0,15.9,4.26,8.35,17.8,17.8,-3.9,50.8,False,False,-19.8787,True,72.9,81.8,False,1955.85,-4.1,True,False,48,27,0.76,1850.81,False
30,MGR.AX,MIRVAC GRP STAPLED [MGR],ASX,Real Estate,REIT - Diversified,Australia,AUD,1.745,1.0,script-v2.0,1.0,2026-09-24T12:58:10.281242+02:00,72.2,75.6,82,70,0,12,62,entrada_escalada,entrada_escalada,,True,pass,pendiente,0,desconocido,Pendiente de implementar,confirmada,"eps_stabilization (media): EPS 0.02 vs -0.20 (annual_eps_fallback) | debt_reduction (alta): Deuda 3934.0M vs 4544.0M | dividend_maintained (baja): Dividendo actual 5.73% con caída del 29.1% | analyst_upgrade (media): Target 2.12 vs precio 1.75 (+21%), recKey none",razonable,entrada_escalada,1.68,1.75,1.68 - 1.75,1.79,2.09,1.79 - 2.09,Pérdida del soporte en 1.68 | ROE negativo durante 2 trimestres consecutivos | Ampliación de capital dilutiva | Recorte de rating a bono basura,12-18,"MIRVAC GRP STAPLED [MGR] está un 29.1% por debajo de su máximo 52s. Fundamentalmente sólida con ROE 7.4%, deuda neta/EBITDA 4.1x. Técnicamente 🔵 RSI recuperándose de sobreventa, 🟢 Cerca de soporte. Clasificación: entrada_escalada.","MIRVAC GRP STAPLED [MGR] está un 29.1% por debajo de su máximo 52s. Fundamentalmente sólida con ROE 7.4%, deuda neta/EBITDA 4.1x. Técnicamente 🔵 RSI recuperándose de sobreventa, 🟢 Cerca de soporte. Clasificación: entrada_escalada.",🔵 RSI recuperándose de sobreventa | 🟢 Cerca de soporte | 🟡 Apoyo en MA40 semanal | 🟢 base_pattern_detected,5.73,11,20,False,55.2,0.42,12814556.0,3605000128.0,4.12,-13.4,,38.9,,,7.4,6886.0,10.3,0.74,12.15,29.1,25.4,-2.8,41.9,False,False,-0.0092,False,10.0,23.8,False,1.79,-2.3,True,False,45,17,0.82,1.68,True
31,CPB,The Campbell's Company,SP500,Consumer Defensive,Packaged Foods,United States,USD,20.34,1.0,script-v2.0,1.0,2026-09-24T12:57:48.501479+02:00,71.9,75.5,67,83,0,4,61,seguimiento,seguimiento,Sin señales de recuperación,True,pass,pendiente,0,desconocido,Pendiente de implementar,ausente,margin_stabilization (media): Margen gross 27.5% vs 28.0% (-0.5 pp) | dividend_maintained (baja): Dividendo actual 4.92% con caída del 40.5%,razonable,seguimiento,19.32,20.34,19.32 - 20.34,23.06,29.04,23.06 - 29.04,Pérdida del soporte en 19.32 | ROE negativo durante 2 trimestres consecutivos | Ampliación de capital dilutiva | Recorte de rating a bono basura,18-24,"The Campbell's Company está un 40.5% por debajo de su máximo 52s. Fundamentalmente sólida con ROE 10.1%, deuda neta/EBITDA 4.2x. Técnicamente 🔵 RSI en sobreventa, 🟡 MACD convergiendo. Clasificación: seguimiento.","The Campbell's Company está un 40.5% por debajo de su máximo 52s. Fundamentalmente sólida con ROE 10.1%, deuda neta/EBITDA 4.2x. Técnicamente 🔵 RSI en sobreventa, 🟡 MACD convergiendo. Clasificación: seguimiento.",🔵 RSI en sobreventa | 🟡 MACD convergiendo | 🟢 Estocástico sale de sobreventa,4.92,11,20,False,119.1,1.72,6969492.0,6742999936.0,4.15,0.9,gross,28.6,28.8,-0.3,10.1,6066.0,15.5,1.57,8.08,40.5,55.3,-11.8,35.0,False,True,-0.6344,False,12.1,5.2,True,22.8,-10.8,False,False,55,6,0.91,,False
32,DTE.DE,DEUTSCHE TELEKOM AG           N,EUROSTOXX,Communication Services,Telecom Services,Germany,EUR,27.25,1.0,script-v2.0,1.0,2026-09-24T12:56:07.883272+02:00,71.3,69.7,82,59,0,10,76,seguimiento,seguimiento,,True,pass,pendiente,0,desconocido,Pendiente de implementar,parcial,"margin_stabilization (media): Margen gross 63.2% vs 62.1% (+1.1 pp) | eps_stabilization (media): EPS 0.51 vs 0.42 (Diluted EPS) | dividend_maintained (baja): Dividendo actual 3.67% con caída del 20.7% | analyst_upgrade (media): Target 36.93 vs precio 27.25 (+36%), recMean 1.44, recKey strong_buy",fuerte,seguimiento,27.11,27.25,27.11 - 27.25,28.33,29.21,28.33 - 29.21,Pérdida del soporte en 27.11 | ROE negativo durante 2 trimestres consecutivos | Ampliación de capital dilutiva | Recorte de rating a bono basura,6-12,"DEUTSCHE TELEKOM AG           N está un 20.7% por debajo de su máximo 52s. Fundamentalmente sólida con ROE 15.1%, deuda neta/EBITDA 3.3x. Técnicamente 🔵 RSI recuperándose de sobreventa, 🟡 MACD convergiendo. Clasificación: seguimiento.","DEUTSCHE TELEKOM AG           N está un 20.7% por debajo de su máximo 52s. Fundamentalmente sólida con ROE 15.1%, deuda neta/EBITDA 3.3x. Técnicamente 🔵 RSI recuperándose de sobreventa, 🟡 MACD convergiendo. Clasificación: seguimiento.",🔵 RSI recuperándose de sobreventa | 🟡 MACD convergiendo | 🟢 Cerca de soporte | 🟡 Apoyo en MA40 semanal | 🟢 base_pattern_detected,3.67,11,20,False,56.2,1.65,6018013.0,141382993408.0,3.31,2.8,gross,44.9,61.1,-16.2,15.1,130326.0,15.3,2.18,7.01,20.7,19.4,-3.8,41.8,False,True,-0.175,False,28.0,15.9,False,28.45,-4.2,True,False,59,17,0.72,27.11,True
33,GIS,"General Mills, Inc.",SP500,Consumer Defensive,Packaged Foods,United States,USD,35.82,1.0,script-v2.0,1.0,2026-09-24T12:57:48.352175+02:00,71.3,71.1,70,72,0,12,72,entrada_directa,entrada_directa,,True,pass,pendiente,0,desconocido,Pendiente de implementar,confirmada,margin_stabilization (media): Margen gross 34.8% vs 30.8% (+4.0 pp) | eps_stabilization (media): EPS 0.74 vs -3.74 (Diluted EPS) | debt_reduction (alta): Deuda 13615.6M vs 13967.7M | dividend_maintained (baja): Dividendo actual 6.81% con caída del 30.2%,fuerte,entrada_directa,33.73,35.82,33.73 - 35.82,38.39,43.63,38.39 - 43.63,Pérdida del soporte en 33.73 | ROE negativo durante 2 trimestres consecutivos | Ampliación de capital dilutiva | Recorte de rating a bono basura,12-18,"General Mills, Inc. está un 30.2% por debajo de su máximo 52s. Fundamentalmente sólida con ROE -10.5%, deuda neta/EBITDA 3.9x. Técnicamente 🟡 MACD convergiendo, 🟢 Bajo SMA200 con SMA50 girando. Clasificación: entrada_directa.","General Mills, Inc. está un 30.2% por debajo de su máximo 52s. Fundamentalmente sólida con ROE -10.5%, deuda neta/EBITDA 3.9x. Técnicamente 🟡 MACD convergiendo, 🟢 Bajo SMA200 con SMA50 girando. Clasificación: entrada_directa.",🟡 MACD convergiendo | 🟢 Bajo SMA200 con SMA50 girando | 🟡 Apoyo en MA40 semanal | 🟢 base_pattern_detected,6.81,11,20,False,59.4,1.82,9765181.0,13182499616.0,3.86,-2.5,gross,33.7,33.6,0.1,-10.5,19153.0,11.3,2.59,9.5,30.2,47.2,-6.7,38.6,False,True,-0.3787,False,23.2,8.1,False,38.08,-5.9,True,False,55,17,1.23,33.73,True
34,8002.T,MARUBENI CORP,ASIA,Industrials,Conglomerates,Japan,JPY,4878.0,1.0,script-v2.0,1.0,2026-09-24T12:58:26.161882+02:00,71.3,67.8,95,44,0,4,82,seguimiento,seguimiento,Sin señales de recuperación,True,pass,pendiente,0,desconocido,Pendiente de implementar,ausente,"dividend_maintained (baja): Dividendo actual 2.36% con caída del 22.9% | analyst_upgrade (media): Target 5993.64 vs precio 4878.00 (+23%), recMean 2.27, recKey buy",fuerte,seguimiento,4780.45,4878.0,4780.45 - 4878.00,5154.13,5378.8,5154.13 - 5378.80,Pérdida del soporte en 4780.45 | ROE negativo durante 2 trimestres consecutivos | Ampliación de capital dilutiva | Recorte de rating a bono basura,6-12,"MARUBENI CORP está un 22.9% por debajo de su máximo 52s. Fundamentalmente sólida con ROE 14.2%, deuda neta/EBITDA 4.0x. Técnicamente 🟢 Divergencia alcista RSI, 🟢 Bajo SMA200 con SMA50 girando. Clasificación: seguimiento.","MARUBENI CORP está un 22.9% por debajo de su máximo 52s. Fundamentalmente sólida con ROE 14.2%, deuda neta/EBITDA 4.0x. Técnicamente 🟢 Divergencia alcista RSI, 🟢 Bajo SMA200 con SMA50 girando. Clasificación: seguimiento.",🟢 Divergencia alcista RSI | 🟢 Bajo SMA200 con SMA50 girando | 🟢 Volumen creciente | 🟢 Cerca de soporte | 🟡 Apoyo en MA40 semanal | 🟢 base_pattern_detected,2.36,11,20,False,32.6,0.58,4629693.0,2050481061888.0,3.96,0.5,,14.5,,,14.2,7926151.0,14.8,1.78,19.86,22.9,22.1,-5.4,42.4,False,False,-30.982,False,2.5,25.5,False,5237.46,-6.9,True,False,65,17,1.55,4780.45,True
35,4503.T,ASTELLAS PHARMA,ASIA,Healthcare,Drug Manufacturers - General,Japan,JPY,2359.0,1.0,script-v2.0,1.0,2026-09-24T12:58:17.057519+02:00,71.2,69.6,100,43,0,9,76,seguimiento,seguimiento,,True,pass,pendiente,0,desconocido,Pendiente de implementar,parcial,eps_stabilization (media): EPS 78.96 vs 38.11 (Diluted EPS) | debt_reduction (alta): Deuda 589870.0M vs 831426.0M | dividend_maintained (baja): Dividendo actual 3.39% con caída del 13.2%,fuerte,seguimiento,2286.06,2330.5,2286.06 - 2330.50,2274.01,2309.45,2274.01 - 2309.45,Pérdida del soporte en 2330.50 | ROE negativo durante 2 trimestres consecutivos | Ampliación de capital dilutiva | Recorte de rating a bono basura,6-12,"ASTELLAS PHARMA está un 13.2% por debajo de su máximo 52s. Fundamentalmente sólida con ROE 21.3%, deuda neta/EBITDA 0.5x. Técnicamente 🟢 Cruce alcista MACD, 🟢 Cerca de soporte. Clasificación: seguimiento.","ASTELLAS PHARMA está un 13.2% por debajo de su máximo 52s. Fundamentalmente sólida con ROE 21.3%, deuda neta/EBITDA 0.5x. Técnicamente 🟢 Cruce alcista MACD, 🟢 Cerca de soporte. Clasificación: seguimiento.",🟢 Cruce alcista MACD | 🟢 Cerca de soporte | 🟡 Apoyo en MA40 semanal | 🟢 base_pattern_detected | 🟡 trendline_break,3.39,11,20,False,48.1,0.3,6328106.0,345172000768.0,0.52,-29.1,,80.8,,,21.3,4229719.0,14.5,2.18,6.9,13.2,13.2,3.7,54.8,True,False,38.4609,False,72.6,75.8,False,2303.95,2.4,True,True,53,23,1.14,2330.5,True
36,EOAN.DE,E.ON SE                       N,EUROSTOXX,Utilities,Utilities - Diversified,Germany,EUR,17.295,1.0,script-v2.0,1.0,2026-09-24T12:56:07.806117+02:00,70.6,70.8,98,47,0,7,70,seguimiento,seguimiento,,True,pass,pendiente,0,desconocido,Pendiente de implementar,parcial,"margin_stabilization (media): Margen gross 26.6% vs 24.8% (+1.8 pp) | dividend_maintained (baja): Dividendo actual 3.30% con caída del 15.2% | analyst_upgrade (media): Target 20.76 vs precio 17.30 (+20%), recMean 1.81, recKey buy",fuerte,seguimiento,16.43,17.3,16.43 - 17.30,17.33,17.91,17.33 - 17.91,Pérdida del soporte en 16.43 | ROE negativo durante 2 trimestres consecutivos | Ampliación de capital dilutiva | Recorte de rating a bono basura,6-12,"E.ON SE                       N está un 15.2% por debajo de su máximo 52s. Fundamentalmente sólida con ROE 15.5%, deuda neta/EBITDA 3.9x. Técnicamente 🔵 RSI recuperándose de sobreventa, 🟢 Divergencia alcista RSI. Clasificación: seguimiento.","E.ON SE                       N está un 15.2% por debajo de su máximo 52s. Fundamentalmente sólida con ROE 15.5%, deuda neta/EBITDA 3.9x. Técnicamente 🔵 RSI recuperándose de sobreventa, 🟢 Divergencia alcista RSI. Clasificación: seguimiento.",🔵 RSI recuperándose de sobreventa | 🟢 Divergencia alcista RSI | 🟡 Apoyo en MA40 semanal | 🟢 base_pattern_detected,3.3,11,20,False,44.2,1.53,4098760.0,38529999872.0,3.87,,gross,24.9,27.3,-2.4,15.5,45193.0,13.4,2.13,9.04,15.2,12.6,-3.5,42.2,False,False,-0.0596,False,28.9,22.4,False,18.01,-4.0,True,False,53,17,0.59,,False
37,BN.PA,DANONE,EUROSTOXX,Consumer Defensive,Packaged Foods,France,EUR,60.48,1.0,script-v2.0,1.0,2026-09-24T12:56:17.091298+02:00,70.2,73.7,87,62,0,4,60,seguimiento,seguimiento,Sin señales de recuperación,True,pass,pendiente,0,desconocido,Pendiente de implementar,ausente,"dividend_maintained (baja): Dividendo actual 3.72% con caída del 24.5% | analyst_upgrade (media): Target 79.89 vs precio 60.48 (+32%), recMean 2.18, recKey buy",razonable,seguimiento,57.46,60.48,57.46 - 60.48,67.48,68.12,67.48 - 68.12,Pérdida del soporte en 57.46 | ROE negativo durante 2 trimestres consecutivos | Ampliación de capital dilutiva | Recorte de rating a bono basura,6-12,"DANONE está un 24.5% por debajo de su máximo 52s. Fundamentalmente sólida con ROE 12.2%, deuda neta/EBITDA 2.0x. Técnicamente 🔵 RSI en sobreventa, 🟡 MACD convergiendo. Clasificación: seguimiento.","DANONE está un 24.5% por debajo de su máximo 52s. Fundamentalmente sólida con ROE 12.2%, deuda neta/EBITDA 2.0x. Técnicamente 🔵 RSI en sobreventa, 🟡 MACD convergiendo. Clasificación: seguimiento.",🔵 RSI en sobreventa | 🟡 MACD convergiendo | 🟡 Apoyo en MA40 semanal,3.72,11,20,False,74.5,0.99,1306538.0,9087999488.0,2.01,20.9,,50.0,,,12.2,38955.0,20.0,2.21,10.63,24.5,21.9,-10.4,33.8,False,True,-1.5872,False,8.3,9.9,False,67.1,-9.9,False,False,55,5,0.6,,False
38,VCX.AX,VICINITY STAPLED [VCX],ASX,Real Estate,REIT - Retail,Australia,AUD,2.28,1.0,script-v2.0,1.0,2026-09-24T12:58:10.131422+02:00,70.0,73.3,84,64,0,4,60,seguimiento,seguimiento,Sin señales de recuperación,True,pass,pendiente,0,desconocido,Pendiente de implementar,ausente,eps_stabilization (media): EPS 0.30 vs 0.22 (annual_eps_fallback) | dividend_maintained (baja): Dividendo actual 5.26% con caída del 16.5%,razonable,seguimiento,2.17,2.28,2.17 - 2.28,2.32,2.45,2.32 - 2.45,Pérdida del soporte en 2.17 | ROE negativo durante 2 trimestres consecutivos | Ampliación de capital dilutiva | Recorte de rating a bono basura,6-12,"VICINITY STAPLED [VCX] está un 16.5% por debajo de su máximo 52s. Fundamentalmente sólida con ROE 12.0%, deuda neta/EBITDA 5.6x. Técnicamente 🔵 RSI en sobreventa, 🟡 MACD convergiendo. Clasificación: seguimiento.","VICINITY STAPLED [VCX] está un 16.5% por debajo de su máximo 52s. Fundamentalmente sólida con ROE 12.0%, deuda neta/EBITDA 5.6x. Técnicamente 🔵 RSI en sobreventa, 🟡 MACD convergiendo. Clasificación: seguimiento.",🔵 RSI en sobreventa | 🟡 MACD convergiendo | 🟡 Apoyo en MA40 semanal,5.26,11,15,False,40.6,0.41,11164174.0,4845000160.0,5.64,2.3,,70.9,,,12.0,10671.0,7.6,0.87,18.07,16.5,14.4,-6.9,26.5,False,True,-0.0119,False,9.8,6.9,False,2.45,-7.0,False,False,55,5,0.95,,False
39,Z74.SI,Singtel,ASIA,Communication Services,Telecom Services,Singapore,SGD,4.25,1.0,script-v2.0,1.0,2026-09-24T12:58:40.087438+02:00,69.8,67.8,87,51,0,7,76,seguimiento,seguimiento,,True,pass,pendiente,0,desconocido,Pendiente de implementar,parcial,"eps_stabilization (media): EPS 0.34 vs 0.24 (annual_eps_fallback) | dividend_maintained (baja): Dividendo actual 3.06% con caída del 19.4% | analyst_upgrade (media): Target 5.32 vs precio 4.25 (+25%), recMean 1.53, recKey buy",fuerte,seguimiento,4.04,4.25,4.04 - 4.25,4.48,4.53,4.48 - 4.53,Pérdida del soporte en 4.04 | ROE negativo durante 2 trimestres consecutivos | Ampliación de capital dilutiva | Recorte de rating a bono basura,6-12,"Singtel está un 19.4% por debajo de su máximo 52s. Fundamentalmente sólida con deuda neta/EBITDA 2.3x, dividendo 3.1%. Técnicamente 🔵 RSI en sobreventa, 🟢 Bajo SMA200 con SMA50 girando. Clasificación: seguimiento.","Singtel está un 19.4% por debajo de su máximo 52s. Fundamentalmente sólida con deuda neta/EBITDA 2.3x, dividendo 3.1%. Técnicamente 🔵 RSI en sobreventa, 🟢 Bajo SMA200 con SMA50 girando. Clasificación: seguimiento.",🔵 RSI en sobreventa | 🟢 Bajo SMA200 con SMA50 girando | 🟢 Estocástico sale de sobreventa | 🟡 Apoyo en MA40 semanal | 🟢 base_pattern_detected,3.06,11,20,False,39.0,0.41,26258820.0,8019799552.0,2.32,2.5,,25.6,,,,69258.0,12.5,2.53,22.73,19.4,17.5,-6.1,30.2,False,False,-0.0262,False,6.1,3.4,True,4.52,-6.0,True,False,53,23,1.17,,True
40,ED,"Consolidated Edison, Inc.",SP500,Utilities,Utilities - Regulated Electric,United States,USD,102.61,1.0,script-v2.0,1.0,2026-09-24T12:57:15.280553+02:00,69.0,67.9,93,46,0,1,72,seguimiento,seguimiento,Sin señales de recuperación,True,pass,pendiente,0,desconocido,Pendiente de implementar,ausente,dividend_maintained (baja): Dividendo actual 3.42% con caída del 11.7%,fuerte,seguimiento,97.48,102.61,97.48 - 102.61,98.8,106.19,98.80 - 106.19,Pérdida del soporte en 97.48 | ROE negativo durante 2 trimestres consecutivos | Ampliación de capital dilutiva | Recorte de rating a bono basura,6-12,"Consolidated Edison, Inc. está un 11.7% por debajo de su máximo 52s. Fundamentalmente sólida con ROE 9.0%, deuda neta/EBITDA 4.4x. Técnicamente 🔵 RSI en sobreventa, 🟢 Divergencia alcista RSI. Clasificación: seguimiento.","Consolidated Edison, Inc. está un 11.7% por debajo de su máximo 52s. Fundamentalmente sólida con ROE 9.0%, deuda neta/EBITDA 4.4x. Técnicamente 🔵 RSI en sobreventa, 🟢 Divergencia alcista RSI. Clasificación: seguimiento.",🔵 RSI en sobreventa | 🟢 Divergencia alcista RSI | 🟡 Apoyo en MA40 semanal | 🟢 base_pattern_detected,3.42,11,20,False,57.1,1.1,2144375.0,26850000000.0,4.36,4.2,gross,53.4,53.2,0.2,9.0,37948.0,16.9,1.48,10.52,11.7,10.2,-3.4,33.7,False,False,-0.1278,False,4.3,7.0,False,106.97,-4.1,True,False,55,17,1.2,,False
41,9020.T,EAST JAPAN RAILWAY CO,ASIA,Industrials,Railroads,Japan,JPY,3463.0,1.0,script-v2.0,1.0,2026-09-24T12:58:23.408456+02:00,68.9,69.5,61,77,0,1,67,seguimiento,seguimiento,Sin señales de recuperación,True,pass,pendiente,0,desconocido,Pendiente de implementar,ausente,dividend_maintained (baja): Dividendo actual 2.43% con caída del 17.8%,razonable,seguimiento,3436.41,3463.0,3436.41 - 3463.00,3579.35,3664.96,3579.35 - 3664.96,Pérdida del soporte en 3436.41 | ROE negativo durante 2 trimestres consecutivos | Ampliación de capital dilutiva | Recorte de rating a bono basura,6-12,"EAST JAPAN RAILWAY CO está un 17.8% por debajo de su máximo 52s. Fundamentalmente sólida con ROE 7.9%, deuda neta/EBITDA 5.7x. Técnicamente 🟢 Bajo SMA200 con SMA50 girando, 🟢 Cerca de soporte. Clasificación: seguimiento.","EAST JAPAN RAILWAY CO está un 17.8% por debajo de su máximo 52s. Fundamentalmente sólida con ROE 7.9%, deuda neta/EBITDA 5.7x. Técnicamente 🟢 Bajo SMA200 con SMA50 girando, 🟢 Cerca de soporte. Clasificación: seguimiento.",🟢 Bajo SMA200 con SMA50 girando | 🟢 Cerca de soporte | 🟡 Apoyo en MA40 semanal | 🟢 base_pattern_detected,2.43,11,20,False,33.7,1.63,2999477.0,4878946918400.0,5.68,7.6,,36.9,,,7.9,3909964.0,15.8,1.28,10.24,17.8,16.9,-5.5,44.6,False,False,-34.2089,False,21.8,29.8,False,3639.47,-4.8,True,False,50,17,1.14,3436.41,True
42,HD,"Home Depot, Inc. (The)",SP500,Consumer Cyclical,Home Improvement Retail,United States,USD,296.72,1.0,script-v2.0,1.0,2026-09-24T12:57:25.275250+02:00,68.5,62.3,73,53,0,10,87,seguimiento,seguimiento,,True,pass,pendiente,0,desconocido,Pendiente de implementar,parcial,"margin_stabilization (media): Margen gross 33.7% vs 33.0% (+0.7 pp) | eps_stabilization (media): EPS 4.79 vs 3.30 (Diluted EPS) | dividend_maintained (baja): Dividendo actual 3.14% con caída del 27.9% | analyst_upgrade (media): Target 377.19 vs precio 296.72 (+27%), recMean 1.94, recKey buy",fuerte,seguimiento,284.85,296.72,284.85 - 296.72,336.85,349.7,336.85 - 349.70,Pérdida del soporte en 284.85 | ROE negativo durante 2 trimestres consecutivos | Ampliación de capital dilutiva | Recorte de rating a bono basura,12-18,"Home Depot, Inc. (The) está un 27.9% por debajo de su máximo 52s. Fundamentalmente sólida con ROE 104.3%, deuda neta/EBITDA 2.5x. Técnicamente 🔵 RSI en sobreventa, 🟡 MACD convergiendo. Clasificación: seguimiento.","Home Depot, Inc. (The) está un 27.9% por debajo de su máximo 52s. Fundamentalmente sólida con ROE 104.3%, deuda neta/EBITDA 2.5x. Técnicamente 🔵 RSI en sobreventa, 🟡 MACD convergiendo. Clasificación: seguimiento.",🔵 RSI en sobreventa | 🟡 MACD convergiendo | 🟢 Volumen creciente | 🟢 Cerca de soporte | 🟢 base_pattern_detected,3.14,11,20,False,64.8,3.8,4121801.0,61103000832.0,2.48,0.0,gross,32.8,33.2,-0.4,104.3,296034.0,20.7,17.82,14.49,27.9,28.9,-11.9,27.7,False,True,-8.1448,False,5.0,5.8,False,335.95,-11.7,True,False,75,12,1.49,284.85,False
43,IMB.L,IMPERIAL BRANDS PLC ORD 10P,EUROSTOXX,Consumer Defensive,Tobacco,United Kingdom,GBp,2488.7612,1.0,script-v2.0,1.0,2026-09-24T12:57:01.065082+02:00,68.4,66.5,66,67,0,4,74,seguimiento,seguimiento,Sin señales de recuperación,True,pass,pendiente,0,desconocido,Pendiente de implementar,ausente,"dividend_maintained (baja): Dividendo actual 0.07% con caída del 31.5% | analyst_upgrade (media): Target 3259.09 vs precio 2488.76 (+31%), recMean 1.83, recKey buy",fuerte,seguimiento,2456.5,2488.76,2456.50 - 2488.76,2893.25,3087.23,2893.25 - 3087.23,Pérdida del soporte en 2456.50 | ROE negativo durante 2 trimestres consecutivos | Ampliación de capital dilutiva | Recorte de rating a bono basura,12-18,"IMPERIAL BRANDS PLC ORD 10P está un 31.5% por debajo de su máximo 52s. Fundamentalmente sólida con ROE 37.2%, deuda neta/EBITDA 2.7x. Técnicamente 🔵 RSI recuperándose de sobreventa, 🟢 Divergencia alcista RSI. Clasificación: seguimiento.","IMPERIAL BRANDS PLC ORD 10P está un 31.5% por debajo de su máximo 52s. Fundamentalmente sólida con ROE 37.2%, deuda neta/EBITDA 2.7x. Técnicamente 🔵 RSI recuperándose de sobreventa, 🟢 Divergencia alcista RSI. Clasificación: seguimiento.",🔵 RSI recuperándose de sobreventa | 🟢 Divergencia alcista RSI | 🟢 Cerca de soporte | 🟢 base_pattern_detected,0.07,11,20,False,75.4,2.44,3124863.0,10735000000.0,2.67,12.4,,36.3,,,37.2,18747.0,11.7,4.89,7.69,31.5,31.4,-14.0,44.1,False,False,-122.9842,False,42.1,25.1,False,2877.68,-13.5,True,False,62,12,0.6,2456.5,False
44,BEI.DE,BEIERSDORF AG                 I,EUROSTOXX,Consumer Defensive,Household & Personal Products,Germany,EUR,77.42,1.0,script-v2.0,1.0,2026-09-24T12:56:14.815438+02:00,68.3,71.1,85,59,0,6,60,seguimiento,seguimiento,,True,pass,pendiente,0,desconocido,Pendiente de implementar,parcial,debt_reduction (alta): Deuda 110.0M vs 114.0M | dividend_maintained (baja): Dividendo actual 1.29% con caída del 29.7%,razonable,seguimiento,73.15,77.42,73.15 - 77.42,81.42,93.63,81.42 - 93.63,Pérdida del soporte en 73.15 | ROE negativo durante 2 trimestres consecutivos | Ampliación de capital dilutiva | Recorte de rating a bono basura,12-18,"BEIERSDORF AG                 I está un 29.7% por debajo de su máximo 52s. Fundamentalmente sólida con ROE 10.9%, deuda neta/EBITDA -1.7x. Técnicamente 🟢 Cruce alcista MACD, 🟢 MACD semanal girando al alza. Clasificación: seguimiento.","BEIERSDORF AG                 I está un 29.7% por debajo de su máximo 52s. Fundamentalmente sólida con ROE 10.9%, deuda neta/EBITDA -1.7x. Técnicamente 🟢 Cruce alcista MACD, 🟢 MACD semanal girando al alza. Clasificación: seguimiento.",🟢 Cruce alcista MACD | 🟢 MACD semanal girando al alza | 🟡 Apoyo en MA40 semanal,1.29,11,20,False,23.3,1.22,370831.0,-2731999872.0,-1.73,-3.5,,57.1,,,10.9,16883.0,18.0,1.88,8.76,29.7,42.5,-4.9,54.5,True,False,-1.5086,True,95.2,77.8,False,81.16,-4.6,False,False,45,15,0.59,73.15,False
45,EN.PA,BOUYGUES,EUROSTOXX,Industrials,Engineering & Construction,France,EUR,43.17,1.0,script-v2.0,1.0,2026-09-24T12:56:21.240939+02:00,68.0,72.1,87,59,0,15,56,entrada_escalada,entrada_escalada,,True,pass,pendiente,0,desconocido,Pendiente de implementar,confirmada,"margin_stabilization (media): Margen gross 57.6% vs 57.8% (-0.2 pp) | eps_stabilization (media): EPS 0.98 vs -0.24 (Diluted EPS) | debt_reduction (alta): Deuda 14707.0M vs 15110.0M | dividend_maintained (baja): Dividendo actual 4.86% con caída del 19.3% | analyst_upgrade (media): Target 60.33 vs precio 43.17 (+40%), recMean 2.00, recKey buy",razonable,entrada_escalada,41.01,43.17,41.01 - 43.17,45.46,47.19,45.46 - 47.19,Pérdida del soporte en 41.01 | ROE negativo durante 2 trimestres consecutivos | Ampliación de capital dilutiva | Recorte de rating a bono basura,6-12,"BOUYGUES está un 19.3% por debajo de su máximo 52s. Fundamentalmente sólida con ROE 9.7%, deuda neta/EBITDA 2.1x. Técnicamente 🟢 Divergencia alcista RSI, 🟢 Estocástico sale de sobreventa. Clasificación: entrada_escalada.","BOUYGUES está un 19.3% por debajo de su máximo 52s. Fundamentalmente sólida con ROE 9.7%, deuda neta/EBITDA 2.1x. Técnicamente 🟢 Divergencia alcista RSI, 🟢 Estocástico sale de sobreventa. Clasificación: entrada_escalada.",🟢 Divergencia alcista RSI | 🟢 Estocástico sale de sobreventa | 🟡 Apoyo en MA40 semanal,4.86,11,20,False,64.2,1.03,680664.0,9871000576.0,2.15,-2.7,gross,56.8,56.3,0.5,9.7,16502.0,13.2,1.33,6.16,19.3,18.9,-8.5,35.8,False,False,-0.7783,False,13.8,13.3,True,47.28,-8.7,False,False,45,11,0.57,,False
46,005380.KS,HyundaiMtr,ASIA,Consumer Cyclical,Auto Manufacturers,South Korea,KRW,353500.0,1.0,script-v2.0,1.0,2026-09-24T12:58:37.306446+02:00,67.8,66.7,63,70,0,10,71,seguimiento,seguimiento,,True,pass,pendiente,0,desconocido,Pendiente de implementar,parcial,"margin_stabilization (media): Margen gross 17.8% vs 17.5% (+0.3 pp) | eps_stabilization (media): EPS 9621.00 vs 8897.00 (Diluted EPS) | dividend_maintained (baja): Dividendo actual 2.83% con caída del 54.9% | analyst_upgrade (media): Target 641504.00 vs precio 353500.00 (+81%), recMean 1.66, recKey buy",fuerte,seguimiento,336373.72,353500.0,336373.72 - 353500.00,467201.4,665550.0,467201.40 - 665550.00,Pérdida del soporte en 336373.72 | ROE negativo durante 2 trimestres consecutivos | Ampliación de capital dilutiva | Recorte de rating a bono basura,18-24,"HyundaiMtr está un 54.9% por debajo de su máximo 52s. Fundamentalmente sólida con ROE 7.2%, deuda neta/EBITDA 7.8x. Técnicamente 🔵 RSI en sobreventa, 🟢 Divergencia alcista RSI. Clasificación: seguimiento.","HyundaiMtr está un 54.9% por debajo de su máximo 52s. Fundamentalmente sólida con ROE 7.2%, deuda neta/EBITDA 7.8x. Técnicamente 🔵 RSI en sobreventa, 🟢 Divergencia alcista RSI. Clasificación: seguimiento.",🔵 RSI en sobreventa | 🟢 Divergencia alcista RSI | 🟢 Cerca de soporte | 🟢 base_pattern_detected,2.83,11,20,False,32.2,1.41,737737.0,102580327809024.0,7.79,3.3,gross,17.4,17.4,0.0,7.2,92558349.0,7.4,,15.84,54.9,54.6,-24.3,32.6,False,False,-32008.7103,False,3.5,4.3,False,484545.69,-27.0,True,False,59,12,0.95,336373.72,False
47,HEIA.AS,HEINEKEN,EUROSTOXX,Consumer Defensive,Beverages - Brewers,Netherlands,EUR,71.72,1.0,script-v2.0,1.0,2026-09-24T12:56:32.614416+02:00,67.7,69.5,93,49,0,7,62,seguimiento,seguimiento,,True,pass,pendiente,0,desconocido,Pendiente de implementar,parcial,"eps_stabilization (media): EPS 3.38 vs 1.74 (annual_eps_fallback) | dividend_maintained (baja): Dividendo actual 2.68% con caída del 10.8% | analyst_upgrade (media): Target 89.14 vs precio 71.72 (+24%), recMean 1.83, recKey buy",razonable,seguimiento,69.23,71.72,69.23 - 71.72,68.37,70.56,68.37 - 70.56,Pérdida del soporte en 69.23 | ROE negativo durante 2 trimestres consecutivos | Ampliación de capital dilutiva | Recorte de rating a bono basura,6-12,"HEINEKEN está un 10.8% por debajo de su máximo 52s. Fundamentalmente sólida con ROE 12.1%, deuda neta/EBITDA 3.2x. Técnicamente 🟢 Divergencia alcista RSI, 🟢 Cruce alcista MACD. Clasificación: seguimiento.","HEINEKEN está un 10.8% por debajo de su máximo 52s. Fundamentalmente sólida con ROE 12.1%, deuda neta/EBITDA 3.2x. Técnicamente 🟢 Divergencia alcista RSI, 🟢 Cruce alcista MACD. Clasificación: seguimiento.",🟢 Divergencia alcista RSI | 🟢 Cruce alcista MACD | 🟢 Cerca de soporte | 🟡 Apoyo en MA40 semanal,2.68,11,20,False,46.3,0.95,776143.0,17812999680.0,3.22,7.1,,37.0,,,12.1,39722.0,17.5,2.06,10.72,10.8,10.4,1.6,47.1,True,False,0.6501,False,41.1,34.0,False,70.63,1.5,False,False,57,5,0.54,69.23,False
48,GS,"Goldman Sachs Group, Inc. (The)",SP500,Financial Services,Capital Markets,United States,USD,936.36,1.0,script-v2.0,1.0,2026-09-24T12:57:22.126060+02:00,67.5,63.9,81,49,0,7,78,seguimiento,seguimiento,,True,pass,pendiente,0,desconocido,Pendiente de implementar,parcial,"eps_stabilization (media): EPS 20.98 vs 17.55 (Diluted EPS) | dividend_maintained (baja): Dividendo actual 2.14% con caída del 18.9% | analyst_upgrade (media): Target 1134.15 vs precio 936.36 (+21%), recMean 2.60, recKey hold",fuerte,seguimiento,906.97,936.36,906.97 - 936.36,950.0,980.89,950.00 - 980.89,Pérdida del soporte en 906.97 | ROE negativo durante 2 trimestres consecutivos | Ampliación de capital dilutiva | Recorte de rating a bono basura,6-12,"Goldman Sachs Group, Inc. (The) está un 18.9% por debajo de su máximo 52s. Fundamentalmente sólida con ROE 16.9%, D/E 7.25. Técnicamente 🔵 RSI en sobreventa, 🟢 Volumen creciente. Clasificación: seguimiento.","Goldman Sachs Group, Inc. (The) está un 18.9% por debajo de su máximo 52s. Fundamentalmente sólida con ROE 16.9%, D/E 7.25. Técnicamente 🔵 RSI en sobreventa, 🟢 Volumen creciente. Clasificación: seguimiento.",🔵 RSI en sobreventa | 🟢 Volumen creciente | 🟢 Cerca de soporte | 🟡 Apoyo en MA40 semanal | 🟢 base_pattern_detected,2.14,11,20,False,26.2,7.25,2019090.0,-259369074688.0,,106.4,,82.1,,,16.9,272641.0,14.7,2.59,,18.9,18.5,-1.4,34.8,False,False,20.3914,False,11.8,19.6,False,952.43,-1.7,True,False,61,17,1.31,906.97,False
49,PHIA.AS,KON.PHILIPS N.V.,EUROSTOXX,Healthcare,Medical Devices,Netherlands,EUR,21.68,1.0,script-v2.0,1.0,2026-09-24T12:56:34.992176+02:00,67.2,68.2,81,57,0,15,64,entrada_escalada,entrada_escalada,,True,pass,pendiente,0,desconocido,Pendiente de implementar,confirmada,"margin_stabilization (media): Margen gross 49.3% vs 45.2% (+4.1 pp) | eps_stabilization (media): EPS 0.40 vs 0.16 (Diluted EPS) | debt_reduction (alta): Deuda 7465.0M vs 8097.0M | dividend_maintained (baja): Dividendo actual 3.92% con caída del 21.7% | analyst_upgrade (media): Target 26.89 vs precio 21.68 (+24%), recMean 2.40, recKey buy",razonable,entrada_escalada,20.6,21.68,20.60 - 21.68,23.24,23.54,23.24 - 23.54,Pérdida del soporte en 20.60 | ROE negativo durante 2 trimestres consecutivos | Ampliación de capital dilutiva | Recorte de rating a bono basura,6-12,"KON.PHILIPS N.V. está un 21.7% por debajo de su máximo 52s. Fundamentalmente sólida con ROE 10.2%, deuda neta/EBITDA 2.4x. Técnicamente 🔵 RSI recuperándose de sobreventa, 🟢 Cruce alcista MACD. Clasificación: entrada_escalada.","KON.PHILIPS N.V. está un 21.7% por debajo de su máximo 52s. Fundamentalmente sólida con ROE 10.2%, deuda neta/EBITDA 2.4x. Técnicamente 🔵 RSI recuperándose de sobreventa, 🟢 Cruce alcista MACD. Clasificación: entrada_escalada.",🔵 RSI recuperándose de sobreventa | 🟢 Cruce alcista MACD | 🟡 Apoyo en MA40 semanal,3.92,8,2,False,74.6,0.65,1658139.0,5676000000.0,2.35,-7.8,gross,45.9,46.0,-0.0,10.2,21191.0,19.0,1.85,11.11,21.7,22.5,-6.7,39.5,True,False,-0.3301,False,45.4,39.9,False,23.24,-6.7,False,False,59,5,0.62,,False
50,ABT,Abbott Laboratories,SP500,Healthcare,Medical Devices,United States,USD,103.49,1.0,script-v2.0,1.0,2026-09-24T12:57:06.806905+02:00,67.2,60.5,84,40,0,1,87,seguimiento,seguimiento,Sin señales de recuperación,True,pass,pendiente,0,desconocido,Pendiente de implementar,ausente,dividend_maintained (baja): Dividendo actual 2.44% con caída del 24.4%,fuerte,seguimiento,100.9,103.49,100.90 - 103.49,104.02,116.31,104.02 - 116.31,Pérdida del soporte en 100.90 | ROE negativo durante 2 trimestres consecutivos | Ampliación de capital dilutiva | Recorte de rating a bono basura,6-12,"Abbott Laboratories está un 24.4% por debajo de su máximo 52s. Fundamentalmente sólida con ROE 10.6%, deuda neta/EBITDA 2.3x. Técnicamente 🔵 RSI recuperándose de sobreventa, 🟡 MACD convergiendo. Clasificación: seguimiento.","Abbott Laboratories está un 24.4% por debajo de su máximo 52s. Fundamentalmente sólida con ROE 10.6%, deuda neta/EBITDA 2.3x. Técnicamente 🔵 RSI recuperándose de sobreventa, 🟡 MACD convergiendo. Clasificación: seguimiento.",🔵 RSI recuperándose de sobreventa | 🟡 MACD convergiendo | 🟢 Volumen creciente | 🟢 Cerca de soporte | 🟡 Apoyo en MA40 semanal | 🟢 base_pattern_detected,2.44,11,20,False,79.0,0.63,10197707.0,27116999168.0,2.32,136.1,gross,56.8,56.3,0.6,10.6,179077.0,33.5,3.5,17.71,24.4,24.3,-0.5,41.5,False,True,0.9451,False,26.6,21.0,False,102.65,0.8,True,False,70,17,1.67,100.9,True
51,UPS,"United Parcel Service, Inc.",SP500,Industrials,Integrated Freight & Logistics,United States,USD,95.82,1.0,script-v2.0,1.0,2026-09-24T12:57:30.003938+02:00,67.1,71.5,88,57,0,4,54,seguimiento,seguimiento,Sin señales de recuperación,True,pass,pendiente,0,desconocido,Pendiente de implementar,ausente,"dividend_maintained (baja): Dividendo actual 6.85% con caída del 21.7% | analyst_upgrade (media): Target 115.81 vs precio 95.82 (+21%), recMean 2.17, recKey buy",razonable,seguimiento,93.33,95.82,93.33 - 95.82,102.44,104.05,102.44 - 104.05,Pérdida del soporte en 93.33 | ROE negativo durante 2 trimestres consecutivos | Ampliación de capital dilutiva | Recorte de rating a bono basura,6-12,"United Parcel Service, Inc. está un 21.7% por debajo de su máximo 52s. Fundamentalmente sólida con ROE 29.6%, deuda neta/EBITDA 2.0x. Técnicamente 🟢 Volumen creciente, 🟢 Cerca de soporte. Clasificación: seguimiento.","United Parcel Service, Inc. está un 21.7% por debajo de su máximo 52s. Fundamentalmente sólida con ROE 29.6%, deuda neta/EBITDA 2.0x. Técnicamente 🟢 Volumen creciente, 🟢 Cerca de soporte. Clasificación: seguimiento.",🟢 Volumen creciente | 🟢 Cerca de soporte | 🟡 Apoyo en MA40 semanal,6.85,11,20,False,121.9,1.9,4780737.0,24019999232.0,1.99,0.0,gross,22.4,16.5,5.9,29.6,81522.0,17.8,5.41,8.74,21.7,25.1,-6.5,35.1,False,False,-0.292,False,15.7,12.3,False,102.94,-6.9,False,False,49,5,1.39,93.33,False
52,4568.T,DAIICHI SANKYO COMPANY LIMITED,ASIA,Healthcare,Drug Manufacturers - General,Japan,JPY,2880.0,1.0,script-v2.0,1.0,2026-09-24T12:58:19.060536+02:00,66.9,66.6,97,40,0,4,68,seguimiento,seguimiento,Sin señales de recuperación,True,pass,pendiente,0,desconocido,Pendiente de implementar,ausente,"dividend_maintained (baja): Dividendo actual 3.47% con caída del 31.1% | analyst_upgrade (media): Target 4096.25 vs precio 2880.00 (+42%), recMean 1.50, recKey strong_buy",razonable,seguimiento,2681.2,2781.37,2681.20 - 2781.37,2879.54,3551.3,2879.54 - 3551.30,Pérdida del soporte en 2681.20 | ROE negativo durante 2 trimestres consecutivos | Ampliación de capital dilutiva | Recorte de rating a bono basura,12-18,"DAIICHI SANKYO COMPANY LIMITED está un 31.1% por debajo de su máximo 52s. Fundamentalmente sólida con ROE 14.8%, deuda neta/EBITDA -0.4x. Técnicamente 🟢 Cruce alcista MACD, 🟢 Volumen creciente. Clasificación: seguimiento.","DAIICHI SANKYO COMPANY LIMITED está un 31.1% por debajo de su máximo 52s. Fundamentalmente sólida con ROE 14.8%, deuda neta/EBITDA -0.4x. Técnicamente 🟢 Cruce alcista MACD, 🟢 Volumen creciente. Clasificación: seguimiento.",🟢 Cruce alcista MACD | 🟢 Volumen creciente | 🟡 Apoyo en MA40 semanal | 🟢 base_pattern_detected | 🟡 trendline_break,3.47,11,20,False,55.6,0.29,6237909.0,-137370009600.0,-0.44,148.8,,68.5,,,14.8,5240601.0,20.5,3.08,16.84,31.1,41.5,0.0,55.4,True,False,-6.0184,False,72.6,89.7,False,2819.96,2.1,True,True,45,23,1.35,2681.2,True
53,7751.T,CANON INC,ASIA,Technology,Computer Hardware,Japan,JPY,4564.0,1.0,script-v2.0,1.0,2026-09-24T12:58:21.059430+02:00,66.9,68.5,92,48,0,1,62,seguimiento,seguimiento,Sin señales de recuperación,True,pass,pendiente,0,desconocido,Pendiente de implementar,ausente,dividend_maintained (baja): Dividendo actual 3.51% con caída del 9.3%,razonable,seguimiento,4254.76,4524.92,4254.76 - 4524.92,4278.05,4420.11,4278.05 - 4420.11,Pérdida del soporte en 4254.76 | ROE negativo durante 2 trimestres consecutivos | Ampliación de capital dilutiva | Recorte de rating a bono basura,6-12,"CANON INC está un 9.3% por debajo de su máximo 52s. Fundamentalmente sólida con ROE 10.4%, deuda neta/EBITDA 0.7x. Técnicamente 🟢 Cruce alcista MACD, 🟢 base_pattern_detected. Clasificación: seguimiento.","CANON INC está un 9.3% por debajo de su máximo 52s. Fundamentalmente sólida con ROE 10.4%, deuda neta/EBITDA 0.7x. Técnicamente 🟢 Cruce alcista MACD, 🟢 base_pattern_detected. Clasificación: seguimiento.",🟢 Cruce alcista MACD | 🟢 base_pattern_detected | 🟡 trendline_break,3.51,11,20,False,40.5,0.34,3711440.0,525887012864.0,0.72,34.2,,47.8,,,10.4,3809615.0,11.5,1.11,6.27,9.3,7.9,3.3,53.9,True,False,65.1903,False,64.6,54.7,False,4414.52,3.4,True,True,44,18,1.07,4254.76,True
54,ORG.AX,ORIGIN ENE FPO [ORG],ASX,Utilities,Utilities - Diversified,Australia,AUD,11.01,1.0,script-v2.0,1.0,2026-09-24T12:58:07.284551+02:00,66.8,70.0,94,49,0,4,57,seguimiento,seguimiento,Sin señales de recuperación,True,pass,pendiente,0,desconocido,Pendiente de implementar,ausente,eps_stabilization (media): EPS 0.91 vs 0.86 (annual_eps_fallback) | dividend_maintained (baja): Dividendo actual 5.45% con caída del 15.2%,razonable,seguimiento,10.2,11.01,10.20 - 11.01,11.04,11.1,11.04 - 11.10,Pérdida del soporte en 10.20 | ROE negativo durante 2 trimestres consecutivos | Ampliación de capital dilutiva | Recorte de rating a bono basura,6-12,"ORIGIN ENE FPO [ORG] está un 15.2% por debajo de su máximo 52s. Fundamentalmente sólida con ROE 15.7%, deuda neta/EBITDA 2.4x. Técnicamente 🟢 Estocástico sale de sobreventa, 🟡 Apoyo en MA40 semanal. Clasificación: seguimiento.","ORIGIN ENE FPO [ORG] está un 15.2% por debajo de su máximo 52s. Fundamentalmente sólida con ROE 15.7%, deuda neta/EBITDA 2.4x. Técnicamente 🟢 Estocástico sale de sobreventa, 🟡 Apoyo en MA40 semanal. Clasificación: seguimiento.",🟢 Estocástico sale de sobreventa | 🟡 Apoyo en MA40 semanal | 🟢 base_pattern_detected,5.45,9,8,False,65.8,0.49,4392702.0,4140000128.0,2.41,3.4,,22.4,,,15.7,18967.0,12.0,1.87,13.29,15.2,12.0,-0.8,40.1,False,False,0.0628,False,12.1,6.9,True,11.15,-1.2,True,False,34,23,1.05,10.2,True
55,WKL.AS,WOLTERS KLUWER,EUROSTOXX,Industrials,Specialty Business Services,Netherlands,EUR,67.68,1.0,script-v2.0,1.0,2026-09-24T12:56:36.563673+02:00,66.7,68.3,72,65,0,7,62,seguimiento,seguimiento,,True,pass,pendiente,0,desconocido,Pendiente de implementar,parcial,"eps_stabilization (media): EPS 5.64 vs 4.52 (annual_eps_fallback) | dividend_maintained (baja): Dividendo actual 3.84% con caída del 41.9% | analyst_upgrade (media): Target 90.09 vs precio 67.68 (+33%), recMean 1.69, recKey buy",razonable,seguimiento,66.56,67.68,66.56 - 67.68,66.9,98.98,66.90 - 98.98,Pérdida del soporte en 66.56 | ROE negativo durante 2 trimestres consecutivos | Ampliación de capital dilutiva | Recorte de rating a bono basura,18-24,"WOLTERS KLUWER está un 41.9% por debajo de su máximo 52s. Fundamentalmente sólida con ROE 146.1%, deuda neta/EBITDA 2.1x. Técnicamente 🟡 MACD convergiendo, 🟢 Cerca de soporte. Clasificación: seguimiento.","WOLTERS KLUWER está un 41.9% por debajo de su máximo 52s. Fundamentalmente sólida con ROE 146.1%, deuda neta/EBITDA 2.1x. Técnicamente 🟡 MACD convergiendo, 🟢 Cerca de soporte. Clasificación: seguimiento.",🟡 MACD convergiendo | 🟢 Cerca de soporte | 🟡 Apoyo en MA40 semanal | 🟢 base_pattern_detected | 🟡 trendline_break,3.84,11,20,False,43.0,5.9,1259918.0,4054000256.0,2.08,12.5,,74.1,,,146.1,15063.0,11.6,16.07,9.82,41.9,60.4,1.2,48.9,False,True,-0.6933,False,45.0,37.8,False,66.3,2.1,True,True,39,23,0.49,66.56,True
56,1299.HK,AIA,ASIA,Financial Services,Insurance - Life,Hong Kong,HKD,75.8,1.0,script-v2.0,1.0,2026-09-24T12:58:34.276681+02:00,66.6,70.1,92,51,0,4,56,seguimiento,seguimiento,Sin señales de recuperación,True,pass,pendiente,0,desconocido,Pendiente de implementar,ausente,"dividend_maintained (baja): Dividendo actual 2.61% con caída del 17.7% | analyst_upgrade (media): Target 102.74 vs precio 75.80 (+36%), recMean 1.30, recKey strong_buy",razonable,seguimiento,71.39,75.45,71.39 - 75.45,78.33,79.2,78.33 - 79.20,Pérdida del soporte en 71.39 | ROE negativo durante 2 trimestres consecutivos | Ampliación de capital dilutiva | Recorte de rating a bono basura,6-12,"AIA está un 17.7% por debajo de su máximo 52s. Fundamentalmente sólida con ROE 19.6%, deuda neta/EBITDA 1.6x. Técnicamente 🟢 MACD semanal girando al alza, 🟡 Apoyo en MA40 semanal. Clasificación: seguimiento.","AIA está un 17.7% por debajo de su máximo 52s. Fundamentalmente sólida con ROE 19.6%, deuda neta/EBITDA 1.6x. Técnicamente 🟢 MACD semanal girando al alza, 🟡 Apoyo en MA40 semanal. Clasificación: seguimiento.",🟢 MACD semanal girando al alza | 🟡 Apoyo en MA40 semanal | 🟢 base_pattern_detected | 🟡 trendline_break,2.61,11,16,False,32.4,0.52,27750454.0,14578999296.0,1.64,45.4,,40.6,,,19.6,780978.0,12.7,2.45,89.18,17.7,15.7,-4.3,50.2,False,False,-0.8523,True,53.1,48.3,False,79.15,-4.2,True,True,23,33,0.87,71.39,True
57,AZN.L,ASTRAZENECA PLC ORD SHS $0.25,EUROSTOXX,Healthcare,Drug Manufacturers - General,United Kingdom,GBp,12380.0,1.0,script-v2.0,1.0,2026-09-24T12:56:54.231438+02:00,66.4,66.5,98,39,0,12,66,entrada_escalada,entrada_escalada,,True,pass,pendiente,0,desconocido,Pendiente de implementar,confirmada,"margin_stabilization (media): Margen gross 83.6% vs 82.5% (+1.1 pp) | debt_reduction (alta): Deuda 32350.0M vs 33918.0M | dividend_maintained (baja): Dividendo actual 0.02% con caída del 21.3% | analyst_upgrade (media): Target 15984.66 vs precio 12380.00 (+29%), recMean 0.00, recKey strong_buy",razonable,entrada_escalada,11504.42,12186.59,11504.42 - 12186.59,13372.2,13596.09,13372.20 - 13596.09,Pérdida del soporte en 11504.42 | ROE negativo durante 2 trimestres consecutivos | Ampliación de capital dilutiva | Recorte de rating a bono basura,6-12,"ASTRAZENECA PLC ORD SHS $0.25 está un 21.3% por debajo de su máximo 52s. Fundamentalmente sólida con ROE 22.0%, deuda neta/EBITDA 1.4x. Técnicamente 🟢 Divergencia alcista RSI, 🟢 MACD semanal girando al alza. Clasificación: entrada_escalada.","ASTRAZENECA PLC ORD SHS $0.25 está un 21.3% por debajo de su máximo 52s. Fundamentalmente sólida con ROE 22.0%, deuda neta/EBITDA 1.4x. Técnicamente 🟢 Divergencia alcista RSI, 🟢 MACD semanal girando al alza. Clasificación: entrada_escalada.",🟢 Divergencia alcista RSI | 🟢 MACD semanal girando al alza | 🟡 Apoyo en MA40 semanal | 🟢 base_pattern_detected,0.02,11,20,False,47.4,0.64,3409105.0,27381999104.0,1.38,-4.6,gross,81.7,81.9,-0.2,22.0,192001.0,24.8,5.1,11.06,21.3,21.3,-8.9,54.1,False,False,-450.0409,True,72.8,82.8,False,13596.12,-8.9,True,False,39,27,0.71,11504.42,False
58,RIO.AX,RIO TINTO FPO [RIO],ASX,Basic Materials,Other Industrial Metals & Mining,United Kingdom,AUD,166.46,1.0,script-v2.0,1.0,2026-09-24T12:58:01.936734+02:00,66.1,67.5,100,39,0,6,62,seguimiento,seguimiento,,True,pass,pendiente,0,desconocido,Pendiente de implementar,parcial,debt_reduction (alta): Deuda 22852.0M vs 23640.0M | dividend_maintained (baja): Dividendo actual 3.98% con caída del 15.0%,razonable,seguimiento,153.92,166.46,153.92 - 166.46,163.02,166.46,163.02 - 166.46,Pérdida del soporte en 153.92 | ROE negativo durante 2 trimestres consecutivos | Ampliación de capital dilutiva | Recorte de rating a bono basura,6-12,"RIO TINTO FPO [RIO] está un 15.0% por debajo de su máximo 52s. Fundamentalmente sólida con ROE 19.3%, deuda neta/EBITDA 0.6x. Técnicamente 🟢 Divergencia alcista RSI, 🟡 MACD convergiendo. Clasificación: seguimiento.","RIO TINTO FPO [RIO] está un 15.0% por debajo de su máximo 52s. Fundamentalmente sólida con ROE 19.3%, deuda neta/EBITDA 0.6x. Técnicamente 🟢 Divergencia alcista RSI, 🟡 MACD convergiendo. Clasificación: seguimiento.",🟢 Divergencia alcista RSI | 🟡 MACD convergiendo | 🟡 Apoyo en MA40 semanal | 🟢 base_pattern_detected,3.98,11,20,False,55.0,0.32,1121942.0,13344999424.0,0.58,-3.3,,29.8,,,19.3,270533.0,16.0,2.9,12.75,15.0,13.6,2.1,42.1,False,True,3.2122,False,16.5,18.4,False,163.63,1.7,True,False,45,17,0.61,153.92,True
59,FDX,FedEx Corporation,SP500,Industrials,Integrated Freight & Logistics,United States,USD,291.5,1.0,script-v2.0,1.0,2026-09-24T12:57:30.826279+02:00,66.0,68.9,86,54,0,10,57,seguimiento,seguimiento,,True,pass,pendiente,0,desconocido,Pendiente de implementar,parcial,"margin_stabilization (media): Margen gross 22.7% vs 21.3% (+1.3 pp) | eps_stabilization (media): EPS 6.60 vs 4.41 (Diluted EPS) | dividend_maintained (baja): Dividendo actual 1.67% con caída del 15.6% | analyst_upgrade (media): Target 355.10 vs precio 291.50 (+22%), recMean 1.82, recKey buy",razonable,seguimiento,276.93,291.5,276.93 - 291.50,293.56,294.33,293.56 - 294.33,Pérdida del soporte en 276.93 | ROE negativo durante 2 trimestres consecutivos | Ampliación de capital dilutiva | Recorte de rating a bono basura,6-12,"FedEx Corporation está un 15.6% por debajo de su máximo 52s. Fundamentalmente sólida con ROE 14.8%, deuda neta/EBITDA 2.5x. Técnicamente 🔵 RSI en sobreventa, 🟢 Volumen creciente. Clasificación: seguimiento.","FedEx Corporation está un 15.6% por debajo de su máximo 52s. Fundamentalmente sólida con ROE 14.8%, deuda neta/EBITDA 2.5x. Técnicamente 🔵 RSI en sobreventa, 🟢 Volumen creciente. Clasificación: seguimiento.",🔵 RSI en sobreventa | 🟢 Volumen creciente | 🟡 Apoyo en MA40 semanal,1.67,11,20,False,31.3,1.36,1716110.0,29393000448.0,2.48,2.2,gross,27.3,21.8,5.6,14.8,68989.0,15.7,2.21,8.3,15.6,14.9,-1.0,30.3,False,False,6.4335,False,0.8,9.0,False,299.25,-2.6,False,False,52,5,1.49,,False
60,AVGO,Broadcom Inc.,SP500,Technology,Semiconductors,United States,USD,354.99,1.0,script-v2.0,1.0,2026-09-24T12:57:53.746141+02:00,65.2,61.6,100,28,0,15,76,entrada_directa,entrada_directa,,False,pass,pendiente,0,desconocido,Pendiente de implementar,confirmada,"margin_stabilization (media): Margen gross 69.1% vs 69.5% (-0.3 pp) | eps_stabilization (media): EPS 2.68 vs 1.91 (Diluted EPS) | debt_reduction (alta): Deuda 59419.0M vs 64907.0M | dividend_maintained (baja): Dividendo actual 0.73% con caída del 28.3% | analyst_upgrade (media): Target 531.85 vs precio 354.99 (+50%), recMean 1.26, recKey strong_buy",fuerte,entrada_directa,337.24,354.99,337.24 - 354.99,367.45,420.75,367.45 - 420.75,Pérdida del soporte en 337.24 | ROE negativo durante 2 trimestres consecutivos | Ampliación de capital dilutiva | Recorte de rating a bono basura,12-18,"Broadcom Inc. está un 28.3% por debajo de su máximo 52s. Fundamentalmente sólida con ROE 44.2%, deuda neta/EBITDA 0.7x. Técnicamente 🔵 RSI recuperándose de sobreventa, 🟢 Cruce alcista MACD. Clasificación: entrada_directa.","Broadcom Inc. está un 28.3% por debajo de su máximo 52s. Fundamentalmente sólida con ROE 44.2%, deuda neta/EBITDA 0.7x. Técnicamente 🔵 RSI recuperándose de sobreventa, 🟢 Cruce alcista MACD. Clasificación: entrada_directa.",🔵 RSI recuperándose de sobreventa | 🟢 Cruce alcista MACD | 🟡 Apoyo en MA40 semanal | 🟢 base_pattern_detected,0.73,11,17,False,32.4,0.6,23102945.0,35444000768.0,0.68,-8.5,gross,75.5,68.7,6.8,44.2,1694591.0,45.3,17.0,33.1,28.3,28.0,-3.4,44.7,True,False,-0.9675,False,53.7,69.3,False,366.54,-3.2,True,False,59,17,0.85,,False
61,SO,Southern Company (The),SP500,Utilities,Utilities - Regulated Electric,United States,USD,83.47,1.0,script-v2.0,1.0,2026-09-24T12:57:38.481213+02:00,65.1,63.8,75,54,0,4,69,seguimiento,seguimiento,Sin señales de recuperación,True,pass,pendiente,0,desconocido,Pendiente de implementar,ausente,margin_stabilization (media): Margen gross 51.3% vs 46.5% (+4.8 pp) | dividend_maintained (baja): Dividendo actual 3.64% con caída del 17.2%,razonable,seguimiento,79.3,83.47,79.30 - 83.47,85.71,91.0,85.71 - 91.00,Pérdida del soporte en 79.30 | ROE negativo durante 2 trimestres consecutivos | Ampliación de capital dilutiva | Recorte de rating a bono basura,6-12,"Southern Company (The) está un 17.2% por debajo de su máximo 52s. Fundamentalmente sólida con ROE 11.5%, deuda neta/EBITDA 5.2x. Técnicamente 🔵 RSI en sobreventa, 🟢 Volumen creciente. Clasificación: seguimiento.","Southern Company (The) está un 17.2% por debajo de su máximo 52s. Fundamentalmente sólida con ROE 11.5%, deuda neta/EBITDA 5.2x. Técnicamente 🔵 RSI en sobreventa, 🟢 Volumen creciente. Clasificación: seguimiento.",🔵 RSI en sobreventa | 🟢 Volumen creciente | 🟡 Apoyo en MA40 semanal | 🟢 base_pattern_detected,3.64,11,20,False,71.8,1.82,5609153.0,74102998528.0,5.2,1.4,gross,48.3,48.2,0.1,11.5,96021.0,20.1,2.43,12.13,17.2,15.2,-8.3,23.8,False,False,-1.5704,False,4.2,4.4,False,91.39,-8.7,True,False,52,17,1.53,,False
62,C6L.SI,SIA,ASIA,Industrials,Airlines,Singapore,SGD,6.64,1.0,script-v2.0,1.0,2026-09-24T12:58:41.384819+02:00,65.1,65.5,74,58,0,1,64,seguimiento,seguimiento,Sin señales de recuperación,True,pass,pendiente,0,desconocido,Pendiente de implementar,ausente,dividend_maintained (baja): Dividendo actual 6.63% con caída del 16.2%,razonable,seguimiento,6.25,6.64,6.25 - 6.64,6.73,6.81,6.73 - 6.81,Pérdida del soporte en 6.25 | ROE negativo durante 2 trimestres consecutivos | Ampliación de capital dilutiva | Recorte de rating a bono basura,6-12,"SIA está un 16.2% por debajo de su máximo 52s. Fundamentalmente sólida con ROE 7.2%, deuda neta/EBITDA 0.1x. Técnicamente 🔵 RSI recuperándose de sobreventa, 🟢 Cruce alcista MACD. Clasificación: seguimiento.","SIA está un 16.2% por debajo de su máximo 52s. Fundamentalmente sólida con ROE 7.2%, deuda neta/EBITDA 0.1x. Técnicamente 🔵 RSI recuperándose de sobreventa, 🟢 Cruce alcista MACD. Clasificación: seguimiento.",🔵 RSI recuperándose de sobreventa | 🟢 Cruce alcista MACD | 🟡 Apoyo en MA40 semanal,6.63,9,5,False,117.8,0.6,7158093.0,407100416.0,0.09,0.0,operating,14.5,9.8,4.7,7.2,20940.0,22.1,1.21,5.0,16.2,16.2,-2.5,37.9,True,False,-0.0116,False,54.5,45.5,False,6.83,-2.9,False,False,59,5,0.88,6.25,False
63,UCB.BR,UCB,EUROSTOXX,Healthcare,Biotechnology,Belgium,EUR,213.3,1.0,script-v2.0,1.0,2026-09-24T12:56:44.067904+02:00,64.8,66.3,93,43,0,7,60,seguimiento,seguimiento,,True,pass,pendiente,0,desconocido,Pendiente de implementar,parcial,"eps_stabilization (media): EPS 8.03 vs 1.76 (annual_eps_fallback) | dividend_maintained (baja): Dividendo actual 0.68% con caída del 26.3% | analyst_upgrade (media): Target 285.00 vs precio 213.30 (+34%), recMean 1.60, recKey buy",razonable,seguimiento,203.05,213.3,203.05 - 213.30,244.09,246.07,244.09 - 246.07,Pérdida del soporte en 203.05 | ROE negativo durante 2 trimestres consecutivos | Ampliación de capital dilutiva | Recorte de rating a bono basura,12-18,"UCB está un 26.3% por debajo de su máximo 52s. Fundamentalmente sólida con ROE 20.6%, deuda neta/EBITDA 0.8x. Técnicamente 🟢 Divergencia alcista RSI, 🟢 Cerca de soporte. Clasificación: seguimiento.","UCB está un 26.3% por debajo de su máximo 52s. Fundamentalmente sólida con ROE 20.6%, deuda neta/EBITDA 0.8x. Técnicamente 🟢 Divergencia alcista RSI, 🟢 Cerca de soporte. Clasificación: seguimiento.",🟢 Divergencia alcista RSI | 🟢 Cerca de soporte | 🟢 base_pattern_detected,0.68,11,20,False,12.8,0.31,224949.0,2822000000.0,0.84,59.8,,76.2,,,20.6,40668.0,18.8,3.49,12.92,26.3,25.9,-12.6,48.7,False,False,-9.5564,False,88.7,65.6,False,243.5,-12.4,True,False,48,12,0.79,203.05,False
64,0066.HK,MTR CORPORATION,ASIA,Industrials,Railroads,Hong Kong,HKD,32.58,1.0,script-v2.0,1.0,2026-09-24T12:58:30.412152+02:00,64.7,70.3,90,53,0,1,48,seguimiento,seguimiento,Sin señales de recuperación,True,pass,pendiente,0,desconocido,Pendiente de implementar,ausente,dividend_maintained (baja): Dividendo actual 4.02% con caída del 14.0%,razonable,seguimiento,31.21,32.55,31.21 - 32.55,31.9,32.2,31.90 - 32.20,Pérdida del soporte en 31.21 | ROE negativo durante 2 trimestres consecutivos | Ampliación de capital dilutiva | Recorte de rating a bono basura,6-12,"MTR CORPORATION está un 14.0% por debajo de su máximo 52s. Fundamentalmente sólida con ROE 11.1%, deuda neta/EBITDA 3.1x. Técnicamente 🟢 Cerca de soporte, 🟡 Apoyo en MA40 semanal. Clasificación: seguimiento.","MTR CORPORATION está un 14.0% por debajo de su máximo 52s. Fundamentalmente sólida con ROE 11.1%, deuda neta/EBITDA 3.1x. Técnicamente 🟢 Cerca de soporte, 🟡 Apoyo en MA40 semanal. Clasificación: seguimiento.",🟢 Cerca de soporte | 🟡 Apoyo en MA40 semanal | 🟢 base_pattern_detected | 🟡 trendline_break,4.02,11,20,False,35.7,0.75,5327402.0,109202997248.0,3.1,120.2,,35.9,,,11.1,202090.0,8.9,0.99,8.89,14.0,10.4,2.1,48.7,False,False,0.443,False,31.0,43.5,False,32.13,1.4,True,True,25,23,0.83,31.21,True
65,WY,Weyerhaeuser Company,SP500,Real Estate,REIT - Specialty,United States,USD,21.17,1.0,script-v2.0,1.0,2026-09-24T12:57:51.520970+02:00,64.6,60.5,69,53,0,12,77,entrada_directa,entrada_directa,,True,pass,pendiente,0,desconocido,Pendiente de implementar,confirmada,"eps_stabilization (media): EPS 0.23 vs 0.22 (Diluted EPS) | debt_reduction (alta): Deuda 5449.0M vs 5449.0M | dividend_maintained (baja): Dividendo actual 3.97% con caída del 23.7% | analyst_upgrade (media): Target 31.00 vs precio 21.17 (+46%), recKey none",fuerte,entrada_directa,20.11,21.17,20.11 - 21.17,23.59,23.87,23.59 - 23.87,Pérdida del soporte en 20.11 | ROE negativo durante 2 trimestres consecutivos | Ampliación de capital dilutiva | Recorte de rating a bono basura,6-12,"Weyerhaeuser Company está un 23.7% por debajo de su máximo 52s. Fundamentalmente sólida con ROE 5.0%, deuda neta/EBITDA 7.2x. Técnicamente 🔵 RSI en sobreventa, 🟡 MACD convergiendo. Clasificación: entrada_directa.","Weyerhaeuser Company está un 23.7% por debajo de su máximo 52s. Fundamentalmente sólida con ROE 5.0%, deuda neta/EBITDA 7.2x. Técnicamente 🔵 RSI en sobreventa, 🟡 MACD convergiendo. Clasificación: entrada_directa.",🔵 RSI en sobreventa | 🟡 MACD convergiendo | 🟢 Volumen creciente | 🟢 base_pattern_detected,3.97,11,20,True,127.3,0.58,5604389.0,4921999936.0,7.15,-0.0,gross,14.5,14.4,0.2,5.0,15258.0,32.6,1.62,29.33,23.7,33.6,-11.3,27.4,False,True,-0.5047,False,8.3,3.5,False,23.95,-11.6,True,False,65,12,1.37,,False
66,GPT.AX,GPT STAPLED [GPT],ASX,Real Estate,REIT - Diversified,Australia,AUD,4.44,1.0,script-v2.0,1.0,2026-09-24T12:58:09.717556+02:00,64.6,66.8,78,57,0,7,58,seguimiento,seguimiento,,True,pass,pendiente,0,desconocido,Pendiente de implementar,parcial,"eps_stabilization (media): EPS 0.51 vs -0.10 (annual_eps_fallback) | dividend_maintained (baja): Dividendo actual 5.41% con caída del 22.8% | analyst_upgrade (media): Target 5.43 vs precio 4.44 (+22%), recMean 2.50, recKey buy",razonable,seguimiento,4.22,4.44,4.22 - 4.44,4.84,4.89,4.84 - 4.89,Pérdida del soporte en 4.22 | ROE negativo durante 2 trimestres consecutivos | Ampliación de capital dilutiva | Recorte de rating a bono basura,6-12,"GPT STAPLED [GPT] está un 22.8% por debajo de su máximo 52s. Fundamentalmente sólida con ROE 10.0%, deuda neta/EBITDA 9.1x. Técnicamente 🔵 RSI recuperándose de sobreventa, 🟢 Divergencia alcista RSI. Clasificación: seguimiento.","GPT STAPLED [GPT] está un 22.8% por debajo de su máximo 52s. Fundamentalmente sólida con ROE 10.0%, deuda neta/EBITDA 9.1x. Técnicamente 🔵 RSI recuperándose de sobreventa, 🟢 Divergencia alcista RSI. Clasificación: seguimiento.",🔵 RSI recuperándose de sobreventa | 🟢 Divergencia alcista RSI | 🟡 Apoyo en MA40 semanal,5.41,11,20,False,44.2,0.53,6076923.0,5582400032.0,9.11,17.2,,62.1,,,10.0,8505.0,8.2,0.79,23.34,22.8,19.2,-8.3,37.0,False,False,-0.0803,False,25.5,49.0,False,4.82,-7.9,False,False,53,5,0.74,,False
67,NG.L,NATIONAL GRID PLC ORD 12 204/47,EUROSTOXX,Utilities,Utilities - Regulated Electric,United Kingdom,GBp,1146.0,1.0,script-v2.0,1.0,2026-09-24T12:56:58.705737+02:00,64.0,63.7,69,59,0,4,65,seguimiento,seguimiento,Sin señales de recuperación,True,pass,pendiente,0,desconocido,Pendiente de implementar,ausente,eps_stabilization (media): EPS 0.66 vs 0.61 (annual_eps_fallback) | dividend_maintained (baja): Dividendo actual 0.04% con caída del 19.8%,razonable,seguimiento,1096.5,1146.0,1096.50 - 1146.00,1214.22,1233.56,1214.22 - 1233.56,Pérdida del soporte en 1096.50 | ROE negativo durante 2 trimestres consecutivos | Ampliación de capital dilutiva | Recorte de rating a bono basura,6-12,"NATIONAL GRID PLC ORD 12 204/47 está un 19.8% por debajo de su máximo 52s. Fundamentalmente sólida con ROE 8.4%, deuda neta/EBITDA 6.4x. Técnicamente 🟢 Divergencia alcista RSI, 🟢 Cerca de soporte. Clasificación: seguimiento.","NATIONAL GRID PLC ORD 12 204/47 está un 19.8% por debajo de su máximo 52s. Fundamentalmente sólida con ROE 8.4%, deuda neta/EBITDA 6.4x. Técnicamente 🟢 Divergencia alcista RSI, 🟢 Cerca de soporte. Clasificación: seguimiento.",🟢 Divergencia alcista RSI | 🟢 Cerca de soporte | 🟡 Apoyo en MA40 semanal | 🟢 base_pattern_detected,0.04,11,20,False,72.1,1.21,10331898.0,44877001984.0,6.39,0.3,,100.0,,,8.4,57608.0,17.6,1.45,14.43,19.8,19.8,-7.1,47.1,False,False,-23.4068,False,67.8,64.6,False,1237.91,-7.4,True,False,48,17,0.67,1096.5,False
68,VOW3.DE,VOLKSWAGEN AG                 V,EUROSTOXX,Consumer Cyclical,Auto Manufacturers,Germany,EUR,70.68,1.0,script-v2.0,1.0,2026-09-24T12:56:10.566394+02:00,63.9,62.2,51,72,0,10,69,seguimiento,seguimiento,,True,pass,pendiente,0,desconocido,Pendiente de implementar,parcial,"margin_stabilization (media): Margen gross 15.1% vs 15.5% (-0.4 pp) | eps_stabilization (media): EPS 2.56 vs 2.55 (Diluted EPS) | dividend_maintained (baja): Dividendo actual 7.44% con caída del 35.2% | analyst_upgrade (media): Target 105.22 vs precio 70.68 (+49%), recMean 2.21, recKey buy",razonable,seguimiento,67.15,70.68,67.15 - 70.68,84.05,92.78,84.05 - 92.78,Pérdida del soporte en 67.15 | ROE negativo durante 2 trimestres consecutivos | Ampliación de capital dilutiva | Recorte de rating a bono basura,12-18,"VOLKSWAGEN AG                 V está un 35.2% por debajo de su máximo 52s. Fundamentalmente sólida con ROE 2.8%, deuda neta/EBITDA 11.1x. Técnicamente 🔵 RSI en sobreventa, 🟢 Divergencia alcista RSI. Clasificación: seguimiento.","VOLKSWAGEN AG                 V está un 35.2% por debajo de su máximo 52s. Fundamentalmente sólida con ROE 2.8%, deuda neta/EBITDA 11.1x. Técnicamente 🔵 RSI en sobreventa, 🟢 Divergencia alcista RSI. Clasificación: seguimiento.",🔵 RSI en sobreventa | 🟢 Divergencia alcista RSI | 🟢 Bajo SMA200 con SMA50 girando | 🟢 base_pattern_detected,7.44,11,20,False,50.4,1.39,1119448.0,214130008064.0,11.1,43.9,gross,13.8,16.3,-2.5,2.8,35432.0,6.8,0.2,13.76,35.2,30.9,-15.9,35.0,False,False,-2.532,False,3.1,8.6,False,83.55,-15.4,True,False,57,12,0.57,,True
69,SAN.PA,SANOFI,EUROSTOXX,Healthcare,Drug Manufacturers - General,France,EUR,73.05,1.0,script-v2.0,1.0,2026-09-24T12:56:26.003187+02:00,63.7,69.6,76,64,0,7,46,seguimiento,seguimiento,,True,pass,pendiente,0,desconocido,Pendiente de implementar,parcial,"margin_stabilization (media): Margen gross 75.5% vs 72.1% (+3.4 pp) | dividend_maintained (baja): Dividendo actual 5.64% con caída del 19.9% | analyst_upgrade (media): Target 94.06 vs precio 73.05 (+29%), recMean 2.12, recKey buy",razonable,seguimiento,69.4,73.05,69.40 - 73.05,75.75,77.48,75.75 - 77.48,Pérdida del soporte en 69.40 | ROE negativo durante 2 trimestres consecutivos | Ampliación de capital dilutiva | Recorte de rating a bono basura,6-12,"SANOFI está un 19.9% por debajo de su máximo 52s. Fundamentalmente sólida con ROE 5.7%, deuda neta/EBITDA 1.3x. Técnicamente 🟡 Apoyo en MA40 semanal, 🟢 base_pattern_detected. Clasificación: seguimiento.","SANOFI está un 19.9% por debajo de su máximo 52s. Fundamentalmente sólida con ROE 5.7%, deuda neta/EBITDA 1.3x. Técnicamente 🟡 Apoyo en MA40 semanal, 🟢 base_pattern_detected. Clasificación: seguimiento.",🟡 Apoyo en MA40 semanal | 🟢 base_pattern_detected,5.64,11,20,False,127.6,0.34,1994625.0,17226000384.0,1.27,17.8,gross,73.5,72.7,0.7,5.7,87519.0,22.6,1.26,7.77,19.9,27.4,-3.6,38.8,False,False,-0.5742,False,8.2,12.9,False,75.76,-3.6,True,False,29,17,0.77,,False
70,005930.KS,SamsungElec,ASIA,Technology,Consumer Electronics,South Korea,KRW,285500.0,1.0,script-v2.0,1.0,2026-09-24T12:58:34.747539+02:00,63.7,66.3,78,56,0,15,56,entrada_escalada,entrada_escalada,,True,pass,pendiente,0,desconocido,Pendiente de implementar,confirmada,"margin_stabilization (media): Margen gross 69.6% vs 61.2% (+8.4 pp) | eps_stabilization (media): EPS 10733.00 vs 7056.00 (Diluted EPS) | debt_reduction (alta): Deuda 22408721.3M vs 28138794.0M | dividend_maintained (baja): Dividendo actual 0.52% con caída del 23.8% | analyst_upgrade (media): Target 478627.88 vs precio 285500.00 (+68%), recMean 1.36, recKey strong_buy",razonable,entrada_escalada,255380.0,261711.38,255380.00 - 261711.38,222131.75,318325.0,222131.75 - 318325.00,Pérdida del soporte en 261711.38 | ROE negativo durante 2 trimestres consecutivos | Ampliación de capital dilutiva | Recorte de rating a bono basura,6-12,"SamsungElec está un 23.8% por debajo de su máximo 52s. Fundamentalmente sólida con ROE 30.8%, deuda neta/EBITDA -0.7x. Técnicamente 🟢 Divergencia alcista RSI, 🟢 Cruce alcista MACD. Clasificación: entrada_escalada.","SamsungElec está un 23.8% por debajo de su máximo 52s. Fundamentalmente sólida con ROE 30.8%, deuda neta/EBITDA -0.7x. Técnicamente 🟢 Divergencia alcista RSI, 🟢 Cruce alcista MACD. Clasificación: entrada_escalada.",🟢 Divergencia alcista RSI | 🟢 Cruce alcista MACD | 🟢 base_pattern_detected,0.52,11,20,False,7.5,3.87,25837548.0,-167590313852928.0,-0.74,-20.4,gross,57.5,54.2,3.3,30.8,1874753896.0,4.0,,7.58,23.8,23.7,28.5,61.9,True,False,14156.3067,False,100.0,89.6,False,233510.42,22.3,True,False,44,12,1.22,261711.38,False
71,T,AT&T Inc.,SP500,Communication Services,Telecom Services,United States,USD,25.3,1.0,script-v2.0,1.0,2026-09-24T12:57:07.773563+02:00,63.5,62.3,89,39,0,7,67,seguimiento,seguimiento,,True,pass,pendiente,0,desconocido,Pendiente de implementar,parcial,margin_stabilization (media): Margen gross 61.8% vs 60.1% (+1.7 pp) | eps_stabilization (media): EPS 0.66 vs 0.54 (Diluted EPS) | dividend_maintained (baja): Dividendo actual 4.39% con caída del 14.1%,razonable,seguimiento,24.61,24.8,24.61 - 24.80,24.75,25.02,24.75 - 25.02,Pérdida del soporte en 24.80 | ROE negativo durante 2 trimestres consecutivos | Ampliación de capital dilutiva | Recorte de rating a bono basura,6-12,"AT&T Inc. está un 14.1% por debajo de su máximo 52s. Fundamentalmente sólida con ROE 18.3%, deuda neta/EBITDA 3.3x. Técnicamente 🟡 MACD convergiendo, 🟢 Cerca de soporte. Clasificación: seguimiento.","AT&T Inc. está un 14.1% por debajo de su máximo 52s. Fundamentalmente sólida con ROE 18.3%, deuda neta/EBITDA 3.3x. Técnicamente 🟡 MACD convergiendo, 🟢 Cerca de soporte. Clasificación: seguimiento.",🟡 MACD convergiendo | 🟢 Cerca de soporte | 🟡 Apoyo en MA40 semanal | 🟢 base_pattern_detected | 🟡 trendline_break,4.39,11,20,False,36.6,1.29,57629323.0,148185993216.0,3.3,5.4,gross,59.7,59.8,-0.1,18.3,173365.0,8.3,1.58,7.56,14.1,12.0,2.2,49.4,False,True,0.1858,False,23.5,22.7,False,24.87,1.7,True,True,44,23,1.0,24.8,True
72,9021.T,WEST JAPAN RAILWAY CO,ASIA,Industrials,Railroads,Japan,JPY,3006.0,1.0,script-v2.0,1.0,2026-09-24T12:58:23.412248+02:00,62.1,68.1,82,56,0,1,44,seguimiento,seguimiento,Sin señales de recuperación,True,pass,pendiente,0,desconocido,Pendiente de implementar,ausente,dividend_maintained (baja): Dividendo actual 3.24% con caída del 14.8%,incompleto,seguimiento,2779.72,2981.11,2779.72 - 2981.11,2985.38,2998.8,2985.38 - 2998.80,Pérdida del soporte en 2779.72 | ROE negativo durante 2 trimestres consecutivos | Ampliación de capital dilutiva | Recorte de rating a bono basura,6-12,"WEST JAPAN RAILWAY CO está un 14.8% por debajo de su máximo 52s. Fundamentalmente sólida con ROE 9.3%, deuda neta/EBITDA 3.7x. Técnicamente 🟡 Apoyo en MA40 semanal, 🟢 base_pattern_detected. Clasificación: seguimiento.","WEST JAPAN RAILWAY CO está un 14.8% por debajo de su máximo 52s. Fundamentalmente sólida con ROE 9.3%, deuda neta/EBITDA 3.7x. Técnicamente 🟡 Apoyo en MA40 semanal, 🟢 base_pattern_detected. Clasificación: seguimiento.",🟡 Apoyo en MA40 semanal | 🟢 base_pattern_detected | 🟡 trendline_break,3.24,11,20,False,35.1,1.15,2543550.0,1360837033984.0,3.67,6.6,,24.8,,,9.3,1367982.0,10.8,1.12,7.75,14.8,13.4,0.7,51.0,False,False,13.9074,False,26.7,55.5,False,2984.55,0.7,True,True,21,23,1.03,2779.72,True
73,RNO.PA,RENAULT,EUROSTOXX,Consumer Cyclical,Auto Manufacturers,France,EUR,26.18,1.0,script-v2.0,1.0,2026-09-24T12:56:31.588700+02:00,61.5,64.3,35,90,0,4,53,seguimiento,seguimiento,Sin señales de recuperación,True,pass,pendiente,0,desconocido,Pendiente de implementar,ausente,"dividend_maintained (baja): Dividendo actual 8.40% con caída del 31.1% | analyst_upgrade (media): Target 38.91 vs precio 26.18 (+49%), recMean 2.25, recKey buy",razonable,seguimiento,24.87,26.18,24.87 - 26.18,28.55,32.27,28.55 - 32.27,Pérdida del soporte en 24.87 | ROE negativo durante 2 trimestres consecutivos | Ampliación de capital dilutiva | Recorte de rating a bono basura,12-18,"RENAULT está un 31.1% por debajo de su máximo 52s. Fundamentalmente sólida con ROE 5.0%, deuda neta/EBITDA 8.2x. Técnicamente 🟢 Bajo SMA200 con SMA50 girando, 🟡 Apoyo en MA40 semanal. Clasificación: seguimiento.","RENAULT está un 31.1% por debajo de su máximo 52s. Fundamentalmente sólida con ROE 5.0%, deuda neta/EBITDA 8.2x. Técnicamente 🟢 Bajo SMA200 con SMA50 girando, 🟡 Apoyo en MA40 semanal. Clasificación: seguimiento.",🟢 Bajo SMA200 con SMA50 girando | 🟡 Apoyo en MA40 semanal | 🟢 base_pattern_detected,8.4,8,4,False,67.3,3.28,1453087.0,51081000960.0,8.23,5.0,,17.9,,,5.0,7576.0,8.0,0.37,9.71,31.1,44.5,-8.3,36.5,False,False,-0.3099,False,4.7,7.9,False,28.41,-7.9,True,False,36,17,0.65,,True
74,VZ,Verizon Communications Inc.,SP500,Communication Services,Telecom Services,United States,USD,46.52,1.0,script-v2.0,1.0,2026-09-24T12:57:09.196406+02:00,61.4,60.2,89,35,0,9,65,seguimiento,seguimiento,,True,pass,pendiente,0,desconocido,Pendiente de implementar,parcial,margin_stabilization (media): Margen gross 61.8% vs 60.3% (+1.5 pp) | debt_reduction (alta): Deuda 193646.0M vs 195872.0M | dividend_maintained (baja): Dividendo actual 6.08% con caída del 10.0%,razonable,seguimiento,44.31,46.52,44.31 - 46.52,43.93,45.29,43.93 - 45.29,Pérdida del soporte en 44.31 | ROE negativo durante 2 trimestres consecutivos | Ampliación de capital dilutiva | Recorte de rating a bono basura,6-12,"Verizon Communications Inc. está un 10.0% por debajo de su máximo 52s. Fundamentalmente sólida con ROE 15.8%, deuda neta/EBITDA 3.8x. Técnicamente 🔵 RSI en sobreventa, 🟢 Cerca de soporte. Clasificación: seguimiento.","Verizon Communications Inc. está un 10.0% por debajo de su máximo 52s. Fundamentalmente sólida con ROE 15.8%, deuda neta/EBITDA 3.8x. Técnicamente 🔵 RSI en sobreventa, 🟢 Cerca de soporte. Clasificación: seguimiento.",🔵 RSI en sobreventa | 🟢 Cerca de soporte | 🟡 Apoyo en MA40 semanal | 🟢 base_pattern_detected,6.08,11,20,False,72.8,1.84,25561153.0,191850002176.0,3.76,-1.1,gross,59.5,59.3,0.1,15.8,193280.0,12.1,1.86,7.56,10.0,10.0,2.7,34.7,False,False,1.1123,False,6.5,7.5,False,45.79,1.6,True,False,48,17,1.15,44.31,True
75,0006.HK,POWER ASSETS,ASIA,Utilities,Utilities - Independent Power Producers,Hong Kong,HKD,60.0,1.0,script-v2.0,1.0,2026-09-24T12:58:28.803561+02:00,60.7,64.9,98,36,0,9,48,seguimiento,seguimiento,,True,pass,pendiente,0,desconocido,Pendiente de implementar,parcial,eps_stabilization (media): EPS 2.93 vs 2.82 (annual_eps_fallback) | debt_reduction (alta): Deuda 2770.0M vs 3320.0M | dividend_maintained (baja): Dividendo actual 4.70% con caída del 10.5%,razonable,seguimiento,57.74,59.13,57.74 - 59.13,56.99,57.91,56.99 - 57.91,Pérdida del soporte en 57.74 | ROE negativo durante 2 trimestres consecutivos | Ampliación de capital dilutiva | Recorte de rating a bono basura,6-12,"POWER ASSETS está un 10.5% por debajo de su máximo 52s. Fundamentalmente sólida con ROE 18.6%, deuda neta/EBITDA -111.1x. Técnicamente 🟢 Cerca de soporte, 🟡 Apoyo en MA40 semanal. Clasificación: seguimiento.","POWER ASSETS está un 10.5% por debajo de su máximo 52s. Fundamentalmente sólida con ROE 18.6%, deuda neta/EBITDA -111.1x. Técnicamente 🟢 Cerca de soporte, 🟡 Apoyo en MA40 semanal. Clasificación: seguimiento.",🟢 Cerca de soporte | 🟡 Apoyo en MA40 semanal | 🟢 base_pattern_detected | 🟡 trendline_break,4.7,11,20,False,33.6,2.69,2830416.0,-42506999808.0,-111.13,-16.6,,100.0,,,18.6,127866.0,7.1,1.24,222.05,10.5,6.4,3.6,51.6,False,False,0.8075,False,39.2,43.9,False,58.65,2.3,True,True,25,23,0.78,57.74,True
76,KMB,Kimberly-Clark Corporation,SP500,Consumer Defensive,Household & Personal Products,United States,USD,97.7,1.0,script-v2.0,1.0,2026-09-24T12:57:46.000932+02:00,60.5,60.6,75,48,0,9,60,seguimiento,seguimiento,,True,pass,pendiente,0,desconocido,Pendiente de implementar,parcial,margin_stabilization (media): Margen gross 38.3% vs 36.8% (+1.4 pp) | debt_reduction (alta): Deuda 6539.0M vs 7084.0M | dividend_maintained (baja): Dividendo actual 5.24% con caída del 22.0%,razonable,seguimiento,92.31,97.7,92.31 - 97.70,100.47,106.52,100.47 - 106.52,Pérdida del soporte en 92.31 | ROE negativo durante 2 trimestres consecutivos | Ampliación de capital dilutiva | Recorte de rating a bono basura,6-12,"Kimberly-Clark Corporation está un 22.0% por debajo de su máximo 52s. Fundamentalmente sólida con ROE 104.9%, deuda neta/EBITDA 1.6x. Técnicamente 🔵 RSI en sobreventa, 🟡 MACD convergiendo. Clasificación: seguimiento.","Kimberly-Clark Corporation está un 22.0% por debajo de su máximo 52s. Fundamentalmente sólida con ROE 104.9%, deuda neta/EBITDA 1.6x. Técnicamente 🔵 RSI en sobreventa, 🟡 MACD convergiendo. Clasificación: seguimiento.",🔵 RSI en sobreventa | 🟡 MACD convergiendo | 🟡 Apoyo en MA40 semanal,5.24,11,20,False,100.4,3.49,4166079.0,5582999808.0,1.6,-7.7,gross,37.6,36.7,0.9,104.9,32493.0,19.3,18.57,10.97,22.0,30.4,-2.8,30.6,False,True,-0.1624,False,7.4,7.0,False,100.82,-3.1,False,False,55,5,0.96,92.31,False
77,6758.T,SONY GROUP CORPORATION,ASIA,Technology,Consumer Electronics,Japan,JPY,3663.0,1.0,script-v2.0,1.0,2026-09-24T12:58:18.905754+02:00,60.3,68.7,89,51,0,10,35,pendiente_confirmacion,pendiente_confirmacion,,True,pass,pendiente,0,desconocido,Pendiente de implementar,parcial,"margin_stabilization (media): Margen gross 36.7% vs 30.8% (+5.9 pp) | eps_stabilization (media): EPS 57.82 vs 13.89 (Diluted EPS) | dividend_maintained (baja): Dividendo actual 0.96% con caída del 23.3% | analyst_upgrade (media): Target 4865.91 vs precio 3663.00 (+33%), recMean 1.35, recKey strong_buy",incompleto,pendiente_confirmacion,3419.44,3663.0,3419.44 - 3663.00,3585.27,4059.6,3585.27 - 4059.60,Pérdida del soporte en 3419.44 | ROE negativo durante 2 trimestres consecutivos | Ampliación de capital dilutiva | Recorte de rating a bono basura,6-12,"SONY GROUP CORPORATION está un 23.3% por debajo de su máximo 52s. Fundamentalmente sólida con ROE 13.2%, deuda neta/EBITDA -0.1x. Técnicamente 🟢 base_pattern_detected. Clasificación: pendiente_confirmacion.","SONY GROUP CORPORATION está un 23.3% por debajo de su máximo 52s. Fundamentalmente sólida con ROE 13.2%, deuda neta/EBITDA -0.1x. Técnicamente 🟢 base_pattern_detected. Clasificación: pendiente_confirmacion.",🟢 base_pattern_detected,0.96,11,20,False,13.4,0.21,16879849.0,-299421007872.0,-0.14,12.0,gross,32.2,32.1,0.2,13.2,21411454.0,19.7,2.57,10.49,23.3,23.0,2.2,44.7,False,False,59.9672,False,18.3,25.7,False,3524.35,3.9,True,False,23,12,0.99,3419.44,True
78,DSY.PA,DASSAULT SYSTEMES,EUROSTOXX,Technology,Software - Application,France,EUR,20.86,1.0,script-v2.0,1.0,2026-09-24T12:56:30.368289+02:00,60.2,67.3,94,44,0,7,39,pendiente_confirmacion,pendiente_confirmacion,,True,pass,pendiente,0,desconocido,Pendiente de implementar,parcial,margin_stabilization (media): Margen gross 84.1% vs 84.0% (+0.1 pp) | eps_stabilization (media): EPS 0.22 vs 0.22 (Diluted EPS) | dividend_maintained (baja): Dividendo actual 1.29% con caída del 31.3%,incompleto,pendiente_confirmacion,20.81,20.86,20.81 - 20.86,19.97,25.81,19.97 - 25.81,Pérdida del soporte en 20.81 | ROE negativo durante 2 trimestres consecutivos | Ampliación de capital dilutiva | Recorte de rating a bono basura,12-18,"DASSAULT SYSTEMES está un 31.3% por debajo de su máximo 52s. Fundamentalmente sólida con ROE 15.1%, deuda neta/EBITDA -1.4x. Técnicamente 🟡 MACD convergiendo, 🟢 Cerca de soporte. Clasificación: pendiente_confirmacion.","DASSAULT SYSTEMES está un 31.3% por debajo de su máximo 52s. Fundamentalmente sólida con ROE 15.1%, deuda neta/EBITDA -1.4x. Técnicamente 🟡 MACD convergiendo, 🟢 Cerca de soporte. Clasificación: pendiente_confirmacion.",🟡 MACD convergiendo | 🟢 Cerca de soporte,1.29,11,20,False,27.8,0.36,1876898.0,-2282400000.0,-1.36,36.2,gross,84.2,84.2,0.0,15.1,27411.0,21.5,2.96,15.33,31.3,48.2,4.5,47.1,False,True,0.2329,False,63.3,51.3,False,19.85,5.1,False,False,39,0,0.59,20.81,True
79,BA.L,BAE SYSTEMS PLC ORD 2.5P,EUROSTOXX,Industrials,Aerospace & Defense,United Kingdom,GBp,1995.5,1.0,script-v2.0,1.0,2026-09-24T12:56:59.661437+02:00,59.5,60.7,97,29,0,4,56,seguimiento,seguimiento,Sin señales de recuperación,False,pass,pendiente,0,desconocido,Pendiente de implementar,ausente,eps_stabilization (media): EPS 0.68 vs 0.64 (annual_eps_fallback) | dividend_maintained (baja): Dividendo actual 0.02% con caída del 15.4%,razonable,seguimiento,1995.07,1995.5,1995.07 - 1995.50,2006.0,2011.77,2006.00 - 2011.77,Pérdida del soporte en 1995.07 | ROE negativo durante 2 trimestres consecutivos | Ampliación de capital dilutiva | Recorte de rating a bono basura,6-12,"BAE SYSTEMS PLC ORD 2.5P está un 15.4% por debajo de su máximo 52s. Fundamentalmente sólida con ROE 18.6%, deuda neta/EBITDA 1.3x. Técnicamente 🟢 Cerca de soporte, 🟡 Apoyo en MA40 semanal. Clasificación: seguimiento.","BAE SYSTEMS PLC ORD 2.5P está un 15.4% por debajo de su máximo 52s. Fundamentalmente sólida con ROE 18.6%, deuda neta/EBITDA 1.3x. Técnicamente 🟢 Cerca de soporte, 🟡 Apoyo en MA40 semanal. Clasificación: seguimiento.",🟢 Cerca de soporte | 🟡 Apoyo en MA40 semanal | 🟢 base_pattern_detected,0.02,11,20,False,52.0,0.73,6274727.0,4953000448.0,1.32,1.1,,13.3,,,18.6,58413.0,28.5,4.83,17.5,15.4,15.4,-0.8,46.7,False,False,8.0278,False,63.3,67.4,False,2023.94,-1.4,True,False,39,17,0.99,1995.07,True
80,SHEL.L,SHELL PLC ORD EUR0.07,EUROSTOXX,Energy,Oil & Gas Integrated,United Kingdom,GBp,3615.0,1.0,script-v2.0,1.0,2026-09-24T12:56:51.666271+02:00,59.1,62.8,98,32,0,12,48,entrada_escalada,entrada_escalada,,True,pass,pendiente,0,desconocido,Pendiente de implementar,confirmada,margin_stabilization (media): Margen gross 19.5% vs 19.3% (+0.2 pp) | eps_stabilization (media): EPS 1.92 vs 1.00 (Diluted EPS) | debt_reduction (alta): Deuda 73076.0M vs 75644.0M | dividend_maintained (baja): Dividendo actual 0.03% con caída del 3.8%,razonable,entrada_escalada,3395.1,3445.0,3395.10 - 3445.00,3137.58,3194.72,3137.58 - 3194.72,Pérdida del soporte en 3445.00 | ROE negativo durante 2 trimestres consecutivos | Ampliación de capital dilutiva | Recorte de rating a bono basura,6-12,"SHELL PLC ORD EUR0.07 está un 3.8% por debajo de su máximo 52s. Fundamentalmente sólida con ROE 14.3%, deuda neta/EBITDA 0.7x. Técnicamente 🟡 MACD convergiendo, 🟢 Cerca de soporte. Clasificación: entrada_escalada.","SHELL PLC ORD EUR0.07 está un 3.8% por debajo de su máximo 52s. Fundamentalmente sólida con ROE 14.3%, deuda neta/EBITDA 0.7x. Técnicamente 🟡 MACD convergiendo, 🟢 Cerca de soporte. Clasificación: entrada_escalada.",🟡 MACD convergiendo | 🟢 Cerca de soporte | 🟢 base_pattern_detected | 🟡 trendline_break,0.03,11,20,False,32.8,0.4,9551780.0,41701998592.0,0.72,-3.4,gross,26.1,16.8,9.3,14.3,206279.0,10.7,1.52,4.2,3.8,3.8,15.2,64.3,False,True,125.7908,False,78.4,63.8,False,3161.46,14.3,True,True,30,18,0.64,3445.0,True
81,MUV2.DE,MUENCHENER RUECKVERS.-GES. AG N,EUROSTOXX,Financial Services,Insurance - Reinsurance,Germany,EUR,506.8,1.0,script-v2.0,1.0,2026-09-24T12:56:10.331080+02:00,58.9,63.8,99,33,0,7,44,pendiente_confirmacion,pendiente_confirmacion,,True,pass,pendiente,0,desconocido,Pendiente de implementar,parcial,margin_stabilization (media): Margen operating 15.6% vs 13.7% (+1.9 pp) | eps_stabilization (media): EPS 17.50 vs 13.41 (Diluted EPS) | dividend_maintained (baja): Dividendo actual 4.74% con caída del 12.0%,incompleto,pendiente_confirmacion,504.54,506.8,504.54 - 506.80,489.26,504.19,489.26 - 504.19,Pérdida del soporte en 504.54 | ROE negativo durante 2 trimestres consecutivos | Ampliación de capital dilutiva | Recorte de rating a bono basura,6-12,"MUENCHENER RUECKVERS.-GES. AG N está un 12.0% por debajo de su máximo 52s. Fundamentalmente sólida con ROE 21.3%, D/E 0.24. Técnicamente 🟡 MACD convergiendo, 🟢 Cerca de soporte. Clasificación: pendiente_confirmacion.","MUENCHENER RUECKVERS.-GES. AG N está un 12.0% por debajo de su máximo 52s. Fundamentalmente sólida con ROE 21.3%, D/E 0.24. Técnicamente 🟡 MACD convergiendo, 🟢 Cerca de soporte. Clasificación: pendiente_confirmacion.",🟡 MACD convergiendo | 🟢 Cerca de soporte | 🟡 Apoyo en MA40 semanal,4.74,11,20,False,44.6,0.24,273497.0,2403000320.0,,9.4,operating,17.3,14.9,2.4,21.3,63763.0,9.4,1.9,,12.0,13.2,0.5,46.8,False,True,2.9327,False,44.9,34.0,False,503.38,0.7,False,False,39,5,0.62,504.54,True
82,000660.KS,SK hynix,ASIA,Technology,Semiconductors,South Korea,KRW,1862000.0,1.0,script-v2.0,1.0,2026-09-24T12:58:34.876424+02:00,58.0,66.3,77,57,0,15,33,pendiente_confirmacion,pendiente_confirmacion,,True,pass,pendiente,0,desconocido,Pendiente de implementar,confirmada,"margin_stabilization (media): Margen gross 83.2% vs 79.3% (+3.9 pp) | eps_stabilization (media): EPS 131478.00 vs 56670.00 (Diluted EPS) | debt_reduction (alta): Deuda 21113138.6M vs 21832416.0M | dividend_maintained (baja): Dividendo actual 0.08% con caída del 37.7% | analyst_upgrade (media): Target 3184025.50 vs precio 1862000.00 (+71%), recMean 1.34, recKey strong_buy",incompleto,pendiente_confirmacion,1693957.07,1854597.89,1693957.07 - 1854597.89,1386445.62,2538950.0,1386445.62 - 2538950.00,Pérdida del soporte en 1854597.89 | ROE negativo durante 2 trimestres consecutivos | Ampliación de capital dilutiva | Recorte de rating a bono basura,12-18,"SK hynix está un 37.7% por debajo de su máximo 52s. Fundamentalmente sólida con ROE 92.7%, deuda neta/EBITDA -0.5x. Técnicamente 🟢 Divergencia alcista RSI, 🟢 Cerca de soporte. Clasificación: pendiente_confirmacion.","SK hynix está un 37.7% por debajo de su máximo 52s. Fundamentalmente sólida con ROE 92.7%, deuda neta/EBITDA -0.5x. Técnicamente 🟢 Divergencia alcista RSI, 🟢 Cerca de soporte. Clasificación: pendiente_confirmacion.",🟢 Divergencia alcista RSI | 🟢 Cerca de soporte,0.08,11,13,False,1.3,8.04,5030432.0,-66867840417792.0,-0.47,-3.3,gross,76.3,72.2,4.1,92.7,1321749879.0,3.9,,8.76,37.7,37.6,34.3,57.3,False,False,120738.5385,False,76.8,81.7,False,1461357.33,27.4,False,False,33,0,0.91,1854597.89,False
83,ABI.BR,AB INBEV,EUROSTOXX,Consumer Defensive,Beverages - Brewers,Belgium,EUR,68.5,1.0,script-v2.0,1.0,2026-09-24T12:56:43.505466+02:00,57.5,65.7,95,40,0,15,33,pendiente_confirmacion,pendiente_confirmacion,,True,pass,pendiente,0,desconocido,Pendiente de implementar,confirmada,"margin_stabilization (media): Margen gross 57.5% vs 56.6% (+0.9 pp) | eps_stabilization (media): EPS 1.90 vs 1.30 (Diluted EPS) | debt_reduction (alta): Deuda 72732.0M vs 73027.0M | dividend_maintained (baja): Dividendo actual 1.68% con caída del 10.1% | analyst_upgrade (media): Target 83.60 vs precio 68.50 (+22%), recMean 1.60, recKey buy",incompleto,pendiente_confirmacion,68.38,68.5,68.38 - 68.50,64.75,65.29,64.75 - 65.29,Pérdida del soporte en 68.38 | ROE negativo durante 2 trimestres consecutivos | Ampliación de capital dilutiva | Recorte de rating a bono basura,6-12,"AB INBEV está un 10.1% por debajo de su máximo 52s. Fundamentalmente sólida con ROE 11.4%, deuda neta/EBITDA 3.3x. Técnicamente 🟢 Cerca de soporte. Clasificación: pendiente_confirmacion.","AB INBEV está un 10.1% por debajo de su máximo 52s. Fundamentalmente sólida con ROE 11.4%, deuda neta/EBITDA 3.3x. Técnicamente 🟢 Cerca de soporte. Clasificación: pendiente_confirmacion.",🟢 Cerca de soporte,1.68,11,20,False,28.9,0.72,1746471.0,64721000448.0,3.28,-0.4,gross,56.5,56.5,0.0,11.4,134885.0,16.9,1.65,10.41,10.1,10.1,4.9,50.1,False,False,1.2474,False,55.8,44.0,False,65.69,4.3,False,False,33,0,0.59,68.38,False
84,GLE.PA,SOCIETE GENERALE,EUROSTOXX,Financial Services,Banks - Regional,France,EUR,70.77,1.0,script-v2.0,1.0,2026-09-24T12:56:21.371526+02:00,56.4,63.8,67,61,0,7,34,pendiente_confirmacion,pendiente_confirmacion,,True,pass,pendiente,0,desconocido,Pendiente de implementar,parcial,"eps_stabilization (media): EPS 2.05 vs 1.88 (Diluted EPS) | dividend_maintained (baja): Dividendo actual 2.47% con caída del 16.6% | analyst_upgrade (media): Target 88.27 vs precio 70.77 (+25%), recMean 1.95, recKey buy",incompleto,pendiente_confirmacion,64.33,70.77,64.33 - 70.77,71.48,72.1,71.48 - 72.10,Pérdida del soporte en 64.33 | ROE negativo durante 2 trimestres consecutivos | Ampliación de capital dilutiva | Recorte de rating a bono basura,6-12,"SOCIETE GENERALE está un 16.6% por debajo de su máximo 52s. Fundamentalmente sólida con ROE 9.5%, dividendo 2.5%. Técnicamente 🟡 Apoyo en MA40 semanal. Clasificación: pendiente_confirmacion.","SOCIETE GENERALE está un 16.6% por debajo de su máximo 52s. Fundamentalmente sólida con ROE 9.5%, dividendo 2.5%. Técnicamente 🟡 Apoyo en MA40 semanal. Clasificación: pendiente_confirmacion.",🟡 Apoyo en MA40 semanal,2.47,10,6,False,21.2,,1671664.0,-362578968576.0,,117.1,,0.0,,,9.5,51285.0,9.3,0.72,,16.6,16.6,-1.0,36.4,False,False,1.6774,False,13.0,15.2,False,71.35,-0.8,False,False,29,5,0.87,64.33,False
85,ZURN.SW,ZURICH INSURANCE N,EUROSTOXX,Financial Services,Insurance - Diversified,Switzerland,CHF,579.2,1.0,script-v2.0,1.0,2026-09-24T12:56:51.532649+02:00,55.1,59.1,97,26,0,9,43,pendiente_confirmacion,pendiente_confirmacion,,False,pass,pendiente,0,desconocido,Pendiente de implementar,parcial,eps_stabilization (media): EPS 47.20 vs 40.15 (annual_eps_fallback) | debt_reduction (alta): Deuda 15358.0M vs 15681.0M | dividend_maintained (baja): Dividendo actual 5.18% con caída del 7.5%,incompleto,pendiente_confirmacion,538.53,579.2,538.53 - 579.20,532.1,562.96,532.10 - 562.96,Pérdida del soporte en 538.53 | ROE negativo durante 2 trimestres consecutivos | Ampliación de capital dilutiva | Recorte de rating a bono basura,6-12,"ZURICH INSURANCE N está un 7.5% por debajo de su máximo 52s. Fundamentalmente aceptable con ROE 25.7%, deuda neta/EBITDA -1.5x. Técnicamente 🟢 Divergencia alcista RSI, 🟢 Estocástico sale de sobreventa. Clasificación: pendiente_confirmacion.","ZURICH INSURANCE N está un 7.5% por debajo de su máximo 52s. Fundamentalmente aceptable con ROE 25.7%, deuda neta/EBITDA -1.5x. Técnicamente 🟢 Divergencia alcista RSI, 🟢 Estocástico sale de sobreventa. Clasificación: pendiente_confirmacion.",🟢 Divergencia alcista RSI | 🟢 Estocástico sale de sobreventa | 🟡 Apoyo en MA40 semanal,5.18,11,20,False,76.8,0.46,242268.0,-17121999872.0,-1.5,-2.1,,24.3,,,25.7,86515.0,14.3,3.6,6.2,7.5,7.5,2.9,38.7,False,False,10.4809,False,16.3,12.8,True,563.33,2.8,False,False,32,11,0.86,538.53,False
86,TTE.PA,TOTALENERGIES,EUROSTOXX,Energy,Oil & Gas Integrated,France,EUR,80.34,1.0,script-v2.0,1.0,2026-09-24T12:56:27.874404+02:00,54.0,58.9,100,23,0,6,39,pendiente_confirmacion,pendiente_confirmacion,,False,pass,pendiente,0,desconocido,Pendiente de implementar,parcial,debt_reduction (alta): Deuda 62917.0M vs 64008.0M | dividend_maintained (baja): Dividendo actual 4.48% con caída del 1.2%,incompleto,pendiente_confirmacion,73.14,76.45,73.14 - 76.45,69.14,70.07,69.14 - 70.07,Pérdida del soporte en 73.14 | ROE negativo durante 2 trimestres consecutivos | Ampliación de capital dilutiva | Recorte de rating a bono basura,6-12,"TOTALENERGIES está un 1.2% por debajo de su máximo 52s. Fundamentalmente aceptable con ROE 14.5%, deuda neta/EBITDA 0.8x. Técnicamente 🟡 MACD convergiendo, 🟢 base_pattern_detected. Clasificación: pendiente_confirmacion.","TOTALENERGIES está un 1.2% por debajo de su máximo 52s. Fundamentalmente aceptable con ROE 14.5%, deuda neta/EBITDA 0.8x. Técnicamente 🟡 MACD convergiendo, 🟢 base_pattern_detected. Clasificación: pendiente_confirmacion.",🟡 MACD convergiendo | 🟢 base_pattern_detected | 🟡 trendline_break,4.48,11,20,False,49.3,0.48,3522789.0,31200002048.0,0.79,-1.7,gross,37.7,30.7,7.0,14.5,177474.0,11.5,1.61,5.32,1.2,1.0,14.7,62.4,False,True,2.9205,False,82.9,68.3,False,70.71,13.6,True,True,21,18,0.63,73.14,True
87,1038.HK,CKI HOLDINGS,ASIA,Utilities,Utilities - Regulated Electric,Hong Kong,HKD,65.7,1.0,script-v2.0,1.0,2026-09-24T12:58:33.135260+02:00,53.4,62.1,100,29,0,4,27,seguimiento,seguimiento,Sin señales de recuperación,False,pass,pendiente,0,desconocido,Pendiente de implementar,ausente,eps_stabilization (media): EPS 3.28 vs 3.22 (annual_eps_fallback) | dividend_maintained (baja): Dividendo actual 4.00% con caída del 3.2%,incompleto,seguimiento,61.83,63.47,61.83 - 63.47,57.72,60.63,57.72 - 60.63,Pérdida del soporte en 61.83 | ROE negativo durante 2 trimestres consecutivos | Ampliación de capital dilutiva | Recorte de rating a bono basura,6-12,"CKI HOLDINGS está un 3.2% por debajo de su máximo 52s. Fundamentalmente sólida con ROE 17.2%, deuda neta/EBITDA -38.6x. Técnicamente 🟡 MACD convergiendo, 🟡 trendline_break. Clasificación: seguimiento.","CKI HOLDINGS está un 3.2% por debajo de su máximo 52s. Fundamentalmente sólida con ROE 17.2%, deuda neta/EBITDA -38.6x. Técnicamente 🟡 MACD convergiendo, 🟡 trendline_break. Clasificación: seguimiento.",🟡 MACD convergiendo | 🟡 trendline_break,4.0,11,20,False,25.7,0.14,1423894.0,-33624002560.0,-38.56,3.7,,18.4,,,17.2,165538.0,6.5,1.12,150.07,3.2,1.1,8.4,58.9,False,True,1.7071,False,77.6,72.6,False,61.43,7.0,False,True,21,6,0.67,61.83,True
88,UNH,UnitedHealth Group Incorporated,SP500,Healthcare,Healthcare Plans,United States,USD,371.29,1.0,script-v2.0,1.0,2026-09-24T12:57:25.099051+02:00,52.0,61.6,100,28,0,9,23,seguimiento,seguimiento,Sin suelo técnico identificado,False,pass,pendiente,0,desconocido,Pendiente de implementar,parcial,"debt_reduction (alta): Deuda 73328.0M vs 77917.0M | dividend_maintained (baja): Dividendo actual 2.50% con caída del 19.6% | analyst_upgrade (media): Target 481.72 vs precio 371.29 (+30%), recMean 1.58, recKey buy",sin_suelo,seguimiento,349.44,371.29,349.44 - 371.29,350.67,392.38,350.67 - 392.38,Pérdida del soporte en 349.44 | ROE negativo durante 2 trimestres consecutivos | Ampliación de capital dilutiva | Recorte de rating a bono basura,6-12,"UnitedHealth Group Incorporated está un 19.6% por debajo de su máximo 52s. Fundamentalmente sólida con ROE 14.2%, deuda neta/EBITDA 1.6x. Técnicamente sin suelo técnico identificado. Clasificación: seguimiento.","UnitedHealth Group Incorporated está un 19.6% por debajo de su máximo 52s. Fundamentalmente sólida con ROE 14.2%, deuda neta/EBITDA 1.6x. Técnicamente sin suelo técnico identificado. Clasificación: seguimiento.",,2.5,11,20,False,57.5,0.69,5130076.0,41860001792.0,1.57,-5.9,gross,19.7,19.5,0.2,14.2,333268.0,23.9,3.41,14.34,19.6,38.3,5.9,35.2,False,False,9.6276,False,13.9,14.8,False,353.11,5.1,False,False,23,0,1.22,349.44,False
89,BAC,Bank of America Corporation,SP500,Financial Services,Banks - Diversified,United States,USD,56.0,1.0,script-v2.0,1.0,2026-09-24T12:57:20.700725+02:00,51.7,54.3,74,37,0,7,44,pendiente_confirmacion,pendiente_confirmacion,,True,pass,pendiente,0,desconocido,Pendiente de implementar,parcial,"eps_stabilization (media): EPS 1.21 vs 1.11 (Diluted EPS) | dividend_maintained (baja): Dividendo actual 2.29% con caída del 14.1% | analyst_upgrade (media): Target 68.81 vs precio 56.00 (+23%), recMean 1.50, recKey strong_buy",incompleto,pendiente_confirmacion,50.41,56.0,50.41 - 56.00,54.76,55.45,54.76 - 55.45,Pérdida del soporte en 50.41 | ROE negativo durante 2 trimestres consecutivos | Ampliación de capital dilutiva | Recorte de rating a bono basura,6-12,"Bank of America Corporation está un 14.1% por debajo de su máximo 52s. Fundamentalmente aceptable con ROE 11.2%, dividendo 2.3%. Técnicamente 🔵 RSI en sobreventa, 🟡 Apoyo en MA40 semanal. Clasificación: pendiente_confirmacion.","Bank of America Corporation está un 14.1% por debajo de su máximo 52s. Fundamentalmente aceptable con ROE 11.2%, dividendo 2.3%. Técnicamente 🔵 RSI en sobreventa, 🟡 Apoyo en MA40 semanal. Clasificación: pendiente_confirmacion.",🔵 RSI en sobreventa | 🟡 Apoyo en MA40 semanal,2.29,11,20,False,25.9,,33232350.0,-79157002240.0,,115.6,,0.0,,,11.2,391594.0,13.0,1.42,,14.1,13.7,2.3,25.2,False,False,2.0735,False,3.2,5.5,False,54.8,2.2,False,False,39,5,1.02,50.41,True
90,QCOM,QUALCOMM Incorporated,SP500,Technology,Semiconductors,United States,USD,197.24,1.0,script-v2.0,1.0,2026-09-24T12:57:55.738102+02:00,51.2,56.3,100,18,0,6,36,pendiente_confirmacion,pendiente_confirmacion,,False,pass,pendiente,0,desconocido,Pendiente de implementar,parcial,debt_reduction (alta): Deuda 15270.0M vs 15270.0M | dividend_maintained (baja): Dividendo actual 1.87% con caída del 24.1%,incompleto,pendiente_confirmacion,168.65,189.18,168.65 - 189.18,167.39,220.93,167.39 - 220.93,Pérdida del soporte en 189.18 | ROE negativo durante 2 trimestres consecutivos | Ampliación de capital dilutiva | Recorte de rating a bono basura,6-12,"QUALCOMM Incorporated está un 24.1% por debajo de su máximo 52s. Fundamentalmente aceptable con ROE 33.8%, deuda neta/EBITDA 0.6x. Técnicamente 🟢 Cerca de soporte, 🟢 base_pattern_detected. Clasificación: pendiente_confirmacion.","QUALCOMM Incorporated está un 24.1% por debajo de su máximo 52s. Fundamentalmente aceptable con ROE 33.8%, deuda neta/EBITDA 0.6x. Técnicamente 🟢 Cerca de soporte, 🟢 base_pattern_detected. Clasificación: pendiente_confirmacion.",🟢 Cerca de soporte | 🟢 base_pattern_detected,1.87,11,20,False,41.0,0.55,14077839.0,6965999616.0,0.58,-0.0,gross,54.2,54.2,0.0,33.8,210664.0,22.5,7.54,17.84,24.1,23.4,17.8,66.8,False,False,2.2508,False,93.2,95.8,False,168.2,17.3,True,False,24,12,0.91,189.18,True
91,KER.PA,KERING,EUROSTOXX,Consumer Cyclical,Luxury Goods,France,EUR,227.05,1.0,script-v2.0,1.0,2026-09-24T12:56:22.235607+02:00,51.0,54.3,57,52,0,9,41,pendiente_confirmacion,pendiente_confirmacion,,True,pass,pendiente,0,desconocido,Pendiente de implementar,parcial,"debt_reduction (alta): Deuda 17907.0M vs 18149.0M | dividend_maintained (baja): Dividendo actual 1.32% con caída del 35.9% | analyst_upgrade (media): Target 283.91 vs precio 227.05 (+25%), recMean 0.00, recKey strong_buy",incompleto,pendiente_confirmacion,215.7,227.05,215.70 - 227.05,260.29,301.07,260.29 - 301.07,Pérdida del soporte en 215.70 | ROE negativo durante 2 trimestres consecutivos | Ampliación de capital dilutiva | Recorte de rating a bono basura,12-18,"KERING está un 35.9% por debajo de su máximo 52s. Fundamentalmente aceptable con ROE -1.6%, deuda neta/EBITDA 3.8x. Técnicamente 🟢 base_pattern_detected. Clasificación: pendiente_confirmacion.","KERING está un 35.9% por debajo de su máximo 52s. Fundamentalmente aceptable con ROE -1.6%, deuda neta/EBITDA 3.8x. Técnicamente 🟢 base_pattern_detected. Clasificación: pendiente_confirmacion.",🟢 base_pattern_detected,1.32,11,20,False,101.0,1.17,308681.0,9426999296.0,3.75,-1.3,,72.1,,,-1.6,27840.0,22.9,1.92,15.17,35.9,34.9,-12.8,35.6,False,False,-5.2403,False,8.0,13.9,False,259.13,-12.4,True,False,29,12,0.75,,False
92,SAP.DE,SAP SE                        I,EUROSTOXX,Technology,Software - Application,Germany,EUR,183.0,1.0,script-v2.0,1.0,2026-09-24T12:56:12.046101+02:00,50.9,54.9,97,18,0,7,39,pendiente_confirmacion,pendiente_confirmacion,,False,pass,pendiente,0,desconocido,Pendiente de implementar,parcial,margin_stabilization (media): Margen gross 73.2% vs 73.0% (+0.2 pp) | eps_stabilization (media): EPS 1.88 vs 1.65 (Diluted EPS) | dividend_maintained (baja): Dividendo actual 1.37% con caída del 25.1%,incompleto,pendiente_confirmacion,173.85,177.66,173.85 - 177.66,165.05,207.66,165.05 - 207.66,Pérdida del soporte en 177.66 | ROE negativo durante 2 trimestres consecutivos | Ampliación de capital dilutiva | Recorte de rating a bono basura,12-18,"SAP SE                        I está un 25.1% por debajo de su máximo 52s. Fundamentalmente aceptable con ROE 18.3%, deuda neta/EBITDA -0.1x. Técnicamente 🟢 Cerca de soporte, 🟢 base_pattern_detected. Clasificación: pendiente_confirmacion.","SAP SE                        I está un 25.1% por debajo de su máximo 52s. Fundamentalmente aceptable con ROE 18.3%, deuda neta/EBITDA -0.1x. Técnicamente 🟢 Cerca de soporte, 🟢 base_pattern_detected. Clasificación: pendiente_confirmacion.",🟢 Cerca de soporte | 🟢 base_pattern_detected | 🟡 trendline_break,1.37,11,20,False,37.4,0.22,2604070.0,-1685999616.0,-0.14,26.4,gross,73.7,72.8,0.9,18.3,211219.0,27.4,4.72,18.2,25.1,33.8,10.9,52.1,False,False,5.0946,False,63.6,67.2,False,163.67,11.8,True,True,21,18,0.5,177.66,True
93,CB,Chubb Limited,SP500,Financial Services,Insurance - Property & Casualty,Switzerland,USD,335.21,1.0,script-v2.0,1.0,2026-09-24T12:57:18.501903+02:00,50.6,54.5,86,27,0,7,39,pendiente_confirmacion,pendiente_confirmacion,,False,pass,pendiente,0,desconocido,Pendiente de implementar,parcial,margin_stabilization (media): Margen operating 24.0% vs 21.5% (+2.4 pp) | eps_stabilization (media): EPS 7.30 vs 5.88 (Diluted EPS) | dividend_maintained (baja): Dividendo actual 1.22% con caída del 8.4%,incompleto,pendiente_confirmacion,317.88,335.21,317.88 - 335.21,311.02,326.82,311.02 - 326.82,Pérdida del soporte en 317.88 | ROE negativo durante 2 trimestres consecutivos | Ampliación de capital dilutiva | Recorte de rating a bono basura,6-12,"Chubb Limited está un 8.4% por debajo de su máximo 52s. Fundamentalmente aceptable con ROE 14.8%, deuda neta/EBITDA 1.1x. Técnicamente 🟢 Volumen creciente, 🟡 Apoyo en MA40 semanal. Clasificación: pendiente_confirmacion.","Chubb Limited está un 8.4% por debajo de su máximo 52s. Fundamentalmente aceptable con ROE 14.8%, deuda neta/EBITDA 1.1x. Técnicamente 🟢 Volumen creciente, 🟡 Apoyo en MA40 semanal. Clasificación: pendiente_confirmacion.",🟢 Volumen creciente | 🟡 Apoyo en MA40 semanal,1.22,11,20,False,13.9,0.31,1787004.0,17045999616.0,1.15,43.2,operating,23.5,24.2,-0.7,14.8,129324.0,11.9,1.72,10.2,8.4,8.1,2.6,41.4,False,False,5.5039,False,16.8,33.1,False,328.55,2.0,False,False,34,5,1.46,317.88,False
94,9433.T,KDDI CORPORATION,ASIA,Communication Services,Telecom Services,Japan,JPY,3031.0,1.0,script-v2.0,1.0,2026-09-24T12:58:15.944535+02:00,50.4,56.9,99,20,0,9,31,pendiente_confirmacion,pendiente_confirmacion,,False,pass,pendiente,0,desconocido,Pendiente de implementar,parcial,eps_stabilization (media): EPS 51.33 vs 43.00 (Diluted EPS) | debt_reduction (alta): Deuda 5296146.1M vs 5397863.0M | dividend_maintained (baja): Dividendo actual 2.77% con caída del 2.9%,incompleto,pendiente_confirmacion,2838.5,2930.54,2838.50 - 2930.54,2652.85,2723.92,2652.85 - 2723.92,Pérdida del soporte en 2838.50 | ROE negativo durante 2 trimestres consecutivos | Ampliación de capital dilutiva | Recorte de rating a bono basura,6-12,"KDDI CORPORATION está un 2.9% por debajo de su máximo 52s. Fundamentalmente aceptable con ROE 14.6%, deuda neta/EBITDA 2.5x. Técnicamente 🟢 Volumen creciente, 🟡 trendline_break. Clasificación: pendiente_confirmacion.","KDDI CORPORATION está un 2.9% por debajo de su máximo 52s. Fundamentalmente aceptable con ROE 14.6%, deuda neta/EBITDA 2.5x. Técnicamente 🟢 Volumen creciente, 🟡 trendline_break. Clasificación: pendiente_confirmacion.",🟢 Volumen creciente | 🟡 trendline_break,2.77,11,20,False,43.6,0.94,8840152.0,4465748082688.0,2.48,-1.9,,42.8,,,14.6,11202463.0,16.5,2.25,9.23,2.9,2.9,11.3,56.1,False,False,102.5692,False,53.8,74.4,False,2738.42,10.7,False,True,25,6,1.33,2838.5,True
95,XOM,ExxonMobil Holdings Corporation,SP500,Energy,Oil & Gas Integrated,United States,USD,161.23,1.0,script-v2.0,1.0,2026-09-24T12:57:09.467475+02:00,50.0,53.1,100,12,0,12,41,pendiente_confirmacion,pendiente_confirmacion,,False,pass,pendiente,0,desconocido,Pendiente de implementar,confirmada,margin_stabilization (media): Margen gross 22.5% vs 16.7% (+5.8 pp) | eps_stabilization (media): EPS 3.48 vs 1.00 (Diluted EPS) | debt_reduction (alta): Deuda 42368.0M vs 47661.0M | dividend_maintained (baja): Dividendo actual 2.56% con caída del 8.6%,incompleto,pendiente_confirmacion,144.43,158.03,144.43 - 158.03,145.79,149.95,145.79 - 149.95,Pérdida del soporte en 144.43 | ROE negativo durante 2 trimestres consecutivos | Ampliación de capital dilutiva | Recorte de rating a bono basura,6-12,"ExxonMobil Holdings Corporation está un 8.6% por debajo de su máximo 52s. Fundamentalmente aceptable con ROE 12.6%, deuda neta/EBITDA 0.5x. Técnicamente 🟢 Volumen creciente, 🟢 base_pattern_detected. Clasificación: pendiente_confirmacion.","ExxonMobil Holdings Corporation está un 8.6% por debajo de su máximo 52s. Fundamentalmente aceptable con ROE 12.6%, deuda neta/EBITDA 0.5x. Técnicamente 🟢 Volumen creciente, 🟢 base_pattern_detected. Clasificación: pendiente_confirmacion.",🟢 Volumen creciente | 🟢 base_pattern_detected | 🟡 trendline_break,2.56,11,20,False,52.5,0.16,14807121.0,31779999744.0,0.47,-11.1,gross,29.8,20.4,9.3,12.6,662964.0,20.4,2.56,10.32,8.6,7.4,10.6,49.9,False,False,6.0292,False,28.1,25.1,False,147.66,9.2,True,True,23,18,1.47,144.43,True
96,CVX,Chevron Corporation,SP500,Energy,Oil & Gas Integrated,United States,USD,205.51,1.0,script-v2.0,1.0,2026-09-24T12:57:09.637687+02:00,50.0,53.1,100,12,0,12,41,pendiente_confirmacion,pendiente_confirmacion,,False,pass,pendiente,0,desconocido,Pendiente de implementar,confirmada,margin_stabilization (media): Margen gross 36.5% vs 28.4% (+8.1 pp) | eps_stabilization (media): EPS 6.11 vs 1.11 (Diluted EPS) | debt_reduction (alta): Deuda 37075.0M vs 45428.0M | dividend_maintained (baja): Dividendo actual 3.46% con caída del 5.6%,incompleto,pendiente_confirmacion,194.95,198.91,194.95 - 198.91,181.77,185.11,181.77 - 185.11,Pérdida del soporte en 194.95 | ROE negativo durante 2 trimestres consecutivos | Ampliación de capital dilutiva | Recorte de rating a bono basura,6-12,"Chevron Corporation está un 5.6% por debajo de su máximo 52s. Fundamentalmente aceptable con ROE 12.2%, deuda neta/EBITDA 0.6x. Técnicamente 🟢 Volumen creciente, 🟢 base_pattern_detected. Clasificación: pendiente_confirmacion.","Chevron Corporation está un 5.6% por debajo de su máximo 52s. Fundamentalmente aceptable con ROE 12.2%, deuda neta/EBITDA 0.6x. Técnicamente 🟢 Volumen creciente, 🟢 base_pattern_detected. Clasificación: pendiente_confirmacion.",🟢 Volumen creciente | 🟢 base_pattern_detected | 🟡 trendline_break,3.46,11,20,False,67.2,0.19,8873798.0,28545001472.0,0.56,-18.4,gross,44.3,31.9,12.3,12.2,403129.0,19.9,2.12,8.63,5.6,5.6,13.1,49.4,False,False,8.7779,False,14.2,18.7,False,184.52,11.4,True,True,23,18,2.14,194.95,True
97,SWK,"Stanley Black & Decker, Inc.",SP500,Industrials,Tools & Accessories,United States,USD,91.76,1.0,script-v2.0,1.0,2026-09-24T12:57:12.293705+02:00,48.8,53.0,85,25,0,12,36,pendiente_confirmacion,pendiente_confirmacion,,False,pass,pendiente,0,desconocido,Pendiente de implementar,confirmada,margin_stabilization (media): Margen gross 33.0% vs 30.1% (+2.9 pp) | eps_stabilization (media): EPS 2.33 vs 0.39 (Diluted EPS) | debt_reduction (alta): Deuda 5211.5M vs 6501.2M | dividend_maintained (baja): Dividendo actual 3.66% con caída del 12.3%,incompleto,pendiente_confirmacion,85.43,91.76,85.43 - 91.76,81.7,88.98,81.70 - 88.98,Pérdida del soporte en 85.43 | ROE negativo durante 2 trimestres consecutivos | Ampliación de capital dilutiva | Recorte de rating a bono basura,6-12,"Stanley Black & Decker, Inc. está un 12.3% por debajo de su máximo 52s. Fundamentalmente aceptable con ROE 6.9%, deuda neta/EBITDA 2.6x. Técnicamente 🟡 MACD convergiendo, 🟢 Volumen creciente. Clasificación: pendiente_confirmacion.","Stanley Black & Decker, Inc. está un 12.3% por debajo de su máximo 52s. Fundamentalmente aceptable con ROE 6.9%, deuda neta/EBITDA 2.6x. Técnicamente 🟡 MACD convergiendo, 🟢 Volumen creciente. Clasificación: pendiente_confirmacion.",🟡 MACD convergiendo | 🟢 Volumen creciente,3.66,11,20,False,81.2,0.58,1789282.0,4619100032.0,2.58,-19.8,gross,32.2,31.9,0.3,6.9,13857.0,22.5,1.55,10.32,12.3,11.6,12.3,46.8,False,True,4.4163,False,42.8,26.1,False,82.83,10.8,False,False,36,0,1.3,85.43,True
98,EDP.LS,"EDP, SA",EUROSTOXX,Utilities,Utilities - Diversified,Portugal,EUR,4.788,1.0,script-v2.0,1.0,2026-09-24T12:56:46.042508+02:00,47.6,52.5,84,25,0,7,33,pendiente_confirmacion,pendiente_confirmacion,,False,pass,pendiente,0,desconocido,Pendiente de implementar,parcial,margin_stabilization (media): Margen gross 39.7% vs 40.0% (-0.3 pp) | eps_stabilization (media): EPS 0.09 vs 0.09 (Diluted EPS) | dividend_maintained (baja): Dividendo actual 4.39% con caída del 1.9%,incompleto,pendiente_confirmacion,4.41,4.63,4.41 - 4.63,4.15,4.32,4.15 - 4.32,Pérdida del soporte en 4.41 | ROE negativo durante 2 trimestres consecutivos | Ampliación de capital dilutiva | Recorte de rating a bono basura,6-12,"EDP, SA está un 1.9% por debajo de su máximo 52s. Fundamentalmente aceptable con ROE 8.9%, deuda neta/EBITDA 5.5x. Técnicamente 🟢 base_pattern_detected, 🟡 trendline_break. Clasificación: pendiente_confirmacion.","EDP, SA está un 1.9% por debajo de su máximo 52s. Fundamentalmente aceptable con ROE 8.9%, deuda neta/EBITDA 5.5x. Técnicamente 🟢 base_pattern_detected, 🟡 trendline_break. Clasificación: pendiente_confirmacion.",🟢 base_pattern_detected | 🟡 trendline_break,4.39,11,20,False,70.8,1.46,7743165.0,21343151360.0,5.51,3.7,gross,40.6,37.1,3.5,8.9,19793.0,16.5,1.64,11.71,1.9,1.9,10.7,55.8,False,False,0.1498,False,70.9,75.5,False,4.35,10.1,True,True,15,18,0.84,4.41,True
99,TEN.MI,TENARIS,EUROSTOXX,Energy,Oil & Gas Equipment & Services,Luxembourg,EUR,24.88,1.0,script-v2.0,1.0,2026-09-24T12:56:41.365664+02:00,47.2,51.0,83,23,0,6,36,pendiente_confirmacion,pendiente_confirmacion,,False,pass,pendiente,0,desconocido,Pendiente de implementar,parcial,debt_reduction (alta): Deuda 447.0M vs 473.5M | dividend_maintained (baja): Dividendo actual 4.14% con caída del 10.6%,incompleto,pendiente_confirmacion,23.56,24.08,23.56 - 24.08,22.99,23.65,22.99 - 23.65,Pérdida del soporte en 23.56 | ROE negativo durante 2 trimestres consecutivos | Ampliación de capital dilutiva | Recorte de rating a bono basura,6-12,"TENARIS está un 10.6% por debajo de su máximo 52s. Fundamentalmente aceptable con ROE 11.6%, deuda neta/EBITDA -0.8x. Técnicamente 🟢 Divergencia alcista RSI, 🟢 base_pattern_detected. Clasificación: pendiente_confirmacion.","TENARIS está un 10.6% por debajo de su máximo 52s. Fundamentalmente aceptable con ROE 11.6%, deuda neta/EBITDA -0.8x. Técnicamente 🟢 Divergencia alcista RSI, 🟢 base_pattern_detected. Clasificación: pendiente_confirmacion.",🟢 Divergencia alcista RSI | 🟢 base_pattern_detected,4.14,11,20,False,47.6,2.6,1300732.0,-2335831936.0,-0.85,-5.6,gross,38.5,33.9,4.6,11.6,25120.0,15.2,1.7,8.33,10.6,10.6,8.2,58.4,False,False,0.4694,False,87.7,74.9,False,23.18,7.4,True,False,24,12,0.68,23.56,True
100,SSE.L,SSE PLC ORD 50P,EUROSTOXX,Utilities,Utilities - Diversified,United Kingdom,GBp,2471.0,1.0,script-v2.0,1.0,2026-09-24T12:56:58.799212+02:00,47.0,50.6,89,17,0,6,36,pendiente_confirmacion,pendiente_confirmacion,,False,pass,pendiente,0,desconocido,Pendiente de implementar,parcial,debt_reduction (alta): Deuda 10170.4M vs 10467.9M | dividend_maintained (baja): Dividendo actual 0.03% con caída del 10.7%,incompleto,pendiente_confirmacion,2313.91,2402.87,2313.91 - 2402.87,2352.38,2443.43,2352.38 - 2443.43,Pérdida del soporte en 2313.91 | ROE negativo durante 2 trimestres consecutivos | Ampliación de capital dilutiva | Recorte de rating a bono basura,6-12,"SSE PLC ORD 50P está un 10.7% por debajo de su máximo 52s. Fundamentalmente aceptable con ROE 9.7%, deuda neta/EBITDA 3.2x. Técnicamente 🟡 Apoyo en MA40 semanal, 🟢 base_pattern_detected. Clasificación: pendiente_confirmacion.","SSE PLC ORD 50P está un 10.7% por debajo de su máximo 52s. Fundamentalmente aceptable con ROE 9.7%, deuda neta/EBITDA 3.2x. Técnicamente 🟡 Apoyo en MA40 semanal, 🟢 base_pattern_detected. Clasificación: pendiente_confirmacion.",🟡 Apoyo en MA40 semanal | 🟢 base_pattern_detected,0.03,11,20,False,61.1,0.62,2829867.0,8627499776.0,3.17,-2.8,,37.1,,,9.7,29808.0,23.5,2.35,14.39,10.7,10.7,1.1,58.0,False,False,8.6996,False,85.1,84.7,False,2459.93,0.5,True,False,19,17,0.75,2313.91,False
101,NESTE.HE,Neste Corporation,EUROSTOXX,Energy,Oil & Gas Refining & Marketing,Finland,EUR,35.51,1.0,script-v2.0,1.0,2026-09-24T12:56:48.506857+02:00,46.0,50.4,100,7,0,12,33,pendiente_confirmacion,pendiente_confirmacion,,False,pass,pendiente,0,desconocido,Pendiente de implementar,confirmada,margin_stabilization (media): Margen gross 21.4% vs 19.4% (+2.0 pp) | eps_stabilization (media): EPS 0.99 vs 0.69 (Diluted EPS) | debt_reduction (alta): Deuda 4698.0M vs 5207.0M | dividend_maintained (baja): Dividendo actual 0.56% con caída del 0.9%,incompleto,pendiente_confirmacion,31.78,33.72,31.78 - 33.72,26.45,30.47,26.45 - 30.47,Pérdida del soporte en 33.72 | ROE negativo durante 2 trimestres consecutivos | Ampliación de capital dilutiva | Recorte de rating a bono basura,6-12,"Neste Corporation está un 0.9% por debajo de su máximo 52s. Fundamentalmente aceptable con ROE 19.4%, deuda neta/EBITDA 1.3x. Técnicamente 🟢 base_pattern_detected, 🟡 trendline_break. Clasificación: pendiente_confirmacion.","Neste Corporation está un 0.9% por debajo de su máximo 52s. Fundamentalmente aceptable con ROE 19.4%, deuda neta/EBITDA 1.3x. Técnicamente 🟢 base_pattern_detected, 🟡 trendline_break. Clasificación: pendiente_confirmacion.",🟢 base_pattern_detected | 🟡 trendline_break,0.56,11,20,False,10.1,0.56,1241251.0,3612999936.0,1.33,-9.8,gross,20.0,15.0,5.0,19.4,27282.0,17.9,3.23,11.27,0.9,1.2,34.2,67.4,False,False,2.5373,False,90.2,84.8,False,26.93,31.9,True,True,15,18,0.67,33.72,True
102,GALP.LS,GALP ENERGIA-NOM,EUROSTOXX,Energy,Oil & Gas Integrated,Portugal,EUR,22.83,1.0,script-v2.0,1.0,2026-09-24T12:56:46.721815+02:00,45.6,49.9,100,6,0,7,33,pendiente_confirmacion,pendiente_confirmacion,,False,pass,pendiente,0,desconocido,Pendiente de implementar,parcial,margin_stabilization (media): Margen gross 19.6% vs 15.6% (+4.0 pp) | eps_stabilization (media): EPS 1.05 vs -0.15 (Diluted EPS) | dividend_maintained (baja): Dividendo actual 2.98% con caída del 0.3%,incompleto,pendiente_confirmacion,20.69,20.73,20.69 - 20.73,18.53,19.47,18.53 - 19.47,Pérdida del soporte en 20.73 | ROE negativo durante 2 trimestres consecutivos | Ampliación de capital dilutiva | Recorte de rating a bono basura,6-12,"GALP ENERGIA-NOM está un 0.3% por debajo de su máximo 52s. Fundamentalmente aceptable con ROE 24.9%, deuda neta/EBITDA 0.7x. Técnicamente 🟢 base_pattern_detected, 🟡 trendline_break. Clasificación: pendiente_confirmacion.","GALP ENERGIA-NOM está un 0.3% por debajo de su máximo 52s. Fundamentalmente aceptable con ROE 24.9%, deuda neta/EBITDA 0.7x. Técnicamente 🟢 base_pattern_detected, 🟡 trendline_break. Clasificación: pendiente_confirmacion.",🟢 base_pattern_detected | 🟡 trendline_break,2.98,11,20,False,40.9,0.81,1509262.0,2267000064.0,0.68,5.4,gross,30.6,15.1,15.5,24.9,16506.0,14.6,3.48,5.87,0.3,0.3,23.2,71.3,False,False,1.059,False,96.3,91.5,False,18.69,22.1,True,True,15,18,0.92,20.73,True
103,JNJ,Johnson & Johnson,SP500,Healthcare,Drug Manufacturers - General,United States,USD,269.17,1.0,script-v2.0,1.0,2026-09-24T12:57:03.870743+02:00,45.5,46.7,100,0,0,12,42,pendiente_confirmacion,pendiente_confirmacion,,False,pass,pendiente,0,desconocido,Pendiente de implementar,confirmada,margin_stabilization (media): Margen gross 68.2% vs 66.3% (+1.9 pp) | eps_stabilization (media): EPS 2.27 vs 2.14 (Diluted EPS) | debt_reduction (alta): Deuda 49036.0M vs 54987.0M | dividend_maintained (baja): Dividendo actual 1.99% con caída del 4.2%,incompleto,pendiente_confirmacion,254.35,263.0,254.35 - 263.00,237.19,238.91,237.19 - 238.91,Pérdida del soporte en 254.35 | ROE negativo durante 2 trimestres consecutivos | Ampliación de capital dilutiva | Recorte de rating a bono basura,6-12,"Johnson & Johnson está un 4.2% por debajo de su máximo 52s. Fundamentalmente aceptable con ROE 25.7%, deuda neta/EBITDA 0.8x. Técnicamente 🟡 MACD convergiendo, 🟢 Volumen creciente. Clasificación: pendiente_confirmacion.","Johnson & Johnson está un 4.2% por debajo de su máximo 52s. Fundamentalmente aceptable con ROE 25.7%, deuda neta/EBITDA 0.8x. Técnicamente 🟡 MACD convergiendo, 🟢 Volumen creciente. Clasificación: pendiente_confirmacion.",🟡 MACD convergiendo | 🟢 Volumen creciente | 🟡 trendline_break,1.99,11,20,False,60.8,0.58,7312142.0,28278001664.0,0.81,-10.8,gross,68.1,67.9,0.2,25.7,648672.0,31.3,7.63,19.41,4.2,4.2,13.5,53.7,False,True,12.1418,False,41.6,43.5,False,240.07,12.1,False,True,36,6,1.41,254.35,True
104,0019.HK,SWIRE PACIFIC A,ASIA,Industrials,Conglomerates,Hong Kong,HKD,103.8,1.0,script-v2.0,1.0,2026-09-24T12:58:30.490222+02:00,45.3,48.5,81,20,0,6,36,pendiente_confirmacion,pendiente_confirmacion,,False,pass,pendiente,0,desconocido,Pendiente de implementar,parcial,debt_reduction (alta): Deuda 95141.0M vs 103840.0M | dividend_maintained (baja): Dividendo actual 3.85% con caída del 4.4%,incompleto,pendiente_confirmacion,98.81,99.93,98.81 - 99.93,82.98,92.31,82.98 - 92.31,Pérdida del soporte en 98.81 | ROE negativo durante 2 trimestres consecutivos | Ampliación de capital dilutiva | Recorte de rating a bono basura,6-12,"SWIRE PACIFIC A está un 4.4% por debajo de su máximo 52s. Fundamentalmente aceptable con ROE 3.2%, deuda neta/EBITDA 5.0x. Técnicamente 🟡 MACD convergiendo, 🟢 Cerca de soporte. Clasificación: pendiente_confirmacion.","SWIRE PACIFIC A está un 4.4% por debajo de su máximo 52s. Fundamentalmente aceptable con ROE 3.2%, deuda neta/EBITDA 5.0x. Técnicamente 🟡 MACD convergiendo, 🟢 Cerca de soporte. Clasificación: pendiente_confirmacion.",🟡 MACD convergiendo | 🟢 Cerca de soporte | 🟡 trendline_break,3.85,11,20,False,57.8,0.29,1078866.0,72894003200.0,4.95,-8.4,,36.1,,,3.2,376578.0,15.8,0.53,18.22,4.4,3.8,25.1,57.0,False,True,6.801,False,62.6,54.0,False,84.66,22.6,False,True,30,6,0.8,98.81,True
105,AIR.PA,AIRBUS SE,EUROSTOXX,Industrials,Aerospace & Defense,Netherlands,EUR,193.06,1.0,script-v2.0,1.0,2026-09-24T12:56:16.735025+02:00,44.5,44.7,90,5,0,7,44,pendiente_confirmacion,pendiente_confirmacion,,False,pass,pendiente,0,desconocido,Pendiente de implementar,parcial,margin_stabilization (media): Margen gross 18.4% vs 12.3% (+6.1 pp) | eps_stabilization (media): EPS 2.10 vs 0.74 (Diluted EPS) | dividend_maintained (baja): Dividendo actual 1.66% con caída del 12.8%,incompleto,pendiente_confirmacion,191.46,193.06,191.46 - 193.06,188.11,188.2,188.11 - 188.20,Pérdida del soporte en 191.46 | ROE negativo durante 2 trimestres consecutivos | Ampliación de capital dilutiva | Recorte de rating a bono basura,6-12,"AIRBUS SE está un 12.8% por debajo de su máximo 52s. Fundamentalmente aceptable con ROE 23.2%, deuda neta/EBITDA 0.1x. Técnicamente 🔵 RSI recuperándose de sobreventa, 🟢 Cerca de soporte. Clasificación: pendiente_confirmacion.","AIRBUS SE está un 12.8% por debajo de su máximo 52s. Fundamentalmente aceptable con ROE 23.2%, deuda neta/EBITDA 0.1x. Técnicamente 🔵 RSI recuperándose de sobreventa, 🟢 Cerca de soporte. Clasificación: pendiente_confirmacion.",🔵 RSI recuperándose de sobreventa | 🟢 Cerca de soporte | 🟡 Apoyo en MA40 semanal,1.66,9,5,False,42.6,0.55,968793.0,1146999808.0,0.13,30.4,gross,16.3,15.4,0.9,23.2,152803.0,25.7,5.91,17.28,12.8,11.1,2.6,38.5,False,False,4.4279,False,21.9,21.8,False,187.89,2.8,False,False,39,5,0.81,191.46,False
106,DB1.DE,DEUTSCHE BOERSE AG            N,EUROSTOXX,Financial Services,Financial Data & Stock Exchanges,Germany,EUR,284.0,1.0,script-v2.0,1.0,2026-09-24T12:56:12.542383+02:00,44.0,46.7,100,0,0,9,36,pendiente_confirmacion,pendiente_confirmacion,,False,pass,pendiente,0,desconocido,Pendiente de implementar,parcial,eps_stabilization (media): EPS 3.21 vs 2.68 (Diluted EPS) | debt_reduction (alta): Deuda 6187.0M vs 9583.0M | dividend_maintained (baja): Dividendo actual 1.48% con caída del 2.7%,incompleto,pendiente_confirmacion,273.24,274.58,273.24 - 274.58,244.66,248.03,244.66 - 248.03,Pérdida del soporte en 273.24 | ROE negativo durante 2 trimestres consecutivos | Ampliación de capital dilutiva | Recorte de rating a bono basura,6-12,"DEUTSCHE BOERSE AG            N está un 2.7% por debajo de su máximo 52s. Fundamentalmente aceptable con ROE 20.4%, deuda neta/EBITDA 1.3x. Técnicamente 🟡 MACD convergiendo, 🟢 Cerca de soporte. Clasificación: pendiente_confirmacion.","DEUTSCHE BOERSE AG            N está un 2.7% por debajo de su máximo 52s. Fundamentalmente aceptable con ROE 20.4%, deuda neta/EBITDA 1.3x. Técnicamente 🟡 MACD convergiendo, 🟢 Cerca de soporte. Clasificación: pendiente_confirmacion.",🟡 MACD convergiendo | 🟢 Cerca de soporte | 🟡 trendline_break,1.48,11,20,False,36.2,0.58,298906.0,4411999744.0,1.32,-35.4,gross,80.5,50.9,29.6,20.4,51202.0,24.5,4.94,16.64,2.7,2.7,16.1,57.3,False,True,11.6836,False,87.5,73.3,False,246.19,15.4,False,True,30,6,0.6,273.24,True
107,BNP.PA,BNP PARIBAS ACT.A,EUROSTOXX,Financial Services,Banks - Regional,France,EUR,97.02,1.0,script-v2.0,1.0,2026-09-24T12:56:18.154550+02:00,43.2,48.7,70,30,0,7,27,pendiente_confirmacion,pendiente_confirmacion,,True,pass,pendiente,0,desconocido,Pendiente de implementar,parcial,"eps_stabilization (media): EPS 3.96 vs 2.92 (Diluted EPS) | dividend_maintained (baja): Dividendo actual 5.98% con caída del 14.8% | analyst_upgrade (media): Target 118.96 vs precio 97.02 (+23%), recMean 1.74, recKey buy",incompleto,pendiente_confirmacion,96.58,97.02,96.58 - 97.02,90.04,96.75,90.04 - 96.75,Pérdida del soporte en 96.58 | ROE negativo durante 2 trimestres consecutivos | Ampliación de capital dilutiva | Recorte de rating a bono basura,6-12,"BNP PARIBAS ACT.A está un 14.8% por debajo de su máximo 52s. Fundamentalmente aceptable con ROE 10.5%, dividendo 6.0%. Técnicamente 🟢 Cerca de soporte. Clasificación: pendiente_confirmacion.","BNP PARIBAS ACT.A está un 14.8% por debajo de su máximo 52s. Fundamentalmente aceptable con ROE 10.5%, dividendo 6.0%. Técnicamente 🟢 Cerca de soporte. Clasificación: pendiente_confirmacion.",🟢 Cerca de soporte,5.98,10,6,False,44.6,,1748848.0,-395667046400.0,,140.4,,0.0,,,10.5,106334.0,8.4,0.89,,14.8,11.9,7.7,38.5,False,False,4.1698,False,25.5,21.2,False,90.43,7.3,False,False,27,0,0.72,96.58,True
108,GPC,Genuine Parts Company,SP500,Consumer Cyclical,Auto Parts,United States,USD,128.76,1.0,script-v2.0,1.0,2026-09-24T12:57:12.163156+02:00,43.1,43.2,64,25,0,12,43,pendiente_confirmacion,pendiente_confirmacion,,False,pass,pendiente,0,desconocido,Pendiente de implementar,confirmada,margin_stabilization (media): Margen gross 37.8% vs 37.3% (+0.5 pp) | eps_stabilization (media): EPS 1.65 vs 1.37 (Diluted EPS) | debt_reduction (alta): Deuda 6652.8M vs 6713.8M | dividend_maintained (baja): Dividendo actual 3.30% con caída del 15.0%,incompleto,pendiente_confirmacion,121.06,128.76,121.06 - 128.76,118.02,128.83,118.02 - 128.83,Pérdida del soporte en 121.06 | ROE negativo durante 2 trimestres consecutivos | Ampliación de capital dilutiva | Recorte de rating a bono basura,6-12,"Genuine Parts Company está un 15.0% por debajo de su máximo 52s. Fundamentalmente aceptable con ROE 0.7%, deuda neta/EBITDA 3.0x. Técnicamente 🟡 MACD convergiendo, 🟢 Volumen creciente. Clasificación: pendiente_confirmacion.","Genuine Parts Company está un 15.0% por debajo de su máximo 52s. Fundamentalmente aceptable con ROE 0.7%, deuda neta/EBITDA 3.0x. Técnicamente 🟡 MACD convergiendo, 🟢 Volumen creciente. Clasificación: pendiente_confirmacion.",🟡 MACD convergiendo | 🟢 Volumen creciente,3.3,11,20,False,1674.0,1.46,1484550.0,6093667136.0,2.97,-0.9,gross,37.6,36.9,0.7,0.7,17751.0,536.5,3.92,11.62,15.0,12.7,9.1,43.3,False,True,5.2141,False,21.1,9.2,False,118.39,8.8,False,False,43,0,1.41,121.06,True
109,FORTUM.HE,Fortum Corporation,EUROSTOXX,Utilities,Utilities - Renewable,Finland,EUR,23.65,1.0,script-v2.0,1.0,2026-09-24T12:56:47.293805+02:00,43.0,45.9,95,3,0,6,34,pendiente_confirmacion,pendiente_confirmacion,,False,pass,pendiente,0,desconocido,Pendiente de implementar,parcial,debt_reduction (alta): Deuda 3906.0M vs 3947.0M | dividend_maintained (baja): Dividendo actual 3.13% con caída del 8.5%,incompleto,pendiente_confirmacion,21.02,23.15,21.02 - 23.15,20.1,21.96,20.10 - 21.96,Pérdida del soporte en 23.15 | ROE negativo durante 2 trimestres consecutivos | Ampliación de capital dilutiva | Recorte de rating a bono basura,6-12,"Fortum Corporation está un 8.5% por debajo de su máximo 52s. Fundamentalmente aceptable con ROE 10.0%, deuda neta/EBITDA 1.4x. Técnicamente 🟢 Cerca de soporte, 🟢 base_pattern_detected. Clasificación: pendiente_confirmacion.","Fortum Corporation está un 8.5% por debajo de su máximo 52s. Fundamentalmente aceptable con ROE 10.0%, deuda neta/EBITDA 1.4x. Técnicamente 🟢 Cerca de soporte, 🟢 base_pattern_detected. Clasificación: pendiente_confirmacion.",🟢 Cerca de soporte | 🟢 base_pattern_detected | 🟡 trendline_break,3.13,11,20,False,80.4,0.47,1109371.0,1732999936.0,1.36,-1.0,gross,39.4,39.2,0.2,10.0,21220.0,25.7,2.61,18.2,8.5,8.5,17.7,60.4,False,False,0.9199,False,54.8,59.3,False,20.29,16.5,True,True,16,18,0.56,23.15,True
110,7267.T,HONDA MOTOR CO,ASIA,Consumer Cyclical,Auto Manufacturers,Japan,JPY,1733.0,1.0,script-v2.0,1.0,2026-09-24T12:58:19.344838+02:00,42.9,43.5,52,36,0,7,41,pendiente_confirmacion,pendiente_confirmacion,,True,pass,pendiente,0,desconocido,Pendiente de implementar,parcial,margin_stabilization (media): Margen gross 22.2% vs 6.4% (+15.8 pp) | eps_stabilization (media): EPS 115.84 vs 46.80 (Diluted EPS) | dividend_maintained (baja): Dividendo actual 4.04% con caída del 1.9%,incompleto,pendiente_confirmacion,1638.25,1644.94,1638.25 - 1644.94,1488.49,1501.52,1488.49 - 1501.52,Pérdida del soporte en 1638.25 | ROE negativo durante 2 trimestres consecutivos | Ampliación de capital dilutiva | Recorte de rating a bono basura,6-12,"HONDA MOTOR CO está un 1.9% por debajo de su máximo 52s. Fundamentalmente aceptable con ROE -0.8%, deuda neta/EBITDA 6.9x. Técnicamente 🟢 Cruce alcista MACD, 🟡 trendline_break. Clasificación: pendiente_confirmacion.","HONDA MOTOR CO está un 1.9% por debajo de su máximo 52s. Fundamentalmente aceptable con ROE -0.8%, deuda neta/EBITDA 6.9x. Técnicamente 🟢 Cruce alcista MACD, 🟡 trendline_break. Clasificación: pendiente_confirmacion.",🟢 Cruce alcista MACD | 🟡 trendline_break,4.04,11,20,False,55.3,1.14,16831060.0,8874140106752.0,6.92,225.1,gross,17.4,17.3,0.1,-0.8,6746598.0,7.6,0.55,12.26,1.9,1.9,16.4,59.0,True,False,76.1968,False,81.2,73.8,False,1494.49,16.0,False,True,35,6,1.2,1638.25,True
111,055550.KS,ShinhanGroup,ASIA,Financial Services,Banks - Regional,South Korea,KRW,109300.0,1.0,script-v2.0,1.0,2026-09-24T12:58:37.453373+02:00,41.5,45.3,72,22,0,7,30,pendiente_confirmacion,pendiente_confirmacion,,False,pass,pendiente,0,desconocido,Pendiente de implementar,parcial,"eps_stabilization (media): EPS 3750.00 vs 3327.00 (Diluted EPS) | dividend_maintained (baja): Dividendo actual 2.71% con caída del 6.2% | analyst_upgrade (media): Target 132894.73 vs precio 109300.00 (+22%), recMean 1.40, recKey strong_buy",incompleto,pendiente_confirmacion,102645.75,107202.46,102645.75 - 107202.46,94830.19,99025.0,94830.19 - 99025.00,Pérdida del soporte en 102645.75 | ROE negativo durante 2 trimestres consecutivos | Ampliación de capital dilutiva | Recorte de rating a bono basura,6-12,"ShinhanGroup está un 6.2% por debajo de su máximo 52s. Fundamentalmente aceptable con ROE 8.9%, dividendo 2.7%. Técnicamente 🟢 base_pattern_detected, 🟡 trendline_break. Clasificación: pendiente_confirmacion.","ShinhanGroup está un 6.2% por debajo de su máximo 52s. Fundamentalmente aceptable con ROE 8.9%, dividendo 2.7%. Técnicamente 🟢 base_pattern_detected, 🟡 trendline_break. Clasificación: pendiente_confirmacion.",🟢 base_pattern_detected | 🟡 trendline_break,2.71,11,18,False,25.3,,1204819.0,-70555508146176.0,,61.9,,0.0,,,8.9,51465473.0,7.9,,,6.2,6.2,15.3,48.4,False,False,5182.6628,False,5.3,39.0,False,97150.21,12.5,True,True,12,18,0.79,102645.75,True
